source,pokemon,category,type,name,usage
2017-09_gen2ou-0.json,Snorlax,Stats,Raw count,,7139
2017-09_gen2ou-0.json,Snorlax,Stats,Avg. weight,,1.0
2017-09_gen2ou-0.json,Snorlax,Stats,Viability Ceiling,,95
2017-09_gen2ou-0.json,Snorlax,Stats,Serious,,8.306
2017-09_gen2ou-0.json,Snorlax,Abilities,,Illuminate,100.0
2017-09_gen2ou-0.json,Snorlax,Items,,Leftovers,93.795
2017-09_gen2ou-0.json,Snorlax,Items,,Mint Berry,2.213
2017-09_gen2ou-0.json,Snorlax,Items,,Other,3.992
2017-09_gen2ou-0.json,Snorlax,Spreads,,Other,0.476
2017-09_gen2ou-0.json,Snorlax,Moves,,Rest,76.593
2017-09_gen2ou-0.json,Snorlax,Moves,,Curse,58.622
2017-09_gen2ou-0.json,Snorlax,Moves,,Earthquake,50.833
2017-09_gen2ou-0.json,Snorlax,Moves,,Body Slam,44.768
2017-09_gen2ou-0.json,Snorlax,Moves,,Double-Edge,42.373
2017-09_gen2ou-0.json,Snorlax,Moves,,Sleep Talk,21.684
2017-09_gen2ou-0.json,Snorlax,Moves,,Belly Drum,17.846
2017-09_gen2ou-0.json,Snorlax,Moves,,Fire Blast,17.397
2017-09_gen2ou-0.json,Snorlax,Moves,,Self-Destruct,15.815
2017-09_gen2ou-0.json,Snorlax,Moves,,Lovely Kiss,14.75
2017-09_gen2ou-0.json,Snorlax,Moves,,Return,8.138
2017-09_gen2ou-0.json,Snorlax,Moves,,Thunder,5.295
2017-09_gen2ou-0.json,Snorlax,Moves,,Flamethrower,4.917
2017-09_gen2ou-0.json,Snorlax,Moves,,Toxic,2.886
2017-09_gen2ou-0.json,Snorlax,Moves,,Other,18.084
2017-09_gen2ou-0.json,Cloyster,Stats,Raw count,,3766
2017-09_gen2ou-0.json,Cloyster,Stats,Avg. weight,,1.0
2017-09_gen2ou-0.json,Cloyster,Stats,Viability Ceiling,,95
2017-09_gen2ou-0.json,Cloyster,Stats,Serious,,98.407
2017-09_gen2ou-0.json,Cloyster,Abilities,,Illuminate,100.0
2017-09_gen2ou-0.json,Cloyster,Items,,Leftovers,95.645
2017-09_gen2ou-0.json,Cloyster,Items,,Other,4.355
2017-09_gen2ou-0.json,Cloyster,Spreads,,Other,1.593
2017-09_gen2ou-0.json,Cloyster,Moves,,Spikes,97.477
2017-09_gen2ou-0.json,Cloyster,Moves,,Surf,84.466
2017-09_gen2ou-0.json,Cloyster,Moves,,Explosion,78.917
2017-09_gen2ou-0.json,Cloyster,Moves,,Toxic,48.247
2017-09_gen2ou-0.json,Cloyster,Moves,,Ice Beam,40.786
2017-09_gen2ou-0.json,Cloyster,Moves,,Rapid Spin,17.419
2017-09_gen2ou-0.json,Cloyster,Moves,,Hidden Power Electric,11.551
2017-09_gen2ou-0.json,Cloyster,Moves,,Clamp,3.24
2017-09_gen2ou-0.json,Cloyster,Moves,,Other,17.897
2017-09_gen2ou-0.json,Zapdos,Stats,Raw count,,3292
2017-09_gen2ou-0.json,Zapdos,Stats,Avg. weight,,1.0
2017-09_gen2ou-0.json,Zapdos,Stats,Viability Ceiling,,95
2017-09_gen2ou-0.json,Zapdos,Stats,Serious,,17.345
2017-09_gen2ou-0.json,Zapdos,Abilities,,Illuminate,100.0
2017-09_gen2ou-0.json,Zapdos,Items,,Leftovers,93.894
2017-09_gen2ou-0.json,Zapdos,Items,,Magnet,3.827
2017-09_gen2ou-0.json,Zapdos,Items,,Other,2.278
2017-09_gen2ou-0.json,Zapdos,Spreads,,Other,0.152
2017-09_gen2ou-0.json,Zapdos,Moves,,Rest,85.146
2017-09_gen2ou-0.json,Zapdos,Moves,,Thunder,76.245
2017-09_gen2ou-0.json,Zapdos,Moves,,Sleep Talk,75.942
2017-09_gen2ou-0.json,Zapdos,Moves,,Hidden Power Ice,72.236
2017-09_gen2ou-0.json,Zapdos,Moves,,Thunderbolt,25.273
2017-09_gen2ou-0.json,Zapdos,Moves,,Drill Peck,18.712
2017-09_gen2ou-0.json,Zapdos,Moves,,Thunder Wave,12.06
2017-09_gen2ou-0.json,Zapdos,Moves,,Whirlwind,7.503
2017-09_gen2ou-0.json,Zapdos,Moves,,Hidden Power Water,4.739
2017-09_gen2ou-0.json,Zapdos,Moves,,Reflect,3.524
2017-09_gen2ou-0.json,Zapdos,Moves,,Other,18.621
2017-09_gen2ou-0.json,Tyranitar,Stats,Raw count,,2989
2017-09_gen2ou-0.json,Tyranitar,Stats,Avg. weight,,1.0
2017-09_gen2ou-0.json,Tyranitar,Stats,Viability Ceiling,,95
2017-09_gen2ou-0.json,Tyranitar,Stats,Serious,,5.855
2017-09_gen2ou-0.json,Tyranitar,Abilities,,Illuminate,100.0
2017-09_gen2ou-0.json,Tyranitar,Items,,Leftovers,83.54
2017-09_gen2ou-0.json,Tyranitar,Items,,Black Glasses,4.583
2017-09_gen2ou-0.json,Tyranitar,Items,,Nothing,2.308
2017-09_gen2ou-0.json,Tyranitar,Items,,Hard Stone,2.208
2017-09_gen2ou-0.json,Tyranitar,Items,,Berserk Gene,1.539
2017-09_gen2ou-0.json,Tyranitar,Items,,Miracle Berry,1.071
2017-09_gen2ou-0.json,Tyranitar,Items,,Other,4.751
2017-09_gen2ou-0.json,Tyranitar,Spreads,,Other,0.803
2017-09_gen2ou-0.json,Tyranitar,Moves,,Rock Slide,79.257
2017-09_gen2ou-0.json,Tyranitar,Moves,,Earthquake,54.433
2017-09_gen2ou-0.json,Tyranitar,Moves,,Pursuit,40.816
2017-09_gen2ou-0.json,Tyranitar,Moves,,Fire Blast,38.474
2017-09_gen2ou-0.json,Tyranitar,Moves,,Crunch,38.173
2017-09_gen2ou-0.json,Tyranitar,Moves,,Roar,31.616
2017-09_gen2ou-0.json,Tyranitar,Moves,,Dynamic Punch,19.438
2017-09_gen2ou-0.json,Tyranitar,Moves,,Curse,14.553
2017-09_gen2ou-0.json,Tyranitar,Moves,,Ancient Power,13.985
2017-09_gen2ou-0.json,Tyranitar,Moves,,Rest,10.338
2017-09_gen2ou-0.json,Tyranitar,Moves,,Flamethrower,8.197
2017-09_gen2ou-0.json,Tyranitar,Moves,,Ice Beam,7.896
2017-09_gen2ou-0.json,Tyranitar,Moves,,Hidden Power Fighting,7.762
2017-09_gen2ou-0.json,Tyranitar,Moves,,Thunderbolt,5.888
2017-09_gen2ou-0.json,Tyranitar,Moves,,Outrage,3.446
2017-09_gen2ou-0.json,Tyranitar,Moves,,Toxic,3.245
2017-09_gen2ou-0.json,Tyranitar,Moves,,Surf,3.145
2017-09_gen2ou-0.json,Tyranitar,Moves,,Other,19.338
2017-09_gen2ou-0.json,Gengar,Stats,Raw count,,2906
2017-09_gen2ou-0.json,Gengar,Stats,Avg. weight,,1.0
2017-09_gen2ou-0.json,Gengar,Stats,Viability Ceiling,,94
2017-09_gen2ou-0.json,Gengar,Stats,Serious,,12.423
2017-09_gen2ou-0.json,Gengar,Abilities,,Illuminate,100.0
2017-09_gen2ou-0.json,Gengar,Items,,Leftovers,74.088
2017-09_gen2ou-0.json,Gengar,Items,,Nothing,8.5
2017-09_gen2ou-0.json,Gengar,Items,,Miracle Berry,3.992
2017-09_gen2ou-0.json,Gengar,Items,,Spell Tag,3.785
2017-09_gen2ou-0.json,Gengar,Items,,BrightPowder,1.308
2017-09_gen2ou-0.json,Gengar,Items,,Focus Band,1.101
2017-09_gen2ou-0.json,Gengar,Items,,Gold Berry,0.895
2017-09_gen2ou-0.json,Gengar,Items,,PRZ Cure Berry,0.895
2017-09_gen2ou-0.json,Gengar,Items,,Twisted Spoon,0.826
2017-09_gen2ou-0.json,Gengar,Items,,Other,4.611
2017-09_gen2ou-0.json,Gengar,Spreads,,Other,2.065
2017-09_gen2ou-0.json,Gengar,Moves,,Thunderbolt,46.662
2017-09_gen2ou-0.json,Gengar,Moves,,Ice Punch,43.359
2017-09_gen2ou-0.json,Gengar,Moves,,Explosion,38.162
2017-09_gen2ou-0.json,Gengar,Moves,,Destiny Bond,37.749
2017-09_gen2ou-0.json,Gengar,Moves,,Hypnosis,36.27
2017-09_gen2ou-0.json,Gengar,Moves,,Thunder,28.665
2017-09_gen2ou-0.json,Gengar,Moves,,Perish Song,26.6
2017-09_gen2ou-0.json,Gengar,Moves,,Mean Look,24.054
2017-09_gen2ou-0.json,Gengar,Moves,,Psychic,20.922
2017-09_gen2ou-0.json,Gengar,Moves,,Fire Punch,18.307
2017-09_gen2ou-0.json,Gengar,Moves,,Dynamic Punch,14.659
2017-09_gen2ou-0.json,Gengar,Moves,,Shadow Ball,13.352
2017-09_gen2ou-0.json,Gengar,Moves,,Confuse Ray,7.158
2017-09_gen2ou-0.json,Gengar,Moves,,Giga Drain,6.813
2017-09_gen2ou-0.json,Gengar,Moves,,Protect,6.125
2017-09_gen2ou-0.json,Gengar,Moves,,Toxic,5.196
2017-09_gen2ou-0.json,Gengar,Moves,,Dream Eater,4.955
2017-09_gen2ou-0.json,Gengar,Moves,,Thief,3.957
2017-09_gen2ou-0.json,Gengar,Moves,,Other,17.034
2017-09_gen2ou-0.json,Exeggutor,Stats,Raw count,,2811
2017-09_gen2ou-0.json,Exeggutor,Stats,Avg. weight,,1.0
2017-09_gen2ou-0.json,Exeggutor,Stats,Viability Ceiling,,95
2017-09_gen2ou-0.json,Exeggutor,Stats,Serious,,96.158
2017-09_gen2ou-0.json,Exeggutor,Abilities,,Illuminate,100.0
2017-09_gen2ou-0.json,Exeggutor,Items,,Leftovers,91.427
2017-09_gen2ou-0.json,Exeggutor,Items,,Nothing,2.668
2017-09_gen2ou-0.json,Exeggutor,Items,,Miracle Seed,1.53
2017-09_gen2ou-0.json,Exeggutor,Items,,Other,4.376
2017-09_gen2ou-0.json,Exeggutor,Spreads,,Other,3.842
2017-09_gen2ou-0.json,Exeggutor,Moves,,Psychic,90.679
2017-09_gen2ou-0.json,Exeggutor,Moves,,Explosion,83.529
2017-09_gen2ou-0.json,Exeggutor,Moves,,Sleep Powder,54.536
2017-09_gen2ou-0.json,Exeggutor,Moves,,Giga Drain,54.322
2017-09_gen2ou-0.json,Exeggutor,Moves,,Stun Spore,42.085
2017-09_gen2ou-0.json,Exeggutor,Moves,,Hidden Power Fire,26.254
2017-09_gen2ou-0.json,Exeggutor,Moves,,Leech Seed,24.475
2017-09_gen2ou-0.json,Exeggutor,Moves,,Substitute,4.055
2017-09_gen2ou-0.json,Exeggutor,Moves,,Toxic,3.415
2017-09_gen2ou-0.json,Exeggutor,Moves,,Other,16.649
2017-09_gen2ou-0.json,Raikou,Stats,Raw count,,2780
2017-09_gen2ou-0.json,Raikou,Stats,Avg. weight,,1.0
2017-09_gen2ou-0.json,Raikou,Stats,Viability Ceiling,,94
2017-09_gen2ou-0.json,Raikou,Stats,Serious,,5.180
2017-09_gen2ou-0.json,Raikou,Abilities,,Illuminate,100.0
2017-09_gen2ou-0.json,Raikou,Items,,Leftovers,89.532
2017-09_gen2ou-0.json,Raikou,Items,,Magnet,5.863
2017-09_gen2ou-0.json,Raikou,Items,,Other,4.604
2017-09_gen2ou-0.json,Raikou,Spreads,,Other,1.763
2017-09_gen2ou-0.json,Raikou,Moves,,Rest,75.755
2017-09_gen2ou-0.json,Raikou,Moves,,Thunderbolt,55.252
2017-09_gen2ou-0.json,Raikou,Moves,,Roar,55.072
2017-09_gen2ou-0.json,Raikou,Moves,,Hidden Power Ice,53.597
2017-09_gen2ou-0.json,Raikou,Moves,,Thunder,47.086
2017-09_gen2ou-0.json,Raikou,Moves,,Sleep Talk,29.137
2017-09_gen2ou-0.json,Raikou,Moves,,Crunch,26.475
2017-09_gen2ou-0.json,Raikou,Moves,,Reflect,22.194
2017-09_gen2ou-0.json,Raikou,Moves,,Toxic,9.46
2017-09_gen2ou-0.json,Raikou,Moves,,Hidden Power Water,8.165
2017-09_gen2ou-0.json,Raikou,Moves,,Other,17.806
2017-09_gen2ou-0.json,Skarmory,Stats,Raw count,,2416
2017-09_gen2ou-0.json,Skarmory,Stats,Avg. weight,,1.0
2017-09_gen2ou-0.json,Skarmory,Stats,Viability Ceiling,,94
2017-09_gen2ou-0.json,Skarmory,Stats,Serious,,8.320
2017-09_gen2ou-0.json,Skarmory,Abilities,,Illuminate,100.0
2017-09_gen2ou-0.json,Skarmory,Items,,Leftovers,82.988
2017-09_gen2ou-0.json,Skarmory,Items,,Nothing,8.816
2017-09_gen2ou-0.json,Skarmory,Items,,Miracle Berry,2.608
2017-09_gen2ou-0.json,Skarmory,Items,,BrightPowder,1.2
2017-09_gen2ou-0.json,Skarmory,Items,,Other,4.387
2017-09_gen2ou-0.json,Skarmory,Spreads,,Other,0.911
2017-09_gen2ou-0.json,Skarmory,Moves,,Drill Peck,94.536
2017-09_gen2ou-0.json,Skarmory,Moves,,Whirlwind,90.149
2017-09_gen2ou-0.json,Skarmory,Moves,,Rest,76.531
2017-09_gen2ou-0.json,Skarmory,Moves,,Curse,50.041
2017-09_gen2ou-0.json,Skarmory,Moves,,Toxic,41.929
2017-09_gen2ou-0.json,Skarmory,Moves,,Thief,11.424
2017-09_gen2ou-0.json,Skarmory,Moves,,Steel Wing,9.478
2017-09_gen2ou-0.json,Skarmory,Moves,,Protect,5.339
2017-09_gen2ou-0.json,Skarmory,Moves,,Sleep Talk,3.518
2017-09_gen2ou-0.json,Skarmory,Moves,,Other,17.053
2017-09_gen2ou-0.json,Forretress,Stats,Raw count,,2195
2017-09_gen2ou-0.json,Forretress,Stats,Avg. weight,,1.0
2017-09_gen2ou-0.json,Forretress,Stats,Viability Ceiling,,95
2017-09_gen2ou-0.json,Forretress,Stats,Serious,,5.011
2017-09_gen2ou-0.json,Forretress,Abilities,,Illuminate,100.0
2017-09_gen2ou-0.json,Forretress,Items,,Leftovers,91.754
2017-09_gen2ou-0.json,Forretress,Items,,Miracle Berry,3.235
2017-09_gen2ou-0.json,Forretress,Items,,Quick Claw,1.321
2017-09_gen2ou-0.json,Forretress,Items,,Other,3.69
2017-09_gen2ou-0.json,Forretress,Spreads,,Other,4.556
2017-09_gen2ou-0.json,Forretress,Moves,,Spikes,97.904
2017-09_gen2ou-0.json,Forretress,Moves,,Rapid Spin,70.569
2017-09_gen2ou-0.json,Forretress,Moves,,Explosion,62.961
2017-09_gen2ou-0.json,Forretress,Moves,,Toxic,59.089
2017-09_gen2ou-0.json,Forretress,Moves,,Hidden Power Bug,43.007
2017-09_gen2ou-0.json,Forretress,Moves,,Giga Drain,12.528
2017-09_gen2ou-0.json,Forretress,Moves,,Hidden Power Fire,9.567
2017-09_gen2ou-0.json,Forretress,Moves,,Reflect,9.066
2017-09_gen2ou-0.json,Forretress,Moves,,Protect,6.014
2017-09_gen2ou-0.json,Forretress,Moves,,Double-Edge,4.556
2017-09_gen2ou-0.json,Forretress,Moves,,Hidden Power Ghost,4.374
2017-09_gen2ou-0.json,Forretress,Moves,,Rest,4.009
2017-09_gen2ou-0.json,Forretress,Moves,,Other,16.355
2017-09_gen2ou-0.json,Blissey,Stats,Raw count,,2168
2017-09_gen2ou-0.json,Blissey,Stats,Avg. weight,,1.0
2017-09_gen2ou-0.json,Blissey,Stats,Viability Ceiling,,87
2017-09_gen2ou-0.json,Blissey,Stats,Serious,,6.734
2017-09_gen2ou-0.json,Blissey,Abilities,,Illuminate,100.0
2017-09_gen2ou-0.json,Blissey,Items,,Leftovers,91.236
2017-09_gen2ou-0.json,Blissey,Items,,Focus Band,3.69
2017-09_gen2ou-0.json,Blissey,Items,,Miracle Berry,1.384
2017-09_gen2ou-0.json,Blissey,Items,,Other,3.69
2017-09_gen2ou-0.json,Blissey,Spreads,,Other,4.982
2017-09_gen2ou-0.json,Blissey,Moves,,Soft-Boiled,92.989
2017-09_gen2ou-0.json,Blissey,Moves,,Heal Bell,66.605
2017-09_gen2ou-0.json,Blissey,Moves,,Toxic,54.382
2017-09_gen2ou-0.json,Blissey,Moves,,Ice Beam,34.271
2017-09_gen2ou-0.json,Blissey,Moves,,Light Screen,24.354
2017-09_gen2ou-0.json,Blissey,Moves,,Flamethrower,20.341
2017-09_gen2ou-0.json,Blissey,Moves,,Thunder,11.116
2017-09_gen2ou-0.json,Blissey,Moves,,Fire Blast,8.994
2017-09_gen2ou-0.json,Blissey,Moves,,Seismic Toss,8.81
2017-09_gen2ou-0.json,Blissey,Moves,,Reflect,8.81
2017-09_gen2ou-0.json,Blissey,Moves,,Psychic,7.98
2017-09_gen2ou-0.json,Blissey,Moves,,Thunderbolt,7.472
2017-09_gen2ou-0.json,Blissey,Moves,,Sing,6.504
2017-09_gen2ou-0.json,Blissey,Moves,,Counter,6.089
2017-09_gen2ou-0.json,Blissey,Moves,,Thunder Wave,5.304
2017-09_gen2ou-0.json,Blissey,Moves,,Rest,4.751
2017-09_gen2ou-0.json,Blissey,Moves,,Protect,4.244
2017-09_gen2ou-0.json,Blissey,Moves,,Growl,3.782
2017-09_gen2ou-0.json,Blissey,Moves,,Blizzard,3.183
2017-09_gen2ou-0.json,Blissey,Moves,,Body Slam,3.09
2017-09_gen2ou-0.json,Blissey,Moves,,Other,16.928
2017-09_gen2ou-0.json,Machamp,Stats,Raw count,,2141
2017-09_gen2ou-0.json,Machamp,Stats,Avg. weight,,1.0
2017-09_gen2ou-0.json,Machamp,Stats,Viability Ceiling,,95
2017-09_gen2ou-0.json,Machamp,Stats,Serious,,5.371
2017-09_gen2ou-0.json,Machamp,Abilities,,Illuminate,100.0
2017-09_gen2ou-0.json,Machamp,Items,,Leftovers,75.058
2017-09_gen2ou-0.json,Machamp,Items,,Black Belt,11.116
2017-09_gen2ou-0.json,Machamp,Items,,BrightPowder,3.456
2017-09_gen2ou-0.json,Machamp,Items,,Scope Lens,3.316
2017-09_gen2ou-0.json,Machamp,Items,,Berserk Gene,1.635
2017-09_gen2ou-0.json,Machamp,Items,,Quick Claw,1.121
2017-09_gen2ou-0.json,Machamp,Items,,Other,4.297
2017-09_gen2ou-0.json,Machamp,Spreads,,Other,0.374
2017-09_gen2ou-0.json,Machamp,Moves,,Cross Chop,97.057
2017-09_gen2ou-0.json,Machamp,Moves,,Rock Slide,66.698
2017-09_gen2ou-0.json,Machamp,Moves,,Earthquake,54.461
2017-09_gen2ou-0.json,Machamp,Moves,,Fire Blast,37.412
2017-09_gen2ou-0.json,Machamp,Moves,,Curse,36.245
2017-09_gen2ou-0.json,Machamp,Moves,,Rest,19.197
2017-09_gen2ou-0.json,Machamp,Moves,,Hidden Power Bug,14.9
2017-09_gen2ou-0.json,Machamp,Moves,,Sleep Talk,10.929
2017-09_gen2ou-0.json,Machamp,Moves,,Body Slam,8.407
2017-09_gen2ou-0.json,Machamp,Moves,,Hidden Power Ghost,7.987
2017-09_gen2ou-0.json,Machamp,Moves,,Thunder Punch,5.325
2017-09_gen2ou-0.json,Machamp,Moves,,Flamethrower,4.764
2017-09_gen2ou-0.json,Machamp,Moves,,Vital Throw,3.456
2017-09_gen2ou-0.json,Machamp,Moves,,Low Kick,2.989
2017-09_gen2ou-0.json,Machamp,Moves,,Ice Punch,2.989
2017-09_gen2ou-0.json,Machamp,Moves,,Double-Edge,2.989
2017-09_gen2ou-0.json,Machamp,Moves,,Seismic Toss,2.382
2017-09_gen2ou-0.json,Machamp,Moves,,Detect,2.149
2017-09_gen2ou-0.json,Machamp,Moves,,Other,19.664
2017-09_gen2ou-0.json,Nidoking,Stats,Raw count,,1848
2017-09_gen2ou-0.json,Nidoking,Stats,Avg. weight,,1.0
2017-09_gen2ou-0.json,Nidoking,Stats,Viability Ceiling,,95
2017-09_gen2ou-0.json,Nidoking,Stats,Serious,,97.511
2017-09_gen2ou-0.json,Nidoking,Abilities,,Illuminate,100.0
2017-09_gen2ou-0.json,Nidoking,Items,,Leftovers,80.195
2017-09_gen2ou-0.json,Nidoking,Items,,Nothing,8.333
2017-09_gen2ou-0.json,Nidoking,Items,,Magnet,2.273
2017-09_gen2ou-0.json,Nidoking,Items,,Miracle Berry,2.219
2017-09_gen2ou-0.json,Nidoking,Items,,Soft Sand,1.353
2017-09_gen2ou-0.json,Nidoking,Items,,King's Rock,0.866
2017-09_gen2ou-0.json,Nidoking,Items,,Other,4.762
2017-09_gen2ou-0.json,Nidoking,Spreads,,Other,2.489
2017-09_gen2ou-0.json,Nidoking,Moves,,Earthquake,97.998
2017-09_gen2ou-0.json,Nidoking,Moves,,Ice Beam,77.165
2017-09_gen2ou-0.json,Nidoking,Moves,,Lovely Kiss,73.214
2017-09_gen2ou-0.json,Nidoking,Moves,,Thunder,57.792
2017-09_gen2ou-0.json,Nidoking,Moves,,Thunderbolt,16.18
2017-09_gen2ou-0.json,Nidoking,Moves,,Fire Blast,12.5
2017-09_gen2ou-0.json,Nidoking,Moves,,Roar,11.472
2017-09_gen2ou-0.json,Nidoking,Moves,,Thief,7.143
2017-09_gen2ou-0.json,Nidoking,Moves,,Flamethrower,6.548
2017-09_gen2ou-0.json,Nidoking,Moves,,Surf,5.682
2017-09_gen2ou-0.json,Nidoking,Moves,,Shadow Ball,3.734
2017-09_gen2ou-0.json,Nidoking,Moves,,Body Slam,3.626
2017-09_gen2ou-0.json,Nidoking,Moves,,Toxic,3.03
2017-09_gen2ou-0.json,Nidoking,Moves,,Blizzard,2.652
2017-09_gen2ou-0.json,Nidoking,Moves,,Rest,2.597
2017-09_gen2ou-0.json,Nidoking,Moves,,Other,18.669
2017-09_gen2ou-0.json,Marowak,Stats,Raw count,,1763
2017-09_gen2ou-0.json,Marowak,Stats,Avg. weight,,1.0
2017-09_gen2ou-0.json,Marowak,Stats,Viability Ceiling,,92
2017-09_gen2ou-0.json,Marowak,Stats,Serious,,1.758
2017-09_gen2ou-0.json,Marowak,Abilities,,Illuminate,100.0
2017-09_gen2ou-0.json,Marowak,Items,,Thick Club,93.023
2017-09_gen2ou-0.json,Marowak,Items,,Leftovers,5.162
2017-09_gen2ou-0.json,Marowak,Items,,Other,1.815
2017-09_gen2ou-0.json,Marowak,Spreads,,Other,3.29
2017-09_gen2ou-0.json,Marowak,Moves,,Earthquake,92.229
2017-09_gen2ou-0.json,Marowak,Moves,,Swords Dance,87.748
2017-09_gen2ou-0.json,Marowak,Moves,,Rock Slide,84.742
2017-09_gen2ou-0.json,Marowak,Moves,,Hidden Power Bug,37.039
2017-09_gen2ou-0.json,Marowak,Moves,,Rest,25.014
2017-09_gen2ou-0.json,Marowak,Moves,,Bonemerang,11.571
2017-09_gen2ou-0.json,Marowak,Moves,,Blizzard,7.828
2017-09_gen2ou-0.json,Marowak,Moves,,Ancient Power,7.714
2017-09_gen2ou-0.json,Marowak,Moves,,Hidden Power Fighting,5.445
2017-09_gen2ou-0.json,Marowak,Moves,,Body Slam,4.197
2017-09_gen2ou-0.json,Marowak,Moves,,Fire Blast,3.971
2017-09_gen2ou-0.json,Marowak,Moves,,Return,2.893
2017-09_gen2ou-0.json,Marowak,Moves,,Hidden Power Flying,2.552
2017-09_gen2ou-0.json,Marowak,Moves,,Double-Edge,2.042
2017-09_gen2ou-0.json,Marowak,Moves,,Dynamic Punch,1.872
2017-09_gen2ou-0.json,Marowak,Moves,,Fire Punch,1.645
2017-09_gen2ou-0.json,Marowak,Moves,,Hidden Power Ghost,1.531
2017-09_gen2ou-0.json,Marowak,Moves,,Other,19.966
2017-09_gen2ou-0.json,Steelix,Stats,Raw count,,1723
2017-09_gen2ou-0.json,Steelix,Stats,Avg. weight,,1.0
2017-09_gen2ou-0.json,Steelix,Stats,Viability Ceiling,,94
2017-09_gen2ou-0.json,Steelix,Stats,Serious,,10.041
2017-09_gen2ou-0.json,Steelix,Abilities,,Illuminate,100.0
2017-09_gen2ou-0.json,Steelix,Items,,Leftovers,88.392
2017-09_gen2ou-0.json,Steelix,Items,,Metal Coat,3.018
2017-09_gen2ou-0.json,Steelix,Items,,Gold Berry,1.219
2017-09_gen2ou-0.json,Steelix,Items,,Quick Claw,1.161
2017-09_gen2ou-0.json,Steelix,Items,,Soft Sand,0.987
2017-09_gen2ou-0.json,Steelix,Items,,Hard Stone,0.871
2017-09_gen2ou-0.json,Steelix,Items,,Other,4.353
2017-09_gen2ou-0.json,Steelix,Spreads,,Other,0.406
2017-09_gen2ou-0.json,Steelix,Moves,,Earthquake,96.286
2017-09_gen2ou-0.json,Steelix,Moves,,Roar,72.142
2017-09_gen2ou-0.json,Steelix,Moves,,Explosion,69.066
2017-09_gen2ou-0.json,Steelix,Moves,,Curse,69.008
2017-09_gen2ou-0.json,Steelix,Moves,,Rock Slide,26.814
2017-09_gen2ou-0.json,Steelix,Moves,,Body Slam,12.536
2017-09_gen2ou-0.json,Steelix,Moves,,Iron Tail,9.17
2017-09_gen2ou-0.json,Steelix,Moves,,Rest,7.603
2017-09_gen2ou-0.json,Steelix,Moves,,Toxic,7.429
2017-09_gen2ou-0.json,Steelix,Moves,,Crunch,6.21
2017-09_gen2ou-0.json,Steelix,Moves,,Sleep Talk,3.54
2017-09_gen2ou-0.json,Steelix,Moves,,Hidden Power Steel,3.25
2017-09_gen2ou-0.json,Steelix,Moves,,Other,16.947
2017-09_gen2ou-0.json,Heracross,Stats,Raw count,,1668
2017-09_gen2ou-0.json,Heracross,Stats,Avg. weight,,1.0
2017-09_gen2ou-0.json,Heracross,Stats,Viability Ceiling,,94
2017-09_gen2ou-0.json,Heracross,Stats,Serious,,10.851
2017-09_gen2ou-0.json,Heracross,Abilities,,Illuminate,100.0
2017-09_gen2ou-0.json,Heracross,Items,,Leftovers,65.408
2017-09_gen2ou-0.json,Heracross,Items,,Black Belt,9.293
2017-09_gen2ou-0.json,Heracross,Items,,Miracle Berry,5.576
2017-09_gen2ou-0.json,Heracross,Items,,SilverPowder,4.976
2017-09_gen2ou-0.json,Heracross,Items,,Focus Band,3.297
2017-09_gen2ou-0.json,Heracross,Items,,Berserk Gene,3.177
2017-09_gen2ou-0.json,Heracross,Items,,Nothing,2.398
2017-09_gen2ou-0.json,Heracross,Items,,BrightPowder,1.199
2017-09_gen2ou-0.json,Heracross,Items,,Other,4.676
2017-09_gen2ou-0.json,Heracross,Spreads,,Other,0.779
2017-09_gen2ou-0.json,Heracross,Moves,,Megahorn,97.782
2017-09_gen2ou-0.json,Heracross,Moves,,Earthquake,72.782
2017-09_gen2ou-0.json,Heracross,Moves,,Rest,47.902
2017-09_gen2ou-0.json,Heracross,Moves,,Sleep Talk,42.266
2017-09_gen2ou-0.json,Heracross,Moves,,Hidden Power Fighting,23.141
2017-09_gen2ou-0.json,Heracross,Moves,,Seismic Toss,22.302
2017-09_gen2ou-0.json,Heracross,Moves,,Curse,16.187
2017-09_gen2ou-0.json,Heracross,Moves,,Reversal,13.309
2017-09_gen2ou-0.json,Heracross,Moves,,Counter,11.031
2017-09_gen2ou-0.json,Heracross,Moves,,Return,8.693
2017-09_gen2ou-0.json,Heracross,Moves,,Toxic,8.453
2017-09_gen2ou-0.json,Heracross,Moves,,Detect,5.036
2017-09_gen2ou-0.json,Heracross,Moves,,Endure,4.976
2017-09_gen2ou-0.json,Heracross,Moves,,Protect,4.257
2017-09_gen2ou-0.json,Heracross,Moves,,Hidden Power Rock,2.698
2017-09_gen2ou-0.json,Heracross,Moves,,Other,19.185
2017-09_gen2ou-0.json,Umbreon,Stats,Raw count,,1656
2017-09_gen2ou-0.json,Umbreon,Stats,Avg. weight,,1.0
2017-09_gen2ou-0.json,Umbreon,Stats,Viability Ceiling,,93
2017-09_gen2ou-0.json,Umbreon,Stats,Serious,,3.684
2017-09_gen2ou-0.json,Umbreon,Abilities,,Illuminate,100.0
2017-09_gen2ou-0.json,Umbreon,Items,,Leftovers,87.379
2017-09_gen2ou-0.json,Umbreon,Items,,Black Glasses,5.133
2017-09_gen2ou-0.json,Umbreon,Items,,Miracle Berry,1.751
2017-09_gen2ou-0.json,Umbreon,Items,,King's Rock,1.57
2017-09_gen2ou-0.json,Umbreon,Items,,Other,4.167
2017-09_gen2ou-0.json,Umbreon,Spreads,,Other,2.778
2017-09_gen2ou-0.json,Umbreon,Moves,,Baton Pass,47.101
2017-09_gen2ou-0.json,Umbreon,Moves,,Mean Look,46.981
2017-09_gen2ou-0.json,Umbreon,Moves,,Moonlight,43.659
2017-09_gen2ou-0.json,Umbreon,Moves,,Toxic,43.599
2017-09_gen2ou-0.json,Umbreon,Moves,,Charm,41.123
2017-09_gen2ou-0.json,Umbreon,Moves,,Rest,36.171
2017-09_gen2ou-0.json,Umbreon,Moves,,Pursuit,28.08
2017-09_gen2ou-0.json,Umbreon,Moves,,Shadow Ball,16.486
2017-09_gen2ou-0.json,Umbreon,Moves,,Psychic,11.957
2017-09_gen2ou-0.json,Umbreon,Moves,,Confuse Ray,10.87
2017-09_gen2ou-0.json,Umbreon,Moves,,Curse,7.79
2017-09_gen2ou-0.json,Umbreon,Moves,,Bite,6.944
2017-09_gen2ou-0.json,Umbreon,Moves,,Growth,5.012
2017-09_gen2ou-0.json,Umbreon,Moves,,Feint Attack,4.891
2017-09_gen2ou-0.json,Umbreon,Moves,,Body Slam,4.771
2017-09_gen2ou-0.json,Umbreon,Moves,,Sleep Talk,4.65
2017-09_gen2ou-0.json,Umbreon,Moves,,Zap Cannon,4.529
2017-09_gen2ou-0.json,Umbreon,Moves,,Protect,3.744
2017-09_gen2ou-0.json,Umbreon,Moves,,Hidden Power Dark,3.563
2017-09_gen2ou-0.json,Umbreon,Moves,,Quick Attack,3.261
2017-09_gen2ou-0.json,Umbreon,Moves,,Substitute,2.838
2017-09_gen2ou-0.json,Umbreon,Moves,,Detect,1.812
2017-09_gen2ou-0.json,Umbreon,Moves,,Frustration,1.63
2017-09_gen2ou-0.json,Umbreon,Moves,,Other,18.539
2017-09_gen2ou-0.json,Starmie,Stats,Raw count,,1650
2017-09_gen2ou-0.json,Starmie,Stats,Avg. weight,,1.0
2017-09_gen2ou-0.json,Starmie,Stats,Viability Ceiling,,94
2017-09_gen2ou-0.json,Starmie,Stats,Serious,,14.727
2017-09_gen2ou-0.json,Starmie,Abilities,,Illuminate,100.0
2017-09_gen2ou-0.json,Starmie,Items,,Leftovers,87.152
2017-09_gen2ou-0.json,Starmie,Items,,Miracle Berry,4.667
2017-09_gen2ou-0.json,Starmie,Items,,Mystic Water,3.03
2017-09_gen2ou-0.json,Starmie,Items,,Scope Lens,1.212
2017-09_gen2ou-0.json,Starmie,Items,,Other,3.939
2017-09_gen2ou-0.json,Starmie,Spreads,,Other,0.364
2017-09_gen2ou-0.json,Starmie,Moves,,Recover,76.485
2017-09_gen2ou-0.json,Starmie,Moves,,Surf,73.515
2017-09_gen2ou-0.json,Starmie,Moves,,Psychic,54.364
2017-09_gen2ou-0.json,Starmie,Moves,,Rapid Spin,48.848
2017-09_gen2ou-0.json,Starmie,Moves,,Thunder Wave,31.697
2017-09_gen2ou-0.json,Starmie,Moves,,Thunderbolt,31.636
2017-09_gen2ou-0.json,Starmie,Moves,,Ice Beam,25.152
2017-09_gen2ou-0.json,Starmie,Moves,,Hydro Pump,12.909
2017-09_gen2ou-0.json,Starmie,Moves,,Blizzard,9.394
2017-09_gen2ou-0.json,Starmie,Moves,,Thunder,6.848
2017-09_gen2ou-0.json,Starmie,Moves,,Reflect,6.545
2017-09_gen2ou-0.json,Starmie,Moves,,Confuse Ray,3.636
2017-09_gen2ou-0.json,Starmie,Moves,,Other,18.97
2017-09_gen2ou-0.json,Dragonite,Stats,Raw count,,1599
2017-09_gen2ou-0.json,Dragonite,Stats,Avg. weight,,1.0
2017-09_gen2ou-0.json,Dragonite,Stats,Viability Ceiling,,89
2017-09_gen2ou-0.json,Dragonite,Stats,Serious,,95.122
2017-09_gen2ou-0.json,Dragonite,Abilities,,Illuminate,100.0
2017-09_gen2ou-0.json,Dragonite,Items,,Leftovers,73.171
2017-09_gen2ou-0.json,Dragonite,Items,,Dragon Scale,9.006
2017-09_gen2ou-0.json,Dragonite,Items,,Nothing,4.315
2017-09_gen2ou-0.json,Dragonite,Items,,Miracle Berry,4.253
2017-09_gen2ou-0.json,Dragonite,Items,,King's Rock,1.751
2017-09_gen2ou-0.json,Dragonite,Items,,Mint Berry,1.376
2017-09_gen2ou-0.json,Dragonite,Items,,Berserk Gene,0.563
2017-09_gen2ou-0.json,Dragonite,Items,,Pink Bow,0.563
2017-09_gen2ou-0.json,Dragonite,Items,,Gold Berry,0.5
2017-09_gen2ou-0.json,Dragonite,Items,,Other,4.503
2017-09_gen2ou-0.json,Dragonite,Spreads,,Other,4.878
2017-09_gen2ou-0.json,Dragonite,Moves,,Ice Beam,42.902
2017-09_gen2ou-0.json,Dragonite,Moves,,Outrage,31.019
2017-09_gen2ou-0.json,Dragonite,Moves,,Extreme Speed,30.331
2017-09_gen2ou-0.json,Dragonite,Moves,,Thunderbolt,25.016
2017-09_gen2ou-0.json,Dragonite,Moves,,Flamethrower,22.139
2017-09_gen2ou-0.json,Dragonite,Moves,,Dynamic Punch,22.139
2017-09_gen2ou-0.json,Dragonite,Moves,,Body Slam,20.763
2017-09_gen2ou-0.json,Dragonite,Moves,,Fire Blast,20.2
2017-09_gen2ou-0.json,Dragonite,Moves,,Thunder,19.637
2017-09_gen2ou-0.json,Dragonite,Moves,,Surf,19.199
2017-09_gen2ou-0.json,Dragonite,Moves,,Thunder Wave,13.008
2017-09_gen2ou-0.json,Dragonite,Moves,,Blizzard,11.445
2017-09_gen2ou-0.json,Dragonite,Moves,,Hydro Pump,10.569
2017-09_gen2ou-0.json,Dragonite,Moves,,Rest,9.819
2017-09_gen2ou-0.json,Dragonite,Moves,,Hidden Power Flying,9.506
2017-09_gen2ou-0.json,Dragonite,Moves,,Haze,8.818
2017-09_gen2ou-0.json,Dragonite,Moves,,Hyper Beam,8.38
2017-09_gen2ou-0.json,Dragonite,Moves,,Reflect,6.817
2017-09_gen2ou-0.json,Dragonite,Moves,,Dragon Breath,6.066
2017-09_gen2ou-0.json,Dragonite,Moves,,Double-Edge,5.941
2017-09_gen2ou-0.json,Dragonite,Moves,,Wing Attack,5.566
2017-09_gen2ou-0.json,Dragonite,Moves,,Toxic,5.503
2017-09_gen2ou-0.json,Dragonite,Moves,,Hidden Power Fighting,5.066
2017-09_gen2ou-0.json,Dragonite,Moves,,Fly,4.128
2017-09_gen2ou-0.json,Dragonite,Moves,,Agility,3.94
2017-09_gen2ou-0.json,Dragonite,Moves,,Ice Punch,3.627
2017-09_gen2ou-0.json,Dragonite,Moves,,Fire Punch,3.44
2017-09_gen2ou-0.json,Dragonite,Moves,,Thunder Punch,2.689
2017-09_gen2ou-0.json,Dragonite,Moves,,Return,2.564
2017-09_gen2ou-0.json,Dragonite,Moves,,Other,19.762
2017-09_gen2ou-0.json,Suicune,Stats,Raw count,,1492
2017-09_gen2ou-0.json,Suicune,Stats,Avg. weight,,1.0
2017-09_gen2ou-0.json,Suicune,Stats,Viability Ceiling,,94
2017-09_gen2ou-0.json,Suicune,Stats,Serious,,10.322
2017-09_gen2ou-0.json,Suicune,Abilities,,Illuminate,100.0
2017-09_gen2ou-0.json,Suicune,Items,,Leftovers,85.255
2017-09_gen2ou-0.json,Suicune,Items,,Mystic Water,6.971
2017-09_gen2ou-0.json,Suicune,Items,,Miracle Berry,1.34
2017-09_gen2ou-0.json,Suicune,Items,,King's Rock,1.34
2017-09_gen2ou-0.json,Suicune,Items,,Mint Berry,1.273
2017-09_gen2ou-0.json,Suicune,Items,,Other,3.82
2017-09_gen2ou-0.json,Suicune,Spreads,,Other,0.469
2017-09_gen2ou-0.json,Suicune,Moves,,Surf,82.909
2017-09_gen2ou-0.json,Suicune,Moves,,Rest,81.166
2017-09_gen2ou-0.json,Suicune,Moves,,Roar,52.145
2017-09_gen2ou-0.json,Suicune,Moves,,Ice Beam,45.912
2017-09_gen2ou-0.json,Suicune,Moves,,Toxic,41.555
2017-09_gen2ou-0.json,Suicune,Moves,,Sleep Talk,35.657
2017-09_gen2ou-0.json,Suicune,Moves,,Hydro Pump,14.745
2017-09_gen2ou-0.json,Suicune,Moves,,Mirror Coat,12.198
2017-09_gen2ou-0.json,Suicune,Moves,,Blizzard,6.836
2017-09_gen2ou-0.json,Suicune,Moves,,Protect,4.692
2017-09_gen2ou-0.json,Suicune,Moves,,Rain Dance,2.815
2017-09_gen2ou-0.json,Suicune,Moves,,Other,19.37
2017-09_gen2ou-0.json,Miltank,Stats,Raw count,,1468
2017-09_gen2ou-0.json,Miltank,Stats,Avg. weight,,1.0
2017-09_gen2ou-0.json,Miltank,Stats,Viability Ceiling,,94
2017-09_gen2ou-0.json,Miltank,Stats,Serious,,10.695
2017-09_gen2ou-0.json,Miltank,Abilities,,Illuminate,100.0
2017-09_gen2ou-0.json,Miltank,Items,,Leftovers,91.689
2017-09_gen2ou-0.json,Miltank,Items,,Nothing,2.248
2017-09_gen2ou-0.json,Miltank,Items,,King's Rock,1.839
2017-09_gen2ou-0.json,Miltank,Items,,Other,4.223
2017-09_gen2ou-0.json,Miltank,Spreads,,Other,0.681
2017-09_gen2ou-0.json,Miltank,Moves,,Milk Drink,94.005
2017-09_gen2ou-0.json,Miltank,Moves,,Body Slam,86.24
2017-09_gen2ou-0.json,Miltank,Moves,,Heal Bell,80.177
2017-09_gen2ou-0.json,Miltank,Moves,,Growl,50.681
2017-09_gen2ou-0.json,Miltank,Moves,,Earthquake,17.507
2017-09_gen2ou-0.json,Miltank,Moves,,Curse,11.376
2017-09_gen2ou-0.json,Miltank,Moves,,Rollout,10.014
2017-09_gen2ou-0.json,Miltank,Moves,,Toxic,8.787
2017-09_gen2ou-0.json,Miltank,Moves,,Shadow Ball,6.131
2017-09_gen2ou-0.json,Miltank,Moves,,Attract,4.632
2017-09_gen2ou-0.json,Miltank,Moves,,Return,4.087
2017-09_gen2ou-0.json,Miltank,Moves,,Seismic Toss,3.883
2017-09_gen2ou-0.json,Miltank,Moves,,Rest,2.793
2017-09_gen2ou-0.json,Miltank,Moves,,Other,19.687
2017-09_gen2ou-0.json,Jolteon,Stats,Raw count,,1400
2017-09_gen2ou-0.json,Jolteon,Stats,Avg. weight,,1.0
2017-09_gen2ou-0.json,Jolteon,Stats,Viability Ceiling,,91
2017-09_gen2ou-0.json,Jolteon,Stats,Serious,,10.571
2017-09_gen2ou-0.json,Jolteon,Abilities,,Illuminate,100.0
2017-09_gen2ou-0.json,Jolteon,Items,,Leftovers,78.643
2017-09_gen2ou-0.json,Jolteon,Items,,Magnet,8.357
2017-09_gen2ou-0.json,Jolteon,Items,,Miracle Berry,2.143
2017-09_gen2ou-0.json,Jolteon,Items,,Nothing,2.071
2017-09_gen2ou-0.json,Jolteon,Items,,Never-Melt Ice,1.286
2017-09_gen2ou-0.json,Jolteon,Items,,Focus Band,1.286
2017-09_gen2ou-0.json,Jolteon,Items,,Gold Berry,1.286
2017-09_gen2ou-0.json,Jolteon,Items,,Other,4.929
2017-09_gen2ou-0.json,Jolteon,Spreads,,Other,1.214
2017-09_gen2ou-0.json,Jolteon,Moves,,Thunderbolt,72.857
2017-09_gen2ou-0.json,Jolteon,Moves,,Baton Pass,68.643
2017-09_gen2ou-0.json,Jolteon,Moves,,Agility,58.643
2017-09_gen2ou-0.json,Jolteon,Moves,,Hidden Power Water,27.857
2017-09_gen2ou-0.json,Jolteon,Moves,,Thunder Wave,27.071
2017-09_gen2ou-0.json,Jolteon,Moves,,Thunder,26.0
2017-09_gen2ou-0.json,Jolteon,Moves,,Growth,23.214
2017-09_gen2ou-0.json,Jolteon,Moves,,Substitute,18.643
2017-09_gen2ou-0.json,Jolteon,Moves,,Hidden Power Ice,18.357
2017-09_gen2ou-0.json,Jolteon,Moves,,Shadow Ball,8.571
2017-09_gen2ou-0.json,Jolteon,Moves,,Roar,4.929
2017-09_gen2ou-0.json,Jolteon,Moves,,Quick Attack,4.786
2017-09_gen2ou-0.json,Jolteon,Moves,,Hidden Power Fire,4.214
2017-09_gen2ou-0.json,Jolteon,Moves,,Toxic,3.714
2017-09_gen2ou-0.json,Jolteon,Moves,,Hidden Power Grass,3.357
2017-09_gen2ou-0.json,Jolteon,Moves,,Bite,3.286
2017-09_gen2ou-0.json,Jolteon,Moves,,Body Slam,2.5
2017-09_gen2ou-0.json,Jolteon,Moves,,Rest,2.429
2017-09_gen2ou-0.json,Jolteon,Moves,,Protect,2.286
2017-09_gen2ou-0.json,Jolteon,Moves,,Other,18.643
2017-09_gen2ou-0.json,Charizard,Stats,Raw count,,1301
2017-09_gen2ou-0.json,Charizard,Stats,Avg. weight,,1.0
2017-09_gen2ou-0.json,Charizard,Stats,Viability Ceiling,,88
2017-09_gen2ou-0.json,Charizard,Stats,Serious,,98.155
2017-09_gen2ou-0.json,Charizard,Abilities,,Illuminate,100.0
2017-09_gen2ou-0.json,Charizard,Items,,Leftovers,59.954
2017-09_gen2ou-0.json,Charizard,Items,,Miracle Berry,17.141
2017-09_gen2ou-0.json,Charizard,Items,,Charcoal,9.224
2017-09_gen2ou-0.json,Charizard,Items,,Nothing,6.072
2017-09_gen2ou-0.json,Charizard,Items,,Berserk Gene,2.613
2017-09_gen2ou-0.json,Charizard,Items,,Other,4.996
2017-09_gen2ou-0.json,Charizard,Spreads,,Other,1.845
2017-09_gen2ou-0.json,Charizard,Moves,,Earthquake,82.091
2017-09_gen2ou-0.json,Charizard,Moves,,Fire Blast,81.168
2017-09_gen2ou-0.json,Charizard,Moves,,Belly Drum,58.493
2017-09_gen2ou-0.json,Charizard,Moves,,Rock Slide,56.495
2017-09_gen2ou-0.json,Charizard,Moves,,Flamethrower,28.593
2017-09_gen2ou-0.json,Charizard,Moves,,Swords Dance,11.376
2017-09_gen2ou-0.json,Charizard,Moves,,Wing Attack,9.992
2017-09_gen2ou-0.json,Charizard,Moves,,Crunch,5.688
2017-09_gen2ou-0.json,Charizard,Moves,,Fly,4.689
2017-09_gen2ou-0.json,Charizard,Moves,,Fire Punch,4.458
2017-09_gen2ou-0.json,Charizard,Moves,,Outrage,4.151
2017-09_gen2ou-0.json,Charizard,Moves,,Toxic,3.92
2017-09_gen2ou-0.json,Charizard,Moves,,Hyper Beam,3.766
2017-09_gen2ou-0.json,Charizard,Moves,,Fire Spin,3.613
2017-09_gen2ou-0.json,Charizard,Moves,,Dragon Breath,3.536
2017-09_gen2ou-0.json,Charizard,Moves,,Ancient Power,3.228
2017-09_gen2ou-0.json,Charizard,Moves,,Body Slam,2.998
2017-09_gen2ou-0.json,Charizard,Moves,,Roar,2.921
2017-09_gen2ou-0.json,Charizard,Moves,,Seismic Toss,2.767
2017-09_gen2ou-0.json,Charizard,Moves,,Slash,2.613
2017-09_gen2ou-0.json,Charizard,Moves,,Submission,2.46
2017-09_gen2ou-0.json,Charizard,Moves,,Hidden Power Fighting,2.383
2017-09_gen2ou-0.json,Charizard,Moves,,Other,18.601
2017-09_gen2ou-0.json,Vaporeon,Stats,Raw count,,1182
2017-09_gen2ou-0.json,Vaporeon,Stats,Avg. weight,,1.0
2017-09_gen2ou-0.json,Vaporeon,Stats,Viability Ceiling,,95
2017-09_gen2ou-0.json,Vaporeon,Stats,Serious,,10.321
2017-09_gen2ou-0.json,Vaporeon,Abilities,,Illuminate,100.0
2017-09_gen2ou-0.json,Vaporeon,Items,,Leftovers,95.77
2017-09_gen2ou-0.json,Vaporeon,Items,,Other,4.23
2017-09_gen2ou-0.json,Vaporeon,Spreads,,Other,2.792
2017-09_gen2ou-0.json,Vaporeon,Moves,,Surf,85.702
2017-09_gen2ou-0.json,Vaporeon,Moves,,Growth,83.672
2017-09_gen2ou-0.json,Vaporeon,Moves,,Rest,67.597
2017-09_gen2ou-0.json,Vaporeon,Moves,,Sleep Talk,44.247
2017-09_gen2ou-0.json,Vaporeon,Moves,,Acid Armor,30.541
2017-09_gen2ou-0.json,Vaporeon,Moves,,Baton Pass,25.042
2017-09_gen2ou-0.json,Vaporeon,Moves,,Hydro Pump,14.298
2017-09_gen2ou-0.json,Vaporeon,Moves,,Ice Beam,11.168
2017-09_gen2ou-0.json,Vaporeon,Moves,,Toxic,6.43
2017-09_gen2ou-0.json,Vaporeon,Moves,,Roar,6.345
2017-09_gen2ou-0.json,Vaporeon,Moves,,Haze,4.653
2017-09_gen2ou-0.json,Vaporeon,Moves,,Substitute,3.723
2017-09_gen2ou-0.json,Vaporeon,Moves,,Other,16.582
2017-09_gen2ou-0.json,Misdreavus,Stats,Raw count,,1122
2017-09_gen2ou-0.json,Misdreavus,Stats,Avg. weight,,1.0
2017-09_gen2ou-0.json,Misdreavus,Stats,Viability Ceiling,,94
2017-09_gen2ou-0.json,Misdreavus,Stats,Serious,,6.952
2017-09_gen2ou-0.json,Misdreavus,Abilities,,Illuminate,100.0
2017-09_gen2ou-0.json,Misdreavus,Items,,Leftovers,77.897
2017-09_gen2ou-0.json,Misdreavus,Items,,Nothing,14.973
2017-09_gen2ou-0.json,Misdreavus,Items,,Spell Tag,1.961
2017-09_gen2ou-0.json,Misdreavus,Items,,BrightPowder,1.872
2017-09_gen2ou-0.json,Misdreavus,Items,,Other,3.298
2017-09_gen2ou-0.json,Misdreavus,Spreads,,Other,0.891
2017-09_gen2ou-0.json,Misdreavus,Moves,,Perish Song,75.49
2017-09_gen2ou-0.json,Misdreavus,Moves,,Mean Look,74.688
2017-09_gen2ou-0.json,Misdreavus,Moves,,Protect,66.934
2017-09_gen2ou-0.json,Misdreavus,Moves,,Thunder,36.007
2017-09_gen2ou-0.json,Misdreavus,Moves,,Confuse Ray,26.114
2017-09_gen2ou-0.json,Misdreavus,Moves,,Pain Split,18.627
2017-09_gen2ou-0.json,Misdreavus,Moves,,Destiny Bond,17.201
2017-09_gen2ou-0.json,Misdreavus,Moves,,Toxic,16.667
2017-09_gen2ou-0.json,Misdreavus,Moves,,Thief,13.547
2017-09_gen2ou-0.json,Misdreavus,Moves,,Rest,13.191
2017-09_gen2ou-0.json,Misdreavus,Moves,,Shadow Ball,10.695
2017-09_gen2ou-0.json,Misdreavus,Moves,,Thunderbolt,8.556
2017-09_gen2ou-0.json,Misdreavus,Moves,,Hypnosis,6.506
2017-09_gen2ou-0.json,Misdreavus,Moves,,Other,15.775
2017-09_gen2ou-0.json,Alakazam,Stats,Raw count,,861
2017-09_gen2ou-0.json,Alakazam,Stats,Avg. weight,,1.0
2017-09_gen2ou-0.json,Alakazam,Stats,Viability Ceiling,,91
2017-09_gen2ou-0.json,Alakazam,Stats,Serious,,2.091
2017-09_gen2ou-0.json,Alakazam,Abilities,,Illuminate,100.0
2017-09_gen2ou-0.json,Alakazam,Items,,Leftovers,46.341
2017-09_gen2ou-0.json,Alakazam,Items,,Twisted Spoon,25.784
2017-09_gen2ou-0.json,Alakazam,Items,,Miracle Berry,14.634
2017-09_gen2ou-0.json,Alakazam,Items,,Nothing,4.53
2017-09_gen2ou-0.json,Alakazam,Items,,King's Rock,2.555
2017-09_gen2ou-0.json,Alakazam,Items,,PRZ Cure Berry,1.161
2017-09_gen2ou-0.json,Alakazam,Items,,Other,4.994
2017-09_gen2ou-0.json,Alakazam,Spreads,,Other,3.252
2017-09_gen2ou-0.json,Alakazam,Moves,,Psychic,97.909
2017-09_gen2ou-0.json,Alakazam,Moves,,Recover,70.035
2017-09_gen2ou-0.json,Alakazam,Moves,,Fire Punch,52.962
2017-09_gen2ou-0.json,Alakazam,Moves,,Thunder Wave,28.688
2017-09_gen2ou-0.json,Alakazam,Moves,,Thunder Punch,25.9
2017-09_gen2ou-0.json,Alakazam,Moves,,Ice Punch,25.668
2017-09_gen2ou-0.json,Alakazam,Moves,,Shadow Ball,20.906
2017-09_gen2ou-0.json,Alakazam,Moves,,Toxic,11.034
2017-09_gen2ou-0.json,Alakazam,Moves,,Reflect,8.13
2017-09_gen2ou-0.json,Alakazam,Moves,,Encore,7.666
2017-09_gen2ou-0.json,Alakazam,Moves,,Counter,5.226
2017-09_gen2ou-0.json,Alakazam,Moves,,Substitute,3.484
2017-09_gen2ou-0.json,Alakazam,Moves,,Seismic Toss,3.484
2017-09_gen2ou-0.json,Alakazam,Moves,,Psybeam,3.368
2017-09_gen2ou-0.json,Alakazam,Moves,,Light Screen,3.252
2017-09_gen2ou-0.json,Alakazam,Moves,,Disable,2.439
2017-09_gen2ou-0.json,Alakazam,Moves,,Dynamic Punch,2.439
2017-09_gen2ou-0.json,Alakazam,Moves,,Protect,2.439
2017-09_gen2ou-0.json,Alakazam,Moves,,Body Slam,2.323
2017-09_gen2ou-0.json,Alakazam,Moves,,Submission,2.207
2017-09_gen2ou-0.json,Alakazam,Moves,,Hidden Power Fighting,2.091
2017-09_gen2ou-0.json,Alakazam,Moves,,Other,18.351
2017-09_gen2ou-0.json,Typhlosion,Stats,Raw count,,796
2017-09_gen2ou-0.json,Typhlosion,Stats,Avg. weight,,1.0
2017-09_gen2ou-0.json,Typhlosion,Stats,Viability Ceiling,,84
2017-09_gen2ou-0.json,Typhlosion,Stats,Serious,,1.633
2017-09_gen2ou-0.json,Typhlosion,Abilities,,Illuminate,100.0
2017-09_gen2ou-0.json,Typhlosion,Items,,Leftovers,45.352
2017-09_gen2ou-0.json,Typhlosion,Items,,Charcoal,29.648
2017-09_gen2ou-0.json,Typhlosion,Items,,Nothing,6.658
2017-09_gen2ou-0.json,Typhlosion,Items,,King's Rock,3.643
2017-09_gen2ou-0.json,Typhlosion,Items,,Scope Lens,3.015
2017-09_gen2ou-0.json,Typhlosion,Items,,Magnet,2.513
2017-09_gen2ou-0.json,Typhlosion,Items,,Gold Berry,2.387
2017-09_gen2ou-0.json,Typhlosion,Items,,Mint Berry,1.884
2017-09_gen2ou-0.json,Typhlosion,Items,,Other,4.899
2017-09_gen2ou-0.json,Typhlosion,Spreads,,Other,3.392
2017-09_gen2ou-0.json,Typhlosion,Moves,,Thunder Punch,75.377
2017-09_gen2ou-0.json,Typhlosion,Moves,,Earthquake,62.94
2017-09_gen2ou-0.json,Typhlosion,Moves,,Flamethrower,57.412
2017-09_gen2ou-0.json,Typhlosion,Moves,,Fire Blast,55.905
2017-09_gen2ou-0.json,Typhlosion,Moves,,Hidden Power Ice,17.588
2017-09_gen2ou-0.json,Typhlosion,Moves,,Hidden Power Grass,14.698
2017-09_gen2ou-0.json,Typhlosion,Moves,,Quick Attack,12.312
2017-09_gen2ou-0.json,Typhlosion,Moves,,Fire Punch,12.06
2017-09_gen2ou-0.json,Typhlosion,Moves,,Dynamic Punch,11.307
2017-09_gen2ou-0.json,Typhlosion,Moves,,Rest,8.92
2017-09_gen2ou-0.json,Typhlosion,Moves,,Protect,7.663
2017-09_gen2ou-0.json,Typhlosion,Moves,,Toxic,6.03
2017-09_gen2ou-0.json,Typhlosion,Moves,,Roar,5.779
2017-09_gen2ou-0.json,Typhlosion,Moves,,Sunny Day,5.402
2017-09_gen2ou-0.json,Typhlosion,Moves,,Double-Edge,4.899
2017-09_gen2ou-0.json,Typhlosion,Moves,,Flame Wheel,4.648
2017-09_gen2ou-0.json,Typhlosion,Moves,,Sleep Talk,3.518
2017-09_gen2ou-0.json,Typhlosion,Moves,,Dig,3.266
2017-09_gen2ou-0.json,Typhlosion,Moves,,Strength,3.141
2017-09_gen2ou-0.json,Typhlosion,Moves,,Detect,3.015
2017-09_gen2ou-0.json,Typhlosion,Moves,,Hidden Power Electric,2.764
2017-09_gen2ou-0.json,Typhlosion,Moves,,Curse,2.136
2017-09_gen2ou-0.json,Typhlosion,Moves,,Other,19.221
2017-09_gen2ou-0.json,Ampharos,Stats,Raw count,,709
2017-09_gen2ou-0.json,Ampharos,Stats,Avg. weight,,1.0
2017-09_gen2ou-0.json,Ampharos,Stats,Viability Ceiling,,77
2017-09_gen2ou-0.json,Ampharos,Stats,Serious,,8.463
2017-09_gen2ou-0.json,Ampharos,Abilities,,Illuminate,100.0
2017-09_gen2ou-0.json,Ampharos,Items,,Leftovers,66.432
2017-09_gen2ou-0.json,Ampharos,Items,,Magnet,18.336
2017-09_gen2ou-0.json,Ampharos,Items,,Nothing,8.886
2017-09_gen2ou-0.json,Ampharos,Items,,BrightPowder,1.693
2017-09_gen2ou-0.json,Ampharos,Items,,Other,4.654
2017-09_gen2ou-0.json,Ampharos,Spreads,,Other,3.808
2017-09_gen2ou-0.json,Ampharos,Moves,,Thunderbolt,83.78
2017-09_gen2ou-0.json,Ampharos,Moves,,Fire Punch,77.151
2017-09_gen2ou-0.json,Ampharos,Moves,,Thunder Wave,69.676
2017-09_gen2ou-0.json,Ampharos,Moves,,Dynamic Punch,45.98
2017-09_gen2ou-0.json,Ampharos,Moves,,Thunder,20.592
2017-09_gen2ou-0.json,Ampharos,Moves,,Reflect,16.925
2017-09_gen2ou-0.json,Ampharos,Moves,,Rest,16.784
2017-09_gen2ou-0.json,Ampharos,Moves,,Hidden Power Ice,7.193
2017-09_gen2ou-0.json,Ampharos,Moves,,Light Screen,6.629
2017-09_gen2ou-0.json,Ampharos,Moves,,Rain Dance,5.501
2017-09_gen2ou-0.json,Ampharos,Moves,,Thunder Punch,5.219
2017-09_gen2ou-0.json,Ampharos,Moves,,Hidden Power Water,4.795
2017-09_gen2ou-0.json,Ampharos,Moves,,Zap Cannon,4.513
2017-09_gen2ou-0.json,Ampharos,Moves,,Body Slam,4.09
2017-09_gen2ou-0.json,Ampharos,Moves,,Iron Tail,3.526
2017-09_gen2ou-0.json,Ampharos,Moves,,Hidden Power Grass,3.103
2017-09_gen2ou-0.json,Ampharos,Moves,,Toxic,2.68
2017-09_gen2ou-0.json,Ampharos,Moves,,Cotton Spore,2.398
2017-09_gen2ou-0.json,Ampharos,Moves,,Other,19.464
2017-09_gen2ou-0.json,Espeon,Stats,Raw count,,699
2017-09_gen2ou-0.json,Espeon,Stats,Avg. weight,,1.0
2017-09_gen2ou-0.json,Espeon,Stats,Viability Ceiling,,90
2017-09_gen2ou-0.json,Espeon,Stats,Serious,,13.019
2017-09_gen2ou-0.json,Espeon,Abilities,,Illuminate,100.0
2017-09_gen2ou-0.json,Espeon,Items,,Leftovers,62.375
2017-09_gen2ou-0.json,Espeon,Items,,Twisted Spoon,19.886
2017-09_gen2ou-0.json,Espeon,Items,,Nothing,5.436
2017-09_gen2ou-0.json,Espeon,Items,,King's Rock,2.718
2017-09_gen2ou-0.json,Espeon,Items,,Focus Band,2.575
2017-09_gen2ou-0.json,Espeon,Items,,Gold Berry,1.288
2017-09_gen2ou-0.json,Espeon,Items,,Miracle Berry,1.144
2017-09_gen2ou-0.json,Espeon,Items,,Other,4.578
2017-09_gen2ou-0.json,Espeon,Spreads,,Other,2.289
2017-09_gen2ou-0.json,Espeon,Moves,,Psychic,96.28
2017-09_gen2ou-0.json,Espeon,Moves,,Morning Sun,52.361
2017-09_gen2ou-0.json,Espeon,Moves,,Growth,48.069
2017-09_gen2ou-0.json,Espeon,Moves,,Baton Pass,38.77
2017-09_gen2ou-0.json,Espeon,Moves,,Shadow Ball,29.041
2017-09_gen2ou-0.json,Espeon,Moves,,Substitute,18.741
2017-09_gen2ou-0.json,Espeon,Moves,,Bite,15.737
2017-09_gen2ou-0.json,Espeon,Moves,,Reflect,14.02
2017-09_gen2ou-0.json,Espeon,Moves,,Toxic,8.441
2017-09_gen2ou-0.json,Espeon,Moves,,Protect,6.295
2017-09_gen2ou-0.json,Espeon,Moves,,Hidden Power Fire,6.152
2017-09_gen2ou-0.json,Espeon,Moves,,Swift,5.722
2017-09_gen2ou-0.json,Espeon,Moves,,Mud-Slap,4.578
2017-09_gen2ou-0.json,Espeon,Moves,,Hidden Power Water,4.435
2017-09_gen2ou-0.json,Espeon,Moves,,Zap Cannon,3.72
2017-09_gen2ou-0.json,Espeon,Moves,,Hidden Power Fighting,3.577
2017-09_gen2ou-0.json,Espeon,Moves,,Psych Up,3.147
2017-09_gen2ou-0.json,Espeon,Moves,,Rest,3.004
2017-09_gen2ou-0.json,Espeon,Moves,,Quick Attack,2.861
2017-09_gen2ou-0.json,Espeon,Moves,,Body Slam,2.861
2017-09_gen2ou-0.json,Espeon,Moves,,Psybeam,2.861
2017-09_gen2ou-0.json,Espeon,Moves,,Sand Attack,2.432
2017-09_gen2ou-0.json,Espeon,Moves,,Double-Edge,2.432
2017-09_gen2ou-0.json,Espeon,Moves,,Confusion,2.146
2017-09_gen2ou-0.json,Espeon,Moves,,Hidden Power Electric,1.86
2017-09_gen2ou-0.json,Espeon,Moves,,Detect,1.86
2017-09_gen2ou-0.json,Espeon,Moves,,Other,18.598
2017-09_gen2ou-0.json,Scizor,Stats,Raw count,,692
2017-09_gen2ou-0.json,Scizor,Stats,Avg. weight,,1.0
2017-09_gen2ou-0.json,Scizor,Stats,Viability Ceiling,,87
2017-09_gen2ou-0.json,Scizor,Stats,Serious,,8.382
2017-09_gen2ou-0.json,Scizor,Abilities,,Illuminate,100.0
2017-09_gen2ou-0.json,Scizor,Items,,Leftovers,69.22
2017-09_gen2ou-0.json,Scizor,Items,,Metal Coat,6.358
2017-09_gen2ou-0.json,Scizor,Items,,Nothing,5.491
2017-09_gen2ou-0.json,Scizor,Items,,Miracle Berry,5.058
2017-09_gen2ou-0.json,Scizor,Items,,Berserk Gene,2.89
2017-09_gen2ou-0.json,Scizor,Items,,SilverPowder,2.457
2017-09_gen2ou-0.json,Scizor,Items,,Berry,1.59
2017-09_gen2ou-0.json,Scizor,Items,,King's Rock,1.59
2017-09_gen2ou-0.json,Scizor,Items,,Focus Band,1.445
2017-09_gen2ou-0.json,Scizor,Items,,Other,3.902
2017-09_gen2ou-0.json,Scizor,Spreads,,Other,2.023
2017-09_gen2ou-0.json,Scizor,Moves,,Swords Dance,80.058
2017-09_gen2ou-0.json,Scizor,Moves,,Baton Pass,57.948
2017-09_gen2ou-0.json,Scizor,Moves,,Hidden Power Bug,57.081
2017-09_gen2ou-0.json,Scizor,Moves,,Agility,53.035
2017-09_gen2ou-0.json,Scizor,Moves,,Steel Wing,49.711
2017-09_gen2ou-0.json,Scizor,Moves,,Quick Attack,10.694
2017-09_gen2ou-0.json,Scizor,Moves,,Fury Cutter,10.26
2017-09_gen2ou-0.json,Scizor,Moves,,Wing Attack,9.538
2017-09_gen2ou-0.json,Scizor,Moves,,Detect,6.936
2017-09_gen2ou-0.json,Scizor,Moves,,Double-Edge,6.936
2017-09_gen2ou-0.json,Scizor,Moves,,Metal Claw,6.647
2017-09_gen2ou-0.json,Scizor,Moves,,Toxic,6.358
2017-09_gen2ou-0.json,Scizor,Moves,,Rest,3.902
2017-09_gen2ou-0.json,Scizor,Moves,,Hidden Power Fighting,3.902
2017-09_gen2ou-0.json,Scizor,Moves,,Return,3.757
2017-09_gen2ou-0.json,Scizor,Moves,,Hidden Power Rock,3.757
2017-09_gen2ou-0.json,Scizor,Moves,,Pursuit,3.468
2017-09_gen2ou-0.json,Scizor,Moves,,Substitute,2.312
2017-09_gen2ou-0.json,Scizor,Moves,,Slash,2.312
2017-09_gen2ou-0.json,Scizor,Moves,,Protect,1.879
2017-09_gen2ou-0.json,Scizor,Moves,,Other,19.509
2017-09_gen2ou-0.json,Kingdra,Stats,Raw count,,608
2017-09_gen2ou-0.json,Kingdra,Stats,Avg. weight,,1.0
2017-09_gen2ou-0.json,Kingdra,Stats,Viability Ceiling,,88
2017-09_gen2ou-0.json,Kingdra,Stats,Serious,,7.401
2017-09_gen2ou-0.json,Kingdra,Abilities,,Illuminate,100.0
2017-09_gen2ou-0.json,Kingdra,Items,,Leftovers,73.52
2017-09_gen2ou-0.json,Kingdra,Items,,Mystic Water,6.579
2017-09_gen2ou-0.json,Kingdra,Items,,Dragon Scale,4.77
2017-09_gen2ou-0.json,Kingdra,Items,,Scope Lens,3.947
2017-09_gen2ou-0.json,Kingdra,Items,,Miracle Berry,3.783
2017-09_gen2ou-0.json,Kingdra,Items,,Nothing,2.961
2017-09_gen2ou-0.json,Kingdra,Items,,Other,4.441
2017-09_gen2ou-0.json,Kingdra,Spreads,,Other,0.164
2017-09_gen2ou-0.json,Kingdra,Moves,,Dragon Breath,57.072
2017-09_gen2ou-0.json,Kingdra,Moves,,Rest,53.289
2017-09_gen2ou-0.json,Kingdra,Moves,,Sleep Talk,49.178
2017-09_gen2ou-0.json,Kingdra,Moves,,Surf,45.559
2017-09_gen2ou-0.json,Kingdra,Moves,,Ice Beam,40.461
2017-09_gen2ou-0.json,Kingdra,Moves,,Octazooka,37.336
2017-09_gen2ou-0.json,Kingdra,Moves,,Hydro Pump,20.888
2017-09_gen2ou-0.json,Kingdra,Moves,,Hidden Power Dragon,11.513
2017-09_gen2ou-0.json,Kingdra,Moves,,Double-Edge,10.855
2017-09_gen2ou-0.json,Kingdra,Moves,,Agility,10.362
2017-09_gen2ou-0.json,Kingdra,Moves,,Toxic,8.882
2017-09_gen2ou-0.json,Kingdra,Moves,,Blizzard,7.895
2017-09_gen2ou-0.json,Kingdra,Moves,,Haze,5.592
2017-09_gen2ou-0.json,Kingdra,Moves,,Rain Dance,5.263
2017-09_gen2ou-0.json,Kingdra,Moves,,Return,4.441
2017-09_gen2ou-0.json,Kingdra,Moves,,Waterfall,3.783
2017-09_gen2ou-0.json,Kingdra,Moves,,Substitute,3.125
2017-09_gen2ou-0.json,Kingdra,Moves,,Hidden Power Electric,2.796
2017-09_gen2ou-0.json,Kingdra,Moves,,Hidden Power Fire,2.632
2017-09_gen2ou-0.json,Kingdra,Moves,,Other,19.079
2017-09_gen2ou-0.json,Venusaur,Stats,Raw count,,562
2017-09_gen2ou-0.json,Venusaur,Stats,Avg. weight,,1.0
2017-09_gen2ou-0.json,Venusaur,Stats,Viability Ceiling,,80
2017-09_gen2ou-0.json,Venusaur,Stats,Serious,,6.584
2017-09_gen2ou-0.json,Venusaur,Abilities,,Illuminate,100.0
2017-09_gen2ou-0.json,Venusaur,Items,,Leftovers,63.167
2017-09_gen2ou-0.json,Venusaur,Items,,BrightPowder,13.701
2017-09_gen2ou-0.json,Venusaur,Items,,Miracle Seed,8.719
2017-09_gen2ou-0.json,Venusaur,Items,,Nothing,7.295
2017-09_gen2ou-0.json,Venusaur,Items,,Gold Berry,2.135
2017-09_gen2ou-0.json,Venusaur,Items,,Other,4.982
2017-09_gen2ou-0.json,Venusaur,Spreads,,Other,3.737
2017-09_gen2ou-0.json,Venusaur,Moves,,Leech Seed,68.505
2017-09_gen2ou-0.json,Venusaur,Moves,,Giga Drain,57.829
2017-09_gen2ou-0.json,Venusaur,Moves,,Sleep Powder,48.399
2017-09_gen2ou-0.json,Venusaur,Moves,,Toxic,32.206
2017-09_gen2ou-0.json,Venusaur,Moves,,Synthesis,32.028
2017-09_gen2ou-0.json,Venusaur,Moves,,Roar,24.911
2017-09_gen2ou-0.json,Venusaur,Moves,,Solar Beam,22.242
2017-09_gen2ou-0.json,Venusaur,Moves,,Razor Leaf,19.395
2017-09_gen2ou-0.json,Venusaur,Moves,,Protect,15.125
2017-09_gen2ou-0.json,Venusaur,Moves,,Sunny Day,14.947
2017-09_gen2ou-0.json,Venusaur,Moves,,Substitute,8.897
2017-09_gen2ou-0.json,Venusaur,Moves,,Body Slam,8.007
2017-09_gen2ou-0.json,Venusaur,Moves,,Hidden Power Water,5.16
2017-09_gen2ou-0.json,Venusaur,Moves,,Hidden Power Poison,4.27
2017-09_gen2ou-0.json,Venusaur,Moves,,Petal Dance,3.915
2017-09_gen2ou-0.json,Venusaur,Moves,,Ancient Power,3.915
2017-09_gen2ou-0.json,Venusaur,Moves,,Hidden Power Fire,3.203
2017-09_gen2ou-0.json,Venusaur,Moves,,Hidden Power Ice,3.203
2017-09_gen2ou-0.json,Venusaur,Moves,,Poison Powder,2.669
2017-09_gen2ou-0.json,Venusaur,Moves,,Double-Edge,2.313
2017-09_gen2ou-0.json,Venusaur,Moves,,Other,18.861
2017-09_gen2ou-0.json,Pikachu,Stats,Raw count,,490
2017-09_gen2ou-0.json,Pikachu,Stats,Avg. weight,,1.0
2017-09_gen2ou-0.json,Pikachu,Stats,Viability Ceiling,,72
2017-09_gen2ou-0.json,Pikachu,Stats,Serious,,95.102
2017-09_gen2ou-0.json,Pikachu,Abilities,,Illuminate,100.0
2017-09_gen2ou-0.json,Pikachu,Items,,Light Ball,84.898
2017-09_gen2ou-0.json,Pikachu,Items,,Nothing,6.939
2017-09_gen2ou-0.json,Pikachu,Items,,Leftovers,6.531
2017-09_gen2ou-0.json,Pikachu,Items,,Other,1.633
2017-09_gen2ou-0.json,Pikachu,Spreads,,Other,4.898
2017-09_gen2ou-0.json,Pikachu,Moves,,Thunderbolt,88.776
2017-09_gen2ou-0.json,Pikachu,Moves,,Surf,68.163
2017-09_gen2ou-0.json,Pikachu,Moves,,Thunder Wave,49.388
2017-09_gen2ou-0.json,Pikachu,Moves,,Hidden Power Fire,46.735
2017-09_gen2ou-0.json,Pikachu,Moves,,Thunder,32.245
2017-09_gen2ou-0.json,Pikachu,Moves,,Quick Attack,24.694
2017-09_gen2ou-0.json,Pikachu,Moves,,Hidden Power Ice,8.571
2017-09_gen2ou-0.json,Pikachu,Moves,,Reflect,8.571
2017-09_gen2ou-0.json,Pikachu,Moves,,Charm,7.551
2017-09_gen2ou-0.json,Pikachu,Moves,,Petal Dance,6.531
2017-09_gen2ou-0.json,Pikachu,Moves,,Submission,6.327
2017-09_gen2ou-0.json,Pikachu,Moves,,Iron Tail,6.122
2017-09_gen2ou-0.json,Pikachu,Moves,,Sing,6.122
2017-09_gen2ou-0.json,Pikachu,Moves,,Sweet Kiss,3.878
2017-09_gen2ou-0.json,Pikachu,Moves,,Substitute,3.878
2017-09_gen2ou-0.json,Pikachu,Moves,,Light Screen,3.061
2017-09_gen2ou-0.json,Pikachu,Moves,,Thunder Shock,2.449
2017-09_gen2ou-0.json,Pikachu,Moves,,Agility,2.245
2017-09_gen2ou-0.json,Pikachu,Moves,,Body Slam,2.245
2017-09_gen2ou-0.json,Pikachu,Moves,,Protect,2.041
2017-09_gen2ou-0.json,Pikachu,Moves,,Toxic,1.633
2017-09_gen2ou-0.json,Pikachu,Moves,,Other,18.776
2017-09_gen2ou-0.json,Meganium,Stats,Raw count,,476
2017-09_gen2ou-0.json,Meganium,Stats,Avg. weight,,1.0
2017-09_gen2ou-0.json,Meganium,Stats,Viability Ceiling,,86
2017-09_gen2ou-0.json,Meganium,Stats,Serious,,2.731
2017-09_gen2ou-0.json,Meganium,Abilities,,Illuminate,100.0
2017-09_gen2ou-0.json,Meganium,Items,,Leftovers,69.958
2017-09_gen2ou-0.json,Meganium,Items,,Miracle Seed,12.185
2017-09_gen2ou-0.json,Meganium,Items,,Nothing,5.672
2017-09_gen2ou-0.json,Meganium,Items,,Scope Lens,3.992
2017-09_gen2ou-0.json,Meganium,Items,,Gold Berry,2.101
2017-09_gen2ou-0.json,Meganium,Items,,Soft Sand,2.101
2017-09_gen2ou-0.json,Meganium,Items,,Other,3.992
2017-09_gen2ou-0.json,Meganium,Spreads,,Other,3.571
2017-09_gen2ou-0.json,Meganium,Moves,,Synthesis,56.092
2017-09_gen2ou-0.json,Meganium,Moves,,Leech Seed,48.319
2017-09_gen2ou-0.json,Meganium,Moves,,Giga Drain,45.588
2017-09_gen2ou-0.json,Meganium,Moves,,Earthquake,39.706
2017-09_gen2ou-0.json,Meganium,Moves,,Toxic,34.454
2017-09_gen2ou-0.json,Meganium,Moves,,Razor Leaf,27.311
2017-09_gen2ou-0.json,Meganium,Moves,,Body Slam,26.891
2017-09_gen2ou-0.json,Meganium,Moves,,Ancient Power,19.748
2017-09_gen2ou-0.json,Meganium,Moves,,Light Screen,15.756
2017-09_gen2ou-0.json,Meganium,Moves,,Reflect,15.336
2017-09_gen2ou-0.json,Meganium,Moves,,Petal Dance,14.286
2017-09_gen2ou-0.json,Meganium,Moves,,Swords Dance,11.134
2017-09_gen2ou-0.json,Meganium,Moves,,Solar Beam,9.664
2017-09_gen2ou-0.json,Meganium,Moves,,Protect,6.092
2017-09_gen2ou-0.json,Meganium,Moves,,Hyper Beam,5.042
2017-09_gen2ou-0.json,Meganium,Moves,,Return,3.782
2017-09_gen2ou-0.json,Meganium,Moves,,Sunny Day,3.782
2017-09_gen2ou-0.json,Meganium,Moves,,Other,17.017
2017-09_gen2ou-0.json,Smeargle,Stats,Raw count,,450
2017-09_gen2ou-0.json,Smeargle,Stats,Avg. weight,,1.0
2017-09_gen2ou-0.json,Smeargle,Stats,Viability Ceiling,,87
2017-09_gen2ou-0.json,Smeargle,Stats,Serious,,4.222
2017-09_gen2ou-0.json,Smeargle,Abilities,,Illuminate,100.0
2017-09_gen2ou-0.json,Smeargle,Items,,Leftovers,55.333
2017-09_gen2ou-0.json,Smeargle,Items,,Miracle Berry,22.0
2017-09_gen2ou-0.json,Smeargle,Items,,Quick Claw,15.556
2017-09_gen2ou-0.json,Smeargle,Items,,BrightPowder,2.0
2017-09_gen2ou-0.json,Smeargle,Items,,Gold Berry,2.0
2017-09_gen2ou-0.json,Smeargle,Items,,Other,3.111
2017-09_gen2ou-0.json,Smeargle,Spreads,,Other,4.444
2017-09_gen2ou-0.json,Smeargle,Moves,,Baton Pass,88.444
2017-09_gen2ou-0.json,Smeargle,Moves,,Spore,85.778
2017-09_gen2ou-0.json,Smeargle,Moves,,Belly Drum,43.333
2017-09_gen2ou-0.json,Smeargle,Moves,,Agility,38.222
2017-09_gen2ou-0.json,Smeargle,Moves,,Mean Look,32.222
2017-09_gen2ou-0.json,Smeargle,Moves,,Substitute,21.333
2017-09_gen2ou-0.json,Smeargle,Moves,,Destiny Bond,12.444
2017-09_gen2ou-0.json,Smeargle,Moves,,Spider Web,12.444
2017-09_gen2ou-0.json,Smeargle,Moves,,Spikes,9.111
2017-09_gen2ou-0.json,Smeargle,Moves,,Encore,7.556
2017-09_gen2ou-0.json,Smeargle,Moves,,Recover,6.222
2017-09_gen2ou-0.json,Smeargle,Moves,,Swords Dance,4.667
2017-09_gen2ou-0.json,Smeargle,Moves,,Mirror Coat,4.667
2017-09_gen2ou-0.json,Smeargle,Moves,,Amnesia,3.556
2017-09_gen2ou-0.json,Smeargle,Moves,,Super Fang,2.889
2017-09_gen2ou-0.json,Smeargle,Moves,,Acid Armor,2.667
2017-09_gen2ou-0.json,Smeargle,Moves,,Aeroblast,2.0
2017-09_gen2ou-0.json,Smeargle,Moves,,Protect,2.0
2017-09_gen2ou-0.json,Smeargle,Moves,,Growth,1.333
2017-09_gen2ou-0.json,Smeargle,Moves,,Other,19.111
2017-09_gen2ou-0.json,Blastoise,Stats,Raw count,,449
2017-09_gen2ou-0.json,Blastoise,Stats,Avg. weight,,1.0
2017-09_gen2ou-0.json,Blastoise,Stats,Viability Ceiling,,78
2017-09_gen2ou-0.json,Blastoise,Stats,Serious,,8.018
2017-09_gen2ou-0.json,Blastoise,Abilities,,Illuminate,100.0
2017-09_gen2ou-0.json,Blastoise,Items,,Leftovers,67.706
2017-09_gen2ou-0.json,Blastoise,Items,,Nothing,13.363
2017-09_gen2ou-0.json,Blastoise,Items,,Mystic Water,9.577
2017-09_gen2ou-0.json,Blastoise,Items,,Mint Berry,4.232
2017-09_gen2ou-0.json,Blastoise,Items,,Quick Claw,1.336
2017-09_gen2ou-0.json,Blastoise,Items,,Other,3.786
2017-09_gen2ou-0.json,Blastoise,Spreads,,Other,2.673
2017-09_gen2ou-0.json,Blastoise,Moves,,Surf,70.156
2017-09_gen2ou-0.json,Blastoise,Moves,,Rest,38.976
2017-09_gen2ou-0.json,Blastoise,Moves,,Ice Beam,38.085
2017-09_gen2ou-0.json,Blastoise,Moves,,Hydro Pump,35.635
2017-09_gen2ou-0.json,Blastoise,Moves,,Rapid Spin,34.521
2017-09_gen2ou-0.json,Blastoise,Moves,,Blizzard,29.844
2017-09_gen2ou-0.json,Blastoise,Moves,,Toxic,22.272
2017-09_gen2ou-0.json,Blastoise,Moves,,Roar,21.826
2017-09_gen2ou-0.json,Blastoise,Moves,,Earthquake,19.822
2017-09_gen2ou-0.json,Blastoise,Moves,,Rain Dance,10.468
2017-09_gen2ou-0.json,Blastoise,Moves,,Hidden Power Electric,8.241
2017-09_gen2ou-0.json,Blastoise,Moves,,Counter,7.127
2017-09_gen2ou-0.json,Blastoise,Moves,,Whirlpool,6.904
2017-09_gen2ou-0.json,Blastoise,Moves,,Reflect,6.236
2017-09_gen2ou-0.json,Blastoise,Moves,,Hidden Power Fire,4.9
2017-09_gen2ou-0.json,Blastoise,Moves,,Body Slam,4.677
2017-09_gen2ou-0.json,Blastoise,Moves,,Hyper Beam,4.232
2017-09_gen2ou-0.json,Blastoise,Moves,,Skull Bash,3.786
2017-09_gen2ou-0.json,Blastoise,Moves,,Mirror Coat,2.895
2017-09_gen2ou-0.json,Blastoise,Moves,,Seismic Toss,2.673
2017-09_gen2ou-0.json,Blastoise,Moves,,Protect,2.673
2017-09_gen2ou-0.json,Blastoise,Moves,,Nothing,2.45
2017-09_gen2ou-0.json,Blastoise,Moves,,Strength,2.004
2017-09_gen2ou-0.json,Blastoise,Moves,,Other,19.599
2017-09_gen2ou-0.json,Rhydon,Stats,Raw count,,407
2017-09_gen2ou-0.json,Rhydon,Stats,Avg. weight,,1.0
2017-09_gen2ou-0.json,Rhydon,Stats,Viability Ceiling,,95
2017-09_gen2ou-0.json,Rhydon,Stats,Serious,,7.125
2017-09_gen2ou-0.json,Rhydon,Abilities,,Illuminate,100.0
2017-09_gen2ou-0.json,Rhydon,Items,,Leftovers,69.042
2017-09_gen2ou-0.json,Rhydon,Items,,BrightPowder,13.268
2017-09_gen2ou-0.json,Rhydon,Items,,Nothing,9.582
2017-09_gen2ou-0.json,Rhydon,Items,,Soft Sand,2.948
2017-09_gen2ou-0.json,Rhydon,Items,,Mint Berry,1.966
2017-09_gen2ou-0.json,Rhydon,Items,,Other,3.194
2017-09_gen2ou-0.json,Rhydon,Spreads,,Other,1.72
2017-09_gen2ou-0.json,Rhydon,Moves,,Earthquake,97.543
2017-09_gen2ou-0.json,Rhydon,Moves,,Rock Slide,94.103
2017-09_gen2ou-0.json,Rhydon,Moves,,Roar,57.74
2017-09_gen2ou-0.json,Rhydon,Moves,,Curse,46.683
2017-09_gen2ou-0.json,Rhydon,Moves,,Thunder,14.988
2017-09_gen2ou-0.json,Rhydon,Moves,,Body Slam,11.057
2017-09_gen2ou-0.json,Rhydon,Moves,,Substitute,9.582
2017-09_gen2ou-0.json,Rhydon,Moves,,Rest,6.634
2017-09_gen2ou-0.json,Rhydon,Moves,,Thunderbolt,6.143
2017-09_gen2ou-0.json,Rhydon,Moves,,Hidden Power Bug,5.405
2017-09_gen2ou-0.json,Rhydon,Moves,,Fire Blast,4.668
2017-09_gen2ou-0.json,Rhydon,Moves,,Dynamic Punch,4.423
2017-09_gen2ou-0.json,Rhydon,Moves,,Counter,3.931
2017-09_gen2ou-0.json,Rhydon,Moves,,Flamethrower,3.194
2017-09_gen2ou-0.json,Rhydon,Moves,,Blizzard,2.948
2017-09_gen2ou-0.json,Rhydon,Moves,,Surf,2.948
2017-09_gen2ou-0.json,Rhydon,Moves,,Ice Beam,2.211
2017-09_gen2ou-0.json,Rhydon,Moves,,Zap Cannon,2.211
2017-09_gen2ou-0.json,Rhydon,Moves,,Seismic Toss,2.211
2017-09_gen2ou-0.json,Rhydon,Moves,,Hyper Beam,1.966
2017-09_gen2ou-0.json,Rhydon,Moves,,Other,19.41
2017-09_gen2ou-0.json,Quagsire,Stats,Raw count,,387
2017-09_gen2ou-0.json,Quagsire,Stats,Avg. weight,,1.0
2017-09_gen2ou-0.json,Quagsire,Stats,Viability Ceiling,,85
2017-09_gen2ou-0.json,Quagsire,Stats,Serious,,98.708
2017-09_gen2ou-0.json,Quagsire,Abilities,,Illuminate,100.0
2017-09_gen2ou-0.json,Quagsire,Items,,Leftovers,92.506
2017-09_gen2ou-0.json,Quagsire,Items,,Focus Band,1.809
2017-09_gen2ou-0.json,Quagsire,Items,,Gold Berry,1.292
2017-09_gen2ou-0.json,Quagsire,Items,,Other,4.393
2017-09_gen2ou-0.json,Quagsire,Spreads,,Other,1.292
2017-09_gen2ou-0.json,Quagsire,Moves,,Earthquake,98.708
2017-09_gen2ou-0.json,Quagsire,Moves,,Belly Drum,70.284
2017-09_gen2ou-0.json,Quagsire,Moves,,Rest,41.86
2017-09_gen2ou-0.json,Quagsire,Moves,,Hidden Power Rock,40.052
2017-09_gen2ou-0.json,Quagsire,Moves,,Ice Beam,29.199
2017-09_gen2ou-0.json,Quagsire,Moves,,Dynamic Punch,23.773
2017-09_gen2ou-0.json,Quagsire,Moves,,Surf,19.897
2017-09_gen2ou-0.json,Quagsire,Moves,,Ice Punch,14.47
2017-09_gen2ou-0.json,Quagsire,Moves,,Amnesia,11.886
2017-09_gen2ou-0.json,Quagsire,Moves,,Curse,9.561
2017-09_gen2ou-0.json,Quagsire,Moves,,Sludge Bomb,7.752
2017-09_gen2ou-0.json,Quagsire,Moves,,Ancient Power,7.752
2017-09_gen2ou-0.json,Quagsire,Moves,,Hidden Power Electric,4.134
2017-09_gen2ou-0.json,Quagsire,Moves,,Haze,2.584
2017-09_gen2ou-0.json,Quagsire,Moves,,Other,18.088
2017-09_gen2ou-0.json,Houndoom,Stats,Raw count,,397
2017-09_gen2ou-0.json,Houndoom,Stats,Avg. weight,,1.0
2017-09_gen2ou-0.json,Houndoom,Stats,Viability Ceiling,,88
2017-09_gen2ou-0.json,Houndoom,Stats,Serious,,99.244
2017-09_gen2ou-0.json,Houndoom,Abilities,,Illuminate,100.0
2017-09_gen2ou-0.json,Houndoom,Items,,Leftovers,65.995
2017-09_gen2ou-0.json,Houndoom,Items,,Charcoal,12.594
2017-09_gen2ou-0.json,Houndoom,Items,,Black Glasses,8.312
2017-09_gen2ou-0.json,Houndoom,Items,,Miracle Berry,6.297
2017-09_gen2ou-0.json,Houndoom,Items,,Focus Band,1.763
2017-09_gen2ou-0.json,Houndoom,Items,,Berserk Gene,1.511
2017-09_gen2ou-0.json,Houndoom,Items,,Other,3.526
2017-09_gen2ou-0.json,Houndoom,Spreads,,Other,0.756
2017-09_gen2ou-0.json,Houndoom,Moves,,Crunch,91.688
2017-09_gen2ou-0.json,Houndoom,Moves,,Fire Blast,61.461
2017-09_gen2ou-0.json,Houndoom,Moves,,Flamethrower,44.332
2017-09_gen2ou-0.json,Houndoom,Moves,,Pursuit,40.554
2017-09_gen2ou-0.json,Houndoom,Moves,,Counter,29.471
2017-09_gen2ou-0.json,Houndoom,Moves,,Sunny Day,21.662
2017-09_gen2ou-0.json,Houndoom,Moves,,Roar,17.884
2017-09_gen2ou-0.json,Houndoom,Moves,,Solar Beam,16.877
2017-09_gen2ou-0.json,Houndoom,Moves,,Shadow Ball,8.816
2017-09_gen2ou-0.json,Houndoom,Moves,,Sludge Bomb,8.564
2017-09_gen2ou-0.json,Houndoom,Moves,,Hidden Power Grass,8.06
2017-09_gen2ou-0.json,Houndoom,Moves,,Toxic,6.801
2017-09_gen2ou-0.json,Houndoom,Moves,,Endure,4.786
2017-09_gen2ou-0.json,Houndoom,Moves,,Reversal,4.534
2017-09_gen2ou-0.json,Houndoom,Moves,,Rest,4.03
2017-09_gen2ou-0.json,Houndoom,Moves,,Sleep Talk,4.03
2017-09_gen2ou-0.json,Houndoom,Moves,,Detect,3.275
2017-09_gen2ou-0.json,Houndoom,Moves,,Protect,3.275
2017-09_gen2ou-0.json,Houndoom,Moves,,Other,19.899
2017-09_gen2ou-0.json,Golem,Stats,Raw count,,382
2017-09_gen2ou-0.json,Golem,Stats,Avg. weight,,1.0
2017-09_gen2ou-0.json,Golem,Stats,Viability Ceiling,,94
2017-09_gen2ou-0.json,Golem,Stats,Serious,,9.424
2017-09_gen2ou-0.json,Golem,Abilities,,Illuminate,100.0
2017-09_gen2ou-0.json,Golem,Items,,Leftovers,80.628
2017-09_gen2ou-0.json,Golem,Items,,Nothing,5.236
2017-09_gen2ou-0.json,Golem,Items,,Hard Stone,4.974
2017-09_gen2ou-0.json,Golem,Items,,Soft Sand,2.618
2017-09_gen2ou-0.json,Golem,Items,,King's Rock,2.356
2017-09_gen2ou-0.json,Golem,Items,,Other,4.188
2017-09_gen2ou-0.json,Golem,Spreads,,Other,0.785
2017-09_gen2ou-0.json,Golem,Moves,,Earthquake,97.382
2017-09_gen2ou-0.json,Golem,Moves,,Explosion,90.052
2017-09_gen2ou-0.json,Golem,Moves,,Roar,53.403
2017-09_gen2ou-0.json,Golem,Moves,,Rapid Spin,45.55
2017-09_gen2ou-0.json,Golem,Moves,,Rock Slide,42.408
2017-09_gen2ou-0.json,Golem,Moves,,Fire Blast,14.136
2017-09_gen2ou-0.json,Golem,Moves,,Curse,13.874
2017-09_gen2ou-0.json,Golem,Moves,,Seismic Toss,5.497
2017-09_gen2ou-0.json,Golem,Moves,,Counter,5.497
2017-09_gen2ou-0.json,Golem,Moves,,Dynamic Punch,4.712
2017-09_gen2ou-0.json,Golem,Moves,,Mega Punch,3.403
2017-09_gen2ou-0.json,Golem,Moves,,Body Slam,2.88
2017-09_gen2ou-0.json,Golem,Moves,,Toxic,2.618
2017-09_gen2ou-0.json,Golem,Moves,,Other,18.586
2017-09_gen2ou-0.json,Jynx,Stats,Raw count,,336
2017-09_gen2ou-0.json,Jynx,Stats,Avg. weight,,1.0
2017-09_gen2ou-0.json,Jynx,Stats,Viability Ceiling,,94
2017-09_gen2ou-0.json,Jynx,Stats,Serious,,97.321
2017-09_gen2ou-0.json,Jynx,Abilities,,Illuminate,100.0
2017-09_gen2ou-0.json,Jynx,Items,,Leftovers,63.393
2017-09_gen2ou-0.json,Jynx,Items,,Nothing,19.94
2017-09_gen2ou-0.json,Jynx,Items,,Miracle Berry,8.333
2017-09_gen2ou-0.json,Jynx,Items,,Never-Melt Ice,6.845
2017-09_gen2ou-0.json,Jynx,Items,,Other,1.488
2017-09_gen2ou-0.json,Jynx,Spreads,,Other,2.679
2017-09_gen2ou-0.json,Jynx,Moves,,Ice Beam,86.607
2017-09_gen2ou-0.json,Jynx,Moves,,Lovely Kiss,77.381
2017-09_gen2ou-0.json,Jynx,Moves,,Psychic,68.75
2017-09_gen2ou-0.json,Jynx,Moves,,Substitute,36.607
2017-09_gen2ou-0.json,Jynx,Moves,,Mean Look,25.893
2017-09_gen2ou-0.json,Jynx,Moves,,Perish Song,23.81
2017-09_gen2ou-0.json,Jynx,Moves,,Protect,19.94
2017-09_gen2ou-0.json,Jynx,Moves,,Thief,18.452
2017-09_gen2ou-0.json,Jynx,Moves,,Nightmare,11.905
2017-09_gen2ou-0.json,Jynx,Moves,,Blizzard,6.845
2017-09_gen2ou-0.json,Jynx,Moves,,Shadow Ball,5.952
2017-09_gen2ou-0.json,Jynx,Moves,,Other,17.857
2017-09_gen2ou-0.json,Lapras,Stats,Raw count,,341
2017-09_gen2ou-0.json,Lapras,Stats,Avg. weight,,1.0
2017-09_gen2ou-0.json,Lapras,Stats,Viability Ceiling,,76
2017-09_gen2ou-0.json,Lapras,Stats,Serious,,28.739
2017-09_gen2ou-0.json,Lapras,Abilities,,Illuminate,100.0
2017-09_gen2ou-0.json,Lapras,Items,,Leftovers,69.795
2017-09_gen2ou-0.json,Lapras,Items,,Mystic Water,9.677
2017-09_gen2ou-0.json,Lapras,Items,,Never-Melt Ice,8.504
2017-09_gen2ou-0.json,Lapras,Items,,Nothing,6.158
2017-09_gen2ou-0.json,Lapras,Items,,Mint Berry,1.173
2017-09_gen2ou-0.json,Lapras,Items,,Other,4.692
2017-09_gen2ou-0.json,Lapras,Spreads,,Other,4.692
2017-09_gen2ou-0.json,Lapras,Moves,,Ice Beam,62.17
2017-09_gen2ou-0.json,Lapras,Moves,,Surf,61.584
2017-09_gen2ou-0.json,Lapras,Moves,,Perish Song,39.296
2017-09_gen2ou-0.json,Lapras,Moves,,Blizzard,25.513
2017-09_gen2ou-0.json,Lapras,Moves,,Hydro Pump,25.513
2017-09_gen2ou-0.json,Lapras,Moves,,Protect,22.874
2017-09_gen2ou-0.json,Lapras,Moves,,Whirlpool,21.408
2017-09_gen2ou-0.json,Lapras,Moves,,Thunderbolt,20.821
2017-09_gen2ou-0.json,Lapras,Moves,,Psychic,18.182
2017-09_gen2ou-0.json,Lapras,Moves,,Confuse Ray,16.129
2017-09_gen2ou-0.json,Lapras,Moves,,Thunder,15.836
2017-09_gen2ou-0.json,Lapras,Moves,,Rest,15.249
2017-09_gen2ou-0.json,Lapras,Moves,,Body Slam,14.663
2017-09_gen2ou-0.json,Lapras,Moves,,Attract,5.865
2017-09_gen2ou-0.json,Lapras,Moves,,Sleep Talk,4.106
2017-09_gen2ou-0.json,Lapras,Moves,,Toxic,4.106
2017-09_gen2ou-0.json,Lapras,Moves,,Sing,3.226
2017-09_gen2ou-0.json,Lapras,Moves,,Rain Dance,3.226
2017-09_gen2ou-0.json,Lapras,Moves,,Psywave,3.226
2017-09_gen2ou-0.json,Lapras,Moves,,Other,17.009
2017-09_gen2ou-0.json,Feraligatr,Stats,Raw count,,331
2017-09_gen2ou-0.json,Feraligatr,Stats,Avg. weight,,1.0
2017-09_gen2ou-0.json,Feraligatr,Stats,Viability Ceiling,,62
2017-09_gen2ou-0.json,Feraligatr,Stats,Serious,,96.073
2017-09_gen2ou-0.json,Feraligatr,Abilities,,Illuminate,100.0
2017-09_gen2ou-0.json,Feraligatr,Items,,Leftovers,35.347
2017-09_gen2ou-0.json,Feraligatr,Items,,Mystic Water,23.565
2017-09_gen2ou-0.json,Feraligatr,Items,,Quick Claw,10.574
2017-09_gen2ou-0.json,Feraligatr,Items,,Berserk Gene,9.97
2017-09_gen2ou-0.json,Feraligatr,Items,,Nothing,8.157
2017-09_gen2ou-0.json,Feraligatr,Items,,Scope Lens,2.417
2017-09_gen2ou-0.json,Feraligatr,Items,,Gold Berry,2.115
2017-09_gen2ou-0.json,Feraligatr,Items,,Never-Melt Ice,1.813
2017-09_gen2ou-0.json,Feraligatr,Items,,King's Rock,1.511
2017-09_gen2ou-0.json,Feraligatr,Items,,Other,4.532
2017-09_gen2ou-0.json,Feraligatr,Spreads,,Other,3.927
2017-09_gen2ou-0.json,Feraligatr,Moves,,Earthquake,70.997
2017-09_gen2ou-0.json,Feraligatr,Moves,,Hydro Pump,60.121
2017-09_gen2ou-0.json,Feraligatr,Moves,,Ice Beam,44.411
2017-09_gen2ou-0.json,Feraligatr,Moves,,Surf,42.598
2017-09_gen2ou-0.json,Feraligatr,Moves,,Crunch,34.441
2017-09_gen2ou-0.json,Feraligatr,Moves,,Dynamic Punch,18.731
2017-09_gen2ou-0.json,Feraligatr,Moves,,Rock Slide,17.825
2017-09_gen2ou-0.json,Feraligatr,Moves,,Ice Punch,13.293
2017-09_gen2ou-0.json,Feraligatr,Moves,,Blizzard,12.991
2017-09_gen2ou-0.json,Feraligatr,Moves,,Return,7.855
2017-09_gen2ou-0.json,Feraligatr,Moves,,Slash,7.553
2017-09_gen2ou-0.json,Feraligatr,Moves,,Ancient Power,7.553
2017-09_gen2ou-0.json,Feraligatr,Moves,,Curse,6.042
2017-09_gen2ou-0.json,Feraligatr,Moves,,Bite,6.042
2017-09_gen2ou-0.json,Feraligatr,Moves,,Toxic,6.042
2017-09_gen2ou-0.json,Feraligatr,Moves,,Icy Wind,4.532
2017-09_gen2ou-0.json,Feraligatr,Moves,,Iron Tail,3.927
2017-09_gen2ou-0.json,Feraligatr,Moves,,Protect,3.323
2017-09_gen2ou-0.json,Feraligatr,Moves,,Whirlpool,2.719
2017-09_gen2ou-0.json,Feraligatr,Moves,,Hidden Power Fighting,2.417
2017-09_gen2ou-0.json,Feraligatr,Moves,,Water Gun,2.417
2017-09_gen2ou-0.json,Feraligatr,Moves,,Thrash,2.417
2017-09_gen2ou-0.json,Feraligatr,Moves,,Detect,2.115
2017-09_gen2ou-0.json,Feraligatr,Moves,,Other,19.637
2017-09_gen2ou-0.json,Tauros,Stats,Raw count,,287
2017-09_gen2ou-0.json,Tauros,Stats,Avg. weight,,1.0
2017-09_gen2ou-0.json,Tauros,Stats,Viability Ceiling,,82
2017-09_gen2ou-0.json,Tauros,Stats,Serious,,5.923
2017-09_gen2ou-0.json,Tauros,Abilities,,Illuminate,100.0
2017-09_gen2ou-0.json,Tauros,Items,,Berserk Gene,57.84
2017-09_gen2ou-0.json,Tauros,Items,,Leftovers,20.906
2017-09_gen2ou-0.json,Tauros,Items,,Gold Berry,6.62
2017-09_gen2ou-0.json,Tauros,Items,,Nothing,5.923
2017-09_gen2ou-0.json,Tauros,Items,,Polkadot Bow,3.484
2017-09_gen2ou-0.json,Tauros,Items,,King's Rock,3.136
2017-09_gen2ou-0.json,Tauros,Items,,Other,2.091
2017-09_gen2ou-0.json,Tauros,Spreads,,Other,0.697
2017-09_gen2ou-0.json,Tauros,Moves,,Earthquake,94.774
2017-09_gen2ou-0.json,Tauros,Moves,,Double-Edge,75.61
2017-09_gen2ou-0.json,Tauros,Moves,,Hyper Beam,67.944
2017-09_gen2ou-0.json,Tauros,Moves,,Quick Attack,47.387
2017-09_gen2ou-0.json,Tauros,Moves,,Body Slam,17.77
2017-09_gen2ou-0.json,Tauros,Moves,,Rest,16.376
2017-09_gen2ou-0.json,Tauros,Moves,,Sleep Talk,16.376
2017-09_gen2ou-0.json,Tauros,Moves,,Hidden Power Rock,13.24
2017-09_gen2ou-0.json,Tauros,Moves,,Flamethrower,7.666
2017-09_gen2ou-0.json,Tauros,Moves,,Return,6.62
2017-09_gen2ou-0.json,Tauros,Moves,,Fire Blast,4.878
2017-09_gen2ou-0.json,Tauros,Moves,,Hidden Power Fighting,3.484
2017-09_gen2ou-0.json,Tauros,Moves,,Protect,3.136
2017-09_gen2ou-0.json,Tauros,Moves,,Blizzard,2.787
2017-09_gen2ou-0.json,Tauros,Moves,,Ice Beam,2.787
2017-09_gen2ou-0.json,Tauros,Moves,,Other,19.164
2017-09_gen2ou-0.json,Arcanine,Stats,Raw count,,246
2017-09_gen2ou-0.json,Arcanine,Stats,Avg. weight,,1.0
2017-09_gen2ou-0.json,Arcanine,Stats,Viability Ceiling,,69
2017-09_gen2ou-0.json,Arcanine,Stats,Serious,,2.033
2017-09_gen2ou-0.json,Arcanine,Abilities,,Illuminate,100.0
2017-09_gen2ou-0.json,Arcanine,Items,,Leftovers,70.325
2017-09_gen2ou-0.json,Arcanine,Items,,Charcoal,17.073
2017-09_gen2ou-0.json,Arcanine,Items,,Nothing,6.504
2017-09_gen2ou-0.json,Arcanine,Items,,Mint Berry,1.22
2017-09_gen2ou-0.json,Arcanine,Items,,Other,4.878
2017-09_gen2ou-0.json,Arcanine,Spreads,,Other,4.878
2017-09_gen2ou-0.json,Arcanine,Moves,,Extreme Speed,56.911
2017-09_gen2ou-0.json,Arcanine,Moves,,Crunch,56.098
2017-09_gen2ou-0.json,Arcanine,Moves,,Fire Blast,55.285
2017-09_gen2ou-0.json,Arcanine,Moves,,Flamethrower,48.78
2017-09_gen2ou-0.json,Arcanine,Moves,,Hidden Power Fighting,30.894
2017-09_gen2ou-0.json,Arcanine,Moves,,Roar,29.675
2017-09_gen2ou-0.json,Arcanine,Moves,,Body Slam,16.26
2017-09_gen2ou-0.json,Arcanine,Moves,,Rest,15.041
2017-09_gen2ou-0.json,Arcanine,Moves,,Toxic,9.756
2017-09_gen2ou-0.json,Arcanine,Moves,,Iron Tail,8.537
2017-09_gen2ou-0.json,Arcanine,Moves,,Sunny Day,7.317
2017-09_gen2ou-0.json,Arcanine,Moves,,Dragon Breath,6.504
2017-09_gen2ou-0.json,Arcanine,Moves,,Dig,6.504
2017-09_gen2ou-0.json,Arcanine,Moves,,Sleep Talk,4.878
2017-09_gen2ou-0.json,Arcanine,Moves,,Curse,4.472
2017-09_gen2ou-0.json,Arcanine,Moves,,Hidden Power Grass,4.472
2017-09_gen2ou-0.json,Arcanine,Moves,,Agility,4.472
2017-09_gen2ou-0.json,Arcanine,Moves,,Flame Wheel,4.472
2017-09_gen2ou-0.json,Arcanine,Moves,,Reflect,2.846
2017-09_gen2ou-0.json,Arcanine,Moves,,Fire Spin,2.439
2017-09_gen2ou-0.json,Arcanine,Moves,,Hidden Power Ice,2.439
2017-09_gen2ou-0.json,Arcanine,Moves,,Bite,2.439
2017-09_gen2ou-0.json,Arcanine,Moves,,Other,19.512
2017-09_gen2ou-0.json,Porygon2,Stats,Raw count,,244
2017-09_gen2ou-0.json,Porygon2,Stats,Avg. weight,,1.0
2017-09_gen2ou-0.json,Porygon2,Stats,Viability Ceiling,,88
2017-09_gen2ou-0.json,Porygon2,Stats,Serious,,8.607
2017-09_gen2ou-0.json,Porygon2,Abilities,,Illuminate,100.0
2017-09_gen2ou-0.json,Porygon2,Items,,Leftovers,87.705
2017-09_gen2ou-0.json,Porygon2,Items,,BrightPowder,5.738
2017-09_gen2ou-0.json,Porygon2,Items,,Berserk Gene,1.639
2017-09_gen2ou-0.json,Porygon2,Items,,Other,4.918
2017-09_gen2ou-0.json,Porygon2,Spreads,,Other,0.41
2017-09_gen2ou-0.json,Porygon2,Moves,,Recover,87.295
2017-09_gen2ou-0.json,Porygon2,Moves,,Curse,71.721
2017-09_gen2ou-0.json,Porygon2,Moves,,Ice Beam,70.902
2017-09_gen2ou-0.json,Porygon2,Moves,,Return,44.262
2017-09_gen2ou-0.json,Porygon2,Moves,,Double-Edge,27.049
2017-09_gen2ou-0.json,Porygon2,Moves,,Psychic,13.525
2017-09_gen2ou-0.json,Porygon2,Moves,,Tri Attack,11.885
2017-09_gen2ou-0.json,Porygon2,Moves,,Thunderbolt,11.066
2017-09_gen2ou-0.json,Porygon2,Moves,,Thunder Wave,10.246
2017-09_gen2ou-0.json,Porygon2,Moves,,Thunder,7.377
2017-09_gen2ou-0.json,Porygon2,Moves,,Blizzard,5.738
2017-09_gen2ou-0.json,Porygon2,Moves,,Toxic,4.918
2017-09_gen2ou-0.json,Porygon2,Moves,,Zap Cannon,4.098
2017-09_gen2ou-0.json,Porygon2,Moves,,Conversion,3.689
2017-09_gen2ou-0.json,Porygon2,Moves,,Rest,3.279
2017-09_gen2ou-0.json,Porygon2,Moves,,Hidden Power Fighting,3.279
2017-09_gen2ou-0.json,Porygon2,Moves,,Other,19.672
2017-09_gen2ou-0.json,Jumpluff,Stats,Raw count,,213
2017-09_gen2ou-0.json,Jumpluff,Stats,Avg. weight,,1.0
2017-09_gen2ou-0.json,Jumpluff,Stats,Viability Ceiling,,88
2017-09_gen2ou-0.json,Jumpluff,Stats,Serious,,5.634
2017-09_gen2ou-0.json,Jumpluff,Abilities,,Illuminate,100.0
2017-09_gen2ou-0.json,Jumpluff,Items,,Leftovers,89.671
2017-09_gen2ou-0.json,Jumpluff,Items,,Miracle Seed,6.103
2017-09_gen2ou-0.json,Jumpluff,Items,,Other,4.225
2017-09_gen2ou-0.json,Jumpluff,Spreads,,Other,2.347
2017-09_gen2ou-0.json,Jumpluff,Moves,,Leech Seed,99.061
2017-09_gen2ou-0.json,Jumpluff,Moves,,Sleep Powder,88.263
2017-09_gen2ou-0.json,Jumpluff,Moves,,Encore,59.624
2017-09_gen2ou-0.json,Jumpluff,Moves,,Stun Spore,47.887
2017-09_gen2ou-0.json,Jumpluff,Moves,,Giga Drain,39.906
2017-09_gen2ou-0.json,Jumpluff,Moves,,Toxic,38.028
2017-09_gen2ou-0.json,Jumpluff,Moves,,Solar Beam,5.164
2017-09_gen2ou-0.json,Jumpluff,Moves,,Synthesis,4.695
2017-09_gen2ou-0.json,Jumpluff,Moves,,Other,17.371
2017-09_gen2ou-0.json,Crobat,Stats,Raw count,,203
2017-09_gen2ou-0.json,Crobat,Stats,Avg. weight,,1.0
2017-09_gen2ou-0.json,Crobat,Stats,Viability Ceiling,,68
2017-09_gen2ou-0.json,Crobat,Stats,Serious,,96.552
2017-09_gen2ou-0.json,Crobat,Abilities,,Illuminate,100.0
2017-09_gen2ou-0.json,Crobat,Items,,Leftovers,49.754
2017-09_gen2ou-0.json,Crobat,Items,,Miracle Berry,11.823
2017-09_gen2ou-0.json,Crobat,Items,,King's Rock,7.882
2017-09_gen2ou-0.json,Crobat,Items,,Nothing,6.897
2017-09_gen2ou-0.json,Crobat,Items,,Poison Barb,5.911
2017-09_gen2ou-0.json,Crobat,Items,,Berserk Gene,3.448
2017-09_gen2ou-0.json,Crobat,Items,,BrightPowder,3.448
2017-09_gen2ou-0.json,Crobat,Items,,Black Glasses,2.463
2017-09_gen2ou-0.json,Crobat,Items,,Sharp Beak,1.97
2017-09_gen2ou-0.json,Crobat,Items,,Scope Lens,1.478
2017-09_gen2ou-0.json,Crobat,Items,,Other,4.926
2017-09_gen2ou-0.json,Crobat,Spreads,,Other,3.448
2017-09_gen2ou-0.json,Crobat,Moves,,Toxic,66.995
2017-09_gen2ou-0.json,Crobat,Moves,,Confuse Ray,37.931
2017-09_gen2ou-0.json,Crobat,Moves,,Wing Attack,33.99
2017-09_gen2ou-0.json,Crobat,Moves,,Fly,33.498
2017-09_gen2ou-0.json,Crobat,Moves,,Giga Drain,33.005
2017-09_gen2ou-0.json,Crobat,Moves,,Haze,23.153
2017-09_gen2ou-0.json,Crobat,Moves,,Steel Wing,20.69
2017-09_gen2ou-0.json,Crobat,Moves,,Hidden Power Poison,20.197
2017-09_gen2ou-0.json,Crobat,Moves,,Whirlwind,16.749
2017-09_gen2ou-0.json,Crobat,Moves,,Protect,14.286
2017-09_gen2ou-0.json,Crobat,Moves,,Bite,13.793
2017-09_gen2ou-0.json,Crobat,Moves,,Nothing,10.837
2017-09_gen2ou-0.json,Crobat,Moves,,Substitute,9.36
2017-09_gen2ou-0.json,Crobat,Moves,,Hidden Power Flying,9.36
2017-09_gen2ou-0.json,Crobat,Moves,,Mean Look,8.374
2017-09_gen2ou-0.json,Crobat,Moves,,Double-Edge,6.404
2017-09_gen2ou-0.json,Crobat,Moves,,Feint Attack,4.433
2017-09_gen2ou-0.json,Crobat,Moves,,Screech,4.433
2017-09_gen2ou-0.json,Crobat,Moves,,Quick Attack,3.941
2017-09_gen2ou-0.json,Crobat,Moves,,Hyper Beam,3.941
2017-09_gen2ou-0.json,Crobat,Moves,,Hidden Power Fighting,2.463
2017-09_gen2ou-0.json,Crobat,Moves,,Leech Life,2.463
2017-09_gen2ou-0.json,Crobat,Moves,,Other,19.704
2017-09_gen2ou-0.json,Piloswine,Stats,Raw count,,199
2017-09_gen2ou-0.json,Piloswine,Stats,Avg. weight,,1.0
2017-09_gen2ou-0.json,Piloswine,Stats,Viability Ceiling,,94
2017-09_gen2ou-0.json,Piloswine,Stats,Serious,,99.497
2017-09_gen2ou-0.json,Piloswine,Abilities,,Illuminate,100.0
2017-09_gen2ou-0.json,Piloswine,Items,,Leftovers,83.417
2017-09_gen2ou-0.json,Piloswine,Items,,Mint Berry,8.543
2017-09_gen2ou-0.json,Piloswine,Items,,Nothing,3.518
2017-09_gen2ou-0.json,Piloswine,Items,,Other,4.523
2017-09_gen2ou-0.json,Piloswine,Spreads,,Other,0.503
2017-09_gen2ou-0.json,Piloswine,Moves,,Earthquake,98.492
2017-09_gen2ou-0.json,Piloswine,Moves,,Blizzard,55.276
2017-09_gen2ou-0.json,Piloswine,Moves,,Rest,51.759
2017-09_gen2ou-0.json,Piloswine,Moves,,Roar,45.729
2017-09_gen2ou-0.json,Piloswine,Moves,,Curse,41.709
2017-09_gen2ou-0.json,Piloswine,Moves,,Ice Beam,37.688
2017-09_gen2ou-0.json,Piloswine,Moves,,Sleep Talk,26.131
2017-09_gen2ou-0.json,Piloswine,Moves,,Rock Slide,15.578
2017-09_gen2ou-0.json,Piloswine,Moves,,Toxic,8.04
2017-09_gen2ou-0.json,Piloswine,Moves,,Other,19.598
2017-09_gen2ou-0.json,Muk,Stats,Raw count,,197
2017-09_gen2ou-0.json,Muk,Stats,Avg. weight,,1.0
2017-09_gen2ou-0.json,Muk,Stats,Viability Ceiling,,91
2017-09_gen2ou-0.json,Muk,Stats,Serious,,99.492
2017-09_gen2ou-0.json,Muk,Abilities,,Illuminate,100.0
2017-09_gen2ou-0.json,Muk,Items,,Leftovers,93.401
2017-09_gen2ou-0.json,Muk,Items,,Poison Barb,2.03
2017-09_gen2ou-0.json,Muk,Items,,Other,4.569
2017-09_gen2ou-0.json,Muk,Spreads,,Other,0.508
2017-09_gen2ou-0.json,Muk,Moves,,Sludge Bomb,94.416
2017-09_gen2ou-0.json,Muk,Moves,,Fire Blast,87.817
2017-09_gen2ou-0.json,Muk,Moves,,Curse,82.741
2017-09_gen2ou-0.json,Muk,Moves,,Explosion,76.142
2017-09_gen2ou-0.json,Muk,Moves,,Hidden Power Ground,11.168
2017-09_gen2ou-0.json,Muk,Moves,,Body Slam,8.629
2017-09_gen2ou-0.json,Muk,Moves,,Giga Drain,6.091
2017-09_gen2ou-0.json,Muk,Moves,,Thunder,4.569
2017-09_gen2ou-0.json,Muk,Moves,,Acid Armor,3.553
2017-09_gen2ou-0.json,Muk,Moves,,Screech,3.553
2017-09_gen2ou-0.json,Muk,Moves,,Toxic,2.538
2017-09_gen2ou-0.json,Muk,Moves,,Other,18.782
2017-09_gen2ou-0.json,Donphan,Stats,Raw count,,181
2017-09_gen2ou-0.json,Donphan,Stats,Avg. weight,,1.0
2017-09_gen2ou-0.json,Donphan,Stats,Viability Ceiling,,87
2017-09_gen2ou-0.json,Donphan,Stats,Serious,,96.685
2017-09_gen2ou-0.json,Donphan,Abilities,,Illuminate,100.0
2017-09_gen2ou-0.json,Donphan,Items,,Leftovers,76.796
2017-09_gen2ou-0.json,Donphan,Items,,Nothing,9.945
2017-09_gen2ou-0.json,Donphan,Items,,Berserk Gene,4.972
2017-09_gen2ou-0.json,Donphan,Items,,Soft Sand,4.972
2017-09_gen2ou-0.json,Donphan,Items,,Other,3.315
2017-09_gen2ou-0.json,Donphan,Spreads,,Other,3.315
2017-09_gen2ou-0.json,Donphan,Moves,,Earthquake,97.79
2017-09_gen2ou-0.json,Donphan,Moves,,Rapid Spin,50.276
2017-09_gen2ou-0.json,Donphan,Moves,,Roar,39.227
2017-09_gen2ou-0.json,Donphan,Moves,,Ancient Power,32.597
2017-09_gen2ou-0.json,Donphan,Moves,,Toxic,25.414
2017-09_gen2ou-0.json,Donphan,Moves,,Body Slam,22.099
2017-09_gen2ou-0.json,Donphan,Moves,,Curse,19.337
2017-09_gen2ou-0.json,Donphan,Moves,,Rest,17.68
2017-09_gen2ou-0.json,Donphan,Moves,,Double-Edge,16.575
2017-09_gen2ou-0.json,Donphan,Moves,,Encore,13.812
2017-09_gen2ou-0.json,Donphan,Moves,,Hidden Power Fighting,11.05
2017-09_gen2ou-0.json,Donphan,Moves,,Hidden Power Rock,9.945
2017-09_gen2ou-0.json,Donphan,Moves,,Protect,8.84
2017-09_gen2ou-0.json,Donphan,Moves,,Rollout,6.077
2017-09_gen2ou-0.json,Donphan,Moves,,Hidden Power Ice,4.42
2017-09_gen2ou-0.json,Donphan,Moves,,Hyper Beam,4.42
2017-09_gen2ou-0.json,Donphan,Moves,,Mud-Slap,2.762
2017-09_gen2ou-0.json,Donphan,Moves,,Other,17.68
2017-09_gen2ou-0.json,Poliwrath,Stats,Raw count,,173
2017-09_gen2ou-0.json,Poliwrath,Stats,Avg. weight,,1.0
2017-09_gen2ou-0.json,Poliwrath,Stats,Viability Ceiling,,73
2017-09_gen2ou-0.json,Poliwrath,Stats,Serious,,98.266
2017-09_gen2ou-0.json,Poliwrath,Abilities,,Illuminate,100.0
2017-09_gen2ou-0.json,Poliwrath,Items,,Leftovers,78.035
2017-09_gen2ou-0.json,Poliwrath,Items,,Black Belt,8.671
2017-09_gen2ou-0.json,Poliwrath,Items,,Nothing,4.624
2017-09_gen2ou-0.json,Poliwrath,Items,,King's Rock,4.046
2017-09_gen2ou-0.json,Poliwrath,Items,,Other,4.624
2017-09_gen2ou-0.json,Poliwrath,Spreads,,Other,1.734
2017-09_gen2ou-0.json,Poliwrath,Moves,,Dynamic Punch,74.566
2017-09_gen2ou-0.json,Poliwrath,Moves,,Earthquake,72.254
2017-09_gen2ou-0.json,Poliwrath,Moves,,Belly Drum,71.676
2017-09_gen2ou-0.json,Poliwrath,Moves,,Hydro Pump,71.098
2017-09_gen2ou-0.json,Poliwrath,Moves,,Surf,14.451
2017-09_gen2ou-0.json,Poliwrath,Moves,,Lovely Kiss,12.139
2017-09_gen2ou-0.json,Poliwrath,Moves,,Ice Beam,9.827
2017-09_gen2ou-0.json,Poliwrath,Moves,,Body Slam,9.827
2017-09_gen2ou-0.json,Poliwrath,Moves,,Seismic Toss,8.092
2017-09_gen2ou-0.json,Poliwrath,Moves,,Submission,6.358
2017-09_gen2ou-0.json,Poliwrath,Moves,,Hypnosis,5.202
2017-09_gen2ou-0.json,Poliwrath,Moves,,Ice Punch,4.046
2017-09_gen2ou-0.json,Poliwrath,Moves,,Hidden Power Fighting,3.468
2017-09_gen2ou-0.json,Poliwrath,Moves,,Rest,2.89
2017-09_gen2ou-0.json,Poliwrath,Moves,,Water Gun,2.89
2017-09_gen2ou-0.json,Poliwrath,Moves,,Counter,2.89
2017-09_gen2ou-0.json,Poliwrath,Moves,,Blizzard,2.312
2017-09_gen2ou-0.json,Poliwrath,Moves,,Psychic,2.312
2017-09_gen2ou-0.json,Poliwrath,Moves,,Icy Wind,1.734
2017-09_gen2ou-0.json,Poliwrath,Moves,,Detect,1.734
2017-09_gen2ou-0.json,Poliwrath,Moves,,Hidden Power Water,1.734
2017-09_gen2ou-0.json,Poliwrath,Moves,,Other,18.497
2017-09_gen2ou-0.json,Tentacruel,Stats,Raw count,,174
2017-09_gen2ou-0.json,Tentacruel,Stats,Avg. weight,,1.0
2017-09_gen2ou-0.json,Tentacruel,Stats,Viability Ceiling,,92
2017-09_gen2ou-0.json,Tentacruel,Stats,Serious,,10.920
2017-09_gen2ou-0.json,Tentacruel,Abilities,,Illuminate,100.0
2017-09_gen2ou-0.json,Tentacruel,Items,,Leftovers,86.207
2017-09_gen2ou-0.json,Tentacruel,Items,,BrightPowder,8.046
2017-09_gen2ou-0.json,Tentacruel,Items,,Nothing,2.874
2017-09_gen2ou-0.json,Tentacruel,Items,,Other,2.874
2017-09_gen2ou-0.json,Tentacruel,Spreads,,Other,0.575
2017-09_gen2ou-0.json,Tentacruel,Moves,,Sludge Bomb,77.011
2017-09_gen2ou-0.json,Tentacruel,Moves,,Surf,73.563
2017-09_gen2ou-0.json,Tentacruel,Moves,,Swords Dance,59.195
2017-09_gen2ou-0.json,Tentacruel,Moves,,Substitute,55.172
2017-09_gen2ou-0.json,Tentacruel,Moves,,Hydro Pump,20.69
2017-09_gen2ou-0.json,Tentacruel,Moves,,Toxic,20.115
2017-09_gen2ou-0.json,Tentacruel,Moves,,Confuse Ray,16.092
2017-09_gen2ou-0.json,Tentacruel,Moves,,Wrap,13.218
2017-09_gen2ou-0.json,Tentacruel,Moves,,Rapid Spin,13.218
2017-09_gen2ou-0.json,Tentacruel,Moves,,Curse,7.471
2017-09_gen2ou-0.json,Tentacruel,Moves,,Haze,7.471
2017-09_gen2ou-0.json,Tentacruel,Moves,,Ice Beam,6.322
2017-09_gen2ou-0.json,Tentacruel,Moves,,Blizzard,5.172
2017-09_gen2ou-0.json,Tentacruel,Moves,,Barrier,5.172
2017-09_gen2ou-0.json,Tentacruel,Moves,,Giga Drain,4.598
2017-09_gen2ou-0.json,Tentacruel,Moves,,Other,15.517
2017-09_gen2ou-0.json,Slowbro,Stats,Raw count,,168
2017-09_gen2ou-0.json,Slowbro,Stats,Avg. weight,,1.0
2017-09_gen2ou-0.json,Slowbro,Stats,Viability Ceiling,,87
2017-09_gen2ou-0.json,Slowbro,Stats,Serious,,9.524
2017-09_gen2ou-0.json,Slowbro,Abilities,,Illuminate,100.0
2017-09_gen2ou-0.json,Slowbro,Items,,Leftovers,73.81
2017-09_gen2ou-0.json,Slowbro,Items,,Miracle Berry,13.69
2017-09_gen2ou-0.json,Slowbro,Items,,Mint Berry,10.714
2017-09_gen2ou-0.json,Slowbro,Items,,Other,1.786
2017-09_gen2ou-0.json,Slowbro,Spreads,,Other,1.19
2017-09_gen2ou-0.json,Slowbro,Moves,,Surf,87.5
2017-09_gen2ou-0.json,Slowbro,Moves,,Psychic,83.333
2017-09_gen2ou-0.json,Slowbro,Moves,,Thunder Wave,53.571
2017-09_gen2ou-0.json,Slowbro,Moves,,Rest,47.619
2017-09_gen2ou-0.json,Slowbro,Moves,,Ice Beam,20.238
2017-09_gen2ou-0.json,Slowbro,Moves,,Amnesia,17.857
2017-09_gen2ou-0.json,Slowbro,Moves,,Fire Blast,15.476
2017-09_gen2ou-0.json,Slowbro,Moves,,Sleep Talk,12.5
2017-09_gen2ou-0.json,Slowbro,Moves,,Flamethrower,11.905
2017-09_gen2ou-0.json,Slowbro,Moves,,Ice Punch,8.929
2017-09_gen2ou-0.json,Slowbro,Moves,,Growl,5.952
2017-09_gen2ou-0.json,Slowbro,Moves,,Curse,5.952
2017-09_gen2ou-0.json,Slowbro,Moves,,Toxic,5.952
2017-09_gen2ou-0.json,Slowbro,Moves,,Snore,4.167
2017-09_gen2ou-0.json,Slowbro,Moves,,Other,19.048
2017-09_gen2ou-0.json,Moltres,Stats,Raw count,,164
2017-09_gen2ou-0.json,Moltres,Stats,Avg. weight,,1.0
2017-09_gen2ou-0.json,Moltres,Stats,Viability Ceiling,,89
2017-09_gen2ou-0.json,Moltres,Stats,Serious,,9.756
2017-09_gen2ou-0.json,Moltres,Abilities,,Illuminate,100.0
2017-09_gen2ou-0.json,Moltres,Items,,Leftovers,51.22
2017-09_gen2ou-0.json,Moltres,Items,,Charcoal,39.024
2017-09_gen2ou-0.json,Moltres,Items,,BrightPowder,3.659
2017-09_gen2ou-0.json,Moltres,Items,,Nothing,3.049
2017-09_gen2ou-0.json,Moltres,Items,,Other,3.049
2017-09_gen2ou-0.json,Moltres,Spreads,,Other,1.829
2017-09_gen2ou-0.json,Moltres,Moves,,Fire Blast,65.244
2017-09_gen2ou-0.json,Moltres,Moves,,Hidden Power Grass,45.122
2017-09_gen2ou-0.json,Moltres,Moves,,Flamethrower,45.122
2017-09_gen2ou-0.json,Moltres,Moves,,Sunny Day,42.683
2017-09_gen2ou-0.json,Moltres,Moves,,Whirlwind,31.707
2017-09_gen2ou-0.json,Moltres,Moves,,Substitute,31.098
2017-09_gen2ou-0.json,Moltres,Moves,,Reflect,29.878
2017-09_gen2ou-0.json,Moltres,Moves,,Rest,14.024
2017-09_gen2ou-0.json,Moltres,Moves,,Fly,9.756
2017-09_gen2ou-0.json,Moltres,Moves,,Fire Spin,8.537
2017-09_gen2ou-0.json,Moltres,Moves,,Sleep Talk,8.537
2017-09_gen2ou-0.json,Moltres,Moves,,Hidden Power Flying,8.537
2017-09_gen2ou-0.json,Moltres,Moves,,Toxic,7.927
2017-09_gen2ou-0.json,Moltres,Moves,,Double-Edge,7.927
2017-09_gen2ou-0.json,Moltres,Moves,,Hidden Power Ice,6.707
2017-09_gen2ou-0.json,Moltres,Moves,,Roar,6.707
2017-09_gen2ou-0.json,Moltres,Moves,,Agility,6.098
2017-09_gen2ou-0.json,Moltres,Moves,,Detect,5.488
2017-09_gen2ou-0.json,Moltres,Moves,,Other,18.902
2017-09_gen2ou-0.json,Lanturn,Stats,Raw count,,162
2017-09_gen2ou-0.json,Lanturn,Stats,Avg. weight,,1.0
2017-09_gen2ou-0.json,Lanturn,Stats,Viability Ceiling,,77
2017-09_gen2ou-0.json,Lanturn,Stats,Serious,,3.704
2017-09_gen2ou-0.json,Lanturn,Abilities,,Illuminate,100.0
2017-09_gen2ou-0.json,Lanturn,Items,,Leftovers,80.864
2017-09_gen2ou-0.json,Lanturn,Items,,Mystic Water,9.259
2017-09_gen2ou-0.json,Lanturn,Items,,Nothing,5.556
2017-09_gen2ou-0.json,Lanturn,Items,,Other,4.321
2017-09_gen2ou-0.json,Lanturn,Spreads,,Other,1.852
2017-09_gen2ou-0.json,Lanturn,Moves,,Surf,83.951
2017-09_gen2ou-0.json,Lanturn,Moves,,Thunder Wave,54.321
2017-09_gen2ou-0.json,Lanturn,Moves,,Thunderbolt,39.506
2017-09_gen2ou-0.json,Lanturn,Moves,,Light Screen,37.037
2017-09_gen2ou-0.json,Lanturn,Moves,,Thunder,34.568
2017-09_gen2ou-0.json,Lanturn,Moves,,Rest,33.951
2017-09_gen2ou-0.json,Lanturn,Moves,,Ice Beam,30.864
2017-09_gen2ou-0.json,Lanturn,Moves,,Spark,20.988
2017-09_gen2ou-0.json,Lanturn,Moves,,Confuse Ray,19.753
2017-09_gen2ou-0.json,Lanturn,Moves,,Rain Dance,15.432
2017-09_gen2ou-0.json,Lanturn,Moves,,Hydro Pump,14.815
2017-09_gen2ou-0.json,Lanturn,Moves,,Other,14.815
2017-09_gen2ou-0.json,Entei,Stats,Raw count,,168
2017-09_gen2ou-0.json,Entei,Stats,Avg. weight,,1.0
2017-09_gen2ou-0.json,Entei,Stats,Viability Ceiling,,88
2017-09_gen2ou-0.json,Entei,Stats,Serious,,4.762
2017-09_gen2ou-0.json,Entei,Abilities,,Illuminate,100.0
2017-09_gen2ou-0.json,Entei,Items,,Leftovers,53.571
2017-09_gen2ou-0.json,Entei,Items,,Charcoal,31.548
2017-09_gen2ou-0.json,Entei,Items,,Nothing,4.167
2017-09_gen2ou-0.json,Entei,Items,,Miracle Berry,4.167
2017-09_gen2ou-0.json,Entei,Items,,Gold Berry,1.786
2017-09_gen2ou-0.json,Entei,Items,,Other,4.762
2017-09_gen2ou-0.json,Entei,Spreads,,Other,1.786
2017-09_gen2ou-0.json,Entei,Moves,,Fire Blast,61.905
2017-09_gen2ou-0.json,Entei,Moves,,Flamethrower,53.571
2017-09_gen2ou-0.json,Entei,Moves,,Sunny Day,48.214
2017-09_gen2ou-0.json,Entei,Moves,,Solar Beam,42.857
2017-09_gen2ou-0.json,Entei,Moves,,Return,27.976
2017-09_gen2ou-0.json,Entei,Moves,,Toxic,25.0
2017-09_gen2ou-0.json,Entei,Moves,,Rest,21.429
2017-09_gen2ou-0.json,Entei,Moves,,Iron Tail,14.881
2017-09_gen2ou-0.json,Entei,Moves,,Fire Spin,13.095
2017-09_gen2ou-0.json,Entei,Moves,,Protect,11.905
2017-09_gen2ou-0.json,Entei,Moves,,Roar,11.905
2017-09_gen2ou-0.json,Entei,Moves,,Sleep Talk,8.333
2017-09_gen2ou-0.json,Entei,Moves,,Hidden Power Grass,8.333
2017-09_gen2ou-0.json,Entei,Moves,,Dig,8.333
2017-09_gen2ou-0.json,Entei,Moves,,Hidden Power Electric,5.952
2017-09_gen2ou-0.json,Entei,Moves,,Nothing,5.357
2017-09_gen2ou-0.json,Entei,Moves,,Bite,4.167
2017-09_gen2ou-0.json,Entei,Moves,,Hidden Power Fighting,3.571
2017-09_gen2ou-0.json,Entei,Moves,,Headbutt,3.571
2017-09_gen2ou-0.json,Entei,Moves,,Other,19.643
2017-09_gen2ou-0.json,Girafarig,Stats,Raw count,,148
2017-09_gen2ou-0.json,Girafarig,Stats,Avg. weight,,1.0
2017-09_gen2ou-0.json,Girafarig,Stats,Viability Ceiling,,78
2017-09_gen2ou-0.json,Girafarig,Stats,Serious,,6.757
2017-09_gen2ou-0.json,Girafarig,Abilities,,Illuminate,100.0
2017-09_gen2ou-0.json,Girafarig,Items,,Leftovers,77.703
2017-09_gen2ou-0.json,Girafarig,Items,,Scope Lens,7.432
2017-09_gen2ou-0.json,Girafarig,Items,,Twisted Spoon,6.081
2017-09_gen2ou-0.json,Girafarig,Items,,Miracle Berry,6.081
2017-09_gen2ou-0.json,Girafarig,Items,,Other,2.703
2017-09_gen2ou-0.json,Girafarig,Moves,,Baton Pass,89.865
2017-09_gen2ou-0.json,Girafarig,Moves,,Amnesia,49.324
2017-09_gen2ou-0.json,Girafarig,Moves,,Psychic,48.649
2017-09_gen2ou-0.json,Girafarig,Moves,,Thunder,46.622
2017-09_gen2ou-0.json,Girafarig,Moves,,Earthquake,42.568
2017-09_gen2ou-0.json,Girafarig,Moves,,Agility,41.216
2017-09_gen2ou-0.json,Girafarig,Moves,,Curse,26.351
2017-09_gen2ou-0.json,Girafarig,Moves,,Crunch,17.568
2017-09_gen2ou-0.json,Girafarig,Moves,,Thunderbolt,10.135
2017-09_gen2ou-0.json,Girafarig,Moves,,Future Sight,6.081
2017-09_gen2ou-0.json,Girafarig,Moves,,Shadow Ball,6.081
2017-09_gen2ou-0.json,Girafarig,Moves,,Other,15.541
2017-09_gen2ou-0.json,Shuckle,Stats,Raw count,,143
2017-09_gen2ou-0.json,Shuckle,Stats,Avg. weight,,1.0
2017-09_gen2ou-0.json,Shuckle,Stats,Viability Ceiling,,77
2017-09_gen2ou-0.json,Shuckle,Stats,Serious,,3.497
2017-09_gen2ou-0.json,Shuckle,Abilities,,Illuminate,100.0
2017-09_gen2ou-0.json,Shuckle,Items,,Leftovers,79.021
2017-09_gen2ou-0.json,Shuckle,Items,,Mint Berry,9.79
2017-09_gen2ou-0.json,Shuckle,Items,,Nothing,6.993
2017-09_gen2ou-0.json,Shuckle,Items,,Other,4.196
2017-09_gen2ou-0.json,Shuckle,Spreads,,Other,3.497
2017-09_gen2ou-0.json,Shuckle,Moves,,Toxic,91.608
2017-09_gen2ou-0.json,Shuckle,Moves,,Rest,87.413
2017-09_gen2ou-0.json,Shuckle,Moves,,Curse,37.063
2017-09_gen2ou-0.json,Shuckle,Moves,,Encore,33.566
2017-09_gen2ou-0.json,Shuckle,Moves,,Rollout,30.07
2017-09_gen2ou-0.json,Shuckle,Moves,,Mud-Slap,20.979
2017-09_gen2ou-0.json,Shuckle,Moves,,Defense Curl,16.084
2017-09_gen2ou-0.json,Shuckle,Moves,,Earthquake,15.385
2017-09_gen2ou-0.json,Shuckle,Moves,,Protect,13.287
2017-09_gen2ou-0.json,Shuckle,Moves,,Sleep Talk,10.49
2017-09_gen2ou-0.json,Shuckle,Moves,,Sludge Bomb,8.392
2017-09_gen2ou-0.json,Shuckle,Moves,,Wrap,7.692
2017-09_gen2ou-0.json,Shuckle,Moves,,Return,6.294
2017-09_gen2ou-0.json,Shuckle,Moves,,Swagger,4.895
2017-09_gen2ou-0.json,Shuckle,Moves,,Other,16.783
2017-09_gen2ou-0.json,Aerodactyl,Stats,Raw count,,143
2017-09_gen2ou-0.json,Aerodactyl,Stats,Avg. weight,,1.0
2017-09_gen2ou-0.json,Aerodactyl,Stats,Viability Ceiling,,84
2017-09_gen2ou-0.json,Aerodactyl,Stats,Serious,,95.804
2017-09_gen2ou-0.json,Aerodactyl,Abilities,,Illuminate,100.0
2017-09_gen2ou-0.json,Aerodactyl,Items,,Leftovers,45.455
2017-09_gen2ou-0.json,Aerodactyl,Items,,Berserk Gene,11.189
2017-09_gen2ou-0.json,Aerodactyl,Items,,Hard Stone,9.79
2017-09_gen2ou-0.json,Aerodactyl,Items,,Gold Berry,9.091
2017-09_gen2ou-0.json,Aerodactyl,Items,,Miracle Berry,6.993
2017-09_gen2ou-0.json,Aerodactyl,Items,,Nothing,6.993
2017-09_gen2ou-0.json,Aerodactyl,Items,,Black Belt,4.895
2017-09_gen2ou-0.json,Aerodactyl,Items,,Sharp Beak,2.098
2017-09_gen2ou-0.json,Aerodactyl,Items,,Other,3.497
2017-09_gen2ou-0.json,Aerodactyl,Spreads,,Other,4.196
2017-09_gen2ou-0.json,Aerodactyl,Moves,,Earthquake,81.119
2017-09_gen2ou-0.json,Aerodactyl,Moves,,Ancient Power,60.839
2017-09_gen2ou-0.json,Aerodactyl,Moves,,Wing Attack,21.678
2017-09_gen2ou-0.json,Aerodactyl,Moves,,Fire Blast,20.979
2017-09_gen2ou-0.json,Aerodactyl,Moves,,Whirlwind,20.28
2017-09_gen2ou-0.json,Aerodactyl,Moves,,Flamethrower,19.58
2017-09_gen2ou-0.json,Aerodactyl,Moves,,Rest,13.986
2017-09_gen2ou-0.json,Aerodactyl,Moves,,Hidden Power Fighting,13.986
2017-09_gen2ou-0.json,Aerodactyl,Moves,,Rock Throw,11.888
2017-09_gen2ou-0.json,Aerodactyl,Moves,,Toxic,11.888
2017-09_gen2ou-0.json,Aerodactyl,Moves,,Hidden Power Flying,11.888
2017-09_gen2ou-0.json,Aerodactyl,Moves,,Hidden Power Rock,11.189
2017-09_gen2ou-0.json,Aerodactyl,Moves,,Fly,9.79
2017-09_gen2ou-0.json,Aerodactyl,Moves,,Reflect,9.091
2017-09_gen2ou-0.json,Aerodactyl,Moves,,Agility,7.692
2017-09_gen2ou-0.json,Aerodactyl,Moves,,Curse,7.692
2017-09_gen2ou-0.json,Aerodactyl,Moves,,Double-Edge,6.294
2017-09_gen2ou-0.json,Aerodactyl,Moves,,Iron Tail,5.594
2017-09_gen2ou-0.json,Aerodactyl,Moves,,Sky Attack,5.594
2017-09_gen2ou-0.json,Aerodactyl,Moves,,Dragon Breath,4.895
2017-09_gen2ou-0.json,Aerodactyl,Moves,,Pursuit,4.895
2017-09_gen2ou-0.json,Aerodactyl,Moves,,Substitute,4.196
2017-09_gen2ou-0.json,Aerodactyl,Moves,,Hyper Beam,4.196
2017-09_gen2ou-0.json,Aerodactyl,Moves,,Take Down,3.497
2017-09_gen2ou-0.json,Aerodactyl,Moves,,Sleep Talk,3.497
2017-09_gen2ou-0.json,Aerodactyl,Moves,,Supersonic,3.497
2017-09_gen2ou-0.json,Aerodactyl,Moves,,Detect,2.098
2017-09_gen2ou-0.json,Aerodactyl,Moves,,Other,18.182
2017-09_gen2ou-0.json,Electrode,Stats,Raw count,,130
2017-09_gen2ou-0.json,Electrode,Stats,Avg. weight,,1.0
2017-09_gen2ou-0.json,Electrode,Stats,Viability Ceiling,,71
2017-09_gen2ou-0.json,Electrode,Stats,Serious,,6.154
2017-09_gen2ou-0.json,Electrode,Abilities,,Illuminate,100.0
2017-09_gen2ou-0.json,Electrode,Items,,Leftovers,52.308
2017-09_gen2ou-0.json,Electrode,Items,,Magnet,8.462
2017-09_gen2ou-0.json,Electrode,Items,,Focus Band,7.692
2017-09_gen2ou-0.json,Electrode,Items,,PRZ Cure Berry,7.692
2017-09_gen2ou-0.json,Electrode,Items,,Pink Bow,6.154
2017-09_gen2ou-0.json,Electrode,Items,,Quick Claw,5.385
2017-09_gen2ou-0.json,Electrode,Items,,Nothing,5.385
2017-09_gen2ou-0.json,Electrode,Items,,Miracle Berry,3.846
2017-09_gen2ou-0.json,Electrode,Items,,Other,3.077
2017-09_gen2ou-0.json,Electrode,Moves,,Explosion,87.692
2017-09_gen2ou-0.json,Electrode,Moves,,Thunderbolt,67.692
2017-09_gen2ou-0.json,Electrode,Moves,,Thunder Wave,56.154
2017-09_gen2ou-0.json,Electrode,Moves,,Light Screen,40.769
2017-09_gen2ou-0.json,Electrode,Moves,,Thunder,25.385
2017-09_gen2ou-0.json,Electrode,Moves,,Hidden Power Fire,23.077
2017-09_gen2ou-0.json,Electrode,Moves,,Mirror Coat,21.538
2017-09_gen2ou-0.json,Electrode,Moves,,Reflect,13.846
2017-09_gen2ou-0.json,Electrode,Moves,,Protect,10.769
2017-09_gen2ou-0.json,Electrode,Moves,,Rain Dance,8.462
2017-09_gen2ou-0.json,Electrode,Moves,,Hidden Power Ice,6.154
2017-09_gen2ou-0.json,Electrode,Moves,,Agility,6.154
2017-09_gen2ou-0.json,Electrode,Moves,,Substitute,4.615
2017-09_gen2ou-0.json,Electrode,Moves,,Toxic,4.615
2017-09_gen2ou-0.json,Electrode,Moves,,Hidden Power Water,3.077
2017-09_gen2ou-0.json,Electrode,Moves,,Hidden Power Fighting,3.077
2017-09_gen2ou-0.json,Electrode,Moves,,Other,16.923
2017-09_gen2ou-0.json,Scyther,Stats,Raw count,,132
2017-09_gen2ou-0.json,Scyther,Stats,Avg. weight,,1.0
2017-09_gen2ou-0.json,Scyther,Stats,Viability Ceiling,,72
2017-09_gen2ou-0.json,Scyther,Stats,Serious,,99.242
2017-09_gen2ou-0.json,Scyther,Abilities,,Illuminate,100.0
2017-09_gen2ou-0.json,Scyther,Items,,Black Belt,56.061
2017-09_gen2ou-0.json,Scyther,Items,,Leftovers,12.879
2017-09_gen2ou-0.json,Scyther,Items,,Miracle Berry,12.121
2017-09_gen2ou-0.json,Scyther,Items,,Nothing,6.818
2017-09_gen2ou-0.json,Scyther,Items,,Berserk Gene,3.788
2017-09_gen2ou-0.json,Scyther,Items,,Gold Berry,2.273
2017-09_gen2ou-0.json,Scyther,Items,,Scope Lens,1.515
2017-09_gen2ou-0.json,Scyther,Items,,Other,4.545
2017-09_gen2ou-0.json,Scyther,Spreads,,Other,0.758
2017-09_gen2ou-0.json,Scyther,Moves,,Wing Attack,78.788
2017-09_gen2ou-0.json,Scyther,Moves,,Agility,63.636
2017-09_gen2ou-0.json,Scyther,Moves,,Reversal,59.848
2017-09_gen2ou-0.json,Scyther,Moves,,Endure,59.848
2017-09_gen2ou-0.json,Scyther,Moves,,Swords Dance,35.606
2017-09_gen2ou-0.json,Scyther,Moves,,Baton Pass,20.455
2017-09_gen2ou-0.json,Scyther,Moves,,Hidden Power Bug,17.424
2017-09_gen2ou-0.json,Scyther,Moves,,Return,9.848
2017-09_gen2ou-0.json,Scyther,Moves,,Quick Attack,7.576
2017-09_gen2ou-0.json,Scyther,Moves,,Slash,6.818
2017-09_gen2ou-0.json,Scyther,Moves,,Hidden Power Fighting,6.061
2017-09_gen2ou-0.json,Scyther,Moves,,Double-Edge,4.545
2017-09_gen2ou-0.json,Scyther,Moves,,Fury Cutter,3.788
2017-09_gen2ou-0.json,Scyther,Moves,,Steel Wing,3.03
2017-09_gen2ou-0.json,Scyther,Moves,,Hyper Beam,3.03
2017-09_gen2ou-0.json,Scyther,Moves,,Other,19.697
2017-09_gen2ou-0.json,Ursaring,Stats,Raw count,,124
2017-09_gen2ou-0.json,Ursaring,Stats,Avg. weight,,1.0
2017-09_gen2ou-0.json,Ursaring,Stats,Viability Ceiling,,76
2017-09_gen2ou-0.json,Ursaring,Stats,Serious,,7.258
2017-09_gen2ou-0.json,Ursaring,Abilities,,Illuminate,100.0
2017-09_gen2ou-0.json,Ursaring,Items,,Leftovers,58.871
2017-09_gen2ou-0.json,Ursaring,Items,,Mint Berry,12.097
2017-09_gen2ou-0.json,Ursaring,Items,,Pink Bow,7.258
2017-09_gen2ou-0.json,Ursaring,Items,,Berserk Gene,4.839
2017-09_gen2ou-0.json,Ursaring,Items,,Miracle Berry,4.032
2017-09_gen2ou-0.json,Ursaring,Items,,BrightPowder,2.419
2017-09_gen2ou-0.json,Ursaring,Items,,Quick Claw,2.419
2017-09_gen2ou-0.json,Ursaring,Items,,Black Belt,2.419
2017-09_gen2ou-0.json,Ursaring,Items,,Nothing,1.613
2017-09_gen2ou-0.json,Ursaring,Items,,Other,4.032
2017-09_gen2ou-0.json,Ursaring,Moves,,Earthquake,83.871
2017-09_gen2ou-0.json,Ursaring,Moves,,Return,70.161
2017-09_gen2ou-0.json,Ursaring,Moves,,Fire Punch,50.0
2017-09_gen2ou-0.json,Ursaring,Moves,,Zap Cannon,38.71
2017-09_gen2ou-0.json,Ursaring,Moves,,Rest,25.806
2017-09_gen2ou-0.json,Ursaring,Moves,,Curse,19.355
2017-09_gen2ou-0.json,Ursaring,Moves,,Sleep Talk,12.097
2017-09_gen2ou-0.json,Ursaring,Moves,,Crunch,10.484
2017-09_gen2ou-0.json,Ursaring,Moves,,Hyper Beam,8.871
2017-09_gen2ou-0.json,Ursaring,Moves,,Slash,8.065
2017-09_gen2ou-0.json,Ursaring,Moves,,Thunder Punch,8.065
2017-09_gen2ou-0.json,Ursaring,Moves,,Frustration,7.258
2017-09_gen2ou-0.json,Ursaring,Moves,,Dynamic Punch,7.258
2017-09_gen2ou-0.json,Ursaring,Moves,,Hidden Power Fighting,6.452
2017-09_gen2ou-0.json,Ursaring,Moves,,Ice Punch,6.452
2017-09_gen2ou-0.json,Ursaring,Moves,,Roar,5.645
2017-09_gen2ou-0.json,Ursaring,Moves,,Thrash,5.645
2017-09_gen2ou-0.json,Ursaring,Moves,,Seismic Toss,4.839
2017-09_gen2ou-0.json,Ursaring,Moves,,Focus Energy,3.226
2017-09_gen2ou-0.json,Ursaring,Moves,,Other,17.742
2017-09_gen2ou-0.json,Articuno,Stats,Raw count,,117
2017-09_gen2ou-0.json,Articuno,Stats,Avg. weight,,1.0
2017-09_gen2ou-0.json,Articuno,Stats,Viability Ceiling,,84
2017-09_gen2ou-0.json,Articuno,Stats,Serious,,32.479
2017-09_gen2ou-0.json,Articuno,Abilities,,Illuminate,100.0
2017-09_gen2ou-0.json,Articuno,Items,,Leftovers,88.889
2017-09_gen2ou-0.json,Articuno,Items,,Nothing,4.274
2017-09_gen2ou-0.json,Articuno,Items,,Never-Melt Ice,2.564
2017-09_gen2ou-0.json,Articuno,Items,,Other,4.274
2017-09_gen2ou-0.json,Articuno,Spreads,,Other,0.855
2017-09_gen2ou-0.json,Articuno,Moves,,Ice Beam,91.453
2017-09_gen2ou-0.json,Articuno,Moves,,Rest,63.248
2017-09_gen2ou-0.json,Articuno,Moves,,Sleep Talk,47.863
2017-09_gen2ou-0.json,Articuno,Moves,,Curse,43.59
2017-09_gen2ou-0.json,Articuno,Moves,,Sky Attack,23.077
2017-09_gen2ou-0.json,Articuno,Moves,,Blizzard,17.094
2017-09_gen2ou-0.json,Articuno,Moves,,Hidden Power Electric,15.385
2017-09_gen2ou-0.json,Articuno,Moves,,Reflect,14.53
2017-09_gen2ou-0.json,Articuno,Moves,,Bubble Beam,10.256
2017-09_gen2ou-0.json,Articuno,Moves,,Hidden Power Flying,10.256
2017-09_gen2ou-0.json,Articuno,Moves,,Fly,9.402
2017-09_gen2ou-0.json,Articuno,Moves,,Protect,6.838
2017-09_gen2ou-0.json,Articuno,Moves,,Hidden Power Fire,5.983
2017-09_gen2ou-0.json,Articuno,Moves,,Hyper Beam,5.983
2017-09_gen2ou-0.json,Articuno,Moves,,Nothing,4.274
2017-09_gen2ou-0.json,Articuno,Moves,,Toxic,4.274
2017-09_gen2ou-0.json,Articuno,Moves,,Return,4.274
2017-09_gen2ou-0.json,Articuno,Moves,,Substitute,2.564
2017-09_gen2ou-0.json,Articuno,Moves,,Other,19.658
2017-09_gen2ou-0.json,Gyarados,Stats,Raw count,,126
2017-09_gen2ou-0.json,Gyarados,Stats,Avg. weight,,1.0
2017-09_gen2ou-0.json,Gyarados,Stats,Viability Ceiling,,71
2017-09_gen2ou-0.json,Gyarados,Stats,Serious,,2.381
2017-09_gen2ou-0.json,Gyarados,Abilities,,Illuminate,100.0
2017-09_gen2ou-0.json,Gyarados,Items,,Leftovers,48.413
2017-09_gen2ou-0.json,Gyarados,Items,,Mystic Water,16.667
2017-09_gen2ou-0.json,Gyarados,Items,,Nothing,14.286
2017-09_gen2ou-0.json,Gyarados,Items,,Focus Band,5.556
2017-09_gen2ou-0.json,Gyarados,Items,,BrightPowder,4.762
2017-09_gen2ou-0.json,Gyarados,Items,,Dragon Scale,2.381
2017-09_gen2ou-0.json,Gyarados,Items,,King's Rock,2.381
2017-09_gen2ou-0.json,Gyarados,Items,,Gold Berry,1.587
2017-09_gen2ou-0.json,Gyarados,Items,,Other,3.968
2017-09_gen2ou-0.json,Gyarados,Spreads,,Other,3.968
2017-09_gen2ou-0.json,Gyarados,Moves,,Hydro Pump,55.556
2017-09_gen2ou-0.json,Gyarados,Moves,,Surf,33.333
2017-09_gen2ou-0.json,Gyarados,Moves,,Ice Beam,31.746
2017-09_gen2ou-0.json,Gyarados,Moves,,Body Slam,30.159
2017-09_gen2ou-0.json,Gyarados,Moves,,Thunderbolt,24.603
2017-09_gen2ou-0.json,Gyarados,Moves,,Waterfall,19.048
2017-09_gen2ou-0.json,Gyarados,Moves,,Hidden Power Ground,17.46
2017-09_gen2ou-0.json,Gyarados,Moves,,Double-Edge,17.46
2017-09_gen2ou-0.json,Gyarados,Moves,,Hidden Power Flying,15.873
2017-09_gen2ou-0.json,Gyarados,Moves,,Blizzard,14.286
2017-09_gen2ou-0.json,Gyarados,Moves,,Flamethrower,13.492
2017-09_gen2ou-0.json,Gyarados,Moves,,Dragon Breath,12.698
2017-09_gen2ou-0.json,Gyarados,Moves,,Fire Blast,11.111
2017-09_gen2ou-0.json,Gyarados,Moves,,Hyper Beam,11.111
2017-09_gen2ou-0.json,Gyarados,Moves,,Zap Cannon,11.111
2017-09_gen2ou-0.json,Gyarados,Moves,,Thunder,7.937
2017-09_gen2ou-0.json,Gyarados,Moves,,Toxic,6.349
2017-09_gen2ou-0.json,Gyarados,Moves,,Rain Dance,6.349
2017-09_gen2ou-0.json,Gyarados,Moves,,Rest,5.556
2017-09_gen2ou-0.json,Gyarados,Moves,,Strength,4.762
2017-09_gen2ou-0.json,Gyarados,Moves,,Roar,4.762
2017-09_gen2ou-0.json,Gyarados,Moves,,Nothing,3.968
2017-09_gen2ou-0.json,Gyarados,Moves,,Dragon Rage,3.968
2017-09_gen2ou-0.json,Gyarados,Moves,,Hidden Power Fire,3.175
2017-09_gen2ou-0.json,Gyarados,Moves,,Hidden Power Fighting,3.175
2017-09_gen2ou-0.json,Gyarados,Moves,,Bite,3.175
2017-09_gen2ou-0.json,Gyarados,Moves,,Sleep Talk,3.175
2017-09_gen2ou-0.json,Gyarados,Moves,,Icy Wind,2.381
2017-09_gen2ou-0.json,Gyarados,Moves,,Return,2.381
2017-09_gen2ou-0.json,Gyarados,Moves,,Other,19.841
2017-09_gen2ou-0.json,Victreebel,Stats,Raw count,,122
2017-09_gen2ou-0.json,Victreebel,Stats,Avg. weight,,1.0
2017-09_gen2ou-0.json,Victreebel,Stats,Viability Ceiling,,72
2017-09_gen2ou-0.json,Victreebel,Stats,Serious,,5.738
2017-09_gen2ou-0.json,Victreebel,Abilities,,Illuminate,100.0
2017-09_gen2ou-0.json,Victreebel,Items,,Leftovers,78.689
2017-09_gen2ou-0.json,Victreebel,Items,,Miracle Seed,12.295
2017-09_gen2ou-0.json,Victreebel,Items,,Never-Melt Ice,3.279
2017-09_gen2ou-0.json,Victreebel,Items,,Nothing,2.459
2017-09_gen2ou-0.json,Victreebel,Items,,Other,3.279
2017-09_gen2ou-0.json,Victreebel,Spreads,,Other,2.459
2017-09_gen2ou-0.json,Victreebel,Moves,,Sludge Bomb,90.984
2017-09_gen2ou-0.json,Victreebel,Moves,,Giga Drain,79.508
2017-09_gen2ou-0.json,Victreebel,Moves,,Swords Dance,54.098
2017-09_gen2ou-0.json,Victreebel,Moves,,Sleep Powder,47.541
2017-09_gen2ou-0.json,Victreebel,Moves,,Solar Beam,19.672
2017-09_gen2ou-0.json,Victreebel,Moves,,Sunny Day,16.393
2017-09_gen2ou-0.json,Victreebel,Moves,,Slam,14.754
2017-09_gen2ou-0.json,Victreebel,Moves,,Razor Leaf,11.475
2017-09_gen2ou-0.json,Victreebel,Moves,,Toxic,9.836
2017-09_gen2ou-0.json,Victreebel,Moves,,Hidden Power Fire,6.557
2017-09_gen2ou-0.json,Victreebel,Moves,,Synthesis,6.557
2017-09_gen2ou-0.json,Victreebel,Moves,,Hidden Power Ice,5.738
2017-09_gen2ou-0.json,Victreebel,Moves,,Mega Drain,5.738
2017-09_gen2ou-0.json,Victreebel,Moves,,Lovely Kiss,4.918
2017-09_gen2ou-0.json,Victreebel,Moves,,Double-Edge,4.918
2017-09_gen2ou-0.json,Victreebel,Moves,,Growth,4.098
2017-09_gen2ou-0.json,Victreebel,Moves,,Other,17.213
2017-09_gen2ou-0.json,Hypno,Stats,Raw count,,113
2017-09_gen2ou-0.json,Hypno,Stats,Avg. weight,,1.0
2017-09_gen2ou-0.json,Hypno,Stats,Viability Ceiling,,74
2017-09_gen2ou-0.json,Hypno,Stats,Serious,,10.619
2017-09_gen2ou-0.json,Hypno,Abilities,,Illuminate,100.0
2017-09_gen2ou-0.json,Hypno,Items,,Quick Claw,44.248
2017-09_gen2ou-0.json,Hypno,Items,,Leftovers,39.823
2017-09_gen2ou-0.json,Hypno,Items,,Nothing,7.965
2017-09_gen2ou-0.json,Hypno,Items,,Twisted Spoon,7.08
2017-09_gen2ou-0.json,Hypno,Items,,Other,0.885
2017-09_gen2ou-0.json,Hypno,Spreads,,Other,0.885
2017-09_gen2ou-0.json,Hypno,Moves,,Hypnosis,61.062
2017-09_gen2ou-0.json,Hypno,Moves,,Psychic,51.327
2017-09_gen2ou-0.json,Hypno,Moves,,Dream Eater,46.018
2017-09_gen2ou-0.json,Hypno,Moves,,Nightmare,44.248
2017-09_gen2ou-0.json,Hypno,Moves,,Dynamic Punch,43.363
2017-09_gen2ou-0.json,Hypno,Moves,,Thunder Wave,34.513
2017-09_gen2ou-0.json,Hypno,Moves,,Light Screen,28.319
2017-09_gen2ou-0.json,Hypno,Moves,,Reflect,26.549
2017-09_gen2ou-0.json,Hypno,Moves,,Shadow Ball,10.619
2017-09_gen2ou-0.json,Hypno,Moves,,Fire Punch,6.195
2017-09_gen2ou-0.json,Hypno,Moves,,Ice Punch,4.425
2017-09_gen2ou-0.json,Hypno,Moves,,Submission,4.425
2017-09_gen2ou-0.json,Hypno,Moves,,Zap Cannon,4.425
2017-09_gen2ou-0.json,Hypno,Moves,,Tri Attack,3.54
2017-09_gen2ou-0.json,Hypno,Moves,,Seismic Toss,3.54
2017-09_gen2ou-0.json,Hypno,Moves,,Headbutt,3.54
2017-09_gen2ou-0.json,Hypno,Moves,,Hidden Power Fighting,2.655
2017-09_gen2ou-0.json,Hypno,Moves,,Toxic,2.655
2017-09_gen2ou-0.json,Hypno,Moves,,Other,18.584
2017-09_gen2ou-0.json,Vileplume,Stats,Raw count,,104
2017-09_gen2ou-0.json,Vileplume,Stats,Avg. weight,,1.0
2017-09_gen2ou-0.json,Vileplume,Stats,Viability Ceiling,,78
2017-09_gen2ou-0.json,Vileplume,Stats,Serious,,9.615
2017-09_gen2ou-0.json,Vileplume,Abilities,,Illuminate,100.0
2017-09_gen2ou-0.json,Vileplume,Items,,Leftovers,93.269
2017-09_gen2ou-0.json,Vileplume,Items,,Nothing,2.885
2017-09_gen2ou-0.json,Vileplume,Items,,Other,3.846
2017-09_gen2ou-0.json,Vileplume,Spreads,,Other,1.923
2017-09_gen2ou-0.json,Vileplume,Moves,,Sludge Bomb,91.346
2017-09_gen2ou-0.json,Vileplume,Moves,,Leech Seed,73.077
2017-09_gen2ou-0.json,Vileplume,Moves,,Stun Spore,66.346
2017-09_gen2ou-0.json,Vileplume,Moves,,Substitute,48.077
2017-09_gen2ou-0.json,Vileplume,Moves,,Sleep Powder,26.923
2017-09_gen2ou-0.json,Vileplume,Moves,,Giga Drain,25.962
2017-09_gen2ou-0.json,Vileplume,Moves,,Moonlight,16.346
2017-09_gen2ou-0.json,Vileplume,Moves,,Toxic,12.5
2017-09_gen2ou-0.json,Vileplume,Moves,,Synthesis,11.538
2017-09_gen2ou-0.json,Vileplume,Moves,,Petal Dance,10.577
2017-09_gen2ou-0.json,Vileplume,Moves,,Other,17.308
2017-09_gen2ou-0.json,Electabuzz,Stats,Raw count,,99
2017-09_gen2ou-0.json,Electabuzz,Stats,Avg. weight,,1.0
2017-09_gen2ou-0.json,Electabuzz,Stats,Viability Ceiling,,77
2017-09_gen2ou-0.json,Electabuzz,Stats,Serious,,100.000
2017-09_gen2ou-0.json,Electabuzz,Abilities,,Illuminate,100.0
2017-09_gen2ou-0.json,Electabuzz,Items,,Leftovers,58.586
2017-09_gen2ou-0.json,Electabuzz,Items,,Miracle Berry,17.172
2017-09_gen2ou-0.json,Electabuzz,Items,,Nothing,14.141
2017-09_gen2ou-0.json,Electabuzz,Items,,Magnet,4.04
2017-09_gen2ou-0.json,Electabuzz,Items,,Berserk Gene,4.04
2017-09_gen2ou-0.json,Electabuzz,Items,,Other,2.02
2017-09_gen2ou-0.json,Electabuzz,Moves,,Ice Punch,81.818
2017-09_gen2ou-0.json,Electabuzz,Moves,,Thunderbolt,78.788
2017-09_gen2ou-0.json,Electabuzz,Moves,,Fire Punch,58.586
2017-09_gen2ou-0.json,Electabuzz,Moves,,Cross Chop,55.556
2017-09_gen2ou-0.json,Electabuzz,Moves,,Thunder,34.343
2017-09_gen2ou-0.json,Electabuzz,Moves,,Psychic,22.222
2017-09_gen2ou-0.json,Electabuzz,Moves,,Thunder Punch,21.212
2017-09_gen2ou-0.json,Electabuzz,Moves,,Pursuit,16.162
2017-09_gen2ou-0.json,Electabuzz,Moves,,Quick Attack,12.121
2017-09_gen2ou-0.json,Electabuzz,Moves,,Other,19.192
2017-09_gen2ou-0.json,Hitmontop,Stats,Raw count,,100
2017-09_gen2ou-0.json,Hitmontop,Stats,Avg. weight,,1.0
2017-09_gen2ou-0.json,Hitmontop,Stats,Viability Ceiling,,74
2017-09_gen2ou-0.json,Hitmontop,Stats,Serious,,7.000
2017-09_gen2ou-0.json,Hitmontop,Abilities,,Illuminate,100.0
2017-09_gen2ou-0.json,Hitmontop,Items,,Leftovers,61.0
2017-09_gen2ou-0.json,Hitmontop,Items,,Mint Berry,13.0
2017-09_gen2ou-0.json,Hitmontop,Items,,Black Belt,13.0
2017-09_gen2ou-0.json,Hitmontop,Items,,Berserk Gene,3.0
2017-09_gen2ou-0.json,Hitmontop,Items,,Gold Berry,2.0
2017-09_gen2ou-0.json,Hitmontop,Items,,BrightPowder,2.0
2017-09_gen2ou-0.json,Hitmontop,Items,,Spell Tag,2.0
2017-09_gen2ou-0.json,Hitmontop,Items,,Other,4.0
2017-09_gen2ou-0.json,Hitmontop,Spreads,,Other,1.0
2017-09_gen2ou-0.json,Hitmontop,Moves,,High Jump Kick,75.0
2017-09_gen2ou-0.json,Hitmontop,Moves,,Hidden Power Ghost,47.0
2017-09_gen2ou-0.json,Hitmontop,Moves,,Rapid Spin,44.0
2017-09_gen2ou-0.json,Hitmontop,Moves,,Curse,41.0
2017-09_gen2ou-0.json,Hitmontop,Moves,,Mach Punch,39.0
2017-09_gen2ou-0.json,Hitmontop,Moves,,Rest,21.0
2017-09_gen2ou-0.json,Hitmontop,Moves,,Protect,17.0
2017-09_gen2ou-0.json,Hitmontop,Moves,,Counter,14.0
2017-09_gen2ou-0.json,Hitmontop,Moves,,Rolling Kick,13.0
2017-09_gen2ou-0.json,Hitmontop,Moves,,Dig,13.0
2017-09_gen2ou-0.json,Hitmontop,Moves,,Sleep Talk,8.0
2017-09_gen2ou-0.json,Hitmontop,Moves,,Hidden Power Fighting,7.0
2017-09_gen2ou-0.json,Hitmontop,Moves,,Hidden Power Psychic,7.0
2017-09_gen2ou-0.json,Hitmontop,Moves,,Hidden Power Bug,7.0
2017-09_gen2ou-0.json,Hitmontop,Moves,,Quick Attack,6.0
2017-09_gen2ou-0.json,Hitmontop,Moves,,Thief,5.0
2017-09_gen2ou-0.json,Hitmontop,Moves,,Detect,4.0
2017-09_gen2ou-0.json,Hitmontop,Moves,,Toxic,4.0
2017-09_gen2ou-0.json,Hitmontop,Moves,,Return,4.0
2017-09_gen2ou-0.json,Hitmontop,Moves,,Strength,3.0
2017-09_gen2ou-0.json,Hitmontop,Moves,,Dizzy Punch,3.0
2017-09_gen2ou-0.json,Hitmontop,Moves,,Other,18.0
2017-09_gen2ou-0.json,Hitmonlee,Stats,Raw count,,96
2017-09_gen2ou-0.json,Hitmonlee,Stats,Avg. weight,,1.0
2017-09_gen2ou-0.json,Hitmonlee,Stats,Viability Ceiling,,70
2017-09_gen2ou-0.json,Hitmonlee,Stats,Serious,,8.333
2017-09_gen2ou-0.json,Hitmonlee,Abilities,,Illuminate,100.0
2017-09_gen2ou-0.json,Hitmonlee,Items,,Black Belt,59.375
2017-09_gen2ou-0.json,Hitmonlee,Items,,Leftovers,14.583
2017-09_gen2ou-0.json,Hitmonlee,Items,,King's Rock,7.292
2017-09_gen2ou-0.json,Hitmonlee,Items,,Miracle Berry,6.25
2017-09_gen2ou-0.json,Hitmonlee,Items,,Quick Claw,4.167
2017-09_gen2ou-0.json,Hitmonlee,Items,,Focus Band,3.125
2017-09_gen2ou-0.json,Hitmonlee,Items,,Black Glasses,2.083
2017-09_gen2ou-0.json,Hitmonlee,Items,,Other,3.125
2017-09_gen2ou-0.json,Hitmonlee,Spreads,,Other,1.042
2017-09_gen2ou-0.json,Hitmonlee,Moves,,High Jump Kick,59.375
2017-09_gen2ou-0.json,Hitmonlee,Moves,,Rapid Spin,42.708
2017-09_gen2ou-0.json,Hitmonlee,Moves,,Mach Punch,36.458
2017-09_gen2ou-0.json,Hitmonlee,Moves,,Double Kick,29.167
2017-09_gen2ou-0.json,Hitmonlee,Moves,,Curse,28.125
2017-09_gen2ou-0.json,Hitmonlee,Moves,,Frustration,26.042
2017-09_gen2ou-0.json,Hitmonlee,Moves,,Protect,19.792
2017-09_gen2ou-0.json,Hitmonlee,Moves,,Meditate,16.667
2017-09_gen2ou-0.json,Hitmonlee,Moves,,Dynamic Punch,14.583
2017-09_gen2ou-0.json,Hitmonlee,Moves,,Swagger,10.417
2017-09_gen2ou-0.json,Hitmonlee,Moves,,Rolling Kick,9.375
2017-09_gen2ou-0.json,Hitmonlee,Moves,,Return,9.375
2017-09_gen2ou-0.json,Hitmonlee,Moves,,Mega Kick,9.375
2017-09_gen2ou-0.json,Hitmonlee,Moves,,Hidden Power Rock,9.375
2017-09_gen2ou-0.json,Hitmonlee,Moves,,Toxic,8.333
2017-09_gen2ou-0.json,Hitmonlee,Moves,,Thief,6.25
2017-09_gen2ou-0.json,Hitmonlee,Moves,,Hidden Power Fire,6.25
2017-09_gen2ou-0.json,Hitmonlee,Moves,,Hidden Power Fighting,5.208
2017-09_gen2ou-0.json,Hitmonlee,Moves,,Hidden Power Ghost,5.208
2017-09_gen2ou-0.json,Hitmonlee,Moves,,Substitute,5.208
2017-09_gen2ou-0.json,Hitmonlee,Moves,,Sleep Talk,5.208
2017-09_gen2ou-0.json,Hitmonlee,Moves,,Reversal,5.208
2017-09_gen2ou-0.json,Hitmonlee,Moves,,Seismic Toss,5.208
2017-09_gen2ou-0.json,Hitmonlee,Moves,,Body Slam,5.208
2017-09_gen2ou-0.json,Hitmonlee,Moves,,Endure,5.208
2017-09_gen2ou-0.json,Hitmonlee,Moves,,Other,16.667
2017-09_gen2ou-0.json,Raichu,Stats,Raw count,,95
2017-09_gen2ou-0.json,Raichu,Stats,Avg. weight,,1.0
2017-09_gen2ou-0.json,Raichu,Stats,Viability Ceiling,,71
2017-09_gen2ou-0.json,Raichu,Stats,Serious,,3.158
2017-09_gen2ou-0.json,Raichu,Abilities,,Illuminate,100.0
2017-09_gen2ou-0.json,Raichu,Items,,Leftovers,35.789
2017-09_gen2ou-0.json,Raichu,Items,,Magnet,22.105
2017-09_gen2ou-0.json,Raichu,Items,,Mystic Water,20.0
2017-09_gen2ou-0.json,Raichu,Items,,Nothing,7.368
2017-09_gen2ou-0.json,Raichu,Items,,PRZ Cure Berry,4.211
2017-09_gen2ou-0.json,Raichu,Items,,Scope Lens,2.105
2017-09_gen2ou-0.json,Raichu,Items,,BrightPowder,2.105
2017-09_gen2ou-0.json,Raichu,Items,,Friend Ball,2.105
2017-09_gen2ou-0.json,Raichu,Items,,Other,4.211
2017-09_gen2ou-0.json,Raichu,Spreads,,Other,2.105
2017-09_gen2ou-0.json,Raichu,Moves,,Surf,72.632
2017-09_gen2ou-0.json,Raichu,Moves,,Thunderbolt,68.421
2017-09_gen2ou-0.json,Raichu,Moves,,Thunder Wave,34.737
2017-09_gen2ou-0.json,Raichu,Moves,,Thunder,30.526
2017-09_gen2ou-0.json,Raichu,Moves,,Body Slam,25.263
2017-09_gen2ou-0.json,Raichu,Moves,,Fly,23.158
2017-09_gen2ou-0.json,Raichu,Moves,,Hidden Power Grass,20.0
2017-09_gen2ou-0.json,Raichu,Moves,,Toxic,16.842
2017-09_gen2ou-0.json,Raichu,Moves,,Iron Tail,11.579
2017-09_gen2ou-0.json,Raichu,Moves,,Thunder Punch,8.421
2017-09_gen2ou-0.json,Raichu,Moves,,Rain Dance,7.368
2017-09_gen2ou-0.json,Raichu,Moves,,Petal Dance,6.316
2017-09_gen2ou-0.json,Raichu,Moves,,Seismic Toss,6.316
2017-09_gen2ou-0.json,Raichu,Moves,,Mega Kick,5.263
2017-09_gen2ou-0.json,Raichu,Moves,,Hidden Power Water,4.211
2017-09_gen2ou-0.json,Raichu,Moves,,Rest,4.211
2017-09_gen2ou-0.json,Raichu,Moves,,Hidden Power Fire,4.211
2017-09_gen2ou-0.json,Raichu,Moves,,Hidden Power Fighting,4.211
2017-09_gen2ou-0.json,Raichu,Moves,,Substitute,4.211
2017-09_gen2ou-0.json,Raichu,Moves,,Sleep Talk,4.211
2017-09_gen2ou-0.json,Raichu,Moves,,Light Screen,4.211
2017-09_gen2ou-0.json,Raichu,Moves,,Hidden Power Electric,3.158
2017-09_gen2ou-0.json,Raichu,Moves,,Double Slap,3.158
2017-09_gen2ou-0.json,Raichu,Moves,,Quick Attack,3.158
2017-09_gen2ou-0.json,Raichu,Moves,,Agility,3.158
2017-09_gen2ou-0.json,Raichu,Moves,,Thunder Shock,3.158
2017-09_gen2ou-0.json,Raichu,Moves,,Other,17.895
2017-09_gen2ou-0.json,Weezing,Stats,Raw count,,84
2017-09_gen2ou-0.json,Weezing,Stats,Avg. weight,,1.0
2017-09_gen2ou-0.json,Weezing,Stats,Viability Ceiling,,66
2017-09_gen2ou-0.json,Weezing,Stats,Serious,,96.429
2017-09_gen2ou-0.json,Weezing,Abilities,,Illuminate,100.0
2017-09_gen2ou-0.json,Weezing,Items,,Leftovers,75.0
2017-09_gen2ou-0.json,Weezing,Items,,Quick Claw,25.0
2017-09_gen2ou-0.json,Weezing,Spreads,,Other,3.571
2017-09_gen2ou-0.json,Weezing,Moves,,Sludge Bomb,91.667
2017-09_gen2ou-0.json,Weezing,Moves,,Explosion,90.476
2017-09_gen2ou-0.json,Weezing,Moves,,Fire Blast,86.905
2017-09_gen2ou-0.json,Weezing,Moves,,Thunder,80.952
2017-09_gen2ou-0.json,Weezing,Moves,,Destiny Bond,11.905
2017-09_gen2ou-0.json,Weezing,Moves,,Pain Split,8.333
2017-09_gen2ou-0.json,Weezing,Moves,,Haze,7.143
2017-09_gen2ou-0.json,Weezing,Moves,,Sleep Talk,5.952
2017-09_gen2ou-0.json,Weezing,Moves,,Other,16.667
2017-09_gen2ou-0.json,Bellossom,Stats,Raw count,,74
2017-09_gen2ou-0.json,Bellossom,Stats,Avg. weight,,1.0
2017-09_gen2ou-0.json,Bellossom,Stats,Viability Ceiling,,66
2017-09_gen2ou-0.json,Bellossom,Stats,Serious,,18.919
2017-09_gen2ou-0.json,Bellossom,Abilities,,Illuminate,100.0
2017-09_gen2ou-0.json,Bellossom,Items,,Leftovers,86.486
2017-09_gen2ou-0.json,Bellossom,Items,,Miracle Seed,9.459
2017-09_gen2ou-0.json,Bellossom,Items,,Other,4.054
2017-09_gen2ou-0.json,Bellossom,Spreads,,Other,2.703
2017-09_gen2ou-0.json,Bellossom,Moves,,Leech Seed,77.027
2017-09_gen2ou-0.json,Bellossom,Moves,,Sleep Powder,75.676
2017-09_gen2ou-0.json,Bellossom,Moves,,Substitute,55.405
2017-09_gen2ou-0.json,Bellossom,Moves,,Giga Drain,35.135
2017-09_gen2ou-0.json,Bellossom,Moves,,Sludge Bomb,24.324
2017-09_gen2ou-0.json,Bellossom,Moves,,Hidden Power Grass,20.27
2017-09_gen2ou-0.json,Bellossom,Moves,,Moonlight,17.568
2017-09_gen2ou-0.json,Bellossom,Moves,,Petal Dance,16.216
2017-09_gen2ou-0.json,Bellossom,Moves,,Solar Beam,13.514
2017-09_gen2ou-0.json,Bellossom,Moves,,Hidden Power Fighting,12.162
2017-09_gen2ou-0.json,Bellossom,Moves,,Swords Dance,8.108
2017-09_gen2ou-0.json,Bellossom,Moves,,Stun Spore,6.757
2017-09_gen2ou-0.json,Bellossom,Moves,,Sunny Day,6.757
2017-09_gen2ou-0.json,Bellossom,Moves,,Protect,6.757
2017-09_gen2ou-0.json,Bellossom,Moves,,Toxic,5.405
2017-09_gen2ou-0.json,Bellossom,Moves,,Other,18.919
2017-09_gen2ou-0.json,Togetic,Stats,Raw count,,71
2017-09_gen2ou-0.json,Togetic,Stats,Avg. weight,,1.0
2017-09_gen2ou-0.json,Togetic,Stats,Viability Ceiling,,63
2017-09_gen2ou-0.json,Togetic,Stats,Serious,,9.859
2017-09_gen2ou-0.json,Togetic,Abilities,,Illuminate,100.0
2017-09_gen2ou-0.json,Togetic,Items,,Leftovers,50.704
2017-09_gen2ou-0.json,Togetic,Items,,Nothing,12.676
2017-09_gen2ou-0.json,Togetic,Items,,King's Rock,9.859
2017-09_gen2ou-0.json,Togetic,Items,,Sharp Beak,8.451
2017-09_gen2ou-0.json,Togetic,Items,,Quick Claw,4.225
2017-09_gen2ou-0.json,Togetic,Items,,Twisted Spoon,4.225
2017-09_gen2ou-0.json,Togetic,Items,,Polkadot Bow,2.817
2017-09_gen2ou-0.json,Togetic,Items,,Mint Berry,1.408
2017-09_gen2ou-0.json,Togetic,Items,,Focus Band,1.408
2017-09_gen2ou-0.json,Togetic,Items,,Other,4.225
2017-09_gen2ou-0.json,Togetic,Spreads,,Other,1.408
2017-09_gen2ou-0.json,Togetic,Moves,,Psychic,59.155
2017-09_gen2ou-0.json,Togetic,Moves,,Fire Blast,43.662
2017-09_gen2ou-0.json,Togetic,Moves,,Metronome,42.254
2017-09_gen2ou-0.json,Togetic,Moves,,Shadow Ball,35.211
2017-09_gen2ou-0.json,Togetic,Moves,,Fly,35.211
2017-09_gen2ou-0.json,Togetic,Moves,,Flamethrower,21.127
2017-09_gen2ou-0.json,Togetic,Moves,,Encore,18.31
2017-09_gen2ou-0.json,Togetic,Moves,,Hidden Power Ice,16.901
2017-09_gen2ou-0.json,Togetic,Moves,,Toxic,15.493
2017-09_gen2ou-0.json,Togetic,Moves,,Double-Edge,15.493
2017-09_gen2ou-0.json,Togetic,Moves,,Nothing,11.268
2017-09_gen2ou-0.json,Togetic,Moves,,Protect,11.268
2017-09_gen2ou-0.json,Togetic,Moves,,Zap Cannon,8.451
2017-09_gen2ou-0.json,Togetic,Moves,,Rest,7.042
2017-09_gen2ou-0.json,Togetic,Moves,,Return,7.042
2017-09_gen2ou-0.json,Togetic,Moves,,Solar Beam,5.634
2017-09_gen2ou-0.json,Togetic,Moves,,Charm,5.634
2017-09_gen2ou-0.json,Togetic,Moves,,Sunny Day,5.634
2017-09_gen2ou-0.json,Togetic,Moves,,Sweet Kiss,4.225
2017-09_gen2ou-0.json,Togetic,Moves,,Sleep Talk,4.225
2017-09_gen2ou-0.json,Togetic,Moves,,Swift,4.225
2017-09_gen2ou-0.json,Togetic,Moves,,Hyper Beam,4.225
2017-09_gen2ou-0.json,Togetic,Moves,,Other,18.31
2017-09_gen2ou-0.json,Noctowl,Stats,Raw count,,70
2017-09_gen2ou-0.json,Noctowl,Stats,Avg. weight,,1.0
2017-09_gen2ou-0.json,Noctowl,Stats,Viability Ceiling,,55
2017-09_gen2ou-0.json,Noctowl,Stats,Serious,,7.143
2017-09_gen2ou-0.json,Noctowl,Abilities,,Illuminate,100.0
2017-09_gen2ou-0.json,Noctowl,Items,,Leftovers,55.714
2017-09_gen2ou-0.json,Noctowl,Items,,Sharp Beak,30.0
2017-09_gen2ou-0.json,Noctowl,Items,,Nothing,4.286
2017-09_gen2ou-0.json,Noctowl,Items,,Twisted Spoon,2.857
2017-09_gen2ou-0.json,Noctowl,Items,,Spell Tag,2.857
2017-09_gen2ou-0.json,Noctowl,Items,,Other,4.286
2017-09_gen2ou-0.json,Noctowl,Spreads,,Other,4.286
2017-09_gen2ou-0.json,Noctowl,Moves,,Hypnosis,64.286
2017-09_gen2ou-0.json,Noctowl,Moves,,Fly,50.0
2017-09_gen2ou-0.json,Noctowl,Moves,,Sky Attack,32.857
2017-09_gen2ou-0.json,Noctowl,Moves,,Dream Eater,30.0
2017-09_gen2ou-0.json,Noctowl,Moves,,Wing Attack,30.0
2017-09_gen2ou-0.json,Noctowl,Moves,,Night Shade,24.286
2017-09_gen2ou-0.json,Noctowl,Moves,,Toxic,20.0
2017-09_gen2ou-0.json,Noctowl,Moves,,Confusion,14.286
2017-09_gen2ou-0.json,Noctowl,Moves,,Mirror Move,14.286
2017-09_gen2ou-0.json,Noctowl,Moves,,Protect,14.286
2017-09_gen2ou-0.json,Noctowl,Moves,,Return,10.0
2017-09_gen2ou-0.json,Noctowl,Moves,,Hyper Beam,10.0
2017-09_gen2ou-0.json,Noctowl,Moves,,Hidden Power Electric,8.571
2017-09_gen2ou-0.json,Noctowl,Moves,,Hidden Power Fighting,8.571
2017-09_gen2ou-0.json,Noctowl,Moves,,Curse,7.143
2017-09_gen2ou-0.json,Noctowl,Moves,,Rest,5.714
2017-09_gen2ou-0.json,Noctowl,Moves,,Steel Wing,5.714
2017-09_gen2ou-0.json,Noctowl,Moves,,Nothing,4.286
2017-09_gen2ou-0.json,Noctowl,Moves,,Nightmare,4.286
2017-09_gen2ou-0.json,Noctowl,Moves,,Frustration,4.286
2017-09_gen2ou-0.json,Noctowl,Moves,,Detect,4.286
2017-09_gen2ou-0.json,Noctowl,Moves,,Swift,4.286
2017-09_gen2ou-0.json,Noctowl,Moves,,Whirlwind,4.286
2017-09_gen2ou-0.json,Noctowl,Moves,,Feint Attack,2.857
2017-09_gen2ou-0.json,Noctowl,Moves,,Sleep Talk,2.857
2017-09_gen2ou-0.json,Noctowl,Moves,,Other,18.571
2017-09_gen2ou-0.json,Clefable,Stats,Raw count,,70
2017-09_gen2ou-0.json,Clefable,Stats,Avg. weight,,1.0
2017-09_gen2ou-0.json,Clefable,Stats,Viability Ceiling,,90
2017-09_gen2ou-0.json,Clefable,Stats,Serious,,95.714
2017-09_gen2ou-0.json,Clefable,Abilities,,Illuminate,100.0
2017-09_gen2ou-0.json,Clefable,Items,,Leftovers,90.0
2017-09_gen2ou-0.json,Clefable,Items,,Polkadot Bow,5.714
2017-09_gen2ou-0.json,Clefable,Items,,Other,4.286
2017-09_gen2ou-0.json,Clefable,Spreads,,Other,4.286
2017-09_gen2ou-0.json,Clefable,Moves,,Moonlight,78.571
2017-09_gen2ou-0.json,Clefable,Moves,,Belly Drum,60.0
2017-09_gen2ou-0.json,Clefable,Moves,,Return,58.571
2017-09_gen2ou-0.json,Clefable,Moves,,Fire Blast,42.857
2017-09_gen2ou-0.json,Clefable,Moves,,Flamethrower,22.857
2017-09_gen2ou-0.json,Clefable,Moves,,Thunder Wave,20.0
2017-09_gen2ou-0.json,Clefable,Moves,,Ice Beam,18.571
2017-09_gen2ou-0.json,Clefable,Moves,,Thunderbolt,17.143
2017-09_gen2ou-0.json,Clefable,Moves,,Psychic,12.857
2017-09_gen2ou-0.json,Clefable,Moves,,Mega Kick,10.0
2017-09_gen2ou-0.json,Clefable,Moves,,Body Slam,8.571
2017-09_gen2ou-0.json,Clefable,Moves,,Hidden Power Ground,7.143
2017-09_gen2ou-0.json,Clefable,Moves,,Sing,4.286
2017-09_gen2ou-0.json,Clefable,Moves,,Icy Wind,4.286
2017-09_gen2ou-0.json,Clefable,Moves,,Bubble Beam,2.857
2017-09_gen2ou-0.json,Clefable,Moves,,Mega Punch,2.857
2017-09_gen2ou-0.json,Clefable,Moves,,Dream Eater,2.857
2017-09_gen2ou-0.json,Clefable,Moves,,Shadow Ball,2.857
2017-09_gen2ou-0.json,Clefable,Moves,,Toxic,2.857
2017-09_gen2ou-0.json,Clefable,Moves,,Double Slap,2.857
2017-09_gen2ou-0.json,Clefable,Moves,,Other,17.143
2017-09_gen2ou-0.json,Sneasel,Stats,Raw count,,64
2017-09_gen2ou-0.json,Sneasel,Stats,Avg. weight,,1.0
2017-09_gen2ou-0.json,Sneasel,Stats,Viability Ceiling,,65
2017-09_gen2ou-0.json,Sneasel,Stats,Serious,,96.875
2017-09_gen2ou-0.json,Sneasel,Abilities,,Illuminate,100.0
2017-09_gen2ou-0.json,Sneasel,Items,,Nothing,40.625
2017-09_gen2ou-0.json,Sneasel,Items,,BrightPowder,18.75
2017-09_gen2ou-0.json,Sneasel,Items,,Leftovers,15.625
2017-09_gen2ou-0.json,Sneasel,Items,,Black Glasses,9.375
2017-09_gen2ou-0.json,Sneasel,Items,,Never-Melt Ice,6.25
2017-09_gen2ou-0.json,Sneasel,Items,,Gold Berry,6.25
2017-09_gen2ou-0.json,Sneasel,Items,,Other,3.125
2017-09_gen2ou-0.json,Sneasel,Spreads,,Other,3.125
2017-09_gen2ou-0.json,Sneasel,Moves,,Shadow Ball,73.438
2017-09_gen2ou-0.json,Sneasel,Moves,,Dynamic Punch,70.312
2017-09_gen2ou-0.json,Sneasel,Moves,,Hidden Power Rock,56.25
2017-09_gen2ou-0.json,Sneasel,Moves,,Thief,40.625
2017-09_gen2ou-0.json,Sneasel,Moves,,Blizzard,28.125
2017-09_gen2ou-0.json,Sneasel,Moves,,Ice Beam,18.75
2017-09_gen2ou-0.json,Sneasel,Moves,,Return,15.625
2017-09_gen2ou-0.json,Sneasel,Moves,,Quick Attack,14.062
2017-09_gen2ou-0.json,Sneasel,Moves,,Surf,10.938
2017-09_gen2ou-0.json,Sneasel,Moves,,Hidden Power Fighting,9.375
2017-09_gen2ou-0.json,Sneasel,Moves,,Metal Claw,9.375
2017-09_gen2ou-0.json,Sneasel,Moves,,Feint Attack,7.812
2017-09_gen2ou-0.json,Sneasel,Moves,,Moonlight,7.812
2017-09_gen2ou-0.json,Sneasel,Moves,,Toxic,6.25
2017-09_gen2ou-0.json,Sneasel,Moves,,Agility,6.25
2017-09_gen2ou-0.json,Sneasel,Moves,,Ice Punch,6.25
2017-09_gen2ou-0.json,Sneasel,Moves,,Other,18.75
2017-09_gen2ou-0.json,Magmar,Stats,Raw count,,62
2017-09_gen2ou-0.json,Magmar,Stats,Avg. weight,,1.0
2017-09_gen2ou-0.json,Magmar,Stats,Viability Ceiling,,87
2017-09_gen2ou-0.json,Magmar,Stats,Serious,,100.000
2017-09_gen2ou-0.json,Magmar,Abilities,,Illuminate,100.0
2017-09_gen2ou-0.json,Magmar,Items,,Leftovers,43.548
2017-09_gen2ou-0.json,Magmar,Items,,Charcoal,41.935
2017-09_gen2ou-0.json,Magmar,Items,,BrightPowder,6.452
2017-09_gen2ou-0.json,Magmar,Items,,King's Rock,4.839
2017-09_gen2ou-0.json,Magmar,Items,,Other,3.226
2017-09_gen2ou-0.json,Magmar,Moves,,Thunder Punch,96.774
2017-09_gen2ou-0.json,Magmar,Moves,,Fire Blast,77.419
2017-09_gen2ou-0.json,Magmar,Moves,,Cross Chop,64.516
2017-09_gen2ou-0.json,Magmar,Moves,,Flamethrower,38.71
2017-09_gen2ou-0.json,Magmar,Moves,,Confuse Ray,20.968
2017-09_gen2ou-0.json,Magmar,Moves,,Psychic,20.968
2017-09_gen2ou-0.json,Magmar,Moves,,Smokescreen,14.516
2017-09_gen2ou-0.json,Magmar,Moves,,Protect,12.903
2017-09_gen2ou-0.json,Magmar,Moves,,Hidden Power Water,12.903
2017-09_gen2ou-0.json,Magmar,Moves,,Mega Punch,11.29
2017-09_gen2ou-0.json,Magmar,Moves,,Iron Tail,11.29
2017-09_gen2ou-0.json,Magmar,Moves,,Other,17.742
2017-09_gen2ou-0.json,Politoed,Stats,Raw count,,62
2017-09_gen2ou-0.json,Politoed,Stats,Avg. weight,,1.0
2017-09_gen2ou-0.json,Politoed,Stats,Viability Ceiling,,55
2017-09_gen2ou-0.json,Politoed,Stats,Serious,,95.161
2017-09_gen2ou-0.json,Politoed,Abilities,,Illuminate,100.0
2017-09_gen2ou-0.json,Politoed,Items,,Leftovers,43.548
2017-09_gen2ou-0.json,Politoed,Items,,Miracle Berry,17.742
2017-09_gen2ou-0.json,Politoed,Items,,Gold Berry,11.29
2017-09_gen2ou-0.json,Politoed,Items,,Mystic Water,8.065
2017-09_gen2ou-0.json,Politoed,Items,,Nothing,4.839
2017-09_gen2ou-0.json,Politoed,Items,,King's Rock,4.839
2017-09_gen2ou-0.json,Politoed,Items,,Mint Berry,3.226
2017-09_gen2ou-0.json,Politoed,Items,,Black Glasses,3.226
2017-09_gen2ou-0.json,Politoed,Items,,Other,3.226
2017-09_gen2ou-0.json,Politoed,Spreads,,Other,4.839
2017-09_gen2ou-0.json,Politoed,Moves,,Hydro Pump,50.0
2017-09_gen2ou-0.json,Politoed,Moves,,Ice Beam,43.548
2017-09_gen2ou-0.json,Politoed,Moves,,Surf,37.097
2017-09_gen2ou-0.json,Politoed,Moves,,Perish Song,27.419
2017-09_gen2ou-0.json,Politoed,Moves,,Toxic,27.419
2017-09_gen2ou-0.json,Politoed,Moves,,Earthquake,25.806
2017-09_gen2ou-0.json,Politoed,Moves,,Blizzard,24.194
2017-09_gen2ou-0.json,Politoed,Moves,,Protect,22.581
2017-09_gen2ou-0.json,Politoed,Moves,,Psychic,22.581
2017-09_gen2ou-0.json,Politoed,Moves,,Body Slam,17.742
2017-09_gen2ou-0.json,Politoed,Moves,,Lovely Kiss,17.742
2017-09_gen2ou-0.json,Politoed,Moves,,Belly Drum,14.516
2017-09_gen2ou-0.json,Politoed,Moves,,Hypnosis,14.516
2017-09_gen2ou-0.json,Politoed,Moves,,Hidden Power Grass,9.677
2017-09_gen2ou-0.json,Politoed,Moves,,Skull Bash,9.677
2017-09_gen2ou-0.json,Politoed,Moves,,Waterfall,8.065
2017-09_gen2ou-0.json,Politoed,Moves,,Whirlpool,4.839
2017-09_gen2ou-0.json,Politoed,Moves,,Seismic Toss,4.839
2017-09_gen2ou-0.json,Politoed,Moves,,Other,17.742
2017-09_gen2ou-0.json,Sudowoodo,Stats,Raw count,,62
2017-09_gen2ou-0.json,Sudowoodo,Stats,Avg. weight,,1.0
2017-09_gen2ou-0.json,Sudowoodo,Stats,Viability Ceiling,,72
2017-09_gen2ou-0.json,Sudowoodo,Stats,Serious,,25.806
2017-09_gen2ou-0.json,Sudowoodo,Abilities,,Illuminate,100.0
2017-09_gen2ou-0.json,Sudowoodo,Items,,Leftovers,48.387
2017-09_gen2ou-0.json,Sudowoodo,Items,,Hard Stone,30.645
2017-09_gen2ou-0.json,Sudowoodo,Items,,Nothing,11.29
2017-09_gen2ou-0.json,Sudowoodo,Items,,Mint Berry,1.613
2017-09_gen2ou-0.json,Sudowoodo,Items,,Focus Band,1.613
2017-09_gen2ou-0.json,Sudowoodo,Items,,Quick Claw,1.613
2017-09_gen2ou-0.json,Sudowoodo,Items,,Other,4.839
2017-09_gen2ou-0.json,Sudowoodo,Moves,,Rock Slide,80.645
2017-09_gen2ou-0.json,Sudowoodo,Moves,,Earthquake,54.839
2017-09_gen2ou-0.json,Sudowoodo,Moves,,Low Kick,46.774
2017-09_gen2ou-0.json,Sudowoodo,Moves,,Ice Punch,35.484
2017-09_gen2ou-0.json,Sudowoodo,Moves,,Fire Punch,27.419
2017-09_gen2ou-0.json,Sudowoodo,Moves,,Thunder Punch,25.806
2017-09_gen2ou-0.json,Sudowoodo,Moves,,Dynamic Punch,24.194
2017-09_gen2ou-0.json,Sudowoodo,Moves,,Self-Destruct,19.355
2017-09_gen2ou-0.json,Sudowoodo,Moves,,Toxic,9.677
2017-09_gen2ou-0.json,Sudowoodo,Moves,,Mimic,9.677
2017-09_gen2ou-0.json,Sudowoodo,Moves,,Rest,8.065
2017-09_gen2ou-0.json,Sudowoodo,Moves,,Curse,8.065
2017-09_gen2ou-0.json,Sudowoodo,Moves,,Sleep Talk,6.452
2017-09_gen2ou-0.json,Sudowoodo,Moves,,Defense Curl,6.452
2017-09_gen2ou-0.json,Sudowoodo,Moves,,Attract,4.839
2017-09_gen2ou-0.json,Sudowoodo,Moves,,Rollout,4.839
2017-09_gen2ou-0.json,Sudowoodo,Moves,,Feint Attack,4.839
2017-09_gen2ou-0.json,Sudowoodo,Moves,,Rock Throw,3.226
2017-09_gen2ou-0.json,Sudowoodo,Moves,,Other,19.355
2017-09_gen2ou-0.json,Murkrow,Stats,Raw count,,65
2017-09_gen2ou-0.json,Murkrow,Stats,Avg. weight,,1.0
2017-09_gen2ou-0.json,Murkrow,Stats,Viability Ceiling,,66
2017-09_gen2ou-0.json,Murkrow,Stats,Serious,,96.923
2017-09_gen2ou-0.json,Murkrow,Abilities,,Illuminate,100.0
2017-09_gen2ou-0.json,Murkrow,Items,,Leftovers,80.0
2017-09_gen2ou-0.json,Murkrow,Items,,Nothing,7.692
2017-09_gen2ou-0.json,Murkrow,Items,,Black Glasses,3.077
2017-09_gen2ou-0.json,Murkrow,Items,,Gold Berry,3.077
2017-09_gen2ou-0.json,Murkrow,Items,,Focus Band,1.538
2017-09_gen2ou-0.json,Murkrow,Items,,Other,4.615
2017-09_gen2ou-0.json,Murkrow,Spreads,,Other,3.077
2017-09_gen2ou-0.json,Murkrow,Moves,,Drill Peck,92.308
2017-09_gen2ou-0.json,Murkrow,Moves,,Pursuit,53.846
2017-09_gen2ou-0.json,Murkrow,Moves,,Shadow Ball,53.846
2017-09_gen2ou-0.json,Murkrow,Moves,,Haze,49.231
2017-09_gen2ou-0.json,Murkrow,Moves,,Toxic,24.615
2017-09_gen2ou-0.json,Murkrow,Moves,,Feint Attack,23.077
2017-09_gen2ou-0.json,Murkrow,Moves,,Quick Attack,21.538
2017-09_gen2ou-0.json,Murkrow,Moves,,Night Shade,20.0
2017-09_gen2ou-0.json,Murkrow,Moves,,Whirlwind,10.769
2017-09_gen2ou-0.json,Murkrow,Moves,,Protect,7.692
2017-09_gen2ou-0.json,Murkrow,Moves,,Thief,7.692
2017-09_gen2ou-0.json,Murkrow,Moves,,Hidden Power Fire,6.154
2017-09_gen2ou-0.json,Murkrow,Moves,,Hidden Power Fighting,6.154
2017-09_gen2ou-0.json,Murkrow,Moves,,Curse,4.615
2017-09_gen2ou-0.json,Murkrow,Moves,,Other,18.462
2017-09_gen2ou-0.json,Kabutops,Stats,Raw count,,63
2017-09_gen2ou-0.json,Kabutops,Stats,Avg. weight,,1.0
2017-09_gen2ou-0.json,Kabutops,Stats,Viability Ceiling,,77
2017-09_gen2ou-0.json,Kabutops,Stats,Serious,,3.175
2017-09_gen2ou-0.json,Kabutops,Abilities,,Illuminate,100.0
2017-09_gen2ou-0.json,Kabutops,Items,,Leftovers,58.73
2017-09_gen2ou-0.json,Kabutops,Items,,Nothing,30.159
2017-09_gen2ou-0.json,Kabutops,Items,,Hard Stone,6.349
2017-09_gen2ou-0.json,Kabutops,Items,,Other,4.762
2017-09_gen2ou-0.json,Kabutops,Spreads,,Other,3.175
2017-09_gen2ou-0.json,Kabutops,Moves,,Ancient Power,66.667
2017-09_gen2ou-0.json,Kabutops,Moves,,Hydro Pump,57.143
2017-09_gen2ou-0.json,Kabutops,Moves,,Ice Beam,52.381
2017-09_gen2ou-0.json,Kabutops,Moves,,Seismic Toss,33.333
2017-09_gen2ou-0.json,Kabutops,Moves,,Surf,33.333
2017-09_gen2ou-0.json,Kabutops,Moves,,Rapid Spin,30.159
2017-09_gen2ou-0.json,Kabutops,Moves,,Hidden Power Fighting,23.81
2017-09_gen2ou-0.json,Kabutops,Moves,,Giga Drain,19.048
2017-09_gen2ou-0.json,Kabutops,Moves,,Protect,12.698
2017-09_gen2ou-0.json,Kabutops,Moves,,Rest,11.111
2017-09_gen2ou-0.json,Kabutops,Moves,,Blizzard,7.937
2017-09_gen2ou-0.json,Kabutops,Moves,,Body Slam,7.937
2017-09_gen2ou-0.json,Kabutops,Moves,,Sleep Talk,6.349
2017-09_gen2ou-0.json,Kabutops,Moves,,Reflect,6.349
2017-09_gen2ou-0.json,Kabutops,Moves,,Dig,6.349
2017-09_gen2ou-0.json,Kabutops,Moves,,Mega Kick,4.762
2017-09_gen2ou-0.json,Kabutops,Moves,,Rock Throw,3.175
2017-09_gen2ou-0.json,Kabutops,Moves,,Other,17.46
2017-09_gen2ou-0.json,Octillery,Stats,Raw count,,58
2017-09_gen2ou-0.json,Octillery,Stats,Avg. weight,,1.0
2017-09_gen2ou-0.json,Octillery,Stats,Viability Ceiling,,71
2017-09_gen2ou-0.json,Octillery,Stats,Serious,,96.552
2017-09_gen2ou-0.json,Octillery,Abilities,,Illuminate,100.0
2017-09_gen2ou-0.json,Octillery,Items,,Leftovers,77.586
2017-09_gen2ou-0.json,Octillery,Items,,Mystic Water,17.241
2017-09_gen2ou-0.json,Octillery,Items,,Miracle Berry,3.448
2017-09_gen2ou-0.json,Octillery,Items,,Other,1.724
2017-09_gen2ou-0.json,Octillery,Spreads,,Other,3.448
2017-09_gen2ou-0.json,Octillery,Moves,,Ice Beam,100.0
2017-09_gen2ou-0.json,Octillery,Moves,,Flamethrower,98.276
2017-09_gen2ou-0.json,Octillery,Moves,,Surf,93.103
2017-09_gen2ou-0.json,Octillery,Moves,,Return,50.0
2017-09_gen2ou-0.json,Octillery,Moves,,Hidden Power Bug,10.345
2017-09_gen2ou-0.json,Octillery,Moves,,Hidden Power Psychic,8.621
2017-09_gen2ou-0.json,Octillery,Moves,,Haze,8.621
2017-09_gen2ou-0.json,Octillery,Moves,,Hidden Power Grass,6.897
2017-09_gen2ou-0.json,Octillery,Moves,,Octazooka,6.897
2017-09_gen2ou-0.json,Octillery,Moves,,Other,17.241
2017-09_gen2ou-0.json,Kangaskhan,Stats,Raw count,,59
2017-09_gen2ou-0.json,Kangaskhan,Stats,Avg. weight,,1.0
2017-09_gen2ou-0.json,Kangaskhan,Stats,Viability Ceiling,,95
2017-09_gen2ou-0.json,Kangaskhan,Stats,Serious,,3.390
2017-09_gen2ou-0.json,Kangaskhan,Abilities,,Illuminate,100.0
2017-09_gen2ou-0.json,Kangaskhan,Items,,Leftovers,76.271
2017-09_gen2ou-0.json,Kangaskhan,Items,,Miracle Berry,10.169
2017-09_gen2ou-0.json,Kangaskhan,Items,,Nothing,5.085
2017-09_gen2ou-0.json,Kangaskhan,Items,,Quick Claw,3.39
2017-09_gen2ou-0.json,Kangaskhan,Items,,Pink Bow,3.39
2017-09_gen2ou-0.json,Kangaskhan,Items,,Other,1.695
2017-09_gen2ou-0.json,Kangaskhan,Spreads,,Other,1.695
2017-09_gen2ou-0.json,Kangaskhan,Moves,,Return,59.322
2017-09_gen2ou-0.json,Kangaskhan,Moves,,Roar,59.322
2017-09_gen2ou-0.json,Kangaskhan,Moves,,Curse,55.932
2017-09_gen2ou-0.json,Kangaskhan,Moves,,Earthquake,33.898
2017-09_gen2ou-0.json,Kangaskhan,Moves,,Rest,32.203
2017-09_gen2ou-0.json,Kangaskhan,Moves,,Rock Slide,30.508
2017-09_gen2ou-0.json,Kangaskhan,Moves,,Substitute,27.119
2017-09_gen2ou-0.json,Kangaskhan,Moves,,Shadow Ball,23.729
2017-09_gen2ou-0.json,Kangaskhan,Moves,,Body Slam,22.034
2017-09_gen2ou-0.json,Kangaskhan,Moves,,Double-Edge,10.169
2017-09_gen2ou-0.json,Kangaskhan,Moves,,Attract,5.085
2017-09_gen2ou-0.json,Kangaskhan,Moves,,Seismic Toss,5.085
2017-09_gen2ou-0.json,Kangaskhan,Moves,,Flamethrower,3.39
2017-09_gen2ou-0.json,Kangaskhan,Moves,,Fire Blast,3.39
2017-09_gen2ou-0.json,Kangaskhan,Moves,,Protect,3.39
2017-09_gen2ou-0.json,Kangaskhan,Moves,,Disable,3.39
2017-09_gen2ou-0.json,Kangaskhan,Moves,,Nothing,1.695
2017-09_gen2ou-0.json,Kangaskhan,Moves,,Dizzy Punch,1.695
2017-09_gen2ou-0.json,Kangaskhan,Moves,,Other,18.644
2017-09_gen2ou-0.json,Nidoqueen,Stats,Raw count,,61
2017-09_gen2ou-0.json,Nidoqueen,Stats,Avg. weight,,1.0
2017-09_gen2ou-0.json,Nidoqueen,Stats,Viability Ceiling,,73
2017-09_gen2ou-0.json,Nidoqueen,Stats,Serious,,95.082
2017-09_gen2ou-0.json,Nidoqueen,Abilities,,Illuminate,100.0
2017-09_gen2ou-0.json,Nidoqueen,Items,,Leftovers,72.131
2017-09_gen2ou-0.json,Nidoqueen,Items,,Poison Barb,11.475
2017-09_gen2ou-0.json,Nidoqueen,Items,,Nothing,6.557
2017-09_gen2ou-0.json,Nidoqueen,Items,,Black Belt,4.918
2017-09_gen2ou-0.json,Nidoqueen,Items,,Other,4.918
2017-09_gen2ou-0.json,Nidoqueen,Spreads,,Other,4.918
2017-09_gen2ou-0.json,Nidoqueen,Moves,,Earthquake,91.803
2017-09_gen2ou-0.json,Nidoqueen,Moves,,Ice Beam,42.623
2017-09_gen2ou-0.json,Nidoqueen,Moves,,Lovely Kiss,39.344
2017-09_gen2ou-0.json,Nidoqueen,Moves,,Thunderbolt,36.066
2017-09_gen2ou-0.json,Nidoqueen,Moves,,Blizzard,19.672
2017-09_gen2ou-0.json,Nidoqueen,Moves,,Toxic,19.672
2017-09_gen2ou-0.json,Nidoqueen,Moves,,Thunder,18.033
2017-09_gen2ou-0.json,Nidoqueen,Moves,,Body Slam,14.754
2017-09_gen2ou-0.json,Nidoqueen,Moves,,Fire Blast,14.754
2017-09_gen2ou-0.json,Nidoqueen,Moves,,Detect,13.115
2017-09_gen2ou-0.json,Nidoqueen,Moves,,Iron Tail,11.475
2017-09_gen2ou-0.json,Nidoqueen,Moves,,Flamethrower,9.836
2017-09_gen2ou-0.json,Nidoqueen,Moves,,Surf,9.836
2017-09_gen2ou-0.json,Nidoqueen,Moves,,Shadow Ball,9.836
2017-09_gen2ou-0.json,Nidoqueen,Moves,,Attract,8.197
2017-09_gen2ou-0.json,Nidoqueen,Moves,,Ice Punch,8.197
2017-09_gen2ou-0.json,Nidoqueen,Moves,,Dynamic Punch,4.918
2017-09_gen2ou-0.json,Nidoqueen,Moves,,Double Kick,4.918
2017-09_gen2ou-0.json,Nidoqueen,Moves,,Rest,3.279
2017-09_gen2ou-0.json,Nidoqueen,Moves,,Other,19.672
2017-09_gen2ou-0.json,Magneton,Stats,Raw count,,54
2017-09_gen2ou-0.json,Magneton,Stats,Avg. weight,,1.0
2017-09_gen2ou-0.json,Magneton,Stats,Viability Ceiling,,73
2017-09_gen2ou-0.json,Magneton,Stats,Serious,,3.704
2017-09_gen2ou-0.json,Magneton,Abilities,,Illuminate,100.0
2017-09_gen2ou-0.json,Magneton,Items,,Leftovers,57.407
2017-09_gen2ou-0.json,Magneton,Items,,Magnet,35.185
2017-09_gen2ou-0.json,Magneton,Items,,Nothing,5.556
2017-09_gen2ou-0.json,Magneton,Items,,Other,1.852
2017-09_gen2ou-0.json,Magneton,Spreads,,Other,1.852
2017-09_gen2ou-0.json,Magneton,Moves,,Thunder Wave,59.259
2017-09_gen2ou-0.json,Magneton,Moves,,Thunderbolt,50.0
2017-09_gen2ou-0.json,Magneton,Moves,,Thunder,44.444
2017-09_gen2ou-0.json,Magneton,Moves,,Tri Attack,35.185
2017-09_gen2ou-0.json,Magneton,Moves,,Protect,24.074
2017-09_gen2ou-0.json,Magneton,Moves,,Substitute,22.222
2017-09_gen2ou-0.json,Magneton,Moves,,Double-Edge,20.37
2017-09_gen2ou-0.json,Magneton,Moves,,Hidden Power Water,18.519
2017-09_gen2ou-0.json,Magneton,Moves,,Hidden Power Ice,16.667
2017-09_gen2ou-0.json,Magneton,Moves,,Toxic,16.667
2017-09_gen2ou-0.json,Magneton,Moves,,Agility,12.963
2017-09_gen2ou-0.json,Magneton,Moves,,Supersonic,11.111
2017-09_gen2ou-0.json,Magneton,Moves,,Lock-On,11.111
2017-09_gen2ou-0.json,Magneton,Moves,,Hidden Power Steel,9.259
2017-09_gen2ou-0.json,Magneton,Moves,,Swagger,7.407
2017-09_gen2ou-0.json,Magneton,Moves,,Return,5.556
2017-09_gen2ou-0.json,Magneton,Moves,,Thunder Shock,5.556
2017-09_gen2ou-0.json,Magneton,Moves,,Zap Cannon,5.556
2017-09_gen2ou-0.json,Magneton,Moves,,Nothing,3.704
2017-09_gen2ou-0.json,Magneton,Moves,,Reflect,3.704
2017-09_gen2ou-0.json,Magneton,Moves,,Other,16.667
2017-09_gen2ou-0.json,Pidgeot,Stats,Raw count,,55
2017-09_gen2ou-0.json,Pidgeot,Stats,Avg. weight,,1.0
2017-09_gen2ou-0.json,Pidgeot,Stats,Viability Ceiling,,66
2017-09_gen2ou-0.json,Pidgeot,Stats,Serious,,3.636
2017-09_gen2ou-0.json,Pidgeot,Abilities,,Illuminate,100.0
2017-09_gen2ou-0.json,Pidgeot,Items,,Leftovers,40.0
2017-09_gen2ou-0.json,Pidgeot,Items,,Nothing,27.273
2017-09_gen2ou-0.json,Pidgeot,Items,,Sharp Beak,20.0
2017-09_gen2ou-0.json,Pidgeot,Items,,Polkadot Bow,5.455
2017-09_gen2ou-0.json,Pidgeot,Items,,King's Rock,3.636
2017-09_gen2ou-0.json,Pidgeot,Items,,Other,3.636
2017-09_gen2ou-0.json,Pidgeot,Spreads,,Other,1.818
2017-09_gen2ou-0.json,Pidgeot,Moves,,Fly,54.545
2017-09_gen2ou-0.json,Pidgeot,Moves,,Wing Attack,45.455
2017-09_gen2ou-0.json,Pidgeot,Moves,,Double-Edge,43.636
2017-09_gen2ou-0.json,Pidgeot,Moves,,Quick Attack,30.909
2017-09_gen2ou-0.json,Pidgeot,Moves,,Sky Attack,27.273
2017-09_gen2ou-0.json,Pidgeot,Moves,,Return,23.636
2017-09_gen2ou-0.json,Pidgeot,Moves,,Agility,18.182
2017-09_gen2ou-0.json,Pidgeot,Moves,,Protect,18.182
2017-09_gen2ou-0.json,Pidgeot,Moves,,Whirlwind,18.182
2017-09_gen2ou-0.json,Pidgeot,Moves,,Swift,14.545
2017-09_gen2ou-0.json,Pidgeot,Moves,,Toxic,12.727
2017-09_gen2ou-0.json,Pidgeot,Moves,,Reflect,12.727
2017-09_gen2ou-0.json,Pidgeot,Moves,,Thief,10.909
2017-09_gen2ou-0.json,Pidgeot,Moves,,Mud-Slap,10.909
2017-09_gen2ou-0.json,Pidgeot,Moves,,Steel Wing,10.909
2017-09_gen2ou-0.json,Pidgeot,Moves,,Nothing,5.455
2017-09_gen2ou-0.json,Pidgeot,Moves,,Hidden Power Electric,5.455
2017-09_gen2ou-0.json,Pidgeot,Moves,,Mirror Move,5.455
2017-09_gen2ou-0.json,Pidgeot,Moves,,Hyper Beam,5.455
2017-09_gen2ou-0.json,Pidgeot,Moves,,Gust,5.455
2017-09_gen2ou-0.json,Pidgeot,Moves,,Rest,3.636
2017-09_gen2ou-0.json,Pidgeot,Moves,,Other,16.364
2017-09_gen2ou-0.json,Haunter,Stats,Raw count,,45
2017-09_gen2ou-0.json,Haunter,Stats,Avg. weight,,1.0
2017-09_gen2ou-0.json,Haunter,Stats,Viability Ceiling,,72
2017-09_gen2ou-0.json,Haunter,Stats,Serious,,97.778
2017-09_gen2ou-0.json,Haunter,Abilities,,Illuminate,100.0
2017-09_gen2ou-0.json,Haunter,Items,,Leftovers,71.111
2017-09_gen2ou-0.json,Haunter,Items,,Pink Bow,24.444
2017-09_gen2ou-0.json,Haunter,Items,,Other,4.444
2017-09_gen2ou-0.json,Haunter,Spreads,,Other,2.222
2017-09_gen2ou-0.json,Haunter,Moves,,Perish Song,73.333
2017-09_gen2ou-0.json,Haunter,Moves,,Destiny Bond,64.444
2017-09_gen2ou-0.json,Haunter,Moves,,Mean Look,51.111
2017-09_gen2ou-0.json,Haunter,Moves,,Protect,46.667
2017-09_gen2ou-0.json,Haunter,Moves,,Hypnosis,26.667
2017-09_gen2ou-0.json,Haunter,Moves,,Psychic,24.444
2017-09_gen2ou-0.json,Haunter,Moves,,Thunderbolt,22.222
2017-09_gen2ou-0.json,Haunter,Moves,,Shadow Ball,22.222
2017-09_gen2ou-0.json,Haunter,Moves,,Night Shade,17.778
2017-09_gen2ou-0.json,Haunter,Moves,,Explosion,17.778
2017-09_gen2ou-0.json,Haunter,Moves,,Rest,13.333
2017-09_gen2ou-0.json,Haunter,Moves,,Confuse Ray,11.111
2017-09_gen2ou-0.json,Haunter,Moves,,Other,8.889
2017-09_gen2ou-0.json,Wobbuffet,Stats,Raw count,,47
2017-09_gen2ou-0.json,Wobbuffet,Stats,Avg. weight,,1.0
2017-09_gen2ou-0.json,Wobbuffet,Stats,Viability Ceiling,,62
2017-09_gen2ou-0.json,Wobbuffet,Stats,Serious,,14.894
2017-09_gen2ou-0.json,Wobbuffet,Abilities,,Illuminate,100.0
2017-09_gen2ou-0.json,Wobbuffet,Items,,Leftovers,59.574
2017-09_gen2ou-0.json,Wobbuffet,Items,,Metal Powder,21.277
2017-09_gen2ou-0.json,Wobbuffet,Items,,Focus Band,6.383
2017-09_gen2ou-0.json,Wobbuffet,Items,,Gold Berry,4.255
2017-09_gen2ou-0.json,Wobbuffet,Items,,Twisted Spoon,4.255
2017-09_gen2ou-0.json,Wobbuffet,Items,,Other,4.255
2017-09_gen2ou-0.json,Wobbuffet,Spreads,,Other,2.128
2017-09_gen2ou-0.json,Wobbuffet,Moves,,Counter,97.872
2017-09_gen2ou-0.json,Wobbuffet,Moves,,Destiny Bond,93.617
2017-09_gen2ou-0.json,Wobbuffet,Moves,,Mirror Coat,85.106
2017-09_gen2ou-0.json,Wobbuffet,Moves,,Safeguard,53.191
2017-09_gen2ou-0.json,Wobbuffet,Moves,,Mimic,38.298
2017-09_gen2ou-0.json,Wobbuffet,Moves,,Nothing,31.915
2017-09_gen2ou-0.json,Ditto,Stats,Raw count,,43
2017-09_gen2ou-0.json,Ditto,Stats,Avg. weight,,1.0
2017-09_gen2ou-0.json,Ditto,Stats,Viability Ceiling,,67
2017-09_gen2ou-0.json,Ditto,Stats,Serious,,6.977
2017-09_gen2ou-0.json,Ditto,Abilities,,Illuminate,100.0
2017-09_gen2ou-0.json,Ditto,Items,,Metal Powder,48.837
2017-09_gen2ou-0.json,Ditto,Items,,Leftovers,37.209
2017-09_gen2ou-0.json,Ditto,Items,,Nothing,11.628
2017-09_gen2ou-0.json,Ditto,Items,,Other,2.326
2017-09_gen2ou-0.json,Ditto,Moves,,Nothing,300.0
2017-09_gen2ou-0.json,Ditto,Moves,,Transform,100.0
2017-09_gen2ou-0.json,Mr. Mime,Stats,Raw count,,42
2017-09_gen2ou-0.json,Mr. Mime,Stats,Avg. weight,,1.0
2017-09_gen2ou-0.json,Mr. Mime,Stats,Viability Ceiling,,77
2017-09_gen2ou-0.json,Mr. Mime,Stats,Serious,,97.619
2017-09_gen2ou-0.json,Mr. Mime,Abilities,,Illuminate,100.0
2017-09_gen2ou-0.json,Mr. Mime,Items,,Leftovers,76.19
2017-09_gen2ou-0.json,Mr. Mime,Items,,Mint Berry,19.048
2017-09_gen2ou-0.json,Mr. Mime,Items,,Other,4.762
2017-09_gen2ou-0.json,Mr. Mime,Spreads,,Other,2.381
2017-09_gen2ou-0.json,Mr. Mime,Moves,,Psychic,52.381
2017-09_gen2ou-0.json,Mr. Mime,Moves,,Fire Punch,50.0
2017-09_gen2ou-0.json,Mr. Mime,Moves,,Thunderbolt,47.619
2017-09_gen2ou-0.json,Mr. Mime,Moves,,Baton Pass,45.238
2017-09_gen2ou-0.json,Mr. Mime,Moves,,Thunder Wave,45.238
2017-09_gen2ou-0.json,Mr. Mime,Moves,,Reflect,40.476
2017-09_gen2ou-0.json,Mr. Mime,Moves,,Hypnosis,21.429
2017-09_gen2ou-0.json,Mr. Mime,Moves,,Encore,21.429
2017-09_gen2ou-0.json,Mr. Mime,Moves,,Rest,19.048
2017-09_gen2ou-0.json,Mr. Mime,Moves,,Light Screen,16.667
2017-09_gen2ou-0.json,Mr. Mime,Moves,,Barrier,11.905
2017-09_gen2ou-0.json,Mr. Mime,Moves,,Substitute,9.524
2017-09_gen2ou-0.json,Mr. Mime,Moves,,Other,19.048
2017-09_gen2ou-0.json,Dodrio,Stats,Raw count,,41
2017-09_gen2ou-0.json,Dodrio,Stats,Avg. weight,,1.0
2017-09_gen2ou-0.json,Dodrio,Stats,Viability Ceiling,,62
2017-09_gen2ou-0.json,Dodrio,Stats,Serious,,12.195
2017-09_gen2ou-0.json,Dodrio,Abilities,,Illuminate,100.0
2017-09_gen2ou-0.json,Dodrio,Items,,Pink Bow,39.024
2017-09_gen2ou-0.json,Dodrio,Items,,Leftovers,31.707
2017-09_gen2ou-0.json,Dodrio,Items,,King's Rock,9.756
2017-09_gen2ou-0.json,Dodrio,Items,,Sharp Beak,7.317
2017-09_gen2ou-0.json,Dodrio,Items,,Berserk Gene,4.878
2017-09_gen2ou-0.json,Dodrio,Items,,Nothing,4.878
2017-09_gen2ou-0.json,Dodrio,Items,,Other,2.439
2017-09_gen2ou-0.json,Dodrio,Spreads,,Other,2.439
2017-09_gen2ou-0.json,Dodrio,Moves,,Drill Peck,95.122
2017-09_gen2ou-0.json,Dodrio,Moves,,Double-Edge,70.732
2017-09_gen2ou-0.json,Dodrio,Moves,,Tri Attack,48.78
2017-09_gen2ou-0.json,Dodrio,Moves,,Low Kick,36.585
2017-09_gen2ou-0.json,Dodrio,Moves,,Protect,19.512
2017-09_gen2ou-0.json,Dodrio,Moves,,Pursuit,19.512
2017-09_gen2ou-0.json,Dodrio,Moves,,Body Slam,14.634
2017-09_gen2ou-0.json,Dodrio,Moves,,Steel Wing,14.634
2017-09_gen2ou-0.json,Dodrio,Moves,,Toxic,12.195
2017-09_gen2ou-0.json,Dodrio,Moves,,Rest,12.195
2017-09_gen2ou-0.json,Dodrio,Moves,,Sleep Talk,12.195
2017-09_gen2ou-0.json,Dodrio,Moves,,Whirlwind,9.756
2017-09_gen2ou-0.json,Dodrio,Moves,,Fly,7.317
2017-09_gen2ou-0.json,Dodrio,Moves,,Quick Attack,7.317
2017-09_gen2ou-0.json,Dodrio,Moves,,Other,19.512
2017-09_gen2ou-0.json,Aipom,Stats,Raw count,,41
2017-09_gen2ou-0.json,Aipom,Stats,Avg. weight,,1.0
2017-09_gen2ou-0.json,Aipom,Stats,Viability Ceiling,,57
2017-09_gen2ou-0.json,Aipom,Stats,Serious,,9.756
2017-09_gen2ou-0.json,Aipom,Abilities,,Illuminate,100.0
2017-09_gen2ou-0.json,Aipom,Items,,Leftovers,29.268
2017-09_gen2ou-0.json,Aipom,Items,,BrightPowder,24.39
2017-09_gen2ou-0.json,Aipom,Items,,King's Rock,17.073
2017-09_gen2ou-0.json,Aipom,Items,,Berserk Gene,7.317
2017-09_gen2ou-0.json,Aipom,Items,,Pink Bow,7.317
2017-09_gen2ou-0.json,Aipom,Items,,Focus Band,4.878
2017-09_gen2ou-0.json,Aipom,Items,,Black Belt,4.878
2017-09_gen2ou-0.json,Aipom,Items,,Other,4.878
2017-09_gen2ou-0.json,Aipom,Spreads,,Other,2.439
2017-09_gen2ou-0.json,Aipom,Moves,,Return,65.854
2017-09_gen2ou-0.json,Aipom,Moves,,Shadow Ball,48.78
2017-09_gen2ou-0.json,Aipom,Moves,,Iron Tail,39.024
2017-09_gen2ou-0.json,Aipom,Moves,,Detect,31.707
2017-09_gen2ou-0.json,Aipom,Moves,,Agility,31.707
2017-09_gen2ou-0.json,Aipom,Moves,,Baton Pass,29.268
2017-09_gen2ou-0.json,Aipom,Moves,,Fire Punch,24.39
2017-09_gen2ou-0.json,Aipom,Moves,,Hidden Power Fighting,19.512
2017-09_gen2ou-0.json,Aipom,Moves,,Strength,17.073
2017-09_gen2ou-0.json,Aipom,Moves,,Curse,12.195
2017-09_gen2ou-0.json,Aipom,Moves,,Mud-Slap,9.756
2017-09_gen2ou-0.json,Aipom,Moves,,Dynamic Punch,9.756
2017-09_gen2ou-0.json,Aipom,Moves,,Thunder Punch,9.756
2017-09_gen2ou-0.json,Aipom,Moves,,Nothing,7.317
2017-09_gen2ou-0.json,Aipom,Moves,,Ice Punch,7.317
2017-09_gen2ou-0.json,Aipom,Moves,,Counter,7.317
2017-09_gen2ou-0.json,Aipom,Moves,,Defense Curl,7.317
2017-09_gen2ou-0.json,Aipom,Moves,,Protect,4.878
2017-09_gen2ou-0.json,Aipom,Moves,,Other,17.073
2017-09_gen2ou-0.json,Qwilfish,Stats,Raw count,,39
2017-09_gen2ou-0.json,Qwilfish,Stats,Avg. weight,,1.0
2017-09_gen2ou-0.json,Qwilfish,Stats,Viability Ceiling,,77
2017-09_gen2ou-0.json,Qwilfish,Stats,Serious,,97.436
2017-09_gen2ou-0.json,Qwilfish,Abilities,,Illuminate,100.0
2017-09_gen2ou-0.json,Qwilfish,Items,,Leftovers,76.923
2017-09_gen2ou-0.json,Qwilfish,Items,,Miracle Berry,10.256
2017-09_gen2ou-0.json,Qwilfish,Items,,Focus Band,7.692
2017-09_gen2ou-0.json,Qwilfish,Items,,Mystic Water,2.564
2017-09_gen2ou-0.json,Qwilfish,Items,,Other,2.564
2017-09_gen2ou-0.json,Qwilfish,Spreads,,Other,2.564
2017-09_gen2ou-0.json,Qwilfish,Moves,,Sludge Bomb,97.436
2017-09_gen2ou-0.json,Qwilfish,Moves,,Spikes,97.436
2017-09_gen2ou-0.json,Qwilfish,Moves,,Haze,71.795
2017-09_gen2ou-0.json,Qwilfish,Moves,,Hydro Pump,53.846
2017-09_gen2ou-0.json,Qwilfish,Moves,,Protect,17.949
2017-09_gen2ou-0.json,Qwilfish,Moves,,Surf,15.385
2017-09_gen2ou-0.json,Qwilfish,Moves,,Ice Beam,10.256
2017-09_gen2ou-0.json,Qwilfish,Moves,,Swagger,10.256
2017-09_gen2ou-0.json,Qwilfish,Moves,,Hidden Power Ground,7.692
2017-09_gen2ou-0.json,Qwilfish,Moves,,Other,17.949
2017-09_gen2ou-0.json,Gligar,Stats,Raw count,,36
2017-09_gen2ou-0.json,Gligar,Stats,Avg. weight,,1.0
2017-09_gen2ou-0.json,Gligar,Stats,Viability Ceiling,,71
2017-09_gen2ou-0.json,Gligar,Stats,Serious,,100.000
2017-09_gen2ou-0.json,Gligar,Abilities,,Illuminate,100.0
2017-09_gen2ou-0.json,Gligar,Items,,Leftovers,58.333
2017-09_gen2ou-0.json,Gligar,Items,,Nothing,13.889
2017-09_gen2ou-0.json,Gligar,Items,,Soft Sand,13.889
2017-09_gen2ou-0.json,Gligar,Items,,Miracle Berry,11.111
2017-09_gen2ou-0.json,Gligar,Items,,Other,2.778
2017-09_gen2ou-0.json,Gligar,Moves,,Earthquake,94.444
2017-09_gen2ou-0.json,Gligar,Moves,,Sludge Bomb,77.778
2017-09_gen2ou-0.json,Gligar,Moves,,Protect,36.111
2017-09_gen2ou-0.json,Gligar,Moves,,Wing Attack,33.333
2017-09_gen2ou-0.json,Gligar,Moves,,Curse,27.778
2017-09_gen2ou-0.json,Gligar,Moves,,Toxic,25.0
2017-09_gen2ou-0.json,Gligar,Moves,,Frustration,16.667
2017-09_gen2ou-0.json,Gligar,Moves,,Counter,16.667
2017-09_gen2ou-0.json,Gligar,Moves,,Rest,16.667
2017-09_gen2ou-0.json,Gligar,Moves,,Quick Attack,16.667
2017-09_gen2ou-0.json,Gligar,Moves,,Sleep Talk,8.333
2017-09_gen2ou-0.json,Gligar,Moves,,Thief,5.556
2017-09_gen2ou-0.json,Gligar,Moves,,Fury Cutter,5.556
2017-09_gen2ou-0.json,Gligar,Moves,,Other,19.444
2017-09_gen2ou-0.json,Xatu,Stats,Raw count,,33
2017-09_gen2ou-0.json,Xatu,Stats,Avg. weight,,1.0
2017-09_gen2ou-0.json,Xatu,Stats,Viability Ceiling,,62
2017-09_gen2ou-0.json,Xatu,Stats,Serious,,96.970
2017-09_gen2ou-0.json,Xatu,Abilities,,Illuminate,100.0
2017-09_gen2ou-0.json,Xatu,Items,,Twisted Spoon,39.394
2017-09_gen2ou-0.json,Xatu,Items,,Leftovers,27.273
2017-09_gen2ou-0.json,Xatu,Items,,Nothing,12.121
2017-09_gen2ou-0.json,Xatu,Items,,Scope Lens,9.091
2017-09_gen2ou-0.json,Xatu,Items,,Focus Band,6.061
2017-09_gen2ou-0.json,Xatu,Items,,BrightPowder,3.03
2017-09_gen2ou-0.json,Xatu,Items,,Other,3.03
2017-09_gen2ou-0.json,Xatu,Spreads,,Other,3.03
2017-09_gen2ou-0.json,Xatu,Moves,,Psychic,93.939
2017-09_gen2ou-0.json,Xatu,Moves,,Drill Peck,75.758
2017-09_gen2ou-0.json,Xatu,Moves,,Giga Drain,54.545
2017-09_gen2ou-0.json,Xatu,Moves,,Fly,36.364
2017-09_gen2ou-0.json,Xatu,Moves,,Confuse Ray,33.333
2017-09_gen2ou-0.json,Xatu,Moves,,Protect,24.242
2017-09_gen2ou-0.json,Xatu,Moves,,Nightmare,21.212
2017-09_gen2ou-0.json,Xatu,Moves,,Toxic,15.152
2017-09_gen2ou-0.json,Xatu,Moves,,Future Sight,9.091
2017-09_gen2ou-0.json,Xatu,Moves,,Feint Attack,9.091
2017-09_gen2ou-0.json,Xatu,Moves,,Night Shade,9.091
2017-09_gen2ou-0.json,Xatu,Moves,,Other,18.182
2017-09_gen2ou-0.json,Parasect,Stats,Raw count,,32
2017-09_gen2ou-0.json,Parasect,Stats,Avg. weight,,1.0
2017-09_gen2ou-0.json,Parasect,Stats,Viability Ceiling,,72
2017-09_gen2ou-0.json,Parasect,Stats,Serious,,100.000
2017-09_gen2ou-0.json,Parasect,Abilities,,Illuminate,100.0
2017-09_gen2ou-0.json,Parasect,Items,,Leftovers,78.125
2017-09_gen2ou-0.json,Parasect,Items,,Quick Claw,12.5
2017-09_gen2ou-0.json,Parasect,Items,,Miracle Seed,9.375
2017-09_gen2ou-0.json,Parasect,Moves,,Spore,90.625
2017-09_gen2ou-0.json,Parasect,Moves,,Stun Spore,84.375
2017-09_gen2ou-0.json,Parasect,Moves,,Giga Drain,71.875
2017-09_gen2ou-0.json,Parasect,Moves,,Hidden Power Rock,46.875
2017-09_gen2ou-0.json,Parasect,Moves,,Sludge Bomb,31.25
2017-09_gen2ou-0.json,Parasect,Moves,,Swords Dance,28.125
2017-09_gen2ou-0.json,Parasect,Moves,,Hyper Beam,12.5
2017-09_gen2ou-0.json,Parasect,Moves,,Synthesis,12.5
2017-09_gen2ou-0.json,Parasect,Moves,,Fury Cutter,9.375
2017-09_gen2ou-0.json,Parasect,Moves,,Other,12.5
2017-09_gen2ou-0.json,Pinsir,Stats,Raw count,,30
2017-09_gen2ou-0.json,Pinsir,Stats,Avg. weight,,1.0
2017-09_gen2ou-0.json,Pinsir,Stats,Viability Ceiling,,72
2017-09_gen2ou-0.json,Pinsir,Stats,Serious,,100.000
2017-09_gen2ou-0.json,Pinsir,Abilities,,Illuminate,100.0
2017-09_gen2ou-0.json,Pinsir,Items,,Leftovers,66.667
2017-09_gen2ou-0.json,Pinsir,Items,,Mint Berry,16.667
2017-09_gen2ou-0.json,Pinsir,Items,,Nothing,13.333
2017-09_gen2ou-0.json,Pinsir,Items,,Other,3.333
2017-09_gen2ou-0.json,Pinsir,Moves,,Rest,73.333
2017-09_gen2ou-0.json,Pinsir,Moves,,Swords Dance,63.333
2017-09_gen2ou-0.json,Pinsir,Moves,,Sleep Talk,56.667
2017-09_gen2ou-0.json,Pinsir,Moves,,Submission,36.667
2017-09_gen2ou-0.json,Pinsir,Moves,,Hidden Power Bug,30.0
2017-09_gen2ou-0.json,Pinsir,Moves,,Body Slam,30.0
2017-09_gen2ou-0.json,Pinsir,Moves,,Hidden Power Fighting,30.0
2017-09_gen2ou-0.json,Pinsir,Moves,,Return,20.0
2017-09_gen2ou-0.json,Pinsir,Moves,,Seismic Toss,20.0
2017-09_gen2ou-0.json,Pinsir,Moves,,Protect,13.333
2017-09_gen2ou-0.json,Pinsir,Moves,,Nothing,10.0
2017-09_gen2ou-0.json,Pinsir,Moves,,Other,16.667
2017-09_gen2ou-0.json,Rapidash,Stats,Raw count,,32
2017-09_gen2ou-0.json,Rapidash,Stats,Avg. weight,,1.0
2017-09_gen2ou-0.json,Rapidash,Stats,Viability Ceiling,,55
2017-09_gen2ou-0.json,Rapidash,Stats,Serious,,3.125
2017-09_gen2ou-0.json,Rapidash,Abilities,,Illuminate,100.0
2017-09_gen2ou-0.json,Rapidash,Items,,Charcoal,43.75
2017-09_gen2ou-0.json,Rapidash,Items,,Leftovers,31.25
2017-09_gen2ou-0.json,Rapidash,Items,,Miracle Berry,18.75
2017-09_gen2ou-0.json,Rapidash,Items,,Quick Claw,3.125
2017-09_gen2ou-0.json,Rapidash,Items,,Other,3.125
2017-09_gen2ou-0.json,Rapidash,Spreads,,Other,3.125
2017-09_gen2ou-0.json,Rapidash,Moves,,Flamethrower,75.0
2017-09_gen2ou-0.json,Rapidash,Moves,,Fire Blast,46.875
2017-09_gen2ou-0.json,Rapidash,Moves,,Quick Attack,37.5
2017-09_gen2ou-0.json,Rapidash,Moves,,Protect,37.5
2017-09_gen2ou-0.json,Rapidash,Moves,,Double-Edge,37.5
2017-09_gen2ou-0.json,Rapidash,Moves,,Hidden Power Fighting,28.125
2017-09_gen2ou-0.json,Rapidash,Moves,,Hypnosis,25.0
2017-09_gen2ou-0.json,Rapidash,Moves,,Hyper Beam,18.75
2017-09_gen2ou-0.json,Rapidash,Moves,,Ember,12.5
2017-09_gen2ou-0.json,Rapidash,Moves,,Flame Wheel,12.5
2017-09_gen2ou-0.json,Rapidash,Moves,,Fire Spin,9.375
2017-09_gen2ou-0.json,Rapidash,Moves,,Low Kick,9.375
2017-09_gen2ou-0.json,Rapidash,Moves,,Body Slam,9.375
2017-09_gen2ou-0.json,Rapidash,Moves,,Hidden Power Electric,6.25
2017-09_gen2ou-0.json,Rapidash,Moves,,Curse,6.25
2017-09_gen2ou-0.json,Rapidash,Moves,,Nothing,3.125
2017-09_gen2ou-0.json,Rapidash,Moves,,Take Down,3.125
2017-09_gen2ou-0.json,Rapidash,Moves,,Frustration,3.125
2017-09_gen2ou-0.json,Rapidash,Moves,,Other,18.75
2017-09_gen2ou-0.json,Primeape,Stats,Raw count,,31
2017-09_gen2ou-0.json,Primeape,Stats,Avg. weight,,1.0
2017-09_gen2ou-0.json,Primeape,Stats,Viability Ceiling,,55
2017-09_gen2ou-0.json,Primeape,Stats,Serious,,9.677
2017-09_gen2ou-0.json,Primeape,Abilities,,Illuminate,100.0
2017-09_gen2ou-0.json,Primeape,Items,,Black Belt,54.839
2017-09_gen2ou-0.json,Primeape,Items,,Leftovers,29.032
2017-09_gen2ou-0.json,Primeape,Items,,Nothing,6.452
2017-09_gen2ou-0.json,Primeape,Items,,Miracle Berry,6.452
2017-09_gen2ou-0.json,Primeape,Items,,Other,3.226
2017-09_gen2ou-0.json,Primeape,Moves,,Cross Chop,87.097
2017-09_gen2ou-0.json,Primeape,Moves,,Rock Slide,48.387
2017-09_gen2ou-0.json,Primeape,Moves,,Seismic Toss,22.581
2017-09_gen2ou-0.json,Primeape,Moves,,Ice Punch,19.355
2017-09_gen2ou-0.json,Primeape,Moves,,Body Slam,19.355
2017-09_gen2ou-0.json,Primeape,Moves,,Toxic,16.129
2017-09_gen2ou-0.json,Primeape,Moves,,Mega Kick,16.129
2017-09_gen2ou-0.json,Primeape,Moves,,Hidden Power Bug,16.129
2017-09_gen2ou-0.json,Primeape,Moves,,Protect,16.129
2017-09_gen2ou-0.json,Primeape,Moves,,Thief,12.903
2017-09_gen2ou-0.json,Primeape,Moves,,Substitute,12.903
2017-09_gen2ou-0.json,Primeape,Moves,,Focus Energy,12.903
2017-09_gen2ou-0.json,Primeape,Moves,,Double-Edge,12.903
2017-09_gen2ou-0.json,Primeape,Moves,,Nothing,9.677
2017-09_gen2ou-0.json,Primeape,Moves,,Fire Punch,9.677
2017-09_gen2ou-0.json,Primeape,Moves,,Thunderbolt,9.677
2017-09_gen2ou-0.json,Primeape,Moves,,Karate Chop,9.677
2017-09_gen2ou-0.json,Primeape,Moves,,Meditate,9.677
2017-09_gen2ou-0.json,Primeape,Moves,,Hidden Power Fighting,6.452
2017-09_gen2ou-0.json,Primeape,Moves,,Detect,6.452
2017-09_gen2ou-0.json,Primeape,Moves,,Hidden Power Ghost,3.226
2017-09_gen2ou-0.json,Primeape,Moves,,Return,3.226
2017-09_gen2ou-0.json,Primeape,Moves,,Other,19.355
2017-09_gen2ou-0.json,Bayleef,Stats,Raw count,,33
2017-09_gen2ou-0.json,Bayleef,Stats,Avg. weight,,1.0
2017-09_gen2ou-0.json,Bayleef,Stats,Viability Ceiling,,55
2017-09_gen2ou-0.json,Bayleef,Stats,Serious,,6.061
2017-09_gen2ou-0.json,Bayleef,Abilities,,Illuminate,100.0
2017-09_gen2ou-0.json,Bayleef,Items,,Leftovers,48.485
2017-09_gen2ou-0.json,Bayleef,Items,,Gold Berry,27.273
2017-09_gen2ou-0.json,Bayleef,Items,,Nothing,12.121
2017-09_gen2ou-0.json,Bayleef,Items,,Quick Claw,6.061
2017-09_gen2ou-0.json,Bayleef,Items,,Mystery Berry,3.03
2017-09_gen2ou-0.json,Bayleef,Items,,Other,3.03
2017-09_gen2ou-0.json,Bayleef,Moves,,Solar Beam,48.485
2017-09_gen2ou-0.json,Bayleef,Moves,,Giga Drain,45.455
2017-09_gen2ou-0.json,Bayleef,Moves,,Razor Leaf,45.455
2017-09_gen2ou-0.json,Bayleef,Moves,,Synthesis,42.424
2017-09_gen2ou-0.json,Bayleef,Moves,,Leech Seed,33.333
2017-09_gen2ou-0.json,Bayleef,Moves,,Petal Dance,30.303
2017-09_gen2ou-0.json,Bayleef,Moves,,Hidden Power Ice,27.273
2017-09_gen2ou-0.json,Bayleef,Moves,,Toxic,21.212
2017-09_gen2ou-0.json,Bayleef,Moves,,Iron Tail,21.212
2017-09_gen2ou-0.json,Bayleef,Moves,,Body Slam,18.182
2017-09_gen2ou-0.json,Bayleef,Moves,,Ancient Power,15.152
2017-09_gen2ou-0.json,Bayleef,Moves,,Vine Whip,9.091
2017-09_gen2ou-0.json,Bayleef,Moves,,Headbutt,9.091
2017-09_gen2ou-0.json,Bayleef,Moves,,Rest,3.03
2017-09_gen2ou-0.json,Bayleef,Moves,,Mud-Slap,3.03
2017-09_gen2ou-0.json,Bayleef,Moves,,Hidden Power Electric,3.03
2017-09_gen2ou-0.json,Bayleef,Moves,,Hidden Power Fighting,3.03
2017-09_gen2ou-0.json,Bayleef,Moves,,Swords Dance,3.03
2017-09_gen2ou-0.json,Bayleef,Moves,,Other,18.182
2017-09_gen2ou-0.json,Sandslash,Stats,Raw count,,30
2017-09_gen2ou-0.json,Sandslash,Stats,Avg. weight,,1.0
2017-09_gen2ou-0.json,Sandslash,Stats,Viability Ceiling,,68
2017-09_gen2ou-0.json,Sandslash,Stats,Serious,,6.667
2017-09_gen2ou-0.json,Sandslash,Abilities,,Illuminate,100.0
2017-09_gen2ou-0.json,Sandslash,Items,,Leftovers,80.0
2017-09_gen2ou-0.json,Sandslash,Items,,Nothing,6.667
2017-09_gen2ou-0.json,Sandslash,Items,,Soft Sand,6.667
2017-09_gen2ou-0.json,Sandslash,Items,,Focus Band,3.333
2017-09_gen2ou-0.json,Sandslash,Items,,Other,3.333
2017-09_gen2ou-0.json,Sandslash,Moves,,Earthquake,96.667
2017-09_gen2ou-0.json,Sandslash,Moves,,Swords Dance,80.0
2017-09_gen2ou-0.json,Sandslash,Moves,,Rock Slide,66.667
2017-09_gen2ou-0.json,Sandslash,Moves,,Double-Edge,23.333
2017-09_gen2ou-0.json,Sandslash,Moves,,Dig,20.0
2017-09_gen2ou-0.json,Sandslash,Moves,,Slash,16.667
2017-09_gen2ou-0.json,Sandslash,Moves,,Hidden Power Flying,16.667
2017-09_gen2ou-0.json,Sandslash,Moves,,Protect,10.0
2017-09_gen2ou-0.json,Sandslash,Moves,,Counter,10.0
2017-09_gen2ou-0.json,Sandslash,Moves,,Body Slam,10.0
2017-09_gen2ou-0.json,Sandslash,Moves,,Hidden Power Bug,6.667
2017-09_gen2ou-0.json,Sandslash,Moves,,Detect,6.667
2017-09_gen2ou-0.json,Sandslash,Moves,,Rest,6.667
2017-09_gen2ou-0.json,Sandslash,Moves,,Cut,6.667
2017-09_gen2ou-0.json,Sandslash,Moves,,Sleep Talk,6.667
2017-09_gen2ou-0.json,Sandslash,Moves,,Other,16.667
2017-09_gen2ou-0.json,Dugtrio,Stats,Raw count,,27
2017-09_gen2ou-0.json,Dugtrio,Stats,Avg. weight,,1.0
2017-09_gen2ou-0.json,Dugtrio,Stats,Viability Ceiling,,70
2017-09_gen2ou-0.json,Dugtrio,Stats,Serious,,3.704
2017-09_gen2ou-0.json,Dugtrio,Abilities,,Illuminate,100.0
2017-09_gen2ou-0.json,Dugtrio,Items,,Leftovers,77.778
2017-09_gen2ou-0.json,Dugtrio,Items,,Nothing,11.111
2017-09_gen2ou-0.json,Dugtrio,Items,,Berserk Gene,3.704
2017-09_gen2ou-0.json,Dugtrio,Items,,BrightPowder,3.704
2017-09_gen2ou-0.json,Dugtrio,Items,,Other,3.704
2017-09_gen2ou-0.json,Dugtrio,Spreads,,Other,3.704
2017-09_gen2ou-0.json,Dugtrio,Moves,,Earthquake,100.0
2017-09_gen2ou-0.json,Dugtrio,Moves,,Sludge Bomb,77.778
2017-09_gen2ou-0.json,Dugtrio,Moves,,Rock Slide,51.852
2017-09_gen2ou-0.json,Dugtrio,Moves,,Tri Attack,44.444
2017-09_gen2ou-0.json,Dugtrio,Moves,,Substitute,22.222
2017-09_gen2ou-0.json,Dugtrio,Moves,,Dig,14.815
2017-09_gen2ou-0.json,Dugtrio,Moves,,Swagger,11.111
2017-09_gen2ou-0.json,Dugtrio,Moves,,Slash,11.111
2017-09_gen2ou-0.json,Dugtrio,Moves,,Double-Edge,11.111
2017-09_gen2ou-0.json,Dugtrio,Moves,,Protect,7.407
2017-09_gen2ou-0.json,Dugtrio,Moves,,Body Slam,7.407
2017-09_gen2ou-0.json,Dugtrio,Moves,,Toxic,7.407
2017-09_gen2ou-0.json,Dugtrio,Moves,,Ancient Power,7.407
2017-09_gen2ou-0.json,Dugtrio,Moves,,Pursuit,7.407
2017-09_gen2ou-0.json,Dugtrio,Moves,,Other,18.519
2017-09_gen2ou-0.json,Arbok,Stats,Raw count,,30
2017-09_gen2ou-0.json,Arbok,Stats,Avg. weight,,1.0
2017-09_gen2ou-0.json,Arbok,Stats,Viability Ceiling,,60
2017-09_gen2ou-0.json,Arbok,Stats,Serious,,96.667
2017-09_gen2ou-0.json,Arbok,Abilities,,Illuminate,100.0
2017-09_gen2ou-0.json,Arbok,Items,,Leftovers,50.0
2017-09_gen2ou-0.json,Arbok,Items,,Miracle Seed,30.0
2017-09_gen2ou-0.json,Arbok,Items,,Poison Barb,6.667
2017-09_gen2ou-0.json,Arbok,Items,,Nothing,6.667
2017-09_gen2ou-0.json,Arbok,Items,,Miracle Berry,3.333
2017-09_gen2ou-0.json,Arbok,Items,,Other,3.333
2017-09_gen2ou-0.json,Arbok,Spreads,,Other,3.333
2017-09_gen2ou-0.json,Arbok,Moves,,Toxic,76.667
2017-09_gen2ou-0.json,Arbok,Moves,,Sludge Bomb,73.333
2017-09_gen2ou-0.json,Arbok,Moves,,Giga Drain,60.0
2017-09_gen2ou-0.json,Arbok,Moves,,Earthquake,53.333
2017-09_gen2ou-0.json,Arbok,Moves,,Glare,50.0
2017-09_gen2ou-0.json,Arbok,Moves,,Frustration,20.0
2017-09_gen2ou-0.json,Arbok,Moves,,Crunch,10.0
2017-09_gen2ou-0.json,Arbok,Moves,,Poison Sting,10.0
2017-09_gen2ou-0.json,Arbok,Moves,,Hidden Power Poison,10.0
2017-09_gen2ou-0.json,Arbok,Moves,,Protect,6.667
2017-09_gen2ou-0.json,Arbok,Moves,,Nothing,6.667
2017-09_gen2ou-0.json,Arbok,Moves,,Dig,6.667
2017-09_gen2ou-0.json,Arbok,Moves,,Other,16.667
2017-09_gen2ou-0.json,Flareon,Stats,Raw count,,25
2017-09_gen2ou-0.json,Flareon,Stats,Avg. weight,,1.0
2017-09_gen2ou-0.json,Flareon,Stats,Viability Ceiling,,57
2017-09_gen2ou-0.json,Flareon,Stats,Serious,,100.000
2017-09_gen2ou-0.json,Flareon,Abilities,,Illuminate,100.0
2017-09_gen2ou-0.json,Flareon,Items,,Leftovers,48.0
2017-09_gen2ou-0.json,Flareon,Items,,Charcoal,32.0
2017-09_gen2ou-0.json,Flareon,Items,,Nothing,8.0
2017-09_gen2ou-0.json,Flareon,Items,,Scope Lens,8.0
2017-09_gen2ou-0.json,Flareon,Items,,Other,4.0
2017-09_gen2ou-0.json,Flareon,Moves,,Flamethrower,56.0
2017-09_gen2ou-0.json,Flareon,Moves,,Body Slam,44.0
2017-09_gen2ou-0.json,Flareon,Moves,,Fire Blast,44.0
2017-09_gen2ou-0.json,Flareon,Moves,,Shadow Ball,40.0
2017-09_gen2ou-0.json,Flareon,Moves,,Quick Attack,28.0
2017-09_gen2ou-0.json,Flareon,Moves,,Baton Pass,20.0
2017-09_gen2ou-0.json,Flareon,Moves,,Toxic,20.0
2017-09_gen2ou-0.json,Flareon,Moves,,Roar,20.0
2017-09_gen2ou-0.json,Flareon,Moves,,Fire Spin,16.0
2017-09_gen2ou-0.json,Flareon,Moves,,Substitute,16.0
2017-09_gen2ou-0.json,Flareon,Moves,,Headbutt,12.0
2017-09_gen2ou-0.json,Flareon,Moves,,Double-Edge,12.0
2017-09_gen2ou-0.json,Flareon,Moves,,Detect,8.0
2017-09_gen2ou-0.json,Flareon,Moves,,Hidden Power Ice,8.0
2017-09_gen2ou-0.json,Flareon,Moves,,Bite,8.0
2017-09_gen2ou-0.json,Flareon,Moves,,Frustration,8.0
2017-09_gen2ou-0.json,Flareon,Moves,,Hidden Power Grass,8.0
2017-09_gen2ou-0.json,Flareon,Moves,,Swift,8.0
2017-09_gen2ou-0.json,Flareon,Moves,,Growth,4.0
2017-09_gen2ou-0.json,Flareon,Moves,,Other,20.0
2017-09_gen2ou-0.json,Hitmonchan,Stats,Raw count,,29
2017-09_gen2ou-0.json,Hitmonchan,Stats,Avg. weight,,1.0
2017-09_gen2ou-0.json,Hitmonchan,Stats,Viability Ceiling,,51
2017-09_gen2ou-0.json,Hitmonchan,Stats,Serious,,41.379
2017-09_gen2ou-0.json,Hitmonchan,Abilities,,Illuminate,100.0
2017-09_gen2ou-0.json,Hitmonchan,Items,,Leftovers,79.31
2017-09_gen2ou-0.json,Hitmonchan,Items,,Nothing,6.897
2017-09_gen2ou-0.json,Hitmonchan,Items,,Black Belt,6.897
2017-09_gen2ou-0.json,Hitmonchan,Items,,Berserk Gene,3.448
2017-09_gen2ou-0.json,Hitmonchan,Items,,Other,3.448
2017-09_gen2ou-0.json,Hitmonchan,Moves,,Fire Punch,82.759
2017-09_gen2ou-0.json,Hitmonchan,Moves,,Mach Punch,75.862
2017-09_gen2ou-0.json,Hitmonchan,Moves,,Thunder Punch,72.414
2017-09_gen2ou-0.json,Hitmonchan,Moves,,Comet Punch,51.724
2017-09_gen2ou-0.json,Hitmonchan,Moves,,Ice Punch,27.586
2017-09_gen2ou-0.json,Hitmonchan,Moves,,Curse,20.69
2017-09_gen2ou-0.json,Hitmonchan,Moves,,Hidden Power Ghost,17.241
2017-09_gen2ou-0.json,Hitmonchan,Moves,,Body Slam,17.241
2017-09_gen2ou-0.json,Hitmonchan,Moves,,Mega Kick,6.897
2017-09_gen2ou-0.json,Hitmonchan,Moves,,Seismic Toss,6.897
2017-09_gen2ou-0.json,Hitmonchan,Moves,,Dynamic Punch,3.448
2017-09_gen2ou-0.json,Hitmonchan,Moves,,Other,17.241
2017-09_gen2ou-0.json,Omastar,Stats,Raw count,,28
2017-09_gen2ou-0.json,Omastar,Stats,Avg. weight,,1.0
2017-09_gen2ou-0.json,Omastar,Stats,Viability Ceiling,,69
2017-09_gen2ou-0.json,Omastar,Stats,Serious,,14.286
2017-09_gen2ou-0.json,Omastar,Abilities,,Illuminate,100.0
2017-09_gen2ou-0.json,Omastar,Items,,Leftovers,46.429
2017-09_gen2ou-0.json,Omastar,Items,,Focus Band,35.714
2017-09_gen2ou-0.json,Omastar,Items,,Nothing,14.286
2017-09_gen2ou-0.json,Omastar,Items,,Other,3.571
2017-09_gen2ou-0.json,Omastar,Moves,,Ice Beam,75.0
2017-09_gen2ou-0.json,Omastar,Moves,,Surf,60.714
2017-09_gen2ou-0.json,Omastar,Moves,,Body Slam,57.143
2017-09_gen2ou-0.json,Omastar,Moves,,Ancient Power,50.0
2017-09_gen2ou-0.json,Omastar,Moves,,Hydro Pump,39.286
2017-09_gen2ou-0.json,Omastar,Moves,,Blizzard,25.0
2017-09_gen2ou-0.json,Omastar,Moves,,Rain Dance,17.857
2017-09_gen2ou-0.json,Omastar,Moves,,Reflect,14.286
2017-09_gen2ou-0.json,Omastar,Moves,,Sleep Talk,10.714
2017-09_gen2ou-0.json,Omastar,Moves,,Rest,10.714
2017-09_gen2ou-0.json,Omastar,Moves,,Double-Edge,10.714
2017-09_gen2ou-0.json,Omastar,Moves,,Slam,10.714
2017-09_gen2ou-0.json,Omastar,Moves,,Other,17.857
2017-09_gen2ou-0.json,Venomoth,Stats,Raw count,,27
2017-09_gen2ou-0.json,Venomoth,Stats,Avg. weight,,1.0
2017-09_gen2ou-0.json,Venomoth,Stats,Viability Ceiling,,63
2017-09_gen2ou-0.json,Venomoth,Stats,Serious,,40.741
2017-09_gen2ou-0.json,Venomoth,Abilities,,Illuminate,100.0
2017-09_gen2ou-0.json,Venomoth,Items,,Leftovers,81.481
2017-09_gen2ou-0.json,Venomoth,Items,,Mystic Water,7.407
2017-09_gen2ou-0.json,Venomoth,Items,,Nothing,3.704
2017-09_gen2ou-0.json,Venomoth,Items,,BrightPowder,3.704
2017-09_gen2ou-0.json,Venomoth,Items,,Other,3.704
2017-09_gen2ou-0.json,Venomoth,Spreads,,Other,3.704
2017-09_gen2ou-0.json,Venomoth,Moves,,Psychic,88.889
2017-09_gen2ou-0.json,Venomoth,Moves,,Stun Spore,81.481
2017-09_gen2ou-0.json,Venomoth,Moves,,Sludge Bomb,70.37
2017-09_gen2ou-0.json,Venomoth,Moves,,Curse,44.444
2017-09_gen2ou-0.json,Venomoth,Moves,,Giga Drain,29.63
2017-09_gen2ou-0.json,Venomoth,Moves,,Hidden Power Water,18.519
2017-09_gen2ou-0.json,Venomoth,Moves,,Sleep Powder,14.815
2017-09_gen2ou-0.json,Venomoth,Moves,,Toxic,11.111
2017-09_gen2ou-0.json,Venomoth,Moves,,Hidden Power Fire,11.111
2017-09_gen2ou-0.json,Venomoth,Moves,,Hidden Power Bug,7.407
2017-09_gen2ou-0.json,Venomoth,Moves,,Psybeam,3.704
2017-09_gen2ou-0.json,Venomoth,Moves,,Other,18.519
2017-09_gen2ou-0.json,Slowking,Stats,Raw count,,23
2017-09_gen2ou-0.json,Slowking,Stats,Avg. weight,,1.0
2017-09_gen2ou-0.json,Slowking,Stats,Viability Ceiling,,66
2017-09_gen2ou-0.json,Slowking,Stats,Serious,,26.087
2017-09_gen2ou-0.json,Slowking,Abilities,,Illuminate,100.0
2017-09_gen2ou-0.json,Slowking,Items,,Leftovers,52.174
2017-09_gen2ou-0.json,Slowking,Items,,Mint Berry,26.087
2017-09_gen2ou-0.json,Slowking,Items,,Mystic Water,13.043
2017-09_gen2ou-0.json,Slowking,Items,,Never-Melt Ice,4.348
2017-09_gen2ou-0.json,Slowking,Items,,Other,4.348
2017-09_gen2ou-0.json,Slowking,Moves,,Surf,60.87
2017-09_gen2ou-0.json,Slowking,Moves,,Psychic,60.87
2017-09_gen2ou-0.json,Slowking,Moves,,Shadow Ball,39.13
2017-09_gen2ou-0.json,Slowking,Moves,,Rest,39.13
2017-09_gen2ou-0.json,Slowking,Moves,,Flamethrower,30.435
2017-09_gen2ou-0.json,Slowking,Moves,,Ice Beam,26.087
2017-09_gen2ou-0.json,Slowking,Moves,,Blizzard,21.739
2017-09_gen2ou-0.json,Slowking,Moves,,Thunder Wave,17.391
2017-09_gen2ou-0.json,Slowking,Moves,,Earthquake,17.391
2017-09_gen2ou-0.json,Slowking,Moves,,Future Sight,13.043
2017-09_gen2ou-0.json,Slowking,Moves,,Zap Cannon,13.043
2017-09_gen2ou-0.json,Slowking,Moves,,Toxic,13.043
2017-09_gen2ou-0.json,Slowking,Moves,,Ice Punch,8.696
2017-09_gen2ou-0.json,Slowking,Moves,,Fire Blast,8.696
2017-09_gen2ou-0.json,Slowking,Moves,,Hidden Power Dark,4.348
2017-09_gen2ou-0.json,Slowking,Moves,,Curse,4.348
2017-09_gen2ou-0.json,Slowking,Moves,,Reflect,4.348
2017-09_gen2ou-0.json,Slowking,Moves,,Other,17.391
2017-09_gen2ou-0.json,Sunflora,Stats,Raw count,,24
2017-09_gen2ou-0.json,Sunflora,Stats,Avg. weight,,1.0
2017-09_gen2ou-0.json,Sunflora,Stats,Viability Ceiling,,65
2017-09_gen2ou-0.json,Sunflora,Stats,Serious,,20.833
2017-09_gen2ou-0.json,Sunflora,Abilities,,Illuminate,100.0
2017-09_gen2ou-0.json,Sunflora,Items,,Leftovers,58.333
2017-09_gen2ou-0.json,Sunflora,Items,,Miracle Seed,20.833
2017-09_gen2ou-0.json,Sunflora,Items,,Nothing,12.5
2017-09_gen2ou-0.json,Sunflora,Items,,Miracle Berry,8.333
2017-09_gen2ou-0.json,Sunflora,Moves,,Giga Drain,50.0
2017-09_gen2ou-0.json,Sunflora,Moves,,Synthesis,50.0
2017-09_gen2ou-0.json,Sunflora,Moves,,Sunny Day,45.833
2017-09_gen2ou-0.json,Sunflora,Moves,,Razor Leaf,41.667
2017-09_gen2ou-0.json,Sunflora,Moves,,Solar Beam,41.667
2017-09_gen2ou-0.json,Sunflora,Moves,,Growth,37.5
2017-09_gen2ou-0.json,Sunflora,Moves,,Sludge Bomb,20.833
2017-09_gen2ou-0.json,Sunflora,Moves,,Hidden Power Water,20.833
2017-09_gen2ou-0.json,Sunflora,Moves,,Hidden Power Fire,20.833
2017-09_gen2ou-0.json,Sunflora,Moves,,Petal Dance,16.667
2017-09_gen2ou-0.json,Sunflora,Moves,,Hidden Power Ice,16.667
2017-09_gen2ou-0.json,Sunflora,Moves,,Toxic,12.5
2017-09_gen2ou-0.json,Sunflora,Moves,,Protect,8.333
2017-09_gen2ou-0.json,Sunflora,Moves,,Other,16.667
2017-09_gen2ou-0.json,Onix,Stats,Raw count,,24
2017-09_gen2ou-0.json,Onix,Stats,Avg. weight,,1.0
2017-09_gen2ou-0.json,Onix,Stats,Viability Ceiling,,70
2017-09_gen2ou-0.json,Onix,Stats,Serious,,25.000
2017-09_gen2ou-0.json,Onix,Abilities,,Illuminate,100.0
2017-09_gen2ou-0.json,Onix,Items,,Nothing,45.833
2017-09_gen2ou-0.json,Onix,Items,,Soft Sand,25.0
2017-09_gen2ou-0.json,Onix,Items,,Metal Coat,12.5
2017-09_gen2ou-0.json,Onix,Items,,Leftovers,8.333
2017-09_gen2ou-0.json,Onix,Items,,Mint Berry,4.167
2017-09_gen2ou-0.json,Onix,Items,,Other,4.167
2017-09_gen2ou-0.json,Onix,Spreads,,Other,4.167
2017-09_gen2ou-0.json,Onix,Moves,,Earthquake,75.0
2017-09_gen2ou-0.json,Onix,Moves,,Rock Slide,45.833
2017-09_gen2ou-0.json,Onix,Moves,,Nothing,29.167
2017-09_gen2ou-0.json,Onix,Moves,,Bind,29.167
2017-09_gen2ou-0.json,Onix,Moves,,Sandstorm,25.0
2017-09_gen2ou-0.json,Onix,Moves,,Hidden Power Ground,25.0
2017-09_gen2ou-0.json,Onix,Moves,,Rage,25.0
2017-09_gen2ou-0.json,Onix,Moves,,Iron Tail,25.0
2017-09_gen2ou-0.json,Onix,Moves,,Dig,16.667
2017-09_gen2ou-0.json,Onix,Moves,,Body Slam,16.667
2017-09_gen2ou-0.json,Onix,Moves,,Rock Smash,12.5
2017-09_gen2ou-0.json,Onix,Moves,,Explosion,12.5
2017-09_gen2ou-0.json,Onix,Moves,,Rock Throw,12.5
2017-09_gen2ou-0.json,Onix,Moves,,Take Down,12.5
2017-09_gen2ou-0.json,Onix,Moves,,Hidden Power Electric,12.5
2017-09_gen2ou-0.json,Onix,Moves,,Screech,4.167
2017-09_gen2ou-0.json,Onix,Moves,,Sleep Talk,4.167
2017-09_gen2ou-0.json,Onix,Moves,,Other,16.667
2017-09_gen2ou-0.json,Furret,Stats,Raw count,,22
2017-09_gen2ou-0.json,Furret,Stats,Avg. weight,,1.0
2017-09_gen2ou-0.json,Furret,Stats,Viability Ceiling,,59
2017-09_gen2ou-0.json,Furret,Stats,Serious,,100.000
2017-09_gen2ou-0.json,Furret,Abilities,,Illuminate,100.0
2017-09_gen2ou-0.json,Furret,Items,,Leftovers,54.545
2017-09_gen2ou-0.json,Furret,Items,,Pink Bow,13.636
2017-09_gen2ou-0.json,Furret,Items,,Mint Berry,9.091
2017-09_gen2ou-0.json,Furret,Items,,Polkadot Bow,9.091
2017-09_gen2ou-0.json,Furret,Items,,Black Belt,9.091
2017-09_gen2ou-0.json,Furret,Items,,Other,4.545
2017-09_gen2ou-0.json,Furret,Moves,,Shadow Ball,40.909
2017-09_gen2ou-0.json,Furret,Moves,,Curse,36.364
2017-09_gen2ou-0.json,Furret,Moves,,Dynamic Punch,31.818
2017-09_gen2ou-0.json,Furret,Moves,,Rest,27.273
2017-09_gen2ou-0.json,Furret,Moves,,Amnesia,22.727
2017-09_gen2ou-0.json,Furret,Moves,,Quick Attack,22.727
2017-09_gen2ou-0.json,Furret,Moves,,Return,22.727
2017-09_gen2ou-0.json,Furret,Moves,,Toxic,18.182
2017-09_gen2ou-0.json,Furret,Moves,,Surf,18.182
2017-09_gen2ou-0.json,Furret,Moves,,Ice Punch,18.182
2017-09_gen2ou-0.json,Furret,Moves,,Detect,18.182
2017-09_gen2ou-0.json,Furret,Moves,,Dig,18.182
2017-09_gen2ou-0.json,Furret,Moves,,Double-Edge,18.182
2017-09_gen2ou-0.json,Furret,Moves,,Nothing,9.091
2017-09_gen2ou-0.json,Furret,Moves,,Fire Punch,9.091
2017-09_gen2ou-0.json,Furret,Moves,,Cut,9.091
2017-09_gen2ou-0.json,Furret,Moves,,Hidden Power Ground,9.091
2017-09_gen2ou-0.json,Furret,Moves,,Snore,9.091
2017-09_gen2ou-0.json,Furret,Moves,,Thunder Punch,9.091
2017-09_gen2ou-0.json,Furret,Moves,,Dizzy Punch,4.545
2017-09_gen2ou-0.json,Furret,Moves,,Hidden Power Electric,4.545
2017-09_gen2ou-0.json,Furret,Moves,,Sleep Talk,4.545
2017-09_gen2ou-0.json,Furret,Moves,,Other,18.182
2017-09_gen2ou-0.json,Gastly,Stats,Raw count,,20
2017-09_gen2ou-0.json,Gastly,Stats,Avg. weight,,1.0
2017-09_gen2ou-0.json,Gastly,Stats,Viability Ceiling,,68
2017-09_gen2ou-0.json,Gastly,Stats,Serious,,5.000
2017-09_gen2ou-0.json,Gastly,Abilities,,Illuminate,100.0
2017-09_gen2ou-0.json,Gastly,Items,,Polkadot Bow,80.0
2017-09_gen2ou-0.json,Gastly,Items,,Leftovers,10.0
2017-09_gen2ou-0.json,Gastly,Items,,Nothing,5.0
2017-09_gen2ou-0.json,Gastly,Items,,Other,5.0
2017-09_gen2ou-0.json,Gastly,Moves,,Thunderbolt,95.0
2017-09_gen2ou-0.json,Gastly,Moves,,Shadow Ball,95.0
2017-09_gen2ou-0.json,Gastly,Moves,,Psychic,95.0
2017-09_gen2ou-0.json,Gastly,Moves,,Destiny Bond,55.0
2017-09_gen2ou-0.json,Gastly,Moves,,Explosion,40.0
2017-09_gen2ou-0.json,Gastly,Moves,,Nothing,5.0
2017-09_gen2ou-0.json,Gastly,Moves,,Other,15.0
2017-09_gen2ou-0.json,Beedrill,Stats,Raw count,,21
2017-09_gen2ou-0.json,Beedrill,Stats,Avg. weight,,1.0
2017-09_gen2ou-0.json,Beedrill,Stats,Viability Ceiling,,72
2017-09_gen2ou-0.json,Beedrill,Stats,Serious,,4.762
2017-09_gen2ou-0.json,Beedrill,Abilities,,Illuminate,100.0
2017-09_gen2ou-0.json,Beedrill,Items,,Nothing,47.619
2017-09_gen2ou-0.json,Beedrill,Items,,Poison Barb,33.333
2017-09_gen2ou-0.json,Beedrill,Items,,Leftovers,14.286
2017-09_gen2ou-0.json,Beedrill,Items,,Other,4.762
2017-09_gen2ou-0.json,Beedrill,Spreads,,Other,4.762
2017-09_gen2ou-0.json,Beedrill,Moves,,Sludge Bomb,71.429
2017-09_gen2ou-0.json,Beedrill,Moves,,Twineedle,61.905
2017-09_gen2ou-0.json,Beedrill,Moves,,Pin Missile,42.857
2017-09_gen2ou-0.json,Beedrill,Moves,,Double-Edge,38.095
2017-09_gen2ou-0.json,Beedrill,Moves,,Giga Drain,33.333
2017-09_gen2ou-0.json,Beedrill,Moves,,Toxic,23.81
2017-09_gen2ou-0.json,Beedrill,Moves,,Fury Cutter,19.048
2017-09_gen2ou-0.json,Beedrill,Moves,,Swords Dance,19.048
2017-09_gen2ou-0.json,Beedrill,Moves,,Fury Attack,19.048
2017-09_gen2ou-0.json,Beedrill,Moves,,Swagger,9.524
2017-09_gen2ou-0.json,Beedrill,Moves,,Return,9.524
2017-09_gen2ou-0.json,Beedrill,Moves,,Attract,9.524
2017-09_gen2ou-0.json,Beedrill,Moves,,Mega Drain,9.524
2017-09_gen2ou-0.json,Beedrill,Moves,,Hyper Beam,9.524
2017-09_gen2ou-0.json,Beedrill,Moves,,Hidden Power Bug,4.762
2017-09_gen2ou-0.json,Beedrill,Moves,,Other,19.048
2017-09_gen2ou-0.json,Kingler,Stats,Raw count,,17
2017-09_gen2ou-0.json,Kingler,Stats,Avg. weight,,1.0
2017-09_gen2ou-0.json,Kingler,Stats,Viability Ceiling,,64
2017-09_gen2ou-0.json,Kingler,Stats,Serious,,5.882
2017-09_gen2ou-0.json,Kingler,Abilities,,Illuminate,100.0
2017-09_gen2ou-0.json,Kingler,Items,,Nothing,41.176
2017-09_gen2ou-0.json,Kingler,Items,,Mystic Water,35.294
2017-09_gen2ou-0.json,Kingler,Items,,Pink Bow,11.765
2017-09_gen2ou-0.json,Kingler,Items,,Leftovers,5.882
2017-09_gen2ou-0.json,Kingler,Items,,Quick Claw,5.882
2017-09_gen2ou-0.json,Kingler,Moves,,Crabhammer,64.706
2017-09_gen2ou-0.json,Kingler,Moves,,Swords Dance,47.059
2017-09_gen2ou-0.json,Kingler,Moves,,Body Slam,47.059
2017-09_gen2ou-0.json,Kingler,Moves,,Return,41.176
2017-09_gen2ou-0.json,Kingler,Moves,,Protect,35.294
2017-09_gen2ou-0.json,Kingler,Moves,,Rain Dance,35.294
2017-09_gen2ou-0.json,Kingler,Moves,,Surf,17.647
2017-09_gen2ou-0.json,Kingler,Moves,,Thief,17.647
2017-09_gen2ou-0.json,Kingler,Moves,,Ice Beam,17.647
2017-09_gen2ou-0.json,Kingler,Moves,,Bubble Beam,11.765
2017-09_gen2ou-0.json,Kingler,Moves,,Double-Edge,11.765
2017-09_gen2ou-0.json,Kingler,Moves,,Hidden Power Poison,5.882
2017-09_gen2ou-0.json,Kingler,Moves,,Curse,5.882
2017-09_gen2ou-0.json,Kingler,Moves,,Fury Cutter,5.882
2017-09_gen2ou-0.json,Kingler,Moves,,Haze,5.882
2017-09_gen2ou-0.json,Kingler,Moves,,Hyper Beam,5.882
2017-09_gen2ou-0.json,Kingler,Moves,,Frustration,5.882
2017-09_gen2ou-0.json,Kingler,Moves,,Other,17.647
2017-09_gen2ou-0.json,Chansey,Stats,Raw count,,15
2017-09_gen2ou-0.json,Chansey,Stats,Avg. weight,,1.0
2017-09_gen2ou-0.json,Chansey,Stats,Viability Ceiling,,70
2017-09_gen2ou-0.json,Chansey,Stats,Serious,,20.000
2017-09_gen2ou-0.json,Chansey,Abilities,,Illuminate,100.0
2017-09_gen2ou-0.json,Chansey,Items,,Nothing,40.0
2017-09_gen2ou-0.json,Chansey,Items,,Leftovers,26.667
2017-09_gen2ou-0.json,Chansey,Items,,Lucky Punch,26.667
2017-09_gen2ou-0.json,Chansey,Items,,Black Glasses,6.667
2017-09_gen2ou-0.json,Chansey,Moves,,Soft-Boiled,46.667
2017-09_gen2ou-0.json,Chansey,Moves,,Substitute,33.333
2017-09_gen2ou-0.json,Chansey,Moves,,Toxic,33.333
2017-09_gen2ou-0.json,Chansey,Moves,,Flamethrower,33.333
2017-09_gen2ou-0.json,Chansey,Moves,,Ice Beam,26.667
2017-09_gen2ou-0.json,Chansey,Moves,,Psychic,26.667
2017-09_gen2ou-0.json,Chansey,Moves,,Blizzard,20.0
2017-09_gen2ou-0.json,Chansey,Moves,,Seismic Toss,20.0
2017-09_gen2ou-0.json,Chansey,Moves,,Thunder,20.0
2017-09_gen2ou-0.json,Chansey,Moves,,Thunderbolt,20.0
2017-09_gen2ou-0.json,Chansey,Moves,,Fire Blast,20.0
2017-09_gen2ou-0.json,Chansey,Moves,,Rest,13.333
2017-09_gen2ou-0.json,Chansey,Moves,,Thunder Wave,13.333
2017-09_gen2ou-0.json,Chansey,Moves,,Shadow Ball,13.333
2017-09_gen2ou-0.json,Chansey,Moves,,Sleep Talk,6.667
2017-09_gen2ou-0.json,Chansey,Moves,,Frustration,6.667
2017-09_gen2ou-0.json,Chansey,Moves,,Icy Wind,6.667
2017-09_gen2ou-0.json,Chansey,Moves,,Reflect,6.667
2017-09_gen2ou-0.json,Chansey,Moves,,Body Slam,6.667
2017-09_gen2ou-0.json,Chansey,Moves,,Sing,6.667
2017-09_gen2ou-0.json,Chansey,Moves,,Other,20.0
2017-09_gen2ou-0.json,Magcargo,Stats,Raw count,,15
2017-09_gen2ou-0.json,Magcargo,Stats,Avg. weight,,1.0
2017-09_gen2ou-0.json,Magcargo,Stats,Viability Ceiling,,46
2017-09_gen2ou-0.json,Magcargo,Stats,Serious,,6.667
2017-09_gen2ou-0.json,Magcargo,Abilities,,Illuminate,100.0
2017-09_gen2ou-0.json,Magcargo,Items,,Leftovers,40.0
2017-09_gen2ou-0.json,Magcargo,Items,,Charcoal,26.667
2017-09_gen2ou-0.json,Magcargo,Items,,Hard Stone,20.0
2017-09_gen2ou-0.json,Magcargo,Items,,Berserk Gene,13.333
2017-09_gen2ou-0.json,Magcargo,Moves,,Rock Slide,100.0
2017-09_gen2ou-0.json,Magcargo,Moves,,Fire Blast,80.0
2017-09_gen2ou-0.json,Magcargo,Moves,,Earthquake,53.333
2017-09_gen2ou-0.json,Magcargo,Moves,,Protect,46.667
2017-09_gen2ou-0.json,Magcargo,Moves,,Curse,33.333
2017-09_gen2ou-0.json,Magcargo,Moves,,Flamethrower,33.333
2017-09_gen2ou-0.json,Magcargo,Moves,,Hidden Power Electric,20.0
2017-09_gen2ou-0.json,Magcargo,Moves,,Return,13.333
2017-09_gen2ou-0.json,Magcargo,Moves,,Other,20.0
2017-09_gen2ou-0.json,Ariados,Stats,Raw count,,16
2017-09_gen2ou-0.json,Ariados,Stats,Avg. weight,,1.0
2017-09_gen2ou-0.json,Ariados,Stats,Viability Ceiling,,71
2017-09_gen2ou-0.json,Ariados,Stats,Serious,,6.250
2017-09_gen2ou-0.json,Ariados,Abilities,,Illuminate,100.0
2017-09_gen2ou-0.json,Ariados,Items,,Leftovers,75.0
2017-09_gen2ou-0.json,Ariados,Items,,Mint Berry,12.5
2017-09_gen2ou-0.json,Ariados,Items,,Nothing,6.25
2017-09_gen2ou-0.json,Ariados,Items,,Black Belt,6.25
2017-09_gen2ou-0.json,Ariados,Moves,,Baton Pass,62.5
2017-09_gen2ou-0.json,Ariados,Moves,,Spider Web,62.5
2017-09_gen2ou-0.json,Ariados,Moves,,Agility,50.0
2017-09_gen2ou-0.json,Ariados,Moves,,Disable,50.0
2017-09_gen2ou-0.json,Ariados,Moves,,Sludge Bomb,31.25
2017-09_gen2ou-0.json,Ariados,Moves,,Giga Drain,25.0
2017-09_gen2ou-0.json,Ariados,Moves,,Psychic,25.0
2017-09_gen2ou-0.json,Ariados,Moves,,Curse,12.5
2017-09_gen2ou-0.json,Ariados,Moves,,Frustration,12.5
2017-09_gen2ou-0.json,Ariados,Moves,,Night Shade,12.5
2017-09_gen2ou-0.json,Ariados,Moves,,Protect,12.5
2017-09_gen2ou-0.json,Ariados,Moves,,Rest,12.5
2017-09_gen2ou-0.json,Ariados,Moves,,Pursuit,12.5
2017-09_gen2ou-0.json,Ariados,Moves,,Other,18.75
2017-09_gen2ou-0.json,Golduck,Stats,Raw count,,17
2017-09_gen2ou-0.json,Golduck,Stats,Avg. weight,,1.0
2017-09_gen2ou-0.json,Golduck,Stats,Viability Ceiling,,63
2017-09_gen2ou-0.json,Golduck,Stats,Serious,,17.647
2017-09_gen2ou-0.json,Golduck,Abilities,,Illuminate,100.0
2017-09_gen2ou-0.json,Golduck,Items,,Leftovers,41.176
2017-09_gen2ou-0.json,Golduck,Items,,Nothing,29.412
2017-09_gen2ou-0.json,Golduck,Items,,Never-Melt Ice,11.765
2017-09_gen2ou-0.json,Golduck,Items,,Pink Bow,11.765
2017-09_gen2ou-0.json,Golduck,Items,,Scope Lens,5.882
2017-09_gen2ou-0.json,Golduck,Moves,,Ice Beam,47.059
2017-09_gen2ou-0.json,Golduck,Moves,,Surf,47.059
2017-09_gen2ou-0.json,Golduck,Moves,,Cross Chop,41.176
2017-09_gen2ou-0.json,Golduck,Moves,,Hydro Pump,41.176
2017-09_gen2ou-0.json,Golduck,Moves,,Petal Dance,17.647
2017-09_gen2ou-0.json,Golduck,Moves,,Psychic,17.647
2017-09_gen2ou-0.json,Golduck,Moves,,Psych Up,17.647
2017-09_gen2ou-0.json,Golduck,Moves,,Hypnosis,17.647
2017-09_gen2ou-0.json,Golduck,Moves,,Scratch,11.765
2017-09_gen2ou-0.json,Golduck,Moves,,Tri Attack,11.765
2017-09_gen2ou-0.json,Golduck,Moves,,Hidden Power Grass,11.765
2017-09_gen2ou-0.json,Golduck,Moves,,Toxic,11.765
2017-09_gen2ou-0.json,Golduck,Moves,,Swagger,11.765
2017-09_gen2ou-0.json,Golduck,Moves,,Confusion,11.765
2017-09_gen2ou-0.json,Golduck,Moves,,Rain Dance,11.765
2017-09_gen2ou-0.json,Golduck,Moves,,Waterfall,11.765
2017-09_gen2ou-0.json,Golduck,Moves,,Dig,11.765
2017-09_gen2ou-0.json,Golduck,Moves,,Fury Swipes,11.765
2017-09_gen2ou-0.json,Golduck,Moves,,Counter,5.882
2017-09_gen2ou-0.json,Golduck,Moves,,Blizzard,5.882
2017-09_gen2ou-0.json,Golduck,Moves,,Whirlpool,5.882
2017-09_gen2ou-0.json,Golduck,Moves,,Other,17.647
2017-09_gen2ou-0.json,Lickitung,Stats,Raw count,,13
2017-09_gen2ou-0.json,Lickitung,Stats,Avg. weight,,1.0
2017-09_gen2ou-0.json,Lickitung,Stats,Viability Ceiling,,53
2017-09_gen2ou-0.json,Lickitung,Stats,Serious,,100.000
2017-09_gen2ou-0.json,Lickitung,Abilities,,Illuminate,100.0
2017-09_gen2ou-0.json,Lickitung,Items,,Pink Bow,61.538
2017-09_gen2ou-0.json,Lickitung,Items,,Nothing,23.077
2017-09_gen2ou-0.json,Lickitung,Items,,Leftovers,15.385
2017-09_gen2ou-0.json,Lickitung,Moves,,Body Slam,84.615
2017-09_gen2ou-0.json,Lickitung,Moves,,Protect,69.231
2017-09_gen2ou-0.json,Lickitung,Moves,,Blizzard,61.538
2017-09_gen2ou-0.json,Lickitung,Moves,,Swagger,61.538
2017-09_gen2ou-0.json,Lickitung,Moves,,Rest,30.769
2017-09_gen2ou-0.json,Lickitung,Moves,,Thief,23.077
2017-09_gen2ou-0.json,Lickitung,Moves,,Sleep Talk,23.077
2017-09_gen2ou-0.json,Lickitung,Moves,,Toxic,15.385
2017-09_gen2ou-0.json,Lickitung,Moves,,Skull Bash,7.692
2017-09_gen2ou-0.json,Lickitung,Moves,,Disable,7.692
2017-09_gen2ou-0.json,Lickitung,Moves,,Other,15.385
2017-09_gen2ou-0.json,Ivysaur,Stats,Raw count,,13
2017-09_gen2ou-0.json,Ivysaur,Stats,Avg. weight,,1.0
2017-09_gen2ou-0.json,Ivysaur,Stats,Viability Ceiling,,49
2017-09_gen2ou-0.json,Ivysaur,Stats,Serious,,100.000
2017-09_gen2ou-0.json,Ivysaur,Abilities,,Illuminate,100.0
2017-09_gen2ou-0.json,Ivysaur,Items,,BrightPowder,76.923
2017-09_gen2ou-0.json,Ivysaur,Items,,Leftovers,15.385
2017-09_gen2ou-0.json,Ivysaur,Items,,Miracle Seed,7.692
2017-09_gen2ou-0.json,Ivysaur,Moves,,Giga Drain,100.0
2017-09_gen2ou-0.json,Ivysaur,Moves,,Leech Seed,100.0
2017-09_gen2ou-0.json,Ivysaur,Moves,,Ancient Power,53.846
2017-09_gen2ou-0.json,Ivysaur,Moves,,Return,53.846
2017-09_gen2ou-0.json,Ivysaur,Moves,,Fury Cutter,38.462
2017-09_gen2ou-0.json,Ivysaur,Moves,,Sleep Powder,38.462
2017-09_gen2ou-0.json,Ivysaur,Moves,,Other,15.385
2017-09_gen2ou-0.json,Ninetales,Stats,Raw count,,15
2017-09_gen2ou-0.json,Ninetales,Stats,Avg. weight,,1.0
2017-09_gen2ou-0.json,Ninetales,Stats,Viability Ceiling,,55
2017-09_gen2ou-0.json,Ninetales,Stats,Serious,,6.667
2017-09_gen2ou-0.json,Ninetales,Abilities,,Illuminate,100.0
2017-09_gen2ou-0.json,Ninetales,Items,,Leftovers,26.667
2017-09_gen2ou-0.json,Ninetales,Items,,Charcoal,20.0
2017-09_gen2ou-0.json,Ninetales,Items,,King's Rock,20.0
2017-09_gen2ou-0.json,Ninetales,Items,,Scope Lens,13.333
2017-09_gen2ou-0.json,Ninetales,Items,,Focus Band,6.667
2017-09_gen2ou-0.json,Ninetales,Items,,Mint Berry,6.667
2017-09_gen2ou-0.json,Ninetales,Items,,Nothing,6.667
2017-09_gen2ou-0.json,Ninetales,Moves,,Flamethrower,93.333
2017-09_gen2ou-0.json,Ninetales,Moves,,Protect,33.333
2017-09_gen2ou-0.json,Ninetales,Moves,,Hypnosis,33.333
2017-09_gen2ou-0.json,Ninetales,Moves,,Fire Blast,33.333
2017-09_gen2ou-0.json,Ninetales,Moves,,Body Slam,26.667
2017-09_gen2ou-0.json,Ninetales,Moves,,Return,20.0
2017-09_gen2ou-0.json,Ninetales,Moves,,Roar,20.0
2017-09_gen2ou-0.json,Ninetales,Moves,,Disable,20.0
2017-09_gen2ou-0.json,Ninetales,Moves,,Hyper Beam,20.0
2017-09_gen2ou-0.json,Ninetales,Moves,,Double-Edge,20.0
2017-09_gen2ou-0.json,Ninetales,Moves,,Confuse Ray,13.333
2017-09_gen2ou-0.json,Ninetales,Moves,,Quick Attack,13.333
2017-09_gen2ou-0.json,Ninetales,Moves,,Hidden Power Ice,6.667
2017-09_gen2ou-0.json,Ninetales,Moves,,Hidden Power Electric,6.667
2017-09_gen2ou-0.json,Ninetales,Moves,,Dig,6.667
2017-09_gen2ou-0.json,Ninetales,Moves,,Headbutt,6.667
2017-09_gen2ou-0.json,Ninetales,Moves,,Rest,6.667
2017-09_gen2ou-0.json,Ninetales,Moves,,Other,20.0
2017-09_gen2ou-0.json,Unown,Stats,Raw count,,15
2017-09_gen2ou-0.json,Unown,Stats,Avg. weight,,1.0
2017-09_gen2ou-0.json,Unown,Stats,Viability Ceiling,,55
2017-09_gen2ou-0.json,Unown,Stats,Serious,,40.000
2017-09_gen2ou-0.json,Unown,Abilities,,Illuminate,100.0
2017-09_gen2ou-0.json,Unown,Items,,Twisted Spoon,60.0
2017-09_gen2ou-0.json,Unown,Items,,Leftovers,33.333
2017-09_gen2ou-0.json,Unown,Items,,Nothing,6.667
2017-09_gen2ou-0.json,Unown,Moves,,Nothing,300.0
2017-09_gen2ou-0.json,Unown,Moves,,Hidden Power Ice,60.0
2017-09_gen2ou-0.json,Unown,Moves,,Hidden Power Bug,26.667
2017-09_gen2ou-0.json,Unown,Moves,,Other,13.333
2017-09_gen2ou-0.json,Mantine,Stats,Raw count,,12
2017-09_gen2ou-0.json,Mantine,Stats,Avg. weight,,1.0
2017-09_gen2ou-0.json,Mantine,Stats,Viability Ceiling,,56
2017-09_gen2ou-0.json,Mantine,Stats,Serious,,100.000
2017-09_gen2ou-0.json,Mantine,Abilities,,Illuminate,100.0
2017-09_gen2ou-0.json,Mantine,Items,,Mystic Water,58.333
2017-09_gen2ou-0.json,Mantine,Items,,Leftovers,41.667
2017-09_gen2ou-0.json,Mantine,Moves,,Hydro Pump,100.0
2017-09_gen2ou-0.json,Mantine,Moves,,Blizzard,58.333
2017-09_gen2ou-0.json,Mantine,Moves,,Twister,33.333
2017-09_gen2ou-0.json,Mantine,Moves,,Agility,25.0
2017-09_gen2ou-0.json,Mantine,Moves,,Confuse Ray,25.0
2017-09_gen2ou-0.json,Mantine,Moves,,Haze,25.0
2017-09_gen2ou-0.json,Mantine,Moves,,Rest,25.0
2017-09_gen2ou-0.json,Mantine,Moves,,Sleep Talk,25.0
2017-09_gen2ou-0.json,Mantine,Moves,,Ice Beam,25.0
2017-09_gen2ou-0.json,Mantine,Moves,,Hidden Power Electric,16.667
2017-09_gen2ou-0.json,Mantine,Moves,,Toxic,16.667
2017-09_gen2ou-0.json,Mantine,Moves,,Bubble Beam,8.333
2017-09_gen2ou-0.json,Mantine,Moves,,Other,16.667
2017-09_gen2ou-0.json,Croconaw,Stats,Raw count,,14
2017-09_gen2ou-0.json,Croconaw,Stats,Avg. weight,,1.0
2017-09_gen2ou-0.json,Croconaw,Stats,Viability Ceiling,,50
2017-09_gen2ou-0.json,Croconaw,Stats,Serious,,28.571
2017-09_gen2ou-0.json,Croconaw,Abilities,,Illuminate,100.0
2017-09_gen2ou-0.json,Croconaw,Items,,Leftovers,71.429
2017-09_gen2ou-0.json,Croconaw,Items,,Nothing,14.286
2017-09_gen2ou-0.json,Croconaw,Items,,Mystic Water,14.286
2017-09_gen2ou-0.json,Croconaw,Moves,,Surf,92.857
2017-09_gen2ou-0.json,Croconaw,Moves,,Blizzard,71.429
2017-09_gen2ou-0.json,Croconaw,Moves,,Hydro Pump,64.286
2017-09_gen2ou-0.json,Croconaw,Moves,,Crunch,57.143
2017-09_gen2ou-0.json,Croconaw,Moves,,Hidden Power Fire,42.857
2017-09_gen2ou-0.json,Croconaw,Moves,,Slash,35.714
2017-09_gen2ou-0.json,Croconaw,Moves,,Rock Slide,14.286
2017-09_gen2ou-0.json,Croconaw,Moves,,Ice Beam,14.286
2017-09_gen2ou-0.json,Croconaw,Moves,,Other,7.143
2017-09_gen2ou-0.json,Delibird,Stats,Raw count,,11
2017-09_gen2ou-0.json,Delibird,Stats,Avg. weight,,1.0
2017-09_gen2ou-0.json,Delibird,Stats,Viability Ceiling,,65
2017-09_gen2ou-0.json,Delibird,Stats,Serious,,36.364
2017-09_gen2ou-0.json,Delibird,Abilities,,Illuminate,100.0
2017-09_gen2ou-0.json,Delibird,Items,,Leftovers,36.364
2017-09_gen2ou-0.json,Delibird,Items,,BrightPowder,18.182
2017-09_gen2ou-0.json,Delibird,Items,,Nothing,18.182
2017-09_gen2ou-0.json,Delibird,Items,,Never-Melt Ice,9.091
2017-09_gen2ou-0.json,Delibird,Items,,Berserk Gene,9.091
2017-09_gen2ou-0.json,Delibird,Items,,Miracle Berry,9.091
2017-09_gen2ou-0.json,Delibird,Moves,,Ice Beam,72.727
2017-09_gen2ou-0.json,Delibird,Moves,,Fly,54.545
2017-09_gen2ou-0.json,Delibird,Moves,,Spikes,45.455
2017-09_gen2ou-0.json,Delibird,Moves,,Blizzard,45.455
2017-09_gen2ou-0.json,Delibird,Moves,,Toxic,45.455
2017-09_gen2ou-0.json,Delibird,Moves,,Hidden Power Flying,36.364
2017-09_gen2ou-0.json,Delibird,Moves,,Thief,27.273
2017-09_gen2ou-0.json,Delibird,Moves,,Frustration,27.273
2017-09_gen2ou-0.json,Delibird,Moves,,Headbutt,18.182
2017-09_gen2ou-0.json,Delibird,Moves,,Protect,9.091
2017-09_gen2ou-0.json,Delibird,Moves,,Other,18.182
2017-09_gen2ou-0.json,Tangela,Stats,Raw count,,10
2017-09_gen2ou-0.json,Tangela,Stats,Avg. weight,,1.0
2017-09_gen2ou-0.json,Tangela,Stats,Viability Ceiling,,71
2017-09_gen2ou-0.json,Tangela,Stats,Serious,,100.000
2017-09_gen2ou-0.json,Tangela,Abilities,,Illuminate,100.0
2017-09_gen2ou-0.json,Tangela,Items,,Leftovers,100.0
2017-09_gen2ou-0.json,Tangela,Moves,,Giga Drain,100.0
2017-09_gen2ou-0.json,Tangela,Moves,,Toxic,90.0
2017-09_gen2ou-0.json,Tangela,Moves,,Synthesis,60.0
2017-09_gen2ou-0.json,Tangela,Moves,,Protect,40.0
2017-09_gen2ou-0.json,Tangela,Moves,,Sludge Bomb,30.0
2017-09_gen2ou-0.json,Tangela,Moves,,Stun Spore,30.0
2017-09_gen2ou-0.json,Tangela,Moves,,Sleep Powder,30.0
2017-09_gen2ou-0.json,Tangela,Moves,,Body Slam,10.0
2017-09_gen2ou-0.json,Tangela,Moves,,Other,10.0
2017-09_gen2ou-0.json,Granbull,Stats,Raw count,,10
2017-09_gen2ou-0.json,Granbull,Stats,Avg. weight,,1.0
2017-09_gen2ou-0.json,Granbull,Stats,Viability Ceiling,,66
2017-09_gen2ou-0.json,Granbull,Stats,Serious,,20.000
2017-09_gen2ou-0.json,Granbull,Abilities,,Illuminate,100.0
2017-09_gen2ou-0.json,Granbull,Items,,Leftovers,30.0
2017-09_gen2ou-0.json,Granbull,Items,,Berserk Gene,20.0
2017-09_gen2ou-0.json,Granbull,Items,,BrightPowder,20.0
2017-09_gen2ou-0.json,Granbull,Items,,Polkadot Bow,10.0
2017-09_gen2ou-0.json,Granbull,Items,,Nothing,10.0
2017-09_gen2ou-0.json,Granbull,Items,,Pink Bow,10.0
2017-09_gen2ou-0.json,Granbull,Moves,,Heal Bell,60.0
2017-09_gen2ou-0.json,Granbull,Moves,,Return,40.0
2017-09_gen2ou-0.json,Granbull,Moves,,Crunch,30.0
2017-09_gen2ou-0.json,Granbull,Moves,,Dynamic Punch,30.0
2017-09_gen2ou-0.json,Granbull,Moves,,Shadow Ball,30.0
2017-09_gen2ou-0.json,Granbull,Moves,,Hyper Beam,30.0
2017-09_gen2ou-0.json,Granbull,Moves,,Toxic,30.0
2017-09_gen2ou-0.json,Granbull,Moves,,Nothing,20.0
2017-09_gen2ou-0.json,Granbull,Moves,,Rest,20.0
2017-09_gen2ou-0.json,Granbull,Moves,,Sleep Talk,20.0
2017-09_gen2ou-0.json,Granbull,Moves,,Fire Punch,20.0
2017-09_gen2ou-0.json,Granbull,Moves,,Protect,10.0
2017-09_gen2ou-0.json,Granbull,Moves,,Detect,10.0
2017-09_gen2ou-0.json,Granbull,Moves,,Thunderbolt,10.0
2017-09_gen2ou-0.json,Granbull,Moves,,Ice Punch,10.0
2017-09_gen2ou-0.json,Granbull,Moves,,Frustration,10.0
2017-09_gen2ou-0.json,Granbull,Moves,,Other,20.0
2017-09_gen2ou-0.json,Wigglytuff,Stats,Raw count,,9
2017-09_gen2ou-0.json,Wigglytuff,Stats,Avg. weight,,1.0
2017-09_gen2ou-0.json,Wigglytuff,Stats,Viability Ceiling,,48
2017-09_gen2ou-0.json,Wigglytuff,Stats,Serious,,100.000
2017-09_gen2ou-0.json,Wigglytuff,Abilities,,Illuminate,100.0
2017-09_gen2ou-0.json,Wigglytuff,Items,,Leftovers,44.444
2017-09_gen2ou-0.json,Wigglytuff,Items,,Focus Band,44.444
2017-09_gen2ou-0.json,Wigglytuff,Items,,Nothing,11.111
2017-09_gen2ou-0.json,Wigglytuff,Moves,,Disable,66.667
2017-09_gen2ou-0.json,Wigglytuff,Moves,,Body Slam,66.667
2017-09_gen2ou-0.json,Wigglytuff,Moves,,Detect,55.556
2017-09_gen2ou-0.json,Wigglytuff,Moves,,Fire Punch,44.444
2017-09_gen2ou-0.json,Wigglytuff,Moves,,Return,22.222
2017-09_gen2ou-0.json,Wigglytuff,Moves,,Reflect,22.222
2017-09_gen2ou-0.json,Wigglytuff,Moves,,Hidden Power Fighting,22.222
2017-09_gen2ou-0.json,Wigglytuff,Moves,,Dynamic Punch,11.111
2017-09_gen2ou-0.json,Wigglytuff,Moves,,Blizzard,11.111
2017-09_gen2ou-0.json,Wigglytuff,Moves,,Sweet Kiss,11.111
2017-09_gen2ou-0.json,Wigglytuff,Moves,,Psychic,11.111
2017-09_gen2ou-0.json,Wigglytuff,Moves,,Thunderbolt,11.111
2017-09_gen2ou-0.json,Wigglytuff,Moves,,Petal Dance,11.111
2017-09_gen2ou-0.json,Wigglytuff,Moves,,Toxic,11.111
2017-09_gen2ou-0.json,Wigglytuff,Moves,,Sing,11.111
2017-09_gen2ou-0.json,Wigglytuff,Moves,,Other,11.111
2017-09_gen2ou-0.json,Totodile,Stats,Raw count,,12
2017-09_gen2ou-0.json,Totodile,Stats,Avg. weight,,1.0
2017-09_gen2ou-0.json,Totodile,Stats,Viability Ceiling,,55
2017-09_gen2ou-0.json,Totodile,Stats,Serious,,8.333
2017-09_gen2ou-0.json,Totodile,Abilities,,Illuminate,100.0
2017-09_gen2ou-0.json,Totodile,Items,,Nothing,33.333
2017-09_gen2ou-0.json,Totodile,Items,,Leftovers,25.0
2017-09_gen2ou-0.json,Totodile,Items,,Mystic Water,25.0
2017-09_gen2ou-0.json,Totodile,Items,,Focus Band,16.667
2017-09_gen2ou-0.json,Totodile,Moves,,Hydro Pump,58.333
2017-09_gen2ou-0.json,Totodile,Moves,,Blizzard,50.0
2017-09_gen2ou-0.json,Totodile,Moves,,Surf,41.667
2017-09_gen2ou-0.json,Totodile,Moves,,Crunch,41.667
2017-09_gen2ou-0.json,Totodile,Moves,,Ice Beam,41.667
2017-09_gen2ou-0.json,Totodile,Moves,,Ice Punch,25.0
2017-09_gen2ou-0.json,Totodile,Moves,,Water Gun,16.667
2017-09_gen2ou-0.json,Totodile,Moves,,Hidden Power Electric,16.667
2017-09_gen2ou-0.json,Totodile,Moves,,Detect,16.667
2017-09_gen2ou-0.json,Totodile,Moves,,Ancient Power,16.667
2017-09_gen2ou-0.json,Totodile,Moves,,Curse,8.333
2017-09_gen2ou-0.json,Totodile,Moves,,Slash,8.333
2017-09_gen2ou-0.json,Totodile,Moves,,Scratch,8.333
2017-09_gen2ou-0.json,Totodile,Moves,,Bite,8.333
2017-09_gen2ou-0.json,Totodile,Moves,,Headbutt,8.333
2017-09_gen2ou-0.json,Totodile,Moves,,Iron Tail,8.333
2017-09_gen2ou-0.json,Totodile,Moves,,Rage,8.333
2017-09_gen2ou-0.json,Totodile,Moves,,Other,16.667
2017-09_gen2ou-0.json,Eevee,Stats,Raw count,,9
2017-09_gen2ou-0.json,Eevee,Stats,Avg. weight,,1.0
2017-09_gen2ou-0.json,Eevee,Stats,Viability Ceiling,,54
2017-09_gen2ou-0.json,Eevee,Stats,Serious,,33.333
2017-09_gen2ou-0.json,Eevee,Abilities,,Illuminate,100.0
2017-09_gen2ou-0.json,Eevee,Items,,Leftovers,44.444
2017-09_gen2ou-0.json,Eevee,Items,,Berry Juice,44.444
2017-09_gen2ou-0.json,Eevee,Items,,Nothing,11.111
2017-09_gen2ou-0.json,Eevee,Moves,,Protect,77.778
2017-09_gen2ou-0.json,Eevee,Moves,,Toxic,44.444
2017-09_gen2ou-0.json,Eevee,Moves,,Hidden Power Fighting,44.444
2017-09_gen2ou-0.json,Eevee,Moves,,Tackle,44.444
2017-09_gen2ou-0.json,Eevee,Moves,,Tail Whip,44.444
2017-09_gen2ou-0.json,Eevee,Moves,,Quick Attack,44.444
2017-09_gen2ou-0.json,Eevee,Moves,,Reflect,33.333
2017-09_gen2ou-0.json,Eevee,Moves,,Body Slam,22.222
2017-09_gen2ou-0.json,Eevee,Moves,,Return,11.111
2017-09_gen2ou-0.json,Eevee,Moves,,Shadow Ball,11.111
2017-09_gen2ou-0.json,Eevee,Moves,,Bite,11.111
2017-09_gen2ou-0.json,Eevee,Moves,,Other,11.111
2017-09_gen2ou-0.json,Dragonair,Stats,Raw count,,10
2017-09_gen2ou-0.json,Dragonair,Stats,Avg. weight,,1.0
2017-09_gen2ou-0.json,Dragonair,Stats,Viability Ceiling,,72
2017-09_gen2ou-0.json,Dragonair,Stats,Serious,,30.000
2017-09_gen2ou-0.json,Dragonair,Abilities,,Illuminate,100.0
2017-09_gen2ou-0.json,Dragonair,Items,,Leftovers,40.0
2017-09_gen2ou-0.json,Dragonair,Items,,Gold Berry,30.0
2017-09_gen2ou-0.json,Dragonair,Items,,Nothing,20.0
2017-09_gen2ou-0.json,Dragonair,Items,,Charcoal,10.0
2017-09_gen2ou-0.json,Dragonair,Moves,,Outrage,70.0
2017-09_gen2ou-0.json,Dragonair,Moves,,Thunder,50.0
2017-09_gen2ou-0.json,Dragonair,Moves,,Ice Beam,40.0
2017-09_gen2ou-0.json,Dragonair,Moves,,Hydro Pump,40.0
2017-09_gen2ou-0.json,Dragonair,Moves,,Thunder Wave,30.0
2017-09_gen2ou-0.json,Dragonair,Moves,,Haze,30.0
2017-09_gen2ou-0.json,Dragonair,Moves,,Attract,30.0
2017-09_gen2ou-0.json,Dragonair,Moves,,Surf,20.0
2017-09_gen2ou-0.json,Dragonair,Moves,,Blizzard,20.0
2017-09_gen2ou-0.json,Dragonair,Moves,,Extreme Speed,20.0
2017-09_gen2ou-0.json,Dragonair,Moves,,Dragon Breath,20.0
2017-09_gen2ou-0.json,Dragonair,Moves,,Agility,10.0
2017-09_gen2ou-0.json,Dragonair,Moves,,Other,20.0
2017-09_gen2ou-0.json,Farfetch'd,Stats,Raw count,,11
2017-09_gen2ou-0.json,Farfetch'd,Stats,Avg. weight,,1.0
2017-09_gen2ou-0.json,Farfetch'd,Stats,Viability Ceiling,,71
2017-09_gen2ou-0.json,Farfetch'd,Stats,Serious,,9.091
2017-09_gen2ou-0.json,Farfetch'd,Abilities,,Illuminate,100.0
2017-09_gen2ou-0.json,Farfetch'd,Items,,Stick,81.818
2017-09_gen2ou-0.json,Farfetch'd,Items,,Focus Band,18.182
2017-09_gen2ou-0.json,Farfetch'd,Moves,,Nothing,45.455
2017-09_gen2ou-0.json,Farfetch'd,Moves,,Quick Attack,45.455
2017-09_gen2ou-0.json,Farfetch'd,Moves,,Agility,36.364
2017-09_gen2ou-0.json,Farfetch'd,Moves,,Body Slam,36.364
2017-09_gen2ou-0.json,Farfetch'd,Moves,,Fly,27.273
2017-09_gen2ou-0.json,Farfetch'd,Moves,,Steel Wing,27.273
2017-09_gen2ou-0.json,Farfetch'd,Moves,,Mud-Slap,18.182
2017-09_gen2ou-0.json,Farfetch'd,Moves,,Iron Tail,18.182
2017-09_gen2ou-0.json,Farfetch'd,Moves,,Toxic,18.182
2017-09_gen2ou-0.json,Farfetch'd,Moves,,Hidden Power Flying,18.182
2017-09_gen2ou-0.json,Farfetch'd,Moves,,Rest,18.182
2017-09_gen2ou-0.json,Farfetch'd,Moves,,Hidden Power Ghost,18.182
2017-09_gen2ou-0.json,Farfetch'd,Moves,,Detect,9.091
2017-09_gen2ou-0.json,Farfetch'd,Moves,,Return,9.091
2017-09_gen2ou-0.json,Farfetch'd,Moves,,Substitute,9.091
2017-09_gen2ou-0.json,Farfetch'd,Moves,,Whirlwind,9.091
2017-09_gen2ou-0.json,Farfetch'd,Moves,,Protect,9.091
2017-09_gen2ou-0.json,Farfetch'd,Moves,,Slash,9.091
2017-09_gen2ou-0.json,Farfetch'd,Moves,,Other,18.182
2017-09_gen2ou-0.json,Fearow,Stats,Raw count,,10
2017-09_gen2ou-0.json,Fearow,Stats,Avg. weight,,1.0
2017-09_gen2ou-0.json,Fearow,Stats,Viability Ceiling,,47
2017-09_gen2ou-0.json,Fearow,Stats,Serious,,10.000
2017-09_gen2ou-0.json,Fearow,Abilities,,Illuminate,100.0
2017-09_gen2ou-0.json,Fearow,Items,,Nothing,30.0
2017-09_gen2ou-0.json,Fearow,Items,,Berserk Gene,20.0
2017-09_gen2ou-0.json,Fearow,Items,,Polkadot Bow,20.0
2017-09_gen2ou-0.json,Fearow,Items,,Sharp Beak,20.0
2017-09_gen2ou-0.json,Fearow,Items,,Gold Berry,10.0
2017-09_gen2ou-0.json,Fearow,Moves,,Drill Peck,100.0
2017-09_gen2ou-0.json,Fearow,Moves,,Agility,40.0
2017-09_gen2ou-0.json,Fearow,Moves,,Double-Edge,40.0
2017-09_gen2ou-0.json,Fearow,Moves,,Fly,30.0
2017-09_gen2ou-0.json,Fearow,Moves,,Hidden Power Ice,30.0
2017-09_gen2ou-0.json,Fearow,Moves,,Tri Attack,30.0
2017-09_gen2ou-0.json,Fearow,Moves,,Substitute,30.0
2017-09_gen2ou-0.json,Fearow,Moves,,Steel Wing,30.0
2017-09_gen2ou-0.json,Fearow,Moves,,Nothing,20.0
2017-09_gen2ou-0.json,Fearow,Moves,,Fury Attack,20.0
2017-09_gen2ou-0.json,Fearow,Moves,,Mud-Slap,10.0
2017-09_gen2ou-0.json,Fearow,Moves,,Mirror Move,10.0
2017-09_gen2ou-0.json,Fearow,Moves,,Other,10.0
2017-09_gen2ou-0.json,Stantler,Stats,Raw count,,8
2017-09_gen2ou-0.json,Stantler,Stats,Avg. weight,,1.0
2017-09_gen2ou-0.json,Stantler,Stats,Viability Ceiling,,47
2017-09_gen2ou-0.json,Stantler,Stats,Serious,,12.500
2017-09_gen2ou-0.json,Stantler,Abilities,,Illuminate,100.0
2017-09_gen2ou-0.json,Stantler,Items,,Leftovers,50.0
2017-09_gen2ou-0.json,Stantler,Items,,King's Rock,25.0
2017-09_gen2ou-0.json,Stantler,Items,,Twisted Spoon,25.0
2017-09_gen2ou-0.json,Stantler,Moves,,Psychic,75.0
2017-09_gen2ou-0.json,Stantler,Moves,,Hypnosis,75.0
2017-09_gen2ou-0.json,Stantler,Moves,,Dream Eater,75.0
2017-09_gen2ou-0.json,Stantler,Moves,,Confuse Ray,50.0
2017-09_gen2ou-0.json,Stantler,Moves,,Return,25.0
2017-09_gen2ou-0.json,Stantler,Moves,,Reflect,25.0
2017-09_gen2ou-0.json,Stantler,Moves,,Hidden Power Flying,25.0
2017-09_gen2ou-0.json,Stantler,Moves,,Nightmare,25.0
2017-09_gen2ou-0.json,Stantler,Moves,,Earthquake,25.0
2017-09_gen2ou-0.json,Quilava,Stats,Raw count,,11
2017-09_gen2ou-0.json,Quilava,Stats,Avg. weight,,1.0
2017-09_gen2ou-0.json,Quilava,Stats,Viability Ceiling,,50
2017-09_gen2ou-0.json,Quilava,Stats,Serious,,9.091
2017-09_gen2ou-0.json,Quilava,Abilities,,Illuminate,100.0
2017-09_gen2ou-0.json,Quilava,Items,,Leftovers,63.636
2017-09_gen2ou-0.json,Quilava,Items,,Nothing,18.182
2017-09_gen2ou-0.json,Quilava,Items,,Charcoal,18.182
2017-09_gen2ou-0.json,Quilava,Moves,,Fire Blast,90.909
2017-09_gen2ou-0.json,Quilava,Moves,,Dig,72.727
2017-09_gen2ou-0.json,Quilava,Moves,,Iron Tail,63.636
2017-09_gen2ou-0.json,Quilava,Moves,,Submission,45.455
2017-09_gen2ou-0.json,Quilava,Moves,,Flamethrower,27.273
2017-09_gen2ou-0.json,Quilava,Moves,,Headbutt,18.182
2017-09_gen2ou-0.json,Quilava,Moves,,Hidden Power Fighting,18.182
2017-09_gen2ou-0.json,Quilava,Moves,,Quick Attack,18.182
2017-09_gen2ou-0.json,Quilava,Moves,,Leer,9.091
2017-09_gen2ou-0.json,Quilava,Moves,,Ember,9.091
2017-09_gen2ou-0.json,Quilava,Moves,,Smokescreen,9.091
2017-09_gen2ou-0.json,Quilava,Moves,,Other,18.182
2017-09_gen2ou-0.json,Wartortle,Stats,Raw count,,8
2017-09_gen2ou-0.json,Wartortle,Stats,Avg. weight,,1.0
2017-09_gen2ou-0.json,Wartortle,Stats,Viability Ceiling,,45
2017-09_gen2ou-0.json,Wartortle,Stats,Serious,,100.000
2017-09_gen2ou-0.json,Wartortle,Abilities,,Illuminate,100.0
2017-09_gen2ou-0.json,Wartortle,Items,,Leftovers,50.0
2017-09_gen2ou-0.json,Wartortle,Items,,Focus Band,50.0
2017-09_gen2ou-0.json,Wartortle,Moves,,Surf,50.0
2017-09_gen2ou-0.json,Wartortle,Moves,,Protect,50.0
2017-09_gen2ou-0.json,Wartortle,Moves,,Hidden Power Water,50.0
2017-09_gen2ou-0.json,Wartortle,Moves,,Bite,50.0
2017-09_gen2ou-0.json,Wartortle,Moves,,Sleep Talk,50.0
2017-09_gen2ou-0.json,Wartortle,Moves,,Tackle,50.0
2017-09_gen2ou-0.json,Wartortle,Moves,,Seismic Toss,50.0
2017-09_gen2ou-0.json,Wartortle,Moves,,Substitute,50.0
2017-09_gen2ou-0.json,Persian,Stats,Raw count,,6
2017-09_gen2ou-0.json,Persian,Stats,Avg. weight,,1.0
2017-09_gen2ou-0.json,Persian,Stats,Viability Ceiling,,63
2017-09_gen2ou-0.json,Persian,Stats,Serious,,100.000
2017-09_gen2ou-0.json,Persian,Abilities,,Illuminate,100.0
2017-09_gen2ou-0.json,Persian,Items,,Leftovers,33.333
2017-09_gen2ou-0.json,Persian,Items,,Magnet,16.667
2017-09_gen2ou-0.json,Persian,Items,,Miracle Berry,16.667
2017-09_gen2ou-0.json,Persian,Items,,Nothing,16.667
2017-09_gen2ou-0.json,Persian,Items,,Polkadot Bow,16.667
2017-09_gen2ou-0.json,Persian,Moves,,Shadow Ball,83.333
2017-09_gen2ou-0.json,Persian,Moves,,Hypnosis,50.0
2017-09_gen2ou-0.json,Persian,Moves,,Dream Eater,33.333
2017-09_gen2ou-0.json,Persian,Moves,,Headbutt,33.333
2017-09_gen2ou-0.json,Persian,Moves,,Bubble Beam,16.667
2017-09_gen2ou-0.json,Persian,Moves,,Return,16.667
2017-09_gen2ou-0.json,Persian,Moves,,Slash,16.667
2017-09_gen2ou-0.json,Persian,Moves,,Zap Cannon,16.667
2017-09_gen2ou-0.json,Persian,Moves,,Screech,16.667
2017-09_gen2ou-0.json,Persian,Moves,,Rest,16.667
2017-09_gen2ou-0.json,Persian,Moves,,Sleep Talk,16.667
2017-09_gen2ou-0.json,Persian,Moves,,Body Slam,16.667
2017-09_gen2ou-0.json,Persian,Moves,,Charm,16.667
2017-09_gen2ou-0.json,Persian,Moves,,Double-Edge,16.667
2017-09_gen2ou-0.json,Persian,Moves,,Thunderbolt,16.667
2017-09_gen2ou-0.json,Persian,Moves,,Other,16.667
2017-09_gen2ou-0.json,Corsola,Stats,Raw count,,6
2017-09_gen2ou-0.json,Corsola,Stats,Avg. weight,,1.0
2017-09_gen2ou-0.json,Corsola,Stats,Viability Ceiling,,45
2017-09_gen2ou-0.json,Corsola,Stats,Serious,,100.000
2017-09_gen2ou-0.json,Corsola,Abilities,,Illuminate,100.0
2017-09_gen2ou-0.json,Corsola,Items,,Gold Berry,100.0
2017-09_gen2ou-0.json,Corsola,Moves,,Surf,100.0
2017-09_gen2ou-0.json,Corsola,Moves,,Curse,100.0
2017-09_gen2ou-0.json,Corsola,Moves,,Recover,100.0
2017-09_gen2ou-0.json,Corsola,Moves,,Ancient Power,100.0
2017-09_gen2ou-0.json,Pineco,Stats,Raw count,,5
2017-09_gen2ou-0.json,Pineco,Stats,Avg. weight,,1.0
2017-09_gen2ou-0.json,Pineco,Stats,Viability Ceiling,,57
2017-09_gen2ou-0.json,Pineco,Stats,Serious,,100.000
2017-09_gen2ou-0.json,Pineco,Abilities,,Illuminate,100.0
2017-09_gen2ou-0.json,Pineco,Items,,Leftovers,100.0
2017-09_gen2ou-0.json,Pineco,Moves,,Spikes,100.0
2017-09_gen2ou-0.json,Pineco,Moves,,Toxic,100.0
2017-09_gen2ou-0.json,Pineco,Moves,,Self-Destruct,80.0
2017-09_gen2ou-0.json,Pineco,Moves,,Endure,80.0
2017-09_gen2ou-0.json,Pineco,Moves,,Rapid Spin,20.0
2017-09_gen2ou-0.json,Pineco,Moves,,Explosion,20.0
2017-09_gen2ou-0.json,Bulbasaur,Stats,Raw count,,6
2017-09_gen2ou-0.json,Bulbasaur,Stats,Avg. weight,,1.0
2017-09_gen2ou-0.json,Bulbasaur,Stats,Viability Ceiling,,54
2017-09_gen2ou-0.json,Bulbasaur,Stats,Serious,,16.667
2017-09_gen2ou-0.json,Bulbasaur,Abilities,,Illuminate,100.0
2017-09_gen2ou-0.json,Bulbasaur,Items,,Nothing,50.0
2017-09_gen2ou-0.json,Bulbasaur,Items,,Leftovers,33.333
2017-09_gen2ou-0.json,Bulbasaur,Items,,Miracle Seed,16.667
2017-09_gen2ou-0.json,Bulbasaur,Moves,,Sleep Powder,66.667
2017-09_gen2ou-0.json,Bulbasaur,Moves,,Razor Leaf,50.0
2017-09_gen2ou-0.json,Bulbasaur,Moves,,Leech Seed,50.0
2017-09_gen2ou-0.json,Bulbasaur,Moves,,Cut,33.333
2017-09_gen2ou-0.json,Bulbasaur,Moves,,Petal Dance,33.333
2017-09_gen2ou-0.json,Bulbasaur,Moves,,Hidden Power Grass,33.333
2017-09_gen2ou-0.json,Bulbasaur,Moves,,Synthesis,33.333
2017-09_gen2ou-0.json,Bulbasaur,Moves,,Nothing,16.667
2017-09_gen2ou-0.json,Bulbasaur,Moves,,Growl,16.667
2017-09_gen2ou-0.json,Bulbasaur,Moves,,Rage,16.667
2017-09_gen2ou-0.json,Bulbasaur,Moves,,Vine Whip,16.667
2017-09_gen2ou-0.json,Bulbasaur,Moves,,Rest,16.667
2017-09_gen2ou-0.json,Bulbasaur,Moves,,Other,16.667
2017-09_gen2ou-0.json,Yanma,Stats,Raw count,,5
2017-09_gen2ou-0.json,Yanma,Stats,Avg. weight,,1.0
2017-09_gen2ou-0.json,Yanma,Stats,Viability Ceiling,,52
2017-09_gen2ou-0.json,Yanma,Stats,Serious,,100.000
2017-09_gen2ou-0.json,Yanma,Abilities,,Illuminate,100.0
2017-09_gen2ou-0.json,Yanma,Items,,Leftovers,100.0
2017-09_gen2ou-0.json,Yanma,Moves,,Giga Drain,100.0
2017-09_gen2ou-0.json,Yanma,Moves,,Hidden Power Fire,80.0
2017-09_gen2ou-0.json,Yanma,Moves,,Toxic,80.0
2017-09_gen2ou-0.json,Yanma,Moves,,Wing Attack,80.0
2017-09_gen2ou-0.json,Yanma,Moves,,Hidden Power Bug,20.0
2017-09_gen2ou-0.json,Yanma,Moves,,Sonic Boom,20.0
2017-09_gen2ou-0.json,Yanma,Moves,,Other,20.0
2017-09_gen2ou-0.json,Dewgong,Stats,Raw count,,5
2017-09_gen2ou-0.json,Dewgong,Stats,Avg. weight,,1.0
2017-09_gen2ou-0.json,Dewgong,Stats,Viability Ceiling,,55
2017-09_gen2ou-0.json,Dewgong,Stats,Serious,,20.000
2017-09_gen2ou-0.json,Dewgong,Abilities,,Illuminate,100.0
2017-09_gen2ou-0.json,Dewgong,Items,,Leftovers,80.0
2017-09_gen2ou-0.json,Dewgong,Items,,Nothing,20.0
2017-09_gen2ou-0.json,Dewgong,Moves,,Ice Beam,80.0
2017-09_gen2ou-0.json,Dewgong,Moves,,Surf,60.0
2017-09_gen2ou-0.json,Dewgong,Moves,,Toxic,60.0
2017-09_gen2ou-0.json,Dewgong,Moves,,Blizzard,40.0
2017-09_gen2ou-0.json,Dewgong,Moves,,Sleep Talk,40.0
2017-09_gen2ou-0.json,Dewgong,Moves,,Rest,40.0
2017-09_gen2ou-0.json,Dewgong,Moves,,Perish Song,20.0
2017-09_gen2ou-0.json,Dewgong,Moves,,Rain Dance,20.0
2017-09_gen2ou-0.json,Dewgong,Moves,,Hidden Power Fighting,20.0
2017-09_gen2ou-0.json,Dewgong,Moves,,Other,20.0
2017-09_gen2ou-0.json,Cyndaquil,Stats,Raw count,,6
2017-09_gen2ou-0.json,Cyndaquil,Stats,Avg. weight,,1.0
2017-09_gen2ou-0.json,Cyndaquil,Stats,Viability Ceiling,,45
2017-09_gen2ou-0.json,Cyndaquil,Stats,Serious,,16.667
2017-09_gen2ou-0.json,Cyndaquil,Abilities,,Illuminate,100.0
2017-09_gen2ou-0.json,Cyndaquil,Items,,Nothing,50.0
2017-09_gen2ou-0.json,Cyndaquil,Items,,Charcoal,33.333
2017-09_gen2ou-0.json,Cyndaquil,Items,,Leftovers,16.667
2017-09_gen2ou-0.json,Cyndaquil,Moves,,Flamethrower,66.667
2017-09_gen2ou-0.json,Cyndaquil,Moves,,Nothing,50.0
2017-09_gen2ou-0.json,Cyndaquil,Moves,,Flame Wheel,50.0
2017-09_gen2ou-0.json,Cyndaquil,Moves,,Fire Blast,50.0
2017-09_gen2ou-0.json,Cyndaquil,Moves,,Leer,33.333
2017-09_gen2ou-0.json,Cyndaquil,Moves,,Hidden Power Ice,33.333
2017-09_gen2ou-0.json,Cyndaquil,Moves,,Smokescreen,33.333
2017-09_gen2ou-0.json,Cyndaquil,Moves,,Tackle,33.333
2017-09_gen2ou-0.json,Cyndaquil,Moves,,Detect,16.667
2017-09_gen2ou-0.json,Cyndaquil,Moves,,Hidden Power Fighting,16.667
2017-09_gen2ou-0.json,Cyndaquil,Moves,,Other,16.667
2017-09_gen2ou-0.json,Flaaffy,Stats,Raw count,,7
2017-09_gen2ou-0.json,Flaaffy,Stats,Avg. weight,,1.0
2017-09_gen2ou-0.json,Flaaffy,Stats,Viability Ceiling,,50
2017-09_gen2ou-0.json,Flaaffy,Stats,Serious,,14.286
2017-09_gen2ou-0.json,Flaaffy,Abilities,,Illuminate,100.0
2017-09_gen2ou-0.json,Flaaffy,Items,,Leftovers,85.714
2017-09_gen2ou-0.json,Flaaffy,Items,,Nothing,14.286
2017-09_gen2ou-0.json,Flaaffy,Moves,,Dynamic Punch,71.429
2017-09_gen2ou-0.json,Flaaffy,Moves,,Zap Cannon,71.429
2017-09_gen2ou-0.json,Flaaffy,Moves,,Iron Tail,71.429
2017-09_gen2ou-0.json,Flaaffy,Moves,,Fire Punch,71.429
2017-09_gen2ou-0.json,Flaaffy,Moves,,Growl,14.286
2017-09_gen2ou-0.json,Flaaffy,Moves,,Thunderbolt,14.286
2017-09_gen2ou-0.json,Flaaffy,Moves,,Hidden Power Ice,14.286
2017-09_gen2ou-0.json,Flaaffy,Moves,,Tackle,14.286
2017-09_gen2ou-0.json,Flaaffy,Moves,,Thunder Wave,14.286
2017-09_gen2ou-0.json,Flaaffy,Moves,,Body Slam,14.286
2017-09_gen2ou-0.json,Flaaffy,Moves,,Thunder Shock,14.286
2017-09_gen2ou-0.json,Flaaffy,Moves,,Other,14.286
2017-09_gen2ou-0.json,Butterfree,Stats,Raw count,,7
2017-09_gen2ou-0.json,Butterfree,Stats,Avg. weight,,1.0
2017-09_gen2ou-0.json,Butterfree,Stats,Viability Ceiling,,72
2017-09_gen2ou-0.json,Butterfree,Stats,Serious,,100.000
2017-09_gen2ou-0.json,Butterfree,Abilities,,Illuminate,100.0
2017-09_gen2ou-0.json,Butterfree,Items,,SilverPowder,42.857
2017-09_gen2ou-0.json,Butterfree,Items,,Nothing,42.857
2017-09_gen2ou-0.json,Butterfree,Items,,Leftovers,14.286
2017-09_gen2ou-0.json,Butterfree,Moves,,Psychic,85.714
2017-09_gen2ou-0.json,Butterfree,Moves,,Hidden Power Bug,42.857
2017-09_gen2ou-0.json,Butterfree,Moves,,Giga Drain,42.857
2017-09_gen2ou-0.json,Butterfree,Moves,,Confusion,42.857
2017-09_gen2ou-0.json,Butterfree,Moves,,Sleep Powder,42.857
2017-09_gen2ou-0.json,Butterfree,Moves,,Gust,42.857
2017-09_gen2ou-0.json,Butterfree,Moves,,Poison Powder,28.571
2017-09_gen2ou-0.json,Butterfree,Moves,,Whirlwind,28.571
2017-09_gen2ou-0.json,Butterfree,Moves,,Nothing,14.286
2017-09_gen2ou-0.json,Butterfree,Moves,,Stun Spore,14.286
2017-09_gen2ou-0.json,Butterfree,Moves,,Other,14.286
2017-09_gen2ou-0.json,Dratini,Stats,Raw count,,5
2017-09_gen2ou-0.json,Dratini,Stats,Avg. weight,,1.0
2017-09_gen2ou-0.json,Dratini,Stats,Viability Ceiling,,72
2017-09_gen2ou-0.json,Dratini,Stats,Serious,,100.000
2017-09_gen2ou-0.json,Dratini,Abilities,,Illuminate,100.0
2017-09_gen2ou-0.json,Dratini,Items,,Dragon Fang,40.0
2017-09_gen2ou-0.json,Dratini,Items,,Dragon Scale,40.0
2017-09_gen2ou-0.json,Dratini,Items,,Nothing,20.0
2017-09_gen2ou-0.json,Dratini,Moves,,Surf,80.0
2017-09_gen2ou-0.json,Dratini,Moves,,Dragon Breath,80.0
2017-09_gen2ou-0.json,Dratini,Moves,,Flamethrower,80.0
2017-09_gen2ou-0.json,Dratini,Moves,,Extreme Speed,60.0
2017-09_gen2ou-0.json,Dratini,Moves,,Hidden Power Bug,20.0
2017-09_gen2ou-0.json,Dratini,Moves,,Thunderbolt,20.0
2017-09_gen2ou-0.json,Dratini,Moves,,Blizzard,20.0
2017-09_gen2ou-0.json,Dratini,Moves,,Thunder,20.0
2017-09_gen2ou-0.json,Dratini,Moves,,Other,20.0
2017-09_gen2ou-0.json,Azumarill,Stats,Raw count,,4
2017-09_gen2ou-0.json,Azumarill,Stats,Avg. weight,,1.0
2017-09_gen2ou-0.json,Azumarill,Stats,Viability Ceiling,,47
2017-09_gen2ou-0.json,Azumarill,Stats,Serious,,100.000
2017-09_gen2ou-0.json,Azumarill,Abilities,,Illuminate,100.0
2017-09_gen2ou-0.json,Azumarill,Items,,Mystic Water,50.0
2017-09_gen2ou-0.json,Azumarill,Items,,Quick Claw,50.0
2017-09_gen2ou-0.json,Azumarill,Moves,,Surf,75.0
2017-09_gen2ou-0.json,Azumarill,Moves,,Return,50.0
2017-09_gen2ou-0.json,Azumarill,Moves,,Ice Punch,50.0
2017-09_gen2ou-0.json,Azumarill,Moves,,Whirlpool,50.0
2017-09_gen2ou-0.json,Azumarill,Moves,,Bubble Beam,25.0
2017-09_gen2ou-0.json,Azumarill,Moves,,Protect,25.0
2017-09_gen2ou-0.json,Azumarill,Moves,,Toxic,25.0
2017-09_gen2ou-0.json,Azumarill,Moves,,Water Gun,25.0
2017-09_gen2ou-0.json,Azumarill,Moves,,Double-Edge,25.0
2017-09_gen2ou-0.json,Azumarill,Moves,,Ice Beam,25.0
2017-09_gen2ou-0.json,Azumarill,Moves,,Rollout,25.0
2017-09_gen2ou-0.json,Charmeleon,Stats,Raw count,,5
2017-09_gen2ou-0.json,Charmeleon,Stats,Avg. weight,,1.0
2017-09_gen2ou-0.json,Charmeleon,Stats,Viability Ceiling,,45
2017-09_gen2ou-0.json,Charmeleon,Stats,Serious,,100.000
2017-09_gen2ou-0.json,Charmeleon,Abilities,,Illuminate,100.0
2017-09_gen2ou-0.json,Charmeleon,Items,,Leftovers,80.0
2017-09_gen2ou-0.json,Charmeleon,Items,,Nothing,20.0
2017-09_gen2ou-0.json,Charmeleon,Moves,,Ember,100.0
2017-09_gen2ou-0.json,Charmeleon,Moves,,Protect,80.0
2017-09_gen2ou-0.json,Charmeleon,Moves,,Cut,80.0
2017-09_gen2ou-0.json,Charmeleon,Moves,,Flamethrower,80.0
2017-09_gen2ou-0.json,Charmeleon,Moves,,Nothing,20.0
2017-09_gen2ou-0.json,Charmeleon,Moves,,Scratch,20.0
2017-09_gen2ou-0.json,Charmeleon,Moves,,Other,20.0
2017-09_gen2ou-0.json,Togepi,Stats,Raw count,,4
2017-09_gen2ou-0.json,Togepi,Stats,Avg. weight,,1.0
2017-09_gen2ou-0.json,Togepi,Stats,Viability Ceiling,,45
2017-09_gen2ou-0.json,Togepi,Stats,Serious,,25.000
2017-09_gen2ou-0.json,Togepi,Abilities,,Illuminate,100.0
2017-09_gen2ou-0.json,Togepi,Items,,Mint Berry,75.0
2017-09_gen2ou-0.json,Togepi,Items,,Twisted Spoon,25.0
2017-09_gen2ou-0.json,Togepi,Moves,,Curse,75.0
2017-09_gen2ou-0.json,Togepi,Moves,,Snore,75.0
2017-09_gen2ou-0.json,Togepi,Moves,,Shadow Ball,75.0
2017-09_gen2ou-0.json,Togepi,Moves,,Rest,75.0
2017-09_gen2ou-0.json,Togepi,Moves,,Sunny Day,25.0
2017-09_gen2ou-0.json,Togepi,Moves,,Psychic,25.0
2017-09_gen2ou-0.json,Togepi,Moves,,Solar Beam,25.0
2017-09_gen2ou-0.json,Togepi,Moves,,Fire Blast,25.0
2017-09_gen2ou-0.json,Ledian,Stats,Raw count,,4
2017-09_gen2ou-0.json,Ledian,Stats,Avg. weight,,1.0
2017-09_gen2ou-0.json,Ledian,Stats,Viability Ceiling,,47
2017-09_gen2ou-0.json,Ledian,Stats,Serious,,50.000
2017-09_gen2ou-0.json,Ledian,Abilities,,Illuminate,100.0
2017-09_gen2ou-0.json,Ledian,Items,,Nothing,50.0
2017-09_gen2ou-0.json,Ledian,Items,,Leftovers,25.0
2017-09_gen2ou-0.json,Ledian,Items,,BrightPowder,25.0
2017-09_gen2ou-0.json,Ledian,Moves,,Hidden Power Bug,50.0
2017-09_gen2ou-0.json,Ledian,Moves,,Agility,50.0
2017-09_gen2ou-0.json,Ledian,Moves,,Baton Pass,50.0
2017-09_gen2ou-0.json,Ledian,Moves,,Protect,50.0
2017-09_gen2ou-0.json,Ledian,Moves,,Reflect,50.0
2017-09_gen2ou-0.json,Ledian,Moves,,Solar Beam,50.0
2017-09_gen2ou-0.json,Ledian,Moves,,Double-Edge,50.0
2017-09_gen2ou-0.json,Ledian,Moves,,Light Screen,50.0
2017-09_gen2ou-0.json,Meowth,Stats,Raw count,,3
2017-09_gen2ou-0.json,Meowth,Stats,Avg. weight,,1.0
2017-09_gen2ou-0.json,Meowth,Stats,Viability Ceiling,,47
2017-09_gen2ou-0.json,Meowth,Stats,Serious,,33.333
2017-09_gen2ou-0.json,Meowth,Abilities,,Illuminate,100.0
2017-09_gen2ou-0.json,Meowth,Items,,Leftovers,33.333
2017-09_gen2ou-0.json,Meowth,Items,,Polkadot Bow,33.333
2017-09_gen2ou-0.json,Meowth,Items,,Quick Claw,33.333
2017-09_gen2ou-0.json,Meowth,Moves,,Rest,66.667
2017-09_gen2ou-0.json,Meowth,Moves,,Hypnosis,66.667
2017-09_gen2ou-0.json,Meowth,Moves,,Body Slam,66.667
2017-09_gen2ou-0.json,Meowth,Moves,,Protect,33.333
2017-09_gen2ou-0.json,Meowth,Moves,,Detect,33.333
2017-09_gen2ou-0.json,Meowth,Moves,,Return,33.333
2017-09_gen2ou-0.json,Meowth,Moves,,Shadow Ball,33.333
2017-09_gen2ou-0.json,Meowth,Moves,,Toxic,33.333
2017-09_gen2ou-0.json,Meowth,Moves,,Fury Swipes,33.333
2017-09_gen2ou-0.json,Larvitar,Stats,Raw count,,3
2017-09_gen2ou-0.json,Larvitar,Stats,Avg. weight,,1.0
2017-09_gen2ou-0.json,Larvitar,Stats,Viability Ceiling,,47
2017-09_gen2ou-0.json,Larvitar,Stats,Serious,,33.333
2017-09_gen2ou-0.json,Larvitar,Abilities,,Illuminate,100.0
2017-09_gen2ou-0.json,Larvitar,Items,,Leftovers,66.667
2017-09_gen2ou-0.json,Larvitar,Items,,Black Glasses,33.333
2017-09_gen2ou-0.json,Larvitar,Moves,,Earthquake,100.0
2017-09_gen2ou-0.json,Larvitar,Moves,,Protect,66.667
2017-09_gen2ou-0.json,Larvitar,Moves,,Mud-Slap,66.667
2017-09_gen2ou-0.json,Larvitar,Moves,,Ancient Power,66.667
2017-09_gen2ou-0.json,Larvitar,Moves,,Crunch,33.333
2017-09_gen2ou-0.json,Larvitar,Moves,,Rock Slide,33.333
2017-09_gen2ou-0.json,Larvitar,Moves,,Hyper Beam,33.333
2017-09_gen2ou-0.json,Raticate,Stats,Raw count,,3
2017-09_gen2ou-0.json,Raticate,Stats,Avg. weight,,1.0
2017-09_gen2ou-0.json,Raticate,Stats,Viability Ceiling,,47
2017-09_gen2ou-0.json,Raticate,Stats,Serious,,100.000
2017-09_gen2ou-0.json,Raticate,Abilities,,Illuminate,100.0
2017-09_gen2ou-0.json,Raticate,Items,,Leftovers,100.0
2017-09_gen2ou-0.json,Raticate,Moves,,Body Slam,100.0
2017-09_gen2ou-0.json,Raticate,Moves,,Mimic,66.667
2017-09_gen2ou-0.json,Raticate,Moves,,Super Fang,66.667
2017-09_gen2ou-0.json,Raticate,Moves,,Substitute,66.667
2017-09_gen2ou-0.json,Raticate,Moves,,Bite,33.333
2017-09_gen2ou-0.json,Raticate,Moves,,Rock Smash,33.333
2017-09_gen2ou-0.json,Raticate,Moves,,Quick Attack,33.333
2017-09_gen2ou-0.json,Mareep,Stats,Raw count,,2
2017-09_gen2ou-0.json,Mareep,Stats,Avg. weight,,1.0
2017-09_gen2ou-0.json,Mareep,Stats,Viability Ceiling,,45
2017-09_gen2ou-0.json,Mareep,Stats,Serious,,100.000
2017-09_gen2ou-0.json,Mareep,Abilities,,Illuminate,100.0
2017-09_gen2ou-0.json,Mareep,Items,,Leftovers,100.0
2017-09_gen2ou-0.json,Mareep,Moves,,Thunder,100.0
2017-09_gen2ou-0.json,Mareep,Moves,,Thunder Wave,100.0
2017-09_gen2ou-0.json,Mareep,Moves,,Body Slam,100.0
2017-09_gen2ou-0.json,Mareep,Moves,,Protect,100.0
2017-09_gen2ou-0.json,Paras,Stats,Raw count,,2
2017-09_gen2ou-0.json,Paras,Stats,Avg. weight,,1.0
2017-09_gen2ou-0.json,Paras,Stats,Viability Ceiling,,70
2017-09_gen2ou-0.json,Paras,Stats,Serious,,100.000
2017-09_gen2ou-0.json,Paras,Abilities,,Illuminate,100.0
2017-09_gen2ou-0.json,Paras,Items,,Nothing,50.0
2017-09_gen2ou-0.json,Paras,Items,,Leftovers,50.0
2017-09_gen2ou-0.json,Paras,Moves,,Sludge Bomb,50.0
2017-09_gen2ou-0.json,Paras,Moves,,Hidden Power Bug,50.0
2017-09_gen2ou-0.json,Paras,Moves,,Giga Drain,50.0
2017-09_gen2ou-0.json,Paras,Moves,,Spore,50.0
2017-09_gen2ou-0.json,Paras,Moves,,Stun Spore,50.0
2017-09_gen2ou-0.json,Paras,Moves,,Solar Beam,50.0
2017-09_gen2ou-0.json,Paras,Moves,,Body Slam,50.0
2017-09_gen2ou-0.json,Paras,Moves,,Mega Drain,50.0
2017-09_gen2ou-0.json,Sunkern,Stats,Raw count,,3
2017-09_gen2ou-0.json,Sunkern,Stats,Avg. weight,,1.0
2017-09_gen2ou-0.json,Sunkern,Stats,Viability Ceiling,,63
2017-09_gen2ou-0.json,Sunkern,Stats,Serious,,33.333
2017-09_gen2ou-0.json,Sunkern,Abilities,,Illuminate,100.0
2017-09_gen2ou-0.json,Sunkern,Items,,Nothing,66.667
2017-09_gen2ou-0.json,Sunkern,Items,,Miracle Seed,33.333
2017-09_gen2ou-0.json,Sunkern,Moves,,Nothing,200.0
2017-09_gen2ou-0.json,Sunkern,Moves,,Frustration,66.667
2017-09_gen2ou-0.json,Sunkern,Moves,,Sludge Bomb,33.333
2017-09_gen2ou-0.json,Sunkern,Moves,,Giga Drain,33.333
2017-09_gen2ou-0.json,Sunkern,Moves,,Rest,33.333
2017-09_gen2ou-0.json,Sunkern,Moves,,Toxic,33.333
2017-09_gen2ou-0.json,Rhyhorn,Stats,Raw count,,2
2017-09_gen2ou-0.json,Rhyhorn,Stats,Avg. weight,,1.0
2017-09_gen2ou-0.json,Rhyhorn,Stats,Viability Ceiling,,46
2017-09_gen2ou-0.json,Rhyhorn,Stats,Serious,,50.000
2017-09_gen2ou-0.json,Rhyhorn,Abilities,,Illuminate,100.0
2017-09_gen2ou-0.json,Rhyhorn,Items,,Nothing,50.0
2017-09_gen2ou-0.json,Rhyhorn,Items,,Quick Claw,50.0
2017-09_gen2ou-0.json,Rhyhorn,Moves,,Protect,50.0
2017-09_gen2ou-0.json,Rhyhorn,Moves,,Thunderbolt,50.0
2017-09_gen2ou-0.json,Rhyhorn,Moves,,Blizzard,50.0
2017-09_gen2ou-0.json,Rhyhorn,Moves,,Rock Slide,50.0
2017-09_gen2ou-0.json,Rhyhorn,Moves,,Headbutt,50.0
2017-09_gen2ou-0.json,Rhyhorn,Moves,,Double-Edge,50.0
2017-09_gen2ou-0.json,Rhyhorn,Moves,,Toxic,50.0
2017-09_gen2ou-0.json,Rhyhorn,Moves,,Earthquake,50.0
2017-09_gen2ou-0.json,Machoke,Stats,Raw count,,2
2017-09_gen2ou-0.json,Machoke,Stats,Avg. weight,,1.0
2017-09_gen2ou-0.json,Machoke,Stats,Viability Ceiling,,31
2017-09_gen2ou-0.json,Machoke,Stats,Serious,,100.000
2017-09_gen2ou-0.json,Machoke,Abilities,,Illuminate,100.0
2017-09_gen2ou-0.json,Machoke,Items,,Nothing,100.0
2017-09_gen2ou-0.json,Machoke,Moves,,Low Kick,100.0
2017-09_gen2ou-0.json,Machoke,Moves,,Detect,100.0
2017-09_gen2ou-0.json,Machoke,Moves,,Cross Chop,100.0
2017-09_gen2ou-0.json,Machoke,Moves,,Fire Punch,100.0
2017-09_gen2ou-0.json,Spearow,Stats,Raw count,,2
2017-09_gen2ou-0.json,Spearow,Stats,Avg. weight,,1.0
2017-09_gen2ou-0.json,Spearow,Stats,Viability Ceiling,,43
2017-09_gen2ou-0.json,Spearow,Stats,Serious,,50.000
2017-09_gen2ou-0.json,Spearow,Abilities,,Illuminate,100.0
2017-09_gen2ou-0.json,Spearow,Items,,Nothing,100.0
2017-09_gen2ou-0.json,Spearow,Moves,,Nothing,150.0
2017-09_gen2ou-0.json,Spearow,Moves,,Growl,50.0
2017-09_gen2ou-0.json,Spearow,Moves,,Leer,50.0
2017-09_gen2ou-0.json,Spearow,Moves,,Drill Peck,50.0
2017-09_gen2ou-0.json,Spearow,Moves,,Mud-Slap,50.0
2017-09_gen2ou-0.json,Spearow,Moves,,Peck,50.0
2017-09_gen2ou-0.json,Chinchou,Stats,Raw count,,2
2017-09_gen2ou-0.json,Chinchou,Stats,Avg. weight,,1.0
2017-09_gen2ou-0.json,Chinchou,Stats,Viability Ceiling,,45
2017-09_gen2ou-0.json,Chinchou,Stats,Serious,,50.000
2017-09_gen2ou-0.json,Chinchou,Abilities,,Illuminate,100.0
2017-09_gen2ou-0.json,Chinchou,Items,,BrightPowder,50.0
2017-09_gen2ou-0.json,Chinchou,Items,,Quick Claw,50.0
2017-09_gen2ou-0.json,Chinchou,Moves,,Ice Beam,100.0
2017-09_gen2ou-0.json,Chinchou,Moves,,Surf,50.0
2017-09_gen2ou-0.json,Chinchou,Moves,,Thunder,50.0
2017-09_gen2ou-0.json,Chinchou,Moves,,Rain Dance,50.0
2017-09_gen2ou-0.json,Chinchou,Moves,,Thunder Wave,50.0
2017-09_gen2ou-0.json,Chinchou,Moves,,Toxic,50.0
2017-09_gen2ou-0.json,Chinchou,Moves,,Hydro Pump,50.0
2017-09_gen2ou-0.json,Squirtle,Stats,Raw count,,2
2017-09_gen2ou-0.json,Squirtle,Stats,Avg. weight,,1.0
2017-09_gen2ou-0.json,Squirtle,Stats,Viability Ceiling,,47
2017-09_gen2ou-0.json,Squirtle,Stats,Serious,,100.000
2017-09_gen2ou-0.json,Squirtle,Abilities,,Illuminate,100.0
2017-09_gen2ou-0.json,Squirtle,Items,,Leftovers,50.0
2017-09_gen2ou-0.json,Squirtle,Items,,Black Glasses,50.0
2017-09_gen2ou-0.json,Squirtle,Moves,,Surf,100.0
2017-09_gen2ou-0.json,Squirtle,Moves,,Bite,50.0
2017-09_gen2ou-0.json,Squirtle,Moves,,Rapid Spin,50.0
2017-09_gen2ou-0.json,Squirtle,Moves,,Rest,50.0
2017-09_gen2ou-0.json,Squirtle,Moves,,Reflect,50.0
2017-09_gen2ou-0.json,Squirtle,Moves,,Ice Beam,50.0
2017-09_gen2ou-0.json,Squirtle,Moves,,Toxic,50.0
2017-09_gen2ou-0.json,Bellsprout,Stats,Raw count,,2
2017-09_gen2ou-0.json,Bellsprout,Stats,Avg. weight,,1.0
2017-09_gen2ou-0.json,Bellsprout,Stats,Viability Ceiling,,43
2017-09_gen2ou-0.json,Bellsprout,Stats,Serious,,50.000
2017-09_gen2ou-0.json,Bellsprout,Abilities,,Illuminate,100.0
2017-09_gen2ou-0.json,Bellsprout,Items,,Nothing,100.0
2017-09_gen2ou-0.json,Bellsprout,Moves,,Nothing,150.0
2017-09_gen2ou-0.json,Bellsprout,Moves,,Vine Whip,100.0
2017-09_gen2ou-0.json,Bellsprout,Moves,,Growth,100.0
2017-09_gen2ou-0.json,Bellsprout,Moves,,Wrap,50.0
2017-09_gen2ou-0.json,Swinub,Stats,Raw count,,2
2017-09_gen2ou-0.json,Swinub,Stats,Avg. weight,,1.0
2017-09_gen2ou-0.json,Swinub,Stats,Viability Ceiling,,37
2017-09_gen2ou-0.json,Swinub,Stats,Serious,,50.000
2017-09_gen2ou-0.json,Swinub,Abilities,,Illuminate,100.0
2017-09_gen2ou-0.json,Swinub,Items,,Never-Melt Ice,100.0
2017-09_gen2ou-0.json,Swinub,Moves,,Blizzard,100.0
2017-09_gen2ou-0.json,Swinub,Moves,,Strength,50.0
2017-09_gen2ou-0.json,Swinub,Moves,,Rest,50.0
2017-09_gen2ou-0.json,Swinub,Moves,,Detect,50.0
2017-09_gen2ou-0.json,Swinub,Moves,,Hidden Power Fire,50.0
2017-09_gen2ou-0.json,Swinub,Moves,,Ice Beam,50.0
2017-09_gen2ou-0.json,Swinub,Moves,,Earthquake,50.0
2017-09_gen2ou-0.json,Chikorita,Stats,Raw count,,2
2017-09_gen2ou-0.json,Chikorita,Stats,Avg. weight,,1.0
2017-09_gen2ou-0.json,Chikorita,Stats,Viability Ceiling,,45
2017-09_gen2ou-0.json,Chikorita,Stats,Serious,,50.000
2017-09_gen2ou-0.json,Chikorita,Abilities,,Illuminate,100.0
2017-09_gen2ou-0.json,Chikorita,Items,,Nothing,50.0
2017-09_gen2ou-0.json,Chikorita,Items,,Leftovers,50.0
2017-09_gen2ou-0.json,Chikorita,Moves,,Giga Drain,100.0
2017-09_gen2ou-0.json,Chikorita,Moves,,Leech Seed,50.0
2017-09_gen2ou-0.json,Chikorita,Moves,,Poison Powder,50.0
2017-09_gen2ou-0.json,Chikorita,Moves,,Frustration,50.0
2017-09_gen2ou-0.json,Chikorita,Moves,,Toxic,50.0
2017-09_gen2ou-0.json,Chikorita,Moves,,Ancient Power,50.0
2017-09_gen2ou-0.json,Chikorita,Moves,,Synthesis,50.0
2017-09_gen2ou-0.json,Cubone,Stats,Raw count,,2
2017-09_gen2ou-0.json,Cubone,Stats,Avg. weight,,1.0
2017-09_gen2ou-0.json,Cubone,Stats,Viability Ceiling,,70
2017-09_gen2ou-0.json,Cubone,Stats,Serious,,100.000
2017-09_gen2ou-0.json,Cubone,Abilities,,Illuminate,100.0
2017-09_gen2ou-0.json,Cubone,Items,,Thick Club,100.0
2017-09_gen2ou-0.json,Cubone,Moves,,Counter,100.0
2017-09_gen2ou-0.json,Cubone,Moves,,Body Slam,100.0
2017-09_gen2ou-0.json,Cubone,Moves,,Earthquake,100.0
2017-09_gen2ou-0.json,Cubone,Moves,,Rock Slide,100.0
2017-09_gen2ou-0.json,Pidgey,Stats,Raw count,,2
2017-09_gen2ou-0.json,Pidgey,Stats,Avg. weight,,1.0
2017-09_gen2ou-0.json,Pidgey,Stats,Viability Ceiling,,44
2017-09_gen2ou-0.json,Pidgey,Stats,Serious,,50.000
2017-09_gen2ou-0.json,Pidgey,Abilities,,Illuminate,100.0
2017-09_gen2ou-0.json,Pidgey,Items,,Nothing,100.0
2017-09_gen2ou-0.json,Pidgey,Moves,,Nothing,200.0
2017-09_gen2ou-0.json,Pidgey,Moves,,Toxic,50.0
2017-09_gen2ou-0.json,Pidgey,Moves,,Sand Attack,50.0
2017-09_gen2ou-0.json,Pidgey,Moves,,Quick Attack,50.0
2017-09_gen2ou-0.json,Pidgey,Moves,,Gust,50.0
2017-09_gen2ou-0.json,Seadra,Stats,Raw count,,3
2017-09_gen2ou-0.json,Seadra,Stats,Avg. weight,,1.0
2017-09_gen2ou-0.json,Seadra,Stats,Viability Ceiling,,46
2017-09_gen2ou-0.json,Seadra,Stats,Serious,,100.000
2017-09_gen2ou-0.json,Seadra,Abilities,,Illuminate,100.0
2017-09_gen2ou-0.json,Seadra,Items,,Nothing,33.333
2017-09_gen2ou-0.json,Seadra,Items,,Leftovers,33.333
2017-09_gen2ou-0.json,Seadra,Items,,Dragon Scale,33.333
2017-09_gen2ou-0.json,Seadra,Moves,,Blizzard,100.0
2017-09_gen2ou-0.json,Seadra,Moves,,Agility,66.667
2017-09_gen2ou-0.json,Seadra,Moves,,Protect,33.333
2017-09_gen2ou-0.json,Seadra,Moves,,Rest,33.333
2017-09_gen2ou-0.json,Seadra,Moves,,Haze,33.333
2017-09_gen2ou-0.json,Seadra,Moves,,Waterfall,33.333
2017-09_gen2ou-0.json,Seadra,Moves,,Double-Edge,33.333
2017-09_gen2ou-0.json,Seadra,Moves,,Ice Beam,33.333
2017-09_gen2ou-0.json,Seadra,Moves,,Hydro Pump,33.333
2017-09_gen2ou-0.json,Natu,Stats,Raw count,,2
2017-09_gen2ou-0.json,Natu,Stats,Avg. weight,,1.0
2017-09_gen2ou-0.json,Natu,Stats,Viability Ceiling,,45
2017-09_gen2ou-0.json,Natu,Stats,Serious,,50.000
2017-09_gen2ou-0.json,Natu,Abilities,,Illuminate,100.0
2017-09_gen2ou-0.json,Natu,Items,,Nothing,50.0
2017-09_gen2ou-0.json,Natu,Items,,Leftovers,50.0
2017-09_gen2ou-0.json,Natu,Moves,,Teleport,50.0
2017-09_gen2ou-0.json,Natu,Moves,,Leer,50.0
2017-09_gen2ou-0.json,Natu,Moves,,Future Sight,50.0
2017-09_gen2ou-0.json,Natu,Moves,,Drill Peck,50.0
2017-09_gen2ou-0.json,Natu,Moves,,Night Shade,50.0
2017-09_gen2ou-0.json,Natu,Moves,,Toxic,50.0
2017-09_gen2ou-0.json,Natu,Moves,,Giga Drain,50.0
2017-09_gen2ou-0.json,Natu,Moves,,Peck,50.0
2017-09_gen2ou-0.json,Poliwhirl,Stats,Raw count,,2
2017-09_gen2ou-0.json,Poliwhirl,Stats,Avg. weight,,1.0
2017-09_gen2ou-0.json,Poliwhirl,Stats,Viability Ceiling,,45
2017-09_gen2ou-0.json,Poliwhirl,Stats,Serious,,100.000
2017-09_gen2ou-0.json,Poliwhirl,Abilities,,Illuminate,100.0
2017-09_gen2ou-0.json,Poliwhirl,Items,,Leftovers,100.0
2017-09_gen2ou-0.json,Poliwhirl,Moves,,Hydro Pump,100.0
2017-09_gen2ou-0.json,Poliwhirl,Moves,,Rain Dance,100.0
2017-09_gen2ou-0.json,Poliwhirl,Moves,,Psychic,100.0
2017-09_gen2ou-0.json,Poliwhirl,Moves,,Hypnosis,100.0
2017-09_gen2ou-0.json,Phanpy,Stats,Raw count,,2
2017-09_gen2ou-0.json,Phanpy,Stats,Avg. weight,,1.0
2017-09_gen2ou-0.json,Phanpy,Stats,Viability Ceiling,,45
2017-09_gen2ou-0.json,Phanpy,Stats,Serious,,50.000
2017-09_gen2ou-0.json,Phanpy,Abilities,,Illuminate,100.0
2017-09_gen2ou-0.json,Phanpy,Items,,Nothing,50.0
2017-09_gen2ou-0.json,Phanpy,Items,,Leftovers,50.0
2017-09_gen2ou-0.json,Phanpy,Moves,,Earthquake,100.0
2017-09_gen2ou-0.json,Phanpy,Moves,,Body Slam,50.0
2017-09_gen2ou-0.json,Phanpy,Moves,,Double-Edge,50.0
2017-09_gen2ou-0.json,Phanpy,Moves,,Rollout,50.0
2017-09_gen2ou-0.json,Phanpy,Moves,,Defense Curl,50.0
2017-09_gen2ou-0.json,Phanpy,Moves,,Ancient Power,50.0
2017-09_gen2ou-0.json,Phanpy,Moves,,Take Down,50.0
2017-09_gen2ou-0.json,Dunsparce,Stats,Raw count,,2
2017-09_gen2ou-0.json,Dunsparce,Stats,Avg. weight,,1.0
2017-09_gen2ou-0.json,Dunsparce,Stats,Viability Ceiling,,45
2017-09_gen2ou-0.json,Dunsparce,Stats,Serious,,100.000
2017-09_gen2ou-0.json,Dunsparce,Abilities,,Illuminate,100.0
2017-09_gen2ou-0.json,Dunsparce,Items,,Leftovers,100.0
2017-09_gen2ou-0.json,Dunsparce,Moves,,Curse,50.0
2017-09_gen2ou-0.json,Dunsparce,Moves,,Glare,50.0
2017-09_gen2ou-0.json,Dunsparce,Moves,,Hidden Power Ice,50.0
2017-09_gen2ou-0.json,Dunsparce,Moves,,Thunder,50.0
2017-09_gen2ou-0.json,Dunsparce,Moves,,Headbutt,50.0
2017-09_gen2ou-0.json,Dunsparce,Moves,,Rest,50.0
2017-09_gen2ou-0.json,Dunsparce,Moves,,Toxic,50.0
2017-09_gen2ou-0.json,Dunsparce,Moves,,Flamethrower,50.0
2017-09_gen2ou-0.json,Clefairy,Stats,Raw count,,2
2017-09_gen2ou-0.json,Clefairy,Stats,Avg. weight,,1.0
2017-09_gen2ou-0.json,Clefairy,Stats,Viability Ceiling,,48
2017-09_gen2ou-0.json,Clefairy,Stats,Serious,,100.000
2017-09_gen2ou-0.json,Clefairy,Abilities,,Illuminate,100.0
2017-09_gen2ou-0.json,Clefairy,Items,,Leftovers,100.0
2017-09_gen2ou-0.json,Clefairy,Moves,,Reflect,100.0
2017-09_gen2ou-0.json,Clefairy,Moves,,Thunder Wave,100.0
2017-09_gen2ou-0.json,Clefairy,Moves,,Light Screen,100.0
2017-09_gen2ou-0.json,Clefairy,Moves,,Attract,100.0
