source,pokemon,category,type,name,usage
2020-09_gen3ou-0.json,Tyranitar,Stats,Raw count,,45988
2020-09_gen3ou-0.json,Tyranitar,Stats,Avg. weight,,1.0
2020-09_gen3ou-0.json,Tyranitar,Stats,Viability Ceiling,,93
2020-09_gen3ou-0.json,Tyranitar,Stats,Adamant,,2.172
2020-09_gen3ou-0.json,Tyranitar,Stats,Jolly,,2.675
2020-09_gen3ou-0.json,Tyranitar,Stats,Naughty,,2.912
2020-09_gen3ou-0.json,Tyranitar,Abilities,,Sand Stream,100.0
2020-09_gen3ou-0.json,Tyranitar,Items,,Leftovers,61.992
2020-09_gen3ou-0.json,Tyranitar,Items,,Lum Berry,23.26
2020-09_gen3ou-0.json,Tyranitar,Items,,Choice Band,10.418
2020-09_gen3ou-0.json,Tyranitar,Items,,Other,4.329
2020-09_gen3ou-0.json,Tyranitar,Spreads,,Other,72.43
2020-09_gen3ou-0.json,Tyranitar,Moves,,Rock Slide,73.145
2020-09_gen3ou-0.json,Tyranitar,Moves,,Earthquake,64.739
2020-09_gen3ou-0.json,Tyranitar,Moves,,Hidden Power Bug,38.695
2020-09_gen3ou-0.json,Tyranitar,Moves,,Dragon Dance,38.684
2020-09_gen3ou-0.json,Tyranitar,Moves,,Pursuit,26.42
2020-09_gen3ou-0.json,Tyranitar,Moves,,Fire Blast,25.783
2020-09_gen3ou-0.json,Tyranitar,Moves,,Focus Punch,23.882
2020-09_gen3ou-0.json,Tyranitar,Moves,,Hidden Power Grass,23.73
2020-09_gen3ou-0.json,Tyranitar,Moves,,Crunch,21.971
2020-09_gen3ou-0.json,Tyranitar,Moves,,Ice Beam,13.732
2020-09_gen3ou-0.json,Tyranitar,Moves,,Brick Break,12.61
2020-09_gen3ou-0.json,Tyranitar,Moves,,Taunt,7.578
2020-09_gen3ou-0.json,Tyranitar,Moves,,Roar,5.397
2020-09_gen3ou-0.json,Tyranitar,Moves,,Substitute,4.155
2020-09_gen3ou-0.json,Tyranitar,Moves,,Other,19.479
2020-09_gen3ou-0.json,Metagross,Stats,Raw count,,39604
2020-09_gen3ou-0.json,Metagross,Stats,Avg. weight,,1.0
2020-09_gen3ou-0.json,Metagross,Stats,Viability Ceiling,,93
2020-09_gen3ou-0.json,Metagross,Stats,Adamant,,3.139
2020-09_gen3ou-0.json,Metagross,Stats,Quiet,,4.088
2020-09_gen3ou-0.json,Metagross,Stats,Brave,,3.613
2020-09_gen3ou-0.json,Metagross,Abilities,,Clear Body,100.0
2020-09_gen3ou-0.json,Metagross,Items,,Leftovers,50.419
2020-09_gen3ou-0.json,Metagross,Items,,Choice Band,27.055
2020-09_gen3ou-0.json,Metagross,Items,,Lum Berry,10.648
2020-09_gen3ou-0.json,Metagross,Items,,Salac Berry,3.025
2020-09_gen3ou-0.json,Metagross,Items,,Quick Claw,2.621
2020-09_gen3ou-0.json,Metagross,Items,,Bright Powder,2.131
2020-09_gen3ou-0.json,Metagross,Items,,Other,4.101
2020-09_gen3ou-0.json,Metagross,Spreads,,Other,73.376
2020-09_gen3ou-0.json,Metagross,Moves,,Meteor Mash,92.736
2020-09_gen3ou-0.json,Metagross,Moves,,Explosion,83.436
2020-09_gen3ou-0.json,Metagross,Moves,,Earthquake,76.535
2020-09_gen3ou-0.json,Metagross,Moves,,Rock Slide,27.02
2020-09_gen3ou-0.json,Metagross,Moves,,Psychic,23.288
2020-09_gen3ou-0.json,Metagross,Moves,,Agility,19.266
2020-09_gen3ou-0.json,Metagross,Moves,,Hidden Power Fire,16.806
2020-09_gen3ou-0.json,Metagross,Moves,,Protect,9.373
2020-09_gen3ou-0.json,Metagross,Moves,,Shadow Ball,9.012
2020-09_gen3ou-0.json,Metagross,Moves,,Hidden Power Grass,6.148
2020-09_gen3ou-0.json,Metagross,Moves,,Brick Break,6.042
2020-09_gen3ou-0.json,Metagross,Moves,,Pursuit,5.479
2020-09_gen3ou-0.json,Metagross,Moves,,Thunder Punch,5.265
2020-09_gen3ou-0.json,Metagross,Moves,,Other,19.594
2020-09_gen3ou-0.json,Swampert,Stats,Raw count,,35084
2020-09_gen3ou-0.json,Swampert,Stats,Avg. weight,,1.0
2020-09_gen3ou-0.json,Swampert,Stats,Viability Ceiling,,93
2020-09_gen3ou-0.json,Swampert,Stats,Relaxed,,4.281
2020-09_gen3ou-0.json,Swampert,Stats,Timid,,5.299
2020-09_gen3ou-0.json,Swampert,Stats,Rash,,2.810
2020-09_gen3ou-0.json,Swampert,Stats,Brave,,3.084
2020-09_gen3ou-0.json,Swampert,Abilities,,Torrent,100.0
2020-09_gen3ou-0.json,Swampert,Items,,Leftovers,87.427
2020-09_gen3ou-0.json,Swampert,Items,,Salac Berry,7.927
2020-09_gen3ou-0.json,Swampert,Items,,Other,4.646
2020-09_gen3ou-0.json,Swampert,Spreads,,Other,64.802
2020-09_gen3ou-0.json,Swampert,Moves,,Earthquake,79.606
2020-09_gen3ou-0.json,Swampert,Moves,,Ice Beam,78.392
2020-09_gen3ou-0.json,Swampert,Moves,,Hydro Pump,56.898
2020-09_gen3ou-0.json,Swampert,Moves,,Protect,53.375
2020-09_gen3ou-0.json,Swampert,Moves,,Surf,26.645
2020-09_gen3ou-0.json,Swampert,Moves,,Focus Punch,17.686
2020-09_gen3ou-0.json,Swampert,Moves,,Toxic,16.067
2020-09_gen3ou-0.json,Swampert,Moves,,Roar,15.375
2020-09_gen3ou-0.json,Swampert,Moves,,Refresh,12.171
2020-09_gen3ou-0.json,Swampert,Moves,,Substitute,8.702
2020-09_gen3ou-0.json,Swampert,Moves,,Endeavor,7.941
2020-09_gen3ou-0.json,Swampert,Moves,,Rock Slide,5.55
2020-09_gen3ou-0.json,Swampert,Moves,,Curse,4.008
2020-09_gen3ou-0.json,Swampert,Moves,,Other,17.586
2020-09_gen3ou-0.json,Gengar,Stats,Raw count,,31298
2020-09_gen3ou-0.json,Gengar,Stats,Avg. weight,,1.0
2020-09_gen3ou-0.json,Gengar,Stats,Viability Ceiling,,90
2020-09_gen3ou-0.json,Gengar,Stats,Timid,,3.086
2020-09_gen3ou-0.json,Gengar,Stats,Hasty,,3.751
2020-09_gen3ou-0.json,Gengar,Stats,Modest,,3.387
2020-09_gen3ou-0.json,Gengar,Abilities,,Levitate,100.0
2020-09_gen3ou-0.json,Gengar,Items,,Leftovers,83.967
2020-09_gen3ou-0.json,Gengar,Items,,Lum Berry,5.208
2020-09_gen3ou-0.json,Gengar,Items,,Petaya Berry,2.693
2020-09_gen3ou-0.json,Gengar,Items,,Bright Powder,1.901
2020-09_gen3ou-0.json,Gengar,Items,,Salac Berry,1.447
2020-09_gen3ou-0.json,Gengar,Items,,Other,4.783
2020-09_gen3ou-0.json,Gengar,Spreads,,Other,61.445
2020-09_gen3ou-0.json,Gengar,Moves,,Thunderbolt,74.765
2020-09_gen3ou-0.json,Gengar,Moves,,Ice Punch,72.58
2020-09_gen3ou-0.json,Gengar,Moves,,Will-O-Wisp,45.83
2020-09_gen3ou-0.json,Gengar,Moves,,Giga Drain,41.265
2020-09_gen3ou-0.json,Gengar,Moves,,Fire Punch,30.711
2020-09_gen3ou-0.json,Gengar,Moves,,Explosion,29.791
2020-09_gen3ou-0.json,Gengar,Moves,,Destiny Bond,13.464
2020-09_gen3ou-0.json,Gengar,Moves,,Psychic,13.116
2020-09_gen3ou-0.json,Gengar,Moves,,Hypnosis,12.876
2020-09_gen3ou-0.json,Gengar,Moves,,Taunt,12.314
2020-09_gen3ou-0.json,Gengar,Moves,,Hidden Power Grass,9.643
2020-09_gen3ou-0.json,Gengar,Moves,,Substitute,6.355
2020-09_gen3ou-0.json,Gengar,Moves,,Focus Punch,5.952
2020-09_gen3ou-0.json,Gengar,Moves,,Shadow Ball,5.936
2020-09_gen3ou-0.json,Gengar,Moves,,Sludge Bomb,3.384
2020-09_gen3ou-0.json,Gengar,Moves,,Mean Look,3.131
2020-09_gen3ou-0.json,Gengar,Moves,,Other,18.886
2020-09_gen3ou-0.json,Skarmory,Stats,Raw count,,30122
2020-09_gen3ou-0.json,Skarmory,Stats,Avg. weight,,1.0
2020-09_gen3ou-0.json,Skarmory,Stats,Viability Ceiling,,93
2020-09_gen3ou-0.json,Skarmory,Stats,Careful,,3.323
2020-09_gen3ou-0.json,Skarmory,Stats,Impish,,3.187
2020-09_gen3ou-0.json,Skarmory,Stats,Adamant,,4.409
2020-09_gen3ou-0.json,Skarmory,Abilities,,Keen Eye,87.581
2020-09_gen3ou-0.json,Skarmory,Abilities,,Sturdy,12.419
2020-09_gen3ou-0.json,Skarmory,Items,,Leftovers,95.893
2020-09_gen3ou-0.json,Skarmory,Items,,Other,4.107
2020-09_gen3ou-0.json,Skarmory,Spreads,,Other,56.268
2020-09_gen3ou-0.json,Skarmory,Moves,,Spikes,97.537
2020-09_gen3ou-0.json,Skarmory,Moves,,Toxic,65.54
2020-09_gen3ou-0.json,Skarmory,Moves,,Protect,52.911
2020-09_gen3ou-0.json,Skarmory,Moves,,Whirlwind,49.475
2020-09_gen3ou-0.json,Skarmory,Moves,,Roar,39.626
2020-09_gen3ou-0.json,Skarmory,Moves,,Drill Peck,38.703
2020-09_gen3ou-0.json,Skarmory,Moves,,Taunt,26.784
2020-09_gen3ou-0.json,Skarmory,Moves,,Hidden Power Ground,8.987
2020-09_gen3ou-0.json,Skarmory,Moves,,Rest,4.435
2020-09_gen3ou-0.json,Skarmory,Moves,,Other,16.002
2020-09_gen3ou-0.json,Salamence,Stats,Raw count,,29947
2020-09_gen3ou-0.json,Salamence,Stats,Avg. weight,,1.0
2020-09_gen3ou-0.json,Salamence,Stats,Viability Ceiling,,89
2020-09_gen3ou-0.json,Salamence,Stats,Adamant,,2.501
2020-09_gen3ou-0.json,Salamence,Stats,Rash,,9.210
2020-09_gen3ou-0.json,Salamence,Stats,Naive,,5.276
2020-09_gen3ou-0.json,Salamence,Stats,Jolly,,4.682
2020-09_gen3ou-0.json,Salamence,Stats,Lonely,,4.511
2020-09_gen3ou-0.json,Salamence,Abilities,,Intimidate,100.0
2020-09_gen3ou-0.json,Salamence,Items,,Leftovers,62.11
2020-09_gen3ou-0.json,Salamence,Items,,Choice Band,20.8
2020-09_gen3ou-0.json,Salamence,Items,,Lum Berry,7.263
2020-09_gen3ou-0.json,Salamence,Items,,Petaya Berry,1.843
2020-09_gen3ou-0.json,Salamence,Items,,King's Rock,1.82
2020-09_gen3ou-0.json,Salamence,Items,,Bright Powder,1.443
2020-09_gen3ou-0.json,Salamence,Items,,Other,4.722
2020-09_gen3ou-0.json,Salamence,Spreads,,Other,49.477
2020-09_gen3ou-0.json,Salamence,Moves,,Earthquake,62.016
2020-09_gen3ou-0.json,Salamence,Moves,,Rock Slide,58.32
2020-09_gen3ou-0.json,Salamence,Moves,,Hidden Power Flying,52.603
2020-09_gen3ou-0.json,Salamence,Moves,,Brick Break,51.291
2020-09_gen3ou-0.json,Salamence,Moves,,Dragon Dance,43.557
2020-09_gen3ou-0.json,Salamence,Moves,,Fire Blast,35.192
2020-09_gen3ou-0.json,Salamence,Moves,,Dragon Claw,33.563
2020-09_gen3ou-0.json,Salamence,Moves,,Hidden Power Grass,25.665
2020-09_gen3ou-0.json,Salamence,Moves,,Flamethrower,7.697
2020-09_gen3ou-0.json,Salamence,Moves,,Hydro Pump,4.525
2020-09_gen3ou-0.json,Salamence,Moves,,Aerial Ace,4.017
2020-09_gen3ou-0.json,Salamence,Moves,,Wish,3.246
2020-09_gen3ou-0.json,Salamence,Moves,,Other,18.309
2020-09_gen3ou-0.json,Zapdos,Stats,Raw count,,25754
2020-09_gen3ou-0.json,Zapdos,Stats,Avg. weight,,1.0
2020-09_gen3ou-0.json,Zapdos,Stats,Viability Ceiling,,93
2020-09_gen3ou-0.json,Zapdos,Stats,Timid,,13.889
2020-09_gen3ou-0.json,Zapdos,Stats,Calm,,4.221
2020-09_gen3ou-0.json,Zapdos,Stats,Modest,,3.165
2020-09_gen3ou-0.json,Zapdos,Abilities,,Pressure,100.0
2020-09_gen3ou-0.json,Zapdos,Items,,Leftovers,93.822
2020-09_gen3ou-0.json,Zapdos,Items,,Magnet,1.689
2020-09_gen3ou-0.json,Zapdos,Items,,Other,4.489
2020-09_gen3ou-0.json,Zapdos,Spreads,,Other,52.99
2020-09_gen3ou-0.json,Zapdos,Moves,,Thunderbolt,97.344
2020-09_gen3ou-0.json,Zapdos,Moves,,Hidden Power Grass,58.088
2020-09_gen3ou-0.json,Zapdos,Moves,,Baton Pass,51.277
2020-09_gen3ou-0.json,Zapdos,Moves,,Thunder Wave,49.32
2020-09_gen3ou-0.json,Zapdos,Moves,,Roar,23.818
2020-09_gen3ou-0.json,Zapdos,Moves,,Hidden Power Ice,21.142
2020-09_gen3ou-0.json,Zapdos,Moves,,Toxic,18.052
2020-09_gen3ou-0.json,Zapdos,Moves,,Drill Peck,16.048
2020-09_gen3ou-0.json,Zapdos,Moves,,Agility,13.777
2020-09_gen3ou-0.json,Zapdos,Moves,,Substitute,12.588
2020-09_gen3ou-0.json,Zapdos,Moves,,Rest,12.569
2020-09_gen3ou-0.json,Zapdos,Moves,,Protect,4.516
2020-09_gen3ou-0.json,Zapdos,Moves,,Hidden Power Fighting,4.073
2020-09_gen3ou-0.json,Zapdos,Moves,,Other,17.388
2020-09_gen3ou-0.json,Snorlax,Stats,Raw count,,25610
2020-09_gen3ou-0.json,Snorlax,Stats,Avg. weight,,1.0
2020-09_gen3ou-0.json,Snorlax,Stats,Viability Ceiling,,93
2020-09_gen3ou-0.json,Snorlax,Stats,Careful,,3.877
2020-09_gen3ou-0.json,Snorlax,Stats,Adamant,,3.210
2020-09_gen3ou-0.json,Snorlax,Abilities,,Immunity,84.818
2020-09_gen3ou-0.json,Snorlax,Abilities,,Thick Fat,15.182
2020-09_gen3ou-0.json,Snorlax,Items,,Leftovers,86.322
2020-09_gen3ou-0.json,Snorlax,Items,,Choice Band,5.576
2020-09_gen3ou-0.json,Snorlax,Items,,Chesto Berry,4.244
2020-09_gen3ou-0.json,Snorlax,Items,,Other,3.858
2020-09_gen3ou-0.json,Snorlax,Spreads,,Other,70.761
2020-09_gen3ou-0.json,Snorlax,Moves,,Shadow Ball,71.296
2020-09_gen3ou-0.json,Snorlax,Moves,,Body Slam,64.815
2020-09_gen3ou-0.json,Snorlax,Moves,,Self-Destruct,57.661
2020-09_gen3ou-0.json,Snorlax,Moves,,Earthquake,49.805
2020-09_gen3ou-0.json,Snorlax,Moves,,Curse,39.059
2020-09_gen3ou-0.json,Snorlax,Moves,,Rest,32.565
2020-09_gen3ou-0.json,Snorlax,Moves,,Return,21.421
2020-09_gen3ou-0.json,Snorlax,Moves,,Focus Punch,18.157
2020-09_gen3ou-0.json,Snorlax,Moves,,Sleep Talk,7.247
2020-09_gen3ou-0.json,Snorlax,Moves,,Brick Break,6.15
2020-09_gen3ou-0.json,Snorlax,Moves,,Fire Blast,4.846
2020-09_gen3ou-0.json,Snorlax,Moves,,Counter,4.705
2020-09_gen3ou-0.json,Snorlax,Moves,,Double-Edge,2.815
2020-09_gen3ou-0.json,Snorlax,Moves,,Other,19.457
2020-09_gen3ou-0.json,Celebi,Stats,Raw count,,21360
2020-09_gen3ou-0.json,Celebi,Stats,Avg. weight,,1.0
2020-09_gen3ou-0.json,Celebi,Stats,Viability Ceiling,,93
2020-09_gen3ou-0.json,Celebi,Stats,Bold,,9.565
2020-09_gen3ou-0.json,Celebi,Stats,Timid,,2.013
2020-09_gen3ou-0.json,Celebi,Stats,Calm,,3.202
2020-09_gen3ou-0.json,Celebi,Stats,Careful,,2.640
2020-09_gen3ou-0.json,Celebi,Abilities,,Natural Cure,100.0
2020-09_gen3ou-0.json,Celebi,Items,,Leftovers,97.168
2020-09_gen3ou-0.json,Celebi,Items,,Other,2.832
2020-09_gen3ou-0.json,Celebi,Spreads,,Other,69.963
2020-09_gen3ou-0.json,Celebi,Moves,,Psychic,60.927
2020-09_gen3ou-0.json,Celebi,Moves,,Recover,59.288
2020-09_gen3ou-0.json,Celebi,Moves,,Leech Seed,53.16
2020-09_gen3ou-0.json,Celebi,Moves,,Calm Mind,50.599
2020-09_gen3ou-0.json,Celebi,Moves,,Baton Pass,45.52
2020-09_gen3ou-0.json,Celebi,Moves,,Giga Drain,31.311
2020-09_gen3ou-0.json,Celebi,Moves,,Hidden Power Grass,21.096
2020-09_gen3ou-0.json,Celebi,Moves,,Hidden Power Fire,17.776
2020-09_gen3ou-0.json,Celebi,Moves,,Heal Bell,13.703
2020-09_gen3ou-0.json,Celebi,Moves,,Swords Dance,11.667
2020-09_gen3ou-0.json,Celebi,Moves,,Substitute,6.685
2020-09_gen3ou-0.json,Celebi,Moves,,Perish Song,5.332
2020-09_gen3ou-0.json,Celebi,Moves,,Hidden Power Fighting,4.199
2020-09_gen3ou-0.json,Celebi,Moves,,Other,18.736
2020-09_gen3ou-0.json,Blissey,Stats,Raw count,,19922
2020-09_gen3ou-0.json,Blissey,Stats,Avg. weight,,1.0
2020-09_gen3ou-0.json,Blissey,Stats,Viability Ceiling,,93
2020-09_gen3ou-0.json,Blissey,Stats,Bold,,2.470
2020-09_gen3ou-0.json,Blissey,Stats,Modest,,11.319
2020-09_gen3ou-0.json,Blissey,Abilities,,Natural Cure,98.183
2020-09_gen3ou-0.json,Blissey,Abilities,,Serene Grace,1.817
2020-09_gen3ou-0.json,Blissey,Items,,Leftovers,98.785
2020-09_gen3ou-0.json,Blissey,Items,,Other,1.215
2020-09_gen3ou-0.json,Blissey,Spreads,,Other,47.731
2020-09_gen3ou-0.json,Blissey,Moves,,Soft-Boiled,87.24
2020-09_gen3ou-0.json,Blissey,Moves,,Seismic Toss,66.389
2020-09_gen3ou-0.json,Blissey,Moves,,Ice Beam,59.964
2020-09_gen3ou-0.json,Blissey,Moves,,Toxic,39.961
2020-09_gen3ou-0.json,Blissey,Moves,,Wish,29.495
2020-09_gen3ou-0.json,Blissey,Moves,,Thunder Wave,23.918
2020-09_gen3ou-0.json,Blissey,Moves,,Aromatherapy,17.438
2020-09_gen3ou-0.json,Blissey,Moves,,Thunderbolt,12.378
2020-09_gen3ou-0.json,Blissey,Moves,,Calm Mind,10.506
2020-09_gen3ou-0.json,Blissey,Moves,,Protect,9.788
2020-09_gen3ou-0.json,Blissey,Moves,,Counter,9.306
2020-09_gen3ou-0.json,Blissey,Moves,,Flamethrower,7.635
2020-09_gen3ou-0.json,Blissey,Moves,,Fire Blast,6.902
2020-09_gen3ou-0.json,Blissey,Moves,,Other,19.079
2020-09_gen3ou-0.json,Magneton,Stats,Raw count,,19375
2020-09_gen3ou-0.json,Magneton,Stats,Avg. weight,,1.0
2020-09_gen3ou-0.json,Magneton,Stats,Viability Ceiling,,86
2020-09_gen3ou-0.json,Magneton,Stats,Modest,,7.845
2020-09_gen3ou-0.json,Magneton,Stats,Timid,,3.582
2020-09_gen3ou-0.json,Magneton,Abilities,,Magnet Pull,99.025
2020-09_gen3ou-0.json,Magneton,Abilities,,Sturdy,0.975
2020-09_gen3ou-0.json,Magneton,Items,,Leftovers,43.071
2020-09_gen3ou-0.json,Magneton,Items,,Magnet,36.077
2020-09_gen3ou-0.json,Magneton,Items,,Salac Berry,16.692
2020-09_gen3ou-0.json,Magneton,Items,,Other,4.16
2020-09_gen3ou-0.json,Magneton,Spreads,,Other,45.037
2020-09_gen3ou-0.json,Magneton,Moves,,Thunderbolt,97.275
2020-09_gen3ou-0.json,Magneton,Moves,,Thunder Wave,58.379
2020-09_gen3ou-0.json,Magneton,Moves,,Hidden Power Fire,48.01
2020-09_gen3ou-0.json,Magneton,Moves,,Toxic,45.435
2020-09_gen3ou-0.json,Magneton,Moves,,Hidden Power Grass,42.555
2020-09_gen3ou-0.json,Magneton,Moves,,Substitute,38.194
2020-09_gen3ou-0.json,Magneton,Moves,,Protect,16.248
2020-09_gen3ou-0.json,Magneton,Moves,,Endure,14.663
2020-09_gen3ou-0.json,Magneton,Moves,,Hidden Power Ice,6.684
2020-09_gen3ou-0.json,Magneton,Moves,,Reflect,5.894
2020-09_gen3ou-0.json,Magneton,Moves,,Thunder,4.129
2020-09_gen3ou-0.json,Magneton,Moves,,Sunny Day,3.917
2020-09_gen3ou-0.json,Magneton,Moves,,Other,18.617
2020-09_gen3ou-0.json,Dugtrio,Stats,Raw count,,18941
2020-09_gen3ou-0.json,Dugtrio,Stats,Avg. weight,,1.0
2020-09_gen3ou-0.json,Dugtrio,Stats,Viability Ceiling,,93
2020-09_gen3ou-0.json,Dugtrio,Stats,Jolly,,2.825
2020-09_gen3ou-0.json,Dugtrio,Stats,Hasty,,7.354
2020-09_gen3ou-0.json,Dugtrio,Stats,Adamant,,5.744
2020-09_gen3ou-0.json,Dugtrio,Abilities,,Arena Trap,94.747
2020-09_gen3ou-0.json,Dugtrio,Abilities,,Sand Veil,5.253
2020-09_gen3ou-0.json,Dugtrio,Items,,Choice Band,90.671
2020-09_gen3ou-0.json,Dugtrio,Items,,Leftovers,3.03
2020-09_gen3ou-0.json,Dugtrio,Items,,Salac Berry,2.059
2020-09_gen3ou-0.json,Dugtrio,Items,,Other,4.239
2020-09_gen3ou-0.json,Dugtrio,Spreads,,Other,40.077
2020-09_gen3ou-0.json,Dugtrio,Moves,,Earthquake,99.81
2020-09_gen3ou-0.json,Dugtrio,Moves,,Rock Slide,84.974
2020-09_gen3ou-0.json,Dugtrio,Moves,,Aerial Ace,81.854
2020-09_gen3ou-0.json,Dugtrio,Moves,,Hidden Power Bug,81.363
2020-09_gen3ou-0.json,Dugtrio,Moves,,Beat Up,13.025
2020-09_gen3ou-0.json,Dugtrio,Moves,,Sludge Bomb,10.079
2020-09_gen3ou-0.json,Dugtrio,Moves,,Toxic,3.421
2020-09_gen3ou-0.json,Dugtrio,Moves,,Substitute,3.316
2020-09_gen3ou-0.json,Dugtrio,Moves,,Hidden Power Flying,2.487
2020-09_gen3ou-0.json,Dugtrio,Moves,,Other,19.672
2020-09_gen3ou-0.json,Aerodactyl,Stats,Raw count,,16192
2020-09_gen3ou-0.json,Aerodactyl,Stats,Avg. weight,,1.0
2020-09_gen3ou-0.json,Aerodactyl,Stats,Viability Ceiling,,86
2020-09_gen3ou-0.json,Aerodactyl,Stats,Jolly,,5.169
2020-09_gen3ou-0.json,Aerodactyl,Stats,Hasty,,8.486
2020-09_gen3ou-0.json,Aerodactyl,Stats,Adamant,,3.588
2020-09_gen3ou-0.json,Aerodactyl,Abilities,,Rock Head,95.368
2020-09_gen3ou-0.json,Aerodactyl,Abilities,,Pressure,4.632
2020-09_gen3ou-0.json,Aerodactyl,Items,,Choice Band,77.217
2020-09_gen3ou-0.json,Aerodactyl,Items,,Leftovers,6.435
2020-09_gen3ou-0.json,Aerodactyl,Items,,Liechi Berry,5.886
2020-09_gen3ou-0.json,Aerodactyl,Items,,Nothing,3.366
2020-09_gen3ou-0.json,Aerodactyl,Items,,Lum Berry,2.032
2020-09_gen3ou-0.json,Aerodactyl,Items,,Hard Stone,1.933
2020-09_gen3ou-0.json,Aerodactyl,Items,,Other,3.131
2020-09_gen3ou-0.json,Aerodactyl,Spreads,,Other,20.844
2020-09_gen3ou-0.json,Aerodactyl,Moves,,Earthquake,97.53
2020-09_gen3ou-0.json,Aerodactyl,Moves,,Rock Slide,92.212
2020-09_gen3ou-0.json,Aerodactyl,Moves,,Double-Edge,82.016
2020-09_gen3ou-0.json,Aerodactyl,Moves,,Hidden Power Flying,67.132
2020-09_gen3ou-0.json,Aerodactyl,Moves,,Hidden Power Bug,11.518
2020-09_gen3ou-0.json,Aerodactyl,Moves,,Ancient Power,9.332
2020-09_gen3ou-0.json,Aerodactyl,Moves,,Substitute,8.832
2020-09_gen3ou-0.json,Aerodactyl,Moves,,Aerial Ace,7.751
2020-09_gen3ou-0.json,Aerodactyl,Moves,,Hidden Power Fighting,2.693
2020-09_gen3ou-0.json,Aerodactyl,Moves,,Fire Blast,2.6
2020-09_gen3ou-0.json,Aerodactyl,Moves,,Other,18.386
2020-09_gen3ou-0.json,Suicune,Stats,Raw count,,14371
2020-09_gen3ou-0.json,Suicune,Stats,Avg. weight,,1.0
2020-09_gen3ou-0.json,Suicune,Stats,Viability Ceiling,,89
2020-09_gen3ou-0.json,Suicune,Stats,Bold,,3.097
2020-09_gen3ou-0.json,Suicune,Stats,Modest,,5.984
2020-09_gen3ou-0.json,Suicune,Abilities,,Pressure,100.0
2020-09_gen3ou-0.json,Suicune,Items,,Leftovers,95.637
2020-09_gen3ou-0.json,Suicune,Items,,Other,4.363
2020-09_gen3ou-0.json,Suicune,Spreads,,Other,54.854
2020-09_gen3ou-0.json,Suicune,Moves,,Calm Mind,92.617
2020-09_gen3ou-0.json,Suicune,Moves,,Surf,78.464
2020-09_gen3ou-0.json,Suicune,Moves,,Rest,55.285
2020-09_gen3ou-0.json,Suicune,Moves,,Ice Beam,52.286
2020-09_gen3ou-0.json,Suicune,Moves,,Roar,34.013
2020-09_gen3ou-0.json,Suicune,Moves,,Sleep Talk,26.289
2020-09_gen3ou-0.json,Suicune,Moves,,Hydro Pump,21.557
2020-09_gen3ou-0.json,Suicune,Moves,,Substitute,13.284
2020-09_gen3ou-0.json,Suicune,Moves,,Hidden Power Grass,6.986
2020-09_gen3ou-0.json,Suicune,Moves,,Other,19.219
2020-09_gen3ou-0.json,Starmie,Stats,Raw count,,14053
2020-09_gen3ou-0.json,Starmie,Stats,Avg. weight,,1.0
2020-09_gen3ou-0.json,Starmie,Stats,Viability Ceiling,,87
2020-09_gen3ou-0.json,Starmie,Stats,Timid,,3.181
2020-09_gen3ou-0.json,Starmie,Stats,Modest,,7.984
2020-09_gen3ou-0.json,Starmie,Abilities,,Natural Cure,95.823
2020-09_gen3ou-0.json,Starmie,Abilities,,Illuminate,4.177
2020-09_gen3ou-0.json,Starmie,Items,,Leftovers,91.233
2020-09_gen3ou-0.json,Starmie,Items,,Petaya Berry,1.772
2020-09_gen3ou-0.json,Starmie,Items,,Lum Berry,1.615
2020-09_gen3ou-0.json,Starmie,Items,,Mystic Water,1.21
2020-09_gen3ou-0.json,Starmie,Items,,Other,4.17
2020-09_gen3ou-0.json,Starmie,Spreads,,Other,28.926
2020-09_gen3ou-0.json,Starmie,Moves,,Ice Beam,78.218
2020-09_gen3ou-0.json,Starmie,Moves,,Thunderbolt,67.551
2020-09_gen3ou-0.json,Starmie,Moves,,Rapid Spin,64.378
2020-09_gen3ou-0.json,Starmie,Moves,,Hydro Pump,55.945
2020-09_gen3ou-0.json,Starmie,Moves,,Surf,40.895
2020-09_gen3ou-0.json,Starmie,Moves,,Psychic,40.881
2020-09_gen3ou-0.json,Starmie,Moves,,Recover,28.357
2020-09_gen3ou-0.json,Starmie,Moves,,Thunder Wave,8.845
2020-09_gen3ou-0.json,Starmie,Moves,,Other,14.929
2020-09_gen3ou-0.json,Heracross,Stats,Raw count,,11260
2020-09_gen3ou-0.json,Heracross,Stats,Avg. weight,,1.0
2020-09_gen3ou-0.json,Heracross,Stats,Viability Ceiling,,87
2020-09_gen3ou-0.json,Heracross,Stats,Adamant,,3.748
2020-09_gen3ou-0.json,Heracross,Stats,Jolly,,10.080
2020-09_gen3ou-0.json,Heracross,Abilities,,Guts,65.551
2020-09_gen3ou-0.json,Heracross,Abilities,,Swarm,34.449
2020-09_gen3ou-0.json,Heracross,Items,,Salac Berry,31.723
2020-09_gen3ou-0.json,Heracross,Items,,Choice Band,31.048
2020-09_gen3ou-0.json,Heracross,Items,,Leftovers,30.16
2020-09_gen3ou-0.json,Heracross,Items,,Scope Lens,1.403
2020-09_gen3ou-0.json,Heracross,Items,,Lum Berry,1.11
2020-09_gen3ou-0.json,Heracross,Items,,Other,4.556
2020-09_gen3ou-0.json,Heracross,Spreads,,Other,27.655
2020-09_gen3ou-0.json,Heracross,Moves,,Megahorn,97.913
2020-09_gen3ou-0.json,Heracross,Moves,,Rock Slide,75.24
2020-09_gen3ou-0.json,Heracross,Moves,,Swords Dance,44.236
2020-09_gen3ou-0.json,Heracross,Moves,,Brick Break,41.794
2020-09_gen3ou-0.json,Heracross,Moves,,Focus Punch,36.856
2020-09_gen3ou-0.json,Heracross,Moves,,Substitute,30.497
2020-09_gen3ou-0.json,Heracross,Moves,,Earthquake,16.67
2020-09_gen3ou-0.json,Heracross,Moves,,Sleep Talk,14.405
2020-09_gen3ou-0.json,Heracross,Moves,,Reversal,9.787
2020-09_gen3ou-0.json,Heracross,Moves,,Hidden Power Ghost,7.487
2020-09_gen3ou-0.json,Heracross,Moves,,Endure,6.661
2020-09_gen3ou-0.json,Heracross,Moves,,Other,18.455
2020-09_gen3ou-0.json,Jolteon,Stats,Raw count,,10807
2020-09_gen3ou-0.json,Jolteon,Stats,Avg. weight,,1.0
2020-09_gen3ou-0.json,Jolteon,Stats,Viability Ceiling,,92
2020-09_gen3ou-0.json,Jolteon,Stats,Timid,,9.827
2020-09_gen3ou-0.json,Jolteon,Stats,Modest,,4.988
2020-09_gen3ou-0.json,Jolteon,Stats,Bold,,3.868
2020-09_gen3ou-0.json,Jolteon,Abilities,,Volt Absorb,100.0
2020-09_gen3ou-0.json,Jolteon,Items,,Leftovers,73.11
2020-09_gen3ou-0.json,Jolteon,Items,,Petaya Berry,7.329
2020-09_gen3ou-0.json,Jolteon,Items,,Lum Berry,5.136
2020-09_gen3ou-0.json,Jolteon,Items,,Magnet,3.886
2020-09_gen3ou-0.json,Jolteon,Items,,Bright Powder,3.757
2020-09_gen3ou-0.json,Jolteon,Items,,Nothing,1.582
2020-09_gen3ou-0.json,Jolteon,Items,,Miracle Seed,1.434
2020-09_gen3ou-0.json,Jolteon,Items,,Other,3.766
2020-09_gen3ou-0.json,Jolteon,Spreads,,Other,25.363
2020-09_gen3ou-0.json,Jolteon,Moves,,Thunderbolt,92.274
2020-09_gen3ou-0.json,Jolteon,Moves,,Baton Pass,62.006
2020-09_gen3ou-0.json,Jolteon,Moves,,Thunder Wave,41.714
2020-09_gen3ou-0.json,Jolteon,Moves,,Hidden Power Ice,40.862
2020-09_gen3ou-0.json,Jolteon,Moves,,Hidden Power Grass,40.788
2020-09_gen3ou-0.json,Jolteon,Moves,,Substitute,31.221
2020-09_gen3ou-0.json,Jolteon,Moves,,Roar,26.677
2020-09_gen3ou-0.json,Jolteon,Moves,,Agility,15.555
2020-09_gen3ou-0.json,Jolteon,Moves,,Wish,13.723
2020-09_gen3ou-0.json,Jolteon,Moves,,Thunder,5.108
2020-09_gen3ou-0.json,Jolteon,Moves,,Toxic,5.108
2020-09_gen3ou-0.json,Jolteon,Moves,,Sand Attack,4.081
2020-09_gen3ou-0.json,Jolteon,Moves,,Shadow Ball,3.516
2020-09_gen3ou-0.json,Jolteon,Moves,,Other,17.368
2020-09_gen3ou-0.json,Jirachi,Stats,Raw count,,10029
2020-09_gen3ou-0.json,Jirachi,Stats,Avg. weight,,1.0
2020-09_gen3ou-0.json,Jirachi,Stats,Viability Ceiling,,93
2020-09_gen3ou-0.json,Jirachi,Stats,Bold,,9.014
2020-09_gen3ou-0.json,Jirachi,Stats,Timid,,2.712
2020-09_gen3ou-0.json,Jirachi,Stats,Sassy,,3.829
2020-09_gen3ou-0.json,Jirachi,Abilities,,Serene Grace,100.0
2020-09_gen3ou-0.json,Jirachi,Items,,Leftovers,89.461
2020-09_gen3ou-0.json,Jirachi,Items,,Choice Band,4.966
2020-09_gen3ou-0.json,Jirachi,Items,,Lum Berry,2.981
2020-09_gen3ou-0.json,Jirachi,Items,,Other,2.592
2020-09_gen3ou-0.json,Jirachi,Spreads,,Other,71.543
2020-09_gen3ou-0.json,Jirachi,Moves,,Calm Mind,61.99
2020-09_gen3ou-0.json,Jirachi,Moves,,Fire Punch,57.224
2020-09_gen3ou-0.json,Jirachi,Moves,,Psychic,50.005
2020-09_gen3ou-0.json,Jirachi,Moves,,Wish,40.393
2020-09_gen3ou-0.json,Jirachi,Moves,,Ice Punch,24.828
2020-09_gen3ou-0.json,Jirachi,Moves,,Hidden Power Grass,24.768
2020-09_gen3ou-0.json,Jirachi,Moves,,Body Slam,24.459
2020-09_gen3ou-0.json,Jirachi,Moves,,Thunderbolt,19.543
2020-09_gen3ou-0.json,Jirachi,Moves,,Protect,17.07
2020-09_gen3ou-0.json,Jirachi,Moves,,Substitute,16.532
2020-09_gen3ou-0.json,Jirachi,Moves,,Thunder,14.269
2020-09_gen3ou-0.json,Jirachi,Moves,,Doom Desire,6.99
2020-09_gen3ou-0.json,Jirachi,Moves,,Hidden Power Fighting,6.83
2020-09_gen3ou-0.json,Jirachi,Moves,,Thunder Wave,6.461
2020-09_gen3ou-0.json,Jirachi,Moves,,Shadow Ball,6.342
2020-09_gen3ou-0.json,Jirachi,Moves,,Toxic,4.627
2020-09_gen3ou-0.json,Jirachi,Moves,,Other,17.669
2020-09_gen3ou-0.json,Breloom,Stats,Raw count,,9861
2020-09_gen3ou-0.json,Breloom,Stats,Avg. weight,,1.0
2020-09_gen3ou-0.json,Breloom,Stats,Viability Ceiling,,85
2020-09_gen3ou-0.json,Breloom,Stats,Adamant,,7.058
2020-09_gen3ou-0.json,Breloom,Stats,Jolly,,6.257
2020-09_gen3ou-0.json,Breloom,Abilities,,Effect Spore,100.0
2020-09_gen3ou-0.json,Breloom,Items,,Leftovers,83.308
2020-09_gen3ou-0.json,Breloom,Items,,Lum Berry,7.372
2020-09_gen3ou-0.json,Breloom,Items,,Black Belt,3.904
2020-09_gen3ou-0.json,Breloom,Items,,Salac Berry,1.856
2020-09_gen3ou-0.json,Breloom,Items,,Other,3.559
2020-09_gen3ou-0.json,Breloom,Spreads,,Other,35.727
2020-09_gen3ou-0.json,Breloom,Moves,,Spore,95.974
2020-09_gen3ou-0.json,Breloom,Moves,,Focus Punch,82.051
2020-09_gen3ou-0.json,Breloom,Moves,,Mach Punch,55.978
2020-09_gen3ou-0.json,Breloom,Moves,,Sky Uppercut,44.326
2020-09_gen3ou-0.json,Breloom,Moves,,Substitute,23.071
2020-09_gen3ou-0.json,Breloom,Moves,,Hidden Power Ghost,20.018
2020-09_gen3ou-0.json,Breloom,Moves,,Leech Seed,19.237
2020-09_gen3ou-0.json,Breloom,Moves,,Brick Break,13.416
2020-09_gen3ou-0.json,Breloom,Moves,,Stun Spore,10.78
2020-09_gen3ou-0.json,Breloom,Moves,,Giga Drain,5.304
2020-09_gen3ou-0.json,Breloom,Moves,,Swords Dance,5.131
2020-09_gen3ou-0.json,Breloom,Moves,,Sludge Bomb,4.827
2020-09_gen3ou-0.json,Breloom,Moves,,Other,19.886
2020-09_gen3ou-0.json,Forretress,Stats,Raw count,,7919
2020-09_gen3ou-0.json,Forretress,Stats,Avg. weight,,1.0
2020-09_gen3ou-0.json,Forretress,Stats,Viability Ceiling,,86
2020-09_gen3ou-0.json,Forretress,Stats,Careful,,2.740
2020-09_gen3ou-0.json,Forretress,Stats,Impish,,8.107
2020-09_gen3ou-0.json,Forretress,Stats,Sassy,,2.159
2020-09_gen3ou-0.json,Forretress,Stats,Relaxed,,2.096
2020-09_gen3ou-0.json,Forretress,Abilities,,Sturdy,100.0
2020-09_gen3ou-0.json,Forretress,Items,,Leftovers,94.166
2020-09_gen3ou-0.json,Forretress,Items,,Lum Berry,1.932
2020-09_gen3ou-0.json,Forretress,Items,,Other,3.902
2020-09_gen3ou-0.json,Forretress,Spreads,,Other,38.919
2020-09_gen3ou-0.json,Forretress,Moves,,Spikes,96.692
2020-09_gen3ou-0.json,Forretress,Moves,,Rapid Spin,90.138
2020-09_gen3ou-0.json,Forretress,Moves,,Explosion,73.482
2020-09_gen3ou-0.json,Forretress,Moves,,Earthquake,52.115
2020-09_gen3ou-0.json,Forretress,Moves,,Hidden Power Bug,28.589
2020-09_gen3ou-0.json,Forretress,Moves,,Toxic,19.902
2020-09_gen3ou-0.json,Forretress,Moves,,Protect,8.511
2020-09_gen3ou-0.json,Forretress,Moves,,Hidden Power Ghost,4.849
2020-09_gen3ou-0.json,Forretress,Moves,,Counter,4.761
2020-09_gen3ou-0.json,Forretress,Moves,,Zap Cannon,3.308
2020-09_gen3ou-0.json,Forretress,Moves,,Other,17.654
2020-09_gen3ou-0.json,Moltres,Stats,Raw count,,7747
2020-09_gen3ou-0.json,Moltres,Stats,Avg. weight,,1.0
2020-09_gen3ou-0.json,Moltres,Stats,Viability Ceiling,,85
2020-09_gen3ou-0.json,Moltres,Stats,Timid,,9.384
2020-09_gen3ou-0.json,Moltres,Stats,Modest,,5.654
2020-09_gen3ou-0.json,Moltres,Abilities,,Pressure,100.0
2020-09_gen3ou-0.json,Moltres,Items,,Leftovers,86.872
2020-09_gen3ou-0.json,Moltres,Items,,Charcoal,4.789
2020-09_gen3ou-0.json,Moltres,Items,,Bright Powder,3.756
2020-09_gen3ou-0.json,Moltres,Items,,Other,4.582
2020-09_gen3ou-0.json,Moltres,Spreads,,Other,31.328
2020-09_gen3ou-0.json,Moltres,Moves,,Hidden Power Grass,79.85
2020-09_gen3ou-0.json,Moltres,Moves,,Will-O-Wisp,79.282
2020-09_gen3ou-0.json,Moltres,Moves,,Flamethrower,68.478
2020-09_gen3ou-0.json,Moltres,Moves,,Roar,43.385
2020-09_gen3ou-0.json,Moltres,Moves,,Fire Blast,32.929
2020-09_gen3ou-0.json,Moltres,Moves,,Overheat,18.459
2020-09_gen3ou-0.json,Moltres,Moves,,Morning Sun,16.458
2020-09_gen3ou-0.json,Moltres,Moves,,Sunny Day,11.075
2020-09_gen3ou-0.json,Moltres,Moves,,Extrasensory,9.836
2020-09_gen3ou-0.json,Moltres,Moves,,Protect,7.642
2020-09_gen3ou-0.json,Moltres,Moves,,Toxic,7.616
2020-09_gen3ou-0.json,Moltres,Moves,,Substitute,6.506
2020-09_gen3ou-0.json,Moltres,Moves,,Other,18.485
2020-09_gen3ou-0.json,Milotic,Stats,Raw count,,7748
2020-09_gen3ou-0.json,Milotic,Stats,Avg. weight,,1.0
2020-09_gen3ou-0.json,Milotic,Stats,Viability Ceiling,,93
2020-09_gen3ou-0.json,Milotic,Stats,Bold,,5.356
2020-09_gen3ou-0.json,Milotic,Stats,Calm,,6.285
2020-09_gen3ou-0.json,Milotic,Stats,Modest,,5.485
2020-09_gen3ou-0.json,Milotic,Abilities,,Marvel Scale,100.0
2020-09_gen3ou-0.json,Milotic,Items,,Leftovers,91.701
2020-09_gen3ou-0.json,Milotic,Items,,Lum Berry,2.71
2020-09_gen3ou-0.json,Milotic,Items,,Mystic Water,2.517
2020-09_gen3ou-0.json,Milotic,Items,,Other,3.072
2020-09_gen3ou-0.json,Milotic,Spreads,,Other,50.916
2020-09_gen3ou-0.json,Milotic,Moves,,Recover,87.506
2020-09_gen3ou-0.json,Milotic,Moves,,Surf,86.939
2020-09_gen3ou-0.json,Milotic,Moves,,Toxic,66.301
2020-09_gen3ou-0.json,Milotic,Moves,,Ice Beam,64.868
2020-09_gen3ou-0.json,Milotic,Moves,,Refresh,33.983
2020-09_gen3ou-0.json,Milotic,Moves,,Hydro Pump,11.538
2020-09_gen3ou-0.json,Milotic,Moves,,Hypnosis,9.151
2020-09_gen3ou-0.json,Milotic,Moves,,Mirror Coat,5.059
2020-09_gen3ou-0.json,Milotic,Moves,,Rest,4.259
2020-09_gen3ou-0.json,Milotic,Moves,,Protect,3.988
2020-09_gen3ou-0.json,Milotic,Moves,,Blizzard,3.846
2020-09_gen3ou-0.json,Milotic,Moves,,Hidden Power Grass,3.11
2020-09_gen3ou-0.json,Milotic,Moves,,Other,19.45
2020-09_gen3ou-0.json,Claydol,Stats,Raw count,,7651
2020-09_gen3ou-0.json,Claydol,Stats,Avg. weight,,1.0
2020-09_gen3ou-0.json,Claydol,Stats,Viability Ceiling,,93
2020-09_gen3ou-0.json,Claydol,Stats,Adamant,,1.725
2020-09_gen3ou-0.json,Claydol,Stats,Sassy,,3.673
2020-09_gen3ou-0.json,Claydol,Stats,Relaxed,,2.392
2020-09_gen3ou-0.json,Claydol,Stats,Brave,,1.621
2020-09_gen3ou-0.json,Claydol,Abilities,,Levitate,100.0
2020-09_gen3ou-0.json,Claydol,Items,,Leftovers,96.17
2020-09_gen3ou-0.json,Claydol,Items,,Other,3.83
2020-09_gen3ou-0.json,Claydol,Spreads,,Other,63.43
2020-09_gen3ou-0.json,Claydol,Moves,,Rapid Spin,91.57
2020-09_gen3ou-0.json,Claydol,Moves,,Earthquake,87.466
2020-09_gen3ou-0.json,Claydol,Moves,,Psychic,80.486
2020-09_gen3ou-0.json,Claydol,Moves,,Explosion,69.991
2020-09_gen3ou-0.json,Claydol,Moves,,Ice Beam,13.998
2020-09_gen3ou-0.json,Claydol,Moves,,Refresh,11.685
2020-09_gen3ou-0.json,Claydol,Moves,,Toxic,8.809
2020-09_gen3ou-0.json,Claydol,Moves,,Reflect,5.241
2020-09_gen3ou-0.json,Claydol,Moves,,Light Screen,4.483
2020-09_gen3ou-0.json,Claydol,Moves,,Shadow Ball,4.039
2020-09_gen3ou-0.json,Claydol,Moves,,Rock Slide,3.777
2020-09_gen3ou-0.json,Claydol,Moves,,Other,18.455
2020-09_gen3ou-0.json,Flygon,Stats,Raw count,,7352
2020-09_gen3ou-0.json,Flygon,Stats,Avg. weight,,1.0
2020-09_gen3ou-0.json,Flygon,Stats,Viability Ceiling,,91
2020-09_gen3ou-0.json,Flygon,Stats,Jolly,,2.380
2020-09_gen3ou-0.json,Flygon,Stats,Hasty,,7.018
2020-09_gen3ou-0.json,Flygon,Stats,Adamant,,6.094
2020-09_gen3ou-0.json,Flygon,Stats,Impish,,5.822
2020-09_gen3ou-0.json,Flygon,Abilities,,Levitate,100.0
2020-09_gen3ou-0.json,Flygon,Items,,Leftovers,61.697
2020-09_gen3ou-0.json,Flygon,Items,,Choice Band,20.362
2020-09_gen3ou-0.json,Flygon,Items,,Salac Berry,9.072
2020-09_gen3ou-0.json,Flygon,Items,,Lum Berry,2.339
2020-09_gen3ou-0.json,Flygon,Items,,Dragon Fang,1.768
2020-09_gen3ou-0.json,Flygon,Items,,Other,4.761
2020-09_gen3ou-0.json,Flygon,Spreads,,Other,54.883
2020-09_gen3ou-0.json,Flygon,Moves,,Earthquake,96.409
2020-09_gen3ou-0.json,Flygon,Moves,,Rock Slide,79.312
2020-09_gen3ou-0.json,Flygon,Moves,,Hidden Power Bug,50.258
2020-09_gen3ou-0.json,Flygon,Moves,,Fire Blast,29.516
2020-09_gen3ou-0.json,Flygon,Moves,,Toxic,24.442
2020-09_gen3ou-0.json,Flygon,Moves,,Protect,19.627
2020-09_gen3ou-0.json,Flygon,Moves,,Substitute,18.743
2020-09_gen3ou-0.json,Flygon,Moves,,Dragon Claw,13.221
2020-09_gen3ou-0.json,Flygon,Moves,,Flamethrower,8.147
2020-09_gen3ou-0.json,Flygon,Moves,,Gust,7.998
2020-09_gen3ou-0.json,Flygon,Moves,,Endure,7.971
2020-09_gen3ou-0.json,Flygon,Moves,,Giga Drain,5.25
2020-09_gen3ou-0.json,Flygon,Moves,,Crunch,4.557
2020-09_gen3ou-0.json,Flygon,Moves,,Quick Attack,3.509
2020-09_gen3ou-0.json,Flygon,Moves,,Double-Edge,3.183
2020-09_gen3ou-0.json,Flygon,Moves,,Dragon Breath,2.544
2020-09_gen3ou-0.json,Flygon,Moves,,Rest,2.435
2020-09_gen3ou-0.json,Flygon,Moves,,Body Slam,2.38
2020-09_gen3ou-0.json,Flygon,Moves,,Hidden Power Flying,2.244
2020-09_gen3ou-0.json,Flygon,Moves,,Other,18.254
2020-09_gen3ou-0.json,Cloyster,Stats,Raw count,,6968
2020-09_gen3ou-0.json,Cloyster,Stats,Avg. weight,,1.0
2020-09_gen3ou-0.json,Cloyster,Stats,Viability Ceiling,,93
2020-09_gen3ou-0.json,Cloyster,Stats,Timid,,2.282
2020-09_gen3ou-0.json,Cloyster,Stats,Lax,,5.568
2020-09_gen3ou-0.json,Cloyster,Stats,Bold,,3.688
2020-09_gen3ou-0.json,Cloyster,Abilities,,Shell Armor,100.0
2020-09_gen3ou-0.json,Cloyster,Items,,Leftovers,83.898
2020-09_gen3ou-0.json,Cloyster,Items,,Lum Berry,10.089
2020-09_gen3ou-0.json,Cloyster,Items,,Never-Melt Ice,1.579
2020-09_gen3ou-0.json,Cloyster,Items,,Other,4.435
2020-09_gen3ou-0.json,Cloyster,Spreads,,Other,55.726
2020-09_gen3ou-0.json,Cloyster,Moves,,Spikes,93.599
2020-09_gen3ou-0.json,Cloyster,Moves,,Explosion,90.141
2020-09_gen3ou-0.json,Cloyster,Moves,,Surf,71.039
2020-09_gen3ou-0.json,Cloyster,Moves,,Rapid Spin,54.765
2020-09_gen3ou-0.json,Cloyster,Moves,,Ice Beam,53.789
2020-09_gen3ou-0.json,Cloyster,Moves,,Hidden Power Grass,9.788
2020-09_gen3ou-0.json,Cloyster,Moves,,Toxic,8.84
2020-09_gen3ou-0.json,Cloyster,Moves,,Other,18.04
2020-09_gen3ou-0.json,Gyarados,Stats,Raw count,,6311
2020-09_gen3ou-0.json,Gyarados,Stats,Avg. weight,,1.0
2020-09_gen3ou-0.json,Gyarados,Stats,Viability Ceiling,,85
2020-09_gen3ou-0.json,Gyarados,Stats,Adamant,,4.690
2020-09_gen3ou-0.json,Gyarados,Stats,Lonely,,8.081
2020-09_gen3ou-0.json,Gyarados,Stats,Jolly,,7.019
2020-09_gen3ou-0.json,Gyarados,Abilities,,Intimidate,100.0
2020-09_gen3ou-0.json,Gyarados,Items,,Leftovers,81.207
2020-09_gen3ou-0.json,Gyarados,Items,,Lum Berry,6.75
2020-09_gen3ou-0.json,Gyarados,Items,,Chesto Berry,3.122
2020-09_gen3ou-0.json,Gyarados,Items,,Choice Band,1.664
2020-09_gen3ou-0.json,Gyarados,Items,,Sitrus Berry,1.442
2020-09_gen3ou-0.json,Gyarados,Items,,Nothing,0.967
2020-09_gen3ou-0.json,Gyarados,Items,,Other,4.849
2020-09_gen3ou-0.json,Gyarados,Spreads,,Other,52.702
2020-09_gen3ou-0.json,Gyarados,Moves,,Dragon Dance,92.727
2020-09_gen3ou-0.json,Gyarados,Moves,,Earthquake,92.363
2020-09_gen3ou-0.json,Gyarados,Moves,,Hidden Power Flying,68.436
2020-09_gen3ou-0.json,Gyarados,Moves,,Double-Edge,24.354
2020-09_gen3ou-0.json,Gyarados,Moves,,Taunt,20.837
2020-09_gen3ou-0.json,Gyarados,Moves,,Rest,16.606
2020-09_gen3ou-0.json,Gyarados,Moves,,Thunder Wave,9.048
2020-09_gen3ou-0.json,Gyarados,Moves,,Hidden Power Rock,7.907
2020-09_gen3ou-0.json,Gyarados,Moves,,Return,7.368
2020-09_gen3ou-0.json,Gyarados,Moves,,Hydro Pump,7.368
2020-09_gen3ou-0.json,Gyarados,Moves,,Roar,7.035
2020-09_gen3ou-0.json,Gyarados,Moves,,Substitute,5.071
2020-09_gen3ou-0.json,Gyarados,Moves,,Surf,4.944
2020-09_gen3ou-0.json,Gyarados,Moves,,Body Slam,4.896
2020-09_gen3ou-0.json,Gyarados,Moves,,Thunderbolt,3.692
2020-09_gen3ou-0.json,Gyarados,Moves,,Blizzard,3.391
2020-09_gen3ou-0.json,Gyarados,Moves,,Ice Beam,3.264
2020-09_gen3ou-0.json,Gyarados,Moves,,Hidden Power Ghost,2.852
2020-09_gen3ou-0.json,Gyarados,Moves,,Other,17.842
2020-09_gen3ou-0.json,Charizard,Stats,Raw count,,6037
2020-09_gen3ou-0.json,Charizard,Stats,Avg. weight,,1.0
2020-09_gen3ou-0.json,Charizard,Stats,Viability Ceiling,,83
2020-09_gen3ou-0.json,Charizard,Stats,Hasty,,2.452
2020-09_gen3ou-0.json,Charizard,Stats,Rash,,7.570
2020-09_gen3ou-0.json,Charizard,Stats,Timid,,5.301
2020-09_gen3ou-0.json,Charizard,Abilities,,Blaze,100.0
2020-09_gen3ou-0.json,Charizard,Items,,Leftovers,67.119
2020-09_gen3ou-0.json,Charizard,Items,,Salac Berry,14.113
2020-09_gen3ou-0.json,Charizard,Items,,Petaya Berry,6.626
2020-09_gen3ou-0.json,Charizard,Items,,Charcoal,4.323
2020-09_gen3ou-0.json,Charizard,Items,,Lum Berry,2.203
2020-09_gen3ou-0.json,Charizard,Items,,Choice Band,1.226
2020-09_gen3ou-0.json,Charizard,Items,,Other,4.39
2020-09_gen3ou-0.json,Charizard,Spreads,,Other,48.07
2020-09_gen3ou-0.json,Charizard,Moves,,Fire Blast,71.012
2020-09_gen3ou-0.json,Charizard,Moves,,Hidden Power Grass,62.399
2020-09_gen3ou-0.json,Charizard,Moves,,Focus Punch,50.87
2020-09_gen3ou-0.json,Charizard,Moves,,Dragon Claw,47.325
2020-09_gen3ou-0.json,Charizard,Moves,,Substitute,26.172
2020-09_gen3ou-0.json,Charizard,Moves,,Earthquake,19.861
2020-09_gen3ou-0.json,Charizard,Moves,,Flamethrower,17.807
2020-09_gen3ou-0.json,Charizard,Moves,,Overheat,13.649
2020-09_gen3ou-0.json,Charizard,Moves,,Belly Drum,13.003
2020-09_gen3ou-0.json,Charizard,Moves,,Rock Slide,7.57
2020-09_gen3ou-0.json,Charizard,Moves,,Hidden Power Flying,6.974
2020-09_gen3ou-0.json,Charizard,Moves,,Sunny Day,5.947
2020-09_gen3ou-0.json,Charizard,Moves,,Double-Edge,5.4
2020-09_gen3ou-0.json,Charizard,Moves,,Dragon Dance,5.036
2020-09_gen3ou-0.json,Charizard,Moves,,Toxic,4.953
2020-09_gen3ou-0.json,Charizard,Moves,,Blast Burn,3.677
2020-09_gen3ou-0.json,Charizard,Moves,,Aerial Ace,3.081
2020-09_gen3ou-0.json,Charizard,Moves,,Protect,3.064
2020-09_gen3ou-0.json,Charizard,Moves,,Swords Dance,2.617
2020-09_gen3ou-0.json,Charizard,Moves,,Heat Wave,2.584
2020-09_gen3ou-0.json,Charizard,Moves,,Hidden Power Ice,2.568
2020-09_gen3ou-0.json,Charizard,Moves,,Hidden Power Electric,2.137
2020-09_gen3ou-0.json,Charizard,Moves,,Brick Break,2.087
2020-09_gen3ou-0.json,Charizard,Moves,,Fly,2.054
2020-09_gen3ou-0.json,Charizard,Moves,,Other,18.155
2020-09_gen3ou-0.json,Blaziken,Stats,Raw count,,5649
2020-09_gen3ou-0.json,Blaziken,Stats,Avg. weight,,1.0
2020-09_gen3ou-0.json,Blaziken,Stats,Viability Ceiling,,84
2020-09_gen3ou-0.json,Blaziken,Stats,Adamant,,4.620
2020-09_gen3ou-0.json,Blaziken,Stats,Hasty,,3.098
2020-09_gen3ou-0.json,Blaziken,Stats,Jolly,,3.080
2020-09_gen3ou-0.json,Blaziken,Abilities,,Blaze,100.0
2020-09_gen3ou-0.json,Blaziken,Items,,Leftovers,39.334
2020-09_gen3ou-0.json,Blaziken,Items,,Salac Berry,24.872
2020-09_gen3ou-0.json,Blaziken,Items,,Scope Lens,7.187
2020-09_gen3ou-0.json,Blaziken,Items,,Black Belt,6.939
2020-09_gen3ou-0.json,Blaziken,Items,,Charcoal,5.311
2020-09_gen3ou-0.json,Blaziken,Items,,Choice Band,5.134
2020-09_gen3ou-0.json,Blaziken,Items,,Lum Berry,4.957
2020-09_gen3ou-0.json,Blaziken,Items,,Nothing,1.788
2020-09_gen3ou-0.json,Blaziken,Items,,Other,4.479
2020-09_gen3ou-0.json,Blaziken,Spreads,,Other,70.119
2020-09_gen3ou-0.json,Blaziken,Moves,,Sky Uppercut,51.354
2020-09_gen3ou-0.json,Blaziken,Moves,,Fire Blast,48.398
2020-09_gen3ou-0.json,Blaziken,Moves,,Rock Slide,29.226
2020-09_gen3ou-0.json,Blaziken,Moves,,Hidden Power Grass,28.518
2020-09_gen3ou-0.json,Blaziken,Moves,,Overheat,26.66
2020-09_gen3ou-0.json,Blaziken,Moves,,Focus Punch,24.164
2020-09_gen3ou-0.json,Blaziken,Moves,,Earthquake,23.332
2020-09_gen3ou-0.json,Blaziken,Moves,,Substitute,21.207
2020-09_gen3ou-0.json,Blaziken,Moves,,Brick Break,21.19
2020-09_gen3ou-0.json,Blaziken,Moves,,Swords Dance,19.685
2020-09_gen3ou-0.json,Blaziken,Moves,,Reversal,17.136
2020-09_gen3ou-0.json,Blaziken,Moves,,Blaze Kick,14.976
2020-09_gen3ou-0.json,Blaziken,Moves,,Flamethrower,13.401
2020-09_gen3ou-0.json,Blaziken,Moves,,Thunder Punch,13.277
2020-09_gen3ou-0.json,Blaziken,Moves,,Endure,9.187
2020-09_gen3ou-0.json,Blaziken,Moves,,Bulk Up,7.045
2020-09_gen3ou-0.json,Blaziken,Moves,,Hidden Power Ice,6.302
2020-09_gen3ou-0.json,Blaziken,Moves,,Sunny Day,2.354
2020-09_gen3ou-0.json,Blaziken,Moves,,Fire Punch,2.248
2020-09_gen3ou-0.json,Blaziken,Moves,,Quick Attack,2.018
2020-09_gen3ou-0.json,Blaziken,Moves,,Other,18.322
2020-09_gen3ou-0.json,Lanturn,Stats,Raw count,,5370
2020-09_gen3ou-0.json,Lanturn,Stats,Avg. weight,,1.0
2020-09_gen3ou-0.json,Lanturn,Stats,Viability Ceiling,,83
2020-09_gen3ou-0.json,Lanturn,Stats,Modest,,3.743
2020-09_gen3ou-0.json,Lanturn,Stats,Naive,,3.929
2020-09_gen3ou-0.json,Lanturn,Abilities,,Volt Absorb,100.0
2020-09_gen3ou-0.json,Lanturn,Items,,Leftovers,96.387
2020-09_gen3ou-0.json,Lanturn,Items,,Other,3.613
2020-09_gen3ou-0.json,Lanturn,Spreads,,Other,52.533
2020-09_gen3ou-0.json,Lanturn,Moves,,Thunderbolt,94.562
2020-09_gen3ou-0.json,Lanturn,Moves,,Ice Beam,92.197
2020-09_gen3ou-0.json,Lanturn,Moves,,Hydro Pump,83.873
2020-09_gen3ou-0.json,Lanturn,Moves,,Hidden Power Grass,28.901
2020-09_gen3ou-0.json,Lanturn,Moves,,Substitute,22.682
2020-09_gen3ou-0.json,Lanturn,Moves,,Thunder Wave,17.281
2020-09_gen3ou-0.json,Lanturn,Moves,,Surf,15.251
2020-09_gen3ou-0.json,Lanturn,Moves,,Protect,11.974
2020-09_gen3ou-0.json,Lanturn,Moves,,Toxic,7.728
2020-09_gen3ou-0.json,Lanturn,Moves,,Confuse Ray,6.22
2020-09_gen3ou-0.json,Lanturn,Moves,,Other,19.33
2020-09_gen3ou-0.json,Sceptile,Stats,Raw count,,4738
2020-09_gen3ou-0.json,Sceptile,Stats,Avg. weight,,1.0
2020-09_gen3ou-0.json,Sceptile,Stats,Viability Ceiling,,84
2020-09_gen3ou-0.json,Sceptile,Stats,Timid,,5.382
2020-09_gen3ou-0.json,Sceptile,Stats,Modest,,4.010
2020-09_gen3ou-0.json,Sceptile,Stats,Hasty,,3.356
2020-09_gen3ou-0.json,Sceptile,Abilities,,Overgrow,100.0
2020-09_gen3ou-0.json,Sceptile,Items,,Leftovers,54.981
2020-09_gen3ou-0.json,Sceptile,Items,,Petaya Berry,11.693
2020-09_gen3ou-0.json,Sceptile,Items,,Scope Lens,9.667
2020-09_gen3ou-0.json,Sceptile,Items,,Miracle Seed,5.424
2020-09_gen3ou-0.json,Sceptile,Items,,Salac Berry,4.285
2020-09_gen3ou-0.json,Sceptile,Items,,Lum Berry,4.242
2020-09_gen3ou-0.json,Sceptile,Items,,Choice Band,2.448
2020-09_gen3ou-0.json,Sceptile,Items,,Nothing,1.794
2020-09_gen3ou-0.json,Sceptile,Items,,King's Rock,1.372
2020-09_gen3ou-0.json,Sceptile,Items,,Other,4.095
2020-09_gen3ou-0.json,Sceptile,Spreads,,Other,48.333
2020-09_gen3ou-0.json,Sceptile,Moves,,Leaf Blade,86.83
2020-09_gen3ou-0.json,Sceptile,Moves,,Substitute,44.66
2020-09_gen3ou-0.json,Sceptile,Moves,,Leech Seed,40.418
2020-09_gen3ou-0.json,Sceptile,Moves,,Hidden Power Ice,40.144
2020-09_gen3ou-0.json,Sceptile,Moves,,Dragon Claw,35.184
2020-09_gen3ou-0.json,Sceptile,Moves,,Thunder Punch,32.419
2020-09_gen3ou-0.json,Sceptile,Moves,,Crunch,21.634
2020-09_gen3ou-0.json,Sceptile,Moves,,Giga Drain,16.61
2020-09_gen3ou-0.json,Sceptile,Moves,,Hidden Power Fire,14.415
2020-09_gen3ou-0.json,Sceptile,Moves,,Earthquake,9.54
2020-09_gen3ou-0.json,Sceptile,Moves,,Endeavor,7.007
2020-09_gen3ou-0.json,Sceptile,Moves,,Focus Punch,6.057
2020-09_gen3ou-0.json,Sceptile,Moves,,Brick Break,5.171
2020-09_gen3ou-0.json,Sceptile,Moves,,Pursuit,3.926
2020-09_gen3ou-0.json,Sceptile,Moves,,Swords Dance,3.356
2020-09_gen3ou-0.json,Sceptile,Moves,,Bullet Seed,2.997
2020-09_gen3ou-0.json,Sceptile,Moves,,Detect,2.575
2020-09_gen3ou-0.json,Sceptile,Moves,,Solar Beam,2.448
2020-09_gen3ou-0.json,Sceptile,Moves,,Roar,2.406
2020-09_gen3ou-0.json,Sceptile,Moves,,Toxic,2.089
2020-09_gen3ou-0.json,Sceptile,Moves,,Agility,1.562
2020-09_gen3ou-0.json,Sceptile,Moves,,Other,18.552
2020-09_gen3ou-0.json,Ninjask,Stats,Raw count,,4718
2020-09_gen3ou-0.json,Ninjask,Stats,Avg. weight,,1.0
2020-09_gen3ou-0.json,Ninjask,Stats,Viability Ceiling,,83
2020-09_gen3ou-0.json,Ninjask,Stats,Adamant,,12.399
2020-09_gen3ou-0.json,Ninjask,Stats,Timid,,3.455
2020-09_gen3ou-0.json,Ninjask,Stats,Jolly,,2.819
2020-09_gen3ou-0.json,Ninjask,Abilities,,Speed Boost,100.0
2020-09_gen3ou-0.json,Ninjask,Items,,Leftovers,58.584
2020-09_gen3ou-0.json,Ninjask,Items,,Liechi Berry,13.607
2020-09_gen3ou-0.json,Ninjask,Items,,Starf Berry,7.779
2020-09_gen3ou-0.json,Ninjask,Items,,Bright Powder,7.334
2020-09_gen3ou-0.json,Ninjask,Items,,Choice Band,6.168
2020-09_gen3ou-0.json,Ninjask,Items,,Lum Berry,1.971
2020-09_gen3ou-0.json,Ninjask,Items,,Other,4.557
2020-09_gen3ou-0.json,Ninjask,Spreads,,Other,53.858
2020-09_gen3ou-0.json,Ninjask,Moves,,Baton Pass,90.462
2020-09_gen3ou-0.json,Ninjask,Moves,,Substitute,83.065
2020-09_gen3ou-0.json,Ninjask,Moves,,Swords Dance,81.136
2020-09_gen3ou-0.json,Ninjask,Moves,,Protect,45.21
2020-09_gen3ou-0.json,Ninjask,Moves,,Silver Wind,28.296
2020-09_gen3ou-0.json,Ninjask,Moves,,Hidden Power Rock,14.328
2020-09_gen3ou-0.json,Ninjask,Moves,,Shadow Ball,12.738
2020-09_gen3ou-0.json,Ninjask,Moves,,Aerial Ace,10.661
2020-09_gen3ou-0.json,Ninjask,Moves,,Sand Attack,10.343
2020-09_gen3ou-0.json,Ninjask,Moves,,Hidden Power Flying,7.461
2020-09_gen3ou-0.json,Ninjask,Moves,,Other,16.299
2020-09_gen3ou-0.json,Houndoom,Stats,Raw count,,4188
2020-09_gen3ou-0.json,Houndoom,Stats,Avg. weight,,1.0
2020-09_gen3ou-0.json,Houndoom,Stats,Viability Ceiling,,84
2020-09_gen3ou-0.json,Houndoom,Stats,Modest,,6.471
2020-09_gen3ou-0.json,Houndoom,Stats,Timid,,9.145
2020-09_gen3ou-0.json,Houndoom,Stats,Hasty,,4.226
2020-09_gen3ou-0.json,Houndoom,Abilities,,Flash Fire,68.672
2020-09_gen3ou-0.json,Houndoom,Abilities,,Early Bird,31.328
2020-09_gen3ou-0.json,Houndoom,Items,,Leftovers,74.475
2020-09_gen3ou-0.json,Houndoom,Items,,Lum Berry,7.736
2020-09_gen3ou-0.json,Houndoom,Items,,Charcoal,6.59
2020-09_gen3ou-0.json,Houndoom,Items,,Black Glasses,6.375
2020-09_gen3ou-0.json,Houndoom,Items,,Other,4.823
2020-09_gen3ou-0.json,Houndoom,Spreads,,Other,37.273
2020-09_gen3ou-0.json,Houndoom,Moves,,Pursuit,87.106
2020-09_gen3ou-0.json,Houndoom,Moves,,Fire Blast,64.828
2020-09_gen3ou-0.json,Houndoom,Moves,,Will-O-Wisp,56.113
2020-09_gen3ou-0.json,Houndoom,Moves,,Crunch,56.113
2020-09_gen3ou-0.json,Houndoom,Moves,,Hidden Power Grass,38.085
2020-09_gen3ou-0.json,Houndoom,Moves,,Flamethrower,32.951
2020-09_gen3ou-0.json,Houndoom,Moves,,Roar,13.324
2020-09_gen3ou-0.json,Houndoom,Moves,,Beat Up,8.906
2020-09_gen3ou-0.json,Houndoom,Moves,,Solar Beam,8.715
2020-09_gen3ou-0.json,Houndoom,Moves,,Sunny Day,7.904
2020-09_gen3ou-0.json,Houndoom,Moves,,Overheat,4.823
2020-09_gen3ou-0.json,Houndoom,Moves,,Taunt,4.441
2020-09_gen3ou-0.json,Houndoom,Moves,,Other,16.691
2020-09_gen3ou-0.json,Venusaur,Stats,Raw count,,4106
2020-09_gen3ou-0.json,Venusaur,Stats,Avg. weight,,1.0
2020-09_gen3ou-0.json,Venusaur,Stats,Viability Ceiling,,87
2020-09_gen3ou-0.json,Venusaur,Stats,Careful,,3.848
2020-09_gen3ou-0.json,Venusaur,Stats,Calm,,7.647
2020-09_gen3ou-0.json,Venusaur,Stats,Timid,,2.776
2020-09_gen3ou-0.json,Venusaur,Abilities,,Overgrow,100.0
2020-09_gen3ou-0.json,Venusaur,Items,,Leftovers,93.229
2020-09_gen3ou-0.json,Venusaur,Items,,Salac Berry,2.168
2020-09_gen3ou-0.json,Venusaur,Items,,Other,4.603
2020-09_gen3ou-0.json,Venusaur,Spreads,,Other,63.736
2020-09_gen3ou-0.json,Venusaur,Moves,,Leech Seed,83.341
2020-09_gen3ou-0.json,Venusaur,Moves,,Sleep Powder,71.578
2020-09_gen3ou-0.json,Venusaur,Moves,,Giga Drain,61.081
2020-09_gen3ou-0.json,Venusaur,Moves,,Sludge Bomb,44.934
2020-09_gen3ou-0.json,Venusaur,Moves,,Hidden Power Fire,26.157
2020-09_gen3ou-0.json,Venusaur,Moves,,Toxic,18.899
2020-09_gen3ou-0.json,Venusaur,Moves,,Protect,15.246
2020-09_gen3ou-0.json,Venusaur,Moves,,Synthesis,12.713
2020-09_gen3ou-0.json,Venusaur,Moves,,Earthquake,9.474
2020-09_gen3ou-0.json,Venusaur,Moves,,Razor Leaf,8.938
2020-09_gen3ou-0.json,Venusaur,Moves,,Sunny Day,6.698
2020-09_gen3ou-0.json,Venusaur,Moves,,Roar,5.553
2020-09_gen3ou-0.json,Venusaur,Moves,,Solar Beam,5.431
2020-09_gen3ou-0.json,Venusaur,Moves,,Swords Dance,4.847
2020-09_gen3ou-0.json,Venusaur,Moves,,Substitute,4.043
2020-09_gen3ou-0.json,Venusaur,Moves,,Growth,2.557
2020-09_gen3ou-0.json,Venusaur,Moves,,Other,18.509
2020-09_gen3ou-0.json,Alakazam,Stats,Raw count,,4119
2020-09_gen3ou-0.json,Alakazam,Stats,Avg. weight,,1.0
2020-09_gen3ou-0.json,Alakazam,Stats,Viability Ceiling,,80
2020-09_gen3ou-0.json,Alakazam,Stats,Timid,,10.124
2020-09_gen3ou-0.json,Alakazam,Stats,Modest,,5.948
2020-09_gen3ou-0.json,Alakazam,Stats,Hasty,,2.840
2020-09_gen3ou-0.json,Alakazam,Abilities,,Synchronize,93.202
2020-09_gen3ou-0.json,Alakazam,Abilities,,Inner Focus,6.798
2020-09_gen3ou-0.json,Alakazam,Items,,Leftovers,44.841
2020-09_gen3ou-0.json,Alakazam,Items,,Lum Berry,14.737
2020-09_gen3ou-0.json,Alakazam,Items,,Choice Band,14.227
2020-09_gen3ou-0.json,Alakazam,Items,,Twisted Spoon,10.221
2020-09_gen3ou-0.json,Alakazam,Items,,Nothing,6.021
2020-09_gen3ou-0.json,Alakazam,Items,,Petaya Berry,2.355
2020-09_gen3ou-0.json,Alakazam,Items,,Salac Berry,2.331
2020-09_gen3ou-0.json,Alakazam,Items,,Focus Band,1.966
2020-09_gen3ou-0.json,Alakazam,Items,,Other,3.302
2020-09_gen3ou-0.json,Alakazam,Spreads,,Other,29.522
2020-09_gen3ou-0.json,Alakazam,Moves,,Psychic,97.062
2020-09_gen3ou-0.json,Alakazam,Moves,,Fire Punch,53.435
2020-09_gen3ou-0.json,Alakazam,Moves,,Ice Punch,45.666
2020-09_gen3ou-0.json,Alakazam,Moves,,Calm Mind,43.409
2020-09_gen3ou-0.json,Alakazam,Moves,,Thunder Punch,41.126
2020-09_gen3ou-0.json,Alakazam,Moves,,Encore,21.753
2020-09_gen3ou-0.json,Alakazam,Moves,,Trick,13.765
2020-09_gen3ou-0.json,Alakazam,Moves,,Substitute,13.596
2020-09_gen3ou-0.json,Alakazam,Moves,,Recover,12.867
2020-09_gen3ou-0.json,Alakazam,Moves,,Hidden Power Grass,9.735
2020-09_gen3ou-0.json,Alakazam,Moves,,Thunder Wave,6.749
2020-09_gen3ou-0.json,Alakazam,Moves,,Light Screen,6.458
2020-09_gen3ou-0.json,Alakazam,Moves,,Shadow Ball,6.288
2020-09_gen3ou-0.json,Alakazam,Moves,,Focus Punch,4.467
2020-09_gen3ou-0.json,Alakazam,Moves,,Toxic,4.127
2020-09_gen3ou-0.json,Alakazam,Moves,,Other,19.495
2020-09_gen3ou-0.json,Umbreon,Stats,Raw count,,3944
2020-09_gen3ou-0.json,Umbreon,Stats,Avg. weight,,1.0
2020-09_gen3ou-0.json,Umbreon,Stats,Viability Ceiling,,82
2020-09_gen3ou-0.json,Umbreon,Stats,Careful,,10.852
2020-09_gen3ou-0.json,Umbreon,Stats,Timid,,10.598
2020-09_gen3ou-0.json,Umbreon,Stats,Calm,,7.606
2020-09_gen3ou-0.json,Umbreon,Stats,Impish,,4.488
2020-09_gen3ou-0.json,Umbreon,Stats,Bold,,3.803
2020-09_gen3ou-0.json,Umbreon,Abilities,,Synchronize,100.0
2020-09_gen3ou-0.json,Umbreon,Items,,Leftovers,96.602
2020-09_gen3ou-0.json,Umbreon,Items,,Other,3.398
2020-09_gen3ou-0.json,Umbreon,Spreads,,Other,58.747
2020-09_gen3ou-0.json,Umbreon,Moves,,Baton Pass,73.301
2020-09_gen3ou-0.json,Umbreon,Moves,,Mean Look,56.288
2020-09_gen3ou-0.json,Umbreon,Moves,,Wish,41.886
2020-09_gen3ou-0.json,Umbreon,Moves,,Toxic,37.703
2020-09_gen3ou-0.json,Umbreon,Moves,,Taunt,32.099
2020-09_gen3ou-0.json,Umbreon,Moves,,Protect,26.572
2020-09_gen3ou-0.json,Umbreon,Moves,,Charm,24.417
2020-09_gen3ou-0.json,Umbreon,Moves,,Pursuit,15.923
2020-09_gen3ou-0.json,Umbreon,Moves,,Moonlight,13.869
2020-09_gen3ou-0.json,Umbreon,Moves,,Confuse Ray,13.514
2020-09_gen3ou-0.json,Umbreon,Moves,,Sand Attack,10.041
2020-09_gen3ou-0.json,Umbreon,Moves,,Curse,8.824
2020-09_gen3ou-0.json,Umbreon,Moves,,Substitute,7.505
2020-09_gen3ou-0.json,Umbreon,Moves,,Swagger,6.719
2020-09_gen3ou-0.json,Umbreon,Moves,,Psych Up,6.542
2020-09_gen3ou-0.json,Umbreon,Moves,,Mud-Slap,3.144
2020-09_gen3ou-0.json,Umbreon,Moves,,Feint Attack,2.992
2020-09_gen3ou-0.json,Umbreon,Moves,,Other,18.661
2020-09_gen3ou-0.json,Vaporeon,Stats,Raw count,,3792
2020-09_gen3ou-0.json,Vaporeon,Stats,Avg. weight,,1.0
2020-09_gen3ou-0.json,Vaporeon,Stats,Viability Ceiling,,87
2020-09_gen3ou-0.json,Vaporeon,Stats,Bold,,3.771
2020-09_gen3ou-0.json,Vaporeon,Stats,Calm,,3.270
2020-09_gen3ou-0.json,Vaporeon,Stats,Modest,,3.244
2020-09_gen3ou-0.json,Vaporeon,Abilities,,Water Absorb,100.0
2020-09_gen3ou-0.json,Vaporeon,Items,,Leftovers,90.348
2020-09_gen3ou-0.json,Vaporeon,Items,,Salac Berry,5.512
2020-09_gen3ou-0.json,Vaporeon,Items,,Other,4.14
2020-09_gen3ou-0.json,Vaporeon,Spreads,,Other,50.554
2020-09_gen3ou-0.json,Vaporeon,Moves,,Wish,57.305
2020-09_gen3ou-0.json,Vaporeon,Moves,,Surf,54.72
2020-09_gen3ou-0.json,Vaporeon,Moves,,Baton Pass,43.091
2020-09_gen3ou-0.json,Vaporeon,Moves,,Ice Beam,41.904
2020-09_gen3ou-0.json,Vaporeon,Moves,,Substitute,37.342
2020-09_gen3ou-0.json,Vaporeon,Moves,,Roar,33.861
2020-09_gen3ou-0.json,Vaporeon,Moves,,Protect,30.67
2020-09_gen3ou-0.json,Vaporeon,Moves,,Hydro Pump,23.655
2020-09_gen3ou-0.json,Vaporeon,Moves,,Acid Armor,22.178
2020-09_gen3ou-0.json,Vaporeon,Moves,,Toxic,18.75
2020-09_gen3ou-0.json,Vaporeon,Moves,,Haze,17.062
2020-09_gen3ou-0.json,Vaporeon,Moves,,Other,19.462
2020-09_gen3ou-0.json,Porygon2,Stats,Raw count,,3695
2020-09_gen3ou-0.json,Porygon2,Stats,Avg. weight,,1.0
2020-09_gen3ou-0.json,Porygon2,Stats,Viability Ceiling,,87
2020-09_gen3ou-0.json,Porygon2,Stats,Bold,,3.437
2020-09_gen3ou-0.json,Porygon2,Stats,Modest,,4.195
2020-09_gen3ou-0.json,Porygon2,Stats,Relaxed,,3.762
2020-09_gen3ou-0.json,Porygon2,Stats,Calm,,3.356
2020-09_gen3ou-0.json,Porygon2,Abilities,,Trace,100.0
2020-09_gen3ou-0.json,Porygon2,Items,,Leftovers,91.691
2020-09_gen3ou-0.json,Porygon2,Items,,Lum Berry,2.355
2020-09_gen3ou-0.json,Porygon2,Items,,Starf Berry,2.165
2020-09_gen3ou-0.json,Porygon2,Items,,Other,3.789
2020-09_gen3ou-0.json,Porygon2,Spreads,,Other,52.936
2020-09_gen3ou-0.json,Porygon2,Moves,,Recover,94.073
2020-09_gen3ou-0.json,Porygon2,Moves,,Ice Beam,93.992
2020-09_gen3ou-0.json,Porygon2,Moves,,Thunderbolt,65.602
2020-09_gen3ou-0.json,Porygon2,Moves,,Thunder Wave,61.137
2020-09_gen3ou-0.json,Porygon2,Moves,,Toxic,23.708
2020-09_gen3ou-0.json,Porygon2,Moves,,Hidden Power Fighting,11.827
2020-09_gen3ou-0.json,Porygon2,Moves,,Psychic,7.659
2020-09_gen3ou-0.json,Porygon2,Moves,,Tri Attack,5.873
2020-09_gen3ou-0.json,Porygon2,Moves,,Hidden Power Fire,4.844
2020-09_gen3ou-0.json,Porygon2,Moves,,Hidden Power Grass,4.465
2020-09_gen3ou-0.json,Porygon2,Moves,,Thunder,4.141
2020-09_gen3ou-0.json,Porygon2,Moves,,Hidden Power Water,3.004
2020-09_gen3ou-0.json,Porygon2,Moves,,Other,19.675
2020-09_gen3ou-0.json,Hariyama,Stats,Raw count,,3589
2020-09_gen3ou-0.json,Hariyama,Stats,Avg. weight,,1.0
2020-09_gen3ou-0.json,Hariyama,Stats,Viability Ceiling,,86
2020-09_gen3ou-0.json,Hariyama,Stats,Impish,,10.449
2020-09_gen3ou-0.json,Hariyama,Stats,Adamant,,2.870
2020-09_gen3ou-0.json,Hariyama,Stats,Careful,,2.340
2020-09_gen3ou-0.json,Hariyama,Abilities,,Thick Fat,57.147
2020-09_gen3ou-0.json,Hariyama,Abilities,,Guts,42.853
2020-09_gen3ou-0.json,Hariyama,Items,,Leftovers,90.666
2020-09_gen3ou-0.json,Hariyama,Items,,Black Belt,3.761
2020-09_gen3ou-0.json,Hariyama,Items,,Scope Lens,1.867
2020-09_gen3ou-0.json,Hariyama,Items,,Other,3.706
2020-09_gen3ou-0.json,Hariyama,Spreads,,Other,64.503
2020-09_gen3ou-0.json,Hariyama,Moves,,Knock Off,62.385
2020-09_gen3ou-0.json,Hariyama,Moves,,Brick Break,46.085
2020-09_gen3ou-0.json,Hariyama,Moves,,Rock Slide,44.776
2020-09_gen3ou-0.json,Hariyama,Moves,,Cross Chop,44.497
2020-09_gen3ou-0.json,Hariyama,Moves,,Whirlwind,40.262
2020-09_gen3ou-0.json,Hariyama,Moves,,Focus Punch,32.739
2020-09_gen3ou-0.json,Hariyama,Moves,,Rest,25.216
2020-09_gen3ou-0.json,Hariyama,Moves,,Hidden Power Bug,20.424
2020-09_gen3ou-0.json,Hariyama,Moves,,Hidden Power Ghost,13.123
2020-09_gen3ou-0.json,Hariyama,Moves,,Earthquake,8.47
2020-09_gen3ou-0.json,Hariyama,Moves,,Bulk Up,8.359
2020-09_gen3ou-0.json,Hariyama,Moves,,Protect,7.802
2020-09_gen3ou-0.json,Hariyama,Moves,,Fake Out,6.13
2020-09_gen3ou-0.json,Hariyama,Moves,,Body Slam,5.879
2020-09_gen3ou-0.json,Hariyama,Moves,,Substitute,5.099
2020-09_gen3ou-0.json,Hariyama,Moves,,Sleep Talk,4.514
2020-09_gen3ou-0.json,Hariyama,Moves,,Revenge,3.288
2020-09_gen3ou-0.json,Hariyama,Moves,,Seismic Toss,3.065
2020-09_gen3ou-0.json,Hariyama,Moves,,Other,17.888
2020-09_gen3ou-0.json,Kingdra,Stats,Raw count,,3425
2020-09_gen3ou-0.json,Kingdra,Stats,Avg. weight,,1.0
2020-09_gen3ou-0.json,Kingdra,Stats,Viability Ceiling,,84
2020-09_gen3ou-0.json,Kingdra,Stats,Modest,,5.226
2020-09_gen3ou-0.json,Kingdra,Abilities,,Swift Swim,100.0
2020-09_gen3ou-0.json,Kingdra,Items,,Leftovers,66.102
2020-09_gen3ou-0.json,Kingdra,Items,,Lum Berry,20.409
2020-09_gen3ou-0.json,Kingdra,Items,,Scope Lens,2.949
2020-09_gen3ou-0.json,Kingdra,Items,,Petaya Berry,2.657
2020-09_gen3ou-0.json,Kingdra,Items,,Mystic Water,2.423
2020-09_gen3ou-0.json,Kingdra,Items,,Chesto Berry,1.431
2020-09_gen3ou-0.json,Kingdra,Items,,Other,4.029
2020-09_gen3ou-0.json,Kingdra,Spreads,,Other,45.927
2020-09_gen3ou-0.json,Kingdra,Moves,,Ice Beam,90.336
2020-09_gen3ou-0.json,Kingdra,Moves,,Rain Dance,81.46
2020-09_gen3ou-0.json,Kingdra,Moves,,Hydro Pump,59.095
2020-09_gen3ou-0.json,Kingdra,Moves,,Surf,40.438
2020-09_gen3ou-0.json,Kingdra,Moves,,Hidden Power Electric,34.131
2020-09_gen3ou-0.json,Kingdra,Moves,,Hidden Power Grass,34.015
2020-09_gen3ou-0.json,Kingdra,Moves,,Toxic,12.117
2020-09_gen3ou-0.json,Kingdra,Moves,,Dragon Breath,8.613
2020-09_gen3ou-0.json,Kingdra,Moves,,Dragon Dance,6.599
2020-09_gen3ou-0.json,Kingdra,Moves,,Substitute,5.547
2020-09_gen3ou-0.json,Kingdra,Moves,,Blizzard,3.153
2020-09_gen3ou-0.json,Kingdra,Moves,,Protect,2.861
2020-09_gen3ou-0.json,Kingdra,Moves,,Rest,2.803
2020-09_gen3ou-0.json,Kingdra,Moves,,Other,18.832
2020-09_gen3ou-0.json,Regice,Stats,Raw count,,3387
2020-09_gen3ou-0.json,Regice,Stats,Avg. weight,,1.0
2020-09_gen3ou-0.json,Regice,Stats,Viability Ceiling,,84
2020-09_gen3ou-0.json,Regice,Stats,Quiet,,3.750
2020-09_gen3ou-0.json,Regice,Stats,Modest,,8.326
2020-09_gen3ou-0.json,Regice,Stats,Calm,,2.362
2020-09_gen3ou-0.json,Regice,Stats,Bold,,2.096
2020-09_gen3ou-0.json,Regice,Abilities,,Clear Body,100.0
2020-09_gen3ou-0.json,Regice,Items,,Leftovers,90.464
2020-09_gen3ou-0.json,Regice,Items,,Chesto Berry,2.332
2020-09_gen3ou-0.json,Regice,Items,,Never-Melt Ice,1.476
2020-09_gen3ou-0.json,Regice,Items,,Nothing,1.476
2020-09_gen3ou-0.json,Regice,Items,,Other,4.252
2020-09_gen3ou-0.json,Regice,Spreads,,Other,55.447
2020-09_gen3ou-0.json,Regice,Moves,,Ice Beam,93.652
2020-09_gen3ou-0.json,Regice,Moves,,Thunderbolt,75.554
2020-09_gen3ou-0.json,Regice,Moves,,Thunder Wave,55.89
2020-09_gen3ou-0.json,Regice,Moves,,Explosion,55.861
2020-09_gen3ou-0.json,Regice,Moves,,Rest,15.648
2020-09_gen3ou-0.json,Regice,Moves,,Hidden Power Fire,15.087
2020-09_gen3ou-0.json,Regice,Moves,,Toxic,12.341
2020-09_gen3ou-0.json,Regice,Moves,,Thunder,10.924
2020-09_gen3ou-0.json,Regice,Moves,,Hidden Power Grass,8.208
2020-09_gen3ou-0.json,Regice,Moves,,Psych Up,7.086
2020-09_gen3ou-0.json,Regice,Moves,,Blizzard,6.466
2020-09_gen3ou-0.json,Regice,Moves,,Sleep Talk,5.049
2020-09_gen3ou-0.json,Regice,Moves,,Protect,3.691
2020-09_gen3ou-0.json,Regice,Moves,,Curse,3.454
2020-09_gen3ou-0.json,Regice,Moves,,Earthquake,3.248
2020-09_gen3ou-0.json,Regice,Moves,,Ancient Power,3.13
2020-09_gen3ou-0.json,Regice,Moves,,Counter,3.012
2020-09_gen3ou-0.json,Regice,Moves,,Seismic Toss,2.864
2020-09_gen3ou-0.json,Regice,Moves,,Other,18.837
2020-09_gen3ou-0.json,Weezing,Stats,Raw count,,3111
2020-09_gen3ou-0.json,Weezing,Stats,Avg. weight,,1.0
2020-09_gen3ou-0.json,Weezing,Stats,Viability Ceiling,,83
2020-09_gen3ou-0.json,Weezing,Stats,Bold,,2.732
2020-09_gen3ou-0.json,Weezing,Stats,Impish,,2.668
2020-09_gen3ou-0.json,Weezing,Stats,Adamant,,2.989
2020-09_gen3ou-0.json,Weezing,Abilities,,Levitate,100.0
2020-09_gen3ou-0.json,Weezing,Items,,Leftovers,87.978
2020-09_gen3ou-0.json,Weezing,Items,,Nothing,8.39
2020-09_gen3ou-0.json,Weezing,Items,,Other,3.632
2020-09_gen3ou-0.json,Weezing,Spreads,,Other,62.649
2020-09_gen3ou-0.json,Weezing,Moves,,Will-O-Wisp,85.149
2020-09_gen3ou-0.json,Weezing,Moves,,Explosion,50.402
2020-09_gen3ou-0.json,Weezing,Moves,,Haze,50.113
2020-09_gen3ou-0.json,Weezing,Moves,,Sludge Bomb,48.087
2020-09_gen3ou-0.json,Weezing,Moves,,Pain Split,46.384
2020-09_gen3ou-0.json,Weezing,Moves,,Flamethrower,29.187
2020-09_gen3ou-0.json,Weezing,Moves,,Fire Blast,23.979
2020-09_gen3ou-0.json,Weezing,Moves,,Thunderbolt,20.058
2020-09_gen3ou-0.json,Weezing,Moves,,Hidden Power Ice,9.193
2020-09_gen3ou-0.json,Weezing,Moves,,Hidden Power Grass,5.336
2020-09_gen3ou-0.json,Weezing,Moves,,Rest,4.95
2020-09_gen3ou-0.json,Weezing,Moves,,Toxic,4.243
2020-09_gen3ou-0.json,Weezing,Moves,,Taunt,3.761
2020-09_gen3ou-0.json,Weezing,Moves,,Other,19.158
2020-09_gen3ou-0.json,Raikou,Stats,Raw count,,2964
2020-09_gen3ou-0.json,Raikou,Stats,Avg. weight,,1.0
2020-09_gen3ou-0.json,Raikou,Stats,Viability Ceiling,,87
2020-09_gen3ou-0.json,Raikou,Stats,Timid,,6.748
2020-09_gen3ou-0.json,Raikou,Stats,Modest,,7.827
2020-09_gen3ou-0.json,Raikou,Abilities,,Pressure,100.0
2020-09_gen3ou-0.json,Raikou,Items,,Leftovers,71.66
2020-09_gen3ou-0.json,Raikou,Items,,Lum Berry,14.103
2020-09_gen3ou-0.json,Raikou,Items,,Salac Berry,7.794
2020-09_gen3ou-0.json,Raikou,Items,,Magnet,1.653
2020-09_gen3ou-0.json,Raikou,Items,,Other,4.791
2020-09_gen3ou-0.json,Raikou,Spreads,,Other,33.367
2020-09_gen3ou-0.json,Raikou,Moves,,Thunderbolt,95.85
2020-09_gen3ou-0.json,Raikou,Moves,,Calm Mind,76.215
2020-09_gen3ou-0.json,Raikou,Moves,,Hidden Power Grass,60.661
2020-09_gen3ou-0.json,Raikou,Moves,,Substitute,57.051
2020-09_gen3ou-0.json,Raikou,Moves,,Hidden Power Ice,28.509
2020-09_gen3ou-0.json,Raikou,Moves,,Toxic,15.992
2020-09_gen3ou-0.json,Raikou,Moves,,Crunch,15.52
2020-09_gen3ou-0.json,Raikou,Moves,,Rest,9.211
2020-09_gen3ou-0.json,Raikou,Moves,,Roar,7.254
2020-09_gen3ou-0.json,Raikou,Moves,,Endure,6.781
2020-09_gen3ou-0.json,Raikou,Moves,,Thunder Wave,5.229
2020-09_gen3ou-0.json,Raikou,Moves,,Thunder,5.196
2020-09_gen3ou-0.json,Raikou,Moves,,Other,16.532
2020-09_gen3ou-0.json,Dusclops,Stats,Raw count,,2908
2020-09_gen3ou-0.json,Dusclops,Stats,Avg. weight,,1.0
2020-09_gen3ou-0.json,Dusclops,Stats,Viability Ceiling,,87
2020-09_gen3ou-0.json,Dusclops,Stats,Careful,,4.883
2020-09_gen3ou-0.json,Dusclops,Stats,Sassy,,3.473
2020-09_gen3ou-0.json,Dusclops,Abilities,,Pressure,100.0
2020-09_gen3ou-0.json,Dusclops,Items,,Leftovers,83.219
2020-09_gen3ou-0.json,Dusclops,Items,,Chesto Berry,8.528
2020-09_gen3ou-0.json,Dusclops,Items,,Nothing,4.058
2020-09_gen3ou-0.json,Dusclops,Items,,Other,4.195
2020-09_gen3ou-0.json,Dusclops,Spreads,,Other,44.67
2020-09_gen3ou-0.json,Dusclops,Moves,,Will-O-Wisp,85.351
2020-09_gen3ou-0.json,Dusclops,Moves,,Pain Split,53.439
2020-09_gen3ou-0.json,Dusclops,Moves,,Shadow Ball,42.916
2020-09_gen3ou-0.json,Dusclops,Moves,,Seismic Toss,38.033
2020-09_gen3ou-0.json,Dusclops,Moves,,Rest,33.528
2020-09_gen3ou-0.json,Dusclops,Moves,,Focus Punch,30.158
2020-09_gen3ou-0.json,Dusclops,Moves,,Protect,17.95
2020-09_gen3ou-0.json,Dusclops,Moves,,Night Shade,14.03
2020-09_gen3ou-0.json,Dusclops,Moves,,Confuse Ray,12.964
2020-09_gen3ou-0.json,Dusclops,Moves,,Sleep Talk,9.01
2020-09_gen3ou-0.json,Dusclops,Moves,,Toxic,8.081
2020-09_gen3ou-0.json,Dusclops,Moves,,Curse,5.605
2020-09_gen3ou-0.json,Dusclops,Moves,,Calm Mind,5.193
2020-09_gen3ou-0.json,Dusclops,Moves,,Substitute,4.986
2020-09_gen3ou-0.json,Dusclops,Moves,,Psych Up,4.952
2020-09_gen3ou-0.json,Dusclops,Moves,,Destiny Bond,4.402
2020-09_gen3ou-0.json,Dusclops,Moves,,Ice Beam,3.92
2020-09_gen3ou-0.json,Dusclops,Moves,,Mean Look,3.714
2020-09_gen3ou-0.json,Dusclops,Moves,,Thief,3.404
2020-09_gen3ou-0.json,Dusclops,Moves,,Other,18.363
2020-09_gen3ou-0.json,Ludicolo,Stats,Raw count,,2722
2020-09_gen3ou-0.json,Ludicolo,Stats,Avg. weight,,1.0
2020-09_gen3ou-0.json,Ludicolo,Stats,Viability Ceiling,,84
2020-09_gen3ou-0.json,Ludicolo,Stats,Modest,,3.306
2020-09_gen3ou-0.json,Ludicolo,Stats,Mild,,6.209
2020-09_gen3ou-0.json,Ludicolo,Stats,Calm,,5.694
2020-09_gen3ou-0.json,Ludicolo,Abilities,,Swift Swim,78.178
2020-09_gen3ou-0.json,Ludicolo,Abilities,,Rain Dish,21.822
2020-09_gen3ou-0.json,Ludicolo,Items,,Leftovers,72.924
2020-09_gen3ou-0.json,Ludicolo,Items,,Lum Berry,13.483
2020-09_gen3ou-0.json,Ludicolo,Items,,Scope Lens,3.821
2020-09_gen3ou-0.json,Ludicolo,Items,,Mystic Water,2.094
2020-09_gen3ou-0.json,Ludicolo,Items,,Miracle Seed,2.094
2020-09_gen3ou-0.json,Ludicolo,Items,,Cheri Berry,2.021
2020-09_gen3ou-0.json,Ludicolo,Items,,Other,3.564
2020-09_gen3ou-0.json,Ludicolo,Spreads,,Other,53.196
2020-09_gen3ou-0.json,Ludicolo,Moves,,Ice Beam,69.544
2020-09_gen3ou-0.json,Ludicolo,Moves,,Rain Dance,66.385
2020-09_gen3ou-0.json,Ludicolo,Moves,,Leech Seed,48.677
2020-09_gen3ou-0.json,Ludicolo,Moves,,Surf,48.567
2020-09_gen3ou-0.json,Ludicolo,Moves,,Giga Drain,41.991
2020-09_gen3ou-0.json,Ludicolo,Moves,,Hydro Pump,31.043
2020-09_gen3ou-0.json,Ludicolo,Moves,,Hidden Power Grass,23.953
2020-09_gen3ou-0.json,Ludicolo,Moves,,Toxic,16.605
2020-09_gen3ou-0.json,Ludicolo,Moves,,Substitute,11.462
2020-09_gen3ou-0.json,Ludicolo,Moves,,Protect,11.021
2020-09_gen3ou-0.json,Ludicolo,Moves,,Fire Punch,4.996
2020-09_gen3ou-0.json,Ludicolo,Moves,,Thunder Punch,4.96
2020-09_gen3ou-0.json,Ludicolo,Moves,,Seismic Toss,4.519
2020-09_gen3ou-0.json,Ludicolo,Moves,,Other,16.275
2020-09_gen3ou-0.json,Marowak,Stats,Raw count,,2704
2020-09_gen3ou-0.json,Marowak,Stats,Avg. weight,,1.0
2020-09_gen3ou-0.json,Marowak,Stats,Viability Ceiling,,86
2020-09_gen3ou-0.json,Marowak,Stats,Adamant,,2.848
2020-09_gen3ou-0.json,Marowak,Stats,Jolly,,5.880
2020-09_gen3ou-0.json,Marowak,Abilities,,Rock Head,97.115
2020-09_gen3ou-0.json,Marowak,Abilities,,Lightning Rod,2.885
2020-09_gen3ou-0.json,Marowak,Items,,Thick Club,98.817
2020-09_gen3ou-0.json,Marowak,Items,,Other,1.183
2020-09_gen3ou-0.json,Marowak,Spreads,,Other,31.028
2020-09_gen3ou-0.json,Marowak,Moves,,Earthquake,78.217
2020-09_gen3ou-0.json,Marowak,Moves,,Double-Edge,75.629
2020-09_gen3ou-0.json,Marowak,Moves,,Rock Slide,71.524
2020-09_gen3ou-0.json,Marowak,Moves,,Swords Dance,61.945
2020-09_gen3ou-0.json,Marowak,Moves,,Bonemerang,23.595
2020-09_gen3ou-0.json,Marowak,Moves,,Brick Break,23.225
2020-09_gen3ou-0.json,Marowak,Moves,,Hidden Power Bug,13.979
2020-09_gen3ou-0.json,Marowak,Moves,,Ancient Power,8.802
2020-09_gen3ou-0.json,Marowak,Moves,,Hidden Power Ghost,8.395
2020-09_gen3ou-0.json,Marowak,Moves,,Focus Punch,6.065
2020-09_gen3ou-0.json,Marowak,Moves,,Hidden Power Rock,5.917
2020-09_gen3ou-0.json,Marowak,Moves,,Hidden Power Flying,4.512
2020-09_gen3ou-0.json,Marowak,Moves,,Other,18.195
2020-09_gen3ou-0.json,Gardevoir,Stats,Raw count,,2476
2020-09_gen3ou-0.json,Gardevoir,Stats,Avg. weight,,1.0
2020-09_gen3ou-0.json,Gardevoir,Stats,Viability Ceiling,,79
2020-09_gen3ou-0.json,Gardevoir,Stats,Modest,,3.150
2020-09_gen3ou-0.json,Gardevoir,Stats,Timid,,2.544
2020-09_gen3ou-0.json,Gardevoir,Abilities,,Synchronize,62.278
2020-09_gen3ou-0.json,Gardevoir,Abilities,,Trace,37.722
2020-09_gen3ou-0.json,Gardevoir,Items,,Leftovers,40.872
2020-09_gen3ou-0.json,Gardevoir,Items,,Bright Powder,16.519
2020-09_gen3ou-0.json,Gardevoir,Items,,Twisted Spoon,14.822
2020-09_gen3ou-0.json,Gardevoir,Items,,Salac Berry,8.724
2020-09_gen3ou-0.json,Gardevoir,Items,,Lum Berry,4.766
2020-09_gen3ou-0.json,Gardevoir,Items,,Nothing,4.079
2020-09_gen3ou-0.json,Gardevoir,Items,,Black Glasses,2.221
2020-09_gen3ou-0.json,Gardevoir,Items,,Quick Claw,1.656
2020-09_gen3ou-0.json,Gardevoir,Items,,Sitrus Berry,1.373
2020-09_gen3ou-0.json,Gardevoir,Items,,Other,4.968
2020-09_gen3ou-0.json,Gardevoir,Spreads,,Other,52.141
2020-09_gen3ou-0.json,Gardevoir,Moves,,Psychic,90.024
2020-09_gen3ou-0.json,Gardevoir,Moves,,Calm Mind,62.157
2020-09_gen3ou-0.json,Gardevoir,Moves,,Thunderbolt,57.391
2020-09_gen3ou-0.json,Gardevoir,Moves,,Ice Punch,34.612
2020-09_gen3ou-0.json,Gardevoir,Moves,,Fire Punch,29.16
2020-09_gen3ou-0.json,Gardevoir,Moves,,Will-O-Wisp,19.103
2020-09_gen3ou-0.json,Gardevoir,Moves,,Hypnosis,16.963
2020-09_gen3ou-0.json,Gardevoir,Moves,,Destiny Bond,13.934
2020-09_gen3ou-0.json,Gardevoir,Moves,,Shadow Ball,9.087
2020-09_gen3ou-0.json,Gardevoir,Moves,,Dream Eater,8.279
2020-09_gen3ou-0.json,Gardevoir,Moves,,Thunder Wave,5.493
2020-09_gen3ou-0.json,Gardevoir,Moves,,Memento,5.493
2020-09_gen3ou-0.json,Gardevoir,Moves,,Taunt,5.089
2020-09_gen3ou-0.json,Gardevoir,Moves,,Protect,4.806
2020-09_gen3ou-0.json,Gardevoir,Moves,,Substitute,3.918
2020-09_gen3ou-0.json,Gardevoir,Moves,,Wish,3.595
2020-09_gen3ou-0.json,Gardevoir,Moves,,Light Screen,3.393
2020-09_gen3ou-0.json,Gardevoir,Moves,,Reflect,2.706
2020-09_gen3ou-0.json,Gardevoir,Moves,,Toxic,2.383
2020-09_gen3ou-0.json,Gardevoir,Moves,,Icy Wind,2.221
2020-09_gen3ou-0.json,Gardevoir,Moves,,Magical Leaf,1.979
2020-09_gen3ou-0.json,Gardevoir,Moves,,Other,18.215
2020-09_gen3ou-0.json,Machamp,Stats,Raw count,,2344
2020-09_gen3ou-0.json,Machamp,Stats,Avg. weight,,1.0
2020-09_gen3ou-0.json,Machamp,Stats,Viability Ceiling,,84
2020-09_gen3ou-0.json,Machamp,Stats,Adamant,,4.181
2020-09_gen3ou-0.json,Machamp,Abilities,,Guts,100.0
2020-09_gen3ou-0.json,Machamp,Items,,Leftovers,59.428
2020-09_gen3ou-0.json,Machamp,Items,,Choice Band,26.28
2020-09_gen3ou-0.json,Machamp,Items,,Black Belt,7.679
2020-09_gen3ou-0.json,Machamp,Items,,Nothing,1.621
2020-09_gen3ou-0.json,Machamp,Items,,Other,4.991
2020-09_gen3ou-0.json,Machamp,Spreads,,Other,46.246
2020-09_gen3ou-0.json,Machamp,Moves,,Rock Slide,78.285
2020-09_gen3ou-0.json,Machamp,Moves,,Cross Chop,74.829
2020-09_gen3ou-0.json,Machamp,Moves,,Bulk Up,51.749
2020-09_gen3ou-0.json,Machamp,Moves,,Hidden Power Bug,31.57
2020-09_gen3ou-0.json,Machamp,Moves,,Earthquake,23.294
2020-09_gen3ou-0.json,Machamp,Moves,,Hidden Power Ghost,22.014
2020-09_gen3ou-0.json,Machamp,Moves,,Focus Punch,21.758
2020-09_gen3ou-0.json,Machamp,Moves,,Brick Break,17.193
2020-09_gen3ou-0.json,Machamp,Moves,,Rest,12.671
2020-09_gen3ou-0.json,Machamp,Moves,,Sleep Talk,12.585
2020-09_gen3ou-0.json,Machamp,Moves,,Body Slam,6.869
2020-09_gen3ou-0.json,Machamp,Moves,,Revenge,5.589
2020-09_gen3ou-0.json,Machamp,Moves,,Dynamic Punch,5.247
2020-09_gen3ou-0.json,Machamp,Moves,,Facade,4.778
2020-09_gen3ou-0.json,Machamp,Moves,,Protect,3.925
2020-09_gen3ou-0.json,Machamp,Moves,,Ice Punch,3.84
2020-09_gen3ou-0.json,Machamp,Moves,,Hidden Power Rock,3.242
2020-09_gen3ou-0.json,Machamp,Moves,,Fire Punch,2.218
2020-09_gen3ou-0.json,Machamp,Moves,,Other,18.345
2020-09_gen3ou-0.json,Slaking,Stats,Raw count,,2288
2020-09_gen3ou-0.json,Slaking,Stats,Avg. weight,,1.0
2020-09_gen3ou-0.json,Slaking,Stats,Viability Ceiling,,79
2020-09_gen3ou-0.json,Slaking,Stats,Adamant,,3.934
2020-09_gen3ou-0.json,Slaking,Stats,Naive,,5.726
2020-09_gen3ou-0.json,Slaking,Stats,Jolly,,4.502
2020-09_gen3ou-0.json,Slaking,Abilities,,Truant,100.0
2020-09_gen3ou-0.json,Slaking,Items,,Choice Band,74.126
2020-09_gen3ou-0.json,Slaking,Items,,Leftovers,17.395
2020-09_gen3ou-0.json,Slaking,Items,,Silk Scarf,1.967
2020-09_gen3ou-0.json,Slaking,Items,,Lum Berry,1.049
2020-09_gen3ou-0.json,Slaking,Items,,Nothing,0.874
2020-09_gen3ou-0.json,Slaking,Items,,Other,4.589
2020-09_gen3ou-0.json,Slaking,Spreads,,Other,40.778
2020-09_gen3ou-0.json,Slaking,Moves,,Earthquake,80.201
2020-09_gen3ou-0.json,Slaking,Moves,,Shadow Ball,75.743
2020-09_gen3ou-0.json,Slaking,Moves,,Hyper Beam,46.591
2020-09_gen3ou-0.json,Slaking,Moves,,Return,34.484
2020-09_gen3ou-0.json,Slaking,Moves,,Brick Break,28.059
2020-09_gen3ou-0.json,Slaking,Moves,,Focus Punch,23.776
2020-09_gen3ou-0.json,Slaking,Moves,,Double-Edge,23.033
2020-09_gen3ou-0.json,Slaking,Moves,,Slack Off,12.631
2020-09_gen3ou-0.json,Slaking,Moves,,Rock Slide,6.774
2020-09_gen3ou-0.json,Slaking,Moves,,Facade,5.332
2020-09_gen3ou-0.json,Slaking,Moves,,Rest,5.157
2020-09_gen3ou-0.json,Slaking,Moves,,Body Slam,5.157
2020-09_gen3ou-0.json,Slaking,Moves,,Roar,5.157
2020-09_gen3ou-0.json,Slaking,Moves,,Bulk Up,4.633
2020-09_gen3ou-0.json,Slaking,Moves,,Frustration,3.934
2020-09_gen3ou-0.json,Slaking,Moves,,Taunt,3.715
2020-09_gen3ou-0.json,Slaking,Moves,,Yawn,3.671
2020-09_gen3ou-0.json,Slaking,Moves,,Counter,3.059
2020-09_gen3ou-0.json,Slaking,Moves,,Fire Blast,2.797
2020-09_gen3ou-0.json,Slaking,Moves,,Hidden Power Flying,2.71
2020-09_gen3ou-0.json,Slaking,Moves,,Flamethrower,2.054
2020-09_gen3ou-0.json,Slaking,Moves,,Thunderbolt,1.53
2020-09_gen3ou-0.json,Slaking,Moves,,Other,19.799
2020-09_gen3ou-0.json,Medicham,Stats,Raw count,,2210
2020-09_gen3ou-0.json,Medicham,Stats,Avg. weight,,1.0
2020-09_gen3ou-0.json,Medicham,Stats,Viability Ceiling,,86
2020-09_gen3ou-0.json,Medicham,Stats,Adamant,,4.661
2020-09_gen3ou-0.json,Medicham,Stats,Jolly,,9.005
2020-09_gen3ou-0.json,Medicham,Stats,Hasty,,6.652
2020-09_gen3ou-0.json,Medicham,Abilities,,Pure Power,100.0
2020-09_gen3ou-0.json,Medicham,Items,,Leftovers,31.674
2020-09_gen3ou-0.json,Medicham,Items,,Choice Band,28.462
2020-09_gen3ou-0.json,Medicham,Items,,Salac Berry,22.308
2020-09_gen3ou-0.json,Medicham,Items,,Focus Band,12.217
2020-09_gen3ou-0.json,Medicham,Items,,Lum Berry,2.489
2020-09_gen3ou-0.json,Medicham,Items,,Other,2.851
2020-09_gen3ou-0.json,Medicham,Spreads,,Other,36.561
2020-09_gen3ou-0.json,Medicham,Moves,,Shadow Ball,90.181
2020-09_gen3ou-0.json,Medicham,Moves,,Rock Slide,61.493
2020-09_gen3ou-0.json,Medicham,Moves,,Brick Break,60.679
2020-09_gen3ou-0.json,Medicham,Moves,,Focus Punch,31.041
2020-09_gen3ou-0.json,Medicham,Moves,,High Jump Kick,23.801
2020-09_gen3ou-0.json,Medicham,Moves,,Bulk Up,20.09
2020-09_gen3ou-0.json,Medicham,Moves,,Reversal,18.688
2020-09_gen3ou-0.json,Medicham,Moves,,Substitute,17.647
2020-09_gen3ou-0.json,Medicham,Moves,,Fake Out,16.742
2020-09_gen3ou-0.json,Medicham,Moves,,Mega Kick,12.127
2020-09_gen3ou-0.json,Medicham,Moves,,Endure,8.326
2020-09_gen3ou-0.json,Medicham,Moves,,Return,7.376
2020-09_gen3ou-0.json,Medicham,Moves,,Baton Pass,5.294
2020-09_gen3ou-0.json,Medicham,Moves,,Psychic,3.439
2020-09_gen3ou-0.json,Medicham,Moves,,Hidden Power Rock,2.715
2020-09_gen3ou-0.json,Medicham,Moves,,Hidden Power Bug,2.443
2020-09_gen3ou-0.json,Medicham,Moves,,Other,17.919
2020-09_gen3ou-0.json,Dragonite,Stats,Raw count,,2122
2020-09_gen3ou-0.json,Dragonite,Stats,Avg. weight,,1.0
2020-09_gen3ou-0.json,Dragonite,Stats,Viability Ceiling,,76
2020-09_gen3ou-0.json,Dragonite,Stats,Lonely,,3.252
2020-09_gen3ou-0.json,Dragonite,Stats,Brave,,4.854
2020-09_gen3ou-0.json,Dragonite,Stats,Hasty,,4.854
2020-09_gen3ou-0.json,Dragonite,Stats,Adamant,,3.723
2020-09_gen3ou-0.json,Dragonite,Stats,Modest,,2.922
2020-09_gen3ou-0.json,Dragonite,Abilities,,Inner Focus,100.0
2020-09_gen3ou-0.json,Dragonite,Items,,Leftovers,58.341
2020-09_gen3ou-0.json,Dragonite,Items,,Lum Berry,11.122
2020-09_gen3ou-0.json,Dragonite,Items,,Choice Band,8.294
2020-09_gen3ou-0.json,Dragonite,Items,,Nothing,5.561
2020-09_gen3ou-0.json,Dragonite,Items,,Dragon Fang,3.299
2020-09_gen3ou-0.json,Dragonite,Items,,Petaya Berry,2.451
2020-09_gen3ou-0.json,Dragonite,Items,,Dragon Scale,2.121
2020-09_gen3ou-0.json,Dragonite,Items,,Salac Berry,1.744
2020-09_gen3ou-0.json,Dragonite,Items,,Liechi Berry,1.32
2020-09_gen3ou-0.json,Dragonite,Items,,Bright Powder,0.99
2020-09_gen3ou-0.json,Dragonite,Items,,Other,4.76
2020-09_gen3ou-0.json,Dragonite,Spreads,,Other,72.856
2020-09_gen3ou-0.json,Dragonite,Moves,,Earthquake,55.938
2020-09_gen3ou-0.json,Dragonite,Moves,,Dragon Dance,45.57
2020-09_gen3ou-0.json,Dragonite,Moves,,Ice Beam,32.658
2020-09_gen3ou-0.json,Dragonite,Moves,,Hidden Power Flying,29.689
2020-09_gen3ou-0.json,Dragonite,Moves,,Focus Punch,25.542
2020-09_gen3ou-0.json,Dragonite,Moves,,Brick Break,22.903
2020-09_gen3ou-0.json,Dragonite,Moves,,Fire Blast,22.385
2020-09_gen3ou-0.json,Dragonite,Moves,,Dragon Claw,19.557
2020-09_gen3ou-0.json,Dragonite,Moves,,Thunderbolt,19.321
2020-09_gen3ou-0.json,Dragonite,Moves,,Flamethrower,12.818
2020-09_gen3ou-0.json,Dragonite,Moves,,Substitute,10.98
2020-09_gen3ou-0.json,Dragonite,Moves,,Aerial Ace,10.179
2020-09_gen3ou-0.json,Dragonite,Moves,,Thunder,9.755
2020-09_gen3ou-0.json,Dragonite,Moves,,Outrage,9.001
2020-09_gen3ou-0.json,Dragonite,Moves,,Hidden Power Grass,7.21
2020-09_gen3ou-0.json,Dragonite,Moves,,Double-Edge,5.844
2020-09_gen3ou-0.json,Dragonite,Moves,,Blizzard,5.325
2020-09_gen3ou-0.json,Dragonite,Moves,,Wing Attack,4.147
2020-09_gen3ou-0.json,Dragonite,Moves,,Thunder Wave,3.959
2020-09_gen3ou-0.json,Dragonite,Moves,,Heal Bell,3.911
2020-09_gen3ou-0.json,Dragonite,Moves,,Roar,3.676
2020-09_gen3ou-0.json,Dragonite,Moves,,Hyper Beam,3.629
2020-09_gen3ou-0.json,Dragonite,Moves,,Agility,3.016
2020-09_gen3ou-0.json,Dragonite,Moves,,Dragon Rage,2.498
2020-09_gen3ou-0.json,Dragonite,Moves,,Body Slam,2.403
2020-09_gen3ou-0.json,Dragonite,Moves,,Fly,2.356
2020-09_gen3ou-0.json,Dragonite,Moves,,Twister,2.168
2020-09_gen3ou-0.json,Dragonite,Moves,,Safeguard,2.074
2020-09_gen3ou-0.json,Dragonite,Moves,,Steel Wing,2.026
2020-09_gen3ou-0.json,Dragonite,Moves,,Other,19.463
2020-09_gen3ou-0.json,Jynx,Stats,Raw count,,2092
2020-09_gen3ou-0.json,Jynx,Stats,Avg. weight,,1.0
2020-09_gen3ou-0.json,Jynx,Stats,Viability Ceiling,,85
2020-09_gen3ou-0.json,Jynx,Stats,Timid,,3.107
2020-09_gen3ou-0.json,Jynx,Stats,Modest,,2.390
2020-09_gen3ou-0.json,Jynx,Stats,Jolly,,1.195
2020-09_gen3ou-0.json,Jynx,Abilities,,Oblivious,100.0
2020-09_gen3ou-0.json,Jynx,Items,,Leftovers,86.09
2020-09_gen3ou-0.json,Jynx,Items,,Nothing,6.549
2020-09_gen3ou-0.json,Jynx,Items,,Lum Berry,4.541
2020-09_gen3ou-0.json,Jynx,Items,,Other,2.82
2020-09_gen3ou-0.json,Jynx,Spreads,,Other,13.576
2020-09_gen3ou-0.json,Jynx,Moves,,Lovely Kiss,96.319
2020-09_gen3ou-0.json,Jynx,Moves,,Ice Beam,94.981
2020-09_gen3ou-0.json,Jynx,Moves,,Calm Mind,77.199
2020-09_gen3ou-0.json,Jynx,Moves,,Substitute,68.834
2020-09_gen3ou-0.json,Jynx,Moves,,Psychic,26.004
2020-09_gen3ou-0.json,Jynx,Moves,,Fake Tears,7.696
2020-09_gen3ou-0.json,Jynx,Moves,,Mean Look,4.732
2020-09_gen3ou-0.json,Jynx,Moves,,Hidden Power Fire,4.637
2020-09_gen3ou-0.json,Jynx,Moves,,Other,19.598
2020-09_gen3ou-0.json,Arcanine,Stats,Raw count,,2127
2020-09_gen3ou-0.json,Arcanine,Stats,Avg. weight,,1.0
2020-09_gen3ou-0.json,Arcanine,Stats,Viability Ceiling,,74
2020-09_gen3ou-0.json,Arcanine,Stats,Hasty,,3.714
2020-09_gen3ou-0.json,Arcanine,Stats,Adamant,,8.275
2020-09_gen3ou-0.json,Arcanine,Stats,Modest,,3.479
2020-09_gen3ou-0.json,Arcanine,Stats,Careful,,3.573
2020-09_gen3ou-0.json,Arcanine,Abilities,,Intimidate,91.631
2020-09_gen3ou-0.json,Arcanine,Abilities,,Flash Fire,8.369
2020-09_gen3ou-0.json,Arcanine,Items,,Leftovers,54.49
2020-09_gen3ou-0.json,Arcanine,Items,,Choice Band,11.989
2020-09_gen3ou-0.json,Arcanine,Items,,Lum Berry,10.954
2020-09_gen3ou-0.json,Arcanine,Items,,Nothing,9.873
2020-09_gen3ou-0.json,Arcanine,Items,,Charcoal,6.441
2020-09_gen3ou-0.json,Arcanine,Items,,Liechi Berry,2.163
2020-09_gen3ou-0.json,Arcanine,Items,,Other,4.09
2020-09_gen3ou-0.json,Arcanine,Spreads,,Other,64.081
2020-09_gen3ou-0.json,Arcanine,Moves,,Extreme Speed,86.836
2020-09_gen3ou-0.json,Arcanine,Moves,,Flamethrower,52.28
2020-09_gen3ou-0.json,Arcanine,Moves,,Crunch,30.042
2020-09_gen3ou-0.json,Arcanine,Moves,,Toxic,25.294
2020-09_gen3ou-0.json,Arcanine,Moves,,Overheat,24.73
2020-09_gen3ou-0.json,Arcanine,Moves,,Hidden Power Fighting,24.495
2020-09_gen3ou-0.json,Arcanine,Moves,,Fire Blast,22.802
2020-09_gen3ou-0.json,Arcanine,Moves,,Hidden Power Grass,21.439
2020-09_gen3ou-0.json,Arcanine,Moves,,Roar,16.126
2020-09_gen3ou-0.json,Arcanine,Moves,,Howl,11.283
2020-09_gen3ou-0.json,Arcanine,Moves,,Body Slam,8.604
2020-09_gen3ou-0.json,Arcanine,Moves,,Iron Tail,7.24
2020-09_gen3ou-0.json,Arcanine,Moves,,Agility,6.629
2020-09_gen3ou-0.json,Arcanine,Moves,,Protect,5.595
2020-09_gen3ou-0.json,Arcanine,Moves,,Hidden Power Ice,5.501
2020-09_gen3ou-0.json,Arcanine,Moves,,Thief,5.078
2020-09_gen3ou-0.json,Arcanine,Moves,,Facade,4.654
2020-09_gen3ou-0.json,Arcanine,Moves,,Double-Edge,4.513
2020-09_gen3ou-0.json,Arcanine,Moves,,Heat Wave,4.043
2020-09_gen3ou-0.json,Arcanine,Moves,,Sunny Day,3.479
2020-09_gen3ou-0.json,Arcanine,Moves,,Hidden Power Bug,3.009
2020-09_gen3ou-0.json,Arcanine,Moves,,Rest,2.868
2020-09_gen3ou-0.json,Arcanine,Moves,,Substitute,2.868
2020-09_gen3ou-0.json,Arcanine,Moves,,Hidden Power Electric,2.586
2020-09_gen3ou-0.json,Arcanine,Moves,,Other,18.007
2020-09_gen3ou-0.json,Steelix,Stats,Raw count,,2061
2020-09_gen3ou-0.json,Steelix,Stats,Avg. weight,,1.0
2020-09_gen3ou-0.json,Steelix,Stats,Viability Ceiling,,80
2020-09_gen3ou-0.json,Steelix,Stats,Adamant,,4.658
2020-09_gen3ou-0.json,Steelix,Stats,Impish,,5.337
2020-09_gen3ou-0.json,Steelix,Stats,Brave,,5.919
2020-09_gen3ou-0.json,Steelix,Abilities,,Rock Head,83.891
2020-09_gen3ou-0.json,Steelix,Abilities,,Sturdy,16.109
2020-09_gen3ou-0.json,Steelix,Items,,Leftovers,77.293
2020-09_gen3ou-0.json,Steelix,Items,,Choice Band,11.499
2020-09_gen3ou-0.json,Steelix,Items,,Bright Powder,5.919
2020-09_gen3ou-0.json,Steelix,Items,,Nothing,1.407
2020-09_gen3ou-0.json,Steelix,Items,,Other,3.882
2020-09_gen3ou-0.json,Steelix,Spreads,,Other,42.067
2020-09_gen3ou-0.json,Steelix,Moves,,Earthquake,97.04
2020-09_gen3ou-0.json,Steelix,Moves,,Explosion,76.371
2020-09_gen3ou-0.json,Steelix,Moves,,Protect,41.824
2020-09_gen3ou-0.json,Steelix,Moves,,Roar,33.042
2020-09_gen3ou-0.json,Steelix,Moves,,Hidden Power Rock,32.508
2020-09_gen3ou-0.json,Steelix,Moves,,Rock Slide,28.239
2020-09_gen3ou-0.json,Steelix,Moves,,Toxic,28.093
2020-09_gen3ou-0.json,Steelix,Moves,,Iron Tail,16.497
2020-09_gen3ou-0.json,Steelix,Moves,,Double-Edge,10.432
2020-09_gen3ou-0.json,Steelix,Moves,,Hidden Power Steel,10.335
2020-09_gen3ou-0.json,Steelix,Moves,,Psych Up,7.666
2020-09_gen3ou-0.json,Steelix,Moves,,Other,17.952
2020-09_gen3ou-0.json,Scizor,Stats,Raw count,,1828
2020-09_gen3ou-0.json,Scizor,Stats,Avg. weight,,1.0
2020-09_gen3ou-0.json,Scizor,Stats,Viability Ceiling,,80
2020-09_gen3ou-0.json,Scizor,Stats,Adamant,,5.252
2020-09_gen3ou-0.json,Scizor,Stats,Impish,,10.503
2020-09_gen3ou-0.json,Scizor,Stats,Jolly,,4.650
2020-09_gen3ou-0.json,Scizor,Stats,Naughty,,3.392
2020-09_gen3ou-0.json,Scizor,Abilities,,Swarm,100.0
2020-09_gen3ou-0.json,Scizor,Items,,Leftovers,38.074
2020-09_gen3ou-0.json,Scizor,Items,,Salac Berry,24.234
2020-09_gen3ou-0.json,Scizor,Items,,Liechi Berry,16.849
2020-09_gen3ou-0.json,Scizor,Items,,Lum Berry,5.252
2020-09_gen3ou-0.json,Scizor,Items,,Choice Band,4.978
2020-09_gen3ou-0.json,Scizor,Items,,Starf Berry,3.009
2020-09_gen3ou-0.json,Scizor,Items,,Nothing,2.298
2020-09_gen3ou-0.json,Scizor,Items,,Scope Lens,1.532
2020-09_gen3ou-0.json,Scizor,Items,,Other,3.775
2020-09_gen3ou-0.json,Scizor,Spreads,,Other,55.908
2020-09_gen3ou-0.json,Scizor,Moves,,Swords Dance,66.028
2020-09_gen3ou-0.json,Scizor,Moves,,Baton Pass,50.656
2020-09_gen3ou-0.json,Scizor,Moves,,Silver Wind,44.311
2020-09_gen3ou-0.json,Scizor,Moves,,Agility,42.396
2020-09_gen3ou-0.json,Scizor,Moves,,Hidden Power Rock,26.805
2020-09_gen3ou-0.json,Scizor,Moves,,Endure,26.094
2020-09_gen3ou-0.json,Scizor,Moves,,Reversal,21.554
2020-09_gen3ou-0.json,Scizor,Moves,,Hidden Power Bug,20.46
2020-09_gen3ou-0.json,Scizor,Moves,,Substitute,17.834
2020-09_gen3ou-0.json,Scizor,Moves,,Steel Wing,17.177
2020-09_gen3ou-0.json,Scizor,Moves,,Iron Defense,12.144
2020-09_gen3ou-0.json,Scizor,Moves,,Quick Attack,10.996
2020-09_gen3ou-0.json,Scizor,Moves,,Light Screen,7.33
2020-09_gen3ou-0.json,Scizor,Moves,,Aerial Ace,5.306
2020-09_gen3ou-0.json,Scizor,Moves,,Hidden Power Ghost,4.869
2020-09_gen3ou-0.json,Scizor,Moves,,Double-Edge,3.884
2020-09_gen3ou-0.json,Scizor,Moves,,Hidden Power Fighting,3.775
2020-09_gen3ou-0.json,Scizor,Moves,,Other,18.381
2020-09_gen3ou-0.json,Mr. Mime,Stats,Raw count,,1825
2020-09_gen3ou-0.json,Mr. Mime,Stats,Avg. weight,,1.0
2020-09_gen3ou-0.json,Mr. Mime,Stats,Viability Ceiling,,84
2020-09_gen3ou-0.json,Mr. Mime,Stats,Calm,,3.288
2020-09_gen3ou-0.json,Mr. Mime,Stats,Timid,,3.507
2020-09_gen3ou-0.json,Mr. Mime,Stats,Bold,,3.507
2020-09_gen3ou-0.json,Mr. Mime,Abilities,,Soundproof,100.0
2020-09_gen3ou-0.json,Mr. Mime,Items,,Leftovers,64.986
2020-09_gen3ou-0.json,Mr. Mime,Items,,Choice Band,23.89
2020-09_gen3ou-0.json,Mr. Mime,Items,,Salac Berry,6.959
2020-09_gen3ou-0.json,Mr. Mime,Items,,Other,4.164
2020-09_gen3ou-0.json,Mr. Mime,Spreads,,Other,34.685
2020-09_gen3ou-0.json,Mr. Mime,Moves,,Baton Pass,89.973
2020-09_gen3ou-0.json,Mr. Mime,Moves,,Calm Mind,81.863
2020-09_gen3ou-0.json,Mr. Mime,Moves,,Substitute,76.0
2020-09_gen3ou-0.json,Mr. Mime,Moves,,Encore,47.836
2020-09_gen3ou-0.json,Mr. Mime,Moves,,Trick,24.274
2020-09_gen3ou-0.json,Mr. Mime,Moves,,Psychic,18.301
2020-09_gen3ou-0.json,Mr. Mime,Moves,,Barrier,16.658
2020-09_gen3ou-0.json,Mr. Mime,Moves,,Thunderbolt,10.795
2020-09_gen3ou-0.json,Mr. Mime,Moves,,Thunder Wave,8.767
2020-09_gen3ou-0.json,Mr. Mime,Moves,,Hypnosis,5.808
2020-09_gen3ou-0.json,Mr. Mime,Moves,,Other,19.726
2020-09_gen3ou-0.json,Smeargle,Stats,Raw count,,1699
2020-09_gen3ou-0.json,Smeargle,Stats,Avg. weight,,1.0
2020-09_gen3ou-0.json,Smeargle,Stats,Viability Ceiling,,86
2020-09_gen3ou-0.json,Smeargle,Stats,Jolly,,3.296
2020-09_gen3ou-0.json,Smeargle,Abilities,,Own Tempo,100.0
2020-09_gen3ou-0.json,Smeargle,Items,,Salac Berry,49.088
2020-09_gen3ou-0.json,Smeargle,Items,,Leftovers,40.965
2020-09_gen3ou-0.json,Smeargle,Items,,Quick Claw,3.061
2020-09_gen3ou-0.json,Smeargle,Items,,Soft Sand,1.883
2020-09_gen3ou-0.json,Smeargle,Items,,Choice Band,1.53
2020-09_gen3ou-0.json,Smeargle,Items,,Other,3.473
2020-09_gen3ou-0.json,Smeargle,Spreads,,Other,27.487
2020-09_gen3ou-0.json,Smeargle,Moves,,Spore,99.588
2020-09_gen3ou-0.json,Smeargle,Moves,,Substitute,38.788
2020-09_gen3ou-0.json,Smeargle,Moves,,Spikes,33.785
2020-09_gen3ou-0.json,Smeargle,Moves,,Ingrain,31.842
2020-09_gen3ou-0.json,Smeargle,Moves,,Assist,31.43
2020-09_gen3ou-0.json,Smeargle,Moves,,Endeavor,28.664
2020-09_gen3ou-0.json,Smeargle,Moves,,Endure,24.779
2020-09_gen3ou-0.json,Smeargle,Moves,,Explosion,22.778
2020-09_gen3ou-0.json,Smeargle,Moves,,Extreme Speed,20.777
2020-09_gen3ou-0.json,Smeargle,Moves,,Will-O-Wisp,13.655
2020-09_gen3ou-0.json,Smeargle,Moves,,Transform,6.945
2020-09_gen3ou-0.json,Smeargle,Moves,,Whirlwind,4.885
2020-09_gen3ou-0.json,Smeargle,Moves,,Leech Seed,4.473
2020-09_gen3ou-0.json,Smeargle,Moves,,Belly Drum,4.12
2020-09_gen3ou-0.json,Smeargle,Moves,,Seismic Toss,4.061
2020-09_gen3ou-0.json,Smeargle,Moves,,Taunt,2.943
2020-09_gen3ou-0.json,Smeargle,Moves,,Destiny Bond,2.943
2020-09_gen3ou-0.json,Smeargle,Moves,,Spider Web,2.178
2020-09_gen3ou-0.json,Smeargle,Moves,,Reflect,2.001
2020-09_gen3ou-0.json,Smeargle,Moves,,Other,19.364
2020-09_gen3ou-0.json,Camerupt,Stats,Raw count,,1578
2020-09_gen3ou-0.json,Camerupt,Stats,Avg. weight,,1.0
2020-09_gen3ou-0.json,Camerupt,Stats,Viability Ceiling,,84
2020-09_gen3ou-0.json,Camerupt,Stats,Brave,,3.549
2020-09_gen3ou-0.json,Camerupt,Stats,Quiet,,3.295
2020-09_gen3ou-0.json,Camerupt,Abilities,,Magma Armor,100.0
2020-09_gen3ou-0.json,Camerupt,Items,,Leftovers,68.251
2020-09_gen3ou-0.json,Camerupt,Items,,Quick Claw,15.463
2020-09_gen3ou-0.json,Camerupt,Items,,Choice Band,4.943
2020-09_gen3ou-0.json,Camerupt,Items,,Charcoal,3.359
2020-09_gen3ou-0.json,Camerupt,Items,,Focus Band,2.155
2020-09_gen3ou-0.json,Camerupt,Items,,Black Belt,1.267
2020-09_gen3ou-0.json,Camerupt,Items,,Other,4.563
2020-09_gen3ou-0.json,Camerupt,Spreads,,Other,50.19
2020-09_gen3ou-0.json,Camerupt,Moves,,Earthquake,96.641
2020-09_gen3ou-0.json,Camerupt,Moves,,Explosion,73.954
2020-09_gen3ou-0.json,Camerupt,Moves,,Fire Blast,50.127
2020-09_gen3ou-0.json,Camerupt,Moves,,Toxic,46.388
2020-09_gen3ou-0.json,Camerupt,Moves,,Flamethrower,32.763
2020-09_gen3ou-0.json,Camerupt,Moves,,Rock Slide,25.602
2020-09_gen3ou-0.json,Camerupt,Moves,,Overheat,17.997
2020-09_gen3ou-0.json,Camerupt,Moves,,Rest,9.696
2020-09_gen3ou-0.json,Camerupt,Moves,,Eruption,9.696
2020-09_gen3ou-0.json,Camerupt,Moves,,Hidden Power Grass,9.442
2020-09_gen3ou-0.json,Camerupt,Moves,,Protect,9.189
2020-09_gen3ou-0.json,Camerupt,Moves,,Other,18.504
2020-09_gen3ou-0.json,Donphan,Stats,Raw count,,1522
2020-09_gen3ou-0.json,Donphan,Stats,Avg. weight,,1.0
2020-09_gen3ou-0.json,Donphan,Stats,Viability Ceiling,,86
2020-09_gen3ou-0.json,Donphan,Stats,Impish,,3.154
2020-09_gen3ou-0.json,Donphan,Stats,Adamant,,10.578
2020-09_gen3ou-0.json,Donphan,Abilities,,Sturdy,100.0
2020-09_gen3ou-0.json,Donphan,Items,,Leftovers,82.917
2020-09_gen3ou-0.json,Donphan,Items,,Nothing,8.213
2020-09_gen3ou-0.json,Donphan,Items,,Choice Band,4.599
2020-09_gen3ou-0.json,Donphan,Items,,Other,4.271
2020-09_gen3ou-0.json,Donphan,Spreads,,Other,52.168
2020-09_gen3ou-0.json,Donphan,Moves,,Earthquake,99.606
2020-09_gen3ou-0.json,Donphan,Moves,,Rapid Spin,88.568
2020-09_gen3ou-0.json,Donphan,Moves,,Protect,33.574
2020-09_gen3ou-0.json,Donphan,Moves,,Toxic,30.618
2020-09_gen3ou-0.json,Donphan,Moves,,Rock Slide,24.179
2020-09_gen3ou-0.json,Donphan,Moves,,Hidden Power Rock,22.208
2020-09_gen3ou-0.json,Donphan,Moves,,Ancient Power,18.134
2020-09_gen3ou-0.json,Donphan,Moves,,Rest,13.732
2020-09_gen3ou-0.json,Donphan,Moves,,Counter,13.075
2020-09_gen3ou-0.json,Donphan,Moves,,Roar,12.943
2020-09_gen3ou-0.json,Donphan,Moves,,Body Slam,12.418
2020-09_gen3ou-0.json,Donphan,Moves,,Hidden Power Bug,8.541
2020-09_gen3ou-0.json,Donphan,Moves,,Iron Tail,4.139
2020-09_gen3ou-0.json,Donphan,Moves,,Other,18.265
2020-09_gen3ou-0.json,Crobat,Stats,Raw count,,1454
2020-09_gen3ou-0.json,Crobat,Stats,Avg. weight,,1.0
2020-09_gen3ou-0.json,Crobat,Stats,Viability Ceiling,,73
2020-09_gen3ou-0.json,Crobat,Stats,Jolly,,4.746
2020-09_gen3ou-0.json,Crobat,Stats,Adamant,,10.660
2020-09_gen3ou-0.json,Crobat,Stats,Hasty,,4.677
2020-09_gen3ou-0.json,Crobat,Abilities,,Inner Focus,100.0
2020-09_gen3ou-0.json,Crobat,Items,,Choice Band,48.418
2020-09_gen3ou-0.json,Crobat,Items,,Leftovers,25.997
2020-09_gen3ou-0.json,Crobat,Items,,Lum Berry,9.766
2020-09_gen3ou-0.json,Crobat,Items,,Nothing,4.608
2020-09_gen3ou-0.json,Crobat,Items,,Poison Barb,3.645
2020-09_gen3ou-0.json,Crobat,Items,,Scope Lens,1.376
2020-09_gen3ou-0.json,Crobat,Items,,White Herb,1.238
2020-09_gen3ou-0.json,Crobat,Items,,Other,4.952
2020-09_gen3ou-0.json,Crobat,Spreads,,Other,39.477
2020-09_gen3ou-0.json,Crobat,Moves,,Sludge Bomb,86.726
2020-09_gen3ou-0.json,Crobat,Moves,,Shadow Ball,67.607
2020-09_gen3ou-0.json,Crobat,Moves,,Aerial Ace,49.175
2020-09_gen3ou-0.json,Crobat,Moves,,Hidden Power Ground,25.585
2020-09_gen3ou-0.json,Crobat,Moves,,Taunt,18.294
2020-09_gen3ou-0.json,Crobat,Moves,,Air Cutter,15.681
2020-09_gen3ou-0.json,Crobat,Moves,,Toxic,14.58
2020-09_gen3ou-0.json,Crobat,Moves,,Hidden Power Rock,13.136
2020-09_gen3ou-0.json,Crobat,Moves,,Hidden Power Fighting,12.655
2020-09_gen3ou-0.json,Crobat,Moves,,Hidden Power Flying,8.735
2020-09_gen3ou-0.json,Crobat,Moves,,Steel Wing,7.084
2020-09_gen3ou-0.json,Crobat,Moves,,Confuse Ray,7.015
2020-09_gen3ou-0.json,Crobat,Moves,,Giga Drain,6.74
2020-09_gen3ou-0.json,Crobat,Moves,,Haze,6.327
2020-09_gen3ou-0.json,Crobat,Moves,,Poison Fang,6.19
2020-09_gen3ou-0.json,Crobat,Moves,,Return,6.052
2020-09_gen3ou-0.json,Crobat,Moves,,Fly,5.983
2020-09_gen3ou-0.json,Crobat,Moves,,Mean Look,3.508
2020-09_gen3ou-0.json,Crobat,Moves,,Frustration,3.301
2020-09_gen3ou-0.json,Crobat,Moves,,Rain Dance,3.232
2020-09_gen3ou-0.json,Crobat,Moves,,Pursuit,2.957
2020-09_gen3ou-0.json,Crobat,Moves,,Double-Edge,2.82
2020-09_gen3ou-0.json,Crobat,Moves,,Protect,2.751
2020-09_gen3ou-0.json,Crobat,Moves,,Swagger,2.27
2020-09_gen3ou-0.json,Crobat,Moves,,Curse,2.201
2020-09_gen3ou-0.json,Crobat,Moves,,Other,19.395
2020-09_gen3ou-0.json,Lapras,Stats,Raw count,,1325
2020-09_gen3ou-0.json,Lapras,Stats,Avg. weight,,1.0
2020-09_gen3ou-0.json,Lapras,Stats,Viability Ceiling,,79
2020-09_gen3ou-0.json,Lapras,Stats,Modest,,3.623
2020-09_gen3ou-0.json,Lapras,Stats,Calm,,6.113
2020-09_gen3ou-0.json,Lapras,Stats,Bold,,3.321
2020-09_gen3ou-0.json,Lapras,Abilities,,Water Absorb,90.642
2020-09_gen3ou-0.json,Lapras,Abilities,,Shell Armor,9.358
2020-09_gen3ou-0.json,Lapras,Items,,Leftovers,54.189
2020-09_gen3ou-0.json,Lapras,Items,,Nothing,30.943
2020-09_gen3ou-0.json,Lapras,Items,,Mystic Water,3.019
2020-09_gen3ou-0.json,Lapras,Items,,Chesto Berry,2.264
2020-09_gen3ou-0.json,Lapras,Items,,Never-Melt Ice,2.113
2020-09_gen3ou-0.json,Lapras,Items,,Lum Berry,1.585
2020-09_gen3ou-0.json,Lapras,Items,,Magnet,1.434
2020-09_gen3ou-0.json,Lapras,Items,,Other,4.453
2020-09_gen3ou-0.json,Lapras,Spreads,,Other,52.075
2020-09_gen3ou-0.json,Lapras,Moves,,Ice Beam,87.245
2020-09_gen3ou-0.json,Lapras,Moves,,Surf,63.925
2020-09_gen3ou-0.json,Lapras,Moves,,Thunderbolt,53.283
2020-09_gen3ou-0.json,Lapras,Moves,,Toxic,45.358
2020-09_gen3ou-0.json,Lapras,Moves,,Heal Bell,24.528
2020-09_gen3ou-0.json,Lapras,Moves,,Hydro Pump,20.755
2020-09_gen3ou-0.json,Lapras,Moves,,Perish Song,10.566
2020-09_gen3ou-0.json,Lapras,Moves,,Thunder,10.566
2020-09_gen3ou-0.json,Lapras,Moves,,Psychic,10.491
2020-09_gen3ou-0.json,Lapras,Moves,,Rest,10.113
2020-09_gen3ou-0.json,Lapras,Moves,,Blizzard,9.132
2020-09_gen3ou-0.json,Lapras,Moves,,Roar,8.302
2020-09_gen3ou-0.json,Lapras,Moves,,Sleep Talk,5.887
2020-09_gen3ou-0.json,Lapras,Moves,,Rain Dance,5.132
2020-09_gen3ou-0.json,Lapras,Moves,,Dragon Dance,4.528
2020-09_gen3ou-0.json,Lapras,Moves,,Substitute,4.453
2020-09_gen3ou-0.json,Lapras,Moves,,Body Slam,4.226
2020-09_gen3ou-0.json,Lapras,Moves,,Protect,3.547
2020-09_gen3ou-0.json,Lapras,Moves,,Other,17.962
2020-09_gen3ou-0.json,Regirock,Stats,Raw count,,1175
2020-09_gen3ou-0.json,Regirock,Stats,Avg. weight,,1.0
2020-09_gen3ou-0.json,Regirock,Stats,Viability Ceiling,,84
2020-09_gen3ou-0.json,Regirock,Stats,Adamant,,2.809
2020-09_gen3ou-0.json,Regirock,Stats,Careful,,7.745
2020-09_gen3ou-0.json,Regirock,Stats,Impish,,4.340
2020-09_gen3ou-0.json,Regirock,Abilities,,Clear Body,100.0
2020-09_gen3ou-0.json,Regirock,Items,,Leftovers,58.383
2020-09_gen3ou-0.json,Regirock,Items,,Choice Band,16.851
2020-09_gen3ou-0.json,Regirock,Items,,Nothing,9.447
2020-09_gen3ou-0.json,Regirock,Items,,Chesto Berry,5.021
2020-09_gen3ou-0.json,Regirock,Items,,Lum Berry,3.66
2020-09_gen3ou-0.json,Regirock,Items,,Ganlon Berry,1.872
2020-09_gen3ou-0.json,Regirock,Items,,Other,4.766
2020-09_gen3ou-0.json,Regirock,Spreads,,Other,25.787
2020-09_gen3ou-0.json,Regirock,Moves,,Rock Slide,74.383
2020-09_gen3ou-0.json,Regirock,Moves,,Explosion,74.213
2020-09_gen3ou-0.json,Regirock,Moves,,Earthquake,68.851
2020-09_gen3ou-0.json,Regirock,Moves,,Thunder Wave,48.085
2020-09_gen3ou-0.json,Regirock,Moves,,Curse,32.511
2020-09_gen3ou-0.json,Regirock,Moves,,Superpower,31.234
2020-09_gen3ou-0.json,Regirock,Moves,,Hidden Power Rock,15.915
2020-09_gen3ou-0.json,Regirock,Moves,,Rest,7.234
2020-09_gen3ou-0.json,Regirock,Moves,,Counter,5.872
2020-09_gen3ou-0.json,Regirock,Moves,,Brick Break,5.447
2020-09_gen3ou-0.json,Regirock,Moves,,Toxic,4.681
2020-09_gen3ou-0.json,Regirock,Moves,,Ancient Power,3.83
2020-09_gen3ou-0.json,Regirock,Moves,,Body Slam,2.468
2020-09_gen3ou-0.json,Regirock,Moves,,Nothing,2.128
2020-09_gen3ou-0.json,Regirock,Moves,,Hyper Beam,2.128
2020-09_gen3ou-0.json,Regirock,Moves,,Sunny Day,2.128
2020-09_gen3ou-0.json,Regirock,Moves,,Other,18.894
2020-09_gen3ou-0.json,Cacturne,Stats,Raw count,,1117
2020-09_gen3ou-0.json,Cacturne,Stats,Avg. weight,,1.0
2020-09_gen3ou-0.json,Cacturne,Stats,Viability Ceiling,,86
2020-09_gen3ou-0.json,Cacturne,Stats,Timid,,4.476
2020-09_gen3ou-0.json,Cacturne,Stats,Hasty,,6.267
2020-09_gen3ou-0.json,Cacturne,Stats,Quiet,,4.745
2020-09_gen3ou-0.json,Cacturne,Abilities,,Sand Veil,100.0
2020-09_gen3ou-0.json,Cacturne,Items,,Leftovers,84.423
2020-09_gen3ou-0.json,Cacturne,Items,,Bright Powder,4.834
2020-09_gen3ou-0.json,Cacturne,Items,,Salac Berry,4.208
2020-09_gen3ou-0.json,Cacturne,Items,,Lax Incense,2.059
2020-09_gen3ou-0.json,Cacturne,Items,,Other,4.476
2020-09_gen3ou-0.json,Cacturne,Spreads,,Other,49.776
2020-09_gen3ou-0.json,Cacturne,Moves,,Substitute,79.141
2020-09_gen3ou-0.json,Cacturne,Moves,,Leech Seed,75.47
2020-09_gen3ou-0.json,Cacturne,Moves,,Spikes,54.879
2020-09_gen3ou-0.json,Cacturne,Moves,,Hidden Power Dark,35.721
2020-09_gen3ou-0.json,Cacturne,Moves,,Needle Arm,25.873
2020-09_gen3ou-0.json,Cacturne,Moves,,Focus Punch,25.157
2020-09_gen3ou-0.json,Cacturne,Moves,,Thunder Punch,22.829
2020-09_gen3ou-0.json,Cacturne,Moves,,Hidden Power Grass,22.202
2020-09_gen3ou-0.json,Cacturne,Moves,,Giga Drain,15.13
2020-09_gen3ou-0.json,Cacturne,Moves,,Hidden Power Ice,8.415
2020-09_gen3ou-0.json,Cacturne,Moves,,Destiny Bond,6.714
2020-09_gen3ou-0.json,Cacturne,Moves,,Endure,3.76
2020-09_gen3ou-0.json,Cacturne,Moves,,Hidden Power Bug,3.671
2020-09_gen3ou-0.json,Cacturne,Moves,,Hidden Power Fire,3.312
2020-09_gen3ou-0.json,Cacturne,Moves,,Other,17.726
2020-09_gen3ou-0.json,Tauros,Stats,Raw count,,1094
2020-09_gen3ou-0.json,Tauros,Stats,Avg. weight,,1.0
2020-09_gen3ou-0.json,Tauros,Stats,Viability Ceiling,,80
2020-09_gen3ou-0.json,Tauros,Stats,Adamant,,37.751
2020-09_gen3ou-0.json,Tauros,Stats,Jolly,,22.303
2020-09_gen3ou-0.json,Tauros,Stats,Naive,,2.194
2020-09_gen3ou-0.json,Tauros,Stats,Naughty,,5.393
2020-09_gen3ou-0.json,Tauros,Abilities,,Intimidate,100.0
2020-09_gen3ou-0.json,Tauros,Items,,Choice Band,64.168
2020-09_gen3ou-0.json,Tauros,Items,,Liechi Berry,21.481
2020-09_gen3ou-0.json,Tauros,Items,,Leftovers,4.022
2020-09_gen3ou-0.json,Tauros,Items,,Silk Scarf,3.656
2020-09_gen3ou-0.json,Tauros,Items,,Salac Berry,2.468
2020-09_gen3ou-0.json,Tauros,Items,,Other,4.205
2020-09_gen3ou-0.json,Tauros,Spreads,,Other,17.916
2020-09_gen3ou-0.json,Tauros,Moves,,Earthquake,97.258
2020-09_gen3ou-0.json,Tauros,Moves,,Double-Edge,64.991
2020-09_gen3ou-0.json,Tauros,Moves,,Hidden Power Ghost,56.216
2020-09_gen3ou-0.json,Tauros,Moves,,Return,54.57
2020-09_gen3ou-0.json,Tauros,Moves,,Sleep Talk,22.303
2020-09_gen3ou-0.json,Tauros,Moves,,Refresh,19.287
2020-09_gen3ou-0.json,Tauros,Moves,,Hidden Power Fighting,18.464
2020-09_gen3ou-0.json,Tauros,Moves,,Body Slam,14.991
2020-09_gen3ou-0.json,Tauros,Moves,,Hidden Power Flying,9.781
2020-09_gen3ou-0.json,Tauros,Moves,,Iron Tail,6.947
2020-09_gen3ou-0.json,Tauros,Moves,,Hyper Beam,4.845
2020-09_gen3ou-0.json,Tauros,Moves,,Rock Tomb,4.662
2020-09_gen3ou-0.json,Tauros,Moves,,Hidden Power Rock,4.57
2020-09_gen3ou-0.json,Tauros,Moves,,Facade,3.291
2020-09_gen3ou-0.json,Tauros,Moves,,Other,17.824
2020-09_gen3ou-0.json,Exeggutor,Stats,Raw count,,1047
2020-09_gen3ou-0.json,Exeggutor,Stats,Avg. weight,,1.0
2020-09_gen3ou-0.json,Exeggutor,Stats,Viability Ceiling,,75
2020-09_gen3ou-0.json,Exeggutor,Stats,Modest,,5.444
2020-09_gen3ou-0.json,Exeggutor,Stats,Rash,,4.107
2020-09_gen3ou-0.json,Exeggutor,Stats,Adamant,,4.011
2020-09_gen3ou-0.json,Exeggutor,Abilities,,Chlorophyll,100.0
2020-09_gen3ou-0.json,Exeggutor,Items,,Leftovers,60.84
2020-09_gen3ou-0.json,Exeggutor,Items,,Lum Berry,19.771
2020-09_gen3ou-0.json,Exeggutor,Items,,Miracle Seed,6.781
2020-09_gen3ou-0.json,Exeggutor,Items,,Nothing,3.82
2020-09_gen3ou-0.json,Exeggutor,Items,,Petaya Berry,3.438
2020-09_gen3ou-0.json,Exeggutor,Items,,Focus Band,1.815
2020-09_gen3ou-0.json,Exeggutor,Items,,Other,3.534
2020-09_gen3ou-0.json,Exeggutor,Spreads,,Other,51.671
2020-09_gen3ou-0.json,Exeggutor,Moves,,Solar Beam,74.69
2020-09_gen3ou-0.json,Exeggutor,Moves,,Sunny Day,63.992
2020-09_gen3ou-0.json,Exeggutor,Moves,,Psychic,63.61
2020-09_gen3ou-0.json,Exeggutor,Moves,,Sleep Powder,50.048
2020-09_gen3ou-0.json,Exeggutor,Moves,,Hidden Power Fire,37.058
2020-09_gen3ou-0.json,Exeggutor,Moves,,Explosion,28.08
2020-09_gen3ou-0.json,Exeggutor,Moves,,Giga Drain,27.985
2020-09_gen3ou-0.json,Exeggutor,Moves,,Leech Seed,10.888
2020-09_gen3ou-0.json,Exeggutor,Moves,,Hidden Power Ice,7.736
2020-09_gen3ou-0.json,Exeggutor,Moves,,Synthesis,5.826
2020-09_gen3ou-0.json,Exeggutor,Moves,,Substitute,3.056
2020-09_gen3ou-0.json,Exeggutor,Moves,,Light Screen,2.77
2020-09_gen3ou-0.json,Exeggutor,Moves,,Hidden Power Grass,2.579
2020-09_gen3ou-0.json,Exeggutor,Moves,,Facade,2.388
2020-09_gen3ou-0.json,Exeggutor,Moves,,Other,19.293
2020-09_gen3ou-0.json,Armaldo,Stats,Raw count,,1060
2020-09_gen3ou-0.json,Armaldo,Stats,Avg. weight,,1.0
2020-09_gen3ou-0.json,Armaldo,Stats,Viability Ceiling,,85
2020-09_gen3ou-0.json,Armaldo,Stats,Brave,,11.321
2020-09_gen3ou-0.json,Armaldo,Stats,Adamant,,6.698
2020-09_gen3ou-0.json,Armaldo,Stats,Careful,,3.868
2020-09_gen3ou-0.json,Armaldo,Stats,Hardy,,5.283
2020-09_gen3ou-0.json,Armaldo,Abilities,,Battle Armor,100.0
2020-09_gen3ou-0.json,Armaldo,Items,,Leftovers,63.774
2020-09_gen3ou-0.json,Armaldo,Items,,Choice Band,11.415
2020-09_gen3ou-0.json,Armaldo,Items,,Lum Berry,6.321
2020-09_gen3ou-0.json,Armaldo,Items,,Scope Lens,6.132
2020-09_gen3ou-0.json,Armaldo,Items,,Salac Berry,2.83
2020-09_gen3ou-0.json,Armaldo,Items,,Quick Claw,2.736
2020-09_gen3ou-0.json,Armaldo,Items,,Nothing,2.547
2020-09_gen3ou-0.json,Armaldo,Items,,Other,4.245
2020-09_gen3ou-0.json,Armaldo,Spreads,,Other,56.226
2020-09_gen3ou-0.json,Armaldo,Moves,,Hidden Power Bug,54.528
2020-09_gen3ou-0.json,Armaldo,Moves,,Earthquake,36.038
2020-09_gen3ou-0.json,Armaldo,Moves,,Knock Off,35.472
2020-09_gen3ou-0.json,Armaldo,Moves,,Rock Blast,35.189
2020-09_gen3ou-0.json,Armaldo,Moves,,Swords Dance,27.736
2020-09_gen3ou-0.json,Armaldo,Moves,,Rock Slide,26.415
2020-09_gen3ou-0.json,Armaldo,Moves,,Brick Break,21.604
2020-09_gen3ou-0.json,Armaldo,Moves,,Rest,20.66
2020-09_gen3ou-0.json,Armaldo,Moves,,Rapid Spin,20.472
2020-09_gen3ou-0.json,Armaldo,Moves,,Seismic Toss,19.623
2020-09_gen3ou-0.json,Armaldo,Moves,,Ancient Power,17.264
2020-09_gen3ou-0.json,Armaldo,Moves,,Mimic,15.283
2020-09_gen3ou-0.json,Armaldo,Moves,,Harden,13.396
2020-09_gen3ou-0.json,Armaldo,Moves,,Body Slam,10.943
2020-09_gen3ou-0.json,Armaldo,Moves,,Aerial Ace,8.113
2020-09_gen3ou-0.json,Armaldo,Moves,,Metal Claw,5.849
2020-09_gen3ou-0.json,Armaldo,Moves,,Iron Tail,3.679
2020-09_gen3ou-0.json,Armaldo,Moves,,Water Pulse,3.585
2020-09_gen3ou-0.json,Armaldo,Moves,,Protect,3.585
2020-09_gen3ou-0.json,Armaldo,Moves,,Slash,3.491
2020-09_gen3ou-0.json,Armaldo,Moves,,Other,17.075
2020-09_gen3ou-0.json,Rhydon,Stats,Raw count,,1002
2020-09_gen3ou-0.json,Rhydon,Stats,Avg. weight,,1.0
2020-09_gen3ou-0.json,Rhydon,Stats,Viability Ceiling,,79
2020-09_gen3ou-0.json,Rhydon,Stats,Adamant,,5.788
2020-09_gen3ou-0.json,Rhydon,Stats,Impish,,9.281
2020-09_gen3ou-0.json,Rhydon,Stats,Jolly,,8.084
2020-09_gen3ou-0.json,Rhydon,Abilities,,Rock Head,59.581
2020-09_gen3ou-0.json,Rhydon,Abilities,,Lightning Rod,40.419
2020-09_gen3ou-0.json,Rhydon,Items,,Leftovers,49.701
2020-09_gen3ou-0.json,Rhydon,Items,,Choice Band,19.561
2020-09_gen3ou-0.json,Rhydon,Items,,Salac Berry,19.461
2020-09_gen3ou-0.json,Rhydon,Items,,Quick Claw,5.788
2020-09_gen3ou-0.json,Rhydon,Items,,Hard Stone,1.198
2020-09_gen3ou-0.json,Rhydon,Items,,Other,4.291
2020-09_gen3ou-0.json,Rhydon,Spreads,,Other,50.798
2020-09_gen3ou-0.json,Rhydon,Moves,,Earthquake,93.313
2020-09_gen3ou-0.json,Rhydon,Moves,,Rock Slide,63.273
2020-09_gen3ou-0.json,Rhydon,Moves,,Megahorn,51.597
2020-09_gen3ou-0.json,Rhydon,Moves,,Swords Dance,34.232
2020-09_gen3ou-0.json,Rhydon,Moves,,Double-Edge,28.842
2020-09_gen3ou-0.json,Rhydon,Moves,,Substitute,20.958
2020-09_gen3ou-0.json,Rhydon,Moves,,Rock Blast,20.958
2020-09_gen3ou-0.json,Rhydon,Moves,,Focus Punch,20.259
2020-09_gen3ou-0.json,Rhydon,Moves,,Brick Break,18.263
2020-09_gen3ou-0.json,Rhydon,Moves,,Endure,11.078
2020-09_gen3ou-0.json,Rhydon,Moves,,Hidden Power Rock,10.279
2020-09_gen3ou-0.json,Rhydon,Moves,,Curse,4.691
2020-09_gen3ou-0.json,Rhydon,Moves,,Crunch,2.695
2020-09_gen3ou-0.json,Rhydon,Moves,,Other,19.561
2020-09_gen3ou-0.json,Registeel,Stats,Raw count,,916
2020-09_gen3ou-0.json,Registeel,Stats,Avg. weight,,1.0
2020-09_gen3ou-0.json,Registeel,Stats,Viability Ceiling,,84
2020-09_gen3ou-0.json,Registeel,Stats,Impish,,4.585
2020-09_gen3ou-0.json,Registeel,Stats,Careful,,4.258
2020-09_gen3ou-0.json,Registeel,Stats,Bold,,5.131
2020-09_gen3ou-0.json,Registeel,Stats,Calm,,4.694
2020-09_gen3ou-0.json,Registeel,Abilities,,Clear Body,100.0
2020-09_gen3ou-0.json,Registeel,Items,,Leftovers,84.061
2020-09_gen3ou-0.json,Registeel,Items,,Nothing,4.039
2020-09_gen3ou-0.json,Registeel,Items,,Choice Band,3.275
2020-09_gen3ou-0.json,Registeel,Items,,Hard Stone,2.183
2020-09_gen3ou-0.json,Registeel,Items,,Chesto Berry,1.965
2020-09_gen3ou-0.json,Registeel,Items,,Other,4.476
2020-09_gen3ou-0.json,Registeel,Spreads,,Other,48.472
2020-09_gen3ou-0.json,Registeel,Moves,,Thunder Wave,57.533
2020-09_gen3ou-0.json,Registeel,Moves,,Explosion,54.694
2020-09_gen3ou-0.json,Registeel,Moves,,Seismic Toss,53.493
2020-09_gen3ou-0.json,Registeel,Moves,,Counter,38.537
2020-09_gen3ou-0.json,Registeel,Moves,,Rest,28.166
2020-09_gen3ou-0.json,Registeel,Moves,,Curse,25.0
2020-09_gen3ou-0.json,Registeel,Moves,,Earthquake,19.76
2020-09_gen3ou-0.json,Registeel,Moves,,Toxic,19.541
2020-09_gen3ou-0.json,Registeel,Moves,,Hidden Power Steel,14.083
2020-09_gen3ou-0.json,Registeel,Moves,,Sleep Talk,9.279
2020-09_gen3ou-0.json,Registeel,Moves,,Rock Slide,8.624
2020-09_gen3ou-0.json,Registeel,Moves,,Amnesia,8.406
2020-09_gen3ou-0.json,Registeel,Moves,,Superpower,7.205
2020-09_gen3ou-0.json,Registeel,Moves,,Substitute,5.022
2020-09_gen3ou-0.json,Registeel,Moves,,Rollout,4.694
2020-09_gen3ou-0.json,Registeel,Moves,,Iron Defense,4.585
2020-09_gen3ou-0.json,Registeel,Moves,,Ice Punch,3.93
2020-09_gen3ou-0.json,Registeel,Moves,,Protect,3.93
2020-09_gen3ou-0.json,Registeel,Moves,,Thunder,3.712
2020-09_gen3ou-0.json,Registeel,Moves,,Ancient Power,3.275
2020-09_gen3ou-0.json,Registeel,Moves,,Metal Claw,3.057
2020-09_gen3ou-0.json,Registeel,Moves,,Thunderbolt,2.948
2020-09_gen3ou-0.json,Registeel,Moves,,Focus Punch,2.838
2020-09_gen3ou-0.json,Registeel,Moves,,Other,17.686
2020-09_gen3ou-0.json,Espeon,Stats,Raw count,,877
2020-09_gen3ou-0.json,Espeon,Stats,Avg. weight,,1.0
2020-09_gen3ou-0.json,Espeon,Stats,Viability Ceiling,,73
2020-09_gen3ou-0.json,Espeon,Stats,Timid,,3.421
2020-09_gen3ou-0.json,Espeon,Stats,Hasty,,8.210
2020-09_gen3ou-0.json,Espeon,Abilities,,Synchronize,100.0
2020-09_gen3ou-0.json,Espeon,Items,,Leftovers,56.442
2020-09_gen3ou-0.json,Espeon,Items,,Lum Berry,28.278
2020-09_gen3ou-0.json,Espeon,Items,,Twisted Spoon,6.271
2020-09_gen3ou-0.json,Espeon,Items,,Silk Scarf,2.395
2020-09_gen3ou-0.json,Espeon,Items,,Salac Berry,1.596
2020-09_gen3ou-0.json,Espeon,Items,,Starf Berry,1.368
2020-09_gen3ou-0.json,Espeon,Items,,Other,3.649
2020-09_gen3ou-0.json,Espeon,Spreads,,Other,33.979
2020-09_gen3ou-0.json,Espeon,Moves,,Psychic,91.448
2020-09_gen3ou-0.json,Espeon,Moves,,Calm Mind,90.764
2020-09_gen3ou-0.json,Espeon,Moves,,Baton Pass,47.548
2020-09_gen3ou-0.json,Espeon,Moves,,Substitute,32.383
2020-09_gen3ou-0.json,Espeon,Moves,,Charm,20.981
2020-09_gen3ou-0.json,Espeon,Moves,,Reflect,16.534
2020-09_gen3ou-0.json,Espeon,Moves,,Wish,14.823
2020-09_gen3ou-0.json,Espeon,Moves,,Bite,12.771
2020-09_gen3ou-0.json,Espeon,Moves,,Morning Sun,7.754
2020-09_gen3ou-0.json,Espeon,Moves,,Hidden Power Fire,7.64
2020-09_gen3ou-0.json,Espeon,Moves,,Hidden Power Grass,7.298
2020-09_gen3ou-0.json,Espeon,Moves,,Hidden Power Electric,6.613
2020-09_gen3ou-0.json,Espeon,Moves,,Rest,5.245
2020-09_gen3ou-0.json,Espeon,Moves,,Light Screen,5.131
2020-09_gen3ou-0.json,Espeon,Moves,,Shadow Ball,4.903
2020-09_gen3ou-0.json,Espeon,Moves,,Hidden Power Water,3.991
2020-09_gen3ou-0.json,Espeon,Moves,,Protect,3.877
2020-09_gen3ou-0.json,Espeon,Moves,,Hyper Beam,3.535
2020-09_gen3ou-0.json,Espeon,Moves,,Other,16.762
2020-09_gen3ou-0.json,Cradily,Stats,Raw count,,846
2020-09_gen3ou-0.json,Cradily,Stats,Avg. weight,,1.0
2020-09_gen3ou-0.json,Cradily,Stats,Viability Ceiling,,74
2020-09_gen3ou-0.json,Cradily,Stats,Relaxed,,14.421
2020-09_gen3ou-0.json,Cradily,Stats,Adamant,,4.374
2020-09_gen3ou-0.json,Cradily,Stats,Careful,,8.392
2020-09_gen3ou-0.json,Cradily,Stats,Modest,,6.028
2020-09_gen3ou-0.json,Cradily,Stats,Hardy,,4.728
2020-09_gen3ou-0.json,Cradily,Abilities,,Suction Cups,100.0
2020-09_gen3ou-0.json,Cradily,Items,,Leftovers,64.894
2020-09_gen3ou-0.json,Cradily,Items,,Lum Berry,18.794
2020-09_gen3ou-0.json,Cradily,Items,,Hard Stone,6.619
2020-09_gen3ou-0.json,Cradily,Items,,Nothing,3.664
2020-09_gen3ou-0.json,Cradily,Items,,Quick Claw,2.364
2020-09_gen3ou-0.json,Cradily,Items,,Other,3.664
2020-09_gen3ou-0.json,Cradily,Spreads,,Other,52.837
2020-09_gen3ou-0.json,Cradily,Moves,,Recover,64.894
2020-09_gen3ou-0.json,Cradily,Moves,,Giga Drain,56.856
2020-09_gen3ou-0.json,Cradily,Moves,,Toxic,52.837
2020-09_gen3ou-0.json,Cradily,Moves,,Ancient Power,42.199
2020-09_gen3ou-0.json,Cradily,Moves,,Rock Slide,31.206
2020-09_gen3ou-0.json,Cradily,Moves,,Earthquake,26.832
2020-09_gen3ou-0.json,Cradily,Moves,,Barrier,18.44
2020-09_gen3ou-0.json,Cradily,Moves,,Sludge Bomb,14.894
2020-09_gen3ou-0.json,Cradily,Moves,,Hidden Power Fire,13.948
2020-09_gen3ou-0.json,Cradily,Moves,,Confuse Ray,13.239
2020-09_gen3ou-0.json,Cradily,Moves,,Amnesia,10.047
2020-09_gen3ou-0.json,Cradily,Moves,,Mirror Coat,8.392
2020-09_gen3ou-0.json,Cradily,Moves,,Protect,8.038
2020-09_gen3ou-0.json,Cradily,Moves,,Rest,6.974
2020-09_gen3ou-0.json,Cradily,Moves,,Substitute,4.019
2020-09_gen3ou-0.json,Cradily,Moves,,Ingrain,3.546
2020-09_gen3ou-0.json,Cradily,Moves,,Sleep Talk,2.719
2020-09_gen3ou-0.json,Cradily,Moves,,Hidden Power Grass,2.128
2020-09_gen3ou-0.json,Cradily,Moves,,Other,18.794
2020-09_gen3ou-0.json,Poliwrath,Stats,Raw count,,910
2020-09_gen3ou-0.json,Poliwrath,Stats,Avg. weight,,1.0
2020-09_gen3ou-0.json,Poliwrath,Stats,Viability Ceiling,,75
2020-09_gen3ou-0.json,Poliwrath,Stats,Impish,,30.110
2020-09_gen3ou-0.json,Poliwrath,Stats,Adamant,,6.923
2020-09_gen3ou-0.json,Poliwrath,Stats,Jolly,,11.648
2020-09_gen3ou-0.json,Poliwrath,Stats,Brave,,7.143
2020-09_gen3ou-0.json,Poliwrath,Stats,Naughty,,5.385
2020-09_gen3ou-0.json,Poliwrath,Abilities,,Water Absorb,52.637
2020-09_gen3ou-0.json,Poliwrath,Abilities,,Damp,47.363
2020-09_gen3ou-0.json,Poliwrath,Items,,Leftovers,65.824
2020-09_gen3ou-0.json,Poliwrath,Items,,Choice Band,19.341
2020-09_gen3ou-0.json,Poliwrath,Items,,Salac Berry,10.879
2020-09_gen3ou-0.json,Poliwrath,Items,,Other,3.956
2020-09_gen3ou-0.json,Poliwrath,Spreads,,Other,24.396
2020-09_gen3ou-0.json,Poliwrath,Moves,,Brick Break,67.912
2020-09_gen3ou-0.json,Poliwrath,Moves,,Hidden Power Ghost,49.121
2020-09_gen3ou-0.json,Poliwrath,Moves,,Bulk Up,47.363
2020-09_gen3ou-0.json,Poliwrath,Moves,,Substitute,38.901
2020-09_gen3ou-0.json,Poliwrath,Moves,,Rest,30.0
2020-09_gen3ou-0.json,Poliwrath,Moves,,Focus Punch,29.67
2020-09_gen3ou-0.json,Poliwrath,Moves,,Ice Beam,18.901
2020-09_gen3ou-0.json,Poliwrath,Moves,,Hypnosis,17.143
2020-09_gen3ou-0.json,Poliwrath,Moves,,Hidden Power Rock,14.286
2020-09_gen3ou-0.json,Poliwrath,Moves,,Body Slam,13.736
2020-09_gen3ou-0.json,Poliwrath,Moves,,Earthquake,12.637
2020-09_gen3ou-0.json,Poliwrath,Moves,,Belly Drum,12.308
2020-09_gen3ou-0.json,Poliwrath,Moves,,Surf,10.44
2020-09_gen3ou-0.json,Poliwrath,Moves,,Blizzard,8.462
2020-09_gen3ou-0.json,Poliwrath,Moves,,Rock Tomb,6.593
2020-09_gen3ou-0.json,Poliwrath,Moves,,Return,3.846
2020-09_gen3ou-0.json,Poliwrath,Moves,,Other,18.681
2020-09_gen3ou-0.json,Miltank,Stats,Raw count,,824
2020-09_gen3ou-0.json,Miltank,Stats,Avg. weight,,1.0
2020-09_gen3ou-0.json,Miltank,Stats,Viability Ceiling,,75
2020-09_gen3ou-0.json,Miltank,Stats,Impish,,4.126
2020-09_gen3ou-0.json,Miltank,Stats,Adamant,,7.888
2020-09_gen3ou-0.json,Miltank,Stats,Careful,,1.820
2020-09_gen3ou-0.json,Miltank,Abilities,,Thick Fat,100.0
2020-09_gen3ou-0.json,Miltank,Items,,Leftovers,91.505
2020-09_gen3ou-0.json,Miltank,Items,,Lum Berry,5.34
2020-09_gen3ou-0.json,Miltank,Items,,Other,3.155
2020-09_gen3ou-0.json,Miltank,Spreads,,Other,26.942
2020-09_gen3ou-0.json,Miltank,Moves,,Milk Drink,92.84
2020-09_gen3ou-0.json,Miltank,Moves,,Body Slam,84.345
2020-09_gen3ou-0.json,Miltank,Moves,,Heal Bell,79.49
2020-09_gen3ou-0.json,Miltank,Moves,,Thunder Wave,50.728
2020-09_gen3ou-0.json,Miltank,Moves,,Curse,23.908
2020-09_gen3ou-0.json,Miltank,Moves,,Shadow Ball,10.316
2020-09_gen3ou-0.json,Miltank,Moves,,Earthquake,8.01
2020-09_gen3ou-0.json,Miltank,Moves,,Rollout,7.646
2020-09_gen3ou-0.json,Miltank,Moves,,Rock Slide,5.704
2020-09_gen3ou-0.json,Miltank,Moves,,Brick Break,4.854
2020-09_gen3ou-0.json,Miltank,Moves,,Return,4.369
2020-09_gen3ou-0.json,Miltank,Moves,,Seismic Toss,3.883
2020-09_gen3ou-0.json,Miltank,Moves,,Toxic,3.641
2020-09_gen3ou-0.json,Miltank,Moves,,Counter,2.184
2020-09_gen3ou-0.json,Miltank,Moves,,Other,18.083
2020-09_gen3ou-0.json,Aggron,Stats,Raw count,,838
2020-09_gen3ou-0.json,Aggron,Stats,Avg. weight,,1.0
2020-09_gen3ou-0.json,Aggron,Stats,Viability Ceiling,,73
2020-09_gen3ou-0.json,Aggron,Stats,Adamant,,10.501
2020-09_gen3ou-0.json,Aggron,Stats,Brave,,6.205
2020-09_gen3ou-0.json,Aggron,Stats,Hardy,,5.251
2020-09_gen3ou-0.json,Aggron,Stats,Jolly,,4.654
2020-09_gen3ou-0.json,Aggron,Stats,Quiet,,4.415
2020-09_gen3ou-0.json,Aggron,Stats,Timid,,4.296
2020-09_gen3ou-0.json,Aggron,Abilities,,Sturdy,63.484
2020-09_gen3ou-0.json,Aggron,Abilities,,Rock Head,36.516
2020-09_gen3ou-0.json,Aggron,Items,,Leftovers,47.017
2020-09_gen3ou-0.json,Aggron,Items,,Lum Berry,13.246
2020-09_gen3ou-0.json,Aggron,Items,,Salac Berry,12.172
2020-09_gen3ou-0.json,Aggron,Items,,Choice Band,7.757
2020-09_gen3ou-0.json,Aggron,Items,,Nothing,7.518
2020-09_gen3ou-0.json,Aggron,Items,,Hard Stone,3.699
2020-09_gen3ou-0.json,Aggron,Items,,Sitrus Berry,1.551
2020-09_gen3ou-0.json,Aggron,Items,,Quick Claw,0.835
2020-09_gen3ou-0.json,Aggron,Items,,Soft Sand,0.835
2020-09_gen3ou-0.json,Aggron,Items,,Apicot Berry,0.835
2020-09_gen3ou-0.json,Aggron,Items,,Other,4.535
2020-09_gen3ou-0.json,Aggron,Spreads,,Other,64.678
2020-09_gen3ou-0.json,Aggron,Moves,,Earthquake,54.654
2020-09_gen3ou-0.json,Aggron,Moves,,Rock Slide,46.42
2020-09_gen3ou-0.json,Aggron,Moves,,Iron Tail,34.129
2020-09_gen3ou-0.json,Aggron,Moves,,Dragon Claw,23.747
2020-09_gen3ou-0.json,Aggron,Moves,,Double-Edge,19.332
2020-09_gen3ou-0.json,Aggron,Moves,,Substitute,17.78
2020-09_gen3ou-0.json,Aggron,Moves,,Endeavor,17.422
2020-09_gen3ou-0.json,Aggron,Moves,,Focus Punch,16.348
2020-09_gen3ou-0.json,Aggron,Moves,,Brick Break,15.871
2020-09_gen3ou-0.json,Aggron,Moves,,Iron Defense,13.126
2020-09_gen3ou-0.json,Aggron,Moves,,Thunder,12.172
2020-09_gen3ou-0.json,Aggron,Moves,,Thunder Wave,11.814
2020-09_gen3ou-0.json,Aggron,Moves,,Ice Beam,11.098
2020-09_gen3ou-0.json,Aggron,Moves,,Endure,8.95
2020-09_gen3ou-0.json,Aggron,Moves,,Blizzard,8.592
2020-09_gen3ou-0.json,Aggron,Moves,,Surf,7.995
2020-09_gen3ou-0.json,Aggron,Moves,,Fire Blast,7.637
2020-09_gen3ou-0.json,Aggron,Moves,,Hidden Power Steel,7.279
2020-09_gen3ou-0.json,Aggron,Moves,,Thunderbolt,6.683
2020-09_gen3ou-0.json,Aggron,Moves,,Flamethrower,6.086
2020-09_gen3ou-0.json,Aggron,Moves,,Body Slam,4.654
2020-09_gen3ou-0.json,Aggron,Moves,,Protect,3.699
2020-09_gen3ou-0.json,Aggron,Moves,,Rock Tomb,3.461
2020-09_gen3ou-0.json,Aggron,Moves,,Fire Punch,3.341
2020-09_gen3ou-0.json,Aggron,Moves,,Counter,3.341
2020-09_gen3ou-0.json,Aggron,Moves,,Solar Beam,2.864
2020-09_gen3ou-0.json,Aggron,Moves,,Hidden Power Rock,2.745
2020-09_gen3ou-0.json,Aggron,Moves,,Metal Claw,2.387
2020-09_gen3ou-0.json,Aggron,Moves,,Aerial Ace,2.387
2020-09_gen3ou-0.json,Aggron,Moves,,Taunt,2.267
2020-09_gen3ou-0.json,Aggron,Moves,,Toxic,1.909
2020-09_gen3ou-0.json,Aggron,Moves,,Other,19.809
2020-09_gen3ou-0.json,Jumpluff,Stats,Raw count,,776
2020-09_gen3ou-0.json,Jumpluff,Stats,Avg. weight,,1.0
2020-09_gen3ou-0.json,Jumpluff,Stats,Viability Ceiling,,83
2020-09_gen3ou-0.json,Jumpluff,Stats,Timid,,13.402
2020-09_gen3ou-0.json,Jumpluff,Stats,Jolly,,5.155
2020-09_gen3ou-0.json,Jumpluff,Abilities,,Chlorophyll,100.0
2020-09_gen3ou-0.json,Jumpluff,Items,,Leftovers,97.036
2020-09_gen3ou-0.json,Jumpluff,Items,,Other,2.964
2020-09_gen3ou-0.json,Jumpluff,Spreads,,Other,32.088
2020-09_gen3ou-0.json,Jumpluff,Moves,,Leech Seed,93.041
2020-09_gen3ou-0.json,Jumpluff,Moves,,Sleep Powder,89.562
2020-09_gen3ou-0.json,Jumpluff,Moves,,Substitute,89.433
2020-09_gen3ou-0.json,Jumpluff,Moves,,Encore,88.66
2020-09_gen3ou-0.json,Jumpluff,Moves,,Giga Drain,9.021
2020-09_gen3ou-0.json,Jumpluff,Moves,,Stun Spore,8.763
2020-09_gen3ou-0.json,Jumpluff,Moves,,Toxic,3.995
2020-09_gen3ou-0.json,Jumpluff,Moves,,Other,17.526
2020-09_gen3ou-0.json,Articuno,Stats,Raw count,,782
2020-09_gen3ou-0.json,Articuno,Stats,Avg. weight,,1.0
2020-09_gen3ou-0.json,Articuno,Stats,Viability Ceiling,,79
2020-09_gen3ou-0.json,Articuno,Stats,Calm,,3.069
2020-09_gen3ou-0.json,Articuno,Stats,Timid,,6.394
2020-09_gen3ou-0.json,Articuno,Stats,Modest,,5.115
2020-09_gen3ou-0.json,Articuno,Abilities,,Pressure,100.0
2020-09_gen3ou-0.json,Articuno,Items,,Leftovers,86.957
2020-09_gen3ou-0.json,Articuno,Items,,Never-Melt Ice,7.928
2020-09_gen3ou-0.json,Articuno,Items,,Salac Berry,1.662
2020-09_gen3ou-0.json,Articuno,Items,,Other,3.453
2020-09_gen3ou-0.json,Articuno,Spreads,,Other,37.724
2020-09_gen3ou-0.json,Articuno,Moves,,Ice Beam,70.972
2020-09_gen3ou-0.json,Articuno,Moves,,Roar,58.184
2020-09_gen3ou-0.json,Articuno,Moves,,Rest,50.256
2020-09_gen3ou-0.json,Articuno,Moves,,Sleep Talk,43.223
2020-09_gen3ou-0.json,Articuno,Moves,,Heal Bell,43.095
2020-09_gen3ou-0.json,Articuno,Moves,,Toxic,22.379
2020-09_gen3ou-0.json,Articuno,Moves,,Blizzard,20.716
2020-09_gen3ou-0.json,Articuno,Moves,,Agility,12.276
2020-09_gen3ou-0.json,Articuno,Moves,,Aerial Ace,9.207
2020-09_gen3ou-0.json,Articuno,Moves,,Hail,8.184
2020-09_gen3ou-0.json,Articuno,Moves,,Protect,8.056
2020-09_gen3ou-0.json,Articuno,Moves,,Hidden Power Fire,7.033
2020-09_gen3ou-0.json,Articuno,Moves,,Haze,7.033
2020-09_gen3ou-0.json,Articuno,Moves,,Reflect,6.777
2020-09_gen3ou-0.json,Articuno,Moves,,Hidden Power Grass,6.394
2020-09_gen3ou-0.json,Articuno,Moves,,Extrasensory,5.882
2020-09_gen3ou-0.json,Articuno,Moves,,Icy Wind,2.046
2020-09_gen3ou-0.json,Articuno,Moves,,Other,18.286
2020-09_gen3ou-0.json,Swellow,Stats,Raw count,,758
2020-09_gen3ou-0.json,Swellow,Stats,Avg. weight,,1.0
2020-09_gen3ou-0.json,Swellow,Stats,Viability Ceiling,,71
2020-09_gen3ou-0.json,Swellow,Stats,Jolly,,2.770
2020-09_gen3ou-0.json,Swellow,Stats,Naive,,4.749
2020-09_gen3ou-0.json,Swellow,Stats,Adamant,,2.770
2020-09_gen3ou-0.json,Swellow,Abilities,,Guts,100.0
2020-09_gen3ou-0.json,Swellow,Items,,Choice Band,39.314
2020-09_gen3ou-0.json,Swellow,Items,,Leftovers,15.04
2020-09_gen3ou-0.json,Swellow,Items,,King's Rock,8.971
2020-09_gen3ou-0.json,Swellow,Items,,Starf Berry,6.464
2020-09_gen3ou-0.json,Swellow,Items,,Lum Berry,5.673
2020-09_gen3ou-0.json,Swellow,Items,,Sharp Beak,5.145
2020-09_gen3ou-0.json,Swellow,Items,,Liechi Berry,4.617
2020-09_gen3ou-0.json,Swellow,Items,,Nothing,4.617
2020-09_gen3ou-0.json,Swellow,Items,,Focus Band,2.77
2020-09_gen3ou-0.json,Swellow,Items,,Silk Scarf,2.639
2020-09_gen3ou-0.json,Swellow,Items,,Other,4.749
2020-09_gen3ou-0.json,Swellow,Spreads,,Other,38.127
2020-09_gen3ou-0.json,Swellow,Moves,,Facade,57.652
2020-09_gen3ou-0.json,Swellow,Moves,,Aerial Ace,38.786
2020-09_gen3ou-0.json,Swellow,Moves,,Double-Edge,33.905
2020-09_gen3ou-0.json,Swellow,Moves,,Baton Pass,33.641
2020-09_gen3ou-0.json,Swellow,Moves,,Hidden Power Flying,30.211
2020-09_gen3ou-0.json,Swellow,Moves,,Return,25.198
2020-09_gen3ou-0.json,Swellow,Moves,,Endeavor,19.921
2020-09_gen3ou-0.json,Swellow,Moves,,Hidden Power Fighting,19.525
2020-09_gen3ou-0.json,Swellow,Moves,,Quick Attack,19.525
2020-09_gen3ou-0.json,Swellow,Moves,,Steel Wing,17.81
2020-09_gen3ou-0.json,Swellow,Moves,,Agility,17.15
2020-09_gen3ou-0.json,Swellow,Moves,,Fly,14.644
2020-09_gen3ou-0.json,Swellow,Moves,,Substitute,12.929
2020-09_gen3ou-0.json,Swellow,Moves,,Wing Attack,8.311
2020-09_gen3ou-0.json,Swellow,Moves,,Sleep Talk,6.464
2020-09_gen3ou-0.json,Swellow,Moves,,Hidden Power Ground,5.409
2020-09_gen3ou-0.json,Swellow,Moves,,Toxic,4.485
2020-09_gen3ou-0.json,Swellow,Moves,,Sky Attack,4.485
2020-09_gen3ou-0.json,Swellow,Moves,,Hyper Beam,3.562
2020-09_gen3ou-0.json,Swellow,Moves,,Protect,3.43
2020-09_gen3ou-0.json,Swellow,Moves,,Pursuit,3.034
2020-09_gen3ou-0.json,Swellow,Moves,,Other,19.921
2020-09_gen3ou-0.json,Banette,Stats,Raw count,,741
2020-09_gen3ou-0.json,Banette,Stats,Avg. weight,,1.0
2020-09_gen3ou-0.json,Banette,Stats,Viability Ceiling,,75
2020-09_gen3ou-0.json,Banette,Stats,Jolly,,15.520
2020-09_gen3ou-0.json,Banette,Stats,Adamant,,5.128
2020-09_gen3ou-0.json,Banette,Stats,Timid,,3.779
2020-09_gen3ou-0.json,Banette,Abilities,,Insomnia,100.0
2020-09_gen3ou-0.json,Banette,Items,,Leftovers,54.791
2020-09_gen3ou-0.json,Banette,Items,,Bright Powder,14.71
2020-09_gen3ou-0.json,Banette,Items,,Salac Berry,9.582
2020-09_gen3ou-0.json,Banette,Items,,Choice Band,7.827
2020-09_gen3ou-0.json,Banette,Items,,Spell Tag,5.128
2020-09_gen3ou-0.json,Banette,Items,,Lum Berry,2.159
2020-09_gen3ou-0.json,Banette,Items,,Quick Claw,0.81
2020-09_gen3ou-0.json,Banette,Items,,Other,4.993
2020-09_gen3ou-0.json,Banette,Spreads,,Other,51.822
2020-09_gen3ou-0.json,Banette,Moves,,Shadow Ball,74.629
2020-09_gen3ou-0.json,Banette,Moves,,Destiny Bond,38.596
2020-09_gen3ou-0.json,Banette,Moves,,Hidden Power Fighting,30.904
2020-09_gen3ou-0.json,Banette,Moves,,Will-O-Wisp,28.88
2020-09_gen3ou-0.json,Banette,Moves,,Calm Mind,21.053
2020-09_gen3ou-0.json,Banette,Moves,,Thunderbolt,20.783
2020-09_gen3ou-0.json,Banette,Moves,,Body Slam,19.298
2020-09_gen3ou-0.json,Banette,Moves,,Swagger,17.814
2020-09_gen3ou-0.json,Banette,Moves,,Knock Off,17.814
2020-09_gen3ou-0.json,Banette,Moves,,Psych Up,15.655
2020-09_gen3ou-0.json,Banette,Moves,,Double-Edge,12.011
2020-09_gen3ou-0.json,Banette,Moves,,Protect,10.661
2020-09_gen3ou-0.json,Banette,Moves,,Night Shade,10.526
2020-09_gen3ou-0.json,Banette,Moves,,Substitute,10.256
2020-09_gen3ou-0.json,Banette,Moves,,Taunt,8.637
2020-09_gen3ou-0.json,Banette,Moves,,Thunder Wave,7.692
2020-09_gen3ou-0.json,Banette,Moves,,Curse,6.208
2020-09_gen3ou-0.json,Banette,Moves,,Toxic,6.073
2020-09_gen3ou-0.json,Banette,Moves,,Snatch,6.073
2020-09_gen3ou-0.json,Banette,Moves,,Thunder,5.668
2020-09_gen3ou-0.json,Banette,Moves,,Psychic,4.993
2020-09_gen3ou-0.json,Banette,Moves,,Screech,3.374
2020-09_gen3ou-0.json,Banette,Moves,,Skill Swap,3.374
2020-09_gen3ou-0.json,Banette,Moves,,Other,19.028
2020-09_gen3ou-0.json,Typhlosion,Stats,Raw count,,729
2020-09_gen3ou-0.json,Typhlosion,Stats,Avg. weight,,1.0
2020-09_gen3ou-0.json,Typhlosion,Stats,Viability Ceiling,,70
2020-09_gen3ou-0.json,Typhlosion,Stats,Hasty,,12.894
2020-09_gen3ou-0.json,Typhlosion,Stats,Timid,,5.761
2020-09_gen3ou-0.json,Typhlosion,Stats,Rash,,7.545
2020-09_gen3ou-0.json,Typhlosion,Stats,Modest,,4.252
2020-09_gen3ou-0.json,Typhlosion,Abilities,,Blaze,100.0
2020-09_gen3ou-0.json,Typhlosion,Items,,Leftovers,39.781
2020-09_gen3ou-0.json,Typhlosion,Items,,Charcoal,23.868
2020-09_gen3ou-0.json,Typhlosion,Items,,Petaya Berry,18.519
2020-09_gen3ou-0.json,Typhlosion,Items,,Salac Berry,10.974
2020-09_gen3ou-0.json,Typhlosion,Items,,Nothing,1.509
2020-09_gen3ou-0.json,Typhlosion,Items,,Chesto Berry,0.96
2020-09_gen3ou-0.json,Typhlosion,Items,,Other,4.39
2020-09_gen3ou-0.json,Typhlosion,Spreads,,Other,48.285
2020-09_gen3ou-0.json,Typhlosion,Moves,,Thunder Punch,66.118
2020-09_gen3ou-0.json,Typhlosion,Moves,,Flamethrower,55.967
2020-09_gen3ou-0.json,Typhlosion,Moves,,Hidden Power Grass,52.675
2020-09_gen3ou-0.json,Typhlosion,Moves,,Fire Blast,37.037
2020-09_gen3ou-0.json,Typhlosion,Moves,,Sunny Day,26.612
2020-09_gen3ou-0.json,Typhlosion,Moves,,Substitute,23.594
2020-09_gen3ou-0.json,Typhlosion,Moves,,Overheat,17.01
2020-09_gen3ou-0.json,Typhlosion,Moves,,Earthquake,14.678
2020-09_gen3ou-0.json,Typhlosion,Moves,,Focus Punch,10.974
2020-09_gen3ou-0.json,Typhlosion,Moves,,Brick Break,10.7
2020-09_gen3ou-0.json,Typhlosion,Moves,,Toxic,9.739
2020-09_gen3ou-0.json,Typhlosion,Moves,,Roar,9.328
2020-09_gen3ou-0.json,Typhlosion,Moves,,Hidden Power Ice,8.093
2020-09_gen3ou-0.json,Typhlosion,Moves,,Blast Burn,7.819
2020-09_gen3ou-0.json,Typhlosion,Moves,,Endure,7.819
2020-09_gen3ou-0.json,Typhlosion,Moves,,Facade,5.487
2020-09_gen3ou-0.json,Typhlosion,Moves,,Seismic Toss,5.35
2020-09_gen3ou-0.json,Typhlosion,Moves,,Hidden Power Water,4.801
2020-09_gen3ou-0.json,Typhlosion,Moves,,Rest,3.567
2020-09_gen3ou-0.json,Typhlosion,Moves,,Fire Punch,2.743
2020-09_gen3ou-0.json,Typhlosion,Moves,,Other,19.89
2020-09_gen3ou-0.json,Nidoking,Stats,Raw count,,738
2020-09_gen3ou-0.json,Nidoking,Stats,Avg. weight,,1.0
2020-09_gen3ou-0.json,Nidoking,Stats,Viability Ceiling,,72
2020-09_gen3ou-0.json,Nidoking,Stats,Lonely,,5.420
2020-09_gen3ou-0.json,Nidoking,Stats,Jolly,,10.163
2020-09_gen3ou-0.json,Nidoking,Stats,Naive,,8.130
2020-09_gen3ou-0.json,Nidoking,Stats,Brave,,6.775
2020-09_gen3ou-0.json,Nidoking,Abilities,,Poison Point,100.0
2020-09_gen3ou-0.json,Nidoking,Items,,Leftovers,42.547
2020-09_gen3ou-0.json,Nidoking,Items,,Choice Band,28.726
2020-09_gen3ou-0.json,Nidoking,Items,,Nothing,7.588
2020-09_gen3ou-0.json,Nidoking,Items,,Hard Stone,6.775
2020-09_gen3ou-0.json,Nidoking,Items,,Scope Lens,2.575
2020-09_gen3ou-0.json,Nidoking,Items,,Shell Bell,2.439
2020-09_gen3ou-0.json,Nidoking,Items,,Salac Berry,2.304
2020-09_gen3ou-0.json,Nidoking,Items,,Poison Barb,1.355
2020-09_gen3ou-0.json,Nidoking,Items,,Sitrus Berry,1.084
2020-09_gen3ou-0.json,Nidoking,Items,,Other,4.607
2020-09_gen3ou-0.json,Nidoking,Spreads,,Other,49.458
2020-09_gen3ou-0.json,Nidoking,Moves,,Earthquake,94.309
2020-09_gen3ou-0.json,Nidoking,Moves,,Megahorn,74.932
2020-09_gen3ou-0.json,Nidoking,Moves,,Sludge Bomb,56.098
2020-09_gen3ou-0.json,Nidoking,Moves,,Rock Slide,37.805
2020-09_gen3ou-0.json,Nidoking,Moves,,Ice Beam,30.488
2020-09_gen3ou-0.json,Nidoking,Moves,,Fire Blast,18.97
2020-09_gen3ou-0.json,Nidoking,Moves,,Brick Break,13.957
2020-09_gen3ou-0.json,Nidoking,Moves,,Thunderbolt,9.892
2020-09_gen3ou-0.json,Nidoking,Moves,,Shadow Ball,9.756
2020-09_gen3ou-0.json,Nidoking,Moves,,Flamethrower,5.962
2020-09_gen3ou-0.json,Nidoking,Moves,,Hyper Beam,4.607
2020-09_gen3ou-0.json,Nidoking,Moves,,Substitute,4.201
2020-09_gen3ou-0.json,Nidoking,Moves,,Thunder,2.846
2020-09_gen3ou-0.json,Nidoking,Moves,,Focus Punch,2.71
2020-09_gen3ou-0.json,Nidoking,Moves,,Body Slam,2.575
2020-09_gen3ou-0.json,Nidoking,Moves,,Blizzard,2.304
2020-09_gen3ou-0.json,Nidoking,Moves,,Roar,2.304
2020-09_gen3ou-0.json,Nidoking,Moves,,Fire Punch,2.033
2020-09_gen3ou-0.json,Nidoking,Moves,,Surf,1.897
2020-09_gen3ou-0.json,Nidoking,Moves,,Toxic,1.762
2020-09_gen3ou-0.json,Nidoking,Moves,,Hidden Power Grass,1.626
2020-09_gen3ou-0.json,Nidoking,Moves,,Other,18.97
2020-09_gen3ou-0.json,Pikachu,Stats,Raw count,,712
2020-09_gen3ou-0.json,Pikachu,Stats,Avg. weight,,1.0
2020-09_gen3ou-0.json,Pikachu,Stats,Viability Ceiling,,75
2020-09_gen3ou-0.json,Pikachu,Stats,Modest,,7.865
2020-09_gen3ou-0.json,Pikachu,Stats,Hasty,,8.567
2020-09_gen3ou-0.json,Pikachu,Stats,Timid,,6.461
2020-09_gen3ou-0.json,Pikachu,Abilities,,Static,100.0
2020-09_gen3ou-0.json,Pikachu,Items,,Light Ball,95.646
2020-09_gen3ou-0.json,Pikachu,Items,,Other,4.354
2020-09_gen3ou-0.json,Pikachu,Spreads,,Other,28.792
2020-09_gen3ou-0.json,Pikachu,Moves,,Thunderbolt,75.281
2020-09_gen3ou-0.json,Pikachu,Moves,,Substitute,51.124
2020-09_gen3ou-0.json,Pikachu,Moves,,Hidden Power Ice,45.225
2020-09_gen3ou-0.json,Pikachu,Moves,,Encore,35.112
2020-09_gen3ou-0.json,Pikachu,Moves,,Surf,34.41
2020-09_gen3ou-0.json,Pikachu,Moves,,Volt Tackle,24.579
2020-09_gen3ou-0.json,Pikachu,Moves,,Thunder,20.506
2020-09_gen3ou-0.json,Pikachu,Moves,,Quick Attack,18.118
2020-09_gen3ou-0.json,Pikachu,Moves,,Thunder Wave,17.416
2020-09_gen3ou-0.json,Pikachu,Moves,,Hidden Power Grass,11.236
2020-09_gen3ou-0.json,Pikachu,Moves,,Iron Tail,9.41
2020-09_gen3ou-0.json,Pikachu,Moves,,Agility,8.989
2020-09_gen3ou-0.json,Pikachu,Moves,,Focus Punch,5.056
2020-09_gen3ou-0.json,Pikachu,Moves,,Brick Break,4.494
2020-09_gen3ou-0.json,Pikachu,Moves,,Double-Edge,3.792
2020-09_gen3ou-0.json,Pikachu,Moves,,Wish,3.652
2020-09_gen3ou-0.json,Pikachu,Moves,,Dig,3.652
2020-09_gen3ou-0.json,Pikachu,Moves,,Thunder Shock,3.23
2020-09_gen3ou-0.json,Pikachu,Moves,,Protect,3.09
2020-09_gen3ou-0.json,Pikachu,Moves,,Thunder Punch,2.809
2020-09_gen3ou-0.json,Pikachu,Moves,,Other,18.82
2020-09_gen3ou-0.json,Kabutops,Stats,Raw count,,667
2020-09_gen3ou-0.json,Kabutops,Stats,Avg. weight,,1.0
2020-09_gen3ou-0.json,Kabutops,Stats,Viability Ceiling,,75
2020-09_gen3ou-0.json,Kabutops,Stats,Jolly,,5.847
2020-09_gen3ou-0.json,Kabutops,Stats,Adamant,,4.048
2020-09_gen3ou-0.json,Kabutops,Stats,Lonely,,3.448
2020-09_gen3ou-0.json,Kabutops,Abilities,,Swift Swim,67.466
2020-09_gen3ou-0.json,Kabutops,Abilities,,Battle Armor,32.534
2020-09_gen3ou-0.json,Kabutops,Items,,Salac Berry,62.069
2020-09_gen3ou-0.json,Kabutops,Items,,Nothing,9.595
2020-09_gen3ou-0.json,Kabutops,Items,,Leftovers,6.147
2020-09_gen3ou-0.json,Kabutops,Items,,Liechi Berry,5.997
2020-09_gen3ou-0.json,Kabutops,Items,,Choice Band,5.397
2020-09_gen3ou-0.json,Kabutops,Items,,Lum Berry,4.948
2020-09_gen3ou-0.json,Kabutops,Items,,Wiki Berry,3.148
2020-09_gen3ou-0.json,Kabutops,Items,,Other,2.699
2020-09_gen3ou-0.json,Kabutops,Spreads,,Other,25.187
2020-09_gen3ou-0.json,Kabutops,Moves,,Rock Slide,83.058
2020-09_gen3ou-0.json,Kabutops,Moves,,Swords Dance,80.96
2020-09_gen3ou-0.json,Kabutops,Moves,,Flail,67.016
2020-09_gen3ou-0.json,Kabutops,Moves,,Substitute,37.031
2020-09_gen3ou-0.json,Kabutops,Moves,,Endure,32.084
2020-09_gen3ou-0.json,Kabutops,Moves,,Brick Break,16.792
2020-09_gen3ou-0.json,Kabutops,Moves,,Ancient Power,12.894
2020-09_gen3ou-0.json,Kabutops,Moves,,Rain Dance,12.744
2020-09_gen3ou-0.json,Kabutops,Moves,,Surf,8.996
2020-09_gen3ou-0.json,Kabutops,Moves,,Mud Shot,8.096
2020-09_gen3ou-0.json,Kabutops,Moves,,Giga Drain,5.847
2020-09_gen3ou-0.json,Kabutops,Moves,,Waterfall,4.948
2020-09_gen3ou-0.json,Kabutops,Moves,,Ice Beam,4.198
2020-09_gen3ou-0.json,Kabutops,Moves,,Hidden Power Bug,3.148
2020-09_gen3ou-0.json,Kabutops,Moves,,Hidden Power Ground,3.148
2020-09_gen3ou-0.json,Kabutops,Moves,,Other,19.04
2020-09_gen3ou-0.json,Linoone,Stats,Raw count,,657
2020-09_gen3ou-0.json,Linoone,Stats,Avg. weight,,1.0
2020-09_gen3ou-0.json,Linoone,Stats,Viability Ceiling,,71
2020-09_gen3ou-0.json,Linoone,Stats,Jolly,,14.155
2020-09_gen3ou-0.json,Linoone,Stats,Adamant,,7.763
2020-09_gen3ou-0.json,Linoone,Stats,Rash,,8.067
2020-09_gen3ou-0.json,Linoone,Abilities,,Pickup,100.0
2020-09_gen3ou-0.json,Linoone,Items,,Leftovers,30.898
2020-09_gen3ou-0.json,Linoone,Items,,Choice Band,17.96
2020-09_gen3ou-0.json,Linoone,Items,,Silk Scarf,15.068
2020-09_gen3ou-0.json,Linoone,Items,,Salac Berry,13.09
2020-09_gen3ou-0.json,Linoone,Items,,Sitrus Berry,10.198
2020-09_gen3ou-0.json,Linoone,Items,,Aguav Berry,4.566
2020-09_gen3ou-0.json,Linoone,Items,,Lansat Berry,1.826
2020-09_gen3ou-0.json,Linoone,Items,,Lum Berry,1.826
2020-09_gen3ou-0.json,Linoone,Items,,Other,4.566
2020-09_gen3ou-0.json,Linoone,Spreads,,Other,39.878
2020-09_gen3ou-0.json,Linoone,Moves,,Belly Drum,80.061
2020-09_gen3ou-0.json,Linoone,Moves,,Extreme Speed,71.537
2020-09_gen3ou-0.json,Linoone,Moves,,Shadow Ball,67.732
2020-09_gen3ou-0.json,Linoone,Moves,,Hidden Power Fighting,30.137
2020-09_gen3ou-0.json,Linoone,Moves,,Return,15.83
2020-09_gen3ou-0.json,Linoone,Moves,,Body Slam,15.525
2020-09_gen3ou-0.json,Linoone,Moves,,Hidden Power Ground,14.764
2020-09_gen3ou-0.json,Linoone,Moves,,Trick,12.785
2020-09_gen3ou-0.json,Linoone,Moves,,Facade,11.872
2020-09_gen3ou-0.json,Linoone,Moves,,Substitute,9.741
2020-09_gen3ou-0.json,Linoone,Moves,,Thunderbolt,8.524
2020-09_gen3ou-0.json,Linoone,Moves,,Ice Beam,8.219
2020-09_gen3ou-0.json,Linoone,Moves,,Surf,8.219
2020-09_gen3ou-0.json,Linoone,Moves,,Double-Edge,7.763
2020-09_gen3ou-0.json,Linoone,Moves,,Slash,7.61
2020-09_gen3ou-0.json,Linoone,Moves,,Iron Tail,4.414
2020-09_gen3ou-0.json,Linoone,Moves,,Rest,3.653
2020-09_gen3ou-0.json,Linoone,Moves,,Sleep Talk,2.74
2020-09_gen3ou-0.json,Linoone,Moves,,Other,18.874
2020-09_gen3ou-0.json,Solrock,Stats,Raw count,,644
2020-09_gen3ou-0.json,Solrock,Stats,Avg. weight,,1.0
2020-09_gen3ou-0.json,Solrock,Stats,Viability Ceiling,,85
2020-09_gen3ou-0.json,Solrock,Stats,Adamant,,9.938
2020-09_gen3ou-0.json,Solrock,Stats,Naughty,,11.180
2020-09_gen3ou-0.json,Solrock,Stats,Jolly,,6.211
2020-09_gen3ou-0.json,Solrock,Stats,Impish,,6.056
2020-09_gen3ou-0.json,Solrock,Abilities,,Levitate,100.0
2020-09_gen3ou-0.json,Solrock,Items,,Choice Band,61.335
2020-09_gen3ou-0.json,Solrock,Items,,Leftovers,24.689
2020-09_gen3ou-0.json,Solrock,Items,,Salac Berry,7.609
2020-09_gen3ou-0.json,Solrock,Items,,Sitrus Berry,2.329
2020-09_gen3ou-0.json,Solrock,Items,,Other,4.037
2020-09_gen3ou-0.json,Solrock,Spreads,,Other,29.193
2020-09_gen3ou-0.json,Solrock,Moves,,Explosion,90.373
2020-09_gen3ou-0.json,Solrock,Moves,,Rock Slide,80.59
2020-09_gen3ou-0.json,Solrock,Moves,,Hidden Power Fighting,55.745
2020-09_gen3ou-0.json,Solrock,Moves,,Baton Pass,42.391
2020-09_gen3ou-0.json,Solrock,Moves,,Earthquake,40.683
2020-09_gen3ou-0.json,Solrock,Moves,,Sunny Day,15.839
2020-09_gen3ou-0.json,Solrock,Moves,,Overheat,13.199
2020-09_gen3ou-0.json,Solrock,Moves,,Calm Mind,8.23
2020-09_gen3ou-0.json,Solrock,Moves,,Endure,7.609
2020-09_gen3ou-0.json,Solrock,Moves,,Toxic,6.832
2020-09_gen3ou-0.json,Solrock,Moves,,Psychic,6.211
2020-09_gen3ou-0.json,Solrock,Moves,,Flamethrower,6.056
2020-09_gen3ou-0.json,Solrock,Moves,,Reflect,4.037
2020-09_gen3ou-0.json,Solrock,Moves,,Substitute,3.571
2020-09_gen3ou-0.json,Solrock,Moves,,Other,18.634
2020-09_gen3ou-0.json,Blastoise,Stats,Raw count,,647
2020-09_gen3ou-0.json,Blastoise,Stats,Avg. weight,,1.0
2020-09_gen3ou-0.json,Blastoise,Stats,Viability Ceiling,,85
2020-09_gen3ou-0.json,Blastoise,Stats,Quiet,,11.747
2020-09_gen3ou-0.json,Blastoise,Stats,Bold,,6.646
2020-09_gen3ou-0.json,Blastoise,Stats,Modest,,7.573
2020-09_gen3ou-0.json,Blastoise,Stats,Calm,,4.637
2020-09_gen3ou-0.json,Blastoise,Stats,Relaxed,,4.637
2020-09_gen3ou-0.json,Blastoise,Abilities,,Torrent,100.0
2020-09_gen3ou-0.json,Blastoise,Items,,Leftovers,60.587
2020-09_gen3ou-0.json,Blastoise,Items,,Nothing,10.51
2020-09_gen3ou-0.json,Blastoise,Items,,Mystic Water,7.419
2020-09_gen3ou-0.json,Blastoise,Items,,Black Glasses,7.11
2020-09_gen3ou-0.json,Blastoise,Items,,Choice Band,4.946
2020-09_gen3ou-0.json,Blastoise,Items,,Lum Berry,2.473
2020-09_gen3ou-0.json,Blastoise,Items,,Sea Incense,1.855
2020-09_gen3ou-0.json,Blastoise,Items,,Apicot Berry,1.391
2020-09_gen3ou-0.json,Blastoise,Items,,Other,3.709
2020-09_gen3ou-0.json,Blastoise,Spreads,,Other,56.414
2020-09_gen3ou-0.json,Blastoise,Moves,,Ice Beam,54.869
2020-09_gen3ou-0.json,Blastoise,Moves,,Surf,54.869
2020-09_gen3ou-0.json,Blastoise,Moves,,Rapid Spin,45.75
2020-09_gen3ou-0.json,Blastoise,Moves,,Hydro Pump,32.612
2020-09_gen3ou-0.json,Blastoise,Moves,,Protect,19.938
2020-09_gen3ou-0.json,Blastoise,Moves,,Blizzard,18.702
2020-09_gen3ou-0.json,Blastoise,Moves,,Toxic,15.456
2020-09_gen3ou-0.json,Blastoise,Moves,,Roar,13.138
2020-09_gen3ou-0.json,Blastoise,Moves,,Hydro Cannon,12.828
2020-09_gen3ou-0.json,Blastoise,Moves,,Body Slam,9.737
2020-09_gen3ou-0.json,Blastoise,Moves,,Rest,9.583
2020-09_gen3ou-0.json,Blastoise,Moves,,Bite,9.583
2020-09_gen3ou-0.json,Blastoise,Moves,,Brick Break,9.274
2020-09_gen3ou-0.json,Blastoise,Moves,,Sleep Talk,9.119
2020-09_gen3ou-0.json,Blastoise,Moves,,Refresh,9.119
2020-09_gen3ou-0.json,Blastoise,Moves,,Earthquake,8.964
2020-09_gen3ou-0.json,Blastoise,Moves,,Skull Bash,8.964
2020-09_gen3ou-0.json,Blastoise,Moves,,Water Gun,8.346
2020-09_gen3ou-0.json,Blastoise,Moves,,Mirror Coat,5.873
2020-09_gen3ou-0.json,Blastoise,Moves,,Rain Dance,5.873
2020-09_gen3ou-0.json,Blastoise,Moves,,Waterfall,5.564
2020-09_gen3ou-0.json,Blastoise,Moves,,Counter,4.946
2020-09_gen3ou-0.json,Blastoise,Moves,,Haze,4.637
2020-09_gen3ou-0.json,Blastoise,Moves,,Hidden Power Fire,4.328
2020-09_gen3ou-0.json,Blastoise,Moves,,Other,17.929
2020-09_gen3ou-0.json,Altaria,Stats,Raw count,,627
2020-09_gen3ou-0.json,Altaria,Stats,Avg. weight,,1.0
2020-09_gen3ou-0.json,Altaria,Stats,Viability Ceiling,,63
2020-09_gen3ou-0.json,Altaria,Stats,Timid,,19.458
2020-09_gen3ou-0.json,Altaria,Stats,Lonely,,18.022
2020-09_gen3ou-0.json,Altaria,Stats,Adamant,,6.858
2020-09_gen3ou-0.json,Altaria,Stats,Bold,,4.625
2020-09_gen3ou-0.json,Altaria,Stats,Calm,,4.147
2020-09_gen3ou-0.json,Altaria,Stats,Careful,,2.711
2020-09_gen3ou-0.json,Altaria,Abilities,,Natural Cure,100.0
2020-09_gen3ou-0.json,Altaria,Items,,Leftovers,51.834
2020-09_gen3ou-0.json,Altaria,Items,,Silver Powder,19.458
2020-09_gen3ou-0.json,Altaria,Items,,Dragon Fang,7.496
2020-09_gen3ou-0.json,Altaria,Items,,Nothing,3.509
2020-09_gen3ou-0.json,Altaria,Items,,Sitrus Berry,3.19
2020-09_gen3ou-0.json,Altaria,Items,,Quick Claw,2.392
2020-09_gen3ou-0.json,Altaria,Items,,Deep Sea Tooth,2.073
2020-09_gen3ou-0.json,Altaria,Items,,Chesto Berry,1.595
2020-09_gen3ou-0.json,Altaria,Items,,Lum Berry,1.595
2020-09_gen3ou-0.json,Altaria,Items,,King's Rock,1.276
2020-09_gen3ou-0.json,Altaria,Items,,Choice Band,0.797
2020-09_gen3ou-0.json,Altaria,Items,,Other,4.785
2020-09_gen3ou-0.json,Altaria,Spreads,,Other,44.179
2020-09_gen3ou-0.json,Altaria,Moves,,Dragon Dance,54.386
2020-09_gen3ou-0.json,Altaria,Moves,,Earthquake,48.325
2020-09_gen3ou-0.json,Altaria,Moves,,Ice Beam,42.743
2020-09_gen3ou-0.json,Altaria,Moves,,Flamethrower,36.523
2020-09_gen3ou-0.json,Altaria,Moves,,Dragon Claw,29.187
2020-09_gen3ou-0.json,Altaria,Moves,,Heal Bell,22.648
2020-09_gen3ou-0.json,Altaria,Moves,,Swagger,19.458
2020-09_gen3ou-0.json,Altaria,Moves,,Aerial Ace,14.673
2020-09_gen3ou-0.json,Altaria,Moves,,Rest,14.195
2020-09_gen3ou-0.json,Altaria,Moves,,Perish Song,11.643
2020-09_gen3ou-0.json,Altaria,Moves,,Toxic,11.324
2020-09_gen3ou-0.json,Altaria,Moves,,Hidden Power Flying,10.686
2020-09_gen3ou-0.json,Altaria,Moves,,Fire Blast,8.293
2020-09_gen3ou-0.json,Altaria,Moves,,Haze,7.337
2020-09_gen3ou-0.json,Altaria,Moves,,Protect,6.699
2020-09_gen3ou-0.json,Altaria,Moves,,Return,6.38
2020-09_gen3ou-0.json,Altaria,Moves,,Fly,5.423
2020-09_gen3ou-0.json,Altaria,Moves,,Dragon Breath,5.104
2020-09_gen3ou-0.json,Altaria,Moves,,Facade,4.944
2020-09_gen3ou-0.json,Altaria,Moves,,Refresh,4.625
2020-09_gen3ou-0.json,Altaria,Moves,,Body Slam,4.625
2020-09_gen3ou-0.json,Altaria,Moves,,Steel Wing,3.828
2020-09_gen3ou-0.json,Altaria,Moves,,Sing,3.668
2020-09_gen3ou-0.json,Altaria,Moves,,Double-Edge,3.03
2020-09_gen3ou-0.json,Altaria,Moves,,Agility,2.711
2020-09_gen3ou-0.json,Altaria,Moves,,Other,17.544
2020-09_gen3ou-0.json,Omastar,Stats,Raw count,,618
2020-09_gen3ou-0.json,Omastar,Stats,Avg. weight,,1.0
2020-09_gen3ou-0.json,Omastar,Stats,Viability Ceiling,,76
2020-09_gen3ou-0.json,Omastar,Stats,Modest,,2.104
2020-09_gen3ou-0.json,Omastar,Stats,Bold,,2.265
2020-09_gen3ou-0.json,Omastar,Abilities,,Swift Swim,91.909
2020-09_gen3ou-0.json,Omastar,Abilities,,Shell Armor,8.091
2020-09_gen3ou-0.json,Omastar,Items,,Petaya Berry,37.379
2020-09_gen3ou-0.json,Omastar,Items,,Leftovers,29.45
2020-09_gen3ou-0.json,Omastar,Items,,Mystic Water,16.181
2020-09_gen3ou-0.json,Omastar,Items,,Lum Berry,13.43
2020-09_gen3ou-0.json,Omastar,Items,,Other,3.56
2020-09_gen3ou-0.json,Omastar,Spreads,,Other,21.845
2020-09_gen3ou-0.json,Omastar,Moves,,Ice Beam,81.068
2020-09_gen3ou-0.json,Omastar,Moves,,Hydro Pump,78.964
2020-09_gen3ou-0.json,Omastar,Moves,,Hidden Power Grass,58.576
2020-09_gen3ou-0.json,Omastar,Moves,,Rain Dance,45.955
2020-09_gen3ou-0.json,Omastar,Moves,,Substitute,36.731
2020-09_gen3ou-0.json,Omastar,Moves,,Spikes,30.583
2020-09_gen3ou-0.json,Omastar,Moves,,Hidden Power Electric,21.036
2020-09_gen3ou-0.json,Omastar,Moves,,Surf,20.874
2020-09_gen3ou-0.json,Omastar,Moves,,Protect,8.091
2020-09_gen3ou-0.json,Omastar,Moves,,Other,18.123
2020-09_gen3ou-0.json,Octillery,Stats,Raw count,,601
2020-09_gen3ou-0.json,Octillery,Stats,Avg. weight,,1.0
2020-09_gen3ou-0.json,Octillery,Stats,Viability Ceiling,,72
2020-09_gen3ou-0.json,Octillery,Stats,Modest,,1.498
2020-09_gen3ou-0.json,Octillery,Stats,Timid,,3.993
2020-09_gen3ou-0.json,Octillery,Abilities,,Suction Cups,100.0
2020-09_gen3ou-0.json,Octillery,Items,,Leftovers,93.178
2020-09_gen3ou-0.json,Octillery,Items,,Lum Berry,3.328
2020-09_gen3ou-0.json,Octillery,Items,,Other,3.494
2020-09_gen3ou-0.json,Octillery,Spreads,,Other,3.827
2020-09_gen3ou-0.json,Octillery,Moves,,Ice Beam,98.835
2020-09_gen3ou-0.json,Octillery,Moves,,Surf,97.005
2020-09_gen3ou-0.json,Octillery,Moves,,Flamethrower,95.507
2020-09_gen3ou-0.json,Octillery,Moves,,Hidden Power Grass,85.025
2020-09_gen3ou-0.json,Octillery,Moves,,Psychic,10.483
2020-09_gen3ou-0.json,Octillery,Moves,,Other,13.145
2020-09_gen3ou-0.json,Dodrio,Stats,Raw count,,609
2020-09_gen3ou-0.json,Dodrio,Stats,Avg. weight,,1.0
2020-09_gen3ou-0.json,Dodrio,Stats,Viability Ceiling,,74
2020-09_gen3ou-0.json,Dodrio,Stats,Jolly,,6.897
2020-09_gen3ou-0.json,Dodrio,Stats,Naive,,14.614
2020-09_gen3ou-0.json,Dodrio,Stats,Adamant,,3.941
2020-09_gen3ou-0.json,Dodrio,Abilities,,Early Bird,89.655
2020-09_gen3ou-0.json,Dodrio,Abilities,,Run Away,10.345
2020-09_gen3ou-0.json,Dodrio,Items,,Choice Band,71.429
2020-09_gen3ou-0.json,Dodrio,Items,,Leftovers,8.21
2020-09_gen3ou-0.json,Dodrio,Items,,Sharp Beak,4.762
2020-09_gen3ou-0.json,Dodrio,Items,,Lum Berry,4.433
2020-09_gen3ou-0.json,Dodrio,Items,,Salac Berry,3.612
2020-09_gen3ou-0.json,Dodrio,Items,,Silk Scarf,2.135
2020-09_gen3ou-0.json,Dodrio,Items,,Liechi Berry,1.478
2020-09_gen3ou-0.json,Dodrio,Items,,Other,3.941
2020-09_gen3ou-0.json,Dodrio,Spreads,,Other,19.048
2020-09_gen3ou-0.json,Dodrio,Moves,,Drill Peck,97.537
2020-09_gen3ou-0.json,Dodrio,Moves,,Hidden Power Ground,43.678
2020-09_gen3ou-0.json,Dodrio,Moves,,Return,38.259
2020-09_gen3ou-0.json,Dodrio,Moves,,Baton Pass,34.647
2020-09_gen3ou-0.json,Dodrio,Moves,,Double-Edge,34.483
2020-09_gen3ou-0.json,Dodrio,Moves,,Quick Attack,28.571
2020-09_gen3ou-0.json,Dodrio,Moves,,Hidden Power Fighting,26.273
2020-09_gen3ou-0.json,Dodrio,Moves,,Tri Attack,20.69
2020-09_gen3ou-0.json,Dodrio,Moves,,Facade,12.972
2020-09_gen3ou-0.json,Dodrio,Moves,,Agility,12.151
2020-09_gen3ou-0.json,Dodrio,Moves,,Body Slam,7.225
2020-09_gen3ou-0.json,Dodrio,Moves,,Steel Wing,6.897
2020-09_gen3ou-0.json,Dodrio,Moves,,Substitute,4.762
2020-09_gen3ou-0.json,Dodrio,Moves,,Taunt,4.105
2020-09_gen3ou-0.json,Dodrio,Moves,,Fury Attack,3.612
2020-09_gen3ou-0.json,Dodrio,Moves,,Fly,3.448
2020-09_gen3ou-0.json,Dodrio,Moves,,Hyper Beam,2.791
2020-09_gen3ou-0.json,Dodrio,Moves,,Other,17.898
2020-09_gen3ou-0.json,Tentacruel,Stats,Raw count,,625
2020-09_gen3ou-0.json,Tentacruel,Stats,Avg. weight,,1.0
2020-09_gen3ou-0.json,Tentacruel,Stats,Viability Ceiling,,72
2020-09_gen3ou-0.json,Tentacruel,Stats,Calm,,23.360
2020-09_gen3ou-0.json,Tentacruel,Stats,Hasty,,11.200
2020-09_gen3ou-0.json,Tentacruel,Stats,Timid,,4.320
2020-09_gen3ou-0.json,Tentacruel,Stats,Bold,,6.720
2020-09_gen3ou-0.json,Tentacruel,Stats,Careful,,4.640
2020-09_gen3ou-0.json,Tentacruel,Abilities,,Clear Body,51.68
2020-09_gen3ou-0.json,Tentacruel,Abilities,,Liquid Ooze,48.32
2020-09_gen3ou-0.json,Tentacruel,Items,,Leftovers,86.4
2020-09_gen3ou-0.json,Tentacruel,Items,,Poison Barb,8.32
2020-09_gen3ou-0.json,Tentacruel,Items,,Nothing,1.92
2020-09_gen3ou-0.json,Tentacruel,Items,,Other,3.36
2020-09_gen3ou-0.json,Tentacruel,Spreads,,Other,41.6
2020-09_gen3ou-0.json,Tentacruel,Moves,,Hydro Pump,60.16
2020-09_gen3ou-0.json,Tentacruel,Moves,,Sludge Bomb,46.24
2020-09_gen3ou-0.json,Tentacruel,Moves,,Toxic,40.16
2020-09_gen3ou-0.json,Tentacruel,Moves,,Mirror Coat,38.56
2020-09_gen3ou-0.json,Tentacruel,Moves,,Rapid Spin,33.44
2020-09_gen3ou-0.json,Tentacruel,Moves,,Surf,29.28
2020-09_gen3ou-0.json,Tentacruel,Moves,,Giga Drain,28.48
2020-09_gen3ou-0.json,Tentacruel,Moves,,Rest,27.2
2020-09_gen3ou-0.json,Tentacruel,Moves,,Swords Dance,26.72
2020-09_gen3ou-0.json,Tentacruel,Moves,,Ice Beam,23.52
2020-09_gen3ou-0.json,Tentacruel,Moves,,Substitute,12.64
2020-09_gen3ou-0.json,Tentacruel,Moves,,Protect,8.96
2020-09_gen3ou-0.json,Tentacruel,Moves,,Hidden Power Ground,5.92
2020-09_gen3ou-0.json,Tentacruel,Moves,,Other,18.72
2020-09_gen3ou-0.json,Glalie,Stats,Raw count,,585
2020-09_gen3ou-0.json,Glalie,Stats,Avg. weight,,1.0
2020-09_gen3ou-0.json,Glalie,Stats,Viability Ceiling,,84
2020-09_gen3ou-0.json,Glalie,Stats,Naive,,24.957
2020-09_gen3ou-0.json,Glalie,Stats,Calm,,10.427
2020-09_gen3ou-0.json,Glalie,Stats,Hasty,,5.470
2020-09_gen3ou-0.json,Glalie,Stats,Modest,,4.274
2020-09_gen3ou-0.json,Glalie,Stats,Timid,,3.932
2020-09_gen3ou-0.json,Glalie,Abilities,,Inner Focus,100.0
2020-09_gen3ou-0.json,Glalie,Items,,Leftovers,70.94
2020-09_gen3ou-0.json,Glalie,Items,,Salac Berry,10.085
2020-09_gen3ou-0.json,Glalie,Items,,Never-Melt Ice,8.547
2020-09_gen3ou-0.json,Glalie,Items,,Lum Berry,2.393
2020-09_gen3ou-0.json,Glalie,Items,,Nothing,2.051
2020-09_gen3ou-0.json,Glalie,Items,,Starf Berry,1.88
2020-09_gen3ou-0.json,Glalie,Items,,Other,4.103
2020-09_gen3ou-0.json,Glalie,Spreads,,Other,39.145
2020-09_gen3ou-0.json,Glalie,Moves,,Ice Beam,89.744
2020-09_gen3ou-0.json,Glalie,Moves,,Spikes,83.761
2020-09_gen3ou-0.json,Glalie,Moves,,Explosion,81.368
2020-09_gen3ou-0.json,Glalie,Moves,,Taunt,57.607
2020-09_gen3ou-0.json,Glalie,Moves,,Toxic,18.803
2020-09_gen3ou-0.json,Glalie,Moves,,Crunch,18.291
2020-09_gen3ou-0.json,Glalie,Moves,,Blizzard,9.744
2020-09_gen3ou-0.json,Glalie,Moves,,Protect,5.128
2020-09_gen3ou-0.json,Glalie,Moves,,Water Pulse,4.786
2020-09_gen3ou-0.json,Glalie,Moves,,Shadow Ball,4.615
2020-09_gen3ou-0.json,Glalie,Moves,,Earthquake,4.274
2020-09_gen3ou-0.json,Glalie,Moves,,Block,3.419
2020-09_gen3ou-0.json,Glalie,Moves,,Other,18.462
2020-09_gen3ou-0.json,Ampharos,Stats,Raw count,,556
2020-09_gen3ou-0.json,Ampharos,Stats,Avg. weight,,1.0
2020-09_gen3ou-0.json,Ampharos,Stats,Viability Ceiling,,78
2020-09_gen3ou-0.json,Ampharos,Stats,Quiet,,12.950
2020-09_gen3ou-0.json,Ampharos,Stats,Mild,,5.216
2020-09_gen3ou-0.json,Ampharos,Stats,Modest,,3.957
2020-09_gen3ou-0.json,Ampharos,Stats,Calm,,3.957
2020-09_gen3ou-0.json,Ampharos,Abilities,,Static,100.0
2020-09_gen3ou-0.json,Ampharos,Items,,Leftovers,80.576
2020-09_gen3ou-0.json,Ampharos,Items,,Magnet,7.194
2020-09_gen3ou-0.json,Ampharos,Items,,Quick Claw,6.655
2020-09_gen3ou-0.json,Ampharos,Items,,Nothing,1.259
2020-09_gen3ou-0.json,Ampharos,Items,,Other,4.317
2020-09_gen3ou-0.json,Ampharos,Spreads,,Other,27.158
2020-09_gen3ou-0.json,Ampharos,Moves,,Thunderbolt,94.964
2020-09_gen3ou-0.json,Ampharos,Moves,,Focus Punch,66.007
2020-09_gen3ou-0.json,Ampharos,Moves,,Hidden Power Grass,59.532
2020-09_gen3ou-0.json,Ampharos,Moves,,Substitute,51.619
2020-09_gen3ou-0.json,Ampharos,Moves,,Thunder Wave,25.18
2020-09_gen3ou-0.json,Ampharos,Moves,,Fire Punch,15.288
2020-09_gen3ou-0.json,Ampharos,Moves,,Reflect,15.288
2020-09_gen3ou-0.json,Ampharos,Moves,,Hidden Power Ice,13.669
2020-09_gen3ou-0.json,Ampharos,Moves,,Thunder,7.734
2020-09_gen3ou-0.json,Ampharos,Moves,,Light Screen,6.835
2020-09_gen3ou-0.json,Ampharos,Moves,,Body Slam,6.655
2020-09_gen3ou-0.json,Ampharos,Moves,,Heal Bell,5.935
2020-09_gen3ou-0.json,Ampharos,Moves,,Toxic,5.935
2020-09_gen3ou-0.json,Ampharos,Moves,,Thunder Punch,3.777
2020-09_gen3ou-0.json,Ampharos,Moves,,Return,3.237
2020-09_gen3ou-0.json,Ampharos,Moves,,Other,18.345
2020-09_gen3ou-0.json,Slowbro,Stats,Raw count,,559
2020-09_gen3ou-0.json,Slowbro,Stats,Avg. weight,,1.0
2020-09_gen3ou-0.json,Slowbro,Stats,Viability Ceiling,,74
2020-09_gen3ou-0.json,Slowbro,Stats,Bold,,7.513
2020-09_gen3ou-0.json,Slowbro,Stats,Modest,,3.220
2020-09_gen3ou-0.json,Slowbro,Abilities,,Own Tempo,71.914
2020-09_gen3ou-0.json,Slowbro,Abilities,,Oblivious,28.086
2020-09_gen3ou-0.json,Slowbro,Items,,Leftovers,85.331
2020-09_gen3ou-0.json,Slowbro,Items,,Nothing,11.807
2020-09_gen3ou-0.json,Slowbro,Items,,Other,2.862
2020-09_gen3ou-0.json,Slowbro,Spreads,,Other,25.224
2020-09_gen3ou-0.json,Slowbro,Moves,,Surf,94.275
2020-09_gen3ou-0.json,Slowbro,Moves,,Ice Beam,70.304
2020-09_gen3ou-0.json,Slowbro,Moves,,Flamethrower,61.717
2020-09_gen3ou-0.json,Slowbro,Moves,,Thunder Wave,48.837
2020-09_gen3ou-0.json,Slowbro,Moves,,Calm Mind,35.957
2020-09_gen3ou-0.json,Slowbro,Moves,,Psychic,33.095
2020-09_gen3ou-0.json,Slowbro,Moves,,Rest,12.88
2020-09_gen3ou-0.json,Slowbro,Moves,,Yawn,6.798
2020-09_gen3ou-0.json,Slowbro,Moves,,Fire Blast,6.619
2020-09_gen3ou-0.json,Slowbro,Moves,,Protect,5.367
2020-09_gen3ou-0.json,Slowbro,Moves,,Focus Punch,5.188
2020-09_gen3ou-0.json,Slowbro,Moves,,Other,18.962
2020-09_gen3ou-0.json,Walrein,Stats,Raw count,,553
2020-09_gen3ou-0.json,Walrein,Stats,Avg. weight,,1.0
2020-09_gen3ou-0.json,Walrein,Stats,Viability Ceiling,,70
2020-09_gen3ou-0.json,Walrein,Stats,Rash,,13.201
2020-09_gen3ou-0.json,Walrein,Stats,Sassy,,9.946
2020-09_gen3ou-0.json,Walrein,Stats,Quiet,,9.222
2020-09_gen3ou-0.json,Walrein,Stats,Bold,,5.787
2020-09_gen3ou-0.json,Walrein,Stats,Adamant,,5.606
2020-09_gen3ou-0.json,Walrein,Stats,Calm,,5.063
2020-09_gen3ou-0.json,Walrein,Abilities,,Thick Fat,100.0
2020-09_gen3ou-0.json,Walrein,Items,,Leftovers,68.174
2020-09_gen3ou-0.json,Walrein,Items,,Never-Melt Ice,8.861
2020-09_gen3ou-0.json,Walrein,Items,,Nothing,7.595
2020-09_gen3ou-0.json,Walrein,Items,,Lum Berry,6.329
2020-09_gen3ou-0.json,Walrein,Items,,Mystic Water,1.989
2020-09_gen3ou-0.json,Walrein,Items,,Chesto Berry,1.627
2020-09_gen3ou-0.json,Walrein,Items,,Focus Band,0.904
2020-09_gen3ou-0.json,Walrein,Items,,Other,4.521
2020-09_gen3ou-0.json,Walrein,Spreads,,Other,51.175
2020-09_gen3ou-0.json,Walrein,Moves,,Ice Beam,75.045
2020-09_gen3ou-0.json,Walrein,Moves,,Surf,73.599
2020-09_gen3ou-0.json,Walrein,Moves,,Earthquake,36.709
2020-09_gen3ou-0.json,Walrein,Moves,,Body Slam,22.966
2020-09_gen3ou-0.json,Walrein,Moves,,Rest,22.061
2020-09_gen3ou-0.json,Walrein,Moves,,Blizzard,21.881
2020-09_gen3ou-0.json,Walrein,Moves,,Sleep Talk,18.807
2020-09_gen3ou-0.json,Walrein,Moves,,Double-Edge,16.637
2020-09_gen3ou-0.json,Walrein,Moves,,Toxic,16.275
2020-09_gen3ou-0.json,Walrein,Moves,,Curse,14.828
2020-09_gen3ou-0.json,Walrein,Moves,,Yawn,14.286
2020-09_gen3ou-0.json,Walrein,Moves,,Protect,11.212
2020-09_gen3ou-0.json,Walrein,Moves,,Encore,9.403
2020-09_gen3ou-0.json,Walrein,Moves,,Rock Slide,9.042
2020-09_gen3ou-0.json,Walrein,Moves,,Waterfall,5.787
2020-09_gen3ou-0.json,Walrein,Moves,,Substitute,4.702
2020-09_gen3ou-0.json,Walrein,Moves,,Hail,3.978
2020-09_gen3ou-0.json,Walrein,Moves,,Water Pulse,2.893
2020-09_gen3ou-0.json,Walrein,Moves,,Other,19.892
2020-09_gen3ou-0.json,Clefable,Stats,Raw count,,540
2020-09_gen3ou-0.json,Clefable,Stats,Avg. weight,,1.0
2020-09_gen3ou-0.json,Clefable,Stats,Viability Ceiling,,71
2020-09_gen3ou-0.json,Clefable,Stats,Bold,,37.037
2020-09_gen3ou-0.json,Clefable,Stats,Calm,,2.778
2020-09_gen3ou-0.json,Clefable,Stats,Modest,,4.815
2020-09_gen3ou-0.json,Clefable,Abilities,,Cute Charm,100.0
2020-09_gen3ou-0.json,Clefable,Items,,Leftovers,94.444
2020-09_gen3ou-0.json,Clefable,Items,,Lum Berry,1.481
2020-09_gen3ou-0.json,Clefable,Items,,Other,4.074
2020-09_gen3ou-0.json,Clefable,Spreads,,Other,21.667
2020-09_gen3ou-0.json,Clefable,Moves,,Soft-Boiled,80.37
2020-09_gen3ou-0.json,Clefable,Moves,,Seismic Toss,68.704
2020-09_gen3ou-0.json,Clefable,Moves,,Thunder Wave,68.519
2020-09_gen3ou-0.json,Clefable,Moves,,Fire Blast,38.333
2020-09_gen3ou-0.json,Clefable,Moves,,Encore,24.074
2020-09_gen3ou-0.json,Clefable,Moves,,Calm Mind,21.852
2020-09_gen3ou-0.json,Clefable,Moves,,Ice Beam,17.593
2020-09_gen3ou-0.json,Clefable,Moves,,Thunderbolt,12.778
2020-09_gen3ou-0.json,Clefable,Moves,,Shadow Ball,7.222
2020-09_gen3ou-0.json,Clefable,Moves,,Wish,7.222
2020-09_gen3ou-0.json,Clefable,Moves,,Cosmic Power,6.111
2020-09_gen3ou-0.json,Clefable,Moves,,Thunder,5.37
2020-09_gen3ou-0.json,Clefable,Moves,,Psychic,4.444
2020-09_gen3ou-0.json,Clefable,Moves,,Belly Drum,4.074
2020-09_gen3ou-0.json,Clefable,Moves,,Counter,3.889
2020-09_gen3ou-0.json,Clefable,Moves,,Protect,2.963
2020-09_gen3ou-0.json,Clefable,Moves,,Nothing,2.778
2020-09_gen3ou-0.json,Clefable,Moves,,Return,2.407
2020-09_gen3ou-0.json,Clefable,Moves,,Flamethrower,2.222
2020-09_gen3ou-0.json,Clefable,Moves,,Other,19.074
2020-09_gen3ou-0.json,Ursaring,Stats,Raw count,,503
2020-09_gen3ou-0.json,Ursaring,Stats,Avg. weight,,1.0
2020-09_gen3ou-0.json,Ursaring,Stats,Viability Ceiling,,76
2020-09_gen3ou-0.json,Ursaring,Stats,Adamant,,3.181
2020-09_gen3ou-0.json,Ursaring,Stats,Careful,,3.181
2020-09_gen3ou-0.json,Ursaring,Abilities,,Guts,100.0
2020-09_gen3ou-0.json,Ursaring,Items,,Leftovers,74.751
2020-09_gen3ou-0.json,Ursaring,Items,,Quick Claw,6.759
2020-09_gen3ou-0.json,Ursaring,Items,,Salac Berry,6.561
2020-09_gen3ou-0.json,Ursaring,Items,,Choice Band,5.964
2020-09_gen3ou-0.json,Ursaring,Items,,Nothing,1.789
2020-09_gen3ou-0.json,Ursaring,Items,,Other,4.175
2020-09_gen3ou-0.json,Ursaring,Spreads,,Other,29.622
2020-09_gen3ou-0.json,Ursaring,Moves,,Earthquake,91.252
2020-09_gen3ou-0.json,Ursaring,Moves,,Return,87.078
2020-09_gen3ou-0.json,Ursaring,Moves,,Hidden Power Ghost,71.173
2020-09_gen3ou-0.json,Ursaring,Moves,,Swords Dance,69.98
2020-09_gen3ou-0.json,Ursaring,Moves,,Bulk Up,15.308
2020-09_gen3ou-0.json,Ursaring,Moves,,Rock Slide,15.308
2020-09_gen3ou-0.json,Ursaring,Moves,,Brick Break,9.145
2020-09_gen3ou-0.json,Ursaring,Moves,,Facade,7.356
2020-09_gen3ou-0.json,Ursaring,Moves,,Focus Punch,5.765
2020-09_gen3ou-0.json,Ursaring,Moves,,Sleep Talk,4.771
2020-09_gen3ou-0.json,Ursaring,Moves,,Rest,2.982
2020-09_gen3ou-0.json,Ursaring,Moves,,Other,19.881
2020-09_gen3ou-0.json,Manectric,Stats,Raw count,,526
2020-09_gen3ou-0.json,Manectric,Stats,Avg. weight,,1.0
2020-09_gen3ou-0.json,Manectric,Stats,Viability Ceiling,,59
2020-09_gen3ou-0.json,Manectric,Stats,Timid,,5.703
2020-09_gen3ou-0.json,Manectric,Stats,Hasty,,4.753
2020-09_gen3ou-0.json,Manectric,Stats,Hardy,,5.323
2020-09_gen3ou-0.json,Manectric,Stats,Modest,,4.183
2020-09_gen3ou-0.json,Manectric,Abilities,,Static,73.574
2020-09_gen3ou-0.json,Manectric,Abilities,,Lightning Rod,26.426
2020-09_gen3ou-0.json,Manectric,Items,,Leftovers,38.973
2020-09_gen3ou-0.json,Manectric,Items,,Magnet,17.11
2020-09_gen3ou-0.json,Manectric,Items,,Shell Bell,12.548
2020-09_gen3ou-0.json,Manectric,Items,,Nothing,8.175
2020-09_gen3ou-0.json,Manectric,Items,,Petaya Berry,5.894
2020-09_gen3ou-0.json,Manectric,Items,,Focus Band,2.471
2020-09_gen3ou-0.json,Manectric,Items,,Sitrus Berry,2.281
2020-09_gen3ou-0.json,Manectric,Items,,Lum Berry,2.281
2020-09_gen3ou-0.json,Manectric,Items,,Scope Lens,1.711
2020-09_gen3ou-0.json,Manectric,Items,,Salac Berry,1.331
2020-09_gen3ou-0.json,Manectric,Items,,Mental Herb,1.141
2020-09_gen3ou-0.json,Manectric,Items,,Quick Claw,1.141
2020-09_gen3ou-0.json,Manectric,Items,,Other,4.943
2020-09_gen3ou-0.json,Manectric,Spreads,,Other,57.414
2020-09_gen3ou-0.json,Manectric,Moves,,Thunderbolt,85.932
2020-09_gen3ou-0.json,Manectric,Moves,,Crunch,78.327
2020-09_gen3ou-0.json,Manectric,Moves,,Thunder Wave,52.852
2020-09_gen3ou-0.json,Manectric,Moves,,Thunder,27.186
2020-09_gen3ou-0.json,Manectric,Moves,,Hidden Power Grass,23.574
2020-09_gen3ou-0.json,Manectric,Moves,,Substitute,17.11
2020-09_gen3ou-0.json,Manectric,Moves,,Quick Attack,14.068
2020-09_gen3ou-0.json,Manectric,Moves,,Toxic,11.597
2020-09_gen3ou-0.json,Manectric,Moves,,Spark,10.837
2020-09_gen3ou-0.json,Manectric,Moves,,Hidden Power Ice,10.076
2020-09_gen3ou-0.json,Manectric,Moves,,Roar,8.365
2020-09_gen3ou-0.json,Manectric,Moves,,Hidden Power Fire,7.985
2020-09_gen3ou-0.json,Manectric,Moves,,Charge,7.224
2020-09_gen3ou-0.json,Manectric,Moves,,Facade,4.373
2020-09_gen3ou-0.json,Manectric,Moves,,Bite,3.992
2020-09_gen3ou-0.json,Manectric,Moves,,Protect,3.422
2020-09_gen3ou-0.json,Manectric,Moves,,Leer,2.662
2020-09_gen3ou-0.json,Manectric,Moves,,Hidden Power Dark,2.471
2020-09_gen3ou-0.json,Manectric,Moves,,Iron Tail,2.471
2020-09_gen3ou-0.json,Manectric,Moves,,Body Slam,2.471
2020-09_gen3ou-0.json,Manectric,Moves,,Hyper Beam,2.471
2020-09_gen3ou-0.json,Manectric,Moves,,Hidden Power Electric,2.091
2020-09_gen3ou-0.json,Manectric,Moves,,Other,18.441
2020-09_gen3ou-0.json,Hitmonlee,Stats,Raw count,,512
2020-09_gen3ou-0.json,Hitmonlee,Stats,Avg. weight,,1.0
2020-09_gen3ou-0.json,Hitmonlee,Stats,Viability Ceiling,,70
2020-09_gen3ou-0.json,Hitmonlee,Stats,Adamant,,9.961
2020-09_gen3ou-0.json,Hitmonlee,Stats,Jolly,,8.594
2020-09_gen3ou-0.json,Hitmonlee,Abilities,,Limber,100.0
2020-09_gen3ou-0.json,Hitmonlee,Items,,Nothing,28.32
2020-09_gen3ou-0.json,Hitmonlee,Items,,Salac Berry,23.242
2020-09_gen3ou-0.json,Hitmonlee,Items,,Leftovers,19.141
2020-09_gen3ou-0.json,Hitmonlee,Items,,Black Belt,10.156
2020-09_gen3ou-0.json,Hitmonlee,Items,,Choice Band,9.961
2020-09_gen3ou-0.json,Hitmonlee,Items,,Iapapa Berry,5.273
2020-09_gen3ou-0.json,Hitmonlee,Items,,Other,3.906
2020-09_gen3ou-0.json,Hitmonlee,Spreads,,Other,23.633
2020-09_gen3ou-0.json,Hitmonlee,Moves,,Bulk Up,69.141
2020-09_gen3ou-0.json,Hitmonlee,Moves,,Rock Slide,66.016
2020-09_gen3ou-0.json,Hitmonlee,Moves,,Mach Punch,62.305
2020-09_gen3ou-0.json,Hitmonlee,Moves,,High Jump Kick,50.781
2020-09_gen3ou-0.json,Hitmonlee,Moves,,Earthquake,31.445
2020-09_gen3ou-0.json,Hitmonlee,Moves,,Brick Break,27.93
2020-09_gen3ou-0.json,Hitmonlee,Moves,,Reversal,25.0
2020-09_gen3ou-0.json,Hitmonlee,Moves,,Endure,22.266
2020-09_gen3ou-0.json,Hitmonlee,Moves,,Hidden Power Ghost,8.789
2020-09_gen3ou-0.json,Hitmonlee,Moves,,Hidden Power Bug,6.445
2020-09_gen3ou-0.json,Hitmonlee,Moves,,Focus Punch,5.469
2020-09_gen3ou-0.json,Hitmonlee,Moves,,Substitute,4.297
2020-09_gen3ou-0.json,Hitmonlee,Moves,,Hidden Power Rock,4.102
2020-09_gen3ou-0.json,Hitmonlee,Moves,,Other,16.016
2020-09_gen3ou-0.json,Gligar,Stats,Raw count,,495
2020-09_gen3ou-0.json,Gligar,Stats,Avg. weight,,1.0
2020-09_gen3ou-0.json,Gligar,Stats,Viability Ceiling,,84
2020-09_gen3ou-0.json,Gligar,Stats,Adamant,,7.475
2020-09_gen3ou-0.json,Gligar,Stats,Jolly,,7.071
2020-09_gen3ou-0.json,Gligar,Abilities,,Sand Veil,69.899
2020-09_gen3ou-0.json,Gligar,Abilities,,Hyper Cutter,30.101
2020-09_gen3ou-0.json,Gligar,Items,,Leftovers,52.323
2020-09_gen3ou-0.json,Gligar,Items,,Salac Berry,37.778
2020-09_gen3ou-0.json,Gligar,Items,,Bright Powder,7.879
2020-09_gen3ou-0.json,Gligar,Items,,Other,2.02
2020-09_gen3ou-0.json,Gligar,Spreads,,Other,30.101
2020-09_gen3ou-0.json,Gligar,Moves,,Earthquake,92.525
2020-09_gen3ou-0.json,Gligar,Moves,,Swords Dance,88.283
2020-09_gen3ou-0.json,Gligar,Moves,,Hidden Power Flying,77.576
2020-09_gen3ou-0.json,Gligar,Moves,,Substitute,72.323
2020-09_gen3ou-0.json,Gligar,Moves,,Rock Slide,18.99
2020-09_gen3ou-0.json,Gligar,Moves,,Toxic,10.909
2020-09_gen3ou-0.json,Gligar,Moves,,Protect,8.687
2020-09_gen3ou-0.json,Gligar,Moves,,Harden,5.859
2020-09_gen3ou-0.json,Gligar,Moves,,Aerial Ace,5.657
2020-09_gen3ou-0.json,Gligar,Moves,,Other,19.192
2020-09_gen3ou-0.json,Scyther,Stats,Raw count,,472
2020-09_gen3ou-0.json,Scyther,Stats,Avg. weight,,1.0
2020-09_gen3ou-0.json,Scyther,Stats,Viability Ceiling,,75
2020-09_gen3ou-0.json,Scyther,Stats,Careful,,8.686
2020-09_gen3ou-0.json,Scyther,Stats,Timid,,19.492
2020-09_gen3ou-0.json,Scyther,Stats,Hasty,,10.381
2020-09_gen3ou-0.json,Scyther,Stats,Jolly,,10.169
2020-09_gen3ou-0.json,Scyther,Stats,Adamant,,6.568
2020-09_gen3ou-0.json,Scyther,Abilities,,Swarm,100.0
2020-09_gen3ou-0.json,Scyther,Items,,Salac Berry,42.373
2020-09_gen3ou-0.json,Scyther,Items,,Liechi Berry,39.831
2020-09_gen3ou-0.json,Scyther,Items,,Leftovers,11.441
2020-09_gen3ou-0.json,Scyther,Items,,Silver Powder,2.119
2020-09_gen3ou-0.json,Scyther,Items,,Other,4.237
2020-09_gen3ou-0.json,Scyther,Spreads,,Other,19.703
2020-09_gen3ou-0.json,Scyther,Moves,,Swords Dance,96.398
2020-09_gen3ou-0.json,Scyther,Moves,,Baton Pass,71.398
2020-09_gen3ou-0.json,Scyther,Moves,,Light Screen,56.78
2020-09_gen3ou-0.json,Scyther,Moves,,Agility,41.949
2020-09_gen3ou-0.json,Scyther,Moves,,Hidden Power Rock,21.186
2020-09_gen3ou-0.json,Scyther,Moves,,Hidden Power Bug,18.22
2020-09_gen3ou-0.json,Scyther,Moves,,Rain Dance,16.949
2020-09_gen3ou-0.json,Scyther,Moves,,Substitute,13.983
2020-09_gen3ou-0.json,Scyther,Moves,,Aerial Ace,13.136
2020-09_gen3ou-0.json,Scyther,Moves,,Endure,10.805
2020-09_gen3ou-0.json,Scyther,Moves,,Reversal,8.898
2020-09_gen3ou-0.json,Scyther,Moves,,Silver Wind,8.475
2020-09_gen3ou-0.json,Scyther,Moves,,Quick Attack,5.508
2020-09_gen3ou-0.json,Scyther,Moves,,Other,16.314
2020-09_gen3ou-0.json,Zangoose,Stats,Raw count,,462
2020-09_gen3ou-0.json,Zangoose,Stats,Avg. weight,,1.0
2020-09_gen3ou-0.json,Zangoose,Stats,Viability Ceiling,,70
2020-09_gen3ou-0.json,Zangoose,Stats,Jolly,,3.030
2020-09_gen3ou-0.json,Zangoose,Stats,Adamant,,2.814
2020-09_gen3ou-0.json,Zangoose,Stats,Hasty,,8.225
2020-09_gen3ou-0.json,Zangoose,Abilities,,Immunity,100.0
2020-09_gen3ou-0.json,Zangoose,Items,,Leftovers,38.528
2020-09_gen3ou-0.json,Zangoose,Items,,Salac Berry,29.004
2020-09_gen3ou-0.json,Zangoose,Items,,Liechi Berry,10.173
2020-09_gen3ou-0.json,Zangoose,Items,,Silk Scarf,6.494
2020-09_gen3ou-0.json,Zangoose,Items,,Choice Band,5.411
2020-09_gen3ou-0.json,Zangoose,Items,,Lum Berry,5.411
2020-09_gen3ou-0.json,Zangoose,Items,,Other,4.978
2020-09_gen3ou-0.json,Zangoose,Spreads,,Other,21.212
2020-09_gen3ou-0.json,Zangoose,Moves,,Shadow Ball,87.446
2020-09_gen3ou-0.json,Zangoose,Moves,,Swords Dance,80.952
2020-09_gen3ou-0.json,Zangoose,Moves,,Brick Break,57.792
2020-09_gen3ou-0.json,Zangoose,Moves,,Return,34.416
2020-09_gen3ou-0.json,Zangoose,Moves,,Endure,21.212
2020-09_gen3ou-0.json,Zangoose,Moves,,Flail,21.212
2020-09_gen3ou-0.json,Zangoose,Moves,,Double-Edge,18.831
2020-09_gen3ou-0.json,Zangoose,Moves,,Quick Attack,14.935
2020-09_gen3ou-0.json,Zangoose,Moves,,Body Slam,7.576
2020-09_gen3ou-0.json,Zangoose,Moves,,Rock Slide,6.061
2020-09_gen3ou-0.json,Zangoose,Moves,,Slash,5.195
2020-09_gen3ou-0.json,Zangoose,Moves,,Counter,3.896
2020-09_gen3ou-0.json,Zangoose,Moves,,Hidden Power Flying,3.463
2020-09_gen3ou-0.json,Zangoose,Moves,,Frustration,3.247
2020-09_gen3ou-0.json,Zangoose,Moves,,Crush Claw,3.03
2020-09_gen3ou-0.json,Zangoose,Moves,,Facade,3.03
2020-09_gen3ou-0.json,Zangoose,Moves,,Taunt,3.03
2020-09_gen3ou-0.json,Zangoose,Moves,,Hidden Power Fighting,2.381
2020-09_gen3ou-0.json,Zangoose,Moves,,Aerial Ace,2.381
2020-09_gen3ou-0.json,Zangoose,Moves,,Other,19.913
2020-09_gen3ou-0.json,Clamperl,Stats,Raw count,,542
2020-09_gen3ou-0.json,Clamperl,Stats,Avg. weight,,1.0
2020-09_gen3ou-0.json,Clamperl,Stats,Viability Ceiling,,70
2020-09_gen3ou-0.json,Clamperl,Stats,Modest,,5.720
2020-09_gen3ou-0.json,Clamperl,Abilities,,Shell Armor,100.0
2020-09_gen3ou-0.json,Clamperl,Items,,Deep Sea Tooth,100.0
2020-09_gen3ou-0.json,Clamperl,Spreads,,Other,4.059
2020-09_gen3ou-0.json,Clamperl,Moves,,Surf,100.0
2020-09_gen3ou-0.json,Clamperl,Moves,,Ice Beam,100.0
2020-09_gen3ou-0.json,Clamperl,Moves,,Hidden Power Electric,85.424
2020-09_gen3ou-0.json,Clamperl,Moves,,Hail,77.122
2020-09_gen3ou-0.json,Clamperl,Moves,,Hidden Power Grass,14.576
2020-09_gen3ou-0.json,Clamperl,Moves,,Substitute,7.565
2020-09_gen3ou-0.json,Clamperl,Moves,,Other,15.314
2020-09_gen3ou-0.json,Quagsire,Stats,Raw count,,438
2020-09_gen3ou-0.json,Quagsire,Stats,Avg. weight,,1.0
2020-09_gen3ou-0.json,Quagsire,Stats,Viability Ceiling,,83
2020-09_gen3ou-0.json,Quagsire,Stats,Relaxed,,12.329
2020-09_gen3ou-0.json,Quagsire,Stats,Careful,,5.936
2020-09_gen3ou-0.json,Quagsire,Stats,Bold,,9.132
2020-09_gen3ou-0.json,Quagsire,Stats,Naive,,5.936
2020-09_gen3ou-0.json,Quagsire,Abilities,,Water Absorb,75.571
2020-09_gen3ou-0.json,Quagsire,Abilities,,Damp,24.429
2020-09_gen3ou-0.json,Quagsire,Items,,Leftovers,95.205
2020-09_gen3ou-0.json,Quagsire,Items,,Other,4.795
2020-09_gen3ou-0.json,Quagsire,Spreads,,Other,50.0
2020-09_gen3ou-0.json,Quagsire,Moves,,Earthquake,83.562
2020-09_gen3ou-0.json,Quagsire,Moves,,Counter,51.142
2020-09_gen3ou-0.json,Quagsire,Moves,,Surf,50.913
2020-09_gen3ou-0.json,Quagsire,Moves,,Toxic,47.489
2020-09_gen3ou-0.json,Quagsire,Moves,,Rest,30.365
2020-09_gen3ou-0.json,Quagsire,Moves,,Haze,28.539
2020-09_gen3ou-0.json,Quagsire,Moves,,Protect,26.712
2020-09_gen3ou-0.json,Quagsire,Moves,,Rain Dance,19.178
2020-09_gen3ou-0.json,Quagsire,Moves,,Ice Beam,18.493
2020-09_gen3ou-0.json,Quagsire,Moves,,Seismic Toss,8.219
2020-09_gen3ou-0.json,Quagsire,Moves,,Yawn,7.991
2020-09_gen3ou-0.json,Quagsire,Moves,,Sludge Bomb,7.763
2020-09_gen3ou-0.json,Quagsire,Moves,,Other,19.635
2020-09_gen3ou-0.json,Golem,Stats,Raw count,,457
2020-09_gen3ou-0.json,Golem,Stats,Avg. weight,,1.0
2020-09_gen3ou-0.json,Golem,Stats,Viability Ceiling,,73
2020-09_gen3ou-0.json,Golem,Stats,Adamant,,6.346
2020-09_gen3ou-0.json,Golem,Stats,Jolly,,4.814
2020-09_gen3ou-0.json,Golem,Stats,Impish,,3.720
2020-09_gen3ou-0.json,Golem,Stats,Brave,,2.407
2020-09_gen3ou-0.json,Golem,Abilities,,Rock Head,77.462
2020-09_gen3ou-0.json,Golem,Abilities,,Sturdy,22.538
2020-09_gen3ou-0.json,Golem,Items,,Choice Band,63.895
2020-09_gen3ou-0.json,Golem,Items,,Leftovers,24.508
2020-09_gen3ou-0.json,Golem,Items,,Nothing,2.626
2020-09_gen3ou-0.json,Golem,Items,,Quick Claw,2.188
2020-09_gen3ou-0.json,Golem,Items,,Hard Stone,2.188
2020-09_gen3ou-0.json,Golem,Items,,Other,4.595
2020-09_gen3ou-0.json,Golem,Spreads,,Other,17.724
2020-09_gen3ou-0.json,Golem,Moves,,Earthquake,95.186
2020-09_gen3ou-0.json,Golem,Moves,,Explosion,84.245
2020-09_gen3ou-0.json,Golem,Moves,,Rock Slide,73.742
2020-09_gen3ou-0.json,Golem,Moves,,Focus Punch,45.514
2020-09_gen3ou-0.json,Golem,Moves,,Brick Break,19.694
2020-09_gen3ou-0.json,Golem,Moves,,Double-Edge,19.475
2020-09_gen3ou-0.json,Golem,Moves,,Rock Blast,8.315
2020-09_gen3ou-0.json,Golem,Moves,,Counter,7.002
2020-09_gen3ou-0.json,Golem,Moves,,Hidden Power Bug,6.783
2020-09_gen3ou-0.json,Golem,Moves,,Hidden Power Ghost,3.72
2020-09_gen3ou-0.json,Golem,Moves,,Toxic,3.72
2020-09_gen3ou-0.json,Golem,Moves,,Body Slam,3.72
2020-09_gen3ou-0.json,Golem,Moves,,Fire Punch,2.407
2020-09_gen3ou-0.json,Golem,Moves,,Attract,2.407
2020-09_gen3ou-0.json,Golem,Moves,,Protect,2.407
2020-09_gen3ou-0.json,Golem,Moves,,Rollout,2.188
2020-09_gen3ou-0.json,Golem,Moves,,Other,19.475
2020-09_gen3ou-0.json,Entei,Stats,Raw count,,446
2020-09_gen3ou-0.json,Entei,Stats,Avg. weight,,1.0
2020-09_gen3ou-0.json,Entei,Stats,Viability Ceiling,,74
2020-09_gen3ou-0.json,Entei,Stats,Timid,,3.587
2020-09_gen3ou-0.json,Entei,Stats,Naive,,13.229
2020-09_gen3ou-0.json,Entei,Abilities,,Pressure,100.0
2020-09_gen3ou-0.json,Entei,Items,,Leftovers,74.664
2020-09_gen3ou-0.json,Entei,Items,,Salac Berry,10.987
2020-09_gen3ou-0.json,Entei,Items,,Choice Band,4.933
2020-09_gen3ou-0.json,Entei,Items,,Miracle Seed,3.587
2020-09_gen3ou-0.json,Entei,Items,,Charcoal,3.139
2020-09_gen3ou-0.json,Entei,Items,,Other,2.691
2020-09_gen3ou-0.json,Entei,Spreads,,Other,32.96
2020-09_gen3ou-0.json,Entei,Moves,,Flamethrower,76.457
2020-09_gen3ou-0.json,Entei,Moves,,Calm Mind,65.022
2020-09_gen3ou-0.json,Entei,Moves,,Hidden Power Grass,49.103
2020-09_gen3ou-0.json,Entei,Moves,,Roar,40.583
2020-09_gen3ou-0.json,Entei,Moves,,Substitute,30.045
2020-09_gen3ou-0.json,Entei,Moves,,Fire Blast,23.543
2020-09_gen3ou-0.json,Entei,Moves,,Solar Beam,17.937
2020-09_gen3ou-0.json,Entei,Moves,,Sunny Day,14.574
2020-09_gen3ou-0.json,Entei,Moves,,Toxic,12.78
2020-09_gen3ou-0.json,Entei,Moves,,Body Slam,10.09
2020-09_gen3ou-0.json,Entei,Moves,,Reflect,8.744
2020-09_gen3ou-0.json,Entei,Moves,,Facade,7.175
2020-09_gen3ou-0.json,Entei,Moves,,Return,5.157
2020-09_gen3ou-0.json,Entei,Moves,,Hidden Power Fighting,4.933
2020-09_gen3ou-0.json,Entei,Moves,,Protect,3.812
2020-09_gen3ou-0.json,Entei,Moves,,Hidden Power Ice,3.363
2020-09_gen3ou-0.json,Entei,Moves,,Iron Tail,3.363
2020-09_gen3ou-0.json,Entei,Moves,,Hidden Power Electric,3.139
2020-09_gen3ou-0.json,Entei,Moves,,Double-Edge,2.915
2020-09_gen3ou-0.json,Entei,Moves,,Other,17.265
2020-09_gen3ou-0.json,Shiftry,Stats,Raw count,,410
2020-09_gen3ou-0.json,Shiftry,Stats,Avg. weight,,1.0
2020-09_gen3ou-0.json,Shiftry,Stats,Viability Ceiling,,73
2020-09_gen3ou-0.json,Shiftry,Stats,Rash,,6.341
2020-09_gen3ou-0.json,Shiftry,Stats,Hasty,,10.244
2020-09_gen3ou-0.json,Shiftry,Stats,Mild,,8.780
2020-09_gen3ou-0.json,Shiftry,Stats,Hardy,,4.634
2020-09_gen3ou-0.json,Shiftry,Stats,Timid,,4.390
2020-09_gen3ou-0.json,Shiftry,Abilities,,Chlorophyll,86.829
2020-09_gen3ou-0.json,Shiftry,Abilities,,Early Bird,13.171
2020-09_gen3ou-0.json,Shiftry,Items,,Leftovers,66.585
2020-09_gen3ou-0.json,Shiftry,Items,,Focus Band,9.756
2020-09_gen3ou-0.json,Shiftry,Items,,Choice Band,8.049
2020-09_gen3ou-0.json,Shiftry,Items,,Nothing,5.122
2020-09_gen3ou-0.json,Shiftry,Items,,Miracle Seed,2.927
2020-09_gen3ou-0.json,Shiftry,Items,,Silk Scarf,1.951
2020-09_gen3ou-0.json,Shiftry,Items,,Petaya Berry,1.463
2020-09_gen3ou-0.json,Shiftry,Items,,Other,4.146
2020-09_gen3ou-0.json,Shiftry,Spreads,,Other,43.415
2020-09_gen3ou-0.json,Shiftry,Moves,,Explosion,60.488
2020-09_gen3ou-0.json,Shiftry,Moves,,Solar Beam,46.829
2020-09_gen3ou-0.json,Shiftry,Moves,,Hidden Power Fire,39.756
2020-09_gen3ou-0.json,Shiftry,Moves,,Sunny Day,38.78
2020-09_gen3ou-0.json,Shiftry,Moves,,Brick Break,35.122
2020-09_gen3ou-0.json,Shiftry,Moves,,Giga Drain,32.195
2020-09_gen3ou-0.json,Shiftry,Moves,,Shadow Ball,24.878
2020-09_gen3ou-0.json,Shiftry,Moves,,Fake Out,16.585
2020-09_gen3ou-0.json,Shiftry,Moves,,Feint Attack,13.171
2020-09_gen3ou-0.json,Shiftry,Moves,,Extrasensory,11.22
2020-09_gen3ou-0.json,Shiftry,Moves,,Swords Dance,10.488
2020-09_gen3ou-0.json,Shiftry,Moves,,Synthesis,10.0
2020-09_gen3ou-0.json,Shiftry,Moves,,Body Slam,5.122
2020-09_gen3ou-0.json,Shiftry,Moves,,Leech Seed,4.878
2020-09_gen3ou-0.json,Shiftry,Moves,,Nothing,4.146
2020-09_gen3ou-0.json,Shiftry,Moves,,Hidden Power Dark,4.146
2020-09_gen3ou-0.json,Shiftry,Moves,,Bullet Seed,4.146
2020-09_gen3ou-0.json,Shiftry,Moves,,Toxic,3.902
2020-09_gen3ou-0.json,Shiftry,Moves,,Growth,3.171
2020-09_gen3ou-0.json,Shiftry,Moves,,Substitute,2.683
2020-09_gen3ou-0.json,Shiftry,Moves,,Double-Edge,2.683
2020-09_gen3ou-0.json,Shiftry,Moves,,Thief,2.195
2020-09_gen3ou-0.json,Shiftry,Moves,,Hidden Power Ice,2.195
2020-09_gen3ou-0.json,Shiftry,Moves,,Hidden Power Grass,2.195
2020-09_gen3ou-0.json,Shiftry,Moves,,Other,19.024
2020-09_gen3ou-0.json,Flareon,Stats,Raw count,,369
2020-09_gen3ou-0.json,Flareon,Stats,Avg. weight,,1.0
2020-09_gen3ou-0.json,Flareon,Stats,Viability Ceiling,,82
2020-09_gen3ou-0.json,Flareon,Stats,Relaxed,,7.588
2020-09_gen3ou-0.json,Flareon,Stats,Gentle,,14.905
2020-09_gen3ou-0.json,Flareon,Stats,Brave,,8.401
2020-09_gen3ou-0.json,Flareon,Stats,Lonely,,5.691
2020-09_gen3ou-0.json,Flareon,Stats,Calm,,4.878
2020-09_gen3ou-0.json,Flareon,Abilities,,Flash Fire,100.0
2020-09_gen3ou-0.json,Flareon,Items,,Leftovers,52.846
2020-09_gen3ou-0.json,Flareon,Items,,Choice Band,37.398
2020-09_gen3ou-0.json,Flareon,Items,,Charcoal,4.607
2020-09_gen3ou-0.json,Flareon,Items,,Focus Band,2.168
2020-09_gen3ou-0.json,Flareon,Items,,Other,2.981
2020-09_gen3ou-0.json,Flareon,Spreads,,Other,26.558
2020-09_gen3ou-0.json,Flareon,Moves,,Shadow Ball,80.217
2020-09_gen3ou-0.json,Flareon,Moves,,Fire Blast,52.304
2020-09_gen3ou-0.json,Flareon,Moves,,Wish,47.696
2020-09_gen3ou-0.json,Flareon,Moves,,Body Slam,33.875
2020-09_gen3ou-0.json,Flareon,Moves,,Overheat,33.604
2020-09_gen3ou-0.json,Flareon,Moves,,Double-Edge,32.52
2020-09_gen3ou-0.json,Flareon,Moves,,Toxic,21.138
2020-09_gen3ou-0.json,Flareon,Moves,,Quick Attack,20.867
2020-09_gen3ou-0.json,Flareon,Moves,,Protect,19.783
2020-09_gen3ou-0.json,Flareon,Moves,,Flamethrower,13.821
2020-09_gen3ou-0.json,Flareon,Moves,,Baton Pass,11.924
2020-09_gen3ou-0.json,Flareon,Moves,,Hidden Power Fighting,8.401
2020-09_gen3ou-0.json,Flareon,Moves,,Hidden Power Ground,5.691
2020-09_gen3ou-0.json,Flareon,Moves,,Other,18.157
2020-09_gen3ou-0.json,Raichu,Stats,Raw count,,372
2020-09_gen3ou-0.json,Raichu,Stats,Avg. weight,,1.0
2020-09_gen3ou-0.json,Raichu,Stats,Viability Ceiling,,60
2020-09_gen3ou-0.json,Raichu,Stats,Timid,,17.473
2020-09_gen3ou-0.json,Raichu,Stats,Hardy,,7.527
2020-09_gen3ou-0.json,Raichu,Stats,Mild,,6.183
2020-09_gen3ou-0.json,Raichu,Stats,Hasty,,4.032
2020-09_gen3ou-0.json,Raichu,Abilities,,Static,100.0
2020-09_gen3ou-0.json,Raichu,Items,,Leftovers,27.688
2020-09_gen3ou-0.json,Raichu,Items,,Magnet,25.269
2020-09_gen3ou-0.json,Raichu,Items,,Nothing,20.699
2020-09_gen3ou-0.json,Raichu,Items,,Petaya Berry,8.602
2020-09_gen3ou-0.json,Raichu,Items,,Salac Berry,8.065
2020-09_gen3ou-0.json,Raichu,Items,,Lum Berry,2.151
2020-09_gen3ou-0.json,Raichu,Items,,Focus Band,1.882
2020-09_gen3ou-0.json,Raichu,Items,,Quick Claw,1.613
2020-09_gen3ou-0.json,Raichu,Items,,Other,4.032
2020-09_gen3ou-0.json,Raichu,Spreads,,Other,39.785
2020-09_gen3ou-0.json,Raichu,Moves,,Thunderbolt,80.914
2020-09_gen3ou-0.json,Raichu,Moves,,Surf,38.172
2020-09_gen3ou-0.json,Raichu,Moves,,Thunder,31.989
2020-09_gen3ou-0.json,Raichu,Moves,,Thunder Wave,23.656
2020-09_gen3ou-0.json,Raichu,Moves,,Substitute,20.161
2020-09_gen3ou-0.json,Raichu,Moves,,Rain Dance,19.086
2020-09_gen3ou-0.json,Raichu,Moves,,Encore,15.86
2020-09_gen3ou-0.json,Raichu,Moves,,Quick Attack,15.591
2020-09_gen3ou-0.json,Raichu,Moves,,Hidden Power Grass,15.323
2020-09_gen3ou-0.json,Raichu,Moves,,Focus Punch,13.978
2020-09_gen3ou-0.json,Raichu,Moves,,Hidden Power Ice,12.903
2020-09_gen3ou-0.json,Raichu,Moves,,Volt Tackle,12.634
2020-09_gen3ou-0.json,Raichu,Moves,,Agility,10.753
2020-09_gen3ou-0.json,Raichu,Moves,,Iron Tail,10.215
2020-09_gen3ou-0.json,Raichu,Moves,,Protect,8.602
2020-09_gen3ou-0.json,Raichu,Moves,,Brick Break,8.333
2020-09_gen3ou-0.json,Raichu,Moves,,Hidden Power Fire,6.989
2020-09_gen3ou-0.json,Raichu,Moves,,Wish,6.989
2020-09_gen3ou-0.json,Raichu,Moves,,Light Screen,5.108
2020-09_gen3ou-0.json,Raichu,Moves,,Dig,4.57
2020-09_gen3ou-0.json,Raichu,Moves,,Sweet Kiss,3.495
2020-09_gen3ou-0.json,Raichu,Moves,,Body Slam,3.226
2020-09_gen3ou-0.json,Raichu,Moves,,Seismic Toss,2.957
2020-09_gen3ou-0.json,Raichu,Moves,,Facade,2.688
2020-09_gen3ou-0.json,Raichu,Moves,,Thunder Punch,2.419
2020-09_gen3ou-0.json,Raichu,Moves,,Reversal,2.151
2020-09_gen3ou-0.json,Raichu,Moves,,Shock Wave,2.151
2020-09_gen3ou-0.json,Raichu,Moves,,Other,19.086
2020-09_gen3ou-0.json,Electabuzz,Stats,Raw count,,363
2020-09_gen3ou-0.json,Electabuzz,Stats,Avg. weight,,1.0
2020-09_gen3ou-0.json,Electabuzz,Stats,Viability Ceiling,,73
2020-09_gen3ou-0.json,Electabuzz,Stats,Hasty,,23.691
2020-09_gen3ou-0.json,Electabuzz,Stats,Modest,,7.713
2020-09_gen3ou-0.json,Electabuzz,Stats,Hardy,,4.408
2020-09_gen3ou-0.json,Electabuzz,Stats,Lax,,4.132
2020-09_gen3ou-0.json,Electabuzz,Abilities,,Static,100.0
2020-09_gen3ou-0.json,Electabuzz,Items,,Leftovers,41.873
2020-09_gen3ou-0.json,Electabuzz,Items,,Lum Berry,18.457
2020-09_gen3ou-0.json,Electabuzz,Items,,Focus Band,9.091
2020-09_gen3ou-0.json,Electabuzz,Items,,Magnet,9.091
2020-09_gen3ou-0.json,Electabuzz,Items,,Nothing,5.785
2020-09_gen3ou-0.json,Electabuzz,Items,,Scope Lens,5.51
2020-09_gen3ou-0.json,Electabuzz,Items,,Petaya Berry,2.204
2020-09_gen3ou-0.json,Electabuzz,Items,,Salac Berry,2.204
2020-09_gen3ou-0.json,Electabuzz,Items,,Never-Melt Ice,1.928
2020-09_gen3ou-0.json,Electabuzz,Items,,Other,3.857
2020-09_gen3ou-0.json,Electabuzz,Spreads,,Other,35.537
2020-09_gen3ou-0.json,Electabuzz,Moves,,Thunderbolt,77.686
2020-09_gen3ou-0.json,Electabuzz,Moves,,Ice Punch,70.248
2020-09_gen3ou-0.json,Electabuzz,Moves,,Hidden Power Grass,49.311
2020-09_gen3ou-0.json,Electabuzz,Moves,,Cross Chop,41.873
2020-09_gen3ou-0.json,Electabuzz,Moves,,Light Screen,26.997
2020-09_gen3ou-0.json,Electabuzz,Moves,,Fire Punch,15.427
2020-09_gen3ou-0.json,Electabuzz,Moves,,Thunder Punch,15.152
2020-09_gen3ou-0.json,Electabuzz,Moves,,Mega Kick,12.121
2020-09_gen3ou-0.json,Electabuzz,Moves,,Swift,12.121
2020-09_gen3ou-0.json,Electabuzz,Moves,,Counter,11.846
2020-09_gen3ou-0.json,Electabuzz,Moves,,Focus Punch,9.642
2020-09_gen3ou-0.json,Electabuzz,Moves,,Thunder Wave,9.091
2020-09_gen3ou-0.json,Electabuzz,Moves,,Substitute,7.713
2020-09_gen3ou-0.json,Electabuzz,Moves,,Toxic,7.438
2020-09_gen3ou-0.json,Electabuzz,Moves,,Quick Attack,6.887
2020-09_gen3ou-0.json,Electabuzz,Moves,,Psychic,4.408
2020-09_gen3ou-0.json,Electabuzz,Moves,,Thunder,4.132
2020-09_gen3ou-0.json,Electabuzz,Moves,,Other,17.906
2020-09_gen3ou-0.json,Misdreavus,Stats,Raw count,,362
2020-09_gen3ou-0.json,Misdreavus,Stats,Avg. weight,,1.0
2020-09_gen3ou-0.json,Misdreavus,Stats,Viability Ceiling,,82
2020-09_gen3ou-0.json,Misdreavus,Stats,Timid,,5.801
2020-09_gen3ou-0.json,Misdreavus,Stats,Lonely,,12.155
2020-09_gen3ou-0.json,Misdreavus,Stats,Calm,,6.630
2020-09_gen3ou-0.json,Misdreavus,Abilities,,Levitate,100.0
2020-09_gen3ou-0.json,Misdreavus,Items,,Leftovers,91.989
2020-09_gen3ou-0.json,Misdreavus,Items,,Nothing,3.315
2020-09_gen3ou-0.json,Misdreavus,Items,,Other,4.696
2020-09_gen3ou-0.json,Misdreavus,Spreads,,Other,45.028
2020-09_gen3ou-0.json,Misdreavus,Moves,,Thunderbolt,63.26
2020-09_gen3ou-0.json,Misdreavus,Moves,,Perish Song,40.331
2020-09_gen3ou-0.json,Misdreavus,Moves,,Calm Mind,39.779
2020-09_gen3ou-0.json,Misdreavus,Moves,,Mean Look,36.464
2020-09_gen3ou-0.json,Misdreavus,Moves,,Psychic,35.083
2020-09_gen3ou-0.json,Misdreavus,Moves,,Protect,34.254
2020-09_gen3ou-0.json,Misdreavus,Moves,,Pain Split,33.978
2020-09_gen3ou-0.json,Misdreavus,Moves,,Substitute,20.442
2020-09_gen3ou-0.json,Misdreavus,Moves,,Shadow Ball,19.337
2020-09_gen3ou-0.json,Misdreavus,Moves,,Imprison,15.193
2020-09_gen3ou-0.json,Misdreavus,Moves,,Hidden Power Fighting,13.812
2020-09_gen3ou-0.json,Misdreavus,Moves,,Destiny Bond,13.536
2020-09_gen3ou-0.json,Misdreavus,Moves,,Nothing,9.116
2020-09_gen3ou-0.json,Misdreavus,Moves,,Hidden Power Ice,6.906
2020-09_gen3ou-0.json,Misdreavus,Moves,,Other,18.508
2020-09_gen3ou-0.json,Electrode,Stats,Raw count,,367
2020-09_gen3ou-0.json,Electrode,Stats,Avg. weight,,1.0
2020-09_gen3ou-0.json,Electrode,Stats,Viability Ceiling,,69
2020-09_gen3ou-0.json,Electrode,Stats,Hasty,,8.719
2020-09_gen3ou-0.json,Electrode,Stats,Timid,,5.995
2020-09_gen3ou-0.json,Electrode,Stats,Adamant,,6.540
2020-09_gen3ou-0.json,Electrode,Abilities,,Static,58.311
2020-09_gen3ou-0.json,Electrode,Abilities,,Soundproof,41.689
2020-09_gen3ou-0.json,Electrode,Items,,Leftovers,23.161
2020-09_gen3ou-0.json,Electrode,Items,,Nothing,13.896
2020-09_gen3ou-0.json,Electrode,Items,,Magnet,11.989
2020-09_gen3ou-0.json,Electrode,Items,,Lum Berry,10.899
2020-09_gen3ou-0.json,Electrode,Items,,Liechi Berry,10.627
2020-09_gen3ou-0.json,Electrode,Items,,Petaya Berry,8.719
2020-09_gen3ou-0.json,Electrode,Items,,Choice Band,8.447
2020-09_gen3ou-0.json,Electrode,Items,,Focus Band,7.084
2020-09_gen3ou-0.json,Electrode,Items,,Salac Berry,3.542
2020-09_gen3ou-0.json,Electrode,Items,,Other,1.635
2020-09_gen3ou-0.json,Electrode,Spreads,,Other,49.319
2020-09_gen3ou-0.json,Electrode,Moves,,Explosion,83.651
2020-09_gen3ou-0.json,Electrode,Moves,,Thunderbolt,74.932
2020-09_gen3ou-0.json,Electrode,Moves,,Thunder Wave,67.847
2020-09_gen3ou-0.json,Electrode,Moves,,Taunt,25.068
2020-09_gen3ou-0.json,Electrode,Moves,,Hidden Power Grass,24.523
2020-09_gen3ou-0.json,Electrode,Moves,,Substitute,21.526
2020-09_gen3ou-0.json,Electrode,Moves,,Rain Dance,15.531
2020-09_gen3ou-0.json,Electrode,Moves,,Hidden Power Ice,15.259
2020-09_gen3ou-0.json,Electrode,Moves,,Nothing,14.441
2020-09_gen3ou-0.json,Electrode,Moves,,Thunder,12.534
2020-09_gen3ou-0.json,Electrode,Moves,,Mirror Coat,9.809
2020-09_gen3ou-0.json,Electrode,Moves,,Charge,8.719
2020-09_gen3ou-0.json,Electrode,Moves,,Hidden Power Fire,3.815
2020-09_gen3ou-0.json,Electrode,Moves,,Hidden Power Fighting,2.18
2020-09_gen3ou-0.json,Electrode,Moves,,Protect,2.18
2020-09_gen3ou-0.json,Electrode,Moves,,Other,17.984
2020-09_gen3ou-0.json,Slowking,Stats,Raw count,,367
2020-09_gen3ou-0.json,Slowking,Stats,Avg. weight,,1.0
2020-09_gen3ou-0.json,Slowking,Stats,Viability Ceiling,,63
2020-09_gen3ou-0.json,Slowking,Stats,Hardy,,5.177
2020-09_gen3ou-0.json,Slowking,Stats,Careful,,6.540
2020-09_gen3ou-0.json,Slowking,Stats,Modest,,8.447
2020-09_gen3ou-0.json,Slowking,Abilities,,Own Tempo,91.281
2020-09_gen3ou-0.json,Slowking,Abilities,,Oblivious,8.719
2020-09_gen3ou-0.json,Slowking,Items,,Leftovers,56.131
2020-09_gen3ou-0.json,Slowking,Items,,Mystic Water,18.801
2020-09_gen3ou-0.json,Slowking,Items,,Lum Berry,10.354
2020-09_gen3ou-0.json,Slowking,Items,,Sea Incense,7.902
2020-09_gen3ou-0.json,Slowking,Items,,Salac Berry,2.997
2020-09_gen3ou-0.json,Slowking,Items,,Other,3.815
2020-09_gen3ou-0.json,Slowking,Spreads,,Other,49.046
2020-09_gen3ou-0.json,Slowking,Moves,,Surf,89.101
2020-09_gen3ou-0.json,Slowking,Moves,,Ice Beam,64.033
2020-09_gen3ou-0.json,Slowking,Moves,,Calm Mind,53.951
2020-09_gen3ou-0.json,Slowking,Moves,,Psychic,33.243
2020-09_gen3ou-0.json,Slowking,Moves,,Thunder Wave,27.52
2020-09_gen3ou-0.json,Slowking,Moves,,Flamethrower,26.703
2020-09_gen3ou-0.json,Slowking,Moves,,Fire Blast,25.068
2020-09_gen3ou-0.json,Slowking,Moves,,Rain Dance,16.894
2020-09_gen3ou-0.json,Slowking,Moves,,Blizzard,16.349
2020-09_gen3ou-0.json,Slowking,Moves,,Earthquake,12.534
2020-09_gen3ou-0.json,Slowking,Moves,,Substitute,6.812
2020-09_gen3ou-0.json,Slowking,Moves,,Yawn,6.267
2020-09_gen3ou-0.json,Slowking,Moves,,Shadow Ball,4.905
2020-09_gen3ou-0.json,Slowking,Moves,,Other,16.621
2020-09_gen3ou-0.json,Vileplume,Stats,Raw count,,344
2020-09_gen3ou-0.json,Vileplume,Stats,Avg. weight,,1.0
2020-09_gen3ou-0.json,Vileplume,Stats,Viability Ceiling,,72
2020-09_gen3ou-0.json,Vileplume,Stats,Calm,,46.221
2020-09_gen3ou-0.json,Vileplume,Stats,Timid,,5.523
2020-09_gen3ou-0.json,Vileplume,Stats,Hardy,,7.849
2020-09_gen3ou-0.json,Vileplume,Stats,Modest,,4.360
2020-09_gen3ou-0.json,Vileplume,Abilities,,Chlorophyll,100.0
2020-09_gen3ou-0.json,Vileplume,Items,,Leftovers,78.198
2020-09_gen3ou-0.json,Vileplume,Items,,Persim Berry,7.849
2020-09_gen3ou-0.json,Vileplume,Items,,Apicot Berry,6.105
2020-09_gen3ou-0.json,Vileplume,Items,,Miracle Seed,3.488
2020-09_gen3ou-0.json,Vileplume,Items,,Other,4.36
2020-09_gen3ou-0.json,Vileplume,Spreads,,Other,22.093
2020-09_gen3ou-0.json,Vileplume,Moves,,Leech Seed,62.5
2020-09_gen3ou-0.json,Vileplume,Moves,,Toxic,55.233
2020-09_gen3ou-0.json,Vileplume,Moves,,Protect,52.616
2020-09_gen3ou-0.json,Vileplume,Moves,,Giga Drain,37.209
2020-09_gen3ou-0.json,Vileplume,Moves,,Substitute,29.36
2020-09_gen3ou-0.json,Vileplume,Moves,,Moonlight,29.36
2020-09_gen3ou-0.json,Vileplume,Moves,,Sunny Day,25.291
2020-09_gen3ou-0.json,Vileplume,Moves,,Sleep Powder,24.709
2020-09_gen3ou-0.json,Vileplume,Moves,,Solar Beam,20.349
2020-09_gen3ou-0.json,Vileplume,Moves,,Aromatherapy,15.698
2020-09_gen3ou-0.json,Vileplume,Moves,,Stun Spore,10.465
2020-09_gen3ou-0.json,Vileplume,Moves,,Sludge Bomb,9.302
2020-09_gen3ou-0.json,Vileplume,Moves,,Hidden Power Fire,5.814
2020-09_gen3ou-0.json,Vileplume,Moves,,Synthesis,5.814
2020-09_gen3ou-0.json,Vileplume,Moves,,Other,16.279
2020-09_gen3ou-0.json,Shedinja,Stats,Raw count,,350
2020-09_gen3ou-0.json,Shedinja,Stats,Avg. weight,,1.0
2020-09_gen3ou-0.json,Shedinja,Stats,Viability Ceiling,,85
2020-09_gen3ou-0.json,Shedinja,Stats,Adamant,,10.286
2020-09_gen3ou-0.json,Shedinja,Stats,Lonely,,12.286
2020-09_gen3ou-0.json,Shedinja,Stats,Naive,,11.429
2020-09_gen3ou-0.json,Shedinja,Stats,Hardy,,8.000
2020-09_gen3ou-0.json,Shedinja,Stats,Impish,,4.286
2020-09_gen3ou-0.json,Shedinja,Abilities,,Wonder Guard,100.0
2020-09_gen3ou-0.json,Shedinja,Items,,Lum Berry,43.429
2020-09_gen3ou-0.json,Shedinja,Items,,Focus Band,23.429
2020-09_gen3ou-0.json,Shedinja,Items,,Spell Tag,6.286
2020-09_gen3ou-0.json,Shedinja,Items,,Nothing,5.429
2020-09_gen3ou-0.json,Shedinja,Items,,Quick Claw,4.571
2020-09_gen3ou-0.json,Shedinja,Items,,Leftovers,4.0
2020-09_gen3ou-0.json,Shedinja,Items,,Choice Band,3.714
2020-09_gen3ou-0.json,Shedinja,Items,,Lax Incense,3.429
2020-09_gen3ou-0.json,Shedinja,Items,,Bright Powder,2.286
2020-09_gen3ou-0.json,Shedinja,Items,,Other,3.429
2020-09_gen3ou-0.json,Shedinja,Spreads,,Other,33.143
2020-09_gen3ou-0.json,Shedinja,Moves,,Shadow Ball,92.571
2020-09_gen3ou-0.json,Shedinja,Moves,,Toxic,40.571
2020-09_gen3ou-0.json,Shedinja,Moves,,Silver Wind,39.429
2020-09_gen3ou-0.json,Shedinja,Moves,,Protect,31.143
2020-09_gen3ou-0.json,Shedinja,Moves,,Swords Dance,26.857
2020-09_gen3ou-0.json,Shedinja,Moves,,Confuse Ray,26.286
2020-09_gen3ou-0.json,Shedinja,Moves,,Giga Drain,21.714
2020-09_gen3ou-0.json,Shedinja,Moves,,Return,19.714
2020-09_gen3ou-0.json,Shedinja,Moves,,Baton Pass,19.429
2020-09_gen3ou-0.json,Shedinja,Moves,,Hidden Power Bug,9.143
2020-09_gen3ou-0.json,Shedinja,Moves,,Aerial Ace,8.857
2020-09_gen3ou-0.json,Shedinja,Moves,,Hidden Power Fighting,8.0
2020-09_gen3ou-0.json,Shedinja,Moves,,Agility,8.0
2020-09_gen3ou-0.json,Shedinja,Moves,,Dig,4.571
2020-09_gen3ou-0.json,Shedinja,Moves,,Mud-Slap,4.286
2020-09_gen3ou-0.json,Shedinja,Moves,,Screech,4.0
2020-09_gen3ou-0.json,Shedinja,Moves,,Substitute,3.429
2020-09_gen3ou-0.json,Shedinja,Moves,,Fury Cutter,3.429
2020-09_gen3ou-0.json,Shedinja,Moves,,Nothing,2.857
2020-09_gen3ou-0.json,Shedinja,Moves,,Grudge,2.857
2020-09_gen3ou-0.json,Shedinja,Moves,,Hidden Power Rock,2.286
2020-09_gen3ou-0.json,Shedinja,Moves,,Secret Power,1.714
2020-09_gen3ou-0.json,Shedinja,Moves,,Other,18.857
2020-09_gen3ou-0.json,Chansey,Stats,Raw count,,336
2020-09_gen3ou-0.json,Chansey,Stats,Avg. weight,,1.0
2020-09_gen3ou-0.json,Chansey,Stats,Viability Ceiling,,70
2020-09_gen3ou-0.json,Chansey,Stats,Bold,,1.786
2020-09_gen3ou-0.json,Chansey,Stats,Impish,,5.952
2020-09_gen3ou-0.json,Chansey,Stats,Serious,,2.679
2020-09_gen3ou-0.json,Chansey,Abilities,,Natural Cure,99.702
2020-09_gen3ou-0.json,Chansey,Abilities,,Serene Grace,0.298
2020-09_gen3ou-0.json,Chansey,Items,,Leftovers,89.583
2020-09_gen3ou-0.json,Chansey,Items,,Lucky Punch,6.845
2020-09_gen3ou-0.json,Chansey,Items,,Other,3.571
2020-09_gen3ou-0.json,Chansey,Spreads,,Other,9.524
2020-09_gen3ou-0.json,Chansey,Moves,,Soft-Boiled,94.345
2020-09_gen3ou-0.json,Chansey,Moves,,Seismic Toss,75.0
2020-09_gen3ou-0.json,Chansey,Moves,,Counter,63.095
2020-09_gen3ou-0.json,Chansey,Moves,,Thunder Wave,61.905
2020-09_gen3ou-0.json,Chansey,Moves,,Toxic,31.548
2020-09_gen3ou-0.json,Chansey,Moves,,Aromatherapy,21.429
2020-09_gen3ou-0.json,Chansey,Moves,,Psychic,11.31
2020-09_gen3ou-0.json,Chansey,Moves,,Heal Bell,7.44
2020-09_gen3ou-0.json,Chansey,Moves,,Light Screen,4.464
2020-09_gen3ou-0.json,Chansey,Moves,,Ice Beam,3.571
2020-09_gen3ou-0.json,Chansey,Moves,,Frustration,3.571
2020-09_gen3ou-0.json,Chansey,Moves,,Thunderbolt,2.976
2020-09_gen3ou-0.json,Chansey,Moves,,Other,19.345
2020-09_gen3ou-0.json,Ninetales,Stats,Raw count,,332
2020-09_gen3ou-0.json,Ninetales,Stats,Avg. weight,,1.0
2020-09_gen3ou-0.json,Ninetales,Stats,Viability Ceiling,,64
2020-09_gen3ou-0.json,Ninetales,Stats,Timid,,4.819
2020-09_gen3ou-0.json,Ninetales,Stats,Modest,,8.434
2020-09_gen3ou-0.json,Ninetales,Stats,Calm,,6.024
2020-09_gen3ou-0.json,Ninetales,Abilities,,Flash Fire,100.0
2020-09_gen3ou-0.json,Ninetales,Items,,Leftovers,48.494
2020-09_gen3ou-0.json,Ninetales,Items,,Charcoal,40.663
2020-09_gen3ou-0.json,Ninetales,Items,,Quick Claw,3.012
2020-09_gen3ou-0.json,Ninetales,Items,,Nothing,2.711
2020-09_gen3ou-0.json,Ninetales,Items,,Lum Berry,1.205
2020-09_gen3ou-0.json,Ninetales,Items,,Other,3.916
2020-09_gen3ou-0.json,Ninetales,Spreads,,Other,44.88
2020-09_gen3ou-0.json,Ninetales,Moves,,Will-O-Wisp,46.386
2020-09_gen3ou-0.json,Ninetales,Moves,,Sunny Day,44.578
2020-09_gen3ou-0.json,Ninetales,Moves,,Overheat,41.867
2020-09_gen3ou-0.json,Ninetales,Moves,,Fire Blast,40.06
2020-09_gen3ou-0.json,Ninetales,Moves,,Hypnosis,38.253
2020-09_gen3ou-0.json,Ninetales,Moves,,Heat Wave,33.434
2020-09_gen3ou-0.json,Ninetales,Moves,,Roar,30.723
2020-09_gen3ou-0.json,Ninetales,Moves,,Flamethrower,23.193
2020-09_gen3ou-0.json,Ninetales,Moves,,Confuse Ray,14.759
2020-09_gen3ou-0.json,Ninetales,Moves,,Protect,10.843
2020-09_gen3ou-0.json,Ninetales,Moves,,Hidden Power Grass,9.036
2020-09_gen3ou-0.json,Ninetales,Moves,,Substitute,7.831
2020-09_gen3ou-0.json,Ninetales,Moves,,Body Slam,7.831
2020-09_gen3ou-0.json,Ninetales,Moves,,Toxic,7.53
2020-09_gen3ou-0.json,Ninetales,Moves,,Quick Attack,5.12
2020-09_gen3ou-0.json,Ninetales,Moves,,Attract,4.819
2020-09_gen3ou-0.json,Ninetales,Moves,,Grudge,4.518
2020-09_gen3ou-0.json,Ninetales,Moves,,Dig,3.614
2020-09_gen3ou-0.json,Ninetales,Moves,,Hyper Beam,3.012
2020-09_gen3ou-0.json,Ninetales,Moves,,Rest,2.41
2020-09_gen3ou-0.json,Ninetales,Moves,,Hidden Power Psychic,2.41
2020-09_gen3ou-0.json,Ninetales,Moves,,Other,17.771
2020-09_gen3ou-0.json,Lunatone,Stats,Raw count,,318
2020-09_gen3ou-0.json,Lunatone,Stats,Avg. weight,,1.0
2020-09_gen3ou-0.json,Lunatone,Stats,Viability Ceiling,,73
2020-09_gen3ou-0.json,Lunatone,Stats,Timid,,10.063
2020-09_gen3ou-0.json,Lunatone,Stats,Calm,,5.660
2020-09_gen3ou-0.json,Lunatone,Stats,Modest,,3.774
2020-09_gen3ou-0.json,Lunatone,Abilities,,Levitate,100.0
2020-09_gen3ou-0.json,Lunatone,Items,,Leftovers,59.748
2020-09_gen3ou-0.json,Lunatone,Items,,Lum Berry,27.673
2020-09_gen3ou-0.json,Lunatone,Items,,Chesto Berry,3.774
2020-09_gen3ou-0.json,Lunatone,Items,,Apicot Berry,2.83
2020-09_gen3ou-0.json,Lunatone,Items,,Salac Berry,2.516
2020-09_gen3ou-0.json,Lunatone,Items,,Other,3.459
2020-09_gen3ou-0.json,Lunatone,Spreads,,Other,33.333
2020-09_gen3ou-0.json,Lunatone,Moves,,Baton Pass,85.849
2020-09_gen3ou-0.json,Lunatone,Moves,,Ice Beam,79.56
2020-09_gen3ou-0.json,Lunatone,Moves,,Calm Mind,63.836
2020-09_gen3ou-0.json,Lunatone,Moves,,Psychic,48.428
2020-09_gen3ou-0.json,Lunatone,Moves,,Hypnosis,38.05
2020-09_gen3ou-0.json,Lunatone,Moves,,Cosmic Power,27.987
2020-09_gen3ou-0.json,Lunatone,Moves,,Light Screen,8.491
2020-09_gen3ou-0.json,Lunatone,Moves,,Explosion,6.918
2020-09_gen3ou-0.json,Lunatone,Moves,,Earthquake,6.604
2020-09_gen3ou-0.json,Lunatone,Moves,,Hidden Power Grass,4.088
2020-09_gen3ou-0.json,Lunatone,Moves,,Rest,3.774
2020-09_gen3ou-0.json,Lunatone,Moves,,Psywave,3.774
2020-09_gen3ou-0.json,Lunatone,Moves,,Rock Slide,3.145
2020-09_gen3ou-0.json,Lunatone,Moves,,Other,19.497
2020-09_gen3ou-0.json,Golduck,Stats,Raw count,,292
2020-09_gen3ou-0.json,Golduck,Stats,Avg. weight,,1.0
2020-09_gen3ou-0.json,Golduck,Stats,Viability Ceiling,,87
2020-09_gen3ou-0.json,Golduck,Stats,Timid,,18.836
2020-09_gen3ou-0.json,Golduck,Stats,Modest,,4.452
2020-09_gen3ou-0.json,Golduck,Stats,Hardy,,3.767
2020-09_gen3ou-0.json,Golduck,Stats,Mild,,3.767
2020-09_gen3ou-0.json,Golduck,Abilities,,Cloud Nine,87.671
2020-09_gen3ou-0.json,Golduck,Abilities,,Damp,12.329
2020-09_gen3ou-0.json,Golduck,Items,,Leftovers,58.562
2020-09_gen3ou-0.json,Golduck,Items,,Salac Berry,32.534
2020-09_gen3ou-0.json,Golduck,Items,,Nothing,5.137
2020-09_gen3ou-0.json,Golduck,Items,,Other,3.767
2020-09_gen3ou-0.json,Golduck,Spreads,,Other,15.753
2020-09_gen3ou-0.json,Golduck,Moves,,Ice Beam,95.205
2020-09_gen3ou-0.json,Golduck,Moves,,Surf,84.247
2020-09_gen3ou-0.json,Golduck,Moves,,Calm Mind,61.644
2020-09_gen3ou-0.json,Golduck,Moves,,Hidden Power Grass,54.452
2020-09_gen3ou-0.json,Golduck,Moves,,Endure,29.11
2020-09_gen3ou-0.json,Golduck,Moves,,Light Screen,27.055
2020-09_gen3ou-0.json,Golduck,Moves,,Hydro Pump,15.753
2020-09_gen3ou-0.json,Golduck,Moves,,Psychic,6.849
2020-09_gen3ou-0.json,Golduck,Moves,,Cross Chop,4.452
2020-09_gen3ou-0.json,Golduck,Moves,,Nothing,3.767
2020-09_gen3ou-0.json,Golduck,Moves,,Other,17.466
2020-09_gen3ou-0.json,Sableye,Stats,Raw count,,293
2020-09_gen3ou-0.json,Sableye,Stats,Avg. weight,,1.0
2020-09_gen3ou-0.json,Sableye,Stats,Viability Ceiling,,69
2020-09_gen3ou-0.json,Sableye,Stats,Careful,,6.826
2020-09_gen3ou-0.json,Sableye,Stats,Adamant,,9.898
2020-09_gen3ou-0.json,Sableye,Stats,Impish,,7.509
2020-09_gen3ou-0.json,Sableye,Stats,Relaxed,,6.485
2020-09_gen3ou-0.json,Sableye,Stats,Bold,,6.143
2020-09_gen3ou-0.json,Sableye,Abilities,,Keen Eye,100.0
2020-09_gen3ou-0.json,Sableye,Items,,Leftovers,54.608
2020-09_gen3ou-0.json,Sableye,Items,,Focus Band,26.621
2020-09_gen3ou-0.json,Sableye,Items,,Choice Band,5.461
2020-09_gen3ou-0.json,Sableye,Items,,Black Glasses,4.096
2020-09_gen3ou-0.json,Sableye,Items,,Grepa Berry,1.365
2020-09_gen3ou-0.json,Sableye,Items,,Lum Berry,1.365
2020-09_gen3ou-0.json,Sableye,Items,,Salac Berry,1.024
2020-09_gen3ou-0.json,Sableye,Items,,Iapapa Berry,1.024
2020-09_gen3ou-0.json,Sableye,Items,,Other,4.437
2020-09_gen3ou-0.json,Sableye,Spreads,,Other,52.218
2020-09_gen3ou-0.json,Sableye,Moves,,Shadow Ball,61.433
2020-09_gen3ou-0.json,Sableye,Moves,,Recover,37.543
2020-09_gen3ou-0.json,Sableye,Moves,,Brick Break,31.058
2020-09_gen3ou-0.json,Sableye,Moves,,Fake Out,29.352
2020-09_gen3ou-0.json,Sableye,Moves,,Detect,26.28
2020-09_gen3ou-0.json,Sableye,Moves,,Toxic,23.891
2020-09_gen3ou-0.json,Sableye,Moves,,Night Shade,23.891
2020-09_gen3ou-0.json,Sableye,Moves,,Knock Off,16.724
2020-09_gen3ou-0.json,Sableye,Moves,,Calm Mind,12.628
2020-09_gen3ou-0.json,Sableye,Moves,,Seismic Toss,12.287
2020-09_gen3ou-0.json,Sableye,Moves,,Counter,11.945
2020-09_gen3ou-0.json,Sableye,Moves,,Dig,9.898
2020-09_gen3ou-0.json,Sableye,Moves,,Confuse Ray,8.874
2020-09_gen3ou-0.json,Sableye,Moves,,Rest,8.532
2020-09_gen3ou-0.json,Sableye,Moves,,Feint Attack,8.532
2020-09_gen3ou-0.json,Sableye,Moves,,Attract,6.826
2020-09_gen3ou-0.json,Sableye,Moves,,Protect,6.143
2020-09_gen3ou-0.json,Sableye,Moves,,Nothing,5.802
2020-09_gen3ou-0.json,Sableye,Moves,,Hidden Power Dark,5.802
2020-09_gen3ou-0.json,Sableye,Moves,,Taunt,5.461
2020-09_gen3ou-0.json,Sableye,Moves,,Focus Punch,4.437
2020-09_gen3ou-0.json,Sableye,Moves,,Rain Dance,4.437
2020-09_gen3ou-0.json,Sableye,Moves,,Fire Punch,4.437
2020-09_gen3ou-0.json,Sableye,Moves,,Psychic,4.096
2020-09_gen3ou-0.json,Sableye,Moves,,Double-Edge,3.754
2020-09_gen3ou-0.json,Sableye,Moves,,Hidden Power Rock,3.413
2020-09_gen3ou-0.json,Sableye,Moves,,Ice Punch,2.73
2020-09_gen3ou-0.json,Sableye,Moves,,Other,19.795
2020-09_gen3ou-0.json,Absol,Stats,Raw count,,292
2020-09_gen3ou-0.json,Absol,Stats,Avg. weight,,1.0
2020-09_gen3ou-0.json,Absol,Stats,Viability Ceiling,,60
2020-09_gen3ou-0.json,Absol,Stats,Timid,,13.014
2020-09_gen3ou-0.json,Absol,Stats,Hasty,,9.247
2020-09_gen3ou-0.json,Absol,Stats,Gentle,,6.164
2020-09_gen3ou-0.json,Absol,Stats,Jolly,,4.795
2020-09_gen3ou-0.json,Absol,Stats,Quiet,,4.795
2020-09_gen3ou-0.json,Absol,Abilities,,Pressure,100.0
2020-09_gen3ou-0.json,Absol,Items,,Leftovers,42.808
2020-09_gen3ou-0.json,Absol,Items,,Salac Berry,13.699
2020-09_gen3ou-0.json,Absol,Items,,Black Glasses,11.644
2020-09_gen3ou-0.json,Absol,Items,,Lum Berry,9.589
2020-09_gen3ou-0.json,Absol,Items,,Choice Band,6.164
2020-09_gen3ou-0.json,Absol,Items,,Nothing,3.425
2020-09_gen3ou-0.json,Absol,Items,,Scope Lens,2.74
2020-09_gen3ou-0.json,Absol,Items,,Sitrus Berry,2.74
2020-09_gen3ou-0.json,Absol,Items,,Shell Bell,1.712
2020-09_gen3ou-0.json,Absol,Items,,Lax Incense,1.712
2020-09_gen3ou-0.json,Absol,Items,,Other,3.767
2020-09_gen3ou-0.json,Absol,Spreads,,Other,57.192
2020-09_gen3ou-0.json,Absol,Moves,,Swords Dance,51.37
2020-09_gen3ou-0.json,Absol,Moves,,Shadow Ball,40.068
2020-09_gen3ou-0.json,Absol,Moves,,Baton Pass,34.932
2020-09_gen3ou-0.json,Absol,Moves,,Thunder Wave,19.178
2020-09_gen3ou-0.json,Absol,Moves,,Aerial Ace,18.836
2020-09_gen3ou-0.json,Absol,Moves,,Taunt,18.836
2020-09_gen3ou-0.json,Absol,Moves,,Calm Mind,17.466
2020-09_gen3ou-0.json,Absol,Moves,,Bite,14.726
2020-09_gen3ou-0.json,Absol,Moves,,Quick Attack,14.041
2020-09_gen3ou-0.json,Absol,Moves,,Double-Edge,13.356
2020-09_gen3ou-0.json,Absol,Moves,,Rock Slide,12.671
2020-09_gen3ou-0.json,Absol,Moves,,Thunderbolt,11.301
2020-09_gen3ou-0.json,Absol,Moves,,Body Slam,11.301
2020-09_gen3ou-0.json,Absol,Moves,,Blizzard,8.219
2020-09_gen3ou-0.json,Absol,Moves,,Flamethrower,8.219
2020-09_gen3ou-0.json,Absol,Moves,,Ice Beam,7.534
2020-09_gen3ou-0.json,Absol,Moves,,Fire Blast,6.849
2020-09_gen3ou-0.json,Absol,Moves,,Substitute,6.507
2020-09_gen3ou-0.json,Absol,Moves,,Perish Song,5.479
2020-09_gen3ou-0.json,Absol,Moves,,Toxic,5.137
2020-09_gen3ou-0.json,Absol,Moves,,Nothing,4.795
2020-09_gen3ou-0.json,Absol,Moves,,Return,4.795
2020-09_gen3ou-0.json,Absol,Moves,,Psych Up,4.795
2020-09_gen3ou-0.json,Absol,Moves,,Swagger,4.452
2020-09_gen3ou-0.json,Absol,Moves,,Wish,4.452
2020-09_gen3ou-0.json,Absol,Moves,,Feint Attack,4.11
2020-09_gen3ou-0.json,Absol,Moves,,Hidden Power Dark,3.767
2020-09_gen3ou-0.json,Absol,Moves,,Slash,3.767
2020-09_gen3ou-0.json,Absol,Moves,,Endure,3.425
2020-09_gen3ou-0.json,Absol,Moves,,Curse,3.082
2020-09_gen3ou-0.json,Absol,Moves,,Hidden Power Bug,3.082
2020-09_gen3ou-0.json,Absol,Moves,,Counter,3.082
2020-09_gen3ou-0.json,Absol,Moves,,Sleep Talk,2.74
2020-09_gen3ou-0.json,Absol,Moves,,Hidden Power Dragon,2.397
2020-09_gen3ou-0.json,Absol,Moves,,Hidden Power Fighting,2.397
2020-09_gen3ou-0.json,Absol,Moves,,Other,18.836
2020-09_gen3ou-0.json,Exploud,Stats,Raw count,,279
2020-09_gen3ou-0.json,Exploud,Stats,Avg. weight,,1.0
2020-09_gen3ou-0.json,Exploud,Stats,Viability Ceiling,,80
2020-09_gen3ou-0.json,Exploud,Stats,Quiet,,20.430
2020-09_gen3ou-0.json,Exploud,Stats,Adamant,,10.753
2020-09_gen3ou-0.json,Exploud,Stats,Lonely,,7.527
2020-09_gen3ou-0.json,Exploud,Stats,Mild,,5.735
2020-09_gen3ou-0.json,Exploud,Abilities,,Soundproof,100.0
2020-09_gen3ou-0.json,Exploud,Items,,Leftovers,73.835
2020-09_gen3ou-0.json,Exploud,Items,,Choice Band,11.111
2020-09_gen3ou-0.json,Exploud,Items,,Silk Scarf,4.301
2020-09_gen3ou-0.json,Exploud,Items,,Apicot Berry,1.792
2020-09_gen3ou-0.json,Exploud,Items,,Lum Berry,1.434
2020-09_gen3ou-0.json,Exploud,Items,,White Herb,1.434
2020-09_gen3ou-0.json,Exploud,Items,,Chesto Berry,1.075
2020-09_gen3ou-0.json,Exploud,Items,,Focus Band,1.075
2020-09_gen3ou-0.json,Exploud,Items,,Other,3.943
2020-09_gen3ou-0.json,Exploud,Spreads,,Other,27.599
2020-09_gen3ou-0.json,Exploud,Moves,,Shadow Ball,44.803
2020-09_gen3ou-0.json,Exploud,Moves,,Brick Break,32.975
2020-09_gen3ou-0.json,Exploud,Moves,,Earthquake,32.258
2020-09_gen3ou-0.json,Exploud,Moves,,Overheat,28.674
2020-09_gen3ou-0.json,Exploud,Moves,,Hyper Voice,27.24
2020-09_gen3ou-0.json,Exploud,Moves,,Return,26.523
2020-09_gen3ou-0.json,Exploud,Moves,,Thunder Punch,22.222
2020-09_gen3ou-0.json,Exploud,Moves,,Blizzard,21.505
2020-09_gen3ou-0.json,Exploud,Moves,,Flamethrower,21.505
2020-09_gen3ou-0.json,Exploud,Moves,,Substitute,21.147
2020-09_gen3ou-0.json,Exploud,Moves,,Teeter Dance,20.43
2020-09_gen3ou-0.json,Exploud,Moves,,Rock Slide,17.563
2020-09_gen3ou-0.json,Exploud,Moves,,Body Slam,16.487
2020-09_gen3ou-0.json,Exploud,Moves,,Ice Beam,14.337
2020-09_gen3ou-0.json,Exploud,Moves,,Double-Edge,9.677
2020-09_gen3ou-0.json,Exploud,Moves,,Counter,9.319
2020-09_gen3ou-0.json,Exploud,Moves,,Fire Blast,6.093
2020-09_gen3ou-0.json,Exploud,Moves,,Extrasensory,4.301
2020-09_gen3ou-0.json,Exploud,Moves,,Shock Wave,4.301
2020-09_gen3ou-0.json,Exploud,Moves,,Other,18.638
2020-09_gen3ou-0.json,Sandslash,Stats,Raw count,,271
2020-09_gen3ou-0.json,Sandslash,Stats,Avg. weight,,1.0
2020-09_gen3ou-0.json,Sandslash,Stats,Viability Ceiling,,76
2020-09_gen3ou-0.json,Sandslash,Stats,Adamant,,5.535
2020-09_gen3ou-0.json,Sandslash,Stats,Jolly,,4.797
2020-09_gen3ou-0.json,Sandslash,Stats,Impish,,4.059
2020-09_gen3ou-0.json,Sandslash,Abilities,,Sand Veil,100.0
2020-09_gen3ou-0.json,Sandslash,Items,,Leftovers,37.269
2020-09_gen3ou-0.json,Sandslash,Items,,Bright Powder,28.782
2020-09_gen3ou-0.json,Sandslash,Items,,Choice Band,10.332
2020-09_gen3ou-0.json,Sandslash,Items,,Salac Berry,5.904
2020-09_gen3ou-0.json,Sandslash,Items,,Lax Incense,5.535
2020-09_gen3ou-0.json,Sandslash,Items,,Soft Sand,3.321
2020-09_gen3ou-0.json,Sandslash,Items,,Quick Claw,2.952
2020-09_gen3ou-0.json,Sandslash,Items,,Lum Berry,2.583
2020-09_gen3ou-0.json,Sandslash,Items,,Other,3.321
2020-09_gen3ou-0.json,Sandslash,Spreads,,Other,42.435
2020-09_gen3ou-0.json,Sandslash,Moves,,Earthquake,98.155
2020-09_gen3ou-0.json,Sandslash,Moves,,Rock Slide,80.443
2020-09_gen3ou-0.json,Sandslash,Moves,,Swords Dance,59.041
2020-09_gen3ou-0.json,Sandslash,Moves,,Brick Break,33.948
2020-09_gen3ou-0.json,Sandslash,Moves,,Hidden Power Bug,32.472
2020-09_gen3ou-0.json,Sandslash,Moves,,Rapid Spin,31.365
2020-09_gen3ou-0.json,Sandslash,Moves,,Hidden Power Ghost,9.963
2020-09_gen3ou-0.json,Sandslash,Moves,,Toxic,6.273
2020-09_gen3ou-0.json,Sandslash,Moves,,Focus Punch,5.904
2020-09_gen3ou-0.json,Sandslash,Moves,,Substitute,5.166
2020-09_gen3ou-0.json,Sandslash,Moves,,Body Slam,4.059
2020-09_gen3ou-0.json,Sandslash,Moves,,Protect,3.321
2020-09_gen3ou-0.json,Sandslash,Moves,,Sandstorm,3.321
2020-09_gen3ou-0.json,Sandslash,Moves,,Dynamic Punch,2.952
2020-09_gen3ou-0.json,Sandslash,Moves,,Double-Edge,2.952
2020-09_gen3ou-0.json,Sandslash,Moves,,Poison Sting,2.583
2020-09_gen3ou-0.json,Sandslash,Moves,,Other,18.081
2020-09_gen3ou-0.json,Pidgeot,Stats,Raw count,,282
2020-09_gen3ou-0.json,Pidgeot,Stats,Avg. weight,,1.0
2020-09_gen3ou-0.json,Pidgeot,Stats,Viability Ceiling,,54
2020-09_gen3ou-0.json,Pidgeot,Stats,Impish,,18.794
2020-09_gen3ou-0.json,Pidgeot,Stats,Adamant,,5.319
2020-09_gen3ou-0.json,Pidgeot,Stats,Careful,,5.319
2020-09_gen3ou-0.json,Pidgeot,Stats,Jolly,,4.965
2020-09_gen3ou-0.json,Pidgeot,Abilities,,Keen Eye,100.0
2020-09_gen3ou-0.json,Pidgeot,Items,,Leftovers,47.872
2020-09_gen3ou-0.json,Pidgeot,Items,,Choice Band,33.333
2020-09_gen3ou-0.json,Pidgeot,Items,,Focus Band,5.319
2020-09_gen3ou-0.json,Pidgeot,Items,,Nothing,5.319
2020-09_gen3ou-0.json,Pidgeot,Items,,Sharp Beak,3.191
2020-09_gen3ou-0.json,Pidgeot,Items,,Other,4.965
2020-09_gen3ou-0.json,Pidgeot,Spreads,,Other,42.199
2020-09_gen3ou-0.json,Pidgeot,Moves,,Whirlwind,46.454
2020-09_gen3ou-0.json,Pidgeot,Moves,,Hidden Power Flying,39.716
2020-09_gen3ou-0.json,Pidgeot,Moves,,Return,36.525
2020-09_gen3ou-0.json,Pidgeot,Moves,,Quick Attack,30.496
2020-09_gen3ou-0.json,Pidgeot,Moves,,Hyper Beam,26.95
2020-09_gen3ou-0.json,Pidgeot,Moves,,Aerial Ace,26.241
2020-09_gen3ou-0.json,Pidgeot,Moves,,Foresight,18.794
2020-09_gen3ou-0.json,Pidgeot,Moves,,Protect,18.44
2020-09_gen3ou-0.json,Pidgeot,Moves,,Double-Edge,17.376
2020-09_gen3ou-0.json,Pidgeot,Moves,,Toxic,16.312
2020-09_gen3ou-0.json,Pidgeot,Moves,,Fly,15.248
2020-09_gen3ou-0.json,Pidgeot,Moves,,Feather Dance,12.766
2020-09_gen3ou-0.json,Pidgeot,Moves,,Substitute,11.348
2020-09_gen3ou-0.json,Pidgeot,Moves,,Mirror Move,10.993
2020-09_gen3ou-0.json,Pidgeot,Moves,,Steel Wing,9.929
2020-09_gen3ou-0.json,Pidgeot,Moves,,Frustration,9.22
2020-09_gen3ou-0.json,Pidgeot,Moves,,Agility,7.447
2020-09_gen3ou-0.json,Pidgeot,Moves,,Hidden Power Fighting,6.738
2020-09_gen3ou-0.json,Pidgeot,Moves,,Facade,4.965
2020-09_gen3ou-0.json,Pidgeot,Moves,,Sky Attack,4.965
2020-09_gen3ou-0.json,Pidgeot,Moves,,Sand Attack,3.901
2020-09_gen3ou-0.json,Pidgeot,Moves,,Pursuit,2.837
2020-09_gen3ou-0.json,Pidgeot,Moves,,Hidden Power Rock,2.837
2020-09_gen3ou-0.json,Pidgeot,Moves,,Other,19.504
2020-09_gen3ou-0.json,Hitmontop,Stats,Raw count,,272
2020-09_gen3ou-0.json,Hitmontop,Stats,Avg. weight,,1.0
2020-09_gen3ou-0.json,Hitmontop,Stats,Viability Ceiling,,78
2020-09_gen3ou-0.json,Hitmontop,Stats,Adamant,,4.779
2020-09_gen3ou-0.json,Hitmontop,Stats,Jolly,,8.456
2020-09_gen3ou-0.json,Hitmontop,Stats,Careful,,5.515
2020-09_gen3ou-0.json,Hitmontop,Abilities,,Intimidate,100.0
2020-09_gen3ou-0.json,Hitmontop,Items,,Leftovers,60.294
2020-09_gen3ou-0.json,Hitmontop,Items,,Salac Berry,11.765
2020-09_gen3ou-0.json,Hitmontop,Items,,Choice Band,7.353
2020-09_gen3ou-0.json,Hitmontop,Items,,Liechi Berry,6.985
2020-09_gen3ou-0.json,Hitmontop,Items,,Quick Claw,4.779
2020-09_gen3ou-0.json,Hitmontop,Items,,Black Belt,3.309
2020-09_gen3ou-0.json,Hitmontop,Items,,Lum Berry,2.574
2020-09_gen3ou-0.json,Hitmontop,Items,,Other,2.941
2020-09_gen3ou-0.json,Hitmontop,Spreads,,Other,26.471
2020-09_gen3ou-0.json,Hitmontop,Moves,,Rapid Spin,63.603
2020-09_gen3ou-0.json,Hitmontop,Moves,,Mach Punch,43.015
2020-09_gen3ou-0.json,Hitmontop,Moves,,Rock Slide,41.544
2020-09_gen3ou-0.json,Hitmontop,Moves,,Hidden Power Ghost,40.074
2020-09_gen3ou-0.json,Hitmontop,Moves,,Bulk Up,38.971
2020-09_gen3ou-0.json,Hitmontop,Moves,,Earthquake,35.662
2020-09_gen3ou-0.json,Hitmontop,Moves,,High Jump Kick,33.456
2020-09_gen3ou-0.json,Hitmontop,Moves,,Brick Break,18.015
2020-09_gen3ou-0.json,Hitmontop,Moves,,Revenge,15.074
2020-09_gen3ou-0.json,Hitmontop,Moves,,Endeavor,11.397
2020-09_gen3ou-0.json,Hitmontop,Moves,,Substitute,9.926
2020-09_gen3ou-0.json,Hitmontop,Moves,,Toxic,9.559
2020-09_gen3ou-0.json,Hitmontop,Moves,,Protect,8.824
2020-09_gen3ou-0.json,Hitmontop,Moves,,Seismic Toss,5.882
2020-09_gen3ou-0.json,Hitmontop,Moves,,Body Slam,5.882
2020-09_gen3ou-0.json,Hitmontop,Moves,,Other,19.118
2020-09_gen3ou-0.json,Haunter,Stats,Raw count,,254
2020-09_gen3ou-0.json,Haunter,Stats,Avg. weight,,1.0
2020-09_gen3ou-0.json,Haunter,Stats,Viability Ceiling,,74
2020-09_gen3ou-0.json,Haunter,Stats,Hasty,,29.134
2020-09_gen3ou-0.json,Haunter,Stats,Timid,,5.906
2020-09_gen3ou-0.json,Haunter,Abilities,,Levitate,100.0
2020-09_gen3ou-0.json,Haunter,Items,,Leftovers,48.031
2020-09_gen3ou-0.json,Haunter,Items,,Focus Band,27.953
2020-09_gen3ou-0.json,Haunter,Items,,Nothing,7.874
2020-09_gen3ou-0.json,Haunter,Items,,Salac Berry,6.693
2020-09_gen3ou-0.json,Haunter,Items,,Quick Claw,4.331
2020-09_gen3ou-0.json,Haunter,Items,,Aguav Berry,2.362
2020-09_gen3ou-0.json,Haunter,Items,,Other,2.756
2020-09_gen3ou-0.json,Haunter,Spreads,,Other,18.11
2020-09_gen3ou-0.json,Haunter,Moves,,Thunderbolt,70.472
2020-09_gen3ou-0.json,Haunter,Moves,,Giga Drain,51.181
2020-09_gen3ou-0.json,Haunter,Moves,,Destiny Bond,50.394
2020-09_gen3ou-0.json,Haunter,Moves,,Explosion,41.339
2020-09_gen3ou-0.json,Haunter,Moves,,Psychic,40.551
2020-09_gen3ou-0.json,Haunter,Moves,,Toxic,28.346
2020-09_gen3ou-0.json,Haunter,Moves,,Hypnosis,27.559
2020-09_gen3ou-0.json,Haunter,Moves,,Protect,14.173
2020-09_gen3ou-0.json,Haunter,Moves,,Hidden Power Ice,13.386
2020-09_gen3ou-0.json,Haunter,Moves,,Will-O-Wisp,9.055
2020-09_gen3ou-0.json,Haunter,Moves,,Nothing,8.661
2020-09_gen3ou-0.json,Haunter,Moves,,Thief,7.087
2020-09_gen3ou-0.json,Haunter,Moves,,Confuse Ray,6.299
2020-09_gen3ou-0.json,Haunter,Moves,,Endure,6.299
2020-09_gen3ou-0.json,Haunter,Moves,,Curse,5.118
2020-09_gen3ou-0.json,Haunter,Moves,,Substitute,3.937
2020-09_gen3ou-0.json,Haunter,Moves,,Other,16.142
2020-09_gen3ou-0.json,Kecleon,Stats,Raw count,,239
2020-09_gen3ou-0.json,Kecleon,Stats,Avg. weight,,1.0
2020-09_gen3ou-0.json,Kecleon,Stats,Viability Ceiling,,64
2020-09_gen3ou-0.json,Kecleon,Stats,Careful,,5.858
2020-09_gen3ou-0.json,Kecleon,Stats,Adamant,,10.460
2020-09_gen3ou-0.json,Kecleon,Abilities,,Color Change,100.0
2020-09_gen3ou-0.json,Kecleon,Items,,Choice Band,69.456
2020-09_gen3ou-0.json,Kecleon,Items,,Leftovers,21.757
2020-09_gen3ou-0.json,Kecleon,Items,,Quick Claw,3.766
2020-09_gen3ou-0.json,Kecleon,Items,,Silk Scarf,2.092
2020-09_gen3ou-0.json,Kecleon,Items,,Other,2.929
2020-09_gen3ou-0.json,Kecleon,Spreads,,Other,27.615
2020-09_gen3ou-0.json,Kecleon,Moves,,Trick,69.874
2020-09_gen3ou-0.json,Kecleon,Moves,,Shadow Ball,61.088
2020-09_gen3ou-0.json,Kecleon,Moves,,Protect,41.841
2020-09_gen3ou-0.json,Kecleon,Moves,,Thunder Wave,37.657
2020-09_gen3ou-0.json,Kecleon,Moves,,Brick Break,37.238
2020-09_gen3ou-0.json,Kecleon,Moves,,Skill Swap,22.594
2020-09_gen3ou-0.json,Kecleon,Moves,,Return,15.481
2020-09_gen3ou-0.json,Kecleon,Moves,,Rock Slide,15.063
2020-09_gen3ou-0.json,Kecleon,Moves,,Rest,13.389
2020-09_gen3ou-0.json,Kecleon,Moves,,Toxic,13.389
2020-09_gen3ou-0.json,Kecleon,Moves,,Double-Edge,10.46
2020-09_gen3ou-0.json,Kecleon,Moves,,Seismic Toss,10.46
2020-09_gen3ou-0.json,Kecleon,Moves,,Thunder,6.276
2020-09_gen3ou-0.json,Kecleon,Moves,,Fire Blast,6.276
2020-09_gen3ou-0.json,Kecleon,Moves,,Blizzard,5.858
2020-09_gen3ou-0.json,Kecleon,Moves,,Ancient Power,5.021
2020-09_gen3ou-0.json,Kecleon,Moves,,Body Slam,4.603
2020-09_gen3ou-0.json,Kecleon,Moves,,Dynamic Punch,3.766
2020-09_gen3ou-0.json,Kecleon,Moves,,Other,19.665
2020-09_gen3ou-0.json,Kangaskhan,Stats,Raw count,,253
2020-09_gen3ou-0.json,Kangaskhan,Stats,Avg. weight,,1.0
2020-09_gen3ou-0.json,Kangaskhan,Stats,Viability Ceiling,,60
2020-09_gen3ou-0.json,Kangaskhan,Stats,Serious,,16.996
2020-09_gen3ou-0.json,Kangaskhan,Stats,Hasty,,12.253
2020-09_gen3ou-0.json,Kangaskhan,Stats,Adamant,,5.138
2020-09_gen3ou-0.json,Kangaskhan,Stats,Jolly,,5.929
2020-09_gen3ou-0.json,Kangaskhan,Abilities,,Early Bird,100.0
2020-09_gen3ou-0.json,Kangaskhan,Items,,Leftovers,60.474
2020-09_gen3ou-0.json,Kangaskhan,Items,,Chesto Berry,16.996
2020-09_gen3ou-0.json,Kangaskhan,Items,,Nothing,9.486
2020-09_gen3ou-0.json,Kangaskhan,Items,,Choice Band,8.696
2020-09_gen3ou-0.json,Kangaskhan,Items,,Other,4.348
2020-09_gen3ou-0.json,Kangaskhan,Spreads,,Other,37.945
2020-09_gen3ou-0.json,Kangaskhan,Moves,,Earthquake,75.099
2020-09_gen3ou-0.json,Kangaskhan,Moves,,Shadow Ball,63.241
2020-09_gen3ou-0.json,Kangaskhan,Moves,,Rest,43.874
2020-09_gen3ou-0.json,Kangaskhan,Moves,,Return,42.292
2020-09_gen3ou-0.json,Kangaskhan,Moves,,Double-Edge,28.063
2020-09_gen3ou-0.json,Kangaskhan,Moves,,Fake Out,26.877
2020-09_gen3ou-0.json,Kangaskhan,Moves,,Brick Break,23.715
2020-09_gen3ou-0.json,Kangaskhan,Moves,,Body Slam,20.553
2020-09_gen3ou-0.json,Kangaskhan,Moves,,Rock Slide,11.462
2020-09_gen3ou-0.json,Kangaskhan,Moves,,Focus Punch,7.51
2020-09_gen3ou-0.json,Kangaskhan,Moves,,Hidden Power Grass,6.324
2020-09_gen3ou-0.json,Kangaskhan,Moves,,Sunny Day,6.324
2020-09_gen3ou-0.json,Kangaskhan,Moves,,Wish,6.324
2020-09_gen3ou-0.json,Kangaskhan,Moves,,Iron Tail,5.138
2020-09_gen3ou-0.json,Kangaskhan,Moves,,Substitute,4.348
2020-09_gen3ou-0.json,Kangaskhan,Moves,,Toxic,3.953
2020-09_gen3ou-0.json,Kangaskhan,Moves,,Reversal,3.953
2020-09_gen3ou-0.json,Kangaskhan,Moves,,Protect,2.767
2020-09_gen3ou-0.json,Kangaskhan,Moves,,Other,18.182
2020-09_gen3ou-0.json,Nidoqueen,Stats,Raw count,,248
2020-09_gen3ou-0.json,Nidoqueen,Stats,Avg. weight,,1.0
2020-09_gen3ou-0.json,Nidoqueen,Stats,Viability Ceiling,,78
2020-09_gen3ou-0.json,Nidoqueen,Stats,Relaxed,,9.274
2020-09_gen3ou-0.json,Nidoqueen,Stats,Impish,,8.871
2020-09_gen3ou-0.json,Nidoqueen,Stats,Naughty,,6.452
2020-09_gen3ou-0.json,Nidoqueen,Stats,Adamant,,6.855
2020-09_gen3ou-0.json,Nidoqueen,Stats,Mild,,6.452
2020-09_gen3ou-0.json,Nidoqueen,Abilities,,Poison Point,100.0
2020-09_gen3ou-0.json,Nidoqueen,Items,,Leftovers,83.468
2020-09_gen3ou-0.json,Nidoqueen,Items,,Choice Band,6.855
2020-09_gen3ou-0.json,Nidoqueen,Items,,Nothing,3.226
2020-09_gen3ou-0.json,Nidoqueen,Items,,Petaya Berry,2.016
2020-09_gen3ou-0.json,Nidoqueen,Items,,Other,4.435
2020-09_gen3ou-0.json,Nidoqueen,Spreads,,Other,54.839
2020-09_gen3ou-0.json,Nidoqueen,Moves,,Earthquake,82.661
2020-09_gen3ou-0.json,Nidoqueen,Moves,,Sludge Bomb,48.79
2020-09_gen3ou-0.json,Nidoqueen,Moves,,Ice Beam,38.306
2020-09_gen3ou-0.json,Nidoqueen,Moves,,Protect,31.048
2020-09_gen3ou-0.json,Nidoqueen,Moves,,Thunderbolt,25.806
2020-09_gen3ou-0.json,Nidoqueen,Moves,,Superpower,23.79
2020-09_gen3ou-0.json,Nidoqueen,Moves,,Toxic,18.952
2020-09_gen3ou-0.json,Nidoqueen,Moves,,Shadow Ball,14.516
2020-09_gen3ou-0.json,Nidoqueen,Moves,,Counter,14.516
2020-09_gen3ou-0.json,Nidoqueen,Moves,,Flamethrower,14.113
2020-09_gen3ou-0.json,Nidoqueen,Moves,,Roar,10.081
2020-09_gen3ou-0.json,Nidoqueen,Moves,,Ice Punch,7.661
2020-09_gen3ou-0.json,Nidoqueen,Moves,,Thunder,6.855
2020-09_gen3ou-0.json,Nidoqueen,Moves,,Crunch,6.855
2020-09_gen3ou-0.json,Nidoqueen,Moves,,Surf,6.452
2020-09_gen3ou-0.json,Nidoqueen,Moves,,Double-Edge,6.452
2020-09_gen3ou-0.json,Nidoqueen,Moves,,Blizzard,6.048
2020-09_gen3ou-0.json,Nidoqueen,Moves,,Attract,5.242
2020-09_gen3ou-0.json,Nidoqueen,Moves,,Brick Break,5.242
2020-09_gen3ou-0.json,Nidoqueen,Moves,,Taunt,4.839
2020-09_gen3ou-0.json,Nidoqueen,Moves,,Body Slam,4.032
2020-09_gen3ou-0.json,Nidoqueen,Moves,,Other,17.742
2020-09_gen3ou-0.json,Pinsir,Stats,Raw count,,239
2020-09_gen3ou-0.json,Pinsir,Stats,Avg. weight,,1.0
2020-09_gen3ou-0.json,Pinsir,Stats,Viability Ceiling,,63
2020-09_gen3ou-0.json,Pinsir,Stats,Adamant,,1.255
2020-09_gen3ou-0.json,Pinsir,Stats,Naive,,8.368
2020-09_gen3ou-0.json,Pinsir,Stats,Jolly,,1.674
2020-09_gen3ou-0.json,Pinsir,Abilities,,Hyper Cutter,100.0
2020-09_gen3ou-0.json,Pinsir,Items,,Lum Berry,51.464
2020-09_gen3ou-0.json,Pinsir,Items,,Salac Berry,33.473
2020-09_gen3ou-0.json,Pinsir,Items,,Leftovers,8.787
2020-09_gen3ou-0.json,Pinsir,Items,,Black Belt,2.51
2020-09_gen3ou-0.json,Pinsir,Items,,Other,3.766
2020-09_gen3ou-0.json,Pinsir,Spreads,,Other,6.276
2020-09_gen3ou-0.json,Pinsir,Moves,,Earthquake,75.732
2020-09_gen3ou-0.json,Pinsir,Moves,,Hidden Power Bug,65.272
2020-09_gen3ou-0.json,Pinsir,Moves,,Rock Slide,61.506
2020-09_gen3ou-0.json,Pinsir,Moves,,Double-Edge,53.556
2020-09_gen3ou-0.json,Pinsir,Moves,,Endure,28.452
2020-09_gen3ou-0.json,Pinsir,Moves,,Swords Dance,26.36
2020-09_gen3ou-0.json,Pinsir,Moves,,Flail,22.594
2020-09_gen3ou-0.json,Pinsir,Moves,,Rock Tomb,16.318
2020-09_gen3ou-0.json,Pinsir,Moves,,Brick Break,14.226
2020-09_gen3ou-0.json,Pinsir,Moves,,Body Slam,9.205
2020-09_gen3ou-0.json,Pinsir,Moves,,Hidden Power Ghost,7.113
2020-09_gen3ou-0.json,Pinsir,Moves,,Other,19.665
2020-09_gen3ou-0.json,Venomoth,Stats,Raw count,,235
2020-09_gen3ou-0.json,Venomoth,Stats,Avg. weight,,1.0
2020-09_gen3ou-0.json,Venomoth,Stats,Viability Ceiling,,70
2020-09_gen3ou-0.json,Venomoth,Stats,Jolly,,18.298
2020-09_gen3ou-0.json,Venomoth,Stats,Timid,,6.809
2020-09_gen3ou-0.json,Venomoth,Stats,Modest,,4.681
2020-09_gen3ou-0.json,Venomoth,Abilities,,Shield Dust,100.0
2020-09_gen3ou-0.json,Venomoth,Items,,Liechi Berry,52.34
2020-09_gen3ou-0.json,Venomoth,Items,,Salac Berry,22.553
2020-09_gen3ou-0.json,Venomoth,Items,,Leftovers,17.447
2020-09_gen3ou-0.json,Venomoth,Items,,Nothing,6.809
2020-09_gen3ou-0.json,Venomoth,Items,,Other,0.851
2020-09_gen3ou-0.json,Venomoth,Spreads,,Other,12.766
2020-09_gen3ou-0.json,Venomoth,Moves,,Sleep Powder,81.277
2020-09_gen3ou-0.json,Venomoth,Moves,,Baton Pass,77.872
2020-09_gen3ou-0.json,Venomoth,Moves,,Substitute,65.957
2020-09_gen3ou-0.json,Venomoth,Moves,,Sludge Bomb,54.043
2020-09_gen3ou-0.json,Venomoth,Moves,,Stun Spore,22.979
2020-09_gen3ou-0.json,Venomoth,Moves,,Endure,20.426
2020-09_gen3ou-0.json,Venomoth,Moves,,Giga Drain,16.17
2020-09_gen3ou-0.json,Venomoth,Moves,,Supersonic,12.766
2020-09_gen3ou-0.json,Venomoth,Moves,,Hidden Power Fire,10.638
2020-09_gen3ou-0.json,Venomoth,Moves,,Disable,5.957
2020-09_gen3ou-0.json,Venomoth,Moves,,Nothing,4.681
2020-09_gen3ou-0.json,Venomoth,Moves,,Psychic,4.255
2020-09_gen3ou-0.json,Venomoth,Moves,,Toxic,4.255
2020-09_gen3ou-0.json,Venomoth,Moves,,Other,18.723
2020-09_gen3ou-0.json,Meganium,Stats,Raw count,,237
2020-09_gen3ou-0.json,Meganium,Stats,Avg. weight,,1.0
2020-09_gen3ou-0.json,Meganium,Stats,Viability Ceiling,,73
2020-09_gen3ou-0.json,Meganium,Stats,Calm,,11.814
2020-09_gen3ou-0.json,Meganium,Stats,Hardy,,11.392
2020-09_gen3ou-0.json,Meganium,Stats,Modest,,10.127
2020-09_gen3ou-0.json,Meganium,Stats,Bold,,7.173
2020-09_gen3ou-0.json,Meganium,Stats,Serious,,5.907
2020-09_gen3ou-0.json,Meganium,Abilities,,Overgrow,100.0
2020-09_gen3ou-0.json,Meganium,Items,,Leftovers,68.354
2020-09_gen3ou-0.json,Meganium,Items,,Miracle Seed,12.658
2020-09_gen3ou-0.json,Meganium,Items,,Lum Berry,7.595
2020-09_gen3ou-0.json,Meganium,Items,,Quick Claw,4.641
2020-09_gen3ou-0.json,Meganium,Items,,Salac Berry,3.797
2020-09_gen3ou-0.json,Meganium,Items,,Other,2.954
2020-09_gen3ou-0.json,Meganium,Spreads,,Other,30.38
2020-09_gen3ou-0.json,Meganium,Moves,,Leech Seed,60.759
2020-09_gen3ou-0.json,Meganium,Moves,,Giga Drain,58.228
2020-09_gen3ou-0.json,Meganium,Moves,,Toxic,39.662
2020-09_gen3ou-0.json,Meganium,Moves,,Synthesis,29.536
2020-09_gen3ou-0.json,Meganium,Moves,,Earthquake,27.426
2020-09_gen3ou-0.json,Meganium,Moves,,Protect,26.16
2020-09_gen3ou-0.json,Meganium,Moves,,Razor Leaf,20.253
2020-09_gen3ou-0.json,Meganium,Moves,,Reflect,19.831
2020-09_gen3ou-0.json,Meganium,Moves,,Frenzy Plant,16.034
2020-09_gen3ou-0.json,Meganium,Moves,,Light Screen,13.924
2020-09_gen3ou-0.json,Meganium,Moves,,Body Slam,13.08
2020-09_gen3ou-0.json,Meganium,Moves,,Hidden Power Electric,10.549
2020-09_gen3ou-0.json,Meganium,Moves,,Hidden Power Water,8.861
2020-09_gen3ou-0.json,Meganium,Moves,,Substitute,7.173
2020-09_gen3ou-0.json,Meganium,Moves,,Hidden Power Ice,7.173
2020-09_gen3ou-0.json,Meganium,Moves,,Swords Dance,6.329
2020-09_gen3ou-0.json,Meganium,Moves,,Iron Tail,5.485
2020-09_gen3ou-0.json,Meganium,Moves,,Ancient Power,4.641
2020-09_gen3ou-0.json,Meganium,Moves,,Hidden Power Bug,3.376
2020-09_gen3ou-0.json,Meganium,Moves,,Hidden Power Grass,2.954
2020-09_gen3ou-0.json,Meganium,Moves,,Other,18.565
2020-09_gen3ou-0.json,Wailord,Stats,Raw count,,223
2020-09_gen3ou-0.json,Wailord,Stats,Avg. weight,,1.0
2020-09_gen3ou-0.json,Wailord,Stats,Viability Ceiling,,73
2020-09_gen3ou-0.json,Wailord,Stats,Calm,,39.013
2020-09_gen3ou-0.json,Wailord,Stats,Rash,,5.830
2020-09_gen3ou-0.json,Wailord,Stats,Modest,,5.381
2020-09_gen3ou-0.json,Wailord,Stats,Relaxed,,3.587
2020-09_gen3ou-0.json,Wailord,Stats,Hasty,,3.139
2020-09_gen3ou-0.json,Wailord,Abilities,,Water Veil,85.65
2020-09_gen3ou-0.json,Wailord,Abilities,,Oblivious,14.35
2020-09_gen3ou-0.json,Wailord,Items,,Leftovers,76.682
2020-09_gen3ou-0.json,Wailord,Items,,Chesto Berry,6.726
2020-09_gen3ou-0.json,Wailord,Items,,Mystic Water,5.381
2020-09_gen3ou-0.json,Wailord,Items,,Nothing,3.139
2020-09_gen3ou-0.json,Wailord,Items,,Salac Berry,1.794
2020-09_gen3ou-0.json,Wailord,Items,,Choice Band,1.794
2020-09_gen3ou-0.json,Wailord,Items,,Other,4.484
2020-09_gen3ou-0.json,Wailord,Spreads,,Other,37.668
2020-09_gen3ou-0.json,Wailord,Moves,,Ice Beam,74.888
2020-09_gen3ou-0.json,Wailord,Moves,,Water Spout,61.435
2020-09_gen3ou-0.json,Wailord,Moves,,Rest,43.049
2020-09_gen3ou-0.json,Wailord,Moves,,Hydro Pump,32.735
2020-09_gen3ou-0.json,Wailord,Moves,,Surf,26.906
2020-09_gen3ou-0.json,Wailord,Moves,,Self-Destruct,26.009
2020-09_gen3ou-0.json,Wailord,Moves,,Sleep Talk,25.112
2020-09_gen3ou-0.json,Wailord,Moves,,Blizzard,16.592
2020-09_gen3ou-0.json,Wailord,Moves,,Toxic,14.798
2020-09_gen3ou-0.json,Wailord,Moves,,Earthquake,10.762
2020-09_gen3ou-0.json,Wailord,Moves,,Hidden Power Grass,10.314
2020-09_gen3ou-0.json,Wailord,Moves,,Protect,8.52
2020-09_gen3ou-0.json,Wailord,Moves,,Curse,6.726
2020-09_gen3ou-0.json,Wailord,Moves,,Hidden Power Electric,5.83
2020-09_gen3ou-0.json,Wailord,Moves,,Substitute,5.83
2020-09_gen3ou-0.json,Wailord,Moves,,Double-Edge,5.381
2020-09_gen3ou-0.json,Wailord,Moves,,Body Slam,4.933
2020-09_gen3ou-0.json,Wailord,Moves,,Rain Dance,4.484
2020-09_gen3ou-0.json,Wailord,Moves,,Other,15.695
2020-09_gen3ou-0.json,Mantine,Stats,Raw count,,209
2020-09_gen3ou-0.json,Mantine,Stats,Avg. weight,,1.0
2020-09_gen3ou-0.json,Mantine,Stats,Viability Ceiling,,81
2020-09_gen3ou-0.json,Mantine,Stats,Calm,,15.311
2020-09_gen3ou-0.json,Mantine,Stats,Modest,,5.742
2020-09_gen3ou-0.json,Mantine,Stats,Brave,,9.091
2020-09_gen3ou-0.json,Mantine,Abilities,,Water Absorb,78.469
2020-09_gen3ou-0.json,Mantine,Abilities,,Swift Swim,21.531
2020-09_gen3ou-0.json,Mantine,Items,,Leftovers,97.608
2020-09_gen3ou-0.json,Mantine,Items,,Other,2.392
2020-09_gen3ou-0.json,Mantine,Spreads,,Other,23.445
2020-09_gen3ou-0.json,Mantine,Moves,,Ice Beam,76.555
2020-09_gen3ou-0.json,Mantine,Moves,,Toxic,64.115
2020-09_gen3ou-0.json,Mantine,Moves,,Hydro Pump,47.847
2020-09_gen3ou-0.json,Mantine,Moves,,Surf,45.455
2020-09_gen3ou-0.json,Mantine,Moves,,Rest,32.057
2020-09_gen3ou-0.json,Mantine,Moves,,Confuse Ray,31.1
2020-09_gen3ou-0.json,Mantine,Moves,,Hidden Power Grass,20.574
2020-09_gen3ou-0.json,Mantine,Moves,,Haze,15.311
2020-09_gen3ou-0.json,Mantine,Moves,,Earthquake,14.833
2020-09_gen3ou-0.json,Mantine,Moves,,Protect,14.833
2020-09_gen3ou-0.json,Mantine,Moves,,Aerial Ace,13.876
2020-09_gen3ou-0.json,Mantine,Moves,,Agility,5.263
2020-09_gen3ou-0.json,Mantine,Moves,,Other,18.182
2020-09_gen3ou-0.json,Torkoal,Stats,Raw count,,209
2020-09_gen3ou-0.json,Torkoal,Stats,Avg. weight,,1.0
2020-09_gen3ou-0.json,Torkoal,Stats,Viability Ceiling,,74
2020-09_gen3ou-0.json,Torkoal,Stats,Modest,,6.220
2020-09_gen3ou-0.json,Torkoal,Stats,Quiet,,7.177
2020-09_gen3ou-0.json,Torkoal,Stats,Bold,,3.828
2020-09_gen3ou-0.json,Torkoal,Stats,Careful,,3.828
2020-09_gen3ou-0.json,Torkoal,Stats,Relaxed,,3.349
2020-09_gen3ou-0.json,Torkoal,Abilities,,White Smoke,100.0
2020-09_gen3ou-0.json,Torkoal,Items,,Leftovers,49.761
2020-09_gen3ou-0.json,Torkoal,Items,,Charcoal,16.268
2020-09_gen3ou-0.json,Torkoal,Items,,Bright Powder,7.177
2020-09_gen3ou-0.json,Torkoal,Items,,Nothing,6.22
2020-09_gen3ou-0.json,Torkoal,Items,,White Herb,6.22
2020-09_gen3ou-0.json,Torkoal,Items,,Choice Band,4.785
2020-09_gen3ou-0.json,Torkoal,Items,,Quick Claw,3.828
2020-09_gen3ou-0.json,Torkoal,Items,,Ganlon Berry,1.914
2020-09_gen3ou-0.json,Torkoal,Items,,Other,3.828
2020-09_gen3ou-0.json,Torkoal,Spreads,,Other,61.244
2020-09_gen3ou-0.json,Torkoal,Moves,,Flamethrower,51.196
2020-09_gen3ou-0.json,Torkoal,Moves,,Eruption,34.928
2020-09_gen3ou-0.json,Torkoal,Moves,,Overheat,33.493
2020-09_gen3ou-0.json,Torkoal,Moves,,Hidden Power Grass,25.359
2020-09_gen3ou-0.json,Torkoal,Moves,,Rock Slide,24.88
2020-09_gen3ou-0.json,Torkoal,Moves,,Yawn,23.445
2020-09_gen3ou-0.json,Torkoal,Moves,,Toxic,20.574
2020-09_gen3ou-0.json,Torkoal,Moves,,Iron Defense,20.574
2020-09_gen3ou-0.json,Torkoal,Moves,,Body Slam,20.096
2020-09_gen3ou-0.json,Torkoal,Moves,,Heat Wave,17.703
2020-09_gen3ou-0.json,Torkoal,Moves,,Explosion,16.746
2020-09_gen3ou-0.json,Torkoal,Moves,,Fire Blast,16.746
2020-09_gen3ou-0.json,Torkoal,Moves,,Sludge Bomb,14.354
2020-09_gen3ou-0.json,Torkoal,Moves,,Curse,13.397
2020-09_gen3ou-0.json,Torkoal,Moves,,Amnesia,10.526
2020-09_gen3ou-0.json,Torkoal,Moves,,Rest,7.177
2020-09_gen3ou-0.json,Torkoal,Moves,,Sunny Day,7.177
2020-09_gen3ou-0.json,Torkoal,Moves,,Protect,6.22
2020-09_gen3ou-0.json,Torkoal,Moves,,Return,5.263
2020-09_gen3ou-0.json,Torkoal,Moves,,Hidden Power Ice,4.785
2020-09_gen3ou-0.json,Torkoal,Moves,,Hidden Power Ground,3.349
2020-09_gen3ou-0.json,Torkoal,Moves,,Double-Edge,3.349
2020-09_gen3ou-0.json,Torkoal,Moves,,Other,18.66
2020-09_gen3ou-0.json,Granbull,Stats,Raw count,,192
2020-09_gen3ou-0.json,Granbull,Stats,Avg. weight,,1.0
2020-09_gen3ou-0.json,Granbull,Stats,Viability Ceiling,,66
2020-09_gen3ou-0.json,Granbull,Stats,Impish,,4.167
2020-09_gen3ou-0.json,Granbull,Stats,Adamant,,10.417
2020-09_gen3ou-0.json,Granbull,Stats,Bold,,6.771
2020-09_gen3ou-0.json,Granbull,Abilities,,Intimidate,100.0
2020-09_gen3ou-0.json,Granbull,Items,,Leftovers,96.354
2020-09_gen3ou-0.json,Granbull,Items,,Other,3.646
2020-09_gen3ou-0.json,Granbull,Spreads,,Other,13.021
2020-09_gen3ou-0.json,Granbull,Moves,,Return,86.979
2020-09_gen3ou-0.json,Granbull,Moves,,Shadow Ball,58.854
2020-09_gen3ou-0.json,Granbull,Moves,,Earthquake,58.854
2020-09_gen3ou-0.json,Granbull,Moves,,Thunder Wave,53.646
2020-09_gen3ou-0.json,Granbull,Moves,,Heal Bell,52.604
2020-09_gen3ou-0.json,Granbull,Moves,,Substitute,25.0
2020-09_gen3ou-0.json,Granbull,Moves,,Bulk Up,16.146
2020-09_gen3ou-0.json,Granbull,Moves,,Hidden Power Ghost,15.104
2020-09_gen3ou-0.json,Granbull,Moves,,Reflect,6.771
2020-09_gen3ou-0.json,Granbull,Moves,,Toxic,5.208
2020-09_gen3ou-0.json,Granbull,Moves,,Rest,3.646
2020-09_gen3ou-0.json,Granbull,Moves,,Other,17.187
2020-09_gen3ou-0.json,Feraligatr,Stats,Raw count,,193
2020-09_gen3ou-0.json,Feraligatr,Stats,Avg. weight,,1.0
2020-09_gen3ou-0.json,Feraligatr,Stats,Viability Ceiling,,68
2020-09_gen3ou-0.json,Feraligatr,Stats,Modest,,17.098
2020-09_gen3ou-0.json,Feraligatr,Stats,Naive,,16.062
2020-09_gen3ou-0.json,Feraligatr,Stats,Relaxed,,12.953
2020-09_gen3ou-0.json,Feraligatr,Stats,Brave,,10.363
2020-09_gen3ou-0.json,Feraligatr,Stats,Impish,,7.254
2020-09_gen3ou-0.json,Feraligatr,Stats,Quirky,,3.109
2020-09_gen3ou-0.json,Feraligatr,Abilities,,Torrent,100.0
2020-09_gen3ou-0.json,Feraligatr,Items,,Salac Berry,36.788
2020-09_gen3ou-0.json,Feraligatr,Items,,Leftovers,35.751
2020-09_gen3ou-0.json,Feraligatr,Items,,King's Rock,7.254
2020-09_gen3ou-0.json,Feraligatr,Items,,Mystic Water,4.663
2020-09_gen3ou-0.json,Feraligatr,Items,,Nothing,4.663
2020-09_gen3ou-0.json,Feraligatr,Items,,Never-Melt Ice,2.073
2020-09_gen3ou-0.json,Feraligatr,Items,,Focus Band,2.073
2020-09_gen3ou-0.json,Feraligatr,Items,,Choice Band,2.073
2020-09_gen3ou-0.json,Feraligatr,Items,,Other,4.663
2020-09_gen3ou-0.json,Feraligatr,Spreads,,Other,33.161
2020-09_gen3ou-0.json,Feraligatr,Moves,,Earthquake,46.114
2020-09_gen3ou-0.json,Feraligatr,Moves,,Ice Beam,45.078
2020-09_gen3ou-0.json,Feraligatr,Moves,,Hydro Pump,43.523
2020-09_gen3ou-0.json,Feraligatr,Moves,,Surf,35.751
2020-09_gen3ou-0.json,Feraligatr,Moves,,Crunch,35.233
2020-09_gen3ou-0.json,Feraligatr,Moves,,Dragon Claw,29.016
2020-09_gen3ou-0.json,Feraligatr,Moves,,Swords Dance,24.87
2020-09_gen3ou-0.json,Feraligatr,Moves,,Ice Punch,12.953
2020-09_gen3ou-0.json,Feraligatr,Moves,,Ancient Power,9.845
2020-09_gen3ou-0.json,Feraligatr,Moves,,Waterfall,9.845
2020-09_gen3ou-0.json,Feraligatr,Moves,,Hidden Power Bug,9.326
2020-09_gen3ou-0.json,Feraligatr,Moves,,Hidden Power Grass,8.808
2020-09_gen3ou-0.json,Feraligatr,Moves,,Brick Break,7.772
2020-09_gen3ou-0.json,Feraligatr,Moves,,Blizzard,6.736
2020-09_gen3ou-0.json,Feraligatr,Moves,,Focus Punch,6.218
2020-09_gen3ou-0.json,Feraligatr,Moves,,Substitute,6.218
2020-09_gen3ou-0.json,Feraligatr,Moves,,Protect,6.218
2020-09_gen3ou-0.json,Feraligatr,Moves,,Return,5.181
2020-09_gen3ou-0.json,Feraligatr,Moves,,Toxic,4.663
2020-09_gen3ou-0.json,Feraligatr,Moves,,Rain Dance,4.663
2020-09_gen3ou-0.json,Feraligatr,Moves,,Body Slam,4.663
2020-09_gen3ou-0.json,Feraligatr,Moves,,Hidden Power Flying,4.145
2020-09_gen3ou-0.json,Feraligatr,Moves,,Rock Slide,4.145
2020-09_gen3ou-0.json,Feraligatr,Moves,,Roar,4.145
2020-09_gen3ou-0.json,Feraligatr,Moves,,Aerial Ace,3.627
2020-09_gen3ou-0.json,Feraligatr,Moves,,Counter,3.627
2020-09_gen3ou-0.json,Feraligatr,Moves,,Other,17.617
2020-09_gen3ou-0.json,Mightyena,Stats,Raw count,,176
2020-09_gen3ou-0.json,Mightyena,Stats,Avg. weight,,1.0
2020-09_gen3ou-0.json,Mightyena,Stats,Viability Ceiling,,56
2020-09_gen3ou-0.json,Mightyena,Stats,Modest,,17.614
2020-09_gen3ou-0.json,Mightyena,Stats,Timid,,12.500
2020-09_gen3ou-0.json,Mightyena,Stats,Adamant,,10.227
2020-09_gen3ou-0.json,Mightyena,Stats,Bold,,10.227
2020-09_gen3ou-0.json,Mightyena,Stats,Impish,,7.386
2020-09_gen3ou-0.json,Mightyena,Stats,Jolly,,3.409
2020-09_gen3ou-0.json,Mightyena,Abilities,,Intimidate,100.0
2020-09_gen3ou-0.json,Mightyena,Items,,Leftovers,69.318
2020-09_gen3ou-0.json,Mightyena,Items,,Choice Band,7.955
2020-09_gen3ou-0.json,Mightyena,Items,,Nothing,6.818
2020-09_gen3ou-0.json,Mightyena,Items,,Black Glasses,3.977
2020-09_gen3ou-0.json,Mightyena,Items,,Lum Berry,3.977
2020-09_gen3ou-0.json,Mightyena,Items,,Metal Coat,2.841
2020-09_gen3ou-0.json,Mightyena,Items,,Salac Berry,1.136
2020-09_gen3ou-0.json,Mightyena,Items,,Other,3.977
2020-09_gen3ou-0.json,Mightyena,Spreads,,Other,38.636
2020-09_gen3ou-0.json,Mightyena,Moves,,Crunch,72.159
2020-09_gen3ou-0.json,Mightyena,Moves,,Toxic,46.023
2020-09_gen3ou-0.json,Mightyena,Moves,,Taunt,34.659
2020-09_gen3ou-0.json,Mightyena,Moves,,Roar,32.386
2020-09_gen3ou-0.json,Mightyena,Moves,,Psych Up,30.114
2020-09_gen3ou-0.json,Mightyena,Moves,,Shadow Ball,25.568
2020-09_gen3ou-0.json,Mightyena,Moves,,Heal Bell,19.886
2020-09_gen3ou-0.json,Mightyena,Moves,,Yawn,15.341
2020-09_gen3ou-0.json,Mightyena,Moves,,Protect,15.341
2020-09_gen3ou-0.json,Mightyena,Moves,,Double-Edge,14.205
2020-09_gen3ou-0.json,Mightyena,Moves,,Body Slam,11.932
2020-09_gen3ou-0.json,Mightyena,Moves,,Hidden Power Flying,9.091
2020-09_gen3ou-0.json,Mightyena,Moves,,Dig,8.523
2020-09_gen3ou-0.json,Mightyena,Moves,,Hidden Power Ghost,7.386
2020-09_gen3ou-0.json,Mightyena,Moves,,Return,7.386
2020-09_gen3ou-0.json,Mightyena,Moves,,Iron Tail,6.818
2020-09_gen3ou-0.json,Mightyena,Moves,,Poison Fang,6.818
2020-09_gen3ou-0.json,Mightyena,Moves,,Bite,5.682
2020-09_gen3ou-0.json,Mightyena,Moves,,Take Down,3.977
2020-09_gen3ou-0.json,Mightyena,Moves,,Sand Attack,3.977
2020-09_gen3ou-0.json,Mightyena,Moves,,Counter,3.409
2020-09_gen3ou-0.json,Mightyena,Moves,,Other,19.318
2020-09_gen3ou-0.json,Politoed,Stats,Raw count,,172
2020-09_gen3ou-0.json,Politoed,Stats,Avg. weight,,1.0
2020-09_gen3ou-0.json,Politoed,Stats,Viability Ceiling,,68
2020-09_gen3ou-0.json,Politoed,Stats,Hardy,,18.023
2020-09_gen3ou-0.json,Politoed,Stats,Gentle,,6.395
2020-09_gen3ou-0.json,Politoed,Stats,Calm,,8.140
2020-09_gen3ou-0.json,Politoed,Stats,Timid,,6.395
2020-09_gen3ou-0.json,Politoed,Abilities,,Damp,71.512
2020-09_gen3ou-0.json,Politoed,Abilities,,Water Absorb,28.488
2020-09_gen3ou-0.json,Politoed,Items,,Leftovers,87.209
2020-09_gen3ou-0.json,Politoed,Items,,Nothing,10.465
2020-09_gen3ou-0.json,Politoed,Items,,Other,2.326
2020-09_gen3ou-0.json,Politoed,Spreads,,Other,30.233
2020-09_gen3ou-0.json,Politoed,Moves,,Ice Beam,86.628
2020-09_gen3ou-0.json,Politoed,Moves,,Hypnosis,81.977
2020-09_gen3ou-0.json,Politoed,Moves,,Hydro Pump,79.07
2020-09_gen3ou-0.json,Politoed,Moves,,Toxic,45.349
2020-09_gen3ou-0.json,Politoed,Moves,,Rain Dance,30.814
2020-09_gen3ou-0.json,Politoed,Moves,,Surf,20.349
2020-09_gen3ou-0.json,Politoed,Moves,,Perish Song,13.372
2020-09_gen3ou-0.json,Politoed,Moves,,Protect,9.302
2020-09_gen3ou-0.json,Politoed,Moves,,Thief,8.721
2020-09_gen3ou-0.json,Politoed,Moves,,Hidden Power Grass,5.233
2020-09_gen3ou-0.json,Politoed,Moves,,Other,19.186
2020-09_gen3ou-0.json,Pelipper,Stats,Raw count,,173
2020-09_gen3ou-0.json,Pelipper,Stats,Avg. weight,,1.0
2020-09_gen3ou-0.json,Pelipper,Stats,Viability Ceiling,,74
2020-09_gen3ou-0.json,Pelipper,Stats,Modest,,10.405
2020-09_gen3ou-0.json,Pelipper,Stats,Relaxed,,5.780
2020-09_gen3ou-0.json,Pelipper,Stats,Serious,,5.780
2020-09_gen3ou-0.json,Pelipper,Stats,Bold,,4.624
2020-09_gen3ou-0.json,Pelipper,Abilities,,Keen Eye,100.0
2020-09_gen3ou-0.json,Pelipper,Items,,Petaya Berry,46.821
2020-09_gen3ou-0.json,Pelipper,Items,,Leftovers,21.387
2020-09_gen3ou-0.json,Pelipper,Items,,Mystic Water,10.405
2020-09_gen3ou-0.json,Pelipper,Items,,Nothing,9.827
2020-09_gen3ou-0.json,Pelipper,Items,,Quick Claw,2.89
2020-09_gen3ou-0.json,Pelipper,Items,,Sea Incense,2.312
2020-09_gen3ou-0.json,Pelipper,Items,,Focus Band,1.156
2020-09_gen3ou-0.json,Pelipper,Items,,Sitrus Berry,1.156
2020-09_gen3ou-0.json,Pelipper,Items,,Other,4.046
2020-09_gen3ou-0.json,Pelipper,Spreads,,Other,19.653
2020-09_gen3ou-0.json,Pelipper,Moves,,Ice Beam,68.786
2020-09_gen3ou-0.json,Pelipper,Moves,,Hydro Pump,60.694
2020-09_gen3ou-0.json,Pelipper,Moves,,Agility,47.399
2020-09_gen3ou-0.json,Pelipper,Moves,,Substitute,46.821
2020-09_gen3ou-0.json,Pelipper,Moves,,Protect,41.04
2020-09_gen3ou-0.json,Pelipper,Moves,,Surf,32.37
2020-09_gen3ou-0.json,Pelipper,Moves,,Aerial Ace,14.451
2020-09_gen3ou-0.json,Pelipper,Moves,,Fly,14.451
2020-09_gen3ou-0.json,Pelipper,Moves,,Toxic,12.717
2020-09_gen3ou-0.json,Pelipper,Moves,,Supersonic,10.405
2020-09_gen3ou-0.json,Pelipper,Moves,,Rest,6.936
2020-09_gen3ou-0.json,Pelipper,Moves,,Water Gun,6.358
2020-09_gen3ou-0.json,Pelipper,Moves,,Hidden Power Dragon,5.78
2020-09_gen3ou-0.json,Pelipper,Moves,,Stockpile,4.624
2020-09_gen3ou-0.json,Pelipper,Moves,,Blizzard,4.046
2020-09_gen3ou-0.json,Pelipper,Moves,,Hidden Power Fire,4.046
2020-09_gen3ou-0.json,Pelipper,Moves,,Other,19.075
2020-09_gen3ou-0.json,Raticate,Stats,Raw count,,167
2020-09_gen3ou-0.json,Raticate,Stats,Avg. weight,,1.0
2020-09_gen3ou-0.json,Raticate,Stats,Viability Ceiling,,74
2020-09_gen3ou-0.json,Raticate,Stats,Jolly,,6.587
2020-09_gen3ou-0.json,Raticate,Stats,Hardy,,4.790
2020-09_gen3ou-0.json,Raticate,Stats,Adamant,,2.994
2020-09_gen3ou-0.json,Raticate,Abilities,,Guts,99.401
2020-09_gen3ou-0.json,Raticate,Abilities,,Run Away,0.599
2020-09_gen3ou-0.json,Raticate,Items,,Salac Berry,45.509
2020-09_gen3ou-0.json,Raticate,Items,,Leftovers,38.323
2020-09_gen3ou-0.json,Raticate,Items,,Liechi Berry,10.18
2020-09_gen3ou-0.json,Raticate,Items,,King's Rock,4.79
2020-09_gen3ou-0.json,Raticate,Items,,Other,1.198
2020-09_gen3ou-0.json,Raticate,Spreads,,Other,3.593
2020-09_gen3ou-0.json,Raticate,Moves,,Endeavor,77.246
2020-09_gen3ou-0.json,Raticate,Moves,,Return,54.491
2020-09_gen3ou-0.json,Raticate,Moves,,Endure,50.898
2020-09_gen3ou-0.json,Raticate,Moves,,Reversal,49.102
2020-09_gen3ou-0.json,Raticate,Moves,,Facade,38.323
2020-09_gen3ou-0.json,Raticate,Moves,,Body Slam,37.725
2020-09_gen3ou-0.json,Raticate,Moves,,Super Fang,37.126
2020-09_gen3ou-0.json,Raticate,Moves,,Shadow Ball,19.76
2020-09_gen3ou-0.json,Raticate,Moves,,Rest,5.389
2020-09_gen3ou-0.json,Raticate,Moves,,Hyper Beam,5.389
2020-09_gen3ou-0.json,Raticate,Moves,,Blizzard,4.79
2020-09_gen3ou-0.json,Raticate,Moves,,Other,19.76
2020-09_gen3ou-0.json,Hypno,Stats,Raw count,,162
2020-09_gen3ou-0.json,Hypno,Stats,Avg. weight,,1.0
2020-09_gen3ou-0.json,Hypno,Stats,Viability Ceiling,,75
2020-09_gen3ou-0.json,Hypno,Stats,Careful,,17.901
2020-09_gen3ou-0.json,Hypno,Stats,Modest,,9.259
2020-09_gen3ou-0.json,Hypno,Stats,Adamant,,6.790
2020-09_gen3ou-0.json,Hypno,Stats,Timid,,5.556
2020-09_gen3ou-0.json,Hypno,Stats,Hardy,,5.556
2020-09_gen3ou-0.json,Hypno,Stats,Calm,,4.938
2020-09_gen3ou-0.json,Hypno,Abilities,,Insomnia,100.0
2020-09_gen3ou-0.json,Hypno,Items,,Leftovers,67.901
2020-09_gen3ou-0.json,Hypno,Items,,Salac Berry,8.025
2020-09_gen3ou-0.json,Hypno,Items,,Choice Band,6.173
2020-09_gen3ou-0.json,Hypno,Items,,Nothing,4.938
2020-09_gen3ou-0.json,Hypno,Items,,Black Glasses,3.086
2020-09_gen3ou-0.json,Hypno,Items,,Focus Band,1.852
2020-09_gen3ou-0.json,Hypno,Items,,Quick Claw,1.852
2020-09_gen3ou-0.json,Hypno,Items,,Twisted Spoon,1.852
2020-09_gen3ou-0.json,Hypno,Items,,Other,4.321
2020-09_gen3ou-0.json,Hypno,Spreads,,Other,50.0
2020-09_gen3ou-0.json,Hypno,Moves,,Psychic,66.667
2020-09_gen3ou-0.json,Hypno,Moves,,Calm Mind,49.383
2020-09_gen3ou-0.json,Hypno,Moves,,Thunder Wave,43.827
2020-09_gen3ou-0.json,Hypno,Moves,,Wish,36.42
2020-09_gen3ou-0.json,Hypno,Moves,,Baton Pass,31.481
2020-09_gen3ou-0.json,Hypno,Moves,,Counter,26.543
2020-09_gen3ou-0.json,Hypno,Moves,,Reflect,23.457
2020-09_gen3ou-0.json,Hypno,Moves,,Hypnosis,19.136
2020-09_gen3ou-0.json,Hypno,Moves,,Protect,14.198
2020-09_gen3ou-0.json,Hypno,Moves,,Fire Punch,13.58
2020-09_gen3ou-0.json,Hypno,Moves,,Ice Punch,11.728
2020-09_gen3ou-0.json,Hypno,Moves,,Dream Eater,8.642
2020-09_gen3ou-0.json,Hypno,Moves,,Taunt,7.407
2020-09_gen3ou-0.json,Hypno,Moves,,Shadow Ball,6.79
2020-09_gen3ou-0.json,Hypno,Moves,,Double-Edge,5.556
2020-09_gen3ou-0.json,Hypno,Moves,,Substitute,3.704
2020-09_gen3ou-0.json,Hypno,Moves,,Headbutt,3.704
2020-09_gen3ou-0.json,Hypno,Moves,,Hidden Power Dark,3.086
2020-09_gen3ou-0.json,Hypno,Moves,,Dynamic Punch,3.086
2020-09_gen3ou-0.json,Hypno,Moves,,Thunder Punch,3.086
2020-09_gen3ou-0.json,Hypno,Moves,,Other,18.519
2020-09_gen3ou-0.json,Muk,Stats,Raw count,,168
2020-09_gen3ou-0.json,Muk,Stats,Avg. weight,,1.0
2020-09_gen3ou-0.json,Muk,Stats,Viability Ceiling,,66
2020-09_gen3ou-0.json,Muk,Stats,Hardy,,10.119
2020-09_gen3ou-0.json,Muk,Stats,Brave,,5.952
2020-09_gen3ou-0.json,Muk,Stats,Careful,,7.143
2020-09_gen3ou-0.json,Muk,Stats,Sassy,,5.952
2020-09_gen3ou-0.json,Muk,Stats,Relaxed,,5.357
2020-09_gen3ou-0.json,Muk,Abilities,,Sticky Hold,59.524
2020-09_gen3ou-0.json,Muk,Abilities,,Stench,40.476
2020-09_gen3ou-0.json,Muk,Items,,Leftovers,67.857
2020-09_gen3ou-0.json,Muk,Items,,Choice Band,14.881
2020-09_gen3ou-0.json,Muk,Items,,Poison Barb,6.548
2020-09_gen3ou-0.json,Muk,Items,,Quick Claw,4.762
2020-09_gen3ou-0.json,Muk,Items,,Nothing,1.786
2020-09_gen3ou-0.json,Muk,Items,,Other,4.167
2020-09_gen3ou-0.json,Muk,Spreads,,Other,57.738
2020-09_gen3ou-0.json,Muk,Moves,,Sludge Bomb,83.929
2020-09_gen3ou-0.json,Muk,Moves,,Explosion,64.286
2020-09_gen3ou-0.json,Muk,Moves,,Nothing,32.143
2020-09_gen3ou-0.json,Muk,Moves,,Hidden Power Ghost,22.024
2020-09_gen3ou-0.json,Muk,Moves,,Curse,22.024
2020-09_gen3ou-0.json,Muk,Moves,,Focus Punch,20.833
2020-09_gen3ou-0.json,Muk,Moves,,Acid Armor,18.452
2020-09_gen3ou-0.json,Muk,Moves,,Fire Blast,17.262
2020-09_gen3ou-0.json,Muk,Moves,,Haze,12.5
2020-09_gen3ou-0.json,Muk,Moves,,Body Slam,11.31
2020-09_gen3ou-0.json,Muk,Moves,,Shadow Punch,10.119
2020-09_gen3ou-0.json,Muk,Moves,,Mean Look,9.524
2020-09_gen3ou-0.json,Muk,Moves,,Substitute,8.333
2020-09_gen3ou-0.json,Muk,Moves,,Brick Break,8.333
2020-09_gen3ou-0.json,Muk,Moves,,Toxic,8.333
2020-09_gen3ou-0.json,Muk,Moves,,Ice Punch,7.738
2020-09_gen3ou-0.json,Muk,Moves,,Taunt,6.548
2020-09_gen3ou-0.json,Muk,Moves,,Thunder,5.952
2020-09_gen3ou-0.json,Muk,Moves,,Protect,5.357
2020-09_gen3ou-0.json,Muk,Moves,,Facade,2.976
2020-09_gen3ou-0.json,Muk,Moves,,Memento,2.976
2020-09_gen3ou-0.json,Muk,Moves,,Other,19.048
2020-09_gen3ou-0.json,Noctowl,Stats,Raw count,,147
2020-09_gen3ou-0.json,Noctowl,Stats,Avg. weight,,1.0
2020-09_gen3ou-0.json,Noctowl,Stats,Viability Ceiling,,74
2020-09_gen3ou-0.json,Noctowl,Stats,Bold,,22.449
2020-09_gen3ou-0.json,Noctowl,Stats,Calm,,3.401
2020-09_gen3ou-0.json,Noctowl,Stats,Careful,,4.082
2020-09_gen3ou-0.json,Noctowl,Abilities,,Insomnia,93.197
2020-09_gen3ou-0.json,Noctowl,Abilities,,Keen Eye,6.803
2020-09_gen3ou-0.json,Noctowl,Items,,Leftovers,81.633
2020-09_gen3ou-0.json,Noctowl,Items,,Nothing,4.762
2020-09_gen3ou-0.json,Noctowl,Items,,Silk Scarf,4.762
2020-09_gen3ou-0.json,Noctowl,Items,,Twisted Spoon,2.721
2020-09_gen3ou-0.json,Noctowl,Items,,Salac Berry,2.041
2020-09_gen3ou-0.json,Noctowl,Items,,Other,4.082
2020-09_gen3ou-0.json,Noctowl,Spreads,,Other,24.49
2020-09_gen3ou-0.json,Noctowl,Moves,,Psychic,81.633
2020-09_gen3ou-0.json,Noctowl,Moves,,Toxic,46.259
2020-09_gen3ou-0.json,Noctowl,Moves,,Hypnosis,45.578
2020-09_gen3ou-0.json,Noctowl,Moves,,Protect,40.816
2020-09_gen3ou-0.json,Noctowl,Moves,,Reflect,39.456
2020-09_gen3ou-0.json,Noctowl,Moves,,Substitute,38.776
2020-09_gen3ou-0.json,Noctowl,Moves,,Hidden Power Grass,24.49
2020-09_gen3ou-0.json,Noctowl,Moves,,Whirlwind,16.327
2020-09_gen3ou-0.json,Noctowl,Moves,,Dream Eater,10.884
2020-09_gen3ou-0.json,Noctowl,Moves,,Hidden Power Flying,8.163
2020-09_gen3ou-0.json,Noctowl,Moves,,Foresight,8.163
2020-09_gen3ou-0.json,Noctowl,Moves,,Hyper Beam,6.122
2020-09_gen3ou-0.json,Noctowl,Moves,,Feather Dance,4.762
2020-09_gen3ou-0.json,Noctowl,Moves,,Confusion,4.082
2020-09_gen3ou-0.json,Noctowl,Moves,,Fly,4.082
2020-09_gen3ou-0.json,Noctowl,Moves,,Peck,3.401
2020-09_gen3ou-0.json,Noctowl,Moves,,Other,17.007
2020-09_gen3ou-0.json,Gorebyss,Stats,Raw count,,143
2020-09_gen3ou-0.json,Gorebyss,Stats,Avg. weight,,1.0
2020-09_gen3ou-0.json,Gorebyss,Stats,Viability Ceiling,,81
2020-09_gen3ou-0.json,Gorebyss,Stats,Modest,,6.993
2020-09_gen3ou-0.json,Gorebyss,Stats,Timid,,12.587
2020-09_gen3ou-0.json,Gorebyss,Abilities,,Swift Swim,100.0
2020-09_gen3ou-0.json,Gorebyss,Items,,Leftovers,51.748
2020-09_gen3ou-0.json,Gorebyss,Items,,Salac Berry,16.783
2020-09_gen3ou-0.json,Gorebyss,Items,,Lum Berry,16.084
2020-09_gen3ou-0.json,Gorebyss,Items,,Mystic Water,11.888
2020-09_gen3ou-0.json,Gorebyss,Items,,Other,3.497
2020-09_gen3ou-0.json,Gorebyss,Spreads,,Other,26.573
2020-09_gen3ou-0.json,Gorebyss,Moves,,Surf,71.329
2020-09_gen3ou-0.json,Gorebyss,Moves,,Ice Beam,63.636
2020-09_gen3ou-0.json,Gorebyss,Moves,,Rain Dance,56.643
2020-09_gen3ou-0.json,Gorebyss,Moves,,Hidden Power Grass,41.958
2020-09_gen3ou-0.json,Gorebyss,Moves,,Baton Pass,35.664
2020-09_gen3ou-0.json,Gorebyss,Moves,,Hydro Pump,23.077
2020-09_gen3ou-0.json,Gorebyss,Moves,,Amnesia,22.378
2020-09_gen3ou-0.json,Gorebyss,Moves,,Iron Defense,20.28
2020-09_gen3ou-0.json,Gorebyss,Moves,,Agility,14.685
2020-09_gen3ou-0.json,Gorebyss,Moves,,Barrier,12.587
2020-09_gen3ou-0.json,Gorebyss,Moves,,Hidden Power Electric,12.587
2020-09_gen3ou-0.json,Gorebyss,Moves,,Psychic,8.392
2020-09_gen3ou-0.json,Gorebyss,Moves,,Other,16.783
2020-09_gen3ou-0.json,Bellossom,Stats,Raw count,,141
2020-09_gen3ou-0.json,Bellossom,Stats,Avg. weight,,1.0
2020-09_gen3ou-0.json,Bellossom,Stats,Viability Ceiling,,74
2020-09_gen3ou-0.json,Bellossom,Stats,Calm,,7.092
2020-09_gen3ou-0.json,Bellossom,Stats,Timid,,12.057
2020-09_gen3ou-0.json,Bellossom,Stats,Modest,,4.255
2020-09_gen3ou-0.json,Bellossom,Stats,Hardy,,4.255
2020-09_gen3ou-0.json,Bellossom,Abilities,,Chlorophyll,100.0
2020-09_gen3ou-0.json,Bellossom,Items,,Leftovers,85.816
2020-09_gen3ou-0.json,Bellossom,Items,,Miracle Seed,11.348
2020-09_gen3ou-0.json,Bellossom,Items,,Other,2.837
2020-09_gen3ou-0.json,Bellossom,Spreads,,Other,5.674
2020-09_gen3ou-0.json,Bellossom,Moves,,Leech Seed,78.723
2020-09_gen3ou-0.json,Bellossom,Moves,,Giga Drain,74.468
2020-09_gen3ou-0.json,Bellossom,Moves,,Sleep Powder,72.34
2020-09_gen3ou-0.json,Bellossom,Moves,,Hidden Power Fire,71.631
2020-09_gen3ou-0.json,Bellossom,Moves,,Solar Beam,30.496
2020-09_gen3ou-0.json,Bellossom,Moves,,Sunny Day,18.44
2020-09_gen3ou-0.json,Bellossom,Moves,,Toxic,10.638
2020-09_gen3ou-0.json,Bellossom,Moves,,Moonlight,8.511
2020-09_gen3ou-0.json,Bellossom,Moves,,Stun Spore,7.801
2020-09_gen3ou-0.json,Bellossom,Moves,,Safeguard,7.092
2020-09_gen3ou-0.json,Bellossom,Moves,,Other,19.858
2020-09_gen3ou-0.json,Furret,Stats,Raw count,,127
2020-09_gen3ou-0.json,Furret,Stats,Avg. weight,,1.0
2020-09_gen3ou-0.json,Furret,Stats,Viability Ceiling,,61
2020-09_gen3ou-0.json,Furret,Stats,Adamant,,3.937
2020-09_gen3ou-0.json,Furret,Stats,Jolly,,3.150
2020-09_gen3ou-0.json,Furret,Abilities,,Keen Eye,88.976
2020-09_gen3ou-0.json,Furret,Abilities,,Run Away,11.024
2020-09_gen3ou-0.json,Furret,Items,,Choice Band,86.614
2020-09_gen3ou-0.json,Furret,Items,,Macho Brace,7.874
2020-09_gen3ou-0.json,Furret,Items,,Salac Berry,3.937
2020-09_gen3ou-0.json,Furret,Items,,Other,1.575
2020-09_gen3ou-0.json,Furret,Spreads,,Other,6.299
2020-09_gen3ou-0.json,Furret,Moves,,Shadow Ball,88.976
2020-09_gen3ou-0.json,Furret,Moves,,Brick Break,87.402
2020-09_gen3ou-0.json,Furret,Moves,,Double-Edge,62.205
2020-09_gen3ou-0.json,Furret,Moves,,Trick,51.969
2020-09_gen3ou-0.json,Furret,Moves,,Body Slam,29.921
2020-09_gen3ou-0.json,Furret,Moves,,Assist,24.409
2020-09_gen3ou-0.json,Furret,Moves,,Iron Tail,17.323
2020-09_gen3ou-0.json,Furret,Moves,,Focus Punch,7.087
2020-09_gen3ou-0.json,Furret,Moves,,Dynamic Punch,5.512
2020-09_gen3ou-0.json,Furret,Moves,,Rest,3.15
2020-09_gen3ou-0.json,Furret,Moves,,Attract,3.15
2020-09_gen3ou-0.json,Furret,Moves,,Other,18.898
2020-09_gen3ou-0.json,Qwilfish,Stats,Raw count,,130
2020-09_gen3ou-0.json,Qwilfish,Stats,Avg. weight,,1.0
2020-09_gen3ou-0.json,Qwilfish,Stats,Viability Ceiling,,71
2020-09_gen3ou-0.json,Qwilfish,Stats,Jolly,,50.000
2020-09_gen3ou-0.json,Qwilfish,Stats,Hasty,,20.000
2020-09_gen3ou-0.json,Qwilfish,Stats,Naughty,,13.846
2020-09_gen3ou-0.json,Qwilfish,Stats,Adamant,,3.846
2020-09_gen3ou-0.json,Qwilfish,Stats,Lonely,,2.308
2020-09_gen3ou-0.json,Qwilfish,Abilities,,Poison Point,76.154
2020-09_gen3ou-0.json,Qwilfish,Abilities,,Swift Swim,23.846
2020-09_gen3ou-0.json,Qwilfish,Items,,Leftovers,49.231
2020-09_gen3ou-0.json,Qwilfish,Items,,Salac Berry,23.846
2020-09_gen3ou-0.json,Qwilfish,Items,,Focus Band,18.462
2020-09_gen3ou-0.json,Qwilfish,Items,,Lum Berry,5.385
2020-09_gen3ou-0.json,Qwilfish,Items,,Other,3.077
2020-09_gen3ou-0.json,Qwilfish,Spreads,,Other,7.692
2020-09_gen3ou-0.json,Qwilfish,Moves,,Spikes,91.538
2020-09_gen3ou-0.json,Qwilfish,Moves,,Destiny Bond,70.769
2020-09_gen3ou-0.json,Qwilfish,Moves,,Self-Destruct,66.923
2020-09_gen3ou-0.json,Qwilfish,Moves,,Sludge Bomb,59.231
2020-09_gen3ou-0.json,Qwilfish,Moves,,Substitute,24.615
2020-09_gen3ou-0.json,Qwilfish,Moves,,Thunder Wave,22.308
2020-09_gen3ou-0.json,Qwilfish,Moves,,Endure,19.231
2020-09_gen3ou-0.json,Qwilfish,Moves,,Shadow Ball,16.923
2020-09_gen3ou-0.json,Qwilfish,Moves,,Toxic,9.231
2020-09_gen3ou-0.json,Qwilfish,Moves,,Other,19.231
2020-09_gen3ou-0.json,Crawdaunt,Stats,Raw count,,134
2020-09_gen3ou-0.json,Crawdaunt,Stats,Avg. weight,,1.0
2020-09_gen3ou-0.json,Crawdaunt,Stats,Viability Ceiling,,59
2020-09_gen3ou-0.json,Crawdaunt,Stats,Lonely,,19.403
2020-09_gen3ou-0.json,Crawdaunt,Stats,Naughty,,18.657
2020-09_gen3ou-0.json,Crawdaunt,Stats,Hardy,,4.478
2020-09_gen3ou-0.json,Crawdaunt,Stats,Modest,,8.955
2020-09_gen3ou-0.json,Crawdaunt,Stats,Adamant,,3.731
2020-09_gen3ou-0.json,Crawdaunt,Abilities,,Hyper Cutter,84.328
2020-09_gen3ou-0.json,Crawdaunt,Abilities,,Shell Armor,15.672
2020-09_gen3ou-0.json,Crawdaunt,Items,,Black Belt,27.612
2020-09_gen3ou-0.json,Crawdaunt,Items,,Leftovers,23.134
2020-09_gen3ou-0.json,Crawdaunt,Items,,Bright Powder,11.194
2020-09_gen3ou-0.json,Crawdaunt,Items,,Chesto Berry,8.955
2020-09_gen3ou-0.json,Crawdaunt,Items,,Quick Claw,8.955
2020-09_gen3ou-0.json,Crawdaunt,Items,,Choice Band,7.463
2020-09_gen3ou-0.json,Crawdaunt,Items,,Nothing,4.478
2020-09_gen3ou-0.json,Crawdaunt,Items,,Salac Berry,3.731
2020-09_gen3ou-0.json,Crawdaunt,Items,,Other,4.478
2020-09_gen3ou-0.json,Crawdaunt,Spreads,,Other,30.597
2020-09_gen3ou-0.json,Crawdaunt,Moves,,Brick Break,60.448
2020-09_gen3ou-0.json,Crawdaunt,Moves,,Crabhammer,57.463
2020-09_gen3ou-0.json,Crawdaunt,Moves,,Swords Dance,47.761
2020-09_gen3ou-0.json,Crawdaunt,Moves,,Sludge Bomb,45.522
2020-09_gen3ou-0.json,Crawdaunt,Moves,,Ancient Power,25.373
2020-09_gen3ou-0.json,Crawdaunt,Moves,,Crunch,20.896
2020-09_gen3ou-0.json,Crawdaunt,Moves,,Waterfall,18.657
2020-09_gen3ou-0.json,Crawdaunt,Moves,,Surf,17.91
2020-09_gen3ou-0.json,Crawdaunt,Moves,,Nothing,15.672
2020-09_gen3ou-0.json,Crawdaunt,Moves,,Ice Beam,14.179
2020-09_gen3ou-0.json,Crawdaunt,Moves,,Taunt,13.433
2020-09_gen3ou-0.json,Crawdaunt,Moves,,Rest,8.955
2020-09_gen3ou-0.json,Crawdaunt,Moves,,Aerial Ace,5.97
2020-09_gen3ou-0.json,Crawdaunt,Moves,,Return,5.97
2020-09_gen3ou-0.json,Crawdaunt,Moves,,Body Slam,5.224
2020-09_gen3ou-0.json,Crawdaunt,Moves,,Knock Off,5.224
2020-09_gen3ou-0.json,Crawdaunt,Moves,,Hidden Power Grass,3.731
2020-09_gen3ou-0.json,Crawdaunt,Moves,,Facade,2.985
2020-09_gen3ou-0.json,Crawdaunt,Moves,,Hidden Power Bug,2.985
2020-09_gen3ou-0.json,Crawdaunt,Moves,,Protect,2.985
2020-09_gen3ou-0.json,Crawdaunt,Moves,,Other,18.657
2020-09_gen3ou-0.json,Sharpedo,Stats,Raw count,,125
2020-09_gen3ou-0.json,Sharpedo,Stats,Avg. weight,,1.0
2020-09_gen3ou-0.json,Sharpedo,Stats,Viability Ceiling,,55
2020-09_gen3ou-0.json,Sharpedo,Stats,Hasty,,13.600
2020-09_gen3ou-0.json,Sharpedo,Stats,Modest,,4.800
2020-09_gen3ou-0.json,Sharpedo,Stats,Jolly,,8.800
2020-09_gen3ou-0.json,Sharpedo,Stats,Rash,,8.000
2020-09_gen3ou-0.json,Sharpedo,Abilities,,Rough Skin,100.0
2020-09_gen3ou-0.json,Sharpedo,Items,,Choice Band,16.8
2020-09_gen3ou-0.json,Sharpedo,Items,,Leftovers,14.4
2020-09_gen3ou-0.json,Sharpedo,Items,,Salac Berry,14.4
2020-09_gen3ou-0.json,Sharpedo,Items,,Nothing,12.0
2020-09_gen3ou-0.json,Sharpedo,Items,,Mystic Water,9.6
2020-09_gen3ou-0.json,Sharpedo,Items,,Persim Berry,8.8
2020-09_gen3ou-0.json,Sharpedo,Items,,Black Glasses,6.4
2020-09_gen3ou-0.json,Sharpedo,Items,,Starf Berry,5.6
2020-09_gen3ou-0.json,Sharpedo,Items,,Sea Incense,4.8
2020-09_gen3ou-0.json,Sharpedo,Items,,Lum Berry,1.6
2020-09_gen3ou-0.json,Sharpedo,Items,,Black Belt,1.6
2020-09_gen3ou-0.json,Sharpedo,Items,,Other,4.0
2020-09_gen3ou-0.json,Sharpedo,Spreads,,Other,31.2
2020-09_gen3ou-0.json,Sharpedo,Moves,,Crunch,70.4
2020-09_gen3ou-0.json,Sharpedo,Moves,,Surf,54.4
2020-09_gen3ou-0.json,Sharpedo,Moves,,Ice Beam,53.6
2020-09_gen3ou-0.json,Sharpedo,Moves,,Earthquake,37.6
2020-09_gen3ou-0.json,Sharpedo,Moves,,Hydro Pump,36.8
2020-09_gen3ou-0.json,Sharpedo,Moves,,Blizzard,24.8
2020-09_gen3ou-0.json,Sharpedo,Moves,,Endure,13.6
2020-09_gen3ou-0.json,Sharpedo,Moves,,Waterfall,12.8
2020-09_gen3ou-0.json,Sharpedo,Moves,,Double-Edge,9.6
2020-09_gen3ou-0.json,Sharpedo,Moves,,Thrash,8.8
2020-09_gen3ou-0.json,Sharpedo,Moves,,Hidden Power Bug,8.0
2020-09_gen3ou-0.json,Sharpedo,Moves,,Toxic,7.2
2020-09_gen3ou-0.json,Sharpedo,Moves,,Roar,5.6
2020-09_gen3ou-0.json,Sharpedo,Moves,,Hidden Power Fighting,4.8
2020-09_gen3ou-0.json,Sharpedo,Moves,,Agility,4.8
2020-09_gen3ou-0.json,Sharpedo,Moves,,Taunt,4.8
2020-09_gen3ou-0.json,Sharpedo,Moves,,Hidden Power Fire,4.0
2020-09_gen3ou-0.json,Sharpedo,Moves,,Bite,4.0
2020-09_gen3ou-0.json,Sharpedo,Moves,,Slash,4.0
2020-09_gen3ou-0.json,Sharpedo,Moves,,Fury Cutter,4.0
2020-09_gen3ou-0.json,Sharpedo,Moves,,Sleep Talk,3.2
2020-09_gen3ou-0.json,Sharpedo,Moves,,Swagger,3.2
2020-09_gen3ou-0.json,Sharpedo,Moves,,Other,20.0
2020-09_gen3ou-0.json,Victreebel,Stats,Raw count,,121
2020-09_gen3ou-0.json,Victreebel,Stats,Avg. weight,,1.0
2020-09_gen3ou-0.json,Victreebel,Stats,Viability Ceiling,,63
2020-09_gen3ou-0.json,Victreebel,Stats,Naughty,,27.273
2020-09_gen3ou-0.json,Victreebel,Stats,Rash,,8.264
2020-09_gen3ou-0.json,Victreebel,Stats,Serious,,7.438
2020-09_gen3ou-0.json,Victreebel,Stats,Quiet,,7.438
2020-09_gen3ou-0.json,Victreebel,Stats,Lonely,,4.959
2020-09_gen3ou-0.json,Victreebel,Stats,Calm,,4.132
2020-09_gen3ou-0.json,Victreebel,Abilities,,Chlorophyll,100.0
2020-09_gen3ou-0.json,Victreebel,Items,,Leftovers,46.281
2020-09_gen3ou-0.json,Victreebel,Items,,Scope Lens,27.273
2020-09_gen3ou-0.json,Victreebel,Items,,Miracle Seed,12.397
2020-09_gen3ou-0.json,Victreebel,Items,,Nothing,8.264
2020-09_gen3ou-0.json,Victreebel,Items,,Lum Berry,2.479
2020-09_gen3ou-0.json,Victreebel,Items,,Other,3.306
2020-09_gen3ou-0.json,Victreebel,Spreads,,Other,40.496
2020-09_gen3ou-0.json,Victreebel,Moves,,Sludge Bomb,78.512
2020-09_gen3ou-0.json,Victreebel,Moves,,Giga Drain,38.017
2020-09_gen3ou-0.json,Victreebel,Moves,,Swords Dance,35.537
2020-09_gen3ou-0.json,Victreebel,Moves,,Razor Leaf,34.711
2020-09_gen3ou-0.json,Victreebel,Moves,,Sunny Day,30.579
2020-09_gen3ou-0.json,Victreebel,Moves,,Solar Beam,29.752
2020-09_gen3ou-0.json,Victreebel,Moves,,Hidden Power Water,27.273
2020-09_gen3ou-0.json,Victreebel,Moves,,Sleep Powder,27.273
2020-09_gen3ou-0.json,Victreebel,Moves,,Toxic,14.876
2020-09_gen3ou-0.json,Victreebel,Moves,,Synthesis,9.917
2020-09_gen3ou-0.json,Victreebel,Moves,,Return,9.917
2020-09_gen3ou-0.json,Victreebel,Moves,,Leech Life,8.264
2020-09_gen3ou-0.json,Victreebel,Moves,,Magical Leaf,8.264
2020-09_gen3ou-0.json,Victreebel,Moves,,Hidden Power Fire,6.612
2020-09_gen3ou-0.json,Victreebel,Moves,,Bullet Seed,6.612
2020-09_gen3ou-0.json,Victreebel,Moves,,Ingrain,5.785
2020-09_gen3ou-0.json,Victreebel,Moves,,Vine Whip,4.959
2020-09_gen3ou-0.json,Victreebel,Moves,,Teeter Dance,3.306
2020-09_gen3ou-0.json,Victreebel,Moves,,Other,19.835
2020-09_gen3ou-0.json,Castform,Stats,Raw count,,112
2020-09_gen3ou-0.json,Castform,Stats,Avg. weight,,1.0
2020-09_gen3ou-0.json,Castform,Stats,Viability Ceiling,,57
2020-09_gen3ou-0.json,Castform,Stats,Modest,,20.536
2020-09_gen3ou-0.json,Castform,Stats,Timid,,5.357
2020-09_gen3ou-0.json,Castform,Stats,Hardy,,2.679
2020-09_gen3ou-0.json,Castform,Abilities,,Forecast,100.0
2020-09_gen3ou-0.json,Castform,Items,,Lum Berry,49.107
2020-09_gen3ou-0.json,Castform,Items,,Leftovers,33.929
2020-09_gen3ou-0.json,Castform,Items,,Never-Melt Ice,4.464
2020-09_gen3ou-0.json,Castform,Items,,Sitrus Berry,3.571
2020-09_gen3ou-0.json,Castform,Items,,Salac Berry,3.571
2020-09_gen3ou-0.json,Castform,Items,,Chesto Berry,2.679
2020-09_gen3ou-0.json,Castform,Items,,Other,2.679
2020-09_gen3ou-0.json,Castform,Spreads,,Other,16.071
2020-09_gen3ou-0.json,Castform,Moves,,Weather Ball,75.893
2020-09_gen3ou-0.json,Castform,Moves,,Ice Beam,72.321
2020-09_gen3ou-0.json,Castform,Moves,,Sunny Day,61.607
2020-09_gen3ou-0.json,Castform,Moves,,Solar Beam,46.429
2020-09_gen3ou-0.json,Castform,Moves,,Rain Dance,25.0
2020-09_gen3ou-0.json,Castform,Moves,,Thunderbolt,16.964
2020-09_gen3ou-0.json,Castform,Moves,,Flamethrower,16.071
2020-09_gen3ou-0.json,Castform,Moves,,Thunder,15.179
2020-09_gen3ou-0.json,Castform,Moves,,Thunder Wave,15.179
2020-09_gen3ou-0.json,Castform,Moves,,Hail,12.5
2020-09_gen3ou-0.json,Castform,Moves,,Blizzard,10.714
2020-09_gen3ou-0.json,Castform,Moves,,Fire Blast,8.036
2020-09_gen3ou-0.json,Castform,Moves,,Icy Wind,4.464
2020-09_gen3ou-0.json,Castform,Moves,,Other,19.643
2020-09_gen3ou-0.json,Minun,Stats,Raw count,,116
2020-09_gen3ou-0.json,Minun,Stats,Avg. weight,,1.0
2020-09_gen3ou-0.json,Minun,Stats,Viability Ceiling,,53
2020-09_gen3ou-0.json,Minun,Stats,Calm,,6.034
2020-09_gen3ou-0.json,Minun,Stats,Timid,,0.862
2020-09_gen3ou-0.json,Minun,Stats,Hardy,,1.724
2020-09_gen3ou-0.json,Minun,Abilities,,Minus,100.0
2020-09_gen3ou-0.json,Minun,Items,,Leftovers,45.69
2020-09_gen3ou-0.json,Minun,Items,,Salac Berry,37.069
2020-09_gen3ou-0.json,Minun,Items,,Quick Claw,12.069
2020-09_gen3ou-0.json,Minun,Items,,Magnet,1.724
2020-09_gen3ou-0.json,Minun,Items,,Other,3.448
2020-09_gen3ou-0.json,Minun,Spreads,,Other,6.897
2020-09_gen3ou-0.json,Minun,Moves,,Baton Pass,78.448
2020-09_gen3ou-0.json,Minun,Moves,,Agility,77.586
2020-09_gen3ou-0.json,Minun,Moves,,Thunderbolt,59.483
2020-09_gen3ou-0.json,Minun,Moves,,Toxic,47.414
2020-09_gen3ou-0.json,Minun,Moves,,Wish,43.103
2020-09_gen3ou-0.json,Minun,Moves,,Thunder Wave,37.931
2020-09_gen3ou-0.json,Minun,Moves,,Thunder Punch,12.931
2020-09_gen3ou-0.json,Minun,Moves,,Hidden Power Dragon,11.207
2020-09_gen3ou-0.json,Minun,Moves,,Encore,5.172
2020-09_gen3ou-0.json,Minun,Moves,,Light Screen,3.448
2020-09_gen3ou-0.json,Minun,Moves,,Protect,3.448
2020-09_gen3ou-0.json,Minun,Moves,,Other,19.828
2020-09_gen3ou-0.json,Primeape,Stats,Raw count,,114
2020-09_gen3ou-0.json,Primeape,Stats,Avg. weight,,1.0
2020-09_gen3ou-0.json,Primeape,Stats,Viability Ceiling,,58
2020-09_gen3ou-0.json,Primeape,Stats,Jolly,,18.421
2020-09_gen3ou-0.json,Primeape,Stats,Impish,,6.140
2020-09_gen3ou-0.json,Primeape,Stats,Hardy,,3.509
2020-09_gen3ou-0.json,Primeape,Stats,Modest,,2.632
2020-09_gen3ou-0.json,Primeape,Abilities,,Vital Spirit,100.0
2020-09_gen3ou-0.json,Primeape,Items,,Leftovers,63.158
2020-09_gen3ou-0.json,Primeape,Items,,Salac Berry,10.526
2020-09_gen3ou-0.json,Primeape,Items,,Choice Band,7.895
2020-09_gen3ou-0.json,Primeape,Items,,Nothing,5.263
2020-09_gen3ou-0.json,Primeape,Items,,Grepa Berry,3.509
2020-09_gen3ou-0.json,Primeape,Items,,Black Belt,3.509
2020-09_gen3ou-0.json,Primeape,Items,,Hard Stone,2.632
2020-09_gen3ou-0.json,Primeape,Items,,Other,3.509
2020-09_gen3ou-0.json,Primeape,Spreads,,Other,12.281
2020-09_gen3ou-0.json,Primeape,Moves,,Brick Break,77.193
2020-09_gen3ou-0.json,Primeape,Moves,,Earthquake,76.316
2020-09_gen3ou-0.json,Primeape,Moves,,Hidden Power Rock,55.263
2020-09_gen3ou-0.json,Primeape,Moves,,Aerial Ace,34.211
2020-09_gen3ou-0.json,Primeape,Moves,,Rock Slide,28.947
2020-09_gen3ou-0.json,Primeape,Moves,,Facade,22.807
2020-09_gen3ou-0.json,Primeape,Moves,,Cross Chop,14.912
2020-09_gen3ou-0.json,Primeape,Moves,,Reversal,8.772
2020-09_gen3ou-0.json,Primeape,Moves,,Endure,8.772
2020-09_gen3ou-0.json,Primeape,Moves,,Taunt,7.895
2020-09_gen3ou-0.json,Primeape,Moves,,Mega Punch,7.018
2020-09_gen3ou-0.json,Primeape,Moves,,Hidden Power Ghost,6.14
2020-09_gen3ou-0.json,Primeape,Moves,,Strength,5.263
2020-09_gen3ou-0.json,Primeape,Moves,,Bulk Up,4.386
2020-09_gen3ou-0.json,Primeape,Moves,,Psych Up,4.386
2020-09_gen3ou-0.json,Primeape,Moves,,Dig,4.386
2020-09_gen3ou-0.json,Primeape,Moves,,Overheat,3.509
2020-09_gen3ou-0.json,Primeape,Moves,,Body Slam,3.509
2020-09_gen3ou-0.json,Primeape,Moves,,Karate Chop,3.509
2020-09_gen3ou-0.json,Primeape,Moves,,Counter,2.632
2020-09_gen3ou-0.json,Primeape,Moves,,Hidden Power Dark,2.632
2020-09_gen3ou-0.json,Primeape,Moves,,Other,17.544
2020-09_gen3ou-0.json,Mawile,Stats,Raw count,,112
2020-09_gen3ou-0.json,Mawile,Stats,Avg. weight,,1.0
2020-09_gen3ou-0.json,Mawile,Stats,Viability Ceiling,,74
2020-09_gen3ou-0.json,Mawile,Stats,Jolly,,4.464
2020-09_gen3ou-0.json,Mawile,Stats,Careful,,18.750
2020-09_gen3ou-0.json,Mawile,Stats,Docile,,10.714
2020-09_gen3ou-0.json,Mawile,Stats,Quiet,,8.036
2020-09_gen3ou-0.json,Mawile,Stats,Adamant,,5.357
2020-09_gen3ou-0.json,Mawile,Abilities,,Intimidate,78.571
2020-09_gen3ou-0.json,Mawile,Abilities,,Hyper Cutter,21.429
2020-09_gen3ou-0.json,Mawile,Items,,Leftovers,75.893
2020-09_gen3ou-0.json,Mawile,Items,,Sitrus Berry,10.714
2020-09_gen3ou-0.json,Mawile,Items,,Metal Coat,4.464
2020-09_gen3ou-0.json,Mawile,Items,,Aguav Berry,2.679
2020-09_gen3ou-0.json,Mawile,Items,,Black Glasses,1.786
2020-09_gen3ou-0.json,Mawile,Items,,Other,4.464
2020-09_gen3ou-0.json,Mawile,Spreads,,Other,33.929
2020-09_gen3ou-0.json,Mawile,Moves,,Baton Pass,73.214
2020-09_gen3ou-0.json,Mawile,Moves,,Swords Dance,63.393
2020-09_gen3ou-0.json,Mawile,Moves,,Substitute,58.929
2020-09_gen3ou-0.json,Mawile,Moves,,Taunt,38.393
2020-09_gen3ou-0.json,Mawile,Moves,,Hidden Power Steel,20.536
2020-09_gen3ou-0.json,Mawile,Moves,,Ancient Power,13.393
2020-09_gen3ou-0.json,Mawile,Moves,,Focus Punch,12.5
2020-09_gen3ou-0.json,Mawile,Moves,,Return,12.5
2020-09_gen3ou-0.json,Mawile,Moves,,Rock Slide,11.607
2020-09_gen3ou-0.json,Mawile,Moves,,Strength,10.714
2020-09_gen3ou-0.json,Mawile,Moves,,Flamethrower,10.714
2020-09_gen3ou-0.json,Mawile,Moves,,Crunch,10.714
2020-09_gen3ou-0.json,Mawile,Moves,,Rock Tomb,10.714
2020-09_gen3ou-0.json,Mawile,Moves,,Brick Break,8.929
2020-09_gen3ou-0.json,Mawile,Moves,,Iron Defense,8.036
2020-09_gen3ou-0.json,Mawile,Moves,,Bite,3.571
2020-09_gen3ou-0.json,Mawile,Moves,,Vise Grip,3.571
2020-09_gen3ou-0.json,Mawile,Moves,,Body Slam,3.571
2020-09_gen3ou-0.json,Mawile,Moves,,Stockpile,3.571
2020-09_gen3ou-0.json,Mawile,Moves,,Nothing,2.679
2020-09_gen3ou-0.json,Mawile,Moves,,Other,18.75
2020-09_gen3ou-0.json,Grumpig,Stats,Raw count,,112
2020-09_gen3ou-0.json,Grumpig,Stats,Avg. weight,,1.0
2020-09_gen3ou-0.json,Grumpig,Stats,Viability Ceiling,,52
2020-09_gen3ou-0.json,Grumpig,Stats,Bold,,40.179
2020-09_gen3ou-0.json,Grumpig,Stats,Hasty,,17.857
2020-09_gen3ou-0.json,Grumpig,Stats,Timid,,6.250
2020-09_gen3ou-0.json,Grumpig,Stats,Lax,,6.250
2020-09_gen3ou-0.json,Grumpig,Stats,Hardy,,5.357
2020-09_gen3ou-0.json,Grumpig,Abilities,,Thick Fat,91.071
2020-09_gen3ou-0.json,Grumpig,Abilities,,Own Tempo,8.929
2020-09_gen3ou-0.json,Grumpig,Items,,Choice Band,41.964
2020-09_gen3ou-0.json,Grumpig,Items,,Macho Brace,27.679
2020-09_gen3ou-0.json,Grumpig,Items,,Leftovers,25.0
2020-09_gen3ou-0.json,Grumpig,Items,,Nothing,2.679
2020-09_gen3ou-0.json,Grumpig,Items,,Other,2.679
2020-09_gen3ou-0.json,Grumpig,Spreads,,Other,10.714
2020-09_gen3ou-0.json,Grumpig,Moves,,Calm Mind,82.143
2020-09_gen3ou-0.json,Grumpig,Moves,,Trick,71.429
2020-09_gen3ou-0.json,Grumpig,Moves,,Psychic,53.571
2020-09_gen3ou-0.json,Grumpig,Moves,,Counter,46.429
2020-09_gen3ou-0.json,Grumpig,Moves,,Fire Punch,35.714
2020-09_gen3ou-0.json,Grumpig,Moves,,Extrasensory,28.571
2020-09_gen3ou-0.json,Grumpig,Moves,,Thunder Punch,25.0
2020-09_gen3ou-0.json,Grumpig,Moves,,Ice Punch,22.321
2020-09_gen3ou-0.json,Grumpig,Moves,,Psych Up,9.821
2020-09_gen3ou-0.json,Grumpig,Moves,,Hidden Power Dark,7.143
2020-09_gen3ou-0.json,Grumpig,Moves,,Other,17.857
2020-09_gen3ou-0.json,Togetic,Stats,Raw count,,106
2020-09_gen3ou-0.json,Togetic,Stats,Avg. weight,,1.0
2020-09_gen3ou-0.json,Togetic,Stats,Viability Ceiling,,55
2020-09_gen3ou-0.json,Togetic,Stats,Hardy,,33.962
2020-09_gen3ou-0.json,Togetic,Stats,Careful,,25.472
2020-09_gen3ou-0.json,Togetic,Stats,Naughty,,6.604
2020-09_gen3ou-0.json,Togetic,Stats,Calm,,6.604
2020-09_gen3ou-0.json,Togetic,Stats,Modest,,3.774
2020-09_gen3ou-0.json,Togetic,Stats,Sassy,,3.774
2020-09_gen3ou-0.json,Togetic,Abilities,,Serene Grace,86.792
2020-09_gen3ou-0.json,Togetic,Abilities,,Hustle,13.208
2020-09_gen3ou-0.json,Togetic,Items,,Leftovers,59.434
2020-09_gen3ou-0.json,Togetic,Items,,Bright Powder,25.472
2020-09_gen3ou-0.json,Togetic,Items,,Choice Band,7.547
2020-09_gen3ou-0.json,Togetic,Items,,Scope Lens,3.774
2020-09_gen3ou-0.json,Togetic,Items,,Other,3.774
2020-09_gen3ou-0.json,Togetic,Spreads,,Other,19.811
2020-09_gen3ou-0.json,Togetic,Moves,,Ancient Power,80.189
2020-09_gen3ou-0.json,Togetic,Moves,,Baton Pass,72.642
2020-09_gen3ou-0.json,Togetic,Moves,,Fire Blast,37.736
2020-09_gen3ou-0.json,Togetic,Moves,,Tri Attack,33.962
2020-09_gen3ou-0.json,Togetic,Moves,,Substitute,28.302
2020-09_gen3ou-0.json,Togetic,Moves,,Thunder Wave,28.302
2020-09_gen3ou-0.json,Togetic,Moves,,Soft-Boiled,16.038
2020-09_gen3ou-0.json,Togetic,Moves,,Toxic,10.377
2020-09_gen3ou-0.json,Togetic,Moves,,Double-Edge,9.434
2020-09_gen3ou-0.json,Togetic,Moves,,Shadow Ball,8.491
2020-09_gen3ou-0.json,Togetic,Moves,,Reflect,7.547
2020-09_gen3ou-0.json,Togetic,Moves,,Wish,7.547
2020-09_gen3ou-0.json,Togetic,Moves,,Aerial Ace,6.604
2020-09_gen3ou-0.json,Togetic,Moves,,Sky Attack,6.604
2020-09_gen3ou-0.json,Togetic,Moves,,Psychic,4.717
2020-09_gen3ou-0.json,Togetic,Moves,,Protect,4.717
2020-09_gen3ou-0.json,Togetic,Moves,,Metronome,4.717
2020-09_gen3ou-0.json,Togetic,Moves,,Brick Break,4.717
2020-09_gen3ou-0.json,Togetic,Moves,,Hidden Power Flying,3.774
2020-09_gen3ou-0.json,Togetic,Moves,,Hyper Beam,3.774
2020-09_gen3ou-0.json,Togetic,Moves,,Other,19.811
2020-09_gen3ou-0.json,Tropius,Stats,Raw count,,102
2020-09_gen3ou-0.json,Tropius,Stats,Avg. weight,,1.0
2020-09_gen3ou-0.json,Tropius,Stats,Viability Ceiling,,54
2020-09_gen3ou-0.json,Tropius,Stats,Gentle,,15.686
2020-09_gen3ou-0.json,Tropius,Stats,Bold,,12.745
2020-09_gen3ou-0.json,Tropius,Stats,Lonely,,10.784
2020-09_gen3ou-0.json,Tropius,Stats,Hardy,,6.863
2020-09_gen3ou-0.json,Tropius,Stats,Timid,,6.863
2020-09_gen3ou-0.json,Tropius,Stats,Calm,,4.902
2020-09_gen3ou-0.json,Tropius,Abilities,,Chlorophyll,100.0
2020-09_gen3ou-0.json,Tropius,Items,,Leftovers,57.843
2020-09_gen3ou-0.json,Tropius,Items,,Nothing,17.647
2020-09_gen3ou-0.json,Tropius,Items,,Shell Bell,7.843
2020-09_gen3ou-0.json,Tropius,Items,,Miracle Seed,5.882
2020-09_gen3ou-0.json,Tropius,Items,,Dragon Fang,3.922
2020-09_gen3ou-0.json,Tropius,Items,,Sharp Beak,3.922
2020-09_gen3ou-0.json,Tropius,Items,,Other,2.941
2020-09_gen3ou-0.json,Tropius,Spreads,,Other,42.157
2020-09_gen3ou-0.json,Tropius,Moves,,Solar Beam,54.902
2020-09_gen3ou-0.json,Tropius,Moves,,Giga Drain,53.922
2020-09_gen3ou-0.json,Tropius,Moves,,Leech Seed,40.196
2020-09_gen3ou-0.json,Tropius,Moves,,Aerial Ace,38.235
2020-09_gen3ou-0.json,Tropius,Moves,,Toxic,36.275
2020-09_gen3ou-0.json,Tropius,Moves,,Sunny Day,35.294
2020-09_gen3ou-0.json,Tropius,Moves,,Substitute,16.667
2020-09_gen3ou-0.json,Tropius,Moves,,Earthquake,16.667
2020-09_gen3ou-0.json,Tropius,Moves,,Hidden Power Fire,15.686
2020-09_gen3ou-0.json,Tropius,Moves,,Synthesis,14.706
2020-09_gen3ou-0.json,Tropius,Moves,,Fly,8.824
2020-09_gen3ou-0.json,Tropius,Moves,,Bullet Seed,8.824
2020-09_gen3ou-0.json,Tropius,Moves,,Swords Dance,7.843
2020-09_gen3ou-0.json,Tropius,Moves,,Hidden Power Flying,7.843
2020-09_gen3ou-0.json,Tropius,Moves,,Whirlwind,6.863
2020-09_gen3ou-0.json,Tropius,Moves,,Hidden Power Fighting,5.882
2020-09_gen3ou-0.json,Tropius,Moves,,Nothing,3.922
2020-09_gen3ou-0.json,Tropius,Moves,,Hidden Power Dragon,3.922
2020-09_gen3ou-0.json,Tropius,Moves,,Rest,3.922
2020-09_gen3ou-0.json,Tropius,Moves,,Other,19.608
2020-09_gen3ou-0.json,Trapinch,Stats,Raw count,,102
2020-09_gen3ou-0.json,Trapinch,Stats,Avg. weight,,1.0
2020-09_gen3ou-0.json,Trapinch,Stats,Viability Ceiling,,72
2020-09_gen3ou-0.json,Trapinch,Stats,Adamant,,16.667
2020-09_gen3ou-0.json,Trapinch,Abilities,,Arena Trap,99.02
2020-09_gen3ou-0.json,Trapinch,Abilities,,Hyper Cutter,0.98
2020-09_gen3ou-0.json,Trapinch,Items,,Choice Band,97.059
2020-09_gen3ou-0.json,Trapinch,Items,,Other,2.941
2020-09_gen3ou-0.json,Trapinch,Spreads,,Other,4.902
2020-09_gen3ou-0.json,Trapinch,Moves,,Hidden Power Bug,99.02
2020-09_gen3ou-0.json,Trapinch,Moves,,Earthquake,99.02
2020-09_gen3ou-0.json,Trapinch,Moves,,Quick Attack,97.059
2020-09_gen3ou-0.json,Trapinch,Moves,,Rock Slide,78.431
2020-09_gen3ou-0.json,Trapinch,Moves,,Sunny Day,20.588
2020-09_gen3ou-0.json,Trapinch,Moves,,Other,5.882
2020-09_gen3ou-0.json,Sneasel,Stats,Raw count,,101
2020-09_gen3ou-0.json,Sneasel,Stats,Avg. weight,,1.0
2020-09_gen3ou-0.json,Sneasel,Stats,Viability Ceiling,,57
2020-09_gen3ou-0.json,Sneasel,Stats,Hardy,,14.851
2020-09_gen3ou-0.json,Sneasel,Stats,Jolly,,10.891
2020-09_gen3ou-0.json,Sneasel,Stats,Modest,,7.921
2020-09_gen3ou-0.json,Sneasel,Stats,Hasty,,6.931
2020-09_gen3ou-0.json,Sneasel,Abilities,,Inner Focus,96.04
2020-09_gen3ou-0.json,Sneasel,Abilities,,Keen Eye,3.96
2020-09_gen3ou-0.json,Sneasel,Items,,Leftovers,46.535
2020-09_gen3ou-0.json,Sneasel,Items,,Never-Melt Ice,12.871
2020-09_gen3ou-0.json,Sneasel,Items,,Choice Band,10.891
2020-09_gen3ou-0.json,Sneasel,Items,,Salac Berry,7.921
2020-09_gen3ou-0.json,Sneasel,Items,,Black Glasses,4.95
2020-09_gen3ou-0.json,Sneasel,Items,,Focus Band,3.96
2020-09_gen3ou-0.json,Sneasel,Items,,Nothing,3.96
2020-09_gen3ou-0.json,Sneasel,Items,,Scope Lens,2.97
2020-09_gen3ou-0.json,Sneasel,Items,,Lum Berry,2.97
2020-09_gen3ou-0.json,Sneasel,Items,,Other,2.97
2020-09_gen3ou-0.json,Sneasel,Spreads,,Other,27.723
2020-09_gen3ou-0.json,Sneasel,Moves,,Brick Break,69.307
2020-09_gen3ou-0.json,Sneasel,Moves,,Shadow Ball,56.436
2020-09_gen3ou-0.json,Sneasel,Moves,,Ice Beam,52.475
2020-09_gen3ou-0.json,Sneasel,Moves,,Bite,45.545
2020-09_gen3ou-0.json,Sneasel,Moves,,Agility,39.604
2020-09_gen3ou-0.json,Sneasel,Moves,,Swords Dance,20.792
2020-09_gen3ou-0.json,Sneasel,Moves,,Quick Attack,17.822
2020-09_gen3ou-0.json,Sneasel,Moves,,Calm Mind,16.832
2020-09_gen3ou-0.json,Sneasel,Moves,,Blizzard,10.891
2020-09_gen3ou-0.json,Sneasel,Moves,,Fake Out,8.911
2020-09_gen3ou-0.json,Sneasel,Moves,,Endure,8.911
2020-09_gen3ou-0.json,Sneasel,Moves,,Toxic,5.941
2020-09_gen3ou-0.json,Sneasel,Moves,,Beat Up,4.95
2020-09_gen3ou-0.json,Sneasel,Moves,,Taunt,4.95
2020-09_gen3ou-0.json,Sneasel,Moves,,Double-Edge,4.95
2020-09_gen3ou-0.json,Sneasel,Moves,,Crush Claw,3.96
2020-09_gen3ou-0.json,Sneasel,Moves,,Surf,3.96
2020-09_gen3ou-0.json,Sneasel,Moves,,Ice Punch,3.96
2020-09_gen3ou-0.json,Sneasel,Moves,,Other,19.802
2020-09_gen3ou-0.json,Rattata,Stats,Raw count,,100
2020-09_gen3ou-0.json,Rattata,Stats,Avg. weight,,1.0
2020-09_gen3ou-0.json,Rattata,Stats,Viability Ceiling,,54
2020-09_gen3ou-0.json,Rattata,Stats,Jolly,,33.000
2020-09_gen3ou-0.json,Rattata,Stats,Naive,,4.000
2020-09_gen3ou-0.json,Rattata,Stats,Naughty,,7.000
2020-09_gen3ou-0.json,Rattata,Stats,Lonely,,6.000
2020-09_gen3ou-0.json,Rattata,Abilities,,Guts,55.0
2020-09_gen3ou-0.json,Rattata,Abilities,,Run Away,45.0
2020-09_gen3ou-0.json,Rattata,Items,,Shell Bell,33.0
2020-09_gen3ou-0.json,Rattata,Items,,Focus Band,25.0
2020-09_gen3ou-0.json,Rattata,Items,,Nothing,19.0
2020-09_gen3ou-0.json,Rattata,Items,,Leftovers,11.0
2020-09_gen3ou-0.json,Rattata,Items,,Silk Scarf,6.0
2020-09_gen3ou-0.json,Rattata,Items,,Salac Berry,4.0
2020-09_gen3ou-0.json,Rattata,Items,,Other,2.0
2020-09_gen3ou-0.json,Rattata,Spreads,,Other,10.0
2020-09_gen3ou-0.json,Rattata,Moves,,Quick Attack,60.0
2020-09_gen3ou-0.json,Rattata,Moves,,Rock Smash,44.0
2020-09_gen3ou-0.json,Rattata,Moves,,Cut,44.0
2020-09_gen3ou-0.json,Rattata,Moves,,Return,39.0
2020-09_gen3ou-0.json,Rattata,Moves,,Facade,35.0
2020-09_gen3ou-0.json,Rattata,Moves,,Taunt,33.0
2020-09_gen3ou-0.json,Rattata,Moves,,Shadow Ball,33.0
2020-09_gen3ou-0.json,Rattata,Moves,,Endeavor,31.0
2020-09_gen3ou-0.json,Rattata,Moves,,Hyper Fang,29.0
2020-09_gen3ou-0.json,Rattata,Moves,,Substitute,10.0
2020-09_gen3ou-0.json,Rattata,Moves,,Super Fang,10.0
2020-09_gen3ou-0.json,Rattata,Moves,,Protect,7.0
2020-09_gen3ou-0.json,Rattata,Moves,,Hidden Power Flying,7.0
2020-09_gen3ou-0.json,Rattata,Moves,,Other,18.0
2020-09_gen3ou-0.json,Magmar,Stats,Raw count,,97
2020-09_gen3ou-0.json,Magmar,Stats,Avg. weight,,1.0
2020-09_gen3ou-0.json,Magmar,Stats,Viability Ceiling,,60
2020-09_gen3ou-0.json,Magmar,Stats,Hasty,,8.247
2020-09_gen3ou-0.json,Magmar,Stats,Timid,,15.464
2020-09_gen3ou-0.json,Magmar,Stats,Modest,,4.124
2020-09_gen3ou-0.json,Magmar,Stats,Rash,,4.124
2020-09_gen3ou-0.json,Magmar,Abilities,,Flame Body,100.0
2020-09_gen3ou-0.json,Magmar,Items,,Leftovers,62.887
2020-09_gen3ou-0.json,Magmar,Items,,Scope Lens,13.402
2020-09_gen3ou-0.json,Magmar,Items,,Charcoal,10.309
2020-09_gen3ou-0.json,Magmar,Items,,Choice Band,5.155
2020-09_gen3ou-0.json,Magmar,Items,,Magnet,3.093
2020-09_gen3ou-0.json,Magmar,Items,,Lum Berry,2.062
2020-09_gen3ou-0.json,Magmar,Items,,Other,3.093
2020-09_gen3ou-0.json,Magmar,Spreads,,Other,28.866
2020-09_gen3ou-0.json,Magmar,Moves,,Thunder Punch,81.443
2020-09_gen3ou-0.json,Magmar,Moves,,Flamethrower,77.32
2020-09_gen3ou-0.json,Magmar,Moves,,Cross Chop,53.608
2020-09_gen3ou-0.json,Magmar,Moves,,Substitute,35.052
2020-09_gen3ou-0.json,Magmar,Moves,,Psychic,32.99
2020-09_gen3ou-0.json,Magmar,Moves,,Hidden Power Grass,23.711
2020-09_gen3ou-0.json,Magmar,Moves,,Fire Blast,23.711
2020-09_gen3ou-0.json,Magmar,Moves,,Hidden Power Ice,13.402
2020-09_gen3ou-0.json,Magmar,Moves,,Body Slam,10.309
2020-09_gen3ou-0.json,Magmar,Moves,,Confuse Ray,8.247
2020-09_gen3ou-0.json,Magmar,Moves,,Brick Break,8.247
2020-09_gen3ou-0.json,Magmar,Moves,,Sunny Day,7.216
2020-09_gen3ou-0.json,Magmar,Moves,,Fire Punch,6.186
2020-09_gen3ou-0.json,Magmar,Moves,,Other,18.557
2020-09_gen3ou-0.json,Shuckle,Stats,Raw count,,97
2020-09_gen3ou-0.json,Shuckle,Stats,Avg. weight,,1.0
2020-09_gen3ou-0.json,Shuckle,Stats,Viability Ceiling,,60
2020-09_gen3ou-0.json,Shuckle,Stats,Impish,,7.216
2020-09_gen3ou-0.json,Shuckle,Stats,Careful,,7.216
2020-09_gen3ou-0.json,Shuckle,Stats,Adamant,,7.216
2020-09_gen3ou-0.json,Shuckle,Abilities,,Sturdy,100.0
2020-09_gen3ou-0.json,Shuckle,Items,,Leftovers,83.505
2020-09_gen3ou-0.json,Shuckle,Items,,Chesto Berry,9.278
2020-09_gen3ou-0.json,Shuckle,Items,,Lum Berry,5.155
2020-09_gen3ou-0.json,Shuckle,Items,,Other,2.062
2020-09_gen3ou-0.json,Shuckle,Spreads,,Other,43.299
2020-09_gen3ou-0.json,Shuckle,Moves,,Toxic,97.938
2020-09_gen3ou-0.json,Shuckle,Moves,,Rest,63.918
2020-09_gen3ou-0.json,Shuckle,Moves,,Protect,51.546
2020-09_gen3ou-0.json,Shuckle,Moves,,Rollout,27.835
2020-09_gen3ou-0.json,Shuckle,Moves,,Wrap,22.68
2020-09_gen3ou-0.json,Shuckle,Moves,,Defense Curl,22.68
2020-09_gen3ou-0.json,Shuckle,Moves,,Encore,21.649
2020-09_gen3ou-0.json,Shuckle,Moves,,Substitute,15.464
2020-09_gen3ou-0.json,Shuckle,Moves,,Sleep Talk,13.402
2020-09_gen3ou-0.json,Shuckle,Moves,,Sandstorm,13.402
2020-09_gen3ou-0.json,Shuckle,Moves,,Earthquake,11.34
2020-09_gen3ou-0.json,Shuckle,Moves,,Bide,6.186
2020-09_gen3ou-0.json,Shuckle,Moves,,Flash,5.155
2020-09_gen3ou-0.json,Shuckle,Moves,,Hidden Power Bug,5.155
2020-09_gen3ou-0.json,Shuckle,Moves,,Withdraw,5.155
2020-09_gen3ou-0.json,Shuckle,Moves,,Other,16.495
2020-09_gen3ou-0.json,Metang,Stats,Raw count,,94
2020-09_gen3ou-0.json,Metang,Stats,Avg. weight,,1.0
2020-09_gen3ou-0.json,Metang,Stats,Viability Ceiling,,74
2020-09_gen3ou-0.json,Metang,Stats,Adamant,,6.383
2020-09_gen3ou-0.json,Metang,Stats,Impish,,1.064
2020-09_gen3ou-0.json,Metang,Stats,Hardy,,3.191
2020-09_gen3ou-0.json,Metang,Stats,Careful,,3.191
2020-09_gen3ou-0.json,Metang,Abilities,,Clear Body,100.0
2020-09_gen3ou-0.json,Metang,Items,,Lum Berry,78.723
2020-09_gen3ou-0.json,Metang,Items,,Leftovers,9.574
2020-09_gen3ou-0.json,Metang,Items,,Choice Band,7.447
2020-09_gen3ou-0.json,Metang,Items,,Other,4.255
2020-09_gen3ou-0.json,Metang,Spreads,,Other,4.255
2020-09_gen3ou-0.json,Metang,Moves,,Meteor Mash,96.809
2020-09_gen3ou-0.json,Metang,Moves,,Explosion,93.617
2020-09_gen3ou-0.json,Metang,Moves,,Earthquake,90.426
2020-09_gen3ou-0.json,Metang,Moves,,Agility,79.787
2020-09_gen3ou-0.json,Metang,Moves,,Hidden Power Bug,6.383
2020-09_gen3ou-0.json,Metang,Moves,,Brick Break,4.255
2020-09_gen3ou-0.json,Metang,Moves,,Toxic,4.255
2020-09_gen3ou-0.json,Metang,Moves,,Light Screen,4.255
2020-09_gen3ou-0.json,Metang,Moves,,Double-Edge,3.191
2020-09_gen3ou-0.json,Metang,Moves,,Other,17.021
2020-09_gen3ou-0.json,Azumarill,Stats,Raw count,,95
2020-09_gen3ou-0.json,Azumarill,Stats,Avg. weight,,1.0
2020-09_gen3ou-0.json,Azumarill,Stats,Viability Ceiling,,64
2020-09_gen3ou-0.json,Azumarill,Stats,Modest,,28.421
2020-09_gen3ou-0.json,Azumarill,Stats,Adamant,,14.737
2020-09_gen3ou-0.json,Azumarill,Stats,Jolly,,7.368
2020-09_gen3ou-0.json,Azumarill,Stats,Hardy,,6.316
2020-09_gen3ou-0.json,Azumarill,Stats,Careful,,4.211
2020-09_gen3ou-0.json,Azumarill,Abilities,,Huge Power,89.474
2020-09_gen3ou-0.json,Azumarill,Abilities,,Thick Fat,10.526
2020-09_gen3ou-0.json,Azumarill,Items,,Leftovers,31.579
2020-09_gen3ou-0.json,Azumarill,Items,,Lum Berry,29.474
2020-09_gen3ou-0.json,Azumarill,Items,,Salac Berry,14.737
2020-09_gen3ou-0.json,Azumarill,Items,,Leaf Stone,7.368
2020-09_gen3ou-0.json,Azumarill,Items,,Nothing,6.316
2020-09_gen3ou-0.json,Azumarill,Items,,Chesto Berry,4.211
2020-09_gen3ou-0.json,Azumarill,Items,,Sitrus Berry,3.158
2020-09_gen3ou-0.json,Azumarill,Items,,Other,3.158
2020-09_gen3ou-0.json,Azumarill,Spreads,,Other,24.211
2020-09_gen3ou-0.json,Azumarill,Moves,,Brick Break,56.842
2020-09_gen3ou-0.json,Azumarill,Moves,,Ice Beam,37.895
2020-09_gen3ou-0.json,Azumarill,Moves,,Belly Drum,33.684
2020-09_gen3ou-0.json,Azumarill,Moves,,Hydro Pump,32.632
2020-09_gen3ou-0.json,Azumarill,Moves,,Body Slam,28.421
2020-09_gen3ou-0.json,Azumarill,Moves,,Hidden Power Grass,27.368
2020-09_gen3ou-0.json,Azumarill,Moves,,Focus Punch,24.211
2020-09_gen3ou-0.json,Azumarill,Moves,,Iron Tail,24.211
2020-09_gen3ou-0.json,Azumarill,Moves,,Substitute,21.053
2020-09_gen3ou-0.json,Azumarill,Moves,,Encore,18.947
2020-09_gen3ou-0.json,Azumarill,Moves,,Hidden Power Rock,14.737
2020-09_gen3ou-0.json,Azumarill,Moves,,Nothing,12.632
2020-09_gen3ou-0.json,Azumarill,Moves,,Hidden Power Ghost,9.474
2020-09_gen3ou-0.json,Azumarill,Moves,,Surf,9.474
2020-09_gen3ou-0.json,Azumarill,Moves,,Hail,7.368
2020-09_gen3ou-0.json,Azumarill,Moves,,Rain Dance,6.316
2020-09_gen3ou-0.json,Azumarill,Moves,,Rest,5.263
2020-09_gen3ou-0.json,Azumarill,Moves,,Light Screen,5.263
2020-09_gen3ou-0.json,Azumarill,Moves,,Facade,4.211
2020-09_gen3ou-0.json,Azumarill,Moves,,Other,20.0
2020-09_gen3ou-0.json,Ariados,Stats,Raw count,,90
2020-09_gen3ou-0.json,Ariados,Stats,Avg. weight,,1.0
2020-09_gen3ou-0.json,Ariados,Stats,Viability Ceiling,,66
2020-09_gen3ou-0.json,Ariados,Stats,Careful,,36.667
2020-09_gen3ou-0.json,Ariados,Stats,Timid,,21.111
2020-09_gen3ou-0.json,Ariados,Stats,Adamant,,4.444
2020-09_gen3ou-0.json,Ariados,Stats,Hardy,,4.444
2020-09_gen3ou-0.json,Ariados,Abilities,,Insomnia,78.889
2020-09_gen3ou-0.json,Ariados,Abilities,,Swarm,21.111
2020-09_gen3ou-0.json,Ariados,Items,,Starf Berry,68.889
2020-09_gen3ou-0.json,Ariados,Items,,Leftovers,20.0
2020-09_gen3ou-0.json,Ariados,Items,,Quick Claw,5.556
2020-09_gen3ou-0.json,Ariados,Items,,Lum Berry,4.444
2020-09_gen3ou-0.json,Ariados,Items,,Other,1.111
2020-09_gen3ou-0.json,Ariados,Spreads,,Other,17.778
2020-09_gen3ou-0.json,Ariados,Moves,,Agility,81.111
2020-09_gen3ou-0.json,Ariados,Moves,,Baton Pass,80.0
2020-09_gen3ou-0.json,Ariados,Moves,,Sludge Bomb,66.667
2020-09_gen3ou-0.json,Ariados,Moves,,Signal Beam,65.556
2020-09_gen3ou-0.json,Ariados,Moves,,Spider Web,43.333
2020-09_gen3ou-0.json,Ariados,Moves,,Endure,28.889
2020-09_gen3ou-0.json,Ariados,Moves,,Night Shade,8.889
2020-09_gen3ou-0.json,Ariados,Moves,,Hidden Power Ground,4.444
2020-09_gen3ou-0.json,Ariados,Moves,,Psychic,4.444
2020-09_gen3ou-0.json,Ariados,Moves,,Other,16.667
2020-09_gen3ou-0.json,Dunsparce,Stats,Raw count,,89
2020-09_gen3ou-0.json,Dunsparce,Stats,Avg. weight,,1.0
2020-09_gen3ou-0.json,Dunsparce,Stats,Viability Ceiling,,46
2020-09_gen3ou-0.json,Dunsparce,Stats,Adamant,,11.236
2020-09_gen3ou-0.json,Dunsparce,Stats,Impish,,5.618
2020-09_gen3ou-0.json,Dunsparce,Stats,Brave,,2.247
2020-09_gen3ou-0.json,Dunsparce,Abilities,,Serene Grace,100.0
2020-09_gen3ou-0.json,Dunsparce,Items,,Leftovers,59.551
2020-09_gen3ou-0.json,Dunsparce,Items,,King's Rock,17.978
2020-09_gen3ou-0.json,Dunsparce,Items,,Lum Berry,14.607
2020-09_gen3ou-0.json,Dunsparce,Items,,Chesto Berry,6.742
2020-09_gen3ou-0.json,Dunsparce,Items,,Other,1.124
2020-09_gen3ou-0.json,Dunsparce,Spreads,,Other,4.494
2020-09_gen3ou-0.json,Dunsparce,Moves,,Headbutt,89.888
2020-09_gen3ou-0.json,Dunsparce,Moves,,Rock Slide,87.64
2020-09_gen3ou-0.json,Dunsparce,Moves,,Body Slam,70.787
2020-09_gen3ou-0.json,Dunsparce,Moves,,Shadow Ball,57.303
2020-09_gen3ou-0.json,Dunsparce,Moves,,Thunder Wave,30.337
2020-09_gen3ou-0.json,Dunsparce,Moves,,Rest,19.101
2020-09_gen3ou-0.json,Dunsparce,Moves,,Endeavor,17.978
2020-09_gen3ou-0.json,Dunsparce,Moves,,Ancient Power,8.989
2020-09_gen3ou-0.json,Dunsparce,Moves,,Other,17.978
2020-09_gen3ou-0.json,Yanma,Stats,Raw count,,94
2020-09_gen3ou-0.json,Yanma,Stats,Avg. weight,,1.0
2020-09_gen3ou-0.json,Yanma,Stats,Viability Ceiling,,57
2020-09_gen3ou-0.json,Yanma,Stats,Modest,,3.191
2020-09_gen3ou-0.json,Yanma,Stats,Adamant,,13.830
2020-09_gen3ou-0.json,Yanma,Stats,Timid,,4.255
2020-09_gen3ou-0.json,Yanma,Stats,Hardy,,2.128
2020-09_gen3ou-0.json,Yanma,Abilities,,Speed Boost,95.745
2020-09_gen3ou-0.json,Yanma,Abilities,,Compound Eyes,4.255
2020-09_gen3ou-0.json,Yanma,Items,,Petaya Berry,79.787
2020-09_gen3ou-0.json,Yanma,Items,,Liechi Berry,9.574
2020-09_gen3ou-0.json,Yanma,Items,,Salac Berry,5.319
2020-09_gen3ou-0.json,Yanma,Items,,Leftovers,2.128
2020-09_gen3ou-0.json,Yanma,Items,,Other,3.191
2020-09_gen3ou-0.json,Yanma,Spreads,,Other,4.255
2020-09_gen3ou-0.json,Yanma,Moves,,Hypnosis,85.106
2020-09_gen3ou-0.json,Yanma,Moves,,Endure,76.596
2020-09_gen3ou-0.json,Yanma,Moves,,Hidden Power Electric,75.532
2020-09_gen3ou-0.json,Yanma,Moves,,Whirlwind,58.511
2020-09_gen3ou-0.json,Yanma,Moves,,Giga Drain,20.213
2020-09_gen3ou-0.json,Yanma,Moves,,Substitute,18.085
2020-09_gen3ou-0.json,Yanma,Moves,,Reversal,14.894
2020-09_gen3ou-0.json,Yanma,Moves,,Shadow Ball,11.702
2020-09_gen3ou-0.json,Yanma,Moves,,Hidden Power Flying,8.511
2020-09_gen3ou-0.json,Yanma,Moves,,Hidden Power Bug,5.319
2020-09_gen3ou-0.json,Yanma,Moves,,Dream Eater,4.255
2020-09_gen3ou-0.json,Yanma,Moves,,Hidden Power Fire,4.255
2020-09_gen3ou-0.json,Yanma,Moves,,Other,17.021
2020-09_gen3ou-0.json,Roselia,Stats,Raw count,,87
2020-09_gen3ou-0.json,Roselia,Stats,Avg. weight,,1.0
2020-09_gen3ou-0.json,Roselia,Stats,Viability Ceiling,,63
2020-09_gen3ou-0.json,Roselia,Stats,Calm,,8.046
2020-09_gen3ou-0.json,Roselia,Stats,Timid,,4.598
2020-09_gen3ou-0.json,Roselia,Stats,Hardy,,4.598
2020-09_gen3ou-0.json,Roselia,Stats,Bold,,4.598
2020-09_gen3ou-0.json,Roselia,Abilities,,Natural Cure,67.816
2020-09_gen3ou-0.json,Roselia,Abilities,,Poison Point,32.184
2020-09_gen3ou-0.json,Roselia,Items,,Leftovers,67.816
2020-09_gen3ou-0.json,Roselia,Items,,Bright Powder,20.69
2020-09_gen3ou-0.json,Roselia,Items,,Sitrus Berry,4.598
2020-09_gen3ou-0.json,Roselia,Items,,Miracle Seed,4.598
2020-09_gen3ou-0.json,Roselia,Items,,Other,2.299
2020-09_gen3ou-0.json,Roselia,Spreads,,Other,19.54
2020-09_gen3ou-0.json,Roselia,Moves,,Spikes,82.759
2020-09_gen3ou-0.json,Roselia,Moves,,Giga Drain,59.77
2020-09_gen3ou-0.json,Roselia,Moves,,Rest,39.08
2020-09_gen3ou-0.json,Roselia,Moves,,Hidden Power Fire,32.184
2020-09_gen3ou-0.json,Roselia,Moves,,Magical Leaf,27.586
2020-09_gen3ou-0.json,Roselia,Moves,,Toxic,26.437
2020-09_gen3ou-0.json,Roselia,Moves,,Leech Seed,20.69
2020-09_gen3ou-0.json,Roselia,Moves,,Hidden Power Flying,20.69
2020-09_gen3ou-0.json,Roselia,Moves,,Aromatherapy,13.793
2020-09_gen3ou-0.json,Roselia,Moves,,Stun Spore,11.494
2020-09_gen3ou-0.json,Roselia,Moves,,Grass Whistle,11.494
2020-09_gen3ou-0.json,Roselia,Moves,,Sludge Bomb,10.345
2020-09_gen3ou-0.json,Roselia,Moves,,Hidden Power Grass,6.897
2020-09_gen3ou-0.json,Roselia,Moves,,Hidden Power Electric,5.747
2020-09_gen3ou-0.json,Roselia,Moves,,Synthesis,5.747
2020-09_gen3ou-0.json,Roselia,Moves,,Facade,4.598
2020-09_gen3ou-0.json,Roselia,Moves,,Sleep Talk,4.598
2020-09_gen3ou-0.json,Roselia,Moves,,Other,16.092
2020-09_gen3ou-0.json,Whiscash,Stats,Raw count,,83
2020-09_gen3ou-0.json,Whiscash,Stats,Avg. weight,,1.0
2020-09_gen3ou-0.json,Whiscash,Stats,Viability Ceiling,,65
2020-09_gen3ou-0.json,Whiscash,Stats,Hardy,,21.687
2020-09_gen3ou-0.json,Whiscash,Stats,Modest,,4.819
2020-09_gen3ou-0.json,Whiscash,Stats,Brave,,4.819
2020-09_gen3ou-0.json,Whiscash,Abilities,,Oblivious,100.0
2020-09_gen3ou-0.json,Whiscash,Items,,Leftovers,67.47
2020-09_gen3ou-0.json,Whiscash,Items,,Nothing,21.687
2020-09_gen3ou-0.json,Whiscash,Items,,Quick Claw,4.819
2020-09_gen3ou-0.json,Whiscash,Items,,Soft Sand,2.41
2020-09_gen3ou-0.json,Whiscash,Items,,Other,3.614
2020-09_gen3ou-0.json,Whiscash,Spreads,,Other,20.482
2020-09_gen3ou-0.json,Whiscash,Moves,,Surf,72.289
2020-09_gen3ou-0.json,Whiscash,Moves,,Ice Beam,68.675
2020-09_gen3ou-0.json,Whiscash,Moves,,Earthquake,68.675
2020-09_gen3ou-0.json,Whiscash,Moves,,Rest,48.193
2020-09_gen3ou-0.json,Whiscash,Moves,,Nothing,36.145
2020-09_gen3ou-0.json,Whiscash,Moves,,Rain Dance,20.482
2020-09_gen3ou-0.json,Whiscash,Moves,,Water Pulse,18.072
2020-09_gen3ou-0.json,Whiscash,Moves,,Amnesia,13.253
2020-09_gen3ou-0.json,Whiscash,Moves,,Substitute,13.253
2020-09_gen3ou-0.json,Whiscash,Moves,,Spark,8.434
2020-09_gen3ou-0.json,Whiscash,Moves,,Hyper Beam,7.229
2020-09_gen3ou-0.json,Whiscash,Moves,,Rock Slide,6.024
2020-09_gen3ou-0.json,Whiscash,Moves,,Other,19.277
2020-09_gen3ou-0.json,Plusle,Stats,Raw count,,93
2020-09_gen3ou-0.json,Plusle,Stats,Avg. weight,,1.0
2020-09_gen3ou-0.json,Plusle,Stats,Viability Ceiling,,55
2020-09_gen3ou-0.json,Plusle,Stats,Modest,,44.086
2020-09_gen3ou-0.json,Plusle,Stats,Hardy,,2.151
2020-09_gen3ou-0.json,Plusle,Stats,Timid,,4.301
2020-09_gen3ou-0.json,Plusle,Abilities,,Plus,100.0
2020-09_gen3ou-0.json,Plusle,Items,,Salac Berry,51.613
2020-09_gen3ou-0.json,Plusle,Items,,Poke Ball,18.28
2020-09_gen3ou-0.json,Plusle,Items,,Leftovers,17.204
2020-09_gen3ou-0.json,Plusle,Items,,Starf Berry,6.452
2020-09_gen3ou-0.json,Plusle,Items,,Nothing,3.226
2020-09_gen3ou-0.json,Plusle,Items,,Other,3.226
2020-09_gen3ou-0.json,Plusle,Spreads,,Other,5.376
2020-09_gen3ou-0.json,Plusle,Moves,,Baton Pass,62.366
2020-09_gen3ou-0.json,Plusle,Moves,,Thunderbolt,60.215
2020-09_gen3ou-0.json,Plusle,Moves,,Agility,47.312
2020-09_gen3ou-0.json,Plusle,Moves,,Light Screen,45.161
2020-09_gen3ou-0.json,Plusle,Moves,,Thunder Wave,31.183
2020-09_gen3ou-0.json,Plusle,Moves,,Growl,20.43
2020-09_gen3ou-0.json,Plusle,Moves,,Thunder,18.28
2020-09_gen3ou-0.json,Plusle,Moves,,Quick Attack,18.28
2020-09_gen3ou-0.json,Plusle,Moves,,Nothing,16.129
2020-09_gen3ou-0.json,Plusle,Moves,,Substitute,13.978
2020-09_gen3ou-0.json,Plusle,Moves,,Endure,12.903
2020-09_gen3ou-0.json,Plusle,Moves,,Helping Hand,10.753
2020-09_gen3ou-0.json,Plusle,Moves,,Hidden Power Grass,9.677
2020-09_gen3ou-0.json,Plusle,Moves,,Seismic Toss,7.527
2020-09_gen3ou-0.json,Plusle,Moves,,Mimic,6.452
2020-09_gen3ou-0.json,Plusle,Moves,,Other,19.355
2020-09_gen3ou-0.json,Rapidash,Stats,Raw count,,81
2020-09_gen3ou-0.json,Rapidash,Stats,Avg. weight,,1.0
2020-09_gen3ou-0.json,Rapidash,Stats,Viability Ceiling,,66
2020-09_gen3ou-0.json,Rapidash,Stats,Hasty,,4.938
2020-09_gen3ou-0.json,Rapidash,Stats,Hardy,,8.642
2020-09_gen3ou-0.json,Rapidash,Stats,Timid,,6.173
2020-09_gen3ou-0.json,Rapidash,Stats,Adamant,,6.173
2020-09_gen3ou-0.json,Rapidash,Abilities,,Flash Fire,82.716
2020-09_gen3ou-0.json,Rapidash,Abilities,,Run Away,17.284
2020-09_gen3ou-0.json,Rapidash,Items,,Leftovers,45.679
2020-09_gen3ou-0.json,Rapidash,Items,,Choice Band,18.519
2020-09_gen3ou-0.json,Rapidash,Items,,Nothing,11.111
2020-09_gen3ou-0.json,Rapidash,Items,,Charcoal,8.642
2020-09_gen3ou-0.json,Rapidash,Items,,Sharp Beak,8.642
2020-09_gen3ou-0.json,Rapidash,Items,,Petaya Berry,4.938
2020-09_gen3ou-0.json,Rapidash,Items,,Other,2.469
2020-09_gen3ou-0.json,Rapidash,Spreads,,Other,49.383
2020-09_gen3ou-0.json,Rapidash,Moves,,Fire Blast,61.728
2020-09_gen3ou-0.json,Rapidash,Moves,,Bounce,40.741
2020-09_gen3ou-0.json,Rapidash,Moves,,Flamethrower,37.037
2020-09_gen3ou-0.json,Rapidash,Moves,,Hypnosis,27.16
2020-09_gen3ou-0.json,Rapidash,Moves,,Sunny Day,25.926
2020-09_gen3ou-0.json,Rapidash,Moves,,Baton Pass,22.222
2020-09_gen3ou-0.json,Rapidash,Moves,,Solar Beam,22.222
2020-09_gen3ou-0.json,Rapidash,Moves,,Agility,18.519
2020-09_gen3ou-0.json,Rapidash,Moves,,Quick Attack,14.815
2020-09_gen3ou-0.json,Rapidash,Moves,,Iron Tail,13.58
2020-09_gen3ou-0.json,Rapidash,Moves,,Double-Edge,13.58
2020-09_gen3ou-0.json,Rapidash,Moves,,Nothing,11.111
2020-09_gen3ou-0.json,Rapidash,Moves,,Overheat,11.111
2020-09_gen3ou-0.json,Rapidash,Moves,,Double Kick,11.111
2020-09_gen3ou-0.json,Rapidash,Moves,,Fire Spin,9.877
2020-09_gen3ou-0.json,Rapidash,Moves,,Hidden Power Ghost,8.642
2020-09_gen3ou-0.json,Rapidash,Moves,,Substitute,8.642
2020-09_gen3ou-0.json,Rapidash,Moves,,Protect,8.642
2020-09_gen3ou-0.json,Rapidash,Moves,,Attract,4.938
2020-09_gen3ou-0.json,Rapidash,Moves,,Hidden Power Dark,4.938
2020-09_gen3ou-0.json,Rapidash,Moves,,Hidden Power Grass,3.704
2020-09_gen3ou-0.json,Rapidash,Moves,,Other,19.753
2020-09_gen3ou-0.json,Magcargo,Stats,Raw count,,78
2020-09_gen3ou-0.json,Magcargo,Stats,Avg. weight,,1.0
2020-09_gen3ou-0.json,Magcargo,Stats,Viability Ceiling,,66
2020-09_gen3ou-0.json,Magcargo,Stats,Calm,,3.846
2020-09_gen3ou-0.json,Magcargo,Stats,Sassy,,10.256
2020-09_gen3ou-0.json,Magcargo,Stats,Relaxed,,5.128
2020-09_gen3ou-0.json,Magcargo,Stats,Adamant,,5.128
2020-09_gen3ou-0.json,Magcargo,Abilities,,Flame Body,78.205
2020-09_gen3ou-0.json,Magcargo,Abilities,,Magma Armor,21.795
2020-09_gen3ou-0.json,Magcargo,Items,,Leftovers,73.077
2020-09_gen3ou-0.json,Magcargo,Items,,Charcoal,10.256
2020-09_gen3ou-0.json,Magcargo,Items,,Quick Claw,5.128
2020-09_gen3ou-0.json,Magcargo,Items,,Aguav Berry,2.564
2020-09_gen3ou-0.json,Magcargo,Items,,Bright Powder,2.564
2020-09_gen3ou-0.json,Magcargo,Items,,White Herb,2.564
2020-09_gen3ou-0.json,Magcargo,Items,,Other,3.846
2020-09_gen3ou-0.json,Magcargo,Spreads,,Other,39.744
2020-09_gen3ou-0.json,Magcargo,Moves,,Toxic,69.231
2020-09_gen3ou-0.json,Magcargo,Moves,,Self-Destruct,53.846
2020-09_gen3ou-0.json,Magcargo,Moves,,Overheat,51.282
2020-09_gen3ou-0.json,Magcargo,Moves,,Reflect,39.744
2020-09_gen3ou-0.json,Magcargo,Moves,,Flamethrower,33.333
2020-09_gen3ou-0.json,Magcargo,Moves,,Rock Slide,24.359
2020-09_gen3ou-0.json,Magcargo,Moves,,Fire Blast,17.949
2020-09_gen3ou-0.json,Magcargo,Moves,,Rest,15.385
2020-09_gen3ou-0.json,Magcargo,Moves,,Sleep Talk,12.821
2020-09_gen3ou-0.json,Magcargo,Moves,,Hidden Power Grass,12.821
2020-09_gen3ou-0.json,Magcargo,Moves,,Light Screen,11.538
2020-09_gen3ou-0.json,Magcargo,Moves,,Earthquake,10.256
2020-09_gen3ou-0.json,Magcargo,Moves,,Yawn,7.692
2020-09_gen3ou-0.json,Magcargo,Moves,,Body Slam,7.692
2020-09_gen3ou-0.json,Magcargo,Moves,,Protect,7.692
2020-09_gen3ou-0.json,Magcargo,Moves,,Sunny Day,5.128
2020-09_gen3ou-0.json,Magcargo,Moves,,Other,19.231
2020-09_gen3ou-0.json,Hitmonchan,Stats,Raw count,,75
2020-09_gen3ou-0.json,Hitmonchan,Stats,Avg. weight,,1.0
2020-09_gen3ou-0.json,Hitmonchan,Stats,Viability Ceiling,,75
2020-09_gen3ou-0.json,Hitmonchan,Stats,Jolly,,4.000
2020-09_gen3ou-0.json,Hitmonchan,Stats,Hardy,,6.667
2020-09_gen3ou-0.json,Hitmonchan,Stats,Adamant,,5.333
2020-09_gen3ou-0.json,Hitmonchan,Abilities,,Keen Eye,100.0
2020-09_gen3ou-0.json,Hitmonchan,Items,,Leftovers,26.667
2020-09_gen3ou-0.json,Hitmonchan,Items,,Choice Band,21.333
2020-09_gen3ou-0.json,Hitmonchan,Items,,King's Rock,14.667
2020-09_gen3ou-0.json,Hitmonchan,Items,,Black Belt,12.0
2020-09_gen3ou-0.json,Hitmonchan,Items,,Nothing,6.667
2020-09_gen3ou-0.json,Hitmonchan,Items,,Salac Berry,5.333
2020-09_gen3ou-0.json,Hitmonchan,Items,,Mental Herb,4.0
2020-09_gen3ou-0.json,Hitmonchan,Items,,Aguav Berry,2.667
2020-09_gen3ou-0.json,Hitmonchan,Items,,Shell Bell,2.667
2020-09_gen3ou-0.json,Hitmonchan,Items,,Other,4.0
2020-09_gen3ou-0.json,Hitmonchan,Spreads,,Other,21.333
2020-09_gen3ou-0.json,Hitmonchan,Moves,,Mach Punch,62.667
2020-09_gen3ou-0.json,Hitmonchan,Moves,,Thunder Punch,41.333
2020-09_gen3ou-0.json,Hitmonchan,Moves,,Ice Punch,37.333
2020-09_gen3ou-0.json,Hitmonchan,Moves,,Earthquake,37.333
2020-09_gen3ou-0.json,Hitmonchan,Moves,,Fire Punch,36.0
2020-09_gen3ou-0.json,Hitmonchan,Moves,,Sky Uppercut,30.667
2020-09_gen3ou-0.json,Hitmonchan,Moves,,Rock Slide,29.333
2020-09_gen3ou-0.json,Hitmonchan,Moves,,Hidden Power Ghost,24.0
2020-09_gen3ou-0.json,Hitmonchan,Moves,,Brick Break,22.667
2020-09_gen3ou-0.json,Hitmonchan,Moves,,High Jump Kick,13.333
2020-09_gen3ou-0.json,Hitmonchan,Moves,,Agility,12.0
2020-09_gen3ou-0.json,Hitmonchan,Moves,,Counter,10.667
2020-09_gen3ou-0.json,Hitmonchan,Moves,,Focus Punch,8.0
2020-09_gen3ou-0.json,Hitmonchan,Moves,,Toxic,6.667
2020-09_gen3ou-0.json,Hitmonchan,Moves,,Bulk Up,5.333
2020-09_gen3ou-0.json,Hitmonchan,Moves,,Rapid Spin,5.333
2020-09_gen3ou-0.json,Hitmonchan,Moves,,Other,17.333
2020-09_gen3ou-0.json,Seviper,Stats,Raw count,,70
2020-09_gen3ou-0.json,Seviper,Stats,Avg. weight,,1.0
2020-09_gen3ou-0.json,Seviper,Stats,Viability Ceiling,,57
2020-09_gen3ou-0.json,Seviper,Stats,Naughty,,40.000
2020-09_gen3ou-0.json,Seviper,Stats,Adamant,,11.429
2020-09_gen3ou-0.json,Seviper,Stats,Quiet,,7.143
2020-09_gen3ou-0.json,Seviper,Stats,Hardy,,4.286
2020-09_gen3ou-0.json,Seviper,Stats,Calm,,4.286
2020-09_gen3ou-0.json,Seviper,Abilities,,Shed Skin,100.0
2020-09_gen3ou-0.json,Seviper,Items,,Leftovers,64.286
2020-09_gen3ou-0.json,Seviper,Items,,Quick Claw,8.571
2020-09_gen3ou-0.json,Seviper,Items,,Choice Band,7.143
2020-09_gen3ou-0.json,Seviper,Items,,Black Belt,4.286
2020-09_gen3ou-0.json,Seviper,Items,,Salac Berry,4.286
2020-09_gen3ou-0.json,Seviper,Items,,Chesto Berry,2.857
2020-09_gen3ou-0.json,Seviper,Items,,Aguav Berry,2.857
2020-09_gen3ou-0.json,Seviper,Items,,Poison Barb,2.857
2020-09_gen3ou-0.json,Seviper,Items,,Other,2.857
2020-09_gen3ou-0.json,Seviper,Spreads,,Other,28.571
2020-09_gen3ou-0.json,Seviper,Moves,,Flamethrower,85.714
2020-09_gen3ou-0.json,Seviper,Moves,,Sludge Bomb,75.714
2020-09_gen3ou-0.json,Seviper,Moves,,Earthquake,61.429
2020-09_gen3ou-0.json,Seviper,Moves,,Hidden Power Grass,40.0
2020-09_gen3ou-0.json,Seviper,Moves,,Giga Drain,30.0
2020-09_gen3ou-0.json,Seviper,Moves,,Crunch,30.0
2020-09_gen3ou-0.json,Seviper,Moves,,Poison Tail,12.857
2020-09_gen3ou-0.json,Seviper,Moves,,Haze,7.143
2020-09_gen3ou-0.json,Seviper,Moves,,Double-Edge,7.143
2020-09_gen3ou-0.json,Seviper,Moves,,Glare,5.714
2020-09_gen3ou-0.json,Seviper,Moves,,Toxic,5.714
2020-09_gen3ou-0.json,Seviper,Moves,,Body Slam,5.714
2020-09_gen3ou-0.json,Seviper,Moves,,Facade,4.286
2020-09_gen3ou-0.json,Seviper,Moves,,Bite,4.286
2020-09_gen3ou-0.json,Seviper,Moves,,Hidden Power Dark,4.286
2020-09_gen3ou-0.json,Seviper,Moves,,Screech,4.286
2020-09_gen3ou-0.json,Seviper,Moves,,Other,15.714
2020-09_gen3ou-0.json,Persian,Stats,Raw count,,65
2020-09_gen3ou-0.json,Persian,Stats,Avg. weight,,1.0
2020-09_gen3ou-0.json,Persian,Stats,Viability Ceiling,,75
2020-09_gen3ou-0.json,Persian,Stats,Jolly,,4.615
2020-09_gen3ou-0.json,Persian,Stats,Timid,,7.692
2020-09_gen3ou-0.json,Persian,Stats,Naive,,7.692
2020-09_gen3ou-0.json,Persian,Stats,Hasty,,6.154
2020-09_gen3ou-0.json,Persian,Abilities,,Limber,100.0
2020-09_gen3ou-0.json,Persian,Items,,Leftovers,69.231
2020-09_gen3ou-0.json,Persian,Items,,Nothing,13.846
2020-09_gen3ou-0.json,Persian,Items,,Choice Band,6.154
2020-09_gen3ou-0.json,Persian,Items,,Focus Band,4.615
2020-09_gen3ou-0.json,Persian,Items,,Quick Claw,3.077
2020-09_gen3ou-0.json,Persian,Items,,Other,3.077
2020-09_gen3ou-0.json,Persian,Spreads,,Other,12.308
2020-09_gen3ou-0.json,Persian,Moves,,Shadow Ball,60.0
2020-09_gen3ou-0.json,Persian,Moves,,Fake Out,56.923
2020-09_gen3ou-0.json,Persian,Moves,,Taunt,46.154
2020-09_gen3ou-0.json,Persian,Moves,,Hyper Beam,46.154
2020-09_gen3ou-0.json,Persian,Moves,,Assist,26.154
2020-09_gen3ou-0.json,Persian,Moves,,Hypnosis,24.615
2020-09_gen3ou-0.json,Persian,Moves,,Substitute,23.077
2020-09_gen3ou-0.json,Persian,Moves,,Amnesia,23.077
2020-09_gen3ou-0.json,Persian,Moves,,Body Slam,12.308
2020-09_gen3ou-0.json,Persian,Moves,,Return,10.769
2020-09_gen3ou-0.json,Persian,Moves,,Hidden Power Fighting,7.692
2020-09_gen3ou-0.json,Persian,Moves,,Pay Day,7.692
2020-09_gen3ou-0.json,Persian,Moves,,Fury Swipes,7.692
2020-09_gen3ou-0.json,Persian,Moves,,Scratch,6.154
2020-09_gen3ou-0.json,Persian,Moves,,Bite,6.154
2020-09_gen3ou-0.json,Persian,Moves,,Aerial Ace,6.154
2020-09_gen3ou-0.json,Persian,Moves,,Thunder,4.615
2020-09_gen3ou-0.json,Persian,Moves,,Slash,4.615
2020-09_gen3ou-0.json,Persian,Moves,,Dig,4.615
2020-09_gen3ou-0.json,Persian,Moves,,Other,15.385
2020-09_gen3ou-0.json,Stantler,Stats,Raw count,,73
2020-09_gen3ou-0.json,Stantler,Stats,Avg. weight,,1.0
2020-09_gen3ou-0.json,Stantler,Stats,Viability Ceiling,,44
2020-09_gen3ou-0.json,Stantler,Stats,Adamant,,34.247
2020-09_gen3ou-0.json,Stantler,Stats,Modest,,21.918
2020-09_gen3ou-0.json,Stantler,Stats,Hasty,,19.178
2020-09_gen3ou-0.json,Stantler,Stats,Impish,,8.219
2020-09_gen3ou-0.json,Stantler,Stats,Jolly,,8.219
2020-09_gen3ou-0.json,Stantler,Stats,Timid,,5.479
2020-09_gen3ou-0.json,Stantler,Abilities,,Intimidate,100.0
2020-09_gen3ou-0.json,Stantler,Items,,Leftovers,65.753
2020-09_gen3ou-0.json,Stantler,Items,,Magnet,21.918
2020-09_gen3ou-0.json,Stantler,Items,,King's Rock,4.11
2020-09_gen3ou-0.json,Stantler,Items,,Bright Powder,2.74
2020-09_gen3ou-0.json,Stantler,Items,,Starf Berry,2.74
2020-09_gen3ou-0.json,Stantler,Items,,Other,2.74
2020-09_gen3ou-0.json,Stantler,Spreads,,Other,2.74
2020-09_gen3ou-0.json,Stantler,Moves,,Shadow Ball,64.384
2020-09_gen3ou-0.json,Stantler,Moves,,Thunderbolt,43.836
2020-09_gen3ou-0.json,Stantler,Moves,,Hypnosis,41.096
2020-09_gen3ou-0.json,Stantler,Moves,,Roar,36.986
2020-09_gen3ou-0.json,Stantler,Moves,,Frustration,34.247
2020-09_gen3ou-0.json,Stantler,Moves,,Earthquake,34.247
2020-09_gen3ou-0.json,Stantler,Moves,,Thunder Wave,32.877
2020-09_gen3ou-0.json,Stantler,Moves,,Calm Mind,27.397
2020-09_gen3ou-0.json,Stantler,Moves,,Hidden Power Ice,24.658
2020-09_gen3ou-0.json,Stantler,Moves,,Return,21.918
2020-09_gen3ou-0.json,Stantler,Moves,,Confuse Ray,12.329
2020-09_gen3ou-0.json,Stantler,Moves,,Stomp,8.219
2020-09_gen3ou-0.json,Stantler,Moves,,Other,17.808
2020-09_gen3ou-0.json,Illumise,Stats,Raw count,,63
2020-09_gen3ou-0.json,Illumise,Stats,Avg. weight,,1.0
2020-09_gen3ou-0.json,Illumise,Stats,Viability Ceiling,,45
2020-09_gen3ou-0.json,Illumise,Stats,Timid,,6.349
2020-09_gen3ou-0.json,Illumise,Stats,Modest,,12.698
2020-09_gen3ou-0.json,Illumise,Stats,Hardy,,7.937
2020-09_gen3ou-0.json,Illumise,Abilities,,Oblivious,100.0
2020-09_gen3ou-0.json,Illumise,Items,,Leftovers,69.841
2020-09_gen3ou-0.json,Illumise,Items,,Chesto Berry,9.524
2020-09_gen3ou-0.json,Illumise,Items,,Sitrus Berry,9.524
2020-09_gen3ou-0.json,Illumise,Items,,Salac Berry,6.349
2020-09_gen3ou-0.json,Illumise,Items,,Other,4.762
2020-09_gen3ou-0.json,Illumise,Spreads,,Other,7.937
2020-09_gen3ou-0.json,Illumise,Moves,,Thunderbolt,42.857
2020-09_gen3ou-0.json,Illumise,Moves,,Giga Drain,41.27
2020-09_gen3ou-0.json,Illumise,Moves,,Baton Pass,39.683
2020-09_gen3ou-0.json,Illumise,Moves,,Flatter,33.333
2020-09_gen3ou-0.json,Illumise,Moves,,Encore,33.333
2020-09_gen3ou-0.json,Illumise,Moves,,Hidden Power Ice,31.746
2020-09_gen3ou-0.json,Illumise,Moves,,Thunder Wave,31.746
2020-09_gen3ou-0.json,Illumise,Moves,,Psych Up,31.746
2020-09_gen3ou-0.json,Illumise,Moves,,Moonlight,14.286
2020-09_gen3ou-0.json,Illumise,Moves,,Ice Punch,12.698
2020-09_gen3ou-0.json,Illumise,Moves,,Rest,9.524
2020-09_gen3ou-0.json,Illumise,Moves,,Substitute,9.524
2020-09_gen3ou-0.json,Illumise,Moves,,Brick Break,9.524
2020-09_gen3ou-0.json,Illumise,Moves,,Shadow Ball,9.524
2020-09_gen3ou-0.json,Illumise,Moves,,Body Slam,9.524
2020-09_gen3ou-0.json,Illumise,Moves,,Covet,9.524
2020-09_gen3ou-0.json,Illumise,Moves,,Nothing,7.937
2020-09_gen3ou-0.json,Illumise,Moves,,Water Pulse,4.762
2020-09_gen3ou-0.json,Illumise,Moves,,Other,17.46
2020-09_gen3ou-0.json,Corphish,Stats,Raw count,,65
2020-09_gen3ou-0.json,Corphish,Stats,Avg. weight,,1.0
2020-09_gen3ou-0.json,Corphish,Stats,Viability Ceiling,,54
2020-09_gen3ou-0.json,Corphish,Stats,Naughty,,16.923
2020-09_gen3ou-0.json,Corphish,Stats,Impish,,12.308
2020-09_gen3ou-0.json,Corphish,Stats,Brave,,9.231
2020-09_gen3ou-0.json,Corphish,Stats,Rash,,9.231
2020-09_gen3ou-0.json,Corphish,Stats,Hardy,,6.154
2020-09_gen3ou-0.json,Corphish,Abilities,,Hyper Cutter,55.385
2020-09_gen3ou-0.json,Corphish,Abilities,,Shell Armor,44.615
2020-09_gen3ou-0.json,Corphish,Items,,Leftovers,44.615
2020-09_gen3ou-0.json,Corphish,Items,,Sitrus Berry,20.0
2020-09_gen3ou-0.json,Corphish,Items,,Lum Berry,9.231
2020-09_gen3ou-0.json,Corphish,Items,,Nothing,9.231
2020-09_gen3ou-0.json,Corphish,Items,,Mystic Water,7.692
2020-09_gen3ou-0.json,Corphish,Items,,Quick Claw,4.615
2020-09_gen3ou-0.json,Corphish,Items,,Other,4.615
2020-09_gen3ou-0.json,Corphish,Spreads,,Other,26.154
2020-09_gen3ou-0.json,Corphish,Moves,,Crabhammer,66.154
2020-09_gen3ou-0.json,Corphish,Moves,,Sludge Bomb,53.846
2020-09_gen3ou-0.json,Corphish,Moves,,Swords Dance,41.538
2020-09_gen3ou-0.json,Corphish,Moves,,Surf,35.385
2020-09_gen3ou-0.json,Corphish,Moves,,Body Slam,30.769
2020-09_gen3ou-0.json,Corphish,Moves,,Ancient Power,18.462
2020-09_gen3ou-0.json,Corphish,Moves,,Bubble Beam,15.385
2020-09_gen3ou-0.json,Corphish,Moves,,Waterfall,13.846
2020-09_gen3ou-0.json,Corphish,Moves,,Brick Break,12.308
2020-09_gen3ou-0.json,Corphish,Moves,,Return,12.308
2020-09_gen3ou-0.json,Corphish,Moves,,Vise Grip,12.308
2020-09_gen3ou-0.json,Corphish,Moves,,Knock Off,12.308
2020-09_gen3ou-0.json,Corphish,Moves,,Hidden Power Ground,12.308
2020-09_gen3ou-0.json,Corphish,Moves,,Blizzard,10.769
2020-09_gen3ou-0.json,Corphish,Moves,,Ice Beam,10.769
2020-09_gen3ou-0.json,Corphish,Moves,,Harden,10.769
2020-09_gen3ou-0.json,Corphish,Moves,,Crunch,6.154
2020-09_gen3ou-0.json,Corphish,Moves,,Facade,4.615
2020-09_gen3ou-0.json,Corphish,Moves,,Mud-Slap,3.077
2020-09_gen3ou-0.json,Corphish,Moves,,Other,16.923
2020-09_gen3ou-0.json,Corsola,Stats,Raw count,,57
2020-09_gen3ou-0.json,Corsola,Stats,Avg. weight,,1.0
2020-09_gen3ou-0.json,Corsola,Stats,Viability Ceiling,,73
2020-09_gen3ou-0.json,Corsola,Stats,Adamant,,3.509
2020-09_gen3ou-0.json,Corsola,Stats,Modest,,29.825
2020-09_gen3ou-0.json,Corsola,Stats,Quiet,,10.526
2020-09_gen3ou-0.json,Corsola,Abilities,,Hustle,64.912
2020-09_gen3ou-0.json,Corsola,Abilities,,Natural Cure,35.088
2020-09_gen3ou-0.json,Corsola,Items,,Choice Band,45.614
2020-09_gen3ou-0.json,Corsola,Items,,Leftovers,35.088
2020-09_gen3ou-0.json,Corsola,Items,,Bright Powder,12.281
2020-09_gen3ou-0.json,Corsola,Items,,Petaya Berry,7.018
2020-09_gen3ou-0.json,Corsola,Spreads,,Other,3.509
2020-09_gen3ou-0.json,Corsola,Moves,,Explosion,61.404
2020-09_gen3ou-0.json,Corsola,Moves,,Earthquake,54.386
2020-09_gen3ou-0.json,Corsola,Moves,,Surf,43.86
2020-09_gen3ou-0.json,Corsola,Moves,,Rock Blast,36.842
2020-09_gen3ou-0.json,Corsola,Moves,,Calm Mind,36.842
2020-09_gen3ou-0.json,Corsola,Moves,,Ice Beam,33.333
2020-09_gen3ou-0.json,Corsola,Moves,,Hidden Power Fighting,29.825
2020-09_gen3ou-0.json,Corsola,Moves,,Recover,29.825
2020-09_gen3ou-0.json,Corsola,Moves,,Shadow Ball,24.561
2020-09_gen3ou-0.json,Corsola,Moves,,Ancient Power,17.544
2020-09_gen3ou-0.json,Corsola,Moves,,Rock Slide,17.544
2020-09_gen3ou-0.json,Corsola,Moves,,Other,14.035
2020-09_gen3ou-0.json,Girafarig,Stats,Raw count,,57
2020-09_gen3ou-0.json,Girafarig,Stats,Avg. weight,,1.0
2020-09_gen3ou-0.json,Girafarig,Stats,Viability Ceiling,,71
2020-09_gen3ou-0.json,Girafarig,Stats,Calm,,54.386
2020-09_gen3ou-0.json,Girafarig,Stats,Bold,,8.772
2020-09_gen3ou-0.json,Girafarig,Stats,Modest,,8.772
2020-09_gen3ou-0.json,Girafarig,Stats,Hardy,,7.018
2020-09_gen3ou-0.json,Girafarig,Stats,Timid,,5.263
2020-09_gen3ou-0.json,Girafarig,Stats,Impish,,5.263
2020-09_gen3ou-0.json,Girafarig,Abilities,,Early Bird,85.965
2020-09_gen3ou-0.json,Girafarig,Abilities,,Inner Focus,14.035
2020-09_gen3ou-0.json,Girafarig,Items,,Leftovers,78.947
2020-09_gen3ou-0.json,Girafarig,Items,,Salac Berry,8.772
2020-09_gen3ou-0.json,Girafarig,Items,,Lum Berry,5.263
2020-09_gen3ou-0.json,Girafarig,Items,,Petaya Berry,1.754
2020-09_gen3ou-0.json,Girafarig,Items,,Twisted Spoon,1.754
2020-09_gen3ou-0.json,Girafarig,Items,,Other,3.509
2020-09_gen3ou-0.json,Girafarig,Spreads,,Other,10.526
2020-09_gen3ou-0.json,Girafarig,Moves,,Calm Mind,85.965
2020-09_gen3ou-0.json,Girafarig,Moves,,Baton Pass,75.439
2020-09_gen3ou-0.json,Girafarig,Moves,,Wish,54.386
2020-09_gen3ou-0.json,Girafarig,Moves,,Thunder,54.386
2020-09_gen3ou-0.json,Girafarig,Moves,,Psychic,38.596
2020-09_gen3ou-0.json,Girafarig,Moves,,Agility,26.316
2020-09_gen3ou-0.json,Girafarig,Moves,,Crunch,21.053
2020-09_gen3ou-0.json,Girafarig,Moves,,Thunderbolt,17.544
2020-09_gen3ou-0.json,Girafarig,Moves,,Protect,5.263
2020-09_gen3ou-0.json,Girafarig,Moves,,Substitute,5.263
2020-09_gen3ou-0.json,Girafarig,Moves,,Other,15.789
2020-09_gen3ou-0.json,Arbok,Stats,Raw count,,78
2020-09_gen3ou-0.json,Arbok,Stats,Avg. weight,,1.0
2020-09_gen3ou-0.json,Arbok,Stats,Viability Ceiling,,53
2020-09_gen3ou-0.json,Arbok,Stats,Adamant,,3.846
2020-09_gen3ou-0.json,Arbok,Stats,Hasty,,5.128
2020-09_gen3ou-0.json,Arbok,Stats,Hardy,,3.846
2020-09_gen3ou-0.json,Arbok,Abilities,,Intimidate,98.718
2020-09_gen3ou-0.json,Arbok,Abilities,,Shed Skin,1.282
2020-09_gen3ou-0.json,Arbok,Items,,Leftovers,71.795
2020-09_gen3ou-0.json,Arbok,Items,,Nothing,8.974
2020-09_gen3ou-0.json,Arbok,Items,,Aguav Berry,5.128
2020-09_gen3ou-0.json,Arbok,Items,,Choice Band,5.128
2020-09_gen3ou-0.json,Arbok,Items,,Quick Claw,3.846
2020-09_gen3ou-0.json,Arbok,Items,,Figy Berry,3.846
2020-09_gen3ou-0.json,Arbok,Items,,Other,1.282
2020-09_gen3ou-0.json,Arbok,Spreads,,Other,7.692
2020-09_gen3ou-0.json,Arbok,Moves,,Sludge Bomb,100.0
2020-09_gen3ou-0.json,Arbok,Moves,,Glare,78.205
2020-09_gen3ou-0.json,Arbok,Moves,,Iron Tail,69.231
2020-09_gen3ou-0.json,Arbok,Moves,,Facade,64.103
2020-09_gen3ou-0.json,Arbok,Moves,,Earthquake,29.487
2020-09_gen3ou-0.json,Arbok,Moves,,Rock Slide,23.077
2020-09_gen3ou-0.json,Arbok,Moves,,Giga Drain,8.974
2020-09_gen3ou-0.json,Arbok,Moves,,Hyper Beam,7.692
2020-09_gen3ou-0.json,Arbok,Moves,,Other,19.231
2020-09_gen3ou-0.json,Ditto,Stats,Raw count,,59
2020-09_gen3ou-0.json,Ditto,Stats,Avg. weight,,1.0
2020-09_gen3ou-0.json,Ditto,Stats,Viability Ceiling,,60
2020-09_gen3ou-0.json,Ditto,Stats,Impish,,30.508
2020-09_gen3ou-0.json,Ditto,Stats,Bold,,11.864
2020-09_gen3ou-0.json,Ditto,Stats,Jolly,,6.780
2020-09_gen3ou-0.json,Ditto,Stats,Naive,,6.780
2020-09_gen3ou-0.json,Ditto,Stats,Hardy,,5.085
2020-09_gen3ou-0.json,Ditto,Abilities,,Limber,100.0
2020-09_gen3ou-0.json,Ditto,Items,,Metal Powder,54.237
2020-09_gen3ou-0.json,Ditto,Items,,Leftovers,27.119
2020-09_gen3ou-0.json,Ditto,Items,,Quick Claw,15.254
2020-09_gen3ou-0.json,Ditto,Items,,Other,3.39
2020-09_gen3ou-0.json,Ditto,Spreads,,Other,32.203
2020-09_gen3ou-0.json,Ditto,Moves,,Nothing,300.0
2020-09_gen3ou-0.json,Ditto,Moves,,Transform,100.0
2020-09_gen3ou-0.json,Butterfree,Stats,Raw count,,56
2020-09_gen3ou-0.json,Butterfree,Stats,Avg. weight,,1.0
2020-09_gen3ou-0.json,Butterfree,Stats,Viability Ceiling,,78
2020-09_gen3ou-0.json,Butterfree,Stats,Timid,,7.143
2020-09_gen3ou-0.json,Butterfree,Stats,Calm,,8.929
2020-09_gen3ou-0.json,Butterfree,Stats,Jolly,,7.143
2020-09_gen3ou-0.json,Butterfree,Stats,Modest,,5.357
2020-09_gen3ou-0.json,Butterfree,Abilities,,Compound Eyes,100.0
2020-09_gen3ou-0.json,Butterfree,Items,,Leftovers,28.571
2020-09_gen3ou-0.json,Butterfree,Items,,Salac Berry,26.786
2020-09_gen3ou-0.json,Butterfree,Items,,Focus Band,10.714
2020-09_gen3ou-0.json,Butterfree,Items,,Twisted Spoon,8.929
2020-09_gen3ou-0.json,Butterfree,Items,,Nothing,7.143
2020-09_gen3ou-0.json,Butterfree,Items,,Petaya Berry,5.357
2020-09_gen3ou-0.json,Butterfree,Items,,Quick Claw,5.357
2020-09_gen3ou-0.json,Butterfree,Items,,Lum Berry,3.571
2020-09_gen3ou-0.json,Butterfree,Items,,Other,3.571
2020-09_gen3ou-0.json,Butterfree,Spreads,,Other,23.214
2020-09_gen3ou-0.json,Butterfree,Moves,,Sleep Powder,89.286
2020-09_gen3ou-0.json,Butterfree,Moves,,Psychic,57.143
2020-09_gen3ou-0.json,Butterfree,Moves,,Stun Spore,39.286
2020-09_gen3ou-0.json,Butterfree,Moves,,Dream Eater,35.714
2020-09_gen3ou-0.json,Butterfree,Moves,,Hidden Power Ground,26.786
2020-09_gen3ou-0.json,Butterfree,Moves,,Toxic,21.429
2020-09_gen3ou-0.json,Butterfree,Moves,,Giga Drain,16.071
2020-09_gen3ou-0.json,Butterfree,Moves,,Whirlwind,16.071
2020-09_gen3ou-0.json,Butterfree,Moves,,Poison Powder,14.286
2020-09_gen3ou-0.json,Butterfree,Moves,,Substitute,10.714
2020-09_gen3ou-0.json,Butterfree,Moves,,Silver Wind,10.714
2020-09_gen3ou-0.json,Butterfree,Moves,,Swagger,7.143
2020-09_gen3ou-0.json,Butterfree,Moves,,Protect,7.143
2020-09_gen3ou-0.json,Butterfree,Moves,,Hidden Power Electric,5.357
2020-09_gen3ou-0.json,Butterfree,Moves,,Facade,3.571
2020-09_gen3ou-0.json,Butterfree,Moves,,Supersonic,3.571
2020-09_gen3ou-0.json,Butterfree,Moves,,Shadow Ball,3.571
2020-09_gen3ou-0.json,Butterfree,Moves,,Rain Dance,3.571
2020-09_gen3ou-0.json,Butterfree,Moves,,Solar Beam,3.571
2020-09_gen3ou-0.json,Butterfree,Moves,,Aerial Ace,3.571
2020-09_gen3ou-0.json,Butterfree,Moves,,Sunny Day,3.571
2020-09_gen3ou-0.json,Butterfree,Moves,,Other,17.857
2020-09_gen3ou-0.json,Beedrill,Stats,Raw count,,57
2020-09_gen3ou-0.json,Beedrill,Stats,Avg. weight,,1.0
2020-09_gen3ou-0.json,Beedrill,Stats,Viability Ceiling,,53
2020-09_gen3ou-0.json,Beedrill,Stats,Adamant,,43.860
2020-09_gen3ou-0.json,Beedrill,Stats,Jolly,,5.263
2020-09_gen3ou-0.json,Beedrill,Stats,Mild,,5.263
2020-09_gen3ou-0.json,Beedrill,Abilities,,Swarm,100.0
2020-09_gen3ou-0.json,Beedrill,Items,,Salac Berry,49.123
2020-09_gen3ou-0.json,Beedrill,Items,,Choice Band,21.053
2020-09_gen3ou-0.json,Beedrill,Items,,Leftovers,10.526
2020-09_gen3ou-0.json,Beedrill,Items,,Quick Claw,8.772
2020-09_gen3ou-0.json,Beedrill,Items,,Lax Incense,5.263
2020-09_gen3ou-0.json,Beedrill,Items,,Silver Powder,1.754
2020-09_gen3ou-0.json,Beedrill,Items,,Other,3.509
2020-09_gen3ou-0.json,Beedrill,Spreads,,Other,28.07
2020-09_gen3ou-0.json,Beedrill,Moves,,Sludge Bomb,85.965
2020-09_gen3ou-0.json,Beedrill,Moves,,Swords Dance,75.439
2020-09_gen3ou-0.json,Beedrill,Moves,,Twineedle,45.614
2020-09_gen3ou-0.json,Beedrill,Moves,,Brick Break,29.825
2020-09_gen3ou-0.json,Beedrill,Moves,,Endure,26.316
2020-09_gen3ou-0.json,Beedrill,Moves,,Pin Missile,24.561
2020-09_gen3ou-0.json,Beedrill,Moves,,Substitute,22.807
2020-09_gen3ou-0.json,Beedrill,Moves,,Hidden Power Bug,17.544
2020-09_gen3ou-0.json,Beedrill,Moves,,Return,17.544
2020-09_gen3ou-0.json,Beedrill,Moves,,Aerial Ace,12.281
2020-09_gen3ou-0.json,Beedrill,Moves,,Frustration,7.018
2020-09_gen3ou-0.json,Beedrill,Moves,,Hidden Power Rock,7.018
2020-09_gen3ou-0.json,Beedrill,Moves,,Giga Drain,5.263
2020-09_gen3ou-0.json,Beedrill,Moves,,Facade,5.263
2020-09_gen3ou-0.json,Beedrill,Moves,,Other,17.544
2020-09_gen3ou-0.json,Piloswine,Stats,Raw count,,55
2020-09_gen3ou-0.json,Piloswine,Stats,Avg. weight,,1.0
2020-09_gen3ou-0.json,Piloswine,Stats,Viability Ceiling,,74
2020-09_gen3ou-0.json,Piloswine,Stats,Naive,,14.545
2020-09_gen3ou-0.json,Piloswine,Stats,Jolly,,14.545
2020-09_gen3ou-0.json,Piloswine,Stats,Quiet,,12.727
2020-09_gen3ou-0.json,Piloswine,Stats,Naughty,,10.909
2020-09_gen3ou-0.json,Piloswine,Stats,Brave,,9.091
2020-09_gen3ou-0.json,Piloswine,Stats,Sassy,,7.273
2020-09_gen3ou-0.json,Piloswine,Abilities,,Oblivious,100.0
2020-09_gen3ou-0.json,Piloswine,Items,,Leftovers,41.818
2020-09_gen3ou-0.json,Piloswine,Items,,Choice Band,23.636
2020-09_gen3ou-0.json,Piloswine,Items,,Salac Berry,14.545
2020-09_gen3ou-0.json,Piloswine,Items,,Lum Berry,9.091
2020-09_gen3ou-0.json,Piloswine,Items,,Never-Melt Ice,5.455
2020-09_gen3ou-0.json,Piloswine,Items,,Sitrus Berry,3.636
2020-09_gen3ou-0.json,Piloswine,Items,,Other,1.818
2020-09_gen3ou-0.json,Piloswine,Spreads,,Other,30.909
2020-09_gen3ou-0.json,Piloswine,Moves,,Earthquake,89.091
2020-09_gen3ou-0.json,Piloswine,Moves,,Ice Beam,38.182
2020-09_gen3ou-0.json,Piloswine,Moves,,Ancient Power,36.364
2020-09_gen3ou-0.json,Piloswine,Moves,,Double-Edge,36.364
2020-09_gen3ou-0.json,Piloswine,Moves,,Rock Slide,34.545
2020-09_gen3ou-0.json,Piloswine,Moves,,Blizzard,30.909
2020-09_gen3ou-0.json,Piloswine,Moves,,Light Screen,18.182
2020-09_gen3ou-0.json,Piloswine,Moves,,Reflect,16.364
2020-09_gen3ou-0.json,Piloswine,Moves,,Substitute,14.545
2020-09_gen3ou-0.json,Piloswine,Moves,,Toxic,14.545
2020-09_gen3ou-0.json,Piloswine,Moves,,Rest,10.909
2020-09_gen3ou-0.json,Piloswine,Moves,,Sleep Talk,10.909
2020-09_gen3ou-0.json,Piloswine,Moves,,Hidden Power Fighting,9.091
2020-09_gen3ou-0.json,Piloswine,Moves,,Hidden Power Grass,7.273
2020-09_gen3ou-0.json,Piloswine,Moves,,Roar,7.273
2020-09_gen3ou-0.json,Piloswine,Moves,,Body Slam,5.455
2020-09_gen3ou-0.json,Piloswine,Moves,,Protect,5.455
2020-09_gen3ou-0.json,Piloswine,Moves,,Other,14.545
2020-09_gen3ou-0.json,Pupitar,Stats,Raw count,,54
2020-09_gen3ou-0.json,Pupitar,Stats,Avg. weight,,1.0
2020-09_gen3ou-0.json,Pupitar,Stats,Viability Ceiling,,64
2020-09_gen3ou-0.json,Pupitar,Stats,Adamant,,3.704
2020-09_gen3ou-0.json,Pupitar,Abilities,,Shed Skin,100.0
2020-09_gen3ou-0.json,Pupitar,Items,,Leftovers,94.444
2020-09_gen3ou-0.json,Pupitar,Items,,Nothing,5.556
2020-09_gen3ou-0.json,Pupitar,Spreads,,Other,1.852
2020-09_gen3ou-0.json,Pupitar,Moves,,Earthquake,100.0
2020-09_gen3ou-0.json,Pupitar,Moves,,Rock Slide,94.444
2020-09_gen3ou-0.json,Pupitar,Moves,,Dragon Dance,94.444
2020-09_gen3ou-0.json,Pupitar,Moves,,Rest,59.259
2020-09_gen3ou-0.json,Pupitar,Moves,,Taunt,24.074
2020-09_gen3ou-0.json,Pupitar,Moves,,Protect,9.259
2020-09_gen3ou-0.json,Pupitar,Moves,,Other,18.519
2020-09_gen3ou-0.json,Shelgon,Stats,Raw count,,53
2020-09_gen3ou-0.json,Shelgon,Stats,Avg. weight,,1.0
2020-09_gen3ou-0.json,Shelgon,Stats,Viability Ceiling,,60
2020-09_gen3ou-0.json,Shelgon,Stats,Impish,,32.075
2020-09_gen3ou-0.json,Shelgon,Stats,Adamant,,9.434
2020-09_gen3ou-0.json,Shelgon,Stats,Jolly,,9.434
2020-09_gen3ou-0.json,Shelgon,Stats,Careful,,3.774
2020-09_gen3ou-0.json,Shelgon,Abilities,,Rock Head,100.0
2020-09_gen3ou-0.json,Shelgon,Items,,Leftovers,69.811
2020-09_gen3ou-0.json,Shelgon,Items,,Nothing,9.434
2020-09_gen3ou-0.json,Shelgon,Items,,Choice Band,9.434
2020-09_gen3ou-0.json,Shelgon,Items,,Lum Berry,9.434
2020-09_gen3ou-0.json,Shelgon,Items,,Other,1.887
2020-09_gen3ou-0.json,Shelgon,Spreads,,Other,5.66
2020-09_gen3ou-0.json,Shelgon,Moves,,Double-Edge,67.925
2020-09_gen3ou-0.json,Shelgon,Moves,,Brick Break,56.604
2020-09_gen3ou-0.json,Shelgon,Moves,,Dragon Dance,49.057
2020-09_gen3ou-0.json,Shelgon,Moves,,Rock Slide,37.736
2020-09_gen3ou-0.json,Shelgon,Moves,,Wish,32.075
2020-09_gen3ou-0.json,Shelgon,Moves,,Toxic,32.075
2020-09_gen3ou-0.json,Shelgon,Moves,,Protect,28.302
2020-09_gen3ou-0.json,Shelgon,Moves,,Hidden Power Ghost,20.755
2020-09_gen3ou-0.json,Shelgon,Moves,,Roar,18.868
2020-09_gen3ou-0.json,Shelgon,Moves,,Rest,13.208
2020-09_gen3ou-0.json,Shelgon,Moves,,Body Slam,13.208
2020-09_gen3ou-0.json,Shelgon,Moves,,Dragon Claw,9.434
2020-09_gen3ou-0.json,Shelgon,Moves,,Rock Tomb,9.434
2020-09_gen3ou-0.json,Shelgon,Moves,,Other,11.321
2020-09_gen3ou-0.json,Kingler,Stats,Raw count,,51
2020-09_gen3ou-0.json,Kingler,Stats,Avg. weight,,1.0
2020-09_gen3ou-0.json,Kingler,Stats,Viability Ceiling,,54
2020-09_gen3ou-0.json,Kingler,Stats,Jolly,,49.020
2020-09_gen3ou-0.json,Kingler,Stats,Hardy,,17.647
2020-09_gen3ou-0.json,Kingler,Stats,Adamant,,13.725
2020-09_gen3ou-0.json,Kingler,Stats,Naughty,,1.961
2020-09_gen3ou-0.json,Kingler,Stats,Rash,,1.961
2020-09_gen3ou-0.json,Kingler,Abilities,,Hyper Cutter,88.235
2020-09_gen3ou-0.json,Kingler,Abilities,,Shell Armor,11.765
2020-09_gen3ou-0.json,Kingler,Items,,Salac Berry,72.549
2020-09_gen3ou-0.json,Kingler,Items,,Leftovers,23.529
2020-09_gen3ou-0.json,Kingler,Items,,Other,3.922
2020-09_gen3ou-0.json,Kingler,Spreads,,Other,7.843
2020-09_gen3ou-0.json,Kingler,Moves,,Swords Dance,76.471
2020-09_gen3ou-0.json,Kingler,Moves,,Endure,64.706
2020-09_gen3ou-0.json,Kingler,Moves,,Flail,62.745
2020-09_gen3ou-0.json,Kingler,Moves,,Hidden Power Ghost,50.98
2020-09_gen3ou-0.json,Kingler,Moves,,Body Slam,27.451
2020-09_gen3ou-0.json,Kingler,Moves,,Hyper Beam,23.529
2020-09_gen3ou-0.json,Kingler,Moves,,Double-Edge,19.608
2020-09_gen3ou-0.json,Kingler,Moves,,Toxic,15.686
2020-09_gen3ou-0.json,Kingler,Moves,,Hidden Power Fighting,13.725
2020-09_gen3ou-0.json,Kingler,Moves,,Crabhammer,13.725
2020-09_gen3ou-0.json,Kingler,Moves,,Strength,7.843
2020-09_gen3ou-0.json,Kingler,Moves,,Return,5.882
2020-09_gen3ou-0.json,Kingler,Moves,,Other,17.647
2020-09_gen3ou-0.json,Huntail,Stats,Raw count,,51
2020-09_gen3ou-0.json,Huntail,Stats,Avg. weight,,1.0
2020-09_gen3ou-0.json,Huntail,Stats,Viability Ceiling,,74
2020-09_gen3ou-0.json,Huntail,Stats,Timid,,72.549
2020-09_gen3ou-0.json,Huntail,Stats,Modest,,11.765
2020-09_gen3ou-0.json,Huntail,Stats,Hardy,,5.882
2020-09_gen3ou-0.json,Huntail,Stats,Rash,,5.882
2020-09_gen3ou-0.json,Huntail,Abilities,,Swift Swim,100.0
2020-09_gen3ou-0.json,Huntail,Items,,Leftovers,84.314
2020-09_gen3ou-0.json,Huntail,Items,,Mystic Water,7.843
2020-09_gen3ou-0.json,Huntail,Items,,Deep Sea Tooth,5.882
2020-09_gen3ou-0.json,Huntail,Items,,Other,1.961
2020-09_gen3ou-0.json,Huntail,Spreads,,Other,3.922
2020-09_gen3ou-0.json,Huntail,Moves,,Ice Beam,98.039
2020-09_gen3ou-0.json,Huntail,Moves,,Hydro Pump,92.157
2020-09_gen3ou-0.json,Huntail,Moves,,Rain Dance,88.235
2020-09_gen3ou-0.json,Huntail,Moves,,Hidden Power Grass,72.549
2020-09_gen3ou-0.json,Huntail,Moves,,Crunch,15.686
2020-09_gen3ou-0.json,Huntail,Moves,,Hidden Power Electric,13.725
2020-09_gen3ou-0.json,Huntail,Moves,,Other,19.608
2020-09_gen3ou-0.json,Volbeat,Stats,Raw count,,53
2020-09_gen3ou-0.json,Volbeat,Stats,Avg. weight,,1.0
2020-09_gen3ou-0.json,Volbeat,Stats,Viability Ceiling,,66
2020-09_gen3ou-0.json,Volbeat,Stats,Timid,,28.302
2020-09_gen3ou-0.json,Volbeat,Stats,Hasty,,5.660
2020-09_gen3ou-0.json,Volbeat,Stats,Adamant,,5.660
2020-09_gen3ou-0.json,Volbeat,Stats,Naive,,5.660
2020-09_gen3ou-0.json,Volbeat,Abilities,,Illuminate,67.925
2020-09_gen3ou-0.json,Volbeat,Abilities,,Swarm,32.075
2020-09_gen3ou-0.json,Volbeat,Items,,Choice Band,69.811
2020-09_gen3ou-0.json,Volbeat,Items,,Leftovers,15.094
2020-09_gen3ou-0.json,Volbeat,Items,,Bright Powder,5.66
2020-09_gen3ou-0.json,Volbeat,Items,,Wiki Berry,5.66
2020-09_gen3ou-0.json,Volbeat,Items,,Other,3.774
2020-09_gen3ou-0.json,Volbeat,Spreads,,Other,11.321
2020-09_gen3ou-0.json,Volbeat,Moves,,Tail Glow,88.679
2020-09_gen3ou-0.json,Volbeat,Moves,,Trick,77.358
2020-09_gen3ou-0.json,Volbeat,Moves,,Baton Pass,67.925
2020-09_gen3ou-0.json,Volbeat,Moves,,Hidden Power Fire,30.189
2020-09_gen3ou-0.json,Volbeat,Moves,,Thunder,30.189
2020-09_gen3ou-0.json,Volbeat,Moves,,Thunderbolt,28.302
2020-09_gen3ou-0.json,Volbeat,Moves,,Moonlight,15.094
2020-09_gen3ou-0.json,Volbeat,Moves,,Ice Punch,13.208
2020-09_gen3ou-0.json,Volbeat,Moves,,Signal Beam,11.321
2020-09_gen3ou-0.json,Volbeat,Moves,,Giga Drain,7.547
2020-09_gen3ou-0.json,Volbeat,Moves,,Shadow Ball,7.547
2020-09_gen3ou-0.json,Volbeat,Moves,,Seismic Toss,5.66
2020-09_gen3ou-0.json,Volbeat,Moves,,Other,16.981
2020-09_gen3ou-0.json,Masquerain,Stats,Raw count,,54
2020-09_gen3ou-0.json,Masquerain,Stats,Avg. weight,,1.0
2020-09_gen3ou-0.json,Masquerain,Stats,Viability Ceiling,,53
2020-09_gen3ou-0.json,Masquerain,Stats,Modest,,5.556
2020-09_gen3ou-0.json,Masquerain,Stats,Timid,,5.556
2020-09_gen3ou-0.json,Masquerain,Stats,Lonely,,5.556
2020-09_gen3ou-0.json,Masquerain,Abilities,,Intimidate,100.0
2020-09_gen3ou-0.json,Masquerain,Items,,Leftovers,59.259
2020-09_gen3ou-0.json,Masquerain,Items,,Lax Incense,9.259
2020-09_gen3ou-0.json,Masquerain,Items,,Focus Band,7.407
2020-09_gen3ou-0.json,Masquerain,Items,,Salac Berry,5.556
2020-09_gen3ou-0.json,Masquerain,Items,,Sitrus Berry,5.556
2020-09_gen3ou-0.json,Masquerain,Items,,Petaya Berry,3.704
2020-09_gen3ou-0.json,Masquerain,Items,,Mystic Water,3.704
2020-09_gen3ou-0.json,Masquerain,Items,,Silver Powder,1.852
2020-09_gen3ou-0.json,Masquerain,Items,,Other,3.704
2020-09_gen3ou-0.json,Masquerain,Spreads,,Other,12.963
2020-09_gen3ou-0.json,Masquerain,Moves,,Hydro Pump,83.333
2020-09_gen3ou-0.json,Masquerain,Moves,,Ice Beam,77.778
2020-09_gen3ou-0.json,Masquerain,Moves,,Giga Drain,64.815
2020-09_gen3ou-0.json,Masquerain,Moves,,Protect,51.852
2020-09_gen3ou-0.json,Masquerain,Moves,,Stun Spore,24.074
2020-09_gen3ou-0.json,Masquerain,Moves,,Blizzard,14.815
2020-09_gen3ou-0.json,Masquerain,Moves,,Silver Wind,12.963
2020-09_gen3ou-0.json,Masquerain,Moves,,Hidden Power Fire,9.259
2020-09_gen3ou-0.json,Masquerain,Moves,,Shadow Ball,7.407
2020-09_gen3ou-0.json,Masquerain,Moves,,Aerial Ace,5.556
2020-09_gen3ou-0.json,Masquerain,Moves,,Rain Dance,5.556
2020-09_gen3ou-0.json,Masquerain,Moves,,Hidden Power Bug,5.556
2020-09_gen3ou-0.json,Masquerain,Moves,,Endure,5.556
2020-09_gen3ou-0.json,Masquerain,Moves,,Double-Edge,5.556
2020-09_gen3ou-0.json,Masquerain,Moves,,Nothing,3.704
2020-09_gen3ou-0.json,Masquerain,Moves,,Substitute,3.704
2020-09_gen3ou-0.json,Masquerain,Moves,,Other,18.519
2020-09_gen3ou-0.json,Xatu,Stats,Raw count,,52
2020-09_gen3ou-0.json,Xatu,Stats,Avg. weight,,1.0
2020-09_gen3ou-0.json,Xatu,Stats,Viability Ceiling,,55
2020-09_gen3ou-0.json,Xatu,Stats,Hardy,,3.846
2020-09_gen3ou-0.json,Xatu,Stats,Calm,,17.308
2020-09_gen3ou-0.json,Xatu,Stats,Timid,,13.462
2020-09_gen3ou-0.json,Xatu,Stats,Hasty,,9.615
2020-09_gen3ou-0.json,Xatu,Stats,Careful,,5.769
2020-09_gen3ou-0.json,Xatu,Abilities,,Synchronize,76.923
2020-09_gen3ou-0.json,Xatu,Abilities,,Early Bird,23.077
2020-09_gen3ou-0.json,Xatu,Items,,Leftovers,57.692
2020-09_gen3ou-0.json,Xatu,Items,,Chesto Berry,23.077
2020-09_gen3ou-0.json,Xatu,Items,,Lum Berry,5.769
2020-09_gen3ou-0.json,Xatu,Items,,Nothing,5.769
2020-09_gen3ou-0.json,Xatu,Items,,Quick Claw,3.846
2020-09_gen3ou-0.json,Xatu,Items,,Other,3.846
2020-09_gen3ou-0.json,Xatu,Spreads,,Other,21.154
2020-09_gen3ou-0.json,Xatu,Moves,,Psychic,69.231
2020-09_gen3ou-0.json,Xatu,Moves,,Calm Mind,65.385
2020-09_gen3ou-0.json,Xatu,Moves,,Confuse Ray,51.923
2020-09_gen3ou-0.json,Xatu,Moves,,Thunder Wave,46.154
2020-09_gen3ou-0.json,Xatu,Moves,,Rest,42.308
2020-09_gen3ou-0.json,Xatu,Moves,,Night Shade,19.231
2020-09_gen3ou-0.json,Xatu,Moves,,Giga Drain,17.308
2020-09_gen3ou-0.json,Xatu,Moves,,Drill Peck,11.538
2020-09_gen3ou-0.json,Xatu,Moves,,Baton Pass,7.692
2020-09_gen3ou-0.json,Xatu,Moves,,Shadow Ball,7.692
2020-09_gen3ou-0.json,Xatu,Moves,,Light Screen,7.692
2020-09_gen3ou-0.json,Xatu,Moves,,Protect,7.692
2020-09_gen3ou-0.json,Xatu,Moves,,Wish,7.692
2020-09_gen3ou-0.json,Xatu,Moves,,Substitute,5.769
2020-09_gen3ou-0.json,Xatu,Moves,,Reflect,5.769
2020-09_gen3ou-0.json,Xatu,Moves,,Sunny Day,5.769
2020-09_gen3ou-0.json,Xatu,Moves,,Steel Wing,3.846
2020-09_gen3ou-0.json,Xatu,Moves,,Other,17.308
2020-09_gen3ou-0.json,Fearow,Stats,Raw count,,45
2020-09_gen3ou-0.json,Fearow,Stats,Avg. weight,,1.0
2020-09_gen3ou-0.json,Fearow,Stats,Viability Ceiling,,53
2020-09_gen3ou-0.json,Fearow,Stats,Jolly,,15.556
2020-09_gen3ou-0.json,Fearow,Stats,Adamant,,15.556
2020-09_gen3ou-0.json,Fearow,Stats,Hardy,,6.667
2020-09_gen3ou-0.json,Fearow,Abilities,,Keen Eye,100.0
2020-09_gen3ou-0.json,Fearow,Items,,Choice Band,33.333
2020-09_gen3ou-0.json,Fearow,Items,,Black Glasses,22.222
2020-09_gen3ou-0.json,Fearow,Items,,Sharp Beak,17.778
2020-09_gen3ou-0.json,Fearow,Items,,Quick Claw,8.889
2020-09_gen3ou-0.json,Fearow,Items,,Nothing,8.889
2020-09_gen3ou-0.json,Fearow,Items,,Leftovers,6.667
2020-09_gen3ou-0.json,Fearow,Items,,Other,2.222
2020-09_gen3ou-0.json,Fearow,Spreads,,Other,28.889
2020-09_gen3ou-0.json,Fearow,Moves,,Drill Peck,91.111
2020-09_gen3ou-0.json,Fearow,Moves,,Tri Attack,42.222
2020-09_gen3ou-0.json,Fearow,Moves,,Steel Wing,42.222
2020-09_gen3ou-0.json,Fearow,Moves,,Double-Edge,31.111
2020-09_gen3ou-0.json,Fearow,Moves,,Quick Attack,26.667
2020-09_gen3ou-0.json,Fearow,Moves,,Hidden Power Ground,26.667
2020-09_gen3ou-0.json,Fearow,Moves,,Return,17.778
2020-09_gen3ou-0.json,Fearow,Moves,,Protect,17.778
2020-09_gen3ou-0.json,Fearow,Moves,,Feint Attack,15.556
2020-09_gen3ou-0.json,Fearow,Moves,,Pursuit,15.556
2020-09_gen3ou-0.json,Fearow,Moves,,Agility,11.111
2020-09_gen3ou-0.json,Fearow,Moves,,Fly,11.111
2020-09_gen3ou-0.json,Fearow,Moves,,Hyper Beam,8.889
2020-09_gen3ou-0.json,Fearow,Moves,,Sky Attack,8.889
2020-09_gen3ou-0.json,Fearow,Moves,,Thief,6.667
2020-09_gen3ou-0.json,Fearow,Moves,,Mud-Slap,6.667
2020-09_gen3ou-0.json,Fearow,Moves,,Nothing,4.444
2020-09_gen3ou-0.json,Fearow,Moves,,Other,15.556
2020-09_gen3ou-0.json,Dewgong,Stats,Raw count,,50
2020-09_gen3ou-0.json,Dewgong,Stats,Avg. weight,,1.0
2020-09_gen3ou-0.json,Dewgong,Stats,Viability Ceiling,,51
2020-09_gen3ou-0.json,Dewgong,Stats,Quiet,,16.000
2020-09_gen3ou-0.json,Dewgong,Stats,Calm,,16.000
2020-09_gen3ou-0.json,Dewgong,Stats,Modest,,6.000
2020-09_gen3ou-0.json,Dewgong,Stats,Sassy,,8.000
2020-09_gen3ou-0.json,Dewgong,Stats,Bold,,6.000
2020-09_gen3ou-0.json,Dewgong,Abilities,,Thick Fat,100.0
2020-09_gen3ou-0.json,Dewgong,Items,,Leftovers,70.0
2020-09_gen3ou-0.json,Dewgong,Items,,Nothing,10.0
2020-09_gen3ou-0.json,Dewgong,Items,,Chesto Berry,6.0
2020-09_gen3ou-0.json,Dewgong,Items,,King's Rock,6.0
2020-09_gen3ou-0.json,Dewgong,Items,,Mystic Water,4.0
2020-09_gen3ou-0.json,Dewgong,Items,,Other,4.0
2020-09_gen3ou-0.json,Dewgong,Spreads,,Other,38.0
2020-09_gen3ou-0.json,Dewgong,Moves,,Ice Beam,84.0
2020-09_gen3ou-0.json,Dewgong,Moves,,Surf,80.0
2020-09_gen3ou-0.json,Dewgong,Moves,,Fake Out,34.0
2020-09_gen3ou-0.json,Dewgong,Moves,,Perish Song,26.0
2020-09_gen3ou-0.json,Dewgong,Moves,,Waterfall,22.0
2020-09_gen3ou-0.json,Dewgong,Moves,,Toxic,20.0
2020-09_gen3ou-0.json,Dewgong,Moves,,Safeguard,16.0
2020-09_gen3ou-0.json,Dewgong,Moves,,Hail,12.0
2020-09_gen3ou-0.json,Dewgong,Moves,,Signal Beam,12.0
2020-09_gen3ou-0.json,Dewgong,Moves,,Hidden Power Electric,10.0
2020-09_gen3ou-0.json,Dewgong,Moves,,Hidden Power Fire,10.0
2020-09_gen3ou-0.json,Dewgong,Moves,,Body Slam,10.0
2020-09_gen3ou-0.json,Dewgong,Moves,,Protect,10.0
2020-09_gen3ou-0.json,Dewgong,Moves,,Encore,10.0
2020-09_gen3ou-0.json,Dewgong,Moves,,Facade,8.0
2020-09_gen3ou-0.json,Dewgong,Moves,,Disable,8.0
2020-09_gen3ou-0.json,Dewgong,Moves,,Icicle Spear,6.0
2020-09_gen3ou-0.json,Dewgong,Moves,,Substitute,6.0
2020-09_gen3ou-0.json,Dewgong,Moves,,Other,16.0
2020-09_gen3ou-0.json,Delibird,Stats,Raw count,,43
2020-09_gen3ou-0.json,Delibird,Stats,Avg. weight,,1.0
2020-09_gen3ou-0.json,Delibird,Stats,Viability Ceiling,,46
2020-09_gen3ou-0.json,Delibird,Stats,Jolly,,58.140
2020-09_gen3ou-0.json,Delibird,Stats,Adamant,,25.581
2020-09_gen3ou-0.json,Delibird,Stats,Hasty,,6.977
2020-09_gen3ou-0.json,Delibird,Stats,Naive,,4.651
2020-09_gen3ou-0.json,Delibird,Abilities,,Vital Spirit,60.465
2020-09_gen3ou-0.json,Delibird,Abilities,,Hustle,39.535
2020-09_gen3ou-0.json,Delibird,Items,,Leftovers,60.465
2020-09_gen3ou-0.json,Delibird,Items,,Choice Band,34.884
2020-09_gen3ou-0.json,Delibird,Items,,Other,4.651
2020-09_gen3ou-0.json,Delibird,Spreads,,Other,4.651
2020-09_gen3ou-0.json,Delibird,Moves,,Rapid Spin,60.465
2020-09_gen3ou-0.json,Delibird,Moves,,Mimic,58.14
2020-09_gen3ou-0.json,Delibird,Moves,,Toxic,58.14
2020-09_gen3ou-0.json,Delibird,Moves,,Protect,44.186
2020-09_gen3ou-0.json,Delibird,Moves,,Aerial Ace,39.535
2020-09_gen3ou-0.json,Delibird,Moves,,Quick Attack,34.884
2020-09_gen3ou-0.json,Delibird,Moves,,Focus Punch,32.558
2020-09_gen3ou-0.json,Delibird,Moves,,Hidden Power Ground,25.581
2020-09_gen3ou-0.json,Delibird,Moves,,Present,16.279
2020-09_gen3ou-0.json,Delibird,Moves,,Ice Beam,13.953
2020-09_gen3ou-0.json,Delibird,Moves,,Other,16.279
2020-09_gen3ou-0.json,Magby,Stats,Raw count,,45
2020-09_gen3ou-0.json,Magby,Stats,Avg. weight,,1.0
2020-09_gen3ou-0.json,Magby,Stats,Viability Ceiling,,55
2020-09_gen3ou-0.json,Magby,Stats,Rash,,86.667
2020-09_gen3ou-0.json,Magby,Stats,Naughty,,11.111
2020-09_gen3ou-0.json,Magby,Abilities,,Flame Body,100.0
2020-09_gen3ou-0.json,Magby,Items,,Salac Berry,97.778
2020-09_gen3ou-0.json,Magby,Items,,Other,2.222
2020-09_gen3ou-0.json,Magby,Spreads,,Other,2.222
2020-09_gen3ou-0.json,Magby,Moves,,Substitute,100.0
2020-09_gen3ou-0.json,Magby,Moves,,Focus Punch,97.778
2020-09_gen3ou-0.json,Magby,Moves,,Hidden Power Grass,97.778
2020-09_gen3ou-0.json,Magby,Moves,,Fire Blast,97.778
2020-09_gen3ou-0.json,Magby,Moves,,Other,6.667
2020-09_gen3ou-0.json,Tangela,Stats,Raw count,,44
2020-09_gen3ou-0.json,Tangela,Stats,Avg. weight,,1.0
2020-09_gen3ou-0.json,Tangela,Stats,Viability Ceiling,,55
2020-09_gen3ou-0.json,Tangela,Stats,Modest,,36.364
2020-09_gen3ou-0.json,Tangela,Stats,Naughty,,13.636
2020-09_gen3ou-0.json,Tangela,Stats,Timid,,6.818
2020-09_gen3ou-0.json,Tangela,Stats,Bold,,4.545
2020-09_gen3ou-0.json,Tangela,Abilities,,Chlorophyll,100.0
2020-09_gen3ou-0.json,Tangela,Items,,Leftovers,72.727
2020-09_gen3ou-0.json,Tangela,Items,,Sitrus Berry,13.636
2020-09_gen3ou-0.json,Tangela,Items,,Miracle Seed,11.364
2020-09_gen3ou-0.json,Tangela,Items,,Other,2.273
2020-09_gen3ou-0.json,Tangela,Spreads,,Other,15.909
2020-09_gen3ou-0.json,Tangela,Moves,,Giga Drain,84.091
2020-09_gen3ou-0.json,Tangela,Moves,,Leech Seed,54.545
2020-09_gen3ou-0.json,Tangela,Moves,,Sunny Day,31.818
2020-09_gen3ou-0.json,Tangela,Moves,,Hidden Power Fire,31.818
2020-09_gen3ou-0.json,Tangela,Moves,,Sleep Powder,31.818
2020-09_gen3ou-0.json,Tangela,Moves,,Stun Spore,25.0
2020-09_gen3ou-0.json,Tangela,Moves,,Solar Beam,20.455
2020-09_gen3ou-0.json,Tangela,Moves,,Morning Sun,15.909
2020-09_gen3ou-0.json,Tangela,Moves,,Nothing,13.636
2020-09_gen3ou-0.json,Tangela,Moves,,Sludge Bomb,13.636
2020-09_gen3ou-0.json,Tangela,Moves,,Vine Whip,13.636
2020-09_gen3ou-0.json,Tangela,Moves,,Swords Dance,13.636
2020-09_gen3ou-0.json,Tangela,Moves,,Constrict,13.636
2020-09_gen3ou-0.json,Tangela,Moves,,Protect,9.091
2020-09_gen3ou-0.json,Tangela,Moves,,Substitute,9.091
2020-09_gen3ou-0.json,Tangela,Moves,,Other,18.182
2020-09_gen3ou-0.json,Sudowoodo,Stats,Raw count,,41
2020-09_gen3ou-0.json,Sudowoodo,Stats,Avg. weight,,1.0
2020-09_gen3ou-0.json,Sudowoodo,Stats,Viability Ceiling,,54
2020-09_gen3ou-0.json,Sudowoodo,Stats,Adamant,,4.878
2020-09_gen3ou-0.json,Sudowoodo,Stats,Careful,,9.756
2020-09_gen3ou-0.json,Sudowoodo,Stats,Hardy,,4.878
2020-09_gen3ou-0.json,Sudowoodo,Abilities,,Rock Head,87.805
2020-09_gen3ou-0.json,Sudowoodo,Abilities,,Sturdy,12.195
2020-09_gen3ou-0.json,Sudowoodo,Items,,Leftovers,65.854
2020-09_gen3ou-0.json,Sudowoodo,Items,,Lum Berry,9.756
2020-09_gen3ou-0.json,Sudowoodo,Items,,Silk Scarf,9.756
2020-09_gen3ou-0.json,Sudowoodo,Items,,Quick Claw,4.878
2020-09_gen3ou-0.json,Sudowoodo,Items,,Dragon Fang,4.878
2020-09_gen3ou-0.json,Sudowoodo,Items,,Other,4.878
2020-09_gen3ou-0.json,Sudowoodo,Spreads,,Other,4.878
2020-09_gen3ou-0.json,Sudowoodo,Moves,,Earthquake,95.122
2020-09_gen3ou-0.json,Sudowoodo,Moves,,Double-Edge,75.61
2020-09_gen3ou-0.json,Sudowoodo,Moves,,Brick Break,68.293
2020-09_gen3ou-0.json,Sudowoodo,Moves,,Hidden Power Rock,60.976
2020-09_gen3ou-0.json,Sudowoodo,Moves,,Rock Slide,29.268
2020-09_gen3ou-0.json,Sudowoodo,Moves,,Explosion,21.951
2020-09_gen3ou-0.json,Sudowoodo,Moves,,Low Kick,12.195
2020-09_gen3ou-0.json,Sudowoodo,Moves,,Sandstorm,9.756
2020-09_gen3ou-0.json,Sudowoodo,Moves,,Counter,4.878
2020-09_gen3ou-0.json,Sudowoodo,Moves,,Focus Punch,4.878
2020-09_gen3ou-0.json,Sudowoodo,Moves,,Other,17.073
2020-09_gen3ou-0.json,Kadabra,Stats,Raw count,,46
2020-09_gen3ou-0.json,Kadabra,Stats,Avg. weight,,1.0
2020-09_gen3ou-0.json,Kadabra,Stats,Viability Ceiling,,55
2020-09_gen3ou-0.json,Kadabra,Stats,Hasty,,23.913
2020-09_gen3ou-0.json,Kadabra,Stats,Timid,,8.696
2020-09_gen3ou-0.json,Kadabra,Stats,Hardy,,6.522
2020-09_gen3ou-0.json,Kadabra,Stats,Modest,,8.696
2020-09_gen3ou-0.json,Kadabra,Abilities,,Synchronize,100.0
2020-09_gen3ou-0.json,Kadabra,Items,,Leftovers,36.957
2020-09_gen3ou-0.json,Kadabra,Items,,Choice Band,23.913
2020-09_gen3ou-0.json,Kadabra,Items,,Nothing,21.739
2020-09_gen3ou-0.json,Kadabra,Items,,Petaya Berry,15.217
2020-09_gen3ou-0.json,Kadabra,Items,,Other,2.174
2020-09_gen3ou-0.json,Kadabra,Spreads,,Other,19.565
2020-09_gen3ou-0.json,Kadabra,Moves,,Psychic,89.13
2020-09_gen3ou-0.json,Kadabra,Moves,,Calm Mind,56.522
2020-09_gen3ou-0.json,Kadabra,Moves,,Fire Punch,34.783
2020-09_gen3ou-0.json,Kadabra,Moves,,Psybeam,30.435
2020-09_gen3ou-0.json,Kadabra,Moves,,Trick,23.913
2020-09_gen3ou-0.json,Kadabra,Moves,,Ice Punch,21.739
2020-09_gen3ou-0.json,Kadabra,Moves,,Thunder Punch,21.739
2020-09_gen3ou-0.json,Kadabra,Moves,,Thief,13.043
2020-09_gen3ou-0.json,Kadabra,Moves,,Shadow Ball,13.043
2020-09_gen3ou-0.json,Kadabra,Moves,,Iron Tail,13.043
2020-09_gen3ou-0.json,Kadabra,Moves,,Shock Wave,10.87
2020-09_gen3ou-0.json,Kadabra,Moves,,Reflect,10.87
2020-09_gen3ou-0.json,Kadabra,Moves,,Rest,8.696
2020-09_gen3ou-0.json,Kadabra,Moves,,Recover,8.696
2020-09_gen3ou-0.json,Kadabra,Moves,,Flash,8.696
2020-09_gen3ou-0.json,Kadabra,Moves,,Disable,6.522
2020-09_gen3ou-0.json,Kadabra,Moves,,Future Sight,6.522
2020-09_gen3ou-0.json,Kadabra,Moves,,Body Slam,6.522
2020-09_gen3ou-0.json,Kadabra,Moves,,Other,15.217
2020-09_gen3ou-0.json,Delcatty,Stats,Raw count,,33
2020-09_gen3ou-0.json,Delcatty,Stats,Avg. weight,,1.0
2020-09_gen3ou-0.json,Delcatty,Stats,Viability Ceiling,,51
2020-09_gen3ou-0.json,Delcatty,Stats,Quiet,,27.273
2020-09_gen3ou-0.json,Delcatty,Stats,Naughty,,15.152
2020-09_gen3ou-0.json,Delcatty,Stats,Bold,,12.121
2020-09_gen3ou-0.json,Delcatty,Stats,Hardy,,9.091
2020-09_gen3ou-0.json,Delcatty,Stats,Lax,,9.091
2020-09_gen3ou-0.json,Delcatty,Abilities,,Cute Charm,100.0
2020-09_gen3ou-0.json,Delcatty,Items,,Chesto Berry,27.273
2020-09_gen3ou-0.json,Delcatty,Items,,Leftovers,24.242
2020-09_gen3ou-0.json,Delcatty,Items,,Silk Scarf,15.152
2020-09_gen3ou-0.json,Delcatty,Items,,Salac Berry,9.091
2020-09_gen3ou-0.json,Delcatty,Items,,Sitrus Berry,9.091
2020-09_gen3ou-0.json,Delcatty,Items,,Lum Berry,9.091
2020-09_gen3ou-0.json,Delcatty,Items,,Nothing,3.03
2020-09_gen3ou-0.json,Delcatty,Items,,Other,3.03
2020-09_gen3ou-0.json,Delcatty,Spreads,,Other,18.182
2020-09_gen3ou-0.json,Delcatty,Moves,,Calm Mind,36.364
2020-09_gen3ou-0.json,Delcatty,Moves,,Body Slam,36.364
2020-09_gen3ou-0.json,Delcatty,Moves,,Thunder,36.364
2020-09_gen3ou-0.json,Delcatty,Moves,,Blizzard,27.273
2020-09_gen3ou-0.json,Delcatty,Moves,,Rest,27.273
2020-09_gen3ou-0.json,Delcatty,Moves,,Thunder Wave,27.273
2020-09_gen3ou-0.json,Delcatty,Moves,,Shadow Ball,27.273
2020-09_gen3ou-0.json,Delcatty,Moves,,Thunderbolt,21.212
2020-09_gen3ou-0.json,Delcatty,Moves,,Baton Pass,18.182
2020-09_gen3ou-0.json,Delcatty,Moves,,Ice Beam,15.152
2020-09_gen3ou-0.json,Delcatty,Moves,,Return,15.152
2020-09_gen3ou-0.json,Delcatty,Moves,,Heal Bell,12.121
2020-09_gen3ou-0.json,Delcatty,Moves,,Sing,12.121
2020-09_gen3ou-0.json,Delcatty,Moves,,Wish,12.121
2020-09_gen3ou-0.json,Delcatty,Moves,,Nothing,9.091
2020-09_gen3ou-0.json,Delcatty,Moves,,Hidden Power Fighting,9.091
2020-09_gen3ou-0.json,Delcatty,Moves,,Hyper Beam,9.091
2020-09_gen3ou-0.json,Delcatty,Moves,,Double-Edge,9.091
2020-09_gen3ou-0.json,Delcatty,Moves,,Facade,6.061
2020-09_gen3ou-0.json,Delcatty,Moves,,Assist,6.061
2020-09_gen3ou-0.json,Delcatty,Moves,,Attract,3.03
2020-09_gen3ou-0.json,Delcatty,Moves,,Growl,3.03
2020-09_gen3ou-0.json,Delcatty,Moves,,Water Pulse,3.03
2020-09_gen3ou-0.json,Delcatty,Moves,,Other,18.182
2020-09_gen3ou-0.json,Feebas,Stats,Raw count,,33
2020-09_gen3ou-0.json,Feebas,Stats,Avg. weight,,1.0
2020-09_gen3ou-0.json,Feebas,Stats,Viability Ceiling,,52
2020-09_gen3ou-0.json,Feebas,Stats,Timid,,63.636
2020-09_gen3ou-0.json,Feebas,Stats,Jolly,,33.333
2020-09_gen3ou-0.json,Feebas,Abilities,,Swift Swim,100.0
2020-09_gen3ou-0.json,Feebas,Items,,Bright Powder,63.636
2020-09_gen3ou-0.json,Feebas,Items,,Leftovers,33.333
2020-09_gen3ou-0.json,Feebas,Items,,Other,3.03
2020-09_gen3ou-0.json,Feebas,Spreads,,Other,3.03
2020-09_gen3ou-0.json,Feebas,Moves,,Toxic,96.97
2020-09_gen3ou-0.json,Feebas,Moves,,Substitute,96.97
2020-09_gen3ou-0.json,Feebas,Moves,,Hypnosis,63.636
2020-09_gen3ou-0.json,Feebas,Moves,,Swagger,63.636
2020-09_gen3ou-0.json,Feebas,Moves,,Protect,33.333
2020-09_gen3ou-0.json,Feebas,Moves,,Confuse Ray,33.333
2020-09_gen3ou-0.json,Feebas,Moves,,Other,12.121
2020-09_gen3ou-0.json,Beautifly,Stats,Raw count,,34
2020-09_gen3ou-0.json,Beautifly,Stats,Avg. weight,,1.0
2020-09_gen3ou-0.json,Beautifly,Stats,Viability Ceiling,,48
2020-09_gen3ou-0.json,Beautifly,Stats,Timid,,8.824
2020-09_gen3ou-0.json,Beautifly,Stats,Hardy,,5.882
2020-09_gen3ou-0.json,Beautifly,Stats,Hasty,,14.706
2020-09_gen3ou-0.json,Beautifly,Stats,Lonely,,8.824
2020-09_gen3ou-0.json,Beautifly,Abilities,,Swarm,100.0
2020-09_gen3ou-0.json,Beautifly,Items,,Leftovers,35.294
2020-09_gen3ou-0.json,Beautifly,Items,,Bright Powder,20.588
2020-09_gen3ou-0.json,Beautifly,Items,,Silver Powder,14.706
2020-09_gen3ou-0.json,Beautifly,Items,,Choice Band,11.765
2020-09_gen3ou-0.json,Beautifly,Items,,Sitrus Berry,8.824
2020-09_gen3ou-0.json,Beautifly,Items,,Lum Berry,5.882
2020-09_gen3ou-0.json,Beautifly,Items,,Other,2.941
2020-09_gen3ou-0.json,Beautifly,Spreads,,Other,23.529
2020-09_gen3ou-0.json,Beautifly,Moves,,Giga Drain,91.176
2020-09_gen3ou-0.json,Beautifly,Moves,,Psychic,47.059
2020-09_gen3ou-0.json,Beautifly,Moves,,Stun Spore,41.176
2020-09_gen3ou-0.json,Beautifly,Moves,,Morning Sun,38.235
2020-09_gen3ou-0.json,Beautifly,Moves,,Silver Wind,32.353
2020-09_gen3ou-0.json,Beautifly,Moves,,Shadow Ball,23.529
2020-09_gen3ou-0.json,Beautifly,Moves,,Hidden Power Dark,17.647
2020-09_gen3ou-0.json,Beautifly,Moves,,Toxic,17.647
2020-09_gen3ou-0.json,Beautifly,Moves,,Hidden Power Electric,14.706
2020-09_gen3ou-0.json,Beautifly,Moves,,Whirlwind,14.706
2020-09_gen3ou-0.json,Beautifly,Moves,,Safeguard,11.765
2020-09_gen3ou-0.json,Beautifly,Moves,,Aerial Ace,5.882
2020-09_gen3ou-0.json,Beautifly,Moves,,Hidden Power Fighting,5.882
2020-09_gen3ou-0.json,Beautifly,Moves,,Hidden Power Ice,5.882
2020-09_gen3ou-0.json,Beautifly,Moves,,Frustration,5.882
2020-09_gen3ou-0.json,Beautifly,Moves,,Sunny Day,5.882
2020-09_gen3ou-0.json,Beautifly,Moves,,Substitute,2.941
2020-09_gen3ou-0.json,Beautifly,Moves,,Other,17.647
2020-09_gen3ou-0.json,Swalot,Stats,Raw count,,33
2020-09_gen3ou-0.json,Swalot,Stats,Avg. weight,,1.0
2020-09_gen3ou-0.json,Swalot,Stats,Viability Ceiling,,43
2020-09_gen3ou-0.json,Swalot,Stats,Quiet,,24.242
2020-09_gen3ou-0.json,Swalot,Stats,Careful,,21.212
2020-09_gen3ou-0.json,Swalot,Stats,Impish,,12.121
2020-09_gen3ou-0.json,Swalot,Stats,Adamant,,6.061
2020-09_gen3ou-0.json,Swalot,Stats,Hardy,,9.091
2020-09_gen3ou-0.json,Swalot,Abilities,,Liquid Ooze,84.848
2020-09_gen3ou-0.json,Swalot,Abilities,,Sticky Hold,15.152
2020-09_gen3ou-0.json,Swalot,Items,,Leftovers,39.394
2020-09_gen3ou-0.json,Swalot,Items,,Poison Barb,24.242
2020-09_gen3ou-0.json,Swalot,Items,,Chesto Berry,12.121
2020-09_gen3ou-0.json,Swalot,Items,,Nothing,9.091
2020-09_gen3ou-0.json,Swalot,Items,,Lum Berry,6.061
2020-09_gen3ou-0.json,Swalot,Items,,Choice Band,6.061
2020-09_gen3ou-0.json,Swalot,Items,,Other,3.03
2020-09_gen3ou-0.json,Swalot,Spreads,,Other,18.182
2020-09_gen3ou-0.json,Swalot,Moves,,Sludge Bomb,93.939
2020-09_gen3ou-0.json,Swalot,Moves,,Shadow Ball,60.606
2020-09_gen3ou-0.json,Swalot,Moves,,Toxic,36.364
2020-09_gen3ou-0.json,Swalot,Moves,,Amnesia,30.303
2020-09_gen3ou-0.json,Swalot,Moves,,Ice Beam,27.273
2020-09_gen3ou-0.json,Swalot,Moves,,Explosion,24.242
2020-09_gen3ou-0.json,Swalot,Moves,,Yawn,24.242
2020-09_gen3ou-0.json,Swalot,Moves,,Body Slam,24.242
2020-09_gen3ou-0.json,Swalot,Moves,,Thunder Punch,24.242
2020-09_gen3ou-0.json,Swalot,Moves,,Hidden Power Ground,21.212
2020-09_gen3ou-0.json,Swalot,Moves,,Rest,18.182
2020-09_gen3ou-0.json,Swalot,Moves,,Other,15.152
2020-09_gen3ou-0.json,Magikarp,Stats,Raw count,,31
2020-09_gen3ou-0.json,Magikarp,Stats,Avg. weight,,1.0
2020-09_gen3ou-0.json,Magikarp,Stats,Viability Ceiling,,55
2020-09_gen3ou-0.json,Magikarp,Stats,Adamant,,6.452
2020-09_gen3ou-0.json,Magikarp,Stats,Hardy,,12.903
2020-09_gen3ou-0.json,Magikarp,Stats,Jolly,,9.677
2020-09_gen3ou-0.json,Magikarp,Stats,Impish,,6.452
2020-09_gen3ou-0.json,Magikarp,Abilities,,Swift Swim,100.0
2020-09_gen3ou-0.json,Magikarp,Items,,Choice Band,45.161
2020-09_gen3ou-0.json,Magikarp,Items,,Salac Berry,25.806
2020-09_gen3ou-0.json,Magikarp,Items,,Focus Band,16.129
2020-09_gen3ou-0.json,Magikarp,Items,,Bright Powder,6.452
2020-09_gen3ou-0.json,Magikarp,Items,,Leftovers,3.226
2020-09_gen3ou-0.json,Magikarp,Items,,Other,3.226
2020-09_gen3ou-0.json,Magikarp,Spreads,,Other,3.226
2020-09_gen3ou-0.json,Magikarp,Moves,,Nothing,164.516
2020-09_gen3ou-0.json,Magikarp,Moves,,Flail,96.774
2020-09_gen3ou-0.json,Magikarp,Moves,,Tackle,80.645
2020-09_gen3ou-0.json,Magikarp,Moves,,Splash,58.065
2020-09_gen3ou-0.json,Spinda,Stats,Raw count,,32
2020-09_gen3ou-0.json,Spinda,Stats,Avg. weight,,1.0
2020-09_gen3ou-0.json,Spinda,Stats,Viability Ceiling,,51
2020-09_gen3ou-0.json,Spinda,Stats,Timid,,31.250
2020-09_gen3ou-0.json,Spinda,Stats,Jolly,,15.625
2020-09_gen3ou-0.json,Spinda,Stats,Bold,,15.625
2020-09_gen3ou-0.json,Spinda,Stats,Modest,,6.250
2020-09_gen3ou-0.json,Spinda,Stats,Adamant,,9.375
2020-09_gen3ou-0.json,Spinda,Abilities,,Own Tempo,100.0
2020-09_gen3ou-0.json,Spinda,Items,,Leftovers,34.375
2020-09_gen3ou-0.json,Spinda,Items,,Salac Berry,31.25
2020-09_gen3ou-0.json,Spinda,Items,,Silk Scarf,15.625
2020-09_gen3ou-0.json,Spinda,Items,,Lum Berry,15.625
2020-09_gen3ou-0.json,Spinda,Items,,Other,3.125
2020-09_gen3ou-0.json,Spinda,Spreads,,Other,12.5
2020-09_gen3ou-0.json,Spinda,Moves,,Encore,62.5
2020-09_gen3ou-0.json,Spinda,Moves,,Hypnosis,50.0
2020-09_gen3ou-0.json,Spinda,Moves,,Substitute,34.375
2020-09_gen3ou-0.json,Spinda,Moves,,Baton Pass,31.25
2020-09_gen3ou-0.json,Spinda,Moves,,Teeter Dance,25.0
2020-09_gen3ou-0.json,Spinda,Moves,,Psychic,25.0
2020-09_gen3ou-0.json,Spinda,Moves,,Dizzy Punch,18.75
2020-09_gen3ou-0.json,Spinda,Moves,,Calm Mind,15.625
2020-09_gen3ou-0.json,Spinda,Moves,,Shadow Ball,15.625
2020-09_gen3ou-0.json,Spinda,Moves,,Body Slam,15.625
2020-09_gen3ou-0.json,Spinda,Moves,,Seismic Toss,15.625
2020-09_gen3ou-0.json,Spinda,Moves,,Fire Punch,12.5
2020-09_gen3ou-0.json,Spinda,Moves,,Ice Punch,12.5
2020-09_gen3ou-0.json,Spinda,Moves,,Focus Punch,9.375
2020-09_gen3ou-0.json,Spinda,Moves,,Wish,9.375
2020-09_gen3ou-0.json,Spinda,Moves,,Thrash,9.375
2020-09_gen3ou-0.json,Spinda,Moves,,Thunder Punch,9.375
2020-09_gen3ou-0.json,Spinda,Moves,,Swagger,6.25
2020-09_gen3ou-0.json,Spinda,Moves,,Rest,3.125
2020-09_gen3ou-0.json,Spinda,Moves,,Other,18.75
2020-09_gen3ou-0.json,Dragonair,Stats,Raw count,,29
2020-09_gen3ou-0.json,Dragonair,Stats,Avg. weight,,1.0
2020-09_gen3ou-0.json,Dragonair,Stats,Viability Ceiling,,60
2020-09_gen3ou-0.json,Dragonair,Stats,Modest,,24.138
2020-09_gen3ou-0.json,Dragonair,Stats,Gentle,,20.690
2020-09_gen3ou-0.json,Dragonair,Stats,Timid,,17.241
2020-09_gen3ou-0.json,Dragonair,Stats,Lonely,,10.345
2020-09_gen3ou-0.json,Dragonair,Stats,Hasty,,6.897
2020-09_gen3ou-0.json,Dragonair,Stats,Hardy,,6.897
2020-09_gen3ou-0.json,Dragonair,Abilities,,Shed Skin,100.0
2020-09_gen3ou-0.json,Dragonair,Items,,Leftovers,44.828
2020-09_gen3ou-0.json,Dragonair,Items,,Sitrus Berry,20.69
2020-09_gen3ou-0.json,Dragonair,Items,,Nothing,17.241
2020-09_gen3ou-0.json,Dragonair,Items,,Focus Band,10.345
2020-09_gen3ou-0.json,Dragonair,Items,,Aguav Berry,6.897
2020-09_gen3ou-0.json,Dragonair,Spreads,,Other,13.793
2020-09_gen3ou-0.json,Dragonair,Moves,,Thunderbolt,68.966
2020-09_gen3ou-0.json,Dragonair,Moves,,Ice Beam,68.966
2020-09_gen3ou-0.json,Dragonair,Moves,,Fire Blast,44.828
2020-09_gen3ou-0.json,Dragonair,Moves,,Thunder Wave,41.379
2020-09_gen3ou-0.json,Dragonair,Moves,,Agility,24.138
2020-09_gen3ou-0.json,Dragonair,Moves,,Protect,20.69
2020-09_gen3ou-0.json,Dragonair,Moves,,Dragon Rage,17.241
2020-09_gen3ou-0.json,Dragonair,Moves,,Dragon Dance,13.793
2020-09_gen3ou-0.json,Dragonair,Moves,,Flamethrower,13.793
2020-09_gen3ou-0.json,Dragonair,Moves,,Thunder,10.345
2020-09_gen3ou-0.json,Dragonair,Moves,,Iron Tail,10.345
2020-09_gen3ou-0.json,Dragonair,Moves,,Hyper Beam,10.345
2020-09_gen3ou-0.json,Dragonair,Moves,,Outrage,10.345
2020-09_gen3ou-0.json,Dragonair,Moves,,Return,10.345
2020-09_gen3ou-0.json,Dragonair,Moves,,Safeguard,10.345
2020-09_gen3ou-0.json,Dragonair,Moves,,Hidden Power Ground,10.345
2020-09_gen3ou-0.json,Dragonair,Moves,,Other,13.793
2020-09_gen3ou-0.json,Chimecho,Stats,Raw count,,29
2020-09_gen3ou-0.json,Chimecho,Stats,Avg. weight,,1.0
2020-09_gen3ou-0.json,Chimecho,Stats,Viability Ceiling,,54
2020-09_gen3ou-0.json,Chimecho,Stats,Modest,,3.448
2020-09_gen3ou-0.json,Chimecho,Stats,Bold,,3.448
2020-09_gen3ou-0.json,Chimecho,Stats,Hardy,,3.448
2020-09_gen3ou-0.json,Chimecho,Abilities,,Levitate,100.0
2020-09_gen3ou-0.json,Chimecho,Items,,Leftovers,51.724
2020-09_gen3ou-0.json,Chimecho,Items,,Never-Melt Ice,20.69
2020-09_gen3ou-0.json,Chimecho,Items,,Twisted Spoon,20.69
2020-09_gen3ou-0.json,Chimecho,Items,,Nothing,3.448
2020-09_gen3ou-0.json,Chimecho,Items,,Other,3.448
2020-09_gen3ou-0.json,Chimecho,Spreads,,Other,6.897
2020-09_gen3ou-0.json,Chimecho,Moves,,Psychic,100.0
2020-09_gen3ou-0.json,Chimecho,Moves,,Heal Bell,72.414
2020-09_gen3ou-0.json,Chimecho,Moves,,Calm Mind,48.276
2020-09_gen3ou-0.json,Chimecho,Moves,,Icy Wind,41.379
2020-09_gen3ou-0.json,Chimecho,Moves,,Reflect,24.138
2020-09_gen3ou-0.json,Chimecho,Moves,,Toxic,24.138
2020-09_gen3ou-0.json,Chimecho,Moves,,Hidden Power Ice,20.69
2020-09_gen3ou-0.json,Chimecho,Moves,,Hidden Power Fire,20.69
2020-09_gen3ou-0.json,Chimecho,Moves,,Substitute,17.241
2020-09_gen3ou-0.json,Chimecho,Moves,,Light Screen,10.345
2020-09_gen3ou-0.json,Chimecho,Moves,,Taunt,6.897
2020-09_gen3ou-0.json,Chimecho,Moves,,Other,13.793
2020-09_gen3ou-0.json,Vigoroth,Stats,Raw count,,30
2020-09_gen3ou-0.json,Vigoroth,Stats,Avg. weight,,1.0
2020-09_gen3ou-0.json,Vigoroth,Stats,Viability Ceiling,,56
2020-09_gen3ou-0.json,Vigoroth,Stats,Naive,,56.667
2020-09_gen3ou-0.json,Vigoroth,Stats,Jolly,,3.333
2020-09_gen3ou-0.json,Vigoroth,Stats,Careful,,6.667
2020-09_gen3ou-0.json,Vigoroth,Stats,Adamant,,6.667
2020-09_gen3ou-0.json,Vigoroth,Stats,Lax,,3.333
2020-09_gen3ou-0.json,Vigoroth,Abilities,,Vital Spirit,100.0
2020-09_gen3ou-0.json,Vigoroth,Items,,Leftovers,70.0
2020-09_gen3ou-0.json,Vigoroth,Items,,Choice Band,13.333
2020-09_gen3ou-0.json,Vigoroth,Items,,Nothing,6.667
2020-09_gen3ou-0.json,Vigoroth,Items,,Bright Powder,6.667
2020-09_gen3ou-0.json,Vigoroth,Items,,Other,3.333
2020-09_gen3ou-0.json,Vigoroth,Spreads,,Other,6.667
2020-09_gen3ou-0.json,Vigoroth,Moves,,Brick Break,73.333
2020-09_gen3ou-0.json,Vigoroth,Moves,,Bulk Up,60.0
2020-09_gen3ou-0.json,Vigoroth,Moves,,Earthquake,40.0
2020-09_gen3ou-0.json,Vigoroth,Moves,,Shadow Ball,36.667
2020-09_gen3ou-0.json,Vigoroth,Moves,,Substitute,23.333
2020-09_gen3ou-0.json,Vigoroth,Moves,,Double-Edge,23.333
2020-09_gen3ou-0.json,Vigoroth,Moves,,Blizzard,13.333
2020-09_gen3ou-0.json,Vigoroth,Moves,,Rock Slide,13.333
2020-09_gen3ou-0.json,Vigoroth,Moves,,Slack Off,13.333
2020-09_gen3ou-0.json,Vigoroth,Moves,,Crush Claw,10.0
2020-09_gen3ou-0.json,Vigoroth,Moves,,Facade,10.0
2020-09_gen3ou-0.json,Vigoroth,Moves,,Thunderbolt,10.0
2020-09_gen3ou-0.json,Vigoroth,Moves,,Aerial Ace,10.0
2020-09_gen3ou-0.json,Vigoroth,Moves,,Flamethrower,10.0
2020-09_gen3ou-0.json,Vigoroth,Moves,,Return,10.0
2020-09_gen3ou-0.json,Vigoroth,Moves,,Yawn,6.667
2020-09_gen3ou-0.json,Vigoroth,Moves,,Pursuit,6.667
2020-09_gen3ou-0.json,Vigoroth,Moves,,Secret Power,6.667
2020-09_gen3ou-0.json,Vigoroth,Moves,,Shock Wave,6.667
2020-09_gen3ou-0.json,Vigoroth,Moves,,Other,16.667
2020-09_gen3ou-0.json,Dustox,Stats,Raw count,,31
2020-09_gen3ou-0.json,Dustox,Stats,Avg. weight,,1.0
2020-09_gen3ou-0.json,Dustox,Stats,Viability Ceiling,,51
2020-09_gen3ou-0.json,Dustox,Stats,Hardy,,6.452
2020-09_gen3ou-0.json,Dustox,Stats,Adamant,,9.677
2020-09_gen3ou-0.json,Dustox,Abilities,,Shield Dust,100.0
2020-09_gen3ou-0.json,Dustox,Items,,Leftovers,51.613
2020-09_gen3ou-0.json,Dustox,Items,,Salac Berry,19.355
2020-09_gen3ou-0.json,Dustox,Items,,Lum Berry,12.903
2020-09_gen3ou-0.json,Dustox,Items,,Poison Barb,9.677
2020-09_gen3ou-0.json,Dustox,Items,,Nothing,3.226
2020-09_gen3ou-0.json,Dustox,Items,,Other,3.226
2020-09_gen3ou-0.json,Dustox,Spreads,,Other,32.258
2020-09_gen3ou-0.json,Dustox,Moves,,Sludge Bomb,67.742
2020-09_gen3ou-0.json,Dustox,Moves,,Silver Wind,67.742
2020-09_gen3ou-0.json,Dustox,Moves,,Moonlight,35.484
2020-09_gen3ou-0.json,Dustox,Moves,,Shadow Ball,29.032
2020-09_gen3ou-0.json,Dustox,Moves,,Protect,25.806
2020-09_gen3ou-0.json,Dustox,Moves,,Giga Drain,25.806
2020-09_gen3ou-0.json,Dustox,Moves,,Toxic,22.581
2020-09_gen3ou-0.json,Dustox,Moves,,Psychic,22.581
2020-09_gen3ou-0.json,Dustox,Moves,,Facade,22.581
2020-09_gen3ou-0.json,Dustox,Moves,,Double-Edge,19.355
2020-09_gen3ou-0.json,Dustox,Moves,,Poison Sting,16.129
2020-09_gen3ou-0.json,Dustox,Moves,,Whirlwind,9.677
2020-09_gen3ou-0.json,Dustox,Moves,,Psybeam,6.452
2020-09_gen3ou-0.json,Dustox,Moves,,Aerial Ace,6.452
2020-09_gen3ou-0.json,Dustox,Moves,,Tackle,6.452
2020-09_gen3ou-0.json,Dustox,Moves,,Other,16.129
2020-09_gen3ou-0.json,Bulbasaur,Stats,Raw count,,27
2020-09_gen3ou-0.json,Bulbasaur,Stats,Avg. weight,,1.0
2020-09_gen3ou-0.json,Bulbasaur,Stats,Viability Ceiling,,42
2020-09_gen3ou-0.json,Bulbasaur,Stats,Modest,,33.333
2020-09_gen3ou-0.json,Bulbasaur,Stats,Quiet,,3.704
2020-09_gen3ou-0.json,Bulbasaur,Stats,Sassy,,25.926
2020-09_gen3ou-0.json,Bulbasaur,Stats,Hardy,,3.704
2020-09_gen3ou-0.json,Bulbasaur,Abilities,,Overgrow,100.0
2020-09_gen3ou-0.json,Bulbasaur,Items,,Leftovers,62.963
2020-09_gen3ou-0.json,Bulbasaur,Items,,Chesto Berry,33.333
2020-09_gen3ou-0.json,Bulbasaur,Items,,Other,3.704
2020-09_gen3ou-0.json,Bulbasaur,Spreads,,Other,3.704
2020-09_gen3ou-0.json,Bulbasaur,Moves,,Solar Beam,62.963
2020-09_gen3ou-0.json,Bulbasaur,Moves,,Giga Drain,37.037
2020-09_gen3ou-0.json,Bulbasaur,Moves,,Sunny Day,33.333
2020-09_gen3ou-0.json,Bulbasaur,Moves,,Razor Leaf,33.333
2020-09_gen3ou-0.json,Bulbasaur,Moves,,Rest,33.333
2020-09_gen3ou-0.json,Bulbasaur,Moves,,Bullet Seed,33.333
2020-09_gen3ou-0.json,Bulbasaur,Moves,,Sludge Bomb,29.63
2020-09_gen3ou-0.json,Bulbasaur,Moves,,Leech Seed,29.63
2020-09_gen3ou-0.json,Bulbasaur,Moves,,Vine Whip,29.63
2020-09_gen3ou-0.json,Bulbasaur,Moves,,Mud-Slap,29.63
2020-09_gen3ou-0.json,Bulbasaur,Moves,,Facade,29.63
2020-09_gen3ou-0.json,Bulbasaur,Moves,,Other,18.519
2020-09_gen3ou-0.json,Murkrow,Stats,Raw count,,28
2020-09_gen3ou-0.json,Murkrow,Stats,Avg. weight,,1.0
2020-09_gen3ou-0.json,Murkrow,Stats,Viability Ceiling,,59
2020-09_gen3ou-0.json,Murkrow,Stats,Hasty,,46.429
2020-09_gen3ou-0.json,Murkrow,Stats,Jolly,,3.571
2020-09_gen3ou-0.json,Murkrow,Stats,Serious,,7.143
2020-09_gen3ou-0.json,Murkrow,Stats,Modest,,3.571
2020-09_gen3ou-0.json,Murkrow,Abilities,,Insomnia,100.0
2020-09_gen3ou-0.json,Murkrow,Items,,Leftovers,82.143
2020-09_gen3ou-0.json,Murkrow,Items,,Nothing,7.143
2020-09_gen3ou-0.json,Murkrow,Items,,Black Glasses,3.571
2020-09_gen3ou-0.json,Murkrow,Items,,Choice Band,3.571
2020-09_gen3ou-0.json,Murkrow,Items,,Other,3.571
2020-09_gen3ou-0.json,Murkrow,Spreads,,Other,3.571
2020-09_gen3ou-0.json,Murkrow,Moves,,Drill Peck,53.571
2020-09_gen3ou-0.json,Murkrow,Moves,,Hidden Power Fighting,53.571
2020-09_gen3ou-0.json,Murkrow,Moves,,Thunder Wave,50.0
2020-09_gen3ou-0.json,Murkrow,Moves,,Pursuit,50.0
2020-09_gen3ou-0.json,Murkrow,Moves,,Shadow Ball,39.286
2020-09_gen3ou-0.json,Murkrow,Moves,,Toxic,39.286
2020-09_gen3ou-0.json,Murkrow,Moves,,Whirlwind,35.714
2020-09_gen3ou-0.json,Murkrow,Moves,,Substitute,32.143
2020-09_gen3ou-0.json,Murkrow,Moves,,Fly,7.143
2020-09_gen3ou-0.json,Murkrow,Moves,,Hidden Power Grass,7.143
2020-09_gen3ou-0.json,Murkrow,Moves,,Haze,7.143
2020-09_gen3ou-0.json,Murkrow,Moves,,Icy Wind,3.571
2020-09_gen3ou-0.json,Murkrow,Moves,,Return,3.571
2020-09_gen3ou-0.json,Murkrow,Moves,,Other,17.857
2020-09_gen3ou-0.json,Aipom,Stats,Raw count,,28
2020-09_gen3ou-0.json,Aipom,Stats,Avg. weight,,1.0
2020-09_gen3ou-0.json,Aipom,Stats,Viability Ceiling,,67
2020-09_gen3ou-0.json,Aipom,Stats,Calm,,32.143
2020-09_gen3ou-0.json,Aipom,Stats,Hardy,,7.143
2020-09_gen3ou-0.json,Aipom,Stats,Jolly,,10.714
2020-09_gen3ou-0.json,Aipom,Stats,Adamant,,7.143
2020-09_gen3ou-0.json,Aipom,Abilities,,Pickup,57.143
2020-09_gen3ou-0.json,Aipom,Abilities,,Run Away,42.857
2020-09_gen3ou-0.json,Aipom,Items,,Leftovers,53.571
2020-09_gen3ou-0.json,Aipom,Items,,Liechi Berry,32.143
2020-09_gen3ou-0.json,Aipom,Items,,Focus Band,7.143
2020-09_gen3ou-0.json,Aipom,Items,,Nothing,3.571
2020-09_gen3ou-0.json,Aipom,Items,,Other,3.571
2020-09_gen3ou-0.json,Aipom,Spreads,,Other,14.286
2020-09_gen3ou-0.json,Aipom,Moves,,Substitute,46.429
2020-09_gen3ou-0.json,Aipom,Moves,,Agility,46.429
2020-09_gen3ou-0.json,Aipom,Moves,,Taunt,39.286
2020-09_gen3ou-0.json,Aipom,Moves,,Baton Pass,32.143
2020-09_gen3ou-0.json,Aipom,Moves,,Fire Punch,25.0
2020-09_gen3ou-0.json,Aipom,Moves,,Toxic,21.429
2020-09_gen3ou-0.json,Aipom,Moves,,Brick Break,17.857
2020-09_gen3ou-0.json,Aipom,Moves,,Thunderbolt,14.286
2020-09_gen3ou-0.json,Aipom,Moves,,Shadow Ball,14.286
2020-09_gen3ou-0.json,Aipom,Moves,,Ice Punch,14.286
2020-09_gen3ou-0.json,Aipom,Moves,,Iron Tail,14.286
2020-09_gen3ou-0.json,Aipom,Moves,,Focus Punch,10.714
2020-09_gen3ou-0.json,Aipom,Moves,,Thunder Wave,10.714
2020-09_gen3ou-0.json,Aipom,Moves,,Body Slam,10.714
2020-09_gen3ou-0.json,Aipom,Moves,,Swift,10.714
2020-09_gen3ou-0.json,Aipom,Moves,,Screech,10.714
2020-09_gen3ou-0.json,Aipom,Moves,,Double-Edge,10.714
2020-09_gen3ou-0.json,Aipom,Moves,,Scratch,7.143
2020-09_gen3ou-0.json,Aipom,Moves,,Return,7.143
2020-09_gen3ou-0.json,Aipom,Moves,,Dig,7.143
2020-09_gen3ou-0.json,Aipom,Moves,,Sand Attack,7.143
2020-09_gen3ou-0.json,Aipom,Moves,,Nothing,3.571
2020-09_gen3ou-0.json,Aipom,Moves,,Other,17.857
2020-09_gen3ou-0.json,Wigglytuff,Stats,Raw count,,27
2020-09_gen3ou-0.json,Wigglytuff,Stats,Avg. weight,,1.0
2020-09_gen3ou-0.json,Wigglytuff,Stats,Viability Ceiling,,67
2020-09_gen3ou-0.json,Wigglytuff,Stats,Bold,,37.037
2020-09_gen3ou-0.json,Wigglytuff,Stats,Modest,,7.407
2020-09_gen3ou-0.json,Wigglytuff,Stats,Calm,,7.407
2020-09_gen3ou-0.json,Wigglytuff,Stats,Timid,,3.704
2020-09_gen3ou-0.json,Wigglytuff,Abilities,,Cute Charm,100.0
2020-09_gen3ou-0.json,Wigglytuff,Items,,Leftovers,96.296
2020-09_gen3ou-0.json,Wigglytuff,Items,,Other,3.704
2020-09_gen3ou-0.json,Wigglytuff,Spreads,,Other,7.407
2020-09_gen3ou-0.json,Wigglytuff,Moves,,Ice Beam,62.963
2020-09_gen3ou-0.json,Wigglytuff,Moves,,Counter,59.259
2020-09_gen3ou-0.json,Wigglytuff,Moves,,Return,37.037
2020-09_gen3ou-0.json,Wigglytuff,Moves,,Flamethrower,37.037
2020-09_gen3ou-0.json,Wigglytuff,Moves,,Thunderbolt,29.63
2020-09_gen3ou-0.json,Wigglytuff,Moves,,Hyper Voice,22.222
2020-09_gen3ou-0.json,Wigglytuff,Moves,,Hidden Power Grass,22.222
2020-09_gen3ou-0.json,Wigglytuff,Moves,,Rest,22.222
2020-09_gen3ou-0.json,Wigglytuff,Moves,,Sing,18.519
2020-09_gen3ou-0.json,Wigglytuff,Moves,,Protect,14.815
2020-09_gen3ou-0.json,Wigglytuff,Moves,,Perish Song,14.815
2020-09_gen3ou-0.json,Wigglytuff,Moves,,Toxic,14.815
2020-09_gen3ou-0.json,Wigglytuff,Moves,,Thunder Wave,11.111
2020-09_gen3ou-0.json,Wigglytuff,Moves,,Snatch,7.407
2020-09_gen3ou-0.json,Wigglytuff,Moves,,Psych Up,3.704
2020-09_gen3ou-0.json,Wigglytuff,Moves,,Mega Punch,3.704
2020-09_gen3ou-0.json,Wigglytuff,Moves,,Other,18.519
2020-09_gen3ou-0.json,Wooper,Stats,Raw count,,38
2020-09_gen3ou-0.json,Wooper,Stats,Avg. weight,,1.0
2020-09_gen3ou-0.json,Wooper,Stats,Viability Ceiling,,74
2020-09_gen3ou-0.json,Wooper,Stats,Impish,,71.053
2020-09_gen3ou-0.json,Wooper,Stats,Adamant,,26.316
2020-09_gen3ou-0.json,Wooper,Abilities,,Damp,71.053
2020-09_gen3ou-0.json,Wooper,Abilities,,Water Absorb,28.947
2020-09_gen3ou-0.json,Wooper,Items,,Leftovers,97.368
2020-09_gen3ou-0.json,Wooper,Items,,Other,2.632
2020-09_gen3ou-0.json,Wooper,Spreads,,Other,2.632
2020-09_gen3ou-0.json,Wooper,Moves,,Curse,97.368
2020-09_gen3ou-0.json,Wooper,Moves,,Rest,71.053
2020-09_gen3ou-0.json,Wooper,Moves,,Body Slam,71.053
2020-09_gen3ou-0.json,Wooper,Moves,,Amnesia,71.053
2020-09_gen3ou-0.json,Wooper,Moves,,Toxic,28.947
2020-09_gen3ou-0.json,Wooper,Moves,,Dynamic Punch,26.316
2020-09_gen3ou-0.json,Wooper,Moves,,Earthquake,26.316
2020-09_gen3ou-0.json,Wooper,Moves,,Other,7.895
2020-09_gen3ou-0.json,Onix,Stats,Raw count,,28
2020-09_gen3ou-0.json,Onix,Stats,Avg. weight,,1.0
2020-09_gen3ou-0.json,Onix,Stats,Viability Ceiling,,58
2020-09_gen3ou-0.json,Onix,Stats,Jolly,,10.714
2020-09_gen3ou-0.json,Onix,Stats,Naughty,,21.429
2020-09_gen3ou-0.json,Onix,Stats,Timid,,14.286
2020-09_gen3ou-0.json,Onix,Stats,Naive,,3.571
2020-09_gen3ou-0.json,Onix,Abilities,,Rock Head,64.286
2020-09_gen3ou-0.json,Onix,Abilities,,Sturdy,35.714
2020-09_gen3ou-0.json,Onix,Items,,Nothing,32.143
2020-09_gen3ou-0.json,Onix,Items,,Leftovers,21.429
2020-09_gen3ou-0.json,Onix,Items,,Salac Berry,21.429
2020-09_gen3ou-0.json,Onix,Items,,Lum Berry,10.714
2020-09_gen3ou-0.json,Onix,Items,,Aguav Berry,7.143
2020-09_gen3ou-0.json,Onix,Items,,Hard Stone,3.571
2020-09_gen3ou-0.json,Onix,Items,,Other,3.571
2020-09_gen3ou-0.json,Onix,Spreads,,Other,10.714
2020-09_gen3ou-0.json,Onix,Moves,,Rock Slide,75.0
2020-09_gen3ou-0.json,Onix,Moves,,Earthquake,46.429
2020-09_gen3ou-0.json,Onix,Moves,,Frustration,25.0
2020-09_gen3ou-0.json,Onix,Moves,,Bind,25.0
2020-09_gen3ou-0.json,Onix,Moves,,Block,25.0
2020-09_gen3ou-0.json,Onix,Moves,,Nothing,21.429
2020-09_gen3ou-0.json,Onix,Moves,,Rock Throw,21.429
2020-09_gen3ou-0.json,Onix,Moves,,Tackle,21.429
2020-09_gen3ou-0.json,Onix,Moves,,Iron Tail,17.857
2020-09_gen3ou-0.json,Onix,Moves,,Rest,14.286
2020-09_gen3ou-0.json,Onix,Moves,,Torment,14.286
2020-09_gen3ou-0.json,Onix,Moves,,Toxic,14.286
2020-09_gen3ou-0.json,Onix,Moves,,Explosion,14.286
2020-09_gen3ou-0.json,Onix,Moves,,Body Slam,14.286
2020-09_gen3ou-0.json,Onix,Moves,,Substitute,10.714
2020-09_gen3ou-0.json,Onix,Moves,,Rock Tomb,10.714
2020-09_gen3ou-0.json,Onix,Moves,,Roar,10.714
2020-09_gen3ou-0.json,Onix,Moves,,Other,17.857
2020-09_gen3ou-0.json,Totodile,Stats,Raw count,,27
2020-09_gen3ou-0.json,Totodile,Stats,Avg. weight,,1.0
2020-09_gen3ou-0.json,Totodile,Stats,Viability Ceiling,,55
2020-09_gen3ou-0.json,Totodile,Stats,Naughty,,37.037
2020-09_gen3ou-0.json,Totodile,Stats,Brave,,33.333
2020-09_gen3ou-0.json,Totodile,Stats,Hardy,,14.815
2020-09_gen3ou-0.json,Totodile,Stats,Lonely,,11.111
2020-09_gen3ou-0.json,Totodile,Abilities,,Torrent,100.0
2020-09_gen3ou-0.json,Totodile,Items,,Choice Band,51.852
2020-09_gen3ou-0.json,Totodile,Items,,Leftovers,33.333
2020-09_gen3ou-0.json,Totodile,Items,,Never-Melt Ice,11.111
2020-09_gen3ou-0.json,Totodile,Items,,Other,3.704
2020-09_gen3ou-0.json,Totodile,Spreads,,Other,3.704
2020-09_gen3ou-0.json,Totodile,Moves,,Hydro Pump,40.741
2020-09_gen3ou-0.json,Totodile,Moves,,Double-Edge,37.037
2020-09_gen3ou-0.json,Totodile,Moves,,Rock Slide,37.037
2020-09_gen3ou-0.json,Totodile,Moves,,Water Gun,37.037
2020-09_gen3ou-0.json,Totodile,Moves,,Iron Tail,37.037
2020-09_gen3ou-0.json,Totodile,Moves,,Leer,33.333
2020-09_gen3ou-0.json,Totodile,Moves,,Slash,33.333
2020-09_gen3ou-0.json,Totodile,Moves,,Bite,33.333
2020-09_gen3ou-0.json,Totodile,Moves,,Surf,14.815
2020-09_gen3ou-0.json,Totodile,Moves,,Ice Punch,14.815
2020-09_gen3ou-0.json,Totodile,Moves,,Focus Punch,14.815
2020-09_gen3ou-0.json,Totodile,Moves,,Dragon Claw,14.815
2020-09_gen3ou-0.json,Totodile,Moves,,Crunch,11.111
2020-09_gen3ou-0.json,Totodile,Moves,,Blizzard,11.111
2020-09_gen3ou-0.json,Totodile,Moves,,Brick Break,11.111
2020-09_gen3ou-0.json,Totodile,Moves,,Other,18.519
2020-09_gen3ou-0.json,Nosepass,Stats,Raw count,,28
2020-09_gen3ou-0.json,Nosepass,Stats,Avg. weight,,1.0
2020-09_gen3ou-0.json,Nosepass,Stats,Viability Ceiling,,48
2020-09_gen3ou-0.json,Nosepass,Stats,Brave,,39.286
2020-09_gen3ou-0.json,Nosepass,Stats,Adamant,,32.143
2020-09_gen3ou-0.json,Nosepass,Stats,Hardy,,3.571
2020-09_gen3ou-0.json,Nosepass,Stats,Timid,,3.571
2020-09_gen3ou-0.json,Nosepass,Abilities,,Sturdy,85.714
2020-09_gen3ou-0.json,Nosepass,Abilities,,Magnet Pull,14.286
2020-09_gen3ou-0.json,Nosepass,Items,,Hard Stone,39.286
2020-09_gen3ou-0.json,Nosepass,Items,,Nothing,28.571
2020-09_gen3ou-0.json,Nosepass,Items,,Leftovers,21.429
2020-09_gen3ou-0.json,Nosepass,Items,,Choice Band,7.143
2020-09_gen3ou-0.json,Nosepass,Items,,Other,3.571
2020-09_gen3ou-0.json,Nosepass,Spreads,,Other,10.714
2020-09_gen3ou-0.json,Nosepass,Moves,,Rock Slide,53.571
2020-09_gen3ou-0.json,Nosepass,Moves,,Fire Punch,42.857
2020-09_gen3ou-0.json,Nosepass,Moves,,Thunderbolt,39.286
2020-09_gen3ou-0.json,Nosepass,Moves,,Hidden Power Flying,32.143
2020-09_gen3ou-0.json,Nosepass,Moves,,Explosion,32.143
2020-09_gen3ou-0.json,Nosepass,Moves,,Body Slam,25.0
2020-09_gen3ou-0.json,Nosepass,Moves,,Earthquake,25.0
2020-09_gen3ou-0.json,Nosepass,Moves,,Self-Destruct,17.857
2020-09_gen3ou-0.json,Nosepass,Moves,,Rock Tomb,17.857
2020-09_gen3ou-0.json,Nosepass,Moves,,Double-Edge,17.857
2020-09_gen3ou-0.json,Nosepass,Moves,,Nothing,14.286
2020-09_gen3ou-0.json,Nosepass,Moves,,Tackle,14.286
2020-09_gen3ou-0.json,Nosepass,Moves,,Rock Throw,10.714
2020-09_gen3ou-0.json,Nosepass,Moves,,Rest,7.143
2020-09_gen3ou-0.json,Nosepass,Moves,,Hidden Power Fighting,7.143
2020-09_gen3ou-0.json,Nosepass,Moves,,Sleep Talk,7.143
2020-09_gen3ou-0.json,Nosepass,Moves,,Taunt,7.143
2020-09_gen3ou-0.json,Nosepass,Moves,,Harden,7.143
2020-09_gen3ou-0.json,Nosepass,Moves,,Thunder Wave,3.571
2020-09_gen3ou-0.json,Nosepass,Moves,,Other,17.857
2020-09_gen3ou-0.json,Magnemite,Stats,Raw count,,23
2020-09_gen3ou-0.json,Magnemite,Stats,Avg. weight,,1.0
2020-09_gen3ou-0.json,Magnemite,Stats,Viability Ceiling,,64
2020-09_gen3ou-0.json,Magnemite,Stats,Timid,,4.348
2020-09_gen3ou-0.json,Magnemite,Stats,Modest,,17.391
2020-09_gen3ou-0.json,Magnemite,Stats,Rash,,8.696
2020-09_gen3ou-0.json,Magnemite,Stats,Hardy,,4.348
2020-09_gen3ou-0.json,Magnemite,Abilities,,Magnet Pull,100.0
2020-09_gen3ou-0.json,Magnemite,Items,,Magnet,86.957
2020-09_gen3ou-0.json,Magnemite,Items,,Choice Band,8.696
2020-09_gen3ou-0.json,Magnemite,Items,,Other,4.348
2020-09_gen3ou-0.json,Magnemite,Spreads,,Other,4.348
2020-09_gen3ou-0.json,Magnemite,Moves,,Thunder Wave,86.957
2020-09_gen3ou-0.json,Magnemite,Moves,,Thunderbolt,78.261
2020-09_gen3ou-0.json,Magnemite,Moves,,Hidden Power Grass,60.87
2020-09_gen3ou-0.json,Magnemite,Moves,,Substitute,60.87
2020-09_gen3ou-0.json,Magnemite,Moves,,Thunder,26.087
2020-09_gen3ou-0.json,Magnemite,Moves,,Hidden Power Fire,21.739
2020-09_gen3ou-0.json,Magnemite,Moves,,Rain Dance,17.391
2020-09_gen3ou-0.json,Magnemite,Moves,,Facade,8.696
2020-09_gen3ou-0.json,Magnemite,Moves,,Double-Edge,8.696
2020-09_gen3ou-0.json,Magnemite,Moves,,Toxic,8.696
2020-09_gen3ou-0.json,Magnemite,Moves,,Metal Sound,8.696
2020-09_gen3ou-0.json,Magnemite,Moves,,Other,13.043
2020-09_gen3ou-0.json,Eevee,Stats,Raw count,,25
2020-09_gen3ou-0.json,Eevee,Stats,Avg. weight,,1.0
2020-09_gen3ou-0.json,Eevee,Stats,Viability Ceiling,,45
2020-09_gen3ou-0.json,Eevee,Stats,Hardy,,4.000
2020-09_gen3ou-0.json,Eevee,Stats,Adamant,,12.000
2020-09_gen3ou-0.json,Eevee,Stats,Lonely,,4.000
2020-09_gen3ou-0.json,Eevee,Abilities,,Run Away,100.0
2020-09_gen3ou-0.json,Eevee,Items,,Leftovers,56.0
2020-09_gen3ou-0.json,Eevee,Items,,Silk Scarf,32.0
2020-09_gen3ou-0.json,Eevee,Items,,Nothing,4.0
2020-09_gen3ou-0.json,Eevee,Items,,Oran Berry,4.0
2020-09_gen3ou-0.json,Eevee,Items,,Other,4.0
2020-09_gen3ou-0.json,Eevee,Spreads,,Other,8.0
2020-09_gen3ou-0.json,Eevee,Moves,,Shadow Ball,64.0
2020-09_gen3ou-0.json,Eevee,Moves,,Quick Attack,64.0
2020-09_gen3ou-0.json,Eevee,Moves,,Hidden Power Ice,48.0
2020-09_gen3ou-0.json,Eevee,Moves,,Bite,48.0
2020-09_gen3ou-0.json,Eevee,Moves,,Toxic,32.0
2020-09_gen3ou-0.json,Eevee,Moves,,Hidden Power Dark,20.0
2020-09_gen3ou-0.json,Eevee,Moves,,Swift,20.0
2020-09_gen3ou-0.json,Eevee,Moves,,Take Down,20.0
2020-09_gen3ou-0.json,Eevee,Moves,,Iron Tail,12.0
2020-09_gen3ou-0.json,Eevee,Moves,,Return,12.0
2020-09_gen3ou-0.json,Eevee,Moves,,Double-Edge,12.0
2020-09_gen3ou-0.json,Eevee,Moves,,Facade,8.0
2020-09_gen3ou-0.json,Eevee,Moves,,Tackle,8.0
2020-09_gen3ou-0.json,Eevee,Moves,,Body Slam,8.0
2020-09_gen3ou-0.json,Eevee,Moves,,Wish,8.0
2020-09_gen3ou-0.json,Eevee,Moves,,Other,16.0
2020-09_gen3ou-0.json,Graveler,Stats,Raw count,,27
2020-09_gen3ou-0.json,Graveler,Stats,Avg. weight,,1.0
2020-09_gen3ou-0.json,Graveler,Stats,Viability Ceiling,,54
2020-09_gen3ou-0.json,Graveler,Stats,Hardy,,66.667
2020-09_gen3ou-0.json,Graveler,Stats,Brave,,18.519
2020-09_gen3ou-0.json,Graveler,Stats,Adamant,,3.704
2020-09_gen3ou-0.json,Graveler,Stats,Sassy,,3.704
2020-09_gen3ou-0.json,Graveler,Stats,Rash,,3.704
2020-09_gen3ou-0.json,Graveler,Abilities,,Rock Head,70.37
2020-09_gen3ou-0.json,Graveler,Abilities,,Sturdy,29.63
2020-09_gen3ou-0.json,Graveler,Items,,Nothing,55.556
2020-09_gen3ou-0.json,Graveler,Items,,Quick Claw,33.333
2020-09_gen3ou-0.json,Graveler,Items,,Leftovers,3.704
2020-09_gen3ou-0.json,Graveler,Items,,Choice Band,3.704
2020-09_gen3ou-0.json,Graveler,Items,,Other,3.704
2020-09_gen3ou-0.json,Graveler,Spreads,,Other,3.704
2020-09_gen3ou-0.json,Graveler,Moves,,Nothing,200.0
2020-09_gen3ou-0.json,Graveler,Moves,,Explosion,88.889
2020-09_gen3ou-0.json,Graveler,Moves,,Self-Destruct,22.222
2020-09_gen3ou-0.json,Graveler,Moves,,Facade,18.519
2020-09_gen3ou-0.json,Graveler,Moves,,Fire Blast,18.519
2020-09_gen3ou-0.json,Graveler,Moves,,Rock Slide,7.407
2020-09_gen3ou-0.json,Graveler,Moves,,Rock Throw,7.407
2020-09_gen3ou-0.json,Graveler,Moves,,Rock Smash,7.407
2020-09_gen3ou-0.json,Graveler,Moves,,Body Slam,3.704
2020-09_gen3ou-0.json,Graveler,Moves,,Seismic Toss,3.704
2020-09_gen3ou-0.json,Graveler,Moves,,Dig,3.704
2020-09_gen3ou-0.json,Graveler,Moves,,Other,18.519
2020-09_gen3ou-0.json,Lickitung,Stats,Raw count,,24
2020-09_gen3ou-0.json,Lickitung,Stats,Avg. weight,,1.0
2020-09_gen3ou-0.json,Lickitung,Stats,Viability Ceiling,,50
2020-09_gen3ou-0.json,Lickitung,Stats,Sassy,,25.000
2020-09_gen3ou-0.json,Lickitung,Stats,Calm,,20.833
2020-09_gen3ou-0.json,Lickitung,Stats,Adamant,,8.333
2020-09_gen3ou-0.json,Lickitung,Stats,Impish,,12.500
2020-09_gen3ou-0.json,Lickitung,Stats,Modest,,8.333
2020-09_gen3ou-0.json,Lickitung,Abilities,,Own Tempo,91.667
2020-09_gen3ou-0.json,Lickitung,Abilities,,Oblivious,8.333
2020-09_gen3ou-0.json,Lickitung,Items,,Leftovers,54.167
2020-09_gen3ou-0.json,Lickitung,Items,,Lum Berry,25.0
2020-09_gen3ou-0.json,Lickitung,Items,,Choice Band,12.5
2020-09_gen3ou-0.json,Lickitung,Items,,Apicot Berry,8.333
2020-09_gen3ou-0.json,Lickitung,Spreads,,Other,12.5
2020-09_gen3ou-0.json,Lickitung,Moves,,Flamethrower,54.167
2020-09_gen3ou-0.json,Lickitung,Moves,,Wish,50.0
2020-09_gen3ou-0.json,Lickitung,Moves,,Heal Bell,50.0
2020-09_gen3ou-0.json,Lickitung,Moves,,Knock Off,41.667
2020-09_gen3ou-0.json,Lickitung,Moves,,Earthquake,37.5
2020-09_gen3ou-0.json,Lickitung,Moves,,Counter,25.0
2020-09_gen3ou-0.json,Lickitung,Moves,,Disable,25.0
2020-09_gen3ou-0.json,Lickitung,Moves,,Shadow Ball,20.833
2020-09_gen3ou-0.json,Lickitung,Moves,,Toxic,20.833
2020-09_gen3ou-0.json,Lickitung,Moves,,Double-Edge,16.667
2020-09_gen3ou-0.json,Lickitung,Moves,,Seismic Toss,12.5
2020-09_gen3ou-0.json,Lickitung,Moves,,Protect,8.333
2020-09_gen3ou-0.json,Lickitung,Moves,,Return,8.333
2020-09_gen3ou-0.json,Lickitung,Moves,,Rock Slide,8.333
2020-09_gen3ou-0.json,Lickitung,Moves,,Curse,8.333
2020-09_gen3ou-0.json,Lickitung,Moves,,Other,12.5
2020-09_gen3ou-0.json,Mudkip,Stats,Raw count,,19
2020-09_gen3ou-0.json,Mudkip,Stats,Avg. weight,,1.0
2020-09_gen3ou-0.json,Mudkip,Stats,Viability Ceiling,,50
2020-09_gen3ou-0.json,Mudkip,Stats,Quiet,,5.263
2020-09_gen3ou-0.json,Mudkip,Stats,Relaxed,,15.789
2020-09_gen3ou-0.json,Mudkip,Stats,Hardy,,5.263
2020-09_gen3ou-0.json,Mudkip,Abilities,,Torrent,100.0
2020-09_gen3ou-0.json,Mudkip,Items,,Leftovers,57.895
2020-09_gen3ou-0.json,Mudkip,Items,,Mystic Water,21.053
2020-09_gen3ou-0.json,Mudkip,Items,,Oran Berry,15.789
2020-09_gen3ou-0.json,Mudkip,Items,,Nothing,5.263
2020-09_gen3ou-0.json,Mudkip,Spreads,,Other,10.526
2020-09_gen3ou-0.json,Mudkip,Moves,,Ice Beam,68.421
2020-09_gen3ou-0.json,Mudkip,Moves,,Endeavor,52.632
2020-09_gen3ou-0.json,Mudkip,Moves,,Iron Tail,42.105
2020-09_gen3ou-0.json,Mudkip,Moves,,Waterfall,42.105
2020-09_gen3ou-0.json,Mudkip,Moves,,Hydro Pump,42.105
2020-09_gen3ou-0.json,Mudkip,Moves,,Water Gun,26.316
2020-09_gen3ou-0.json,Mudkip,Moves,,Surf,15.789
2020-09_gen3ou-0.json,Mudkip,Moves,,Growl,15.789
2020-09_gen3ou-0.json,Mudkip,Moves,,Whirlpool,15.789
2020-09_gen3ou-0.json,Mudkip,Moves,,Nothing,10.526
2020-09_gen3ou-0.json,Mudkip,Moves,,Blizzard,10.526
2020-09_gen3ou-0.json,Mudkip,Moves,,Mud-Slap,10.526
2020-09_gen3ou-0.json,Mudkip,Moves,,Double-Edge,10.526
2020-09_gen3ou-0.json,Mudkip,Moves,,Toxic,10.526
2020-09_gen3ou-0.json,Mudkip,Moves,,Protect,5.263
2020-09_gen3ou-0.json,Mudkip,Moves,,Rain Dance,5.263
2020-09_gen3ou-0.json,Mudkip,Moves,,Other,15.789
2020-09_gen3ou-0.json,Ledian,Stats,Raw count,,18
2020-09_gen3ou-0.json,Ledian,Stats,Avg. weight,,---
2020-09_gen3ou-0.json,Ledian,Stats,Viability Ceiling,,0
2020-09_gen3ou-0.json,Ledian,Stats,Hasty,,44.444
2020-09_gen3ou-0.json,Ledian,Stats,Jolly,,11.111
2020-09_gen3ou-0.json,Ledian,Stats,Careful,,5.556
2020-09_gen3ou-0.json,Ledian,Stats,Timid,,5.556
2020-09_gen3ou-0.json,Ledian,Stats,Bold,,5.556
2020-09_gen3ou-0.json,Ledian,Abilities,,Early Bird,94.444
2020-09_gen3ou-0.json,Ledian,Abilities,,Swarm,5.556
2020-09_gen3ou-0.json,Ledian,Items,,Leftovers,77.778
2020-09_gen3ou-0.json,Ledian,Items,,Salac Berry,16.667
2020-09_gen3ou-0.json,Ledian,Items,,Lum Berry,5.556
2020-09_gen3ou-0.json,Ledian,Moves,,Silver Wind,88.889
2020-09_gen3ou-0.json,Ledian,Moves,,Focus Punch,72.222
2020-09_gen3ou-0.json,Ledian,Moves,,Hidden Power Flying,72.222
2020-09_gen3ou-0.json,Ledian,Moves,,Substitute,72.222
2020-09_gen3ou-0.json,Ledian,Moves,,Swords Dance,11.111
2020-09_gen3ou-0.json,Ledian,Moves,,Baton Pass,11.111
2020-09_gen3ou-0.json,Ledian,Moves,,Aerial Ace,11.111
2020-09_gen3ou-0.json,Ledian,Moves,,Reflect,11.111
2020-09_gen3ou-0.json,Ledian,Moves,,Light Screen,11.111
2020-09_gen3ou-0.json,Ledian,Moves,,Brick Break,11.111
2020-09_gen3ou-0.json,Ledian,Moves,,Protect,5.556
2020-09_gen3ou-0.json,Ledian,Moves,,Giga Drain,5.556
2020-09_gen3ou-0.json,Ledian,Moves,,Other,16.667
2020-09_gen3ou-0.json,Machoke,Stats,Raw count,,17
2020-09_gen3ou-0.json,Machoke,Stats,Avg. weight,,1.0
2020-09_gen3ou-0.json,Machoke,Stats,Viability Ceiling,,45
2020-09_gen3ou-0.json,Machoke,Stats,Timid,,17.647
2020-09_gen3ou-0.json,Machoke,Stats,Hardy,,5.882
2020-09_gen3ou-0.json,Machoke,Stats,Adamant,,11.765
2020-09_gen3ou-0.json,Machoke,Stats,Serious,,5.882
2020-09_gen3ou-0.json,Machoke,Abilities,,Guts,100.0
2020-09_gen3ou-0.json,Machoke,Items,,Black Belt,41.176
2020-09_gen3ou-0.json,Machoke,Items,,Leftovers,35.294
2020-09_gen3ou-0.json,Machoke,Items,,Nothing,17.647
2020-09_gen3ou-0.json,Machoke,Items,,Choice Band,5.882
2020-09_gen3ou-0.json,Machoke,Spreads,,Other,29.412
2020-09_gen3ou-0.json,Machoke,Moves,,Cross Chop,64.706
2020-09_gen3ou-0.json,Machoke,Moves,,Brick Break,47.059
2020-09_gen3ou-0.json,Machoke,Moves,,Earthquake,35.294
2020-09_gen3ou-0.json,Machoke,Moves,,Bulk Up,29.412
2020-09_gen3ou-0.json,Machoke,Moves,,Low Kick,29.412
2020-09_gen3ou-0.json,Machoke,Moves,,Rock Slide,23.529
2020-09_gen3ou-0.json,Machoke,Moves,,Strength,23.529
2020-09_gen3ou-0.json,Machoke,Moves,,Fire Punch,23.529
2020-09_gen3ou-0.json,Machoke,Moves,,Revenge,17.647
2020-09_gen3ou-0.json,Machoke,Moves,,Hidden Power Flying,17.647
2020-09_gen3ou-0.json,Machoke,Moves,,Ice Punch,11.765
2020-09_gen3ou-0.json,Machoke,Moves,,Counter,11.765
2020-09_gen3ou-0.json,Machoke,Moves,,Double-Edge,11.765
2020-09_gen3ou-0.json,Machoke,Moves,,Fire Blast,11.765
2020-09_gen3ou-0.json,Machoke,Moves,,Thunder Punch,11.765
2020-09_gen3ou-0.json,Machoke,Moves,,Dynamic Punch,5.882
2020-09_gen3ou-0.json,Machoke,Moves,,Body Slam,5.882
2020-09_gen3ou-0.json,Machoke,Moves,,Other,17.647
2020-09_gen3ou-0.json,Grovyle,Stats,Raw count,,21
2020-09_gen3ou-0.json,Grovyle,Stats,Avg. weight,,1.0
2020-09_gen3ou-0.json,Grovyle,Stats,Viability Ceiling,,53
2020-09_gen3ou-0.json,Grovyle,Stats,Timid,,33.333
2020-09_gen3ou-0.json,Grovyle,Stats,Hardy,,4.762
2020-09_gen3ou-0.json,Grovyle,Stats,Hasty,,9.524
2020-09_gen3ou-0.json,Grovyle,Stats,Mild,,4.762
2020-09_gen3ou-0.json,Grovyle,Abilities,,Overgrow,100.0
2020-09_gen3ou-0.json,Grovyle,Items,,Aguav Berry,33.333
2020-09_gen3ou-0.json,Grovyle,Items,,Leftovers,28.571
2020-09_gen3ou-0.json,Grovyle,Items,,Nothing,19.048
2020-09_gen3ou-0.json,Grovyle,Items,,Lum Berry,9.524
2020-09_gen3ou-0.json,Grovyle,Items,,Oran Berry,4.762
2020-09_gen3ou-0.json,Grovyle,Items,,Other,4.762
2020-09_gen3ou-0.json,Grovyle,Spreads,,Other,28.571
2020-09_gen3ou-0.json,Grovyle,Moves,,Leaf Blade,66.667
2020-09_gen3ou-0.json,Grovyle,Moves,,Leech Seed,42.857
2020-09_gen3ou-0.json,Grovyle,Moves,,Giga Drain,38.095
2020-09_gen3ou-0.json,Grovyle,Moves,,Seismic Toss,38.095
2020-09_gen3ou-0.json,Grovyle,Moves,,Substitute,33.333
2020-09_gen3ou-0.json,Grovyle,Moves,,Bullet Seed,33.333
2020-09_gen3ou-0.json,Grovyle,Moves,,Focus Punch,19.048
2020-09_gen3ou-0.json,Grovyle,Moves,,Mega Kick,14.286
2020-09_gen3ou-0.json,Grovyle,Moves,,Pursuit,14.286
2020-09_gen3ou-0.json,Grovyle,Moves,,Solar Beam,14.286
2020-09_gen3ou-0.json,Grovyle,Moves,,Thunder Punch,14.286
2020-09_gen3ou-0.json,Grovyle,Moves,,Hidden Power Ice,9.524
2020-09_gen3ou-0.json,Grovyle,Moves,,Swords Dance,9.524
2020-09_gen3ou-0.json,Grovyle,Moves,,Quick Attack,9.524
2020-09_gen3ou-0.json,Grovyle,Moves,,Pound,4.762
2020-09_gen3ou-0.json,Grovyle,Moves,,Dragon Breath,4.762
2020-09_gen3ou-0.json,Grovyle,Moves,,Hidden Power Dark,4.762
2020-09_gen3ou-0.json,Grovyle,Moves,,Brick Break,4.762
2020-09_gen3ou-0.json,Grovyle,Moves,,Aerial Ace,4.762
2020-09_gen3ou-0.json,Grovyle,Moves,,Other,19.048
2020-09_gen3ou-0.json,Lotad,Stats,Raw count,,27
2020-09_gen3ou-0.json,Lotad,Stats,Avg. weight,,1.0
2020-09_gen3ou-0.json,Lotad,Stats,Viability Ceiling,,63
2020-09_gen3ou-0.json,Lotad,Stats,Adamant,,55.556
2020-09_gen3ou-0.json,Lotad,Stats,Modest,,14.815
2020-09_gen3ou-0.json,Lotad,Stats,Hardy,,7.407
2020-09_gen3ou-0.json,Lotad,Abilities,,Swift Swim,92.593
2020-09_gen3ou-0.json,Lotad,Abilities,,Rain Dish,7.407
2020-09_gen3ou-0.json,Lotad,Items,,Poke Ball,55.556
2020-09_gen3ou-0.json,Lotad,Items,,Bright Powder,14.815
2020-09_gen3ou-0.json,Lotad,Items,,Lum Berry,14.815
2020-09_gen3ou-0.json,Lotad,Items,,Leftovers,7.407
2020-09_gen3ou-0.json,Lotad,Items,,Apicot Berry,7.407
2020-09_gen3ou-0.json,Lotad,Moves,,Nothing,66.667
2020-09_gen3ou-0.json,Lotad,Moves,,Growl,55.556
2020-09_gen3ou-0.json,Lotad,Moves,,Astonish,55.556
2020-09_gen3ou-0.json,Lotad,Moves,,Giga Drain,44.444
2020-09_gen3ou-0.json,Lotad,Moves,,Surf,37.037
2020-09_gen3ou-0.json,Lotad,Moves,,Absorb,37.037
2020-09_gen3ou-0.json,Lotad,Moves,,Rain Dance,29.63
2020-09_gen3ou-0.json,Lotad,Moves,,Ice Beam,22.222
2020-09_gen3ou-0.json,Lotad,Moves,,Synthesis,14.815
2020-09_gen3ou-0.json,Lotad,Moves,,Blizzard,7.407
2020-09_gen3ou-0.json,Lotad,Moves,,Swords Dance,7.407
2020-09_gen3ou-0.json,Lotad,Moves,,Double-Edge,7.407
2020-09_gen3ou-0.json,Lotad,Moves,,Other,14.815
2020-09_gen3ou-0.json,Treecko,Stats,Raw count,,21
2020-09_gen3ou-0.json,Treecko,Stats,Avg. weight,,1.0
2020-09_gen3ou-0.json,Treecko,Stats,Viability Ceiling,,55
2020-09_gen3ou-0.json,Treecko,Stats,Hasty,,9.524
2020-09_gen3ou-0.json,Treecko,Stats,Hardy,,4.762
2020-09_gen3ou-0.json,Treecko,Stats,Mild,,4.762
2020-09_gen3ou-0.json,Treecko,Abilities,,Overgrow,100.0
2020-09_gen3ou-0.json,Treecko,Items,,Leftovers,57.143
2020-09_gen3ou-0.json,Treecko,Items,,Nothing,19.048
2020-09_gen3ou-0.json,Treecko,Items,,Thick Club,4.762
2020-09_gen3ou-0.json,Treecko,Items,,Oran Berry,4.762
2020-09_gen3ou-0.json,Treecko,Items,,Choice Band,4.762
2020-09_gen3ou-0.json,Treecko,Items,,Miracle Seed,4.762
2020-09_gen3ou-0.json,Treecko,Items,,Other,4.762
2020-09_gen3ou-0.json,Treecko,Spreads,,Other,33.333
2020-09_gen3ou-0.json,Treecko,Moves,,Bullet Seed,80.952
2020-09_gen3ou-0.json,Treecko,Moves,,Thunder Punch,52.381
2020-09_gen3ou-0.json,Treecko,Moves,,Seismic Toss,38.095
2020-09_gen3ou-0.json,Treecko,Moves,,Endeavor,38.095
2020-09_gen3ou-0.json,Treecko,Moves,,Quick Attack,28.571
2020-09_gen3ou-0.json,Treecko,Moves,,Crunch,19.048
2020-09_gen3ou-0.json,Treecko,Moves,,Brick Break,19.048
2020-09_gen3ou-0.json,Treecko,Moves,,Nothing,14.286
2020-09_gen3ou-0.json,Treecko,Moves,,Giga Drain,14.286
2020-09_gen3ou-0.json,Treecko,Moves,,Focus Punch,14.286
2020-09_gen3ou-0.json,Treecko,Moves,,Pound,14.286
2020-09_gen3ou-0.json,Treecko,Moves,,Double-Edge,14.286
2020-09_gen3ou-0.json,Treecko,Moves,,Dragon Breath,14.286
2020-09_gen3ou-0.json,Treecko,Moves,,Absorb,9.524
2020-09_gen3ou-0.json,Treecko,Moves,,Facade,4.762
2020-09_gen3ou-0.json,Treecko,Moves,,Aerial Ace,4.762
2020-09_gen3ou-0.json,Treecko,Moves,,Other,19.048
2020-09_gen3ou-0.json,Torchic,Stats,Raw count,,18
2020-09_gen3ou-0.json,Torchic,Stats,Avg. weight,,1.0
2020-09_gen3ou-0.json,Torchic,Stats,Viability Ceiling,,55
2020-09_gen3ou-0.json,Torchic,Stats,Mild,,44.444
2020-09_gen3ou-0.json,Torchic,Stats,Hasty,,11.111
2020-09_gen3ou-0.json,Torchic,Stats,Relaxed,,11.111
2020-09_gen3ou-0.json,Torchic,Stats,Calm,,5.556
2020-09_gen3ou-0.json,Torchic,Stats,Hardy,,5.556
2020-09_gen3ou-0.json,Torchic,Abilities,,Blaze,100.0
2020-09_gen3ou-0.json,Torchic,Items,,Leftovers,55.556
2020-09_gen3ou-0.json,Torchic,Items,,Quick Claw,11.111
2020-09_gen3ou-0.json,Torchic,Items,,Nothing,11.111
2020-09_gen3ou-0.json,Torchic,Items,,Salac Berry,11.111
2020-09_gen3ou-0.json,Torchic,Items,,Charcoal,5.556
2020-09_gen3ou-0.json,Torchic,Items,,Fire Stone,5.556
2020-09_gen3ou-0.json,Torchic,Spreads,,Other,16.667
2020-09_gen3ou-0.json,Torchic,Moves,,Flamethrower,72.222
2020-09_gen3ou-0.json,Torchic,Moves,,Overheat,55.556
2020-09_gen3ou-0.json,Torchic,Moves,,Rock Slide,44.444
2020-09_gen3ou-0.json,Torchic,Moves,,Mega Kick,44.444
2020-09_gen3ou-0.json,Torchic,Moves,,Quick Attack,27.778
2020-09_gen3ou-0.json,Torchic,Moves,,Fire Blast,22.222
2020-09_gen3ou-0.json,Torchic,Moves,,Ember,16.667
2020-09_gen3ou-0.json,Torchic,Moves,,Peck,11.111
2020-09_gen3ou-0.json,Torchic,Moves,,Scratch,11.111
2020-09_gen3ou-0.json,Torchic,Moves,,Protect,11.111
2020-09_gen3ou-0.json,Torchic,Moves,,Swords Dance,11.111
2020-09_gen3ou-0.json,Torchic,Moves,,Toxic,11.111
2020-09_gen3ou-0.json,Torchic,Moves,,Reversal,11.111
2020-09_gen3ou-0.json,Torchic,Moves,,Endure,11.111
2020-09_gen3ou-0.json,Torchic,Moves,,Seismic Toss,11.111
2020-09_gen3ou-0.json,Torchic,Moves,,Nothing,5.556
2020-09_gen3ou-0.json,Torchic,Moves,,Growl,5.556
2020-09_gen3ou-0.json,Torchic,Moves,,Other,16.667
2020-09_gen3ou-0.json,Wurmple,Stats,Raw count,,18
2020-09_gen3ou-0.json,Wurmple,Stats,Avg. weight,,1.0
2020-09_gen3ou-0.json,Wurmple,Stats,Viability Ceiling,,45
2020-09_gen3ou-0.json,Wurmple,Stats,Adamant,,33.333
2020-09_gen3ou-0.json,Wurmple,Stats,Hardy,,5.556
2020-09_gen3ou-0.json,Wurmple,Abilities,,Shield Dust,100.0
2020-09_gen3ou-0.json,Wurmple,Items,,Leftovers,33.333
2020-09_gen3ou-0.json,Wurmple,Items,,Choice Band,33.333
2020-09_gen3ou-0.json,Wurmple,Items,,Black Glasses,11.111
2020-09_gen3ou-0.json,Wurmple,Items,,Lax Incense,11.111
2020-09_gen3ou-0.json,Wurmple,Items,,Focus Band,5.556
2020-09_gen3ou-0.json,Wurmple,Items,,Nothing,5.556
2020-09_gen3ou-0.json,Wurmple,Spreads,,Other,5.556
2020-09_gen3ou-0.json,Wurmple,Moves,,Nothing,127.778
2020-09_gen3ou-0.json,Wurmple,Moves,,Tackle,100.0
2020-09_gen3ou-0.json,Wurmple,Moves,,String Shot,88.889
2020-09_gen3ou-0.json,Wurmple,Moves,,Poison Sting,83.333
2020-09_gen3ou-0.json,Squirtle,Stats,Raw count,,15
2020-09_gen3ou-0.json,Squirtle,Stats,Avg. weight,,1.0
2020-09_gen3ou-0.json,Squirtle,Stats,Viability Ceiling,,37
2020-09_gen3ou-0.json,Squirtle,Stats,Hardy,,6.667
2020-09_gen3ou-0.json,Squirtle,Stats,Quiet,,40.000
2020-09_gen3ou-0.json,Squirtle,Abilities,,Torrent,100.0
2020-09_gen3ou-0.json,Squirtle,Items,,Leftovers,100.0
2020-09_gen3ou-0.json,Squirtle,Moves,,Hydro Pump,93.333
2020-09_gen3ou-0.json,Squirtle,Moves,,Waterfall,60.0
2020-09_gen3ou-0.json,Squirtle,Moves,,Ice Beam,53.333
2020-09_gen3ou-0.json,Squirtle,Moves,,Brick Break,53.333
2020-09_gen3ou-0.json,Squirtle,Moves,,Water Gun,40.0
2020-09_gen3ou-0.json,Squirtle,Moves,,Rapid Spin,40.0
2020-09_gen3ou-0.json,Squirtle,Moves,,Skull Bash,40.0
2020-09_gen3ou-0.json,Squirtle,Moves,,Surf,6.667
2020-09_gen3ou-0.json,Squirtle,Moves,,Other,13.333
2020-09_gen3ou-0.json,Bayleef,Stats,Raw count,,16
2020-09_gen3ou-0.json,Bayleef,Stats,Avg. weight,,1.0
2020-09_gen3ou-0.json,Bayleef,Stats,Viability Ceiling,,48
2020-09_gen3ou-0.json,Bayleef,Stats,Adamant,,68.750
2020-09_gen3ou-0.json,Bayleef,Stats,Hardy,,6.250
2020-09_gen3ou-0.json,Bayleef,Abilities,,Overgrow,100.0
2020-09_gen3ou-0.json,Bayleef,Items,,Leftovers,68.75
2020-09_gen3ou-0.json,Bayleef,Items,,Lum Berry,25.0
2020-09_gen3ou-0.json,Bayleef,Items,,Miracle Seed,6.25
2020-09_gen3ou-0.json,Bayleef,Moves,,Razor Leaf,75.0
2020-09_gen3ou-0.json,Bayleef,Moves,,Vine Whip,68.75
2020-09_gen3ou-0.json,Bayleef,Moves,,Body Slam,68.75
2020-09_gen3ou-0.json,Bayleef,Moves,,Tackle,68.75
2020-09_gen3ou-0.json,Bayleef,Moves,,Giga Drain,31.25
2020-09_gen3ou-0.json,Bayleef,Moves,,Protect,25.0
2020-09_gen3ou-0.json,Bayleef,Moves,,Leech Seed,25.0
2020-09_gen3ou-0.json,Bayleef,Moves,,Toxic,25.0
2020-09_gen3ou-0.json,Bayleef,Moves,,Other,12.5
2020-09_gen3ou-0.json,Zigzagoon,Stats,Raw count,,17
2020-09_gen3ou-0.json,Zigzagoon,Stats,Avg. weight,,1.0
2020-09_gen3ou-0.json,Zigzagoon,Stats,Viability Ceiling,,53
2020-09_gen3ou-0.json,Zigzagoon,Stats,Adamant,,23.529
2020-09_gen3ou-0.json,Zigzagoon,Stats,Jolly,,11.765
2020-09_gen3ou-0.json,Zigzagoon,Stats,Hardy,,5.882
2020-09_gen3ou-0.json,Zigzagoon,Abilities,,Pickup,100.0
2020-09_gen3ou-0.json,Zigzagoon,Items,,Choice Band,23.529
2020-09_gen3ou-0.json,Zigzagoon,Items,,Leftovers,17.647
2020-09_gen3ou-0.json,Zigzagoon,Items,,Quick Claw,17.647
2020-09_gen3ou-0.json,Zigzagoon,Items,,Nothing,17.647
2020-09_gen3ou-0.json,Zigzagoon,Items,,Salac Berry,11.765
2020-09_gen3ou-0.json,Zigzagoon,Items,,Aguav Berry,5.882
2020-09_gen3ou-0.json,Zigzagoon,Items,,Wiki Berry,5.882
2020-09_gen3ou-0.json,Zigzagoon,Spreads,,Other,41.176
2020-09_gen3ou-0.json,Zigzagoon,Moves,,Body Slam,52.941
2020-09_gen3ou-0.json,Zigzagoon,Moves,,Extreme Speed,41.176
2020-09_gen3ou-0.json,Zigzagoon,Moves,,Return,29.412
2020-09_gen3ou-0.json,Zigzagoon,Moves,,Iron Tail,29.412
2020-09_gen3ou-0.json,Zigzagoon,Moves,,Belly Drum,23.529
2020-09_gen3ou-0.json,Zigzagoon,Moves,,Protect,23.529
2020-09_gen3ou-0.json,Zigzagoon,Moves,,Ice Beam,17.647
2020-09_gen3ou-0.json,Zigzagoon,Moves,,Thunderbolt,17.647
2020-09_gen3ou-0.json,Zigzagoon,Moves,,Double-Edge,17.647
2020-09_gen3ou-0.json,Zigzagoon,Moves,,Nothing,11.765
2020-09_gen3ou-0.json,Zigzagoon,Moves,,Growl,11.765
2020-09_gen3ou-0.json,Zigzagoon,Moves,,Surf,11.765
2020-09_gen3ou-0.json,Zigzagoon,Moves,,Shadow Ball,11.765
2020-09_gen3ou-0.json,Zigzagoon,Moves,,Pursuit,11.765
2020-09_gen3ou-0.json,Zigzagoon,Moves,,Tackle,11.765
2020-09_gen3ou-0.json,Zigzagoon,Moves,,Headbutt,11.765
2020-09_gen3ou-0.json,Zigzagoon,Moves,,Thief,5.882
2020-09_gen3ou-0.json,Zigzagoon,Moves,,Hidden Power Fighting,5.882
2020-09_gen3ou-0.json,Zigzagoon,Moves,,Substitute,5.882
2020-09_gen3ou-0.json,Zigzagoon,Moves,,Pin Missile,5.882
2020-09_gen3ou-0.json,Zigzagoon,Moves,,Cut,5.882
2020-09_gen3ou-0.json,Zigzagoon,Moves,,Thunder,5.882
2020-09_gen3ou-0.json,Zigzagoon,Moves,,Frustration,5.882
2020-09_gen3ou-0.json,Zigzagoon,Moves,,Fury Cutter,5.882
2020-09_gen3ou-0.json,Zigzagoon,Moves,,Other,17.647
2020-09_gen3ou-0.json,Azurill,Stats,Raw count,,15
2020-09_gen3ou-0.json,Azurill,Stats,Avg. weight,,1.0
2020-09_gen3ou-0.json,Azurill,Stats,Viability Ceiling,,52
2020-09_gen3ou-0.json,Azurill,Stats,Careful,,73.333
2020-09_gen3ou-0.json,Azurill,Stats,Adamant,,26.667
2020-09_gen3ou-0.json,Azurill,Abilities,,Thick Fat,73.333
2020-09_gen3ou-0.json,Azurill,Abilities,,Huge Power,26.667
2020-09_gen3ou-0.json,Azurill,Items,,Leftovers,73.333
2020-09_gen3ou-0.json,Azurill,Items,,Choice Band,26.667
2020-09_gen3ou-0.json,Azurill,Moves,,Protect,73.333
2020-09_gen3ou-0.json,Azurill,Moves,,Charm,73.333
2020-09_gen3ou-0.json,Azurill,Moves,,Toxic,73.333
2020-09_gen3ou-0.json,Azurill,Moves,,Substitute,73.333
2020-09_gen3ou-0.json,Azurill,Moves,,Hidden Power Ghost,26.667
2020-09_gen3ou-0.json,Azurill,Moves,,Sleep Talk,26.667
2020-09_gen3ou-0.json,Azurill,Moves,,Encore,26.667
2020-09_gen3ou-0.json,Azurill,Moves,,Double-Edge,26.667
2020-09_gen3ou-0.json,Golbat,Stats,Raw count,,16
2020-09_gen3ou-0.json,Golbat,Stats,Avg. weight,,1.0
2020-09_gen3ou-0.json,Golbat,Stats,Viability Ceiling,,74
2020-09_gen3ou-0.json,Golbat,Stats,Naughty,,37.500
2020-09_gen3ou-0.json,Golbat,Stats,Hasty,,25.000
2020-09_gen3ou-0.json,Golbat,Stats,Adamant,,12.500
2020-09_gen3ou-0.json,Golbat,Stats,Modest,,12.500
2020-09_gen3ou-0.json,Golbat,Stats,Hardy,,6.250
2020-09_gen3ou-0.json,Golbat,Stats,Naive,,6.250
2020-09_gen3ou-0.json,Golbat,Abilities,,Inner Focus,100.0
2020-09_gen3ou-0.json,Golbat,Items,,Leftovers,50.0
2020-09_gen3ou-0.json,Golbat,Items,,Aguav Berry,25.0
2020-09_gen3ou-0.json,Golbat,Items,,Poison Barb,12.5
2020-09_gen3ou-0.json,Golbat,Items,,Nothing,6.25
2020-09_gen3ou-0.json,Golbat,Items,,Choice Band,6.25
2020-09_gen3ou-0.json,Golbat,Moves,,Sludge Bomb,68.75
2020-09_gen3ou-0.json,Golbat,Moves,,Confuse Ray,50.0
2020-09_gen3ou-0.json,Golbat,Moves,,Giga Drain,43.75
2020-09_gen3ou-0.json,Golbat,Moves,,Protect,37.5
2020-09_gen3ou-0.json,Golbat,Moves,,Hidden Power Flying,37.5
2020-09_gen3ou-0.json,Golbat,Moves,,Bite,31.25
2020-09_gen3ou-0.json,Golbat,Moves,,Air Cutter,31.25
2020-09_gen3ou-0.json,Golbat,Moves,,Poison Fang,31.25
2020-09_gen3ou-0.json,Golbat,Moves,,Curse,18.75
2020-09_gen3ou-0.json,Golbat,Moves,,Aerial Ace,18.75
2020-09_gen3ou-0.json,Golbat,Moves,,Wing Attack,12.5
2020-09_gen3ou-0.json,Golbat,Moves,,Other,18.75
2020-09_gen3ou-0.json,Cyndaquil,Stats,Raw count,,14
2020-09_gen3ou-0.json,Cyndaquil,Stats,Avg. weight,,1.0
2020-09_gen3ou-0.json,Cyndaquil,Stats,Viability Ceiling,,48
2020-09_gen3ou-0.json,Cyndaquil,Stats,Mild,,57.143
2020-09_gen3ou-0.json,Cyndaquil,Stats,Hardy,,7.143
2020-09_gen3ou-0.json,Cyndaquil,Abilities,,Blaze,100.0
2020-09_gen3ou-0.json,Cyndaquil,Items,,Leftovers,85.714
2020-09_gen3ou-0.json,Cyndaquil,Items,,Lum Berry,7.143
2020-09_gen3ou-0.json,Cyndaquil,Items,,Charcoal,7.143
2020-09_gen3ou-0.json,Cyndaquil,Moves,,Flamethrower,92.857
2020-09_gen3ou-0.json,Cyndaquil,Moves,,Smokescreen,64.286
2020-09_gen3ou-0.json,Cyndaquil,Moves,,Swift,57.143
2020-09_gen3ou-0.json,Cyndaquil,Moves,,Quick Attack,57.143
2020-09_gen3ou-0.json,Cyndaquil,Moves,,Hidden Power Dragon,28.571
2020-09_gen3ou-0.json,Cyndaquil,Moves,,Blast Burn,28.571
2020-09_gen3ou-0.json,Cyndaquil,Moves,,Secret Power,28.571
2020-09_gen3ou-0.json,Cyndaquil,Moves,,Ember,7.143
2020-09_gen3ou-0.json,Cyndaquil,Moves,,Overheat,7.143
2020-09_gen3ou-0.json,Cyndaquil,Moves,,Flame Wheel,7.143
2020-09_gen3ou-0.json,Cyndaquil,Moves,,Dig,7.143
2020-09_gen3ou-0.json,Cyndaquil,Moves,,Other,14.286
2020-09_gen3ou-0.json,Spheal,Stats,Raw count,,12
2020-09_gen3ou-0.json,Spheal,Stats,Avg. weight,,1.0
2020-09_gen3ou-0.json,Spheal,Stats,Viability Ceiling,,74
2020-09_gen3ou-0.json,Spheal,Stats,Timid,,91.667
2020-09_gen3ou-0.json,Spheal,Stats,Hardy,,8.333
2020-09_gen3ou-0.json,Spheal,Abilities,,Thick Fat,100.0
2020-09_gen3ou-0.json,Spheal,Items,,Leftovers,100.0
2020-09_gen3ou-0.json,Spheal,Moves,,Surf,100.0
2020-09_gen3ou-0.json,Spheal,Moves,,Ice Beam,100.0
2020-09_gen3ou-0.json,Spheal,Moves,,Toxic,91.667
2020-09_gen3ou-0.json,Spheal,Moves,,Encore,91.667
2020-09_gen3ou-0.json,Spheal,Moves,,Other,16.667
2020-09_gen3ou-0.json,Anorith,Stats,Raw count,,12
2020-09_gen3ou-0.json,Anorith,Stats,Avg. weight,,1.0
2020-09_gen3ou-0.json,Anorith,Stats,Viability Ceiling,,74
2020-09_gen3ou-0.json,Anorith,Stats,Adamant,,91.667
2020-09_gen3ou-0.json,Anorith,Stats,Hardy,,8.333
2020-09_gen3ou-0.json,Anorith,Abilities,,Battle Armor,100.0
2020-09_gen3ou-0.json,Anorith,Items,,Leftovers,91.667
2020-09_gen3ou-0.json,Anorith,Items,,Bright Powder,8.333
2020-09_gen3ou-0.json,Anorith,Moves,,Hidden Power Bug,100.0
2020-09_gen3ou-0.json,Anorith,Moves,,Rock Slide,100.0
2020-09_gen3ou-0.json,Anorith,Moves,,Brick Break,91.667
2020-09_gen3ou-0.json,Anorith,Moves,,Swords Dance,91.667
2020-09_gen3ou-0.json,Anorith,Moves,,Other,16.667
2020-09_gen3ou-0.json,Unown,Stats,Raw count,,11
2020-09_gen3ou-0.json,Unown,Stats,Avg. weight,,1.0
2020-09_gen3ou-0.json,Unown,Stats,Viability Ceiling,,45
2020-09_gen3ou-0.json,Unown,Stats,Modest,,63.636
2020-09_gen3ou-0.json,Unown,Stats,Jolly,,18.182
2020-09_gen3ou-0.json,Unown,Stats,Quiet,,9.091
2020-09_gen3ou-0.json,Unown,Stats,Hardy,,9.091
2020-09_gen3ou-0.json,Unown,Abilities,,Levitate,100.0
2020-09_gen3ou-0.json,Unown,Items,,Leftovers,72.727
2020-09_gen3ou-0.json,Unown,Items,,Choice Band,18.182
2020-09_gen3ou-0.json,Unown,Items,,Apicot Berry,9.091
2020-09_gen3ou-0.json,Unown,Moves,,Nothing,300.0
2020-09_gen3ou-0.json,Unown,Moves,,Hidden Power Psychic,63.636
2020-09_gen3ou-0.json,Unown,Moves,,Hidden Power Fighting,18.182
2020-09_gen3ou-0.json,Unown,Moves,,Other,18.182
2020-09_gen3ou-0.json,Caterpie,Stats,Raw count,,11
2020-09_gen3ou-0.json,Caterpie,Stats,Avg. weight,,1.0
2020-09_gen3ou-0.json,Caterpie,Stats,Viability Ceiling,,52
2020-09_gen3ou-0.json,Caterpie,Stats,Jolly,,100.000
2020-09_gen3ou-0.json,Caterpie,Abilities,,Shield Dust,100.0
2020-09_gen3ou-0.json,Caterpie,Items,,Choice Band,100.0
2020-09_gen3ou-0.json,Caterpie,Moves,,Nothing,200.0
2020-09_gen3ou-0.json,Caterpie,Moves,,Tackle,100.0
2020-09_gen3ou-0.json,Caterpie,Moves,,String Shot,100.0
2020-09_gen3ou-0.json,Slowpoke,Stats,Raw count,,11
2020-09_gen3ou-0.json,Slowpoke,Stats,Avg. weight,,1.0
2020-09_gen3ou-0.json,Slowpoke,Stats,Viability Ceiling,,30
2020-09_gen3ou-0.json,Slowpoke,Stats,Bold,,81.818
2020-09_gen3ou-0.json,Slowpoke,Stats,Naughty,,9.091
2020-09_gen3ou-0.json,Slowpoke,Stats,Hardy,,9.091
2020-09_gen3ou-0.json,Slowpoke,Abilities,,Own Tempo,90.909
2020-09_gen3ou-0.json,Slowpoke,Abilities,,Oblivious,9.091
2020-09_gen3ou-0.json,Slowpoke,Items,,Nothing,81.818
2020-09_gen3ou-0.json,Slowpoke,Items,,Leftovers,9.091
2020-09_gen3ou-0.json,Slowpoke,Items,,Choice Band,9.091
2020-09_gen3ou-0.json,Slowpoke,Moves,,Calm Mind,90.909
2020-09_gen3ou-0.json,Slowpoke,Moves,,Psychic,90.909
2020-09_gen3ou-0.json,Slowpoke,Moves,,Protect,81.818
2020-09_gen3ou-0.json,Slowpoke,Moves,,Yawn,81.818
2020-09_gen3ou-0.json,Slowpoke,Moves,,Curse,9.091
2020-09_gen3ou-0.json,Slowpoke,Moves,,Blizzard,9.091
2020-09_gen3ou-0.json,Slowpoke,Moves,,Rest,9.091
2020-09_gen3ou-0.json,Slowpoke,Moves,,Body Slam,9.091
2020-09_gen3ou-0.json,Slowpoke,Moves,,Other,18.182
2020-09_gen3ou-0.json,Sunkern,Stats,Raw count,,11
2020-09_gen3ou-0.json,Sunkern,Stats,Avg. weight,,1.0
2020-09_gen3ou-0.json,Sunkern,Stats,Viability Ceiling,,52
2020-09_gen3ou-0.json,Sunkern,Stats,Jolly,,100.000
2020-09_gen3ou-0.json,Sunkern,Abilities,,Chlorophyll,100.0
2020-09_gen3ou-0.json,Sunkern,Items,,Leftovers,100.0
2020-09_gen3ou-0.json,Sunkern,Moves,,Leech Seed,100.0
2020-09_gen3ou-0.json,Sunkern,Moves,,Protect,100.0
2020-09_gen3ou-0.json,Sunkern,Moves,,Sunny Day,100.0
2020-09_gen3ou-0.json,Sunkern,Moves,,Substitute,100.0
2020-09_gen3ou-0.json,Relicanth,Stats,Raw count,,12
2020-09_gen3ou-0.json,Relicanth,Stats,Avg. weight,,1.0
2020-09_gen3ou-0.json,Relicanth,Stats,Viability Ceiling,,52
2020-09_gen3ou-0.json,Relicanth,Stats,Naughty,,16.667
2020-09_gen3ou-0.json,Relicanth,Stats,Hardy,,8.333
2020-09_gen3ou-0.json,Relicanth,Abilities,,Swift Swim,83.333
2020-09_gen3ou-0.json,Relicanth,Abilities,,Rock Head,16.667
2020-09_gen3ou-0.json,Relicanth,Items,,Leftovers,66.667
2020-09_gen3ou-0.json,Relicanth,Items,,Nothing,25.0
2020-09_gen3ou-0.json,Relicanth,Items,,Lum Berry,8.333
2020-09_gen3ou-0.json,Relicanth,Spreads,,Other,8.333
2020-09_gen3ou-0.json,Relicanth,Moves,,Earthquake,91.667
2020-09_gen3ou-0.json,Relicanth,Moves,,Surf,58.333
2020-09_gen3ou-0.json,Relicanth,Moves,,Rock Slide,58.333
2020-09_gen3ou-0.json,Relicanth,Moves,,Rain Dance,50.0
2020-09_gen3ou-0.json,Relicanth,Moves,,Hydro Pump,41.667
2020-09_gen3ou-0.json,Relicanth,Moves,,Blizzard,33.333
2020-09_gen3ou-0.json,Relicanth,Moves,,Ancient Power,25.0
2020-09_gen3ou-0.json,Relicanth,Moves,,Hidden Power Electric,8.333
2020-09_gen3ou-0.json,Relicanth,Moves,,Waterfall,8.333
2020-09_gen3ou-0.json,Relicanth,Moves,,Hidden Power Fire,8.333
2020-09_gen3ou-0.json,Relicanth,Moves,,Other,16.667
2020-09_gen3ou-0.json,Weedle,Stats,Raw count,,11
2020-09_gen3ou-0.json,Weedle,Stats,Avg. weight,,1.0
2020-09_gen3ou-0.json,Weedle,Stats,Viability Ceiling,,52
2020-09_gen3ou-0.json,Weedle,Stats,Jolly,,100.000
2020-09_gen3ou-0.json,Weedle,Abilities,,Shield Dust,100.0
2020-09_gen3ou-0.json,Weedle,Items,,Bright Powder,100.0
2020-09_gen3ou-0.json,Weedle,Moves,,Nothing,200.0
2020-09_gen3ou-0.json,Weedle,Moves,,Poison Sting,100.0
2020-09_gen3ou-0.json,Weedle,Moves,,String Shot,100.0
2020-09_gen3ou-0.json,Seaking,Stats,Raw count,,12
2020-09_gen3ou-0.json,Seaking,Stats,Avg. weight,,1.0
2020-09_gen3ou-0.json,Seaking,Stats,Viability Ceiling,,47
2020-09_gen3ou-0.json,Seaking,Stats,Modest,,41.667
2020-09_gen3ou-0.json,Seaking,Stats,Adamant,,25.000
2020-09_gen3ou-0.json,Seaking,Stats,Mild,,25.000
2020-09_gen3ou-0.json,Seaking,Stats,Lonely,,8.333
2020-09_gen3ou-0.json,Seaking,Abilities,,Swift Swim,100.0
2020-09_gen3ou-0.json,Seaking,Items,,Salac Berry,41.667
2020-09_gen3ou-0.json,Seaking,Items,,Quick Claw,25.0
2020-09_gen3ou-0.json,Seaking,Items,,Mystic Water,16.667
2020-09_gen3ou-0.json,Seaking,Items,,Choice Band,8.333
2020-09_gen3ou-0.json,Seaking,Items,,Lum Berry,8.333
2020-09_gen3ou-0.json,Seaking,Moves,,Rain Dance,66.667
2020-09_gen3ou-0.json,Seaking,Moves,,Megahorn,58.333
2020-09_gen3ou-0.json,Seaking,Moves,,Surf,50.0
2020-09_gen3ou-0.json,Seaking,Moves,,Hydro Pump,50.0
2020-09_gen3ou-0.json,Seaking,Moves,,Ice Beam,33.333
2020-09_gen3ou-0.json,Seaking,Moves,,Flail,25.0
2020-09_gen3ou-0.json,Seaking,Moves,,Protect,25.0
2020-09_gen3ou-0.json,Seaking,Moves,,Blizzard,25.0
2020-09_gen3ou-0.json,Seaking,Moves,,Endure,25.0
2020-09_gen3ou-0.json,Seaking,Moves,,Substitute,25.0
2020-09_gen3ou-0.json,Seaking,Moves,,Other,16.667
