source,pokemon,category,type,name,usage
2015-12_gen3ou-0.json,Gengar,Stats,Raw count,,3005
2015-12_gen3ou-0.json,Gengar,Stats,Avg. weight,,0.999921112057
2015-12_gen3ou-0.json,Gengar,Stats,Viability Ceiling,,84
2015-12_gen3ou-0.json,Gengar,Stats,Timid,,4.626
2015-12_gen3ou-0.json,Gengar,Stats,Hasty,,2.995
2015-12_gen3ou-0.json,Gengar,Abilities,,Levitate,100.0
2015-12_gen3ou-0.json,Gengar,Items,,Leftovers,89.883
2015-12_gen3ou-0.json,Gengar,Items,,Lum Berry,2.097
2015-12_gen3ou-0.json,Gengar,Items,,Choice Band,1.198
2015-12_gen3ou-0.json,Gengar,Items,,Spell Tag,1.132
2015-12_gen3ou-0.json,Gengar,Items,,Nothing,0.899
2015-12_gen3ou-0.json,Gengar,Items,,Other,4.792
2015-12_gen3ou-0.json,Gengar,Spreads,,Other,62.759
2015-12_gen3ou-0.json,Gengar,Moves,,Thunderbolt,76.537
2015-12_gen3ou-0.json,Gengar,Moves,,Ice Punch,60.829
2015-12_gen3ou-0.json,Gengar,Moves,,Will-O-Wisp,39.696
2015-12_gen3ou-0.json,Gengar,Moves,,Giga Drain,39.304
2015-12_gen3ou-0.json,Gengar,Moves,,Fire Punch,23.995
2015-12_gen3ou-0.json,Gengar,Moves,,Hypnosis,22.157
2015-12_gen3ou-0.json,Gengar,Moves,,Taunt,21.399
2015-12_gen3ou-0.json,Gengar,Moves,,Explosion,18.537
2015-12_gen3ou-0.json,Gengar,Moves,,Destiny Bond,17.106
2015-12_gen3ou-0.json,Gengar,Moves,,Substitute,12.347
2015-12_gen3ou-0.json,Gengar,Moves,,Perish Song,10.117
2015-12_gen3ou-0.json,Gengar,Moves,,Psychic,9.918
2015-12_gen3ou-0.json,Gengar,Moves,,Shadow Ball,9.185
2015-12_gen3ou-0.json,Gengar,Moves,,Mean Look,8.453
2015-12_gen3ou-0.json,Gengar,Moves,,Focus Punch,7.089
2015-12_gen3ou-0.json,Gengar,Moves,,Sludge Bomb,4.992
2015-12_gen3ou-0.json,Gengar,Moves,,Other,18.338
2015-12_gen3ou-0.json,Tyranitar,Stats,Raw count,,2792
2015-12_gen3ou-0.json,Tyranitar,Stats,Avg. weight,,0.999639249639
2015-12_gen3ou-0.json,Tyranitar,Stats,Viability Ceiling,,85
2015-12_gen3ou-0.json,Tyranitar,Stats,Adamant,,1.935
2015-12_gen3ou-0.json,Tyranitar,Stats,Jolly,,2.974
2015-12_gen3ou-0.json,Tyranitar,Stats,Hardy,,2.042
2015-12_gen3ou-0.json,Tyranitar,Abilities,,Sand Stream,100.0
2015-12_gen3ou-0.json,Tyranitar,Items,,Leftovers,73.558
2015-12_gen3ou-0.json,Tyranitar,Items,,Choice Band,15.908
2015-12_gen3ou-0.json,Tyranitar,Items,,Lum Berry,7.166
2015-12_gen3ou-0.json,Tyranitar,Items,,Other,3.368
2015-12_gen3ou-0.json,Tyranitar,Spreads,,Other,63.732
2015-12_gen3ou-0.json,Tyranitar,Moves,,Rock Slide,74.489
2015-12_gen3ou-0.json,Tyranitar,Moves,,Earthquake,63.633
2015-12_gen3ou-0.json,Tyranitar,Moves,,Hidden Power Bug,43.935
2015-12_gen3ou-0.json,Tyranitar,Moves,,Dragon Dance,42.96
2015-12_gen3ou-0.json,Tyranitar,Moves,,Focus Punch,27.418
2015-12_gen3ou-0.json,Tyranitar,Moves,,Pursuit,18.981
2015-12_gen3ou-0.json,Tyranitar,Moves,,Fire Blast,16.804
2015-12_gen3ou-0.json,Tyranitar,Moves,,Crunch,16.688
2015-12_gen3ou-0.json,Tyranitar,Moves,,Substitute,13.803
2015-12_gen3ou-0.json,Tyranitar,Moves,,Hidden Power Grass,11.179
2015-12_gen3ou-0.json,Tyranitar,Moves,,Taunt,10.068
2015-12_gen3ou-0.json,Tyranitar,Moves,,Ancient Power,8.428
2015-12_gen3ou-0.json,Tyranitar,Moves,,Flamethrower,7.05
2015-12_gen3ou-0.json,Tyranitar,Moves,,Brick Break,5.41
2015-12_gen3ou-0.json,Tyranitar,Moves,,Toxic,5.159
2015-12_gen3ou-0.json,Tyranitar,Moves,,Ice Beam,4.909
2015-12_gen3ou-0.json,Tyranitar,Moves,,Roar,4.649
2015-12_gen3ou-0.json,Tyranitar,Moves,,Counter,3.153
2015-12_gen3ou-0.json,Tyranitar,Moves,,Aerial Ace,2.795
2015-12_gen3ou-0.json,Tyranitar,Moves,,Other,18.488
2015-12_gen3ou-0.json,Salamence,Stats,Raw count,,2474
2015-12_gen3ou-0.json,Salamence,Stats,Avg. weight,,1.0
2015-12_gen3ou-0.json,Salamence,Stats,Viability Ceiling,,85
2015-12_gen3ou-0.json,Salamence,Stats,Adamant,,3.355
2015-12_gen3ou-0.json,Salamence,Stats,Jolly,,7.235
2015-12_gen3ou-0.json,Salamence,Stats,Lonely,,5.901
2015-12_gen3ou-0.json,Salamence,Stats,Rash,,3.840
2015-12_gen3ou-0.json,Salamence,Abilities,,Intimidate,100.0
2015-12_gen3ou-0.json,Salamence,Items,,Leftovers,69.119
2015-12_gen3ou-0.json,Salamence,Items,,Choice Band,20.978
2015-12_gen3ou-0.json,Salamence,Items,,Lum Berry,4.123
2015-12_gen3ou-0.json,Salamence,Items,,Dragon Fang,1.415
2015-12_gen3ou-0.json,Salamence,Items,,Other,4.365
2015-12_gen3ou-0.json,Salamence,Spreads,,Other,45.675
2015-12_gen3ou-0.json,Salamence,Moves,,Earthquake,63.096
2015-12_gen3ou-0.json,Salamence,Moves,,Rock Slide,61.318
2015-12_gen3ou-0.json,Salamence,Moves,,Hidden Power Flying,60.509
2015-12_gen3ou-0.json,Salamence,Moves,,Dragon Dance,51.293
2015-12_gen3ou-0.json,Salamence,Moves,,Brick Break,46.645
2015-12_gen3ou-0.json,Salamence,Moves,,Fire Blast,28.173
2015-12_gen3ou-0.json,Salamence,Moves,,Dragon Claw,24.899
2015-12_gen3ou-0.json,Salamence,Moves,,Flamethrower,10.994
2015-12_gen3ou-0.json,Salamence,Moves,,Hidden Power Grass,10.024
2015-12_gen3ou-0.json,Salamence,Moves,,Roar,7.074
2015-12_gen3ou-0.json,Salamence,Moves,,Aerial Ace,6.548
2015-12_gen3ou-0.json,Salamence,Moves,,Crunch,4.931
2015-12_gen3ou-0.json,Salamence,Moves,,Wish,4.568
2015-12_gen3ou-0.json,Salamence,Moves,,Other,19.927
2015-12_gen3ou-0.json,Swampert,Stats,Raw count,,2432
2015-12_gen3ou-0.json,Swampert,Stats,Avg. weight,,0.999587118084
2015-12_gen3ou-0.json,Swampert,Stats,Viability Ceiling,,82
2015-12_gen3ou-0.json,Swampert,Stats,Relaxed,,3.085
2015-12_gen3ou-0.json,Swampert,Stats,Impish,,2.221
2015-12_gen3ou-0.json,Swampert,Stats,Timid,,2.057
2015-12_gen3ou-0.json,Swampert,Abilities,,Torrent,100.0
2015-12_gen3ou-0.json,Swampert,Items,,Leftovers,90.868
2015-12_gen3ou-0.json,Swampert,Items,,Salac Berry,3.908
2015-12_gen3ou-0.json,Swampert,Items,,Choice Band,2.057
2015-12_gen3ou-0.json,Swampert,Items,,Other,3.167
2015-12_gen3ou-0.json,Swampert,Spreads,,Other,55.194
2015-12_gen3ou-0.json,Swampert,Moves,,Earthquake,94.981
2015-12_gen3ou-0.json,Swampert,Moves,,Ice Beam,85.479
2015-12_gen3ou-0.json,Swampert,Moves,,Protect,50.843
2015-12_gen3ou-0.json,Swampert,Moves,,Hydro Pump,30.738
2015-12_gen3ou-0.json,Swampert,Moves,,Roar,26.573
2015-12_gen3ou-0.json,Swampert,Moves,,Rest,23.9
2015-12_gen3ou-0.json,Swampert,Moves,,Toxic,16.321
2015-12_gen3ou-0.json,Swampert,Moves,,Sleep Talk,14.439
2015-12_gen3ou-0.json,Swampert,Moves,,Surf,13.534
2015-12_gen3ou-0.json,Swampert,Moves,,Curse,5.882
2015-12_gen3ou-0.json,Swampert,Moves,,Rock Slide,5.43
2015-12_gen3ou-0.json,Swampert,Moves,,Brick Break,5.06
2015-12_gen3ou-0.json,Swampert,Moves,,Endeavor,4.319
2015-12_gen3ou-0.json,Swampert,Moves,,Substitute,3.538
2015-12_gen3ou-0.json,Swampert,Moves,,Other,18.963
2015-12_gen3ou-0.json,Skarmory,Stats,Raw count,,2256
2015-12_gen3ou-0.json,Skarmory,Stats,Avg. weight,,1.0
2015-12_gen3ou-0.json,Skarmory,Stats,Viability Ceiling,,84
2015-12_gen3ou-0.json,Skarmory,Stats,Impish,,5.053
2015-12_gen3ou-0.json,Skarmory,Stats,Careful,,9.043
2015-12_gen3ou-0.json,Skarmory,Stats,Adamant,,7.270
2015-12_gen3ou-0.json,Skarmory,Abilities,,Keen Eye,78.723
2015-12_gen3ou-0.json,Skarmory,Abilities,,Sturdy,21.277
2015-12_gen3ou-0.json,Skarmory,Items,,Leftovers,94.681
2015-12_gen3ou-0.json,Skarmory,Items,,Lum Berry,1.862
2015-12_gen3ou-0.json,Skarmory,Items,,Other,3.457
2015-12_gen3ou-0.json,Skarmory,Spreads,,Other,44.371
2015-12_gen3ou-0.json,Skarmory,Moves,,Spikes,97.961
2015-12_gen3ou-0.json,Skarmory,Moves,,Whirlwind,85.284
2015-12_gen3ou-0.json,Skarmory,Moves,,Toxic,48.449
2015-12_gen3ou-0.json,Skarmory,Moves,,Rest,35.505
2015-12_gen3ou-0.json,Skarmory,Moves,,Protect,35.018
2015-12_gen3ou-0.json,Skarmory,Moves,,Drill Peck,33.112
2015-12_gen3ou-0.json,Skarmory,Moves,,Sleep Talk,13.785
2015-12_gen3ou-0.json,Skarmory,Moves,,Taunt,11.702
2015-12_gen3ou-0.json,Skarmory,Moves,,Roar,9.353
2015-12_gen3ou-0.json,Skarmory,Moves,,Hidden Power Ground,8.289
2015-12_gen3ou-0.json,Skarmory,Moves,,Hidden Power Flying,3.945
2015-12_gen3ou-0.json,Skarmory,Moves,,Other,17.598
2015-12_gen3ou-0.json,Celebi,Stats,Raw count,,2196
2015-12_gen3ou-0.json,Celebi,Stats,Avg. weight,,0.99964881971
2015-12_gen3ou-0.json,Celebi,Stats,Viability Ceiling,,82
2015-12_gen3ou-0.json,Celebi,Stats,Bold,,2.597
2015-12_gen3ou-0.json,Celebi,Stats,Timid,,5.740
2015-12_gen3ou-0.json,Celebi,Stats,Modest,,4.191
2015-12_gen3ou-0.json,Celebi,Abilities,,Natural Cure,100.0
2015-12_gen3ou-0.json,Celebi,Items,,Leftovers,98.952
2015-12_gen3ou-0.json,Celebi,Items,,Other,1.048
2015-12_gen3ou-0.json,Celebi,Spreads,,Other,65.05
2015-12_gen3ou-0.json,Celebi,Moves,,Recover,73.442
2015-12_gen3ou-0.json,Celebi,Moves,,Psychic,57.954
2015-12_gen3ou-0.json,Celebi,Moves,,Leech Seed,50.939
2015-12_gen3ou-0.json,Celebi,Moves,,Baton Pass,47.466
2015-12_gen3ou-0.json,Celebi,Moves,,Calm Mind,46.464
2015-12_gen3ou-0.json,Celebi,Moves,,Hidden Power Grass,26.933
2015-12_gen3ou-0.json,Celebi,Moves,,Giga Drain,25.009
2015-12_gen3ou-0.json,Celebi,Moves,,Hidden Power Fire,18.039
2015-12_gen3ou-0.json,Celebi,Moves,,Heal Bell,16.354
2015-12_gen3ou-0.json,Celebi,Moves,,Substitute,8.928
2015-12_gen3ou-0.json,Celebi,Moves,,Perish Song,7.926
2015-12_gen3ou-0.json,Celebi,Moves,,Swords Dance,6.56
2015-12_gen3ou-0.json,Celebi,Moves,,Other,13.985
2015-12_gen3ou-0.json,Blissey,Stats,Raw count,,2107
2015-12_gen3ou-0.json,Blissey,Stats,Avg. weight,,0.999887383783
2015-12_gen3ou-0.json,Blissey,Stats,Viability Ceiling,,85
2015-12_gen3ou-0.json,Blissey,Stats,Bold,,3.418
2015-12_gen3ou-0.json,Blissey,Stats,Modest,,8.628
2015-12_gen3ou-0.json,Blissey,Stats,Calm,,3.702
2015-12_gen3ou-0.json,Blissey,Abilities,,Natural Cure,99.478
2015-12_gen3ou-0.json,Blissey,Abilities,,Serene Grace,0.522
2015-12_gen3ou-0.json,Blissey,Items,,Leftovers,99.098
2015-12_gen3ou-0.json,Blissey,Items,,Other,0.902
2015-12_gen3ou-0.json,Blissey,Spreads,,Other,56.77
2015-12_gen3ou-0.json,Blissey,Moves,,Soft-Boiled,93.355
2015-12_gen3ou-0.json,Blissey,Moves,,Seismic Toss,54.016
2015-12_gen3ou-0.json,Blissey,Moves,,Ice Beam,52.297
2015-12_gen3ou-0.json,Blissey,Moves,,Toxic,39.634
2015-12_gen3ou-0.json,Blissey,Moves,,Calm Mind,32.028
2015-12_gen3ou-0.json,Blissey,Moves,,Thunderbolt,25.858
2015-12_gen3ou-0.json,Blissey,Moves,,Aromatherapy,25.062
2015-12_gen3ou-0.json,Blissey,Moves,,Thunder Wave,15.854
2015-12_gen3ou-0.json,Blissey,Moves,,Heal Bell,13.67
2015-12_gen3ou-0.json,Blissey,Moves,,Counter,11.392
2015-12_gen3ou-0.json,Blissey,Moves,,Flamethrower,9.92
2015-12_gen3ou-0.json,Blissey,Moves,,Wish,7.167
2015-12_gen3ou-0.json,Blissey,Moves,,Other,19.746
2015-12_gen3ou-0.json,Metagross,Stats,Raw count,,2064
2015-12_gen3ou-0.json,Metagross,Stats,Avg. weight,,1.0
2015-12_gen3ou-0.json,Metagross,Stats,Viability Ceiling,,80
2015-12_gen3ou-0.json,Metagross,Stats,Adamant,,2.277
2015-12_gen3ou-0.json,Metagross,Abilities,,Clear Body,100.0
2015-12_gen3ou-0.json,Metagross,Items,,Leftovers,54.457
2015-12_gen3ou-0.json,Metagross,Items,,Choice Band,32.025
2015-12_gen3ou-0.json,Metagross,Items,,Lum Berry,2.762
2015-12_gen3ou-0.json,Metagross,Items,,Chesto Berry,2.713
2015-12_gen3ou-0.json,Metagross,Items,,Quick Claw,2.326
2015-12_gen3ou-0.json,Metagross,Items,,Shell Bell,1.26
2015-12_gen3ou-0.json,Metagross,Items,,Other,4.457
2015-12_gen3ou-0.json,Metagross,Spreads,,Other,67.393
2015-12_gen3ou-0.json,Metagross,Moves,,Meteor Mash,95.446
2015-12_gen3ou-0.json,Metagross,Moves,,Earthquake,88.372
2015-12_gen3ou-0.json,Metagross,Moves,,Explosion,77.422
2015-12_gen3ou-0.json,Metagross,Moves,,Agility,25.484
2015-12_gen3ou-0.json,Metagross,Moves,,Rock Slide,25.242
2015-12_gen3ou-0.json,Metagross,Moves,,Shadow Ball,11.725
2015-12_gen3ou-0.json,Metagross,Moves,,Psychic,11.483
2015-12_gen3ou-0.json,Metagross,Moves,,Hidden Power Fire,9.351
2015-12_gen3ou-0.json,Metagross,Moves,,Sludge Bomb,9.109
2015-12_gen3ou-0.json,Metagross,Moves,,Brick Break,8.527
2015-12_gen3ou-0.json,Metagross,Moves,,Hidden Power Grass,5.378
2015-12_gen3ou-0.json,Metagross,Moves,,Thunder Punch,4.651
2015-12_gen3ou-0.json,Metagross,Moves,,Ice Punch,3.876
2015-12_gen3ou-0.json,Metagross,Moves,,Rest,2.616
2015-12_gen3ou-0.json,Metagross,Moves,,Iron Defense,2.616
2015-12_gen3ou-0.json,Metagross,Moves,,Other,18.702
2015-12_gen3ou-0.json,Snorlax,Stats,Raw count,,1990
2015-12_gen3ou-0.json,Snorlax,Stats,Avg. weight,,1.0
2015-12_gen3ou-0.json,Snorlax,Stats,Viability Ceiling,,82
2015-12_gen3ou-0.json,Snorlax,Stats,Adamant,,2.412
2015-12_gen3ou-0.json,Snorlax,Stats,Careful,,3.015
2015-12_gen3ou-0.json,Snorlax,Abilities,,Immunity,55.578
2015-12_gen3ou-0.json,Snorlax,Abilities,,Thick Fat,44.422
2015-12_gen3ou-0.json,Snorlax,Items,,Leftovers,89.849
2015-12_gen3ou-0.json,Snorlax,Items,,Choice Band,3.266
2015-12_gen3ou-0.json,Snorlax,Items,,Chesto Berry,2.613
2015-12_gen3ou-0.json,Snorlax,Items,,Other,4.271
2015-12_gen3ou-0.json,Snorlax,Spreads,,Other,63.467
2015-12_gen3ou-0.json,Snorlax,Moves,,Curse,79.497
2015-12_gen3ou-0.json,Snorlax,Moves,,Shadow Ball,69.799
2015-12_gen3ou-0.json,Snorlax,Moves,,Rest,69.397
2015-12_gen3ou-0.json,Snorlax,Moves,,Body Slam,49.196
2015-12_gen3ou-0.json,Snorlax,Moves,,Earthquake,40.251
2015-12_gen3ou-0.json,Snorlax,Moves,,Return,29.648
2015-12_gen3ou-0.json,Snorlax,Moves,,Self-Destruct,20.603
2015-12_gen3ou-0.json,Snorlax,Moves,,Sleep Talk,11.307
2015-12_gen3ou-0.json,Snorlax,Moves,,Fire Blast,7.236
2015-12_gen3ou-0.json,Snorlax,Moves,,Counter,3.769
2015-12_gen3ou-0.json,Snorlax,Moves,,Other,19.296
2015-12_gen3ou-0.json,Dugtrio,Stats,Raw count,,1738
2015-12_gen3ou-0.json,Dugtrio,Stats,Avg. weight,,1.0
2015-12_gen3ou-0.json,Dugtrio,Stats,Viability Ceiling,,82
2015-12_gen3ou-0.json,Dugtrio,Stats,Jolly,,2.992
2015-12_gen3ou-0.json,Dugtrio,Stats,Adamant,,5.293
2015-12_gen3ou-0.json,Dugtrio,Stats,Hasty,,4.200
2015-12_gen3ou-0.json,Dugtrio,Abilities,,Arena Trap,98.274
2015-12_gen3ou-0.json,Dugtrio,Abilities,,Sand Veil,1.726
2015-12_gen3ou-0.json,Dugtrio,Items,,Choice Band,90.391
2015-12_gen3ou-0.json,Dugtrio,Items,,Leftovers,7.71
2015-12_gen3ou-0.json,Dugtrio,Items,,Other,1.899
2015-12_gen3ou-0.json,Dugtrio,Spreads,,Other,31.3
2015-12_gen3ou-0.json,Dugtrio,Moves,,Earthquake,99.712
2015-12_gen3ou-0.json,Dugtrio,Moves,,Rock Slide,96.663
2015-12_gen3ou-0.json,Dugtrio,Moves,,Aerial Ace,84.12
2015-12_gen3ou-0.json,Dugtrio,Moves,,Hidden Power Bug,84.062
2015-12_gen3ou-0.json,Dugtrio,Moves,,Substitute,11.392
2015-12_gen3ou-0.json,Dugtrio,Moves,,Protect,5.178
2015-12_gen3ou-0.json,Dugtrio,Moves,,Other,18.872
2015-12_gen3ou-0.json,Magneton,Stats,Raw count,,1398
2015-12_gen3ou-0.json,Magneton,Stats,Avg. weight,,1.0
2015-12_gen3ou-0.json,Magneton,Stats,Viability Ceiling,,80
2015-12_gen3ou-0.json,Magneton,Stats,Modest,,2.718
2015-12_gen3ou-0.json,Magneton,Stats,Timid,,6.581
2015-12_gen3ou-0.json,Magneton,Abilities,,Magnet Pull,99.857
2015-12_gen3ou-0.json,Magneton,Abilities,,Sturdy,0.143
2015-12_gen3ou-0.json,Magneton,Items,,Leftovers,73.319
2015-12_gen3ou-0.json,Magneton,Items,,Salac Berry,15.737
2015-12_gen3ou-0.json,Magneton,Items,,Magnet,8.369
2015-12_gen3ou-0.json,Magneton,Items,,Other,2.575
2015-12_gen3ou-0.json,Magneton,Spreads,,Other,32.332
2015-12_gen3ou-0.json,Magneton,Moves,,Thunderbolt,96.066
2015-12_gen3ou-0.json,Magneton,Moves,,Hidden Power Fire,64.664
2015-12_gen3ou-0.json,Magneton,Moves,,Substitute,55.222
2015-12_gen3ou-0.json,Magneton,Moves,,Toxic,34.549
2015-12_gen3ou-0.json,Magneton,Moves,,Thunder Wave,29.971
2015-12_gen3ou-0.json,Magneton,Moves,,Hidden Power Ice,17.525
2015-12_gen3ou-0.json,Magneton,Moves,,Endure,17.454
2015-12_gen3ou-0.json,Magneton,Moves,,Screech,17.31
2015-12_gen3ou-0.json,Magneton,Moves,,Hidden Power Grass,16.094
2015-12_gen3ou-0.json,Magneton,Moves,,Metal Sound,15.594
2015-12_gen3ou-0.json,Magneton,Moves,,Sleep Talk,9.585
2015-12_gen3ou-0.json,Magneton,Moves,,Rest,8.941
2015-12_gen3ou-0.json,Magneton,Moves,,Other,17.024
2015-12_gen3ou-0.json,Zapdos,Stats,Raw count,,1316
2015-12_gen3ou-0.json,Zapdos,Stats,Avg. weight,,1.0
2015-12_gen3ou-0.json,Zapdos,Stats,Viability Ceiling,,84
2015-12_gen3ou-0.json,Zapdos,Stats,Calm,,3.875
2015-12_gen3ou-0.json,Zapdos,Stats,Timid,,12.766
2015-12_gen3ou-0.json,Zapdos,Stats,Modest,,3.343
2015-12_gen3ou-0.json,Zapdos,Abilities,,Pressure,100.0
2015-12_gen3ou-0.json,Zapdos,Items,,Leftovers,98.328
2015-12_gen3ou-0.json,Zapdos,Items,,Other,1.672
2015-12_gen3ou-0.json,Zapdos,Spreads,,Other,52.736
2015-12_gen3ou-0.json,Zapdos,Moves,,Thunderbolt,93.617
2015-12_gen3ou-0.json,Zapdos,Moves,,Baton Pass,49.772
2015-12_gen3ou-0.json,Zapdos,Moves,,Hidden Power Grass,48.024
2015-12_gen3ou-0.json,Zapdos,Moves,,Rest,35.182
2015-12_gen3ou-0.json,Zapdos,Moves,,Sleep Talk,33.511
2015-12_gen3ou-0.json,Zapdos,Moves,,Agility,32.219
2015-12_gen3ou-0.json,Zapdos,Moves,,Roar,23.708
2015-12_gen3ou-0.json,Zapdos,Moves,,Hidden Power Ice,23.024
2015-12_gen3ou-0.json,Zapdos,Moves,,Substitute,15.35
2015-12_gen3ou-0.json,Zapdos,Moves,,Toxic,13.83
2015-12_gen3ou-0.json,Zapdos,Moves,,Drill Peck,9.043
2015-12_gen3ou-0.json,Zapdos,Moves,,Thunder Wave,7.067
2015-12_gen3ou-0.json,Zapdos,Moves,,Other,15.653
2015-12_gen3ou-0.json,Starmie,Stats,Raw count,,1217
2015-12_gen3ou-0.json,Starmie,Stats,Avg. weight,,1.0
2015-12_gen3ou-0.json,Starmie,Stats,Viability Ceiling,,81
2015-12_gen3ou-0.json,Starmie,Stats,Timid,,5.094
2015-12_gen3ou-0.json,Starmie,Stats,Modest,,3.287
2015-12_gen3ou-0.json,Starmie,Abilities,,Natural Cure,86.36
2015-12_gen3ou-0.json,Starmie,Abilities,,Illuminate,13.64
2015-12_gen3ou-0.json,Starmie,Items,,Leftovers,86.935
2015-12_gen3ou-0.json,Starmie,Items,,Petaya Berry,5.505
2015-12_gen3ou-0.json,Starmie,Items,,Scope Lens,1.315
2015-12_gen3ou-0.json,Starmie,Items,,Mystic Water,1.233
2015-12_gen3ou-0.json,Starmie,Items,,Sitrus Berry,1.233
2015-12_gen3ou-0.json,Starmie,Items,,Other,3.78
2015-12_gen3ou-0.json,Starmie,Spreads,,Other,24.815
2015-12_gen3ou-0.json,Starmie,Moves,,Recover,76.253
2015-12_gen3ou-0.json,Starmie,Moves,,Ice Beam,62.695
2015-12_gen3ou-0.json,Starmie,Moves,,Thunderbolt,60.066
2015-12_gen3ou-0.json,Starmie,Moves,,Surf,57.683
2015-12_gen3ou-0.json,Starmie,Moves,,Rapid Spin,56.615
2015-12_gen3ou-0.json,Starmie,Moves,,Psychic,31.142
2015-12_gen3ou-0.json,Starmie,Moves,,Hydro Pump,27.198
2015-12_gen3ou-0.json,Starmie,Moves,,Toxic,6.245
2015-12_gen3ou-0.json,Starmie,Moves,,Thunder Wave,5.094
2015-12_gen3ou-0.json,Starmie,Moves,,Other,17.009
2015-12_gen3ou-0.json,Suicune,Stats,Raw count,,1167
2015-12_gen3ou-0.json,Suicune,Stats,Avg. weight,,1.0
2015-12_gen3ou-0.json,Suicune,Stats,Viability Ceiling,,82
2015-12_gen3ou-0.json,Suicune,Stats,Bold,,5.741
2015-12_gen3ou-0.json,Suicune,Stats,Modest,,3.513
2015-12_gen3ou-0.json,Suicune,Abilities,,Pressure,100.0
2015-12_gen3ou-0.json,Suicune,Items,,Leftovers,95.03
2015-12_gen3ou-0.json,Suicune,Items,,Other,4.97
2015-12_gen3ou-0.json,Suicune,Spreads,,Other,41.817
2015-12_gen3ou-0.json,Suicune,Moves,,Calm Mind,94.687
2015-12_gen3ou-0.json,Suicune,Moves,,Surf,84.576
2015-12_gen3ou-0.json,Suicune,Moves,,Ice Beam,60.84
2015-12_gen3ou-0.json,Suicune,Moves,,Rest,54.927
2015-12_gen3ou-0.json,Suicune,Moves,,Roar,34.533
2015-12_gen3ou-0.json,Suicune,Moves,,Hidden Power Electric,20.651
2015-12_gen3ou-0.json,Suicune,Moves,,Sleep Talk,17.566
2015-12_gen3ou-0.json,Suicune,Moves,,Hydro Pump,11.74
2015-12_gen3ou-0.json,Suicune,Moves,,Blizzard,8.74
2015-12_gen3ou-0.json,Suicune,Moves,,Other,11.74
2015-12_gen3ou-0.json,Aerodactyl,Stats,Raw count,,1119
2015-12_gen3ou-0.json,Aerodactyl,Stats,Avg. weight,,0.999788236952
2015-12_gen3ou-0.json,Aerodactyl,Stats,Viability Ceiling,,82
2015-12_gen3ou-0.json,Aerodactyl,Stats,Jolly,,2.771
2015-12_gen3ou-0.json,Aerodactyl,Stats,Adamant,,11.262
2015-12_gen3ou-0.json,Aerodactyl,Stats,Hasty,,3.575
2015-12_gen3ou-0.json,Aerodactyl,Abilities,,Rock Head,92.224
2015-12_gen3ou-0.json,Aerodactyl,Abilities,,Pressure,7.776
2015-12_gen3ou-0.json,Aerodactyl,Items,,Choice Band,79.978
2015-12_gen3ou-0.json,Aerodactyl,Items,,Leftovers,10.1
2015-12_gen3ou-0.json,Aerodactyl,Items,,Mental Herb,2.86
2015-12_gen3ou-0.json,Aerodactyl,Items,,White Herb,2.145
2015-12_gen3ou-0.json,Aerodactyl,Items,,Other,4.916
2015-12_gen3ou-0.json,Aerodactyl,Spreads,,Other,12.871
2015-12_gen3ou-0.json,Aerodactyl,Moves,,Earthquake,94.726
2015-12_gen3ou-0.json,Aerodactyl,Moves,,Rock Slide,90.078
2015-12_gen3ou-0.json,Aerodactyl,Moves,,Double-Edge,89.631
2015-12_gen3ou-0.json,Aerodactyl,Moves,,Hidden Power Flying,56.559
2015-12_gen3ou-0.json,Aerodactyl,Moves,,Aerial Ace,16.715
2015-12_gen3ou-0.json,Aerodactyl,Moves,,Hidden Power Bug,15.463
2015-12_gen3ou-0.json,Aerodactyl,Moves,,Hidden Power Fighting,5.542
2015-12_gen3ou-0.json,Aerodactyl,Moves,,Ancient Power,5.006
2015-12_gen3ou-0.json,Aerodactyl,Moves,,Toxic,3.397
2015-12_gen3ou-0.json,Aerodactyl,Moves,,Roar,2.682
2015-12_gen3ou-0.json,Aerodactyl,Moves,,Substitute,2.592
2015-12_gen3ou-0.json,Aerodactyl,Moves,,Other,17.609
2015-12_gen3ou-0.json,Heracross,Stats,Raw count,,975
2015-12_gen3ou-0.json,Heracross,Stats,Avg. weight,,1.0
2015-12_gen3ou-0.json,Heracross,Stats,Viability Ceiling,,81
2015-12_gen3ou-0.json,Heracross,Stats,Adamant,,3.077
2015-12_gen3ou-0.json,Heracross,Stats,Jolly,,6.667
2015-12_gen3ou-0.json,Heracross,Abilities,,Guts,57.026
2015-12_gen3ou-0.json,Heracross,Abilities,,Swarm,42.974
2015-12_gen3ou-0.json,Heracross,Items,,Salac Berry,38.154
2015-12_gen3ou-0.json,Heracross,Items,,Leftovers,34.359
2015-12_gen3ou-0.json,Heracross,Items,,Choice Band,15.795
2015-12_gen3ou-0.json,Heracross,Items,,Lum Berry,2.769
2015-12_gen3ou-0.json,Heracross,Items,,Black Belt,2.154
2015-12_gen3ou-0.json,Heracross,Items,,SilverPowder,1.333
2015-12_gen3ou-0.json,Heracross,Items,,Chesto Berry,1.128
2015-12_gen3ou-0.json,Heracross,Items,,Other,4.308
2015-12_gen3ou-0.json,Heracross,Spreads,,Other,33.026
2015-12_gen3ou-0.json,Heracross,Moves,,Megahorn,97.641
2015-12_gen3ou-0.json,Heracross,Moves,,Swords Dance,61.641
2015-12_gen3ou-0.json,Heracross,Moves,,Rock Slide,53.641
2015-12_gen3ou-0.json,Heracross,Moves,,Brick Break,49.949
2015-12_gen3ou-0.json,Heracross,Moves,,Reversal,35.59
2015-12_gen3ou-0.json,Heracross,Moves,,Endure,28.308
2015-12_gen3ou-0.json,Heracross,Moves,,Focus Punch,18.051
2015-12_gen3ou-0.json,Heracross,Moves,,Earthquake,17.744
2015-12_gen3ou-0.json,Heracross,Moves,,Substitute,13.231
2015-12_gen3ou-0.json,Heracross,Moves,,Sleep Talk,8.513
2015-12_gen3ou-0.json,Heracross,Moves,,Other,15.692
2015-12_gen3ou-0.json,Milotic,Stats,Raw count,,906
2015-12_gen3ou-0.json,Milotic,Stats,Avg. weight,,1.0
2015-12_gen3ou-0.json,Milotic,Stats,Viability Ceiling,,75
2015-12_gen3ou-0.json,Milotic,Stats,Bold,,6.843
2015-12_gen3ou-0.json,Milotic,Stats,Calm,,3.753
2015-12_gen3ou-0.json,Milotic,Abilities,,Marvel Scale,100.0
2015-12_gen3ou-0.json,Milotic,Items,,Leftovers,98.013
2015-12_gen3ou-0.json,Milotic,Items,,Other,1.987
2015-12_gen3ou-0.json,Milotic,Spreads,,Other,39.183
2015-12_gen3ou-0.json,Milotic,Moves,,Recover,91.28
2015-12_gen3ou-0.json,Milotic,Moves,,Ice Beam,84.658
2015-12_gen3ou-0.json,Milotic,Moves,,Surf,79.139
2015-12_gen3ou-0.json,Milotic,Moves,,Toxic,70.309
2015-12_gen3ou-0.json,Milotic,Moves,,Hypnosis,20.088
2015-12_gen3ou-0.json,Milotic,Moves,,Hidden Power Grass,13.024
2015-12_gen3ou-0.json,Milotic,Moves,,Hydro Pump,9.272
2015-12_gen3ou-0.json,Milotic,Moves,,Rest,6.402
2015-12_gen3ou-0.json,Milotic,Moves,,Mirror Coat,6.071
2015-12_gen3ou-0.json,Milotic,Moves,,Other,19.757
2015-12_gen3ou-0.json,Forretress,Stats,Raw count,,884
2015-12_gen3ou-0.json,Forretress,Stats,Avg. weight,,0.999730879418
2015-12_gen3ou-0.json,Forretress,Stats,Viability Ceiling,,85
2015-12_gen3ou-0.json,Forretress,Stats,Careful,,4.639
2015-12_gen3ou-0.json,Forretress,Stats,Impish,,3.508
2015-12_gen3ou-0.json,Forretress,Stats,Serious,,3.847
2015-12_gen3ou-0.json,Forretress,Stats,Calm,,3.621
2015-12_gen3ou-0.json,Forretress,Abilities,,Sturdy,100.0
2015-12_gen3ou-0.json,Forretress,Items,,Leftovers,97.058
2015-12_gen3ou-0.json,Forretress,Items,,Other,2.942
2015-12_gen3ou-0.json,Forretress,Spreads,,Other,44.129
2015-12_gen3ou-0.json,Forretress,Moves,,Spikes,98.868
2015-12_gen3ou-0.json,Forretress,Moves,,Rapid Spin,95.248
2015-12_gen3ou-0.json,Forretress,Moves,,Explosion,56.463
2015-12_gen3ou-0.json,Forretress,Moves,,Earthquake,51.797
2015-12_gen3ou-0.json,Forretress,Moves,,Hidden Power Bug,44.895
2015-12_gen3ou-0.json,Forretress,Moves,,Toxic,15.049
2015-12_gen3ou-0.json,Forretress,Moves,,Hidden Power Ghost,8.713
2015-12_gen3ou-0.json,Forretress,Moves,,Protect,7.694
2015-12_gen3ou-0.json,Forretress,Moves,,Zap Cannon,6.223
2015-12_gen3ou-0.json,Forretress,Moves,,Other,15.049
2015-12_gen3ou-0.json,Vaporeon,Stats,Raw count,,732
2015-12_gen3ou-0.json,Vaporeon,Stats,Avg. weight,,1.0
2015-12_gen3ou-0.json,Vaporeon,Stats,Viability Ceiling,,80
2015-12_gen3ou-0.json,Vaporeon,Stats,Bold,,6.421
2015-12_gen3ou-0.json,Vaporeon,Stats,Calm,,6.557
2015-12_gen3ou-0.json,Vaporeon,Stats,Impish,,4.508
2015-12_gen3ou-0.json,Vaporeon,Abilities,,Water Absorb,100.0
2015-12_gen3ou-0.json,Vaporeon,Items,,Leftovers,98.361
2015-12_gen3ou-0.json,Vaporeon,Items,,Other,1.639
2015-12_gen3ou-0.json,Vaporeon,Spreads,,Other,39.617
2015-12_gen3ou-0.json,Vaporeon,Moves,,Wish,64.617
2015-12_gen3ou-0.json,Vaporeon,Moves,,Surf,64.208
2015-12_gen3ou-0.json,Vaporeon,Moves,,Baton Pass,60.109
2015-12_gen3ou-0.json,Vaporeon,Moves,,Acid Armor,48.224
2015-12_gen3ou-0.json,Vaporeon,Moves,,Ice Beam,37.022
2015-12_gen3ou-0.json,Vaporeon,Moves,,Protect,34.973
2015-12_gen3ou-0.json,Vaporeon,Moves,,Substitute,29.918
2015-12_gen3ou-0.json,Vaporeon,Moves,,Roar,22.678
2015-12_gen3ou-0.json,Vaporeon,Moves,,Toxic,15.847
2015-12_gen3ou-0.json,Vaporeon,Moves,,Charm,5.601
2015-12_gen3ou-0.json,Vaporeon,Moves,,Other,16.803
2015-12_gen3ou-0.json,Alakazam,Stats,Raw count,,736
2015-12_gen3ou-0.json,Alakazam,Stats,Avg. weight,,1.0
2015-12_gen3ou-0.json,Alakazam,Stats,Viability Ceiling,,74
2015-12_gen3ou-0.json,Alakazam,Stats,Modest,,16.033
2015-12_gen3ou-0.json,Alakazam,Stats,Timid,,6.250
2015-12_gen3ou-0.json,Alakazam,Stats,Bold,,4.755
2015-12_gen3ou-0.json,Alakazam,Abilities,,Synchronize,97.283
2015-12_gen3ou-0.json,Alakazam,Abilities,,Inner Focus,2.717
2015-12_gen3ou-0.json,Alakazam,Items,,Leftovers,57.88
2015-12_gen3ou-0.json,Alakazam,Items,,Petaya Berry,7.337
2015-12_gen3ou-0.json,Alakazam,Items,,Never-Melt Ice,6.114
2015-12_gen3ou-0.json,Alakazam,Items,,TwistedSpoon,5.842
2015-12_gen3ou-0.json,Alakazam,Items,,Choice Band,5.435
2015-12_gen3ou-0.json,Alakazam,Items,,Lum Berry,5.027
2015-12_gen3ou-0.json,Alakazam,Items,,Focus Band,3.804
2015-12_gen3ou-0.json,Alakazam,Items,,Nothing,2.582
2015-12_gen3ou-0.json,Alakazam,Items,,Shell Bell,2.038
2015-12_gen3ou-0.json,Alakazam,Items,,Other,3.94
2015-12_gen3ou-0.json,Alakazam,Spreads,,Other,36.277
2015-12_gen3ou-0.json,Alakazam,Moves,,Psychic,97.283
2015-12_gen3ou-0.json,Alakazam,Moves,,Fire Punch,73.505
2015-12_gen3ou-0.json,Alakazam,Moves,,Ice Punch,54.755
2015-12_gen3ou-0.json,Alakazam,Moves,,Thunder Punch,38.451
2015-12_gen3ou-0.json,Alakazam,Moves,,Calm Mind,32.473
2015-12_gen3ou-0.json,Alakazam,Moves,,Hidden Power Grass,23.777
2015-12_gen3ou-0.json,Alakazam,Moves,,Substitute,15.625
2015-12_gen3ou-0.json,Alakazam,Moves,,Encore,14.266
2015-12_gen3ou-0.json,Alakazam,Moves,,Recover,9.375
2015-12_gen3ou-0.json,Alakazam,Moves,,Shadow Ball,7.201
2015-12_gen3ou-0.json,Alakazam,Moves,,Thunder Wave,5.571
2015-12_gen3ou-0.json,Alakazam,Moves,,Trick,4.076
2015-12_gen3ou-0.json,Alakazam,Moves,,Knock Off,4.076
2015-12_gen3ou-0.json,Alakazam,Moves,,Other,19.565
2015-12_gen3ou-0.json,Claydol,Stats,Raw count,,703
2015-12_gen3ou-0.json,Claydol,Stats,Avg. weight,,0.998909387317
2015-12_gen3ou-0.json,Claydol,Stats,Viability Ceiling,,78
2015-12_gen3ou-0.json,Claydol,Stats,Relaxed,,3.845
2015-12_gen3ou-0.json,Claydol,Stats,Hardy,,4.557
2015-12_gen3ou-0.json,Claydol,Stats,Modest,,3.845
2015-12_gen3ou-0.json,Claydol,Stats,Lonely,,3.702
2015-12_gen3ou-0.json,Claydol,Abilities,,Levitate,100.0
2015-12_gen3ou-0.json,Claydol,Items,,Leftovers,97.864
2015-12_gen3ou-0.json,Claydol,Items,,Other,2.136
2015-12_gen3ou-0.json,Claydol,Spreads,,Other,35.316
2015-12_gen3ou-0.json,Claydol,Moves,,Rapid Spin,91.883
2015-12_gen3ou-0.json,Claydol,Moves,,Earthquake,80.348
2015-12_gen3ou-0.json,Claydol,Moves,,Psychic,76.931
2015-12_gen3ou-0.json,Claydol,Moves,,Ice Beam,34.889
2015-12_gen3ou-0.json,Claydol,Moves,,Refresh,27.802
2015-12_gen3ou-0.json,Claydol,Moves,,Explosion,20.648
2015-12_gen3ou-0.json,Claydol,Moves,,Toxic,19.082
2015-12_gen3ou-0.json,Claydol,Moves,,Rest,13.671
2015-12_gen3ou-0.json,Claydol,Moves,,Hidden Power Electric,7.405
2015-12_gen3ou-0.json,Claydol,Moves,,Light Screen,6.835
2015-12_gen3ou-0.json,Claydol,Moves,,Sleep Talk,5.126
2015-12_gen3ou-0.json,Claydol,Moves,,Other,15.379
2015-12_gen3ou-0.json,Jolteon,Stats,Raw count,,641
2015-12_gen3ou-0.json,Jolteon,Stats,Avg. weight,,1.0
2015-12_gen3ou-0.json,Jolteon,Stats,Viability Ceiling,,77
2015-12_gen3ou-0.json,Jolteon,Stats,Timid,,9.204
2015-12_gen3ou-0.json,Jolteon,Stats,Modest,,5.928
2015-12_gen3ou-0.json,Jolteon,Abilities,,Volt Absorb,100.0
2015-12_gen3ou-0.json,Jolteon,Items,,Leftovers,56.786
2015-12_gen3ou-0.json,Jolteon,Items,,Magnet,14.665
2015-12_gen3ou-0.json,Jolteon,Items,,Petaya Berry,10.608
2015-12_gen3ou-0.json,Jolteon,Items,,Shell Bell,8.58
2015-12_gen3ou-0.json,Jolteon,Items,,Lum Berry,3.744
2015-12_gen3ou-0.json,Jolteon,Items,,Sitrus Berry,2.496
2015-12_gen3ou-0.json,Jolteon,Items,,Other,3.12
2015-12_gen3ou-0.json,Jolteon,Spreads,,Other,18.721
2015-12_gen3ou-0.json,Jolteon,Moves,,Thunderbolt,90.016
2015-12_gen3ou-0.json,Jolteon,Moves,,Substitute,68.643
2015-12_gen3ou-0.json,Jolteon,Moves,,Baton Pass,65.679
2015-12_gen3ou-0.json,Jolteon,Moves,,Hidden Power Ice,39.938
2015-12_gen3ou-0.json,Jolteon,Moves,,Hidden Power Grass,29.953
2015-12_gen3ou-0.json,Jolteon,Moves,,Agility,17.161
2015-12_gen3ou-0.json,Jolteon,Moves,,Thunder Wave,17.005
2015-12_gen3ou-0.json,Jolteon,Moves,,Wish,12.012
2015-12_gen3ou-0.json,Jolteon,Moves,,Roar,11.076
2015-12_gen3ou-0.json,Jolteon,Moves,,Shadow Ball,8.736
2015-12_gen3ou-0.json,Jolteon,Moves,,Thunder,7.8
2015-12_gen3ou-0.json,Jolteon,Moves,,Toxic,6.24
2015-12_gen3ou-0.json,Jolteon,Moves,,Bite,4.992
2015-12_gen3ou-0.json,Jolteon,Moves,,Protect,2.808
2015-12_gen3ou-0.json,Jolteon,Moves,,Other,17.941
2015-12_gen3ou-0.json,Flygon,Stats,Raw count,,623
2015-12_gen3ou-0.json,Flygon,Stats,Avg. weight,,1.0
2015-12_gen3ou-0.json,Flygon,Stats,Viability Ceiling,,84
2015-12_gen3ou-0.json,Flygon,Stats,Jolly,,7.544
2015-12_gen3ou-0.json,Flygon,Stats,Naughty,,10.433
2015-12_gen3ou-0.json,Flygon,Stats,Relaxed,,9.149
2015-12_gen3ou-0.json,Flygon,Stats,Naive,,6.421
2015-12_gen3ou-0.json,Flygon,Abilities,,Levitate,100.0
2015-12_gen3ou-0.json,Flygon,Items,,Leftovers,72.392
2015-12_gen3ou-0.json,Flygon,Items,,Choice Band,19.743
2015-12_gen3ou-0.json,Flygon,Items,,Chesto Berry,1.766
2015-12_gen3ou-0.json,Flygon,Items,,Dragon Fang,1.284
2015-12_gen3ou-0.json,Flygon,Items,,Other,4.815
2015-12_gen3ou-0.json,Flygon,Spreads,,Other,42.215
2015-12_gen3ou-0.json,Flygon,Moves,,Earthquake,91.653
2015-12_gen3ou-0.json,Flygon,Moves,,Rock Slide,65.008
2015-12_gen3ou-0.json,Flygon,Moves,,Fire Blast,63.884
2015-12_gen3ou-0.json,Flygon,Moves,,Hidden Power Bug,44.783
2015-12_gen3ou-0.json,Flygon,Moves,,Toxic,33.066
2015-12_gen3ou-0.json,Flygon,Moves,,Dragon Claw,17.978
2015-12_gen3ou-0.json,Flygon,Moves,,Protect,9.791
2015-12_gen3ou-0.json,Flygon,Moves,,Substitute,9.31
2015-12_gen3ou-0.json,Flygon,Moves,,Flamethrower,8.828
2015-12_gen3ou-0.json,Flygon,Moves,,Hidden Power Ice,8.347
2015-12_gen3ou-0.json,Flygon,Moves,,Crunch,7.705
2015-12_gen3ou-0.json,Flygon,Moves,,Hidden Power Flying,5.136
2015-12_gen3ou-0.json,Flygon,Moves,,Fire Punch,3.371
2015-12_gen3ou-0.json,Flygon,Moves,,Dragon Breath,3.05
2015-12_gen3ou-0.json,Flygon,Moves,,Fly,2.889
2015-12_gen3ou-0.json,Flygon,Moves,,Giga Drain,2.729
2015-12_gen3ou-0.json,Flygon,Moves,,Dig,2.247
2015-12_gen3ou-0.json,Flygon,Moves,,Screech,2.247
2015-12_gen3ou-0.json,Flygon,Moves,,Other,17.978
2015-12_gen3ou-0.json,Umbreon,Stats,Raw count,,577
2015-12_gen3ou-0.json,Umbreon,Stats,Avg. weight,,1.0
2015-12_gen3ou-0.json,Umbreon,Stats,Viability Ceiling,,74
2015-12_gen3ou-0.json,Umbreon,Stats,Bold,,6.066
2015-12_gen3ou-0.json,Umbreon,Stats,Careful,,3.813
2015-12_gen3ou-0.json,Umbreon,Abilities,,Synchronize,100.0
2015-12_gen3ou-0.json,Umbreon,Items,,Leftovers,92.028
2015-12_gen3ou-0.json,Umbreon,Items,,Nothing,2.773
2015-12_gen3ou-0.json,Umbreon,Items,,Lum Berry,2.253
2015-12_gen3ou-0.json,Umbreon,Items,,Other,2.946
2015-12_gen3ou-0.json,Umbreon,Spreads,,Other,63.778
2015-12_gen3ou-0.json,Umbreon,Moves,,Baton Pass,69.497
2015-12_gen3ou-0.json,Umbreon,Moves,,Mean Look,69.324
2015-12_gen3ou-0.json,Umbreon,Moves,,Wish,58.752
2015-12_gen3ou-0.json,Umbreon,Moves,,Toxic,49.22
2015-12_gen3ou-0.json,Umbreon,Moves,,Taunt,32.582
2015-12_gen3ou-0.json,Umbreon,Moves,,Protect,22.184
2015-12_gen3ou-0.json,Umbreon,Moves,,Curse,21.317
2015-12_gen3ou-0.json,Umbreon,Moves,,Moonlight,16.638
2015-12_gen3ou-0.json,Umbreon,Moves,,Substitute,13.692
2015-12_gen3ou-0.json,Umbreon,Moves,,Pursuit,12.998
2015-12_gen3ou-0.json,Umbreon,Moves,,Confuse Ray,7.799
2015-12_gen3ou-0.json,Umbreon,Moves,,Charm,6.412
2015-12_gen3ou-0.json,Umbreon,Moves,,Other,19.584
2015-12_gen3ou-0.json,Jirachi,Stats,Raw count,,486
2015-12_gen3ou-0.json,Jirachi,Stats,Avg. weight,,1.0
2015-12_gen3ou-0.json,Jirachi,Stats,Viability Ceiling,,84
2015-12_gen3ou-0.json,Jirachi,Stats,Bold,,3.704
2015-12_gen3ou-0.json,Jirachi,Stats,Modest,,8.230
2015-12_gen3ou-0.json,Jirachi,Stats,Timid,,6.379
2015-12_gen3ou-0.json,Jirachi,Stats,Sassy,,4.938
2015-12_gen3ou-0.json,Jirachi,Abilities,,Serene Grace,100.0
2015-12_gen3ou-0.json,Jirachi,Items,,Leftovers,93.827
2015-12_gen3ou-0.json,Jirachi,Items,,Lum Berry,2.263
2015-12_gen3ou-0.json,Jirachi,Items,,Other,3.909
2015-12_gen3ou-0.json,Jirachi,Spreads,,Other,54.938
2015-12_gen3ou-0.json,Jirachi,Moves,,Psychic,82.922
2015-12_gen3ou-0.json,Jirachi,Moves,,Calm Mind,68.313
2015-12_gen3ou-0.json,Jirachi,Moves,,Wish,57.407
2015-12_gen3ou-0.json,Jirachi,Moves,,Fire Punch,56.173
2015-12_gen3ou-0.json,Jirachi,Moves,,Hidden Power Grass,24.28
2015-12_gen3ou-0.json,Jirachi,Moves,,Ice Punch,23.457
2015-12_gen3ou-0.json,Jirachi,Moves,,Thunderbolt,19.753
2015-12_gen3ou-0.json,Jirachi,Moves,,Body Slam,13.786
2015-12_gen3ou-0.json,Jirachi,Moves,,Protect,13.58
2015-12_gen3ou-0.json,Jirachi,Moves,,Substitute,10.082
2015-12_gen3ou-0.json,Jirachi,Moves,,Doom Desire,4.321
2015-12_gen3ou-0.json,Jirachi,Moves,,Light Screen,3.498
2015-12_gen3ou-0.json,Jirachi,Moves,,Thunder Wave,2.881
2015-12_gen3ou-0.json,Jirachi,Moves,,Other,19.547
2015-12_gen3ou-0.json,Breloom,Stats,Raw count,,488
2015-12_gen3ou-0.json,Breloom,Stats,Avg. weight,,1.0
2015-12_gen3ou-0.json,Breloom,Stats,Viability Ceiling,,71
2015-12_gen3ou-0.json,Breloom,Stats,Adamant,,4.508
2015-12_gen3ou-0.json,Breloom,Stats,Jolly,,4.508
2015-12_gen3ou-0.json,Breloom,Stats,Impish,,4.098
2015-12_gen3ou-0.json,Breloom,Abilities,,Effect Spore,100.0
2015-12_gen3ou-0.json,Breloom,Items,,Leftovers,76.844
2015-12_gen3ou-0.json,Breloom,Items,,Black Belt,7.377
2015-12_gen3ou-0.json,Breloom,Items,,Quick Claw,6.148
2015-12_gen3ou-0.json,Breloom,Items,,Lum Berry,2.664
2015-12_gen3ou-0.json,Breloom,Items,,Sitrus Berry,1.639
2015-12_gen3ou-0.json,Breloom,Items,,Nothing,1.639
2015-12_gen3ou-0.json,Breloom,Items,,Other,3.689
2015-12_gen3ou-0.json,Breloom,Spreads,,Other,43.852
2015-12_gen3ou-0.json,Breloom,Moves,,Spore,91.803
2015-12_gen3ou-0.json,Breloom,Moves,,Focus Punch,64.344
2015-12_gen3ou-0.json,Breloom,Moves,,Substitute,58.811
2015-12_gen3ou-0.json,Breloom,Moves,,Leech Seed,43.033
2015-12_gen3ou-0.json,Breloom,Moves,,Mach Punch,41.598
2015-12_gen3ou-0.json,Breloom,Moves,,Hidden Power Ghost,24.795
2015-12_gen3ou-0.json,Breloom,Moves,,Brick Break,12.295
2015-12_gen3ou-0.json,Breloom,Moves,,Giga Drain,9.426
2015-12_gen3ou-0.json,Breloom,Moves,,Swords Dance,8.197
2015-12_gen3ou-0.json,Breloom,Moves,,Bullet Seed,6.967
2015-12_gen3ou-0.json,Breloom,Moves,,Sky Uppercut,6.762
2015-12_gen3ou-0.json,Breloom,Moves,,Thunder Punch,5.738
2015-12_gen3ou-0.json,Breloom,Moves,,Hidden Power Rock,4.918
2015-12_gen3ou-0.json,Breloom,Moves,,Sludge Bomb,4.098
2015-12_gen3ou-0.json,Breloom,Moves,,Other,17.213
2015-12_gen3ou-0.json,Gyarados,Stats,Raw count,,470
2015-12_gen3ou-0.json,Gyarados,Stats,Avg. weight,,1.0
2015-12_gen3ou-0.json,Gyarados,Stats,Viability Ceiling,,85
2015-12_gen3ou-0.json,Gyarados,Stats,Adamant,,5.957
2015-12_gen3ou-0.json,Gyarados,Stats,Impish,,8.298
2015-12_gen3ou-0.json,Gyarados,Stats,Careful,,6.809
2015-12_gen3ou-0.json,Gyarados,Stats,Jolly,,2.766
2015-12_gen3ou-0.json,Gyarados,Abilities,,Intimidate,100.0
2015-12_gen3ou-0.json,Gyarados,Items,,Leftovers,88.085
2015-12_gen3ou-0.json,Gyarados,Items,,Sitrus Berry,2.128
2015-12_gen3ou-0.json,Gyarados,Items,,Focus Band,1.915
2015-12_gen3ou-0.json,Gyarados,Items,,Liechi Berry,1.915
2015-12_gen3ou-0.json,Gyarados,Items,,Nothing,1.702
2015-12_gen3ou-0.json,Gyarados,Items,,Other,4.255
2015-12_gen3ou-0.json,Gyarados,Spreads,,Other,41.702
2015-12_gen3ou-0.json,Gyarados,Moves,,Earthquake,92.979
2015-12_gen3ou-0.json,Gyarados,Moves,,Dragon Dance,84.894
2015-12_gen3ou-0.json,Gyarados,Moves,,Hidden Power Flying,69.362
2015-12_gen3ou-0.json,Gyarados,Moves,,Taunt,56.383
2015-12_gen3ou-0.json,Gyarados,Moves,,Thunder Wave,10.851
2015-12_gen3ou-0.json,Gyarados,Moves,,Rest,9.149
2015-12_gen3ou-0.json,Gyarados,Moves,,Waterfall,9.149
2015-12_gen3ou-0.json,Gyarados,Moves,,Hidden Power Rock,8.298
2015-12_gen3ou-0.json,Gyarados,Moves,,Double-Edge,8.085
2015-12_gen3ou-0.json,Gyarados,Moves,,Body Slam,7.447
2015-12_gen3ou-0.json,Gyarados,Moves,,Substitute,5.532
2015-12_gen3ou-0.json,Gyarados,Moves,,Roar,4.894
2015-12_gen3ou-0.json,Gyarados,Moves,,Hydro Pump,4.255
2015-12_gen3ou-0.json,Gyarados,Moves,,Surf,3.617
2015-12_gen3ou-0.json,Gyarados,Moves,,Bite,3.191
2015-12_gen3ou-0.json,Gyarados,Moves,,Hyper Beam,2.979
2015-12_gen3ou-0.json,Gyarados,Moves,,Other,18.936
2015-12_gen3ou-0.json,Blaziken,Stats,Raw count,,471
2015-12_gen3ou-0.json,Blaziken,Stats,Avg. weight,,1.0
2015-12_gen3ou-0.json,Blaziken,Stats,Viability Ceiling,,72
2015-12_gen3ou-0.json,Blaziken,Stats,Rash,,8.068
2015-12_gen3ou-0.json,Blaziken,Stats,Lonely,,5.308
2015-12_gen3ou-0.json,Blaziken,Stats,Adamant,,4.459
2015-12_gen3ou-0.json,Blaziken,Stats,Jolly,,4.459
2015-12_gen3ou-0.json,Blaziken,Stats,Hardy,,4.246
2015-12_gen3ou-0.json,Blaziken,Abilities,,Blaze,100.0
2015-12_gen3ou-0.json,Blaziken,Items,,Leftovers,35.456
2015-12_gen3ou-0.json,Blaziken,Items,,Salac Berry,16.561
2015-12_gen3ou-0.json,Blaziken,Items,,Liechi Berry,11.253
2015-12_gen3ou-0.json,Blaziken,Items,,Choice Band,11.04
2015-12_gen3ou-0.json,Blaziken,Items,,Lum Berry,5.732
2015-12_gen3ou-0.json,Blaziken,Items,,Charcoal,5.308
2015-12_gen3ou-0.json,Blaziken,Items,,Black Belt,3.822
2015-12_gen3ou-0.json,Blaziken,Items,,Nothing,2.335
2015-12_gen3ou-0.json,Blaziken,Items,,Focus Band,1.699
2015-12_gen3ou-0.json,Blaziken,Items,,Quick Claw,1.699
2015-12_gen3ou-0.json,Blaziken,Items,,Chesto Berry,1.274
2015-12_gen3ou-0.json,Blaziken,Items,,Other,3.822
2015-12_gen3ou-0.json,Blaziken,Spreads,,Other,65.605
2015-12_gen3ou-0.json,Blaziken,Moves,,Sky Uppercut,41.826
2015-12_gen3ou-0.json,Blaziken,Moves,,Brick Break,36.518
2015-12_gen3ou-0.json,Blaziken,Moves,,Earthquake,34.183
2015-12_gen3ou-0.json,Blaziken,Moves,,Blaze Kick,33.546
2015-12_gen3ou-0.json,Blaziken,Moves,,Fire Blast,32.909
2015-12_gen3ou-0.json,Blaziken,Moves,,Swords Dance,29.299
2015-12_gen3ou-0.json,Blaziken,Moves,,Thunder Punch,24.416
2015-12_gen3ou-0.json,Blaziken,Moves,,Overheat,23.355
2015-12_gen3ou-0.json,Blaziken,Moves,,Rock Slide,22.93
2015-12_gen3ou-0.json,Blaziken,Moves,,Reversal,14.437
2015-12_gen3ou-0.json,Blaziken,Moves,,Flamethrower,13.588
2015-12_gen3ou-0.json,Blaziken,Moves,,Endure,13.163
2015-12_gen3ou-0.json,Blaziken,Moves,,Hidden Power Grass,9.979
2015-12_gen3ou-0.json,Blaziken,Moves,,Bulk Up,9.554
2015-12_gen3ou-0.json,Blaziken,Moves,,Aerial Ace,6.794
2015-12_gen3ou-0.json,Blaziken,Moves,,Hidden Power Ice,6.582
2015-12_gen3ou-0.json,Blaziken,Moves,,Substitute,6.369
2015-12_gen3ou-0.json,Blaziken,Moves,,Fire Punch,6.157
2015-12_gen3ou-0.json,Blaziken,Moves,,Focus Punch,5.732
2015-12_gen3ou-0.json,Blaziken,Moves,,Double Kick,5.308
2015-12_gen3ou-0.json,Blaziken,Moves,,Roar,4.671
2015-12_gen3ou-0.json,Blaziken,Moves,,Other,18.684
2015-12_gen3ou-0.json,Raikou,Stats,Raw count,,435
2015-12_gen3ou-0.json,Raikou,Stats,Avg. weight,,1.0
2015-12_gen3ou-0.json,Raikou,Stats,Viability Ceiling,,78
2015-12_gen3ou-0.json,Raikou,Stats,Timid,,4.138
2015-12_gen3ou-0.json,Raikou,Stats,Modest,,3.678
2015-12_gen3ou-0.json,Raikou,Abilities,,Pressure,100.0
2015-12_gen3ou-0.json,Raikou,Items,,Leftovers,83.448
2015-12_gen3ou-0.json,Raikou,Items,,Magnet,6.897
2015-12_gen3ou-0.json,Raikou,Items,,Black Glasses,2.299
2015-12_gen3ou-0.json,Raikou,Items,,Salac Berry,2.069
2015-12_gen3ou-0.json,Raikou,Items,,Choice Band,0.92
2015-12_gen3ou-0.json,Raikou,Items,,Other,4.368
2015-12_gen3ou-0.json,Raikou,Spreads,,Other,36.552
2015-12_gen3ou-0.json,Raikou,Moves,,Thunderbolt,94.713
2015-12_gen3ou-0.json,Raikou,Moves,,Calm Mind,80.92
2015-12_gen3ou-0.json,Raikou,Moves,,Hidden Power Grass,40.23
2015-12_gen3ou-0.json,Raikou,Moves,,Hidden Power Ice,39.08
2015-12_gen3ou-0.json,Raikou,Moves,,Substitute,30.805
2015-12_gen3ou-0.json,Raikou,Moves,,Roar,27.816
2015-12_gen3ou-0.json,Raikou,Moves,,Crunch,15.862
2015-12_gen3ou-0.json,Raikou,Moves,,Reflect,13.563
2015-12_gen3ou-0.json,Raikou,Moves,,Thunder Wave,13.103
2015-12_gen3ou-0.json,Raikou,Moves,,Rest,12.644
2015-12_gen3ou-0.json,Raikou,Moves,,Thunder,6.437
2015-12_gen3ou-0.json,Raikou,Moves,,Hidden Power Water,5.287
2015-12_gen3ou-0.json,Raikou,Moves,,Other,19.54
2015-12_gen3ou-0.json,Charizard,Stats,Raw count,,421
2015-12_gen3ou-0.json,Charizard,Stats,Avg. weight,,1.0
2015-12_gen3ou-0.json,Charizard,Stats,Viability Ceiling,,76
2015-12_gen3ou-0.json,Charizard,Stats,Rash,,15.439
2015-12_gen3ou-0.json,Charizard,Stats,Lonely,,8.551
2015-12_gen3ou-0.json,Charizard,Stats,Modest,,7.363
2015-12_gen3ou-0.json,Charizard,Stats,Hasty,,5.701
2015-12_gen3ou-0.json,Charizard,Abilities,,Blaze,100.0
2015-12_gen3ou-0.json,Charizard,Items,,Leftovers,41.093
2015-12_gen3ou-0.json,Charizard,Items,,Petaya Berry,19.002
2015-12_gen3ou-0.json,Charizard,Items,,Salac Berry,15.202
2015-12_gen3ou-0.json,Charizard,Items,,Charcoal,13.539
2015-12_gen3ou-0.json,Charizard,Items,,Nothing,4.038
2015-12_gen3ou-0.json,Charizard,Items,,Sitrus Berry,1.663
2015-12_gen3ou-0.json,Charizard,Items,,Lum Berry,0.713
2015-12_gen3ou-0.json,Charizard,Items,,Other,4.751
2015-12_gen3ou-0.json,Charizard,Spreads,,Other,47.506
2015-12_gen3ou-0.json,Charizard,Moves,,Flamethrower,52.019
2015-12_gen3ou-0.json,Charizard,Moves,,Substitute,42.993
2015-12_gen3ou-0.json,Charizard,Moves,,Fire Blast,42.043
2015-12_gen3ou-0.json,Charizard,Moves,,Hidden Power Grass,35.629
2015-12_gen3ou-0.json,Charizard,Moves,,Sunny Day,29.216
2015-12_gen3ou-0.json,Charizard,Moves,,Earthquake,25.891
2015-12_gen3ou-0.json,Charizard,Moves,,Focus Punch,22.565
2015-12_gen3ou-0.json,Charizard,Moves,,Blast Burn,22.328
2015-12_gen3ou-0.json,Charizard,Moves,,Belly Drum,18.765
2015-12_gen3ou-0.json,Charizard,Moves,,Dragon Claw,15.202
2015-12_gen3ou-0.json,Charizard,Moves,,Rock Slide,13.777
2015-12_gen3ou-0.json,Charizard,Moves,,Overheat,10.451
2015-12_gen3ou-0.json,Charizard,Moves,,Roar,7.838
2015-12_gen3ou-0.json,Charizard,Moves,,Fly,7.126
2015-12_gen3ou-0.json,Charizard,Moves,,Brick Break,5.463
2015-12_gen3ou-0.json,Charizard,Moves,,Aerial Ace,5.463
2015-12_gen3ou-0.json,Charizard,Moves,,Dragon Dance,4.751
2015-12_gen3ou-0.json,Charizard,Moves,,Double-Edge,3.8
2015-12_gen3ou-0.json,Charizard,Moves,,Hidden Power Ice,3.325
2015-12_gen3ou-0.json,Charizard,Moves,,Swords Dance,3.325
2015-12_gen3ou-0.json,Charizard,Moves,,Fire Punch,2.85
2015-12_gen3ou-0.json,Charizard,Moves,,Hidden Power Flying,1.9
2015-12_gen3ou-0.json,Charizard,Moves,,Protect,1.9
2015-12_gen3ou-0.json,Charizard,Moves,,Wing Attack,1.663
2015-12_gen3ou-0.json,Charizard,Moves,,Other,19.715
2015-12_gen3ou-0.json,Scizor,Stats,Raw count,,398
2015-12_gen3ou-0.json,Scizor,Stats,Avg. weight,,1.0
2015-12_gen3ou-0.json,Scizor,Stats,Viability Ceiling,,74
2015-12_gen3ou-0.json,Scizor,Stats,Impish,,6.281
2015-12_gen3ou-0.json,Scizor,Stats,Jolly,,6.784
2015-12_gen3ou-0.json,Scizor,Stats,Adamant,,6.281
2015-12_gen3ou-0.json,Scizor,Stats,Hardy,,4.774
2015-12_gen3ou-0.json,Scizor,Abilities,,Swarm,100.0
2015-12_gen3ou-0.json,Scizor,Items,,Leftovers,74.121
2015-12_gen3ou-0.json,Scizor,Items,,Liechi Berry,9.045
2015-12_gen3ou-0.json,Scizor,Items,,Silk Scarf,5.276
2015-12_gen3ou-0.json,Scizor,Items,,Metal Coat,2.764
2015-12_gen3ou-0.json,Scizor,Items,,Quick Claw,2.261
2015-12_gen3ou-0.json,Scizor,Items,,Choice Band,1.508
2015-12_gen3ou-0.json,Scizor,Items,,Nothing,1.005
2015-12_gen3ou-0.json,Scizor,Items,,Other,4.02
2015-12_gen3ou-0.json,Scizor,Spreads,,Other,61.809
2015-12_gen3ou-0.json,Scizor,Moves,,Swords Dance,80.151
2015-12_gen3ou-0.json,Scizor,Moves,,Baton Pass,61.809
2015-12_gen3ou-0.json,Scizor,Moves,,Agility,52.261
2015-12_gen3ou-0.json,Scizor,Moves,,Silver Wind,47.739
2015-12_gen3ou-0.json,Scizor,Moves,,Substitute,27.638
2015-12_gen3ou-0.json,Scizor,Moves,,Hidden Power Steel,17.839
2015-12_gen3ou-0.json,Scizor,Moves,,Iron Defense,15.327
2015-12_gen3ou-0.json,Scizor,Moves,,Steel Wing,14.573
2015-12_gen3ou-0.json,Scizor,Moves,,Hidden Power Bug,13.568
2015-12_gen3ou-0.json,Scizor,Moves,,Hidden Power Rock,13.065
2015-12_gen3ou-0.json,Scizor,Moves,,Metal Claw,11.055
2015-12_gen3ou-0.json,Scizor,Moves,,Aerial Ace,8.291
2015-12_gen3ou-0.json,Scizor,Moves,,Quick Attack,7.789
2015-12_gen3ou-0.json,Scizor,Moves,,Hidden Power Ground,5.779
2015-12_gen3ou-0.json,Scizor,Moves,,Reversal,2.513
2015-12_gen3ou-0.json,Scizor,Moves,,Endure,2.513
2015-12_gen3ou-0.json,Scizor,Moves,,Other,18.09
2015-12_gen3ou-0.json,Cloyster,Stats,Raw count,,394
2015-12_gen3ou-0.json,Cloyster,Stats,Avg. weight,,1.0
2015-12_gen3ou-0.json,Cloyster,Stats,Viability Ceiling,,75
2015-12_gen3ou-0.json,Cloyster,Stats,Bold,,3.553
2015-12_gen3ou-0.json,Cloyster,Stats,Rash,,8.883
2015-12_gen3ou-0.json,Cloyster,Stats,Relaxed,,4.569
2015-12_gen3ou-0.json,Cloyster,Stats,Lax,,3.807
2015-12_gen3ou-0.json,Cloyster,Abilities,,Shell Armor,100.0
2015-12_gen3ou-0.json,Cloyster,Items,,Leftovers,94.924
2015-12_gen3ou-0.json,Cloyster,Items,,Sitrus Berry,1.523
2015-12_gen3ou-0.json,Cloyster,Items,,Other,3.553
2015-12_gen3ou-0.json,Cloyster,Spreads,,Other,30.203
2015-12_gen3ou-0.json,Cloyster,Moves,,Spikes,85.279
2015-12_gen3ou-0.json,Cloyster,Moves,,Rapid Spin,74.112
2015-12_gen3ou-0.json,Cloyster,Moves,,Ice Beam,57.107
2015-12_gen3ou-0.json,Cloyster,Moves,,Explosion,56.599
2015-12_gen3ou-0.json,Cloyster,Moves,,Surf,55.584
2015-12_gen3ou-0.json,Cloyster,Moves,,Toxic,24.365
2015-12_gen3ou-0.json,Cloyster,Moves,,Rest,12.183
2015-12_gen3ou-0.json,Cloyster,Moves,,Substitute,10.66
2015-12_gen3ou-0.json,Cloyster,Moves,,Blizzard,5.076
2015-12_gen3ou-0.json,Cloyster,Moves,,Other,19.036
2015-12_gen3ou-0.json,Ninjask,Stats,Raw count,,376
2015-12_gen3ou-0.json,Ninjask,Stats,Avg. weight,,1.0
2015-12_gen3ou-0.json,Ninjask,Stats,Viability Ceiling,,80
2015-12_gen3ou-0.json,Ninjask,Stats,Jolly,,4.521
2015-12_gen3ou-0.json,Ninjask,Stats,Adamant,,12.500
2015-12_gen3ou-0.json,Ninjask,Stats,Careful,,3.989
2015-12_gen3ou-0.json,Ninjask,Stats,Timid,,3.723
2015-12_gen3ou-0.json,Ninjask,Abilities,,Speed Boost,100.0
2015-12_gen3ou-0.json,Ninjask,Items,,Leftovers,67.021
2015-12_gen3ou-0.json,Ninjask,Items,,Liechi Berry,16.489
2015-12_gen3ou-0.json,Ninjask,Items,,Starf Berry,6.383
2015-12_gen3ou-0.json,Ninjask,Items,,Salac Berry,2.394
2015-12_gen3ou-0.json,Ninjask,Items,,Sitrus Berry,2.128
2015-12_gen3ou-0.json,Ninjask,Items,,Mental Herb,1.862
2015-12_gen3ou-0.json,Ninjask,Items,,Other,3.723
2015-12_gen3ou-0.json,Ninjask,Spreads,,Other,50.532
2015-12_gen3ou-0.json,Ninjask,Moves,,Baton Pass,97.074
2015-12_gen3ou-0.json,Ninjask,Moves,,Substitute,95.745
2015-12_gen3ou-0.json,Ninjask,Moves,,Swords Dance,81.383
2015-12_gen3ou-0.json,Ninjask,Moves,,Protect,42.287
2015-12_gen3ou-0.json,Ninjask,Moves,,Silver Wind,31.117
2015-12_gen3ou-0.json,Ninjask,Moves,,Hidden Power Flying,14.096
2015-12_gen3ou-0.json,Ninjask,Moves,,Aerial Ace,10.638
2015-12_gen3ou-0.json,Ninjask,Moves,,Hidden Power Fighting,6.649
2015-12_gen3ou-0.json,Ninjask,Moves,,Toxic,6.117
2015-12_gen3ou-0.json,Ninjask,Moves,,Other,14.894
2015-12_gen3ou-0.json,Regice,Stats,Raw count,,367
2015-12_gen3ou-0.json,Regice,Stats,Avg. weight,,0.997911148933
2015-12_gen3ou-0.json,Regice,Stats,Viability Ceiling,,78
2015-12_gen3ou-0.json,Regice,Stats,Calm,,6.007
2015-12_gen3ou-0.json,Regice,Stats,Modest,,10.103
2015-12_gen3ou-0.json,Regice,Abilities,,Clear Body,100.0
2015-12_gen3ou-0.json,Regice,Items,,Leftovers,97.543
2015-12_gen3ou-0.json,Regice,Items,,Other,2.457
2015-12_gen3ou-0.json,Regice,Spreads,,Other,40.684
2015-12_gen3ou-0.json,Regice,Moves,,Ice Beam,99.181
2015-12_gen3ou-0.json,Regice,Moves,,Rest,75.699
2015-12_gen3ou-0.json,Regice,Moves,,Thunderbolt,50.305
2015-12_gen3ou-0.json,Regice,Moves,,Thunder Wave,31.947
2015-12_gen3ou-0.json,Regice,Moves,,Psych Up,31.128
2015-12_gen3ou-0.json,Regice,Moves,,Sleep Talk,26.759
2015-12_gen3ou-0.json,Regice,Moves,,Toxic,23.0
2015-12_gen3ou-0.json,Regice,Moves,,Explosion,16.656
2015-12_gen3ou-0.json,Regice,Moves,,Hidden Power Fire,14.472
2015-12_gen3ou-0.json,Regice,Moves,,Thunder,14.472
2015-12_gen3ou-0.json,Regice,Moves,,Other,16.383
2015-12_gen3ou-0.json,Sceptile,Stats,Raw count,,376
2015-12_gen3ou-0.json,Sceptile,Stats,Avg. weight,,1.0
2015-12_gen3ou-0.json,Sceptile,Stats,Viability Ceiling,,67
2015-12_gen3ou-0.json,Sceptile,Stats,Timid,,9.043
2015-12_gen3ou-0.json,Sceptile,Stats,Modest,,11.436
2015-12_gen3ou-0.json,Sceptile,Stats,Hardy,,4.521
2015-12_gen3ou-0.json,Sceptile,Stats,Jolly,,4.521
2015-12_gen3ou-0.json,Sceptile,Abilities,,Overgrow,100.0
2015-12_gen3ou-0.json,Sceptile,Items,,Leftovers,69.681
2015-12_gen3ou-0.json,Sceptile,Items,,Scope Lens,6.915
2015-12_gen3ou-0.json,Sceptile,Items,,Miracle Seed,6.383
2015-12_gen3ou-0.json,Sceptile,Items,,Lum Berry,4.521
2015-12_gen3ou-0.json,Sceptile,Items,,Sitrus Berry,3.989
2015-12_gen3ou-0.json,Sceptile,Items,,Focus Band,1.862
2015-12_gen3ou-0.json,Sceptile,Items,,King's Rock,1.862
2015-12_gen3ou-0.json,Sceptile,Items,,Other,4.787
2015-12_gen3ou-0.json,Sceptile,Spreads,,Other,33.777
2015-12_gen3ou-0.json,Sceptile,Moves,,Leaf Blade,91.755
2015-12_gen3ou-0.json,Sceptile,Moves,,Leech Seed,65.16
2015-12_gen3ou-0.json,Sceptile,Moves,,Substitute,57.979
2015-12_gen3ou-0.json,Sceptile,Moves,,Hidden Power Ice,25.532
2015-12_gen3ou-0.json,Sceptile,Moves,,Hidden Power Fire,23.138
2015-12_gen3ou-0.json,Sceptile,Moves,,Dragon Claw,15.691
2015-12_gen3ou-0.json,Sceptile,Moves,,Thunder Punch,15.426
2015-12_gen3ou-0.json,Sceptile,Moves,,Earthquake,14.894
2015-12_gen3ou-0.json,Sceptile,Moves,,Protect,14.894
2015-12_gen3ou-0.json,Sceptile,Moves,,Giga Drain,12.5
2015-12_gen3ou-0.json,Sceptile,Moves,,Crunch,10.904
2015-12_gen3ou-0.json,Sceptile,Moves,,Brick Break,6.383
2015-12_gen3ou-0.json,Sceptile,Moves,,Aerial Ace,5.319
2015-12_gen3ou-0.json,Sceptile,Moves,,Solar Beam,4.255
2015-12_gen3ou-0.json,Sceptile,Moves,,Hidden Power Flying,3.989
2015-12_gen3ou-0.json,Sceptile,Moves,,Swords Dance,3.723
2015-12_gen3ou-0.json,Sceptile,Moves,,Dynamic Punch,3.723
2015-12_gen3ou-0.json,Sceptile,Moves,,Iron Tail,3.457
2015-12_gen3ou-0.json,Sceptile,Moves,,Pursuit,3.457
2015-12_gen3ou-0.json,Sceptile,Moves,,Other,17.819
2015-12_gen3ou-0.json,Medicham,Stats,Raw count,,315
2015-12_gen3ou-0.json,Medicham,Stats,Avg. weight,,1.0
2015-12_gen3ou-0.json,Medicham,Stats,Viability Ceiling,,81
2015-12_gen3ou-0.json,Medicham,Stats,Adamant,,6.984
2015-12_gen3ou-0.json,Medicham,Stats,Jolly,,15.556
2015-12_gen3ou-0.json,Medicham,Abilities,,Pure Power,100.0
2015-12_gen3ou-0.json,Medicham,Items,,Salac Berry,33.651
2015-12_gen3ou-0.json,Medicham,Items,,Choice Band,33.016
2015-12_gen3ou-0.json,Medicham,Items,,Leftovers,25.397
2015-12_gen3ou-0.json,Medicham,Items,,Sitrus Berry,1.905
2015-12_gen3ou-0.json,Medicham,Items,,Lum Berry,1.905
2015-12_gen3ou-0.json,Medicham,Items,,Other,4.127
2015-12_gen3ou-0.json,Medicham,Spreads,,Other,28.571
2015-12_gen3ou-0.json,Medicham,Moves,,Shadow Ball,87.302
2015-12_gen3ou-0.json,Medicham,Moves,,Brick Break,79.683
2015-12_gen3ou-0.json,Medicham,Moves,,Fake Out,38.413
2015-12_gen3ou-0.json,Medicham,Moves,,Rock Slide,37.778
2015-12_gen3ou-0.json,Medicham,Moves,,Baton Pass,29.206
2015-12_gen3ou-0.json,Medicham,Moves,,Endure,28.889
2015-12_gen3ou-0.json,Medicham,Moves,,High Jump Kick,16.19
2015-12_gen3ou-0.json,Medicham,Moves,,Substitute,11.429
2015-12_gen3ou-0.json,Medicham,Moves,,Bulk Up,10.476
2015-12_gen3ou-0.json,Medicham,Moves,,Return,10.159
2015-12_gen3ou-0.json,Medicham,Moves,,Hidden Power Rock,9.524
2015-12_gen3ou-0.json,Medicham,Moves,,Focus Punch,8.254
2015-12_gen3ou-0.json,Medicham,Moves,,Recover,8.254
2015-12_gen3ou-0.json,Medicham,Moves,,Fire Punch,5.714
2015-12_gen3ou-0.json,Medicham,Moves,,Other,18.73
2015-12_gen3ou-0.json,Mr. Mime,Stats,Raw count,,296
2015-12_gen3ou-0.json,Mr. Mime,Stats,Avg. weight,,1.0
2015-12_gen3ou-0.json,Mr. Mime,Stats,Viability Ceiling,,80
2015-12_gen3ou-0.json,Mr. Mime,Stats,Calm,,6.081
2015-12_gen3ou-0.json,Mr. Mime,Stats,Bold,,5.405
2015-12_gen3ou-0.json,Mr. Mime,Abilities,,Soundproof,100.0
2015-12_gen3ou-0.json,Mr. Mime,Items,,Leftovers,98.649
2015-12_gen3ou-0.json,Mr. Mime,Items,,Other,1.351
2015-12_gen3ou-0.json,Mr. Mime,Spreads,,Other,19.932
2015-12_gen3ou-0.json,Mr. Mime,Moves,,Baton Pass,94.595
2015-12_gen3ou-0.json,Mr. Mime,Moves,,Calm Mind,88.851
2015-12_gen3ou-0.json,Mr. Mime,Moves,,Encore,76.351
2015-12_gen3ou-0.json,Mr. Mime,Moves,,Fire Punch,48.986
2015-12_gen3ou-0.json,Mr. Mime,Moves,,Substitute,31.419
2015-12_gen3ou-0.json,Mr. Mime,Moves,,Psychic,30.405
2015-12_gen3ou-0.json,Mr. Mime,Moves,,Hypnosis,9.122
2015-12_gen3ou-0.json,Mr. Mime,Moves,,Light Screen,6.419
2015-12_gen3ou-0.json,Mr. Mime,Moves,,Other,13.851
2015-12_gen3ou-0.json,Machamp,Stats,Raw count,,288
2015-12_gen3ou-0.json,Machamp,Stats,Avg. weight,,1.0
2015-12_gen3ou-0.json,Machamp,Stats,Viability Ceiling,,74
2015-12_gen3ou-0.json,Machamp,Stats,Adamant,,8.333
2015-12_gen3ou-0.json,Machamp,Stats,Brave,,9.375
2015-12_gen3ou-0.json,Machamp,Stats,Jolly,,9.375
2015-12_gen3ou-0.json,Machamp,Abilities,,Guts,100.0
2015-12_gen3ou-0.json,Machamp,Items,,Leftovers,71.875
2015-12_gen3ou-0.json,Machamp,Items,,Choice Band,18.75
2015-12_gen3ou-0.json,Machamp,Items,,Chesto Berry,4.514
2015-12_gen3ou-0.json,Machamp,Items,,Other,4.861
2015-12_gen3ou-0.json,Machamp,Spreads,,Other,32.292
2015-12_gen3ou-0.json,Machamp,Moves,,Rock Slide,77.778
2015-12_gen3ou-0.json,Machamp,Moves,,Cross Chop,74.653
2015-12_gen3ou-0.json,Machamp,Moves,,Hidden Power Ghost,44.444
2015-12_gen3ou-0.json,Machamp,Moves,,Bulk Up,43.75
2015-12_gen3ou-0.json,Machamp,Moves,,Sleep Talk,35.069
2015-12_gen3ou-0.json,Machamp,Moves,,Rest,26.736
2015-12_gen3ou-0.json,Machamp,Moves,,Earthquake,19.792
2015-12_gen3ou-0.json,Machamp,Moves,,Brick Break,12.5
2015-12_gen3ou-0.json,Machamp,Moves,,Focus Punch,9.375
2015-12_gen3ou-0.json,Machamp,Moves,,Revenge,9.375
2015-12_gen3ou-0.json,Machamp,Moves,,Foresight,9.375
2015-12_gen3ou-0.json,Machamp,Moves,,Thunder Punch,5.903
2015-12_gen3ou-0.json,Machamp,Moves,,Ice Punch,5.556
2015-12_gen3ou-0.json,Machamp,Moves,,Fire Punch,4.167
2015-12_gen3ou-0.json,Machamp,Moves,,Encore,3.819
2015-12_gen3ou-0.json,Machamp,Moves,,Other,17.708
2015-12_gen3ou-0.json,Smeargle,Stats,Raw count,,285
2015-12_gen3ou-0.json,Smeargle,Stats,Avg. weight,,1.0
2015-12_gen3ou-0.json,Smeargle,Stats,Viability Ceiling,,65
2015-12_gen3ou-0.json,Smeargle,Stats,Timid,,5.263
2015-12_gen3ou-0.json,Smeargle,Stats,Jolly,,4.211
2015-12_gen3ou-0.json,Smeargle,Abilities,,Own Tempo,100.0
2015-12_gen3ou-0.json,Smeargle,Items,,Salac Berry,41.754
2015-12_gen3ou-0.json,Smeargle,Items,,Leftovers,32.281
2015-12_gen3ou-0.json,Smeargle,Items,,Focus Band,17.544
2015-12_gen3ou-0.json,Smeargle,Items,,Mental Herb,3.158
2015-12_gen3ou-0.json,Smeargle,Items,,Quick Claw,2.456
2015-12_gen3ou-0.json,Smeargle,Items,,Other,2.807
2015-12_gen3ou-0.json,Smeargle,Spreads,,Other,36.491
2015-12_gen3ou-0.json,Smeargle,Moves,,Spore,98.596
2015-12_gen3ou-0.json,Smeargle,Moves,,Baton Pass,93.684
2015-12_gen3ou-0.json,Smeargle,Moves,,Belly Drum,62.105
2015-12_gen3ou-0.json,Smeargle,Moves,,Substitute,43.86
2015-12_gen3ou-0.json,Smeargle,Moves,,Swords Dance,25.614
2015-12_gen3ou-0.json,Smeargle,Moves,,Dragon Dance,19.298
2015-12_gen3ou-0.json,Smeargle,Moves,,Agility,11.228
2015-12_gen3ou-0.json,Smeargle,Moves,,Mean Look,7.018
2015-12_gen3ou-0.json,Smeargle,Moves,,Spikes,5.614
2015-12_gen3ou-0.json,Smeargle,Moves,,Extreme Speed,5.263
2015-12_gen3ou-0.json,Smeargle,Moves,,Amnesia,4.561
2015-12_gen3ou-0.json,Smeargle,Moves,,Endeavor,3.86
2015-12_gen3ou-0.json,Smeargle,Moves,,Other,19.298
2015-12_gen3ou-0.json,Dragonite,Stats,Raw count,,298
2015-12_gen3ou-0.json,Dragonite,Stats,Avg. weight,,1.0
2015-12_gen3ou-0.json,Dragonite,Stats,Viability Ceiling,,74
2015-12_gen3ou-0.json,Dragonite,Stats,Adamant,,7.718
2015-12_gen3ou-0.json,Dragonite,Stats,Jolly,,4.698
2015-12_gen3ou-0.json,Dragonite,Stats,Naive,,4.362
2015-12_gen3ou-0.json,Dragonite,Stats,Brave,,4.362
2015-12_gen3ou-0.json,Dragonite,Stats,Lonely,,4.027
2015-12_gen3ou-0.json,Dragonite,Abilities,,Inner Focus,100.0
2015-12_gen3ou-0.json,Dragonite,Items,,Leftovers,61.074
2015-12_gen3ou-0.json,Dragonite,Items,,Dragon Fang,11.409
2015-12_gen3ou-0.json,Dragonite,Items,,Choice Band,8.054
2015-12_gen3ou-0.json,Dragonite,Items,,Lum Berry,6.711
2015-12_gen3ou-0.json,Dragonite,Items,,Nothing,3.356
2015-12_gen3ou-0.json,Dragonite,Items,,Liechi Berry,2.349
2015-12_gen3ou-0.json,Dragonite,Items,,King's Rock,2.013
2015-12_gen3ou-0.json,Dragonite,Items,,Sitrus Berry,1.342
2015-12_gen3ou-0.json,Dragonite,Items,,Other,3.691
2015-12_gen3ou-0.json,Dragonite,Spreads,,Other,64.43
2015-12_gen3ou-0.json,Dragonite,Moves,,Earthquake,49.329
2015-12_gen3ou-0.json,Dragonite,Moves,,Dragon Dance,37.919
2015-12_gen3ou-0.json,Dragonite,Moves,,Focus Punch,25.839
2015-12_gen3ou-0.json,Dragonite,Moves,,Ice Beam,25.503
2015-12_gen3ou-0.json,Dragonite,Moves,,Aerial Ace,25.503
2015-12_gen3ou-0.json,Dragonite,Moves,,Outrage,25.168
2015-12_gen3ou-0.json,Dragonite,Moves,,Dragon Claw,20.47
2015-12_gen3ou-0.json,Dragonite,Moves,,Substitute,20.134
2015-12_gen3ou-0.json,Dragonite,Moves,,Thunderbolt,13.758
2015-12_gen3ou-0.json,Dragonite,Moves,,Brick Break,12.416
2015-12_gen3ou-0.json,Dragonite,Moves,,Thunder,12.081
2015-12_gen3ou-0.json,Dragonite,Moves,,Thunder Wave,11.745
2015-12_gen3ou-0.json,Dragonite,Moves,,Flamethrower,10.403
2015-12_gen3ou-0.json,Dragonite,Moves,,Hidden Power Flying,10.067
2015-12_gen3ou-0.json,Dragonite,Moves,,Thunder Punch,9.396
2015-12_gen3ou-0.json,Dragonite,Moves,,Hyper Beam,7.718
2015-12_gen3ou-0.json,Dragonite,Moves,,Facade,7.383
2015-12_gen3ou-0.json,Dragonite,Moves,,Blizzard,6.376
2015-12_gen3ou-0.json,Dragonite,Moves,,Sunny Day,6.376
2015-12_gen3ou-0.json,Dragonite,Moves,,Ice Punch,6.04
2015-12_gen3ou-0.json,Dragonite,Moves,,Fire Blast,6.04
2015-12_gen3ou-0.json,Dragonite,Moves,,Light Screen,5.705
2015-12_gen3ou-0.json,Dragonite,Moves,,Fire Punch,5.369
2015-12_gen3ou-0.json,Dragonite,Moves,,Iron Tail,5.034
2015-12_gen3ou-0.json,Dragonite,Moves,,Waterfall,4.698
2015-12_gen3ou-0.json,Dragonite,Moves,,Double-Edge,4.362
2015-12_gen3ou-0.json,Dragonite,Moves,,Fly,3.691
2015-12_gen3ou-0.json,Dragonite,Moves,,Roar,3.691
2015-12_gen3ou-0.json,Dragonite,Moves,,Other,17.785
2015-12_gen3ou-0.json,Weezing,Stats,Raw count,,247
2015-12_gen3ou-0.json,Weezing,Stats,Avg. weight,,1.0
2015-12_gen3ou-0.json,Weezing,Stats,Viability Ceiling,,75
2015-12_gen3ou-0.json,Weezing,Stats,Brave,,15.385
2015-12_gen3ou-0.json,Weezing,Stats,Impish,,5.263
2015-12_gen3ou-0.json,Weezing,Stats,Lax,,4.453
2015-12_gen3ou-0.json,Weezing,Stats,Bold,,4.858
2015-12_gen3ou-0.json,Weezing,Abilities,,Levitate,100.0
2015-12_gen3ou-0.json,Weezing,Items,,Leftovers,83.806
2015-12_gen3ou-0.json,Weezing,Items,,Choice Band,16.194
2015-12_gen3ou-0.json,Weezing,Spreads,,Other,48.583
2015-12_gen3ou-0.json,Weezing,Moves,,Sludge Bomb,68.016
2015-12_gen3ou-0.json,Weezing,Moves,,Will-O-Wisp,63.158
2015-12_gen3ou-0.json,Weezing,Moves,,Haze,59.919
2015-12_gen3ou-0.json,Weezing,Moves,,Pain Split,47.773
2015-12_gen3ou-0.json,Weezing,Moves,,Explosion,47.773
2015-12_gen3ou-0.json,Weezing,Moves,,Flamethrower,33.198
2015-12_gen3ou-0.json,Weezing,Moves,,Shadow Ball,22.672
2015-12_gen3ou-0.json,Weezing,Moves,,Hidden Power Fighting,16.599
2015-12_gen3ou-0.json,Weezing,Moves,,Rest,10.931
2015-12_gen3ou-0.json,Weezing,Moves,,Fire Blast,8.907
2015-12_gen3ou-0.json,Weezing,Moves,,Thunder,6.883
2015-12_gen3ou-0.json,Weezing,Moves,,Other,14.17
2015-12_gen3ou-0.json,Venusaur,Stats,Raw count,,254
2015-12_gen3ou-0.json,Venusaur,Stats,Avg. weight,,1.0
2015-12_gen3ou-0.json,Venusaur,Stats,Viability Ceiling,,69
2015-12_gen3ou-0.json,Venusaur,Stats,Calm,,5.512
2015-12_gen3ou-0.json,Venusaur,Stats,Careful,,5.512
2015-12_gen3ou-0.json,Venusaur,Stats,Hardy,,5.512
2015-12_gen3ou-0.json,Venusaur,Stats,Modest,,4.331
2015-12_gen3ou-0.json,Venusaur,Abilities,,Overgrow,100.0
2015-12_gen3ou-0.json,Venusaur,Items,,Leftovers,77.953
2015-12_gen3ou-0.json,Venusaur,Items,,Salac Berry,7.874
2015-12_gen3ou-0.json,Venusaur,Items,,Miracle Seed,4.724
2015-12_gen3ou-0.json,Venusaur,Items,,Poison Barb,2.756
2015-12_gen3ou-0.json,Venusaur,Items,,Nothing,2.362
2015-12_gen3ou-0.json,Venusaur,Items,,Other,4.331
2015-12_gen3ou-0.json,Venusaur,Spreads,,Other,58.268
2015-12_gen3ou-0.json,Venusaur,Moves,,Leech Seed,71.654
2015-12_gen3ou-0.json,Venusaur,Moves,,Giga Drain,57.874
2015-12_gen3ou-0.json,Venusaur,Moves,,Sludge Bomb,53.543
2015-12_gen3ou-0.json,Venusaur,Moves,,Synthesis,43.307
2015-12_gen3ou-0.json,Venusaur,Moves,,Sleep Powder,41.732
2015-12_gen3ou-0.json,Venusaur,Moves,,Toxic,26.772
2015-12_gen3ou-0.json,Venusaur,Moves,,Protect,16.142
2015-12_gen3ou-0.json,Venusaur,Moves,,Earthquake,14.961
2015-12_gen3ou-0.json,Venusaur,Moves,,Razor Leaf,9.843
2015-12_gen3ou-0.json,Venusaur,Moves,,Petal Dance,8.661
2015-12_gen3ou-0.json,Venusaur,Moves,,Hidden Power Fire,8.268
2015-12_gen3ou-0.json,Venusaur,Moves,,Solar Beam,7.087
2015-12_gen3ou-0.json,Venusaur,Moves,,Frenzy Plant,5.512
2015-12_gen3ou-0.json,Venusaur,Moves,,Hidden Power Water,5.118
2015-12_gen3ou-0.json,Venusaur,Moves,,Sunny Day,5.118
2015-12_gen3ou-0.json,Venusaur,Moves,,Swords Dance,3.937
2015-12_gen3ou-0.json,Venusaur,Moves,,Hidden Power Poison,2.756
2015-12_gen3ou-0.json,Venusaur,Moves,,Other,17.717
2015-12_gen3ou-0.json,Arcanine,Stats,Raw count,,246
2015-12_gen3ou-0.json,Arcanine,Stats,Avg. weight,,1.0
2015-12_gen3ou-0.json,Arcanine,Stats,Viability Ceiling,,66
2015-12_gen3ou-0.json,Arcanine,Stats,Mild,,6.911
2015-12_gen3ou-0.json,Arcanine,Stats,Modest,,6.098
2015-12_gen3ou-0.json,Arcanine,Stats,Lonely,,3.659
2015-12_gen3ou-0.json,Arcanine,Abilities,,Intimidate,83.333
2015-12_gen3ou-0.json,Arcanine,Abilities,,Flash Fire,16.667
2015-12_gen3ou-0.json,Arcanine,Items,,Leftovers,69.512
2015-12_gen3ou-0.json,Arcanine,Items,,Charcoal,13.415
2015-12_gen3ou-0.json,Arcanine,Items,,Nothing,5.691
2015-12_gen3ou-0.json,Arcanine,Items,,White Herb,4.065
2015-12_gen3ou-0.json,Arcanine,Items,,Choice Band,2.439
2015-12_gen3ou-0.json,Arcanine,Items,,Other,4.878
2015-12_gen3ou-0.json,Arcanine,Spreads,,Other,65.854
2015-12_gen3ou-0.json,Arcanine,Moves,,Extreme Speed,88.618
2015-12_gen3ou-0.json,Arcanine,Moves,,Flamethrower,56.098
2015-12_gen3ou-0.json,Arcanine,Moves,,Crunch,53.659
2015-12_gen3ou-0.json,Arcanine,Moves,,Fire Blast,26.423
2015-12_gen3ou-0.json,Arcanine,Moves,,Hidden Power Grass,16.667
2015-12_gen3ou-0.json,Arcanine,Moves,,Iron Tail,16.667
2015-12_gen3ou-0.json,Arcanine,Moves,,Overheat,15.854
2015-12_gen3ou-0.json,Arcanine,Moves,,Roar,15.447
2015-12_gen3ou-0.json,Arcanine,Moves,,Hidden Power Fighting,14.228
2015-12_gen3ou-0.json,Arcanine,Moves,,Howl,10.976
2015-12_gen3ou-0.json,Arcanine,Moves,,Agility,8.537
2015-12_gen3ou-0.json,Arcanine,Moves,,Toxic,8.13
2015-12_gen3ou-0.json,Arcanine,Moves,,Aerial Ace,7.317
2015-12_gen3ou-0.json,Arcanine,Moves,,Body Slam,7.317
2015-12_gen3ou-0.json,Arcanine,Moves,,Substitute,6.504
2015-12_gen3ou-0.json,Arcanine,Moves,,Protect,5.691
2015-12_gen3ou-0.json,Arcanine,Moves,,Sunny Day,4.878
2015-12_gen3ou-0.json,Arcanine,Moves,,Flame Wheel,4.065
2015-12_gen3ou-0.json,Arcanine,Moves,,Hidden Power Ghost,3.659
2015-12_gen3ou-0.json,Arcanine,Moves,,Charm,3.659
2015-12_gen3ou-0.json,Arcanine,Moves,,Bite,3.252
2015-12_gen3ou-0.json,Arcanine,Moves,,Heat Wave,3.252
2015-12_gen3ou-0.json,Arcanine,Moves,,Other,19.106
2015-12_gen3ou-0.json,Dusclops,Stats,Raw count,,233
2015-12_gen3ou-0.json,Dusclops,Stats,Avg. weight,,1.0
2015-12_gen3ou-0.json,Dusclops,Stats,Viability Ceiling,,73
2015-12_gen3ou-0.json,Dusclops,Stats,Careful,,3.863
2015-12_gen3ou-0.json,Dusclops,Stats,Calm,,6.438
2015-12_gen3ou-0.json,Dusclops,Abilities,,Pressure,100.0
2015-12_gen3ou-0.json,Dusclops,Items,,Leftovers,97.425
2015-12_gen3ou-0.json,Dusclops,Items,,Other,2.575
2015-12_gen3ou-0.json,Dusclops,Spreads,,Other,39.914
2015-12_gen3ou-0.json,Dusclops,Moves,,Will-O-Wisp,87.554
2015-12_gen3ou-0.json,Dusclops,Moves,,Pain Split,76.395
2015-12_gen3ou-0.json,Dusclops,Moves,,Shadow Ball,47.21
2015-12_gen3ou-0.json,Dusclops,Moves,,Focus Punch,41.202
2015-12_gen3ou-0.json,Dusclops,Moves,,Night Shade,37.768
2015-12_gen3ou-0.json,Dusclops,Moves,,Curse,22.747
2015-12_gen3ou-0.json,Dusclops,Moves,,Rest,18.455
2015-12_gen3ou-0.json,Dusclops,Moves,,Toxic,10.3
2015-12_gen3ou-0.json,Dusclops,Moves,,Protect,9.013
2015-12_gen3ou-0.json,Dusclops,Moves,,Calm Mind,7.725
2015-12_gen3ou-0.json,Dusclops,Moves,,Sleep Talk,7.725
2015-12_gen3ou-0.json,Dusclops,Moves,,Seismic Toss,7.296
2015-12_gen3ou-0.json,Dusclops,Moves,,Taunt,3.433
2015-12_gen3ou-0.json,Dusclops,Moves,,Confuse Ray,3.433
2015-12_gen3ou-0.json,Dusclops,Moves,,Other,19.742
2015-12_gen3ou-0.json,Ludicolo,Stats,Raw count,,222
2015-12_gen3ou-0.json,Ludicolo,Stats,Avg. weight,,1.0
2015-12_gen3ou-0.json,Ludicolo,Stats,Viability Ceiling,,69
2015-12_gen3ou-0.json,Ludicolo,Stats,Modest,,5.405
2015-12_gen3ou-0.json,Ludicolo,Stats,Hardy,,10.811
2015-12_gen3ou-0.json,Ludicolo,Stats,Calm,,9.009
2015-12_gen3ou-0.json,Ludicolo,Abilities,,Swift Swim,63.964
2015-12_gen3ou-0.json,Ludicolo,Abilities,,Rain Dish,36.036
2015-12_gen3ou-0.json,Ludicolo,Items,,Leftovers,94.595
2015-12_gen3ou-0.json,Ludicolo,Items,,Sea Incense,3.604
2015-12_gen3ou-0.json,Ludicolo,Items,,Other,1.802
2015-12_gen3ou-0.json,Ludicolo,Spreads,,Other,42.342
2015-12_gen3ou-0.json,Ludicolo,Moves,,Rain Dance,71.622
2015-12_gen3ou-0.json,Ludicolo,Moves,,Surf,66.216
2015-12_gen3ou-0.json,Ludicolo,Moves,,Ice Beam,54.955
2015-12_gen3ou-0.json,Ludicolo,Moves,,Giga Drain,52.252
2015-12_gen3ou-0.json,Ludicolo,Moves,,Leech Seed,46.396
2015-12_gen3ou-0.json,Ludicolo,Moves,,Toxic,27.027
2015-12_gen3ou-0.json,Ludicolo,Moves,,Hidden Power Grass,19.82
2015-12_gen3ou-0.json,Ludicolo,Moves,,Hydro Pump,18.919
2015-12_gen3ou-0.json,Ludicolo,Moves,,Synthesis,14.414
2015-12_gen3ou-0.json,Ludicolo,Moves,,Protect,5.405
2015-12_gen3ou-0.json,Ludicolo,Moves,,Substitute,4.955
2015-12_gen3ou-0.json,Ludicolo,Moves,,Other,18.018
2015-12_gen3ou-0.json,Porygon2,Stats,Raw count,,212
2015-12_gen3ou-0.json,Porygon2,Stats,Avg. weight,,1.0
2015-12_gen3ou-0.json,Porygon2,Stats,Viability Ceiling,,80
2015-12_gen3ou-0.json,Porygon2,Stats,Bold,,4.717
2015-12_gen3ou-0.json,Porygon2,Stats,Modest,,5.189
2015-12_gen3ou-0.json,Porygon2,Abilities,,Trace,100.0
2015-12_gen3ou-0.json,Porygon2,Items,,Leftovers,93.868
2015-12_gen3ou-0.json,Porygon2,Items,,Nothing,4.717
2015-12_gen3ou-0.json,Porygon2,Items,,Other,1.415
2015-12_gen3ou-0.json,Porygon2,Spreads,,Other,26.415
2015-12_gen3ou-0.json,Porygon2,Moves,,Recover,100.0
2015-12_gen3ou-0.json,Porygon2,Moves,,Ice Beam,96.698
2015-12_gen3ou-0.json,Porygon2,Moves,,Thunderbolt,74.528
2015-12_gen3ou-0.json,Porygon2,Moves,,Thunder Wave,64.623
2015-12_gen3ou-0.json,Porygon2,Moves,,Toxic,42.453
2015-12_gen3ou-0.json,Porygon2,Moves,,Hidden Power Fire,7.547
2015-12_gen3ou-0.json,Porygon2,Moves,,Other,14.151
2015-12_gen3ou-0.json,Gardevoir,Stats,Raw count,,193
2015-12_gen3ou-0.json,Gardevoir,Stats,Avg. weight,,1.0
2015-12_gen3ou-0.json,Gardevoir,Stats,Viability Ceiling,,61
2015-12_gen3ou-0.json,Gardevoir,Stats,Modest,,16.062
2015-12_gen3ou-0.json,Gardevoir,Stats,Timid,,5.181
2015-12_gen3ou-0.json,Gardevoir,Stats,Calm,,7.254
2015-12_gen3ou-0.json,Gardevoir,Stats,Serious,,5.699
2015-12_gen3ou-0.json,Gardevoir,Abilities,,Synchronize,53.886
2015-12_gen3ou-0.json,Gardevoir,Abilities,,Trace,46.114
2015-12_gen3ou-0.json,Gardevoir,Items,,Leftovers,54.922
2015-12_gen3ou-0.json,Gardevoir,Items,,TwistedSpoon,10.881
2015-12_gen3ou-0.json,Gardevoir,Items,,Lum Berry,8.808
2015-12_gen3ou-0.json,Gardevoir,Items,,Sitrus Berry,4.663
2015-12_gen3ou-0.json,Gardevoir,Items,,Figy Berry,3.627
2015-12_gen3ou-0.json,Gardevoir,Items,,Salac Berry,3.627
2015-12_gen3ou-0.json,Gardevoir,Items,,Shell Bell,3.109
2015-12_gen3ou-0.json,Gardevoir,Items,,Chesto Berry,2.591
2015-12_gen3ou-0.json,Gardevoir,Items,,Focus Band,1.554
2015-12_gen3ou-0.json,Gardevoir,Items,,Nothing,1.554
2015-12_gen3ou-0.json,Gardevoir,Items,,Other,4.663
2015-12_gen3ou-0.json,Gardevoir,Spreads,,Other,51.813
2015-12_gen3ou-0.json,Gardevoir,Moves,,Psychic,93.264
2015-12_gen3ou-0.json,Gardevoir,Moves,,Calm Mind,73.575
2015-12_gen3ou-0.json,Gardevoir,Moves,,Thunderbolt,63.212
2015-12_gen3ou-0.json,Gardevoir,Moves,,Will-O-Wisp,27.979
2015-12_gen3ou-0.json,Gardevoir,Moves,,Shadow Ball,22.798
2015-12_gen3ou-0.json,Gardevoir,Moves,,Hypnosis,20.725
2015-12_gen3ou-0.json,Gardevoir,Moves,,Ice Punch,19.689
2015-12_gen3ou-0.json,Gardevoir,Moves,,Fire Punch,10.363
2015-12_gen3ou-0.json,Gardevoir,Moves,,Destiny Bond,8.29
2015-12_gen3ou-0.json,Gardevoir,Moves,,Dream Eater,7.254
2015-12_gen3ou-0.json,Gardevoir,Moves,,Magical Leaf,5.181
2015-12_gen3ou-0.json,Gardevoir,Moves,,Reflect,4.145
2015-12_gen3ou-0.json,Gardevoir,Moves,,Rest,3.627
2015-12_gen3ou-0.json,Gardevoir,Moves,,Hidden Power Ice,3.627
2015-12_gen3ou-0.json,Gardevoir,Moves,,Nothing,3.109
2015-12_gen3ou-0.json,Gardevoir,Moves,,Light Screen,2.591
2015-12_gen3ou-0.json,Gardevoir,Moves,,Future Sight,2.591
2015-12_gen3ou-0.json,Gardevoir,Moves,,Nightmare,2.591
2015-12_gen3ou-0.json,Gardevoir,Moves,,Hidden Power Fighting,2.073
2015-12_gen3ou-0.json,Gardevoir,Moves,,Icy Wind,2.073
2015-12_gen3ou-0.json,Gardevoir,Moves,,Wish,2.073
2015-12_gen3ou-0.json,Gardevoir,Moves,,Other,19.171
2015-12_gen3ou-0.json,Steelix,Stats,Raw count,,185
2015-12_gen3ou-0.json,Steelix,Stats,Avg. weight,,1.0
2015-12_gen3ou-0.json,Steelix,Stats,Viability Ceiling,,85
2015-12_gen3ou-0.json,Steelix,Stats,Impish,,7.027
2015-12_gen3ou-0.json,Steelix,Stats,Adamant,,4.324
2015-12_gen3ou-0.json,Steelix,Stats,Careful,,6.486
2015-12_gen3ou-0.json,Steelix,Abilities,,Rock Head,67.568
2015-12_gen3ou-0.json,Steelix,Abilities,,Sturdy,32.432
2015-12_gen3ou-0.json,Steelix,Items,,Leftovers,98.919
2015-12_gen3ou-0.json,Steelix,Items,,Other,1.081
2015-12_gen3ou-0.json,Steelix,Spreads,,Other,21.081
2015-12_gen3ou-0.json,Steelix,Moves,,Earthquake,98.378
2015-12_gen3ou-0.json,Steelix,Moves,,Roar,85.405
2015-12_gen3ou-0.json,Steelix,Moves,,Toxic,58.378
2015-12_gen3ou-0.json,Steelix,Moves,,Explosion,48.649
2015-12_gen3ou-0.json,Steelix,Moves,,Hidden Power Rock,23.243
2015-12_gen3ou-0.json,Steelix,Moves,,Protect,21.081
2015-12_gen3ou-0.json,Steelix,Moves,,Rest,17.297
2015-12_gen3ou-0.json,Steelix,Moves,,Psych Up,11.892
2015-12_gen3ou-0.json,Steelix,Moves,,Rock Slide,7.027
2015-12_gen3ou-0.json,Steelix,Moves,,Double-Edge,5.405
2015-12_gen3ou-0.json,Steelix,Moves,,Iron Tail,4.324
2015-12_gen3ou-0.json,Steelix,Moves,,Other,18.919
2015-12_gen3ou-0.json,Kingdra,Stats,Raw count,,173
2015-12_gen3ou-0.json,Kingdra,Stats,Avg. weight,,1.0
2015-12_gen3ou-0.json,Kingdra,Stats,Viability Ceiling,,82
2015-12_gen3ou-0.json,Kingdra,Stats,Modest,,3.468
2015-12_gen3ou-0.json,Kingdra,Stats,Bold,,5.202
2015-12_gen3ou-0.json,Kingdra,Abilities,,Swift Swim,100.0
2015-12_gen3ou-0.json,Kingdra,Items,,Leftovers,82.081
2015-12_gen3ou-0.json,Kingdra,Items,,Chesto Berry,6.358
2015-12_gen3ou-0.json,Kingdra,Items,,Mystic Water,3.468
2015-12_gen3ou-0.json,Kingdra,Items,,Lum Berry,2.89
2015-12_gen3ou-0.json,Kingdra,Items,,Shell Bell,2.312
2015-12_gen3ou-0.json,Kingdra,Items,,Other,2.89
2015-12_gen3ou-0.json,Kingdra,Spreads,,Other,31.214
2015-12_gen3ou-0.json,Kingdra,Moves,,Ice Beam,89.595
2015-12_gen3ou-0.json,Kingdra,Moves,,Rain Dance,61.272
2015-12_gen3ou-0.json,Kingdra,Moves,,Hydro Pump,57.225
2015-12_gen3ou-0.json,Kingdra,Moves,,Hidden Power Electric,39.884
2015-12_gen3ou-0.json,Kingdra,Moves,,Surf,37.572
2015-12_gen3ou-0.json,Kingdra,Moves,,Dragon Breath,27.168
2015-12_gen3ou-0.json,Kingdra,Moves,,Toxic,19.075
2015-12_gen3ou-0.json,Kingdra,Moves,,Dragon Dance,16.185
2015-12_gen3ou-0.json,Kingdra,Moves,,Rest,12.139
2015-12_gen3ou-0.json,Kingdra,Moves,,Protect,10.405
2015-12_gen3ou-0.json,Kingdra,Moves,,Double-Edge,4.046
2015-12_gen3ou-0.json,Kingdra,Moves,,Sleep Talk,3.468
2015-12_gen3ou-0.json,Kingdra,Moves,,Waterfall,3.468
2015-12_gen3ou-0.json,Kingdra,Moves,,Other,18.497
2015-12_gen3ou-0.json,Crobat,Stats,Raw count,,161
2015-12_gen3ou-0.json,Crobat,Stats,Avg. weight,,1.0
2015-12_gen3ou-0.json,Crobat,Stats,Viability Ceiling,,64
2015-12_gen3ou-0.json,Crobat,Stats,Jolly,,5.590
2015-12_gen3ou-0.json,Crobat,Stats,Adamant,,4.348
2015-12_gen3ou-0.json,Crobat,Abilities,,Inner Focus,100.0
2015-12_gen3ou-0.json,Crobat,Items,,Leftovers,47.826
2015-12_gen3ou-0.json,Crobat,Items,,Choice Band,36.646
2015-12_gen3ou-0.json,Crobat,Items,,White Herb,4.348
2015-12_gen3ou-0.json,Crobat,Items,,Lum Berry,3.106
2015-12_gen3ou-0.json,Crobat,Items,,Sharp Beak,1.242
2015-12_gen3ou-0.json,Crobat,Items,,Nothing,1.242
2015-12_gen3ou-0.json,Crobat,Items,,Shell Bell,1.242
2015-12_gen3ou-0.json,Crobat,Items,,Other,4.348
2015-12_gen3ou-0.json,Crobat,Spreads,,Other,24.845
2015-12_gen3ou-0.json,Crobat,Moves,,Sludge Bomb,86.957
2015-12_gen3ou-0.json,Crobat,Moves,,Shadow Ball,57.764
2015-12_gen3ou-0.json,Crobat,Moves,,Aerial Ace,49.068
2015-12_gen3ou-0.json,Crobat,Moves,,Hidden Power Ground,26.708
2015-12_gen3ou-0.json,Crobat,Moves,,Steel Wing,21.739
2015-12_gen3ou-0.json,Crobat,Moves,,Snatch,17.391
2015-12_gen3ou-0.json,Crobat,Moves,,Hidden Power Flying,16.77
2015-12_gen3ou-0.json,Crobat,Moves,,Confuse Ray,16.149
2015-12_gen3ou-0.json,Crobat,Moves,,Taunt,11.18
2015-12_gen3ou-0.json,Crobat,Moves,,Toxic,8.696
2015-12_gen3ou-0.json,Crobat,Moves,,Double-Edge,8.696
2015-12_gen3ou-0.json,Crobat,Moves,,Wing Attack,8.696
2015-12_gen3ou-0.json,Crobat,Moves,,Curse,8.075
2015-12_gen3ou-0.json,Crobat,Moves,,Poison Fang,7.453
2015-12_gen3ou-0.json,Crobat,Moves,,Pursuit,6.832
2015-12_gen3ou-0.json,Crobat,Moves,,Fly,6.832
2015-12_gen3ou-0.json,Crobat,Moves,,Air Cutter,5.59
2015-12_gen3ou-0.json,Crobat,Moves,,Protect,5.59
2015-12_gen3ou-0.json,Crobat,Moves,,Attract,4.348
2015-12_gen3ou-0.json,Crobat,Moves,,Frustration,4.348
2015-12_gen3ou-0.json,Crobat,Moves,,Nothing,3.727
2015-12_gen3ou-0.json,Crobat,Moves,,Other,17.391
2015-12_gen3ou-0.json,Houndoom,Stats,Raw count,,154
2015-12_gen3ou-0.json,Houndoom,Stats,Avg. weight,,1.0
2015-12_gen3ou-0.json,Houndoom,Stats,Viability Ceiling,,76
2015-12_gen3ou-0.json,Houndoom,Stats,Timid,,9.740
2015-12_gen3ou-0.json,Houndoom,Stats,Mild,,6.494
2015-12_gen3ou-0.json,Houndoom,Stats,Hardy,,5.195
2015-12_gen3ou-0.json,Houndoom,Stats,Modest,,5.195
2015-12_gen3ou-0.json,Houndoom,Abilities,,Flash Fire,64.286
2015-12_gen3ou-0.json,Houndoom,Abilities,,Early Bird,35.714
2015-12_gen3ou-0.json,Houndoom,Items,,Leftovers,68.182
2015-12_gen3ou-0.json,Houndoom,Items,,Salac Berry,14.935
2015-12_gen3ou-0.json,Houndoom,Items,,Black Glasses,9.74
2015-12_gen3ou-0.json,Houndoom,Items,,Charcoal,5.844
2015-12_gen3ou-0.json,Houndoom,Items,,Other,1.299
2015-12_gen3ou-0.json,Houndoom,Spreads,,Other,34.416
2015-12_gen3ou-0.json,Houndoom,Moves,,Crunch,83.766
2015-12_gen3ou-0.json,Houndoom,Moves,,Pursuit,70.13
2015-12_gen3ou-0.json,Houndoom,Moves,,Will-O-Wisp,62.987
2015-12_gen3ou-0.json,Houndoom,Moves,,Fire Blast,53.247
2015-12_gen3ou-0.json,Houndoom,Moves,,Flamethrower,46.753
2015-12_gen3ou-0.json,Houndoom,Moves,,Hidden Power Grass,14.286
2015-12_gen3ou-0.json,Houndoom,Moves,,Hidden Power Dark,11.688
2015-12_gen3ou-0.json,Houndoom,Moves,,Hidden Power Ice,9.74
2015-12_gen3ou-0.json,Houndoom,Moves,,Solar Beam,8.442
2015-12_gen3ou-0.json,Houndoom,Moves,,Sludge Bomb,7.792
2015-12_gen3ou-0.json,Houndoom,Moves,,Overheat,5.195
2015-12_gen3ou-0.json,Houndoom,Moves,,Shadow Ball,5.195
2015-12_gen3ou-0.json,Houndoom,Moves,,Roar,3.896
2015-12_gen3ou-0.json,Houndoom,Moves,,Other,16.883
2015-12_gen3ou-0.json,Marowak,Stats,Raw count,,143
2015-12_gen3ou-0.json,Marowak,Stats,Avg. weight,,1.0
2015-12_gen3ou-0.json,Marowak,Stats,Viability Ceiling,,80
2015-12_gen3ou-0.json,Marowak,Stats,Jolly,,6.993
2015-12_gen3ou-0.json,Marowak,Stats,Adamant,,9.091
2015-12_gen3ou-0.json,Marowak,Abilities,,Rock Head,86.014
2015-12_gen3ou-0.json,Marowak,Abilities,,Lightning Rod,13.986
2015-12_gen3ou-0.json,Marowak,Items,,Thick Club,100.0
2015-12_gen3ou-0.json,Marowak,Spreads,,Other,24.476
2015-12_gen3ou-0.json,Marowak,Moves,,Rock Slide,94.406
2015-12_gen3ou-0.json,Marowak,Moves,,Double-Edge,67.133
2015-12_gen3ou-0.json,Marowak,Moves,,Swords Dance,55.944
2015-12_gen3ou-0.json,Marowak,Moves,,Bonemerang,55.245
2015-12_gen3ou-0.json,Marowak,Moves,,Earthquake,46.154
2015-12_gen3ou-0.json,Marowak,Moves,,Hidden Power Bug,14.685
2015-12_gen3ou-0.json,Marowak,Moves,,Hidden Power Fighting,11.888
2015-12_gen3ou-0.json,Marowak,Moves,,Focus Punch,11.189
2015-12_gen3ou-0.json,Marowak,Moves,,Brick Break,11.189
2015-12_gen3ou-0.json,Marowak,Moves,,Sing,7.692
2015-12_gen3ou-0.json,Marowak,Moves,,Return,6.993
2015-12_gen3ou-0.json,Marowak,Moves,,Other,17.483
2015-12_gen3ou-0.json,Hypno,Stats,Raw count,,148
2015-12_gen3ou-0.json,Hypno,Stats,Avg. weight,,1.0
2015-12_gen3ou-0.json,Hypno,Stats,Viability Ceiling,,65
2015-12_gen3ou-0.json,Hypno,Stats,Calm,,49.324
2015-12_gen3ou-0.json,Hypno,Stats,Timid,,41.216
2015-12_gen3ou-0.json,Hypno,Stats,Modest,,6.081
2015-12_gen3ou-0.json,Hypno,Abilities,,Insomnia,100.0
2015-12_gen3ou-0.json,Hypno,Items,,Leftovers,99.324
2015-12_gen3ou-0.json,Hypno,Items,,Other,0.676
2015-12_gen3ou-0.json,Hypno,Spreads,,Other,3.378
2015-12_gen3ou-0.json,Hypno,Moves,,Calm Mind,99.324
2015-12_gen3ou-0.json,Hypno,Moves,,Taunt,98.649
2015-12_gen3ou-0.json,Hypno,Moves,,Baton Pass,98.649
2015-12_gen3ou-0.json,Hypno,Moves,,Hidden Power Grass,57.432
2015-12_gen3ou-0.json,Hypno,Moves,,Substitute,31.757
2015-12_gen3ou-0.json,Hypno,Moves,,Other,14.189
2015-12_gen3ou-0.json,Miltank,Stats,Raw count,,145
2015-12_gen3ou-0.json,Miltank,Stats,Avg. weight,,1.0
2015-12_gen3ou-0.json,Miltank,Stats,Viability Ceiling,,65
2015-12_gen3ou-0.json,Miltank,Stats,Impish,,5.517
2015-12_gen3ou-0.json,Miltank,Stats,Adamant,,8.966
2015-12_gen3ou-0.json,Miltank,Abilities,,Thick Fat,100.0
2015-12_gen3ou-0.json,Miltank,Items,,Leftovers,93.793
2015-12_gen3ou-0.json,Miltank,Items,,Chesto Berry,2.759
2015-12_gen3ou-0.json,Miltank,Items,,Other,3.448
2015-12_gen3ou-0.json,Miltank,Spreads,,Other,35.172
2015-12_gen3ou-0.json,Miltank,Moves,,Milk Drink,100.0
2015-12_gen3ou-0.json,Miltank,Moves,,Heal Bell,86.207
2015-12_gen3ou-0.json,Miltank,Moves,,Thunder Wave,47.586
2015-12_gen3ou-0.json,Miltank,Moves,,Seismic Toss,43.448
2015-12_gen3ou-0.json,Miltank,Moves,,Curse,26.207
2015-12_gen3ou-0.json,Miltank,Moves,,Body Slam,16.552
2015-12_gen3ou-0.json,Miltank,Moves,,Double-Edge,15.862
2015-12_gen3ou-0.json,Miltank,Moves,,Toxic,13.103
2015-12_gen3ou-0.json,Miltank,Moves,,Rock Slide,8.966
2015-12_gen3ou-0.json,Miltank,Moves,,Rollout,7.586
2015-12_gen3ou-0.json,Miltank,Moves,,Swagger,6.207
2015-12_gen3ou-0.json,Miltank,Moves,,Return,4.138
2015-12_gen3ou-0.json,Miltank,Moves,,Counter,4.138
2015-12_gen3ou-0.json,Miltank,Moves,,Fire Punch,3.448
2015-12_gen3ou-0.json,Miltank,Moves,,Other,16.552
2015-12_gen3ou-0.json,Moltres,Stats,Raw count,,140
2015-12_gen3ou-0.json,Moltres,Stats,Avg. weight,,0.994419565761
2015-12_gen3ou-0.json,Moltres,Stats,Viability Ceiling,,74
2015-12_gen3ou-0.json,Moltres,Stats,Modest,,3.591
2015-12_gen3ou-0.json,Moltres,Stats,Bold,,12.379
2015-12_gen3ou-0.json,Moltres,Stats,Hardy,,3.591
2015-12_gen3ou-0.json,Moltres,Abilities,,Pressure,100.0
2015-12_gen3ou-0.json,Moltres,Items,,Leftovers,86.354
2015-12_gen3ou-0.json,Moltres,Items,,Scope Lens,5.027
2015-12_gen3ou-0.json,Moltres,Items,,Charcoal,5.027
2015-12_gen3ou-0.json,Moltres,Items,,Other,3.591
2015-12_gen3ou-0.json,Moltres,Spreads,,Other,14.364
2015-12_gen3ou-0.json,Moltres,Moves,,Will-O-Wisp,83.481
2015-12_gen3ou-0.json,Moltres,Moves,,Hidden Power Grass,61.048
2015-12_gen3ou-0.json,Moltres,Moves,,Fire Blast,45.247
2015-12_gen3ou-0.json,Moltres,Moves,,Flamethrower,43.092
2015-12_gen3ou-0.json,Moltres,Moves,,Sunny Day,41.656
2015-12_gen3ou-0.json,Moltres,Moves,,Protect,27.292
2015-12_gen3ou-0.json,Moltres,Moves,,Morning Sun,26.743
2015-12_gen3ou-0.json,Moltres,Moves,,Roar,18.124
2015-12_gen3ou-0.json,Moltres,Moves,,Overheat,15.97
2015-12_gen3ou-0.json,Moltres,Moves,,Extrasensory,10.773
2015-12_gen3ou-0.json,Moltres,Moves,,Hidden Power Ice,7.9
2015-12_gen3ou-0.json,Moltres,Moves,,Other,18.673
2015-12_gen3ou-0.json,Rhydon,Stats,Raw count,,131
2015-12_gen3ou-0.json,Rhydon,Stats,Avg. weight,,1.0
2015-12_gen3ou-0.json,Rhydon,Stats,Viability Ceiling,,65
2015-12_gen3ou-0.json,Rhydon,Stats,Adamant,,2.290
2015-12_gen3ou-0.json,Rhydon,Abilities,,Rock Head,77.863
2015-12_gen3ou-0.json,Rhydon,Abilities,,Lightning Rod,22.137
2015-12_gen3ou-0.json,Rhydon,Items,,Choice Band,86.26
2015-12_gen3ou-0.json,Rhydon,Items,,Leftovers,8.397
2015-12_gen3ou-0.json,Rhydon,Items,,Nothing,2.29
2015-12_gen3ou-0.json,Rhydon,Items,,Other,3.053
2015-12_gen3ou-0.json,Rhydon,Spreads,,Other,8.397
2015-12_gen3ou-0.json,Rhydon,Moves,,Earthquake,100.0
2015-12_gen3ou-0.json,Rhydon,Moves,,Megahorn,91.603
2015-12_gen3ou-0.json,Rhydon,Moves,,Double-Edge,84.733
2015-12_gen3ou-0.json,Rhydon,Moves,,Rock Blast,59.542
2015-12_gen3ou-0.json,Rhydon,Moves,,Rock Slide,35.115
2015-12_gen3ou-0.json,Rhydon,Moves,,Focus Punch,6.87
2015-12_gen3ou-0.json,Rhydon,Moves,,Swords Dance,5.344
2015-12_gen3ou-0.json,Rhydon,Moves,,Other,16.794
2015-12_gen3ou-0.json,Armaldo,Stats,Raw count,,129
2015-12_gen3ou-0.json,Armaldo,Stats,Avg. weight,,1.0
2015-12_gen3ou-0.json,Armaldo,Stats,Viability Ceiling,,77
2015-12_gen3ou-0.json,Armaldo,Stats,Adamant,,3.876
2015-12_gen3ou-0.json,Armaldo,Stats,Careful,,19.380
2015-12_gen3ou-0.json,Armaldo,Abilities,,Battle Armor,100.0
2015-12_gen3ou-0.json,Armaldo,Items,,Leftovers,86.822
2015-12_gen3ou-0.json,Armaldo,Items,,Scope Lens,3.101
2015-12_gen3ou-0.json,Armaldo,Items,,Sitrus Berry,3.101
2015-12_gen3ou-0.json,Armaldo,Items,,King's Rock,2.326
2015-12_gen3ou-0.json,Armaldo,Items,,Other,4.651
2015-12_gen3ou-0.json,Armaldo,Spreads,,Other,19.38
2015-12_gen3ou-0.json,Armaldo,Moves,,Swords Dance,80.62
2015-12_gen3ou-0.json,Armaldo,Moves,,Hidden Power Bug,64.341
2015-12_gen3ou-0.json,Armaldo,Moves,,Knock Off,58.14
2015-12_gen3ou-0.json,Armaldo,Moves,,Rock Slide,47.287
2015-12_gen3ou-0.json,Armaldo,Moves,,Rock Blast,41.86
2015-12_gen3ou-0.json,Armaldo,Moves,,Rapid Spin,29.457
2015-12_gen3ou-0.json,Armaldo,Moves,,Earthquake,24.806
2015-12_gen3ou-0.json,Armaldo,Moves,,Brick Break,13.953
2015-12_gen3ou-0.json,Armaldo,Moves,,Aerial Ace,7.752
2015-12_gen3ou-0.json,Armaldo,Moves,,Slash,6.977
2015-12_gen3ou-0.json,Armaldo,Moves,,Ancient Power,4.651
2015-12_gen3ou-0.json,Armaldo,Moves,,Substitute,4.651
2015-12_gen3ou-0.json,Armaldo,Moves,,Other,15.504
2015-12_gen3ou-0.json,Poliwrath,Stats,Raw count,,121
2015-12_gen3ou-0.json,Poliwrath,Stats,Avg. weight,,1.0
2015-12_gen3ou-0.json,Poliwrath,Stats,Viability Ceiling,,64
2015-12_gen3ou-0.json,Poliwrath,Stats,Brave,,27.273
2015-12_gen3ou-0.json,Poliwrath,Stats,Serious,,12.397
2015-12_gen3ou-0.json,Poliwrath,Stats,Adamant,,9.091
2015-12_gen3ou-0.json,Poliwrath,Stats,Jolly,,8.264
2015-12_gen3ou-0.json,Poliwrath,Abilities,,Water Absorb,98.347
2015-12_gen3ou-0.json,Poliwrath,Abilities,,Damp,1.653
2015-12_gen3ou-0.json,Poliwrath,Items,,Leftovers,55.372
2015-12_gen3ou-0.json,Poliwrath,Items,,Salac Berry,27.273
2015-12_gen3ou-0.json,Poliwrath,Items,,Sitrus Berry,12.397
2015-12_gen3ou-0.json,Poliwrath,Items,,Other,4.959
2015-12_gen3ou-0.json,Poliwrath,Spreads,,Other,19.835
2015-12_gen3ou-0.json,Poliwrath,Moves,,Brick Break,80.992
2015-12_gen3ou-0.json,Poliwrath,Moves,,Substitute,63.636
2015-12_gen3ou-0.json,Poliwrath,Moves,,Hydro Pump,48.76
2015-12_gen3ou-0.json,Poliwrath,Moves,,Hidden Power Ghost,46.281
2015-12_gen3ou-0.json,Poliwrath,Moves,,Belly Drum,46.281
2015-12_gen3ou-0.json,Poliwrath,Moves,,Ice Beam,36.364
2015-12_gen3ou-0.json,Poliwrath,Moves,,Bulk Up,32.231
2015-12_gen3ou-0.json,Poliwrath,Moves,,Focus Punch,17.355
2015-12_gen3ou-0.json,Poliwrath,Moves,,Hypnosis,9.917
2015-12_gen3ou-0.json,Poliwrath,Moves,,Other,18.182
2015-12_gen3ou-0.json,Azumarill,Stats,Raw count,,113
2015-12_gen3ou-0.json,Azumarill,Stats,Avg. weight,,1.0
2015-12_gen3ou-0.json,Azumarill,Stats,Viability Ceiling,,64
2015-12_gen3ou-0.json,Azumarill,Stats,Adamant,,10.619
2015-12_gen3ou-0.json,Azumarill,Stats,Careful,,7.965
2015-12_gen3ou-0.json,Azumarill,Stats,Modest,,7.080
2015-12_gen3ou-0.json,Azumarill,Abilities,,Huge Power,77.876
2015-12_gen3ou-0.json,Azumarill,Abilities,,Thick Fat,22.124
2015-12_gen3ou-0.json,Azumarill,Items,,Leftovers,52.212
2015-12_gen3ou-0.json,Azumarill,Items,,Chesto Berry,24.779
2015-12_gen3ou-0.json,Azumarill,Items,,Sitrus Berry,9.735
2015-12_gen3ou-0.json,Azumarill,Items,,Mystic Water,7.965
2015-12_gen3ou-0.json,Azumarill,Items,,Nothing,3.54
2015-12_gen3ou-0.json,Azumarill,Items,,Other,1.77
2015-12_gen3ou-0.json,Azumarill,Spreads,,Other,22.124
2015-12_gen3ou-0.json,Azumarill,Moves,,Brick Break,30.088
2015-12_gen3ou-0.json,Azumarill,Moves,,Belly Drum,30.088
2015-12_gen3ou-0.json,Azumarill,Moves,,Focus Punch,25.664
2015-12_gen3ou-0.json,Azumarill,Moves,,Rest,24.779
2015-12_gen3ou-0.json,Azumarill,Moves,,Amnesia,22.124
2015-12_gen3ou-0.json,Azumarill,Moves,,Rollout,22.124
2015-12_gen3ou-0.json,Azumarill,Moves,,Defense Curl,22.124
2015-12_gen3ou-0.json,Azumarill,Moves,,Substitute,21.239
2015-12_gen3ou-0.json,Azumarill,Moves,,Facade,18.584
2015-12_gen3ou-0.json,Azumarill,Moves,,Iron Tail,18.584
2015-12_gen3ou-0.json,Azumarill,Moves,,Hidden Power Ghost,16.814
2015-12_gen3ou-0.json,Azumarill,Moves,,Waterfall,15.044
2015-12_gen3ou-0.json,Azumarill,Moves,,Ice Punch,14.159
2015-12_gen3ou-0.json,Azumarill,Moves,,Ice Beam,13.274
2015-12_gen3ou-0.json,Azumarill,Moves,,Hydro Pump,11.504
2015-12_gen3ou-0.json,Azumarill,Moves,,Encore,10.619
2015-12_gen3ou-0.json,Azumarill,Moves,,Return,8.85
2015-12_gen3ou-0.json,Azumarill,Moves,,Blizzard,7.965
2015-12_gen3ou-0.json,Azumarill,Moves,,Light Screen,7.08
2015-12_gen3ou-0.json,Azumarill,Moves,,Mega Punch,6.195
2015-12_gen3ou-0.json,Azumarill,Moves,,Mega Kick,6.195
2015-12_gen3ou-0.json,Azumarill,Moves,,Sing,6.195
2015-12_gen3ou-0.json,Azumarill,Moves,,Nothing,6.195
2015-12_gen3ou-0.json,Azumarill,Moves,,Surf,5.31
2015-12_gen3ou-0.json,Azumarill,Moves,,Rain Dance,5.31
2015-12_gen3ou-0.json,Azumarill,Moves,,Body Slam,5.31
2015-12_gen3ou-0.json,Azumarill,Moves,,Other,18.584
2015-12_gen3ou-0.json,Cradily,Stats,Raw count,,115
2015-12_gen3ou-0.json,Cradily,Stats,Avg. weight,,1.0
2015-12_gen3ou-0.json,Cradily,Stats,Viability Ceiling,,73
2015-12_gen3ou-0.json,Cradily,Stats,Calm,,5.217
2015-12_gen3ou-0.json,Cradily,Stats,Sassy,,6.957
2015-12_gen3ou-0.json,Cradily,Stats,Adamant,,7.826
2015-12_gen3ou-0.json,Cradily,Abilities,,Suction Cups,100.0
2015-12_gen3ou-0.json,Cradily,Items,,Leftovers,88.696
2015-12_gen3ou-0.json,Cradily,Items,,Sitrus Berry,5.217
2015-12_gen3ou-0.json,Cradily,Items,,Lum Berry,4.348
2015-12_gen3ou-0.json,Cradily,Items,,Other,1.739
2015-12_gen3ou-0.json,Cradily,Spreads,,Other,42.609
2015-12_gen3ou-0.json,Cradily,Moves,,Toxic,63.478
2015-12_gen3ou-0.json,Cradily,Moves,,Recover,42.609
2015-12_gen3ou-0.json,Cradily,Moves,,Giga Drain,42.609
2015-12_gen3ou-0.json,Cradily,Moves,,Rest,36.522
2015-12_gen3ou-0.json,Cradily,Moves,,Rock Slide,33.043
2015-12_gen3ou-0.json,Cradily,Moves,,Earthquake,26.957
2015-12_gen3ou-0.json,Cradily,Moves,,Sleep Talk,23.478
2015-12_gen3ou-0.json,Cradily,Moves,,Hidden Power Grass,14.783
2015-12_gen3ou-0.json,Cradily,Moves,,Ancient Power,14.783
2015-12_gen3ou-0.json,Cradily,Moves,,Hidden Power Fire,13.913
2015-12_gen3ou-0.json,Cradily,Moves,,Hidden Power Rock,11.304
2015-12_gen3ou-0.json,Cradily,Moves,,Bullet Seed,10.435
2015-12_gen3ou-0.json,Cradily,Moves,,Confuse Ray,8.696
2015-12_gen3ou-0.json,Cradily,Moves,,Mirror Coat,8.696
2015-12_gen3ou-0.json,Cradily,Moves,,Sludge Bomb,7.826
2015-12_gen3ou-0.json,Cradily,Moves,,Ingrain,7.826
2015-12_gen3ou-0.json,Cradily,Moves,,Barrier,6.087
2015-12_gen3ou-0.json,Cradily,Moves,,Hidden Power Bug,6.087
2015-12_gen3ou-0.json,Cradily,Moves,,Amnesia,5.217
2015-12_gen3ou-0.json,Cradily,Moves,,Other,15.652
2015-12_gen3ou-0.json,Blastoise,Stats,Raw count,,109
2015-12_gen3ou-0.json,Blastoise,Stats,Avg. weight,,1.0
2015-12_gen3ou-0.json,Blastoise,Stats,Viability Ceiling,,59
2015-12_gen3ou-0.json,Blastoise,Stats,Calm,,16.514
2015-12_gen3ou-0.json,Blastoise,Stats,Bold,,5.505
2015-12_gen3ou-0.json,Blastoise,Stats,Modest,,5.505
2015-12_gen3ou-0.json,Blastoise,Abilities,,Torrent,100.0
2015-12_gen3ou-0.json,Blastoise,Items,,Leftovers,82.569
2015-12_gen3ou-0.json,Blastoise,Items,,Mystic Water,9.174
2015-12_gen3ou-0.json,Blastoise,Items,,Salac Berry,2.752
2015-12_gen3ou-0.json,Blastoise,Items,,Shell Bell,1.835
2015-12_gen3ou-0.json,Blastoise,Items,,Other,3.67
2015-12_gen3ou-0.json,Blastoise,Spreads,,Other,46.789
2015-12_gen3ou-0.json,Blastoise,Moves,,Surf,81.651
2015-12_gen3ou-0.json,Blastoise,Moves,,Ice Beam,80.734
2015-12_gen3ou-0.json,Blastoise,Moves,,Rapid Spin,60.55
2015-12_gen3ou-0.json,Blastoise,Moves,,Rain Dance,28.44
2015-12_gen3ou-0.json,Blastoise,Moves,,Protect,23.853
2015-12_gen3ou-0.json,Blastoise,Moves,,Hydro Pump,20.183
2015-12_gen3ou-0.json,Blastoise,Moves,,Toxic,16.514
2015-12_gen3ou-0.json,Blastoise,Moves,,Rest,14.679
2015-12_gen3ou-0.json,Blastoise,Moves,,Mirror Coat,11.009
2015-12_gen3ou-0.json,Blastoise,Moves,,Haze,10.092
2015-12_gen3ou-0.json,Blastoise,Moves,,Waterfall,8.257
2015-12_gen3ou-0.json,Blastoise,Moves,,Earthquake,7.339
2015-12_gen3ou-0.json,Blastoise,Moves,,Roar,5.505
2015-12_gen3ou-0.json,Blastoise,Moves,,Hydro Cannon,4.587
2015-12_gen3ou-0.json,Blastoise,Moves,,Attract,4.587
2015-12_gen3ou-0.json,Blastoise,Moves,,Bite,4.587
2015-12_gen3ou-0.json,Blastoise,Moves,,Other,17.431
2015-12_gen3ou-0.json,Slowbro,Stats,Raw count,,108
2015-12_gen3ou-0.json,Slowbro,Stats,Avg. weight,,1.0
2015-12_gen3ou-0.json,Slowbro,Stats,Viability Ceiling,,59
2015-12_gen3ou-0.json,Slowbro,Stats,Modest,,4.630
2015-12_gen3ou-0.json,Slowbro,Stats,Bold,,12.037
2015-12_gen3ou-0.json,Slowbro,Stats,Sassy,,6.481
2015-12_gen3ou-0.json,Slowbro,Abilities,,Oblivious,51.852
2015-12_gen3ou-0.json,Slowbro,Abilities,,Own Tempo,48.148
2015-12_gen3ou-0.json,Slowbro,Items,,Leftovers,78.704
2015-12_gen3ou-0.json,Slowbro,Items,,Chesto Berry,12.037
2015-12_gen3ou-0.json,Slowbro,Items,,TwistedSpoon,2.778
2015-12_gen3ou-0.json,Slowbro,Items,,Mystic Water,2.778
2015-12_gen3ou-0.json,Slowbro,Items,,Other,3.704
2015-12_gen3ou-0.json,Slowbro,Spreads,,Other,37.963
2015-12_gen3ou-0.json,Slowbro,Moves,,Surf,70.37
2015-12_gen3ou-0.json,Slowbro,Moves,,Psychic,68.519
2015-12_gen3ou-0.json,Slowbro,Moves,,Calm Mind,58.333
2015-12_gen3ou-0.json,Slowbro,Moves,,Ice Beam,41.667
2015-12_gen3ou-0.json,Slowbro,Moves,,Thunder Wave,37.037
2015-12_gen3ou-0.json,Slowbro,Moves,,Rest,34.259
2015-12_gen3ou-0.json,Slowbro,Moves,,Earthquake,20.37
2015-12_gen3ou-0.json,Slowbro,Moves,,Flamethrower,9.259
2015-12_gen3ou-0.json,Slowbro,Moves,,Attract,7.407
2015-12_gen3ou-0.json,Slowbro,Moves,,Substitute,5.556
2015-12_gen3ou-0.json,Slowbro,Moves,,Amnesia,5.556
2015-12_gen3ou-0.json,Slowbro,Moves,,Fire Blast,5.556
2015-12_gen3ou-0.json,Slowbro,Moves,,Counter,5.556
2015-12_gen3ou-0.json,Slowbro,Moves,,Nothing,5.556
2015-12_gen3ou-0.json,Slowbro,Moves,,Curse,3.704
2015-12_gen3ou-0.json,Slowbro,Moves,,Shadow Ball,3.704
2015-12_gen3ou-0.json,Slowbro,Moves,,Other,17.593
2015-12_gen3ou-0.json,Hariyama,Stats,Raw count,,104
2015-12_gen3ou-0.json,Hariyama,Stats,Avg. weight,,1.0
2015-12_gen3ou-0.json,Hariyama,Stats,Viability Ceiling,,76
2015-12_gen3ou-0.json,Hariyama,Stats,Careful,,14.423
2015-12_gen3ou-0.json,Hariyama,Stats,Adamant,,7.692
2015-12_gen3ou-0.json,Hariyama,Stats,Impish,,11.538
2015-12_gen3ou-0.json,Hariyama,Abilities,,Guts,50.0
2015-12_gen3ou-0.json,Hariyama,Abilities,,Thick Fat,50.0
2015-12_gen3ou-0.json,Hariyama,Items,,Leftovers,80.769
2015-12_gen3ou-0.json,Hariyama,Items,,Choice Band,12.5
2015-12_gen3ou-0.json,Hariyama,Items,,Nothing,3.846
2015-12_gen3ou-0.json,Hariyama,Items,,Other,2.885
2015-12_gen3ou-0.json,Hariyama,Spreads,,Other,38.462
2015-12_gen3ou-0.json,Hariyama,Moves,,Cross Chop,64.423
2015-12_gen3ou-0.json,Hariyama,Moves,,Earthquake,37.5
2015-12_gen3ou-0.json,Hariyama,Moves,,Knock Off,33.654
2015-12_gen3ou-0.json,Hariyama,Moves,,Hidden Power Ghost,31.731
2015-12_gen3ou-0.json,Hariyama,Moves,,Bulk Up,29.808
2015-12_gen3ou-0.json,Hariyama,Moves,,Rock Slide,21.154
2015-12_gen3ou-0.json,Hariyama,Moves,,Substitute,18.269
2015-12_gen3ou-0.json,Hariyama,Moves,,Sleep Talk,18.269
2015-12_gen3ou-0.json,Hariyama,Moves,,Focus Punch,17.308
2015-12_gen3ou-0.json,Hariyama,Moves,,Rest,17.308
2015-12_gen3ou-0.json,Hariyama,Moves,,Fake Out,17.308
2015-12_gen3ou-0.json,Hariyama,Moves,,Brick Break,16.346
2015-12_gen3ou-0.json,Hariyama,Moves,,Facade,15.385
2015-12_gen3ou-0.json,Hariyama,Moves,,Ice Punch,14.423
2015-12_gen3ou-0.json,Hariyama,Moves,,Whirlwind,14.423
2015-12_gen3ou-0.json,Hariyama,Moves,,Belly Drum,9.615
2015-12_gen3ou-0.json,Hariyama,Moves,,Fire Punch,6.731
2015-12_gen3ou-0.json,Hariyama,Moves,,Other,16.346
2015-12_gen3ou-0.json,Gorebyss,Stats,Raw count,,99
2015-12_gen3ou-0.json,Gorebyss,Stats,Avg. weight,,1.0
2015-12_gen3ou-0.json,Gorebyss,Stats,Viability Ceiling,,65
2015-12_gen3ou-0.json,Gorebyss,Stats,Calm,,3.030
2015-12_gen3ou-0.json,Gorebyss,Stats,Bold,,7.071
2015-12_gen3ou-0.json,Gorebyss,Stats,Modest,,3.030
2015-12_gen3ou-0.json,Gorebyss,Abilities,,Swift Swim,100.0
2015-12_gen3ou-0.json,Gorebyss,Items,,Leftovers,100.0
2015-12_gen3ou-0.json,Gorebyss,Spreads,,Other,4.04
2015-12_gen3ou-0.json,Gorebyss,Moves,,Baton Pass,100.0
2015-12_gen3ou-0.json,Gorebyss,Moves,,Iron Defense,94.949
2015-12_gen3ou-0.json,Gorebyss,Moves,,Surf,92.929
2015-12_gen3ou-0.json,Gorebyss,Moves,,Amnesia,92.929
2015-12_gen3ou-0.json,Gorebyss,Moves,,Other,19.192
2015-12_gen3ou-0.json,Tentacruel,Stats,Raw count,,99
2015-12_gen3ou-0.json,Tentacruel,Stats,Avg. weight,,1.0
2015-12_gen3ou-0.json,Tentacruel,Stats,Viability Ceiling,,73
2015-12_gen3ou-0.json,Tentacruel,Stats,Calm,,8.081
2015-12_gen3ou-0.json,Tentacruel,Stats,Hasty,,17.172
2015-12_gen3ou-0.json,Tentacruel,Stats,Impish,,10.101
2015-12_gen3ou-0.json,Tentacruel,Stats,Modest,,8.081
2015-12_gen3ou-0.json,Tentacruel,Abilities,,Liquid Ooze,53.535
2015-12_gen3ou-0.json,Tentacruel,Abilities,,Clear Body,46.465
2015-12_gen3ou-0.json,Tentacruel,Items,,Leftovers,84.848
2015-12_gen3ou-0.json,Tentacruel,Items,,Miracle Seed,7.071
2015-12_gen3ou-0.json,Tentacruel,Items,,Mystic Water,3.03
2015-12_gen3ou-0.json,Tentacruel,Items,,Poison Barb,2.02
2015-12_gen3ou-0.json,Tentacruel,Items,,Other,3.03
2015-12_gen3ou-0.json,Tentacruel,Spreads,,Other,27.273
2015-12_gen3ou-0.json,Tentacruel,Moves,,Rapid Spin,58.586
2015-12_gen3ou-0.json,Tentacruel,Moves,,Giga Drain,57.576
2015-12_gen3ou-0.json,Tentacruel,Moves,,Toxic,52.525
2015-12_gen3ou-0.json,Tentacruel,Moves,,Hydro Pump,40.404
2015-12_gen3ou-0.json,Tentacruel,Moves,,Sludge Bomb,33.333
2015-12_gen3ou-0.json,Tentacruel,Moves,,Ice Beam,33.333
2015-12_gen3ou-0.json,Tentacruel,Moves,,Swords Dance,30.303
2015-12_gen3ou-0.json,Tentacruel,Moves,,Waterfall,22.222
2015-12_gen3ou-0.json,Tentacruel,Moves,,Barrier,16.162
2015-12_gen3ou-0.json,Tentacruel,Moves,,Surf,15.152
2015-12_gen3ou-0.json,Tentacruel,Moves,,Protect,13.131
2015-12_gen3ou-0.json,Tentacruel,Moves,,Rain Dance,7.071
2015-12_gen3ou-0.json,Tentacruel,Moves,,Mirror Coat,5.051
2015-12_gen3ou-0.json,Tentacruel,Moves,,Other,15.152
2015-12_gen3ou-0.json,Donphan,Stats,Raw count,,92
2015-12_gen3ou-0.json,Donphan,Stats,Avg. weight,,1.0
2015-12_gen3ou-0.json,Donphan,Stats,Viability Ceiling,,74
2015-12_gen3ou-0.json,Donphan,Stats,Impish,,3.261
2015-12_gen3ou-0.json,Donphan,Stats,Adamant,,4.348
2015-12_gen3ou-0.json,Donphan,Abilities,,Sturdy,100.0
2015-12_gen3ou-0.json,Donphan,Items,,Leftovers,71.739
2015-12_gen3ou-0.json,Donphan,Items,,Choice Band,20.652
2015-12_gen3ou-0.json,Donphan,Items,,Quick Claw,3.261
2015-12_gen3ou-0.json,Donphan,Items,,Other,4.348
2015-12_gen3ou-0.json,Donphan,Spreads,,Other,23.913
2015-12_gen3ou-0.json,Donphan,Moves,,Earthquake,96.739
2015-12_gen3ou-0.json,Donphan,Moves,,Rock Slide,86.957
2015-12_gen3ou-0.json,Donphan,Moves,,Rapid Spin,75.0
2015-12_gen3ou-0.json,Donphan,Moves,,Rest,36.957
2015-12_gen3ou-0.json,Donphan,Moves,,Body Slam,21.739
2015-12_gen3ou-0.json,Donphan,Moves,,Hidden Power Bug,20.652
2015-12_gen3ou-0.json,Donphan,Moves,,Toxic,15.217
2015-12_gen3ou-0.json,Donphan,Moves,,Roar,10.87
2015-12_gen3ou-0.json,Donphan,Moves,,Return,7.609
2015-12_gen3ou-0.json,Donphan,Moves,,Hidden Power Rock,5.435
2015-12_gen3ou-0.json,Donphan,Moves,,Protect,4.348
2015-12_gen3ou-0.json,Donphan,Moves,,Other,18.478
2015-12_gen3ou-0.json,Slaking,Stats,Raw count,,88
2015-12_gen3ou-0.json,Slaking,Stats,Avg. weight,,1.0
2015-12_gen3ou-0.json,Slaking,Stats,Viability Ceiling,,65
2015-12_gen3ou-0.json,Slaking,Stats,Adamant,,4.545
2015-12_gen3ou-0.json,Slaking,Stats,Jolly,,14.773
2015-12_gen3ou-0.json,Slaking,Stats,Naughty,,10.227
2015-12_gen3ou-0.json,Slaking,Abilities,,Truant,100.0
2015-12_gen3ou-0.json,Slaking,Items,,Choice Band,77.273
2015-12_gen3ou-0.json,Slaking,Items,,Leftovers,11.364
2015-12_gen3ou-0.json,Slaking,Items,,Scope Lens,4.545
2015-12_gen3ou-0.json,Slaking,Items,,Sitrus Berry,2.273
2015-12_gen3ou-0.json,Slaking,Items,,Other,4.545
2015-12_gen3ou-0.json,Slaking,Spreads,,Other,22.727
2015-12_gen3ou-0.json,Slaking,Moves,,Earthquake,89.773
2015-12_gen3ou-0.json,Slaking,Moves,,Shadow Ball,84.091
2015-12_gen3ou-0.json,Slaking,Moves,,Brick Break,35.227
2015-12_gen3ou-0.json,Slaking,Moves,,Hyper Beam,31.818
2015-12_gen3ou-0.json,Slaking,Moves,,Double-Edge,26.136
2015-12_gen3ou-0.json,Slaking,Moves,,Return,23.864
2015-12_gen3ou-0.json,Slaking,Moves,,Rock Slide,20.455
2015-12_gen3ou-0.json,Slaking,Moves,,Focus Punch,19.318
2015-12_gen3ou-0.json,Slaking,Moves,,Body Slam,17.045
2015-12_gen3ou-0.json,Slaking,Moves,,Facade,15.909
2015-12_gen3ou-0.json,Slaking,Moves,,Slack Off,5.682
2015-12_gen3ou-0.json,Slaking,Moves,,Strength,3.409
2015-12_gen3ou-0.json,Slaking,Moves,,Fury Swipes,3.409
2015-12_gen3ou-0.json,Slaking,Moves,,Aerial Ace,2.273
2015-12_gen3ou-0.json,Slaking,Moves,,Pursuit,2.273
2015-12_gen3ou-0.json,Slaking,Moves,,Other,19.318
2015-12_gen3ou-0.json,Cacturne,Stats,Raw count,,88
2015-12_gen3ou-0.json,Cacturne,Stats,Avg. weight,,1.0
2015-12_gen3ou-0.json,Cacturne,Stats,Viability Ceiling,,72
2015-12_gen3ou-0.json,Cacturne,Stats,Timid,,50.000
2015-12_gen3ou-0.json,Cacturne,Stats,Modest,,12.500
2015-12_gen3ou-0.json,Cacturne,Stats,Naive,,5.682
2015-12_gen3ou-0.json,Cacturne,Stats,Gentle,,4.545
2015-12_gen3ou-0.json,Cacturne,Stats,Hardy,,4.545
2015-12_gen3ou-0.json,Cacturne,Stats,Impish,,3.409
2015-12_gen3ou-0.json,Cacturne,Abilities,,Sand Veil,100.0
2015-12_gen3ou-0.json,Cacturne,Items,,Leftovers,84.091
2015-12_gen3ou-0.json,Cacturne,Items,,Salac Berry,5.682
2015-12_gen3ou-0.json,Cacturne,Items,,BrightPowder,3.409
2015-12_gen3ou-0.json,Cacturne,Items,,Nothing,2.273
2015-12_gen3ou-0.json,Cacturne,Items,,Other,4.545
2015-12_gen3ou-0.json,Cacturne,Spreads,,Other,19.318
2015-12_gen3ou-0.json,Cacturne,Moves,,Leech Seed,85.227
2015-12_gen3ou-0.json,Cacturne,Moves,,Needle Arm,76.136
2015-12_gen3ou-0.json,Cacturne,Moves,,Substitute,70.455
2015-12_gen3ou-0.json,Cacturne,Moves,,Hidden Power Dark,63.636
2015-12_gen3ou-0.json,Cacturne,Moves,,Spikes,18.182
2015-12_gen3ou-0.json,Cacturne,Moves,,Giga Drain,15.909
2015-12_gen3ou-0.json,Cacturne,Moves,,Feint Attack,13.636
2015-12_gen3ou-0.json,Cacturne,Moves,,Sandstorm,7.955
2015-12_gen3ou-0.json,Cacturne,Moves,,Body Slam,7.955
2015-12_gen3ou-0.json,Cacturne,Moves,,Swords Dance,7.955
2015-12_gen3ou-0.json,Cacturne,Moves,,Teeter Dance,5.682
2015-12_gen3ou-0.json,Cacturne,Moves,,Focus Punch,4.545
2015-12_gen3ou-0.json,Cacturne,Moves,,Solar Beam,3.409
2015-12_gen3ou-0.json,Cacturne,Moves,,Other,19.318
2015-12_gen3ou-0.json,Lapras,Stats,Raw count,,87
2015-12_gen3ou-0.json,Lapras,Stats,Avg. weight,,1.0
2015-12_gen3ou-0.json,Lapras,Stats,Viability Ceiling,,67
2015-12_gen3ou-0.json,Lapras,Stats,Modest,,4.598
2015-12_gen3ou-0.json,Lapras,Stats,Hardy,,12.644
2015-12_gen3ou-0.json,Lapras,Stats,Calm,,4.598
2015-12_gen3ou-0.json,Lapras,Stats,Careful,,4.598
2015-12_gen3ou-0.json,Lapras,Abilities,,Water Absorb,87.356
2015-12_gen3ou-0.json,Lapras,Abilities,,Shell Armor,12.644
2015-12_gen3ou-0.json,Lapras,Items,,Leftovers,68.966
2015-12_gen3ou-0.json,Lapras,Items,,Nothing,13.793
2015-12_gen3ou-0.json,Lapras,Items,,Chesto Berry,9.195
2015-12_gen3ou-0.json,Lapras,Items,,Sitrus Berry,4.598
2015-12_gen3ou-0.json,Lapras,Items,,Other,3.448
2015-12_gen3ou-0.json,Lapras,Spreads,,Other,36.782
2015-12_gen3ou-0.json,Lapras,Moves,,Ice Beam,81.609
2015-12_gen3ou-0.json,Lapras,Moves,,Surf,55.172
2015-12_gen3ou-0.json,Lapras,Moves,,Thunderbolt,47.126
2015-12_gen3ou-0.json,Lapras,Moves,,Hydro Pump,35.632
2015-12_gen3ou-0.json,Lapras,Moves,,Rest,27.586
2015-12_gen3ou-0.json,Lapras,Moves,,Confuse Ray,21.839
2015-12_gen3ou-0.json,Lapras,Moves,,Toxic,17.241
2015-12_gen3ou-0.json,Lapras,Moves,,Thunder,16.092
2015-12_gen3ou-0.json,Lapras,Moves,,Blizzard,14.943
2015-12_gen3ou-0.json,Lapras,Moves,,Body Slam,11.494
2015-12_gen3ou-0.json,Lapras,Moves,,Waterfall,10.345
2015-12_gen3ou-0.json,Lapras,Moves,,Heal Bell,9.195
2015-12_gen3ou-0.json,Lapras,Moves,,Sleep Talk,8.046
2015-12_gen3ou-0.json,Lapras,Moves,,Rain Dance,8.046
2015-12_gen3ou-0.json,Lapras,Moves,,Hidden Power Fire,5.747
2015-12_gen3ou-0.json,Lapras,Moves,,Protect,5.747
2015-12_gen3ou-0.json,Lapras,Moves,,Dragon Dance,5.747
2015-12_gen3ou-0.json,Lapras,Moves,,Other,18.391
2015-12_gen3ou-0.json,Aggron,Stats,Raw count,,90
2015-12_gen3ou-0.json,Aggron,Stats,Avg. weight,,1.0
2015-12_gen3ou-0.json,Aggron,Stats,Viability Ceiling,,63
2015-12_gen3ou-0.json,Aggron,Stats,Hardy,,4.444
2015-12_gen3ou-0.json,Aggron,Stats,Adamant,,4.444
2015-12_gen3ou-0.json,Aggron,Stats,Impish,,5.556
2015-12_gen3ou-0.json,Aggron,Abilities,,Rock Head,57.778
2015-12_gen3ou-0.json,Aggron,Abilities,,Sturdy,42.222
2015-12_gen3ou-0.json,Aggron,Items,,Leftovers,75.556
2015-12_gen3ou-0.json,Aggron,Items,,Sitrus Berry,6.667
2015-12_gen3ou-0.json,Aggron,Items,,Nothing,6.667
2015-12_gen3ou-0.json,Aggron,Items,,Chesto Berry,2.222
2015-12_gen3ou-0.json,Aggron,Items,,Metal Coat,2.222
2015-12_gen3ou-0.json,Aggron,Items,,Aguav Berry,2.222
2015-12_gen3ou-0.json,Aggron,Items,,Other,4.444
2015-12_gen3ou-0.json,Aggron,Spreads,,Other,38.889
2015-12_gen3ou-0.json,Aggron,Moves,,Earthquake,83.333
2015-12_gen3ou-0.json,Aggron,Moves,,Double-Edge,53.333
2015-12_gen3ou-0.json,Aggron,Moves,,Iron Tail,52.222
2015-12_gen3ou-0.json,Aggron,Moves,,Rock Slide,43.333
2015-12_gen3ou-0.json,Aggron,Moves,,Thunderbolt,32.222
2015-12_gen3ou-0.json,Aggron,Moves,,Dragon Claw,16.667
2015-12_gen3ou-0.json,Aggron,Moves,,Thunder Wave,11.111
2015-12_gen3ou-0.json,Aggron,Moves,,Thunder,8.889
2015-12_gen3ou-0.json,Aggron,Moves,,Ice Punch,8.889
2015-12_gen3ou-0.json,Aggron,Moves,,Thunder Punch,7.778
2015-12_gen3ou-0.json,Aggron,Moves,,Brick Break,6.667
2015-12_gen3ou-0.json,Aggron,Moves,,Fire Blast,6.667
2015-12_gen3ou-0.json,Aggron,Moves,,Roar,6.667
2015-12_gen3ou-0.json,Aggron,Moves,,Metal Claw,5.556
2015-12_gen3ou-0.json,Aggron,Moves,,Substitute,5.556
2015-12_gen3ou-0.json,Aggron,Moves,,Hidden Power Grass,5.556
2015-12_gen3ou-0.json,Aggron,Moves,,Solar Beam,5.556
2015-12_gen3ou-0.json,Aggron,Moves,,Rest,4.444
2015-12_gen3ou-0.json,Aggron,Moves,,Hyper Beam,4.444
2015-12_gen3ou-0.json,Aggron,Moves,,Iron Defense,4.444
2015-12_gen3ou-0.json,Aggron,Moves,,Blizzard,3.333
2015-12_gen3ou-0.json,Aggron,Moves,,Fire Punch,3.333
2015-12_gen3ou-0.json,Aggron,Moves,,Protect,3.333
2015-12_gen3ou-0.json,Aggron,Moves,,Other,16.667
2015-12_gen3ou-0.json,Tauros,Stats,Raw count,,82
2015-12_gen3ou-0.json,Tauros,Stats,Avg. weight,,1.0
2015-12_gen3ou-0.json,Tauros,Stats,Viability Ceiling,,70
2015-12_gen3ou-0.json,Tauros,Stats,Adamant,,2.439
2015-12_gen3ou-0.json,Tauros,Stats,Jolly,,3.659
2015-12_gen3ou-0.json,Tauros,Abilities,,Intimidate,100.0
2015-12_gen3ou-0.json,Tauros,Items,,Choice Band,79.268
2015-12_gen3ou-0.json,Tauros,Items,,Silk Scarf,10.976
2015-12_gen3ou-0.json,Tauros,Items,,Leftovers,4.878
2015-12_gen3ou-0.json,Tauros,Items,,Other,4.878
2015-12_gen3ou-0.json,Tauros,Spreads,,Other,7.317
2015-12_gen3ou-0.json,Tauros,Moves,,Earthquake,89.024
2015-12_gen3ou-0.json,Tauros,Moves,,Return,65.854
2015-12_gen3ou-0.json,Tauros,Moves,,Double-Edge,64.634
2015-12_gen3ou-0.json,Tauros,Moves,,Hidden Power Ghost,43.902
2015-12_gen3ou-0.json,Tauros,Moves,,Hyper Beam,23.171
2015-12_gen3ou-0.json,Tauros,Moves,,Iron Tail,21.951
2015-12_gen3ou-0.json,Tauros,Moves,,Pursuit,14.634
2015-12_gen3ou-0.json,Tauros,Moves,,Hidden Power Rock,10.976
2015-12_gen3ou-0.json,Tauros,Moves,,Hidden Power Fighting,8.537
2015-12_gen3ou-0.json,Tauros,Moves,,Facade,7.317
2015-12_gen3ou-0.json,Tauros,Moves,,Toxic,7.317
2015-12_gen3ou-0.json,Tauros,Moves,,Rest,6.098
2015-12_gen3ou-0.json,Tauros,Moves,,Frustration,6.098
2015-12_gen3ou-0.json,Tauros,Moves,,Refresh,6.098
2015-12_gen3ou-0.json,Tauros,Moves,,Rain Dance,4.878
2015-12_gen3ou-0.json,Tauros,Moves,,Other,19.512
2015-12_gen3ou-0.json,Manectric,Stats,Raw count,,73
2015-12_gen3ou-0.json,Manectric,Stats,Avg. weight,,1.0
2015-12_gen3ou-0.json,Manectric,Stats,Viability Ceiling,,60
2015-12_gen3ou-0.json,Manectric,Stats,Timid,,9.589
2015-12_gen3ou-0.json,Manectric,Stats,Hasty,,5.479
2015-12_gen3ou-0.json,Manectric,Abilities,,Static,73.973
2015-12_gen3ou-0.json,Manectric,Abilities,,Lightning Rod,26.027
2015-12_gen3ou-0.json,Manectric,Items,,Leftovers,38.356
2015-12_gen3ou-0.json,Manectric,Items,,Magnet,21.918
2015-12_gen3ou-0.json,Manectric,Items,,Petaya Berry,19.178
2015-12_gen3ou-0.json,Manectric,Items,,Nothing,6.849
2015-12_gen3ou-0.json,Manectric,Items,,Belue Berry,2.74
2015-12_gen3ou-0.json,Manectric,Items,,Macho Brace,2.74
2015-12_gen3ou-0.json,Manectric,Items,,Shell Bell,2.74
2015-12_gen3ou-0.json,Manectric,Items,,Focus Band,1.37
2015-12_gen3ou-0.json,Manectric,Items,,Other,4.11
2015-12_gen3ou-0.json,Manectric,Spreads,,Other,30.137
2015-12_gen3ou-0.json,Manectric,Moves,,Thunderbolt,93.151
2015-12_gen3ou-0.json,Manectric,Moves,,Crunch,53.425
2015-12_gen3ou-0.json,Manectric,Moves,,Thunder,43.836
2015-12_gen3ou-0.json,Manectric,Moves,,Thunder Wave,36.986
2015-12_gen3ou-0.json,Manectric,Moves,,Hidden Power Ice,31.507
2015-12_gen3ou-0.json,Manectric,Moves,,Hidden Power Fire,24.658
2015-12_gen3ou-0.json,Manectric,Moves,,Substitute,20.548
2015-12_gen3ou-0.json,Manectric,Moves,,Roar,17.808
2015-12_gen3ou-0.json,Manectric,Moves,,Toxic,16.438
2015-12_gen3ou-0.json,Manectric,Moves,,Hidden Power Grass,6.849
2015-12_gen3ou-0.json,Manectric,Moves,,Bite,5.479
2015-12_gen3ou-0.json,Manectric,Moves,,Rain Dance,5.479
2015-12_gen3ou-0.json,Manectric,Moves,,Attract,4.11
2015-12_gen3ou-0.json,Manectric,Moves,,Strength,4.11
2015-12_gen3ou-0.json,Manectric,Moves,,Quick Attack,4.11
2015-12_gen3ou-0.json,Manectric,Moves,,Spark,4.11
2015-12_gen3ou-0.json,Manectric,Moves,,Refresh,4.11
2015-12_gen3ou-0.json,Manectric,Moves,,Shock Wave,4.11
2015-12_gen3ou-0.json,Manectric,Moves,,Other,19.178
2015-12_gen3ou-0.json,Raichu,Stats,Raw count,,70
2015-12_gen3ou-0.json,Raichu,Stats,Avg. weight,,1.0
2015-12_gen3ou-0.json,Raichu,Stats,Viability Ceiling,,56
2015-12_gen3ou-0.json,Raichu,Stats,Hasty,,8.571
2015-12_gen3ou-0.json,Raichu,Stats,Timid,,8.571
2015-12_gen3ou-0.json,Raichu,Stats,Jolly,,10.000
2015-12_gen3ou-0.json,Raichu,Stats,Mild,,8.571
2015-12_gen3ou-0.json,Raichu,Abilities,,Static,100.0
2015-12_gen3ou-0.json,Raichu,Items,,Leftovers,24.286
2015-12_gen3ou-0.json,Raichu,Items,,Choice Band,22.857
2015-12_gen3ou-0.json,Raichu,Items,,Light Ball,17.143
2015-12_gen3ou-0.json,Raichu,Items,,Magnet,15.714
2015-12_gen3ou-0.json,Raichu,Items,,Nothing,7.143
2015-12_gen3ou-0.json,Raichu,Items,,Focus Band,5.714
2015-12_gen3ou-0.json,Raichu,Items,,Lum Berry,4.286
2015-12_gen3ou-0.json,Raichu,Items,,Other,2.857
2015-12_gen3ou-0.json,Raichu,Spreads,,Other,35.714
2015-12_gen3ou-0.json,Raichu,Moves,,Thunderbolt,64.286
2015-12_gen3ou-0.json,Raichu,Moves,,Volt Tackle,55.714
2015-12_gen3ou-0.json,Raichu,Moves,,Hidden Power Water,31.429
2015-12_gen3ou-0.json,Raichu,Moves,,Thunder,30.0
2015-12_gen3ou-0.json,Raichu,Moves,,Focus Punch,28.571
2015-12_gen3ou-0.json,Raichu,Moves,,Thunder Wave,24.286
2015-12_gen3ou-0.json,Raichu,Moves,,Hidden Power Ice,18.571
2015-12_gen3ou-0.json,Raichu,Moves,,Substitute,17.143
2015-12_gen3ou-0.json,Raichu,Moves,,Agility,15.714
2015-12_gen3ou-0.json,Raichu,Moves,,Iron Tail,12.857
2015-12_gen3ou-0.json,Raichu,Moves,,Protect,12.857
2015-12_gen3ou-0.json,Raichu,Moves,,Thunder Punch,12.857
2015-12_gen3ou-0.json,Raichu,Moves,,Nothing,8.571
2015-12_gen3ou-0.json,Raichu,Moves,,Brick Break,7.143
2015-12_gen3ou-0.json,Raichu,Moves,,Toxic,7.143
2015-12_gen3ou-0.json,Raichu,Moves,,Quick Attack,7.143
2015-12_gen3ou-0.json,Raichu,Moves,,Seismic Toss,7.143
2015-12_gen3ou-0.json,Raichu,Moves,,Slam,5.714
2015-12_gen3ou-0.json,Raichu,Moves,,Encore,5.714
2015-12_gen3ou-0.json,Raichu,Moves,,Mud-Slap,4.286
2015-12_gen3ou-0.json,Raichu,Moves,,Body Slam,4.286
2015-12_gen3ou-0.json,Raichu,Moves,,Other,18.571
2015-12_gen3ou-0.json,Espeon,Stats,Raw count,,64
2015-12_gen3ou-0.json,Espeon,Stats,Avg. weight,,1.0
2015-12_gen3ou-0.json,Espeon,Stats,Viability Ceiling,,60
2015-12_gen3ou-0.json,Espeon,Stats,Timid,,7.812
2015-12_gen3ou-0.json,Espeon,Stats,Modest,,9.375
2015-12_gen3ou-0.json,Espeon,Stats,Calm,,7.812
2015-12_gen3ou-0.json,Espeon,Abilities,,Synchronize,100.0
2015-12_gen3ou-0.json,Espeon,Items,,Leftovers,65.625
2015-12_gen3ou-0.json,Espeon,Items,,TwistedSpoon,20.312
2015-12_gen3ou-0.json,Espeon,Items,,Nothing,14.062
2015-12_gen3ou-0.json,Espeon,Spreads,,Other,39.062
2015-12_gen3ou-0.json,Espeon,Moves,,Psychic,90.625
2015-12_gen3ou-0.json,Espeon,Moves,,Calm Mind,84.375
2015-12_gen3ou-0.json,Espeon,Moves,,Baton Pass,56.25
2015-12_gen3ou-0.json,Espeon,Moves,,Morning Sun,34.375
2015-12_gen3ou-0.json,Espeon,Moves,,Substitute,29.688
2015-12_gen3ou-0.json,Espeon,Moves,,Light Screen,18.75
2015-12_gen3ou-0.json,Espeon,Moves,,Protect,14.062
2015-12_gen3ou-0.json,Espeon,Moves,,Shadow Ball,14.062
2015-12_gen3ou-0.json,Espeon,Moves,,Wish,12.5
2015-12_gen3ou-0.json,Espeon,Moves,,Toxic,12.5
2015-12_gen3ou-0.json,Espeon,Moves,,Psych Up,9.375
2015-12_gen3ou-0.json,Espeon,Moves,,Hidden Power Grass,4.688
2015-12_gen3ou-0.json,Espeon,Moves,,Other,18.75
2015-12_gen3ou-0.json,Articuno,Stats,Raw count,,60
2015-12_gen3ou-0.json,Articuno,Stats,Avg. weight,,1.0
2015-12_gen3ou-0.json,Articuno,Stats,Viability Ceiling,,72
2015-12_gen3ou-0.json,Articuno,Stats,Serious,,16.667
2015-12_gen3ou-0.json,Articuno,Stats,Calm,,10.000
2015-12_gen3ou-0.json,Articuno,Stats,Mild,,10.000
2015-12_gen3ou-0.json,Articuno,Abilities,,Pressure,100.0
2015-12_gen3ou-0.json,Articuno,Items,,Leftovers,85.0
2015-12_gen3ou-0.json,Articuno,Items,,Nothing,11.667
2015-12_gen3ou-0.json,Articuno,Items,,Other,3.333
2015-12_gen3ou-0.json,Articuno,Spreads,,Other,20.0
2015-12_gen3ou-0.json,Articuno,Moves,,Ice Beam,96.667
2015-12_gen3ou-0.json,Articuno,Moves,,Rest,81.667
2015-12_gen3ou-0.json,Articuno,Moves,,Sleep Talk,80.0
2015-12_gen3ou-0.json,Articuno,Moves,,Roar,36.667
2015-12_gen3ou-0.json,Articuno,Moves,,Extrasensory,20.0
2015-12_gen3ou-0.json,Articuno,Moves,,Haze,16.667
2015-12_gen3ou-0.json,Articuno,Moves,,Toxic,16.667
2015-12_gen3ou-0.json,Articuno,Moves,,Blizzard,15.0
2015-12_gen3ou-0.json,Articuno,Moves,,Fly,11.667
2015-12_gen3ou-0.json,Articuno,Moves,,Nothing,10.0
2015-12_gen3ou-0.json,Articuno,Moves,,Other,15.0
2015-12_gen3ou-0.json,Regirock,Stats,Raw count,,61
2015-12_gen3ou-0.json,Regirock,Stats,Avg. weight,,1.0
2015-12_gen3ou-0.json,Regirock,Stats,Viability Ceiling,,70
2015-12_gen3ou-0.json,Regirock,Stats,Adamant,,63.934
2015-12_gen3ou-0.json,Regirock,Stats,Impish,,3.279
2015-12_gen3ou-0.json,Regirock,Stats,Careful,,1.639
2015-12_gen3ou-0.json,Regirock,Abilities,,Clear Body,100.0
2015-12_gen3ou-0.json,Regirock,Items,,Leftovers,96.721
2015-12_gen3ou-0.json,Regirock,Items,,Other,3.279
2015-12_gen3ou-0.json,Regirock,Spreads,,Other,8.197
2015-12_gen3ou-0.json,Regirock,Moves,,Rock Slide,93.443
2015-12_gen3ou-0.json,Regirock,Moves,,Explosion,86.885
2015-12_gen3ou-0.json,Regirock,Moves,,Curse,83.607
2015-12_gen3ou-0.json,Regirock,Moves,,Superpower,70.492
2015-12_gen3ou-0.json,Regirock,Moves,,Earthquake,22.951
2015-12_gen3ou-0.json,Regirock,Moves,,Psych Up,6.557
2015-12_gen3ou-0.json,Regirock,Moves,,Swagger,6.557
2015-12_gen3ou-0.json,Regirock,Moves,,Protect,3.279
2015-12_gen3ou-0.json,Regirock,Moves,,Brick Break,3.279
2015-12_gen3ou-0.json,Regirock,Moves,,Ice Punch,3.279
2015-12_gen3ou-0.json,Regirock,Moves,,Other,19.672
2015-12_gen3ou-0.json,Absol,Stats,Raw count,,61
2015-12_gen3ou-0.json,Absol,Stats,Avg. weight,,1.0
2015-12_gen3ou-0.json,Absol,Stats,Viability Ceiling,,55
2015-12_gen3ou-0.json,Absol,Stats,Adamant,,4.918
2015-12_gen3ou-0.json,Absol,Stats,Timid,,16.393
2015-12_gen3ou-0.json,Absol,Stats,Jolly,,3.279
2015-12_gen3ou-0.json,Absol,Stats,Naive,,4.918
2015-12_gen3ou-0.json,Absol,Abilities,,Pressure,100.0
2015-12_gen3ou-0.json,Absol,Items,,Leftovers,50.82
2015-12_gen3ou-0.json,Absol,Items,,Scope Lens,13.115
2015-12_gen3ou-0.json,Absol,Items,,Black Glasses,9.836
2015-12_gen3ou-0.json,Absol,Items,,Focus Band,8.197
2015-12_gen3ou-0.json,Absol,Items,,Salac Berry,3.279
2015-12_gen3ou-0.json,Absol,Items,,Choice Band,3.279
2015-12_gen3ou-0.json,Absol,Items,,Berry Juice,1.639
2015-12_gen3ou-0.json,Absol,Items,,Lum Berry,1.639
2015-12_gen3ou-0.json,Absol,Items,,Nothing,1.639
2015-12_gen3ou-0.json,Absol,Items,,Silk Scarf,1.639
2015-12_gen3ou-0.json,Absol,Items,,Other,4.918
2015-12_gen3ou-0.json,Absol,Spreads,,Other,21.311
2015-12_gen3ou-0.json,Absol,Moves,,Swords Dance,67.213
2015-12_gen3ou-0.json,Absol,Moves,,Shadow Ball,59.016
2015-12_gen3ou-0.json,Absol,Moves,,Aerial Ace,45.902
2015-12_gen3ou-0.json,Absol,Moves,,Baton Pass,34.426
2015-12_gen3ou-0.json,Absol,Moves,,Hidden Power Fighting,31.148
2015-12_gen3ou-0.json,Absol,Moves,,Ice Beam,21.311
2015-12_gen3ou-0.json,Absol,Moves,,Slash,18.033
2015-12_gen3ou-0.json,Absol,Moves,,Calm Mind,16.393
2015-12_gen3ou-0.json,Absol,Moves,,Thunderbolt,14.754
2015-12_gen3ou-0.json,Absol,Moves,,Bite,13.115
2015-12_gen3ou-0.json,Absol,Moves,,Toxic,11.475
2015-12_gen3ou-0.json,Absol,Moves,,Thunder Wave,8.197
2015-12_gen3ou-0.json,Absol,Moves,,Facade,6.557
2015-12_gen3ou-0.json,Absol,Moves,,Body Slam,6.557
2015-12_gen3ou-0.json,Absol,Moves,,Double-Edge,6.557
2015-12_gen3ou-0.json,Absol,Moves,,Hidden Power Grass,4.918
2015-12_gen3ou-0.json,Absol,Moves,,Quick Attack,4.918
2015-12_gen3ou-0.json,Absol,Moves,,Wish,4.918
2015-12_gen3ou-0.json,Absol,Moves,,Feint Attack,3.279
2015-12_gen3ou-0.json,Absol,Moves,,Substitute,3.279
2015-12_gen3ou-0.json,Absol,Moves,,Other,18.033
2015-12_gen3ou-0.json,Walrein,Stats,Raw count,,57
2015-12_gen3ou-0.json,Walrein,Stats,Avg. weight,,1.0
2015-12_gen3ou-0.json,Walrein,Stats,Viability Ceiling,,55
2015-12_gen3ou-0.json,Walrein,Stats,Modest,,24.561
2015-12_gen3ou-0.json,Walrein,Stats,Hardy,,24.561
2015-12_gen3ou-0.json,Walrein,Stats,Bold,,8.772
2015-12_gen3ou-0.json,Walrein,Stats,Calm,,5.263
2015-12_gen3ou-0.json,Walrein,Stats,Mild,,3.509
2015-12_gen3ou-0.json,Walrein,Abilities,,Thick Fat,100.0
2015-12_gen3ou-0.json,Walrein,Items,,Leftovers,42.105
2015-12_gen3ou-0.json,Walrein,Items,,Chesto Berry,28.07
2015-12_gen3ou-0.json,Walrein,Items,,Shell Bell,24.561
2015-12_gen3ou-0.json,Walrein,Items,,Nothing,3.509
2015-12_gen3ou-0.json,Walrein,Items,,Other,1.754
2015-12_gen3ou-0.json,Walrein,Spreads,,Other,12.281
2015-12_gen3ou-0.json,Walrein,Moves,,Ice Beam,82.456
2015-12_gen3ou-0.json,Walrein,Moves,,Surf,70.175
2015-12_gen3ou-0.json,Walrein,Moves,,Roar,36.842
2015-12_gen3ou-0.json,Walrein,Moves,,Encore,33.333
2015-12_gen3ou-0.json,Walrein,Moves,,Rest,31.579
2015-12_gen3ou-0.json,Walrein,Moves,,Body Slam,28.07
2015-12_gen3ou-0.json,Walrein,Moves,,Toxic,28.07
2015-12_gen3ou-0.json,Walrein,Moves,,Rock Slide,24.561
2015-12_gen3ou-0.json,Walrein,Moves,,Dive,24.561
2015-12_gen3ou-0.json,Walrein,Moves,,Blizzard,12.281
2015-12_gen3ou-0.json,Walrein,Moves,,Protect,5.263
2015-12_gen3ou-0.json,Walrein,Moves,,Hail,5.263
2015-12_gen3ou-0.json,Walrein,Moves,,Other,17.544
2015-12_gen3ou-0.json,Exeggutor,Stats,Raw count,,56
2015-12_gen3ou-0.json,Exeggutor,Stats,Avg. weight,,1.0
2015-12_gen3ou-0.json,Exeggutor,Stats,Viability Ceiling,,76
2015-12_gen3ou-0.json,Exeggutor,Stats,Modest,,7.143
2015-12_gen3ou-0.json,Exeggutor,Stats,Rash,,7.143
2015-12_gen3ou-0.json,Exeggutor,Stats,Hasty,,5.357
2015-12_gen3ou-0.json,Exeggutor,Abilities,,Chlorophyll,100.0
2015-12_gen3ou-0.json,Exeggutor,Items,,Leftovers,76.786
2015-12_gen3ou-0.json,Exeggutor,Items,,Petaya Berry,8.929
2015-12_gen3ou-0.json,Exeggutor,Items,,Nothing,7.143
2015-12_gen3ou-0.json,Exeggutor,Items,,Shell Bell,5.357
2015-12_gen3ou-0.json,Exeggutor,Items,,Other,1.786
2015-12_gen3ou-0.json,Exeggutor,Spreads,,Other,44.643
2015-12_gen3ou-0.json,Exeggutor,Moves,,Solar Beam,73.214
2015-12_gen3ou-0.json,Exeggutor,Moves,,Psychic,69.643
2015-12_gen3ou-0.json,Exeggutor,Moves,,Sunny Day,60.714
2015-12_gen3ou-0.json,Exeggutor,Moves,,Sleep Powder,46.429
2015-12_gen3ou-0.json,Exeggutor,Moves,,Explosion,41.071
2015-12_gen3ou-0.json,Exeggutor,Moves,,Hidden Power Fire,28.571
2015-12_gen3ou-0.json,Exeggutor,Moves,,Leech Seed,19.643
2015-12_gen3ou-0.json,Exeggutor,Moves,,Giga Drain,12.5
2015-12_gen3ou-0.json,Exeggutor,Moves,,Moonlight,10.714
2015-12_gen3ou-0.json,Exeggutor,Moves,,Stun Spore,7.143
2015-12_gen3ou-0.json,Exeggutor,Moves,,Egg Bomb,7.143
2015-12_gen3ou-0.json,Exeggutor,Moves,,Hidden Power Dark,3.571
2015-12_gen3ou-0.json,Exeggutor,Moves,,Other,19.643
2015-12_gen3ou-0.json,Nidoking,Stats,Raw count,,48
2015-12_gen3ou-0.json,Nidoking,Stats,Avg. weight,,1.0
2015-12_gen3ou-0.json,Nidoking,Stats,Viability Ceiling,,70
2015-12_gen3ou-0.json,Nidoking,Stats,Jolly,,20.833
2015-12_gen3ou-0.json,Nidoking,Stats,Hasty,,6.250
2015-12_gen3ou-0.json,Nidoking,Stats,Adamant,,6.250
2015-12_gen3ou-0.json,Nidoking,Stats,Hardy,,6.250
2015-12_gen3ou-0.json,Nidoking,Abilities,,Poison Point,100.0
2015-12_gen3ou-0.json,Nidoking,Items,,Leftovers,81.25
2015-12_gen3ou-0.json,Nidoking,Items,,Choice Band,8.333
2015-12_gen3ou-0.json,Nidoking,Items,,Nothing,4.167
2015-12_gen3ou-0.json,Nidoking,Items,,Salac Berry,4.167
2015-12_gen3ou-0.json,Nidoking,Items,,Other,2.083
2015-12_gen3ou-0.json,Nidoking,Spreads,,Other,37.5
2015-12_gen3ou-0.json,Nidoking,Moves,,Earthquake,97.917
2015-12_gen3ou-0.json,Nidoking,Moves,,Megahorn,79.167
2015-12_gen3ou-0.json,Nidoking,Moves,,Sludge Bomb,62.5
2015-12_gen3ou-0.json,Nidoking,Moves,,Ice Beam,35.417
2015-12_gen3ou-0.json,Nidoking,Moves,,Rock Slide,20.833
2015-12_gen3ou-0.json,Nidoking,Moves,,Shadow Ball,20.833
2015-12_gen3ou-0.json,Nidoking,Moves,,Thunder,16.667
2015-12_gen3ou-0.json,Nidoking,Moves,,Thunderbolt,14.583
2015-12_gen3ou-0.json,Nidoking,Moves,,Brick Break,14.583
2015-12_gen3ou-0.json,Nidoking,Moves,,Toxic,8.333
2015-12_gen3ou-0.json,Nidoking,Moves,,Fire Blast,8.333
2015-12_gen3ou-0.json,Nidoking,Moves,,Surf,6.25
2015-12_gen3ou-0.json,Nidoking,Moves,,Other,14.583
2015-12_gen3ou-0.json,Granbull,Stats,Raw count,,49
2015-12_gen3ou-0.json,Granbull,Stats,Avg. weight,,1.0
2015-12_gen3ou-0.json,Granbull,Stats,Viability Ceiling,,56
2015-12_gen3ou-0.json,Granbull,Stats,Adamant,,16.327
2015-12_gen3ou-0.json,Granbull,Abilities,,Intimidate,100.0
2015-12_gen3ou-0.json,Granbull,Items,,Leftovers,81.633
2015-12_gen3ou-0.json,Granbull,Items,,Choice Band,16.327
2015-12_gen3ou-0.json,Granbull,Items,,Other,2.041
2015-12_gen3ou-0.json,Granbull,Spreads,,Other,4.082
2015-12_gen3ou-0.json,Granbull,Moves,,Taunt,95.918
2015-12_gen3ou-0.json,Granbull,Moves,,Return,81.633
2015-12_gen3ou-0.json,Granbull,Moves,,Thunder Wave,79.592
2015-12_gen3ou-0.json,Granbull,Moves,,Heal Bell,79.592
2015-12_gen3ou-0.json,Granbull,Moves,,Earthquake,18.367
2015-12_gen3ou-0.json,Granbull,Moves,,Sludge Bomb,16.327
2015-12_gen3ou-0.json,Granbull,Moves,,Double-Edge,16.327
2015-12_gen3ou-0.json,Granbull,Moves,,Other,12.245
2015-12_gen3ou-0.json,Pikachu,Stats,Raw count,,51
2015-12_gen3ou-0.json,Pikachu,Stats,Avg. weight,,1.0
2015-12_gen3ou-0.json,Pikachu,Stats,Viability Ceiling,,69
2015-12_gen3ou-0.json,Pikachu,Stats,Timid,,5.882
2015-12_gen3ou-0.json,Pikachu,Stats,Jolly,,5.882
2015-12_gen3ou-0.json,Pikachu,Stats,Hardy,,9.804
2015-12_gen3ou-0.json,Pikachu,Stats,Hasty,,7.843
2015-12_gen3ou-0.json,Pikachu,Abilities,,Static,100.0
2015-12_gen3ou-0.json,Pikachu,Items,,Light Ball,80.392
2015-12_gen3ou-0.json,Pikachu,Items,,Nothing,15.686
2015-12_gen3ou-0.json,Pikachu,Items,,Other,3.922
2015-12_gen3ou-0.json,Pikachu,Spreads,,Other,21.569
2015-12_gen3ou-0.json,Pikachu,Moves,,Thunderbolt,52.941
2015-12_gen3ou-0.json,Pikachu,Moves,,Substitute,49.02
2015-12_gen3ou-0.json,Pikachu,Moves,,Hidden Power Ice,49.02
2015-12_gen3ou-0.json,Pikachu,Moves,,Volt Tackle,47.059
2015-12_gen3ou-0.json,Pikachu,Moves,,Thunder Wave,29.412
2015-12_gen3ou-0.json,Pikachu,Moves,,Iron Tail,27.451
2015-12_gen3ou-0.json,Pikachu,Moves,,Encore,27.451
2015-12_gen3ou-0.json,Pikachu,Moves,,Quick Attack,23.529
2015-12_gen3ou-0.json,Pikachu,Moves,,Brick Break,19.608
2015-12_gen3ou-0.json,Pikachu,Moves,,Thunder,15.686
2015-12_gen3ou-0.json,Pikachu,Moves,,Surf,13.725
2015-12_gen3ou-0.json,Pikachu,Moves,,Body Slam,7.843
2015-12_gen3ou-0.json,Pikachu,Moves,,Thunder Shock,5.882
2015-12_gen3ou-0.json,Pikachu,Moves,,Double-Edge,5.882
2015-12_gen3ou-0.json,Pikachu,Moves,,Hidden Power Grass,3.922
2015-12_gen3ou-0.json,Pikachu,Moves,,Toxic,3.922
2015-12_gen3ou-0.json,Pikachu,Moves,,Other,17.647
2015-12_gen3ou-0.json,Misdreavus,Stats,Raw count,,48
2015-12_gen3ou-0.json,Misdreavus,Stats,Avg. weight,,1.0
2015-12_gen3ou-0.json,Misdreavus,Stats,Viability Ceiling,,78
2015-12_gen3ou-0.json,Misdreavus,Stats,Calm,,20.833
2015-12_gen3ou-0.json,Misdreavus,Stats,Hardy,,16.667
2015-12_gen3ou-0.json,Misdreavus,Stats,Modest,,14.583
2015-12_gen3ou-0.json,Misdreavus,Stats,Timid,,6.250
2015-12_gen3ou-0.json,Misdreavus,Abilities,,Levitate,100.0
2015-12_gen3ou-0.json,Misdreavus,Items,,Leftovers,93.75
2015-12_gen3ou-0.json,Misdreavus,Items,,Lum Berry,6.25
2015-12_gen3ou-0.json,Misdreavus,Moves,,Perish Song,85.417
2015-12_gen3ou-0.json,Misdreavus,Moves,,Mean Look,85.417
2015-12_gen3ou-0.json,Misdreavus,Moves,,Protect,79.167
2015-12_gen3ou-0.json,Misdreavus,Moves,,Thunder,41.667
2015-12_gen3ou-0.json,Misdreavus,Moves,,Taunt,18.75
2015-12_gen3ou-0.json,Misdreavus,Moves,,Confuse Ray,16.667
2015-12_gen3ou-0.json,Misdreavus,Moves,,Thunderbolt,14.583
2015-12_gen3ou-0.json,Misdreavus,Moves,,Calm Mind,14.583
2015-12_gen3ou-0.json,Misdreavus,Moves,,Psychic,14.583
2015-12_gen3ou-0.json,Misdreavus,Moves,,Substitute,14.583
2015-12_gen3ou-0.json,Misdreavus,Moves,,Other,14.583
2015-12_gen3ou-0.json,Clefable,Stats,Raw count,,47
2015-12_gen3ou-0.json,Clefable,Stats,Avg. weight,,1.0
2015-12_gen3ou-0.json,Clefable,Stats,Viability Ceiling,,50
2015-12_gen3ou-0.json,Clefable,Stats,Adamant,,23.404
2015-12_gen3ou-0.json,Clefable,Stats,Modest,,8.511
2015-12_gen3ou-0.json,Clefable,Stats,Bold,,12.766
2015-12_gen3ou-0.json,Clefable,Stats,Calm,,4.255
2015-12_gen3ou-0.json,Clefable,Abilities,,Cute Charm,100.0
2015-12_gen3ou-0.json,Clefable,Items,,Leftovers,87.234
2015-12_gen3ou-0.json,Clefable,Items,,Chesto Berry,8.511
2015-12_gen3ou-0.json,Clefable,Items,,Other,4.255
2015-12_gen3ou-0.json,Clefable,Spreads,,Other,23.404
2015-12_gen3ou-0.json,Clefable,Moves,,Soft-Boiled,55.319
2015-12_gen3ou-0.json,Clefable,Moves,,Ice Beam,42.553
2015-12_gen3ou-0.json,Clefable,Moves,,Flamethrower,36.17
2015-12_gen3ou-0.json,Clefable,Moves,,Cosmic Power,27.66
2015-12_gen3ou-0.json,Clefable,Moves,,Meteor Mash,25.532
2015-12_gen3ou-0.json,Clefable,Moves,,Return,23.404
2015-12_gen3ou-0.json,Clefable,Moves,,Calm Mind,23.404
2015-12_gen3ou-0.json,Clefable,Moves,,Belly Drum,23.404
2015-12_gen3ou-0.json,Clefable,Moves,,Thunderbolt,17.021
2015-12_gen3ou-0.json,Clefable,Moves,,Seismic Toss,17.021
2015-12_gen3ou-0.json,Clefable,Moves,,Substitute,12.766
2015-12_gen3ou-0.json,Clefable,Moves,,Psychic,12.766
2015-12_gen3ou-0.json,Clefable,Moves,,Thunder Wave,12.766
2015-12_gen3ou-0.json,Clefable,Moves,,Encore,10.638
2015-12_gen3ou-0.json,Clefable,Moves,,Rest,8.511
2015-12_gen3ou-0.json,Clefable,Moves,,Shock Wave,6.383
2015-12_gen3ou-0.json,Clefable,Moves,,Toxic,6.383
2015-12_gen3ou-0.json,Clefable,Moves,,Moonlight,6.383
2015-12_gen3ou-0.json,Clefable,Moves,,Sing,4.255
2015-12_gen3ou-0.json,Clefable,Moves,,Shadow Ball,4.255
2015-12_gen3ou-0.json,Clefable,Moves,,Psych Up,4.255
2015-12_gen3ou-0.json,Clefable,Moves,,Other,19.149
2015-12_gen3ou-0.json,Registeel,Stats,Raw count,,46
2015-12_gen3ou-0.json,Registeel,Stats,Avg. weight,,1.0
2015-12_gen3ou-0.json,Registeel,Stats,Viability Ceiling,,69
2015-12_gen3ou-0.json,Registeel,Stats,Sassy,,21.739
2015-12_gen3ou-0.json,Registeel,Stats,Impish,,21.739
2015-12_gen3ou-0.json,Registeel,Stats,Careful,,8.696
2015-12_gen3ou-0.json,Registeel,Stats,Adamant,,8.696
2015-12_gen3ou-0.json,Registeel,Abilities,,Clear Body,100.0
2015-12_gen3ou-0.json,Registeel,Items,,Leftovers,91.304
2015-12_gen3ou-0.json,Registeel,Items,,Chesto Berry,6.522
2015-12_gen3ou-0.json,Registeel,Items,,Other,2.174
2015-12_gen3ou-0.json,Registeel,Spreads,,Other,15.217
2015-12_gen3ou-0.json,Registeel,Moves,,Earthquake,80.435
2015-12_gen3ou-0.json,Registeel,Moves,,Thunder Wave,58.696
2015-12_gen3ou-0.json,Registeel,Moves,,Rest,54.348
2015-12_gen3ou-0.json,Registeel,Moves,,Curse,30.435
2015-12_gen3ou-0.json,Registeel,Moves,,Explosion,28.261
2015-12_gen3ou-0.json,Registeel,Moves,,Toxic,26.087
2015-12_gen3ou-0.json,Registeel,Moves,,Hidden Power Steel,23.913
2015-12_gen3ou-0.json,Registeel,Moves,,Rock Slide,21.739
2015-12_gen3ou-0.json,Registeel,Moves,,Metal Claw,19.565
2015-12_gen3ou-0.json,Registeel,Moves,,Superpower,13.043
2015-12_gen3ou-0.json,Registeel,Moves,,Ice Punch,8.696
2015-12_gen3ou-0.json,Registeel,Moves,,Amnesia,8.696
2015-12_gen3ou-0.json,Registeel,Moves,,Focus Punch,4.348
2015-12_gen3ou-0.json,Registeel,Moves,,Hidden Power Water,4.348
2015-12_gen3ou-0.json,Registeel,Moves,,Other,17.391
2015-12_gen3ou-0.json,Ampharos,Stats,Raw count,,42
2015-12_gen3ou-0.json,Ampharos,Stats,Avg. weight,,1.0
2015-12_gen3ou-0.json,Ampharos,Stats,Viability Ceiling,,58
2015-12_gen3ou-0.json,Ampharos,Stats,Calm,,26.190
2015-12_gen3ou-0.json,Ampharos,Stats,Modest,,4.762
2015-12_gen3ou-0.json,Ampharos,Stats,Hardy,,11.905
2015-12_gen3ou-0.json,Ampharos,Stats,Quiet,,4.762
2015-12_gen3ou-0.json,Ampharos,Abilities,,Static,100.0
2015-12_gen3ou-0.json,Ampharos,Items,,Leftovers,76.19
2015-12_gen3ou-0.json,Ampharos,Items,,Quick Claw,7.143
2015-12_gen3ou-0.json,Ampharos,Items,,Focus Band,4.762
2015-12_gen3ou-0.json,Ampharos,Items,,Magnet,4.762
2015-12_gen3ou-0.json,Ampharos,Items,,Scope Lens,2.381
2015-12_gen3ou-0.json,Ampharos,Items,,Other,4.762
2015-12_gen3ou-0.json,Ampharos,Spreads,,Other,19.048
2015-12_gen3ou-0.json,Ampharos,Moves,,Thunderbolt,54.762
2015-12_gen3ou-0.json,Ampharos,Moves,,Light Screen,50.0
2015-12_gen3ou-0.json,Ampharos,Moves,,Thunder,42.857
2015-12_gen3ou-0.json,Ampharos,Moves,,Thunder Wave,40.476
2015-12_gen3ou-0.json,Ampharos,Moves,,Toxic,40.476
2015-12_gen3ou-0.json,Ampharos,Moves,,Rain Dance,26.19
2015-12_gen3ou-0.json,Ampharos,Moves,,Heal Bell,23.81
2015-12_gen3ou-0.json,Ampharos,Moves,,Fire Punch,21.429
2015-12_gen3ou-0.json,Ampharos,Moves,,Rest,11.905
2015-12_gen3ou-0.json,Ampharos,Moves,,Charge,11.905
2015-12_gen3ou-0.json,Ampharos,Moves,,Reflect,11.905
2015-12_gen3ou-0.json,Ampharos,Moves,,Substitute,9.524
2015-12_gen3ou-0.json,Ampharos,Moves,,Counter,9.524
2015-12_gen3ou-0.json,Ampharos,Moves,,Nothing,9.524
2015-12_gen3ou-0.json,Ampharos,Moves,,Hidden Power Water,7.143
2015-12_gen3ou-0.json,Ampharos,Moves,,Protect,7.143
2015-12_gen3ou-0.json,Ampharos,Moves,,Focus Punch,4.762
2015-12_gen3ou-0.json,Ampharos,Moves,,Other,16.667
2015-12_gen3ou-0.json,Golduck,Stats,Raw count,,44
2015-12_gen3ou-0.json,Golduck,Stats,Avg. weight,,1.0
2015-12_gen3ou-0.json,Golduck,Stats,Viability Ceiling,,58
2015-12_gen3ou-0.json,Golduck,Stats,Modest,,84.091
2015-12_gen3ou-0.json,Golduck,Stats,Bold,,6.818
2015-12_gen3ou-0.json,Golduck,Stats,Hardy,,4.545
2015-12_gen3ou-0.json,Golduck,Abilities,,Cloud Nine,93.182
2015-12_gen3ou-0.json,Golduck,Abilities,,Damp,6.818
2015-12_gen3ou-0.json,Golduck,Items,,Leftovers,95.455
2015-12_gen3ou-0.json,Golduck,Items,,Other,4.545
2015-12_gen3ou-0.json,Golduck,Spreads,,Other,4.545
2015-12_gen3ou-0.json,Golduck,Moves,,Surf,100.0
2015-12_gen3ou-0.json,Golduck,Moves,,Calm Mind,86.364
2015-12_gen3ou-0.json,Golduck,Moves,,Hypnosis,84.091
2015-12_gen3ou-0.json,Golduck,Moves,,Substitute,84.091
2015-12_gen3ou-0.json,Golduck,Moves,,Ice Beam,13.636
2015-12_gen3ou-0.json,Golduck,Moves,,Rest,11.364
2015-12_gen3ou-0.json,Golduck,Moves,,Sleep Talk,9.091
2015-12_gen3ou-0.json,Golduck,Moves,,Other,11.364
2015-12_gen3ou-0.json,Chansey,Stats,Raw count,,43
2015-12_gen3ou-0.json,Chansey,Stats,Avg. weight,,1.0
2015-12_gen3ou-0.json,Chansey,Stats,Viability Ceiling,,55
2015-12_gen3ou-0.json,Chansey,Stats,Bold,,6.977
2015-12_gen3ou-0.json,Chansey,Stats,Hardy,,13.953
2015-12_gen3ou-0.json,Chansey,Stats,Hasty,,6.977
2015-12_gen3ou-0.json,Chansey,Stats,Impish,,4.651
2015-12_gen3ou-0.json,Chansey,Abilities,,Natural Cure,62.791
2015-12_gen3ou-0.json,Chansey,Abilities,,Serene Grace,37.209
2015-12_gen3ou-0.json,Chansey,Items,,Leftovers,69.767
2015-12_gen3ou-0.json,Chansey,Items,,Lucky Punch,16.279
2015-12_gen3ou-0.json,Chansey,Items,,Nothing,6.977
2015-12_gen3ou-0.json,Chansey,Items,,Focus Band,2.326
2015-12_gen3ou-0.json,Chansey,Items,,Other,4.651
2015-12_gen3ou-0.json,Chansey,Spreads,,Other,41.86
2015-12_gen3ou-0.json,Chansey,Moves,,Soft-Boiled,62.791
2015-12_gen3ou-0.json,Chansey,Moves,,Aromatherapy,48.837
2015-12_gen3ou-0.json,Chansey,Moves,,Seismic Toss,41.86
2015-12_gen3ou-0.json,Chansey,Moves,,Ice Beam,27.907
2015-12_gen3ou-0.json,Chansey,Moves,,Toxic,25.581
2015-12_gen3ou-0.json,Chansey,Moves,,Fire Blast,25.581
2015-12_gen3ou-0.json,Chansey,Moves,,Protect,18.605
2015-12_gen3ou-0.json,Chansey,Moves,,Wish,16.279
2015-12_gen3ou-0.json,Chansey,Moves,,Calm Mind,13.953
2015-12_gen3ou-0.json,Chansey,Moves,,Thunder Wave,13.953
2015-12_gen3ou-0.json,Chansey,Moves,,Heal Bell,11.628
2015-12_gen3ou-0.json,Chansey,Moves,,Body Slam,9.302
2015-12_gen3ou-0.json,Chansey,Moves,,Earthquake,9.302
2015-12_gen3ou-0.json,Chansey,Moves,,Blizzard,6.977
2015-12_gen3ou-0.json,Chansey,Moves,,Substitute,6.977
2015-12_gen3ou-0.json,Chansey,Moves,,Psychic,6.977
2015-12_gen3ou-0.json,Chansey,Moves,,Sing,6.977
2015-12_gen3ou-0.json,Chansey,Moves,,Counter,6.977
2015-12_gen3ou-0.json,Chansey,Moves,,Hidden Power Dragon,4.651
2015-12_gen3ou-0.json,Chansey,Moves,,Facade,4.651
2015-12_gen3ou-0.json,Chansey,Moves,,Light Screen,4.651
2015-12_gen3ou-0.json,Chansey,Moves,,Brick Break,4.651
2015-12_gen3ou-0.json,Chansey,Moves,,Sweet Kiss,2.326
2015-12_gen3ou-0.json,Chansey,Moves,,Other,18.605
2015-12_gen3ou-0.json,Shuckle,Stats,Raw count,,43
2015-12_gen3ou-0.json,Shuckle,Stats,Avg. weight,,1.0
2015-12_gen3ou-0.json,Shuckle,Stats,Viability Ceiling,,54
2015-12_gen3ou-0.json,Shuckle,Stats,Careful,,6.977
2015-12_gen3ou-0.json,Shuckle,Stats,Bold,,11.628
2015-12_gen3ou-0.json,Shuckle,Stats,Impish,,9.302
2015-12_gen3ou-0.json,Shuckle,Stats,Hardy,,6.977
2015-12_gen3ou-0.json,Shuckle,Abilities,,Sturdy,100.0
2015-12_gen3ou-0.json,Shuckle,Items,,Leftovers,86.047
2015-12_gen3ou-0.json,Shuckle,Items,,Lax Incense,6.977
2015-12_gen3ou-0.json,Shuckle,Items,,Mental Herb,2.326
2015-12_gen3ou-0.json,Shuckle,Items,,Other,4.651
2015-12_gen3ou-0.json,Shuckle,Spreads,,Other,39.535
2015-12_gen3ou-0.json,Shuckle,Moves,,Toxic,95.349
2015-12_gen3ou-0.json,Shuckle,Moves,,Protect,55.814
2015-12_gen3ou-0.json,Shuckle,Moves,,Rest,53.488
2015-12_gen3ou-0.json,Shuckle,Moves,,Wrap,41.86
2015-12_gen3ou-0.json,Shuckle,Moves,,Encore,32.558
2015-12_gen3ou-0.json,Shuckle,Moves,,Rollout,18.605
2015-12_gen3ou-0.json,Shuckle,Moves,,Defense Curl,18.605
2015-12_gen3ou-0.json,Shuckle,Moves,,Substitute,13.953
2015-12_gen3ou-0.json,Shuckle,Moves,,Sandstorm,11.628
2015-12_gen3ou-0.json,Shuckle,Moves,,Earthquake,11.628
2015-12_gen3ou-0.json,Shuckle,Moves,,Sleep Talk,9.302
2015-12_gen3ou-0.json,Shuckle,Moves,,Rock Slide,6.977
2015-12_gen3ou-0.json,Shuckle,Moves,,Body Slam,6.977
2015-12_gen3ou-0.json,Shuckle,Moves,,Safeguard,6.977
2015-12_gen3ou-0.json,Shuckle,Moves,,Other,16.279
2015-12_gen3ou-0.json,Linoone,Stats,Raw count,,42
2015-12_gen3ou-0.json,Linoone,Stats,Avg. weight,,1.0
2015-12_gen3ou-0.json,Linoone,Stats,Viability Ceiling,,64
2015-12_gen3ou-0.json,Linoone,Stats,Adamant,,4.762
2015-12_gen3ou-0.json,Linoone,Stats,Jolly,,4.762
2015-12_gen3ou-0.json,Linoone,Stats,Hardy,,7.143
2015-12_gen3ou-0.json,Linoone,Abilities,,Pickup,100.0
2015-12_gen3ou-0.json,Linoone,Items,,Leftovers,73.81
2015-12_gen3ou-0.json,Linoone,Items,,Sitrus Berry,26.19
2015-12_gen3ou-0.json,Linoone,Spreads,,Other,2.381
2015-12_gen3ou-0.json,Linoone,Moves,,Extreme Speed,100.0
2015-12_gen3ou-0.json,Linoone,Moves,,Belly Drum,100.0
2015-12_gen3ou-0.json,Linoone,Moves,,Shadow Ball,78.571
2015-12_gen3ou-0.json,Linoone,Moves,,Hidden Power Fighting,71.429
2015-12_gen3ou-0.json,Linoone,Moves,,Pin Missile,9.524
2015-12_gen3ou-0.json,Linoone,Moves,,Return,9.524
2015-12_gen3ou-0.json,Linoone,Moves,,Dig,9.524
2015-12_gen3ou-0.json,Linoone,Moves,,Slash,7.143
2015-12_gen3ou-0.json,Linoone,Moves,,Other,14.286
2015-12_gen3ou-0.json,Swellow,Stats,Raw count,,44
2015-12_gen3ou-0.json,Swellow,Stats,Avg. weight,,1.0
2015-12_gen3ou-0.json,Swellow,Stats,Viability Ceiling,,68
2015-12_gen3ou-0.json,Swellow,Stats,Jolly,,9.091
2015-12_gen3ou-0.json,Swellow,Stats,Adamant,,11.364
2015-12_gen3ou-0.json,Swellow,Stats,Naive,,11.364
2015-12_gen3ou-0.json,Swellow,Stats,Hardy,,11.364
2015-12_gen3ou-0.json,Swellow,Abilities,,Guts,100.0
2015-12_gen3ou-0.json,Swellow,Items,,Choice Band,65.909
2015-12_gen3ou-0.json,Swellow,Items,,Sharp Beak,13.636
2015-12_gen3ou-0.json,Swellow,Items,,Leftovers,6.818
2015-12_gen3ou-0.json,Swellow,Items,,Quick Claw,4.545
2015-12_gen3ou-0.json,Swellow,Items,,Nothing,4.545
2015-12_gen3ou-0.json,Swellow,Items,,Other,4.545
2015-12_gen3ou-0.json,Swellow,Spreads,,Other,13.636
2015-12_gen3ou-0.json,Swellow,Moves,,Aerial Ace,81.818
2015-12_gen3ou-0.json,Swellow,Moves,,Facade,56.818
2015-12_gen3ou-0.json,Swellow,Moves,,Return,50.0
2015-12_gen3ou-0.json,Swellow,Moves,,Sleep Talk,38.636
2015-12_gen3ou-0.json,Swellow,Moves,,Steel Wing,36.364
2015-12_gen3ou-0.json,Swellow,Moves,,Pursuit,22.727
2015-12_gen3ou-0.json,Swellow,Moves,,Quick Attack,22.727
2015-12_gen3ou-0.json,Swellow,Moves,,Hidden Power Fighting,20.455
2015-12_gen3ou-0.json,Swellow,Moves,,Sky Attack,18.182
2015-12_gen3ou-0.json,Swellow,Moves,,Hidden Power Steel,11.364
2015-12_gen3ou-0.json,Swellow,Moves,,Fly,9.091
2015-12_gen3ou-0.json,Swellow,Moves,,Baton Pass,6.818
2015-12_gen3ou-0.json,Swellow,Moves,,Agility,4.545
2015-12_gen3ou-0.json,Swellow,Moves,,Wing Attack,4.545
2015-12_gen3ou-0.json,Swellow,Moves,,Other,15.909
2015-12_gen3ou-0.json,Feraligatr,Stats,Raw count,,40
2015-12_gen3ou-0.json,Feraligatr,Stats,Avg. weight,,1.0
2015-12_gen3ou-0.json,Feraligatr,Stats,Viability Ceiling,,55
2015-12_gen3ou-0.json,Feraligatr,Stats,Hardy,,5.000
2015-12_gen3ou-0.json,Feraligatr,Stats,Adamant,,7.500
2015-12_gen3ou-0.json,Feraligatr,Abilities,,Torrent,100.0
2015-12_gen3ou-0.json,Feraligatr,Items,,Leftovers,90.0
2015-12_gen3ou-0.json,Feraligatr,Items,,Chesto Berry,5.0
2015-12_gen3ou-0.json,Feraligatr,Items,,Other,5.0
2015-12_gen3ou-0.json,Feraligatr,Spreads,,Other,15.0
2015-12_gen3ou-0.json,Feraligatr,Moves,,Swords Dance,82.5
2015-12_gen3ou-0.json,Feraligatr,Moves,,Earthquake,80.0
2015-12_gen3ou-0.json,Feraligatr,Moves,,Hydro Pump,72.5
2015-12_gen3ou-0.json,Feraligatr,Moves,,Hidden Power Flying,57.5
2015-12_gen3ou-0.json,Feraligatr,Moves,,Brick Break,27.5
2015-12_gen3ou-0.json,Feraligatr,Moves,,Facade,20.0
2015-12_gen3ou-0.json,Feraligatr,Moves,,Crunch,7.5
2015-12_gen3ou-0.json,Feraligatr,Moves,,Ice Punch,7.5
2015-12_gen3ou-0.json,Feraligatr,Moves,,Ice Beam,7.5
2015-12_gen3ou-0.json,Feraligatr,Moves,,Waterfall,5.0
2015-12_gen3ou-0.json,Feraligatr,Moves,,Rest,5.0
2015-12_gen3ou-0.json,Feraligatr,Moves,,Toxic,5.0
2015-12_gen3ou-0.json,Feraligatr,Moves,,Sleep Talk,5.0
2015-12_gen3ou-0.json,Feraligatr,Moves,,Other,17.5
2015-12_gen3ou-0.json,Gligar,Stats,Raw count,,38
2015-12_gen3ou-0.json,Gligar,Stats,Avg. weight,,1.0
2015-12_gen3ou-0.json,Gligar,Stats,Viability Ceiling,,55
2015-12_gen3ou-0.json,Gligar,Stats,Adamant,,7.895
2015-12_gen3ou-0.json,Gligar,Stats,Hardy,,2.632
2015-12_gen3ou-0.json,Gligar,Abilities,,Hyper Cutter,94.737
2015-12_gen3ou-0.json,Gligar,Abilities,,Sand Veil,5.263
2015-12_gen3ou-0.json,Gligar,Items,,Choice Band,60.526
2015-12_gen3ou-0.json,Gligar,Items,,Leftovers,23.684
2015-12_gen3ou-0.json,Gligar,Items,,Salac Berry,13.158
2015-12_gen3ou-0.json,Gligar,Items,,Other,2.632
2015-12_gen3ou-0.json,Gligar,Spreads,,Other,7.895
2015-12_gen3ou-0.json,Gligar,Moves,,Earthquake,100.0
2015-12_gen3ou-0.json,Gligar,Moves,,Iron Tail,73.684
2015-12_gen3ou-0.json,Gligar,Moves,,Hidden Power Flying,55.263
2015-12_gen3ou-0.json,Gligar,Moves,,Quick Attack,52.632
2015-12_gen3ou-0.json,Gligar,Moves,,Aerial Ace,31.579
2015-12_gen3ou-0.json,Gligar,Moves,,Swords Dance,23.684
2015-12_gen3ou-0.json,Gligar,Moves,,Hidden Power Rock,21.053
2015-12_gen3ou-0.json,Gligar,Moves,,Endure,13.158
2015-12_gen3ou-0.json,Gligar,Moves,,Sludge Bomb,7.895
2015-12_gen3ou-0.json,Gligar,Moves,,Rock Slide,7.895
2015-12_gen3ou-0.json,Gligar,Moves,,Other,13.158
2015-12_gen3ou-0.json,Camerupt,Stats,Raw count,,37
2015-12_gen3ou-0.json,Camerupt,Stats,Avg. weight,,1.0
2015-12_gen3ou-0.json,Camerupt,Stats,Viability Ceiling,,69
2015-12_gen3ou-0.json,Camerupt,Stats,Gentle,,32.432
2015-12_gen3ou-0.json,Camerupt,Stats,Brave,,5.405
2015-12_gen3ou-0.json,Camerupt,Stats,Hardy,,5.405
2015-12_gen3ou-0.json,Camerupt,Stats,Mild,,5.405
2015-12_gen3ou-0.json,Camerupt,Abilities,,Magma Armor,100.0
2015-12_gen3ou-0.json,Camerupt,Items,,Leftovers,62.162
2015-12_gen3ou-0.json,Camerupt,Items,,Choice Band,16.216
2015-12_gen3ou-0.json,Camerupt,Items,,Charcoal,13.514
2015-12_gen3ou-0.json,Camerupt,Items,,Soft Sand,5.405
2015-12_gen3ou-0.json,Camerupt,Items,,Other,2.703
2015-12_gen3ou-0.json,Camerupt,Spreads,,Other,24.324
2015-12_gen3ou-0.json,Camerupt,Moves,,Earthquake,91.892
2015-12_gen3ou-0.json,Camerupt,Moves,,Flamethrower,43.243
2015-12_gen3ou-0.json,Camerupt,Moves,,Rest,40.541
2015-12_gen3ou-0.json,Camerupt,Moves,,Sleep Talk,40.541
2015-12_gen3ou-0.json,Camerupt,Moves,,Explosion,29.73
2015-12_gen3ou-0.json,Camerupt,Moves,,Fire Blast,29.73
2015-12_gen3ou-0.json,Camerupt,Moves,,Overheat,24.324
2015-12_gen3ou-0.json,Camerupt,Moves,,Hidden Power Ice,16.216
2015-12_gen3ou-0.json,Camerupt,Moves,,Eruption,16.216
2015-12_gen3ou-0.json,Camerupt,Moves,,Toxic,16.216
2015-12_gen3ou-0.json,Camerupt,Moves,,Sunny Day,10.811
2015-12_gen3ou-0.json,Camerupt,Moves,,Body Slam,8.108
2015-12_gen3ou-0.json,Camerupt,Moves,,Rock Slide,5.405
2015-12_gen3ou-0.json,Camerupt,Moves,,Take Down,5.405
2015-12_gen3ou-0.json,Camerupt,Moves,,Facade,5.405
2015-12_gen3ou-0.json,Camerupt,Moves,,Other,16.216
2015-12_gen3ou-0.json,Electabuzz,Stats,Raw count,,36
2015-12_gen3ou-0.json,Electabuzz,Stats,Avg. weight,,1.0
2015-12_gen3ou-0.json,Electabuzz,Stats,Viability Ceiling,,63
2015-12_gen3ou-0.json,Electabuzz,Stats,Modest,,8.333
2015-12_gen3ou-0.json,Electabuzz,Stats,Timid,,8.333
2015-12_gen3ou-0.json,Electabuzz,Stats,Hasty,,5.556
2015-12_gen3ou-0.json,Electabuzz,Abilities,,Static,100.0
2015-12_gen3ou-0.json,Electabuzz,Items,,Leftovers,77.778
2015-12_gen3ou-0.json,Electabuzz,Items,,Nothing,16.667
2015-12_gen3ou-0.json,Electabuzz,Items,,Focus Band,2.778
2015-12_gen3ou-0.json,Electabuzz,Items,,Other,2.778
2015-12_gen3ou-0.json,Electabuzz,Spreads,,Other,22.222
2015-12_gen3ou-0.json,Electabuzz,Moves,,Thunderbolt,77.778
2015-12_gen3ou-0.json,Electabuzz,Moves,,Cross Chop,47.222
2015-12_gen3ou-0.json,Electabuzz,Moves,,Ice Punch,41.667
2015-12_gen3ou-0.json,Electabuzz,Moves,,Thunder Wave,36.111
2015-12_gen3ou-0.json,Electabuzz,Moves,,Hidden Power Grass,33.333
2015-12_gen3ou-0.json,Electabuzz,Moves,,Light Screen,33.333
2015-12_gen3ou-0.json,Electabuzz,Moves,,Toxic,25.0
2015-12_gen3ou-0.json,Electabuzz,Moves,,Thunder,19.444
2015-12_gen3ou-0.json,Electabuzz,Moves,,Counter,16.667
2015-12_gen3ou-0.json,Electabuzz,Moves,,Fire Punch,13.889
2015-12_gen3ou-0.json,Electabuzz,Moves,,Protect,11.111
2015-12_gen3ou-0.json,Electabuzz,Moves,,Hidden Power Water,11.111
2015-12_gen3ou-0.json,Electabuzz,Moves,,Substitute,11.111
2015-12_gen3ou-0.json,Electabuzz,Moves,,Thunder Punch,8.333
2015-12_gen3ou-0.json,Electabuzz,Moves,,Other,13.889
2015-12_gen3ou-0.json,Ninetales,Stats,Raw count,,36
2015-12_gen3ou-0.json,Ninetales,Stats,Avg. weight,,1.0
2015-12_gen3ou-0.json,Ninetales,Stats,Viability Ceiling,,52
2015-12_gen3ou-0.json,Ninetales,Stats,Calm,,11.111
2015-12_gen3ou-0.json,Ninetales,Stats,Timid,,5.556
2015-12_gen3ou-0.json,Ninetales,Stats,Modest,,11.111
2015-12_gen3ou-0.json,Ninetales,Stats,Bold,,5.556
2015-12_gen3ou-0.json,Ninetales,Abilities,,Flash Fire,100.0
2015-12_gen3ou-0.json,Ninetales,Items,,Leftovers,75.0
2015-12_gen3ou-0.json,Ninetales,Items,,Charcoal,25.0
2015-12_gen3ou-0.json,Ninetales,Spreads,,Other,22.222
2015-12_gen3ou-0.json,Ninetales,Moves,,Will-O-Wisp,72.222
2015-12_gen3ou-0.json,Ninetales,Moves,,Confuse Ray,55.556
2015-12_gen3ou-0.json,Ninetales,Moves,,Fire Blast,47.222
2015-12_gen3ou-0.json,Ninetales,Moves,,Flamethrower,38.889
2015-12_gen3ou-0.json,Ninetales,Moves,,Roar,25.0
2015-12_gen3ou-0.json,Ninetales,Moves,,Toxic,25.0
2015-12_gen3ou-0.json,Ninetales,Moves,,Fire Spin,22.222
2015-12_gen3ou-0.json,Ninetales,Moves,,Grudge,16.667
2015-12_gen3ou-0.json,Ninetales,Moves,,Overheat,13.889
2015-12_gen3ou-0.json,Ninetales,Moves,,Hidden Power Grass,13.889
2015-12_gen3ou-0.json,Ninetales,Moves,,Protect,13.889
2015-12_gen3ou-0.json,Ninetales,Moves,,Substitute,11.111
2015-12_gen3ou-0.json,Ninetales,Moves,,Sunny Day,8.333
2015-12_gen3ou-0.json,Ninetales,Moves,,Hidden Power Ice,8.333
2015-12_gen3ou-0.json,Ninetales,Moves,,Heat Wave,8.333
2015-12_gen3ou-0.json,Ninetales,Moves,,Other,19.444
2015-12_gen3ou-0.json,Lanturn,Stats,Raw count,,35
2015-12_gen3ou-0.json,Lanturn,Stats,Avg. weight,,1.0
2015-12_gen3ou-0.json,Lanturn,Stats,Viability Ceiling,,56
2015-12_gen3ou-0.json,Lanturn,Stats,Calm,,22.857
2015-12_gen3ou-0.json,Lanturn,Stats,Modest,,5.714
2015-12_gen3ou-0.json,Lanturn,Stats,Hardy,,5.714
2015-12_gen3ou-0.json,Lanturn,Abilities,,Volt Absorb,100.0
2015-12_gen3ou-0.json,Lanturn,Items,,Leftovers,100.0
2015-12_gen3ou-0.json,Lanturn,Spreads,,Other,14.286
2015-12_gen3ou-0.json,Lanturn,Moves,,Thunderbolt,97.143
2015-12_gen3ou-0.json,Lanturn,Moves,,Thunder Wave,80.0
2015-12_gen3ou-0.json,Lanturn,Moves,,Surf,71.429
2015-12_gen3ou-0.json,Lanturn,Moves,,Ice Beam,65.714
2015-12_gen3ou-0.json,Lanturn,Moves,,Rest,25.714
2015-12_gen3ou-0.json,Lanturn,Moves,,Confuse Ray,22.857
2015-12_gen3ou-0.json,Lanturn,Moves,,Amnesia,11.429
2015-12_gen3ou-0.json,Lanturn,Moves,,Hydro Pump,11.429
2015-12_gen3ou-0.json,Lanturn,Moves,,Other,14.286
2015-12_gen3ou-0.json,Hitmonlee,Stats,Raw count,,33
2015-12_gen3ou-0.json,Hitmonlee,Stats,Avg. weight,,1.0
2015-12_gen3ou-0.json,Hitmonlee,Stats,Viability Ceiling,,57
2015-12_gen3ou-0.json,Hitmonlee,Stats,Naughty,,21.212
2015-12_gen3ou-0.json,Hitmonlee,Stats,Adamant,,15.152
2015-12_gen3ou-0.json,Hitmonlee,Stats,Hardy,,15.152
2015-12_gen3ou-0.json,Hitmonlee,Stats,Jolly,,9.091
2015-12_gen3ou-0.json,Hitmonlee,Abilities,,Limber,100.0
2015-12_gen3ou-0.json,Hitmonlee,Items,,Choice Band,54.545
2015-12_gen3ou-0.json,Hitmonlee,Items,,Black Belt,27.273
2015-12_gen3ou-0.json,Hitmonlee,Items,,Liechi Berry,9.091
2015-12_gen3ou-0.json,Hitmonlee,Items,,Leftovers,3.03
2015-12_gen3ou-0.json,Hitmonlee,Items,,Quick Claw,3.03
2015-12_gen3ou-0.json,Hitmonlee,Items,,Other,3.03
2015-12_gen3ou-0.json,Hitmonlee,Spreads,,Other,18.182
2015-12_gen3ou-0.json,Hitmonlee,Moves,,Nothing,45.455
2015-12_gen3ou-0.json,Hitmonlee,Moves,,Rock Slide,42.424
2015-12_gen3ou-0.json,Hitmonlee,Moves,,Mach Punch,42.424
2015-12_gen3ou-0.json,Hitmonlee,Moves,,High Jump Kick,42.424
2015-12_gen3ou-0.json,Hitmonlee,Moves,,Brick Break,33.333
2015-12_gen3ou-0.json,Hitmonlee,Moves,,Hidden Power Ghost,27.273
2015-12_gen3ou-0.json,Hitmonlee,Moves,,Earthquake,27.273
2015-12_gen3ou-0.json,Hitmonlee,Moves,,Dynamic Punch,24.242
2015-12_gen3ou-0.json,Hitmonlee,Moves,,Mega Kick,24.242
2015-12_gen3ou-0.json,Hitmonlee,Moves,,Focus Punch,21.212
2015-12_gen3ou-0.json,Hitmonlee,Moves,,Metronome,15.152
2015-12_gen3ou-0.json,Hitmonlee,Moves,,Bulk Up,15.152
2015-12_gen3ou-0.json,Hitmonlee,Moves,,Substitute,9.091
2015-12_gen3ou-0.json,Hitmonlee,Moves,,Reversal,9.091
2015-12_gen3ou-0.json,Hitmonlee,Moves,,Seismic Toss,6.061
2015-12_gen3ou-0.json,Hitmonlee,Moves,,Other,15.152
2015-12_gen3ou-0.json,Altaria,Stats,Raw count,,31
2015-12_gen3ou-0.json,Altaria,Stats,Avg. weight,,1.0
2015-12_gen3ou-0.json,Altaria,Stats,Viability Ceiling,,63
2015-12_gen3ou-0.json,Altaria,Stats,Bold,,41.935
2015-12_gen3ou-0.json,Altaria,Stats,Adamant,,22.581
2015-12_gen3ou-0.json,Altaria,Stats,Hardy,,3.226
2015-12_gen3ou-0.json,Altaria,Stats,Mild,,6.452
2015-12_gen3ou-0.json,Altaria,Stats,Lonely,,3.226
2015-12_gen3ou-0.json,Altaria,Abilities,,Natural Cure,100.0
2015-12_gen3ou-0.json,Altaria,Items,,Leftovers,64.516
2015-12_gen3ou-0.json,Altaria,Items,,Lum Berry,12.903
2015-12_gen3ou-0.json,Altaria,Items,,Dragon Fang,9.677
2015-12_gen3ou-0.json,Altaria,Items,,Nothing,6.452
2015-12_gen3ou-0.json,Altaria,Items,,Fast Ball,6.452
2015-12_gen3ou-0.json,Altaria,Spreads,,Other,3.226
2015-12_gen3ou-0.json,Altaria,Moves,,Rest,64.516
2015-12_gen3ou-0.json,Altaria,Moves,,Earthquake,54.839
2015-12_gen3ou-0.json,Altaria,Moves,,Dragon Dance,48.387
2015-12_gen3ou-0.json,Altaria,Moves,,Flamethrower,48.387
2015-12_gen3ou-0.json,Altaria,Moves,,Roar,41.935
2015-12_gen3ou-0.json,Altaria,Moves,,Toxic,41.935
2015-12_gen3ou-0.json,Altaria,Moves,,Dragon Claw,29.032
2015-12_gen3ou-0.json,Altaria,Moves,,Aerial Ace,19.355
2015-12_gen3ou-0.json,Altaria,Moves,,Sky Attack,16.129
2015-12_gen3ou-0.json,Altaria,Moves,,Heal Bell,12.903
2015-12_gen3ou-0.json,Altaria,Moves,,Fly,9.677
2015-12_gen3ou-0.json,Altaria,Moves,,Other,12.903
2015-12_gen3ou-0.json,Togetic,Stats,Raw count,,30
2015-12_gen3ou-0.json,Togetic,Stats,Avg. weight,,1.0
2015-12_gen3ou-0.json,Togetic,Stats,Viability Ceiling,,55
2015-12_gen3ou-0.json,Togetic,Stats,Modest,,20.000
2015-12_gen3ou-0.json,Togetic,Stats,Hardy,,16.667
2015-12_gen3ou-0.json,Togetic,Abilities,,Serene Grace,96.667
2015-12_gen3ou-0.json,Togetic,Abilities,,Hustle,3.333
2015-12_gen3ou-0.json,Togetic,Items,,Charcoal,73.333
2015-12_gen3ou-0.json,Togetic,Items,,Leftovers,26.667
2015-12_gen3ou-0.json,Togetic,Spreads,,Other,3.333
2015-12_gen3ou-0.json,Togetic,Moves,,Magical Leaf,83.333
2015-12_gen3ou-0.json,Togetic,Moves,,Fire Blast,80.0
2015-12_gen3ou-0.json,Togetic,Moves,,Encore,80.0
2015-12_gen3ou-0.json,Togetic,Moves,,Water Pulse,60.0
2015-12_gen3ou-0.json,Togetic,Moves,,Psychic,20.0
2015-12_gen3ou-0.json,Togetic,Moves,,Protect,16.667
2015-12_gen3ou-0.json,Togetic,Moves,,Ancient Power,16.667
2015-12_gen3ou-0.json,Togetic,Moves,,Wish,16.667
2015-12_gen3ou-0.json,Togetic,Moves,,Metronome,16.667
2015-12_gen3ou-0.json,Togetic,Moves,,Other,10.0
2015-12_gen3ou-0.json,Magmar,Stats,Raw count,,29
2015-12_gen3ou-0.json,Magmar,Stats,Avg. weight,,1.0
2015-12_gen3ou-0.json,Magmar,Stats,Viability Ceiling,,60
2015-12_gen3ou-0.json,Magmar,Stats,Mild,,13.793
2015-12_gen3ou-0.json,Magmar,Abilities,,Flame Body,100.0
2015-12_gen3ou-0.json,Magmar,Items,,Leftovers,100.0
2015-12_gen3ou-0.json,Magmar,Moves,,Psychic,100.0
2015-12_gen3ou-0.json,Magmar,Moves,,Cross Chop,100.0
2015-12_gen3ou-0.json,Magmar,Moves,,Hidden Power Grass,86.207
2015-12_gen3ou-0.json,Magmar,Moves,,Fire Blast,86.207
2015-12_gen3ou-0.json,Magmar,Moves,,Thunder Punch,13.793
2015-12_gen3ou-0.json,Magmar,Moves,,Other,13.793
2015-12_gen3ou-0.json,Rapidash,Stats,Raw count,,24
2015-12_gen3ou-0.json,Rapidash,Stats,Avg. weight,,1.0
2015-12_gen3ou-0.json,Rapidash,Stats,Viability Ceiling,,53
2015-12_gen3ou-0.json,Rapidash,Stats,Timid,,66.667
2015-12_gen3ou-0.json,Rapidash,Stats,Hasty,,12.500
2015-12_gen3ou-0.json,Rapidash,Stats,Modest,,8.333
2015-12_gen3ou-0.json,Rapidash,Stats,Hardy,,4.167
2015-12_gen3ou-0.json,Rapidash,Abilities,,Flash Fire,100.0
2015-12_gen3ou-0.json,Rapidash,Items,,Leftovers,91.667
2015-12_gen3ou-0.json,Rapidash,Items,,Nothing,4.167
2015-12_gen3ou-0.json,Rapidash,Items,,Other,4.167
2015-12_gen3ou-0.json,Rapidash,Spreads,,Other,4.167
2015-12_gen3ou-0.json,Rapidash,Moves,,Fire Blast,87.5
2015-12_gen3ou-0.json,Rapidash,Moves,,Substitute,75.0
2015-12_gen3ou-0.json,Rapidash,Moves,,Hidden Power Ice,66.667
2015-12_gen3ou-0.json,Rapidash,Moves,,Protect,50.0
2015-12_gen3ou-0.json,Rapidash,Moves,,Baton Pass,25.0
2015-12_gen3ou-0.json,Rapidash,Moves,,Return,12.5
2015-12_gen3ou-0.json,Rapidash,Moves,,Bounce,12.5
2015-12_gen3ou-0.json,Rapidash,Moves,,Hypnosis,12.5
2015-12_gen3ou-0.json,Rapidash,Moves,,Sunny Day,8.333
2015-12_gen3ou-0.json,Rapidash,Moves,,Iron Tail,8.333
2015-12_gen3ou-0.json,Rapidash,Moves,,Solar Beam,8.333
2015-12_gen3ou-0.json,Rapidash,Moves,,Flamethrower,8.333
2015-12_gen3ou-0.json,Rapidash,Moves,,Double Kick,8.333
2015-12_gen3ou-0.json,Rapidash,Moves,,Other,16.667
2015-12_gen3ou-0.json,Jynx,Stats,Raw count,,25
2015-12_gen3ou-0.json,Jynx,Stats,Avg. weight,,1.0
2015-12_gen3ou-0.json,Jynx,Stats,Viability Ceiling,,77
2015-12_gen3ou-0.json,Jynx,Stats,Timid,,40.000
2015-12_gen3ou-0.json,Jynx,Stats,Jolly,,8.000
2015-12_gen3ou-0.json,Jynx,Stats,Modest,,4.000
2015-12_gen3ou-0.json,Jynx,Stats,Hardy,,4.000
2015-12_gen3ou-0.json,Jynx,Abilities,,Oblivious,100.0
2015-12_gen3ou-0.json,Jynx,Items,,Leftovers,84.0
2015-12_gen3ou-0.json,Jynx,Items,,Nothing,8.0
2015-12_gen3ou-0.json,Jynx,Items,,Choice Band,4.0
2015-12_gen3ou-0.json,Jynx,Items,,Other,4.0
2015-12_gen3ou-0.json,Jynx,Spreads,,Other,4.0
2015-12_gen3ou-0.json,Jynx,Moves,,Lovely Kiss,96.0
2015-12_gen3ou-0.json,Jynx,Moves,,Calm Mind,88.0
2015-12_gen3ou-0.json,Jynx,Moves,,Ice Beam,88.0
2015-12_gen3ou-0.json,Jynx,Moves,,Substitute,48.0
2015-12_gen3ou-0.json,Jynx,Moves,,Mean Look,32.0
2015-12_gen3ou-0.json,Jynx,Moves,,Psychic,12.0
2015-12_gen3ou-0.json,Jynx,Moves,,Double Slap,8.0
2015-12_gen3ou-0.json,Jynx,Moves,,Ice Punch,8.0
2015-12_gen3ou-0.json,Jynx,Moves,,Attract,8.0
2015-12_gen3ou-0.json,Jynx,Moves,,Other,12.0
2015-12_gen3ou-0.json,Girafarig,Stats,Raw count,,24
2015-12_gen3ou-0.json,Girafarig,Stats,Avg. weight,,1.0
2015-12_gen3ou-0.json,Girafarig,Stats,Viability Ceiling,,63
2015-12_gen3ou-0.json,Girafarig,Stats,Bold,,20.833
2015-12_gen3ou-0.json,Girafarig,Stats,Modest,,8.333
2015-12_gen3ou-0.json,Girafarig,Stats,Calm,,8.333
2015-12_gen3ou-0.json,Girafarig,Abilities,,Early Bird,91.667
2015-12_gen3ou-0.json,Girafarig,Abilities,,Inner Focus,8.333
2015-12_gen3ou-0.json,Girafarig,Items,,Leftovers,100.0
2015-12_gen3ou-0.json,Girafarig,Spreads,,Other,4.167
2015-12_gen3ou-0.json,Girafarig,Moves,,Baton Pass,100.0
2015-12_gen3ou-0.json,Girafarig,Moves,,Agility,87.5
2015-12_gen3ou-0.json,Girafarig,Moves,,Substitute,83.333
2015-12_gen3ou-0.json,Girafarig,Moves,,Light Screen,66.667
2015-12_gen3ou-0.json,Girafarig,Moves,,Reflect,20.833
2015-12_gen3ou-0.json,Girafarig,Moves,,Calm Mind,16.667
2015-12_gen3ou-0.json,Girafarig,Moves,,Psychic,16.667
2015-12_gen3ou-0.json,Girafarig,Moves,,Other,8.333
2015-12_gen3ou-0.json,Kecleon,Stats,Raw count,,25
2015-12_gen3ou-0.json,Kecleon,Stats,Avg. weight,,1.0
2015-12_gen3ou-0.json,Kecleon,Stats,Viability Ceiling,,55
2015-12_gen3ou-0.json,Kecleon,Stats,Careful,,64.000
2015-12_gen3ou-0.json,Kecleon,Stats,Hardy,,8.000
2015-12_gen3ou-0.json,Kecleon,Stats,Sassy,,4.000
2015-12_gen3ou-0.json,Kecleon,Abilities,,Color Change,100.0
2015-12_gen3ou-0.json,Kecleon,Items,,Leftovers,100.0
2015-12_gen3ou-0.json,Kecleon,Spreads,,Other,4.0
2015-12_gen3ou-0.json,Kecleon,Moves,,Shadow Ball,68.0
2015-12_gen3ou-0.json,Kecleon,Moves,,Rest,64.0
2015-12_gen3ou-0.json,Kecleon,Moves,,Sleep Talk,64.0
2015-12_gen3ou-0.json,Kecleon,Moves,,Body Slam,64.0
2015-12_gen3ou-0.json,Kecleon,Moves,,Nothing,60.0
2015-12_gen3ou-0.json,Kecleon,Moves,,Metronome,20.0
2015-12_gen3ou-0.json,Kecleon,Moves,,Toxic,12.0
2015-12_gen3ou-0.json,Kecleon,Moves,,Protect,8.0
2015-12_gen3ou-0.json,Kecleon,Moves,,Return,8.0
2015-12_gen3ou-0.json,Kecleon,Moves,,Thunder,8.0
2015-12_gen3ou-0.json,Kecleon,Moves,,Screech,8.0
2015-12_gen3ou-0.json,Kecleon,Moves,,Other,16.0
2015-12_gen3ou-0.json,Torkoal,Stats,Raw count,,25
2015-12_gen3ou-0.json,Torkoal,Stats,Avg. weight,,1.0
2015-12_gen3ou-0.json,Torkoal,Stats,Viability Ceiling,,51
2015-12_gen3ou-0.json,Torkoal,Stats,Hardy,,56.000
2015-12_gen3ou-0.json,Torkoal,Stats,Relaxed,,24.000
2015-12_gen3ou-0.json,Torkoal,Stats,Rash,,4.000
2015-12_gen3ou-0.json,Torkoal,Stats,Modest,,4.000
2015-12_gen3ou-0.json,Torkoal,Abilities,,White Smoke,100.0
2015-12_gen3ou-0.json,Torkoal,Items,,Leftovers,88.0
2015-12_gen3ou-0.json,Torkoal,Items,,Charcoal,8.0
2015-12_gen3ou-0.json,Torkoal,Items,,Other,4.0
2015-12_gen3ou-0.json,Torkoal,Spreads,,Other,4.0
2015-12_gen3ou-0.json,Torkoal,Moves,,Body Slam,84.0
2015-12_gen3ou-0.json,Torkoal,Moves,,Overheat,68.0
2015-12_gen3ou-0.json,Torkoal,Moves,,Heat Wave,60.0
2015-12_gen3ou-0.json,Torkoal,Moves,,Sunny Day,56.0
2015-12_gen3ou-0.json,Torkoal,Moves,,Flamethrower,36.0
2015-12_gen3ou-0.json,Torkoal,Moves,,Curse,24.0
2015-12_gen3ou-0.json,Torkoal,Moves,,Rest,24.0
2015-12_gen3ou-0.json,Torkoal,Moves,,Sludge Bomb,16.0
2015-12_gen3ou-0.json,Torkoal,Moves,,Rock Slide,12.0
2015-12_gen3ou-0.json,Torkoal,Moves,,Other,20.0
2015-12_gen3ou-0.json,Zangoose,Stats,Raw count,,26
2015-12_gen3ou-0.json,Zangoose,Stats,Avg. weight,,1.0
2015-12_gen3ou-0.json,Zangoose,Stats,Viability Ceiling,,63
2015-12_gen3ou-0.json,Zangoose,Stats,Adamant,,7.692
2015-12_gen3ou-0.json,Zangoose,Stats,Hardy,,19.231
2015-12_gen3ou-0.json,Zangoose,Stats,Careful,,11.538
2015-12_gen3ou-0.json,Zangoose,Stats,Jolly,,11.538
2015-12_gen3ou-0.json,Zangoose,Abilities,,Immunity,100.0
2015-12_gen3ou-0.json,Zangoose,Items,,Leftovers,34.615
2015-12_gen3ou-0.json,Zangoose,Items,,Salac Berry,23.077
2015-12_gen3ou-0.json,Zangoose,Items,,Liechi Berry,19.231
2015-12_gen3ou-0.json,Zangoose,Items,,Quick Claw,11.538
2015-12_gen3ou-0.json,Zangoose,Items,,Lum Berry,3.846
2015-12_gen3ou-0.json,Zangoose,Items,,Silk Scarf,3.846
2015-12_gen3ou-0.json,Zangoose,Items,,Other,3.846
2015-12_gen3ou-0.json,Zangoose,Spreads,,Other,3.846
2015-12_gen3ou-0.json,Zangoose,Moves,,Shadow Ball,92.308
2015-12_gen3ou-0.json,Zangoose,Moves,,Swords Dance,84.615
2015-12_gen3ou-0.json,Zangoose,Moves,,Return,76.923
2015-12_gen3ou-0.json,Zangoose,Moves,,Brick Break,46.154
2015-12_gen3ou-0.json,Zangoose,Moves,,Quick Attack,30.769
2015-12_gen3ou-0.json,Zangoose,Moves,,Double-Edge,15.385
2015-12_gen3ou-0.json,Zangoose,Moves,,Curse,11.538
2015-12_gen3ou-0.json,Zangoose,Moves,,Roar,11.538
2015-12_gen3ou-0.json,Zangoose,Moves,,Thunder Wave,7.692
2015-12_gen3ou-0.json,Zangoose,Moves,,Frustration,3.846
2015-12_gen3ou-0.json,Zangoose,Moves,,Other,19.231
2015-12_gen3ou-0.json,Dodrio,Stats,Raw count,,25
2015-12_gen3ou-0.json,Dodrio,Stats,Avg. weight,,1.0
2015-12_gen3ou-0.json,Dodrio,Stats,Viability Ceiling,,58
2015-12_gen3ou-0.json,Dodrio,Stats,Adamant,,8.000
2015-12_gen3ou-0.json,Dodrio,Stats,Naive,,20.000
2015-12_gen3ou-0.json,Dodrio,Stats,Naughty,,16.000
2015-12_gen3ou-0.json,Dodrio,Stats,Hardy,,8.000
2015-12_gen3ou-0.json,Dodrio,Abilities,,Early Bird,72.0
2015-12_gen3ou-0.json,Dodrio,Abilities,,Run Away,28.0
2015-12_gen3ou-0.json,Dodrio,Items,,Choice Band,28.0
2015-12_gen3ou-0.json,Dodrio,Items,,Liechi Berry,28.0
2015-12_gen3ou-0.json,Dodrio,Items,,Sharp Beak,24.0
2015-12_gen3ou-0.json,Dodrio,Items,,Nothing,12.0
2015-12_gen3ou-0.json,Dodrio,Items,,Leftovers,8.0
2015-12_gen3ou-0.json,Dodrio,Spreads,,Other,20.0
2015-12_gen3ou-0.json,Dodrio,Moves,,Drill Peck,84.0
2015-12_gen3ou-0.json,Dodrio,Moves,,Return,48.0
2015-12_gen3ou-0.json,Dodrio,Moves,,Hidden Power Ground,36.0
2015-12_gen3ou-0.json,Dodrio,Moves,,Quick Attack,36.0
2015-12_gen3ou-0.json,Dodrio,Moves,,Agility,32.0
2015-12_gen3ou-0.json,Dodrio,Moves,,Tri Attack,28.0
2015-12_gen3ou-0.json,Dodrio,Moves,,Flail,16.0
2015-12_gen3ou-0.json,Dodrio,Moves,,Baton Pass,16.0
2015-12_gen3ou-0.json,Dodrio,Moves,,Hidden Power Ghost,16.0
2015-12_gen3ou-0.json,Dodrio,Moves,,Rest,12.0
2015-12_gen3ou-0.json,Dodrio,Moves,,Pursuit,12.0
2015-12_gen3ou-0.json,Dodrio,Moves,,Substitute,8.0
2015-12_gen3ou-0.json,Dodrio,Moves,,Hidden Power Bug,8.0
2015-12_gen3ou-0.json,Dodrio,Moves,,Rage,8.0
2015-12_gen3ou-0.json,Dodrio,Moves,,Sky Attack,8.0
2015-12_gen3ou-0.json,Dodrio,Moves,,Double-Edge,8.0
2015-12_gen3ou-0.json,Dodrio,Moves,,Endure,8.0
2015-12_gen3ou-0.json,Dodrio,Moves,,Other,16.0
2015-12_gen3ou-0.json,Shiftry,Stats,Raw count,,22
2015-12_gen3ou-0.json,Shiftry,Stats,Avg. weight,,1.0
2015-12_gen3ou-0.json,Shiftry,Stats,Viability Ceiling,,63
2015-12_gen3ou-0.json,Shiftry,Stats,Mild,,22.727
2015-12_gen3ou-0.json,Shiftry,Stats,Rash,,9.091
2015-12_gen3ou-0.json,Shiftry,Stats,Lonely,,9.091
2015-12_gen3ou-0.json,Shiftry,Stats,Adamant,,9.091
2015-12_gen3ou-0.json,Shiftry,Stats,Hardy,,9.091
2015-12_gen3ou-0.json,Shiftry,Abilities,,Chlorophyll,81.818
2015-12_gen3ou-0.json,Shiftry,Abilities,,Early Bird,18.182
2015-12_gen3ou-0.json,Shiftry,Items,,Leftovers,54.545
2015-12_gen3ou-0.json,Shiftry,Items,,Charcoal,9.091
2015-12_gen3ou-0.json,Shiftry,Items,,Salac Berry,9.091
2015-12_gen3ou-0.json,Shiftry,Items,,Miracle Seed,9.091
2015-12_gen3ou-0.json,Shiftry,Items,,Choice Band,9.091
2015-12_gen3ou-0.json,Shiftry,Items,,Focus Band,4.545
2015-12_gen3ou-0.json,Shiftry,Items,,Other,4.545
2015-12_gen3ou-0.json,Shiftry,Spreads,,Other,31.818
2015-12_gen3ou-0.json,Shiftry,Moves,,Sunny Day,63.636
2015-12_gen3ou-0.json,Shiftry,Moves,,Solar Beam,59.091
2015-12_gen3ou-0.json,Shiftry,Moves,,Brick Break,54.545
2015-12_gen3ou-0.json,Shiftry,Moves,,Shadow Ball,31.818
2015-12_gen3ou-0.json,Shiftry,Moves,,Explosion,27.273
2015-12_gen3ou-0.json,Shiftry,Moves,,Hidden Power Fire,27.273
2015-12_gen3ou-0.json,Shiftry,Moves,,Fake Out,27.273
2015-12_gen3ou-0.json,Shiftry,Moves,,Hidden Power Ice,22.727
2015-12_gen3ou-0.json,Shiftry,Moves,,Giga Drain,18.182
2015-12_gen3ou-0.json,Shiftry,Moves,,Extrasensory,13.636
2015-12_gen3ou-0.json,Shiftry,Moves,,Feint Attack,13.636
2015-12_gen3ou-0.json,Shiftry,Moves,,Synthesis,13.636
2015-12_gen3ou-0.json,Shiftry,Moves,,Body Slam,9.091
2015-12_gen3ou-0.json,Shiftry,Moves,,Other,18.182
2015-12_gen3ou-0.json,Quagsire,Stats,Raw count,,22
2015-12_gen3ou-0.json,Quagsire,Stats,Avg. weight,,1.0
2015-12_gen3ou-0.json,Quagsire,Stats,Viability Ceiling,,64
2015-12_gen3ou-0.json,Quagsire,Stats,Impish,,18.182
2015-12_gen3ou-0.json,Quagsire,Stats,Careful,,18.182
2015-12_gen3ou-0.json,Quagsire,Stats,Lax,,13.636
2015-12_gen3ou-0.json,Quagsire,Stats,Relaxed,,4.545
2015-12_gen3ou-0.json,Quagsire,Abilities,,Water Absorb,68.182
2015-12_gen3ou-0.json,Quagsire,Abilities,,Damp,31.818
2015-12_gen3ou-0.json,Quagsire,Items,,Leftovers,72.727
2015-12_gen3ou-0.json,Quagsire,Items,,Nothing,22.727
2015-12_gen3ou-0.json,Quagsire,Items,,Other,4.545
2015-12_gen3ou-0.json,Quagsire,Spreads,,Other,13.636
2015-12_gen3ou-0.json,Quagsire,Moves,,Earthquake,81.818
2015-12_gen3ou-0.json,Quagsire,Moves,,Toxic,63.636
2015-12_gen3ou-0.json,Quagsire,Moves,,Surf,45.455
2015-12_gen3ou-0.json,Quagsire,Moves,,Counter,27.273
2015-12_gen3ou-0.json,Quagsire,Moves,,Haze,27.273
2015-12_gen3ou-0.json,Quagsire,Moves,,Protect,22.727
2015-12_gen3ou-0.json,Quagsire,Moves,,Facade,22.727
2015-12_gen3ou-0.json,Quagsire,Moves,,Ice Punch,18.182
2015-12_gen3ou-0.json,Quagsire,Moves,,Rest,18.182
2015-12_gen3ou-0.json,Quagsire,Moves,,Yawn,18.182
2015-12_gen3ou-0.json,Quagsire,Moves,,Mud Shot,13.636
2015-12_gen3ou-0.json,Quagsire,Moves,,Waterfall,9.091
2015-12_gen3ou-0.json,Quagsire,Moves,,Substitute,9.091
2015-12_gen3ou-0.json,Quagsire,Moves,,Blizzard,4.545
2015-12_gen3ou-0.json,Quagsire,Moves,,Other,18.182
2015-12_gen3ou-0.json,Pidgeot,Stats,Raw count,,25
2015-12_gen3ou-0.json,Pidgeot,Stats,Avg. weight,,1.0
2015-12_gen3ou-0.json,Pidgeot,Stats,Viability Ceiling,,56
2015-12_gen3ou-0.json,Pidgeot,Stats,Adamant,,24.000
2015-12_gen3ou-0.json,Pidgeot,Stats,Hardy,,8.000
2015-12_gen3ou-0.json,Pidgeot,Stats,Naive,,20.000
2015-12_gen3ou-0.json,Pidgeot,Stats,Jolly,,4.000
2015-12_gen3ou-0.json,Pidgeot,Abilities,,Keen Eye,100.0
2015-12_gen3ou-0.json,Pidgeot,Items,,Leftovers,52.0
2015-12_gen3ou-0.json,Pidgeot,Items,,Nothing,24.0
2015-12_gen3ou-0.json,Pidgeot,Items,,Choice Band,12.0
2015-12_gen3ou-0.json,Pidgeot,Items,,Sharp Beak,8.0
2015-12_gen3ou-0.json,Pidgeot,Items,,Other,4.0
2015-12_gen3ou-0.json,Pidgeot,Spreads,,Other,12.0
2015-12_gen3ou-0.json,Pidgeot,Moves,,Aerial Ace,64.0
2015-12_gen3ou-0.json,Pidgeot,Moves,,Quick Attack,52.0
2015-12_gen3ou-0.json,Pidgeot,Moves,,Toxic,36.0
2015-12_gen3ou-0.json,Pidgeot,Moves,,Hidden Power Ice,32.0
2015-12_gen3ou-0.json,Pidgeot,Moves,,Steel Wing,32.0
2015-12_gen3ou-0.json,Pidgeot,Moves,,Double-Edge,32.0
2015-12_gen3ou-0.json,Pidgeot,Moves,,Feather Dance,32.0
2015-12_gen3ou-0.json,Pidgeot,Moves,,Wing Attack,24.0
2015-12_gen3ou-0.json,Pidgeot,Moves,,Hyper Beam,20.0
2015-12_gen3ou-0.json,Pidgeot,Moves,,Fly,16.0
2015-12_gen3ou-0.json,Pidgeot,Moves,,Hidden Power Ground,12.0
2015-12_gen3ou-0.json,Pidgeot,Moves,,Return,12.0
2015-12_gen3ou-0.json,Pidgeot,Moves,,Sky Attack,8.0
2015-12_gen3ou-0.json,Pidgeot,Moves,,Mirror Move,8.0
2015-12_gen3ou-0.json,Pidgeot,Moves,,Other,20.0
2015-12_gen3ou-0.json,Kangaskhan,Stats,Raw count,,24
2015-12_gen3ou-0.json,Kangaskhan,Stats,Avg. weight,,1.0
2015-12_gen3ou-0.json,Kangaskhan,Stats,Viability Ceiling,,64
2015-12_gen3ou-0.json,Kangaskhan,Stats,Jolly,,12.500
2015-12_gen3ou-0.json,Kangaskhan,Stats,Adamant,,8.333
2015-12_gen3ou-0.json,Kangaskhan,Abilities,,Early Bird,100.0
2015-12_gen3ou-0.json,Kangaskhan,Items,,Leftovers,50.0
2015-12_gen3ou-0.json,Kangaskhan,Items,,Silk Scarf,16.667
2015-12_gen3ou-0.json,Kangaskhan,Items,,Nothing,12.5
2015-12_gen3ou-0.json,Kangaskhan,Items,,Liechi Berry,12.5
2015-12_gen3ou-0.json,Kangaskhan,Items,,King's Rock,8.333
2015-12_gen3ou-0.json,Kangaskhan,Spreads,,Other,8.333
2015-12_gen3ou-0.json,Kangaskhan,Moves,,Earthquake,66.667
2015-12_gen3ou-0.json,Kangaskhan,Moves,,Fake Out,50.0
2015-12_gen3ou-0.json,Kangaskhan,Moves,,Brick Break,45.833
2015-12_gen3ou-0.json,Kangaskhan,Moves,,Shadow Ball,33.333
2015-12_gen3ou-0.json,Kangaskhan,Moves,,Fire Punch,33.333
2015-12_gen3ou-0.json,Kangaskhan,Moves,,Thunder Punch,33.333
2015-12_gen3ou-0.json,Kangaskhan,Moves,,Double-Edge,29.167
2015-12_gen3ou-0.json,Kangaskhan,Moves,,Body Slam,25.0
2015-12_gen3ou-0.json,Kangaskhan,Moves,,Rock Slide,12.5
2015-12_gen3ou-0.json,Kangaskhan,Moves,,Facade,12.5
2015-12_gen3ou-0.json,Kangaskhan,Moves,,Sing,12.5
2015-12_gen3ou-0.json,Kangaskhan,Moves,,Rest,12.5
2015-12_gen3ou-0.json,Kangaskhan,Moves,,Dizzy Punch,8.333
2015-12_gen3ou-0.json,Kangaskhan,Moves,,Bite,8.333
2015-12_gen3ou-0.json,Kangaskhan,Moves,,Other,16.667
2015-12_gen3ou-0.json,Sableye,Stats,Raw count,,24
2015-12_gen3ou-0.json,Sableye,Stats,Avg. weight,,1.0
2015-12_gen3ou-0.json,Sableye,Stats,Viability Ceiling,,55
2015-12_gen3ou-0.json,Sableye,Stats,Bold,,16.667
2015-12_gen3ou-0.json,Sableye,Stats,Modest,,12.500
2015-12_gen3ou-0.json,Sableye,Stats,Adamant,,12.500
2015-12_gen3ou-0.json,Sableye,Stats,Rash,,12.500
2015-12_gen3ou-0.json,Sableye,Stats,Lax,,12.500
2015-12_gen3ou-0.json,Sableye,Stats,Hardy,,8.333
2015-12_gen3ou-0.json,Sableye,Abilities,,Keen Eye,100.0
2015-12_gen3ou-0.json,Sableye,Items,,Leftovers,54.167
2015-12_gen3ou-0.json,Sableye,Items,,Black Glasses,16.667
2015-12_gen3ou-0.json,Sableye,Items,,King's Rock,12.5
2015-12_gen3ou-0.json,Sableye,Items,,Spell Tag,8.333
2015-12_gen3ou-0.json,Sableye,Items,,Quick Claw,4.167
2015-12_gen3ou-0.json,Sableye,Items,,Other,4.167
2015-12_gen3ou-0.json,Sableye,Spreads,,Other,25.0
2015-12_gen3ou-0.json,Sableye,Moves,,Shadow Ball,50.0
2015-12_gen3ou-0.json,Sableye,Moves,,Recover,45.833
2015-12_gen3ou-0.json,Sableye,Moves,,Knock Off,33.333
2015-12_gen3ou-0.json,Sableye,Moves,,Calm Mind,29.167
2015-12_gen3ou-0.json,Sableye,Moves,,Psychic,29.167
2015-12_gen3ou-0.json,Sableye,Moves,,Toxic,25.0
2015-12_gen3ou-0.json,Sableye,Moves,,Fire Punch,20.833
2015-12_gen3ou-0.json,Sableye,Moves,,Taunt,20.833
2015-12_gen3ou-0.json,Sableye,Moves,,Feint Attack,20.833
2015-12_gen3ou-0.json,Sableye,Moves,,Fake Out,16.667
2015-12_gen3ou-0.json,Sableye,Moves,,Detect,12.5
2015-12_gen3ou-0.json,Sableye,Moves,,Ice Punch,12.5
2015-12_gen3ou-0.json,Sableye,Moves,,Seismic Toss,12.5
2015-12_gen3ou-0.json,Sableye,Moves,,Moonlight,12.5
2015-12_gen3ou-0.json,Sableye,Moves,,Foresight,8.333
2015-12_gen3ou-0.json,Sableye,Moves,,Aerial Ace,8.333
2015-12_gen3ou-0.json,Sableye,Moves,,Swagger,8.333
2015-12_gen3ou-0.json,Sableye,Moves,,Night Shade,8.333
2015-12_gen3ou-0.json,Sableye,Moves,,Torment,4.167
2015-12_gen3ou-0.json,Sableye,Moves,,Substitute,4.167
2015-12_gen3ou-0.json,Sableye,Moves,,Other,16.667
2015-12_gen3ou-0.json,Grumpig,Stats,Raw count,,20
2015-12_gen3ou-0.json,Grumpig,Stats,Avg. weight,,1.0
2015-12_gen3ou-0.json,Grumpig,Stats,Viability Ceiling,,64
2015-12_gen3ou-0.json,Grumpig,Stats,Bold,,55.000
2015-12_gen3ou-0.json,Grumpig,Stats,Modest,,5.000
2015-12_gen3ou-0.json,Grumpig,Stats,Hardy,,10.000
2015-12_gen3ou-0.json,Grumpig,Stats,Calm,,5.000
2015-12_gen3ou-0.json,Grumpig,Stats,Timid,,5.000
2015-12_gen3ou-0.json,Grumpig,Abilities,,Own Tempo,60.0
2015-12_gen3ou-0.json,Grumpig,Abilities,,Thick Fat,40.0
2015-12_gen3ou-0.json,Grumpig,Items,,Leftovers,80.0
2015-12_gen3ou-0.json,Grumpig,Items,,TwistedSpoon,15.0
2015-12_gen3ou-0.json,Grumpig,Items,,Other,5.0
2015-12_gen3ou-0.json,Grumpig,Spreads,,Other,5.0
2015-12_gen3ou-0.json,Grumpig,Moves,,Psychic,100.0
2015-12_gen3ou-0.json,Grumpig,Moves,,Seismic Toss,60.0
2015-12_gen3ou-0.json,Grumpig,Moves,,Psych Up,55.0
2015-12_gen3ou-0.json,Grumpig,Moves,,Reflect,55.0
2015-12_gen3ou-0.json,Grumpig,Moves,,Rest,25.0
2015-12_gen3ou-0.json,Grumpig,Moves,,Sleep Talk,25.0
2015-12_gen3ou-0.json,Grumpig,Moves,,Shadow Ball,25.0
2015-12_gen3ou-0.json,Grumpig,Moves,,Calm Mind,20.0
2015-12_gen3ou-0.json,Grumpig,Moves,,Confuse Ray,5.0
2015-12_gen3ou-0.json,Grumpig,Moves,,Taunt,5.0
2015-12_gen3ou-0.json,Grumpig,Moves,,Ice Punch,5.0
2015-12_gen3ou-0.json,Grumpig,Moves,,Substitute,5.0
2015-12_gen3ou-0.json,Grumpig,Moves,,Other,15.0
2015-12_gen3ou-0.json,Flareon,Stats,Raw count,,19
2015-12_gen3ou-0.json,Flareon,Stats,Avg. weight,,1.0
2015-12_gen3ou-0.json,Flareon,Stats,Viability Ceiling,,55
2015-12_gen3ou-0.json,Flareon,Stats,Lonely,,26.316
2015-12_gen3ou-0.json,Flareon,Stats,Brave,,10.526
2015-12_gen3ou-0.json,Flareon,Stats,Hardy,,15.789
2015-12_gen3ou-0.json,Flareon,Stats,Adamant,,10.526
2015-12_gen3ou-0.json,Flareon,Stats,Modest,,10.526
2015-12_gen3ou-0.json,Flareon,Abilities,,Flash Fire,100.0
2015-12_gen3ou-0.json,Flareon,Items,,Leftovers,36.842
2015-12_gen3ou-0.json,Flareon,Items,,Choice Band,26.316
2015-12_gen3ou-0.json,Flareon,Items,,Sitrus Berry,21.053
2015-12_gen3ou-0.json,Flareon,Items,,Liechi Berry,10.526
2015-12_gen3ou-0.json,Flareon,Items,,Charcoal,5.263
2015-12_gen3ou-0.json,Flareon,Spreads,,Other,5.263
2015-12_gen3ou-0.json,Flareon,Moves,,Shadow Ball,100.0
2015-12_gen3ou-0.json,Flareon,Moves,,Body Slam,57.895
2015-12_gen3ou-0.json,Flareon,Moves,,Overheat,52.632
2015-12_gen3ou-0.json,Flareon,Moves,,Flamethrower,36.842
2015-12_gen3ou-0.json,Flareon,Moves,,Hidden Power Grass,31.579
2015-12_gen3ou-0.json,Flareon,Moves,,Return,26.316
2015-12_gen3ou-0.json,Flareon,Moves,,Quick Attack,26.316
2015-12_gen3ou-0.json,Flareon,Moves,,Iron Tail,21.053
2015-12_gen3ou-0.json,Flareon,Moves,,Charm,10.526
2015-12_gen3ou-0.json,Flareon,Moves,,Wish,10.526
2015-12_gen3ou-0.json,Flareon,Moves,,Fire Blast,10.526
2015-12_gen3ou-0.json,Flareon,Moves,,Other,15.789
2015-12_gen3ou-0.json,Sharpedo,Stats,Raw count,,20
2015-12_gen3ou-0.json,Sharpedo,Stats,Avg. weight,,1.0
2015-12_gen3ou-0.json,Sharpedo,Stats,Viability Ceiling,,58
2015-12_gen3ou-0.json,Sharpedo,Stats,Hasty,,5.000
2015-12_gen3ou-0.json,Sharpedo,Stats,Adamant,,15.000
2015-12_gen3ou-0.json,Sharpedo,Stats,Modest,,5.000
2015-12_gen3ou-0.json,Sharpedo,Abilities,,Rough Skin,100.0
2015-12_gen3ou-0.json,Sharpedo,Items,,Salac Berry,45.0
2015-12_gen3ou-0.json,Sharpedo,Items,,Black Glasses,35.0
2015-12_gen3ou-0.json,Sharpedo,Items,,Leftovers,20.0
2015-12_gen3ou-0.json,Sharpedo,Spreads,,Other,10.0
2015-12_gen3ou-0.json,Sharpedo,Moves,,Crunch,100.0
2015-12_gen3ou-0.json,Sharpedo,Moves,,Ice Beam,80.0
2015-12_gen3ou-0.json,Sharpedo,Moves,,Surf,70.0
2015-12_gen3ou-0.json,Sharpedo,Moves,,Endure,45.0
2015-12_gen3ou-0.json,Sharpedo,Moves,,Earthquake,45.0
2015-12_gen3ou-0.json,Sharpedo,Moves,,Waterfall,25.0
2015-12_gen3ou-0.json,Sharpedo,Moves,,Hidden Power Flying,15.0
2015-12_gen3ou-0.json,Sharpedo,Moves,,Other,20.0
2015-12_gen3ou-0.json,Ursaring,Stats,Raw count,,20
2015-12_gen3ou-0.json,Ursaring,Stats,Avg. weight,,1.0
2015-12_gen3ou-0.json,Ursaring,Stats,Viability Ceiling,,58
2015-12_gen3ou-0.json,Ursaring,Stats,Adamant,,10.000
2015-12_gen3ou-0.json,Ursaring,Abilities,,Guts,100.0
2015-12_gen3ou-0.json,Ursaring,Items,,Leftovers,50.0
2015-12_gen3ou-0.json,Ursaring,Items,,Choice Band,30.0
2015-12_gen3ou-0.json,Ursaring,Items,,Quick Claw,10.0
2015-12_gen3ou-0.json,Ursaring,Items,,Liechi Berry,10.0
2015-12_gen3ou-0.json,Ursaring,Spreads,,Other,10.0
2015-12_gen3ou-0.json,Ursaring,Moves,,Earthquake,100.0
2015-12_gen3ou-0.json,Ursaring,Moves,,Return,60.0
2015-12_gen3ou-0.json,Ursaring,Moves,,Fire Punch,40.0
2015-12_gen3ou-0.json,Ursaring,Moves,,Rock Slide,30.0
2015-12_gen3ou-0.json,Ursaring,Moves,,Body Slam,25.0
2015-12_gen3ou-0.json,Ursaring,Moves,,Hyper Beam,20.0
2015-12_gen3ou-0.json,Ursaring,Moves,,Bulk Up,15.0
2015-12_gen3ou-0.json,Ursaring,Moves,,Hidden Power Psychic,10.0
2015-12_gen3ou-0.json,Ursaring,Moves,,Taunt,10.0
2015-12_gen3ou-0.json,Ursaring,Moves,,Rest,10.0
2015-12_gen3ou-0.json,Ursaring,Moves,,Brick Break,10.0
2015-12_gen3ou-0.json,Ursaring,Moves,,Swords Dance,10.0
2015-12_gen3ou-0.json,Ursaring,Moves,,Facade,10.0
2015-12_gen3ou-0.json,Ursaring,Moves,,Hidden Power Flying,10.0
2015-12_gen3ou-0.json,Ursaring,Moves,,Sleep Talk,10.0
2015-12_gen3ou-0.json,Ursaring,Moves,,Crunch,5.0
2015-12_gen3ou-0.json,Ursaring,Moves,,Focus Punch,5.0
2015-12_gen3ou-0.json,Ursaring,Moves,,Other,20.0
2015-12_gen3ou-0.json,Farfetch'd,Stats,Raw count,,16
2015-12_gen3ou-0.json,Farfetch'd,Stats,Avg. weight,,1.0
2015-12_gen3ou-0.json,Farfetch'd,Stats,Viability Ceiling,,35
2015-12_gen3ou-0.json,Farfetch'd,Stats,Adamant,,12.500
2015-12_gen3ou-0.json,Farfetch'd,Stats,Jolly,,12.500
2015-12_gen3ou-0.json,Farfetch'd,Abilities,,Inner Focus,100.0
2015-12_gen3ou-0.json,Farfetch'd,Items,,Stick,100.0
2015-12_gen3ou-0.json,Farfetch'd,Moves,,Knock Off,100.0
2015-12_gen3ou-0.json,Farfetch'd,Moves,,Swords Dance,100.0
2015-12_gen3ou-0.json,Farfetch'd,Moves,,Flail,93.75
2015-12_gen3ou-0.json,Farfetch'd,Moves,,Endure,93.75
2015-12_gen3ou-0.json,Farfetch'd,Moves,,Other,12.5
2015-12_gen3ou-0.json,Banette,Stats,Raw count,,18
2015-12_gen3ou-0.json,Banette,Stats,Avg. weight,,1.0
2015-12_gen3ou-0.json,Banette,Stats,Viability Ceiling,,55
2015-12_gen3ou-0.json,Banette,Stats,Adamant,,38.889
2015-12_gen3ou-0.json,Banette,Stats,Sassy,,16.667
2015-12_gen3ou-0.json,Banette,Stats,Timid,,11.111
2015-12_gen3ou-0.json,Banette,Stats,Impish,,11.111
2015-12_gen3ou-0.json,Banette,Stats,Hardy,,5.556
2015-12_gen3ou-0.json,Banette,Abilities,,Insomnia,100.0
2015-12_gen3ou-0.json,Banette,Items,,Choice Band,38.889
2015-12_gen3ou-0.json,Banette,Items,,Leftovers,22.222
2015-12_gen3ou-0.json,Banette,Items,,Nothing,16.667
2015-12_gen3ou-0.json,Banette,Items,,Spell Tag,16.667
2015-12_gen3ou-0.json,Banette,Items,,Salac Berry,5.556
2015-12_gen3ou-0.json,Banette,Spreads,,Other,11.111
2015-12_gen3ou-0.json,Banette,Moves,,Shadow Ball,77.778
2015-12_gen3ou-0.json,Banette,Moves,,Will-O-Wisp,61.111
2015-12_gen3ou-0.json,Banette,Moves,,Destiny Bond,55.556
2015-12_gen3ou-0.json,Banette,Moves,,Hidden Power Fighting,44.444
2015-12_gen3ou-0.json,Banette,Moves,,Knock Off,33.333
2015-12_gen3ou-0.json,Banette,Moves,,Night Shade,22.222
2015-12_gen3ou-0.json,Banette,Moves,,Protect,16.667
2015-12_gen3ou-0.json,Banette,Moves,,Psychic,16.667
2015-12_gen3ou-0.json,Banette,Moves,,Feint Attack,16.667
2015-12_gen3ou-0.json,Banette,Moves,,Dream Eater,11.111
2015-12_gen3ou-0.json,Banette,Moves,,Spite,11.111
2015-12_gen3ou-0.json,Banette,Moves,,Nightmare,11.111
2015-12_gen3ou-0.json,Banette,Moves,,Curse,11.111
2015-12_gen3ou-0.json,Banette,Moves,,Other,11.111
2015-12_gen3ou-0.json,Exploud,Stats,Raw count,,17
2015-12_gen3ou-0.json,Exploud,Stats,Avg. weight,,1.0
2015-12_gen3ou-0.json,Exploud,Stats,Viability Ceiling,,55
2015-12_gen3ou-0.json,Exploud,Stats,Adamant,,23.529
2015-12_gen3ou-0.json,Exploud,Stats,Lonely,,17.647
2015-12_gen3ou-0.json,Exploud,Stats,Serious,,17.647
2015-12_gen3ou-0.json,Exploud,Stats,Modest,,5.882
2015-12_gen3ou-0.json,Exploud,Stats,Naive,,11.765
2015-12_gen3ou-0.json,Exploud,Abilities,,Soundproof,100.0
2015-12_gen3ou-0.json,Exploud,Items,,Silk Scarf,52.941
2015-12_gen3ou-0.json,Exploud,Items,,Leftovers,47.059
2015-12_gen3ou-0.json,Exploud,Spreads,,Other,11.765
2015-12_gen3ou-0.json,Exploud,Moves,,Hyper Voice,64.706
2015-12_gen3ou-0.json,Exploud,Moves,,Fire Blast,41.176
2015-12_gen3ou-0.json,Exploud,Moves,,Extrasensory,35.294
2015-12_gen3ou-0.json,Exploud,Moves,,Ice Beam,29.412
2015-12_gen3ou-0.json,Exploud,Moves,,Icy Wind,23.529
2015-12_gen3ou-0.json,Exploud,Moves,,Rock Slide,23.529
2015-12_gen3ou-0.json,Exploud,Moves,,Hidden Power Water,23.529
2015-12_gen3ou-0.json,Exploud,Moves,,Thunder Punch,23.529
2015-12_gen3ou-0.json,Exploud,Moves,,Hyper Beam,23.529
2015-12_gen3ou-0.json,Exploud,Moves,,Shadow Ball,17.647
2015-12_gen3ou-0.json,Exploud,Moves,,Brick Break,17.647
2015-12_gen3ou-0.json,Exploud,Moves,,Earthquake,17.647
2015-12_gen3ou-0.json,Exploud,Moves,,Strength,11.765
2015-12_gen3ou-0.json,Exploud,Moves,,Uproar,11.765
2015-12_gen3ou-0.json,Exploud,Moves,,Blizzard,5.882
2015-12_gen3ou-0.json,Exploud,Moves,,Screech,5.882
2015-12_gen3ou-0.json,Exploud,Moves,,Water Pulse,5.882
2015-12_gen3ou-0.json,Exploud,Moves,,Other,17.647
2015-12_gen3ou-0.json,Sneasel,Stats,Raw count,,19
2015-12_gen3ou-0.json,Sneasel,Stats,Avg. weight,,1.0
2015-12_gen3ou-0.json,Sneasel,Stats,Viability Ceiling,,59
2015-12_gen3ou-0.json,Sneasel,Stats,Hasty,,78.947
2015-12_gen3ou-0.json,Sneasel,Stats,Jolly,,5.263
2015-12_gen3ou-0.json,Sneasel,Abilities,,Inner Focus,100.0
2015-12_gen3ou-0.json,Sneasel,Items,,Lum Berry,73.684
2015-12_gen3ou-0.json,Sneasel,Items,,Choice Band,21.053
2015-12_gen3ou-0.json,Sneasel,Items,,Leftovers,5.263
2015-12_gen3ou-0.json,Sneasel,Moves,,Shadow Ball,84.211
2015-12_gen3ou-0.json,Sneasel,Moves,,Brick Break,84.211
2015-12_gen3ou-0.json,Sneasel,Moves,,Swords Dance,84.211
2015-12_gen3ou-0.json,Sneasel,Moves,,Ice Beam,78.947
2015-12_gen3ou-0.json,Sneasel,Moves,,Ice Punch,15.789
2015-12_gen3ou-0.json,Sneasel,Moves,,Bite,15.789
2015-12_gen3ou-0.json,Sneasel,Moves,,Quick Attack,15.789
2015-12_gen3ou-0.json,Sneasel,Moves,,Slash,10.526
2015-12_gen3ou-0.json,Sneasel,Moves,,Other,10.526
2015-12_gen3ou-0.json,Shedinja,Stats,Raw count,,17
2015-12_gen3ou-0.json,Shedinja,Stats,Avg. weight,,1.0
2015-12_gen3ou-0.json,Shedinja,Stats,Viability Ceiling,,62
2015-12_gen3ou-0.json,Shedinja,Stats,Adamant,,11.765
2015-12_gen3ou-0.json,Shedinja,Stats,Naive,,11.765
2015-12_gen3ou-0.json,Shedinja,Stats,Timid,,11.765
2015-12_gen3ou-0.json,Shedinja,Abilities,,Wonder Guard,100.0
2015-12_gen3ou-0.json,Shedinja,Items,,Sitrus Berry,29.412
2015-12_gen3ou-0.json,Shedinja,Items,,Focus Band,23.529
2015-12_gen3ou-0.json,Shedinja,Items,,Silk Scarf,17.647
2015-12_gen3ou-0.json,Shedinja,Items,,Spell Tag,17.647
2015-12_gen3ou-0.json,Shedinja,Items,,Scope Lens,11.765
2015-12_gen3ou-0.json,Shedinja,Moves,,Shadow Ball,82.353
2015-12_gen3ou-0.json,Shedinja,Moves,,Swords Dance,70.588
2015-12_gen3ou-0.json,Shedinja,Moves,,Return,47.059
2015-12_gen3ou-0.json,Shedinja,Moves,,Toxic,41.176
2015-12_gen3ou-0.json,Shedinja,Moves,,Fury Cutter,35.294
2015-12_gen3ou-0.json,Shedinja,Moves,,Protect,29.412
2015-12_gen3ou-0.json,Shedinja,Moves,,Hidden Power Fighting,17.647
2015-12_gen3ou-0.json,Shedinja,Moves,,Silver Wind,17.647
2015-12_gen3ou-0.json,Shedinja,Moves,,Hidden Power Bug,11.765
2015-12_gen3ou-0.json,Shedinja,Moves,,Dig,11.765
2015-12_gen3ou-0.json,Shedinja,Moves,,Aerial Ace,11.765
2015-12_gen3ou-0.json,Shedinja,Moves,,Slash,11.765
2015-12_gen3ou-0.json,Shedinja,Moves,,Other,11.765
2015-12_gen3ou-0.json,Tropius,Stats,Raw count,,16
2015-12_gen3ou-0.json,Tropius,Stats,Avg. weight,,1.0
2015-12_gen3ou-0.json,Tropius,Stats,Viability Ceiling,,55
2015-12_gen3ou-0.json,Tropius,Stats,Hardy,,87.500
2015-12_gen3ou-0.json,Tropius,Stats,Adamant,,6.250
2015-12_gen3ou-0.json,Tropius,Abilities,,Chlorophyll,100.0
2015-12_gen3ou-0.json,Tropius,Items,,Leftovers,93.75
2015-12_gen3ou-0.json,Tropius,Items,,Focus Band,6.25
2015-12_gen3ou-0.json,Tropius,Moves,,Fly,87.5
2015-12_gen3ou-0.json,Tropius,Moves,,Giga Drain,87.5
2015-12_gen3ou-0.json,Tropius,Moves,,Solar Beam,87.5
2015-12_gen3ou-0.json,Tropius,Moves,,Hyper Beam,87.5
2015-12_gen3ou-0.json,Tropius,Moves,,Sunny Day,6.25
2015-12_gen3ou-0.json,Tropius,Moves,,Stomp,6.25
2015-12_gen3ou-0.json,Tropius,Moves,,Body Slam,6.25
2015-12_gen3ou-0.json,Tropius,Moves,,Bullet Seed,6.25
2015-12_gen3ou-0.json,Tropius,Moves,,Swords Dance,6.25
2015-12_gen3ou-0.json,Tropius,Moves,,Other,18.75
2015-12_gen3ou-0.json,Vileplume,Stats,Raw count,,16
2015-12_gen3ou-0.json,Vileplume,Stats,Avg. weight,,1.0
2015-12_gen3ou-0.json,Vileplume,Stats,Viability Ceiling,,57
2015-12_gen3ou-0.json,Vileplume,Stats,Bold,,25.000
2015-12_gen3ou-0.json,Vileplume,Stats,Hardy,,18.750
2015-12_gen3ou-0.json,Vileplume,Stats,Modest,,12.500
2015-12_gen3ou-0.json,Vileplume,Stats,Quiet,,12.500
2015-12_gen3ou-0.json,Vileplume,Stats,Adamant,,6.250
2015-12_gen3ou-0.json,Vileplume,Stats,Hasty,,6.250
2015-12_gen3ou-0.json,Vileplume,Abilities,,Chlorophyll,100.0
2015-12_gen3ou-0.json,Vileplume,Items,,Leftovers,81.25
2015-12_gen3ou-0.json,Vileplume,Items,,Nothing,18.75
2015-12_gen3ou-0.json,Vileplume,Spreads,,Other,18.75
2015-12_gen3ou-0.json,Vileplume,Moves,,Sludge Bomb,50.0
2015-12_gen3ou-0.json,Vileplume,Moves,,Moonlight,50.0
2015-12_gen3ou-0.json,Vileplume,Moves,,Giga Drain,43.75
2015-12_gen3ou-0.json,Vileplume,Moves,,Sleep Powder,43.75
2015-12_gen3ou-0.json,Vileplume,Moves,,Aromatherapy,31.25
2015-12_gen3ou-0.json,Vileplume,Moves,,Toxic,31.25
2015-12_gen3ou-0.json,Vileplume,Moves,,Petal Dance,25.0
2015-12_gen3ou-0.json,Vileplume,Moves,,Leech Seed,25.0
2015-12_gen3ou-0.json,Vileplume,Moves,,Swords Dance,18.75
2015-12_gen3ou-0.json,Vileplume,Moves,,Protect,12.5
2015-12_gen3ou-0.json,Vileplume,Moves,,Sunny Day,12.5
2015-12_gen3ou-0.json,Vileplume,Moves,,Solar Beam,12.5
2015-12_gen3ou-0.json,Vileplume,Moves,,Razor Leaf,6.25
2015-12_gen3ou-0.json,Vileplume,Moves,,Stun Spore,6.25
2015-12_gen3ou-0.json,Vileplume,Moves,,Cut,6.25
2015-12_gen3ou-0.json,Vileplume,Moves,,Hidden Power Fire,6.25
2015-12_gen3ou-0.json,Vileplume,Moves,,Other,18.75
2015-12_gen3ou-0.json,Tangela,Stats,Raw count,,13
2015-12_gen3ou-0.json,Tangela,Stats,Avg. weight,,1.0
2015-12_gen3ou-0.json,Tangela,Stats,Viability Ceiling,,62
2015-12_gen3ou-0.json,Tangela,Stats,Bold,,69.231
2015-12_gen3ou-0.json,Tangela,Stats,Calm,,15.385
2015-12_gen3ou-0.json,Tangela,Stats,Modest,,15.385
2015-12_gen3ou-0.json,Tangela,Abilities,,Chlorophyll,100.0
2015-12_gen3ou-0.json,Tangela,Items,,Nothing,69.231
2015-12_gen3ou-0.json,Tangela,Items,,Leftovers,30.769
2015-12_gen3ou-0.json,Tangela,Moves,,Sleep Powder,100.0
2015-12_gen3ou-0.json,Tangela,Moves,,Leech Seed,84.615
2015-12_gen3ou-0.json,Tangela,Moves,,Thief,69.231
2015-12_gen3ou-0.json,Tangela,Moves,,Hidden Power Grass,69.231
2015-12_gen3ou-0.json,Tangela,Moves,,Sunny Day,30.769
2015-12_gen3ou-0.json,Tangela,Moves,,Hidden Power Ice,15.385
2015-12_gen3ou-0.json,Tangela,Moves,,Giga Drain,15.385
2015-12_gen3ou-0.json,Tangela,Moves,,Other,15.385
2015-12_gen3ou-0.json,Haunter,Stats,Raw count,,14
2015-12_gen3ou-0.json,Haunter,Stats,Avg. weight,,1.0
2015-12_gen3ou-0.json,Haunter,Stats,Viability Ceiling,,56
2015-12_gen3ou-0.json,Haunter,Stats,Hasty,,14.286
2015-12_gen3ou-0.json,Haunter,Abilities,,Levitate,100.0
2015-12_gen3ou-0.json,Haunter,Items,,Leftovers,50.0
2015-12_gen3ou-0.json,Haunter,Items,,Spell Tag,28.571
2015-12_gen3ou-0.json,Haunter,Items,,Quick Claw,14.286
2015-12_gen3ou-0.json,Haunter,Items,,Nothing,7.143
2015-12_gen3ou-0.json,Haunter,Moves,,Shadow Punch,50.0
2015-12_gen3ou-0.json,Haunter,Moves,,Giga Drain,50.0
2015-12_gen3ou-0.json,Haunter,Moves,,Hypnosis,50.0
2015-12_gen3ou-0.json,Haunter,Moves,,Toxic,50.0
2015-12_gen3ou-0.json,Haunter,Moves,,Explosion,50.0
2015-12_gen3ou-0.json,Haunter,Moves,,Confuse Ray,50.0
2015-12_gen3ou-0.json,Haunter,Moves,,Thunderbolt,42.857
2015-12_gen3ou-0.json,Haunter,Moves,,Dream Eater,42.857
2015-12_gen3ou-0.json,Haunter,Moves,,Other,14.286
2015-12_gen3ou-0.json,Nidoqueen,Stats,Raw count,,13
2015-12_gen3ou-0.json,Nidoqueen,Stats,Avg. weight,,1.0
2015-12_gen3ou-0.json,Nidoqueen,Stats,Viability Ceiling,,55
2015-12_gen3ou-0.json,Nidoqueen,Stats,Naughty,,30.769
2015-12_gen3ou-0.json,Nidoqueen,Stats,Hardy,,23.077
2015-12_gen3ou-0.json,Nidoqueen,Stats,Adamant,,7.692
2015-12_gen3ou-0.json,Nidoqueen,Stats,Impish,,7.692
2015-12_gen3ou-0.json,Nidoqueen,Abilities,,Poison Point,100.0
2015-12_gen3ou-0.json,Nidoqueen,Items,,Leftovers,38.462
2015-12_gen3ou-0.json,Nidoqueen,Items,,Nothing,23.077
2015-12_gen3ou-0.json,Nidoqueen,Items,,Quick Claw,23.077
2015-12_gen3ou-0.json,Nidoqueen,Items,,Choice Band,7.692
2015-12_gen3ou-0.json,Nidoqueen,Items,,Lax Incense,7.692
2015-12_gen3ou-0.json,Nidoqueen,Moves,,Earthquake,100.0
2015-12_gen3ou-0.json,Nidoqueen,Moves,,Shadow Ball,69.231
2015-12_gen3ou-0.json,Nidoqueen,Moves,,Superpower,69.231
2015-12_gen3ou-0.json,Nidoqueen,Moves,,Sludge Bomb,53.846
2015-12_gen3ou-0.json,Nidoqueen,Moves,,Toxic,30.769
2015-12_gen3ou-0.json,Nidoqueen,Moves,,Surf,23.077
2015-12_gen3ou-0.json,Nidoqueen,Moves,,Body Slam,15.385
2015-12_gen3ou-0.json,Nidoqueen,Moves,,Fire Punch,15.385
2015-12_gen3ou-0.json,Nidoqueen,Moves,,Protect,7.692
2015-12_gen3ou-0.json,Nidoqueen,Moves,,Other,15.385
2015-12_gen3ou-0.json,Golem,Stats,Raw count,,14
2015-12_gen3ou-0.json,Golem,Stats,Avg. weight,,1.0
2015-12_gen3ou-0.json,Golem,Stats,Viability Ceiling,,58
2015-12_gen3ou-0.json,Golem,Stats,Hardy,,7.143
2015-12_gen3ou-0.json,Golem,Stats,Jolly,,21.429
2015-12_gen3ou-0.json,Golem,Stats,Naughty,,7.143
2015-12_gen3ou-0.json,Golem,Abilities,,Rock Head,64.286
2015-12_gen3ou-0.json,Golem,Abilities,,Sturdy,35.714
2015-12_gen3ou-0.json,Golem,Items,,Leftovers,64.286
2015-12_gen3ou-0.json,Golem,Items,,Nothing,14.286
2015-12_gen3ou-0.json,Golem,Items,,Choice Band,14.286
2015-12_gen3ou-0.json,Golem,Items,,Focus Band,7.143
2015-12_gen3ou-0.json,Golem,Spreads,,Other,21.429
2015-12_gen3ou-0.json,Golem,Moves,,Earthquake,100.0
2015-12_gen3ou-0.json,Golem,Moves,,Rock Slide,50.0
2015-12_gen3ou-0.json,Golem,Moves,,Explosion,42.857
2015-12_gen3ou-0.json,Golem,Moves,,Rollout,35.714
2015-12_gen3ou-0.json,Golem,Moves,,Rest,28.571
2015-12_gen3ou-0.json,Golem,Moves,,Body Slam,28.571
2015-12_gen3ou-0.json,Golem,Moves,,Strength,21.429
2015-12_gen3ou-0.json,Golem,Moves,,Rock Blast,21.429
2015-12_gen3ou-0.json,Golem,Moves,,Rock Tomb,21.429
2015-12_gen3ou-0.json,Golem,Moves,,Brick Break,14.286
2015-12_gen3ou-0.json,Golem,Moves,,Counter,14.286
2015-12_gen3ou-0.json,Golem,Moves,,Dynamic Punch,7.143
2015-12_gen3ou-0.json,Golem,Moves,,Other,14.286
2015-12_gen3ou-0.json,Muk,Stats,Raw count,,14
2015-12_gen3ou-0.json,Muk,Stats,Avg. weight,,1.0
2015-12_gen3ou-0.json,Muk,Stats,Viability Ceiling,,56
2015-12_gen3ou-0.json,Muk,Stats,Hardy,,35.714
2015-12_gen3ou-0.json,Muk,Stats,Adamant,,7.143
2015-12_gen3ou-0.json,Muk,Stats,Calm,,7.143
2015-12_gen3ou-0.json,Muk,Stats,Careful,,7.143
2015-12_gen3ou-0.json,Muk,Stats,Lonely,,7.143
2015-12_gen3ou-0.json,Muk,Abilities,,Stench,85.714
2015-12_gen3ou-0.json,Muk,Abilities,,Sticky Hold,14.286
2015-12_gen3ou-0.json,Muk,Items,,Leftovers,78.571
2015-12_gen3ou-0.json,Muk,Items,,BrightPowder,7.143
2015-12_gen3ou-0.json,Muk,Items,,Poison Barb,7.143
2015-12_gen3ou-0.json,Muk,Items,,Choice Band,7.143
2015-12_gen3ou-0.json,Muk,Spreads,,Other,7.143
2015-12_gen3ou-0.json,Muk,Moves,,Sludge Bomb,64.286
2015-12_gen3ou-0.json,Muk,Moves,,Explosion,42.857
2015-12_gen3ou-0.json,Muk,Moves,,Body Slam,35.714
2015-12_gen3ou-0.json,Muk,Moves,,Brick Break,35.714
2015-12_gen3ou-0.json,Muk,Moves,,Ice Punch,35.714
2015-12_gen3ou-0.json,Muk,Moves,,Fire Punch,35.714
2015-12_gen3ou-0.json,Muk,Moves,,Thunder Punch,35.714
2015-12_gen3ou-0.json,Muk,Moves,,Curse,28.571
2015-12_gen3ou-0.json,Muk,Moves,,Acid Armor,21.429
2015-12_gen3ou-0.json,Muk,Moves,,Hidden Power Ghost,14.286
2015-12_gen3ou-0.json,Muk,Moves,,Shadow Punch,7.143
2015-12_gen3ou-0.json,Muk,Moves,,Hyper Beam,7.143
2015-12_gen3ou-0.json,Muk,Moves,,Substitute,7.143
2015-12_gen3ou-0.json,Muk,Moves,,Memento,7.143
2015-12_gen3ou-0.json,Muk,Moves,,Toxic,7.143
2015-12_gen3ou-0.json,Muk,Moves,,Other,14.286
2015-12_gen3ou-0.json,Sudowoodo,Stats,Raw count,,13
2015-12_gen3ou-0.json,Sudowoodo,Stats,Avg. weight,,1.0
2015-12_gen3ou-0.json,Sudowoodo,Stats,Viability Ceiling,,41
2015-12_gen3ou-0.json,Sudowoodo,Stats,Adamant,,92.308
2015-12_gen3ou-0.json,Sudowoodo,Stats,Impish,,7.692
2015-12_gen3ou-0.json,Sudowoodo,Abilities,,Rock Head,92.308
2015-12_gen3ou-0.json,Sudowoodo,Abilities,,Sturdy,7.692
2015-12_gen3ou-0.json,Sudowoodo,Items,,Silk Scarf,92.308
2015-12_gen3ou-0.json,Sudowoodo,Items,,Sitrus Berry,7.692
2015-12_gen3ou-0.json,Sudowoodo,Moves,,Rock Slide,100.0
2015-12_gen3ou-0.json,Sudowoodo,Moves,,Explosion,92.308
2015-12_gen3ou-0.json,Sudowoodo,Moves,,Psych Up,92.308
2015-12_gen3ou-0.json,Sudowoodo,Moves,,Taunt,92.308
2015-12_gen3ou-0.json,Sudowoodo,Moves,,Protect,7.692
2015-12_gen3ou-0.json,Sudowoodo,Moves,,Other,15.385
2015-12_gen3ou-0.json,Arbok,Stats,Raw count,,14
2015-12_gen3ou-0.json,Arbok,Stats,Avg. weight,,1.0
2015-12_gen3ou-0.json,Arbok,Stats,Viability Ceiling,,56
2015-12_gen3ou-0.json,Arbok,Stats,Adamant,,7.143
2015-12_gen3ou-0.json,Arbok,Stats,Impish,,35.714
2015-12_gen3ou-0.json,Arbok,Stats,Brave,,7.143
2015-12_gen3ou-0.json,Arbok,Abilities,,Intimidate,100.0
2015-12_gen3ou-0.json,Arbok,Items,,Leftovers,92.857
2015-12_gen3ou-0.json,Arbok,Items,,Poison Barb,7.143
2015-12_gen3ou-0.json,Arbok,Moves,,Sludge Bomb,92.857
2015-12_gen3ou-0.json,Arbok,Moves,,Glare,85.714
2015-12_gen3ou-0.json,Arbok,Moves,,Earthquake,64.286
2015-12_gen3ou-0.json,Arbok,Moves,,Rock Slide,50.0
2015-12_gen3ou-0.json,Arbok,Moves,,Rest,35.714
2015-12_gen3ou-0.json,Arbok,Moves,,Haze,35.714
2015-12_gen3ou-0.json,Arbok,Moves,,Giga Drain,14.286
2015-12_gen3ou-0.json,Arbok,Moves,,Body Slam,7.143
2015-12_gen3ou-0.json,Arbok,Moves,,Other,14.286
2015-12_gen3ou-0.json,Dunsparce,Stats,Raw count,,13
2015-12_gen3ou-0.json,Dunsparce,Stats,Avg. weight,,1.0
2015-12_gen3ou-0.json,Dunsparce,Stats,Viability Ceiling,,56
2015-12_gen3ou-0.json,Dunsparce,Stats,Naughty,,84.615
2015-12_gen3ou-0.json,Dunsparce,Stats,Impish,,7.692
2015-12_gen3ou-0.json,Dunsparce,Stats,Relaxed,,7.692
2015-12_gen3ou-0.json,Dunsparce,Abilities,,Serene Grace,100.0
2015-12_gen3ou-0.json,Dunsparce,Items,,Focus Band,84.615
2015-12_gen3ou-0.json,Dunsparce,Items,,Leftovers,15.385
2015-12_gen3ou-0.json,Dunsparce,Moves,,Glare,100.0
2015-12_gen3ou-0.json,Dunsparce,Moves,,Headbutt,92.308
2015-12_gen3ou-0.json,Dunsparce,Moves,,Rock Slide,84.615
2015-12_gen3ou-0.json,Dunsparce,Moves,,Shadow Ball,84.615
2015-12_gen3ou-0.json,Dunsparce,Moves,,Earthquake,15.385
2015-12_gen3ou-0.json,Dunsparce,Moves,,Protect,7.692
2015-12_gen3ou-0.json,Dunsparce,Moves,,Other,15.385
2015-12_gen3ou-0.json,Glalie,Stats,Raw count,,12
2015-12_gen3ou-0.json,Glalie,Stats,Avg. weight,,1.0
2015-12_gen3ou-0.json,Glalie,Stats,Viability Ceiling,,60
2015-12_gen3ou-0.json,Glalie,Stats,Hardy,,8.333
2015-12_gen3ou-0.json,Glalie,Stats,Modest,,16.667
2015-12_gen3ou-0.json,Glalie,Stats,Lonely,,16.667
2015-12_gen3ou-0.json,Glalie,Stats,Naive,,8.333
2015-12_gen3ou-0.json,Glalie,Stats,Calm,,8.333
2015-12_gen3ou-0.json,Glalie,Abilities,,Inner Focus,100.0
2015-12_gen3ou-0.json,Glalie,Items,,Nothing,25.0
2015-12_gen3ou-0.json,Glalie,Items,,Leftovers,25.0
2015-12_gen3ou-0.json,Glalie,Items,,Enigma Berry,16.667
2015-12_gen3ou-0.json,Glalie,Items,,Lum Berry,16.667
2015-12_gen3ou-0.json,Glalie,Items,,Never-Melt Ice,16.667
2015-12_gen3ou-0.json,Glalie,Spreads,,Other,25.0
2015-12_gen3ou-0.json,Glalie,Moves,,Ice Beam,100.0
2015-12_gen3ou-0.json,Glalie,Moves,,Crunch,50.0
2015-12_gen3ou-0.json,Glalie,Moves,,Hail,50.0
2015-12_gen3ou-0.json,Glalie,Moves,,Blizzard,33.333
2015-12_gen3ou-0.json,Glalie,Moves,,Taunt,25.0
2015-12_gen3ou-0.json,Glalie,Moves,,Spikes,25.0
2015-12_gen3ou-0.json,Glalie,Moves,,Explosion,25.0
2015-12_gen3ou-0.json,Glalie,Moves,,Shadow Ball,25.0
2015-12_gen3ou-0.json,Glalie,Moves,,Bite,16.667
2015-12_gen3ou-0.json,Glalie,Moves,,Headbutt,16.667
2015-12_gen3ou-0.json,Glalie,Moves,,Hidden Power Ground,16.667
2015-12_gen3ou-0.json,Glalie,Moves,,Other,16.667
2015-12_gen3ou-0.json,Primeape,Stats,Raw count,,13
2015-12_gen3ou-0.json,Primeape,Stats,Avg. weight,,1.0
2015-12_gen3ou-0.json,Primeape,Stats,Viability Ceiling,,54
2015-12_gen3ou-0.json,Primeape,Stats,Hardy,,30.769
2015-12_gen3ou-0.json,Primeape,Stats,Adamant,,7.692
2015-12_gen3ou-0.json,Primeape,Stats,Jolly,,7.692
2015-12_gen3ou-0.json,Primeape,Abilities,,Vital Spirit,100.0
2015-12_gen3ou-0.json,Primeape,Items,,Nothing,30.769
2015-12_gen3ou-0.json,Primeape,Items,,Leftovers,23.077
2015-12_gen3ou-0.json,Primeape,Items,,Salac Berry,15.385
2015-12_gen3ou-0.json,Primeape,Items,,Choice Band,15.385
2015-12_gen3ou-0.json,Primeape,Items,,Black Belt,15.385
2015-12_gen3ou-0.json,Primeape,Moves,,Cross Chop,76.923
2015-12_gen3ou-0.json,Primeape,Moves,,Earthquake,61.538
2015-12_gen3ou-0.json,Primeape,Moves,,Brick Break,38.462
2015-12_gen3ou-0.json,Primeape,Moves,,Double-Edge,38.462
2015-12_gen3ou-0.json,Primeape,Moves,,Mega Punch,30.769
2015-12_gen3ou-0.json,Primeape,Moves,,Rock Slide,30.769
2015-12_gen3ou-0.json,Primeape,Moves,,Substitute,23.077
2015-12_gen3ou-0.json,Primeape,Moves,,Hidden Power Ghost,23.077
2015-12_gen3ou-0.json,Primeape,Moves,,Focus Punch,15.385
2015-12_gen3ou-0.json,Primeape,Moves,,Bulk Up,15.385
2015-12_gen3ou-0.json,Primeape,Moves,,Thunder Punch,15.385
2015-12_gen3ou-0.json,Primeape,Moves,,Protect,7.692
2015-12_gen3ou-0.json,Primeape,Moves,,Ice Punch,7.692
2015-12_gen3ou-0.json,Primeape,Moves,,Other,15.385
2015-12_gen3ou-0.json,Wailord,Stats,Raw count,,12
2015-12_gen3ou-0.json,Wailord,Stats,Avg. weight,,1.0
2015-12_gen3ou-0.json,Wailord,Stats,Viability Ceiling,,55
2015-12_gen3ou-0.json,Wailord,Stats,Modest,,16.667
2015-12_gen3ou-0.json,Wailord,Stats,Hardy,,16.667
2015-12_gen3ou-0.json,Wailord,Stats,Calm,,16.667
2015-12_gen3ou-0.json,Wailord,Stats,Jolly,,8.333
2015-12_gen3ou-0.json,Wailord,Abilities,,Water Veil,91.667
2015-12_gen3ou-0.json,Wailord,Abilities,,Oblivious,8.333
2015-12_gen3ou-0.json,Wailord,Items,,Leftovers,58.333
2015-12_gen3ou-0.json,Wailord,Items,,Mystic Water,25.0
2015-12_gen3ou-0.json,Wailord,Items,,Nothing,8.333
2015-12_gen3ou-0.json,Wailord,Items,,Aspear Berry,8.333
2015-12_gen3ou-0.json,Wailord,Moves,,Ice Beam,66.667
2015-12_gen3ou-0.json,Wailord,Moves,,Water Spout,66.667
2015-12_gen3ou-0.json,Wailord,Moves,,Roar,41.667
2015-12_gen3ou-0.json,Wailord,Moves,,Amnesia,41.667
2015-12_gen3ou-0.json,Wailord,Moves,,Body Slam,33.333
2015-12_gen3ou-0.json,Wailord,Moves,,Hydro Pump,33.333
2015-12_gen3ou-0.json,Wailord,Moves,,Waterfall,25.0
2015-12_gen3ou-0.json,Wailord,Moves,,Earthquake,25.0
2015-12_gen3ou-0.json,Wailord,Moves,,Surf,16.667
2015-12_gen3ou-0.json,Wailord,Moves,,Blizzard,16.667
2015-12_gen3ou-0.json,Wailord,Moves,,Rain Dance,16.667
2015-12_gen3ou-0.json,Wailord,Moves,,Other,16.667
2015-12_gen3ou-0.json,Xatu,Stats,Raw count,,10
2015-12_gen3ou-0.json,Xatu,Stats,Avg. weight,,1.0
2015-12_gen3ou-0.json,Xatu,Stats,Viability Ceiling,,53
2015-12_gen3ou-0.json,Xatu,Stats,Timid,,60.000
2015-12_gen3ou-0.json,Xatu,Stats,Modest,,20.000
2015-12_gen3ou-0.json,Xatu,Stats,Naive,,10.000
2015-12_gen3ou-0.json,Xatu,Stats,Mild,,10.000
2015-12_gen3ou-0.json,Xatu,Abilities,,Synchronize,100.0
2015-12_gen3ou-0.json,Xatu,Items,,Leftovers,50.0
2015-12_gen3ou-0.json,Xatu,Items,,Lum Berry,50.0
2015-12_gen3ou-0.json,Xatu,Moves,,Psychic,100.0
2015-12_gen3ou-0.json,Xatu,Moves,,Wish,60.0
2015-12_gen3ou-0.json,Xatu,Moves,,Calm Mind,40.0
2015-12_gen3ou-0.json,Xatu,Moves,,Thief,40.0
2015-12_gen3ou-0.json,Xatu,Moves,,Hidden Power Dark,40.0
2015-12_gen3ou-0.json,Xatu,Moves,,Reflect,20.0
2015-12_gen3ou-0.json,Xatu,Moves,,Thunder Wave,20.0
2015-12_gen3ou-0.json,Xatu,Moves,,Haze,20.0
2015-12_gen3ou-0.json,Xatu,Moves,,Hidden Power Fire,20.0
2015-12_gen3ou-0.json,Xatu,Moves,,Drill Peck,20.0
2015-12_gen3ou-0.json,Xatu,Moves,,Other,20.0
2015-12_gen3ou-0.json,Entei,Stats,Raw count,,11
2015-12_gen3ou-0.json,Entei,Stats,Avg. weight,,1.0
2015-12_gen3ou-0.json,Entei,Stats,Viability Ceiling,,75
2015-12_gen3ou-0.json,Entei,Stats,Naive,,36.364
2015-12_gen3ou-0.json,Entei,Stats,Modest,,18.182
2015-12_gen3ou-0.json,Entei,Stats,Lax,,18.182
2015-12_gen3ou-0.json,Entei,Stats,Hardy,,9.091
2015-12_gen3ou-0.json,Entei,Abilities,,Pressure,100.0
2015-12_gen3ou-0.json,Entei,Items,,Leftovers,63.636
2015-12_gen3ou-0.json,Entei,Items,,Charcoal,36.364
2015-12_gen3ou-0.json,Entei,Moves,,Flamethrower,81.818
2015-12_gen3ou-0.json,Entei,Moves,,Calm Mind,63.636
2015-12_gen3ou-0.json,Entei,Moves,,Return,36.364
2015-12_gen3ou-0.json,Entei,Moves,,Roar,36.364
2015-12_gen3ou-0.json,Entei,Moves,,Body Slam,36.364
2015-12_gen3ou-0.json,Entei,Moves,,Fire Blast,36.364
2015-12_gen3ou-0.json,Entei,Moves,,Substitute,27.273
2015-12_gen3ou-0.json,Entei,Moves,,Protect,18.182
2015-12_gen3ou-0.json,Entei,Moves,,Sunny Day,18.182
2015-12_gen3ou-0.json,Entei,Moves,,Iron Tail,18.182
2015-12_gen3ou-0.json,Entei,Moves,,Hidden Power Grass,18.182
2015-12_gen3ou-0.json,Entei,Moves,,Other,9.091
2015-12_gen3ou-0.json,Pinsir,Stats,Raw count,,10
2015-12_gen3ou-0.json,Pinsir,Stats,Avg. weight,,1.0
2015-12_gen3ou-0.json,Pinsir,Stats,Viability Ceiling,,50
2015-12_gen3ou-0.json,Pinsir,Stats,Adamant,,10.000
2015-12_gen3ou-0.json,Pinsir,Stats,Lax,,20.000
2015-12_gen3ou-0.json,Pinsir,Stats,Jolly,,20.000
2015-12_gen3ou-0.json,Pinsir,Abilities,,Hyper Cutter,100.0
2015-12_gen3ou-0.json,Pinsir,Items,,Leftovers,70.0
2015-12_gen3ou-0.json,Pinsir,Items,,Lum Berry,20.0
2015-12_gen3ou-0.json,Pinsir,Items,,Black Glasses,10.0
2015-12_gen3ou-0.json,Pinsir,Moves,,Swords Dance,90.0
2015-12_gen3ou-0.json,Pinsir,Moves,,Earthquake,70.0
2015-12_gen3ou-0.json,Pinsir,Moves,,Hidden Power Bug,60.0
2015-12_gen3ou-0.json,Pinsir,Moves,,Rock Slide,50.0
2015-12_gen3ou-0.json,Pinsir,Moves,,Brick Break,40.0
2015-12_gen3ou-0.json,Pinsir,Moves,,Hyper Beam,20.0
2015-12_gen3ou-0.json,Pinsir,Moves,,Substitute,20.0
2015-12_gen3ou-0.json,Pinsir,Moves,,Rock Tomb,20.0
2015-12_gen3ou-0.json,Pinsir,Moves,,Hidden Power Dark,10.0
2015-12_gen3ou-0.json,Pinsir,Moves,,Other,20.0
2015-12_gen3ou-0.json,Beedrill,Stats,Raw count,,9
2015-12_gen3ou-0.json,Beedrill,Stats,Avg. weight,,1.0
2015-12_gen3ou-0.json,Beedrill,Stats,Viability Ceiling,,50
2015-12_gen3ou-0.json,Beedrill,Stats,Adamant,,22.222
2015-12_gen3ou-0.json,Beedrill,Stats,Jolly,,11.111
2015-12_gen3ou-0.json,Beedrill,Stats,Serious,,11.111
2015-12_gen3ou-0.json,Beedrill,Abilities,,Swarm,100.0
2015-12_gen3ou-0.json,Beedrill,Items,,Leftovers,66.667
2015-12_gen3ou-0.json,Beedrill,Items,,SilverPowder,22.222
2015-12_gen3ou-0.json,Beedrill,Items,,Choice Band,11.111
2015-12_gen3ou-0.json,Beedrill,Moves,,Sludge Bomb,66.667
2015-12_gen3ou-0.json,Beedrill,Moves,,Twineedle,66.667
2015-12_gen3ou-0.json,Beedrill,Moves,,Baton Pass,55.556
2015-12_gen3ou-0.json,Beedrill,Moves,,Swords Dance,55.556
2015-12_gen3ou-0.json,Beedrill,Moves,,Endeavor,33.333
2015-12_gen3ou-0.json,Beedrill,Moves,,Focus Energy,33.333
2015-12_gen3ou-0.json,Beedrill,Moves,,Pin Missile,22.222
2015-12_gen3ou-0.json,Beedrill,Moves,,Toxic,22.222
2015-12_gen3ou-0.json,Beedrill,Moves,,Sunny Day,11.111
2015-12_gen3ou-0.json,Beedrill,Moves,,Brick Break,11.111
2015-12_gen3ou-0.json,Beedrill,Moves,,Fury Cutter,11.111
2015-12_gen3ou-0.json,Beedrill,Moves,,Other,11.111
2015-12_gen3ou-0.json,Murkrow,Stats,Raw count,,9
2015-12_gen3ou-0.json,Murkrow,Stats,Avg. weight,,1.0
2015-12_gen3ou-0.json,Murkrow,Stats,Viability Ceiling,,60
2015-12_gen3ou-0.json,Murkrow,Stats,Jolly,,44.444
2015-12_gen3ou-0.json,Murkrow,Abilities,,Insomnia,100.0
2015-12_gen3ou-0.json,Murkrow,Items,,Choice Band,55.556
2015-12_gen3ou-0.json,Murkrow,Items,,Sharp Beak,44.444
2015-12_gen3ou-0.json,Murkrow,Moves,,Drill Peck,100.0
2015-12_gen3ou-0.json,Murkrow,Moves,,Steel Wing,55.556
2015-12_gen3ou-0.json,Murkrow,Moves,,Shadow Ball,55.556
2015-12_gen3ou-0.json,Murkrow,Moves,,Hidden Power Rock,55.556
2015-12_gen3ou-0.json,Murkrow,Moves,,Taunt,44.444
2015-12_gen3ou-0.json,Murkrow,Moves,,Feint Attack,44.444
2015-12_gen3ou-0.json,Murkrow,Moves,,Toxic,44.444
2015-12_gen3ou-0.json,Ariados,Stats,Raw count,,10
2015-12_gen3ou-0.json,Ariados,Stats,Avg. weight,,1.0
2015-12_gen3ou-0.json,Ariados,Stats,Viability Ceiling,,50
2015-12_gen3ou-0.json,Ariados,Stats,Adamant,,100.000
2015-12_gen3ou-0.json,Ariados,Abilities,,Insomnia,100.0
2015-12_gen3ou-0.json,Ariados,Items,,Leftovers,100.0
2015-12_gen3ou-0.json,Ariados,Moves,,Sludge Bomb,100.0
2015-12_gen3ou-0.json,Ariados,Moves,,Signal Beam,100.0
2015-12_gen3ou-0.json,Ariados,Moves,,Spider Web,100.0
2015-12_gen3ou-0.json,Ariados,Moves,,Body Slam,50.0
2015-12_gen3ou-0.json,Ariados,Moves,,Disable,50.0
2015-12_gen3ou-0.json,Hitmontop,Stats,Raw count,,9
2015-12_gen3ou-0.json,Hitmontop,Stats,Avg. weight,,1.0
2015-12_gen3ou-0.json,Hitmontop,Stats,Viability Ceiling,,60
2015-12_gen3ou-0.json,Hitmontop,Stats,Careful,,11.111
2015-12_gen3ou-0.json,Hitmontop,Stats,Adamant,,11.111
2015-12_gen3ou-0.json,Hitmontop,Abilities,,Intimidate,100.0
2015-12_gen3ou-0.json,Hitmontop,Items,,Leftovers,88.889
2015-12_gen3ou-0.json,Hitmontop,Items,,Sitrus Berry,11.111
2015-12_gen3ou-0.json,Hitmontop,Moves,,High Jump Kick,88.889
2015-12_gen3ou-0.json,Hitmontop,Moves,,Bulk Up,66.667
2015-12_gen3ou-0.json,Hitmontop,Moves,,Hidden Power Ghost,55.556
2015-12_gen3ou-0.json,Hitmontop,Moves,,Rock Slide,33.333
2015-12_gen3ou-0.json,Hitmontop,Moves,,Toxic,33.333
2015-12_gen3ou-0.json,Hitmontop,Moves,,Hidden Power Flying,33.333
2015-12_gen3ou-0.json,Hitmontop,Moves,,Rapid Spin,33.333
2015-12_gen3ou-0.json,Hitmontop,Moves,,Rest,22.222
2015-12_gen3ou-0.json,Hitmontop,Moves,,Brick Break,11.111
2015-12_gen3ou-0.json,Hitmontop,Moves,,Counter,11.111
2015-12_gen3ou-0.json,Hitmontop,Moves,,Other,11.111
2015-12_gen3ou-0.json,Hitmonchan,Stats,Raw count,,9
2015-12_gen3ou-0.json,Hitmonchan,Stats,Avg. weight,,1.0
2015-12_gen3ou-0.json,Hitmonchan,Stats,Viability Ceiling,,53
2015-12_gen3ou-0.json,Hitmonchan,Stats,Adamant,,11.111
2015-12_gen3ou-0.json,Hitmonchan,Stats,Hardy,,33.333
2015-12_gen3ou-0.json,Hitmonchan,Abilities,,Keen Eye,100.0
2015-12_gen3ou-0.json,Hitmonchan,Items,,Nothing,33.333
2015-12_gen3ou-0.json,Hitmonchan,Items,,Choice Band,33.333
2015-12_gen3ou-0.json,Hitmonchan,Items,,Black Belt,33.333
2015-12_gen3ou-0.json,Hitmonchan,Moves,,Ice Punch,66.667
2015-12_gen3ou-0.json,Hitmonchan,Moves,,Sky Uppercut,55.556
2015-12_gen3ou-0.json,Hitmonchan,Moves,,Earthquake,55.556
2015-12_gen3ou-0.json,Hitmonchan,Moves,,Protect,33.333
2015-12_gen3ou-0.json,Hitmonchan,Moves,,Rock Slide,33.333
2015-12_gen3ou-0.json,Hitmonchan,Moves,,Brick Break,33.333
2015-12_gen3ou-0.json,Hitmonchan,Moves,,Mach Punch,33.333
2015-12_gen3ou-0.json,Hitmonchan,Moves,,Hidden Power Ghost,33.333
2015-12_gen3ou-0.json,Hitmonchan,Moves,,Revenge,22.222
2015-12_gen3ou-0.json,Hitmonchan,Moves,,Bulk Up,11.111
2015-12_gen3ou-0.json,Hitmonchan,Moves,,Fire Punch,11.111
2015-12_gen3ou-0.json,Hitmonchan,Moves,,Other,11.111
2015-12_gen3ou-0.json,Piloswine,Stats,Raw count,,8
2015-12_gen3ou-0.json,Piloswine,Stats,Avg. weight,,1.0
2015-12_gen3ou-0.json,Piloswine,Stats,Viability Ceiling,,59
2015-12_gen3ou-0.json,Piloswine,Stats,Naughty,,12.500
2015-12_gen3ou-0.json,Piloswine,Stats,Hardy,,37.500
2015-12_gen3ou-0.json,Piloswine,Abilities,,Oblivious,100.0
2015-12_gen3ou-0.json,Piloswine,Items,,Choice Band,62.5
2015-12_gen3ou-0.json,Piloswine,Items,,Leftovers,37.5
2015-12_gen3ou-0.json,Piloswine,Moves,,Rock Slide,100.0
2015-12_gen3ou-0.json,Piloswine,Moves,,Ice Beam,100.0
2015-12_gen3ou-0.json,Piloswine,Moves,,Earthquake,100.0
2015-12_gen3ou-0.json,Piloswine,Moves,,Hidden Power Flying,50.0
2015-12_gen3ou-0.json,Piloswine,Moves,,Blizzard,37.5
2015-12_gen3ou-0.json,Piloswine,Moves,,Other,12.5
2015-12_gen3ou-0.json,Dragonair,Stats,Raw count,,12
2015-12_gen3ou-0.json,Dragonair,Stats,Avg. weight,,1.0
2015-12_gen3ou-0.json,Dragonair,Stats,Viability Ceiling,,55
2015-12_gen3ou-0.json,Dragonair,Stats,Lonely,,58.333
2015-12_gen3ou-0.json,Dragonair,Stats,Careful,,16.667
2015-12_gen3ou-0.json,Dragonair,Stats,Hasty,,16.667
2015-12_gen3ou-0.json,Dragonair,Stats,Adamant,,8.333
2015-12_gen3ou-0.json,Dragonair,Abilities,,Shed Skin,100.0
2015-12_gen3ou-0.json,Dragonair,Items,,Leftovers,75.0
2015-12_gen3ou-0.json,Dragonair,Items,,Nothing,16.667
2015-12_gen3ou-0.json,Dragonair,Items,,Lum Berry,8.333
2015-12_gen3ou-0.json,Dragonair,Moves,,Dragon Dance,83.333
2015-12_gen3ou-0.json,Dragonair,Moves,,Body Slam,58.333
2015-12_gen3ou-0.json,Dragonair,Moves,,Hidden Power Fighting,58.333
2015-12_gen3ou-0.json,Dragonair,Moves,,Thunder Wave,41.667
2015-12_gen3ou-0.json,Dragonair,Moves,,Return,16.667
2015-12_gen3ou-0.json,Dragonair,Moves,,Double-Edge,16.667
2015-12_gen3ou-0.json,Dragonair,Moves,,Frustration,16.667
2015-12_gen3ou-0.json,Dragonair,Moves,,Rest,16.667
2015-12_gen3ou-0.json,Dragonair,Moves,,Dragon Rage,16.667
2015-12_gen3ou-0.json,Dragonair,Moves,,Toxic,16.667
2015-12_gen3ou-0.json,Dragonair,Moves,,Sleep Talk,16.667
2015-12_gen3ou-0.json,Dragonair,Moves,,Flamethrower,16.667
2015-12_gen3ou-0.json,Dragonair,Moves,,Surf,8.333
2015-12_gen3ou-0.json,Dragonair,Moves,,Other,16.667
2015-12_gen3ou-0.json,Typhlosion,Stats,Raw count,,10
2015-12_gen3ou-0.json,Typhlosion,Stats,Avg. weight,,1.0
2015-12_gen3ou-0.json,Typhlosion,Stats,Viability Ceiling,,60
2015-12_gen3ou-0.json,Typhlosion,Stats,Timid,,10.000
2015-12_gen3ou-0.json,Typhlosion,Stats,Hardy,,30.000
2015-12_gen3ou-0.json,Typhlosion,Stats,Naive,,10.000
2015-12_gen3ou-0.json,Typhlosion,Stats,Modest,,10.000
2015-12_gen3ou-0.json,Typhlosion,Abilities,,Blaze,100.0
2015-12_gen3ou-0.json,Typhlosion,Items,,Petaya Berry,60.0
2015-12_gen3ou-0.json,Typhlosion,Items,,White Herb,30.0
2015-12_gen3ou-0.json,Typhlosion,Items,,Sitrus Berry,10.0
2015-12_gen3ou-0.json,Typhlosion,Moves,,Substitute,50.0
2015-12_gen3ou-0.json,Typhlosion,Moves,,Thunder Punch,50.0
2015-12_gen3ou-0.json,Typhlosion,Moves,,Flamethrower,50.0
2015-12_gen3ou-0.json,Typhlosion,Moves,,Sunny Day,40.0
2015-12_gen3ou-0.json,Typhlosion,Moves,,Blast Burn,40.0
2015-12_gen3ou-0.json,Typhlosion,Moves,,Toxic,40.0
2015-12_gen3ou-0.json,Typhlosion,Moves,,Overheat,30.0
2015-12_gen3ou-0.json,Typhlosion,Moves,,Focus Punch,30.0
2015-12_gen3ou-0.json,Typhlosion,Moves,,Hidden Power Grass,30.0
2015-12_gen3ou-0.json,Typhlosion,Moves,,Fire Blast,20.0
2015-12_gen3ou-0.json,Typhlosion,Moves,,Protect,10.0
2015-12_gen3ou-0.json,Typhlosion,Moves,,Other,10.0
2015-12_gen3ou-0.json,Solrock,Stats,Raw count,,9
2015-12_gen3ou-0.json,Solrock,Stats,Avg. weight,,1.0
2015-12_gen3ou-0.json,Solrock,Stats,Viability Ceiling,,67
2015-12_gen3ou-0.json,Solrock,Stats,Adamant,,44.444
2015-12_gen3ou-0.json,Solrock,Stats,Jolly,,44.444
2015-12_gen3ou-0.json,Solrock,Stats,Impish,,11.111
2015-12_gen3ou-0.json,Solrock,Abilities,,Levitate,100.0
2015-12_gen3ou-0.json,Solrock,Items,,Leftovers,100.0
2015-12_gen3ou-0.json,Solrock,Moves,,Rock Slide,100.0
2015-12_gen3ou-0.json,Solrock,Moves,,Earthquake,100.0
2015-12_gen3ou-0.json,Solrock,Moves,,Explosion,55.556
2015-12_gen3ou-0.json,Solrock,Moves,,Baton Pass,44.444
2015-12_gen3ou-0.json,Solrock,Moves,,Toxic,44.444
2015-12_gen3ou-0.json,Solrock,Moves,,Cosmic Power,44.444
2015-12_gen3ou-0.json,Solrock,Moves,,Other,11.111
2015-12_gen3ou-0.json,Dewgong,Stats,Raw count,,10
2015-12_gen3ou-0.json,Dewgong,Stats,Avg. weight,,1.0
2015-12_gen3ou-0.json,Dewgong,Stats,Viability Ceiling,,55
2015-12_gen3ou-0.json,Dewgong,Stats,Gentle,,40.000
2015-12_gen3ou-0.json,Dewgong,Stats,Calm,,30.000
2015-12_gen3ou-0.json,Dewgong,Stats,Bold,,20.000
2015-12_gen3ou-0.json,Dewgong,Stats,Sassy,,10.000
2015-12_gen3ou-0.json,Dewgong,Abilities,,Thick Fat,100.0
2015-12_gen3ou-0.json,Dewgong,Items,,Leftovers,50.0
2015-12_gen3ou-0.json,Dewgong,Items,,Chesto Berry,30.0
2015-12_gen3ou-0.json,Dewgong,Items,,Nothing,10.0
2015-12_gen3ou-0.json,Dewgong,Items,,Sitrus Berry,10.0
2015-12_gen3ou-0.json,Dewgong,Moves,,Surf,90.0
2015-12_gen3ou-0.json,Dewgong,Moves,,Protect,50.0
2015-12_gen3ou-0.json,Dewgong,Moves,,Fake Out,50.0
2015-12_gen3ou-0.json,Dewgong,Moves,,Icy Wind,40.0
2015-12_gen3ou-0.json,Dewgong,Moves,,Toxic,40.0
2015-12_gen3ou-0.json,Dewgong,Moves,,Rest,30.0
2015-12_gen3ou-0.json,Dewgong,Moves,,Ice Beam,30.0
2015-12_gen3ou-0.json,Dewgong,Moves,,Aurora Beam,20.0
2015-12_gen3ou-0.json,Dewgong,Moves,,Hail,20.0
2015-12_gen3ou-0.json,Dewgong,Moves,,Safeguard,20.0
2015-12_gen3ou-0.json,Dewgong,Moves,,Other,10.0
2015-12_gen3ou-0.json,Mightyena,Stats,Raw count,,7
2015-12_gen3ou-0.json,Mightyena,Stats,Avg. weight,,1.0
2015-12_gen3ou-0.json,Mightyena,Stats,Viability Ceiling,,46
2015-12_gen3ou-0.json,Mightyena,Stats,Adamant,,42.857
2015-12_gen3ou-0.json,Mightyena,Stats,Impish,,42.857
2015-12_gen3ou-0.json,Mightyena,Stats,Naive,,14.286
2015-12_gen3ou-0.json,Mightyena,Abilities,,Intimidate,100.0
2015-12_gen3ou-0.json,Mightyena,Items,,Leftovers,85.714
2015-12_gen3ou-0.json,Mightyena,Items,,King's Rock,14.286
2015-12_gen3ou-0.json,Mightyena,Moves,,Crunch,100.0
2015-12_gen3ou-0.json,Mightyena,Moves,,Roar,71.429
2015-12_gen3ou-0.json,Mightyena,Moves,,Protect,42.857
2015-12_gen3ou-0.json,Mightyena,Moves,,Taunt,42.857
2015-12_gen3ou-0.json,Mightyena,Moves,,Facade,28.571
2015-12_gen3ou-0.json,Mightyena,Moves,,Nothing,28.571
2015-12_gen3ou-0.json,Mightyena,Moves,,Bite,14.286
2015-12_gen3ou-0.json,Mightyena,Moves,,Secret Power,14.286
2015-12_gen3ou-0.json,Mightyena,Moves,,Rock Smash,14.286
2015-12_gen3ou-0.json,Mightyena,Moves,,Poison Fang,14.286
2015-12_gen3ou-0.json,Mightyena,Moves,,Shadow Ball,14.286
2015-12_gen3ou-0.json,Mightyena,Moves,,Other,14.286
2015-12_gen3ou-0.json,Sandslash,Stats,Raw count,,7
2015-12_gen3ou-0.json,Sandslash,Stats,Avg. weight,,1.0
2015-12_gen3ou-0.json,Sandslash,Stats,Viability Ceiling,,51
2015-12_gen3ou-0.json,Sandslash,Stats,Adamant,,14.286
2015-12_gen3ou-0.json,Sandslash,Stats,Jolly,,14.286
2015-12_gen3ou-0.json,Sandslash,Stats,Impish,,14.286
2015-12_gen3ou-0.json,Sandslash,Abilities,,Sand Veil,100.0
2015-12_gen3ou-0.json,Sandslash,Items,,Leftovers,57.143
2015-12_gen3ou-0.json,Sandslash,Items,,Sitrus Berry,14.286
2015-12_gen3ou-0.json,Sandslash,Items,,Soft Sand,14.286
2015-12_gen3ou-0.json,Sandslash,Items,,Salac Berry,14.286
2015-12_gen3ou-0.json,Sandslash,Moves,,Rock Slide,85.714
2015-12_gen3ou-0.json,Sandslash,Moves,,Toxic,57.143
2015-12_gen3ou-0.json,Sandslash,Moves,,Earthquake,57.143
2015-12_gen3ou-0.json,Sandslash,Moves,,Aerial Ace,42.857
2015-12_gen3ou-0.json,Sandslash,Moves,,Slash,42.857
2015-12_gen3ou-0.json,Sandslash,Moves,,Rapid Spin,28.571
2015-12_gen3ou-0.json,Sandslash,Moves,,Swords Dance,28.571
2015-12_gen3ou-0.json,Sandslash,Moves,,Sandstorm,14.286
2015-12_gen3ou-0.json,Sandslash,Moves,,Protect,14.286
2015-12_gen3ou-0.json,Sandslash,Moves,,Crush Claw,14.286
2015-12_gen3ou-0.json,Sandslash,Moves,,Other,14.286
2015-12_gen3ou-0.json,Crawdaunt,Stats,Raw count,,7
2015-12_gen3ou-0.json,Crawdaunt,Stats,Avg. weight,,1.0
2015-12_gen3ou-0.json,Crawdaunt,Stats,Viability Ceiling,,47
2015-12_gen3ou-0.json,Crawdaunt,Stats,Rash,,14.286
2015-12_gen3ou-0.json,Crawdaunt,Stats,Hardy,,28.571
2015-12_gen3ou-0.json,Crawdaunt,Stats,Careful,,14.286
2015-12_gen3ou-0.json,Crawdaunt,Stats,Naughty,,14.286
2015-12_gen3ou-0.json,Crawdaunt,Abilities,,Hyper Cutter,71.429
2015-12_gen3ou-0.json,Crawdaunt,Abilities,,Shell Armor,28.571
2015-12_gen3ou-0.json,Crawdaunt,Items,,Leftovers,71.429
2015-12_gen3ou-0.json,Crawdaunt,Items,,Nothing,28.571
2015-12_gen3ou-0.json,Crawdaunt,Moves,,Surf,57.143
2015-12_gen3ou-0.json,Crawdaunt,Moves,,Crunch,57.143
2015-12_gen3ou-0.json,Crawdaunt,Moves,,Ice Beam,57.143
2015-12_gen3ou-0.json,Crawdaunt,Moves,,Ancient Power,42.857
2015-12_gen3ou-0.json,Crawdaunt,Moves,,Sludge Bomb,28.571
2015-12_gen3ou-0.json,Crawdaunt,Moves,,Brick Break,28.571
2015-12_gen3ou-0.json,Crawdaunt,Moves,,Crabhammer,28.571
2015-12_gen3ou-0.json,Crawdaunt,Moves,,Facade,28.571
2015-12_gen3ou-0.json,Crawdaunt,Moves,,Knock Off,14.286
2015-12_gen3ou-0.json,Crawdaunt,Moves,,Return,14.286
2015-12_gen3ou-0.json,Crawdaunt,Moves,,Aerial Ace,14.286
2015-12_gen3ou-0.json,Crawdaunt,Moves,,Swords Dance,14.286
2015-12_gen3ou-0.json,Crawdaunt,Moves,,Other,14.286
2015-12_gen3ou-0.json,Slowking,Stats,Raw count,,7
2015-12_gen3ou-0.json,Slowking,Stats,Avg. weight,,1.0
2015-12_gen3ou-0.json,Slowking,Stats,Viability Ceiling,,55
2015-12_gen3ou-0.json,Slowking,Stats,Calm,,57.143
2015-12_gen3ou-0.json,Slowking,Stats,Sassy,,28.571
2015-12_gen3ou-0.json,Slowking,Stats,Modest,,14.286
2015-12_gen3ou-0.json,Slowking,Abilities,,Oblivious,100.0
2015-12_gen3ou-0.json,Slowking,Items,,Leftovers,100.0
2015-12_gen3ou-0.json,Slowking,Moves,,Surf,71.429
2015-12_gen3ou-0.json,Slowking,Moves,,Calm Mind,71.429
2015-12_gen3ou-0.json,Slowking,Moves,,Flamethrower,71.429
2015-12_gen3ou-0.json,Slowking,Moves,,Psychic,57.143
2015-12_gen3ou-0.json,Slowking,Moves,,Ice Beam,42.857
2015-12_gen3ou-0.json,Slowking,Moves,,Curse,28.571
2015-12_gen3ou-0.json,Slowking,Moves,,Rest,28.571
2015-12_gen3ou-0.json,Slowking,Moves,,Earthquake,28.571
2015-12_gen3ou-0.json,Seviper,Stats,Raw count,,8
2015-12_gen3ou-0.json,Seviper,Stats,Avg. weight,,1.0
2015-12_gen3ou-0.json,Seviper,Stats,Viability Ceiling,,45
2015-12_gen3ou-0.json,Seviper,Stats,Hardy,,25.000
2015-12_gen3ou-0.json,Seviper,Stats,Adamant,,12.500
2015-12_gen3ou-0.json,Seviper,Abilities,,Shed Skin,100.0
2015-12_gen3ou-0.json,Seviper,Items,,Leftovers,75.0
2015-12_gen3ou-0.json,Seviper,Items,,Nothing,25.0
2015-12_gen3ou-0.json,Seviper,Moves,,Earthquake,87.5
2015-12_gen3ou-0.json,Seviper,Moves,,Sludge Bomb,62.5
2015-12_gen3ou-0.json,Seviper,Moves,,Glare,62.5
2015-12_gen3ou-0.json,Seviper,Moves,,Flamethrower,62.5
2015-12_gen3ou-0.json,Seviper,Moves,,Crunch,37.5
2015-12_gen3ou-0.json,Seviper,Moves,,Poison Tail,37.5
2015-12_gen3ou-0.json,Seviper,Moves,,Swagger,25.0
2015-12_gen3ou-0.json,Seviper,Moves,,Bite,12.5
2015-12_gen3ou-0.json,Seviper,Moves,,Other,12.5
2015-12_gen3ou-0.json,Delcatty,Stats,Raw count,,6
2015-12_gen3ou-0.json,Delcatty,Stats,Avg. weight,,1.0
2015-12_gen3ou-0.json,Delcatty,Stats,Viability Ceiling,,55
2015-12_gen3ou-0.json,Delcatty,Stats,Modest,,66.667
2015-12_gen3ou-0.json,Delcatty,Stats,Hardy,,33.333
2015-12_gen3ou-0.json,Delcatty,Abilities,,Cute Charm,100.0
2015-12_gen3ou-0.json,Delcatty,Items,,Leftovers,100.0
2015-12_gen3ou-0.json,Delcatty,Moves,,Thunderbolt,66.667
2015-12_gen3ou-0.json,Delcatty,Moves,,Calm Mind,66.667
2015-12_gen3ou-0.json,Delcatty,Moves,,Baton Pass,66.667
2015-12_gen3ou-0.json,Delcatty,Moves,,Heal Bell,66.667
2015-12_gen3ou-0.json,Delcatty,Moves,,Protect,33.333
2015-12_gen3ou-0.json,Delcatty,Moves,,Covet,33.333
2015-12_gen3ou-0.json,Delcatty,Moves,,Assist,33.333
2015-12_gen3ou-0.json,Delcatty,Moves,,Toxic,33.333
2015-12_gen3ou-0.json,Kadabra,Stats,Raw count,,6
2015-12_gen3ou-0.json,Kadabra,Stats,Avg. weight,,1.0
2015-12_gen3ou-0.json,Kadabra,Stats,Viability Ceiling,,55
2015-12_gen3ou-0.json,Kadabra,Stats,Hardy,,100.000
2015-12_gen3ou-0.json,Kadabra,Abilities,,Synchronize,100.0
2015-12_gen3ou-0.json,Kadabra,Items,,Leftovers,83.333
2015-12_gen3ou-0.json,Kadabra,Items,,Nothing,16.667
2015-12_gen3ou-0.json,Kadabra,Moves,,Psychic,100.0
2015-12_gen3ou-0.json,Kadabra,Moves,,Hidden Power Bug,50.0
2015-12_gen3ou-0.json,Kadabra,Moves,,Shadow Ball,50.0
2015-12_gen3ou-0.json,Kadabra,Moves,,Nothing,50.0
2015-12_gen3ou-0.json,Kadabra,Moves,,Psybeam,33.333
2015-12_gen3ou-0.json,Kadabra,Moves,,Flash,33.333
2015-12_gen3ou-0.json,Kadabra,Moves,,Hidden Power Dark,33.333
2015-12_gen3ou-0.json,Kadabra,Moves,,Recover,16.667
2015-12_gen3ou-0.json,Kadabra,Moves,,Thunder Wave,16.667
2015-12_gen3ou-0.json,Kadabra,Moves,,Other,16.667
2015-12_gen3ou-0.json,Butterfree,Stats,Raw count,,6
2015-12_gen3ou-0.json,Butterfree,Stats,Avg. weight,,1.0
2015-12_gen3ou-0.json,Butterfree,Stats,Viability Ceiling,,45
2015-12_gen3ou-0.json,Butterfree,Stats,Impish,,33.333
2015-12_gen3ou-0.json,Butterfree,Stats,Hasty,,33.333
2015-12_gen3ou-0.json,Butterfree,Stats,Adamant,,16.667
2015-12_gen3ou-0.json,Butterfree,Stats,Modest,,16.667
2015-12_gen3ou-0.json,Butterfree,Abilities,,Compound Eyes,100.0
2015-12_gen3ou-0.json,Butterfree,Items,,TwistedSpoon,33.333
2015-12_gen3ou-0.json,Butterfree,Items,,Leftovers,33.333
2015-12_gen3ou-0.json,Butterfree,Items,,SilverPowder,16.667
2015-12_gen3ou-0.json,Butterfree,Items,,Quick Claw,16.667
2015-12_gen3ou-0.json,Butterfree,Moves,,Psychic,83.333
2015-12_gen3ou-0.json,Butterfree,Moves,,Aerial Ace,83.333
2015-12_gen3ou-0.json,Butterfree,Moves,,Silver Wind,83.333
2015-12_gen3ou-0.json,Butterfree,Moves,,Hidden Power Electric,66.667
2015-12_gen3ou-0.json,Butterfree,Moves,,Sleep Powder,33.333
2015-12_gen3ou-0.json,Butterfree,Moves,,Giga Drain,16.667
2015-12_gen3ou-0.json,Butterfree,Moves,,Hidden Power Fire,16.667
2015-12_gen3ou-0.json,Butterfree,Moves,,Other,16.667
2015-12_gen3ou-0.json,Politoed,Stats,Raw count,,7
2015-12_gen3ou-0.json,Politoed,Stats,Avg. weight,,1.0
2015-12_gen3ou-0.json,Politoed,Stats,Viability Ceiling,,55
2015-12_gen3ou-0.json,Politoed,Stats,Calm,,42.857
2015-12_gen3ou-0.json,Politoed,Stats,Bold,,28.571
2015-12_gen3ou-0.json,Politoed,Stats,Modest,,14.286
2015-12_gen3ou-0.json,Politoed,Abilities,,Water Absorb,100.0
2015-12_gen3ou-0.json,Politoed,Items,,Leftovers,85.714
2015-12_gen3ou-0.json,Politoed,Items,,Mystic Water,14.286
2015-12_gen3ou-0.json,Politoed,Moves,,Protect,71.429
2015-12_gen3ou-0.json,Politoed,Moves,,Ice Beam,71.429
2015-12_gen3ou-0.json,Politoed,Moves,,Hydro Pump,57.143
2015-12_gen3ou-0.json,Politoed,Moves,,Rain Dance,42.857
2015-12_gen3ou-0.json,Politoed,Moves,,Substitute,42.857
2015-12_gen3ou-0.json,Politoed,Moves,,Psychic,28.571
2015-12_gen3ou-0.json,Politoed,Moves,,Waterfall,28.571
2015-12_gen3ou-0.json,Politoed,Moves,,Toxic,28.571
2015-12_gen3ou-0.json,Politoed,Moves,,Surf,14.286
2015-12_gen3ou-0.json,Politoed,Moves,,Other,14.286
2015-12_gen3ou-0.json,Squirtle,Stats,Raw count,,6
2015-12_gen3ou-0.json,Squirtle,Stats,Avg. weight,,1.0
2015-12_gen3ou-0.json,Squirtle,Stats,Viability Ceiling,,45
2015-12_gen3ou-0.json,Squirtle,Stats,Hardy,,33.333
2015-12_gen3ou-0.json,Squirtle,Stats,Gentle,,33.333
2015-12_gen3ou-0.json,Squirtle,Stats,Naughty,,16.667
2015-12_gen3ou-0.json,Squirtle,Stats,Modest,,16.667
2015-12_gen3ou-0.json,Squirtle,Abilities,,Torrent,100.0
2015-12_gen3ou-0.json,Squirtle,Items,,Mystic Water,50.0
2015-12_gen3ou-0.json,Squirtle,Items,,Nothing,33.333
2015-12_gen3ou-0.json,Squirtle,Items,,Leftovers,16.667
2015-12_gen3ou-0.json,Squirtle,Moves,,Nothing,100.0
2015-12_gen3ou-0.json,Squirtle,Moves,,Water Gun,50.0
2015-12_gen3ou-0.json,Squirtle,Moves,,Ice Beam,50.0
2015-12_gen3ou-0.json,Squirtle,Moves,,Surf,33.333
2015-12_gen3ou-0.json,Squirtle,Moves,,Hidden Power Electric,33.333
2015-12_gen3ou-0.json,Squirtle,Moves,,Seismic Toss,33.333
2015-12_gen3ou-0.json,Squirtle,Moves,,Toxic,16.667
2015-12_gen3ou-0.json,Squirtle,Moves,,Bite,16.667
2015-12_gen3ou-0.json,Squirtle,Moves,,Rain Dance,16.667
2015-12_gen3ou-0.json,Squirtle,Moves,,Tackle,16.667
2015-12_gen3ou-0.json,Squirtle,Moves,,Hydro Pump,16.667
2015-12_gen3ou-0.json,Squirtle,Moves,,Other,16.667
2015-12_gen3ou-0.json,Victreebel,Stats,Raw count,,7
2015-12_gen3ou-0.json,Victreebel,Stats,Avg. weight,,1.0
2015-12_gen3ou-0.json,Victreebel,Stats,Viability Ceiling,,48
2015-12_gen3ou-0.json,Victreebel,Stats,Adamant,,57.143
2015-12_gen3ou-0.json,Victreebel,Stats,Hasty,,28.571
2015-12_gen3ou-0.json,Victreebel,Stats,Lonely,,14.286
2015-12_gen3ou-0.json,Victreebel,Abilities,,Chlorophyll,100.0
2015-12_gen3ou-0.json,Victreebel,Items,,Leftovers,71.429
2015-12_gen3ou-0.json,Victreebel,Items,,Miracle Seed,28.571
2015-12_gen3ou-0.json,Victreebel,Moves,,Sludge Bomb,71.429
2015-12_gen3ou-0.json,Victreebel,Moves,,Swords Dance,71.429
2015-12_gen3ou-0.json,Victreebel,Moves,,Sunny Day,57.143
2015-12_gen3ou-0.json,Victreebel,Moves,,Synthesis,57.143
2015-12_gen3ou-0.json,Victreebel,Moves,,Spit Up,28.571
2015-12_gen3ou-0.json,Victreebel,Moves,,Stockpile,28.571
2015-12_gen3ou-0.json,Victreebel,Moves,,Wrap,28.571
2015-12_gen3ou-0.json,Victreebel,Moves,,Swallow,28.571
2015-12_gen3ou-0.json,Victreebel,Moves,,Giga Drain,14.286
2015-12_gen3ou-0.json,Victreebel,Moves,,Other,14.286
2015-12_gen3ou-0.json,Onix,Stats,Raw count,,6
2015-12_gen3ou-0.json,Onix,Stats,Avg. weight,,1.0
2015-12_gen3ou-0.json,Onix,Stats,Viability Ceiling,,53
2015-12_gen3ou-0.json,Onix,Stats,Impish,,33.333
2015-12_gen3ou-0.json,Onix,Stats,Relaxed,,33.333
2015-12_gen3ou-0.json,Onix,Stats,Lax,,33.333
2015-12_gen3ou-0.json,Onix,Abilities,,Sturdy,100.0
2015-12_gen3ou-0.json,Onix,Items,,Leftovers,66.667
2015-12_gen3ou-0.json,Onix,Items,,Hard Stone,33.333
2015-12_gen3ou-0.json,Onix,Moves,,Toxic,100.0
2015-12_gen3ou-0.json,Onix,Moves,,Iron Tail,66.667
2015-12_gen3ou-0.json,Onix,Moves,,Rock Tomb,66.667
2015-12_gen3ou-0.json,Onix,Moves,,Dragon Breath,66.667
2015-12_gen3ou-0.json,Onix,Moves,,Protect,33.333
2015-12_gen3ou-0.json,Onix,Moves,,Explosion,33.333
2015-12_gen3ou-0.json,Onix,Moves,,Sand Tomb,33.333
2015-12_gen3ou-0.json,Lunatone,Stats,Raw count,,5
2015-12_gen3ou-0.json,Lunatone,Stats,Avg. weight,,1.0
2015-12_gen3ou-0.json,Lunatone,Stats,Viability Ceiling,,69
2015-12_gen3ou-0.json,Lunatone,Stats,Bold,,20.000
2015-12_gen3ou-0.json,Lunatone,Abilities,,Levitate,100.0
2015-12_gen3ou-0.json,Lunatone,Items,,Leftovers,100.0
2015-12_gen3ou-0.json,Lunatone,Moves,,Calm Mind,100.0
2015-12_gen3ou-0.json,Lunatone,Moves,,Baton Pass,100.0
2015-12_gen3ou-0.json,Lunatone,Moves,,Ice Beam,100.0
2015-12_gen3ou-0.json,Lunatone,Moves,,Hypnosis,80.0
2015-12_gen3ou-0.json,Lunatone,Moves,,Psychic,20.0
2015-12_gen3ou-0.json,Omastar,Stats,Raw count,,5
2015-12_gen3ou-0.json,Omastar,Stats,Avg. weight,,1.0
2015-12_gen3ou-0.json,Omastar,Stats,Viability Ceiling,,55
2015-12_gen3ou-0.json,Omastar,Stats,Rash,,40.000
2015-12_gen3ou-0.json,Omastar,Stats,Bold,,20.000
2015-12_gen3ou-0.json,Omastar,Stats,Modest,,20.000
2015-12_gen3ou-0.json,Omastar,Abilities,,Swift Swim,60.0
2015-12_gen3ou-0.json,Omastar,Abilities,,Shell Armor,40.0
2015-12_gen3ou-0.json,Omastar,Items,,Nothing,40.0
2015-12_gen3ou-0.json,Omastar,Items,,Leftovers,40.0
2015-12_gen3ou-0.json,Omastar,Items,,Mystic Water,20.0
2015-12_gen3ou-0.json,Omastar,Moves,,Surf,60.0
2015-12_gen3ou-0.json,Omastar,Moves,,Spikes,40.0
2015-12_gen3ou-0.json,Omastar,Moves,,Blizzard,40.0
2015-12_gen3ou-0.json,Omastar,Moves,,Rock Slide,40.0
2015-12_gen3ou-0.json,Omastar,Moves,,Water Pulse,40.0
2015-12_gen3ou-0.json,Omastar,Moves,,Toxic,40.0
2015-12_gen3ou-0.json,Omastar,Moves,,Hydro Pump,40.0
2015-12_gen3ou-0.json,Omastar,Moves,,Ice Beam,20.0
2015-12_gen3ou-0.json,Omastar,Moves,,Rain Dance,20.0
2015-12_gen3ou-0.json,Omastar,Moves,,Rest,20.0
2015-12_gen3ou-0.json,Omastar,Moves,,Hidden Power Electric,20.0
2015-12_gen3ou-0.json,Omastar,Moves,,Other,20.0
2015-12_gen3ou-0.json,Noctowl,Stats,Raw count,,5
2015-12_gen3ou-0.json,Noctowl,Stats,Avg. weight,,1.0
2015-12_gen3ou-0.json,Noctowl,Stats,Viability Ceiling,,60
2015-12_gen3ou-0.json,Noctowl,Stats,Timid,,100.000
2015-12_gen3ou-0.json,Noctowl,Abilities,,Insomnia,100.0
2015-12_gen3ou-0.json,Noctowl,Items,,Leftovers,100.0
2015-12_gen3ou-0.json,Noctowl,Moves,,Hypnosis,100.0
2015-12_gen3ou-0.json,Noctowl,Moves,,Psychic,100.0
2015-12_gen3ou-0.json,Noctowl,Moves,,Feint Attack,100.0
2015-12_gen3ou-0.json,Noctowl,Moves,,Hidden Power Grass,100.0
2015-12_gen3ou-0.json,Wigglytuff,Stats,Raw count,,5
2015-12_gen3ou-0.json,Wigglytuff,Stats,Avg. weight,,1.0
2015-12_gen3ou-0.json,Wigglytuff,Stats,Viability Ceiling,,58
2015-12_gen3ou-0.json,Wigglytuff,Stats,Lonely,,40.000
2015-12_gen3ou-0.json,Wigglytuff,Stats,Calm,,40.000
2015-12_gen3ou-0.json,Wigglytuff,Stats,Modest,,20.000
2015-12_gen3ou-0.json,Wigglytuff,Abilities,,Cute Charm,100.0
2015-12_gen3ou-0.json,Wigglytuff,Items,,Leftovers,60.0
2015-12_gen3ou-0.json,Wigglytuff,Items,,Charcoal,40.0
2015-12_gen3ou-0.json,Wigglytuff,Moves,,Flamethrower,60.0
2015-12_gen3ou-0.json,Wigglytuff,Moves,,Protect,40.0
2015-12_gen3ou-0.json,Wigglytuff,Moves,,Return,40.0
2015-12_gen3ou-0.json,Wigglytuff,Moves,,Focus Punch,40.0
2015-12_gen3ou-0.json,Wigglytuff,Moves,,Rest,40.0
2015-12_gen3ou-0.json,Wigglytuff,Moves,,Disable,40.0
2015-12_gen3ou-0.json,Wigglytuff,Moves,,Substitute,40.0
2015-12_gen3ou-0.json,Wigglytuff,Moves,,Fire Blast,40.0
2015-12_gen3ou-0.json,Wigglytuff,Moves,,Hidden Power Bug,20.0
2015-12_gen3ou-0.json,Wigglytuff,Moves,,Hyper Voice,20.0
2015-12_gen3ou-0.json,Wigglytuff,Moves,,Sing,20.0
2015-12_gen3ou-0.json,Persian,Stats,Raw count,,5
2015-12_gen3ou-0.json,Persian,Stats,Avg. weight,,1.0
2015-12_gen3ou-0.json,Persian,Stats,Viability Ceiling,,46
2015-12_gen3ou-0.json,Persian,Stats,Jolly,,60.000
2015-12_gen3ou-0.json,Persian,Stats,Hardy,,20.000
2015-12_gen3ou-0.json,Persian,Stats,Hasty,,20.000
2015-12_gen3ou-0.json,Persian,Abilities,,Limber,100.0
2015-12_gen3ou-0.json,Persian,Items,,Mago Berry,60.0
2015-12_gen3ou-0.json,Persian,Items,,Nothing,20.0
2015-12_gen3ou-0.json,Persian,Items,,Scope Lens,20.0
2015-12_gen3ou-0.json,Persian,Moves,,Fake Out,100.0
2015-12_gen3ou-0.json,Persian,Moves,,Return,60.0
2015-12_gen3ou-0.json,Persian,Moves,,Sunny Day,60.0
2015-12_gen3ou-0.json,Persian,Moves,,Shadow Ball,60.0
2015-12_gen3ou-0.json,Persian,Moves,,Slash,40.0
2015-12_gen3ou-0.json,Persian,Moves,,Hidden Power Psychic,20.0
2015-12_gen3ou-0.json,Persian,Moves,,Iron Tail,20.0
2015-12_gen3ou-0.json,Persian,Moves,,Water Pulse,20.0
2015-12_gen3ou-0.json,Persian,Moves,,Other,20.0
2015-12_gen3ou-0.json,Plusle,Stats,Raw count,,6
2015-12_gen3ou-0.json,Plusle,Stats,Avg. weight,,1.0
2015-12_gen3ou-0.json,Plusle,Stats,Viability Ceiling,,49
2015-12_gen3ou-0.json,Plusle,Stats,Bold,,33.333
2015-12_gen3ou-0.json,Plusle,Stats,Hardy,,33.333
2015-12_gen3ou-0.json,Plusle,Stats,Timid,,16.667
2015-12_gen3ou-0.json,Plusle,Abilities,,Plus,100.0
2015-12_gen3ou-0.json,Plusle,Items,,Nothing,66.667
2015-12_gen3ou-0.json,Plusle,Items,,Petaya Berry,16.667
2015-12_gen3ou-0.json,Plusle,Items,,Quick Claw,16.667
2015-12_gen3ou-0.json,Plusle,Moves,,Agility,83.333
2015-12_gen3ou-0.json,Plusle,Moves,,Thunderbolt,83.333
2015-12_gen3ou-0.json,Plusle,Moves,,Baton Pass,83.333
2015-12_gen3ou-0.json,Plusle,Moves,,Thunder Wave,83.333
2015-12_gen3ou-0.json,Plusle,Moves,,Metronome,16.667
2015-12_gen3ou-0.json,Plusle,Moves,,Wish,16.667
2015-12_gen3ou-0.json,Plusle,Moves,,Hidden Power Grass,16.667
2015-12_gen3ou-0.json,Plusle,Moves,,Other,16.667
2015-12_gen3ou-0.json,Spinda,Stats,Raw count,,7
2015-12_gen3ou-0.json,Spinda,Stats,Avg. weight,,1.0
2015-12_gen3ou-0.json,Spinda,Stats,Viability Ceiling,,47
2015-12_gen3ou-0.json,Spinda,Stats,Impish,,85.714
2015-12_gen3ou-0.json,Spinda,Stats,Timid,,14.286
2015-12_gen3ou-0.json,Spinda,Abilities,,Own Tempo,100.0
2015-12_gen3ou-0.json,Spinda,Items,,Leftovers,85.714
2015-12_gen3ou-0.json,Spinda,Items,,Salac Berry,14.286
2015-12_gen3ou-0.json,Spinda,Moves,,Teeter Dance,85.714
2015-12_gen3ou-0.json,Spinda,Moves,,Substitute,85.714
2015-12_gen3ou-0.json,Spinda,Moves,,Double-Edge,85.714
2015-12_gen3ou-0.json,Spinda,Moves,,Seismic Toss,85.714
2015-12_gen3ou-0.json,Spinda,Moves,,Calm Mind,14.286
2015-12_gen3ou-0.json,Spinda,Moves,,Baton Pass,14.286
2015-12_gen3ou-0.json,Spinda,Moves,,Hypnosis,14.286
2015-12_gen3ou-0.json,Spinda,Moves,,Other,14.286
2015-12_gen3ou-0.json,Magcargo,Stats,Raw count,,5
2015-12_gen3ou-0.json,Magcargo,Stats,Avg. weight,,1.0
2015-12_gen3ou-0.json,Magcargo,Stats,Viability Ceiling,,46
2015-12_gen3ou-0.json,Magcargo,Stats,Relaxed,,40.000
2015-12_gen3ou-0.json,Magcargo,Stats,Brave,,40.000
2015-12_gen3ou-0.json,Magcargo,Stats,Sassy,,20.000
2015-12_gen3ou-0.json,Magcargo,Abilities,,Flame Body,60.0
2015-12_gen3ou-0.json,Magcargo,Abilities,,Magma Armor,40.0
2015-12_gen3ou-0.json,Magcargo,Items,,Charcoal,40.0
2015-12_gen3ou-0.json,Magcargo,Items,,Choice Band,40.0
2015-12_gen3ou-0.json,Magcargo,Items,,Lum Berry,20.0
2015-12_gen3ou-0.json,Magcargo,Moves,,Overheat,100.0
2015-12_gen3ou-0.json,Magcargo,Moves,,Rock Slide,80.0
2015-12_gen3ou-0.json,Magcargo,Moves,,Earthquake,80.0
2015-12_gen3ou-0.json,Magcargo,Moves,,Self-Destruct,40.0
2015-12_gen3ou-0.json,Magcargo,Moves,,Flamethrower,40.0
2015-12_gen3ou-0.json,Magcargo,Moves,,Rest,20.0
2015-12_gen3ou-0.json,Magcargo,Moves,,Reflect,20.0
2015-12_gen3ou-0.json,Magcargo,Moves,,Other,20.0
2015-12_gen3ou-0.json,Golbat,Stats,Raw count,,7
2015-12_gen3ou-0.json,Golbat,Stats,Avg. weight,,1.0
2015-12_gen3ou-0.json,Golbat,Stats,Viability Ceiling,,56
2015-12_gen3ou-0.json,Golbat,Stats,Calm,,100.000
2015-12_gen3ou-0.json,Golbat,Abilities,,Inner Focus,100.0
2015-12_gen3ou-0.json,Golbat,Items,,Leftovers,100.0
2015-12_gen3ou-0.json,Golbat,Moves,,Toxic,100.0
2015-12_gen3ou-0.json,Golbat,Moves,,Hidden Power Flying,100.0
2015-12_gen3ou-0.json,Golbat,Moves,,Confuse Ray,100.0
2015-12_gen3ou-0.json,Golbat,Moves,,Protect,100.0
2015-12_gen3ou-0.json,Octillery,Stats,Raw count,,5
2015-12_gen3ou-0.json,Octillery,Stats,Avg. weight,,1.0
2015-12_gen3ou-0.json,Octillery,Stats,Viability Ceiling,,59
2015-12_gen3ou-0.json,Octillery,Stats,Timid,,100.000
2015-12_gen3ou-0.json,Octillery,Abilities,,Suction Cups,100.0
2015-12_gen3ou-0.json,Octillery,Items,,Leftovers,100.0
2015-12_gen3ou-0.json,Octillery,Moves,,Surf,100.0
2015-12_gen3ou-0.json,Octillery,Moves,,Fire Blast,100.0
2015-12_gen3ou-0.json,Octillery,Moves,,Bullet Seed,100.0
2015-12_gen3ou-0.json,Octillery,Moves,,Ice Beam,100.0
2015-12_gen3ou-0.json,Mawile,Stats,Raw count,,5
2015-12_gen3ou-0.json,Mawile,Stats,Avg. weight,,1.0
2015-12_gen3ou-0.json,Mawile,Stats,Viability Ceiling,,45
2015-12_gen3ou-0.json,Mawile,Stats,Impish,,60.000
2015-12_gen3ou-0.json,Mawile,Stats,Adamant,,20.000
2015-12_gen3ou-0.json,Mawile,Stats,Hardy,,20.000
2015-12_gen3ou-0.json,Mawile,Abilities,,Intimidate,80.0
2015-12_gen3ou-0.json,Mawile,Abilities,,Hyper Cutter,20.0
2015-12_gen3ou-0.json,Mawile,Items,,Leftovers,60.0
2015-12_gen3ou-0.json,Mawile,Items,,Sitrus Berry,20.0
2015-12_gen3ou-0.json,Mawile,Items,,Choice Band,20.0
2015-12_gen3ou-0.json,Mawile,Moves,,Baton Pass,80.0
2015-12_gen3ou-0.json,Mawile,Moves,,Swords Dance,80.0
2015-12_gen3ou-0.json,Mawile,Moves,,Brick Break,60.0
2015-12_gen3ou-0.json,Mawile,Moves,,Iron Defense,60.0
2015-12_gen3ou-0.json,Mawile,Moves,,Sludge Bomb,20.0
2015-12_gen3ou-0.json,Mawile,Moves,,Rock Slide,20.0
2015-12_gen3ou-0.json,Mawile,Moves,,Stockpile,20.0
2015-12_gen3ou-0.json,Mawile,Moves,,Double-Edge,20.0
2015-12_gen3ou-0.json,Mawile,Moves,,Ancient Power,20.0
2015-12_gen3ou-0.json,Mawile,Moves,,Other,20.0
2015-12_gen3ou-0.json,Fearow,Stats,Raw count,,4
2015-12_gen3ou-0.json,Fearow,Stats,Avg. weight,,1.0
2015-12_gen3ou-0.json,Fearow,Stats,Viability Ceiling,,45
2015-12_gen3ou-0.json,Fearow,Stats,Jolly,,25.000
2015-12_gen3ou-0.json,Fearow,Stats,Naive,,25.000
2015-12_gen3ou-0.json,Fearow,Abilities,,Keen Eye,100.0
2015-12_gen3ou-0.json,Fearow,Items,,Nothing,50.0
2015-12_gen3ou-0.json,Fearow,Items,,Silk Scarf,25.0
2015-12_gen3ou-0.json,Fearow,Items,,King's Rock,25.0
2015-12_gen3ou-0.json,Fearow,Moves,,Drill Peck,100.0
2015-12_gen3ou-0.json,Fearow,Moves,,Return,75.0
2015-12_gen3ou-0.json,Fearow,Moves,,Quick Attack,75.0
2015-12_gen3ou-0.json,Fearow,Moves,,Endure,50.0
2015-12_gen3ou-0.json,Fearow,Moves,,Hidden Power Ground,25.0
2015-12_gen3ou-0.json,Fearow,Moves,,Tri Attack,25.0
2015-12_gen3ou-0.json,Fearow,Moves,,Hyper Beam,25.0
2015-12_gen3ou-0.json,Fearow,Moves,,Toxic,25.0
2015-12_gen3ou-0.json,Swalot,Stats,Raw count,,5
2015-12_gen3ou-0.json,Swalot,Stats,Avg. weight,,1.0
2015-12_gen3ou-0.json,Swalot,Stats,Viability Ceiling,,46
2015-12_gen3ou-0.json,Swalot,Stats,Impish,,60.000
2015-12_gen3ou-0.json,Swalot,Stats,Sassy,,20.000
2015-12_gen3ou-0.json,Swalot,Stats,Lonely,,20.000
2015-12_gen3ou-0.json,Swalot,Abilities,,Liquid Ooze,100.0
2015-12_gen3ou-0.json,Swalot,Items,,Leftovers,100.0
2015-12_gen3ou-0.json,Swalot,Moves,,Sludge Bomb,80.0
2015-12_gen3ou-0.json,Swalot,Moves,,Toxic,60.0
2015-12_gen3ou-0.json,Swalot,Moves,,Pain Split,60.0
2015-12_gen3ou-0.json,Swalot,Moves,,Encore,60.0
2015-12_gen3ou-0.json,Swalot,Moves,,Protect,20.0
2015-12_gen3ou-0.json,Swalot,Moves,,Explosion,20.0
2015-12_gen3ou-0.json,Swalot,Moves,,Giga Drain,20.0
2015-12_gen3ou-0.json,Swalot,Moves,,Ice Punch,20.0
2015-12_gen3ou-0.json,Swalot,Moves,,Body Slam,20.0
2015-12_gen3ou-0.json,Swalot,Moves,,Fire Punch,20.0
2015-12_gen3ou-0.json,Swalot,Moves,,Other,20.0
2015-12_gen3ou-0.json,Jumpluff,Stats,Raw count,,4
2015-12_gen3ou-0.json,Jumpluff,Stats,Avg. weight,,1.0
2015-12_gen3ou-0.json,Jumpluff,Stats,Viability Ceiling,,48
2015-12_gen3ou-0.json,Jumpluff,Stats,Jolly,,25.000
2015-12_gen3ou-0.json,Jumpluff,Stats,Timid,,25.000
2015-12_gen3ou-0.json,Jumpluff,Abilities,,Chlorophyll,100.0
2015-12_gen3ou-0.json,Jumpluff,Items,,Leftovers,100.0
2015-12_gen3ou-0.json,Jumpluff,Moves,,Leech Seed,100.0
2015-12_gen3ou-0.json,Jumpluff,Moves,,Encore,75.0
2015-12_gen3ou-0.json,Jumpluff,Moves,,Sleep Powder,75.0
2015-12_gen3ou-0.json,Jumpluff,Moves,,Substitute,50.0
2015-12_gen3ou-0.json,Jumpluff,Moves,,Protect,25.0
2015-12_gen3ou-0.json,Jumpluff,Moves,,Swords Dance,25.0
2015-12_gen3ou-0.json,Jumpluff,Moves,,Hidden Power Flying,25.0
2015-12_gen3ou-0.json,Jumpluff,Moves,,Toxic,25.0
2015-12_gen3ou-0.json,Chimecho,Stats,Raw count,,4
2015-12_gen3ou-0.json,Chimecho,Stats,Avg. weight,,1.0
2015-12_gen3ou-0.json,Chimecho,Stats,Viability Ceiling,,46
2015-12_gen3ou-0.json,Chimecho,Stats,Calm,,75.000
2015-12_gen3ou-0.json,Chimecho,Stats,Modest,,25.000
2015-12_gen3ou-0.json,Chimecho,Abilities,,Levitate,100.0
2015-12_gen3ou-0.json,Chimecho,Items,,Leftovers,100.0
2015-12_gen3ou-0.json,Chimecho,Moves,,Psychic,100.0
2015-12_gen3ou-0.json,Chimecho,Moves,,Reflect,100.0
2015-12_gen3ou-0.json,Chimecho,Moves,,Heal Bell,75.0
2015-12_gen3ou-0.json,Chimecho,Moves,,Light Screen,75.0
2015-12_gen3ou-0.json,Chimecho,Moves,,Protect,25.0
2015-12_gen3ou-0.json,Chimecho,Moves,,Toxic,25.0
2015-12_gen3ou-0.json,Stantler,Stats,Raw count,,5
2015-12_gen3ou-0.json,Stantler,Stats,Avg. weight,,1.0
2015-12_gen3ou-0.json,Stantler,Stats,Viability Ceiling,,55
2015-12_gen3ou-0.json,Stantler,Stats,Jolly,,20.000
2015-12_gen3ou-0.json,Stantler,Stats,Naive,,20.000
2015-12_gen3ou-0.json,Stantler,Abilities,,Intimidate,100.0
2015-12_gen3ou-0.json,Stantler,Items,,Choice Band,60.0
2015-12_gen3ou-0.json,Stantler,Items,,Leftovers,20.0
2015-12_gen3ou-0.json,Stantler,Items,,King's Rock,20.0
2015-12_gen3ou-0.json,Stantler,Moves,,Earthquake,100.0
2015-12_gen3ou-0.json,Stantler,Moves,,Return,80.0
2015-12_gen3ou-0.json,Stantler,Moves,,Shadow Ball,80.0
2015-12_gen3ou-0.json,Stantler,Moves,,Hidden Power Flying,60.0
2015-12_gen3ou-0.json,Stantler,Moves,,Extrasensory,20.0
2015-12_gen3ou-0.json,Stantler,Moves,,Bite,20.0
2015-12_gen3ou-0.json,Stantler,Moves,,Thunder Wave,20.0
2015-12_gen3ou-0.json,Stantler,Moves,,Other,20.0
2015-12_gen3ou-0.json,Meganium,Stats,Raw count,,5
2015-12_gen3ou-0.json,Meganium,Stats,Avg. weight,,1.0
2015-12_gen3ou-0.json,Meganium,Stats,Viability Ceiling,,49
2015-12_gen3ou-0.json,Meganium,Stats,Calm,,40.000
2015-12_gen3ou-0.json,Meganium,Stats,Modest,,40.000
2015-12_gen3ou-0.json,Meganium,Stats,Sassy,,20.000
2015-12_gen3ou-0.json,Meganium,Abilities,,Overgrow,100.0
2015-12_gen3ou-0.json,Meganium,Items,,Leftovers,100.0
2015-12_gen3ou-0.json,Meganium,Moves,,Toxic,80.0
2015-12_gen3ou-0.json,Meganium,Moves,,Leech Seed,60.0
2015-12_gen3ou-0.json,Meganium,Moves,,Reflect,60.0
2015-12_gen3ou-0.json,Meganium,Moves,,Protect,40.0
2015-12_gen3ou-0.json,Meganium,Moves,,Giga Drain,40.0
2015-12_gen3ou-0.json,Meganium,Moves,,Light Screen,40.0
2015-12_gen3ou-0.json,Meganium,Moves,,Synthesis,40.0
2015-12_gen3ou-0.json,Meganium,Moves,,Hidden Power Bug,20.0
2015-12_gen3ou-0.json,Meganium,Moves,,Razor Leaf,20.0
2015-12_gen3ou-0.json,Aron,Stats,Raw count,,4
2015-12_gen3ou-0.json,Aron,Stats,Avg. weight,,1.0
2015-12_gen3ou-0.json,Aron,Stats,Viability Ceiling,,55
2015-12_gen3ou-0.json,Aron,Stats,Hardy,,25.000
2015-12_gen3ou-0.json,Aron,Stats,Naughty,,25.000
2015-12_gen3ou-0.json,Aron,Abilities,,Sturdy,100.0
2015-12_gen3ou-0.json,Aron,Items,,Shell Bell,100.0
2015-12_gen3ou-0.json,Aron,Moves,,Endeavor,100.0
2015-12_gen3ou-0.json,Aron,Moves,,Earthquake,75.0
2015-12_gen3ou-0.json,Aron,Moves,,Nothing,75.0
2015-12_gen3ou-0.json,Aron,Moves,,Protect,50.0
2015-12_gen3ou-0.json,Aron,Moves,,Roar,50.0
2015-12_gen3ou-0.json,Aron,Moves,,Aerial Ace,25.0
2015-12_gen3ou-0.json,Aron,Moves,,Facade,25.0
2015-12_gen3ou-0.json,Raticate,Stats,Raw count,,3
2015-12_gen3ou-0.json,Raticate,Stats,Avg. weight,,1.0
2015-12_gen3ou-0.json,Raticate,Stats,Viability Ceiling,,43
2015-12_gen3ou-0.json,Raticate,Stats,Jolly,,33.333
2015-12_gen3ou-0.json,Raticate,Abilities,,Guts,100.0
2015-12_gen3ou-0.json,Raticate,Items,,Salac Berry,100.0
2015-12_gen3ou-0.json,Raticate,Moves,,Shadow Ball,100.0
2015-12_gen3ou-0.json,Raticate,Moves,,Endeavor,100.0
2015-12_gen3ou-0.json,Raticate,Moves,,Return,100.0
2015-12_gen3ou-0.json,Raticate,Moves,,Endure,100.0
2015-12_gen3ou-0.json,Nosepass,Stats,Raw count,,3
2015-12_gen3ou-0.json,Nosepass,Stats,Avg. weight,,1.0
2015-12_gen3ou-0.json,Nosepass,Stats,Viability Ceiling,,46
2015-12_gen3ou-0.json,Nosepass,Stats,Modest,,100.000
2015-12_gen3ou-0.json,Nosepass,Abilities,,Magnet Pull,100.0
2015-12_gen3ou-0.json,Nosepass,Items,,Magnet,100.0
2015-12_gen3ou-0.json,Nosepass,Moves,,Thunder Wave,100.0
2015-12_gen3ou-0.json,Nosepass,Moves,,Hidden Power Fire,100.0
2015-12_gen3ou-0.json,Nosepass,Moves,,Thunderbolt,100.0
2015-12_gen3ou-0.json,Nosepass,Moves,,Taunt,66.667
2015-12_gen3ou-0.json,Nosepass,Moves,,Nothing,33.333
2015-12_gen3ou-0.json,Kabutops,Stats,Raw count,,3
2015-12_gen3ou-0.json,Kabutops,Stats,Avg. weight,,1.0
2015-12_gen3ou-0.json,Kabutops,Stats,Viability Ceiling,,60
2015-12_gen3ou-0.json,Kabutops,Stats,Impish,,66.667
2015-12_gen3ou-0.json,Kabutops,Stats,Modest,,33.333
2015-12_gen3ou-0.json,Kabutops,Abilities,,Battle Armor,66.667
2015-12_gen3ou-0.json,Kabutops,Abilities,,Swift Swim,33.333
2015-12_gen3ou-0.json,Kabutops,Items,,Quick Claw,66.667
2015-12_gen3ou-0.json,Kabutops,Items,,Leftovers,33.333
2015-12_gen3ou-0.json,Kabutops,Moves,,Brick Break,66.667
2015-12_gen3ou-0.json,Kabutops,Moves,,Rock Slide,66.667
2015-12_gen3ou-0.json,Kabutops,Moves,,Swords Dance,66.667
2015-12_gen3ou-0.json,Kabutops,Moves,,Hidden Power Flying,66.667
2015-12_gen3ou-0.json,Kabutops,Moves,,Surf,33.333
2015-12_gen3ou-0.json,Kabutops,Moves,,Giga Drain,33.333
2015-12_gen3ou-0.json,Kabutops,Moves,,Rain Dance,33.333
2015-12_gen3ou-0.json,Kabutops,Moves,,Ice Beam,33.333
2015-12_gen3ou-0.json,Vigoroth,Stats,Raw count,,3
2015-12_gen3ou-0.json,Vigoroth,Stats,Avg. weight,,1.0
2015-12_gen3ou-0.json,Vigoroth,Stats,Viability Ceiling,,41
2015-12_gen3ou-0.json,Vigoroth,Stats,Hardy,,100.000
2015-12_gen3ou-0.json,Vigoroth,Abilities,,Vital Spirit,100.0
2015-12_gen3ou-0.json,Vigoroth,Items,,Leftovers,100.0
2015-12_gen3ou-0.json,Vigoroth,Moves,,Bulk Up,100.0
2015-12_gen3ou-0.json,Vigoroth,Moves,,Body Slam,100.0
2015-12_gen3ou-0.json,Vigoroth,Moves,,Earthquake,100.0
2015-12_gen3ou-0.json,Vigoroth,Moves,,Slack Off,100.0
2015-12_gen3ou-0.json,Eevee,Stats,Raw count,,3
2015-12_gen3ou-0.json,Eevee,Stats,Avg. weight,,1.0
2015-12_gen3ou-0.json,Eevee,Stats,Viability Ceiling,,48
2015-12_gen3ou-0.json,Eevee,Stats,Hardy,,100.000
2015-12_gen3ou-0.json,Eevee,Abilities,,Run Away,100.0
2015-12_gen3ou-0.json,Eevee,Items,,Leftovers,100.0
2015-12_gen3ou-0.json,Eevee,Moves,,Flail,100.0
2015-12_gen3ou-0.json,Eevee,Moves,,Protect,100.0
2015-12_gen3ou-0.json,Eevee,Moves,,Dig,100.0
2015-12_gen3ou-0.json,Eevee,Moves,,Mud-Slap,100.0
2015-12_gen3ou-0.json,Electrode,Stats,Raw count,,3
2015-12_gen3ou-0.json,Electrode,Stats,Avg. weight,,1.0
2015-12_gen3ou-0.json,Electrode,Stats,Viability Ceiling,,52
2015-12_gen3ou-0.json,Electrode,Stats,Timid,,66.667
2015-12_gen3ou-0.json,Electrode,Stats,Hasty,,33.333
2015-12_gen3ou-0.json,Electrode,Abilities,,Soundproof,100.0
2015-12_gen3ou-0.json,Electrode,Items,,Leftovers,66.667
2015-12_gen3ou-0.json,Electrode,Items,,Scope Lens,33.333
2015-12_gen3ou-0.json,Electrode,Moves,,Explosion,100.0
2015-12_gen3ou-0.json,Electrode,Moves,,Thunderbolt,100.0
2015-12_gen3ou-0.json,Electrode,Moves,,Thunder Wave,66.667
2015-12_gen3ou-0.json,Electrode,Moves,,Hidden Power Grass,66.667
2015-12_gen3ou-0.json,Electrode,Moves,,Hidden Power Ice,33.333
2015-12_gen3ou-0.json,Electrode,Moves,,Swagger,33.333
2015-12_gen3ou-0.json,Volbeat,Stats,Raw count,,3
2015-12_gen3ou-0.json,Volbeat,Stats,Avg. weight,,1.0
2015-12_gen3ou-0.json,Volbeat,Stats,Viability Ceiling,,31
2015-12_gen3ou-0.json,Volbeat,Stats,Timid,,100.000
2015-12_gen3ou-0.json,Volbeat,Abilities,,Illuminate,100.0
2015-12_gen3ou-0.json,Volbeat,Items,,Leftovers,100.0
2015-12_gen3ou-0.json,Volbeat,Moves,,Ice Punch,100.0
2015-12_gen3ou-0.json,Volbeat,Moves,,Confuse Ray,100.0
2015-12_gen3ou-0.json,Volbeat,Moves,,Attract,100.0
2015-12_gen3ou-0.json,Volbeat,Moves,,Tail Glow,100.0
2015-12_gen3ou-0.json,Huntail,Stats,Raw count,,4
2015-12_gen3ou-0.json,Huntail,Stats,Avg. weight,,1.0
2015-12_gen3ou-0.json,Huntail,Stats,Viability Ceiling,,63
2015-12_gen3ou-0.json,Huntail,Stats,Impish,,100.000
2015-12_gen3ou-0.json,Huntail,Abilities,,Swift Swim,100.0
2015-12_gen3ou-0.json,Huntail,Items,,Leftovers,100.0
2015-12_gen3ou-0.json,Huntail,Moves,,Swagger,100.0
2015-12_gen3ou-0.json,Huntail,Moves,,Baton Pass,100.0
2015-12_gen3ou-0.json,Huntail,Moves,,Iron Defense,100.0
2015-12_gen3ou-0.json,Huntail,Moves,,Body Slam,100.0
2015-12_gen3ou-0.json,Bulbasaur,Stats,Raw count,,2
2015-12_gen3ou-0.json,Bulbasaur,Stats,Avg. weight,,1.0
2015-12_gen3ou-0.json,Bulbasaur,Stats,Viability Ceiling,,45
2015-12_gen3ou-0.json,Bulbasaur,Stats,Modest,,50.000
2015-12_gen3ou-0.json,Bulbasaur,Stats,Adamant,,50.000
2015-12_gen3ou-0.json,Bulbasaur,Abilities,,Overgrow,100.0
2015-12_gen3ou-0.json,Bulbasaur,Items,,Miracle Seed,50.0
2015-12_gen3ou-0.json,Bulbasaur,Items,,Sitrus Berry,50.0
2015-12_gen3ou-0.json,Bulbasaur,Moves,,Sludge Bomb,50.0
2015-12_gen3ou-0.json,Bulbasaur,Moves,,Growl,50.0
2015-12_gen3ou-0.json,Bulbasaur,Moves,,Sunny Day,50.0
2015-12_gen3ou-0.json,Bulbasaur,Moves,,Giga Drain,50.0
2015-12_gen3ou-0.json,Bulbasaur,Moves,,Vine Whip,50.0
2015-12_gen3ou-0.json,Bulbasaur,Moves,,Hidden Power Fire,50.0
2015-12_gen3ou-0.json,Bulbasaur,Moves,,Sleep Powder,50.0
2015-12_gen3ou-0.json,Bulbasaur,Moves,,Tackle,50.0
2015-12_gen3ou-0.json,Bellossom,Stats,Raw count,,3
2015-12_gen3ou-0.json,Bellossom,Stats,Avg. weight,,1.0
2015-12_gen3ou-0.json,Bellossom,Stats,Viability Ceiling,,48
2015-12_gen3ou-0.json,Bellossom,Stats,Modest,,33.333
2015-12_gen3ou-0.json,Bellossom,Abilities,,Chlorophyll,100.0
2015-12_gen3ou-0.json,Bellossom,Items,,Leftovers,100.0
2015-12_gen3ou-0.json,Bellossom,Moves,,Solar Beam,66.667
2015-12_gen3ou-0.json,Bellossom,Moves,,Hidden Power Fire,66.667
2015-12_gen3ou-0.json,Bellossom,Moves,,Sleep Powder,66.667
2015-12_gen3ou-0.json,Bellossom,Moves,,Sunny Day,66.667
2015-12_gen3ou-0.json,Bellossom,Moves,,Sludge Bomb,33.333
2015-12_gen3ou-0.json,Bellossom,Moves,,Petal Dance,33.333
2015-12_gen3ou-0.json,Bellossom,Moves,,Magical Leaf,33.333
2015-12_gen3ou-0.json,Bellossom,Moves,,Moonlight,33.333
2015-12_gen3ou-0.json,Pelipper,Stats,Raw count,,2
2015-12_gen3ou-0.json,Pelipper,Stats,Avg. weight,,1.0
2015-12_gen3ou-0.json,Pelipper,Stats,Viability Ceiling,,43
2015-12_gen3ou-0.json,Pelipper,Stats,Timid,,100.000
2015-12_gen3ou-0.json,Pelipper,Abilities,,Keen Eye,100.0
2015-12_gen3ou-0.json,Pelipper,Items,,Macho Brace,100.0
2015-12_gen3ou-0.json,Pelipper,Moves,,Hydro Pump,100.0
2015-12_gen3ou-0.json,Pelipper,Moves,,Rain Dance,100.0
2015-12_gen3ou-0.json,Pelipper,Moves,,Hidden Power Ground,100.0
2015-12_gen3ou-0.json,Pelipper,Moves,,Ice Beam,100.0
2015-12_gen3ou-0.json,Ivysaur,Stats,Raw count,,2
2015-12_gen3ou-0.json,Ivysaur,Stats,Avg. weight,,1.0
2015-12_gen3ou-0.json,Ivysaur,Stats,Viability Ceiling,,45
2015-12_gen3ou-0.json,Ivysaur,Stats,Hasty,,100.000
2015-12_gen3ou-0.json,Ivysaur,Abilities,,Overgrow,100.0
2015-12_gen3ou-0.json,Ivysaur,Items,,Lum Berry,100.0
2015-12_gen3ou-0.json,Ivysaur,Moves,,Sludge Bomb,100.0
2015-12_gen3ou-0.json,Ivysaur,Moves,,Hidden Power Fire,100.0
2015-12_gen3ou-0.json,Ivysaur,Moves,,Razor Leaf,100.0
2015-12_gen3ou-0.json,Ivysaur,Moves,,Synthesis,100.0
2015-12_gen3ou-0.json,Venomoth,Stats,Raw count,,2
2015-12_gen3ou-0.json,Venomoth,Stats,Avg. weight,,1.0
2015-12_gen3ou-0.json,Venomoth,Stats,Viability Ceiling,,55
2015-12_gen3ou-0.json,Venomoth,Stats,Modest,,100.000
2015-12_gen3ou-0.json,Venomoth,Abilities,,Shield Dust,100.0
2015-12_gen3ou-0.json,Venomoth,Items,,Salac Berry,100.0
2015-12_gen3ou-0.json,Venomoth,Moves,,Psychic,100.0
2015-12_gen3ou-0.json,Venomoth,Moves,,Baton Pass,100.0
2015-12_gen3ou-0.json,Venomoth,Moves,,Sleep Powder,100.0
2015-12_gen3ou-0.json,Venomoth,Moves,,Hidden Power Ice,100.0
2015-12_gen3ou-0.json,Kingler,Stats,Raw count,,2
2015-12_gen3ou-0.json,Kingler,Stats,Avg. weight,,1.0
2015-12_gen3ou-0.json,Kingler,Stats,Viability Ceiling,,57
2015-12_gen3ou-0.json,Kingler,Stats,Adamant,,100.000
2015-12_gen3ou-0.json,Kingler,Abilities,,Hyper Cutter,100.0
2015-12_gen3ou-0.json,Kingler,Items,,Silk Scarf,100.0
2015-12_gen3ou-0.json,Kingler,Moves,,Hidden Power Ghost,100.0
2015-12_gen3ou-0.json,Kingler,Moves,,Flail,100.0
2015-12_gen3ou-0.json,Kingler,Moves,,Return,100.0
2015-12_gen3ou-0.json,Kingler,Moves,,Substitute,100.0
2015-12_gen3ou-0.json,Seadra,Stats,Raw count,,2
2015-12_gen3ou-0.json,Seadra,Stats,Avg. weight,,1.0
2015-12_gen3ou-0.json,Seadra,Stats,Viability Ceiling,,45
2015-12_gen3ou-0.json,Seadra,Stats,Hardy,,50.000
2015-12_gen3ou-0.json,Seadra,Stats,Serious,,50.000
2015-12_gen3ou-0.json,Seadra,Abilities,,Poison Point,100.0
2015-12_gen3ou-0.json,Seadra,Items,,Salac Berry,100.0
2015-12_gen3ou-0.json,Seadra,Moves,,Hydro Pump,100.0
2015-12_gen3ou-0.json,Seadra,Moves,,Flail,100.0
2015-12_gen3ou-0.json,Seadra,Moves,,Endure,100.0
2015-12_gen3ou-0.json,Seadra,Moves,,Dragon Dance,100.0
2015-12_gen3ou-0.json,Delibird,Stats,Raw count,,3
2015-12_gen3ou-0.json,Delibird,Stats,Avg. weight,,1.0
2015-12_gen3ou-0.json,Delibird,Stats,Viability Ceiling,,55
2015-12_gen3ou-0.json,Delibird,Stats,Jolly,,100.000
2015-12_gen3ou-0.json,Delibird,Abilities,,Hustle,100.0
2015-12_gen3ou-0.json,Delibird,Items,,Choice Band,100.0
2015-12_gen3ou-0.json,Delibird,Moves,,Focus Punch,100.0
2015-12_gen3ou-0.json,Delibird,Moves,,Hidden Power Ground,100.0
2015-12_gen3ou-0.json,Delibird,Moves,,Aerial Ace,100.0
2015-12_gen3ou-0.json,Delibird,Moves,,Quick Attack,100.0
2015-12_gen3ou-0.json,Sunflora,Stats,Raw count,,2
2015-12_gen3ou-0.json,Sunflora,Stats,Avg. weight,,1.0
2015-12_gen3ou-0.json,Sunflora,Stats,Viability Ceiling,,45
2015-12_gen3ou-0.json,Sunflora,Stats,Timid,,100.000
2015-12_gen3ou-0.json,Sunflora,Abilities,,Chlorophyll,100.0
2015-12_gen3ou-0.json,Sunflora,Items,,Leftovers,100.0
2015-12_gen3ou-0.json,Sunflora,Moves,,Toxic,100.0
2015-12_gen3ou-0.json,Sunflora,Moves,,Leech Seed,100.0
2015-12_gen3ou-0.json,Sunflora,Moves,,Protect,100.0
2015-12_gen3ou-0.json,Sunflora,Moves,,Rest,100.0
2015-12_gen3ou-0.json,Loudred,Stats,Raw count,,1
2015-12_gen3ou-0.json,Loudred,Stats,Avg. weight,,1.0
2015-12_gen3ou-0.json,Loudred,Stats,Viability Ceiling,,45
2015-12_gen3ou-0.json,Loudred,Stats,Hardy,,100.000
2015-12_gen3ou-0.json,Loudred,Abilities,,Soundproof,100.0
2015-12_gen3ou-0.json,Loudred,Items,,Leftovers,100.0
2015-12_gen3ou-0.json,Loudred,Moves,,Brick Break,100.0
2015-12_gen3ou-0.json,Loudred,Moves,,Fire Blast,100.0
2015-12_gen3ou-0.json,Loudred,Moves,,Fire Punch,100.0
2015-12_gen3ou-0.json,Loudred,Moves,,Earthquake,100.0
2015-12_gen3ou-0.json,Corphish,Stats,Raw count,,1
2015-12_gen3ou-0.json,Corphish,Stats,Avg. weight,,1.0
2015-12_gen3ou-0.json,Corphish,Stats,Viability Ceiling,,45
2015-12_gen3ou-0.json,Corphish,Stats,Naughty,,100.000
2015-12_gen3ou-0.json,Corphish,Abilities,,Hyper Cutter,100.0
2015-12_gen3ou-0.json,Corphish,Items,,Nothing,100.0
2015-12_gen3ou-0.json,Corphish,Moves,,Crabhammer,100.0
2015-12_gen3ou-0.json,Corphish,Moves,,Waterfall,100.0
2015-12_gen3ou-0.json,Corphish,Moves,,Blizzard,100.0
2015-12_gen3ou-0.json,Corphish,Moves,,Ice Beam,100.0
2015-12_gen3ou-0.json,Cacnea,Stats,Raw count,,1
2015-12_gen3ou-0.json,Cacnea,Stats,Avg. weight,,1.0
2015-12_gen3ou-0.json,Cacnea,Stats,Viability Ceiling,,44
2015-12_gen3ou-0.json,Cacnea,Stats,Adamant,,100.000
2015-12_gen3ou-0.json,Cacnea,Abilities,,Sand Veil,100.0
2015-12_gen3ou-0.json,Cacnea,Items,,Nothing,100.0
2015-12_gen3ou-0.json,Cacnea,Moves,,Sandstorm,100.0
2015-12_gen3ou-0.json,Cacnea,Moves,,Pin Missile,100.0
2015-12_gen3ou-0.json,Cacnea,Moves,,Poison Sting,100.0
2015-12_gen3ou-0.json,Cacnea,Moves,,Needle Arm,100.0
2015-12_gen3ou-0.json,Parasect,Stats,Raw count,,1
2015-12_gen3ou-0.json,Parasect,Stats,Avg. weight,,1.0
2015-12_gen3ou-0.json,Parasect,Stats,Viability Ceiling,,42
2015-12_gen3ou-0.json,Parasect,Stats,Adamant,,100.000
2015-12_gen3ou-0.json,Parasect,Abilities,,Effect Spore,100.0
2015-12_gen3ou-0.json,Parasect,Items,,Leftovers,100.0
2015-12_gen3ou-0.json,Parasect,Moves,,Leech Life,100.0
2015-12_gen3ou-0.json,Parasect,Moves,,Dig,100.0
2015-12_gen3ou-0.json,Parasect,Moves,,Aerial Ace,100.0
2015-12_gen3ou-0.json,Parasect,Moves,,Slash,100.0
2015-12_gen3ou-0.json,Mudkip,Stats,Raw count,,1
2015-12_gen3ou-0.json,Mudkip,Stats,Avg. weight,,1.0
2015-12_gen3ou-0.json,Mudkip,Stats,Viability Ceiling,,46
2015-12_gen3ou-0.json,Mudkip,Stats,Hardy,,100.000
2015-12_gen3ou-0.json,Mudkip,Abilities,,Torrent,100.0
2015-12_gen3ou-0.json,Mudkip,Items,,Leftovers,100.0
2015-12_gen3ou-0.json,Mudkip,Moves,,Surf,100.0
2015-12_gen3ou-0.json,Mudkip,Moves,,Hydro Pump,100.0
2015-12_gen3ou-0.json,Mudkip,Moves,,Water Pulse,100.0
2015-12_gen3ou-0.json,Mudkip,Moves,,Ice Beam,100.0
2015-12_gen3ou-0.json,Charmeleon,Stats,Raw count,,1
2015-12_gen3ou-0.json,Charmeleon,Stats,Avg. weight,,1.0
2015-12_gen3ou-0.json,Charmeleon,Stats,Viability Ceiling,,46
2015-12_gen3ou-0.json,Charmeleon,Stats,Timid,,100.000
2015-12_gen3ou-0.json,Charmeleon,Abilities,,Blaze,100.0
2015-12_gen3ou-0.json,Charmeleon,Items,,Charcoal,100.0
2015-12_gen3ou-0.json,Charmeleon,Moves,,Fire Blast,100.0
2015-12_gen3ou-0.json,Charmeleon,Moves,,Overheat,100.0
2015-12_gen3ou-0.json,Charmeleon,Moves,,Hidden Power Ice,100.0
2015-12_gen3ou-0.json,Charmeleon,Moves,,Flamethrower,100.0
2015-12_gen3ou-0.json,Wailmer,Stats,Raw count,,1
2015-12_gen3ou-0.json,Wailmer,Stats,Avg. weight,,1.0
2015-12_gen3ou-0.json,Wailmer,Stats,Viability Ceiling,,55
2015-12_gen3ou-0.json,Wailmer,Stats,Hardy,,100.000
2015-12_gen3ou-0.json,Wailmer,Abilities,,Water Veil,100.0
2015-12_gen3ou-0.json,Wailmer,Items,,Nothing,100.0
2015-12_gen3ou-0.json,Wailmer,Moves,,Hydro Pump,100.0
2015-12_gen3ou-0.json,Wailmer,Moves,,Water Spout,100.0
2015-12_gen3ou-0.json,Wailmer,Moves,,Waterfall,100.0
2015-12_gen3ou-0.json,Wailmer,Moves,,Earthquake,100.0
2015-12_gen3ou-0.json,Mantine,Stats,Raw count,,1
2015-12_gen3ou-0.json,Mantine,Stats,Avg. weight,,1.0
2015-12_gen3ou-0.json,Mantine,Stats,Viability Ceiling,,55
2015-12_gen3ou-0.json,Mantine,Stats,Calm,,100.000
2015-12_gen3ou-0.json,Mantine,Abilities,,Water Absorb,100.0
2015-12_gen3ou-0.json,Mantine,Items,,Leftovers,100.0
2015-12_gen3ou-0.json,Mantine,Moves,,Surf,100.0
2015-12_gen3ou-0.json,Mantine,Moves,,Hydro Pump,100.0
2015-12_gen3ou-0.json,Mantine,Moves,,Rest,100.0
2015-12_gen3ou-0.json,Mantine,Moves,,Ice Beam,100.0
2015-12_gen3ou-0.json,Pidgeotto,Stats,Raw count,,1
2015-12_gen3ou-0.json,Pidgeotto,Stats,Avg. weight,,1.0
2015-12_gen3ou-0.json,Pidgeotto,Stats,Viability Ceiling,,44
2015-12_gen3ou-0.json,Pidgeotto,Stats,Adamant,,100.000
2015-12_gen3ou-0.json,Pidgeotto,Abilities,,Keen Eye,100.0
2015-12_gen3ou-0.json,Pidgeotto,Items,,Lum Berry,100.0
2015-12_gen3ou-0.json,Pidgeotto,Moves,,Agility,100.0
2015-12_gen3ou-0.json,Pidgeotto,Moves,,Return,100.0
2015-12_gen3ou-0.json,Pidgeotto,Moves,,Substitute,100.0
2015-12_gen3ou-0.json,Pidgeotto,Moves,,Aerial Ace,100.0
2015-12_gen3ou-0.json,Ledian,Stats,Raw count,,1
2015-12_gen3ou-0.json,Ledian,Stats,Avg. weight,,1.0
2015-12_gen3ou-0.json,Ledian,Stats,Viability Ceiling,,63
2015-12_gen3ou-0.json,Ledian,Stats,Calm,,100.000
2015-12_gen3ou-0.json,Ledian,Abilities,,Swarm,100.0
2015-12_gen3ou-0.json,Ledian,Items,,Leftovers,100.0
2015-12_gen3ou-0.json,Ledian,Moves,,Reflect,100.0
2015-12_gen3ou-0.json,Ledian,Moves,,Agility,100.0
2015-12_gen3ou-0.json,Ledian,Moves,,Light Screen,100.0
2015-12_gen3ou-0.json,Ledian,Moves,,Baton Pass,100.0
2015-12_gen3ou-0.json,Vibrava,Stats,Raw count,,1
2015-12_gen3ou-0.json,Vibrava,Stats,Avg. weight,,1.0
2015-12_gen3ou-0.json,Vibrava,Stats,Viability Ceiling,,44
2015-12_gen3ou-0.json,Vibrava,Stats,Hardy,,100.000
2015-12_gen3ou-0.json,Vibrava,Abilities,,Levitate,100.0
2015-12_gen3ou-0.json,Vibrava,Items,,Nothing,100.0
2015-12_gen3ou-0.json,Vibrava,Moves,,Protect,100.0
2015-12_gen3ou-0.json,Vibrava,Moves,,Sleep Talk,100.0
2015-12_gen3ou-0.json,Vibrava,Moves,,Quick Attack,100.0
2015-12_gen3ou-0.json,Vibrava,Moves,,Rock Slide,100.0
2015-12_gen3ou-0.json,Relicanth,Stats,Raw count,,1
2015-12_gen3ou-0.json,Relicanth,Stats,Avg. weight,,1.0
2015-12_gen3ou-0.json,Relicanth,Stats,Viability Ceiling,,44
2015-12_gen3ou-0.json,Relicanth,Stats,Impish,,100.000
2015-12_gen3ou-0.json,Relicanth,Abilities,,Swift Swim,100.0
2015-12_gen3ou-0.json,Relicanth,Items,,Leftovers,100.0
2015-12_gen3ou-0.json,Relicanth,Moves,,Toxic,100.0
2015-12_gen3ou-0.json,Relicanth,Moves,,Sleep Talk,100.0
2015-12_gen3ou-0.json,Relicanth,Moves,,Rest,100.0
2015-12_gen3ou-0.json,Relicanth,Moves,,Rock Slide,100.0
2015-12_gen3ou-0.json,Charmander,Stats,Raw count,,2
2015-12_gen3ou-0.json,Charmander,Stats,Avg. weight,,1.0
2015-12_gen3ou-0.json,Charmander,Stats,Viability Ceiling,,45
2015-12_gen3ou-0.json,Charmander,Stats,Lonely,,50.000
2015-12_gen3ou-0.json,Charmander,Stats,Hardy,,50.000
2015-12_gen3ou-0.json,Charmander,Abilities,,Blaze,100.0
2015-12_gen3ou-0.json,Charmander,Items,,Nothing,50.0
2015-12_gen3ou-0.json,Charmander,Items,,Charcoal,50.0
2015-12_gen3ou-0.json,Charmander,Moves,,Nothing,150.0
2015-12_gen3ou-0.json,Charmander,Moves,,Ember,100.0
2015-12_gen3ou-0.json,Charmander,Moves,,Scratch,50.0
2015-12_gen3ou-0.json,Charmander,Moves,,Growl,50.0
2015-12_gen3ou-0.json,Charmander,Moves,,Bite,50.0
2015-12_gen3ou-0.json,Scyther,Stats,Raw count,,1
2015-12_gen3ou-0.json,Scyther,Stats,Avg. weight,,1.0
2015-12_gen3ou-0.json,Scyther,Stats,Viability Ceiling,,47
2015-12_gen3ou-0.json,Scyther,Stats,Careful,,100.000
2015-12_gen3ou-0.json,Scyther,Abilities,,Swarm,100.0
2015-12_gen3ou-0.json,Scyther,Items,,Leftovers,100.0
2015-12_gen3ou-0.json,Scyther,Moves,,Swords Dance,100.0
2015-12_gen3ou-0.json,Scyther,Moves,,Hidden Power Bug,100.0
2015-12_gen3ou-0.json,Scyther,Moves,,Hyper Beam,100.0
2015-12_gen3ou-0.json,Scyther,Moves,,Quick Attack,100.0
2015-12_gen3ou-0.json,Masquerain,Stats,Raw count,,1
2015-12_gen3ou-0.json,Masquerain,Stats,Avg. weight,,1.0
2015-12_gen3ou-0.json,Masquerain,Stats,Viability Ceiling,,46
2015-12_gen3ou-0.json,Masquerain,Stats,Adamant,,100.000
2015-12_gen3ou-0.json,Masquerain,Abilities,,Intimidate,100.0
2015-12_gen3ou-0.json,Masquerain,Items,,Choice Band,100.0
2015-12_gen3ou-0.json,Masquerain,Moves,,Return,100.0
2015-12_gen3ou-0.json,Masquerain,Moves,,Aerial Ace,100.0
2015-12_gen3ou-0.json,Masquerain,Moves,,Double-Edge,100.0
2015-12_gen3ou-0.json,Masquerain,Moves,,Whirlwind,100.0
2015-12_gen3ou-0.json,Whiscash,Stats,Raw count,,1
2015-12_gen3ou-0.json,Whiscash,Stats,Avg. weight,,1.0
2015-12_gen3ou-0.json,Whiscash,Stats,Viability Ceiling,,55
2015-12_gen3ou-0.json,Whiscash,Stats,Lax,,100.000
2015-12_gen3ou-0.json,Whiscash,Abilities,,Oblivious,100.0
2015-12_gen3ou-0.json,Whiscash,Items,,Sitrus Berry,100.0
2015-12_gen3ou-0.json,Whiscash,Moves,,Surf,100.0
2015-12_gen3ou-0.json,Whiscash,Moves,,Toxic,100.0
2015-12_gen3ou-0.json,Whiscash,Moves,,Earthquake,100.0
2015-12_gen3ou-0.json,Whiscash,Moves,,Amnesia,100.0
2015-12_gen3ou-0.json,Ditto,Stats,Raw count,,1
2015-12_gen3ou-0.json,Ditto,Stats,Avg. weight,,1.0
2015-12_gen3ou-0.json,Ditto,Stats,Viability Ceiling,,55
2015-12_gen3ou-0.json,Ditto,Stats,Jolly,,100.000
2015-12_gen3ou-0.json,Ditto,Abilities,,Limber,100.0
2015-12_gen3ou-0.json,Ditto,Items,,Nothing,100.0
2015-12_gen3ou-0.json,Ditto,Moves,,Nothing,300.0
2015-12_gen3ou-0.json,Ditto,Moves,,Transform,100.0
2015-12_gen3ou-0.json,Nidorino,Stats,Raw count,,2
2015-12_gen3ou-0.json,Nidorino,Stats,Avg. weight,,1.0
2015-12_gen3ou-0.json,Nidorino,Stats,Viability Ceiling,,56
2015-12_gen3ou-0.json,Nidorino,Stats,Naughty,,100.000
2015-12_gen3ou-0.json,Nidorino,Abilities,,Poison Point,100.0
2015-12_gen3ou-0.json,Nidorino,Items,,Quick Claw,100.0
2015-12_gen3ou-0.json,Nidorino,Moves,,Sludge Bomb,100.0
2015-12_gen3ou-0.json,Nidorino,Moves,,Horn Attack,100.0
2015-12_gen3ou-0.json,Nidorino,Moves,,Double Kick,100.0
2015-12_gen3ou-0.json,Nidorino,Moves,,Ice Beam,100.0
2015-12_gen3ou-0.json,Castform,Stats,Raw count,,1
2015-12_gen3ou-0.json,Castform,Stats,Avg. weight,,1.0
2015-12_gen3ou-0.json,Castform,Stats,Viability Ceiling,,43
2015-12_gen3ou-0.json,Castform,Stats,Hardy,,100.000
2015-12_gen3ou-0.json,Castform,Abilities,,Forecast,100.0
2015-12_gen3ou-0.json,Castform,Items,,Leppa Berry,100.0
2015-12_gen3ou-0.json,Castform,Moves,,Weather Ball,100.0
2015-12_gen3ou-0.json,Castform,Moves,,Blizzard,100.0
2015-12_gen3ou-0.json,Castform,Moves,,Sunny Day,100.0
2015-12_gen3ou-0.json,Castform,Moves,,Hail,100.0
2015-12_gen3ou-0.json,Illumise,Stats,Raw count,,1
2015-12_gen3ou-0.json,Illumise,Stats,Avg. weight,,1.0
2015-12_gen3ou-0.json,Illumise,Stats,Viability Ceiling,,55
2015-12_gen3ou-0.json,Illumise,Stats,Calm,,100.000
2015-12_gen3ou-0.json,Illumise,Abilities,,Oblivious,100.0
2015-12_gen3ou-0.json,Illumise,Items,,Focus Band,100.0
2015-12_gen3ou-0.json,Illumise,Moves,,Shadow Ball,100.0
2015-12_gen3ou-0.json,Illumise,Moves,,Protect,100.0
2015-12_gen3ou-0.json,Illumise,Moves,,Thunder Wave,100.0
2015-12_gen3ou-0.json,Illumise,Moves,,Encore,100.0
2015-12_gen3ou-0.json,Pidgey,Stats,Raw count,,1
2015-12_gen3ou-0.json,Pidgey,Stats,Avg. weight,,1.0
2015-12_gen3ou-0.json,Pidgey,Stats,Viability Ceiling,,45
2015-12_gen3ou-0.json,Pidgey,Stats,Naughty,,100.000
2015-12_gen3ou-0.json,Pidgey,Abilities,,Keen Eye,100.0
2015-12_gen3ou-0.json,Pidgey,Items,,Sharp Beak,100.0
2015-12_gen3ou-0.json,Pidgey,Moves,,Tackle,100.0
2015-12_gen3ou-0.json,Pidgey,Moves,,Gust,100.0
2015-12_gen3ou-0.json,Pidgey,Moves,,Sand Attack,100.0
2015-12_gen3ou-0.json,Pidgey,Moves,,Quick Attack,100.0
2015-12_gen3ou-0.json,Diglett,Stats,Raw count,,1
2015-12_gen3ou-0.json,Diglett,Stats,Avg. weight,,1.0
2015-12_gen3ou-0.json,Diglett,Stats,Viability Ceiling,,45
2015-12_gen3ou-0.json,Diglett,Stats,Jolly,,100.000
2015-12_gen3ou-0.json,Diglett,Abilities,,Arena Trap,100.0
2015-12_gen3ou-0.json,Diglett,Items,,Soft Sand,100.0
2015-12_gen3ou-0.json,Diglett,Moves,,Scratch,100.0
2015-12_gen3ou-0.json,Diglett,Moves,,Growl,100.0
2015-12_gen3ou-0.json,Diglett,Moves,,Magnitude,100.0
2015-12_gen3ou-0.json,Diglett,Moves,,Dig,100.0
2015-12_gen3ou-0.json,Treecko,Stats,Raw count,,1
2015-12_gen3ou-0.json,Treecko,Stats,Avg. weight,,1.0
2015-12_gen3ou-0.json,Treecko,Stats,Viability Ceiling,,46
2015-12_gen3ou-0.json,Treecko,Stats,Hardy,,100.000
2015-12_gen3ou-0.json,Treecko,Abilities,,Overgrow,100.0
2015-12_gen3ou-0.json,Treecko,Items,,Leftovers,100.0
2015-12_gen3ou-0.json,Treecko,Moves,,Crunch,100.0
2015-12_gen3ou-0.json,Treecko,Moves,,Agility,100.0
2015-12_gen3ou-0.json,Treecko,Moves,,Quick Attack,100.0
2015-12_gen3ou-0.json,Treecko,Moves,,Giga Drain,100.0
2015-12_gen3ou-0.json,Torchic,Stats,Raw count,,1
2015-12_gen3ou-0.json,Torchic,Stats,Avg. weight,,1.0
2015-12_gen3ou-0.json,Torchic,Stats,Viability Ceiling,,46
2015-12_gen3ou-0.json,Torchic,Stats,Hardy,,100.000
2015-12_gen3ou-0.json,Torchic,Abilities,,Blaze,100.0
2015-12_gen3ou-0.json,Torchic,Items,,Leftovers,100.0
2015-12_gen3ou-0.json,Torchic,Moves,,Facade,100.0
2015-12_gen3ou-0.json,Torchic,Moves,,Protect,100.0
2015-12_gen3ou-0.json,Torchic,Moves,,Cut,100.0
2015-12_gen3ou-0.json,Torchic,Moves,,Flamethrower,100.0
