source,pokemon,category,type,name,usage
2019-11_gen6ou-0.json,Ferrothorn,Stats,Raw count,,4511
2019-11_gen6ou-0.json,Ferrothorn,Stats,Avg. weight,,1.0
2019-11_gen6ou-0.json,Ferrothorn,Stats,Viability Ceiling,,89
2019-11_gen6ou-0.json,Ferrothorn,Stats,Relaxed,,8.335
2019-11_gen6ou-0.json,Ferrothorn,Stats,Impish,,4.633
2019-11_gen6ou-0.json,Ferrothorn,Stats,Sassy,,3.480
2019-11_gen6ou-0.json,Ferrothorn,Stats,Hardy,,3.436
2019-11_gen6ou-0.json,Ferrothorn,Abilities,,Iron Barbs,99.424
2019-11_gen6ou-0.json,Ferrothorn,Abilities,,Anticipation,0.576
2019-11_gen6ou-0.json,Ferrothorn,Items,,Leftovers,63.8
2019-11_gen6ou-0.json,Ferrothorn,Items,,Rocky Helmet,28.685
2019-11_gen6ou-0.json,Ferrothorn,Items,,Chople Berry,2.106
2019-11_gen6ou-0.json,Ferrothorn,Items,,Focus Sash,1.53
2019-11_gen6ou-0.json,Ferrothorn,Items,,Other,3.879
2019-11_gen6ou-0.json,Ferrothorn,Spreads,,Other,54.711
2019-11_gen6ou-0.json,Ferrothorn,Moves,,Leech Seed,91.687
2019-11_gen6ou-0.json,Ferrothorn,Moves,,Gyro Ball,60.962
2019-11_gen6ou-0.json,Ferrothorn,Moves,,Spikes,47.218
2019-11_gen6ou-0.json,Ferrothorn,Moves,,Stealth Rock,47.196
2019-11_gen6ou-0.json,Ferrothorn,Moves,,Protect,40.612
2019-11_gen6ou-0.json,Ferrothorn,Moves,,Power Whip,39.947
2019-11_gen6ou-0.json,Ferrothorn,Moves,,Thunder Wave,22.19
2019-11_gen6ou-0.json,Ferrothorn,Moves,,Toxic,12.591
2019-11_gen6ou-0.json,Ferrothorn,Moves,,Knock Off,12.503
2019-11_gen6ou-0.json,Ferrothorn,Moves,,Iron Head,4.966
2019-11_gen6ou-0.json,Ferrothorn,Moves,,Curse,4.323
2019-11_gen6ou-0.json,Ferrothorn,Moves,,Other,15.806
2019-11_gen6ou-0.json,Garchomp,Stats,Raw count,,4457
2019-11_gen6ou-0.json,Garchomp,Stats,Avg. weight,,1.0
2019-11_gen6ou-0.json,Garchomp,Stats,Viability Ceiling,,93
2019-11_gen6ou-0.json,Garchomp,Stats,Jolly,,5.138
2019-11_gen6ou-0.json,Garchomp,Stats,Impish,,4.465
2019-11_gen6ou-0.json,Garchomp,Stats,Naive,,5.026
2019-11_gen6ou-0.json,Garchomp,Stats,Adamant,,3.455
2019-11_gen6ou-0.json,Garchomp,Abilities,,Rough Skin,89.904
2019-11_gen6ou-0.json,Garchomp,Abilities,,Sand Veil,10.096
2019-11_gen6ou-0.json,Garchomp,Items,,Rocky Helmet,48.508
2019-11_gen6ou-0.json,Garchomp,Items,,Life Orb,10.814
2019-11_gen6ou-0.json,Garchomp,Items,,Choice Scarf,10.478
2019-11_gen6ou-0.json,Garchomp,Items,,Leftovers,9.289
2019-11_gen6ou-0.json,Garchomp,Items,,Focus Sash,6.327
2019-11_gen6ou-0.json,Garchomp,Items,,Lum Berry,3.253
2019-11_gen6ou-0.json,Garchomp,Items,,Dragon Fang,2.603
2019-11_gen6ou-0.json,Garchomp,Items,,Assault Vest,1.952
2019-11_gen6ou-0.json,Garchomp,Items,,Nothing,1.503
2019-11_gen6ou-0.json,Garchomp,Items,,Choice Band,1.077
2019-11_gen6ou-0.json,Garchomp,Items,,Other,4.196
2019-11_gen6ou-0.json,Garchomp,Spreads,,Other,47.79
2019-11_gen6ou-0.json,Garchomp,Moves,,Earthquake,94.324
2019-11_gen6ou-0.json,Garchomp,Moves,,Stealth Rock,51.514
2019-11_gen6ou-0.json,Garchomp,Moves,,Dragon Tail,36.19
2019-11_gen6ou-0.json,Garchomp,Moves,,Dragon Claw,33.61
2019-11_gen6ou-0.json,Garchomp,Moves,,Swords Dance,29.549
2019-11_gen6ou-0.json,Garchomp,Moves,,Fire Blast,25.533
2019-11_gen6ou-0.json,Garchomp,Moves,,Outrage,20.888
2019-11_gen6ou-0.json,Garchomp,Moves,,Stone Edge,17.052
2019-11_gen6ou-0.json,Garchomp,Moves,,Toxic,15.234
2019-11_gen6ou-0.json,Garchomp,Moves,,Fire Fang,9.737
2019-11_gen6ou-0.json,Garchomp,Moves,,Poison Jab,7.853
2019-11_gen6ou-0.json,Garchomp,Moves,,Crunch,6.888
2019-11_gen6ou-0.json,Garchomp,Moves,,Rock Slide,5.878
2019-11_gen6ou-0.json,Garchomp,Moves,,Iron Head,5.699
2019-11_gen6ou-0.json,Garchomp,Moves,,Flamethrower,5.16
2019-11_gen6ou-0.json,Garchomp,Moves,,Draco Meteor,4.936
2019-11_gen6ou-0.json,Garchomp,Moves,,Brick Break,4.689
2019-11_gen6ou-0.json,Garchomp,Moves,,Aqua Tail,4.061
2019-11_gen6ou-0.json,Garchomp,Moves,,Dragon Pulse,3.276
2019-11_gen6ou-0.json,Garchomp,Moves,,Other,17.927
2019-11_gen6ou-0.json,Gengar,Stats,Raw count,,4055
2019-11_gen6ou-0.json,Gengar,Stats,Avg. weight,,1.0
2019-11_gen6ou-0.json,Gengar,Stats,Viability Ceiling,,90
2019-11_gen6ou-0.json,Gengar,Stats,Timid,,1.800
2019-11_gen6ou-0.json,Gengar,Stats,Modest,,3.157
2019-11_gen6ou-0.json,Gengar,Abilities,,Levitate,100.0
2019-11_gen6ou-0.json,Gengar,Items,,Life Orb,27.3
2019-11_gen6ou-0.json,Gengar,Items,,Focus Sash,23.428
2019-11_gen6ou-0.json,Gengar,Items,,Black Sludge,16.893
2019-11_gen6ou-0.json,Gengar,Items,,Leftovers,6.88
2019-11_gen6ou-0.json,Gengar,Items,,Choice Scarf,6.88
2019-11_gen6ou-0.json,Gengar,Items,,Choice Specs,6.609
2019-11_gen6ou-0.json,Gengar,Items,,Nothing,2.367
2019-11_gen6ou-0.json,Gengar,Items,,Assault Vest,1.874
2019-11_gen6ou-0.json,Gengar,Items,,Wide Lens,1.776
2019-11_gen6ou-0.json,Gengar,Items,,Lum Berry,0.863
2019-11_gen6ou-0.json,Gengar,Items,,Air Balloon,0.469
2019-11_gen6ou-0.json,Gengar,Items,,Other,4.661
2019-11_gen6ou-0.json,Gengar,Spreads,,Other,23.329
2019-11_gen6ou-0.json,Gengar,Moves,,Shadow Ball,82.787
2019-11_gen6ou-0.json,Gengar,Moves,,Sludge Wave,50.629
2019-11_gen6ou-0.json,Gengar,Moves,,Focus Blast,34.55
2019-11_gen6ou-0.json,Gengar,Moves,,Destiny Bond,34.451
2019-11_gen6ou-0.json,Gengar,Moves,,Sludge Bomb,25.475
2019-11_gen6ou-0.json,Gengar,Moves,,Substitute,17.731
2019-11_gen6ou-0.json,Gengar,Moves,,Thunderbolt,17.213
2019-11_gen6ou-0.json,Gengar,Moves,,Taunt,13.366
2019-11_gen6ou-0.json,Gengar,Moves,,Hex,10.826
2019-11_gen6ou-0.json,Gengar,Moves,,Will-O-Wisp,10.604
2019-11_gen6ou-0.json,Gengar,Moves,,Dazzling Gleam,9.766
2019-11_gen6ou-0.json,Gengar,Moves,,Hypnosis,8.483
2019-11_gen6ou-0.json,Gengar,Moves,,Dark Pulse,8.36
2019-11_gen6ou-0.json,Gengar,Moves,,Energy Ball,6.116
2019-11_gen6ou-0.json,Gengar,Moves,,Giga Drain,6.042
2019-11_gen6ou-0.json,Gengar,Moves,,Hidden Power Fire,5.672
2019-11_gen6ou-0.json,Gengar,Moves,,Psychic,5.425
2019-11_gen6ou-0.json,Gengar,Moves,,Hidden Power Ice,5.277
2019-11_gen6ou-0.json,Gengar,Moves,,Trick,4.143
2019-11_gen6ou-0.json,Gengar,Moves,,Toxic,3.872
2019-11_gen6ou-0.json,Gengar,Moves,,Disable,3.699
2019-11_gen6ou-0.json,Gengar,Moves,,Drain Punch,3.083
2019-11_gen6ou-0.json,Gengar,Moves,,Dream Eater,2.787
2019-11_gen6ou-0.json,Gengar,Moves,,Protect,2.491
2019-11_gen6ou-0.json,Gengar,Moves,,Confuse Ray,2.096
2019-11_gen6ou-0.json,Gengar,Moves,,Trick Room,2.022
2019-11_gen6ou-0.json,Gengar,Moves,,Icy Wind,1.751
2019-11_gen6ou-0.json,Gengar,Moves,,Night Shade,1.726
2019-11_gen6ou-0.json,Gengar,Moves,,Other,19.556
2019-11_gen6ou-0.json,Landorus-Therian,Stats,Raw count,,3905
2019-11_gen6ou-0.json,Landorus-Therian,Stats,Avg. weight,,1.0
2019-11_gen6ou-0.json,Landorus-Therian,Stats,Viability Ceiling,,90
2019-11_gen6ou-0.json,Landorus-Therian,Stats,Jolly,,4.456
2019-11_gen6ou-0.json,Landorus-Therian,Stats,Impish,,3.252
2019-11_gen6ou-0.json,Landorus-Therian,Stats,Naive,,4.072
2019-11_gen6ou-0.json,Landorus-Therian,Stats,Adamant,,3.252
2019-11_gen6ou-0.json,Landorus-Therian,Abilities,,Intimidate,100.0
2019-11_gen6ou-0.json,Landorus-Therian,Items,,Choice Scarf,36.389
2019-11_gen6ou-0.json,Landorus-Therian,Items,,Rocky Helmet,30.064
2019-11_gen6ou-0.json,Landorus-Therian,Items,,Leftovers,11.805
2019-11_gen6ou-0.json,Landorus-Therian,Items,,Life Orb,5.736
2019-11_gen6ou-0.json,Landorus-Therian,Items,,Earth Plate,2.458
2019-11_gen6ou-0.json,Landorus-Therian,Items,,Choice Band,2.33
2019-11_gen6ou-0.json,Landorus-Therian,Items,,Assault Vest,2.279
2019-11_gen6ou-0.json,Landorus-Therian,Items,,Yache Berry,1.997
2019-11_gen6ou-0.json,Landorus-Therian,Items,,Soft Sand,1.946
2019-11_gen6ou-0.json,Landorus-Therian,Items,,Other,4.994
2019-11_gen6ou-0.json,Landorus-Therian,Spreads,,Other,52.036
2019-11_gen6ou-0.json,Landorus-Therian,Moves,,Earthquake,96.569
2019-11_gen6ou-0.json,Landorus-Therian,Moves,,U-turn,82.228
2019-11_gen6ou-0.json,Landorus-Therian,Moves,,Stone Edge,57.926
2019-11_gen6ou-0.json,Landorus-Therian,Moves,,Stealth Rock,50.986
2019-11_gen6ou-0.json,Landorus-Therian,Moves,,Knock Off,42.971
2019-11_gen6ou-0.json,Landorus-Therian,Moves,,Hidden Power Ice,12.292
2019-11_gen6ou-0.json,Landorus-Therian,Moves,,Explosion,10.243
2019-11_gen6ou-0.json,Landorus-Therian,Moves,,Rock Slide,8.912
2019-11_gen6ou-0.json,Landorus-Therian,Moves,,Toxic,7.503
2019-11_gen6ou-0.json,Landorus-Therian,Moves,,Swords Dance,5.787
2019-11_gen6ou-0.json,Landorus-Therian,Moves,,Superpower,3.483
2019-11_gen6ou-0.json,Landorus-Therian,Moves,,Earth Power,2.433
2019-11_gen6ou-0.json,Landorus-Therian,Moves,,Other,18.668
2019-11_gen6ou-0.json,Gliscor,Stats,Raw count,,3523
2019-11_gen6ou-0.json,Gliscor,Stats,Avg. weight,,1.0
2019-11_gen6ou-0.json,Gliscor,Stats,Viability Ceiling,,89
2019-11_gen6ou-0.json,Gliscor,Stats,Careful,,11.780
2019-11_gen6ou-0.json,Gliscor,Stats,Impish,,3.860
2019-11_gen6ou-0.json,Gliscor,Stats,Adamant,,2.867
2019-11_gen6ou-0.json,Gliscor,Stats,Hardy,,2.838
2019-11_gen6ou-0.json,Gliscor,Abilities,,Poison Heal,93.301
2019-11_gen6ou-0.json,Gliscor,Abilities,,Hyper Cutter,5.053
2019-11_gen6ou-0.json,Gliscor,Abilities,,Sand Veil,1.646
2019-11_gen6ou-0.json,Gliscor,Items,,Toxic Orb,91.059
2019-11_gen6ou-0.json,Gliscor,Items,,Leftovers,3.435
2019-11_gen6ou-0.json,Gliscor,Items,,Nothing,1.079
2019-11_gen6ou-0.json,Gliscor,Items,,Other,4.428
2019-11_gen6ou-0.json,Gliscor,Spreads,,Other,66.932
2019-11_gen6ou-0.json,Gliscor,Moves,,Earthquake,88.589
2019-11_gen6ou-0.json,Gliscor,Moves,,Roost,54.868
2019-11_gen6ou-0.json,Gliscor,Moves,,Swords Dance,42.804
2019-11_gen6ou-0.json,Gliscor,Moves,,Toxic,33.948
2019-11_gen6ou-0.json,Gliscor,Moves,,Protect,32.16
2019-11_gen6ou-0.json,Gliscor,Moves,,Knock Off,22.85
2019-11_gen6ou-0.json,Gliscor,Moves,,Facade,21.232
2019-11_gen6ou-0.json,Gliscor,Moves,,Substitute,18.507
2019-11_gen6ou-0.json,Gliscor,Moves,,Stealth Rock,15.214
2019-11_gen6ou-0.json,Gliscor,Moves,,Ice Fang,14.987
2019-11_gen6ou-0.json,Gliscor,Moves,,Taunt,7.295
2019-11_gen6ou-0.json,Gliscor,Moves,,Acrobatics,4.854
2019-11_gen6ou-0.json,Gliscor,Moves,,U-turn,4.343
2019-11_gen6ou-0.json,Gliscor,Moves,,Poison Jab,3.946
2019-11_gen6ou-0.json,Gliscor,Moves,,Stone Edge,3.207
2019-11_gen6ou-0.json,Gliscor,Moves,,Rock Slide,3.094
2019-11_gen6ou-0.json,Gliscor,Moves,,Sky Uppercut,2.867
2019-11_gen6ou-0.json,Gliscor,Moves,,Fire Fang,2.697
2019-11_gen6ou-0.json,Gliscor,Moves,,Brick Break,2.526
2019-11_gen6ou-0.json,Gliscor,Moves,,Agility,1.731
2019-11_gen6ou-0.json,Gliscor,Moves,,Other,18.28
2019-11_gen6ou-0.json,Talonflame,Stats,Raw count,,3292
2019-11_gen6ou-0.json,Talonflame,Stats,Avg. weight,,1.0
2019-11_gen6ou-0.json,Talonflame,Stats,Viability Ceiling,,92
2019-11_gen6ou-0.json,Talonflame,Stats,Jolly,,5.711
2019-11_gen6ou-0.json,Talonflame,Stats,Adamant,,4.465
2019-11_gen6ou-0.json,Talonflame,Stats,Careful,,6.197
2019-11_gen6ou-0.json,Talonflame,Abilities,,Gale Wings,88.426
2019-11_gen6ou-0.json,Talonflame,Abilities,,Flame Body,11.574
2019-11_gen6ou-0.json,Talonflame,Items,,Leftovers,26.944
2019-11_gen6ou-0.json,Talonflame,Items,,Nothing,20.717
2019-11_gen6ou-0.json,Talonflame,Items,,Choice Band,19.806
2019-11_gen6ou-0.json,Talonflame,Items,,Life Orb,9.052
2019-11_gen6ou-0.json,Talonflame,Items,,Sharp Beak,8.931
2019-11_gen6ou-0.json,Talonflame,Items,,Sitrus Berry,2.43
2019-11_gen6ou-0.json,Talonflame,Items,,Charcoal,1.61
2019-11_gen6ou-0.json,Talonflame,Items,,Rocky Helmet,1.458
2019-11_gen6ou-0.json,Talonflame,Items,,Sky Plate,1.154
2019-11_gen6ou-0.json,Talonflame,Items,,Focus Sash,1.124
2019-11_gen6ou-0.json,Talonflame,Items,,Power Herb,1.124
2019-11_gen6ou-0.json,Talonflame,Items,,Liechi Berry,0.668
2019-11_gen6ou-0.json,Talonflame,Items,,Other,4.982
2019-11_gen6ou-0.json,Talonflame,Spreads,,Other,47.296
2019-11_gen6ou-0.json,Talonflame,Moves,,Brave Bird,77.4
2019-11_gen6ou-0.json,Talonflame,Moves,,Roost,65.614
2019-11_gen6ou-0.json,Talonflame,Moves,,Flare Blitz,65.401
2019-11_gen6ou-0.json,Talonflame,Moves,,Swords Dance,47.418
2019-11_gen6ou-0.json,Talonflame,Moves,,U-turn,29.313
2019-11_gen6ou-0.json,Talonflame,Moves,,Will-O-Wisp,25.699
2019-11_gen6ou-0.json,Talonflame,Moves,,Acrobatics,22.874
2019-11_gen6ou-0.json,Talonflame,Moves,,Bulk Up,11.179
2019-11_gen6ou-0.json,Talonflame,Moves,,Taunt,8.627
2019-11_gen6ou-0.json,Talonflame,Moves,,Steel Wing,7.746
2019-11_gen6ou-0.json,Talonflame,Moves,,Tailwind,7.108
2019-11_gen6ou-0.json,Talonflame,Moves,,Flame Charge,5.559
2019-11_gen6ou-0.json,Talonflame,Moves,,Flamethrower,4.313
2019-11_gen6ou-0.json,Talonflame,Moves,,Fire Blast,4.07
2019-11_gen6ou-0.json,Talonflame,Moves,,Other,17.679
2019-11_gen6ou-0.json,Heatran,Stats,Raw count,,3269
2019-11_gen6ou-0.json,Heatran,Stats,Avg. weight,,1.0
2019-11_gen6ou-0.json,Heatran,Stats,Viability Ceiling,,89
2019-11_gen6ou-0.json,Heatran,Stats,Calm,,3.243
2019-11_gen6ou-0.json,Heatran,Stats,Timid,,4.894
2019-11_gen6ou-0.json,Heatran,Stats,Modest,,6.730
2019-11_gen6ou-0.json,Heatran,Abilities,,Flash Fire,100.0
2019-11_gen6ou-0.json,Heatran,Items,,Leftovers,54.023
2019-11_gen6ou-0.json,Heatran,Items,,Air Balloon,25.788
2019-11_gen6ou-0.json,Heatran,Items,,Choice Scarf,6.669
2019-11_gen6ou-0.json,Heatran,Items,,Salac Berry,3.334
2019-11_gen6ou-0.json,Heatran,Items,,Power Herb,2.906
2019-11_gen6ou-0.json,Heatran,Items,,Assault Vest,1.499
2019-11_gen6ou-0.json,Heatran,Items,,Life Orb,1.132
2019-11_gen6ou-0.json,Heatran,Items,,Other,4.65
2019-11_gen6ou-0.json,Heatran,Spreads,,Other,55.766
2019-11_gen6ou-0.json,Heatran,Moves,,Stealth Rock,64.546
2019-11_gen6ou-0.json,Heatran,Moves,,Lava Plume,57.418
2019-11_gen6ou-0.json,Heatran,Moves,,Toxic,46.161
2019-11_gen6ou-0.json,Heatran,Moves,,Earth Power,45.457
2019-11_gen6ou-0.json,Heatran,Moves,,Taunt,40.165
2019-11_gen6ou-0.json,Heatran,Moves,,Flash Cannon,31.753
2019-11_gen6ou-0.json,Heatran,Moves,,Magma Storm,23.463
2019-11_gen6ou-0.json,Heatran,Moves,,Protect,21.75
2019-11_gen6ou-0.json,Heatran,Moves,,Fire Blast,10.064
2019-11_gen6ou-0.json,Heatran,Moves,,Will-O-Wisp,7.77
2019-11_gen6ou-0.json,Heatran,Moves,,Flamethrower,7.586
2019-11_gen6ou-0.json,Heatran,Moves,,Hidden Power Ice,6.791
2019-11_gen6ou-0.json,Heatran,Moves,,Roar,6.455
2019-11_gen6ou-0.json,Heatran,Moves,,Dragon Pulse,4.711
2019-11_gen6ou-0.json,Heatran,Moves,,Solar Beam,3.487
2019-11_gen6ou-0.json,Heatran,Moves,,Stone Edge,3.028
2019-11_gen6ou-0.json,Heatran,Moves,,Other,19.394
2019-11_gen6ou-0.json,Clefable,Stats,Raw count,,3178
2019-11_gen6ou-0.json,Clefable,Stats,Avg. weight,,1.0
2019-11_gen6ou-0.json,Clefable,Stats,Viability Ceiling,,90
2019-11_gen6ou-0.json,Clefable,Stats,Calm,,6.419
2019-11_gen6ou-0.json,Clefable,Stats,Bold,,6.419
2019-11_gen6ou-0.json,Clefable,Stats,Modest,,8.307
2019-11_gen6ou-0.json,Clefable,Abilities,,Magic Guard,73.474
2019-11_gen6ou-0.json,Clefable,Abilities,,Unaware,21.366
2019-11_gen6ou-0.json,Clefable,Abilities,,Cute Charm,5.16
2019-11_gen6ou-0.json,Clefable,Items,,Leftovers,86.155
2019-11_gen6ou-0.json,Clefable,Items,,Life Orb,4.783
2019-11_gen6ou-0.json,Clefable,Items,,Focus Sash,2.58
2019-11_gen6ou-0.json,Clefable,Items,,Nothing,1.636
2019-11_gen6ou-0.json,Clefable,Items,,Other,4.846
2019-11_gen6ou-0.json,Clefable,Spreads,,Other,43.046
2019-11_gen6ou-0.json,Clefable,Moves,,Moonblast,82.914
2019-11_gen6ou-0.json,Clefable,Moves,,Soft-Boiled,62.115
2019-11_gen6ou-0.json,Clefable,Moves,,Calm Mind,50.315
2019-11_gen6ou-0.json,Clefable,Moves,,Stealth Rock,27.722
2019-11_gen6ou-0.json,Clefable,Moves,,Thunder Wave,26.369
2019-11_gen6ou-0.json,Clefable,Moves,,Flamethrower,23.757
2019-11_gen6ou-0.json,Clefable,Moves,,Ice Beam,17.432
2019-11_gen6ou-0.json,Clefable,Moves,,Moonlight,16.362
2019-11_gen6ou-0.json,Clefable,Moves,,Wish,13.531
2019-11_gen6ou-0.json,Clefable,Moves,,Toxic,11.989
2019-11_gen6ou-0.json,Clefable,Moves,,Protect,11.611
2019-11_gen6ou-0.json,Clefable,Moves,,Heal Bell,10.856
2019-11_gen6ou-0.json,Clefable,Moves,,Thunderbolt,9.943
2019-11_gen6ou-0.json,Clefable,Moves,,Fire Blast,6.954
2019-11_gen6ou-0.json,Clefable,Moves,,Cosmic Power,3.021
2019-11_gen6ou-0.json,Clefable,Moves,,Knock Off,2.738
2019-11_gen6ou-0.json,Clefable,Moves,,Metronome,2.297
2019-11_gen6ou-0.json,Clefable,Moves,,Dazzling Gleam,2.014
2019-11_gen6ou-0.json,Clefable,Moves,,Other,18.062
2019-11_gen6ou-0.json,Rotom-Wash,Stats,Raw count,,3130
2019-11_gen6ou-0.json,Rotom-Wash,Stats,Avg. weight,,1.0
2019-11_gen6ou-0.json,Rotom-Wash,Stats,Viability Ceiling,,89
2019-11_gen6ou-0.json,Rotom-Wash,Stats,Bold,,3.962
2019-11_gen6ou-0.json,Rotom-Wash,Stats,Timid,,7.125
2019-11_gen6ou-0.json,Rotom-Wash,Stats,Modest,,4.760
2019-11_gen6ou-0.json,Rotom-Wash,Stats,Calm,,3.163
2019-11_gen6ou-0.json,Rotom-Wash,Abilities,,Levitate,100.0
2019-11_gen6ou-0.json,Rotom-Wash,Items,,Leftovers,78.594
2019-11_gen6ou-0.json,Rotom-Wash,Items,,Choice Scarf,8.626
2019-11_gen6ou-0.json,Rotom-Wash,Items,,Chesto Berry,2.716
2019-11_gen6ou-0.json,Rotom-Wash,Items,,Choice Specs,1.885
2019-11_gen6ou-0.json,Rotom-Wash,Items,,Sitrus Berry,1.757
2019-11_gen6ou-0.json,Rotom-Wash,Items,,Assault Vest,0.99
2019-11_gen6ou-0.json,Rotom-Wash,Items,,Focus Sash,0.863
2019-11_gen6ou-0.json,Rotom-Wash,Items,,Other,4.569
2019-11_gen6ou-0.json,Rotom-Wash,Spreads,,Other,57.668
2019-11_gen6ou-0.json,Rotom-Wash,Moves,,Hydro Pump,96.581
2019-11_gen6ou-0.json,Rotom-Wash,Moves,,Volt Switch,92.78
2019-11_gen6ou-0.json,Rotom-Wash,Moves,,Will-O-Wisp,81.757
2019-11_gen6ou-0.json,Rotom-Wash,Moves,,Pain Split,58.498
2019-11_gen6ou-0.json,Rotom-Wash,Moves,,Thunder Wave,17.093
2019-11_gen6ou-0.json,Rotom-Wash,Moves,,Thunderbolt,10.288
2019-11_gen6ou-0.json,Rotom-Wash,Moves,,Trick,9.617
2019-11_gen6ou-0.json,Rotom-Wash,Moves,,Discharge,4.185
2019-11_gen6ou-0.json,Rotom-Wash,Moves,,Protect,3.738
2019-11_gen6ou-0.json,Rotom-Wash,Moves,,Light Screen,3.323
2019-11_gen6ou-0.json,Rotom-Wash,Moves,,Rest,2.939
2019-11_gen6ou-0.json,Rotom-Wash,Moves,,Other,19.201
2019-11_gen6ou-0.json,Tyranitar,Stats,Raw count,,3122
2019-11_gen6ou-0.json,Tyranitar,Stats,Avg. weight,,1.0
2019-11_gen6ou-0.json,Tyranitar,Stats,Viability Ceiling,,92
2019-11_gen6ou-0.json,Tyranitar,Stats,Jolly,,8.008
2019-11_gen6ou-0.json,Tyranitar,Stats,Adamant,,2.979
2019-11_gen6ou-0.json,Tyranitar,Stats,Relaxed,,5.958
2019-11_gen6ou-0.json,Tyranitar,Abilities,,Sand Stream,96.861
2019-11_gen6ou-0.json,Tyranitar,Abilities,,Unnerve,3.139
2019-11_gen6ou-0.json,Tyranitar,Items,,Choice Scarf,24.151
2019-11_gen6ou-0.json,Tyranitar,Items,,Choice Band,17.617
2019-11_gen6ou-0.json,Tyranitar,Items,,Leftovers,14.766
2019-11_gen6ou-0.json,Tyranitar,Items,,Assault Vest,14.094
2019-11_gen6ou-0.json,Tyranitar,Items,,Smooth Rock,8.328
2019-11_gen6ou-0.json,Tyranitar,Items,,Chople Berry,4.933
2019-11_gen6ou-0.json,Tyranitar,Items,,Focus Sash,2.21
2019-11_gen6ou-0.json,Tyranitar,Items,,Life Orb,1.794
2019-11_gen6ou-0.json,Tyranitar,Items,,Rocky Helmet,1.698
2019-11_gen6ou-0.json,Tyranitar,Items,,Nothing,1.698
2019-11_gen6ou-0.json,Tyranitar,Items,,Shuca Berry,1.377
2019-11_gen6ou-0.json,Tyranitar,Items,,Weakness Policy,0.993
2019-11_gen6ou-0.json,Tyranitar,Items,,Razor Fang,0.993
2019-11_gen6ou-0.json,Tyranitar,Items,,Lum Berry,0.897
2019-11_gen6ou-0.json,Tyranitar,Items,,Other,4.452
2019-11_gen6ou-0.json,Tyranitar,Spreads,,Other,53.139
2019-11_gen6ou-0.json,Tyranitar,Moves,,Stone Edge,70.82
2019-11_gen6ou-0.json,Tyranitar,Moves,,Crunch,65.631
2019-11_gen6ou-0.json,Tyranitar,Moves,,Pursuit,63.613
2019-11_gen6ou-0.json,Tyranitar,Moves,,Earthquake,43.722
2019-11_gen6ou-0.json,Tyranitar,Moves,,Superpower,32.575
2019-11_gen6ou-0.json,Tyranitar,Moves,,Stealth Rock,19.795
2019-11_gen6ou-0.json,Tyranitar,Moves,,Ice Beam,14.446
2019-11_gen6ou-0.json,Tyranitar,Moves,,Rock Slide,11.243
2019-11_gen6ou-0.json,Tyranitar,Moves,,Dragon Dance,10.122
2019-11_gen6ou-0.json,Tyranitar,Moves,,Ice Punch,10.058
2019-11_gen6ou-0.json,Tyranitar,Moves,,Fire Punch,6.246
2019-11_gen6ou-0.json,Tyranitar,Moves,,Fire Blast,5.798
2019-11_gen6ou-0.json,Tyranitar,Moves,,Dark Pulse,4.612
2019-11_gen6ou-0.json,Tyranitar,Moves,,Dragon Claw,3.075
2019-11_gen6ou-0.json,Tyranitar,Moves,,Avalanche,2.338
2019-11_gen6ou-0.json,Tyranitar,Moves,,Thunder Wave,2.338
2019-11_gen6ou-0.json,Tyranitar,Moves,,Thunder Punch,2.306
2019-11_gen6ou-0.json,Tyranitar,Moves,,Flamethrower,2.274
2019-11_gen6ou-0.json,Tyranitar,Moves,,Protect,1.986
2019-11_gen6ou-0.json,Tyranitar,Moves,,Earth Power,1.826
2019-11_gen6ou-0.json,Tyranitar,Moves,,Brick Break,1.794
2019-11_gen6ou-0.json,Tyranitar,Moves,,Aqua Tail,1.634
2019-11_gen6ou-0.json,Tyranitar,Moves,,Aerial Ace,1.537
2019-11_gen6ou-0.json,Tyranitar,Moves,,Double-Edge,1.409
2019-11_gen6ou-0.json,Tyranitar,Moves,,Other,18.802
2019-11_gen6ou-0.json,Excadrill,Stats,Raw count,,3005
2019-11_gen6ou-0.json,Excadrill,Stats,Avg. weight,,1.0
2019-11_gen6ou-0.json,Excadrill,Stats,Viability Ceiling,,92
2019-11_gen6ou-0.json,Excadrill,Stats,Jolly,,5.092
2019-11_gen6ou-0.json,Excadrill,Stats,Adamant,,6.922
2019-11_gen6ou-0.json,Excadrill,Stats,Careful,,4.027
2019-11_gen6ou-0.json,Excadrill,Abilities,,Mold Breaker,54.542
2019-11_gen6ou-0.json,Excadrill,Abilities,,Sand Rush,43.827
2019-11_gen6ou-0.json,Excadrill,Abilities,,Sand Force,1.631
2019-11_gen6ou-0.json,Excadrill,Items,,Leftovers,22.429
2019-11_gen6ou-0.json,Excadrill,Items,,Air Balloon,22.329
2019-11_gen6ou-0.json,Excadrill,Items,,Choice Scarf,20.532
2019-11_gen6ou-0.json,Excadrill,Items,,Life Orb,15.441
2019-11_gen6ou-0.json,Excadrill,Items,,Assault Vest,7.987
2019-11_gen6ou-0.json,Excadrill,Items,,Focus Sash,5.491
2019-11_gen6ou-0.json,Excadrill,Items,,Rocky Helmet,1.864
2019-11_gen6ou-0.json,Excadrill,Items,,Other,3.927
2019-11_gen6ou-0.json,Excadrill,Spreads,,Other,28.353
2019-11_gen6ou-0.json,Excadrill,Moves,,Earthquake,98.07
2019-11_gen6ou-0.json,Excadrill,Moves,,Iron Head,87.787
2019-11_gen6ou-0.json,Excadrill,Moves,,Rapid Spin,80.0
2019-11_gen6ou-0.json,Excadrill,Moves,,Rock Slide,40.632
2019-11_gen6ou-0.json,Excadrill,Moves,,Swords Dance,26.156
2019-11_gen6ou-0.json,Excadrill,Moves,,Stealth Rock,23.927
2019-11_gen6ou-0.json,Excadrill,Moves,,Toxic,14.709
2019-11_gen6ou-0.json,Excadrill,Moves,,Poison Jab,6.755
2019-11_gen6ou-0.json,Excadrill,Moves,,Brick Break,4.06
2019-11_gen6ou-0.json,Excadrill,Moves,,Other,17.903
2019-11_gen6ou-0.json,Metagross-Mega,Stats,Raw count,,2983
2019-11_gen6ou-0.json,Metagross-Mega,Stats,Avg. weight,,1.0
2019-11_gen6ou-0.json,Metagross-Mega,Stats,Viability Ceiling,,90
2019-11_gen6ou-0.json,Metagross-Mega,Stats,Jolly,,12.068
2019-11_gen6ou-0.json,Metagross-Mega,Stats,Adamant,,2.682
2019-11_gen6ou-0.json,Metagross-Mega,Abilities,,Tough Claws,100.0
2019-11_gen6ou-0.json,Metagross-Mega,Items,,Metagrossite,100.0
2019-11_gen6ou-0.json,Metagross-Mega,Spreads,,Other,21.187
2019-11_gen6ou-0.json,Metagross-Mega,Moves,,Meteor Mash,82.568
2019-11_gen6ou-0.json,Metagross-Mega,Moves,,Zen Headbutt,65.437
2019-11_gen6ou-0.json,Metagross-Mega,Moves,,Earthquake,56.353
2019-11_gen6ou-0.json,Metagross-Mega,Moves,,Bullet Punch,43.312
2019-11_gen6ou-0.json,Metagross-Mega,Moves,,Ice Punch,41.267
2019-11_gen6ou-0.json,Metagross-Mega,Moves,,Thunder Punch,24.774
2019-11_gen6ou-0.json,Metagross-Mega,Moves,,Hammer Arm,21.455
2019-11_gen6ou-0.json,Metagross-Mega,Moves,,Pursuit,11.398
2019-11_gen6ou-0.json,Metagross-Mega,Moves,,Agility,8.314
2019-11_gen6ou-0.json,Metagross-Mega,Moves,,Brick Break,4.392
2019-11_gen6ou-0.json,Metagross-Mega,Moves,,Psychic,4.325
2019-11_gen6ou-0.json,Metagross-Mega,Moves,,Flash Cannon,4.123
2019-11_gen6ou-0.json,Metagross-Mega,Moves,,Iron Head,3.755
2019-11_gen6ou-0.json,Metagross-Mega,Moves,,Power-Up Punch,3.621
2019-11_gen6ou-0.json,Metagross-Mega,Moves,,Stealth Rock,3.587
2019-11_gen6ou-0.json,Metagross-Mega,Moves,,Hone Claws,2.615
2019-11_gen6ou-0.json,Metagross-Mega,Moves,,Other,18.706
2019-11_gen6ou-0.json,Keldeo,Stats,Raw count,,2890
2019-11_gen6ou-0.json,Keldeo,Stats,Avg. weight,,1.0
2019-11_gen6ou-0.json,Keldeo,Stats,Viability Ceiling,,92
2019-11_gen6ou-0.json,Keldeo,Stats,Timid,,7.232
2019-11_gen6ou-0.json,Keldeo,Stats,Hardy,,3.010
2019-11_gen6ou-0.json,Keldeo,Stats,Mild,,1.869
2019-11_gen6ou-0.json,Keldeo,Stats,Hasty,,1.730
2019-11_gen6ou-0.json,Keldeo,Abilities,,Justified,100.0
2019-11_gen6ou-0.json,Keldeo,Items,,Choice Specs,54.325
2019-11_gen6ou-0.json,Keldeo,Items,,Choice Scarf,18.927
2019-11_gen6ou-0.json,Keldeo,Items,,Leftovers,15.536
2019-11_gen6ou-0.json,Keldeo,Items,,Life Orb,7.059
2019-11_gen6ou-0.json,Keldeo,Items,,Other,4.152
2019-11_gen6ou-0.json,Keldeo,Spreads,,Other,7.647
2019-11_gen6ou-0.json,Keldeo,Moves,,Scald,89.308
2019-11_gen6ou-0.json,Keldeo,Moves,,Secret Sword,88.512
2019-11_gen6ou-0.json,Keldeo,Moves,,Hydro Pump,73.737
2019-11_gen6ou-0.json,Keldeo,Moves,,Icy Wind,41.176
2019-11_gen6ou-0.json,Keldeo,Moves,,Hidden Power Grass,19.931
2019-11_gen6ou-0.json,Keldeo,Moves,,Calm Mind,18.962
2019-11_gen6ou-0.json,Keldeo,Moves,,Focus Blast,18.27
2019-11_gen6ou-0.json,Keldeo,Moves,,Substitute,10.208
2019-11_gen6ou-0.json,Keldeo,Moves,,Hidden Power Electric,8.962
2019-11_gen6ou-0.json,Keldeo,Moves,,Surf,4.948
2019-11_gen6ou-0.json,Keldeo,Moves,,Hidden Power Ice,4.637
2019-11_gen6ou-0.json,Keldeo,Moves,,Sacred Sword,3.218
2019-11_gen6ou-0.json,Keldeo,Moves,,Other,18.131
2019-11_gen6ou-0.json,Bisharp,Stats,Raw count,,2816
2019-11_gen6ou-0.json,Bisharp,Stats,Avg. weight,,1.0
2019-11_gen6ou-0.json,Bisharp,Stats,Viability Ceiling,,88
2019-11_gen6ou-0.json,Bisharp,Stats,Adamant,,4.261
2019-11_gen6ou-0.json,Bisharp,Stats,Jolly,,10.582
2019-11_gen6ou-0.json,Bisharp,Abilities,,Defiant,96.555
2019-11_gen6ou-0.json,Bisharp,Abilities,,Inner Focus,2.521
2019-11_gen6ou-0.json,Bisharp,Abilities,,Pressure,0.923
2019-11_gen6ou-0.json,Bisharp,Items,,Life Orb,29.723
2019-11_gen6ou-0.json,Bisharp,Items,,Black Glasses,20.135
2019-11_gen6ou-0.json,Bisharp,Items,,Focus Sash,13.778
2019-11_gen6ou-0.json,Bisharp,Items,,Lum Berry,9.659
2019-11_gen6ou-0.json,Bisharp,Items,,Assault Vest,7.812
2019-11_gen6ou-0.json,Bisharp,Items,,Air Balloon,4.581
2019-11_gen6ou-0.json,Bisharp,Items,,Leftovers,3.942
2019-11_gen6ou-0.json,Bisharp,Items,,Dread Plate,2.592
2019-11_gen6ou-0.json,Bisharp,Items,,Nothing,1.882
2019-11_gen6ou-0.json,Bisharp,Items,,Choice Scarf,0.994
2019-11_gen6ou-0.json,Bisharp,Items,,Other,4.901
2019-11_gen6ou-0.json,Bisharp,Spreads,,Other,41.229
2019-11_gen6ou-0.json,Bisharp,Moves,,Iron Head,92.01
2019-11_gen6ou-0.json,Bisharp,Moves,,Sucker Punch,86.044
2019-11_gen6ou-0.json,Bisharp,Moves,,Knock Off,84.304
2019-11_gen6ou-0.json,Bisharp,Moves,,Swords Dance,70.17
2019-11_gen6ou-0.json,Bisharp,Moves,,Pursuit,9.659
2019-11_gen6ou-0.json,Bisharp,Moves,,Brick Break,6.428
2019-11_gen6ou-0.json,Bisharp,Moves,,X-Scissor,5.433
2019-11_gen6ou-0.json,Bisharp,Moves,,Power-Up Punch,5.256
2019-11_gen6ou-0.json,Bisharp,Moves,,Dark Pulse,4.972
2019-11_gen6ou-0.json,Bisharp,Moves,,Night Slash,3.835
2019-11_gen6ou-0.json,Bisharp,Moves,,Poison Jab,3.516
2019-11_gen6ou-0.json,Bisharp,Moves,,Psycho Cut,3.125
2019-11_gen6ou-0.json,Bisharp,Moves,,Foul Play,2.592
2019-11_gen6ou-0.json,Bisharp,Moves,,Low Kick,2.521
2019-11_gen6ou-0.json,Bisharp,Moves,,Taunt,2.415
2019-11_gen6ou-0.json,Bisharp,Moves,,Other,17.72
2019-11_gen6ou-0.json,Dragonite,Stats,Raw count,,2775
2019-11_gen6ou-0.json,Dragonite,Stats,Avg. weight,,1.0
2019-11_gen6ou-0.json,Dragonite,Stats,Viability Ceiling,,89
2019-11_gen6ou-0.json,Dragonite,Stats,Adamant,,4.973
2019-11_gen6ou-0.json,Dragonite,Stats,Jolly,,3.207
2019-11_gen6ou-0.json,Dragonite,Abilities,,Multiscale,77.153
2019-11_gen6ou-0.json,Dragonite,Abilities,,Inner Focus,22.847
2019-11_gen6ou-0.json,Dragonite,Items,,Leftovers,27.712
2019-11_gen6ou-0.json,Dragonite,Items,,Weakness Policy,15.712
2019-11_gen6ou-0.json,Dragonite,Items,,Lum Berry,15.243
2019-11_gen6ou-0.json,Dragonite,Items,,Choice Band,12.18
2019-11_gen6ou-0.json,Dragonite,Items,,Life Orb,5.189
2019-11_gen6ou-0.json,Dragonite,Items,,Assault Vest,4.432
2019-11_gen6ou-0.json,Dragonite,Items,,Metronome,3.351
2019-11_gen6ou-0.json,Dragonite,Items,,Nothing,3.063
2019-11_gen6ou-0.json,Dragonite,Items,,Dragon Fang,2.559
2019-11_gen6ou-0.json,Dragonite,Items,,Expert Belt,1.802
2019-11_gen6ou-0.json,Dragonite,Items,,Choice Scarf,1.297
2019-11_gen6ou-0.json,Dragonite,Items,,Charcoal,1.081
2019-11_gen6ou-0.json,Dragonite,Items,,Aguav Berry,1.009
2019-11_gen6ou-0.json,Dragonite,Items,,Focus Sash,1.009
2019-11_gen6ou-0.json,Dragonite,Items,,Other,4.36
2019-11_gen6ou-0.json,Dragonite,Spreads,,Other,48.0
2019-11_gen6ou-0.json,Dragonite,Moves,,Dragon Dance,63.279
2019-11_gen6ou-0.json,Dragonite,Moves,,Extreme Speed,60.324
2019-11_gen6ou-0.json,Dragonite,Moves,,Earthquake,47.135
2019-11_gen6ou-0.json,Dragonite,Moves,,Outrage,34.991
2019-11_gen6ou-0.json,Dragonite,Moves,,Dragon Claw,33.297
2019-11_gen6ou-0.json,Dragonite,Moves,,Fire Punch,21.982
2019-11_gen6ou-0.json,Dragonite,Moves,,Roost,17.477
2019-11_gen6ou-0.json,Dragonite,Moves,,Iron Head,11.712
2019-11_gen6ou-0.json,Dragonite,Moves,,Draco Meteor,8.541
2019-11_gen6ou-0.json,Dragonite,Moves,,Fly,7.315
2019-11_gen6ou-0.json,Dragonite,Moves,,Ice Punch,7.063
2019-11_gen6ou-0.json,Dragonite,Moves,,Superpower,6.595
2019-11_gen6ou-0.json,Dragonite,Moves,,Substitute,6.523
2019-11_gen6ou-0.json,Dragonite,Moves,,Dragon Tail,5.874
2019-11_gen6ou-0.json,Dragonite,Moves,,Thunder Punch,5.333
2019-11_gen6ou-0.json,Dragonite,Moves,,Hurricane,5.009
2019-11_gen6ou-0.json,Dragonite,Moves,,Defog,4.108
2019-11_gen6ou-0.json,Dragonite,Moves,,Flamethrower,3.82
2019-11_gen6ou-0.json,Dragonite,Moves,,Dragon Pulse,3.748
2019-11_gen6ou-0.json,Dragonite,Moves,,Aqua Tail,3.315
2019-11_gen6ou-0.json,Dragonite,Moves,,Fire Blast,3.315
2019-11_gen6ou-0.json,Dragonite,Moves,,Thunderbolt,2.811
2019-11_gen6ou-0.json,Dragonite,Moves,,Dragon Rush,2.667
2019-11_gen6ou-0.json,Dragonite,Moves,,Ice Beam,2.523
2019-11_gen6ou-0.json,Dragonite,Moves,,Brick Break,2.126
2019-11_gen6ou-0.json,Dragonite,Moves,,Agility,2.054
2019-11_gen6ou-0.json,Dragonite,Moves,,Iron Tail,2.018
2019-11_gen6ou-0.json,Dragonite,Moves,,Surf,1.874
2019-11_gen6ou-0.json,Dragonite,Moves,,Thunder,1.73
2019-11_gen6ou-0.json,Dragonite,Moves,,Aqua Jet,1.405
2019-11_gen6ou-0.json,Dragonite,Moves,,Waterfall,1.261
2019-11_gen6ou-0.json,Dragonite,Moves,,Other,18.775
2019-11_gen6ou-0.json,Weavile,Stats,Raw count,,2615
2019-11_gen6ou-0.json,Weavile,Stats,Avg. weight,,1.0
2019-11_gen6ou-0.json,Weavile,Stats,Viability Ceiling,,90
2019-11_gen6ou-0.json,Weavile,Stats,Jolly,,14.379
2019-11_gen6ou-0.json,Weavile,Stats,Adamant,,1.491
2019-11_gen6ou-0.json,Weavile,Abilities,,Pressure,74.799
2019-11_gen6ou-0.json,Weavile,Abilities,,Pickpocket,25.201
2019-11_gen6ou-0.json,Weavile,Items,,Life Orb,47.304
2019-11_gen6ou-0.json,Weavile,Items,,Choice Band,28.337
2019-11_gen6ou-0.json,Weavile,Items,,Focus Sash,7.954
2019-11_gen6ou-0.json,Weavile,Items,,Choice Scarf,5.201
2019-11_gen6ou-0.json,Weavile,Items,,Leftovers,4.207
2019-11_gen6ou-0.json,Weavile,Items,,Nothing,2.906
2019-11_gen6ou-0.json,Weavile,Items,,Other,4.092
2019-11_gen6ou-0.json,Weavile,Spreads,,Other,11.243
2019-11_gen6ou-0.json,Weavile,Moves,,Knock Off,86.157
2019-11_gen6ou-0.json,Weavile,Moves,,Icicle Crash,82.371
2019-11_gen6ou-0.json,Weavile,Moves,,Ice Shard,76.405
2019-11_gen6ou-0.json,Weavile,Moves,,Pursuit,37.438
2019-11_gen6ou-0.json,Weavile,Moves,,Low Kick,31.969
2019-11_gen6ou-0.json,Weavile,Moves,,Swords Dance,12.199
2019-11_gen6ou-0.json,Weavile,Moves,,Fake Out,11.281
2019-11_gen6ou-0.json,Weavile,Moves,,Ice Punch,6.883
2019-11_gen6ou-0.json,Weavile,Moves,,Poison Jab,6.73
2019-11_gen6ou-0.json,Weavile,Moves,,Brick Break,6.463
2019-11_gen6ou-0.json,Weavile,Moves,,Night Slash,5.621
2019-11_gen6ou-0.json,Weavile,Moves,,Punishment,4.245
2019-11_gen6ou-0.json,Weavile,Moves,,Ice Beam,3.977
2019-11_gen6ou-0.json,Weavile,Moves,,Foul Play,3.556
2019-11_gen6ou-0.json,Weavile,Moves,,Dark Pulse,3.48
2019-11_gen6ou-0.json,Weavile,Moves,,Taunt,2.792
2019-11_gen6ou-0.json,Weavile,Moves,,Other,18.432
2019-11_gen6ou-0.json,Charizard-Mega-X,Stats,Raw count,,2544
2019-11_gen6ou-0.json,Charizard-Mega-X,Stats,Avg. weight,,1.0
2019-11_gen6ou-0.json,Charizard-Mega-X,Stats,Viability Ceiling,,87
2019-11_gen6ou-0.json,Charizard-Mega-X,Stats,Adamant,,2.555
2019-11_gen6ou-0.json,Charizard-Mega-X,Stats,Jolly,,4.245
2019-11_gen6ou-0.json,Charizard-Mega-X,Abilities,,Tough Claws,100.0
2019-11_gen6ou-0.json,Charizard-Mega-X,Items,,Charizardite X,100.0
2019-11_gen6ou-0.json,Charizard-Mega-X,Spreads,,Other,56.564
2019-11_gen6ou-0.json,Charizard-Mega-X,Moves,,Dragon Claw,63.09
2019-11_gen6ou-0.json,Charizard-Mega-X,Moves,,Dragon Dance,62.618
2019-11_gen6ou-0.json,Charizard-Mega-X,Moves,,Flare Blitz,61.753
2019-11_gen6ou-0.json,Charizard-Mega-X,Moves,,Roost,43.042
2019-11_gen6ou-0.json,Charizard-Mega-X,Moves,,Earthquake,40.055
2019-11_gen6ou-0.json,Charizard-Mega-X,Moves,,Flamethrower,18.632
2019-11_gen6ou-0.json,Charizard-Mega-X,Moves,,Outrage,13.601
2019-11_gen6ou-0.json,Charizard-Mega-X,Moves,,Dragon Pulse,11.006
2019-11_gen6ou-0.json,Charizard-Mega-X,Moves,,Air Slash,9.748
2019-11_gen6ou-0.json,Charizard-Mega-X,Moves,,Fire Blast,9.709
2019-11_gen6ou-0.json,Charizard-Mega-X,Moves,,Thunder Punch,8.491
2019-11_gen6ou-0.json,Charizard-Mega-X,Moves,,Fire Punch,7.901
2019-11_gen6ou-0.json,Charizard-Mega-X,Moves,,Will-O-Wisp,4.678
2019-11_gen6ou-0.json,Charizard-Mega-X,Moves,,Brick Break,3.066
2019-11_gen6ou-0.json,Charizard-Mega-X,Moves,,Blast Burn,2.987
2019-11_gen6ou-0.json,Charizard-Mega-X,Moves,,Shadow Claw,2.594
2019-11_gen6ou-0.json,Charizard-Mega-X,Moves,,Double-Edge,2.476
2019-11_gen6ou-0.json,Charizard-Mega-X,Moves,,Crunch,2.358
2019-11_gen6ou-0.json,Charizard-Mega-X,Moves,,Dragon Tail,2.319
2019-11_gen6ou-0.json,Charizard-Mega-X,Moves,,Body Slam,2.162
2019-11_gen6ou-0.json,Charizard-Mega-X,Moves,,Swords Dance,2.123
2019-11_gen6ou-0.json,Charizard-Mega-X,Moves,,Overheat,1.965
2019-11_gen6ou-0.json,Charizard-Mega-X,Moves,,Fly,1.887
2019-11_gen6ou-0.json,Charizard-Mega-X,Moves,,Acrobatics,1.612
2019-11_gen6ou-0.json,Charizard-Mega-X,Moves,,Focus Punch,1.336
2019-11_gen6ou-0.json,Charizard-Mega-X,Moves,,Other,18.789
2019-11_gen6ou-0.json,Starmie,Stats,Raw count,,2377
2019-11_gen6ou-0.json,Starmie,Stats,Avg. weight,,1.0
2019-11_gen6ou-0.json,Starmie,Stats,Viability Ceiling,,93
2019-11_gen6ou-0.json,Starmie,Stats,Timid,,3.281
2019-11_gen6ou-0.json,Starmie,Stats,Modest,,3.912
2019-11_gen6ou-0.json,Starmie,Abilities,,Natural Cure,81.742
2019-11_gen6ou-0.json,Starmie,Abilities,,Analytic,14.43
2019-11_gen6ou-0.json,Starmie,Abilities,,Illuminate,3.828
2019-11_gen6ou-0.json,Starmie,Items,,Leftovers,66.05
2019-11_gen6ou-0.json,Starmie,Items,,Life Orb,20.025
2019-11_gen6ou-0.json,Starmie,Items,,Weakness Policy,3.239
2019-11_gen6ou-0.json,Starmie,Items,,Choice Scarf,2.314
2019-11_gen6ou-0.json,Starmie,Items,,Choice Specs,1.767
2019-11_gen6ou-0.json,Starmie,Items,,Assault Vest,1.388
2019-11_gen6ou-0.json,Starmie,Items,,Mystic Water,1.346
2019-11_gen6ou-0.json,Starmie,Items,,Other,3.87
2019-11_gen6ou-0.json,Starmie,Spreads,,Other,31.132
2019-11_gen6ou-0.json,Starmie,Moves,,Rapid Spin,89.398
2019-11_gen6ou-0.json,Starmie,Moves,,Scald,67.017
2019-11_gen6ou-0.json,Starmie,Moves,,Recover,61.254
2019-11_gen6ou-0.json,Starmie,Moves,,Ice Beam,36.054
2019-11_gen6ou-0.json,Starmie,Moves,,Thunderbolt,25.747
2019-11_gen6ou-0.json,Starmie,Moves,,Psyshock,24.905
2019-11_gen6ou-0.json,Starmie,Moves,,Psychic,20.067
2019-11_gen6ou-0.json,Starmie,Moves,,Hydro Pump,17.333
2019-11_gen6ou-0.json,Starmie,Moves,,Thunder Wave,14.64
2019-11_gen6ou-0.json,Starmie,Moves,,Surf,11.022
2019-11_gen6ou-0.json,Starmie,Moves,,Toxic,10.77
2019-11_gen6ou-0.json,Starmie,Moves,,Reflect Type,7.741
2019-11_gen6ou-0.json,Starmie,Moves,,Other,14.051
2019-11_gen6ou-0.json,Azumarill,Stats,Raw count,,2437
2019-11_gen6ou-0.json,Azumarill,Stats,Avg. weight,,1.0
2019-11_gen6ou-0.json,Azumarill,Stats,Viability Ceiling,,89
2019-11_gen6ou-0.json,Azumarill,Stats,Adamant,,4.965
2019-11_gen6ou-0.json,Azumarill,Stats,Jolly,,4.965
2019-11_gen6ou-0.json,Azumarill,Abilities,,Huge Power,93.804
2019-11_gen6ou-0.json,Azumarill,Abilities,,Thick Fat,3.775
2019-11_gen6ou-0.json,Azumarill,Abilities,,Sap Sipper,2.421
2019-11_gen6ou-0.json,Azumarill,Items,,Sitrus Berry,39.516
2019-11_gen6ou-0.json,Azumarill,Items,,Choice Band,19.573
2019-11_gen6ou-0.json,Azumarill,Items,,Leftovers,12.967
2019-11_gen6ou-0.json,Azumarill,Items,,Assault Vest,12.392
2019-11_gen6ou-0.json,Azumarill,Items,,Life Orb,4.637
2019-11_gen6ou-0.json,Azumarill,Items,,Lum Berry,2.708
2019-11_gen6ou-0.json,Azumarill,Items,,Choice Scarf,1.559
2019-11_gen6ou-0.json,Azumarill,Items,,Mystic Water,1.395
2019-11_gen6ou-0.json,Azumarill,Items,,Metronome,1.067
2019-11_gen6ou-0.json,Azumarill,Items,,Other,4.185
2019-11_gen6ou-0.json,Azumarill,Spreads,,Other,43.086
2019-11_gen6ou-0.json,Azumarill,Moves,,Aqua Jet,93.968
2019-11_gen6ou-0.json,Azumarill,Moves,,Play Rough,92.327
2019-11_gen6ou-0.json,Azumarill,Moves,,Belly Drum,53.426
2019-11_gen6ou-0.json,Azumarill,Moves,,Knock Off,42.511
2019-11_gen6ou-0.json,Azumarill,Moves,,Waterfall,38.49
2019-11_gen6ou-0.json,Azumarill,Moves,,Superpower,22.24
2019-11_gen6ou-0.json,Azumarill,Moves,,Ice Punch,17.111
2019-11_gen6ou-0.json,Azumarill,Moves,,Aqua Tail,6.114
2019-11_gen6ou-0.json,Azumarill,Moves,,Brick Break,5.704
2019-11_gen6ou-0.json,Azumarill,Moves,,Ice Beam,4.555
2019-11_gen6ou-0.json,Azumarill,Moves,,Toxic,2.831
2019-11_gen6ou-0.json,Azumarill,Moves,,Body Slam,2.585
2019-11_gen6ou-0.json,Azumarill,Moves,,Other,18.137
2019-11_gen6ou-0.json,Latios,Stats,Raw count,,2340
2019-11_gen6ou-0.json,Latios,Stats,Avg. weight,,1.0
2019-11_gen6ou-0.json,Latios,Stats,Viability Ceiling,,93
2019-11_gen6ou-0.json,Latios,Stats,Timid,,1.453
2019-11_gen6ou-0.json,Latios,Stats,Hasty,,1.581
2019-11_gen6ou-0.json,Latios,Abilities,,Levitate,100.0
2019-11_gen6ou-0.json,Latios,Items,,Life Orb,55.128
2019-11_gen6ou-0.json,Latios,Items,,Choice Specs,18.205
2019-11_gen6ou-0.json,Latios,Items,,Choice Scarf,13.632
2019-11_gen6ou-0.json,Latios,Items,,Leftovers,4.231
2019-11_gen6ou-0.json,Latios,Items,,Weakness Policy,2.265
2019-11_gen6ou-0.json,Latios,Items,,White Herb,1.538
2019-11_gen6ou-0.json,Latios,Items,,Focus Sash,1.068
2019-11_gen6ou-0.json,Latios,Items,,Other,3.932
2019-11_gen6ou-0.json,Latios,Spreads,,Other,12.436
2019-11_gen6ou-0.json,Latios,Moves,,Draco Meteor,91.026
2019-11_gen6ou-0.json,Latios,Moves,,Defog,63.162
2019-11_gen6ou-0.json,Latios,Moves,,Psyshock,53.675
2019-11_gen6ou-0.json,Latios,Moves,,Surf,39.53
2019-11_gen6ou-0.json,Latios,Moves,,Psychic,26.538
2019-11_gen6ou-0.json,Latios,Moves,,Roost,19.744
2019-11_gen6ou-0.json,Latios,Moves,,Recover,19.188
2019-11_gen6ou-0.json,Latios,Moves,,Hidden Power Fire,15.128
2019-11_gen6ou-0.json,Latios,Moves,,Trick,14.188
2019-11_gen6ou-0.json,Latios,Moves,,Thunderbolt,9.872
2019-11_gen6ou-0.json,Latios,Moves,,Ice Beam,9.701
2019-11_gen6ou-0.json,Latios,Moves,,Calm Mind,8.761
2019-11_gen6ou-0.json,Latios,Moves,,Thunder Wave,4.487
2019-11_gen6ou-0.json,Latios,Moves,,Dragon Pulse,3.889
2019-11_gen6ou-0.json,Latios,Moves,,Energy Ball,3.59
2019-11_gen6ou-0.json,Latios,Moves,,Other,17.521
2019-11_gen6ou-0.json,Serperior,Stats,Raw count,,2318
2019-11_gen6ou-0.json,Serperior,Stats,Avg. weight,,1.0
2019-11_gen6ou-0.json,Serperior,Stats,Viability Ceiling,,90
2019-11_gen6ou-0.json,Serperior,Stats,Timid,,3.753
2019-11_gen6ou-0.json,Serperior,Abilities,,Contrary,91.846
2019-11_gen6ou-0.json,Serperior,Abilities,,Overgrow,8.154
2019-11_gen6ou-0.json,Serperior,Items,,Leftovers,53.02
2019-11_gen6ou-0.json,Serperior,Items,,Life Orb,13.762
2019-11_gen6ou-0.json,Serperior,Items,,Rocky Helmet,9.448
2019-11_gen6ou-0.json,Serperior,Items,,Assault Vest,3.84
2019-11_gen6ou-0.json,Serperior,Items,,Choice Scarf,3.71
2019-11_gen6ou-0.json,Serperior,Items,,Focus Sash,2.243
2019-11_gen6ou-0.json,Serperior,Items,,Nothing,1.984
2019-11_gen6ou-0.json,Serperior,Items,,Light Clay,1.941
2019-11_gen6ou-0.json,Serperior,Items,,Choice Specs,1.898
2019-11_gen6ou-0.json,Serperior,Items,,Miracle Seed,1.208
2019-11_gen6ou-0.json,Serperior,Items,,Wide Lens,1.165
2019-11_gen6ou-0.json,Serperior,Items,,Meadow Plate,1.079
2019-11_gen6ou-0.json,Serperior,Items,,Other,4.702
2019-11_gen6ou-0.json,Serperior,Spreads,,Other,29.422
2019-11_gen6ou-0.json,Serperior,Moves,,Leaf Storm,96.074
2019-11_gen6ou-0.json,Serperior,Moves,,Hidden Power Fire,59.232
2019-11_gen6ou-0.json,Serperior,Moves,,Dragon Pulse,42.666
2019-11_gen6ou-0.json,Serperior,Moves,,Glare,42.58
2019-11_gen6ou-0.json,Serperior,Moves,,Substitute,36.54
2019-11_gen6ou-0.json,Serperior,Moves,,Leech Seed,25.928
2019-11_gen6ou-0.json,Serperior,Moves,,Giga Drain,22.433
2019-11_gen6ou-0.json,Serperior,Moves,,Taunt,14.582
2019-11_gen6ou-0.json,Serperior,Moves,,Synthesis,8.671
2019-11_gen6ou-0.json,Serperior,Moves,,Energy Ball,5.134
2019-11_gen6ou-0.json,Serperior,Moves,,Leaf Blade,4.357
2019-11_gen6ou-0.json,Serperior,Moves,,Hidden Power Ground,3.969
2019-11_gen6ou-0.json,Serperior,Moves,,Knock Off,3.624
2019-11_gen6ou-0.json,Serperior,Moves,,Hidden Power Ice,3.236
2019-11_gen6ou-0.json,Serperior,Moves,,Dragon Tail,3.236
2019-11_gen6ou-0.json,Serperior,Moves,,Calm Mind,2.718
2019-11_gen6ou-0.json,Serperior,Moves,,Toxic,2.588
2019-11_gen6ou-0.json,Serperior,Moves,,Aqua Tail,2.459
2019-11_gen6ou-0.json,Serperior,Moves,,Other,19.974
2019-11_gen6ou-0.json,Scizor-Mega,Stats,Raw count,,2154
2019-11_gen6ou-0.json,Scizor-Mega,Stats,Avg. weight,,1.0
2019-11_gen6ou-0.json,Scizor-Mega,Stats,Viability Ceiling,,93
2019-11_gen6ou-0.json,Scizor-Mega,Stats,Adamant,,6.407
2019-11_gen6ou-0.json,Scizor-Mega,Stats,Hardy,,5.060
2019-11_gen6ou-0.json,Scizor-Mega,Stats,Impish,,3.435
2019-11_gen6ou-0.json,Scizor-Mega,Abilities,,Technician,100.0
2019-11_gen6ou-0.json,Scizor-Mega,Items,,Scizorite,100.0
2019-11_gen6ou-0.json,Scizor-Mega,Spreads,,Other,57.196
2019-11_gen6ou-0.json,Scizor-Mega,Moves,,Bullet Punch,96.657
2019-11_gen6ou-0.json,Scizor-Mega,Moves,,Swords Dance,79.109
2019-11_gen6ou-0.json,Scizor-Mega,Moves,,Roost,75.905
2019-11_gen6ou-0.json,Scizor-Mega,Moves,,U-turn,41.179
2019-11_gen6ou-0.json,Scizor-Mega,Moves,,Bug Bite,33.38
2019-11_gen6ou-0.json,Scizor-Mega,Moves,,Superpower,15.785
2019-11_gen6ou-0.json,Scizor-Mega,Moves,,Defog,13.788
2019-11_gen6ou-0.json,Scizor-Mega,Moves,,Knock Off,12.071
2019-11_gen6ou-0.json,Scizor-Mega,Moves,,X-Scissor,10.353
2019-11_gen6ou-0.json,Scizor-Mega,Moves,,Pursuit,4.132
2019-11_gen6ou-0.json,Scizor-Mega,Moves,,Other,17.642
2019-11_gen6ou-0.json,Chansey,Stats,Raw count,,2059
2019-11_gen6ou-0.json,Chansey,Stats,Avg. weight,,1.0
2019-11_gen6ou-0.json,Chansey,Stats,Viability Ceiling,,89
2019-11_gen6ou-0.json,Chansey,Stats,Bold,,3.448
2019-11_gen6ou-0.json,Chansey,Stats,Calm,,1.991
2019-11_gen6ou-0.json,Chansey,Abilities,,Natural Cure,87.615
2019-11_gen6ou-0.json,Chansey,Abilities,,Healer,10.345
2019-11_gen6ou-0.json,Chansey,Abilities,,Serene Grace,2.04
2019-11_gen6ou-0.json,Chansey,Items,,Eviolite,93.686
2019-11_gen6ou-0.json,Chansey,Items,,Leftovers,3.545
2019-11_gen6ou-0.json,Chansey,Items,,Other,2.768
2019-11_gen6ou-0.json,Chansey,Spreads,,Other,25.838
2019-11_gen6ou-0.json,Chansey,Moves,,Seismic Toss,80.767
2019-11_gen6ou-0.json,Chansey,Moves,,Soft-Boiled,74.745
2019-11_gen6ou-0.json,Chansey,Moves,,Toxic,54.687
2019-11_gen6ou-0.json,Chansey,Moves,,Heal Bell,43.953
2019-11_gen6ou-0.json,Chansey,Moves,,Thunder Wave,28.169
2019-11_gen6ou-0.json,Chansey,Moves,,Wish,22.098
2019-11_gen6ou-0.json,Chansey,Moves,,Counter,20.398
2019-11_gen6ou-0.json,Chansey,Moves,,Stealth Rock,19.67
2019-11_gen6ou-0.json,Chansey,Moves,,Aromatherapy,18.213
2019-11_gen6ou-0.json,Chansey,Moves,,Protect,11.608
2019-11_gen6ou-0.json,Chansey,Moves,,Dazzling Gleam,3.691
2019-11_gen6ou-0.json,Chansey,Moves,,Healing Wish,1.651
2019-11_gen6ou-0.json,Chansey,Moves,,Calm Mind,1.554
2019-11_gen6ou-0.json,Chansey,Moves,,Other,18.796
2019-11_gen6ou-0.json,Breloom,Stats,Raw count,,1961
2019-11_gen6ou-0.json,Breloom,Stats,Avg. weight,,1.0
2019-11_gen6ou-0.json,Breloom,Stats,Viability Ceiling,,90
2019-11_gen6ou-0.json,Breloom,Stats,Jolly,,10.811
2019-11_gen6ou-0.json,Breloom,Stats,Adamant,,4.437
2019-11_gen6ou-0.json,Breloom,Stats,Hardy,,4.080
2019-11_gen6ou-0.json,Breloom,Abilities,,Technician,59.969
2019-11_gen6ou-0.json,Breloom,Abilities,,Poison Heal,28.812
2019-11_gen6ou-0.json,Breloom,Abilities,,Effect Spore,11.219
2019-11_gen6ou-0.json,Breloom,Items,,Toxic Orb,27.69
2019-11_gen6ou-0.json,Breloom,Items,,Life Orb,27.537
2019-11_gen6ou-0.json,Breloom,Items,,Focus Sash,24.783
2019-11_gen6ou-0.json,Breloom,Items,,Leftovers,5.099
2019-11_gen6ou-0.json,Breloom,Items,,Nothing,4.742
2019-11_gen6ou-0.json,Breloom,Items,,Expert Belt,1.734
2019-11_gen6ou-0.json,Breloom,Items,,Assault Vest,1.224
2019-11_gen6ou-0.json,Breloom,Items,,Eviolite,1.122
2019-11_gen6ou-0.json,Breloom,Items,,Choice Band,1.122
2019-11_gen6ou-0.json,Breloom,Items,,Other,4.946
2019-11_gen6ou-0.json,Breloom,Spreads,,Other,43.447
2019-11_gen6ou-0.json,Breloom,Moves,,Spore,66.191
2019-11_gen6ou-0.json,Breloom,Moves,,Bullet Seed,65.426
2019-11_gen6ou-0.json,Breloom,Moves,,Mach Punch,65.375
2019-11_gen6ou-0.json,Breloom,Moves,,Swords Dance,38.858
2019-11_gen6ou-0.json,Breloom,Moves,,Rock Tomb,28.914
2019-11_gen6ou-0.json,Breloom,Moves,,Drain Punch,17.134
2019-11_gen6ou-0.json,Breloom,Moves,,Seed Bomb,15.145
2019-11_gen6ou-0.json,Breloom,Moves,,Leech Seed,14.89
2019-11_gen6ou-0.json,Breloom,Moves,,Focus Punch,12.851
2019-11_gen6ou-0.json,Breloom,Moves,,Substitute,12.749
2019-11_gen6ou-0.json,Breloom,Moves,,Bulk Up,5.354
2019-11_gen6ou-0.json,Breloom,Moves,,Power-Up Punch,4.64
2019-11_gen6ou-0.json,Breloom,Moves,,Giga Drain,4.233
2019-11_gen6ou-0.json,Breloom,Moves,,Stone Edge,3.927
2019-11_gen6ou-0.json,Breloom,Moves,,Protect,3.825
2019-11_gen6ou-0.json,Breloom,Moves,,Brick Break,3.774
2019-11_gen6ou-0.json,Breloom,Moves,,Toxic,3.672
2019-11_gen6ou-0.json,Breloom,Moves,,Force Palm,3.57
2019-11_gen6ou-0.json,Breloom,Moves,,Superpower,3.162
2019-11_gen6ou-0.json,Breloom,Moves,,Facade,2.907
2019-11_gen6ou-0.json,Breloom,Moves,,Thunder Punch,2.754
2019-11_gen6ou-0.json,Breloom,Moves,,Energy Ball,2.55
2019-11_gen6ou-0.json,Breloom,Moves,,Other,18.103
2019-11_gen6ou-0.json,Charizard-Mega-Y,Stats,Raw count,,1840
2019-11_gen6ou-0.json,Charizard-Mega-Y,Stats,Avg. weight,,1.0
2019-11_gen6ou-0.json,Charizard-Mega-Y,Stats,Viability Ceiling,,88
2019-11_gen6ou-0.json,Charizard-Mega-Y,Stats,Timid,,5.163
2019-11_gen6ou-0.json,Charizard-Mega-Y,Stats,Modest,,4.022
2019-11_gen6ou-0.json,Charizard-Mega-Y,Stats,Hasty,,4.565
2019-11_gen6ou-0.json,Charizard-Mega-Y,Abilities,,Drought,100.0
2019-11_gen6ou-0.json,Charizard-Mega-Y,Items,,Charizardite Y,100.0
2019-11_gen6ou-0.json,Charizard-Mega-Y,Spreads,,Other,38.587
2019-11_gen6ou-0.json,Charizard-Mega-Y,Moves,,Solar Beam,80.435
2019-11_gen6ou-0.json,Charizard-Mega-Y,Moves,,Roost,53.315
2019-11_gen6ou-0.json,Charizard-Mega-Y,Moves,,Flamethrower,48.967
2019-11_gen6ou-0.json,Charizard-Mega-Y,Moves,,Fire Blast,42.446
2019-11_gen6ou-0.json,Charizard-Mega-Y,Moves,,Focus Blast,40.598
2019-11_gen6ou-0.json,Charizard-Mega-Y,Moves,,Air Slash,39.348
2019-11_gen6ou-0.json,Charizard-Mega-Y,Moves,,Dragon Pulse,27.337
2019-11_gen6ou-0.json,Charizard-Mega-Y,Moves,,Dragon Dance,7.446
2019-11_gen6ou-0.json,Charizard-Mega-Y,Moves,,Earthquake,7.12
2019-11_gen6ou-0.json,Charizard-Mega-Y,Moves,,Heat Wave,5.163
2019-11_gen6ou-0.json,Charizard-Mega-Y,Moves,,Dragon Claw,4.348
2019-11_gen6ou-0.json,Charizard-Mega-Y,Moves,,Flare Blitz,2.989
2019-11_gen6ou-0.json,Charizard-Mega-Y,Moves,,Defog,2.772
2019-11_gen6ou-0.json,Charizard-Mega-Y,Moves,,Protect,2.283
2019-11_gen6ou-0.json,Charizard-Mega-Y,Moves,,Focus Punch,2.228
2019-11_gen6ou-0.json,Charizard-Mega-Y,Moves,,Dragon Tail,2.011
2019-11_gen6ou-0.json,Charizard-Mega-Y,Moves,,Blast Burn,1.957
2019-11_gen6ou-0.json,Charizard-Mega-Y,Moves,,Ancient Power,1.957
2019-11_gen6ou-0.json,Charizard-Mega-Y,Moves,,Hidden Power Ice,1.957
2019-11_gen6ou-0.json,Charizard-Mega-Y,Moves,,Overheat,1.902
2019-11_gen6ou-0.json,Charizard-Mega-Y,Moves,,Flame Charge,1.739
2019-11_gen6ou-0.json,Charizard-Mega-Y,Moves,,Will-O-Wisp,1.739
2019-11_gen6ou-0.json,Charizard-Mega-Y,Moves,,Other,19.946
2019-11_gen6ou-0.json,Skarmory,Stats,Raw count,,1738
2019-11_gen6ou-0.json,Skarmory,Stats,Avg. weight,,1.0
2019-11_gen6ou-0.json,Skarmory,Stats,Viability Ceiling,,89
2019-11_gen6ou-0.json,Skarmory,Stats,Impish,,4.948
2019-11_gen6ou-0.json,Skarmory,Stats,Bold,,8.458
2019-11_gen6ou-0.json,Skarmory,Stats,Careful,,6.559
2019-11_gen6ou-0.json,Skarmory,Abilities,,Sturdy,88.895
2019-11_gen6ou-0.json,Skarmory,Abilities,,Keen Eye,8.113
2019-11_gen6ou-0.json,Skarmory,Abilities,,Weak Armor,2.992
2019-11_gen6ou-0.json,Skarmory,Items,,Leftovers,41.139
2019-11_gen6ou-0.json,Skarmory,Items,,Rocky Helmet,41.024
2019-11_gen6ou-0.json,Skarmory,Items,,Shed Shell,5.409
2019-11_gen6ou-0.json,Skarmory,Items,,Custap Berry,3.337
2019-11_gen6ou-0.json,Skarmory,Items,,Focus Sash,1.611
2019-11_gen6ou-0.json,Skarmory,Items,,Sitrus Berry,1.151
2019-11_gen6ou-0.json,Skarmory,Items,,Eviolite,1.036
2019-11_gen6ou-0.json,Skarmory,Items,,Red Card,0.921
2019-11_gen6ou-0.json,Skarmory,Items,,Other,4.373
2019-11_gen6ou-0.json,Skarmory,Spreads,,Other,53.625
2019-11_gen6ou-0.json,Skarmory,Moves,,Roost,79.402
2019-11_gen6ou-0.json,Skarmory,Moves,,Whirlwind,56.732
2019-11_gen6ou-0.json,Skarmory,Moves,,Spikes,55.236
2019-11_gen6ou-0.json,Skarmory,Moves,,Stealth Rock,49.885
2019-11_gen6ou-0.json,Skarmory,Moves,,Brave Bird,35.961
2019-11_gen6ou-0.json,Skarmory,Moves,,Defog,35.328
2019-11_gen6ou-0.json,Skarmory,Moves,,Iron Head,22.9
2019-11_gen6ou-0.json,Skarmory,Moves,,Toxic,15.535
2019-11_gen6ou-0.json,Skarmory,Moves,,Taunt,9.148
2019-11_gen6ou-0.json,Skarmory,Moves,,Drill Peck,7.365
2019-11_gen6ou-0.json,Skarmory,Moves,,Steel Wing,4.718
2019-11_gen6ou-0.json,Skarmory,Moves,,Roar,4.661
2019-11_gen6ou-0.json,Skarmory,Moves,,Counter,4.2
2019-11_gen6ou-0.json,Skarmory,Moves,,Other,18.93
2019-11_gen6ou-0.json,Magnezone,Stats,Raw count,,1621
2019-11_gen6ou-0.json,Magnezone,Stats,Avg. weight,,1.0
2019-11_gen6ou-0.json,Magnezone,Stats,Viability Ceiling,,90
2019-11_gen6ou-0.json,Magnezone,Stats,Timid,,3.701
2019-11_gen6ou-0.json,Magnezone,Stats,Modest,,3.578
2019-11_gen6ou-0.json,Magnezone,Abilities,,Magnet Pull,86.922
2019-11_gen6ou-0.json,Magnezone,Abilities,,Analytic,7.094
2019-11_gen6ou-0.json,Magnezone,Abilities,,Sturdy,5.984
2019-11_gen6ou-0.json,Magnezone,Items,,Choice Scarf,52.56
2019-11_gen6ou-0.json,Magnezone,Items,,Choice Specs,22.209
2019-11_gen6ou-0.json,Magnezone,Items,,Assault Vest,9.068
2019-11_gen6ou-0.json,Magnezone,Items,,Air Balloon,4.874
2019-11_gen6ou-0.json,Magnezone,Items,,Leftovers,4.75
2019-11_gen6ou-0.json,Magnezone,Items,,Life Orb,1.789
2019-11_gen6ou-0.json,Magnezone,Items,,Other,4.75
2019-11_gen6ou-0.json,Magnezone,Spreads,,Other,33.251
2019-11_gen6ou-0.json,Magnezone,Moves,,Flash Cannon,91.61
2019-11_gen6ou-0.json,Magnezone,Moves,,Volt Switch,85.071
2019-11_gen6ou-0.json,Magnezone,Moves,,Hidden Power Fire,82.048
2019-11_gen6ou-0.json,Magnezone,Moves,,Thunderbolt,72.918
2019-11_gen6ou-0.json,Magnezone,Moves,,Discharge,13.757
2019-11_gen6ou-0.json,Magnezone,Moves,,Signal Beam,7.711
2019-11_gen6ou-0.json,Magnezone,Moves,,Thunder Wave,6.477
2019-11_gen6ou-0.json,Magnezone,Moves,,Mirror Coat,5.922
2019-11_gen6ou-0.json,Magnezone,Moves,,Thunder,5.676
2019-11_gen6ou-0.json,Magnezone,Moves,,Explosion,3.763
2019-11_gen6ou-0.json,Magnezone,Moves,,Toxic,3.208
2019-11_gen6ou-0.json,Magnezone,Moves,,Iron Head,2.529
2019-11_gen6ou-0.json,Magnezone,Moves,,Other,19.309
2019-11_gen6ou-0.json,Gardevoir-Mega,Stats,Raw count,,1556
2019-11_gen6ou-0.json,Gardevoir-Mega,Stats,Avg. weight,,1.0
2019-11_gen6ou-0.json,Gardevoir-Mega,Stats,Viability Ceiling,,89
2019-11_gen6ou-0.json,Gardevoir-Mega,Stats,Timid,,2.378
2019-11_gen6ou-0.json,Gardevoir-Mega,Stats,Modest,,2.378
2019-11_gen6ou-0.json,Gardevoir-Mega,Abilities,,Pixilate,100.0
2019-11_gen6ou-0.json,Gardevoir-Mega,Items,,Gardevoirite,100.0
2019-11_gen6ou-0.json,Gardevoir-Mega,Spreads,,Other,37.468
2019-11_gen6ou-0.json,Gardevoir-Mega,Moves,,Hyper Voice,71.337
2019-11_gen6ou-0.json,Gardevoir-Mega,Moves,,Psyshock,58.098
2019-11_gen6ou-0.json,Gardevoir-Mega,Moves,,Focus Blast,48.715
2019-11_gen6ou-0.json,Gardevoir-Mega,Moves,,Calm Mind,35.09
2019-11_gen6ou-0.json,Gardevoir-Mega,Moves,,Psychic,28.278
2019-11_gen6ou-0.json,Gardevoir-Mega,Moves,,Moonblast,22.044
2019-11_gen6ou-0.json,Gardevoir-Mega,Moves,,Energy Ball,18.445
2019-11_gen6ou-0.json,Gardevoir-Mega,Moves,,Shadow Ball,18.123
2019-11_gen6ou-0.json,Gardevoir-Mega,Moves,,Will-O-Wisp,15.296
2019-11_gen6ou-0.json,Gardevoir-Mega,Moves,,Taunt,14.653
2019-11_gen6ou-0.json,Gardevoir-Mega,Moves,,Thunderbolt,10.861
2019-11_gen6ou-0.json,Gardevoir-Mega,Moves,,Dazzling Gleam,8.612
2019-11_gen6ou-0.json,Gardevoir-Mega,Moves,,Hidden Power Fire,7.519
2019-11_gen6ou-0.json,Gardevoir-Mega,Moves,,Substitute,3.406
2019-11_gen6ou-0.json,Gardevoir-Mega,Moves,,Protect,2.828
2019-11_gen6ou-0.json,Gardevoir-Mega,Moves,,Destiny Bond,2.506
2019-11_gen6ou-0.json,Gardevoir-Mega,Moves,,Pain Split,2.314
2019-11_gen6ou-0.json,Gardevoir-Mega,Moves,,Draining Kiss,1.992
2019-11_gen6ou-0.json,Gardevoir-Mega,Moves,,Reflect,1.735
2019-11_gen6ou-0.json,Gardevoir-Mega,Moves,,Wish,1.671
2019-11_gen6ou-0.json,Gardevoir-Mega,Moves,,Trick Room,1.478
2019-11_gen6ou-0.json,Gardevoir-Mega,Moves,,Toxic,1.478
2019-11_gen6ou-0.json,Gardevoir-Mega,Moves,,Hyper Beam,1.35
2019-11_gen6ou-0.json,Gardevoir-Mega,Moves,,Fire Punch,1.157
2019-11_gen6ou-0.json,Gardevoir-Mega,Moves,,Ice Punch,1.157
2019-11_gen6ou-0.json,Gardevoir-Mega,Moves,,Other,19.859
2019-11_gen6ou-0.json,Tornadus-Therian,Stats,Raw count,,1420
2019-11_gen6ou-0.json,Tornadus-Therian,Stats,Avg. weight,,1.0
2019-11_gen6ou-0.json,Tornadus-Therian,Stats,Viability Ceiling,,92
2019-11_gen6ou-0.json,Tornadus-Therian,Stats,Hasty,,3.521
2019-11_gen6ou-0.json,Tornadus-Therian,Stats,Timid,,5.070
2019-11_gen6ou-0.json,Tornadus-Therian,Abilities,,Regenerator,100.0
2019-11_gen6ou-0.json,Tornadus-Therian,Items,,Assault Vest,75.563
2019-11_gen6ou-0.json,Tornadus-Therian,Items,,Life Orb,16.338
2019-11_gen6ou-0.json,Tornadus-Therian,Items,,Choice Specs,3.239
2019-11_gen6ou-0.json,Tornadus-Therian,Items,,Other,4.859
2019-11_gen6ou-0.json,Tornadus-Therian,Spreads,,Other,52.254
2019-11_gen6ou-0.json,Tornadus-Therian,Moves,,Hurricane,93.239
2019-11_gen6ou-0.json,Tornadus-Therian,Moves,,U-turn,89.789
2019-11_gen6ou-0.json,Tornadus-Therian,Moves,,Knock Off,81.127
2019-11_gen6ou-0.json,Tornadus-Therian,Moves,,Heat Wave,56.69
2019-11_gen6ou-0.json,Tornadus-Therian,Moves,,Superpower,36.127
2019-11_gen6ou-0.json,Tornadus-Therian,Moves,,Hidden Power Ice,10.775
2019-11_gen6ou-0.json,Tornadus-Therian,Moves,,Focus Blast,7.183
2019-11_gen6ou-0.json,Tornadus-Therian,Moves,,Air Slash,5.141
2019-11_gen6ou-0.json,Tornadus-Therian,Moves,,Other,19.93
2019-11_gen6ou-0.json,Thundurus,Stats,Raw count,,1368
2019-11_gen6ou-0.json,Thundurus,Stats,Avg. weight,,1.0
2019-11_gen6ou-0.json,Thundurus,Stats,Viability Ceiling,,90
2019-11_gen6ou-0.json,Thundurus,Stats,Timid,,8.699
2019-11_gen6ou-0.json,Thundurus,Stats,Calm,,5.190
2019-11_gen6ou-0.json,Thundurus,Stats,Jolly,,3.801
2019-11_gen6ou-0.json,Thundurus,Stats,Hasty,,2.339
2019-11_gen6ou-0.json,Thundurus,Abilities,,Prankster,93.129
2019-11_gen6ou-0.json,Thundurus,Abilities,,Defiant,6.871
2019-11_gen6ou-0.json,Thundurus,Items,,Life Orb,50.877
2019-11_gen6ou-0.json,Thundurus,Items,,Leftovers,25.439
2019-11_gen6ou-0.json,Thundurus,Items,,Sitrus Berry,9.211
2019-11_gen6ou-0.json,Thundurus,Items,,Charti Berry,6.287
2019-11_gen6ou-0.json,Thundurus,Items,,Lum Berry,2.778
2019-11_gen6ou-0.json,Thundurus,Items,,Power Herb,1.096
2019-11_gen6ou-0.json,Thundurus,Items,,Other,4.313
2019-11_gen6ou-0.json,Thundurus,Spreads,,Other,12.865
2019-11_gen6ou-0.json,Thundurus,Moves,,Thunderbolt,88.743
2019-11_gen6ou-0.json,Thundurus,Moves,,Hidden Power Ice,69.883
2019-11_gen6ou-0.json,Thundurus,Moves,,Thunder Wave,64.547
2019-11_gen6ou-0.json,Thundurus,Moves,,Nasty Plot,48.904
2019-11_gen6ou-0.json,Thundurus,Moves,,Focus Blast,41.447
2019-11_gen6ou-0.json,Thundurus,Moves,,Taunt,22.222
2019-11_gen6ou-0.json,Thundurus,Moves,,Knock Off,11.915
2019-11_gen6ou-0.json,Thundurus,Moves,,Superpower,6.287
2019-11_gen6ou-0.json,Thundurus,Moves,,Volt Switch,4.313
2019-11_gen6ou-0.json,Thundurus,Moves,,Fly,4.167
2019-11_gen6ou-0.json,Thundurus,Moves,,Grass Knot,4.02
2019-11_gen6ou-0.json,Thundurus,Moves,,Bulk Up,3.655
2019-11_gen6ou-0.json,Thundurus,Moves,,Toxic,3.289
2019-11_gen6ou-0.json,Thundurus,Moves,,Wild Charge,2.997
2019-11_gen6ou-0.json,Thundurus,Moves,,Agility,2.851
2019-11_gen6ou-0.json,Thundurus,Moves,,Hidden Power Flying,2.558
2019-11_gen6ou-0.json,Thundurus,Moves,,Other,18.202
2019-11_gen6ou-0.json,Manaphy,Stats,Raw count,,1335
2019-11_gen6ou-0.json,Manaphy,Stats,Avg. weight,,1.0
2019-11_gen6ou-0.json,Manaphy,Stats,Viability Ceiling,,87
2019-11_gen6ou-0.json,Manaphy,Stats,Timid,,6.292
2019-11_gen6ou-0.json,Manaphy,Stats,Modest,,7.640
2019-11_gen6ou-0.json,Manaphy,Abilities,,Hydration,100.0
2019-11_gen6ou-0.json,Manaphy,Items,,Leftovers,78.577
2019-11_gen6ou-0.json,Manaphy,Items,,Sitrus Berry,9.064
2019-11_gen6ou-0.json,Manaphy,Items,,Lum Berry,2.472
2019-11_gen6ou-0.json,Manaphy,Items,,Life Orb,2.397
2019-11_gen6ou-0.json,Manaphy,Items,,Damp Rock,2.247
2019-11_gen6ou-0.json,Manaphy,Items,,Salac Berry,0.899
2019-11_gen6ou-0.json,Manaphy,Items,,Other,4.345
2019-11_gen6ou-0.json,Manaphy,Spreads,,Other,35.431
2019-11_gen6ou-0.json,Manaphy,Moves,,Tail Glow,90.262
2019-11_gen6ou-0.json,Manaphy,Moves,,Energy Ball,74.082
2019-11_gen6ou-0.json,Manaphy,Moves,,Ice Beam,70.712
2019-11_gen6ou-0.json,Manaphy,Moves,,Scald,56.629
2019-11_gen6ou-0.json,Manaphy,Moves,,Surf,43.745
2019-11_gen6ou-0.json,Manaphy,Moves,,Rain Dance,17.603
2019-11_gen6ou-0.json,Manaphy,Moves,,Hidden Power Fire,7.94
2019-11_gen6ou-0.json,Manaphy,Moves,,Substitute,6.816
2019-11_gen6ou-0.json,Manaphy,Moves,,Calm Mind,6.816
2019-11_gen6ou-0.json,Manaphy,Moves,,Psychic,6.442
2019-11_gen6ou-0.json,Manaphy,Moves,,Other,18.951
2019-11_gen6ou-0.json,Zapdos,Stats,Raw count,,1335
2019-11_gen6ou-0.json,Zapdos,Stats,Avg. weight,,1.0
2019-11_gen6ou-0.json,Zapdos,Stats,Viability Ceiling,,93
2019-11_gen6ou-0.json,Zapdos,Stats,Timid,,13.408
2019-11_gen6ou-0.json,Zapdos,Stats,Bold,,2.772
2019-11_gen6ou-0.json,Zapdos,Stats,Modest,,7.491
2019-11_gen6ou-0.json,Zapdos,Stats,Calm,,4.045
2019-11_gen6ou-0.json,Zapdos,Abilities,,Pressure,70.337
2019-11_gen6ou-0.json,Zapdos,Abilities,,Static,29.663
2019-11_gen6ou-0.json,Zapdos,Items,,Leftovers,66.517
2019-11_gen6ou-0.json,Zapdos,Items,,Rocky Helmet,12.36
2019-11_gen6ou-0.json,Zapdos,Items,,Life Orb,3.745
2019-11_gen6ou-0.json,Zapdos,Items,,Choice Specs,3.146
2019-11_gen6ou-0.json,Zapdos,Items,,Focus Sash,2.772
2019-11_gen6ou-0.json,Zapdos,Items,,Nothing,2.097
2019-11_gen6ou-0.json,Zapdos,Items,,Choice Scarf,1.948
2019-11_gen6ou-0.json,Zapdos,Items,,Expert Belt,1.798
2019-11_gen6ou-0.json,Zapdos,Items,,Lum Berry,1.573
2019-11_gen6ou-0.json,Zapdos,Items,,Other,4.045
2019-11_gen6ou-0.json,Zapdos,Spreads,,Other,57.453
2019-11_gen6ou-0.json,Zapdos,Moves,,Roost,73.708
2019-11_gen6ou-0.json,Zapdos,Moves,,Heat Wave,68.914
2019-11_gen6ou-0.json,Zapdos,Moves,,Defog,51.311
2019-11_gen6ou-0.json,Zapdos,Moves,,Thunderbolt,38.502
2019-11_gen6ou-0.json,Zapdos,Moves,,Hidden Power Ice,37.228
2019-11_gen6ou-0.json,Zapdos,Moves,,Volt Switch,36.255
2019-11_gen6ou-0.json,Zapdos,Moves,,Discharge,22.022
2019-11_gen6ou-0.json,Zapdos,Moves,,Thunder Wave,12.434
2019-11_gen6ou-0.json,Zapdos,Moves,,Toxic,10.037
2019-11_gen6ou-0.json,Zapdos,Moves,,Thunder,6.517
2019-11_gen6ou-0.json,Zapdos,Moves,,Charge Beam,4.719
2019-11_gen6ou-0.json,Zapdos,Moves,,Drill Peck,4.27
2019-11_gen6ou-0.json,Zapdos,Moves,,Extrasensory,3.745
2019-11_gen6ou-0.json,Zapdos,Moves,,U-turn,2.697
2019-11_gen6ou-0.json,Zapdos,Moves,,Protect,2.622
2019-11_gen6ou-0.json,Zapdos,Moves,,Agility,2.472
2019-11_gen6ou-0.json,Zapdos,Moves,,Substitute,2.247
2019-11_gen6ou-0.json,Zapdos,Moves,,Hidden Power Grass,2.022
2019-11_gen6ou-0.json,Zapdos,Moves,,Other,18.277
2019-11_gen6ou-0.json,Lopunny-Mega,Stats,Raw count,,1309
2019-11_gen6ou-0.json,Lopunny-Mega,Stats,Avg. weight,,1.0
2019-11_gen6ou-0.json,Lopunny-Mega,Stats,Viability Ceiling,,89
2019-11_gen6ou-0.json,Lopunny-Mega,Stats,Jolly,,12.834
2019-11_gen6ou-0.json,Lopunny-Mega,Stats,Adamant,,3.972
2019-11_gen6ou-0.json,Lopunny-Mega,Stats,Hardy,,2.139
2019-11_gen6ou-0.json,Lopunny-Mega,Abilities,,Scrappy,100.0
2019-11_gen6ou-0.json,Lopunny-Mega,Items,,Lopunnite,100.0
2019-11_gen6ou-0.json,Lopunny-Mega,Spreads,,Other,11.383
2019-11_gen6ou-0.json,Lopunny-Mega,Moves,,Fake Out,91.902
2019-11_gen6ou-0.json,Lopunny-Mega,Moves,,High Jump Kick,89.916
2019-11_gen6ou-0.json,Lopunny-Mega,Moves,,Return,75.63
2019-11_gen6ou-0.json,Lopunny-Mega,Moves,,Ice Punch,65.623
2019-11_gen6ou-0.json,Lopunny-Mega,Moves,,Power-Up Punch,18.946
2019-11_gen6ou-0.json,Lopunny-Mega,Moves,,Frustration,12.681
2019-11_gen6ou-0.json,Lopunny-Mega,Moves,,Quick Attack,11.459
2019-11_gen6ou-0.json,Lopunny-Mega,Moves,,Drain Punch,10.237
2019-11_gen6ou-0.json,Lopunny-Mega,Moves,,Protect,3.209
2019-11_gen6ou-0.json,Lopunny-Mega,Moves,,Thunder Punch,2.368
2019-11_gen6ou-0.json,Lopunny-Mega,Moves,,Other,18.029
2019-11_gen6ou-0.json,Amoonguss,Stats,Raw count,,1290
2019-11_gen6ou-0.json,Amoonguss,Stats,Avg. weight,,1.0
2019-11_gen6ou-0.json,Amoonguss,Stats,Viability Ceiling,,89
2019-11_gen6ou-0.json,Amoonguss,Stats,Bold,,3.876
2019-11_gen6ou-0.json,Amoonguss,Stats,Calm,,3.411
2019-11_gen6ou-0.json,Amoonguss,Stats,Modest,,4.651
2019-11_gen6ou-0.json,Amoonguss,Abilities,,Regenerator,89.457
2019-11_gen6ou-0.json,Amoonguss,Abilities,,Effect Spore,10.543
2019-11_gen6ou-0.json,Amoonguss,Items,,Black Sludge,72.558
2019-11_gen6ou-0.json,Amoonguss,Items,,Leftovers,15.039
2019-11_gen6ou-0.json,Amoonguss,Items,,Rocky Helmet,3.488
2019-11_gen6ou-0.json,Amoonguss,Items,,Nothing,2.326
2019-11_gen6ou-0.json,Amoonguss,Items,,Focus Sash,1.395
2019-11_gen6ou-0.json,Amoonguss,Items,,Power Herb,0.93
2019-11_gen6ou-0.json,Amoonguss,Items,,Other,4.264
2019-11_gen6ou-0.json,Amoonguss,Spreads,,Other,55.349
2019-11_gen6ou-0.json,Amoonguss,Moves,,Giga Drain,89.845
2019-11_gen6ou-0.json,Amoonguss,Moves,,Spore,88.14
2019-11_gen6ou-0.json,Amoonguss,Moves,,Clear Smog,55.194
2019-11_gen6ou-0.json,Amoonguss,Moves,,Sludge Bomb,39.767
2019-11_gen6ou-0.json,Amoonguss,Moves,,Hidden Power Fire,37.132
2019-11_gen6ou-0.json,Amoonguss,Moves,,Toxic,27.364
2019-11_gen6ou-0.json,Amoonguss,Moves,,Foul Play,12.093
2019-11_gen6ou-0.json,Amoonguss,Moves,,Synthesis,10.078
2019-11_gen6ou-0.json,Amoonguss,Moves,,Stun Spore,8.527
2019-11_gen6ou-0.json,Amoonguss,Moves,,Energy Ball,6.744
2019-11_gen6ou-0.json,Amoonguss,Moves,,Protect,5.814
2019-11_gen6ou-0.json,Amoonguss,Moves,,Other,19.302
2019-11_gen6ou-0.json,Venusaur-Mega,Stats,Raw count,,1286
2019-11_gen6ou-0.json,Venusaur-Mega,Stats,Avg. weight,,1.0
2019-11_gen6ou-0.json,Venusaur-Mega,Stats,Viability Ceiling,,87
2019-11_gen6ou-0.json,Venusaur-Mega,Stats,Bold,,3.655
2019-11_gen6ou-0.json,Venusaur-Mega,Stats,Modest,,3.421
2019-11_gen6ou-0.json,Venusaur-Mega,Abilities,,Thick Fat,100.0
2019-11_gen6ou-0.json,Venusaur-Mega,Items,,Venusaurite,100.0
2019-11_gen6ou-0.json,Venusaur-Mega,Spreads,,Other,55.054
2019-11_gen6ou-0.json,Venusaur-Mega,Moves,,Sludge Bomb,79.082
2019-11_gen6ou-0.json,Venusaur-Mega,Moves,,Giga Drain,72.473
2019-11_gen6ou-0.json,Venusaur-Mega,Moves,,Synthesis,63.686
2019-11_gen6ou-0.json,Venusaur-Mega,Moves,,Leech Seed,46.267
2019-11_gen6ou-0.json,Venusaur-Mega,Moves,,Hidden Power Fire,38.103
2019-11_gen6ou-0.json,Venusaur-Mega,Moves,,Toxic,14.774
2019-11_gen6ou-0.json,Venusaur-Mega,Moves,,Sleep Powder,10.731
2019-11_gen6ou-0.json,Venusaur-Mega,Moves,,Earthquake,10.109
2019-11_gen6ou-0.json,Venusaur-Mega,Moves,,Energy Ball,9.253
2019-11_gen6ou-0.json,Venusaur-Mega,Moves,,Knock Off,5.521
2019-11_gen6ou-0.json,Venusaur-Mega,Moves,,Bullet Seed,5.521
2019-11_gen6ou-0.json,Venusaur-Mega,Moves,,Leaf Storm,5.132
2019-11_gen6ou-0.json,Venusaur-Mega,Moves,,Protect,3.11
2019-11_gen6ou-0.json,Venusaur-Mega,Moves,,Power Whip,2.566
2019-11_gen6ou-0.json,Venusaur-Mega,Moves,,Venoshock,2.333
2019-11_gen6ou-0.json,Venusaur-Mega,Moves,,Swords Dance,2.255
2019-11_gen6ou-0.json,Venusaur-Mega,Moves,,Substitute,2.022
2019-11_gen6ou-0.json,Venusaur-Mega,Moves,,Frenzy Plant,2.022
2019-11_gen6ou-0.json,Venusaur-Mega,Moves,,Body Slam,2.022
2019-11_gen6ou-0.json,Venusaur-Mega,Moves,,Solar Beam,1.866
2019-11_gen6ou-0.json,Venusaur-Mega,Moves,,Outrage,1.788
2019-11_gen6ou-0.json,Venusaur-Mega,Moves,,Other,19.362
2019-11_gen6ou-0.json,Latias,Stats,Raw count,,1221
2019-11_gen6ou-0.json,Latias,Stats,Avg. weight,,1.0
2019-11_gen6ou-0.json,Latias,Stats,Viability Ceiling,,90
2019-11_gen6ou-0.json,Latias,Stats,Timid,,3.767
2019-11_gen6ou-0.json,Latias,Abilities,,Levitate,100.0
2019-11_gen6ou-0.json,Latias,Items,,Life Orb,47.83
2019-11_gen6ou-0.json,Latias,Items,,Leftovers,36.364
2019-11_gen6ou-0.json,Latias,Items,,Choice Scarf,7.535
2019-11_gen6ou-0.json,Latias,Items,,Colbur Berry,2.785
2019-11_gen6ou-0.json,Latias,Items,,Sitrus Berry,1.884
2019-11_gen6ou-0.json,Latias,Items,,Other,3.604
2019-11_gen6ou-0.json,Latias,Spreads,,Other,25.471
2019-11_gen6ou-0.json,Latias,Moves,,Draco Meteor,70.598
2019-11_gen6ou-0.json,Latias,Moves,,Defog,68.55
2019-11_gen6ou-0.json,Latias,Moves,,Psyshock,65.684
2019-11_gen6ou-0.json,Latias,Moves,,Healing Wish,60.934
2019-11_gen6ou-0.json,Latias,Moves,,Ice Beam,17.445
2019-11_gen6ou-0.json,Latias,Moves,,Recover,15.397
2019-11_gen6ou-0.json,Latias,Moves,,Psychic,14.988
2019-11_gen6ou-0.json,Latias,Moves,,Roost,12.695
2019-11_gen6ou-0.json,Latias,Moves,,Thunder Wave,12.367
2019-11_gen6ou-0.json,Latias,Moves,,Dragon Pulse,9.337
2019-11_gen6ou-0.json,Latias,Moves,,Thunderbolt,8.681
2019-11_gen6ou-0.json,Latias,Moves,,Calm Mind,8.436
2019-11_gen6ou-0.json,Latias,Moves,,Toxic,7.617
2019-11_gen6ou-0.json,Latias,Moves,,Hidden Power Fire,5.897
2019-11_gen6ou-0.json,Latias,Moves,,Surf,3.767
2019-11_gen6ou-0.json,Latias,Moves,,Other,17.609
2019-11_gen6ou-0.json,Salamence,Stats,Raw count,,1199
2019-11_gen6ou-0.json,Salamence,Stats,Avg. weight,,1.0
2019-11_gen6ou-0.json,Salamence,Stats,Viability Ceiling,,84
2019-11_gen6ou-0.json,Salamence,Stats,Naive,,18.682
2019-11_gen6ou-0.json,Salamence,Stats,Bold,,16.847
2019-11_gen6ou-0.json,Salamence,Stats,Hasty,,15.430
2019-11_gen6ou-0.json,Salamence,Stats,Adamant,,7.506
2019-11_gen6ou-0.json,Salamence,Stats,Jolly,,4.504
2019-11_gen6ou-0.json,Salamence,Abilities,,Intimidate,51.293
2019-11_gen6ou-0.json,Salamence,Abilities,,Moxie,48.707
2019-11_gen6ou-0.json,Salamence,Items,,Lum Berry,24.604
2019-11_gen6ou-0.json,Salamence,Items,,Rocky Helmet,19.016
2019-11_gen6ou-0.json,Salamence,Items,,Dragon Fang,14.178
2019-11_gen6ou-0.json,Salamence,Items,,Leftovers,7.756
2019-11_gen6ou-0.json,Salamence,Items,,Life Orb,6.756
2019-11_gen6ou-0.json,Salamence,Items,,Choice Scarf,5.588
2019-11_gen6ou-0.json,Salamence,Items,,Choice Band,4.003
2019-11_gen6ou-0.json,Salamence,Items,,Assault Vest,3.42
2019-11_gen6ou-0.json,Salamence,Items,,Focus Sash,2.502
2019-11_gen6ou-0.json,Salamence,Items,,Sitrus Berry,2.168
2019-11_gen6ou-0.json,Salamence,Items,,Nothing,1.585
2019-11_gen6ou-0.json,Salamence,Items,,Quick Claw,1.084
2019-11_gen6ou-0.json,Salamence,Items,,Pecha Berry,0.917
2019-11_gen6ou-0.json,Salamence,Items,,Dragon Scale,0.917
2019-11_gen6ou-0.json,Salamence,Items,,Expert Belt,0.751
2019-11_gen6ou-0.json,Salamence,Items,,Other,4.754
2019-11_gen6ou-0.json,Salamence,Spreads,,Other,31.443
2019-11_gen6ou-0.json,Salamence,Moves,,Earthquake,58.716
2019-11_gen6ou-0.json,Salamence,Moves,,Dragon Dance,53.294
2019-11_gen6ou-0.json,Salamence,Moves,,Flamethrower,46.372
2019-11_gen6ou-0.json,Salamence,Moves,,Outrage,44.37
2019-11_gen6ou-0.json,Salamence,Moves,,Dragon Claw,28.941
2019-11_gen6ou-0.json,Salamence,Moves,,Draco Meteor,28.023
2019-11_gen6ou-0.json,Salamence,Moves,,Roost,23.353
2019-11_gen6ou-0.json,Salamence,Moves,,Toxic,17.932
2019-11_gen6ou-0.json,Salamence,Moves,,Stone Edge,13.094
2019-11_gen6ou-0.json,Salamence,Moves,,Crunch,8.257
2019-11_gen6ou-0.json,Salamence,Moves,,Brick Break,8.173
2019-11_gen6ou-0.json,Salamence,Moves,,Fire Fang,6.422
2019-11_gen6ou-0.json,Salamence,Moves,,Aerial Ace,5.338
2019-11_gen6ou-0.json,Salamence,Moves,,Dragon Pulse,5.254
2019-11_gen6ou-0.json,Salamence,Moves,,Fly,5.088
2019-11_gen6ou-0.json,Salamence,Moves,,Fire Blast,4.921
2019-11_gen6ou-0.json,Salamence,Moves,,Dragon Tail,4.087
2019-11_gen6ou-0.json,Salamence,Moves,,Hydro Pump,4.087
2019-11_gen6ou-0.json,Salamence,Moves,,Zen Headbutt,3.503
2019-11_gen6ou-0.json,Salamence,Moves,,Defog,3.336
2019-11_gen6ou-0.json,Salamence,Moves,,Aqua Tail,3.253
2019-11_gen6ou-0.json,Salamence,Moves,,Iron Tail,3.086
2019-11_gen6ou-0.json,Salamence,Moves,,Steel Wing,2.502
2019-11_gen6ou-0.json,Salamence,Moves,,Other,18.599
2019-11_gen6ou-0.json,Volcarona,Stats,Raw count,,1175
2019-11_gen6ou-0.json,Volcarona,Stats,Avg. weight,,1.0
2019-11_gen6ou-0.json,Volcarona,Stats,Viability Ceiling,,90
2019-11_gen6ou-0.json,Volcarona,Stats,Modest,,29.617
2019-11_gen6ou-0.json,Volcarona,Stats,Timid,,3.404
2019-11_gen6ou-0.json,Volcarona,Stats,Bold,,3.404
2019-11_gen6ou-0.json,Volcarona,Abilities,,Flame Body,93.191
2019-11_gen6ou-0.json,Volcarona,Abilities,,Swarm,6.809
2019-11_gen6ou-0.json,Volcarona,Items,,Lum Berry,27.83
2019-11_gen6ou-0.json,Volcarona,Items,,Leftovers,22.213
2019-11_gen6ou-0.json,Volcarona,Items,,Life Orb,9.957
2019-11_gen6ou-0.json,Volcarona,Items,,Focus Sash,9.617
2019-11_gen6ou-0.json,Volcarona,Items,,Passho Berry,7.489
2019-11_gen6ou-0.json,Volcarona,Items,,Sitrus Berry,4.426
2019-11_gen6ou-0.json,Volcarona,Items,,Coba Berry,3.915
2019-11_gen6ou-0.json,Volcarona,Items,,Rocky Helmet,2.809
2019-11_gen6ou-0.json,Volcarona,Items,,Nothing,1.702
2019-11_gen6ou-0.json,Volcarona,Items,,Charcoal,1.617
2019-11_gen6ou-0.json,Volcarona,Items,,Quick Claw,1.277
2019-11_gen6ou-0.json,Volcarona,Items,,Air Balloon,1.191
2019-11_gen6ou-0.json,Volcarona,Items,,Charti Berry,1.021
2019-11_gen6ou-0.json,Volcarona,Items,,Other,4.936
2019-11_gen6ou-0.json,Volcarona,Spreads,,Other,35.149
2019-11_gen6ou-0.json,Volcarona,Moves,,Quiver Dance,93.872
2019-11_gen6ou-0.json,Volcarona,Moves,,Bug Buzz,77.191
2019-11_gen6ou-0.json,Volcarona,Moves,,Giga Drain,59.574
2019-11_gen6ou-0.json,Volcarona,Moves,,Fiery Dance,40.34
2019-11_gen6ou-0.json,Volcarona,Moves,,Flamethrower,31.66
2019-11_gen6ou-0.json,Volcarona,Moves,,Fire Blast,28.0
2019-11_gen6ou-0.json,Volcarona,Moves,,Roost,16.766
2019-11_gen6ou-0.json,Volcarona,Moves,,Hidden Power Ground,10.553
2019-11_gen6ou-0.json,Volcarona,Moves,,Substitute,9.362
2019-11_gen6ou-0.json,Volcarona,Moves,,Psychic,7.234
2019-11_gen6ou-0.json,Volcarona,Moves,,Calm Mind,3.404
2019-11_gen6ou-0.json,Volcarona,Moves,,Hurricane,2.894
2019-11_gen6ou-0.json,Volcarona,Moves,,Other,19.149
2019-11_gen6ou-0.json,Hydreigon,Stats,Raw count,,1177
2019-11_gen6ou-0.json,Hydreigon,Stats,Avg. weight,,1.0
2019-11_gen6ou-0.json,Hydreigon,Stats,Viability Ceiling,,89
2019-11_gen6ou-0.json,Hydreigon,Stats,Timid,,3.059
2019-11_gen6ou-0.json,Hydreigon,Stats,Modest,,4.928
2019-11_gen6ou-0.json,Hydreigon,Stats,Mild,,2.889
2019-11_gen6ou-0.json,Hydreigon,Abilities,,Levitate,100.0
2019-11_gen6ou-0.json,Hydreigon,Items,,Choice Specs,32.88
2019-11_gen6ou-0.json,Hydreigon,Items,,Choice Scarf,17.077
2019-11_gen6ou-0.json,Hydreigon,Items,,Life Orb,13.934
2019-11_gen6ou-0.json,Hydreigon,Items,,Assault Vest,9.516
2019-11_gen6ou-0.json,Hydreigon,Items,,Leftovers,5.183
2019-11_gen6ou-0.json,Hydreigon,Items,,Choice Band,3.144
2019-11_gen6ou-0.json,Hydreigon,Items,,Focus Sash,2.974
2019-11_gen6ou-0.json,Hydreigon,Items,,Expert Belt,2.889
2019-11_gen6ou-0.json,Hydreigon,Items,,Rocky Helmet,2.379
2019-11_gen6ou-0.json,Hydreigon,Items,,Nothing,2.124
2019-11_gen6ou-0.json,Hydreigon,Items,,Yache Berry,1.359
2019-11_gen6ou-0.json,Hydreigon,Items,,Draco Plate,1.274
2019-11_gen6ou-0.json,Hydreigon,Items,,Lum Berry,1.274
2019-11_gen6ou-0.json,Hydreigon,Items,,Other,3.993
2019-11_gen6ou-0.json,Hydreigon,Spreads,,Other,32.795
2019-11_gen6ou-0.json,Hydreigon,Moves,,Dark Pulse,90.484
2019-11_gen6ou-0.json,Hydreigon,Moves,,Draco Meteor,71.708
2019-11_gen6ou-0.json,Hydreigon,Moves,,Flash Cannon,42.141
2019-11_gen6ou-0.json,Hydreigon,Moves,,Fire Blast,42.056
2019-11_gen6ou-0.json,Hydreigon,Moves,,Flamethrower,26.593
2019-11_gen6ou-0.json,Hydreigon,Moves,,U-turn,22.175
2019-11_gen6ou-0.json,Hydreigon,Moves,,Dragon Pulse,17.077
2019-11_gen6ou-0.json,Hydreigon,Moves,,Earth Power,15.463
2019-11_gen6ou-0.json,Hydreigon,Moves,,Surf,7.307
2019-11_gen6ou-0.json,Hydreigon,Moves,,Earthquake,7.307
2019-11_gen6ou-0.json,Hydreigon,Moves,,Roost,6.882
2019-11_gen6ou-0.json,Hydreigon,Moves,,Outrage,5.777
2019-11_gen6ou-0.json,Hydreigon,Moves,,Superpower,5.692
2019-11_gen6ou-0.json,Hydreigon,Moves,,Focus Blast,4.078
2019-11_gen6ou-0.json,Hydreigon,Moves,,Tri Attack,2.889
2019-11_gen6ou-0.json,Hydreigon,Moves,,Crunch,2.634
2019-11_gen6ou-0.json,Hydreigon,Moves,,Dragon Tail,2.209
2019-11_gen6ou-0.json,Hydreigon,Moves,,Hidden Power Poison,2.124
2019-11_gen6ou-0.json,Hydreigon,Moves,,Tailwind,2.124
2019-11_gen6ou-0.json,Hydreigon,Moves,,Acrobatics,1.699
2019-11_gen6ou-0.json,Hydreigon,Moves,,Ice Fang,1.614
2019-11_gen6ou-0.json,Hydreigon,Moves,,Other,19.966
2019-11_gen6ou-0.json,Slowbro,Stats,Raw count,,1119
2019-11_gen6ou-0.json,Slowbro,Stats,Avg. weight,,1.0
2019-11_gen6ou-0.json,Slowbro,Stats,Viability Ceiling,,90
2019-11_gen6ou-0.json,Slowbro,Stats,Bold,,3.753
2019-11_gen6ou-0.json,Slowbro,Stats,Modest,,8.043
2019-11_gen6ou-0.json,Slowbro,Abilities,,Regenerator,92.046
2019-11_gen6ou-0.json,Slowbro,Abilities,,Oblivious,6.345
2019-11_gen6ou-0.json,Slowbro,Abilities,,Own Tempo,1.609
2019-11_gen6ou-0.json,Slowbro,Items,,Leftovers,65.684
2019-11_gen6ou-0.json,Slowbro,Items,,Rocky Helmet,15.996
2019-11_gen6ou-0.json,Slowbro,Items,,Assault Vest,6.971
2019-11_gen6ou-0.json,Slowbro,Items,,Eviolite,5.809
2019-11_gen6ou-0.json,Slowbro,Items,,Colbur Berry,1.698
2019-11_gen6ou-0.json,Slowbro,Items,,Other,3.843
2019-11_gen6ou-0.json,Slowbro,Spreads,,Other,48.615
2019-11_gen6ou-0.json,Slowbro,Moves,,Scald,92.136
2019-11_gen6ou-0.json,Slowbro,Moves,,Slack Off,80.965
2019-11_gen6ou-0.json,Slowbro,Moves,,Psyshock,54.692
2019-11_gen6ou-0.json,Slowbro,Moves,,Calm Mind,38.785
2019-11_gen6ou-0.json,Slowbro,Moves,,Thunder Wave,29.848
2019-11_gen6ou-0.json,Slowbro,Moves,,Ice Beam,22.699
2019-11_gen6ou-0.json,Slowbro,Moves,,Psychic,18.767
2019-11_gen6ou-0.json,Slowbro,Moves,,Flamethrower,15.371
2019-11_gen6ou-0.json,Slowbro,Moves,,Toxic,14.209
2019-11_gen6ou-0.json,Slowbro,Moves,,Fire Blast,6.702
2019-11_gen6ou-0.json,Slowbro,Moves,,Surf,5.541
2019-11_gen6ou-0.json,Slowbro,Moves,,Shadow Ball,3.307
2019-11_gen6ou-0.json,Slowbro,Moves,,Other,16.979
2019-11_gen6ou-0.json,Infernape,Stats,Raw count,,1151
2019-11_gen6ou-0.json,Infernape,Stats,Avg. weight,,1.0
2019-11_gen6ou-0.json,Infernape,Stats,Viability Ceiling,,86
2019-11_gen6ou-0.json,Infernape,Stats,Jolly,,3.388
2019-11_gen6ou-0.json,Infernape,Stats,Adamant,,7.819
2019-11_gen6ou-0.json,Infernape,Stats,Hasty,,7.819
2019-11_gen6ou-0.json,Infernape,Stats,Timid,,3.910
2019-11_gen6ou-0.json,Infernape,Abilities,,Iron Fist,61.077
2019-11_gen6ou-0.json,Infernape,Abilities,,Blaze,38.923
2019-11_gen6ou-0.json,Infernape,Items,,Life Orb,26.759
2019-11_gen6ou-0.json,Infernape,Items,,Focus Sash,22.155
2019-11_gen6ou-0.json,Infernape,Items,,Leftovers,10.773
2019-11_gen6ou-0.json,Infernape,Items,,Fist Plate,8.167
2019-11_gen6ou-0.json,Infernape,Items,,Nothing,4.692
2019-11_gen6ou-0.json,Infernape,Items,,Choice Band,4.17
2019-11_gen6ou-0.json,Infernape,Items,,Expert Belt,4.083
2019-11_gen6ou-0.json,Infernape,Items,,Choice Scarf,3.562
2019-11_gen6ou-0.json,Infernape,Items,,Muscle Band,2.78
2019-11_gen6ou-0.json,Infernape,Items,,Air Balloon,2.606
2019-11_gen6ou-0.json,Infernape,Items,,Black Belt,2.259
2019-11_gen6ou-0.json,Infernape,Items,,Assault Vest,1.825
2019-11_gen6ou-0.json,Infernape,Items,,Sitrus Berry,1.477
2019-11_gen6ou-0.json,Infernape,Items,,Other,4.692
2019-11_gen6ou-0.json,Infernape,Spreads,,Other,42.919
2019-11_gen6ou-0.json,Infernape,Moves,,Close Combat,53.171
2019-11_gen6ou-0.json,Infernape,Moves,,Mach Punch,37.185
2019-11_gen6ou-0.json,Infernape,Moves,,Fire Punch,34.405
2019-11_gen6ou-0.json,Infernape,Moves,,Thunder Punch,33.623
2019-11_gen6ou-0.json,Infernape,Moves,,Flare Blitz,23.979
2019-11_gen6ou-0.json,Infernape,Moves,,U-turn,19.548
2019-11_gen6ou-0.json,Infernape,Moves,,Fire Blast,14.248
2019-11_gen6ou-0.json,Infernape,Moves,,Flamethrower,12.945
2019-11_gen6ou-0.json,Infernape,Moves,,Earthquake,12.163
2019-11_gen6ou-0.json,Infernape,Moves,,Focus Punch,11.555
2019-11_gen6ou-0.json,Infernape,Moves,,Swords Dance,10.86
2019-11_gen6ou-0.json,Infernape,Moves,,Blaze Kick,10.339
2019-11_gen6ou-0.json,Infernape,Moves,,Overheat,9.731
2019-11_gen6ou-0.json,Infernape,Moves,,Substitute,9.557
2019-11_gen6ou-0.json,Infernape,Moves,,Stealth Rock,9.036
2019-11_gen6ou-0.json,Infernape,Moves,,Fake Out,7.906
2019-11_gen6ou-0.json,Infernape,Moves,,Gunk Shot,7.732
2019-11_gen6ou-0.json,Infernape,Moves,,Stone Edge,7.037
2019-11_gen6ou-0.json,Infernape,Moves,,Encore,6.255
2019-11_gen6ou-0.json,Infernape,Moves,,Brick Break,5.56
2019-11_gen6ou-0.json,Infernape,Moves,,Vacuum Wave,5.56
2019-11_gen6ou-0.json,Infernape,Moves,,Flame Charge,5.039
2019-11_gen6ou-0.json,Infernape,Moves,,Nasty Plot,4.865
2019-11_gen6ou-0.json,Infernape,Moves,,Focus Blast,4.778
2019-11_gen6ou-0.json,Infernape,Moves,,Power-Up Punch,4.692
2019-11_gen6ou-0.json,Infernape,Moves,,Endeavor,4.605
2019-11_gen6ou-0.json,Infernape,Moves,,Acrobatics,3.562
2019-11_gen6ou-0.json,Infernape,Moves,,Poison Jab,3.128
2019-11_gen6ou-0.json,Infernape,Moves,,Grass Knot,3.041
2019-11_gen6ou-0.json,Infernape,Moves,,Bulk Up,2.52
2019-11_gen6ou-0.json,Infernape,Moves,,Shadow Claw,2.259
2019-11_gen6ou-0.json,Infernape,Moves,,Other,19.114
2019-11_gen6ou-0.json,Volcanion,Stats,Raw count,,1131
2019-11_gen6ou-0.json,Volcanion,Stats,Avg. weight,,1.0
2019-11_gen6ou-0.json,Volcanion,Stats,Viability Ceiling,,91
2019-11_gen6ou-0.json,Volcanion,Stats,Hardy,,13.705
2019-11_gen6ou-0.json,Volcanion,Stats,Modest,,3.890
2019-11_gen6ou-0.json,Volcanion,Stats,Quiet,,4.067
2019-11_gen6ou-0.json,Volcanion,Abilities,,Water Absorb,100.0
2019-11_gen6ou-0.json,Volcanion,Items,,Leftovers,53.227
2019-11_gen6ou-0.json,Volcanion,Items,,Assault Vest,16.711
2019-11_gen6ou-0.json,Volcanion,Items,,Choice Specs,9.726
2019-11_gen6ou-0.json,Volcanion,Items,,Life Orb,6.189
2019-11_gen6ou-0.json,Volcanion,Items,,Choice Scarf,4.244
2019-11_gen6ou-0.json,Volcanion,Items,,Sitrus Berry,2.299
2019-11_gen6ou-0.json,Volcanion,Items,,Air Balloon,2.122
2019-11_gen6ou-0.json,Volcanion,Items,,Rocky Helmet,1.857
2019-11_gen6ou-0.json,Volcanion,Items,,Other,3.625
2019-11_gen6ou-0.json,Volcanion,Spreads,,Other,58.002
2019-11_gen6ou-0.json,Volcanion,Moves,,Steam Eruption,88.506
2019-11_gen6ou-0.json,Volcanion,Moves,,Flamethrower,74.182
2019-11_gen6ou-0.json,Volcanion,Moves,,Earth Power,51.724
2019-11_gen6ou-0.json,Volcanion,Moves,,Sludge Bomb,33.775
2019-11_gen6ou-0.json,Volcanion,Moves,,Toxic,20.955
2019-11_gen6ou-0.json,Volcanion,Moves,,Fire Blast,20.866
2019-11_gen6ou-0.json,Volcanion,Moves,,Hidden Power Grass,15.119
2019-11_gen6ou-0.json,Volcanion,Moves,,Earthquake,14.235
2019-11_gen6ou-0.json,Volcanion,Moves,,Substitute,13.263
2019-11_gen6ou-0.json,Volcanion,Moves,,Sludge Wave,10.787
2019-11_gen6ou-0.json,Volcanion,Moves,,Scald,9.549
2019-11_gen6ou-0.json,Volcanion,Moves,,Brick Break,6.101
2019-11_gen6ou-0.json,Volcanion,Moves,,Flash Cannon,5.836
2019-11_gen6ou-0.json,Volcanion,Moves,,Hydro Pump,5.482
2019-11_gen6ou-0.json,Volcanion,Moves,,Focus Blast,4.332
2019-11_gen6ou-0.json,Volcanion,Moves,,Flame Charge,2.918
2019-11_gen6ou-0.json,Volcanion,Moves,,Flare Blitz,2.476
2019-11_gen6ou-0.json,Volcanion,Moves,,Other,19.894
2019-11_gen6ou-0.json,Mew,Stats,Raw count,,1112
2019-11_gen6ou-0.json,Mew,Stats,Avg. weight,,1.0
2019-11_gen6ou-0.json,Mew,Stats,Viability Ceiling,,92
2019-11_gen6ou-0.json,Mew,Stats,Bold,,10.701
2019-11_gen6ou-0.json,Mew,Stats,Careful,,9.263
2019-11_gen6ou-0.json,Mew,Stats,Impish,,6.295
2019-11_gen6ou-0.json,Mew,Stats,Calm,,3.327
2019-11_gen6ou-0.json,Mew,Stats,Mild,,2.878
2019-11_gen6ou-0.json,Mew,Abilities,,Synchronize,100.0
2019-11_gen6ou-0.json,Mew,Items,,Leftovers,66.007
2019-11_gen6ou-0.json,Mew,Items,,Choice Scarf,9.892
2019-11_gen6ou-0.json,Mew,Items,,Colbur Berry,4.227
2019-11_gen6ou-0.json,Mew,Items,,Expert Belt,3.867
2019-11_gen6ou-0.json,Mew,Items,,Nothing,2.518
2019-11_gen6ou-0.json,Mew,Items,,Life Orb,1.888
2019-11_gen6ou-0.json,Mew,Items,,Focus Sash,1.709
2019-11_gen6ou-0.json,Mew,Items,,Rocky Helmet,1.439
2019-11_gen6ou-0.json,Mew,Items,,Zoom Lens,1.349
2019-11_gen6ou-0.json,Mew,Items,,Lum Berry,1.349
2019-11_gen6ou-0.json,Mew,Items,,Assault Vest,1.079
2019-11_gen6ou-0.json,Mew,Items,,Other,4.676
2019-11_gen6ou-0.json,Mew,Spreads,,Other,63.579
2019-11_gen6ou-0.json,Mew,Moves,,Will-O-Wisp,49.46
2019-11_gen6ou-0.json,Mew,Moves,,Soft-Boiled,49.101
2019-11_gen6ou-0.json,Mew,Moves,,Defog,46.583
2019-11_gen6ou-0.json,Mew,Moves,,Psychic,26.888
2019-11_gen6ou-0.json,Mew,Moves,,Knock Off,20.324
2019-11_gen6ou-0.json,Mew,Moves,,Volt Switch,14.838
2019-11_gen6ou-0.json,Mew,Moves,,Roost,14.209
2019-11_gen6ou-0.json,Mew,Moves,,Stealth Rock,14.029
2019-11_gen6ou-0.json,Mew,Moves,,Ice Beam,13.129
2019-11_gen6ou-0.json,Mew,Moves,,Taunt,12.23
2019-11_gen6ou-0.json,Mew,Moves,,Trick,8.723
2019-11_gen6ou-0.json,Mew,Moves,,Transform,8.183
2019-11_gen6ou-0.json,Mew,Moves,,Earthquake,7.824
2019-11_gen6ou-0.json,Mew,Moves,,Aura Sphere,7.824
2019-11_gen6ou-0.json,Mew,Moves,,Thunder Wave,7.464
2019-11_gen6ou-0.json,Mew,Moves,,U-turn,6.475
2019-11_gen6ou-0.json,Mew,Moves,,Toxic,6.205
2019-11_gen6ou-0.json,Mew,Moves,,Nasty Plot,5.396
2019-11_gen6ou-0.json,Mew,Moves,,Heal Bell,4.676
2019-11_gen6ou-0.json,Mew,Moves,,Calm Mind,4.676
2019-11_gen6ou-0.json,Mew,Moves,,Overheat,4.227
2019-11_gen6ou-0.json,Mew,Moves,,Sucker Punch,3.957
2019-11_gen6ou-0.json,Mew,Moves,,Fire Blast,3.687
2019-11_gen6ou-0.json,Mew,Moves,,Flamethrower,3.597
2019-11_gen6ou-0.json,Mew,Moves,,Dark Pulse,3.058
2019-11_gen6ou-0.json,Mew,Moves,,Vacuum Wave,2.878
2019-11_gen6ou-0.json,Mew,Moves,,Hypnosis,2.788
2019-11_gen6ou-0.json,Mew,Moves,,Dragon Pulse,2.428
2019-11_gen6ou-0.json,Mew,Moves,,Aqua Tail,2.428
2019-11_gen6ou-0.json,Mew,Moves,,Dazzling Gleam,2.338
2019-11_gen6ou-0.json,Mew,Moves,,Psyshock,1.978
2019-11_gen6ou-0.json,Mew,Moves,,Earth Power,1.978
2019-11_gen6ou-0.json,Mew,Moves,,Shadow Ball,1.619
2019-11_gen6ou-0.json,Mew,Moves,,Drain Punch,1.529
2019-11_gen6ou-0.json,Mew,Moves,,Flame Charge,1.529
2019-11_gen6ou-0.json,Mew,Moves,,Energy Ball,1.349
2019-11_gen6ou-0.json,Mew,Moves,,Avalanche,1.259
2019-11_gen6ou-0.json,Mew,Moves,,Zen Headbutt,1.259
2019-11_gen6ou-0.json,Mew,Moves,,Substitute,1.259
2019-11_gen6ou-0.json,Mew,Moves,,Scald,1.259
2019-11_gen6ou-0.json,Mew,Moves,,Giga Drain,1.259
2019-11_gen6ou-0.json,Mew,Moves,,Acrobatics,1.169
2019-11_gen6ou-0.json,Mew,Moves,,Dragon Claw,1.169
2019-11_gen6ou-0.json,Mew,Moves,,Explosion,1.169
2019-11_gen6ou-0.json,Mew,Moves,,Thunderbolt,1.169
2019-11_gen6ou-0.json,Mew,Moves,,Other,19.424
2019-11_gen6ou-0.json,Scizor,Stats,Raw count,,1097
2019-11_gen6ou-0.json,Scizor,Stats,Avg. weight,,1.0
2019-11_gen6ou-0.json,Scizor,Stats,Viability Ceiling,,86
2019-11_gen6ou-0.json,Scizor,Stats,Adamant,,5.287
2019-11_gen6ou-0.json,Scizor,Stats,Jolly,,4.467
2019-11_gen6ou-0.json,Scizor,Stats,Impish,,3.829
2019-11_gen6ou-0.json,Scizor,Abilities,,Technician,88.423
2019-11_gen6ou-0.json,Scizor,Abilities,,Swarm,9.207
2019-11_gen6ou-0.json,Scizor,Abilities,,Light Metal,2.37
2019-11_gen6ou-0.json,Scizor,Items,,Choice Band,33.546
2019-11_gen6ou-0.json,Scizor,Items,,Leftovers,28.441
2019-11_gen6ou-0.json,Scizor,Items,,Life Orb,10.574
2019-11_gen6ou-0.json,Scizor,Items,,Focus Sash,8.66
2019-11_gen6ou-0.json,Scizor,Items,,Lum Berry,4.649
2019-11_gen6ou-0.json,Scizor,Items,,Assault Vest,2.644
2019-11_gen6ou-0.json,Scizor,Items,,Iron Plate,2.37
2019-11_gen6ou-0.json,Scizor,Items,,Choice Scarf,2.097
2019-11_gen6ou-0.json,Scizor,Items,,Nothing,1.185
2019-11_gen6ou-0.json,Scizor,Items,,Metal Coat,0.912
2019-11_gen6ou-0.json,Scizor,Items,,Other,4.923
2019-11_gen6ou-0.json,Scizor,Spreads,,Other,50.866
2019-11_gen6ou-0.json,Scizor,Moves,,Bullet Punch,90.155
2019-11_gen6ou-0.json,Scizor,Moves,,U-turn,66.727
2019-11_gen6ou-0.json,Scizor,Moves,,Superpower,42.935
2019-11_gen6ou-0.json,Scizor,Moves,,Swords Dance,36.372
2019-11_gen6ou-0.json,Scizor,Moves,,Pursuit,32.179
2019-11_gen6ou-0.json,Scizor,Moves,,Defog,21.513
2019-11_gen6ou-0.json,Scizor,Moves,,Roost,21.149
2019-11_gen6ou-0.json,Scizor,Moves,,Bug Bite,16.5
2019-11_gen6ou-0.json,Scizor,Moves,,Knock Off,14.585
2019-11_gen6ou-0.json,Scizor,Moves,,X-Scissor,10.119
2019-11_gen6ou-0.json,Scizor,Moves,,Bug Buzz,5.196
2019-11_gen6ou-0.json,Scizor,Moves,,Brick Break,4.74
2019-11_gen6ou-0.json,Scizor,Moves,,Iron Head,4.74
2019-11_gen6ou-0.json,Scizor,Moves,,Aerial Ace,3.737
2019-11_gen6ou-0.json,Scizor,Moves,,Protect,3.646
2019-11_gen6ou-0.json,Scizor,Moves,,Wing Attack,2.826
2019-11_gen6ou-0.json,Scizor,Moves,,Acrobatics,2.735
2019-11_gen6ou-0.json,Scizor,Moves,,Night Slash,2.552
2019-11_gen6ou-0.json,Scizor,Moves,,Other,17.593
2019-11_gen6ou-0.json,Snorlax,Stats,Raw count,,1088
2019-11_gen6ou-0.json,Snorlax,Stats,Avg. weight,,1.0
2019-11_gen6ou-0.json,Snorlax,Stats,Viability Ceiling,,82
2019-11_gen6ou-0.json,Snorlax,Stats,Adamant,,2.022
2019-11_gen6ou-0.json,Snorlax,Stats,Hardy,,14.062
2019-11_gen6ou-0.json,Snorlax,Stats,Brave,,10.110
2019-11_gen6ou-0.json,Snorlax,Stats,Impish,,8.272
2019-11_gen6ou-0.json,Snorlax,Stats,Careful,,4.779
2019-11_gen6ou-0.json,Snorlax,Abilities,,Immunity,65.901
2019-11_gen6ou-0.json,Snorlax,Abilities,,Thick Fat,27.941
2019-11_gen6ou-0.json,Snorlax,Abilities,,Gluttony,6.158
2019-11_gen6ou-0.json,Snorlax,Items,,Leftovers,61.397
2019-11_gen6ou-0.json,Snorlax,Items,,Life Orb,8.64
2019-11_gen6ou-0.json,Snorlax,Items,,Nothing,5.239
2019-11_gen6ou-0.json,Snorlax,Items,,Sitrus Berry,4.596
2019-11_gen6ou-0.json,Snorlax,Items,,Chesto Berry,3.401
2019-11_gen6ou-0.json,Snorlax,Items,,Toxic Orb,2.022
2019-11_gen6ou-0.json,Snorlax,Items,,Figy Berry,1.93
2019-11_gen6ou-0.json,Snorlax,Items,,Quick Claw,1.93
2019-11_gen6ou-0.json,Snorlax,Items,,Black Belt,1.654
2019-11_gen6ou-0.json,Snorlax,Items,,Assault Vest,1.103
2019-11_gen6ou-0.json,Snorlax,Items,,Aguav Berry,1.103
2019-11_gen6ou-0.json,Snorlax,Items,,Choice Scarf,1.011
2019-11_gen6ou-0.json,Snorlax,Items,,Rocky Helmet,0.919
2019-11_gen6ou-0.json,Snorlax,Items,,Never-Melt Ice,0.827
2019-11_gen6ou-0.json,Snorlax,Items,,Other,4.228
2019-11_gen6ou-0.json,Snorlax,Spreads,,Other,42.371
2019-11_gen6ou-0.json,Snorlax,Moves,,Rest,54.228
2019-11_gen6ou-0.json,Snorlax,Moves,,Body Slam,42.923
2019-11_gen6ou-0.json,Snorlax,Moves,,Sleep Talk,40.165
2019-11_gen6ou-0.json,Snorlax,Moves,,Earthquake,32.169
2019-11_gen6ou-0.json,Snorlax,Moves,,Crunch,29.871
2019-11_gen6ou-0.json,Snorlax,Moves,,Curse,27.022
2019-11_gen6ou-0.json,Snorlax,Moves,,Double-Edge,15.901
2019-11_gen6ou-0.json,Snorlax,Moves,,Ice Punch,13.879
2019-11_gen6ou-0.json,Snorlax,Moves,,Thunder Punch,12.776
2019-11_gen6ou-0.json,Snorlax,Moves,,Return,10.11
2019-11_gen6ou-0.json,Snorlax,Moves,,Facade,10.018
2019-11_gen6ou-0.json,Snorlax,Moves,,Gunk Shot,9.835
2019-11_gen6ou-0.json,Snorlax,Moves,,Superpower,8.824
2019-11_gen6ou-0.json,Snorlax,Moves,,Heavy Slam,7.353
2019-11_gen6ou-0.json,Snorlax,Moves,,Brick Break,6.985
2019-11_gen6ou-0.json,Snorlax,Moves,,Substitute,6.893
2019-11_gen6ou-0.json,Snorlax,Moves,,Fire Punch,6.342
2019-11_gen6ou-0.json,Snorlax,Moves,,Belly Drum,6.066
2019-11_gen6ou-0.json,Snorlax,Moves,,Thunderbolt,5.055
2019-11_gen6ou-0.json,Snorlax,Moves,,Flamethrower,4.044
2019-11_gen6ou-0.json,Snorlax,Moves,,Protect,3.86
2019-11_gen6ou-0.json,Snorlax,Moves,,Seed Bomb,3.401
2019-11_gen6ou-0.json,Snorlax,Moves,,Self-Destruct,2.757
2019-11_gen6ou-0.json,Snorlax,Moves,,Ice Beam,2.482
2019-11_gen6ou-0.json,Snorlax,Moves,,Hyper Beam,2.482
2019-11_gen6ou-0.json,Snorlax,Moves,,Yawn,2.482
2019-11_gen6ou-0.json,Snorlax,Moves,,Nothing,2.39
2019-11_gen6ou-0.json,Snorlax,Moves,,Stockpile,2.39
2019-11_gen6ou-0.json,Snorlax,Moves,,Giga Impact,2.206
2019-11_gen6ou-0.json,Snorlax,Moves,,Surf,2.114
2019-11_gen6ou-0.json,Snorlax,Moves,,Amnesia,1.562
2019-11_gen6ou-0.json,Snorlax,Moves,,Fire Blast,1.562
2019-11_gen6ou-0.json,Snorlax,Moves,,Other,19.853
2019-11_gen6ou-0.json,Blastoise-Mega,Stats,Raw count,,1076
2019-11_gen6ou-0.json,Blastoise-Mega,Stats,Avg. weight,,1.0
2019-11_gen6ou-0.json,Blastoise-Mega,Stats,Viability Ceiling,,84
2019-11_gen6ou-0.json,Blastoise-Mega,Stats,Modest,,4.461
2019-11_gen6ou-0.json,Blastoise-Mega,Abilities,,Mega Launcher,100.0
2019-11_gen6ou-0.json,Blastoise-Mega,Items,,Blastoisinite,100.0
2019-11_gen6ou-0.json,Blastoise-Mega,Spreads,,Other,30.948
2019-11_gen6ou-0.json,Blastoise-Mega,Moves,,Aura Sphere,78.717
2019-11_gen6ou-0.json,Blastoise-Mega,Moves,,Dark Pulse,65.242
2019-11_gen6ou-0.json,Blastoise-Mega,Moves,,Water Pulse,47.212
2019-11_gen6ou-0.json,Blastoise-Mega,Moves,,Ice Beam,39.126
2019-11_gen6ou-0.json,Blastoise-Mega,Moves,,Rapid Spin,35.688
2019-11_gen6ou-0.json,Blastoise-Mega,Moves,,Water Spout,26.952
2019-11_gen6ou-0.json,Blastoise-Mega,Moves,,Dragon Pulse,20.539
2019-11_gen6ou-0.json,Blastoise-Mega,Moves,,Hydro Pump,16.171
2019-11_gen6ou-0.json,Blastoise-Mega,Moves,,Hidden Power Grass,9.387
2019-11_gen6ou-0.json,Blastoise-Mega,Moves,,Aqua Jet,5.483
2019-11_gen6ou-0.json,Blastoise-Mega,Moves,,Flash Cannon,5.019
2019-11_gen6ou-0.json,Blastoise-Mega,Moves,,Earthquake,4.74
2019-11_gen6ou-0.json,Blastoise-Mega,Moves,,Aqua Tail,4.647
2019-11_gen6ou-0.json,Blastoise-Mega,Moves,,Surf,4.554
2019-11_gen6ou-0.json,Blastoise-Mega,Moves,,Scald,4.461
2019-11_gen6ou-0.json,Blastoise-Mega,Moves,,Refresh,2.881
2019-11_gen6ou-0.json,Blastoise-Mega,Moves,,Waterfall,2.602
2019-11_gen6ou-0.json,Blastoise-Mega,Moves,,Focus Punch,1.859
2019-11_gen6ou-0.json,Blastoise-Mega,Moves,,Hydro Cannon,1.58
2019-11_gen6ou-0.json,Blastoise-Mega,Moves,,Rain Dance,1.58
2019-11_gen6ou-0.json,Blastoise-Mega,Moves,,Double-Edge,1.58
2019-11_gen6ou-0.json,Blastoise-Mega,Moves,,Other,19.981
2019-11_gen6ou-0.json,Kyurem-Black,Stats,Raw count,,1063
2019-11_gen6ou-0.json,Kyurem-Black,Stats,Avg. weight,,1.0
2019-11_gen6ou-0.json,Kyurem-Black,Stats,Viability Ceiling,,87
2019-11_gen6ou-0.json,Kyurem-Black,Stats,Naive,,3.669
2019-11_gen6ou-0.json,Kyurem-Black,Stats,Adamant,,4.327
2019-11_gen6ou-0.json,Kyurem-Black,Stats,Hasty,,3.669
2019-11_gen6ou-0.json,Kyurem-Black,Abilities,,Teravolt,100.0
2019-11_gen6ou-0.json,Kyurem-Black,Items,,Life Orb,26.999
2019-11_gen6ou-0.json,Kyurem-Black,Items,,Leftovers,19.285
2019-11_gen6ou-0.json,Kyurem-Black,Items,,Rocky Helmet,15.428
2019-11_gen6ou-0.json,Kyurem-Black,Items,,Choice Scarf,9.878
2019-11_gen6ou-0.json,Kyurem-Black,Items,,Choice Band,9.784
2019-11_gen6ou-0.json,Kyurem-Black,Items,,Power Herb,5.174
2019-11_gen6ou-0.json,Kyurem-Black,Items,,Assault Vest,3.857
2019-11_gen6ou-0.json,Kyurem-Black,Items,,Nothing,1.881
2019-11_gen6ou-0.json,Kyurem-Black,Items,,Focus Sash,1.787
2019-11_gen6ou-0.json,Kyurem-Black,Items,,Dive Ball,0.847
2019-11_gen6ou-0.json,Kyurem-Black,Items,,Sitrus Berry,0.659
2019-11_gen6ou-0.json,Kyurem-Black,Items,,Other,4.421
2019-11_gen6ou-0.json,Kyurem-Black,Spreads,,Other,67.168
2019-11_gen6ou-0.json,Kyurem-Black,Moves,,Fusion Bolt,78.457
2019-11_gen6ou-0.json,Kyurem-Black,Moves,,Ice Beam,70.179
2019-11_gen6ou-0.json,Kyurem-Black,Moves,,Earth Power,55.409
2019-11_gen6ou-0.json,Kyurem-Black,Moves,,Roost,37.723
2019-11_gen6ou-0.json,Kyurem-Black,Moves,,Outrage,28.692
2019-11_gen6ou-0.json,Kyurem-Black,Moves,,Dragon Claw,20.978
2019-11_gen6ou-0.json,Kyurem-Black,Moves,,Draco Meteor,17.498
2019-11_gen6ou-0.json,Kyurem-Black,Moves,,Iron Head,16.651
2019-11_gen6ou-0.json,Kyurem-Black,Moves,,Dragon Pulse,9.313
2019-11_gen6ou-0.json,Kyurem-Black,Moves,,Freeze Shock,8.843
2019-11_gen6ou-0.json,Kyurem-Black,Moves,,Hidden Power Fire,8.749
2019-11_gen6ou-0.json,Kyurem-Black,Moves,,Stone Edge,6.209
2019-11_gen6ou-0.json,Kyurem-Black,Moves,,Substitute,4.892
2019-11_gen6ou-0.json,Kyurem-Black,Moves,,Dragon Tail,4.61
2019-11_gen6ou-0.json,Kyurem-Black,Moves,,Zen Headbutt,4.139
2019-11_gen6ou-0.json,Kyurem-Black,Moves,,Focus Blast,3.293
2019-11_gen6ou-0.json,Kyurem-Black,Moves,,Shadow Claw,3.198
2019-11_gen6ou-0.json,Kyurem-Black,Moves,,Rock Slide,2.822
2019-11_gen6ou-0.json,Kyurem-Black,Moves,,Other,18.344
2019-11_gen6ou-0.json,Raikou,Stats,Raw count,,992
2019-11_gen6ou-0.json,Raikou,Stats,Avg. weight,,1.0
2019-11_gen6ou-0.json,Raikou,Stats,Viability Ceiling,,89
2019-11_gen6ou-0.json,Raikou,Stats,Timid,,4.435
2019-11_gen6ou-0.json,Raikou,Stats,Modest,,3.831
2019-11_gen6ou-0.json,Raikou,Abilities,,Pressure,100.0
2019-11_gen6ou-0.json,Raikou,Items,,Choice Specs,42.036
2019-11_gen6ou-0.json,Raikou,Items,,Leftovers,23.992
2019-11_gen6ou-0.json,Raikou,Items,,Assault Vest,11.895
2019-11_gen6ou-0.json,Raikou,Items,,Life Orb,8.569
2019-11_gen6ou-0.json,Raikou,Items,,Air Balloon,5.847
2019-11_gen6ou-0.json,Raikou,Items,,Expert Belt,2.621
2019-11_gen6ou-0.json,Raikou,Items,,Nothing,1.512
2019-11_gen6ou-0.json,Raikou,Items,,Other,3.528
2019-11_gen6ou-0.json,Raikou,Spreads,,Other,30.04
2019-11_gen6ou-0.json,Raikou,Moves,,Thunderbolt,92.44
2019-11_gen6ou-0.json,Raikou,Moves,,Hidden Power Ice,84.476
2019-11_gen6ou-0.json,Raikou,Moves,,Volt Switch,71.673
2019-11_gen6ou-0.json,Raikou,Moves,,Shadow Ball,58.266
2019-11_gen6ou-0.json,Raikou,Moves,,Calm Mind,26.613
2019-11_gen6ou-0.json,Raikou,Moves,,Extrasensory,16.431
2019-11_gen6ou-0.json,Raikou,Moves,,Aura Sphere,9.677
2019-11_gen6ou-0.json,Raikou,Moves,,Substitute,9.577
2019-11_gen6ou-0.json,Raikou,Moves,,Thunder Wave,6.552
2019-11_gen6ou-0.json,Raikou,Moves,,Discharge,6.351
2019-11_gen6ou-0.json,Raikou,Moves,,Other,17.944
2019-11_gen6ou-0.json,Diancie-Mega,Stats,Raw count,,983
2019-11_gen6ou-0.json,Diancie-Mega,Stats,Avg. weight,,1.0
2019-11_gen6ou-0.json,Diancie-Mega,Stats,Viability Ceiling,,89
2019-11_gen6ou-0.json,Diancie-Mega,Stats,Naive,,8.850
2019-11_gen6ou-0.json,Diancie-Mega,Stats,Timid,,12.309
2019-11_gen6ou-0.json,Diancie-Mega,Stats,Hasty,,5.900
2019-11_gen6ou-0.json,Diancie-Mega,Stats,Rash,,5.799
2019-11_gen6ou-0.json,Diancie-Mega,Abilities,,Magic Bounce,100.0
2019-11_gen6ou-0.json,Diancie-Mega,Items,,Diancite,100.0
2019-11_gen6ou-0.json,Diancie-Mega,Spreads,,Other,41.811
2019-11_gen6ou-0.json,Diancie-Mega,Moves,,Moonblast,92.37
2019-11_gen6ou-0.json,Diancie-Mega,Moves,,Diamond Storm,79.959
2019-11_gen6ou-0.json,Diancie-Mega,Moves,,Protect,59.308
2019-11_gen6ou-0.json,Diancie-Mega,Moves,,Earth Power,51.577
2019-11_gen6ou-0.json,Diancie-Mega,Moves,,Hidden Power Fire,37.131
2019-11_gen6ou-0.json,Diancie-Mega,Moves,,Stealth Rock,13.53
2019-11_gen6ou-0.json,Diancie-Mega,Moves,,Rock Polish,8.138
2019-11_gen6ou-0.json,Diancie-Mega,Moves,,Calm Mind,7.731
2019-11_gen6ou-0.json,Diancie-Mega,Moves,,Psyshock,7.528
2019-11_gen6ou-0.json,Diancie-Mega,Moves,,Psychic,5.493
2019-11_gen6ou-0.json,Diancie-Mega,Moves,,Dazzling Gleam,5.188
2019-11_gen6ou-0.json,Diancie-Mega,Moves,,Heal Bell,4.883
2019-11_gen6ou-0.json,Diancie-Mega,Moves,,Endeavor,4.68
2019-11_gen6ou-0.json,Diancie-Mega,Moves,,Hidden Power Ice,3.662
2019-11_gen6ou-0.json,Diancie-Mega,Moves,,Other,18.82
2019-11_gen6ou-0.json,Jirachi,Stats,Raw count,,905
2019-11_gen6ou-0.json,Jirachi,Stats,Avg. weight,,1.0
2019-11_gen6ou-0.json,Jirachi,Stats,Viability Ceiling,,87
2019-11_gen6ou-0.json,Jirachi,Stats,Jolly,,20.000
2019-11_gen6ou-0.json,Jirachi,Stats,Careful,,7.403
2019-11_gen6ou-0.json,Jirachi,Stats,Timid,,7.735
2019-11_gen6ou-0.json,Jirachi,Stats,Naive,,6.298
2019-11_gen6ou-0.json,Jirachi,Stats,Modest,,5.635
2019-11_gen6ou-0.json,Jirachi,Abilities,,Serene Grace,100.0
2019-11_gen6ou-0.json,Jirachi,Items,,Leftovers,62.099
2019-11_gen6ou-0.json,Jirachi,Items,,Choice Scarf,24.309
2019-11_gen6ou-0.json,Jirachi,Items,,Razor Claw,3.867
2019-11_gen6ou-0.json,Jirachi,Items,,Nothing,2.099
2019-11_gen6ou-0.json,Jirachi,Items,,Assault Vest,1.657
2019-11_gen6ou-0.json,Jirachi,Items,,Colbur Berry,1.657
2019-11_gen6ou-0.json,Jirachi,Items,,Other,4.309
2019-11_gen6ou-0.json,Jirachi,Spreads,,Other,35.58
2019-11_gen6ou-0.json,Jirachi,Moves,,Iron Head,85.856
2019-11_gen6ou-0.json,Jirachi,Moves,,U-turn,54.475
2019-11_gen6ou-0.json,Jirachi,Moves,,Healing Wish,49.724
2019-11_gen6ou-0.json,Jirachi,Moves,,Stealth Rock,31.16
2019-11_gen6ou-0.json,Jirachi,Moves,,Wish,28.398
2019-11_gen6ou-0.json,Jirachi,Moves,,Doom Desire,16.464
2019-11_gen6ou-0.json,Jirachi,Moves,,Protect,14.696
2019-11_gen6ou-0.json,Jirachi,Moves,,Ice Punch,11.602
2019-11_gen6ou-0.json,Jirachi,Moves,,Zen Headbutt,11.492
2019-11_gen6ou-0.json,Jirachi,Moves,,Thunder Wave,11.271
2019-11_gen6ou-0.json,Jirachi,Moves,,Fire Punch,11.16
2019-11_gen6ou-0.json,Jirachi,Moves,,Body Slam,6.74
2019-11_gen6ou-0.json,Jirachi,Moves,,Toxic,6.519
2019-11_gen6ou-0.json,Jirachi,Moves,,Ancient Power,5.083
2019-11_gen6ou-0.json,Jirachi,Moves,,Drain Punch,4.641
2019-11_gen6ou-0.json,Jirachi,Moves,,Rain Dance,4.53
2019-11_gen6ou-0.json,Jirachi,Moves,,Power-Up Punch,4.199
2019-11_gen6ou-0.json,Jirachi,Moves,,Flash Cannon,4.199
2019-11_gen6ou-0.json,Jirachi,Moves,,Heart Stamp,4.088
2019-11_gen6ou-0.json,Jirachi,Moves,,Substitute,3.536
2019-11_gen6ou-0.json,Jirachi,Moves,,Energy Ball,3.425
2019-11_gen6ou-0.json,Jirachi,Moves,,Trick,3.315
2019-11_gen6ou-0.json,Jirachi,Moves,,Psychic,3.204
2019-11_gen6ou-0.json,Jirachi,Moves,,Future Sight,2.541
2019-11_gen6ou-0.json,Jirachi,Moves,,Other,17.68
2019-11_gen6ou-0.json,Shuckle,Stats,Raw count,,900
2019-11_gen6ou-0.json,Shuckle,Stats,Avg. weight,,1.0
2019-11_gen6ou-0.json,Shuckle,Stats,Viability Ceiling,,86
2019-11_gen6ou-0.json,Shuckle,Stats,Sassy,,24.222
2019-11_gen6ou-0.json,Shuckle,Stats,Calm,,5.222
2019-11_gen6ou-0.json,Shuckle,Stats,Bold,,4.000
2019-11_gen6ou-0.json,Shuckle,Abilities,,Sturdy,85.0
2019-11_gen6ou-0.json,Shuckle,Abilities,,Contrary,14.667
2019-11_gen6ou-0.json,Shuckle,Abilities,,Gluttony,0.333
2019-11_gen6ou-0.json,Shuckle,Items,,Leftovers,30.889
2019-11_gen6ou-0.json,Shuckle,Items,,Sitrus Berry,27.667
2019-11_gen6ou-0.json,Shuckle,Items,,Mental Herb,18.444
2019-11_gen6ou-0.json,Shuckle,Items,,Red Card,14.667
2019-11_gen6ou-0.json,Shuckle,Items,,Bright Powder,2.222
2019-11_gen6ou-0.json,Shuckle,Items,,Rocky Helmet,1.889
2019-11_gen6ou-0.json,Shuckle,Items,,Other,4.222
2019-11_gen6ou-0.json,Shuckle,Spreads,,Other,49.111
2019-11_gen6ou-0.json,Shuckle,Moves,,Stealth Rock,74.222
2019-11_gen6ou-0.json,Shuckle,Moves,,Sticky Web,70.444
2019-11_gen6ou-0.json,Shuckle,Moves,,Encore,63.778
2019-11_gen6ou-0.json,Shuckle,Moves,,Infestation,44.333
2019-11_gen6ou-0.json,Shuckle,Moves,,Toxic,41.111
2019-11_gen6ou-0.json,Shuckle,Moves,,Rest,23.333
2019-11_gen6ou-0.json,Shuckle,Moves,,Final Gambit,20.111
2019-11_gen6ou-0.json,Shuckle,Moves,,Protect,13.556
2019-11_gen6ou-0.json,Shuckle,Moves,,Acupressure,11.667
2019-11_gen6ou-0.json,Shuckle,Moves,,Shell Smash,11.333
2019-11_gen6ou-0.json,Shuckle,Moves,,Knock Off,6.222
2019-11_gen6ou-0.json,Shuckle,Moves,,Other,19.889
2019-11_gen6ou-0.json,Sylveon,Stats,Raw count,,903
2019-11_gen6ou-0.json,Sylveon,Stats,Avg. weight,,1.0
2019-11_gen6ou-0.json,Sylveon,Stats,Viability Ceiling,,83
2019-11_gen6ou-0.json,Sylveon,Stats,Bold,,3.654
2019-11_gen6ou-0.json,Sylveon,Stats,Modest,,6.423
2019-11_gen6ou-0.json,Sylveon,Stats,Calm,,3.876
2019-11_gen6ou-0.json,Sylveon,Abilities,,Pixilate,81.063
2019-11_gen6ou-0.json,Sylveon,Abilities,,Cute Charm,18.937
2019-11_gen6ou-0.json,Sylveon,Items,,Leftovers,40.864
2019-11_gen6ou-0.json,Sylveon,Items,,Pixie Plate,22.591
2019-11_gen6ou-0.json,Sylveon,Items,,Choice Specs,10.188
2019-11_gen6ou-0.json,Sylveon,Items,,Sitrus Berry,5.537
2019-11_gen6ou-0.json,Sylveon,Items,,Focus Sash,5.205
2019-11_gen6ou-0.json,Sylveon,Items,,Chesto Berry,4.208
2019-11_gen6ou-0.json,Sylveon,Items,,Nothing,3.322
2019-11_gen6ou-0.json,Sylveon,Items,,Light Clay,2.215
2019-11_gen6ou-0.json,Sylveon,Items,,Choice Scarf,1.107
2019-11_gen6ou-0.json,Sylveon,Items,,Other,4.762
2019-11_gen6ou-0.json,Sylveon,Spreads,,Other,57.254
2019-11_gen6ou-0.json,Sylveon,Moves,,Hyper Voice,79.734
2019-11_gen6ou-0.json,Sylveon,Moves,,Wish,59.911
2019-11_gen6ou-0.json,Sylveon,Moves,,Protect,48.616
2019-11_gen6ou-0.json,Sylveon,Moves,,Calm Mind,37.652
2019-11_gen6ou-0.json,Sylveon,Moves,,Heal Bell,30.565
2019-11_gen6ou-0.json,Sylveon,Moves,,Psyshock,29.236
2019-11_gen6ou-0.json,Sylveon,Moves,,Moonblast,22.924
2019-11_gen6ou-0.json,Sylveon,Moves,,Shadow Ball,12.625
2019-11_gen6ou-0.json,Sylveon,Moves,,Hidden Power Fire,12.514
2019-11_gen6ou-0.json,Sylveon,Moves,,Dazzling Gleam,9.524
2019-11_gen6ou-0.json,Sylveon,Moves,,Draining Kiss,6.645
2019-11_gen6ou-0.json,Sylveon,Moves,,Toxic,6.423
2019-11_gen6ou-0.json,Sylveon,Moves,,Rest,4.983
2019-11_gen6ou-0.json,Sylveon,Moves,,Light Screen,3.765
2019-11_gen6ou-0.json,Sylveon,Moves,,Reflect,2.879
2019-11_gen6ou-0.json,Sylveon,Moves,,Quick Attack,2.769
2019-11_gen6ou-0.json,Sylveon,Moves,,Hidden Power Ice,2.658
2019-11_gen6ou-0.json,Sylveon,Moves,,Hidden Power Electric,2.547
2019-11_gen6ou-0.json,Sylveon,Moves,,Hyper Beam,2.547
2019-11_gen6ou-0.json,Sylveon,Moves,,Hidden Power Ground,2.547
2019-11_gen6ou-0.json,Sylveon,Moves,,Other,18.937
2019-11_gen6ou-0.json,Empoleon,Stats,Raw count,,917
2019-11_gen6ou-0.json,Empoleon,Stats,Avg. weight,,1.0
2019-11_gen6ou-0.json,Empoleon,Stats,Viability Ceiling,,81
2019-11_gen6ou-0.json,Empoleon,Stats,Modest,,2.726
2019-11_gen6ou-0.json,Empoleon,Stats,Calm,,3.599
2019-11_gen6ou-0.json,Empoleon,Stats,Hardy,,3.162
2019-11_gen6ou-0.json,Empoleon,Abilities,,Torrent,94.766
2019-11_gen6ou-0.json,Empoleon,Abilities,,Defiant,5.234
2019-11_gen6ou-0.json,Empoleon,Items,,Petaya Berry,49.4
2019-11_gen6ou-0.json,Empoleon,Items,,Leftovers,35.115
2019-11_gen6ou-0.json,Empoleon,Items,,Rocky Helmet,3.272
2019-11_gen6ou-0.json,Empoleon,Items,,Chople Berry,2.29
2019-11_gen6ou-0.json,Empoleon,Items,,Shuca Berry,1.854
2019-11_gen6ou-0.json,Empoleon,Items,,Air Balloon,1.527
2019-11_gen6ou-0.json,Empoleon,Items,,Nothing,1.2
2019-11_gen6ou-0.json,Empoleon,Items,,Assault Vest,1.091
2019-11_gen6ou-0.json,Empoleon,Items,,Other,4.253
2019-11_gen6ou-0.json,Empoleon,Spreads,,Other,31.08
2019-11_gen6ou-0.json,Empoleon,Moves,,Ice Beam,52.672
2019-11_gen6ou-0.json,Empoleon,Moves,,Surf,51.581
2019-11_gen6ou-0.json,Empoleon,Moves,,Agility,50.491
2019-11_gen6ou-0.json,Empoleon,Moves,,Substitute,49.182
2019-11_gen6ou-0.json,Empoleon,Moves,,Scald,38.604
2019-11_gen6ou-0.json,Empoleon,Moves,,Flash Cannon,28.353
2019-11_gen6ou-0.json,Empoleon,Moves,,Defog,27.372
2019-11_gen6ou-0.json,Empoleon,Moves,,Yawn,20.502
2019-11_gen6ou-0.json,Empoleon,Moves,,Stealth Rock,19.738
2019-11_gen6ou-0.json,Empoleon,Moves,,Roar,10.033
2019-11_gen6ou-0.json,Empoleon,Moves,,Earthquake,7.525
2019-11_gen6ou-0.json,Empoleon,Moves,,Hydro Pump,6.325
2019-11_gen6ou-0.json,Empoleon,Moves,,Grass Knot,5.234
2019-11_gen6ou-0.json,Empoleon,Moves,,Protect,4.58
2019-11_gen6ou-0.json,Empoleon,Moves,,Iron Defense,4.58
2019-11_gen6ou-0.json,Empoleon,Moves,,Avalanche,4.362
2019-11_gen6ou-0.json,Empoleon,Moves,,Other,18.866
2019-11_gen6ou-0.json,Medicham-Mega,Stats,Raw count,,869
2019-11_gen6ou-0.json,Medicham-Mega,Stats,Avg. weight,,1.0
2019-11_gen6ou-0.json,Medicham-Mega,Stats,Viability Ceiling,,92
2019-11_gen6ou-0.json,Medicham-Mega,Stats,Jolly,,14.499
2019-11_gen6ou-0.json,Medicham-Mega,Stats,Adamant,,13.924
2019-11_gen6ou-0.json,Medicham-Mega,Stats,Hardy,,8.400
2019-11_gen6ou-0.json,Medicham-Mega,Abilities,,Pure Power,100.0
2019-11_gen6ou-0.json,Medicham-Mega,Items,,Medichamite,100.0
2019-11_gen6ou-0.json,Medicham-Mega,Spreads,,Other,12.543
2019-11_gen6ou-0.json,Medicham-Mega,Moves,,Fake Out,79.402
2019-11_gen6ou-0.json,Medicham-Mega,Moves,,Ice Punch,75.834
2019-11_gen6ou-0.json,Medicham-Mega,Moves,,High Jump Kick,66.628
2019-11_gen6ou-0.json,Medicham-Mega,Moves,,Zen Headbutt,43.153
2019-11_gen6ou-0.json,Medicham-Mega,Moves,,Drain Punch,30.38
2019-11_gen6ou-0.json,Medicham-Mega,Moves,,Bullet Punch,28.654
2019-11_gen6ou-0.json,Medicham-Mega,Moves,,Thunder Punch,24.281
2019-11_gen6ou-0.json,Medicham-Mega,Moves,,Psycho Cut,12.658
2019-11_gen6ou-0.json,Medicham-Mega,Moves,,Psychic,6.214
2019-11_gen6ou-0.json,Medicham-Mega,Moves,,Brick Break,4.488
2019-11_gen6ou-0.json,Medicham-Mega,Moves,,Fire Punch,4.258
2019-11_gen6ou-0.json,Medicham-Mega,Moves,,Substitute,3.567
2019-11_gen6ou-0.json,Medicham-Mega,Moves,,Poison Jab,3.567
2019-11_gen6ou-0.json,Medicham-Mega,Moves,,Other,16.916
2019-11_gen6ou-0.json,Lucario,Stats,Raw count,,867
2019-11_gen6ou-0.json,Lucario,Stats,Avg. weight,,1.0
2019-11_gen6ou-0.json,Lucario,Stats,Viability Ceiling,,84
2019-11_gen6ou-0.json,Lucario,Stats,Jolly,,8.535
2019-11_gen6ou-0.json,Lucario,Stats,Adamant,,3.576
2019-11_gen6ou-0.json,Lucario,Stats,Timid,,3.576
2019-11_gen6ou-0.json,Lucario,Abilities,,Steadfast,50.288
2019-11_gen6ou-0.json,Lucario,Abilities,,Justified,30.681
2019-11_gen6ou-0.json,Lucario,Abilities,,Inner Focus,19.031
2019-11_gen6ou-0.json,Lucario,Items,,Life Orb,28.604
2019-11_gen6ou-0.json,Lucario,Items,,Focus Sash,21.107
2019-11_gen6ou-0.json,Lucario,Items,,Leftovers,9.458
2019-11_gen6ou-0.json,Lucario,Items,,Nothing,9.112
2019-11_gen6ou-0.json,Lucario,Items,,Air Balloon,6.459
2019-11_gen6ou-0.json,Lucario,Items,,Rocky Helmet,3.576
2019-11_gen6ou-0.json,Lucario,Items,,Silk Scarf,3.576
2019-11_gen6ou-0.json,Lucario,Items,,Choice Band,3.114
2019-11_gen6ou-0.json,Lucario,Items,,Razor Claw,2.537
2019-11_gen6ou-0.json,Lucario,Items,,Assault Vest,2.537
2019-11_gen6ou-0.json,Lucario,Items,,Black Belt,1.961
2019-11_gen6ou-0.json,Lucario,Items,,Choice Scarf,1.038
2019-11_gen6ou-0.json,Lucario,Items,,Choice Specs,0.923
2019-11_gen6ou-0.json,Lucario,Items,,Focus Band,0.923
2019-11_gen6ou-0.json,Lucario,Items,,Expert Belt,0.807
2019-11_gen6ou-0.json,Lucario,Items,,Other,4.268
2019-11_gen6ou-0.json,Lucario,Spreads,,Other,57.901
2019-11_gen6ou-0.json,Lucario,Moves,,Close Combat,58.593
2019-11_gen6ou-0.json,Lucario,Moves,,Extreme Speed,46.136
2019-11_gen6ou-0.json,Lucario,Moves,,Swords Dance,38.293
2019-11_gen6ou-0.json,Lucario,Moves,,Aura Sphere,37.601
2019-11_gen6ou-0.json,Lucario,Moves,,Ice Punch,24.221
2019-11_gen6ou-0.json,Lucario,Moves,,Bullet Punch,20.3
2019-11_gen6ou-0.json,Lucario,Moves,,Blaze Kick,16.378
2019-11_gen6ou-0.json,Lucario,Moves,,Drain Punch,13.149
2019-11_gen6ou-0.json,Lucario,Moves,,Dark Pulse,12.111
2019-11_gen6ou-0.json,Lucario,Moves,,Dragon Pulse,11.995
2019-11_gen6ou-0.json,Lucario,Moves,,Earthquake,11.649
2019-11_gen6ou-0.json,Lucario,Moves,,Iron Tail,10.842
2019-11_gen6ou-0.json,Lucario,Moves,,Flash Cannon,10.381
2019-11_gen6ou-0.json,Lucario,Moves,,Stone Edge,10.15
2019-11_gen6ou-0.json,Lucario,Moves,,Thunder Punch,10.035
2019-11_gen6ou-0.json,Lucario,Moves,,Shadow Claw,6.113
2019-11_gen6ou-0.json,Lucario,Moves,,Crunch,5.998
2019-11_gen6ou-0.json,Lucario,Moves,,Nasty Plot,5.536
2019-11_gen6ou-0.json,Lucario,Moves,,Brick Break,5.075
2019-11_gen6ou-0.json,Lucario,Moves,,Power-Up Punch,4.498
2019-11_gen6ou-0.json,Lucario,Moves,,Agility,3.691
2019-11_gen6ou-0.json,Lucario,Moves,,Cross Chop,3.46
2019-11_gen6ou-0.json,Lucario,Moves,,Metal Claw,2.999
2019-11_gen6ou-0.json,Lucario,Moves,,Quick Attack,2.768
2019-11_gen6ou-0.json,Lucario,Moves,,Bulk Up,2.768
2019-11_gen6ou-0.json,Lucario,Moves,,Bone Rush,2.653
2019-11_gen6ou-0.json,Lucario,Moves,,Nothing,2.307
2019-11_gen6ou-0.json,Lucario,Moves,,Calm Mind,1.73
2019-11_gen6ou-0.json,Lucario,Moves,,Other,18.57
2019-11_gen6ou-0.json,Tangrowth,Stats,Raw count,,784
2019-11_gen6ou-0.json,Tangrowth,Stats,Avg. weight,,1.0
2019-11_gen6ou-0.json,Tangrowth,Stats,Viability Ceiling,,92
2019-11_gen6ou-0.json,Tangrowth,Stats,Relaxed,,3.444
2019-11_gen6ou-0.json,Tangrowth,Stats,Sassy,,4.592
2019-11_gen6ou-0.json,Tangrowth,Stats,Bold,,4.719
2019-11_gen6ou-0.json,Tangrowth,Abilities,,Regenerator,97.194
2019-11_gen6ou-0.json,Tangrowth,Abilities,,Chlorophyll,2.679
2019-11_gen6ou-0.json,Tangrowth,Abilities,,Leaf Guard,0.128
2019-11_gen6ou-0.json,Tangrowth,Items,,Rocky Helmet,48.597
2019-11_gen6ou-0.json,Tangrowth,Items,,Assault Vest,35.969
2019-11_gen6ou-0.json,Tangrowth,Items,,Leftovers,12.628
2019-11_gen6ou-0.json,Tangrowth,Items,,Other,2.806
2019-11_gen6ou-0.json,Tangrowth,Spreads,,Other,47.449
2019-11_gen6ou-0.json,Tangrowth,Moves,,Giga Drain,85.969
2019-11_gen6ou-0.json,Tangrowth,Moves,,Knock Off,72.194
2019-11_gen6ou-0.json,Tangrowth,Moves,,Earthquake,44.005
2019-11_gen6ou-0.json,Tangrowth,Moves,,Leech Seed,35.842
2019-11_gen6ou-0.json,Tangrowth,Moves,,Sleep Powder,33.929
2019-11_gen6ou-0.json,Tangrowth,Moves,,Hidden Power Ice,31.25
2019-11_gen6ou-0.json,Tangrowth,Moves,,Hidden Power Fire,25.638
2019-11_gen6ou-0.json,Tangrowth,Moves,,Sludge Bomb,14.031
2019-11_gen6ou-0.json,Tangrowth,Moves,,Stun Spore,10.077
2019-11_gen6ou-0.json,Tangrowth,Moves,,Leaf Storm,8.929
2019-11_gen6ou-0.json,Tangrowth,Moves,,Toxic,7.526
2019-11_gen6ou-0.json,Tangrowth,Moves,,Focus Blast,5.995
2019-11_gen6ou-0.json,Tangrowth,Moves,,Synthesis,3.954
2019-11_gen6ou-0.json,Tangrowth,Moves,,Ancient Power,3.189
2019-11_gen6ou-0.json,Tangrowth,Moves,,Other,17.474
2019-11_gen6ou-0.json,Ditto,Stats,Raw count,,812
2019-11_gen6ou-0.json,Ditto,Stats,Avg. weight,,1.0
2019-11_gen6ou-0.json,Ditto,Stats,Viability Ceiling,,89
2019-11_gen6ou-0.json,Ditto,Stats,Bashful,,55.665
2019-11_gen6ou-0.json,Ditto,Stats,Hardy,,3.448
2019-11_gen6ou-0.json,Ditto,Stats,Impish,,10.468
2019-11_gen6ou-0.json,Ditto,Stats,Hasty,,3.079
2019-11_gen6ou-0.json,Ditto,Stats,Relaxed,,2.709
2019-11_gen6ou-0.json,Ditto,Abilities,,Imposter,98.276
2019-11_gen6ou-0.json,Ditto,Abilities,,Limber,1.724
2019-11_gen6ou-0.json,Ditto,Items,,Choice Scarf,82.143
2019-11_gen6ou-0.json,Ditto,Items,,Leftovers,12.192
2019-11_gen6ou-0.json,Ditto,Items,,Focus Sash,1.724
2019-11_gen6ou-0.json,Ditto,Items,,Other,3.941
2019-11_gen6ou-0.json,Ditto,Spreads,,Other,14.039
2019-11_gen6ou-0.json,Ditto,Moves,,Nothing,300.0
2019-11_gen6ou-0.json,Ditto,Moves,,Transform,100.0
2019-11_gen6ou-0.json,Azelf,Stats,Raw count,,754
2019-11_gen6ou-0.json,Azelf,Stats,Avg. weight,,1.0
2019-11_gen6ou-0.json,Azelf,Stats,Viability Ceiling,,89
2019-11_gen6ou-0.json,Azelf,Stats,Jolly,,17.241
2019-11_gen6ou-0.json,Azelf,Stats,Timid,,7.427
2019-11_gen6ou-0.json,Azelf,Stats,Hasty,,9.284
2019-11_gen6ou-0.json,Azelf,Stats,Naive,,3.979
2019-11_gen6ou-0.json,Azelf,Abilities,,Levitate,100.0
2019-11_gen6ou-0.json,Azelf,Items,,Focus Sash,70.292
2019-11_gen6ou-0.json,Azelf,Items,,Assault Vest,9.682
2019-11_gen6ou-0.json,Azelf,Items,,Leftovers,4.907
2019-11_gen6ou-0.json,Azelf,Items,,Choice Specs,4.775
2019-11_gen6ou-0.json,Azelf,Items,,Choice Band,3.05
2019-11_gen6ou-0.json,Azelf,Items,,Life Orb,1.326
2019-11_gen6ou-0.json,Azelf,Items,,Nothing,1.326
2019-11_gen6ou-0.json,Azelf,Items,,Other,4.642
2019-11_gen6ou-0.json,Azelf,Spreads,,Other,40.849
2019-11_gen6ou-0.json,Azelf,Moves,,Stealth Rock,56.897
2019-11_gen6ou-0.json,Azelf,Moves,,Taunt,51.724
2019-11_gen6ou-0.json,Azelf,Moves,,Explosion,47.745
2019-11_gen6ou-0.json,Azelf,Moves,,Psychic,29.576
2019-11_gen6ou-0.json,Azelf,Moves,,Knock Off,28.515
2019-11_gen6ou-0.json,Azelf,Moves,,Flamethrower,18.037
2019-11_gen6ou-0.json,Azelf,Moves,,Energy Ball,14.854
2019-11_gen6ou-0.json,Azelf,Moves,,Zen Headbutt,14.589
2019-11_gen6ou-0.json,Azelf,Moves,,U-turn,14.456
2019-11_gen6ou-0.json,Azelf,Moves,,Ice Punch,11.141
2019-11_gen6ou-0.json,Azelf,Moves,,Fire Blast,10.743
2019-11_gen6ou-0.json,Azelf,Moves,,Nasty Plot,9.682
2019-11_gen6ou-0.json,Azelf,Moves,,Thunderbolt,9.549
2019-11_gen6ou-0.json,Azelf,Moves,,Skill Swap,9.284
2019-11_gen6ou-0.json,Azelf,Moves,,Psyshock,8.753
2019-11_gen6ou-0.json,Azelf,Moves,,Hidden Power Steel,8.488
2019-11_gen6ou-0.json,Azelf,Moves,,Hidden Power Ice,7.825
2019-11_gen6ou-0.json,Azelf,Moves,,Iron Tail,6.101
2019-11_gen6ou-0.json,Azelf,Moves,,Dazzling Gleam,5.57
2019-11_gen6ou-0.json,Azelf,Moves,,Calm Mind,4.642
2019-11_gen6ou-0.json,Azelf,Moves,,Thunder Wave,3.581
2019-11_gen6ou-0.json,Azelf,Moves,,Signal Beam,3.581
2019-11_gen6ou-0.json,Azelf,Moves,,Fire Punch,3.05
2019-11_gen6ou-0.json,Azelf,Moves,,Acrobatics,2.653
2019-11_gen6ou-0.json,Azelf,Moves,,Other,18.966
2019-11_gen6ou-0.json,Milotic,Stats,Raw count,,764
2019-11_gen6ou-0.json,Milotic,Stats,Avg. weight,,1.0
2019-11_gen6ou-0.json,Milotic,Stats,Viability Ceiling,,76
2019-11_gen6ou-0.json,Milotic,Stats,Bold,,6.937
2019-11_gen6ou-0.json,Milotic,Stats,Calm,,4.058
2019-11_gen6ou-0.json,Milotic,Stats,Mild,,3.796
2019-11_gen6ou-0.json,Milotic,Abilities,,Marvel Scale,69.895
2019-11_gen6ou-0.json,Milotic,Abilities,,Competitive,18.194
2019-11_gen6ou-0.json,Milotic,Abilities,,Cute Charm,11.911
2019-11_gen6ou-0.json,Milotic,Items,,Leftovers,78.665
2019-11_gen6ou-0.json,Milotic,Items,,Mystic Water,5.236
2019-11_gen6ou-0.json,Milotic,Items,,Flame Orb,4.581
2019-11_gen6ou-0.json,Milotic,Items,,Nothing,2.487
2019-11_gen6ou-0.json,Milotic,Items,,Sitrus Berry,2.356
2019-11_gen6ou-0.json,Milotic,Items,,Choice Specs,1.963
2019-11_gen6ou-0.json,Milotic,Items,,Other,4.712
2019-11_gen6ou-0.json,Milotic,Spreads,,Other,49.215
2019-11_gen6ou-0.json,Milotic,Moves,,Recover,84.031
2019-11_gen6ou-0.json,Milotic,Moves,,Ice Beam,82.068
2019-11_gen6ou-0.json,Milotic,Moves,,Scald,77.749
2019-11_gen6ou-0.json,Milotic,Moves,,Toxic,40.445
2019-11_gen6ou-0.json,Milotic,Moves,,Haze,15.052
2019-11_gen6ou-0.json,Milotic,Moves,,Surf,14.267
2019-11_gen6ou-0.json,Milotic,Moves,,Dragon Pulse,11.78
2019-11_gen6ou-0.json,Milotic,Moves,,Aqua Ring,11.126
2019-11_gen6ou-0.json,Milotic,Moves,,Dragon Tail,9.817
2019-11_gen6ou-0.json,Milotic,Moves,,Hydro Pump,5.759
2019-11_gen6ou-0.json,Milotic,Moves,,Rest,5.628
2019-11_gen6ou-0.json,Milotic,Moves,,Snore,4.843
2019-11_gen6ou-0.json,Milotic,Moves,,Mirror Coat,4.45
2019-11_gen6ou-0.json,Milotic,Moves,,Protect,3.534
2019-11_gen6ou-0.json,Milotic,Moves,,Icy Wind,2.487
2019-11_gen6ou-0.json,Milotic,Moves,,Refresh,2.356
2019-11_gen6ou-0.json,Milotic,Moves,,Blizzard,1.963
2019-11_gen6ou-0.json,Milotic,Moves,,Hypnosis,1.963
2019-11_gen6ou-0.json,Milotic,Moves,,Hidden Power Fire,1.832
2019-11_gen6ou-0.json,Milotic,Moves,,Other,18.848
2019-11_gen6ou-0.json,Arcanine,Stats,Raw count,,792
2019-11_gen6ou-0.json,Arcanine,Stats,Avg. weight,,1.0
2019-11_gen6ou-0.json,Arcanine,Stats,Viability Ceiling,,76
2019-11_gen6ou-0.json,Arcanine,Stats,Jolly,,18.813
2019-11_gen6ou-0.json,Arcanine,Stats,Hasty,,7.576
2019-11_gen6ou-0.json,Arcanine,Stats,Adamant,,4.672
2019-11_gen6ou-0.json,Arcanine,Stats,Hardy,,3.662
2019-11_gen6ou-0.json,Arcanine,Abilities,,Intimidate,58.965
2019-11_gen6ou-0.json,Arcanine,Abilities,,Flash Fire,33.207
2019-11_gen6ou-0.json,Arcanine,Abilities,,Justified,7.828
2019-11_gen6ou-0.json,Arcanine,Items,,Life Orb,31.566
2019-11_gen6ou-0.json,Arcanine,Items,,Leftovers,25.0
2019-11_gen6ou-0.json,Arcanine,Items,,Metronome,20.076
2019-11_gen6ou-0.json,Arcanine,Items,,Rocky Helmet,4.04
2019-11_gen6ou-0.json,Arcanine,Items,,Choice Band,3.535
2019-11_gen6ou-0.json,Arcanine,Items,,Charcoal,3.283
2019-11_gen6ou-0.json,Arcanine,Items,,Nothing,3.03
2019-11_gen6ou-0.json,Arcanine,Items,,Assault Vest,2.02
2019-11_gen6ou-0.json,Arcanine,Items,,Focus Sash,1.894
2019-11_gen6ou-0.json,Arcanine,Items,,Choice Scarf,1.515
2019-11_gen6ou-0.json,Arcanine,Items,,Other,4.04
2019-11_gen6ou-0.json,Arcanine,Spreads,,Other,36.616
2019-11_gen6ou-0.json,Arcanine,Moves,,Extreme Speed,85.732
2019-11_gen6ou-0.json,Arcanine,Moves,,Flare Blitz,64.899
2019-11_gen6ou-0.json,Arcanine,Moves,,Wild Charge,47.096
2019-11_gen6ou-0.json,Arcanine,Moves,,Morning Sun,40.404
2019-11_gen6ou-0.json,Arcanine,Moves,,Crunch,35.606
2019-11_gen6ou-0.json,Arcanine,Moves,,Close Combat,27.399
2019-11_gen6ou-0.json,Arcanine,Moves,,Flamethrower,19.823
2019-11_gen6ou-0.json,Arcanine,Moves,,Fire Fang,13.131
2019-11_gen6ou-0.json,Arcanine,Moves,,Will-O-Wisp,11.995
2019-11_gen6ou-0.json,Arcanine,Moves,,Iron Head,10.354
2019-11_gen6ou-0.json,Arcanine,Moves,,Toxic,5.682
2019-11_gen6ou-0.json,Arcanine,Moves,,Outrage,5.177
2019-11_gen6ou-0.json,Arcanine,Moves,,Roar,3.409
2019-11_gen6ou-0.json,Arcanine,Moves,,Protect,2.904
2019-11_gen6ou-0.json,Arcanine,Moves,,Sunny Day,2.778
2019-11_gen6ou-0.json,Arcanine,Moves,,Dragon Pulse,2.399
2019-11_gen6ou-0.json,Arcanine,Moves,,Substitute,2.02
2019-11_gen6ou-0.json,Arcanine,Moves,,Other,19.192
2019-11_gen6ou-0.json,Gyarados,Stats,Raw count,,756
2019-11_gen6ou-0.json,Gyarados,Stats,Avg. weight,,1.0
2019-11_gen6ou-0.json,Gyarados,Stats,Viability Ceiling,,84
2019-11_gen6ou-0.json,Gyarados,Stats,Adamant,,21.958
2019-11_gen6ou-0.json,Gyarados,Stats,Hardy,,19.974
2019-11_gen6ou-0.json,Gyarados,Stats,Jolly,,4.630
2019-11_gen6ou-0.json,Gyarados,Stats,Impish,,4.101
2019-11_gen6ou-0.json,Gyarados,Abilities,,Moxie,50.397
2019-11_gen6ou-0.json,Gyarados,Abilities,,Intimidate,49.603
2019-11_gen6ou-0.json,Gyarados,Items,,Leftovers,51.984
2019-11_gen6ou-0.json,Gyarados,Items,,Life Orb,8.201
2019-11_gen6ou-0.json,Gyarados,Items,,Rocky Helmet,6.349
2019-11_gen6ou-0.json,Gyarados,Items,,Assault Vest,5.952
2019-11_gen6ou-0.json,Gyarados,Items,,Focus Sash,5.82
2019-11_gen6ou-0.json,Gyarados,Items,,Choice Band,3.175
2019-11_gen6ou-0.json,Gyarados,Items,,Never-Melt Ice,2.91
2019-11_gen6ou-0.json,Gyarados,Items,,Lum Berry,2.116
2019-11_gen6ou-0.json,Gyarados,Items,,King's Rock,1.984
2019-11_gen6ou-0.json,Gyarados,Items,,Nothing,1.587
2019-11_gen6ou-0.json,Gyarados,Items,,Aguav Berry,1.19
2019-11_gen6ou-0.json,Gyarados,Items,,Choice Scarf,1.19
2019-11_gen6ou-0.json,Gyarados,Items,,Eviolite,1.058
2019-11_gen6ou-0.json,Gyarados,Items,,Sitrus Berry,1.058
2019-11_gen6ou-0.json,Gyarados,Items,,Splash Plate,1.058
2019-11_gen6ou-0.json,Gyarados,Items,,Other,4.365
2019-11_gen6ou-0.json,Gyarados,Spreads,,Other,36.772
2019-11_gen6ou-0.json,Gyarados,Moves,,Waterfall,76.984
2019-11_gen6ou-0.json,Gyarados,Moves,,Dragon Dance,73.413
2019-11_gen6ou-0.json,Gyarados,Moves,,Ice Fang,40.608
2019-11_gen6ou-0.json,Gyarados,Moves,,Earthquake,40.476
2019-11_gen6ou-0.json,Gyarados,Moves,,Roar,20.503
2019-11_gen6ou-0.json,Gyarados,Moves,,Crunch,19.974
2019-11_gen6ou-0.json,Gyarados,Moves,,Bounce,13.889
2019-11_gen6ou-0.json,Gyarados,Moves,,Hydro Pump,13.757
2019-11_gen6ou-0.json,Gyarados,Moves,,Dragon Tail,11.508
2019-11_gen6ou-0.json,Gyarados,Moves,,Aqua Tail,8.333
2019-11_gen6ou-0.json,Gyarados,Moves,,Substitute,8.069
2019-11_gen6ou-0.json,Gyarados,Moves,,Outrage,6.349
2019-11_gen6ou-0.json,Gyarados,Moves,,Iron Head,5.688
2019-11_gen6ou-0.json,Gyarados,Moves,,Rest,5.556
2019-11_gen6ou-0.json,Gyarados,Moves,,Sleep Talk,5.159
2019-11_gen6ou-0.json,Gyarados,Moves,,Thunderbolt,4.63
2019-11_gen6ou-0.json,Gyarados,Moves,,Fire Blast,4.497
2019-11_gen6ou-0.json,Gyarados,Moves,,Taunt,4.101
2019-11_gen6ou-0.json,Gyarados,Moves,,Ice Beam,3.836
2019-11_gen6ou-0.json,Gyarados,Moves,,Dragon Pulse,3.704
2019-11_gen6ou-0.json,Gyarados,Moves,,Stone Edge,3.704
2019-11_gen6ou-0.json,Gyarados,Moves,,Body Slam,3.439
2019-11_gen6ou-0.json,Gyarados,Moves,,Hyper Beam,3.307
2019-11_gen6ou-0.json,Gyarados,Moves,,Other,18.519
2019-11_gen6ou-0.json,Gyarados-Mega,Stats,Raw count,,778
2019-11_gen6ou-0.json,Gyarados-Mega,Stats,Avg. weight,,1.0
2019-11_gen6ou-0.json,Gyarados-Mega,Stats,Viability Ceiling,,88
2019-11_gen6ou-0.json,Gyarados-Mega,Stats,Adamant,,4.756
2019-11_gen6ou-0.json,Gyarados-Mega,Stats,Jolly,,5.270
2019-11_gen6ou-0.json,Gyarados-Mega,Abilities,,Mold Breaker,100.0
2019-11_gen6ou-0.json,Gyarados-Mega,Items,,Gyaradosite,100.0
2019-11_gen6ou-0.json,Gyarados-Mega,Spreads,,Other,37.532
2019-11_gen6ou-0.json,Gyarados-Mega,Moves,,Dragon Dance,82.391
2019-11_gen6ou-0.json,Gyarados-Mega,Moves,,Waterfall,71.979
2019-11_gen6ou-0.json,Gyarados-Mega,Moves,,Earthquake,63.753
2019-11_gen6ou-0.json,Gyarados-Mega,Moves,,Crunch,57.841
2019-11_gen6ou-0.json,Gyarados-Mega,Moves,,Ice Fang,25.964
2019-11_gen6ou-0.json,Gyarados-Mega,Moves,,Aqua Tail,14.396
2019-11_gen6ou-0.json,Gyarados-Mega,Moves,,Substitute,12.725
2019-11_gen6ou-0.json,Gyarados-Mega,Moves,,Hydro Pump,9.897
2019-11_gen6ou-0.json,Gyarados-Mega,Moves,,Outrage,7.712
2019-11_gen6ou-0.json,Gyarados-Mega,Moves,,Dark Pulse,6.17
2019-11_gen6ou-0.json,Gyarados-Mega,Moves,,Stone Edge,5.784
2019-11_gen6ou-0.json,Gyarados-Mega,Moves,,Dragon Tail,3.599
2019-11_gen6ou-0.json,Gyarados-Mega,Moves,,Dragon Pulse,3.599
2019-11_gen6ou-0.json,Gyarados-Mega,Moves,,Flamethrower,3.599
2019-11_gen6ou-0.json,Gyarados-Mega,Moves,,Scald,2.956
2019-11_gen6ou-0.json,Gyarados-Mega,Moves,,Fire Blast,2.828
2019-11_gen6ou-0.json,Gyarados-Mega,Moves,,Ice Beam,2.314
2019-11_gen6ou-0.json,Gyarados-Mega,Moves,,Body Slam,2.185
2019-11_gen6ou-0.json,Gyarados-Mega,Moves,,Double-Edge,2.185
2019-11_gen6ou-0.json,Gyarados-Mega,Moves,,Other,18.123
2019-11_gen6ou-0.json,Pinsir-Mega,Stats,Raw count,,723
2019-11_gen6ou-0.json,Pinsir-Mega,Stats,Avg. weight,,1.0
2019-11_gen6ou-0.json,Pinsir-Mega,Stats,Viability Ceiling,,88
2019-11_gen6ou-0.json,Pinsir-Mega,Stats,Jolly,,9.267
2019-11_gen6ou-0.json,Pinsir-Mega,Stats,Adamant,,2.905
2019-11_gen6ou-0.json,Pinsir-Mega,Abilities,,Aerilate,100.0
2019-11_gen6ou-0.json,Pinsir-Mega,Items,,Pinsirite,100.0
2019-11_gen6ou-0.json,Pinsir-Mega,Spreads,,Other,4.979
2019-11_gen6ou-0.json,Pinsir-Mega,Moves,,Quick Attack,90.733
2019-11_gen6ou-0.json,Pinsir-Mega,Moves,,Swords Dance,76.349
2019-11_gen6ou-0.json,Pinsir-Mega,Moves,,Close Combat,68.465
2019-11_gen6ou-0.json,Pinsir-Mega,Moves,,Return,66.528
2019-11_gen6ou-0.json,Pinsir-Mega,Moves,,Earthquake,38.313
2019-11_gen6ou-0.json,Pinsir-Mega,Moves,,Frustration,27.939
2019-11_gen6ou-0.json,Pinsir-Mega,Moves,,X-Scissor,11.203
2019-11_gen6ou-0.json,Pinsir-Mega,Moves,,Knock Off,3.596
2019-11_gen6ou-0.json,Pinsir-Mega,Moves,,Other,16.874
2019-11_gen6ou-0.json,Manectric-Mega,Stats,Raw count,,720
2019-11_gen6ou-0.json,Manectric-Mega,Stats,Avg. weight,,1.0
2019-11_gen6ou-0.json,Manectric-Mega,Stats,Viability Ceiling,,84
2019-11_gen6ou-0.json,Manectric-Mega,Stats,Timid,,6.250
2019-11_gen6ou-0.json,Manectric-Mega,Stats,Hasty,,8.333
2019-11_gen6ou-0.json,Manectric-Mega,Stats,Modest,,4.306
2019-11_gen6ou-0.json,Manectric-Mega,Stats,Hardy,,4.028
2019-11_gen6ou-0.json,Manectric-Mega,Abilities,,Intimidate,100.0
2019-11_gen6ou-0.json,Manectric-Mega,Items,,Manectite,100.0
2019-11_gen6ou-0.json,Manectric-Mega,Spreads,,Other,14.028
2019-11_gen6ou-0.json,Manectric-Mega,Moves,,Thunderbolt,79.583
2019-11_gen6ou-0.json,Manectric-Mega,Moves,,Volt Switch,69.583
2019-11_gen6ou-0.json,Manectric-Mega,Moves,,Hidden Power Ice,65.833
2019-11_gen6ou-0.json,Manectric-Mega,Moves,,Flamethrower,63.472
2019-11_gen6ou-0.json,Manectric-Mega,Moves,,Overheat,26.111
2019-11_gen6ou-0.json,Manectric-Mega,Moves,,Discharge,13.194
2019-11_gen6ou-0.json,Manectric-Mega,Moves,,Hidden Power Grass,9.167
2019-11_gen6ou-0.json,Manectric-Mega,Moves,,Signal Beam,8.611
2019-11_gen6ou-0.json,Manectric-Mega,Moves,,Thunder,8.472
2019-11_gen6ou-0.json,Manectric-Mega,Moves,,Thunder Wave,7.917
2019-11_gen6ou-0.json,Manectric-Mega,Moves,,Bite,7.639
2019-11_gen6ou-0.json,Manectric-Mega,Moves,,Ice Fang,7.083
2019-11_gen6ou-0.json,Manectric-Mega,Moves,,Crunch,7.083
2019-11_gen6ou-0.json,Manectric-Mega,Moves,,Headbutt,4.028
2019-11_gen6ou-0.json,Manectric-Mega,Moves,,Roar,3.056
2019-11_gen6ou-0.json,Manectric-Mega,Moves,,Other,19.167
2019-11_gen6ou-0.json,Togekiss,Stats,Raw count,,708
2019-11_gen6ou-0.json,Togekiss,Stats,Avg. weight,,1.0
2019-11_gen6ou-0.json,Togekiss,Stats,Viability Ceiling,,81
2019-11_gen6ou-0.json,Togekiss,Stats,Timid,,8.757
2019-11_gen6ou-0.json,Togekiss,Stats,Calm,,9.040
2019-11_gen6ou-0.json,Togekiss,Stats,Modest,,6.073
2019-11_gen6ou-0.json,Togekiss,Stats,Hardy,,4.661
2019-11_gen6ou-0.json,Togekiss,Abilities,,Serene Grace,87.853
2019-11_gen6ou-0.json,Togekiss,Abilities,,Hustle,6.78
2019-11_gen6ou-0.json,Togekiss,Abilities,,Super Luck,5.367
2019-11_gen6ou-0.json,Togekiss,Items,,Leftovers,60.169
2019-11_gen6ou-0.json,Togekiss,Items,,Choice Scarf,10.028
2019-11_gen6ou-0.json,Togekiss,Items,,Assault Vest,7.345
2019-11_gen6ou-0.json,Togekiss,Items,,King's Rock,6.215
2019-11_gen6ou-0.json,Togekiss,Items,,Rocky Helmet,2.542
2019-11_gen6ou-0.json,Togekiss,Items,,Life Orb,1.977
2019-11_gen6ou-0.json,Togekiss,Items,,Nothing,1.695
2019-11_gen6ou-0.json,Togekiss,Items,,Focus Sash,1.412
2019-11_gen6ou-0.json,Togekiss,Items,,Scope Lens,1.13
2019-11_gen6ou-0.json,Togekiss,Items,,Choice Band,0.989
2019-11_gen6ou-0.json,Togekiss,Items,,Quick Claw,0.989
2019-11_gen6ou-0.json,Togekiss,Items,,Razor Fang,0.989
2019-11_gen6ou-0.json,Togekiss,Items,,Other,4.52
2019-11_gen6ou-0.json,Togekiss,Spreads,,Other,49.294
2019-11_gen6ou-0.json,Togekiss,Moves,,Air Slash,93.785
2019-11_gen6ou-0.json,Togekiss,Moves,,Aura Sphere,50.141
2019-11_gen6ou-0.json,Togekiss,Moves,,Dazzling Gleam,44.492
2019-11_gen6ou-0.json,Togekiss,Moves,,Thunder Wave,42.373
2019-11_gen6ou-0.json,Togekiss,Moves,,Roost,39.689
2019-11_gen6ou-0.json,Togekiss,Moves,,Nasty Plot,14.548
2019-11_gen6ou-0.json,Togekiss,Moves,,Flamethrower,14.266
2019-11_gen6ou-0.json,Togekiss,Moves,,Heal Bell,10.452
2019-11_gen6ou-0.json,Togekiss,Moves,,Defog,9.746
2019-11_gen6ou-0.json,Togekiss,Moves,,Ancient Power,7.627
2019-11_gen6ou-0.json,Togekiss,Moves,,Wish,5.791
2019-11_gen6ou-0.json,Togekiss,Moves,,Extreme Speed,5.367
2019-11_gen6ou-0.json,Togekiss,Moves,,Solar Beam,4.944
2019-11_gen6ou-0.json,Togekiss,Moves,,Substitute,4.379
2019-11_gen6ou-0.json,Togekiss,Moves,,Psychic,3.672
2019-11_gen6ou-0.json,Togekiss,Moves,,Fire Blast,3.531
2019-11_gen6ou-0.json,Togekiss,Moves,,Protect,3.531
2019-11_gen6ou-0.json,Togekiss,Moves,,Ominous Wind,3.249
2019-11_gen6ou-0.json,Togekiss,Moves,,Encore,3.107
2019-11_gen6ou-0.json,Togekiss,Moves,,Body Slam,2.542
2019-11_gen6ou-0.json,Togekiss,Moves,,Psyshock,2.542
2019-11_gen6ou-0.json,Togekiss,Moves,,Soft-Boiled,2.26
2019-11_gen6ou-0.json,Togekiss,Moves,,Magic Coat,2.119
2019-11_gen6ou-0.json,Togekiss,Moves,,Focus Punch,1.836
2019-11_gen6ou-0.json,Togekiss,Moves,,Metronome,1.836
2019-11_gen6ou-0.json,Togekiss,Moves,,Tri Attack,1.695
2019-11_gen6ou-0.json,Togekiss,Moves,,Nothing,1.554
2019-11_gen6ou-0.json,Togekiss,Moves,,Other,18.927
2019-11_gen6ou-0.json,Hippowdon,Stats,Raw count,,685
2019-11_gen6ou-0.json,Hippowdon,Stats,Avg. weight,,1.0
2019-11_gen6ou-0.json,Hippowdon,Stats,Viability Ceiling,,90
2019-11_gen6ou-0.json,Hippowdon,Stats,Impish,,2.190
2019-11_gen6ou-0.json,Hippowdon,Stats,Adamant,,4.672
2019-11_gen6ou-0.json,Hippowdon,Abilities,,Sand Stream,92.409
2019-11_gen6ou-0.json,Hippowdon,Abilities,,Sand Force,7.591
2019-11_gen6ou-0.json,Hippowdon,Items,,Leftovers,71.241
2019-11_gen6ou-0.json,Hippowdon,Items,,Smooth Rock,19.27
2019-11_gen6ou-0.json,Hippowdon,Items,,Rocky Helmet,6.131
2019-11_gen6ou-0.json,Hippowdon,Items,,Other,3.358
2019-11_gen6ou-0.json,Hippowdon,Spreads,,Other,31.825
2019-11_gen6ou-0.json,Hippowdon,Moves,,Earthquake,97.226
2019-11_gen6ou-0.json,Hippowdon,Moves,,Slack Off,90.803
2019-11_gen6ou-0.json,Hippowdon,Moves,,Stealth Rock,87.737
2019-11_gen6ou-0.json,Hippowdon,Moves,,Whirlwind,33.723
2019-11_gen6ou-0.json,Hippowdon,Moves,,Stone Edge,29.927
2019-11_gen6ou-0.json,Hippowdon,Moves,,Toxic,9.635
2019-11_gen6ou-0.json,Hippowdon,Moves,,Fire Fang,7.153
2019-11_gen6ou-0.json,Hippowdon,Moves,,Ice Fang,6.715
2019-11_gen6ou-0.json,Hippowdon,Moves,,Roar,6.131
2019-11_gen6ou-0.json,Hippowdon,Moves,,Rock Slide,4.234
2019-11_gen6ou-0.json,Hippowdon,Moves,,Curse,3.504
2019-11_gen6ou-0.json,Hippowdon,Moves,,Sandstorm,2.774
2019-11_gen6ou-0.json,Hippowdon,Moves,,Crunch,2.628
2019-11_gen6ou-0.json,Hippowdon,Moves,,Other,17.81
2019-11_gen6ou-0.json,Metagross,Stats,Raw count,,687
2019-11_gen6ou-0.json,Metagross,Stats,Avg. weight,,1.0
2019-11_gen6ou-0.json,Metagross,Stats,Viability Ceiling,,84
2019-11_gen6ou-0.json,Metagross,Stats,Adamant,,2.911
2019-11_gen6ou-0.json,Metagross,Stats,Timid,,3.202
2019-11_gen6ou-0.json,Metagross,Stats,Hasty,,2.766
2019-11_gen6ou-0.json,Metagross,Abilities,,Clear Body,95.779
2019-11_gen6ou-0.json,Metagross,Abilities,,Light Metal,4.221
2019-11_gen6ou-0.json,Metagross,Items,,Assault Vest,40.32
2019-11_gen6ou-0.json,Metagross,Items,,Leftovers,17.031
2019-11_gen6ou-0.json,Metagross,Items,,Life Orb,9.753
2019-11_gen6ou-0.json,Metagross,Items,,Choice Band,4.658
2019-11_gen6ou-0.json,Metagross,Items,,Air Balloon,3.639
2019-11_gen6ou-0.json,Metagross,Items,,Focus Band,3.202
2019-11_gen6ou-0.json,Metagross,Items,,Occa Berry,2.475
2019-11_gen6ou-0.json,Metagross,Items,,Shuca Berry,2.475
2019-11_gen6ou-0.json,Metagross,Items,,Iron Plate,2.038
2019-11_gen6ou-0.json,Metagross,Items,,Salac Berry,2.038
2019-11_gen6ou-0.json,Metagross,Items,,Nothing,1.892
2019-11_gen6ou-0.json,Metagross,Items,,Rocky Helmet,1.747
2019-11_gen6ou-0.json,Metagross,Items,,Sitrus Berry,1.747
2019-11_gen6ou-0.json,Metagross,Items,,Focus Sash,1.456
2019-11_gen6ou-0.json,Metagross,Items,,Odd Incense,0.873
2019-11_gen6ou-0.json,Metagross,Items,,Other,4.658
2019-11_gen6ou-0.json,Metagross,Spreads,,Other,44.396
2019-11_gen6ou-0.json,Metagross,Moves,,Meteor Mash,74.236
2019-11_gen6ou-0.json,Metagross,Moves,,Earthquake,69.432
2019-11_gen6ou-0.json,Metagross,Moves,,Bullet Punch,53.13
2019-11_gen6ou-0.json,Metagross,Moves,,Ice Punch,44.105
2019-11_gen6ou-0.json,Metagross,Moves,,Zen Headbutt,28.967
2019-11_gen6ou-0.json,Metagross,Moves,,Psychic,16.303
2019-11_gen6ou-0.json,Metagross,Moves,,Shadow Ball,9.753
2019-11_gen6ou-0.json,Metagross,Moves,,Stealth Rock,8.006
2019-11_gen6ou-0.json,Metagross,Moves,,Pursuit,7.715
2019-11_gen6ou-0.json,Metagross,Moves,,Explosion,7.569
2019-11_gen6ou-0.json,Metagross,Moves,,Flash Cannon,7.278
2019-11_gen6ou-0.json,Metagross,Moves,,Agility,7.132
2019-11_gen6ou-0.json,Metagross,Moves,,Hammer Arm,6.55
2019-11_gen6ou-0.json,Metagross,Moves,,Iron Head,6.55
2019-11_gen6ou-0.json,Metagross,Moves,,Rock Slide,5.386
2019-11_gen6ou-0.json,Metagross,Moves,,Rest,4.658
2019-11_gen6ou-0.json,Metagross,Moves,,Hone Claws,4.221
2019-11_gen6ou-0.json,Metagross,Moves,,Protect,4.076
2019-11_gen6ou-0.json,Metagross,Moves,,Psyshock,3.93
2019-11_gen6ou-0.json,Metagross,Moves,,Sleep Talk,3.639
2019-11_gen6ou-0.json,Metagross,Moves,,Gyro Ball,2.911
2019-11_gen6ou-0.json,Metagross,Moves,,Hidden Power Ice,2.766
2019-11_gen6ou-0.json,Metagross,Moves,,Iron Defense,2.62
2019-11_gen6ou-0.json,Metagross,Moves,,Other,19.068
2019-11_gen6ou-0.json,Alakazam-Mega,Stats,Raw count,,689
2019-11_gen6ou-0.json,Alakazam-Mega,Stats,Avg. weight,,1.0
2019-11_gen6ou-0.json,Alakazam-Mega,Stats,Viability Ceiling,,91
2019-11_gen6ou-0.json,Alakazam-Mega,Stats,Timid,,3.628
2019-11_gen6ou-0.json,Alakazam-Mega,Stats,Hardy,,2.612
2019-11_gen6ou-0.json,Alakazam-Mega,Stats,Hasty,,2.467
2019-11_gen6ou-0.json,Alakazam-Mega,Abilities,,Trace,100.0
2019-11_gen6ou-0.json,Alakazam-Mega,Items,,Alakazite,100.0
2019-11_gen6ou-0.json,Alakazam-Mega,Spreads,,Other,28.302
2019-11_gen6ou-0.json,Alakazam-Mega,Moves,,Psychic,85.776
2019-11_gen6ou-0.json,Alakazam-Mega,Moves,,Shadow Ball,70.247
2019-11_gen6ou-0.json,Alakazam-Mega,Moves,,Focus Blast,62.264
2019-11_gen6ou-0.json,Alakazam-Mega,Moves,,Calm Mind,40.058
2019-11_gen6ou-0.json,Alakazam-Mega,Moves,,Dazzling Gleam,22.787
2019-11_gen6ou-0.json,Alakazam-Mega,Moves,,Recover,15.82
2019-11_gen6ou-0.json,Alakazam-Mega,Moves,,Energy Ball,14.949
2019-11_gen6ou-0.json,Alakazam-Mega,Moves,,Hidden Power Ice,10.45
2019-11_gen6ou-0.json,Alakazam-Mega,Moves,,Psyshock,8.708
2019-11_gen6ou-0.json,Alakazam-Mega,Moves,,Encore,8.128
2019-11_gen6ou-0.json,Alakazam-Mega,Moves,,Fire Punch,5.37
2019-11_gen6ou-0.json,Alakazam-Mega,Moves,,Drain Punch,4.354
2019-11_gen6ou-0.json,Alakazam-Mega,Moves,,Ice Punch,4.064
2019-11_gen6ou-0.json,Alakazam-Mega,Moves,,Disable,3.774
2019-11_gen6ou-0.json,Alakazam-Mega,Moves,,Taunt,3.628
2019-11_gen6ou-0.json,Alakazam-Mega,Moves,,Thunder Punch,3.483
2019-11_gen6ou-0.json,Alakazam-Mega,Moves,,Charge Beam,3.048
2019-11_gen6ou-0.json,Alakazam-Mega,Moves,,Substitute,3.048
2019-11_gen6ou-0.json,Alakazam-Mega,Moves,,Protect,3.048
2019-11_gen6ou-0.json,Alakazam-Mega,Moves,,Signal Beam,2.467
2019-11_gen6ou-0.json,Alakazam-Mega,Moves,,Toxic,2.322
2019-11_gen6ou-0.json,Alakazam-Mega,Moves,,Psycho Cut,2.177
2019-11_gen6ou-0.json,Alakazam-Mega,Moves,,Confusion,2.032
2019-11_gen6ou-0.json,Alakazam-Mega,Moves,,Other,17.997
2019-11_gen6ou-0.json,Nidoking,Stats,Raw count,,672
2019-11_gen6ou-0.json,Nidoking,Stats,Avg. weight,,1.0
2019-11_gen6ou-0.json,Nidoking,Stats,Viability Ceiling,,84
2019-11_gen6ou-0.json,Nidoking,Stats,Modest,,3.869
2019-11_gen6ou-0.json,Nidoking,Stats,Timid,,16.518
2019-11_gen6ou-0.json,Nidoking,Stats,Hardy,,5.060
2019-11_gen6ou-0.json,Nidoking,Stats,Jolly,,3.571
2019-11_gen6ou-0.json,Nidoking,Abilities,,Sheer Force,87.5
2019-11_gen6ou-0.json,Nidoking,Abilities,,Poison Point,12.351
2019-11_gen6ou-0.json,Nidoking,Abilities,,Rivalry,0.149
2019-11_gen6ou-0.json,Nidoking,Items,,Life Orb,75.149
2019-11_gen6ou-0.json,Nidoking,Items,,Sitrus Berry,4.911
2019-11_gen6ou-0.json,Nidoking,Items,,Black Sludge,2.679
2019-11_gen6ou-0.json,Nidoking,Items,,Leftovers,2.53
2019-11_gen6ou-0.json,Nidoking,Items,,Assault Vest,2.381
2019-11_gen6ou-0.json,Nidoking,Items,,Choice Scarf,2.381
2019-11_gen6ou-0.json,Nidoking,Items,,Nothing,1.935
2019-11_gen6ou-0.json,Nidoking,Items,,Focus Sash,1.637
2019-11_gen6ou-0.json,Nidoking,Items,,Muscle Band,1.19
2019-11_gen6ou-0.json,Nidoking,Items,,Choice Band,1.19
2019-11_gen6ou-0.json,Nidoking,Items,,Other,4.018
2019-11_gen6ou-0.json,Nidoking,Spreads,,Other,20.685
2019-11_gen6ou-0.json,Nidoking,Moves,,Earth Power,76.042
2019-11_gen6ou-0.json,Nidoking,Moves,,Ice Beam,74.702
2019-11_gen6ou-0.json,Nidoking,Moves,,Sludge Wave,72.917
2019-11_gen6ou-0.json,Nidoking,Moves,,Flamethrower,53.274
2019-11_gen6ou-0.json,Nidoking,Moves,,Fire Blast,14.583
2019-11_gen6ou-0.json,Nidoking,Moves,,Thunderbolt,13.839
2019-11_gen6ou-0.json,Nidoking,Moves,,Earthquake,12.798
2019-11_gen6ou-0.json,Nidoking,Moves,,Poison Jab,11.756
2019-11_gen6ou-0.json,Nidoking,Moves,,Toxic Spikes,10.119
2019-11_gen6ou-0.json,Nidoking,Moves,,Toxic,6.548
2019-11_gen6ou-0.json,Nidoking,Moves,,Ice Punch,6.399
2019-11_gen6ou-0.json,Nidoking,Moves,,Sludge Bomb,5.804
2019-11_gen6ou-0.json,Nidoking,Moves,,Poison Tail,5.506
2019-11_gen6ou-0.json,Nidoking,Moves,,Stealth Rock,3.869
2019-11_gen6ou-0.json,Nidoking,Moves,,Fire Punch,3.571
2019-11_gen6ou-0.json,Nidoking,Moves,,Brick Break,3.274
2019-11_gen6ou-0.json,Nidoking,Moves,,Sucker Punch,2.827
2019-11_gen6ou-0.json,Nidoking,Moves,,Thunder Punch,2.827
2019-11_gen6ou-0.json,Nidoking,Moves,,Other,19.345
2019-11_gen6ou-0.json,Conkeldurr,Stats,Raw count,,693
2019-11_gen6ou-0.json,Conkeldurr,Stats,Avg. weight,,1.0
2019-11_gen6ou-0.json,Conkeldurr,Stats,Viability Ceiling,,78
2019-11_gen6ou-0.json,Conkeldurr,Stats,Adamant,,4.329
2019-11_gen6ou-0.json,Conkeldurr,Stats,Hardy,,4.473
2019-11_gen6ou-0.json,Conkeldurr,Abilities,,Guts,63.492
2019-11_gen6ou-0.json,Conkeldurr,Abilities,,Iron Fist,32.9
2019-11_gen6ou-0.json,Conkeldurr,Abilities,,Sheer Force,3.608
2019-11_gen6ou-0.json,Conkeldurr,Items,,Assault Vest,54.257
2019-11_gen6ou-0.json,Conkeldurr,Items,,Flame Orb,13.276
2019-11_gen6ou-0.json,Conkeldurr,Items,,Life Orb,11.111
2019-11_gen6ou-0.json,Conkeldurr,Items,,Black Belt,5.195
2019-11_gen6ou-0.json,Conkeldurr,Items,,Fist Plate,4.329
2019-11_gen6ou-0.json,Conkeldurr,Items,,Leftovers,4.185
2019-11_gen6ou-0.json,Conkeldurr,Items,,Choice Band,3.03
2019-11_gen6ou-0.json,Conkeldurr,Items,,Other,4.618
2019-11_gen6ou-0.json,Conkeldurr,Spreads,,Other,46.898
2019-11_gen6ou-0.json,Conkeldurr,Moves,,Drain Punch,84.127
2019-11_gen6ou-0.json,Conkeldurr,Moves,,Mach Punch,73.737
2019-11_gen6ou-0.json,Conkeldurr,Moves,,Ice Punch,68.398
2019-11_gen6ou-0.json,Conkeldurr,Moves,,Knock Off,57.143
2019-11_gen6ou-0.json,Conkeldurr,Moves,,Fire Punch,21.068
2019-11_gen6ou-0.json,Conkeldurr,Moves,,Thunder Punch,16.739
2019-11_gen6ou-0.json,Conkeldurr,Moves,,Poison Jab,14.286
2019-11_gen6ou-0.json,Conkeldurr,Moves,,Power-Up Punch,11.111
2019-11_gen6ou-0.json,Conkeldurr,Moves,,Focus Punch,8.369
2019-11_gen6ou-0.json,Conkeldurr,Moves,,Stone Edge,7.792
2019-11_gen6ou-0.json,Conkeldurr,Moves,,Earthquake,6.494
2019-11_gen6ou-0.json,Conkeldurr,Moves,,Bulk Up,6.349
2019-11_gen6ou-0.json,Conkeldurr,Moves,,Hammer Arm,4.473
2019-11_gen6ou-0.json,Conkeldurr,Moves,,Other,19.913
2019-11_gen6ou-0.json,Tyranitar-Mega,Stats,Raw count,,697
2019-11_gen6ou-0.json,Tyranitar-Mega,Stats,Avg. weight,,1.0
2019-11_gen6ou-0.json,Tyranitar-Mega,Stats,Viability Ceiling,,92
2019-11_gen6ou-0.json,Tyranitar-Mega,Stats,Adamant,,7.030
2019-11_gen6ou-0.json,Tyranitar-Mega,Stats,Jolly,,4.304
2019-11_gen6ou-0.json,Tyranitar-Mega,Abilities,,Sand Stream,100.0
2019-11_gen6ou-0.json,Tyranitar-Mega,Items,,Tyranitarite,100.0
2019-11_gen6ou-0.json,Tyranitar-Mega,Spreads,,Other,59.11
2019-11_gen6ou-0.json,Tyranitar-Mega,Moves,,Earthquake,58.537
2019-11_gen6ou-0.json,Tyranitar-Mega,Moves,,Crunch,56.958
2019-11_gen6ou-0.json,Tyranitar-Mega,Moves,,Stone Edge,55.093
2019-11_gen6ou-0.json,Tyranitar-Mega,Moves,,Dragon Dance,31.133
2019-11_gen6ou-0.json,Tyranitar-Mega,Moves,,Ice Punch,17.647
2019-11_gen6ou-0.json,Tyranitar-Mega,Moves,,Brick Break,17.504
2019-11_gen6ou-0.json,Tyranitar-Mega,Moves,,Superpower,12.482
2019-11_gen6ou-0.json,Tyranitar-Mega,Moves,,Stealth Rock,10.617
2019-11_gen6ou-0.json,Tyranitar-Mega,Moves,,Aqua Tail,9.9
2019-11_gen6ou-0.json,Tyranitar-Mega,Moves,,Ice Beam,9.326
2019-11_gen6ou-0.json,Tyranitar-Mega,Moves,,Pursuit,9.326
2019-11_gen6ou-0.json,Tyranitar-Mega,Moves,,Dark Pulse,8.465
2019-11_gen6ou-0.json,Tyranitar-Mega,Moves,,Hone Claws,8.321
2019-11_gen6ou-0.json,Tyranitar-Mega,Moves,,Dragon Claw,8.321
2019-11_gen6ou-0.json,Tyranitar-Mega,Moves,,Fire Blast,6.743
2019-11_gen6ou-0.json,Tyranitar-Mega,Moves,,Fire Punch,6.6
2019-11_gen6ou-0.json,Tyranitar-Mega,Moves,,Avalanche,6.026
2019-11_gen6ou-0.json,Tyranitar-Mega,Moves,,Flamethrower,6.026
2019-11_gen6ou-0.json,Tyranitar-Mega,Moves,,Outrage,5.882
2019-11_gen6ou-0.json,Tyranitar-Mega,Moves,,Focus Blast,5.739
2019-11_gen6ou-0.json,Tyranitar-Mega,Moves,,Rock Slide,5.022
2019-11_gen6ou-0.json,Tyranitar-Mega,Moves,,Surf,4.878
2019-11_gen6ou-0.json,Tyranitar-Mega,Moves,,Thunderbolt,4.017
2019-11_gen6ou-0.json,Tyranitar-Mega,Moves,,Dragon Pulse,3.73
2019-11_gen6ou-0.json,Tyranitar-Mega,Moves,,Body Slam,3.013
2019-11_gen6ou-0.json,Tyranitar-Mega,Moves,,Double-Edge,2.439
2019-11_gen6ou-0.json,Tyranitar-Mega,Moves,,Foul Play,2.296
2019-11_gen6ou-0.json,Tyranitar-Mega,Moves,,Earth Power,2.152
2019-11_gen6ou-0.json,Tyranitar-Mega,Moves,,Ice Fang,2.009
2019-11_gen6ou-0.json,Tyranitar-Mega,Moves,,Other,19.799
2019-11_gen6ou-0.json,Alakazam,Stats,Raw count,,698
2019-11_gen6ou-0.json,Alakazam,Stats,Avg. weight,,1.0
2019-11_gen6ou-0.json,Alakazam,Stats,Viability Ceiling,,88
2019-11_gen6ou-0.json,Alakazam,Stats,Timid,,8.023
2019-11_gen6ou-0.json,Alakazam,Stats,Modest,,3.582
2019-11_gen6ou-0.json,Alakazam,Stats,Naive,,2.722
2019-11_gen6ou-0.json,Alakazam,Stats,Serious,,2.436
2019-11_gen6ou-0.json,Alakazam,Abilities,,Magic Guard,81.805
2019-11_gen6ou-0.json,Alakazam,Abilities,,Synchronize,13.897
2019-11_gen6ou-0.json,Alakazam,Abilities,,Inner Focus,4.298
2019-11_gen6ou-0.json,Alakazam,Items,,Focus Sash,44.986
2019-11_gen6ou-0.json,Alakazam,Items,,Life Orb,30.086
2019-11_gen6ou-0.json,Alakazam,Items,,Leftovers,5.731
2019-11_gen6ou-0.json,Alakazam,Items,,Choice Specs,4.298
2019-11_gen6ou-0.json,Alakazam,Items,,Nothing,2.865
2019-11_gen6ou-0.json,Alakazam,Items,,Air Balloon,2.149
2019-11_gen6ou-0.json,Alakazam,Items,,Power Herb,1.576
2019-11_gen6ou-0.json,Alakazam,Items,,Twisted Spoon,1.433
2019-11_gen6ou-0.json,Alakazam,Items,,Focus Band,1.146
2019-11_gen6ou-0.json,Alakazam,Items,,Mind Plate,0.716
2019-11_gen6ou-0.json,Alakazam,Items,,Eviolite,0.716
2019-11_gen6ou-0.json,Alakazam,Items,,Other,4.298
2019-11_gen6ou-0.json,Alakazam,Spreads,,Other,23.209
2019-11_gen6ou-0.json,Alakazam,Moves,,Psychic,79.226
2019-11_gen6ou-0.json,Alakazam,Moves,,Shadow Ball,55.158
2019-11_gen6ou-0.json,Alakazam,Moves,,Focus Blast,53.582
2019-11_gen6ou-0.json,Alakazam,Moves,,Dazzling Gleam,43.983
2019-11_gen6ou-0.json,Alakazam,Moves,,Energy Ball,39.255
2019-11_gen6ou-0.json,Alakazam,Moves,,Psyshock,21.347
2019-11_gen6ou-0.json,Alakazam,Moves,,Calm Mind,19.484
2019-11_gen6ou-0.json,Alakazam,Moves,,Hidden Power Fire,15.473
2019-11_gen6ou-0.json,Alakazam,Moves,,Recover,8.166
2019-11_gen6ou-0.json,Alakazam,Moves,,Substitute,6.59
2019-11_gen6ou-0.json,Alakazam,Moves,,Thunder Wave,5.587
2019-11_gen6ou-0.json,Alakazam,Moves,,Charge Beam,5.014
2019-11_gen6ou-0.json,Alakazam,Moves,,Hidden Power Ice,4.871
2019-11_gen6ou-0.json,Alakazam,Moves,,Grass Knot,4.155
2019-11_gen6ou-0.json,Alakazam,Moves,,Knock Off,3.295
2019-11_gen6ou-0.json,Alakazam,Moves,,Drain Punch,2.579
2019-11_gen6ou-0.json,Alakazam,Moves,,Future Sight,2.579
2019-11_gen6ou-0.json,Alakazam,Moves,,Trick,2.292
2019-11_gen6ou-0.json,Alakazam,Moves,,Zen Headbutt,2.292
2019-11_gen6ou-0.json,Alakazam,Moves,,Barrier,2.149
2019-11_gen6ou-0.json,Alakazam,Moves,,Signal Beam,2.006
2019-11_gen6ou-0.json,Alakazam,Moves,,Reflect,2.006
2019-11_gen6ou-0.json,Alakazam,Moves,,Other,18.911
2019-11_gen6ou-0.json,Politoed,Stats,Raw count,,654
2019-11_gen6ou-0.json,Politoed,Stats,Avg. weight,,1.0
2019-11_gen6ou-0.json,Politoed,Stats,Viability Ceiling,,78
2019-11_gen6ou-0.json,Politoed,Stats,Calm,,4.281
2019-11_gen6ou-0.json,Politoed,Stats,Bold,,3.823
2019-11_gen6ou-0.json,Politoed,Stats,Modest,,5.046
2019-11_gen6ou-0.json,Politoed,Abilities,,Drizzle,94.648
2019-11_gen6ou-0.json,Politoed,Abilities,,Water Absorb,5.352
2019-11_gen6ou-0.json,Politoed,Items,,Damp Rock,74.006
2019-11_gen6ou-0.json,Politoed,Items,,Leftovers,7.645
2019-11_gen6ou-0.json,Politoed,Items,,Chesto Berry,6.116
2019-11_gen6ou-0.json,Politoed,Items,,Assault Vest,4.281
2019-11_gen6ou-0.json,Politoed,Items,,Choice Specs,2.294
2019-11_gen6ou-0.json,Politoed,Items,,Nothing,1.835
2019-11_gen6ou-0.json,Politoed,Items,,Other,3.823
2019-11_gen6ou-0.json,Politoed,Spreads,,Other,46.636
2019-11_gen6ou-0.json,Politoed,Moves,,Scald,81.498
2019-11_gen6ou-0.json,Politoed,Moves,,Toxic,75.382
2019-11_gen6ou-0.json,Politoed,Moves,,Rest,54.893
2019-11_gen6ou-0.json,Politoed,Moves,,Encore,53.211
2019-11_gen6ou-0.json,Politoed,Moves,,Ice Beam,41.284
2019-11_gen6ou-0.json,Politoed,Moves,,Protect,18.043
2019-11_gen6ou-0.json,Politoed,Moves,,Hydro Pump,13.15
2019-11_gen6ou-0.json,Politoed,Moves,,Focus Blast,10.245
2019-11_gen6ou-0.json,Politoed,Moves,,Hypnosis,9.48
2019-11_gen6ou-0.json,Politoed,Moves,,Sleep Talk,6.728
2019-11_gen6ou-0.json,Politoed,Moves,,Haze,6.269
2019-11_gen6ou-0.json,Politoed,Moves,,Perish Song,4.587
2019-11_gen6ou-0.json,Politoed,Moves,,Surf,4.281
2019-11_gen6ou-0.json,Politoed,Moves,,Hidden Power Fire,3.67
2019-11_gen6ou-0.json,Politoed,Moves,,Other,17.278
2019-11_gen6ou-0.json,Tentacruel,Stats,Raw count,,655
2019-11_gen6ou-0.json,Tentacruel,Stats,Avg. weight,,1.0
2019-11_gen6ou-0.json,Tentacruel,Stats,Viability Ceiling,,76
2019-11_gen6ou-0.json,Tentacruel,Stats,Bold,,4.885
2019-11_gen6ou-0.json,Tentacruel,Stats,Calm,,7.176
2019-11_gen6ou-0.json,Tentacruel,Stats,Timid,,5.954
2019-11_gen6ou-0.json,Tentacruel,Abilities,,Liquid Ooze,67.176
2019-11_gen6ou-0.json,Tentacruel,Abilities,,Rain Dish,20.458
2019-11_gen6ou-0.json,Tentacruel,Abilities,,Clear Body,12.366
2019-11_gen6ou-0.json,Tentacruel,Items,,Black Sludge,73.74
2019-11_gen6ou-0.json,Tentacruel,Items,,Leftovers,14.198
2019-11_gen6ou-0.json,Tentacruel,Items,,Assault Vest,3.969
2019-11_gen6ou-0.json,Tentacruel,Items,,Air Balloon,3.359
2019-11_gen6ou-0.json,Tentacruel,Items,,Other,4.733
2019-11_gen6ou-0.json,Tentacruel,Spreads,,Other,47.176
2019-11_gen6ou-0.json,Tentacruel,Moves,,Rapid Spin,84.427
2019-11_gen6ou-0.json,Tentacruel,Moves,,Scald,81.679
2019-11_gen6ou-0.json,Tentacruel,Moves,,Toxic Spikes,81.374
2019-11_gen6ou-0.json,Tentacruel,Moves,,Acid Spray,28.855
2019-11_gen6ou-0.json,Tentacruel,Moves,,Knock Off,26.565
2019-11_gen6ou-0.json,Tentacruel,Moves,,Haze,15.573
2019-11_gen6ou-0.json,Tentacruel,Moves,,Giga Drain,11.145
2019-11_gen6ou-0.json,Tentacruel,Moves,,Ice Beam,10.992
2019-11_gen6ou-0.json,Tentacruel,Moves,,Sludge Bomb,8.092
2019-11_gen6ou-0.json,Tentacruel,Moves,,Hydro Pump,5.802
2019-11_gen6ou-0.json,Tentacruel,Moves,,Toxic,5.038
2019-11_gen6ou-0.json,Tentacruel,Moves,,Sludge Wave,4.427
2019-11_gen6ou-0.json,Tentacruel,Moves,,Surf,4.122
2019-11_gen6ou-0.json,Tentacruel,Moves,,Rain Dance,3.817
2019-11_gen6ou-0.json,Tentacruel,Moves,,Protect,3.664
2019-11_gen6ou-0.json,Tentacruel,Moves,,Substitute,2.901
2019-11_gen6ou-0.json,Tentacruel,Moves,,Venoshock,2.443
2019-11_gen6ou-0.json,Tentacruel,Moves,,Other,19.084
2019-11_gen6ou-0.json,Jolteon,Stats,Raw count,,675
2019-11_gen6ou-0.json,Jolteon,Stats,Avg. weight,,1.0
2019-11_gen6ou-0.json,Jolteon,Stats,Viability Ceiling,,78
2019-11_gen6ou-0.json,Jolteon,Stats,Timid,,3.704
2019-11_gen6ou-0.json,Jolteon,Stats,Modest,,4.296
2019-11_gen6ou-0.json,Jolteon,Abilities,,Volt Absorb,87.852
2019-11_gen6ou-0.json,Jolteon,Abilities,,Quick Feet,12.148
2019-11_gen6ou-0.json,Jolteon,Items,,Choice Specs,41.926
2019-11_gen6ou-0.json,Jolteon,Items,,Life Orb,20.0
2019-11_gen6ou-0.json,Jolteon,Items,,Leftovers,9.185
2019-11_gen6ou-0.json,Jolteon,Items,,Nothing,4.889
2019-11_gen6ou-0.json,Jolteon,Items,,Focus Sash,4.444
2019-11_gen6ou-0.json,Jolteon,Items,,Air Balloon,3.111
2019-11_gen6ou-0.json,Jolteon,Items,,Expert Belt,2.815
2019-11_gen6ou-0.json,Jolteon,Items,,Magnet,2.667
2019-11_gen6ou-0.json,Jolteon,Items,,Aguav Berry,1.63
2019-11_gen6ou-0.json,Jolteon,Items,,Choice Scarf,1.481
2019-11_gen6ou-0.json,Jolteon,Items,,Zap Plate,1.185
2019-11_gen6ou-0.json,Jolteon,Items,,Wise Glasses,1.185
2019-11_gen6ou-0.json,Jolteon,Items,,Sitrus Berry,1.037
2019-11_gen6ou-0.json,Jolteon,Items,,Other,4.444
2019-11_gen6ou-0.json,Jolteon,Spreads,,Other,29.63
2019-11_gen6ou-0.json,Jolteon,Moves,,Thunderbolt,85.333
2019-11_gen6ou-0.json,Jolteon,Moves,,Shadow Ball,64.0
2019-11_gen6ou-0.json,Jolteon,Moves,,Volt Switch,60.593
2019-11_gen6ou-0.json,Jolteon,Moves,,Signal Beam,41.481
2019-11_gen6ou-0.json,Jolteon,Moves,,Hidden Power Ice,35.852
2019-11_gen6ou-0.json,Jolteon,Moves,,Thunder Wave,17.926
2019-11_gen6ou-0.json,Jolteon,Moves,,Hidden Power Grass,13.037
2019-11_gen6ou-0.json,Jolteon,Moves,,Discharge,12.889
2019-11_gen6ou-0.json,Jolteon,Moves,,Thunder,9.481
2019-11_gen6ou-0.json,Jolteon,Moves,,Agility,6.667
2019-11_gen6ou-0.json,Jolteon,Moves,,Protect,6.667
2019-11_gen6ou-0.json,Jolteon,Moves,,Wild Charge,5.037
2019-11_gen6ou-0.json,Jolteon,Moves,,Wish,3.852
2019-11_gen6ou-0.json,Jolteon,Moves,,Nothing,3.407
2019-11_gen6ou-0.json,Jolteon,Moves,,Toxic,3.259
2019-11_gen6ou-0.json,Jolteon,Moves,,Quick Attack,3.259
2019-11_gen6ou-0.json,Jolteon,Moves,,Light Screen,2.519
2019-11_gen6ou-0.json,Jolteon,Moves,,Hyper Voice,1.778
2019-11_gen6ou-0.json,Jolteon,Moves,,Heal Bell,1.63
2019-11_gen6ou-0.json,Jolteon,Moves,,Iron Tail,1.481
2019-11_gen6ou-0.json,Jolteon,Moves,,Other,19.852
2019-11_gen6ou-0.json,Swampert-Mega,Stats,Raw count,,637
2019-11_gen6ou-0.json,Swampert-Mega,Stats,Avg. weight,,1.0
2019-11_gen6ou-0.json,Swampert-Mega,Stats,Viability Ceiling,,88
2019-11_gen6ou-0.json,Swampert-Mega,Stats,Adamant,,6.907
2019-11_gen6ou-0.json,Swampert-Mega,Stats,Jolly,,3.297
2019-11_gen6ou-0.json,Swampert-Mega,Stats,Hardy,,2.826
2019-11_gen6ou-0.json,Swampert-Mega,Abilities,,Swift Swim,100.0
2019-11_gen6ou-0.json,Swampert-Mega,Items,,Swampertite,100.0
2019-11_gen6ou-0.json,Swampert-Mega,Spreads,,Other,38.462
2019-11_gen6ou-0.json,Swampert-Mega,Moves,,Earthquake,94.505
2019-11_gen6ou-0.json,Swampert-Mega,Moves,,Waterfall,74.254
2019-11_gen6ou-0.json,Swampert-Mega,Moves,,Ice Punch,58.556
2019-11_gen6ou-0.json,Swampert-Mega,Moves,,Superpower,22.606
2019-11_gen6ou-0.json,Swampert-Mega,Moves,,Power-Up Punch,17.582
2019-11_gen6ou-0.json,Swampert-Mega,Moves,,Rock Slide,17.582
2019-11_gen6ou-0.json,Swampert-Mega,Moves,,Hammer Arm,15.385
2019-11_gen6ou-0.json,Swampert-Mega,Moves,,Rain Dance,14.757
2019-11_gen6ou-0.json,Swampert-Mega,Moves,,Aqua Tail,11.774
2019-11_gen6ou-0.json,Swampert-Mega,Moves,,Stone Edge,8.634
2019-11_gen6ou-0.json,Swampert-Mega,Moves,,Ice Beam,7.378
2019-11_gen6ou-0.json,Swampert-Mega,Moves,,Hydro Pump,7.378
2019-11_gen6ou-0.json,Swampert-Mega,Moves,,Avalanche,6.75
2019-11_gen6ou-0.json,Swampert-Mega,Moves,,Surf,6.436
2019-11_gen6ou-0.json,Swampert-Mega,Moves,,Scald,3.611
2019-11_gen6ou-0.json,Swampert-Mega,Moves,,Protect,3.454
2019-11_gen6ou-0.json,Swampert-Mega,Moves,,Stealth Rock,2.983
2019-11_gen6ou-0.json,Swampert-Mega,Moves,,Double-Edge,2.512
2019-11_gen6ou-0.json,Swampert-Mega,Moves,,Focus Punch,2.041
2019-11_gen6ou-0.json,Swampert-Mega,Moves,,Brick Break,1.884
2019-11_gen6ou-0.json,Swampert-Mega,Moves,,Other,19.937
2019-11_gen6ou-0.json,Cresselia,Stats,Raw count,,643
2019-11_gen6ou-0.json,Cresselia,Stats,Avg. weight,,1.0
2019-11_gen6ou-0.json,Cresselia,Stats,Viability Ceiling,,75
2019-11_gen6ou-0.json,Cresselia,Stats,Calm,,3.421
2019-11_gen6ou-0.json,Cresselia,Stats,Bold,,1.711
2019-11_gen6ou-0.json,Cresselia,Stats,Sassy,,1.866
2019-11_gen6ou-0.json,Cresselia,Abilities,,Levitate,100.0
2019-11_gen6ou-0.json,Cresselia,Items,,Light Clay,74.495
2019-11_gen6ou-0.json,Cresselia,Items,,Leftovers,14.93
2019-11_gen6ou-0.json,Cresselia,Items,,Rocky Helmet,5.599
2019-11_gen6ou-0.json,Cresselia,Items,,Other,4.977
2019-11_gen6ou-0.json,Cresselia,Spreads,,Other,17.574
2019-11_gen6ou-0.json,Cresselia,Moves,,Trick Room,76.983
2019-11_gen6ou-0.json,Cresselia,Moves,,Lunar Dance,76.361
2019-11_gen6ou-0.json,Cresselia,Moves,,Light Screen,76.205
2019-11_gen6ou-0.json,Cresselia,Moves,,Reflect,75.117
2019-11_gen6ou-0.json,Cresselia,Moves,,Moonlight,18.663
2019-11_gen6ou-0.json,Cresselia,Moves,,Ice Beam,11.353
2019-11_gen6ou-0.json,Cresselia,Moves,,Moonblast,11.198
2019-11_gen6ou-0.json,Cresselia,Moves,,Calm Mind,10.109
2019-11_gen6ou-0.json,Cresselia,Moves,,Toxic,9.176
2019-11_gen6ou-0.json,Cresselia,Moves,,Thunder Wave,7.621
2019-11_gen6ou-0.json,Cresselia,Moves,,Psyshock,7.621
2019-11_gen6ou-0.json,Cresselia,Moves,,Other,19.596
2019-11_gen6ou-0.json,Suicune,Stats,Raw count,,589
2019-11_gen6ou-0.json,Suicune,Stats,Avg. weight,,1.0
2019-11_gen6ou-0.json,Suicune,Stats,Viability Ceiling,,92
2019-11_gen6ou-0.json,Suicune,Stats,Timid,,5.093
2019-11_gen6ou-0.json,Suicune,Stats,Bold,,6.112
2019-11_gen6ou-0.json,Suicune,Abilities,,Pressure,100.0
2019-11_gen6ou-0.json,Suicune,Items,,Leftovers,87.606
2019-11_gen6ou-0.json,Suicune,Items,,Chesto Berry,3.905
2019-11_gen6ou-0.json,Suicune,Items,,Assault Vest,2.547
2019-11_gen6ou-0.json,Suicune,Items,,Life Orb,1.698
2019-11_gen6ou-0.json,Suicune,Items,,Other,4.244
2019-11_gen6ou-0.json,Suicune,Spreads,,Other,39.219
2019-11_gen6ou-0.json,Suicune,Moves,,Scald,89.134
2019-11_gen6ou-0.json,Suicune,Moves,,Calm Mind,88.115
2019-11_gen6ou-0.json,Suicune,Moves,,Substitute,66.893
2019-11_gen6ou-0.json,Suicune,Moves,,Rest,43.973
2019-11_gen6ou-0.json,Suicune,Moves,,Ice Beam,33.277
2019-11_gen6ou-0.json,Suicune,Moves,,Mirror Coat,17.997
2019-11_gen6ou-0.json,Suicune,Moves,,Protect,9.338
2019-11_gen6ou-0.json,Suicune,Moves,,Sleep Talk,7.81
2019-11_gen6ou-0.json,Suicune,Moves,,Roar,6.621
2019-11_gen6ou-0.json,Suicune,Moves,,Surf,5.772
2019-11_gen6ou-0.json,Suicune,Moves,,Toxic,4.924
2019-11_gen6ou-0.json,Suicune,Moves,,Hydro Pump,4.584
2019-11_gen6ou-0.json,Suicune,Moves,,Extreme Speed,3.565
2019-11_gen6ou-0.json,Suicune,Moves,,Other,17.997
2019-11_gen6ou-0.json,Chandelure,Stats,Raw count,,612
2019-11_gen6ou-0.json,Chandelure,Stats,Avg. weight,,1.0
2019-11_gen6ou-0.json,Chandelure,Stats,Viability Ceiling,,78
2019-11_gen6ou-0.json,Chandelure,Stats,Timid,,5.392
2019-11_gen6ou-0.json,Chandelure,Stats,Modest,,6.863
2019-11_gen6ou-0.json,Chandelure,Stats,Hardy,,2.288
2019-11_gen6ou-0.json,Chandelure,Abilities,,Flash Fire,55.719
2019-11_gen6ou-0.json,Chandelure,Abilities,,Infiltrator,29.248
2019-11_gen6ou-0.json,Chandelure,Abilities,,Flame Body,15.033
2019-11_gen6ou-0.json,Chandelure,Items,,Choice Scarf,43.954
2019-11_gen6ou-0.json,Chandelure,Items,,Leftovers,17.157
2019-11_gen6ou-0.json,Chandelure,Items,,Choice Specs,12.908
2019-11_gen6ou-0.json,Chandelure,Items,,Life Orb,6.373
2019-11_gen6ou-0.json,Chandelure,Items,,Nothing,4.575
2019-11_gen6ou-0.json,Chandelure,Items,,Air Balloon,4.085
2019-11_gen6ou-0.json,Chandelure,Items,,Focus Sash,2.941
2019-11_gen6ou-0.json,Chandelure,Items,,Assault Vest,1.307
2019-11_gen6ou-0.json,Chandelure,Items,,Expert Belt,0.98
2019-11_gen6ou-0.json,Chandelure,Items,,Charcoal,0.98
2019-11_gen6ou-0.json,Chandelure,Items,,Other,4.739
2019-11_gen6ou-0.json,Chandelure,Spreads,,Other,34.477
2019-11_gen6ou-0.json,Chandelure,Moves,,Shadow Ball,82.19
2019-11_gen6ou-0.json,Chandelure,Moves,,Energy Ball,60.131
2019-11_gen6ou-0.json,Chandelure,Moves,,Flamethrower,56.209
2019-11_gen6ou-0.json,Chandelure,Moves,,Trick,31.373
2019-11_gen6ou-0.json,Chandelure,Moves,,Fire Blast,29.902
2019-11_gen6ou-0.json,Chandelure,Moves,,Hidden Power Ice,19.281
2019-11_gen6ou-0.json,Chandelure,Moves,,Calm Mind,16.83
2019-11_gen6ou-0.json,Chandelure,Moves,,Hex,15.359
2019-11_gen6ou-0.json,Chandelure,Moves,,Will-O-Wisp,13.399
2019-11_gen6ou-0.json,Chandelure,Moves,,Overheat,10.784
2019-11_gen6ou-0.json,Chandelure,Moves,,Psychic,9.804
2019-11_gen6ou-0.json,Chandelure,Moves,,Clear Smog,9.15
2019-11_gen6ou-0.json,Chandelure,Moves,,Dark Pulse,8.987
2019-11_gen6ou-0.json,Chandelure,Moves,,Heat Wave,7.843
2019-11_gen6ou-0.json,Chandelure,Moves,,Substitute,6.699
2019-11_gen6ou-0.json,Chandelure,Moves,,Toxic,3.268
2019-11_gen6ou-0.json,Chandelure,Moves,,Other,18.791
2019-11_gen6ou-0.json,Forretress,Stats,Raw count,,605
2019-11_gen6ou-0.json,Forretress,Stats,Avg. weight,,1.0
2019-11_gen6ou-0.json,Forretress,Stats,Viability Ceiling,,89
2019-11_gen6ou-0.json,Forretress,Stats,Adamant,,18.512
2019-11_gen6ou-0.json,Forretress,Stats,Bold,,17.521
2019-11_gen6ou-0.json,Forretress,Stats,Relaxed,,6.942
2019-11_gen6ou-0.json,Forretress,Stats,Sassy,,2.810
2019-11_gen6ou-0.json,Forretress,Abilities,,Sturdy,91.074
2019-11_gen6ou-0.json,Forretress,Abilities,,Overcoat,8.926
2019-11_gen6ou-0.json,Forretress,Items,,Leftovers,51.074
2019-11_gen6ou-0.json,Forretress,Items,,Custap Berry,22.149
2019-11_gen6ou-0.json,Forretress,Items,,Occa Berry,11.57
2019-11_gen6ou-0.json,Forretress,Items,,Rocky Helmet,4.463
2019-11_gen6ou-0.json,Forretress,Items,,Quick Claw,2.81
2019-11_gen6ou-0.json,Forretress,Items,,Light Clay,2.149
2019-11_gen6ou-0.json,Forretress,Items,,Nothing,1.818
2019-11_gen6ou-0.json,Forretress,Items,,Other,3.967
2019-11_gen6ou-0.json,Forretress,Spreads,,Other,34.876
2019-11_gen6ou-0.json,Forretress,Moves,,Rapid Spin,68.099
2019-11_gen6ou-0.json,Forretress,Moves,,Stealth Rock,60.496
2019-11_gen6ou-0.json,Forretress,Moves,,Toxic Spikes,50.909
2019-11_gen6ou-0.json,Forretress,Moves,,Spikes,48.43
2019-11_gen6ou-0.json,Forretress,Moves,,Explosion,30.579
2019-11_gen6ou-0.json,Forretress,Moves,,Toxic,30.413
2019-11_gen6ou-0.json,Forretress,Moves,,Protect,25.289
2019-11_gen6ou-0.json,Forretress,Moves,,Volt Switch,21.818
2019-11_gen6ou-0.json,Forretress,Moves,,Gyro Ball,20.661
2019-11_gen6ou-0.json,Forretress,Moves,,Heavy Slam,10.579
2019-11_gen6ou-0.json,Forretress,Moves,,Bug Bite,6.942
2019-11_gen6ou-0.json,Forretress,Moves,,Earthquake,5.785
2019-11_gen6ou-0.json,Forretress,Moves,,Other,20.0
2019-11_gen6ou-0.json,Meowstic,Stats,Raw count,,610
2019-11_gen6ou-0.json,Meowstic,Stats,Avg. weight,,1.0
2019-11_gen6ou-0.json,Meowstic,Stats,Viability Ceiling,,79
2019-11_gen6ou-0.json,Meowstic,Stats,Calm,,74.098
2019-11_gen6ou-0.json,Meowstic,Stats,Bold,,8.361
2019-11_gen6ou-0.json,Meowstic,Stats,Timid,,5.246
2019-11_gen6ou-0.json,Meowstic,Stats,Hardy,,4.262
2019-11_gen6ou-0.json,Meowstic,Stats,Hasty,,1.639
2019-11_gen6ou-0.json,Meowstic,Stats,Modest,,1.311
2019-11_gen6ou-0.json,Meowstic,Abilities,,Prankster,84.918
2019-11_gen6ou-0.json,Meowstic,Abilities,,Keen Eye,9.672
2019-11_gen6ou-0.json,Meowstic,Abilities,,Infiltrator,3.77
2019-11_gen6ou-0.json,Meowstic,Abilities,,Competitive,1.639
2019-11_gen6ou-0.json,Meowstic,Items,,Mental Herb,74.098
2019-11_gen6ou-0.json,Meowstic,Items,,Light Clay,8.852
2019-11_gen6ou-0.json,Meowstic,Items,,Leftovers,7.213
2019-11_gen6ou-0.json,Meowstic,Items,,Nothing,5.082
2019-11_gen6ou-0.json,Meowstic,Items,,Other,4.754
2019-11_gen6ou-0.json,Meowstic,Spreads,,Other,5.082
2019-11_gen6ou-0.json,Meowstic,Moves,,Toxic,81.639
2019-11_gen6ou-0.json,Meowstic,Moves,,Yawn,78.852
2019-11_gen6ou-0.json,Meowstic,Moves,,Charm,78.361
2019-11_gen6ou-0.json,Meowstic,Moves,,Mean Look,78.361
2019-11_gen6ou-0.json,Meowstic,Moves,,Thunder Wave,10.656
2019-11_gen6ou-0.json,Meowstic,Moves,,Light Screen,10.0
2019-11_gen6ou-0.json,Meowstic,Moves,,Reflect,9.508
2019-11_gen6ou-0.json,Meowstic,Moves,,Psychic,9.344
2019-11_gen6ou-0.json,Meowstic,Moves,,Shadow Ball,6.885
2019-11_gen6ou-0.json,Meowstic,Moves,,Substitute,5.574
2019-11_gen6ou-0.json,Meowstic,Moves,,Energy Ball,5.082
2019-11_gen6ou-0.json,Meowstic,Moves,,Disarming Voice,4.754
2019-11_gen6ou-0.json,Meowstic,Moves,,Calm Mind,3.934
2019-11_gen6ou-0.json,Meowstic,Moves,,Other,17.049
2019-11_gen6ou-0.json,Slowbro-Mega,Stats,Raw count,,563
2019-11_gen6ou-0.json,Slowbro-Mega,Stats,Avg. weight,,1.0
2019-11_gen6ou-0.json,Slowbro-Mega,Stats,Viability Ceiling,,89
2019-11_gen6ou-0.json,Slowbro-Mega,Stats,Bold,,4.440
2019-11_gen6ou-0.json,Slowbro-Mega,Stats,Calm,,9.947
2019-11_gen6ou-0.json,Slowbro-Mega,Abilities,,Shell Armor,100.0
2019-11_gen6ou-0.json,Slowbro-Mega,Items,,Slowbronite,100.0
2019-11_gen6ou-0.json,Slowbro-Mega,Spreads,,Other,45.826
2019-11_gen6ou-0.json,Slowbro-Mega,Moves,,Scald,92.718
2019-11_gen6ou-0.json,Slowbro-Mega,Moves,,Calm Mind,84.902
2019-11_gen6ou-0.json,Slowbro-Mega,Moves,,Slack Off,69.449
2019-11_gen6ou-0.json,Slowbro-Mega,Moves,,Psyshock,40.32
2019-11_gen6ou-0.json,Slowbro-Mega,Moves,,Rest,22.025
2019-11_gen6ou-0.json,Slowbro-Mega,Moves,,Psychic,20.604
2019-11_gen6ou-0.json,Slowbro-Mega,Moves,,Ice Beam,16.696
2019-11_gen6ou-0.json,Slowbro-Mega,Moves,,Thunder Wave,11.012
2019-11_gen6ou-0.json,Slowbro-Mega,Moves,,Sleep Talk,8.348
2019-11_gen6ou-0.json,Slowbro-Mega,Moves,,Flamethrower,4.44
2019-11_gen6ou-0.json,Slowbro-Mega,Moves,,Toxic,3.197
2019-11_gen6ou-0.json,Slowbro-Mega,Moves,,Dig,3.02
2019-11_gen6ou-0.json,Slowbro-Mega,Moves,,Fire Blast,2.664
2019-11_gen6ou-0.json,Slowbro-Mega,Moves,,Shadow Ball,2.487
2019-11_gen6ou-0.json,Slowbro-Mega,Moves,,Other,18.117
2019-11_gen6ou-0.json,Umbreon,Stats,Raw count,,577
2019-11_gen6ou-0.json,Umbreon,Stats,Avg. weight,,1.0
2019-11_gen6ou-0.json,Umbreon,Stats,Viability Ceiling,,78
2019-11_gen6ou-0.json,Umbreon,Stats,Impish,,21.144
2019-11_gen6ou-0.json,Umbreon,Stats,Calm,,18.891
2019-11_gen6ou-0.json,Umbreon,Stats,Bold,,5.026
2019-11_gen6ou-0.json,Umbreon,Stats,Careful,,3.813
2019-11_gen6ou-0.json,Umbreon,Abilities,,Synchronize,95.321
2019-11_gen6ou-0.json,Umbreon,Abilities,,Inner Focus,4.679
2019-11_gen6ou-0.json,Umbreon,Items,,Leftovers,74.697
2019-11_gen6ou-0.json,Umbreon,Items,,Nothing,4.853
2019-11_gen6ou-0.json,Umbreon,Items,,Black Glasses,4.506
2019-11_gen6ou-0.json,Umbreon,Items,,Lum Berry,3.466
2019-11_gen6ou-0.json,Umbreon,Items,,Rocky Helmet,3.293
2019-11_gen6ou-0.json,Umbreon,Items,,Assault Vest,1.906
2019-11_gen6ou-0.json,Umbreon,Items,,Focus Sash,1.56
2019-11_gen6ou-0.json,Umbreon,Items,,Life Orb,1.04
2019-11_gen6ou-0.json,Umbreon,Items,,Other,4.679
2019-11_gen6ou-0.json,Umbreon,Spreads,,Other,42.981
2019-11_gen6ou-0.json,Umbreon,Moves,,Wish,62.912
2019-11_gen6ou-0.json,Umbreon,Moves,,Foul Play,62.565
2019-11_gen6ou-0.json,Umbreon,Moves,,Heal Bell,60.139
2019-11_gen6ou-0.json,Umbreon,Moves,,Toxic,48.527
2019-11_gen6ou-0.json,Umbreon,Moves,,Protect,42.808
2019-11_gen6ou-0.json,Umbreon,Moves,,Moonlight,34.662
2019-11_gen6ou-0.json,Umbreon,Moves,,Dark Pulse,17.504
2019-11_gen6ou-0.json,Umbreon,Moves,,Psychic,7.279
2019-11_gen6ou-0.json,Umbreon,Moves,,Shadow Ball,7.279
2019-11_gen6ou-0.json,Umbreon,Moves,,Payback,6.932
2019-11_gen6ou-0.json,Umbreon,Moves,,Curse,5.373
2019-11_gen6ou-0.json,Umbreon,Moves,,Confuse Ray,4.159
2019-11_gen6ou-0.json,Umbreon,Moves,,Sunny Day,3.64
2019-11_gen6ou-0.json,Umbreon,Moves,,Snarl,3.12
2019-11_gen6ou-0.json,Umbreon,Moves,,Double-Edge,2.773
2019-11_gen6ou-0.json,Umbreon,Moves,,Facade,2.253
2019-11_gen6ou-0.json,Umbreon,Moves,,Attract,2.08
2019-11_gen6ou-0.json,Umbreon,Moves,,Hidden Power Dark,1.906
2019-11_gen6ou-0.json,Umbreon,Moves,,Feint Attack,1.733
2019-11_gen6ou-0.json,Umbreon,Moves,,Quick Attack,1.733
2019-11_gen6ou-0.json,Umbreon,Moves,,Taunt,1.56
2019-11_gen6ou-0.json,Umbreon,Moves,,Other,19.064
2019-11_gen6ou-0.json,Goodra,Stats,Raw count,,577
2019-11_gen6ou-0.json,Goodra,Stats,Avg. weight,,1.0
2019-11_gen6ou-0.json,Goodra,Stats,Viability Ceiling,,79
2019-11_gen6ou-0.json,Goodra,Stats,Modest,,3.120
2019-11_gen6ou-0.json,Goodra,Stats,Calm,,6.412
2019-11_gen6ou-0.json,Goodra,Stats,Mild,,3.640
2019-11_gen6ou-0.json,Goodra,Abilities,,Sap Sipper,63.951
2019-11_gen6ou-0.json,Goodra,Abilities,,Gooey,26.17
2019-11_gen6ou-0.json,Goodra,Abilities,,Hydration,9.879
2019-11_gen6ou-0.json,Goodra,Items,,Assault Vest,55.286
2019-11_gen6ou-0.json,Goodra,Items,,Leftovers,15.078
2019-11_gen6ou-0.json,Goodra,Items,,Chesto Berry,8.319
2019-11_gen6ou-0.json,Goodra,Items,,Nothing,3.293
2019-11_gen6ou-0.json,Goodra,Items,,Expert Belt,2.6
2019-11_gen6ou-0.json,Goodra,Items,,Choice Scarf,2.253
2019-11_gen6ou-0.json,Goodra,Items,,Life Orb,1.906
2019-11_gen6ou-0.json,Goodra,Items,,Air Balloon,1.733
2019-11_gen6ou-0.json,Goodra,Items,,Choice Specs,1.56
2019-11_gen6ou-0.json,Goodra,Items,,Dragon Fang,1.56
2019-11_gen6ou-0.json,Goodra,Items,,Sitrus Berry,1.213
2019-11_gen6ou-0.json,Goodra,Items,,Quick Claw,1.04
2019-11_gen6ou-0.json,Goodra,Items,,Other,4.159
2019-11_gen6ou-0.json,Goodra,Spreads,,Other,58.059
2019-11_gen6ou-0.json,Goodra,Moves,,Dragon Pulse,50.26
2019-11_gen6ou-0.json,Goodra,Moves,,Flamethrower,49.913
2019-11_gen6ou-0.json,Goodra,Moves,,Ice Beam,43.501
2019-11_gen6ou-0.json,Goodra,Moves,,Thunderbolt,34.662
2019-11_gen6ou-0.json,Goodra,Moves,,Draco Meteor,28.769
2019-11_gen6ou-0.json,Goodra,Moves,,Fire Blast,20.451
2019-11_gen6ou-0.json,Goodra,Moves,,Sludge Bomb,19.584
2019-11_gen6ou-0.json,Goodra,Moves,,Sludge Wave,16.811
2019-11_gen6ou-0.json,Goodra,Moves,,Rest,16.464
2019-11_gen6ou-0.json,Goodra,Moves,,Earthquake,15.251
2019-11_gen6ou-0.json,Goodra,Moves,,Acid Armor,13.518
2019-11_gen6ou-0.json,Goodra,Moves,,Muddy Water,13.172
2019-11_gen6ou-0.json,Goodra,Moves,,Dragon Tail,10.052
2019-11_gen6ou-0.json,Goodra,Moves,,Focus Blast,9.879
2019-11_gen6ou-0.json,Goodra,Moves,,Power Whip,7.626
2019-11_gen6ou-0.json,Goodra,Moves,,Rain Dance,5.893
2019-11_gen6ou-0.json,Goodra,Moves,,Sleep Talk,5.719
2019-11_gen6ou-0.json,Goodra,Moves,,Thunder,4.853
2019-11_gen6ou-0.json,Goodra,Moves,,Outrage,4.506
2019-11_gen6ou-0.json,Goodra,Moves,,Aqua Tail,3.986
2019-11_gen6ou-0.json,Goodra,Moves,,Counter,3.293
2019-11_gen6ou-0.json,Goodra,Moves,,Superpower,2.946
2019-11_gen6ou-0.json,Goodra,Moves,,Other,18.891
2019-11_gen6ou-0.json,Crobat,Stats,Raw count,,550
2019-11_gen6ou-0.json,Crobat,Stats,Avg. weight,,1.0
2019-11_gen6ou-0.json,Crobat,Stats,Viability Ceiling,,81
2019-11_gen6ou-0.json,Crobat,Stats,Jolly,,4.909
2019-11_gen6ou-0.json,Crobat,Stats,Adamant,,2.909
2019-11_gen6ou-0.json,Crobat,Abilities,,Infiltrator,71.091
2019-11_gen6ou-0.json,Crobat,Abilities,,Inner Focus,28.909
2019-11_gen6ou-0.json,Crobat,Items,,Black Sludge,43.455
2019-11_gen6ou-0.json,Crobat,Items,,Sharp Beak,16.727
2019-11_gen6ou-0.json,Crobat,Items,,Life Orb,10.909
2019-11_gen6ou-0.json,Crobat,Items,,Nothing,7.455
2019-11_gen6ou-0.json,Crobat,Items,,Leftovers,4.909
2019-11_gen6ou-0.json,Crobat,Items,,Focus Sash,4.909
2019-11_gen6ou-0.json,Crobat,Items,,Poison Barb,3.636
2019-11_gen6ou-0.json,Crobat,Items,,Choice Scarf,3.273
2019-11_gen6ou-0.json,Crobat,Items,,Other,4.727
2019-11_gen6ou-0.json,Crobat,Spreads,,Other,32.545
2019-11_gen6ou-0.json,Crobat,Moves,,Brave Bird,76.909
2019-11_gen6ou-0.json,Crobat,Moves,,Cross Poison,45.818
2019-11_gen6ou-0.json,Crobat,Moves,,Roost,38.727
2019-11_gen6ou-0.json,Crobat,Moves,,Super Fang,36.182
2019-11_gen6ou-0.json,Crobat,Moves,,U-turn,32.545
2019-11_gen6ou-0.json,Crobat,Moves,,Defog,31.091
2019-11_gen6ou-0.json,Crobat,Moves,,Bite,19.091
2019-11_gen6ou-0.json,Crobat,Moves,,Haze,15.273
2019-11_gen6ou-0.json,Crobat,Moves,,Acrobatics,10.545
2019-11_gen6ou-0.json,Crobat,Moves,,Taunt,8.909
2019-11_gen6ou-0.json,Crobat,Moves,,Air Slash,8.909
2019-11_gen6ou-0.json,Crobat,Moves,,Toxic,7.091
2019-11_gen6ou-0.json,Crobat,Moves,,Zen Headbutt,7.091
2019-11_gen6ou-0.json,Crobat,Moves,,Giga Drain,6.0
2019-11_gen6ou-0.json,Crobat,Moves,,Dark Pulse,5.636
2019-11_gen6ou-0.json,Crobat,Moves,,Sludge Bomb,5.455
2019-11_gen6ou-0.json,Crobat,Moves,,Heat Wave,4.545
2019-11_gen6ou-0.json,Crobat,Moves,,X-Scissor,4.182
2019-11_gen6ou-0.json,Crobat,Moves,,Poison Fang,3.818
2019-11_gen6ou-0.json,Crobat,Moves,,Venoshock,2.909
2019-11_gen6ou-0.json,Crobat,Moves,,Thief,2.909
2019-11_gen6ou-0.json,Crobat,Moves,,Facade,2.727
2019-11_gen6ou-0.json,Crobat,Moves,,Aerial Ace,2.545
2019-11_gen6ou-0.json,Crobat,Moves,,Shadow Ball,2.545
2019-11_gen6ou-0.json,Crobat,Moves,,Other,18.545
2019-11_gen6ou-0.json,Espeon,Stats,Raw count,,537
2019-11_gen6ou-0.json,Espeon,Stats,Avg. weight,,1.0
2019-11_gen6ou-0.json,Espeon,Stats,Viability Ceiling,,72
2019-11_gen6ou-0.json,Espeon,Stats,Timid,,3.538
2019-11_gen6ou-0.json,Espeon,Stats,Modest,,3.166
2019-11_gen6ou-0.json,Espeon,Stats,Hasty,,3.166
2019-11_gen6ou-0.json,Espeon,Abilities,,Magic Bounce,84.544
2019-11_gen6ou-0.json,Espeon,Abilities,,Synchronize,15.456
2019-11_gen6ou-0.json,Espeon,Items,,Choice Specs,33.333
2019-11_gen6ou-0.json,Espeon,Items,,Leftovers,20.484
2019-11_gen6ou-0.json,Espeon,Items,,Focus Sash,14.339
2019-11_gen6ou-0.json,Espeon,Items,,Nothing,7.821
2019-11_gen6ou-0.json,Espeon,Items,,Life Orb,5.773
2019-11_gen6ou-0.json,Espeon,Items,,Choice Scarf,3.724
2019-11_gen6ou-0.json,Espeon,Items,,Light Clay,2.98
2019-11_gen6ou-0.json,Espeon,Items,,Black Glasses,1.676
2019-11_gen6ou-0.json,Espeon,Items,,Sitrus Berry,1.676
2019-11_gen6ou-0.json,Espeon,Items,,Lum Berry,1.49
2019-11_gen6ou-0.json,Espeon,Items,,Toxic Orb,1.117
2019-11_gen6ou-0.json,Espeon,Items,,Twisted Spoon,1.117
2019-11_gen6ou-0.json,Espeon,Items,,Other,4.469
2019-11_gen6ou-0.json,Espeon,Spreads,,Other,37.616
2019-11_gen6ou-0.json,Espeon,Moves,,Psychic,64.06
2019-11_gen6ou-0.json,Espeon,Moves,,Dazzling Gleam,63.873
2019-11_gen6ou-0.json,Espeon,Moves,,Shadow Ball,41.341
2019-11_gen6ou-0.json,Espeon,Moves,,Calm Mind,36.872
2019-11_gen6ou-0.json,Espeon,Moves,,Psyshock,35.196
2019-11_gen6ou-0.json,Espeon,Moves,,Trick,25.326
2019-11_gen6ou-0.json,Espeon,Moves,,Heal Bell,16.201
2019-11_gen6ou-0.json,Espeon,Moves,,Light Screen,14.525
2019-11_gen6ou-0.json,Espeon,Moves,,Morning Sun,12.663
2019-11_gen6ou-0.json,Espeon,Moves,,Grass Knot,11.359
2019-11_gen6ou-0.json,Espeon,Moves,,Signal Beam,7.076
2019-11_gen6ou-0.json,Espeon,Moves,,Reflect,5.587
2019-11_gen6ou-0.json,Espeon,Moves,,Protect,5.4
2019-11_gen6ou-0.json,Espeon,Moves,,Toxic,4.097
2019-11_gen6ou-0.json,Espeon,Moves,,Hyper Voice,4.097
2019-11_gen6ou-0.json,Espeon,Moves,,Skill Swap,3.538
2019-11_gen6ou-0.json,Espeon,Moves,,Psybeam,3.166
2019-11_gen6ou-0.json,Espeon,Moves,,Wish,3.166
2019-11_gen6ou-0.json,Espeon,Moves,,Quick Attack,3.166
2019-11_gen6ou-0.json,Espeon,Moves,,Zen Headbutt,2.98
2019-11_gen6ou-0.json,Espeon,Moves,,Hidden Power Fire,2.793
2019-11_gen6ou-0.json,Espeon,Moves,,Future Sight,2.793
2019-11_gen6ou-0.json,Espeon,Moves,,Rest,2.235
2019-11_gen6ou-0.json,Espeon,Moves,,Trick Room,2.235
2019-11_gen6ou-0.json,Espeon,Moves,,Nothing,2.048
2019-11_gen6ou-0.json,Espeon,Moves,,Last Resort,2.048
2019-11_gen6ou-0.json,Espeon,Moves,,Magic Coat,2.048
2019-11_gen6ou-0.json,Espeon,Moves,,Charm,2.048
2019-11_gen6ou-0.json,Espeon,Moves,,Other,18.063
2019-11_gen6ou-0.json,Regigigas,Stats,Raw count,,549
2019-11_gen6ou-0.json,Regigigas,Stats,Avg. weight,,1.0
2019-11_gen6ou-0.json,Regigigas,Stats,Viability Ceiling,,67
2019-11_gen6ou-0.json,Regigigas,Stats,Adamant,,1.821
2019-11_gen6ou-0.json,Regigigas,Stats,Hardy,,1.639
2019-11_gen6ou-0.json,Regigigas,Stats,Bold,,2.368
2019-11_gen6ou-0.json,Regigigas,Abilities,,Slow Start,100.0
2019-11_gen6ou-0.json,Regigigas,Items,,Leftovers,97.632
2019-11_gen6ou-0.json,Regigigas,Items,,Other,2.368
2019-11_gen6ou-0.json,Regigigas,Spreads,,Other,5.282
2019-11_gen6ou-0.json,Regigigas,Moves,,Substitute,94.353
2019-11_gen6ou-0.json,Regigigas,Moves,,Power-Up Punch,93.989
2019-11_gen6ou-0.json,Regigigas,Moves,,Crush Grip,92.35
2019-11_gen6ou-0.json,Regigigas,Moves,,Thunder Wave,87.067
2019-11_gen6ou-0.json,Regigigas,Moves,,Earthquake,5.647
2019-11_gen6ou-0.json,Regigigas,Moves,,Drain Punch,3.279
2019-11_gen6ou-0.json,Regigigas,Moves,,Confuse Ray,2.914
2019-11_gen6ou-0.json,Regigigas,Moves,,Mud-Slap,2.368
2019-11_gen6ou-0.json,Regigigas,Moves,,Other,18.033
2019-11_gen6ou-0.json,Machamp,Stats,Raw count,,524
2019-11_gen6ou-0.json,Machamp,Stats,Avg. weight,,1.0
2019-11_gen6ou-0.json,Machamp,Stats,Viability Ceiling,,77
2019-11_gen6ou-0.json,Machamp,Stats,Adamant,,3.435
2019-11_gen6ou-0.json,Machamp,Abilities,,No Guard,90.267
2019-11_gen6ou-0.json,Machamp,Abilities,,Guts,8.588
2019-11_gen6ou-0.json,Machamp,Abilities,,Steadfast,1.145
2019-11_gen6ou-0.json,Machamp,Items,,Lum Berry,34.924
2019-11_gen6ou-0.json,Machamp,Items,,Assault Vest,18.511
2019-11_gen6ou-0.json,Machamp,Items,,Payapa Berry,15.267
2019-11_gen6ou-0.json,Machamp,Items,,Leftovers,14.695
2019-11_gen6ou-0.json,Machamp,Items,,Choice Band,5.725
2019-11_gen6ou-0.json,Machamp,Items,,Quick Claw,2.863
2019-11_gen6ou-0.json,Machamp,Items,,Focus Sash,1.527
2019-11_gen6ou-0.json,Machamp,Items,,Flame Orb,1.336
2019-11_gen6ou-0.json,Machamp,Items,,Life Orb,0.954
2019-11_gen6ou-0.json,Machamp,Items,,Other,4.198
2019-11_gen6ou-0.json,Machamp,Spreads,,Other,25.763
2019-11_gen6ou-0.json,Machamp,Moves,,Dynamic Punch,90.84
2019-11_gen6ou-0.json,Machamp,Moves,,Stone Edge,70.229
2019-11_gen6ou-0.json,Machamp,Moves,,Ice Punch,53.626
2019-11_gen6ou-0.json,Machamp,Moves,,Bullet Punch,52.672
2019-11_gen6ou-0.json,Machamp,Moves,,Knock Off,47.519
2019-11_gen6ou-0.json,Machamp,Moves,,Bulk Up,14.313
2019-11_gen6ou-0.json,Machamp,Moves,,Earthquake,13.931
2019-11_gen6ou-0.json,Machamp,Moves,,Counter,5.534
2019-11_gen6ou-0.json,Machamp,Moves,,Fire Punch,5.344
2019-11_gen6ou-0.json,Machamp,Moves,,Toxic,5.344
2019-11_gen6ou-0.json,Machamp,Moves,,Substitute,4.962
2019-11_gen6ou-0.json,Machamp,Moves,,Close Combat,4.771
2019-11_gen6ou-0.json,Machamp,Moves,,Poison Jab,4.58
2019-11_gen6ou-0.json,Machamp,Moves,,Thunder Punch,4.008
2019-11_gen6ou-0.json,Machamp,Moves,,Brick Break,3.626
2019-11_gen6ou-0.json,Machamp,Moves,,Other,18.702
2019-11_gen6ou-0.json,Venusaur,Stats,Raw count,,522
2019-11_gen6ou-0.json,Venusaur,Stats,Avg. weight,,1.0
2019-11_gen6ou-0.json,Venusaur,Stats,Viability Ceiling,,76
2019-11_gen6ou-0.json,Venusaur,Stats,Modest,,4.598
2019-11_gen6ou-0.json,Venusaur,Stats,Timid,,7.280
2019-11_gen6ou-0.json,Venusaur,Stats,Calm,,5.364
2019-11_gen6ou-0.json,Venusaur,Abilities,,Overgrow,55.556
2019-11_gen6ou-0.json,Venusaur,Abilities,,Chlorophyll,44.444
2019-11_gen6ou-0.json,Venusaur,Items,,Life Orb,31.034
2019-11_gen6ou-0.json,Venusaur,Items,,Leftovers,19.923
2019-11_gen6ou-0.json,Venusaur,Items,,Black Sludge,9.387
2019-11_gen6ou-0.json,Venusaur,Items,,Focus Sash,6.513
2019-11_gen6ou-0.json,Venusaur,Items,,Light Clay,5.364
2019-11_gen6ou-0.json,Venusaur,Items,,Quick Claw,4.215
2019-11_gen6ou-0.json,Venusaur,Items,,Nothing,3.831
2019-11_gen6ou-0.json,Venusaur,Items,,Miracle Seed,2.49
2019-11_gen6ou-0.json,Venusaur,Items,,White Herb,2.299
2019-11_gen6ou-0.json,Venusaur,Items,,Assault Vest,1.916
2019-11_gen6ou-0.json,Venusaur,Items,,Sitrus Berry,1.916
2019-11_gen6ou-0.json,Venusaur,Items,,Iapapa Berry,1.724
2019-11_gen6ou-0.json,Venusaur,Items,,Eviolite,1.341
2019-11_gen6ou-0.json,Venusaur,Items,,Big Root,1.149
2019-11_gen6ou-0.json,Venusaur,Items,,Mental Herb,0.958
2019-11_gen6ou-0.json,Venusaur,Items,,Absorb Bulb,0.958
2019-11_gen6ou-0.json,Venusaur,Items,,Other,4.981
2019-11_gen6ou-0.json,Venusaur,Spreads,,Other,57.663
2019-11_gen6ou-0.json,Venusaur,Moves,,Sludge Bomb,61.686
2019-11_gen6ou-0.json,Venusaur,Moves,,Giga Drain,53.065
2019-11_gen6ou-0.json,Venusaur,Moves,,Sleep Powder,29.119
2019-11_gen6ou-0.json,Venusaur,Moves,,Hidden Power Fire,27.395
2019-11_gen6ou-0.json,Venusaur,Moves,,Solar Beam,26.628
2019-11_gen6ou-0.json,Venusaur,Moves,,Leech Seed,25.479
2019-11_gen6ou-0.json,Venusaur,Moves,,Toxic,24.138
2019-11_gen6ou-0.json,Venusaur,Moves,,Earthquake,24.138
2019-11_gen6ou-0.json,Venusaur,Moves,,Synthesis,19.732
2019-11_gen6ou-0.json,Venusaur,Moves,,Growth,14.751
2019-11_gen6ou-0.json,Venusaur,Moves,,Leaf Storm,11.111
2019-11_gen6ou-0.json,Venusaur,Moves,,Energy Ball,9.579
2019-11_gen6ou-0.json,Venusaur,Moves,,Petal Blizzard,8.046
2019-11_gen6ou-0.json,Venusaur,Moves,,Sunny Day,7.471
2019-11_gen6ou-0.json,Venusaur,Moves,,Bullet Seed,7.088
2019-11_gen6ou-0.json,Venusaur,Moves,,Protect,6.322
2019-11_gen6ou-0.json,Venusaur,Moves,,Light Screen,5.364
2019-11_gen6ou-0.json,Venusaur,Moves,,Frenzy Plant,5.172
2019-11_gen6ou-0.json,Venusaur,Moves,,Petal Dance,4.215
2019-11_gen6ou-0.json,Venusaur,Moves,,Headbutt,4.215
2019-11_gen6ou-0.json,Venusaur,Moves,,Double-Edge,2.682
2019-11_gen6ou-0.json,Venusaur,Moves,,Grass Knot,2.49
2019-11_gen6ou-0.json,Venusaur,Moves,,Outrage,2.299
2019-11_gen6ou-0.json,Venusaur,Moves,,Other,17.816
2019-11_gen6ou-0.json,Staraptor,Stats,Raw count,,520
2019-11_gen6ou-0.json,Staraptor,Stats,Avg. weight,,1.0
2019-11_gen6ou-0.json,Staraptor,Stats,Viability Ceiling,,84
2019-11_gen6ou-0.json,Staraptor,Stats,Jolly,,4.038
2019-11_gen6ou-0.json,Staraptor,Stats,Hardy,,16.154
2019-11_gen6ou-0.json,Staraptor,Stats,Adamant,,9.038
2019-11_gen6ou-0.json,Staraptor,Abilities,,Reckless,66.731
2019-11_gen6ou-0.json,Staraptor,Abilities,,Intimidate,33.269
2019-11_gen6ou-0.json,Staraptor,Items,,Choice Scarf,54.808
2019-11_gen6ou-0.json,Staraptor,Items,,Choice Band,18.846
2019-11_gen6ou-0.json,Staraptor,Items,,Leftovers,5.962
2019-11_gen6ou-0.json,Staraptor,Items,,Focus Sash,4.038
2019-11_gen6ou-0.json,Staraptor,Items,,Nothing,3.654
2019-11_gen6ou-0.json,Staraptor,Items,,Life Orb,3.462
2019-11_gen6ou-0.json,Staraptor,Items,,Sharp Beak,3.462
2019-11_gen6ou-0.json,Staraptor,Items,,Razor Claw,1.154
2019-11_gen6ou-0.json,Staraptor,Items,,Other,4.615
2019-11_gen6ou-0.json,Staraptor,Spreads,,Other,29.423
2019-11_gen6ou-0.json,Staraptor,Moves,,Brave Bird,95.385
2019-11_gen6ou-0.json,Staraptor,Moves,,Close Combat,87.308
2019-11_gen6ou-0.json,Staraptor,Moves,,U-turn,69.423
2019-11_gen6ou-0.json,Staraptor,Moves,,Double-Edge,54.038
2019-11_gen6ou-0.json,Staraptor,Moves,,Nothing,16.154
2019-11_gen6ou-0.json,Staraptor,Moves,,Quick Attack,14.615
2019-11_gen6ou-0.json,Staraptor,Moves,,Roost,9.423
2019-11_gen6ou-0.json,Staraptor,Moves,,Final Gambit,9.231
2019-11_gen6ou-0.json,Staraptor,Moves,,Frustration,6.923
2019-11_gen6ou-0.json,Staraptor,Moves,,Fly,3.462
2019-11_gen6ou-0.json,Staraptor,Moves,,Facade,3.077
2019-11_gen6ou-0.json,Staraptor,Moves,,Return,2.692
2019-11_gen6ou-0.json,Staraptor,Moves,,Sky Attack,2.692
2019-11_gen6ou-0.json,Staraptor,Moves,,Retaliate,2.5
2019-11_gen6ou-0.json,Staraptor,Moves,,Endeavor,2.308
2019-11_gen6ou-0.json,Staraptor,Moves,,Pursuit,2.308
2019-11_gen6ou-0.json,Staraptor,Moves,,Other,18.462
2019-11_gen6ou-0.json,Cofagrigus,Stats,Raw count,,493
2019-11_gen6ou-0.json,Cofagrigus,Stats,Avg. weight,,1.0
2019-11_gen6ou-0.json,Cofagrigus,Stats,Viability Ceiling,,86
2019-11_gen6ou-0.json,Cofagrigus,Stats,Hardy,,3.043
2019-11_gen6ou-0.json,Cofagrigus,Stats,Relaxed,,24.544
2019-11_gen6ou-0.json,Cofagrigus,Stats,Bold,,4.665
2019-11_gen6ou-0.json,Cofagrigus,Stats,Calm,,3.854
2019-11_gen6ou-0.json,Cofagrigus,Abilities,,Mummy,100.0
2019-11_gen6ou-0.json,Cofagrigus,Items,,Leftovers,74.037
2019-11_gen6ou-0.json,Cofagrigus,Items,,Rocky Helmet,21.501
2019-11_gen6ou-0.json,Cofagrigus,Items,,Other,4.462
2019-11_gen6ou-0.json,Cofagrigus,Spreads,,Other,25.761
2019-11_gen6ou-0.json,Cofagrigus,Moves,,Shadow Ball,75.051
2019-11_gen6ou-0.json,Cofagrigus,Moves,,Toxic Spikes,73.225
2019-11_gen6ou-0.json,Cofagrigus,Moves,,Will-O-Wisp,55.984
2019-11_gen6ou-0.json,Cofagrigus,Moves,,Trick Room,38.54
2019-11_gen6ou-0.json,Cofagrigus,Moves,,Energy Ball,33.063
2019-11_gen6ou-0.json,Cofagrigus,Moves,,Knock Off,32.049
2019-11_gen6ou-0.json,Cofagrigus,Moves,,Hex,24.138
2019-11_gen6ou-0.json,Cofagrigus,Moves,,Pain Split,16.43
2019-11_gen6ou-0.json,Cofagrigus,Moves,,Protect,8.925
2019-11_gen6ou-0.json,Cofagrigus,Moves,,Haze,7.099
2019-11_gen6ou-0.json,Cofagrigus,Moves,,Nasty Plot,5.882
2019-11_gen6ou-0.json,Cofagrigus,Moves,,Hidden Power Fighting,4.462
2019-11_gen6ou-0.json,Cofagrigus,Moves,,Dark Pulse,4.462
2019-11_gen6ou-0.json,Cofagrigus,Moves,,Toxic,4.057
2019-11_gen6ou-0.json,Cofagrigus,Moves,,Other,16.633
2019-11_gen6ou-0.json,Sceptile-Mega,Stats,Raw count,,487
2019-11_gen6ou-0.json,Sceptile-Mega,Stats,Avg. weight,,1.0
2019-11_gen6ou-0.json,Sceptile-Mega,Stats,Viability Ceiling,,84
2019-11_gen6ou-0.json,Sceptile-Mega,Stats,Timid,,13.552
2019-11_gen6ou-0.json,Sceptile-Mega,Stats,Naive,,4.928
2019-11_gen6ou-0.json,Sceptile-Mega,Stats,Jolly,,7.598
2019-11_gen6ou-0.json,Sceptile-Mega,Stats,Calm,,6.776
2019-11_gen6ou-0.json,Sceptile-Mega,Stats,Hasty,,5.133
2019-11_gen6ou-0.json,Sceptile-Mega,Abilities,,Lightning Rod,100.0
2019-11_gen6ou-0.json,Sceptile-Mega,Items,,Sceptilite,100.0
2019-11_gen6ou-0.json,Sceptile-Mega,Spreads,,Other,49.692
2019-11_gen6ou-0.json,Sceptile-Mega,Moves,,Dragon Pulse,62.423
2019-11_gen6ou-0.json,Sceptile-Mega,Moves,,Leaf Storm,44.969
2019-11_gen6ou-0.json,Sceptile-Mega,Moves,,Earthquake,35.934
2019-11_gen6ou-0.json,Sceptile-Mega,Moves,,Giga Drain,30.801
2019-11_gen6ou-0.json,Sceptile-Mega,Moves,,Focus Blast,23.203
2019-11_gen6ou-0.json,Sceptile-Mega,Moves,,Leaf Blade,22.587
2019-11_gen6ou-0.json,Sceptile-Mega,Moves,,Hidden Power Fire,20.945
2019-11_gen6ou-0.json,Sceptile-Mega,Moves,,Energy Ball,19.918
2019-11_gen6ou-0.json,Sceptile-Mega,Moves,,Dragon Claw,18.686
2019-11_gen6ou-0.json,Sceptile-Mega,Moves,,Frenzy Plant,15.4
2019-11_gen6ou-0.json,Sceptile-Mega,Moves,,Bullet Seed,10.472
2019-11_gen6ou-0.json,Sceptile-Mega,Moves,,Leech Seed,8.624
2019-11_gen6ou-0.json,Sceptile-Mega,Moves,,Solar Beam,6.776
2019-11_gen6ou-0.json,Sceptile-Mega,Moves,,X-Scissor,5.544
2019-11_gen6ou-0.json,Sceptile-Mega,Moves,,Swords Dance,5.339
2019-11_gen6ou-0.json,Sceptile-Mega,Moves,,Outrage,5.339
2019-11_gen6ou-0.json,Sceptile-Mega,Moves,,Acrobatics,4.928
2019-11_gen6ou-0.json,Sceptile-Mega,Moves,,Thunder Punch,4.723
2019-11_gen6ou-0.json,Sceptile-Mega,Moves,,Drain Punch,4.107
2019-11_gen6ou-0.json,Sceptile-Mega,Moves,,Night Slash,3.696
2019-11_gen6ou-0.json,Sceptile-Mega,Moves,,Grass Knot,3.696
2019-11_gen6ou-0.json,Sceptile-Mega,Moves,,Aerial Ace,3.08
2019-11_gen6ou-0.json,Sceptile-Mega,Moves,,Absorb,3.08
2019-11_gen6ou-0.json,Sceptile-Mega,Moves,,Hidden Power Dragon,2.464
2019-11_gen6ou-0.json,Sceptile-Mega,Moves,,Brick Break,2.259
2019-11_gen6ou-0.json,Sceptile-Mega,Moves,,Double-Edge,2.259
2019-11_gen6ou-0.json,Sceptile-Mega,Moves,,Seed Bomb,1.848
2019-11_gen6ou-0.json,Sceptile-Mega,Moves,,Toxic,1.643
2019-11_gen6ou-0.json,Sceptile-Mega,Moves,,Rock Slide,1.643
2019-11_gen6ou-0.json,Sceptile-Mega,Moves,,Focus Punch,1.437
2019-11_gen6ou-0.json,Sceptile-Mega,Moves,,Agility,1.232
2019-11_gen6ou-0.json,Sceptile-Mega,Moves,,Rest,1.232
2019-11_gen6ou-0.json,Sceptile-Mega,Moves,,Other,19.713
2019-11_gen6ou-0.json,Klefki,Stats,Raw count,,480
2019-11_gen6ou-0.json,Klefki,Stats,Avg. weight,,1.0
2019-11_gen6ou-0.json,Klefki,Stats,Viability Ceiling,,86
2019-11_gen6ou-0.json,Klefki,Stats,Calm,,31.875
2019-11_gen6ou-0.json,Klefki,Stats,Bold,,4.583
2019-11_gen6ou-0.json,Klefki,Stats,Careful,,7.500
2019-11_gen6ou-0.json,Klefki,Stats,Impish,,3.750
2019-11_gen6ou-0.json,Klefki,Abilities,,Prankster,99.583
2019-11_gen6ou-0.json,Klefki,Abilities,,Magician,0.417
2019-11_gen6ou-0.json,Klefki,Items,,Leftovers,55.625
2019-11_gen6ou-0.json,Klefki,Items,,Light Clay,33.958
2019-11_gen6ou-0.json,Klefki,Items,,Sitrus Berry,2.5
2019-11_gen6ou-0.json,Klefki,Items,,Air Balloon,1.667
2019-11_gen6ou-0.json,Klefki,Items,,Focus Sash,1.042
2019-11_gen6ou-0.json,Klefki,Items,,Nothing,1.042
2019-11_gen6ou-0.json,Klefki,Items,,Other,4.167
2019-11_gen6ou-0.json,Klefki,Spreads,,Other,31.25
2019-11_gen6ou-0.json,Klefki,Moves,,Spikes,79.583
2019-11_gen6ou-0.json,Klefki,Moves,,Thunder Wave,77.5
2019-11_gen6ou-0.json,Klefki,Moves,,Reflect,41.25
2019-11_gen6ou-0.json,Klefki,Moves,,Light Screen,40.417
2019-11_gen6ou-0.json,Klefki,Moves,,Foul Play,37.5
2019-11_gen6ou-0.json,Klefki,Moves,,Magnet Rise,29.375
2019-11_gen6ou-0.json,Klefki,Moves,,Toxic,25.417
2019-11_gen6ou-0.json,Klefki,Moves,,Play Rough,18.333
2019-11_gen6ou-0.json,Klefki,Moves,,Flash Cannon,15.417
2019-11_gen6ou-0.json,Klefki,Moves,,Draining Kiss,6.875
2019-11_gen6ou-0.json,Klefki,Moves,,Calm Mind,4.167
2019-11_gen6ou-0.json,Klefki,Moves,,Sunny Day,3.333
2019-11_gen6ou-0.json,Klefki,Moves,,Heal Block,3.125
2019-11_gen6ou-0.json,Klefki,Moves,,Other,17.708
2019-11_gen6ou-0.json,Gallade-Mega,Stats,Raw count,,490
2019-11_gen6ou-0.json,Gallade-Mega,Stats,Avg. weight,,1.0
2019-11_gen6ou-0.json,Gallade-Mega,Stats,Viability Ceiling,,84
2019-11_gen6ou-0.json,Gallade-Mega,Stats,Jolly,,5.714
2019-11_gen6ou-0.json,Gallade-Mega,Stats,Hasty,,6.939
2019-11_gen6ou-0.json,Gallade-Mega,Stats,Adamant,,5.918
2019-11_gen6ou-0.json,Gallade-Mega,Abilities,,Inner Focus,100.0
2019-11_gen6ou-0.json,Gallade-Mega,Items,,Galladite,100.0
2019-11_gen6ou-0.json,Gallade-Mega,Spreads,,Other,33.469
2019-11_gen6ou-0.json,Gallade-Mega,Moves,,Drain Punch,61.429
2019-11_gen6ou-0.json,Gallade-Mega,Moves,,Zen Headbutt,40.0
2019-11_gen6ou-0.json,Gallade-Mega,Moves,,Ice Punch,39.592
2019-11_gen6ou-0.json,Gallade-Mega,Moves,,Swords Dance,37.551
2019-11_gen6ou-0.json,Gallade-Mega,Moves,,Psycho Cut,37.551
2019-11_gen6ou-0.json,Gallade-Mega,Moves,,Close Combat,35.918
2019-11_gen6ou-0.json,Gallade-Mega,Moves,,Knock Off,21.429
2019-11_gen6ou-0.json,Gallade-Mega,Moves,,Substitute,17.143
2019-11_gen6ou-0.json,Gallade-Mega,Moves,,Shadow Sneak,15.918
2019-11_gen6ou-0.json,Gallade-Mega,Moves,,Bulk Up,15.918
2019-11_gen6ou-0.json,Gallade-Mega,Moves,,Psychic,8.571
2019-11_gen6ou-0.json,Gallade-Mega,Moves,,Leaf Blade,8.367
2019-11_gen6ou-0.json,Gallade-Mega,Moves,,X-Scissor,6.531
2019-11_gen6ou-0.json,Gallade-Mega,Moves,,Toxic,6.327
2019-11_gen6ou-0.json,Gallade-Mega,Moves,,Night Slash,5.306
2019-11_gen6ou-0.json,Gallade-Mega,Moves,,Earthquake,4.898
2019-11_gen6ou-0.json,Gallade-Mega,Moves,,Poison Jab,4.286
2019-11_gen6ou-0.json,Gallade-Mega,Moves,,Thunder Punch,4.286
2019-11_gen6ou-0.json,Gallade-Mega,Moves,,Dazzling Gleam,3.469
2019-11_gen6ou-0.json,Gallade-Mega,Moves,,Focus Punch,2.041
2019-11_gen6ou-0.json,Gallade-Mega,Moves,,Calm Mind,1.837
2019-11_gen6ou-0.json,Gallade-Mega,Moves,,Facade,1.633
2019-11_gen6ou-0.json,Gallade-Mega,Moves,,Other,20.0
2019-11_gen6ou-0.json,Blissey,Stats,Raw count,,485
2019-11_gen6ou-0.json,Blissey,Stats,Avg. weight,,1.0
2019-11_gen6ou-0.json,Blissey,Stats,Viability Ceiling,,80
2019-11_gen6ou-0.json,Blissey,Stats,Bold,,37.732
2019-11_gen6ou-0.json,Blissey,Stats,Hardy,,4.124
2019-11_gen6ou-0.json,Blissey,Stats,Calm,,5.155
2019-11_gen6ou-0.json,Blissey,Stats,Careful,,5.567
2019-11_gen6ou-0.json,Blissey,Abilities,,Natural Cure,83.711
2019-11_gen6ou-0.json,Blissey,Abilities,,Serene Grace,13.196
2019-11_gen6ou-0.json,Blissey,Abilities,,Healer,3.093
2019-11_gen6ou-0.json,Blissey,Items,,Leftovers,85.361
2019-11_gen6ou-0.json,Blissey,Items,,Nothing,7.01
2019-11_gen6ou-0.json,Blissey,Items,,Assault Vest,2.474
2019-11_gen6ou-0.json,Blissey,Items,,Life Orb,1.031
2019-11_gen6ou-0.json,Blissey,Items,,Other,4.124
2019-11_gen6ou-0.json,Blissey,Spreads,,Other,32.371
2019-11_gen6ou-0.json,Blissey,Moves,,Wish,50.928
2019-11_gen6ou-0.json,Blissey,Moves,,Heal Bell,48.866
2019-11_gen6ou-0.json,Blissey,Moves,,Protect,41.649
2019-11_gen6ou-0.json,Blissey,Moves,,Soft-Boiled,41.031
2019-11_gen6ou-0.json,Blissey,Moves,,Seismic Toss,37.938
2019-11_gen6ou-0.json,Blissey,Moves,,Toxic,37.113
2019-11_gen6ou-0.json,Blissey,Moves,,Thunder Wave,22.474
2019-11_gen6ou-0.json,Blissey,Moves,,Counter,21.856
2019-11_gen6ou-0.json,Blissey,Moves,,Aromatherapy,12.577
2019-11_gen6ou-0.json,Blissey,Moves,,Stealth Rock,8.866
2019-11_gen6ou-0.json,Blissey,Moves,,Body Slam,8.247
2019-11_gen6ou-0.json,Blissey,Moves,,Calm Mind,7.423
2019-11_gen6ou-0.json,Blissey,Moves,,Flamethrower,7.01
2019-11_gen6ou-0.json,Blissey,Moves,,Ice Beam,5.979
2019-11_gen6ou-0.json,Blissey,Moves,,Dazzling Gleam,5.773
2019-11_gen6ou-0.json,Blissey,Moves,,Brick Break,4.536
2019-11_gen6ou-0.json,Blissey,Moves,,Charge Beam,4.124
2019-11_gen6ou-0.json,Blissey,Moves,,Rain Dance,3.093
2019-11_gen6ou-0.json,Blissey,Moves,,Thunder,3.093
2019-11_gen6ou-0.json,Blissey,Moves,,Healing Wish,2.887
2019-11_gen6ou-0.json,Blissey,Moves,,Rest,2.887
2019-11_gen6ou-0.json,Blissey,Moves,,Nothing,2.268
2019-11_gen6ou-0.json,Blissey,Moves,,Other,19.381
2019-11_gen6ou-0.json,Electivire,Stats,Raw count,,472
2019-11_gen6ou-0.json,Electivire,Stats,Avg. weight,,1.0
2019-11_gen6ou-0.json,Electivire,Stats,Viability Ceiling,,79
2019-11_gen6ou-0.json,Electivire,Stats,Adamant,,6.144
2019-11_gen6ou-0.json,Electivire,Stats,Hasty,,4.661
2019-11_gen6ou-0.json,Electivire,Stats,Mild,,3.602
2019-11_gen6ou-0.json,Electivire,Stats,Jolly,,3.602
2019-11_gen6ou-0.json,Electivire,Abilities,,Motor Drive,93.856
2019-11_gen6ou-0.json,Electivire,Abilities,,Vital Spirit,6.144
2019-11_gen6ou-0.json,Electivire,Items,,Air Balloon,29.237
2019-11_gen6ou-0.json,Electivire,Items,,Expert Belt,28.39
2019-11_gen6ou-0.json,Electivire,Items,,Leftovers,11.229
2019-11_gen6ou-0.json,Electivire,Items,,Life Orb,9.958
2019-11_gen6ou-0.json,Electivire,Items,,Assault Vest,5.297
2019-11_gen6ou-0.json,Electivire,Items,,Sitrus Berry,4.873
2019-11_gen6ou-0.json,Electivire,Items,,Nothing,2.331
2019-11_gen6ou-0.json,Electivire,Items,,Iapapa Berry,1.907
2019-11_gen6ou-0.json,Electivire,Items,,Choice Band,1.907
2019-11_gen6ou-0.json,Electivire,Items,,Other,4.873
2019-11_gen6ou-0.json,Electivire,Spreads,,Other,27.119
2019-11_gen6ou-0.json,Electivire,Moves,,Ice Punch,82.839
2019-11_gen6ou-0.json,Electivire,Moves,,Earthquake,76.907
2019-11_gen6ou-0.json,Electivire,Moves,,Wild Charge,63.983
2019-11_gen6ou-0.json,Electivire,Moves,,Fire Punch,56.144
2019-11_gen6ou-0.json,Electivire,Moves,,Thunder Punch,22.458
2019-11_gen6ou-0.json,Electivire,Moves,,Thunderbolt,13.983
2019-11_gen6ou-0.json,Electivire,Moves,,Brick Break,11.229
2019-11_gen6ou-0.json,Electivire,Moves,,Discharge,9.958
2019-11_gen6ou-0.json,Electivire,Moves,,Thunder,9.11
2019-11_gen6ou-0.json,Electivire,Moves,,Volt Switch,9.11
2019-11_gen6ou-0.json,Electivire,Moves,,Cross Chop,8.686
2019-11_gen6ou-0.json,Electivire,Moves,,Flamethrower,5.932
2019-11_gen6ou-0.json,Electivire,Moves,,Thunder Wave,5.297
2019-11_gen6ou-0.json,Electivire,Moves,,Hidden Power Water,3.602
2019-11_gen6ou-0.json,Electivire,Moves,,Hammer Arm,3.39
2019-11_gen6ou-0.json,Electivire,Moves,,Other,17.373
2019-11_gen6ou-0.json,Heracross-Mega,Stats,Raw count,,445
2019-11_gen6ou-0.json,Heracross-Mega,Stats,Avg. weight,,1.0
2019-11_gen6ou-0.json,Heracross-Mega,Stats,Viability Ceiling,,88
2019-11_gen6ou-0.json,Heracross-Mega,Stats,Adamant,,9.213
2019-11_gen6ou-0.json,Heracross-Mega,Stats,Brave,,4.494
2019-11_gen6ou-0.json,Heracross-Mega,Stats,Hardy,,4.270
2019-11_gen6ou-0.json,Heracross-Mega,Stats,Jolly,,4.045
2019-11_gen6ou-0.json,Heracross-Mega,Abilities,,Skill Link,100.0
2019-11_gen6ou-0.json,Heracross-Mega,Items,,Heracronite,100.0
2019-11_gen6ou-0.json,Heracross-Mega,Spreads,,Other,53.483
2019-11_gen6ou-0.json,Heracross-Mega,Moves,,Close Combat,73.933
2019-11_gen6ou-0.json,Heracross-Mega,Moves,,Rock Blast,65.618
2019-11_gen6ou-0.json,Heracross-Mega,Moves,,Pin Missile,58.427
2019-11_gen6ou-0.json,Heracross-Mega,Moves,,Bullet Seed,42.697
2019-11_gen6ou-0.json,Heracross-Mega,Moves,,Swords Dance,39.551
2019-11_gen6ou-0.json,Heracross-Mega,Moves,,Megahorn,19.551
2019-11_gen6ou-0.json,Heracross-Mega,Moves,,Earthquake,16.18
2019-11_gen6ou-0.json,Heracross-Mega,Moves,,Brick Break,14.831
2019-11_gen6ou-0.json,Heracross-Mega,Moves,,Substitute,14.157
2019-11_gen6ou-0.json,Heracross-Mega,Moves,,Arm Thrust,7.191
2019-11_gen6ou-0.json,Heracross-Mega,Moves,,Toxic,4.944
2019-11_gen6ou-0.json,Heracross-Mega,Moves,,Aerial Ace,3.596
2019-11_gen6ou-0.json,Heracross-Mega,Moves,,Body Slam,3.371
2019-11_gen6ou-0.json,Heracross-Mega,Moves,,Focus Blast,3.371
2019-11_gen6ou-0.json,Heracross-Mega,Moves,,Bulk Up,2.921
2019-11_gen6ou-0.json,Heracross-Mega,Moves,,Double-Edge,2.921
2019-11_gen6ou-0.json,Heracross-Mega,Moves,,Focus Punch,2.697
2019-11_gen6ou-0.json,Heracross-Mega,Moves,,Rock Slide,2.697
2019-11_gen6ou-0.json,Heracross-Mega,Moves,,Night Slash,2.472
2019-11_gen6ou-0.json,Heracross-Mega,Moves,,Other,18.876
2019-11_gen6ou-0.json,Roserade,Stats,Raw count,,465
2019-11_gen6ou-0.json,Roserade,Stats,Avg. weight,,1.0
2019-11_gen6ou-0.json,Roserade,Stats,Viability Ceiling,,72
2019-11_gen6ou-0.json,Roserade,Stats,Timid,,3.871
2019-11_gen6ou-0.json,Roserade,Stats,Calm,,4.731
2019-11_gen6ou-0.json,Roserade,Stats,Modest,,3.011
2019-11_gen6ou-0.json,Roserade,Abilities,,Technician,53.333
2019-11_gen6ou-0.json,Roserade,Abilities,,Natural Cure,40.645
2019-11_gen6ou-0.json,Roserade,Abilities,,Poison Point,6.022
2019-11_gen6ou-0.json,Roserade,Items,,Black Sludge,49.462
2019-11_gen6ou-0.json,Roserade,Items,,Life Orb,35.484
2019-11_gen6ou-0.json,Roserade,Items,,King's Rock,2.151
2019-11_gen6ou-0.json,Roserade,Items,,Leftovers,1.935
2019-11_gen6ou-0.json,Roserade,Items,,Coba Berry,1.935
2019-11_gen6ou-0.json,Roserade,Items,,Rose Incense,1.935
2019-11_gen6ou-0.json,Roserade,Items,,Choice Specs,1.29
2019-11_gen6ou-0.json,Roserade,Items,,Focus Sash,1.29
2019-11_gen6ou-0.json,Roserade,Items,,Other,4.516
2019-11_gen6ou-0.json,Roserade,Spreads,,Other,17.419
2019-11_gen6ou-0.json,Roserade,Moves,,Sludge Bomb,61.075
2019-11_gen6ou-0.json,Roserade,Moves,,Giga Drain,55.269
2019-11_gen6ou-0.json,Roserade,Moves,,Sleep Powder,53.763
2019-11_gen6ou-0.json,Roserade,Moves,,Toxic Spikes,45.591
2019-11_gen6ou-0.json,Roserade,Moves,,Leech Seed,43.226
2019-11_gen6ou-0.json,Roserade,Moves,,Spikes,42.581
2019-11_gen6ou-0.json,Roserade,Moves,,Hidden Power Fire,21.075
2019-11_gen6ou-0.json,Roserade,Moves,,Synthesis,9.247
2019-11_gen6ou-0.json,Roserade,Moves,,Dazzling Gleam,8.172
2019-11_gen6ou-0.json,Roserade,Moves,,Energy Ball,7.957
2019-11_gen6ou-0.json,Roserade,Moves,,Aromatherapy,7.527
2019-11_gen6ou-0.json,Roserade,Moves,,Weather Ball,4.516
2019-11_gen6ou-0.json,Roserade,Moves,,Toxic,4.516
2019-11_gen6ou-0.json,Roserade,Moves,,Leaf Storm,4.516
2019-11_gen6ou-0.json,Roserade,Moves,,Shadow Ball,4.086
2019-11_gen6ou-0.json,Roserade,Moves,,Extrasensory,3.871
2019-11_gen6ou-0.json,Roserade,Moves,,Venoshock,3.011
2019-11_gen6ou-0.json,Roserade,Moves,,Petal Dance,2.366
2019-11_gen6ou-0.json,Roserade,Moves,,Other,17.634
2019-11_gen6ou-0.json,Altaria-Mega,Stats,Raw count,,419
2019-11_gen6ou-0.json,Altaria-Mega,Stats,Avg. weight,,1.0
2019-11_gen6ou-0.json,Altaria-Mega,Stats,Viability Ceiling,,89
2019-11_gen6ou-0.json,Altaria-Mega,Stats,Adamant,,36.993
2019-11_gen6ou-0.json,Altaria-Mega,Stats,Calm,,5.728
2019-11_gen6ou-0.json,Altaria-Mega,Stats,Modest,,4.535
2019-11_gen6ou-0.json,Altaria-Mega,Stats,Jolly,,3.341
2019-11_gen6ou-0.json,Altaria-Mega,Stats,Impish,,3.103
2019-11_gen6ou-0.json,Altaria-Mega,Abilities,,Pixilate,100.0
2019-11_gen6ou-0.json,Altaria-Mega,Items,,Altarianite,100.0
2019-11_gen6ou-0.json,Altaria-Mega,Spreads,,Other,42.482
2019-11_gen6ou-0.json,Altaria-Mega,Moves,,Roost,72.315
2019-11_gen6ou-0.json,Altaria-Mega,Moves,,Dragon Dance,72.076
2019-11_gen6ou-0.json,Altaria-Mega,Moves,,Earthquake,61.098
2019-11_gen6ou-0.json,Altaria-Mega,Moves,,Return,37.47
2019-11_gen6ou-0.json,Altaria-Mega,Moves,,Facade,20.048
2019-11_gen6ou-0.json,Altaria-Mega,Moves,,Hyper Voice,16.229
2019-11_gen6ou-0.json,Altaria-Mega,Moves,,Heal Bell,13.842
2019-11_gen6ou-0.json,Altaria-Mega,Moves,,Cotton Guard,11.456
2019-11_gen6ou-0.json,Altaria-Mega,Moves,,Dragon Pulse,11.217
2019-11_gen6ou-0.json,Altaria-Mega,Moves,,Dragon Claw,10.74
2019-11_gen6ou-0.json,Altaria-Mega,Moves,,Draco Meteor,10.501
2019-11_gen6ou-0.json,Altaria-Mega,Moves,,Fire Blast,10.024
2019-11_gen6ou-0.json,Altaria-Mega,Moves,,Moonblast,7.399
2019-11_gen6ou-0.json,Altaria-Mega,Moves,,Ice Beam,5.728
2019-11_gen6ou-0.json,Altaria-Mega,Moves,,Dazzling Gleam,5.728
2019-11_gen6ou-0.json,Altaria-Mega,Moves,,Frustration,5.251
2019-11_gen6ou-0.json,Altaria-Mega,Moves,,Flamethrower,4.057
2019-11_gen6ou-0.json,Altaria-Mega,Moves,,Outrage,2.864
2019-11_gen6ou-0.json,Altaria-Mega,Moves,,Body Slam,2.387
2019-11_gen6ou-0.json,Altaria-Mega,Moves,,Other,19.57
2019-11_gen6ou-0.json,Quagsire,Stats,Raw count,,409
2019-11_gen6ou-0.json,Quagsire,Stats,Avg. weight,,1.0
2019-11_gen6ou-0.json,Quagsire,Stats,Viability Ceiling,,88
2019-11_gen6ou-0.json,Quagsire,Stats,Relaxed,,7.335
2019-11_gen6ou-0.json,Quagsire,Stats,Impish,,5.134
2019-11_gen6ou-0.json,Quagsire,Stats,Bold,,10.758
2019-11_gen6ou-0.json,Quagsire,Stats,Naughty,,9.780
2019-11_gen6ou-0.json,Quagsire,Abilities,,Unaware,92.176
2019-11_gen6ou-0.json,Quagsire,Abilities,,Water Absorb,6.601
2019-11_gen6ou-0.json,Quagsire,Abilities,,Damp,1.222
2019-11_gen6ou-0.json,Quagsire,Items,,Leftovers,82.152
2019-11_gen6ou-0.json,Quagsire,Items,,Wide Lens,10.513
2019-11_gen6ou-0.json,Quagsire,Items,,Quick Claw,2.934
2019-11_gen6ou-0.json,Quagsire,Items,,Other,4.401
2019-11_gen6ou-0.json,Quagsire,Spreads,,Other,19.804
2019-11_gen6ou-0.json,Quagsire,Moves,,Recover,82.885
2019-11_gen6ou-0.json,Quagsire,Moves,,Earthquake,69.927
2019-11_gen6ou-0.json,Quagsire,Moves,,Toxic,64.303
2019-11_gen6ou-0.json,Quagsire,Moves,,Scald,59.658
2019-11_gen6ou-0.json,Quagsire,Moves,,Curse,26.65
2019-11_gen6ou-0.json,Quagsire,Moves,,Haze,23.472
2019-11_gen6ou-0.json,Quagsire,Moves,,Ice Punch,15.648
2019-11_gen6ou-0.json,Quagsire,Moves,,Aqua Tail,13.447
2019-11_gen6ou-0.json,Quagsire,Moves,,Waterfall,13.203
2019-11_gen6ou-0.json,Quagsire,Moves,,Ice Beam,9.78
2019-11_gen6ou-0.json,Quagsire,Moves,,Body Slam,3.912
2019-11_gen6ou-0.json,Quagsire,Moves,,Other,17.115
2019-11_gen6ou-0.json,Gardevoir,Stats,Raw count,,428
2019-11_gen6ou-0.json,Gardevoir,Stats,Avg. weight,,1.0
2019-11_gen6ou-0.json,Gardevoir,Stats,Viability Ceiling,,79
2019-11_gen6ou-0.json,Gardevoir,Stats,Timid,,4.907
2019-11_gen6ou-0.json,Gardevoir,Stats,Modest,,3.738
2019-11_gen6ou-0.json,Gardevoir,Stats,Calm,,3.505
2019-11_gen6ou-0.json,Gardevoir,Abilities,,Synchronize,55.14
2019-11_gen6ou-0.json,Gardevoir,Abilities,,Trace,42.991
2019-11_gen6ou-0.json,Gardevoir,Abilities,,Telepathy,1.869
2019-11_gen6ou-0.json,Gardevoir,Items,,Leftovers,22.43
2019-11_gen6ou-0.json,Gardevoir,Items,,Life Orb,11.916
2019-11_gen6ou-0.json,Gardevoir,Items,,Choice Specs,11.916
2019-11_gen6ou-0.json,Gardevoir,Items,,Choice Scarf,10.047
2019-11_gen6ou-0.json,Gardevoir,Items,,Assault Vest,7.243
2019-11_gen6ou-0.json,Gardevoir,Items,,Nothing,5.841
2019-11_gen6ou-0.json,Gardevoir,Items,,Choice Band,5.841
2019-11_gen6ou-0.json,Gardevoir,Items,,Twisted Spoon,5.374
2019-11_gen6ou-0.json,Gardevoir,Items,,Focus Sash,4.673
2019-11_gen6ou-0.json,Gardevoir,Items,,Eviolite,3.037
2019-11_gen6ou-0.json,Gardevoir,Items,,Pixie Plate,1.636
2019-11_gen6ou-0.json,Gardevoir,Items,,Wise Glasses,1.402
2019-11_gen6ou-0.json,Gardevoir,Items,,Odd Incense,1.402
2019-11_gen6ou-0.json,Gardevoir,Items,,Damp Rock,0.935
2019-11_gen6ou-0.json,Gardevoir,Items,,Meadow Plate,0.935
2019-11_gen6ou-0.json,Gardevoir,Items,,Weakness Policy,0.701
2019-11_gen6ou-0.json,Gardevoir,Items,,Other,4.673
2019-11_gen6ou-0.json,Gardevoir,Spreads,,Other,48.131
2019-11_gen6ou-0.json,Gardevoir,Moves,,Moonblast,61.916
2019-11_gen6ou-0.json,Gardevoir,Moves,,Psychic,52.804
2019-11_gen6ou-0.json,Gardevoir,Moves,,Calm Mind,41.589
2019-11_gen6ou-0.json,Gardevoir,Moves,,Focus Blast,35.514
2019-11_gen6ou-0.json,Gardevoir,Moves,,Psyshock,25.935
2019-11_gen6ou-0.json,Gardevoir,Moves,,Shadow Ball,24.533
2019-11_gen6ou-0.json,Gardevoir,Moves,,Dazzling Gleam,22.897
2019-11_gen6ou-0.json,Gardevoir,Moves,,Energy Ball,17.29
2019-11_gen6ou-0.json,Gardevoir,Moves,,Thunderbolt,17.056
2019-11_gen6ou-0.json,Gardevoir,Moves,,Destiny Bond,8.879
2019-11_gen6ou-0.json,Gardevoir,Moves,,Hypnosis,7.477
2019-11_gen6ou-0.json,Gardevoir,Moves,,Wish,6.542
2019-11_gen6ou-0.json,Gardevoir,Moves,,Hyper Voice,5.607
2019-11_gen6ou-0.json,Gardevoir,Moves,,Future Sight,5.607
2019-11_gen6ou-0.json,Gardevoir,Moves,,Fire Punch,4.907
2019-11_gen6ou-0.json,Gardevoir,Moves,,Dream Eater,4.673
2019-11_gen6ou-0.json,Gardevoir,Moves,,Substitute,4.206
2019-11_gen6ou-0.json,Gardevoir,Moves,,Trick Room,4.206
2019-11_gen6ou-0.json,Gardevoir,Moves,,Will-O-Wisp,3.738
2019-11_gen6ou-0.json,Gardevoir,Moves,,Toxic,3.271
2019-11_gen6ou-0.json,Gardevoir,Moves,,Ice Punch,3.271
2019-11_gen6ou-0.json,Gardevoir,Moves,,Synchronoise,3.271
2019-11_gen6ou-0.json,Gardevoir,Moves,,Zen Headbutt,2.57
2019-11_gen6ou-0.json,Gardevoir,Moves,,Healing Wish,2.336
2019-11_gen6ou-0.json,Gardevoir,Moves,,Thunder Punch,1.869
2019-11_gen6ou-0.json,Gardevoir,Moves,,Taunt,1.636
2019-11_gen6ou-0.json,Gardevoir,Moves,,Signal Beam,1.636
2019-11_gen6ou-0.json,Gardevoir,Moves,,Draining Kiss,1.636
2019-11_gen6ou-0.json,Gardevoir,Moves,,Hidden Power Dark,1.402
2019-11_gen6ou-0.json,Gardevoir,Moves,,Reflect,1.402
2019-11_gen6ou-0.json,Gardevoir,Moves,,Protect,1.402
2019-11_gen6ou-0.json,Gardevoir,Moves,,Other,18.925
2019-11_gen6ou-0.json,Haxorus,Stats,Raw count,,417
2019-11_gen6ou-0.json,Haxorus,Stats,Avg. weight,,1.0
2019-11_gen6ou-0.json,Haxorus,Stats,Viability Ceiling,,81
2019-11_gen6ou-0.json,Haxorus,Stats,Jolly,,24.700
2019-11_gen6ou-0.json,Haxorus,Stats,Adamant,,4.556
2019-11_gen6ou-0.json,Haxorus,Stats,Hardy,,4.556
2019-11_gen6ou-0.json,Haxorus,Abilities,,Mold Breaker,73.141
2019-11_gen6ou-0.json,Haxorus,Abilities,,Rivalry,17.746
2019-11_gen6ou-0.json,Haxorus,Abilities,,Unnerve,9.113
2019-11_gen6ou-0.json,Haxorus,Items,,Life Orb,31.655
2019-11_gen6ou-0.json,Haxorus,Items,,Choice Scarf,19.904
2019-11_gen6ou-0.json,Haxorus,Items,,Leftovers,18.705
2019-11_gen6ou-0.json,Haxorus,Items,,Lum Berry,9.592
2019-11_gen6ou-0.json,Haxorus,Items,,Focus Sash,4.077
2019-11_gen6ou-0.json,Haxorus,Items,,Choice Band,3.597
2019-11_gen6ou-0.json,Haxorus,Items,,Assault Vest,2.638
2019-11_gen6ou-0.json,Haxorus,Items,,Mental Herb,2.158
2019-11_gen6ou-0.json,Haxorus,Items,,Dragon Fang,2.158
2019-11_gen6ou-0.json,Haxorus,Items,,Nothing,0.959
2019-11_gen6ou-0.json,Haxorus,Items,,Other,4.556
2019-11_gen6ou-0.json,Haxorus,Spreads,,Other,37.41
2019-11_gen6ou-0.json,Haxorus,Moves,,Earthquake,77.698
2019-11_gen6ou-0.json,Haxorus,Moves,,Dragon Dance,68.825
2019-11_gen6ou-0.json,Haxorus,Moves,,Poison Jab,53.717
2019-11_gen6ou-0.json,Haxorus,Moves,,Outrage,50.6
2019-11_gen6ou-0.json,Haxorus,Moves,,Dragon Claw,43.645
2019-11_gen6ou-0.json,Haxorus,Moves,,Aqua Tail,16.547
2019-11_gen6ou-0.json,Haxorus,Moves,,Brick Break,13.189
2019-11_gen6ou-0.json,Haxorus,Moves,,Draco Meteor,11.751
2019-11_gen6ou-0.json,Haxorus,Moves,,Iron Tail,10.312
2019-11_gen6ou-0.json,Haxorus,Moves,,X-Scissor,7.194
2019-11_gen6ou-0.json,Haxorus,Moves,,Shadow Claw,5.755
2019-11_gen6ou-0.json,Haxorus,Moves,,Superpower,5.516
2019-11_gen6ou-0.json,Haxorus,Moves,,Dragon Pulse,5.036
2019-11_gen6ou-0.json,Haxorus,Moves,,Night Slash,4.796
2019-11_gen6ou-0.json,Haxorus,Moves,,Toxic,4.556
2019-11_gen6ou-0.json,Haxorus,Moves,,Swords Dance,4.077
2019-11_gen6ou-0.json,Haxorus,Moves,,Other,16.787
2019-11_gen6ou-0.json,Garchomp-Mega,Stats,Raw count,,410
2019-11_gen6ou-0.json,Garchomp-Mega,Stats,Avg. weight,,1.0
2019-11_gen6ou-0.json,Garchomp-Mega,Stats,Viability Ceiling,,84
2019-11_gen6ou-0.json,Garchomp-Mega,Stats,Naive,,11.220
2019-11_gen6ou-0.json,Garchomp-Mega,Stats,Jolly,,3.415
2019-11_gen6ou-0.json,Garchomp-Mega,Abilities,,Sand Force,100.0
2019-11_gen6ou-0.json,Garchomp-Mega,Items,,Garchompite,100.0
2019-11_gen6ou-0.json,Garchomp-Mega,Spreads,,Other,61.951
2019-11_gen6ou-0.json,Garchomp-Mega,Moves,,Earthquake,79.024
2019-11_gen6ou-0.json,Garchomp-Mega,Moves,,Dragon Claw,37.073
2019-11_gen6ou-0.json,Garchomp-Mega,Moves,,Draco Meteor,31.22
2019-11_gen6ou-0.json,Garchomp-Mega,Moves,,Swords Dance,30.0
2019-11_gen6ou-0.json,Garchomp-Mega,Moves,,Outrage,24.878
2019-11_gen6ou-0.json,Garchomp-Mega,Moves,,Stone Edge,23.659
2019-11_gen6ou-0.json,Garchomp-Mega,Moves,,Fire Blast,17.561
2019-11_gen6ou-0.json,Garchomp-Mega,Moves,,Dragon Pulse,13.902
2019-11_gen6ou-0.json,Garchomp-Mega,Moves,,Poison Jab,13.415
2019-11_gen6ou-0.json,Garchomp-Mega,Moves,,Fire Fang,10.0
2019-11_gen6ou-0.json,Garchomp-Mega,Moves,,Aqua Tail,9.512
2019-11_gen6ou-0.json,Garchomp-Mega,Moves,,Crunch,8.293
2019-11_gen6ou-0.json,Garchomp-Mega,Moves,,Dragon Rush,7.073
2019-11_gen6ou-0.json,Garchomp-Mega,Moves,,Earth Power,6.585
2019-11_gen6ou-0.json,Garchomp-Mega,Moves,,Flamethrower,6.341
2019-11_gen6ou-0.json,Garchomp-Mega,Moves,,Iron Head,6.341
2019-11_gen6ou-0.json,Garchomp-Mega,Moves,,Rock Slide,5.61
2019-11_gen6ou-0.json,Garchomp-Mega,Moves,,Substitute,5.366
2019-11_gen6ou-0.json,Garchomp-Mega,Moves,,Dragon Tail,5.366
2019-11_gen6ou-0.json,Garchomp-Mega,Moves,,Iron Tail,5.122
2019-11_gen6ou-0.json,Garchomp-Mega,Moves,,Hone Claws,4.878
2019-11_gen6ou-0.json,Garchomp-Mega,Moves,,Protect,4.878
2019-11_gen6ou-0.json,Garchomp-Mega,Moves,,Surf,4.39
2019-11_gen6ou-0.json,Garchomp-Mega,Moves,,Double-Edge,4.146
2019-11_gen6ou-0.json,Garchomp-Mega,Moves,,Brick Break,3.659
2019-11_gen6ou-0.json,Garchomp-Mega,Moves,,Aerial Ace,3.171
2019-11_gen6ou-0.json,Garchomp-Mega,Moves,,Stealth Rock,3.171
2019-11_gen6ou-0.json,Garchomp-Mega,Moves,,Shadow Claw,2.927
2019-11_gen6ou-0.json,Garchomp-Mega,Moves,,Body Slam,2.927
2019-11_gen6ou-0.json,Garchomp-Mega,Moves,,Other,19.512
2019-11_gen6ou-0.json,Kingdra,Stats,Raw count,,404
2019-11_gen6ou-0.json,Kingdra,Stats,Avg. weight,,1.0
2019-11_gen6ou-0.json,Kingdra,Stats,Viability Ceiling,,88
2019-11_gen6ou-0.json,Kingdra,Stats,Modest,,5.198
2019-11_gen6ou-0.json,Kingdra,Stats,Timid,,12.376
2019-11_gen6ou-0.json,Kingdra,Stats,Adamant,,3.218
2019-11_gen6ou-0.json,Kingdra,Abilities,,Swift Swim,75.743
2019-11_gen6ou-0.json,Kingdra,Abilities,,Sniper,21.287
2019-11_gen6ou-0.json,Kingdra,Abilities,,Damp,2.97
2019-11_gen6ou-0.json,Kingdra,Items,,Choice Specs,45.792
2019-11_gen6ou-0.json,Kingdra,Items,,Life Orb,15.594
2019-11_gen6ou-0.json,Kingdra,Items,,Scope Lens,10.396
2019-11_gen6ou-0.json,Kingdra,Items,,Leftovers,8.168
2019-11_gen6ou-0.json,Kingdra,Items,,Bright Powder,3.713
2019-11_gen6ou-0.json,Kingdra,Items,,Assault Vest,3.465
2019-11_gen6ou-0.json,Kingdra,Items,,Focus Sash,2.475
2019-11_gen6ou-0.json,Kingdra,Items,,Nothing,2.228
2019-11_gen6ou-0.json,Kingdra,Items,,Lum Berry,1.98
2019-11_gen6ou-0.json,Kingdra,Items,,Razor Claw,0.99
2019-11_gen6ou-0.json,Kingdra,Items,,Mystic Water,0.99
2019-11_gen6ou-0.json,Kingdra,Items,,Other,4.208
2019-11_gen6ou-0.json,Kingdra,Spreads,,Other,33.663
2019-11_gen6ou-0.json,Kingdra,Moves,,Draco Meteor,72.525
2019-11_gen6ou-0.json,Kingdra,Moves,,Ice Beam,70.545
2019-11_gen6ou-0.json,Kingdra,Moves,,Hydro Pump,58.663
2019-11_gen6ou-0.json,Kingdra,Moves,,Scald,40.842
2019-11_gen6ou-0.json,Kingdra,Moves,,Dragon Pulse,27.228
2019-11_gen6ou-0.json,Kingdra,Moves,,Focus Energy,16.584
2019-11_gen6ou-0.json,Kingdra,Moves,,Waterfall,15.842
2019-11_gen6ou-0.json,Kingdra,Moves,,Dragon Dance,14.851
2019-11_gen6ou-0.json,Kingdra,Moves,,Surf,14.109
2019-11_gen6ou-0.json,Kingdra,Moves,,Flash Cannon,12.376
2019-11_gen6ou-0.json,Kingdra,Moves,,Outrage,10.396
2019-11_gen6ou-0.json,Kingdra,Moves,,Rain Dance,8.663
2019-11_gen6ou-0.json,Kingdra,Moves,,Hidden Power Ground,5.198
2019-11_gen6ou-0.json,Kingdra,Moves,,Hidden Power Electric,4.455
2019-11_gen6ou-0.json,Kingdra,Moves,,Octazooka,4.455
2019-11_gen6ou-0.json,Kingdra,Moves,,Aurora Beam,3.96
2019-11_gen6ou-0.json,Kingdra,Moves,,Other,19.307
2019-11_gen6ou-0.json,Slurpuff,Stats,Raw count,,403
2019-11_gen6ou-0.json,Slurpuff,Stats,Avg. weight,,1.0
2019-11_gen6ou-0.json,Slurpuff,Stats,Viability Ceiling,,84
2019-11_gen6ou-0.json,Slurpuff,Stats,Hasty,,3.226
2019-11_gen6ou-0.json,Slurpuff,Stats,Adamant,,21.588
2019-11_gen6ou-0.json,Slurpuff,Stats,Jolly,,7.196
2019-11_gen6ou-0.json,Slurpuff,Stats,Impish,,7.692
2019-11_gen6ou-0.json,Slurpuff,Abilities,,Unburden,94.789
2019-11_gen6ou-0.json,Slurpuff,Abilities,,Sweet Veil,5.211
2019-11_gen6ou-0.json,Slurpuff,Items,,Sitrus Berry,89.33
2019-11_gen6ou-0.json,Slurpuff,Items,,Lum Berry,2.978
2019-11_gen6ou-0.json,Slurpuff,Items,,Air Balloon,1.241
2019-11_gen6ou-0.json,Slurpuff,Items,,Aguav Berry,1.241
2019-11_gen6ou-0.json,Slurpuff,Items,,Chesto Berry,0.993
2019-11_gen6ou-0.json,Slurpuff,Items,,Other,4.218
2019-11_gen6ou-0.json,Slurpuff,Spreads,,Other,18.362
2019-11_gen6ou-0.json,Slurpuff,Moves,,Belly Drum,98.263
2019-11_gen6ou-0.json,Slurpuff,Moves,,Drain Punch,98.015
2019-11_gen6ou-0.json,Slurpuff,Moves,,Play Rough,97.519
2019-11_gen6ou-0.json,Slurpuff,Moves,,Return,61.538
2019-11_gen6ou-0.json,Slurpuff,Moves,,Cotton Guard,10.422
2019-11_gen6ou-0.json,Slurpuff,Moves,,Heal Bell,7.94
2019-11_gen6ou-0.json,Slurpuff,Moves,,Thief,6.452
2019-11_gen6ou-0.json,Slurpuff,Moves,,Other,19.851
2019-11_gen6ou-0.json,Vaporeon,Stats,Raw count,,406
2019-11_gen6ou-0.json,Vaporeon,Stats,Avg. weight,,1.0
2019-11_gen6ou-0.json,Vaporeon,Stats,Viability Ceiling,,78
2019-11_gen6ou-0.json,Vaporeon,Stats,Bold,,2.956
2019-11_gen6ou-0.json,Vaporeon,Stats,Modest,,2.956
2019-11_gen6ou-0.json,Vaporeon,Stats,Hardy,,2.956
2019-11_gen6ou-0.json,Vaporeon,Abilities,,Water Absorb,88.177
2019-11_gen6ou-0.json,Vaporeon,Abilities,,Hydration,11.823
2019-11_gen6ou-0.json,Vaporeon,Items,,Leftovers,73.399
2019-11_gen6ou-0.json,Vaporeon,Items,,Nothing,7.143
2019-11_gen6ou-0.json,Vaporeon,Items,,Mystic Water,4.433
2019-11_gen6ou-0.json,Vaporeon,Items,,Occa Berry,2.217
2019-11_gen6ou-0.json,Vaporeon,Items,,Eviolite,1.97
2019-11_gen6ou-0.json,Vaporeon,Items,,Focus Sash,1.724
2019-11_gen6ou-0.json,Vaporeon,Items,,Berry Juice,1.478
2019-11_gen6ou-0.json,Vaporeon,Items,,Wave Incense,1.478
2019-11_gen6ou-0.json,Vaporeon,Items,,Sitrus Berry,1.232
2019-11_gen6ou-0.json,Vaporeon,Items,,Other,4.926
2019-11_gen6ou-0.json,Vaporeon,Spreads,,Other,47.783
2019-11_gen6ou-0.json,Vaporeon,Moves,,Scald,74.877
2019-11_gen6ou-0.json,Vaporeon,Moves,,Wish,63.547
2019-11_gen6ou-0.json,Vaporeon,Moves,,Protect,63.054
2019-11_gen6ou-0.json,Vaporeon,Moves,,Ice Beam,47.044
2019-11_gen6ou-0.json,Vaporeon,Moves,,Heal Bell,34.975
2019-11_gen6ou-0.json,Vaporeon,Moves,,Hydro Pump,15.764
2019-11_gen6ou-0.json,Vaporeon,Moves,,Surf,15.025
2019-11_gen6ou-0.json,Vaporeon,Moves,,Shadow Ball,10.345
2019-11_gen6ou-0.json,Vaporeon,Moves,,Rain Dance,8.374
2019-11_gen6ou-0.json,Vaporeon,Moves,,Toxic,7.882
2019-11_gen6ou-0.json,Vaporeon,Moves,,Acid Armor,7.389
2019-11_gen6ou-0.json,Vaporeon,Moves,,Haze,6.158
2019-11_gen6ou-0.json,Vaporeon,Moves,,Aqua Tail,5.911
2019-11_gen6ou-0.json,Vaporeon,Moves,,Rest,5.419
2019-11_gen6ou-0.json,Vaporeon,Moves,,Aqua Ring,4.433
2019-11_gen6ou-0.json,Vaporeon,Moves,,Roar,3.941
2019-11_gen6ou-0.json,Vaporeon,Moves,,Body Slam,3.202
2019-11_gen6ou-0.json,Vaporeon,Moves,,Signal Beam,2.956
2019-11_gen6ou-0.json,Vaporeon,Moves,,Other,19.704
2019-11_gen6ou-0.json,Beedrill-Mega,Stats,Raw count,,366
2019-11_gen6ou-0.json,Beedrill-Mega,Stats,Avg. weight,,1.0
2019-11_gen6ou-0.json,Beedrill-Mega,Stats,Viability Ceiling,,83
2019-11_gen6ou-0.json,Beedrill-Mega,Stats,Jolly,,2.459
2019-11_gen6ou-0.json,Beedrill-Mega,Stats,Hardy,,2.732
2019-11_gen6ou-0.json,Beedrill-Mega,Stats,Adamant,,3.279
2019-11_gen6ou-0.json,Beedrill-Mega,Abilities,,Adaptability,100.0
2019-11_gen6ou-0.json,Beedrill-Mega,Items,,Beedrillite,100.0
2019-11_gen6ou-0.json,Beedrill-Mega,Spreads,,Other,11.475
2019-11_gen6ou-0.json,Beedrill-Mega,Moves,,Poison Jab,93.989
2019-11_gen6ou-0.json,Beedrill-Mega,Moves,,Drill Run,77.596
2019-11_gen6ou-0.json,Beedrill-Mega,Moves,,U-turn,71.858
2019-11_gen6ou-0.json,Beedrill-Mega,Moves,,Protect,70.765
2019-11_gen6ou-0.json,Beedrill-Mega,Moves,,X-Scissor,22.131
2019-11_gen6ou-0.json,Beedrill-Mega,Moves,,Knock Off,19.672
2019-11_gen6ou-0.json,Beedrill-Mega,Moves,,Swords Dance,8.47
2019-11_gen6ou-0.json,Beedrill-Mega,Moves,,Sludge Bomb,4.645
2019-11_gen6ou-0.json,Beedrill-Mega,Moves,,Pin Missile,4.372
2019-11_gen6ou-0.json,Beedrill-Mega,Moves,,Acrobatics,3.825
2019-11_gen6ou-0.json,Beedrill-Mega,Moves,,Toxic Spikes,2.732
2019-11_gen6ou-0.json,Beedrill-Mega,Moves,,Other,19.945
2019-11_gen6ou-0.json,Krookodile,Stats,Raw count,,367
2019-11_gen6ou-0.json,Krookodile,Stats,Avg. weight,,1.0
2019-11_gen6ou-0.json,Krookodile,Stats,Viability Ceiling,,89
2019-11_gen6ou-0.json,Krookodile,Stats,Jolly,,5.995
2019-11_gen6ou-0.json,Krookodile,Stats,Adamant,,8.174
2019-11_gen6ou-0.json,Krookodile,Stats,Naive,,10.082
2019-11_gen6ou-0.json,Krookodile,Abilities,,Moxie,64.033
2019-11_gen6ou-0.json,Krookodile,Abilities,,Intimidate,35.967
2019-11_gen6ou-0.json,Krookodile,Items,,Life Orb,18.801
2019-11_gen6ou-0.json,Krookodile,Items,,Black Glasses,14.714
2019-11_gen6ou-0.json,Krookodile,Items,,Choice Scarf,12.534
2019-11_gen6ou-0.json,Krookodile,Items,,Lum Berry,10.627
2019-11_gen6ou-0.json,Krookodile,Items,,Leftovers,8.447
2019-11_gen6ou-0.json,Krookodile,Items,,Assault Vest,7.629
2019-11_gen6ou-0.json,Krookodile,Items,,Choice Band,5.177
2019-11_gen6ou-0.json,Krookodile,Items,,Aguav Berry,4.087
2019-11_gen6ou-0.json,Krookodile,Items,,Nothing,4.087
2019-11_gen6ou-0.json,Krookodile,Items,,Rocky Helmet,3.542
2019-11_gen6ou-0.json,Krookodile,Items,,Expert Belt,2.997
2019-11_gen6ou-0.json,Krookodile,Items,,Dread Plate,2.452
2019-11_gen6ou-0.json,Krookodile,Items,,Other,4.905
2019-11_gen6ou-0.json,Krookodile,Spreads,,Other,34.877
2019-11_gen6ou-0.json,Krookodile,Moves,,Earthquake,95.64
2019-11_gen6ou-0.json,Krookodile,Moves,,Knock Off,46.322
2019-11_gen6ou-0.json,Krookodile,Moves,,Crunch,41.962
2019-11_gen6ou-0.json,Krookodile,Moves,,Dragon Claw,30.518
2019-11_gen6ou-0.json,Krookodile,Moves,,Stone Edge,25.613
2019-11_gen6ou-0.json,Krookodile,Moves,,Stealth Rock,22.343
2019-11_gen6ou-0.json,Krookodile,Moves,,Fire Fang,21.526
2019-11_gen6ou-0.json,Krookodile,Moves,,Superpower,16.621
2019-11_gen6ou-0.json,Krookodile,Moves,,Bulk Up,16.349
2019-11_gen6ou-0.json,Krookodile,Moves,,Pursuit,16.076
2019-11_gen6ou-0.json,Krookodile,Moves,,Taunt,13.896
2019-11_gen6ou-0.json,Krookodile,Moves,,Outrage,13.079
2019-11_gen6ou-0.json,Krookodile,Moves,,Rock Slide,8.174
2019-11_gen6ou-0.json,Krookodile,Moves,,Aqua Tail,7.084
2019-11_gen6ou-0.json,Krookodile,Moves,,Roar,2.997
2019-11_gen6ou-0.json,Krookodile,Moves,,Dig,2.997
2019-11_gen6ou-0.json,Krookodile,Moves,,Other,18.801
2019-11_gen6ou-0.json,Cloyster,Stats,Raw count,,376
2019-11_gen6ou-0.json,Cloyster,Stats,Avg. weight,,1.0
2019-11_gen6ou-0.json,Cloyster,Stats,Viability Ceiling,,80
2019-11_gen6ou-0.json,Cloyster,Stats,Adamant,,5.053
2019-11_gen6ou-0.json,Cloyster,Stats,Jolly,,13.032
2019-11_gen6ou-0.json,Cloyster,Stats,Hardy,,5.319
2019-11_gen6ou-0.json,Cloyster,Stats,Naughty,,5.319
2019-11_gen6ou-0.json,Cloyster,Abilities,,Skill Link,68.085
2019-11_gen6ou-0.json,Cloyster,Abilities,,Shell Armor,28.191
2019-11_gen6ou-0.json,Cloyster,Abilities,,Overcoat,3.723
2019-11_gen6ou-0.json,Cloyster,Items,,Focus Sash,31.117
2019-11_gen6ou-0.json,Cloyster,Items,,White Herb,24.468
2019-11_gen6ou-0.json,Cloyster,Items,,Leftovers,17.819
2019-11_gen6ou-0.json,Cloyster,Items,,King's Rock,11.702
2019-11_gen6ou-0.json,Cloyster,Items,,Nothing,6.915
2019-11_gen6ou-0.json,Cloyster,Items,,Life Orb,3.457
2019-11_gen6ou-0.json,Cloyster,Items,,Other,4.521
2019-11_gen6ou-0.json,Cloyster,Spreads,,Other,45.213
2019-11_gen6ou-0.json,Cloyster,Moves,,Shell Smash,70.479
2019-11_gen6ou-0.json,Cloyster,Moves,,Icicle Spear,69.415
2019-11_gen6ou-0.json,Cloyster,Moves,,Rock Blast,52.128
2019-11_gen6ou-0.json,Cloyster,Moves,,Ice Shard,31.649
2019-11_gen6ou-0.json,Cloyster,Moves,,Razor Shell,19.149
2019-11_gen6ou-0.json,Cloyster,Moves,,Spikes,18.085
2019-11_gen6ou-0.json,Cloyster,Moves,,Explosion,17.021
2019-11_gen6ou-0.json,Cloyster,Moves,,Toxic Spikes,15.691
2019-11_gen6ou-0.json,Cloyster,Moves,,Hydro Pump,14.894
2019-11_gen6ou-0.json,Cloyster,Moves,,Ice Beam,11.702
2019-11_gen6ou-0.json,Cloyster,Moves,,Poison Jab,10.106
2019-11_gen6ou-0.json,Cloyster,Moves,,Protect,9.84
2019-11_gen6ou-0.json,Cloyster,Moves,,Double-Edge,7.181
2019-11_gen6ou-0.json,Cloyster,Moves,,Blizzard,6.649
2019-11_gen6ou-0.json,Cloyster,Moves,,Rest,5.851
2019-11_gen6ou-0.json,Cloyster,Moves,,Rapid Spin,5.851
2019-11_gen6ou-0.json,Cloyster,Moves,,Surf,5.585
2019-11_gen6ou-0.json,Cloyster,Moves,,Facade,5.319
2019-11_gen6ou-0.json,Cloyster,Moves,,Sleep Talk,4.521
2019-11_gen6ou-0.json,Cloyster,Moves,,Other,18.883
2019-11_gen6ou-0.json,Mamoswine,Stats,Raw count,,363
2019-11_gen6ou-0.json,Mamoswine,Stats,Avg. weight,,1.0
2019-11_gen6ou-0.json,Mamoswine,Stats,Viability Ceiling,,88
2019-11_gen6ou-0.json,Mamoswine,Stats,Jolly,,12.948
2019-11_gen6ou-0.json,Mamoswine,Stats,Adamant,,3.857
2019-11_gen6ou-0.json,Mamoswine,Abilities,,Thick Fat,74.38
2019-11_gen6ou-0.json,Mamoswine,Abilities,,Oblivious,20.937
2019-11_gen6ou-0.json,Mamoswine,Abilities,,Snow Cloak,4.683
2019-11_gen6ou-0.json,Mamoswine,Items,,Focus Sash,30.303
2019-11_gen6ou-0.json,Mamoswine,Items,,Choice Scarf,19.559
2019-11_gen6ou-0.json,Mamoswine,Items,,Life Orb,16.804
2019-11_gen6ou-0.json,Mamoswine,Items,,Assault Vest,10.193
2019-11_gen6ou-0.json,Mamoswine,Items,,Leftovers,6.336
2019-11_gen6ou-0.json,Mamoswine,Items,,Choice Band,4.683
2019-11_gen6ou-0.json,Mamoswine,Items,,Metronome,3.857
2019-11_gen6ou-0.json,Mamoswine,Items,,Never-Melt Ice,1.653
2019-11_gen6ou-0.json,Mamoswine,Items,,Air Balloon,1.377
2019-11_gen6ou-0.json,Mamoswine,Items,,Icy Rock,1.102
2019-11_gen6ou-0.json,Mamoswine,Items,,Other,4.132
2019-11_gen6ou-0.json,Mamoswine,Spreads,,Other,30.028
2019-11_gen6ou-0.json,Mamoswine,Moves,,Earthquake,97.521
2019-11_gen6ou-0.json,Mamoswine,Moves,,Ice Shard,79.89
2019-11_gen6ou-0.json,Mamoswine,Moves,,Icicle Crash,57.851
2019-11_gen6ou-0.json,Mamoswine,Moves,,Stealth Rock,31.405
2019-11_gen6ou-0.json,Mamoswine,Moves,,Endeavor,23.691
2019-11_gen6ou-0.json,Mamoswine,Moves,,Rock Slide,20.11
2019-11_gen6ou-0.json,Mamoswine,Moves,,Knock Off,18.182
2019-11_gen6ou-0.json,Mamoswine,Moves,,Iron Head,11.846
2019-11_gen6ou-0.json,Mamoswine,Moves,,Freeze-Dry,9.642
2019-11_gen6ou-0.json,Mamoswine,Moves,,Superpower,6.887
2019-11_gen6ou-0.json,Mamoswine,Moves,,Icicle Spear,6.061
2019-11_gen6ou-0.json,Mamoswine,Moves,,Stone Edge,6.061
2019-11_gen6ou-0.json,Mamoswine,Moves,,Avalanche,5.51
2019-11_gen6ou-0.json,Mamoswine,Moves,,Ice Beam,4.959
2019-11_gen6ou-0.json,Mamoswine,Moves,,Protect,4.132
2019-11_gen6ou-0.json,Mamoswine,Moves,,Other,16.253
2019-11_gen6ou-0.json,Doublade,Stats,Raw count,,341
2019-11_gen6ou-0.json,Doublade,Stats,Avg. weight,,1.0
2019-11_gen6ou-0.json,Doublade,Stats,Viability Ceiling,,77
2019-11_gen6ou-0.json,Doublade,Stats,Brave,,65.689
2019-11_gen6ou-0.json,Doublade,Stats,Adamant,,17.009
2019-11_gen6ou-0.json,Doublade,Stats,Impish,,2.933
2019-11_gen6ou-0.json,Doublade,Stats,Sassy,,1.466
2019-11_gen6ou-0.json,Doublade,Stats,Hardy,,1.173
2019-11_gen6ou-0.json,Doublade,Abilities,,No Guard,100.0
2019-11_gen6ou-0.json,Doublade,Items,,Eviolite,90.909
2019-11_gen6ou-0.json,Doublade,Items,,Leftovers,3.812
2019-11_gen6ou-0.json,Doublade,Items,,Life Orb,1.466
2019-11_gen6ou-0.json,Doublade,Items,,Other,3.812
2019-11_gen6ou-0.json,Doublade,Spreads,,Other,9.384
2019-11_gen6ou-0.json,Doublade,Moves,,Swords Dance,91.496
2019-11_gen6ou-0.json,Doublade,Moves,,Sacred Sword,87.977
2019-11_gen6ou-0.json,Doublade,Moves,,Shadow Sneak,86.804
2019-11_gen6ou-0.json,Doublade,Moves,,Gyro Ball,72.141
2019-11_gen6ou-0.json,Doublade,Moves,,Iron Head,22.874
2019-11_gen6ou-0.json,Doublade,Moves,,Toxic,5.865
2019-11_gen6ou-0.json,Doublade,Moves,,Shadow Claw,4.985
2019-11_gen6ou-0.json,Doublade,Moves,,Brick Break,4.985
2019-11_gen6ou-0.json,Doublade,Moves,,Rest,4.692
2019-11_gen6ou-0.json,Doublade,Moves,,Other,18.182
2019-11_gen6ou-0.json,Reuniclus,Stats,Raw count,,349
2019-11_gen6ou-0.json,Reuniclus,Stats,Avg. weight,,1.0
2019-11_gen6ou-0.json,Reuniclus,Stats,Viability Ceiling,,89
2019-11_gen6ou-0.json,Reuniclus,Stats,Modest,,4.011
2019-11_gen6ou-0.json,Reuniclus,Stats,Bold,,4.298
2019-11_gen6ou-0.json,Reuniclus,Stats,Relaxed,,8.023
2019-11_gen6ou-0.json,Reuniclus,Abilities,,Magic Guard,50.716
2019-11_gen6ou-0.json,Reuniclus,Abilities,,Overcoat,33.811
2019-11_gen6ou-0.json,Reuniclus,Abilities,,Regenerator,15.473
2019-11_gen6ou-0.json,Reuniclus,Items,,Leftovers,77.937
2019-11_gen6ou-0.json,Reuniclus,Items,,Life Orb,10.602
2019-11_gen6ou-0.json,Reuniclus,Items,,Mind Plate,2.865
2019-11_gen6ou-0.json,Reuniclus,Items,,Assault Vest,2.006
2019-11_gen6ou-0.json,Reuniclus,Items,,Colbur Berry,1.719
2019-11_gen6ou-0.json,Reuniclus,Items,,Other,4.871
2019-11_gen6ou-0.json,Reuniclus,Spreads,,Other,41.834
2019-11_gen6ou-0.json,Reuniclus,Moves,,Calm Mind,79.656
2019-11_gen6ou-0.json,Reuniclus,Moves,,Recover,73.066
2019-11_gen6ou-0.json,Reuniclus,Moves,,Psychic,56.447
2019-11_gen6ou-0.json,Reuniclus,Moves,,Energy Ball,39.828
2019-11_gen6ou-0.json,Reuniclus,Moves,,Psyshock,28.367
2019-11_gen6ou-0.json,Reuniclus,Moves,,Focus Blast,27.794
2019-11_gen6ou-0.json,Reuniclus,Moves,,Shadow Ball,18.338
2019-11_gen6ou-0.json,Reuniclus,Moves,,Acid Armor,14.613
2019-11_gen6ou-0.json,Reuniclus,Moves,,Trick Room,12.321
2019-11_gen6ou-0.json,Reuniclus,Moves,,Hidden Power Ice,5.158
2019-11_gen6ou-0.json,Reuniclus,Moves,,Flash Cannon,4.585
2019-11_gen6ou-0.json,Reuniclus,Moves,,Reflect,4.298
2019-11_gen6ou-0.json,Reuniclus,Moves,,Grass Knot,4.011
2019-11_gen6ou-0.json,Reuniclus,Moves,,Facade,2.865
2019-11_gen6ou-0.json,Reuniclus,Moves,,Explosion,2.865
2019-11_gen6ou-0.json,Reuniclus,Moves,,Toxic,2.865
2019-11_gen6ou-0.json,Reuniclus,Moves,,Knock Off,2.579
2019-11_gen6ou-0.json,Reuniclus,Moves,,Skill Swap,2.292
2019-11_gen6ou-0.json,Reuniclus,Moves,,Other,18.052
2019-11_gen6ou-0.json,Swampert,Stats,Raw count,,338
2019-11_gen6ou-0.json,Swampert,Stats,Avg. weight,,1.0
2019-11_gen6ou-0.json,Swampert,Stats,Viability Ceiling,,75
2019-11_gen6ou-0.json,Swampert,Stats,Relaxed,,3.550
2019-11_gen6ou-0.json,Swampert,Stats,Adamant,,5.325
2019-11_gen6ou-0.json,Swampert,Abilities,,Torrent,93.491
2019-11_gen6ou-0.json,Swampert,Abilities,,Damp,6.509
2019-11_gen6ou-0.json,Swampert,Items,,Leftovers,57.101
2019-11_gen6ou-0.json,Swampert,Items,,Rocky Helmet,9.172
2019-11_gen6ou-0.json,Swampert,Items,,Nothing,4.734
2019-11_gen6ou-0.json,Swampert,Items,,Mystic Water,4.142
2019-11_gen6ou-0.json,Swampert,Items,,Rindo Berry,3.846
2019-11_gen6ou-0.json,Swampert,Items,,Life Orb,3.846
2019-11_gen6ou-0.json,Swampert,Items,,Mental Herb,2.663
2019-11_gen6ou-0.json,Swampert,Items,,Choice Band,2.367
2019-11_gen6ou-0.json,Swampert,Items,,Assault Vest,2.071
2019-11_gen6ou-0.json,Swampert,Items,,Metronome,1.775
2019-11_gen6ou-0.json,Swampert,Items,,Chesto Berry,1.479
2019-11_gen6ou-0.json,Swampert,Items,,Choice Scarf,1.479
2019-11_gen6ou-0.json,Swampert,Items,,Sitrus Berry,1.183
2019-11_gen6ou-0.json,Swampert,Items,,Other,4.142
2019-11_gen6ou-0.json,Swampert,Spreads,,Other,44.083
2019-11_gen6ou-0.json,Swampert,Moves,,Earthquake,93.491
2019-11_gen6ou-0.json,Swampert,Moves,,Waterfall,37.278
2019-11_gen6ou-0.json,Swampert,Moves,,Stealth Rock,36.686
2019-11_gen6ou-0.json,Swampert,Moves,,Scald,32.84
2019-11_gen6ou-0.json,Swampert,Moves,,Ice Punch,29.586
2019-11_gen6ou-0.json,Swampert,Moves,,Roar,18.935
2019-11_gen6ou-0.json,Swampert,Moves,,Aqua Tail,18.343
2019-11_gen6ou-0.json,Swampert,Moves,,Toxic,16.272
2019-11_gen6ou-0.json,Swampert,Moves,,Avalanche,15.68
2019-11_gen6ou-0.json,Swampert,Moves,,Surf,13.018
2019-11_gen6ou-0.json,Swampert,Moves,,Hydro Pump,10.059
2019-11_gen6ou-0.json,Swampert,Moves,,Ice Beam,8.876
2019-11_gen6ou-0.json,Swampert,Moves,,Brick Break,6.509
2019-11_gen6ou-0.json,Swampert,Moves,,Body Slam,5.621
2019-11_gen6ou-0.json,Swampert,Moves,,Refresh,4.734
2019-11_gen6ou-0.json,Swampert,Moves,,Hammer Arm,4.142
2019-11_gen6ou-0.json,Swampert,Moves,,Superpower,4.142
2019-11_gen6ou-0.json,Swampert,Moves,,Earth Power,4.142
2019-11_gen6ou-0.json,Swampert,Moves,,Hydro Cannon,3.846
2019-11_gen6ou-0.json,Swampert,Moves,,Stone Edge,3.55
2019-11_gen6ou-0.json,Swampert,Moves,,Protect,3.254
2019-11_gen6ou-0.json,Swampert,Moves,,Focus Punch,2.367
2019-11_gen6ou-0.json,Swampert,Moves,,Substitute,2.367
2019-11_gen6ou-0.json,Swampert,Moves,,Power-Up Punch,2.071
2019-11_gen6ou-0.json,Swampert,Moves,,Rest,2.071
2019-11_gen6ou-0.json,Swampert,Moves,,Curse,2.071
2019-11_gen6ou-0.json,Swampert,Moves,,Other,18.047
2019-11_gen6ou-0.json,Galvantula,Stats,Raw count,,335
2019-11_gen6ou-0.json,Galvantula,Stats,Avg. weight,,1.0
2019-11_gen6ou-0.json,Galvantula,Stats,Viability Ceiling,,82
2019-11_gen6ou-0.json,Galvantula,Stats,Timid,,4.776
2019-11_gen6ou-0.json,Galvantula,Stats,Modest,,8.060
2019-11_gen6ou-0.json,Galvantula,Stats,Hasty,,4.179
2019-11_gen6ou-0.json,Galvantula,Stats,Hardy,,2.985
2019-11_gen6ou-0.json,Galvantula,Abilities,,Compound Eyes,94.328
2019-11_gen6ou-0.json,Galvantula,Abilities,,Swarm,3.284
2019-11_gen6ou-0.json,Galvantula,Abilities,,Unnerve,2.388
2019-11_gen6ou-0.json,Galvantula,Items,,Focus Sash,55.821
2019-11_gen6ou-0.json,Galvantula,Items,,Air Balloon,14.925
2019-11_gen6ou-0.json,Galvantula,Items,,Wide Lens,8.06
2019-11_gen6ou-0.json,Galvantula,Items,,Leftovers,5.672
2019-11_gen6ou-0.json,Galvantula,Items,,Life Orb,4.776
2019-11_gen6ou-0.json,Galvantula,Items,,Nothing,3.284
2019-11_gen6ou-0.json,Galvantula,Items,,Magnet,1.791
2019-11_gen6ou-0.json,Galvantula,Items,,Eject Button,1.493
2019-11_gen6ou-0.json,Galvantula,Items,,Other,4.179
2019-11_gen6ou-0.json,Galvantula,Spreads,,Other,14.03
2019-11_gen6ou-0.json,Galvantula,Moves,,Sticky Web,88.657
2019-11_gen6ou-0.json,Galvantula,Moves,,Bug Buzz,69.254
2019-11_gen6ou-0.json,Galvantula,Moves,,Thunder,68.955
2019-11_gen6ou-0.json,Galvantula,Moves,,Energy Ball,46.866
2019-11_gen6ou-0.json,Galvantula,Moves,,Volt Switch,29.552
2019-11_gen6ou-0.json,Galvantula,Moves,,Thunder Wave,16.418
2019-11_gen6ou-0.json,Galvantula,Moves,,Giga Drain,14.03
2019-11_gen6ou-0.json,Galvantula,Moves,,Hidden Power Ice,13.731
2019-11_gen6ou-0.json,Galvantula,Moves,,Thunderbolt,7.164
2019-11_gen6ou-0.json,Galvantula,Moves,,Electro Ball,5.97
2019-11_gen6ou-0.json,Galvantula,Moves,,Signal Beam,5.075
2019-11_gen6ou-0.json,Galvantula,Moves,,Discharge,4.776
2019-11_gen6ou-0.json,Galvantula,Moves,,Poison Jab,3.582
2019-11_gen6ou-0.json,Galvantula,Moves,,Protect,2.985
2019-11_gen6ou-0.json,Galvantula,Moves,,Electroweb,2.687
2019-11_gen6ou-0.json,Galvantula,Moves,,String Shot,2.687
2019-11_gen6ou-0.json,Galvantula,Moves,,Other,17.612
2019-11_gen6ou-0.json,Mandibuzz,Stats,Raw count,,340
2019-11_gen6ou-0.json,Mandibuzz,Stats,Avg. weight,,1.0
2019-11_gen6ou-0.json,Mandibuzz,Stats,Viability Ceiling,,86
2019-11_gen6ou-0.json,Mandibuzz,Stats,Bold,,3.824
2019-11_gen6ou-0.json,Mandibuzz,Stats,Calm,,5.882
2019-11_gen6ou-0.json,Mandibuzz,Stats,Impish,,4.706
2019-11_gen6ou-0.json,Mandibuzz,Abilities,,Overcoat,78.824
2019-11_gen6ou-0.json,Mandibuzz,Abilities,,Weak Armor,13.529
2019-11_gen6ou-0.json,Mandibuzz,Abilities,,Big Pecks,7.647
2019-11_gen6ou-0.json,Mandibuzz,Items,,Leftovers,67.941
2019-11_gen6ou-0.json,Mandibuzz,Items,,Rocky Helmet,29.412
2019-11_gen6ou-0.json,Mandibuzz,Items,,Other,2.647
2019-11_gen6ou-0.json,Mandibuzz,Spreads,,Other,46.471
2019-11_gen6ou-0.json,Mandibuzz,Moves,,Roost,90.588
2019-11_gen6ou-0.json,Mandibuzz,Moves,,Foul Play,79.706
2019-11_gen6ou-0.json,Mandibuzz,Moves,,Toxic,64.706
2019-11_gen6ou-0.json,Mandibuzz,Moves,,Defog,61.765
2019-11_gen6ou-0.json,Mandibuzz,Moves,,Taunt,23.529
2019-11_gen6ou-0.json,Mandibuzz,Moves,,Knock Off,17.353
2019-11_gen6ou-0.json,Mandibuzz,Moves,,Protect,13.235
2019-11_gen6ou-0.json,Mandibuzz,Moves,,Whirlwind,9.706
2019-11_gen6ou-0.json,Mandibuzz,Moves,,U-turn,8.824
2019-11_gen6ou-0.json,Mandibuzz,Moves,,Dark Pulse,7.941
2019-11_gen6ou-0.json,Mandibuzz,Moves,,Nasty Plot,7.353
2019-11_gen6ou-0.json,Mandibuzz,Moves,,Other,15.294
2019-11_gen6ou-0.json,Jellicent,Stats,Raw count,,317
2019-11_gen6ou-0.json,Jellicent,Stats,Avg. weight,,1.0
2019-11_gen6ou-0.json,Jellicent,Stats,Viability Ceiling,,90
2019-11_gen6ou-0.json,Jellicent,Stats,Bold,,5.047
2019-11_gen6ou-0.json,Jellicent,Stats,Calm,,11.041
2019-11_gen6ou-0.json,Jellicent,Stats,Modest,,10.410
2019-11_gen6ou-0.json,Jellicent,Abilities,,Water Absorb,95.899
2019-11_gen6ou-0.json,Jellicent,Abilities,,Cursed Body,3.155
2019-11_gen6ou-0.json,Jellicent,Abilities,,Damp,0.946
2019-11_gen6ou-0.json,Jellicent,Items,,Leftovers,58.044
2019-11_gen6ou-0.json,Jellicent,Items,,Colbur Berry,32.177
2019-11_gen6ou-0.json,Jellicent,Items,,Choice Specs,3.785
2019-11_gen6ou-0.json,Jellicent,Items,,Big Root,2.208
2019-11_gen6ou-0.json,Jellicent,Items,,Other,3.785
2019-11_gen6ou-0.json,Jellicent,Spreads,,Other,37.224
2019-11_gen6ou-0.json,Jellicent,Moves,,Recover,79.495
2019-11_gen6ou-0.json,Jellicent,Moves,,Scald,75.71
2019-11_gen6ou-0.json,Jellicent,Moves,,Will-O-Wisp,69.716
2019-11_gen6ou-0.json,Jellicent,Moves,,Taunt,48.58
2019-11_gen6ou-0.json,Jellicent,Moves,,Hex,24.29
2019-11_gen6ou-0.json,Jellicent,Moves,,Shadow Ball,19.243
2019-11_gen6ou-0.json,Jellicent,Moves,,Protect,18.927
2019-11_gen6ou-0.json,Jellicent,Moves,,Ice Beam,16.719
2019-11_gen6ou-0.json,Jellicent,Moves,,Toxic,13.249
2019-11_gen6ou-0.json,Jellicent,Moves,,Energy Ball,10.41
2019-11_gen6ou-0.json,Jellicent,Moves,,Giga Drain,5.678
2019-11_gen6ou-0.json,Jellicent,Moves,,Other,17.981
2019-11_gen6ou-0.json,Feraligatr,Stats,Raw count,,318
2019-11_gen6ou-0.json,Feraligatr,Stats,Avg. weight,,1.0
2019-11_gen6ou-0.json,Feraligatr,Stats,Viability Ceiling,,77
2019-11_gen6ou-0.json,Feraligatr,Stats,Adamant,,3.459
2019-11_gen6ou-0.json,Feraligatr,Stats,Quiet,,9.748
2019-11_gen6ou-0.json,Feraligatr,Stats,Impish,,3.459
2019-11_gen6ou-0.json,Feraligatr,Stats,Hardy,,3.145
2019-11_gen6ou-0.json,Feraligatr,Abilities,,Sheer Force,68.239
2019-11_gen6ou-0.json,Feraligatr,Abilities,,Torrent,31.761
2019-11_gen6ou-0.json,Feraligatr,Items,,Life Orb,53.774
2019-11_gen6ou-0.json,Feraligatr,Items,,Leftovers,25.157
2019-11_gen6ou-0.json,Feraligatr,Items,,Nothing,7.862
2019-11_gen6ou-0.json,Feraligatr,Items,,Wave Incense,3.145
2019-11_gen6ou-0.json,Feraligatr,Items,,Mystic Water,2.201
2019-11_gen6ou-0.json,Feraligatr,Items,,Sitrus Berry,2.201
2019-11_gen6ou-0.json,Feraligatr,Items,,Focus Sash,1.887
2019-11_gen6ou-0.json,Feraligatr,Items,,Other,3.774
2019-11_gen6ou-0.json,Feraligatr,Spreads,,Other,33.333
2019-11_gen6ou-0.json,Feraligatr,Moves,,Waterfall,58.491
2019-11_gen6ou-0.json,Feraligatr,Moves,,Dragon Dance,56.289
2019-11_gen6ou-0.json,Feraligatr,Moves,,Crunch,43.711
2019-11_gen6ou-0.json,Feraligatr,Moves,,Ice Punch,42.453
2019-11_gen6ou-0.json,Feraligatr,Moves,,Ice Fang,19.811
2019-11_gen6ou-0.json,Feraligatr,Moves,,Earthquake,17.925
2019-11_gen6ou-0.json,Feraligatr,Moves,,Aqua Tail,16.352
2019-11_gen6ou-0.json,Feraligatr,Moves,,Scald,15.723
2019-11_gen6ou-0.json,Feraligatr,Moves,,Surf,14.465
2019-11_gen6ou-0.json,Feraligatr,Moves,,Ice Beam,12.893
2019-11_gen6ou-0.json,Feraligatr,Moves,,Aqua Jet,11.321
2019-11_gen6ou-0.json,Feraligatr,Moves,,Dragon Claw,10.377
2019-11_gen6ou-0.json,Feraligatr,Moves,,Facade,10.063
2019-11_gen6ou-0.json,Feraligatr,Moves,,Hydro Pump,9.434
2019-11_gen6ou-0.json,Feraligatr,Moves,,Superpower,8.176
2019-11_gen6ou-0.json,Feraligatr,Moves,,Avalanche,5.346
2019-11_gen6ou-0.json,Feraligatr,Moves,,Agility,5.346
2019-11_gen6ou-0.json,Feraligatr,Moves,,Body Slam,4.088
2019-11_gen6ou-0.json,Feraligatr,Moves,,Shadow Claw,3.459
2019-11_gen6ou-0.json,Feraligatr,Moves,,Focus Punch,2.83
2019-11_gen6ou-0.json,Feraligatr,Moves,,Outrage,2.83
2019-11_gen6ou-0.json,Feraligatr,Moves,,Blizzard,2.516
2019-11_gen6ou-0.json,Feraligatr,Moves,,Rock Slide,2.516
2019-11_gen6ou-0.json,Feraligatr,Moves,,Focus Blast,2.516
2019-11_gen6ou-0.json,Feraligatr,Moves,,Hydro Cannon,2.201
2019-11_gen6ou-0.json,Feraligatr,Moves,,Other,18.868
2019-11_gen6ou-0.json,Victini,Stats,Raw count,,311
2019-11_gen6ou-0.json,Victini,Stats,Avg. weight,,1.0
2019-11_gen6ou-0.json,Victini,Stats,Viability Ceiling,,87
2019-11_gen6ou-0.json,Victini,Stats,Jolly,,8.682
2019-11_gen6ou-0.json,Victini,Stats,Naive,,9.003
2019-11_gen6ou-0.json,Victini,Stats,Brave,,7.074
2019-11_gen6ou-0.json,Victini,Stats,Hardy,,5.788
2019-11_gen6ou-0.json,Victini,Stats,Hasty,,5.788
2019-11_gen6ou-0.json,Victini,Abilities,,Victory Star,100.0
2019-11_gen6ou-0.json,Victini,Items,,Choice Scarf,28.296
2019-11_gen6ou-0.json,Victini,Items,,Choice Band,21.543
2019-11_gen6ou-0.json,Victini,Items,,Life Orb,20.257
2019-11_gen6ou-0.json,Victini,Items,,Leftovers,14.148
2019-11_gen6ou-0.json,Victini,Items,,Metronome,2.572
2019-11_gen6ou-0.json,Victini,Items,,Expert Belt,2.251
2019-11_gen6ou-0.json,Victini,Items,,Assault Vest,2.251
2019-11_gen6ou-0.json,Victini,Items,,Air Balloon,1.608
2019-11_gen6ou-0.json,Victini,Items,,Red Card,0.965
2019-11_gen6ou-0.json,Victini,Items,,King's Rock,0.965
2019-11_gen6ou-0.json,Victini,Items,,Nothing,0.965
2019-11_gen6ou-0.json,Victini,Items,,Other,4.18
2019-11_gen6ou-0.json,Victini,Spreads,,Other,48.232
2019-11_gen6ou-0.json,Victini,Moves,,V-create,76.527
2019-11_gen6ou-0.json,Victini,Moves,,Bolt Strike,57.878
2019-11_gen6ou-0.json,Victini,Moves,,U-turn,53.376
2019-11_gen6ou-0.json,Victini,Moves,,Energy Ball,22.83
2019-11_gen6ou-0.json,Victini,Moves,,Trick,22.83
2019-11_gen6ou-0.json,Victini,Moves,,Blue Flare,19.936
2019-11_gen6ou-0.json,Victini,Moves,,Final Gambit,19.614
2019-11_gen6ou-0.json,Victini,Moves,,Psychic,19.614
2019-11_gen6ou-0.json,Victini,Moves,,Zen Headbutt,13.826
2019-11_gen6ou-0.json,Victini,Moves,,Glaciate,10.611
2019-11_gen6ou-0.json,Victini,Moves,,Fusion Bolt,9.325
2019-11_gen6ou-0.json,Victini,Moves,,Brick Break,8.682
2019-11_gen6ou-0.json,Victini,Moves,,Sunny Day,8.36
2019-11_gen6ou-0.json,Victini,Moves,,Trick Room,7.074
2019-11_gen6ou-0.json,Victini,Moves,,Will-O-Wisp,5.145
2019-11_gen6ou-0.json,Victini,Moves,,Fire Blast,4.18
2019-11_gen6ou-0.json,Victini,Moves,,Shadow Ball,4.18
2019-11_gen6ou-0.json,Victini,Moves,,Flare Blitz,3.859
2019-11_gen6ou-0.json,Victini,Moves,,Toxic,3.537
2019-11_gen6ou-0.json,Victini,Moves,,Searing Shot,3.215
2019-11_gen6ou-0.json,Victini,Moves,,Dazzling Gleam,3.215
2019-11_gen6ou-0.json,Victini,Moves,,Protect,2.894
2019-11_gen6ou-0.json,Victini,Moves,,Other,19.293
2019-11_gen6ou-0.json,Sceptile,Stats,Raw count,,322
2019-11_gen6ou-0.json,Sceptile,Stats,Avg. weight,,1.0
2019-11_gen6ou-0.json,Sceptile,Stats,Viability Ceiling,,67
2019-11_gen6ou-0.json,Sceptile,Stats,Timid,,18.634
2019-11_gen6ou-0.json,Sceptile,Stats,Adamant,,4.348
2019-11_gen6ou-0.json,Sceptile,Stats,Jolly,,7.453
2019-11_gen6ou-0.json,Sceptile,Stats,Modest,,4.969
2019-11_gen6ou-0.json,Sceptile,Abilities,,Overgrow,70.186
2019-11_gen6ou-0.json,Sceptile,Abilities,,Unburden,29.814
2019-11_gen6ou-0.json,Sceptile,Items,,Life Orb,24.224
2019-11_gen6ou-0.json,Sceptile,Items,,Leftovers,20.807
2019-11_gen6ou-0.json,Sceptile,Items,,Focus Sash,11.801
2019-11_gen6ou-0.json,Sceptile,Items,,Sitrus Berry,9.006
2019-11_gen6ou-0.json,Sceptile,Items,,Red Card,5.28
2019-11_gen6ou-0.json,Sceptile,Items,,Nothing,4.969
2019-11_gen6ou-0.json,Sceptile,Items,,Lum Berry,4.658
2019-11_gen6ou-0.json,Sceptile,Items,,Assault Vest,3.416
2019-11_gen6ou-0.json,Sceptile,Items,,Choice Scarf,2.795
2019-11_gen6ou-0.json,Sceptile,Items,,Iapapa Berry,2.795
2019-11_gen6ou-0.json,Sceptile,Items,,White Herb,2.484
2019-11_gen6ou-0.json,Sceptile,Items,,Rocky Helmet,2.174
2019-11_gen6ou-0.json,Sceptile,Items,,Choice Specs,1.553
2019-11_gen6ou-0.json,Sceptile,Items,,Other,4.037
2019-11_gen6ou-0.json,Sceptile,Spreads,,Other,52.174
2019-11_gen6ou-0.json,Sceptile,Moves,,Leaf Blade,55.59
2019-11_gen6ou-0.json,Sceptile,Moves,,Swords Dance,42.857
2019-11_gen6ou-0.json,Sceptile,Moves,,Leaf Storm,36.335
2019-11_gen6ou-0.json,Sceptile,Moves,,Focus Blast,28.571
2019-11_gen6ou-0.json,Sceptile,Moves,,Earthquake,22.671
2019-11_gen6ou-0.json,Sceptile,Moves,,Dragon Pulse,22.36
2019-11_gen6ou-0.json,Sceptile,Moves,,Acrobatics,18.012
2019-11_gen6ou-0.json,Sceptile,Moves,,Hidden Power Electric,16.77
2019-11_gen6ou-0.json,Sceptile,Moves,,Drain Punch,15.839
2019-11_gen6ou-0.json,Sceptile,Moves,,Giga Drain,13.975
2019-11_gen6ou-0.json,Sceptile,Moves,,Energy Ball,12.422
2019-11_gen6ou-0.json,Sceptile,Moves,,X-Scissor,10.87
2019-11_gen6ou-0.json,Sceptile,Moves,,Dragon Claw,9.317
2019-11_gen6ou-0.json,Sceptile,Moves,,Leech Seed,8.696
2019-11_gen6ou-0.json,Sceptile,Moves,,Frenzy Plant,8.075
2019-11_gen6ou-0.json,Sceptile,Moves,,Quick Attack,5.901
2019-11_gen6ou-0.json,Sceptile,Moves,,Rock Slide,5.901
2019-11_gen6ou-0.json,Sceptile,Moves,,Synthesis,5.59
2019-11_gen6ou-0.json,Sceptile,Moves,,Bullet Seed,5.28
2019-11_gen6ou-0.json,Sceptile,Moves,,Agility,4.658
2019-11_gen6ou-0.json,Sceptile,Moves,,Night Slash,4.348
2019-11_gen6ou-0.json,Sceptile,Moves,,Thunder Punch,4.348
2019-11_gen6ou-0.json,Sceptile,Moves,,Brick Break,3.727
2019-11_gen6ou-0.json,Sceptile,Moves,,Roar,3.727
2019-11_gen6ou-0.json,Sceptile,Moves,,Hidden Power Rock,3.727
2019-11_gen6ou-0.json,Sceptile,Moves,,Crunch,3.416
2019-11_gen6ou-0.json,Sceptile,Moves,,Return,3.416
2019-11_gen6ou-0.json,Sceptile,Moves,,Aerial Ace,2.795
2019-11_gen6ou-0.json,Sceptile,Moves,,Hidden Power Ice,2.174
2019-11_gen6ou-0.json,Sceptile,Moves,,Other,18.634
2019-11_gen6ou-0.json,Thundurus-Therian,Stats,Raw count,,311
2019-11_gen6ou-0.json,Thundurus-Therian,Stats,Avg. weight,,1.0
2019-11_gen6ou-0.json,Thundurus-Therian,Stats,Viability Ceiling,,86
2019-11_gen6ou-0.json,Thundurus-Therian,Stats,Timid,,7.074
2019-11_gen6ou-0.json,Thundurus-Therian,Stats,Modest,,4.502
2019-11_gen6ou-0.json,Thundurus-Therian,Abilities,,Volt Absorb,100.0
2019-11_gen6ou-0.json,Thundurus-Therian,Items,,Choice Scarf,27.653
2019-11_gen6ou-0.json,Thundurus-Therian,Items,,Charti Berry,15.113
2019-11_gen6ou-0.json,Thundurus-Therian,Items,,Sitrus Berry,14.791
2019-11_gen6ou-0.json,Thundurus-Therian,Items,,Leftovers,13.826
2019-11_gen6ou-0.json,Thundurus-Therian,Items,,Life Orb,7.074
2019-11_gen6ou-0.json,Thundurus-Therian,Items,,Assault Vest,5.466
2019-11_gen6ou-0.json,Thundurus-Therian,Items,,Expert Belt,4.823
2019-11_gen6ou-0.json,Thundurus-Therian,Items,,Mental Herb,2.894
2019-11_gen6ou-0.json,Thundurus-Therian,Items,,Choice Specs,1.929
2019-11_gen6ou-0.json,Thundurus-Therian,Items,,Magnet,1.929
2019-11_gen6ou-0.json,Thundurus-Therian,Items,,Other,4.502
2019-11_gen6ou-0.json,Thundurus-Therian,Spreads,,Other,27.331
2019-11_gen6ou-0.json,Thundurus-Therian,Moves,,Thunderbolt,81.994
2019-11_gen6ou-0.json,Thundurus-Therian,Moves,,Hidden Power Ice,81.672
2019-11_gen6ou-0.json,Thundurus-Therian,Moves,,Nasty Plot,52.09
2019-11_gen6ou-0.json,Thundurus-Therian,Moves,,Volt Switch,36.656
2019-11_gen6ou-0.json,Thundurus-Therian,Moves,,Focus Blast,34.405
2019-11_gen6ou-0.json,Thundurus-Therian,Moves,,Agility,20.9
2019-11_gen6ou-0.json,Thundurus-Therian,Moves,,Sludge Wave,19.614
2019-11_gen6ou-0.json,Thundurus-Therian,Moves,,Dark Pulse,17.363
2019-11_gen6ou-0.json,Thundurus-Therian,Moves,,Thunder,9.968
2019-11_gen6ou-0.json,Thundurus-Therian,Moves,,Psychic,9.003
2019-11_gen6ou-0.json,Thundurus-Therian,Moves,,U-turn,9.003
2019-11_gen6ou-0.json,Thundurus-Therian,Moves,,Sludge Bomb,5.145
2019-11_gen6ou-0.json,Thundurus-Therian,Moves,,Flash Cannon,4.18
2019-11_gen6ou-0.json,Thundurus-Therian,Moves,,Other,18.006
2019-11_gen6ou-0.json,Noivern,Stats,Raw count,,307
2019-11_gen6ou-0.json,Noivern,Stats,Avg. weight,,1.0
2019-11_gen6ou-0.json,Noivern,Stats,Viability Ceiling,,66
2019-11_gen6ou-0.json,Noivern,Stats,Timid,,4.235
2019-11_gen6ou-0.json,Noivern,Stats,Hasty,,15.309
2019-11_gen6ou-0.json,Noivern,Stats,Modest,,5.212
2019-11_gen6ou-0.json,Noivern,Stats,Hardy,,2.280
2019-11_gen6ou-0.json,Noivern,Abilities,,Infiltrator,49.186
2019-11_gen6ou-0.json,Noivern,Abilities,,Frisk,48.86
2019-11_gen6ou-0.json,Noivern,Abilities,,Telepathy,1.954
2019-11_gen6ou-0.json,Noivern,Items,,Choice Specs,28.339
2019-11_gen6ou-0.json,Noivern,Items,,Leftovers,12.052
2019-11_gen6ou-0.json,Noivern,Items,,Life Orb,11.401
2019-11_gen6ou-0.json,Noivern,Items,,Sitrus Berry,10.749
2019-11_gen6ou-0.json,Noivern,Items,,Nothing,10.098
2019-11_gen6ou-0.json,Noivern,Items,,Focus Sash,7.818
2019-11_gen6ou-0.json,Noivern,Items,,Choice Scarf,4.886
2019-11_gen6ou-0.json,Noivern,Items,,Wise Glasses,2.28
2019-11_gen6ou-0.json,Noivern,Items,,White Herb,2.28
2019-11_gen6ou-0.json,Noivern,Items,,Deep Sea Tooth,1.954
2019-11_gen6ou-0.json,Noivern,Items,,Choice Band,1.954
2019-11_gen6ou-0.json,Noivern,Items,,Assault Vest,1.629
2019-11_gen6ou-0.json,Noivern,Items,,Other,4.56
2019-11_gen6ou-0.json,Noivern,Spreads,,Other,29.316
2019-11_gen6ou-0.json,Noivern,Moves,,Dragon Pulse,53.42
2019-11_gen6ou-0.json,Noivern,Moves,,Air Slash,47.883
2019-11_gen6ou-0.json,Noivern,Moves,,Flamethrower,44.625
2019-11_gen6ou-0.json,Noivern,Moves,,Boomburst,40.391
2019-11_gen6ou-0.json,Noivern,Moves,,Hurricane,32.248
2019-11_gen6ou-0.json,Noivern,Moves,,Draco Meteor,29.642
2019-11_gen6ou-0.json,Noivern,Moves,,Dragon Claw,22.15
2019-11_gen6ou-0.json,Noivern,Moves,,Heat Wave,21.824
2019-11_gen6ou-0.json,Noivern,Moves,,Psychic,19.87
2019-11_gen6ou-0.json,Noivern,Moves,,U-turn,13.029
2019-11_gen6ou-0.json,Noivern,Moves,,Acrobatics,10.749
2019-11_gen6ou-0.json,Noivern,Moves,,Dark Pulse,9.772
2019-11_gen6ou-0.json,Noivern,Moves,,Roost,7.166
2019-11_gen6ou-0.json,Noivern,Moves,,Shadow Ball,5.212
2019-11_gen6ou-0.json,Noivern,Moves,,Focus Blast,4.886
2019-11_gen6ou-0.json,Noivern,Moves,,Hidden Power Poison,3.909
2019-11_gen6ou-0.json,Noivern,Moves,,Super Fang,3.257
2019-11_gen6ou-0.json,Noivern,Moves,,Supersonic,3.257
2019-11_gen6ou-0.json,Noivern,Moves,,Switcheroo,2.932
2019-11_gen6ou-0.json,Noivern,Moves,,Taunt,2.606
2019-11_gen6ou-0.json,Noivern,Moves,,Water Pulse,2.606
2019-11_gen6ou-0.json,Noivern,Moves,,Other,18.567
2019-11_gen6ou-0.json,Porygon-Z,Stats,Raw count,,319
2019-11_gen6ou-0.json,Porygon-Z,Stats,Avg. weight,,1.0
2019-11_gen6ou-0.json,Porygon-Z,Stats,Viability Ceiling,,82
2019-11_gen6ou-0.json,Porygon-Z,Stats,Modest,,13.480
2019-11_gen6ou-0.json,Porygon-Z,Stats,Timid,,10.972
2019-11_gen6ou-0.json,Porygon-Z,Stats,Quiet,,5.643
2019-11_gen6ou-0.json,Porygon-Z,Abilities,,Adaptability,47.335
2019-11_gen6ou-0.json,Porygon-Z,Abilities,,Download,38.245
2019-11_gen6ou-0.json,Porygon-Z,Abilities,,Analytic,14.42
2019-11_gen6ou-0.json,Porygon-Z,Items,,Choice Scarf,26.332
2019-11_gen6ou-0.json,Porygon-Z,Items,,Leftovers,14.734
2019-11_gen6ou-0.json,Porygon-Z,Items,,Life Orb,13.793
2019-11_gen6ou-0.json,Porygon-Z,Items,,Silk Scarf,12.226
2019-11_gen6ou-0.json,Porygon-Z,Items,,Assault Vest,11.599
2019-11_gen6ou-0.json,Porygon-Z,Items,,Choice Specs,4.702
2019-11_gen6ou-0.json,Porygon-Z,Items,,Focus Sash,4.702
2019-11_gen6ou-0.json,Porygon-Z,Items,,Rocky Helmet,3.762
2019-11_gen6ou-0.json,Porygon-Z,Items,,Metronome,2.508
2019-11_gen6ou-0.json,Porygon-Z,Items,,Lum Berry,2.508
2019-11_gen6ou-0.json,Porygon-Z,Items,,Other,3.135
2019-11_gen6ou-0.json,Porygon-Z,Spreads,,Other,35.737
2019-11_gen6ou-0.json,Porygon-Z,Moves,,Tri Attack,92.79
2019-11_gen6ou-0.json,Porygon-Z,Moves,,Ice Beam,49.53
2019-11_gen6ou-0.json,Porygon-Z,Moves,,Thunderbolt,49.216
2019-11_gen6ou-0.json,Porygon-Z,Moves,,Dark Pulse,31.661
2019-11_gen6ou-0.json,Porygon-Z,Moves,,Hidden Power Fighting,16.614
2019-11_gen6ou-0.json,Porygon-Z,Moves,,Shadow Ball,16.614
2019-11_gen6ou-0.json,Porygon-Z,Moves,,Psyshock,16.301
2019-11_gen6ou-0.json,Porygon-Z,Moves,,Nasty Plot,13.48
2019-11_gen6ou-0.json,Porygon-Z,Moves,,Agility,12.539
2019-11_gen6ou-0.json,Porygon-Z,Moves,,Psychic,11.599
2019-11_gen6ou-0.json,Porygon-Z,Moves,,Uproar,11.599
2019-11_gen6ou-0.json,Porygon-Z,Moves,,Hyper Beam,10.345
2019-11_gen6ou-0.json,Porygon-Z,Moves,,Recover,9.718
2019-11_gen6ou-0.json,Porygon-Z,Moves,,Discharge,9.091
2019-11_gen6ou-0.json,Porygon-Z,Moves,,Protect,5.956
2019-11_gen6ou-0.json,Porygon-Z,Moves,,Trick,5.956
2019-11_gen6ou-0.json,Porygon-Z,Moves,,Trick Room,5.643
2019-11_gen6ou-0.json,Porygon-Z,Moves,,Toxic,5.643
2019-11_gen6ou-0.json,Porygon-Z,Moves,,Foul Play,4.702
2019-11_gen6ou-0.json,Porygon-Z,Moves,,Nothing,2.508
2019-11_gen6ou-0.json,Porygon-Z,Moves,,Other,18.495
2019-11_gen6ou-0.json,Hawlucha,Stats,Raw count,,308
2019-11_gen6ou-0.json,Hawlucha,Stats,Avg. weight,,1.0
2019-11_gen6ou-0.json,Hawlucha,Stats,Viability Ceiling,,86
2019-11_gen6ou-0.json,Hawlucha,Stats,Jolly,,19.805
2019-11_gen6ou-0.json,Hawlucha,Stats,Adamant,,3.896
2019-11_gen6ou-0.json,Hawlucha,Abilities,,Unburden,62.987
2019-11_gen6ou-0.json,Hawlucha,Abilities,,Limber,25.974
2019-11_gen6ou-0.json,Hawlucha,Abilities,,Mold Breaker,11.039
2019-11_gen6ou-0.json,Hawlucha,Items,,Focus Sash,23.377
2019-11_gen6ou-0.json,Hawlucha,Items,,Sitrus Berry,18.831
2019-11_gen6ou-0.json,Hawlucha,Items,,Power Herb,18.182
2019-11_gen6ou-0.json,Hawlucha,Items,,Nothing,14.286
2019-11_gen6ou-0.json,Hawlucha,Items,,Leftovers,9.416
2019-11_gen6ou-0.json,Hawlucha,Items,,Choice Scarf,3.571
2019-11_gen6ou-0.json,Hawlucha,Items,,Life Orb,2.922
2019-11_gen6ou-0.json,Hawlucha,Items,,Assault Vest,0.974
2019-11_gen6ou-0.json,Hawlucha,Items,,Expert Belt,0.974
2019-11_gen6ou-0.json,Hawlucha,Items,,Lansat Berry,0.974
2019-11_gen6ou-0.json,Hawlucha,Items,,Rocky Helmet,0.649
2019-11_gen6ou-0.json,Hawlucha,Items,,Colbur Berry,0.649
2019-11_gen6ou-0.json,Hawlucha,Items,,Miracle Seed,0.649
2019-11_gen6ou-0.json,Hawlucha,Items,,Other,4.545
2019-11_gen6ou-0.json,Hawlucha,Spreads,,Other,42.208
2019-11_gen6ou-0.json,Hawlucha,Moves,,Acrobatics,77.597
2019-11_gen6ou-0.json,Hawlucha,Moves,,High Jump Kick,50.325
2019-11_gen6ou-0.json,Hawlucha,Moves,,Swords Dance,40.26
2019-11_gen6ou-0.json,Hawlucha,Moves,,Drain Punch,36.039
2019-11_gen6ou-0.json,Hawlucha,Moves,,Stone Edge,22.727
2019-11_gen6ou-0.json,Hawlucha,Moves,,Hone Claws,20.455
2019-11_gen6ou-0.json,Hawlucha,Moves,,Sky Attack,19.156
2019-11_gen6ou-0.json,Hawlucha,Moves,,Flying Press,14.286
2019-11_gen6ou-0.json,Hawlucha,Moves,,Fire Punch,10.065
2019-11_gen6ou-0.json,Hawlucha,Moves,,X-Scissor,9.74
2019-11_gen6ou-0.json,Hawlucha,Moves,,Roost,9.091
2019-11_gen6ou-0.json,Hawlucha,Moves,,Iron Head,8.442
2019-11_gen6ou-0.json,Hawlucha,Moves,,Substitute,8.117
2019-11_gen6ou-0.json,Hawlucha,Moves,,Brick Break,7.792
2019-11_gen6ou-0.json,Hawlucha,Moves,,Taunt,7.792
2019-11_gen6ou-0.json,Hawlucha,Moves,,Focus Punch,6.494
2019-11_gen6ou-0.json,Hawlucha,Moves,,Bulk Up,6.169
2019-11_gen6ou-0.json,Hawlucha,Moves,,Thunder Punch,5.519
2019-11_gen6ou-0.json,Hawlucha,Moves,,Poison Jab,4.87
2019-11_gen6ou-0.json,Hawlucha,Moves,,Karate Chop,4.545
2019-11_gen6ou-0.json,Hawlucha,Moves,,Focus Blast,4.221
2019-11_gen6ou-0.json,Hawlucha,Moves,,Nothing,3.896
2019-11_gen6ou-0.json,Hawlucha,Moves,,Aerial Ace,2.597
2019-11_gen6ou-0.json,Hawlucha,Moves,,Other,19.805
2019-11_gen6ou-0.json,Terrakion,Stats,Raw count,,293
2019-11_gen6ou-0.json,Terrakion,Stats,Avg. weight,,1.0
2019-11_gen6ou-0.json,Terrakion,Stats,Viability Ceiling,,93
2019-11_gen6ou-0.json,Terrakion,Stats,Jolly,,7.167
2019-11_gen6ou-0.json,Terrakion,Stats,Adamant,,2.730
2019-11_gen6ou-0.json,Terrakion,Stats,Hardy,,4.778
2019-11_gen6ou-0.json,Terrakion,Abilities,,Justified,100.0
2019-11_gen6ou-0.json,Terrakion,Items,,Choice Scarf,28.328
2019-11_gen6ou-0.json,Terrakion,Items,,Life Orb,21.843
2019-11_gen6ou-0.json,Terrakion,Items,,Choice Band,17.065
2019-11_gen6ou-0.json,Terrakion,Items,,Focus Sash,16.041
2019-11_gen6ou-0.json,Terrakion,Items,,Shuca Berry,4.778
2019-11_gen6ou-0.json,Terrakion,Items,,Assault Vest,2.73
2019-11_gen6ou-0.json,Terrakion,Items,,Earth Plate,2.73
2019-11_gen6ou-0.json,Terrakion,Items,,Leftovers,1.706
2019-11_gen6ou-0.json,Terrakion,Items,,Other,4.778
2019-11_gen6ou-0.json,Terrakion,Spreads,,Other,6.826
2019-11_gen6ou-0.json,Terrakion,Moves,,Close Combat,88.055
2019-11_gen6ou-0.json,Terrakion,Moves,,Stone Edge,86.348
2019-11_gen6ou-0.json,Terrakion,Moves,,Earthquake,39.932
2019-11_gen6ou-0.json,Terrakion,Moves,,Iron Head,30.717
2019-11_gen6ou-0.json,Terrakion,Moves,,Stealth Rock,24.915
2019-11_gen6ou-0.json,Terrakion,Moves,,Swords Dance,20.819
2019-11_gen6ou-0.json,Terrakion,Moves,,Quick Attack,17.406
2019-11_gen6ou-0.json,Terrakion,Moves,,Poison Jab,16.041
2019-11_gen6ou-0.json,Terrakion,Moves,,Rock Slide,12.628
2019-11_gen6ou-0.json,Terrakion,Moves,,Taunt,12.287
2019-11_gen6ou-0.json,Terrakion,Moves,,X-Scissor,10.58
2019-11_gen6ou-0.json,Terrakion,Moves,,Sacred Sword,9.215
2019-11_gen6ou-0.json,Terrakion,Moves,,Rock Polish,6.143
2019-11_gen6ou-0.json,Terrakion,Moves,,Superpower,4.096
2019-11_gen6ou-0.json,Terrakion,Moves,,Zen Headbutt,3.754
2019-11_gen6ou-0.json,Terrakion,Moves,,Other,17.065
2019-11_gen6ou-0.json,Blastoise,Stats,Raw count,,303
2019-11_gen6ou-0.json,Blastoise,Stats,Avg. weight,,1.0
2019-11_gen6ou-0.json,Blastoise,Stats,Viability Ceiling,,76
2019-11_gen6ou-0.json,Blastoise,Stats,Modest,,7.921
2019-11_gen6ou-0.json,Blastoise,Stats,Bold,,4.950
2019-11_gen6ou-0.json,Blastoise,Stats,Adamant,,6.931
2019-11_gen6ou-0.json,Blastoise,Stats,Quiet,,5.941
2019-11_gen6ou-0.json,Blastoise,Stats,Timid,,4.290
2019-11_gen6ou-0.json,Blastoise,Abilities,,Torrent,83.828
2019-11_gen6ou-0.json,Blastoise,Abilities,,Rain Dish,16.172
2019-11_gen6ou-0.json,Blastoise,Items,,Assault Vest,19.802
2019-11_gen6ou-0.json,Blastoise,Items,,Leftovers,19.802
2019-11_gen6ou-0.json,Blastoise,Items,,Nothing,9.571
2019-11_gen6ou-0.json,Blastoise,Items,,Rocky Helmet,7.591
2019-11_gen6ou-0.json,Blastoise,Items,,Damp Rock,6.931
2019-11_gen6ou-0.json,Blastoise,Items,,Choice Scarf,6.271
2019-11_gen6ou-0.json,Blastoise,Items,,Focus Sash,5.941
2019-11_gen6ou-0.json,Blastoise,Items,,Mystic Water,5.281
2019-11_gen6ou-0.json,Blastoise,Items,,Sitrus Berry,2.97
2019-11_gen6ou-0.json,Blastoise,Items,,Iapapa Berry,2.97
2019-11_gen6ou-0.json,Blastoise,Items,,Wave Incense,2.64
2019-11_gen6ou-0.json,Blastoise,Items,,Shell Bell,2.64
2019-11_gen6ou-0.json,Blastoise,Items,,Choice Specs,1.65
2019-11_gen6ou-0.json,Blastoise,Items,,Dragon Fang,1.65
2019-11_gen6ou-0.json,Blastoise,Items,,Other,4.29
2019-11_gen6ou-0.json,Blastoise,Spreads,,Other,62.706
2019-11_gen6ou-0.json,Blastoise,Moves,,Ice Beam,55.776
2019-11_gen6ou-0.json,Blastoise,Moves,,Scald,41.254
2019-11_gen6ou-0.json,Blastoise,Moves,,Rapid Spin,36.304
2019-11_gen6ou-0.json,Blastoise,Moves,,Hydro Pump,35.644
2019-11_gen6ou-0.json,Blastoise,Moves,,Aqua Tail,18.482
2019-11_gen6ou-0.json,Blastoise,Moves,,Earthquake,14.521
2019-11_gen6ou-0.json,Blastoise,Moves,,Roar,14.191
2019-11_gen6ou-0.json,Blastoise,Moves,,Aura Sphere,12.871
2019-11_gen6ou-0.json,Blastoise,Moves,,Surf,11.881
2019-11_gen6ou-0.json,Blastoise,Moves,,Aqua Jet,11.551
2019-11_gen6ou-0.json,Blastoise,Moves,,Brick Break,10.231
2019-11_gen6ou-0.json,Blastoise,Moves,,Water Spout,9.571
2019-11_gen6ou-0.json,Blastoise,Moves,,Rain Dance,9.241
2019-11_gen6ou-0.json,Blastoise,Moves,,Dark Pulse,8.581
2019-11_gen6ou-0.json,Blastoise,Moves,,Toxic,7.591
2019-11_gen6ou-0.json,Blastoise,Moves,,Dig,7.261
2019-11_gen6ou-0.json,Blastoise,Moves,,Blizzard,7.261
2019-11_gen6ou-0.json,Blastoise,Moves,,Power-Up Punch,6.931
2019-11_gen6ou-0.json,Blastoise,Moves,,Focus Blast,6.931
2019-11_gen6ou-0.json,Blastoise,Moves,,Dragon Pulse,6.601
2019-11_gen6ou-0.json,Blastoise,Moves,,Hidden Power Fire,6.601
2019-11_gen6ou-0.json,Blastoise,Moves,,Hydro Cannon,6.271
2019-11_gen6ou-0.json,Blastoise,Moves,,Hidden Power Electric,5.611
2019-11_gen6ou-0.json,Blastoise,Moves,,Dragon Tail,4.62
2019-11_gen6ou-0.json,Blastoise,Moves,,Bite,3.96
2019-11_gen6ou-0.json,Blastoise,Moves,,Waterfall,3.63
2019-11_gen6ou-0.json,Blastoise,Moves,,Protect,3.63
2019-11_gen6ou-0.json,Blastoise,Moves,,Avalanche,2.97
2019-11_gen6ou-0.json,Blastoise,Moves,,Fake Out,2.64
2019-11_gen6ou-0.json,Blastoise,Moves,,Mirror Coat,2.31
2019-11_gen6ou-0.json,Blastoise,Moves,,Seismic Toss,2.31
2019-11_gen6ou-0.json,Blastoise,Moves,,Rock Tomb,1.98
2019-11_gen6ou-0.json,Blastoise,Moves,,Hidden Power Ground,1.98
2019-11_gen6ou-0.json,Blastoise,Moves,,Other,18.812
2019-11_gen6ou-0.json,Slowking,Stats,Raw count,,283
2019-11_gen6ou-0.json,Slowking,Stats,Avg. weight,,1.0
2019-11_gen6ou-0.json,Slowking,Stats,Viability Ceiling,,88
2019-11_gen6ou-0.json,Slowking,Stats,Quiet,,47.703
2019-11_gen6ou-0.json,Slowking,Stats,Bold,,10.601
2019-11_gen6ou-0.json,Slowking,Stats,Calm,,3.180
2019-11_gen6ou-0.json,Slowking,Stats,Hardy,,3.534
2019-11_gen6ou-0.json,Slowking,Abilities,,Regenerator,94.7
2019-11_gen6ou-0.json,Slowking,Abilities,,Oblivious,4.594
2019-11_gen6ou-0.json,Slowking,Abilities,,Own Tempo,0.707
2019-11_gen6ou-0.json,Slowking,Items,,Leftovers,51.59
2019-11_gen6ou-0.json,Slowking,Items,,Life Orb,39.223
2019-11_gen6ou-0.json,Slowking,Items,,Colbur Berry,3.887
2019-11_gen6ou-0.json,Slowking,Items,,Nothing,1.767
2019-11_gen6ou-0.json,Slowking,Items,,Other,3.534
2019-11_gen6ou-0.json,Slowking,Spreads,,Other,21.555
2019-11_gen6ou-0.json,Slowking,Moves,,Scald,81.979
2019-11_gen6ou-0.json,Slowking,Moves,,Psyshock,67.138
2019-11_gen6ou-0.json,Slowking,Moves,,Trick Room,49.117
2019-11_gen6ou-0.json,Slowking,Moves,,Slack Off,47.35
2019-11_gen6ou-0.json,Slowking,Moves,,Flamethrower,29.682
2019-11_gen6ou-0.json,Slowking,Moves,,Thunder Wave,21.201
2019-11_gen6ou-0.json,Slowking,Moves,,Toxic,15.548
2019-11_gen6ou-0.json,Slowking,Moves,,Protect,14.841
2019-11_gen6ou-0.json,Slowking,Moves,,Surf,14.134
2019-11_gen6ou-0.json,Slowking,Moves,,Calm Mind,13.781
2019-11_gen6ou-0.json,Slowking,Moves,,Psychic,8.481
2019-11_gen6ou-0.json,Slowking,Moves,,Fire Blast,8.481
2019-11_gen6ou-0.json,Slowking,Moves,,Ice Beam,8.127
2019-11_gen6ou-0.json,Slowking,Moves,,Shadow Ball,7.42
2019-11_gen6ou-0.json,Slowking,Moves,,Other,12.721
2019-11_gen6ou-0.json,Gastrodon,Stats,Raw count,,289
2019-11_gen6ou-0.json,Gastrodon,Stats,Avg. weight,,1.0
2019-11_gen6ou-0.json,Gastrodon,Stats,Viability Ceiling,,90
2019-11_gen6ou-0.json,Gastrodon,Stats,Bold,,15.917
2019-11_gen6ou-0.json,Gastrodon,Stats,Hardy,,10.035
2019-11_gen6ou-0.json,Gastrodon,Stats,Sassy,,9.343
2019-11_gen6ou-0.json,Gastrodon,Stats,Relaxed,,4.498
2019-11_gen6ou-0.json,Gastrodon,Stats,Modest,,4.844
2019-11_gen6ou-0.json,Gastrodon,Abilities,,Storm Drain,88.581
2019-11_gen6ou-0.json,Gastrodon,Abilities,,Sticky Hold,11.419
2019-11_gen6ou-0.json,Gastrodon,Items,,Leftovers,84.083
2019-11_gen6ou-0.json,Gastrodon,Items,,Life Orb,4.152
2019-11_gen6ou-0.json,Gastrodon,Items,,Rindo Berry,2.768
2019-11_gen6ou-0.json,Gastrodon,Items,,Binding Band,2.768
2019-11_gen6ou-0.json,Gastrodon,Items,,Nothing,1.73
2019-11_gen6ou-0.json,Gastrodon,Items,,Other,4.498
2019-11_gen6ou-0.json,Gastrodon,Spreads,,Other,46.367
2019-11_gen6ou-0.json,Gastrodon,Moves,,Recover,90.311
2019-11_gen6ou-0.json,Gastrodon,Moves,,Scald,86.159
2019-11_gen6ou-0.json,Gastrodon,Moves,,Toxic,62.976
2019-11_gen6ou-0.json,Gastrodon,Moves,,Earthquake,45.675
2019-11_gen6ou-0.json,Gastrodon,Moves,,Earth Power,28.028
2019-11_gen6ou-0.json,Gastrodon,Moves,,Ice Beam,26.644
2019-11_gen6ou-0.json,Gastrodon,Moves,,Curse,20.069
2019-11_gen6ou-0.json,Gastrodon,Moves,,Clear Smog,5.882
2019-11_gen6ou-0.json,Gastrodon,Moves,,Waterfall,5.536
2019-11_gen6ou-0.json,Gastrodon,Moves,,Surf,5.19
2019-11_gen6ou-0.json,Gastrodon,Moves,,Infestation,4.498
2019-11_gen6ou-0.json,Gastrodon,Moves,,Other,19.031
2019-11_gen6ou-0.json,Crawdaunt,Stats,Raw count,,272
2019-11_gen6ou-0.json,Crawdaunt,Stats,Avg. weight,,1.0
2019-11_gen6ou-0.json,Crawdaunt,Stats,Viability Ceiling,,86
2019-11_gen6ou-0.json,Crawdaunt,Stats,Adamant,,8.088
2019-11_gen6ou-0.json,Crawdaunt,Stats,Jolly,,5.515
2019-11_gen6ou-0.json,Crawdaunt,Abilities,,Adaptability,88.235
2019-11_gen6ou-0.json,Crawdaunt,Abilities,,Hyper Cutter,7.721
2019-11_gen6ou-0.json,Crawdaunt,Abilities,,Shell Armor,4.044
2019-11_gen6ou-0.json,Crawdaunt,Items,,Choice Band,45.221
2019-11_gen6ou-0.json,Crawdaunt,Items,,Life Orb,12.868
2019-11_gen6ou-0.json,Crawdaunt,Items,,Focus Sash,9.191
2019-11_gen6ou-0.json,Crawdaunt,Items,,Mystic Water,8.824
2019-11_gen6ou-0.json,Crawdaunt,Items,,Assault Vest,8.088
2019-11_gen6ou-0.json,Crawdaunt,Items,,Rocky Helmet,3.309
2019-11_gen6ou-0.json,Crawdaunt,Items,,Lum Berry,2.574
2019-11_gen6ou-0.json,Crawdaunt,Items,,Muscle Band,2.206
2019-11_gen6ou-0.json,Crawdaunt,Items,,Figy Berry,1.838
2019-11_gen6ou-0.json,Crawdaunt,Items,,Quick Claw,1.471
2019-11_gen6ou-0.json,Crawdaunt,Items,,Other,4.412
2019-11_gen6ou-0.json,Crawdaunt,Spreads,,Other,32.353
2019-11_gen6ou-0.json,Crawdaunt,Moves,,Crabhammer,93.382
2019-11_gen6ou-0.json,Crawdaunt,Moves,,Aqua Jet,89.706
2019-11_gen6ou-0.json,Crawdaunt,Moves,,Knock Off,83.088
2019-11_gen6ou-0.json,Crawdaunt,Moves,,Crunch,50.368
2019-11_gen6ou-0.json,Crawdaunt,Moves,,Swords Dance,22.426
2019-11_gen6ou-0.json,Crawdaunt,Moves,,Dragon Dance,16.544
2019-11_gen6ou-0.json,Crawdaunt,Moves,,Superpower,15.074
2019-11_gen6ou-0.json,Crawdaunt,Moves,,Brick Break,4.044
2019-11_gen6ou-0.json,Crawdaunt,Moves,,Night Slash,3.309
2019-11_gen6ou-0.json,Crawdaunt,Moves,,Avalanche,2.574
2019-11_gen6ou-0.json,Crawdaunt,Moves,,Other,19.485
2019-11_gen6ou-0.json,Delphox,Stats,Raw count,,280
2019-11_gen6ou-0.json,Delphox,Stats,Avg. weight,,1.0
2019-11_gen6ou-0.json,Delphox,Stats,Viability Ceiling,,57
2019-11_gen6ou-0.json,Delphox,Stats,Timid,,3.929
2019-11_gen6ou-0.json,Delphox,Stats,Brave,,3.571
2019-11_gen6ou-0.json,Delphox,Stats,Calm,,3.571
2019-11_gen6ou-0.json,Delphox,Stats,Lonely,,2.857
2019-11_gen6ou-0.json,Delphox,Abilities,,Blaze,77.143
2019-11_gen6ou-0.json,Delphox,Abilities,,Magician,22.857
2019-11_gen6ou-0.json,Delphox,Items,,Salac Berry,15.357
2019-11_gen6ou-0.json,Delphox,Items,,Nothing,14.286
2019-11_gen6ou-0.json,Delphox,Items,,Leftovers,13.214
2019-11_gen6ou-0.json,Delphox,Items,,Life Orb,12.5
2019-11_gen6ou-0.json,Delphox,Items,,Sitrus Berry,8.214
2019-11_gen6ou-0.json,Delphox,Items,,Focus Sash,7.5
2019-11_gen6ou-0.json,Delphox,Items,,Flame Orb,5.357
2019-11_gen6ou-0.json,Delphox,Items,,Choice Scarf,5.0
2019-11_gen6ou-0.json,Delphox,Items,,Assault Vest,3.571
2019-11_gen6ou-0.json,Delphox,Items,,Wise Glasses,2.143
2019-11_gen6ou-0.json,Delphox,Items,,Absorb Bulb,2.143
2019-11_gen6ou-0.json,Delphox,Items,,Wiki Berry,2.143
2019-11_gen6ou-0.json,Delphox,Items,,Flame Plate,1.786
2019-11_gen6ou-0.json,Delphox,Items,,Choice Specs,1.429
2019-11_gen6ou-0.json,Delphox,Items,,Rocky Helmet,1.071
2019-11_gen6ou-0.json,Delphox,Items,,Other,4.286
2019-11_gen6ou-0.json,Delphox,Spreads,,Other,23.571
2019-11_gen6ou-0.json,Delphox,Moves,,Calm Mind,71.429
2019-11_gen6ou-0.json,Delphox,Moves,,Psychic,70.0
2019-11_gen6ou-0.json,Delphox,Moves,,Flamethrower,49.286
2019-11_gen6ou-0.json,Delphox,Moves,,Fire Blast,26.786
2019-11_gen6ou-0.json,Delphox,Moves,,Dazzling Gleam,25.714
2019-11_gen6ou-0.json,Delphox,Moves,,Mystical Fire,20.714
2019-11_gen6ou-0.json,Delphox,Moves,,Psyshock,20.357
2019-11_gen6ou-0.json,Delphox,Moves,,Grass Knot,19.286
2019-11_gen6ou-0.json,Delphox,Moves,,Substitute,14.643
2019-11_gen6ou-0.json,Delphox,Moves,,Shadow Ball,14.643
2019-11_gen6ou-0.json,Delphox,Moves,,Heat Wave,9.643
2019-11_gen6ou-0.json,Delphox,Moves,,Hypnosis,8.571
2019-11_gen6ou-0.json,Delphox,Moves,,Overheat,7.857
2019-11_gen6ou-0.json,Delphox,Moves,,Hidden Power Ice,5.714
2019-11_gen6ou-0.json,Delphox,Moves,,Will-O-Wisp,5.0
2019-11_gen6ou-0.json,Delphox,Moves,,Blast Burn,3.214
2019-11_gen6ou-0.json,Delphox,Moves,,Foul Play,2.857
2019-11_gen6ou-0.json,Delphox,Moves,,Cut,2.857
2019-11_gen6ou-0.json,Delphox,Moves,,Shock Wave,2.143
2019-11_gen6ou-0.json,Delphox,Moves,,Other,19.286
2019-11_gen6ou-0.json,Alomomola,Stats,Raw count,,269
2019-11_gen6ou-0.json,Alomomola,Stats,Avg. weight,,1.0
2019-11_gen6ou-0.json,Alomomola,Stats,Viability Ceiling,,88
2019-11_gen6ou-0.json,Alomomola,Stats,Impish,,4.089
2019-11_gen6ou-0.json,Alomomola,Stats,Calm,,14.870
2019-11_gen6ou-0.json,Alomomola,Stats,Bold,,5.576
2019-11_gen6ou-0.json,Alomomola,Abilities,,Regenerator,98.885
2019-11_gen6ou-0.json,Alomomola,Abilities,,Healer,1.115
2019-11_gen6ou-0.json,Alomomola,Items,,Leftovers,50.186
2019-11_gen6ou-0.json,Alomomola,Items,,Rocky Helmet,48.327
2019-11_gen6ou-0.json,Alomomola,Items,,Other,1.487
2019-11_gen6ou-0.json,Alomomola,Spreads,,Other,15.985
2019-11_gen6ou-0.json,Alomomola,Moves,,Protect,98.513
2019-11_gen6ou-0.json,Alomomola,Moves,,Wish,96.283
2019-11_gen6ou-0.json,Alomomola,Moves,,Toxic,93.309
2019-11_gen6ou-0.json,Alomomola,Moves,,Knock Off,68.773
2019-11_gen6ou-0.json,Alomomola,Moves,,Scald,33.457
2019-11_gen6ou-0.json,Alomomola,Moves,,Other,9.665
2019-11_gen6ou-0.json,Donphan,Stats,Raw count,,268
2019-11_gen6ou-0.json,Donphan,Stats,Avg. weight,,1.0
2019-11_gen6ou-0.json,Donphan,Stats,Viability Ceiling,,89
2019-11_gen6ou-0.json,Donphan,Stats,Careful,,22.388
2019-11_gen6ou-0.json,Donphan,Stats,Brave,,14.179
2019-11_gen6ou-0.json,Donphan,Stats,Adamant,,8.582
2019-11_gen6ou-0.json,Donphan,Stats,Hardy,,3.731
2019-11_gen6ou-0.json,Donphan,Abilities,,Sturdy,96.269
2019-11_gen6ou-0.json,Donphan,Abilities,,Sand Veil,3.731
2019-11_gen6ou-0.json,Donphan,Items,,Leftovers,62.313
2019-11_gen6ou-0.json,Donphan,Items,,Assault Vest,18.284
2019-11_gen6ou-0.json,Donphan,Items,,Rocky Helmet,3.731
2019-11_gen6ou-0.json,Donphan,Items,,Never-Melt Ice,2.985
2019-11_gen6ou-0.json,Donphan,Items,,Custap Berry,2.612
2019-11_gen6ou-0.json,Donphan,Items,,Red Card,1.866
2019-11_gen6ou-0.json,Donphan,Items,,Aguav Berry,1.493
2019-11_gen6ou-0.json,Donphan,Items,,Shell Bell,1.119
2019-11_gen6ou-0.json,Donphan,Items,,Expert Belt,1.119
2019-11_gen6ou-0.json,Donphan,Items,,Other,4.478
2019-11_gen6ou-0.json,Donphan,Spreads,,Other,29.478
2019-11_gen6ou-0.json,Donphan,Moves,,Earthquake,98.881
2019-11_gen6ou-0.json,Donphan,Moves,,Rapid Spin,80.597
2019-11_gen6ou-0.json,Donphan,Moves,,Stealth Rock,60.448
2019-11_gen6ou-0.json,Donphan,Moves,,Ice Shard,50.373
2019-11_gen6ou-0.json,Donphan,Moves,,Knock Off,38.06
2019-11_gen6ou-0.json,Donphan,Moves,,Gunk Shot,37.313
2019-11_gen6ou-0.json,Donphan,Moves,,Gyro Ball,6.343
2019-11_gen6ou-0.json,Donphan,Moves,,Poison Jab,5.224
2019-11_gen6ou-0.json,Donphan,Moves,,Head Smash,3.731
2019-11_gen6ou-0.json,Donphan,Moves,,Other,19.03
2019-11_gen6ou-0.json,Darmanitan,Stats,Raw count,,268
2019-11_gen6ou-0.json,Darmanitan,Stats,Avg. weight,,1.0
2019-11_gen6ou-0.json,Darmanitan,Stats,Viability Ceiling,,77
2019-11_gen6ou-0.json,Darmanitan,Stats,Jolly,,21.642
2019-11_gen6ou-0.json,Darmanitan,Stats,Adamant,,4.104
2019-11_gen6ou-0.json,Darmanitan,Stats,Hardy,,5.597
2019-11_gen6ou-0.json,Darmanitan,Abilities,,Sheer Force,97.015
2019-11_gen6ou-0.json,Darmanitan,Abilities,,Zen Mode,2.985
2019-11_gen6ou-0.json,Darmanitan,Items,,Choice Scarf,47.388
2019-11_gen6ou-0.json,Darmanitan,Items,,Choice Band,24.254
2019-11_gen6ou-0.json,Darmanitan,Items,,Life Orb,7.463
2019-11_gen6ou-0.json,Darmanitan,Items,,Air Balloon,6.716
2019-11_gen6ou-0.json,Darmanitan,Items,,Leftovers,4.478
2019-11_gen6ou-0.json,Darmanitan,Items,,Assault Vest,3.358
2019-11_gen6ou-0.json,Darmanitan,Items,,Focus Sash,1.866
2019-11_gen6ou-0.json,Darmanitan,Items,,Other,4.478
2019-11_gen6ou-0.json,Darmanitan,Spreads,,Other,22.388
2019-11_gen6ou-0.json,Darmanitan,Moves,,Flare Blitz,75.373
2019-11_gen6ou-0.json,Darmanitan,Moves,,U-turn,75.373
2019-11_gen6ou-0.json,Darmanitan,Moves,,Earthquake,68.284
2019-11_gen6ou-0.json,Darmanitan,Moves,,Rock Slide,37.313
2019-11_gen6ou-0.json,Darmanitan,Moves,,Stone Edge,27.612
2019-11_gen6ou-0.json,Darmanitan,Moves,,Superpower,25.373
2019-11_gen6ou-0.json,Darmanitan,Moves,,Fire Punch,19.776
2019-11_gen6ou-0.json,Darmanitan,Moves,,Hammer Arm,11.94
2019-11_gen6ou-0.json,Darmanitan,Moves,,Brick Break,7.09
2019-11_gen6ou-0.json,Darmanitan,Moves,,Fire Blast,7.09
2019-11_gen6ou-0.json,Darmanitan,Moves,,Taunt,6.716
2019-11_gen6ou-0.json,Darmanitan,Moves,,Zen Headbutt,6.343
2019-11_gen6ou-0.json,Darmanitan,Moves,,Endeavor,4.851
2019-11_gen6ou-0.json,Darmanitan,Moves,,Return,2.612
2019-11_gen6ou-0.json,Darmanitan,Moves,,Flame Charge,2.239
2019-11_gen6ou-0.json,Darmanitan,Moves,,Belly Drum,2.239
2019-11_gen6ou-0.json,Darmanitan,Moves,,Other,19.776
2019-11_gen6ou-0.json,Heliolisk,Stats,Raw count,,251
2019-11_gen6ou-0.json,Heliolisk,Stats,Avg. weight,,1.0
2019-11_gen6ou-0.json,Heliolisk,Stats,Viability Ceiling,,65
2019-11_gen6ou-0.json,Heliolisk,Stats,Timid,,3.187
2019-11_gen6ou-0.json,Heliolisk,Stats,Hardy,,2.789
2019-11_gen6ou-0.json,Heliolisk,Stats,Modest,,2.390
2019-11_gen6ou-0.json,Heliolisk,Abilities,,Dry Skin,82.869
2019-11_gen6ou-0.json,Heliolisk,Abilities,,Solar Power,13.147
2019-11_gen6ou-0.json,Heliolisk,Abilities,,Sand Veil,3.984
2019-11_gen6ou-0.json,Heliolisk,Items,,Life Orb,23.506
2019-11_gen6ou-0.json,Heliolisk,Items,,Choice Specs,22.709
2019-11_gen6ou-0.json,Heliolisk,Items,,Air Balloon,13.546
2019-11_gen6ou-0.json,Heliolisk,Items,,Choice Scarf,7.171
2019-11_gen6ou-0.json,Heliolisk,Items,,Leftovers,5.976
2019-11_gen6ou-0.json,Heliolisk,Items,,Focus Sash,4.382
2019-11_gen6ou-0.json,Heliolisk,Items,,Nothing,4.382
2019-11_gen6ou-0.json,Heliolisk,Items,,Magnet,2.789
2019-11_gen6ou-0.json,Heliolisk,Items,,Assault Vest,2.789
2019-11_gen6ou-0.json,Heliolisk,Items,,Expert Belt,1.992
2019-11_gen6ou-0.json,Heliolisk,Items,,Sitrus Berry,1.992
2019-11_gen6ou-0.json,Heliolisk,Items,,Bright Powder,1.594
2019-11_gen6ou-0.json,Heliolisk,Items,,Cell Battery,1.195
2019-11_gen6ou-0.json,Heliolisk,Items,,King's Rock,1.195
2019-11_gen6ou-0.json,Heliolisk,Items,,Other,4.781
2019-11_gen6ou-0.json,Heliolisk,Spreads,,Other,15.936
2019-11_gen6ou-0.json,Heliolisk,Moves,,Surf,60.956
2019-11_gen6ou-0.json,Heliolisk,Moves,,Volt Switch,57.371
2019-11_gen6ou-0.json,Heliolisk,Moves,,Hyper Voice,49.004
2019-11_gen6ou-0.json,Heliolisk,Moves,,Thunderbolt,46.215
2019-11_gen6ou-0.json,Heliolisk,Moves,,Thunder,25.498
2019-11_gen6ou-0.json,Heliolisk,Moves,,Focus Blast,21.116
2019-11_gen6ou-0.json,Heliolisk,Moves,,Glare,17.928
2019-11_gen6ou-0.json,Heliolisk,Moves,,Dragon Pulse,14.741
2019-11_gen6ou-0.json,Heliolisk,Moves,,Dark Pulse,14.741
2019-11_gen6ou-0.json,Heliolisk,Moves,,Rain Dance,13.944
2019-11_gen6ou-0.json,Heliolisk,Moves,,U-turn,11.554
2019-11_gen6ou-0.json,Heliolisk,Moves,,Grass Knot,11.554
2019-11_gen6ou-0.json,Heliolisk,Moves,,Parabolic Charge,9.96
2019-11_gen6ou-0.json,Heliolisk,Moves,,Hidden Power Grass,9.562
2019-11_gen6ou-0.json,Heliolisk,Moves,,Dragon Tail,5.179
2019-11_gen6ou-0.json,Heliolisk,Moves,,Signal Beam,5.179
2019-11_gen6ou-0.json,Heliolisk,Moves,,Hidden Power Psychic,3.187
2019-11_gen6ou-0.json,Heliolisk,Moves,,Thunder Wave,3.187
2019-11_gen6ou-0.json,Heliolisk,Moves,,Other,19.124
2019-11_gen6ou-0.json,Aerodactyl,Stats,Raw count,,259
2019-11_gen6ou-0.json,Aerodactyl,Stats,Avg. weight,,1.0
2019-11_gen6ou-0.json,Aerodactyl,Stats,Viability Ceiling,,64
2019-11_gen6ou-0.json,Aerodactyl,Stats,Jolly,,13.127
2019-11_gen6ou-0.json,Aerodactyl,Stats,Hardy,,1.544
2019-11_gen6ou-0.json,Aerodactyl,Stats,Hasty,,1.544
2019-11_gen6ou-0.json,Aerodactyl,Abilities,,Unnerve,68.726
2019-11_gen6ou-0.json,Aerodactyl,Abilities,,Rock Head,25.869
2019-11_gen6ou-0.json,Aerodactyl,Abilities,,Pressure,5.405
2019-11_gen6ou-0.json,Aerodactyl,Items,,Power Herb,39.382
2019-11_gen6ou-0.json,Aerodactyl,Items,,Focus Sash,31.274
2019-11_gen6ou-0.json,Aerodactyl,Items,,Nothing,8.494
2019-11_gen6ou-0.json,Aerodactyl,Items,,Leftovers,6.564
2019-11_gen6ou-0.json,Aerodactyl,Items,,Choice Band,4.247
2019-11_gen6ou-0.json,Aerodactyl,Items,,Life Orb,3.089
2019-11_gen6ou-0.json,Aerodactyl,Items,,Focus Band,1.544
2019-11_gen6ou-0.json,Aerodactyl,Items,,Assault Vest,0.772
2019-11_gen6ou-0.json,Aerodactyl,Items,,Other,4.633
2019-11_gen6ou-0.json,Aerodactyl,Spreads,,Other,14.286
2019-11_gen6ou-0.json,Aerodactyl,Moves,,Earthquake,47.876
2019-11_gen6ou-0.json,Aerodactyl,Moves,,Crunch,44.402
2019-11_gen6ou-0.json,Aerodactyl,Moves,,Rock Slide,40.541
2019-11_gen6ou-0.json,Aerodactyl,Moves,,Sky Attack,38.996
2019-11_gen6ou-0.json,Aerodactyl,Moves,,Aqua Tail,38.224
2019-11_gen6ou-0.json,Aerodactyl,Moves,,Stone Edge,37.066
2019-11_gen6ou-0.json,Aerodactyl,Moves,,Stealth Rock,34.749
2019-11_gen6ou-0.json,Aerodactyl,Moves,,Taunt,28.185
2019-11_gen6ou-0.json,Aerodactyl,Moves,,Double-Edge,14.286
2019-11_gen6ou-0.json,Aerodactyl,Moves,,Iron Head,11.583
2019-11_gen6ou-0.json,Aerodactyl,Moves,,Fire Blast,9.266
2019-11_gen6ou-0.json,Aerodactyl,Moves,,Facade,7.722
2019-11_gen6ou-0.json,Aerodactyl,Moves,,Dragon Claw,7.336
2019-11_gen6ou-0.json,Aerodactyl,Moves,,Fire Fang,4.247
2019-11_gen6ou-0.json,Aerodactyl,Moves,,Roost,3.861
2019-11_gen6ou-0.json,Aerodactyl,Moves,,Ice Fang,3.475
2019-11_gen6ou-0.json,Aerodactyl,Moves,,Dragon Pulse,3.475
2019-11_gen6ou-0.json,Aerodactyl,Moves,,Defog,3.089
2019-11_gen6ou-0.json,Aerodactyl,Moves,,Flamethrower,2.703
2019-11_gen6ou-0.json,Aerodactyl,Moves,,Other,18.919
2019-11_gen6ou-0.json,Lapras,Stats,Raw count,,257
2019-11_gen6ou-0.json,Lapras,Stats,Avg. weight,,1.0
2019-11_gen6ou-0.json,Lapras,Stats,Viability Ceiling,,55
2019-11_gen6ou-0.json,Lapras,Stats,Modest,,5.837
2019-11_gen6ou-0.json,Lapras,Stats,Calm,,6.226
2019-11_gen6ou-0.json,Lapras,Stats,Quiet,,5.447
2019-11_gen6ou-0.json,Lapras,Abilities,,Water Absorb,64.202
2019-11_gen6ou-0.json,Lapras,Abilities,,Shell Armor,21.401
2019-11_gen6ou-0.json,Lapras,Abilities,,Hydration,14.397
2019-11_gen6ou-0.json,Lapras,Items,,Leftovers,32.685
2019-11_gen6ou-0.json,Lapras,Items,,Expert Belt,15.564
2019-11_gen6ou-0.json,Lapras,Items,,Assault Vest,14.786
2019-11_gen6ou-0.json,Lapras,Items,,Nothing,8.949
2019-11_gen6ou-0.json,Lapras,Items,,Sitrus Berry,5.058
2019-11_gen6ou-0.json,Lapras,Items,,Life Orb,4.669
2019-11_gen6ou-0.json,Lapras,Items,,Choice Specs,3.891
2019-11_gen6ou-0.json,Lapras,Items,,Choice Scarf,2.335
2019-11_gen6ou-0.json,Lapras,Items,,Focus Sash,1.946
2019-11_gen6ou-0.json,Lapras,Items,,Sea Incense,1.946
2019-11_gen6ou-0.json,Lapras,Items,,Chesto Berry,1.556
2019-11_gen6ou-0.json,Lapras,Items,,Mystic Water,1.556
2019-11_gen6ou-0.json,Lapras,Items,,Damp Rock,1.167
2019-11_gen6ou-0.json,Lapras,Items,,Other,3.891
2019-11_gen6ou-0.json,Lapras,Spreads,,Other,49.027
2019-11_gen6ou-0.json,Lapras,Moves,,Surf,49.027
2019-11_gen6ou-0.json,Lapras,Moves,,Ice Beam,44.358
2019-11_gen6ou-0.json,Lapras,Moves,,Freeze-Dry,37.354
2019-11_gen6ou-0.json,Lapras,Moves,,Psychic,28.794
2019-11_gen6ou-0.json,Lapras,Moves,,Hydro Pump,25.292
2019-11_gen6ou-0.json,Lapras,Moves,,Rain Dance,19.844
2019-11_gen6ou-0.json,Lapras,Moves,,Dragon Pulse,16.342
2019-11_gen6ou-0.json,Lapras,Moves,,Ancient Power,16.342
2019-11_gen6ou-0.json,Lapras,Moves,,Thunderbolt,15.175
2019-11_gen6ou-0.json,Lapras,Moves,,Avalanche,11.284
2019-11_gen6ou-0.json,Lapras,Moves,,Waterfall,10.506
2019-11_gen6ou-0.json,Lapras,Moves,,Ice Shard,8.56
2019-11_gen6ou-0.json,Lapras,Moves,,Blizzard,8.171
2019-11_gen6ou-0.json,Lapras,Moves,,Aqua Tail,8.171
2019-11_gen6ou-0.json,Lapras,Moves,,Brine,7.782
2019-11_gen6ou-0.json,Lapras,Moves,,Body Slam,7.782
2019-11_gen6ou-0.json,Lapras,Moves,,Thunder,7.004
2019-11_gen6ou-0.json,Lapras,Moves,,Protect,7.004
2019-11_gen6ou-0.json,Lapras,Moves,,Perish Song,7.004
2019-11_gen6ou-0.json,Lapras,Moves,,Substitute,5.837
2019-11_gen6ou-0.json,Lapras,Moves,,Toxic,5.447
2019-11_gen6ou-0.json,Lapras,Moves,,Drill Run,5.447
2019-11_gen6ou-0.json,Lapras,Moves,,Dragon Dance,5.058
2019-11_gen6ou-0.json,Lapras,Moves,,Refresh,3.891
2019-11_gen6ou-0.json,Lapras,Moves,,Confuse Ray,3.502
2019-11_gen6ou-0.json,Lapras,Moves,,Rest,3.113
2019-11_gen6ou-0.json,Lapras,Moves,,Outrage,3.113
2019-11_gen6ou-0.json,Lapras,Moves,,Dream Eater,2.724
2019-11_gen6ou-0.json,Lapras,Moves,,Water Pulse,2.724
2019-11_gen6ou-0.json,Lapras,Moves,,Heal Bell,2.724
2019-11_gen6ou-0.json,Lapras,Moves,,Curse,2.724
2019-11_gen6ou-0.json,Lapras,Moves,,Other,17.899
2019-11_gen6ou-0.json,Porygon2,Stats,Raw count,,253
2019-11_gen6ou-0.json,Porygon2,Stats,Avg. weight,,1.0
2019-11_gen6ou-0.json,Porygon2,Stats,Viability Ceiling,,75
2019-11_gen6ou-0.json,Porygon2,Stats,Modest,,7.905
2019-11_gen6ou-0.json,Porygon2,Stats,Calm,,6.719
2019-11_gen6ou-0.json,Porygon2,Stats,Bold,,6.719
2019-11_gen6ou-0.json,Porygon2,Abilities,,Trace,48.221
2019-11_gen6ou-0.json,Porygon2,Abilities,,Download,35.968
2019-11_gen6ou-0.json,Porygon2,Abilities,,Analytic,15.81
2019-11_gen6ou-0.json,Porygon2,Items,,Eviolite,95.257
2019-11_gen6ou-0.json,Porygon2,Items,,Other,4.743
2019-11_gen6ou-0.json,Porygon2,Spreads,,Other,45.85
2019-11_gen6ou-0.json,Porygon2,Moves,,Recover,88.142
2019-11_gen6ou-0.json,Porygon2,Moves,,Ice Beam,81.423
2019-11_gen6ou-0.json,Porygon2,Moves,,Thunderbolt,54.941
2019-11_gen6ou-0.json,Porygon2,Moves,,Toxic,51.383
2019-11_gen6ou-0.json,Porygon2,Moves,,Tri Attack,34.783
2019-11_gen6ou-0.json,Porygon2,Moves,,Trick Room,26.877
2019-11_gen6ou-0.json,Porygon2,Moves,,Thunder Wave,15.415
2019-11_gen6ou-0.json,Porygon2,Moves,,Discharge,11.858
2019-11_gen6ou-0.json,Porygon2,Moves,,Foul Play,5.929
2019-11_gen6ou-0.json,Porygon2,Moves,,Rest,3.953
2019-11_gen6ou-0.json,Porygon2,Moves,,Sleep Talk,3.953
2019-11_gen6ou-0.json,Porygon2,Moves,,Psychic,3.557
2019-11_gen6ou-0.json,Porygon2,Moves,,Other,17.787
2019-11_gen6ou-0.json,Charizard,Stats,Raw count,,267
2019-11_gen6ou-0.json,Charizard,Stats,Avg. weight,,1.0
2019-11_gen6ou-0.json,Charizard,Stats,Viability Ceiling,,59
2019-11_gen6ou-0.json,Charizard,Stats,Hardy,,8.240
2019-11_gen6ou-0.json,Charizard,Stats,Timid,,3.745
2019-11_gen6ou-0.json,Charizard,Stats,Modest,,5.618
2019-11_gen6ou-0.json,Charizard,Stats,Hasty,,4.494
2019-11_gen6ou-0.json,Charizard,Stats,Relaxed,,3.371
2019-11_gen6ou-0.json,Charizard,Abilities,,Blaze,76.03
2019-11_gen6ou-0.json,Charizard,Abilities,,Solar Power,23.97
2019-11_gen6ou-0.json,Charizard,Items,,Leftovers,30.712
2019-11_gen6ou-0.json,Charizard,Items,,Nothing,10.861
2019-11_gen6ou-0.json,Charizard,Items,,Focus Sash,10.487
2019-11_gen6ou-0.json,Charizard,Items,,Charcoal,8.989
2019-11_gen6ou-0.json,Charizard,Items,,Choice Scarf,6.367
2019-11_gen6ou-0.json,Charizard,Items,,Lum Berry,4.869
2019-11_gen6ou-0.json,Charizard,Items,,Air Balloon,4.12
2019-11_gen6ou-0.json,Charizard,Items,,Life Orb,3.745
2019-11_gen6ou-0.json,Charizard,Items,,Aguav Berry,2.247
2019-11_gen6ou-0.json,Charizard,Items,,Absorb Bulb,2.247
2019-11_gen6ou-0.json,Charizard,Items,,Choice Specs,1.873
2019-11_gen6ou-0.json,Charizard,Items,,Fire Stone,1.873
2019-11_gen6ou-0.json,Charizard,Items,,Rocky Helmet,1.498
2019-11_gen6ou-0.json,Charizard,Items,,Flame Plate,1.498
2019-11_gen6ou-0.json,Charizard,Items,,Assault Vest,1.498
2019-11_gen6ou-0.json,Charizard,Items,,Magnet,1.124
2019-11_gen6ou-0.json,Charizard,Items,,Shell Bell,1.124
2019-11_gen6ou-0.json,Charizard,Items,,Other,4.869
2019-11_gen6ou-0.json,Charizard,Spreads,,Other,66.667
2019-11_gen6ou-0.json,Charizard,Moves,,Flamethrower,57.303
2019-11_gen6ou-0.json,Charizard,Moves,,Air Slash,37.079
2019-11_gen6ou-0.json,Charizard,Moves,,Earthquake,28.464
2019-11_gen6ou-0.json,Charizard,Moves,,Dragon Claw,25.094
2019-11_gen6ou-0.json,Charizard,Moves,,Fire Blast,23.596
2019-11_gen6ou-0.json,Charizard,Moves,,Solar Beam,23.596
2019-11_gen6ou-0.json,Charizard,Moves,,Flare Blitz,17.228
2019-11_gen6ou-0.json,Charizard,Moves,,Sunny Day,16.854
2019-11_gen6ou-0.json,Charizard,Moves,,Dragon Pulse,16.105
2019-11_gen6ou-0.json,Charizard,Moves,,Dragon Dance,15.73
2019-11_gen6ou-0.json,Charizard,Moves,,Focus Blast,14.232
2019-11_gen6ou-0.json,Charizard,Moves,,Fire Punch,11.61
2019-11_gen6ou-0.json,Charizard,Moves,,Thunder Punch,11.61
2019-11_gen6ou-0.json,Charizard,Moves,,Fly,9.363
2019-11_gen6ou-0.json,Charizard,Moves,,Outrage,8.614
2019-11_gen6ou-0.json,Charizard,Moves,,Rock Slide,7.865
2019-11_gen6ou-0.json,Charizard,Moves,,Roost,7.116
2019-11_gen6ou-0.json,Charizard,Moves,,Brick Break,6.742
2019-11_gen6ou-0.json,Charizard,Moves,,Crunch,4.494
2019-11_gen6ou-0.json,Charizard,Moves,,Slash,3.745
2019-11_gen6ou-0.json,Charizard,Moves,,Acrobatics,3.745
2019-11_gen6ou-0.json,Charizard,Moves,,Fire Fang,3.745
2019-11_gen6ou-0.json,Charizard,Moves,,Dragon Tail,3.371
2019-11_gen6ou-0.json,Charizard,Moves,,Toxic,3.371
2019-11_gen6ou-0.json,Charizard,Moves,,Body Slam,2.622
2019-11_gen6ou-0.json,Charizard,Moves,,Fire Spin,2.247
2019-11_gen6ou-0.json,Charizard,Moves,,Overheat,2.247
2019-11_gen6ou-0.json,Charizard,Moves,,Aerial Ace,2.247
2019-11_gen6ou-0.json,Charizard,Moves,,Dragon Rush,2.247
2019-11_gen6ou-0.json,Charizard,Moves,,Flame Charge,1.873
2019-11_gen6ou-0.json,Charizard,Moves,,Protect,1.873
2019-11_gen6ou-0.json,Charizard,Moves,,Will-O-Wisp,1.873
2019-11_gen6ou-0.json,Charizard,Moves,,Blast Burn,1.498
2019-11_gen6ou-0.json,Charizard,Moves,,Seismic Toss,1.498
2019-11_gen6ou-0.json,Charizard,Moves,,Other,19.101
2019-11_gen6ou-0.json,Ninetales,Stats,Raw count,,250
2019-11_gen6ou-0.json,Ninetales,Stats,Avg. weight,,1.0
2019-11_gen6ou-0.json,Ninetales,Stats,Viability Ceiling,,65
2019-11_gen6ou-0.json,Ninetales,Stats,Timid,,9.200
2019-11_gen6ou-0.json,Ninetales,Stats,Calm,,4.800
2019-11_gen6ou-0.json,Ninetales,Stats,Modest,,4.400
2019-11_gen6ou-0.json,Ninetales,Abilities,,Drought,91.6
2019-11_gen6ou-0.json,Ninetales,Abilities,,Flash Fire,8.4
2019-11_gen6ou-0.json,Ninetales,Items,,Leftovers,34.0
2019-11_gen6ou-0.json,Ninetales,Items,,Heat Rock,28.0
2019-11_gen6ou-0.json,Ninetales,Items,,Focus Sash,10.8
2019-11_gen6ou-0.json,Ninetales,Items,,Life Orb,6.8
2019-11_gen6ou-0.json,Ninetales,Items,,Choice Specs,4.4
2019-11_gen6ou-0.json,Ninetales,Items,,Nothing,3.6
2019-11_gen6ou-0.json,Ninetales,Items,,Wide Lens,2.4
2019-11_gen6ou-0.json,Ninetales,Items,,Assault Vest,2.0
2019-11_gen6ou-0.json,Ninetales,Items,,Rocky Helmet,1.2
2019-11_gen6ou-0.json,Ninetales,Items,,Wise Glasses,1.2
2019-11_gen6ou-0.json,Ninetales,Items,,Charcoal,0.8
2019-11_gen6ou-0.json,Ninetales,Items,,Other,4.8
2019-11_gen6ou-0.json,Ninetales,Spreads,,Other,28.4
2019-11_gen6ou-0.json,Ninetales,Moves,,Flamethrower,62.8
2019-11_gen6ou-0.json,Ninetales,Moves,,Solar Beam,48.0
2019-11_gen6ou-0.json,Ninetales,Moves,,Nasty Plot,38.0
2019-11_gen6ou-0.json,Ninetales,Moves,,Will-O-Wisp,32.0
2019-11_gen6ou-0.json,Ninetales,Moves,,Dark Pulse,26.0
2019-11_gen6ou-0.json,Ninetales,Moves,,Hypnosis,25.2
2019-11_gen6ou-0.json,Ninetales,Moves,,Calm Mind,23.6
2019-11_gen6ou-0.json,Ninetales,Moves,,Fire Blast,21.2
2019-11_gen6ou-0.json,Ninetales,Moves,,Energy Ball,18.8
2019-11_gen6ou-0.json,Ninetales,Moves,,Psyshock,16.8
2019-11_gen6ou-0.json,Ninetales,Moves,,Extrasensory,14.0
2019-11_gen6ou-0.json,Ninetales,Moves,,Pain Split,14.0
2019-11_gen6ou-0.json,Ninetales,Moves,,Sunny Day,9.6
2019-11_gen6ou-0.json,Ninetales,Moves,,Confuse Ray,7.6
2019-11_gen6ou-0.json,Ninetales,Moves,,Overheat,5.2
2019-11_gen6ou-0.json,Ninetales,Moves,,Substitute,4.8
2019-11_gen6ou-0.json,Ninetales,Moves,,Toxic,4.0
2019-11_gen6ou-0.json,Ninetales,Moves,,Heat Wave,4.0
2019-11_gen6ou-0.json,Ninetales,Moves,,Hex,3.6
2019-11_gen6ou-0.json,Ninetales,Moves,,Hidden Power Ice,3.2
2019-11_gen6ou-0.json,Ninetales,Moves,,Other,17.6
2019-11_gen6ou-0.json,Zoroark,Stats,Raw count,,248
2019-11_gen6ou-0.json,Zoroark,Stats,Avg. weight,,1.0
2019-11_gen6ou-0.json,Zoroark,Stats,Viability Ceiling,,82
2019-11_gen6ou-0.json,Zoroark,Stats,Timid,,3.226
2019-11_gen6ou-0.json,Zoroark,Stats,Naive,,9.677
2019-11_gen6ou-0.json,Zoroark,Stats,Jolly,,5.242
2019-11_gen6ou-0.json,Zoroark,Stats,Hasty,,4.032
2019-11_gen6ou-0.json,Zoroark,Abilities,,Illusion,100.0
2019-11_gen6ou-0.json,Zoroark,Items,,Life Orb,43.145
2019-11_gen6ou-0.json,Zoroark,Items,,Lum Berry,14.919
2019-11_gen6ou-0.json,Zoroark,Items,,Focus Sash,12.097
2019-11_gen6ou-0.json,Zoroark,Items,,Black Glasses,8.871
2019-11_gen6ou-0.json,Zoroark,Items,,Leftovers,6.048
2019-11_gen6ou-0.json,Zoroark,Items,,Choice Scarf,3.629
2019-11_gen6ou-0.json,Zoroark,Items,,Choice Specs,3.226
2019-11_gen6ou-0.json,Zoroark,Items,,Nothing,2.016
2019-11_gen6ou-0.json,Zoroark,Items,,Dread Plate,1.613
2019-11_gen6ou-0.json,Zoroark,Items,,Other,4.435
2019-11_gen6ou-0.json,Zoroark,Spreads,,Other,29.435
2019-11_gen6ou-0.json,Zoroark,Moves,,Flamethrower,64.516
2019-11_gen6ou-0.json,Zoroark,Moves,,Dark Pulse,54.839
2019-11_gen6ou-0.json,Zoroark,Moves,,Focus Blast,32.258
2019-11_gen6ou-0.json,Zoroark,Moves,,Swords Dance,29.435
2019-11_gen6ou-0.json,Zoroark,Moves,,Nasty Plot,26.21
2019-11_gen6ou-0.json,Zoroark,Moves,,Low Kick,24.597
2019-11_gen6ou-0.json,Zoroark,Moves,,Sucker Punch,21.371
2019-11_gen6ou-0.json,Zoroark,Moves,,Foul Play,18.145
2019-11_gen6ou-0.json,Zoroark,Moves,,Sunny Day,12.5
2019-11_gen6ou-0.json,Zoroark,Moves,,Sludge Bomb,11.29
2019-11_gen6ou-0.json,Zoroark,Moves,,Night Daze,9.677
2019-11_gen6ou-0.json,Zoroark,Moves,,Extrasensory,9.677
2019-11_gen6ou-0.json,Zoroark,Moves,,Shadow Ball,8.871
2019-11_gen6ou-0.json,Zoroark,Moves,,Shadow Claw,7.258
2019-11_gen6ou-0.json,Zoroark,Moves,,Hidden Power Ice,7.258
2019-11_gen6ou-0.json,Zoroark,Moves,,Knock Off,7.258
2019-11_gen6ou-0.json,Zoroark,Moves,,Calm Mind,5.645
2019-11_gen6ou-0.json,Zoroark,Moves,,Substitute,5.242
2019-11_gen6ou-0.json,Zoroark,Moves,,Taunt,4.839
2019-11_gen6ou-0.json,Zoroark,Moves,,U-turn,3.226
2019-11_gen6ou-0.json,Zoroark,Moves,,Hyper Voice,3.226
2019-11_gen6ou-0.json,Zoroark,Moves,,Hidden Power Dragon,2.823
2019-11_gen6ou-0.json,Zoroark,Moves,,Trick,2.823
2019-11_gen6ou-0.json,Zoroark,Moves,,Night Slash,2.419
2019-11_gen6ou-0.json,Zoroark,Moves,,Toxic,2.016
2019-11_gen6ou-0.json,Zoroark,Moves,,Agility,2.016
2019-11_gen6ou-0.json,Zoroark,Moves,,Pursuit,2.016
2019-11_gen6ou-0.json,Zoroark,Moves,,Other,18.548
2019-11_gen6ou-0.json,Latias-Mega,Stats,Raw count,,256
2019-11_gen6ou-0.json,Latias-Mega,Stats,Avg. weight,,1.0
2019-11_gen6ou-0.json,Latias-Mega,Stats,Viability Ceiling,,86
2019-11_gen6ou-0.json,Latias-Mega,Stats,Timid,,4.297
2019-11_gen6ou-0.json,Latias-Mega,Stats,Hardy,,5.859
2019-11_gen6ou-0.json,Latias-Mega,Stats,Hasty,,5.078
2019-11_gen6ou-0.json,Latias-Mega,Abilities,,Levitate,100.0
2019-11_gen6ou-0.json,Latias-Mega,Items,,Latiasite,100.0
2019-11_gen6ou-0.json,Latias-Mega,Spreads,,Other,49.609
2019-11_gen6ou-0.json,Latias-Mega,Moves,,Recover,55.078
2019-11_gen6ou-0.json,Latias-Mega,Moves,,Calm Mind,42.969
2019-11_gen6ou-0.json,Latias-Mega,Moves,,Ice Beam,37.109
2019-11_gen6ou-0.json,Latias-Mega,Moves,,Defog,27.734
2019-11_gen6ou-0.json,Latias-Mega,Moves,,Thunderbolt,24.219
2019-11_gen6ou-0.json,Latias-Mega,Moves,,Dragon Pulse,23.047
2019-11_gen6ou-0.json,Latias-Mega,Moves,,Psychic,21.094
2019-11_gen6ou-0.json,Latias-Mega,Moves,,Surf,17.969
2019-11_gen6ou-0.json,Latias-Mega,Moves,,Roost,17.578
2019-11_gen6ou-0.json,Latias-Mega,Moves,,Thunder Wave,14.062
2019-11_gen6ou-0.json,Latias-Mega,Moves,,Draco Meteor,14.062
2019-11_gen6ou-0.json,Latias-Mega,Moves,,Stored Power,12.891
2019-11_gen6ou-0.json,Latias-Mega,Moves,,Psyshock,12.5
2019-11_gen6ou-0.json,Latias-Mega,Moves,,Healing Wish,10.938
2019-11_gen6ou-0.json,Latias-Mega,Moves,,Mist Ball,6.641
2019-11_gen6ou-0.json,Latias-Mega,Moves,,Shadow Ball,5.859
2019-11_gen6ou-0.json,Latias-Mega,Moves,,Dragon Claw,5.078
2019-11_gen6ou-0.json,Latias-Mega,Moves,,Substitute,4.688
2019-11_gen6ou-0.json,Latias-Mega,Moves,,Reflect Type,4.297
2019-11_gen6ou-0.json,Latias-Mega,Moves,,Earthquake,4.297
2019-11_gen6ou-0.json,Latias-Mega,Moves,,Hidden Power Fighting,2.734
2019-11_gen6ou-0.json,Latias-Mega,Moves,,Energy Ball,2.734
2019-11_gen6ou-0.json,Latias-Mega,Moves,,Psywave,2.734
2019-11_gen6ou-0.json,Latias-Mega,Moves,,Hidden Power Fire,2.734
2019-11_gen6ou-0.json,Latias-Mega,Moves,,Outrage,2.344
2019-11_gen6ou-0.json,Latias-Mega,Moves,,Protect,2.344
2019-11_gen6ou-0.json,Latias-Mega,Moves,,Body Slam,2.344
2019-11_gen6ou-0.json,Latias-Mega,Moves,,Other,19.922
2019-11_gen6ou-0.json,Pikachu,Stats,Raw count,,268
2019-11_gen6ou-0.json,Pikachu,Stats,Avg. weight,,1.0
2019-11_gen6ou-0.json,Pikachu,Stats,Viability Ceiling,,68
2019-11_gen6ou-0.json,Pikachu,Stats,Hasty,,9.701
2019-11_gen6ou-0.json,Pikachu,Stats,Jolly,,5.224
2019-11_gen6ou-0.json,Pikachu,Stats,Hardy,,4.104
2019-11_gen6ou-0.json,Pikachu,Stats,Bold,,4.478
2019-11_gen6ou-0.json,Pikachu,Abilities,,Static,61.567
2019-11_gen6ou-0.json,Pikachu,Abilities,,Lightning Rod,38.433
2019-11_gen6ou-0.json,Pikachu,Items,,Light Ball,38.433
2019-11_gen6ou-0.json,Pikachu,Items,,Nothing,21.269
2019-11_gen6ou-0.json,Pikachu,Items,,Leftovers,17.537
2019-11_gen6ou-0.json,Pikachu,Items,,Focus Sash,6.343
2019-11_gen6ou-0.json,Pikachu,Items,,Air Balloon,3.731
2019-11_gen6ou-0.json,Pikachu,Items,,Assault Vest,1.493
2019-11_gen6ou-0.json,Pikachu,Items,,Black Glasses,1.493
2019-11_gen6ou-0.json,Pikachu,Items,,Choice Specs,1.493
2019-11_gen6ou-0.json,Pikachu,Items,,Babiri Berry,1.119
2019-11_gen6ou-0.json,Pikachu,Items,,Life Orb,1.119
2019-11_gen6ou-0.json,Pikachu,Items,,Figy Berry,1.119
2019-11_gen6ou-0.json,Pikachu,Items,,Other,4.851
2019-11_gen6ou-0.json,Pikachu,Spreads,,Other,67.164
2019-11_gen6ou-0.json,Pikachu,Moves,,Thunderbolt,51.119
2019-11_gen6ou-0.json,Pikachu,Moves,,Quick Attack,43.657
2019-11_gen6ou-0.json,Pikachu,Moves,,Volt Tackle,33.209
2019-11_gen6ou-0.json,Pikachu,Moves,,Iron Tail,27.985
2019-11_gen6ou-0.json,Pikachu,Moves,,Thunder,22.761
2019-11_gen6ou-0.json,Pikachu,Moves,,Brick Break,22.761
2019-11_gen6ou-0.json,Pikachu,Moves,,Electro Ball,22.388
2019-11_gen6ou-0.json,Pikachu,Moves,,Discharge,16.045
2019-11_gen6ou-0.json,Pikachu,Moves,,Thunder Punch,15.672
2019-11_gen6ou-0.json,Pikachu,Moves,,Grass Knot,9.328
2019-11_gen6ou-0.json,Pikachu,Moves,,Encore,8.582
2019-11_gen6ou-0.json,Pikachu,Moves,,Signal Beam,7.836
2019-11_gen6ou-0.json,Pikachu,Moves,,Volt Switch,7.463
2019-11_gen6ou-0.json,Pikachu,Moves,,Thunder Wave,7.09
2019-11_gen6ou-0.json,Pikachu,Moves,,Extreme Speed,6.343
2019-11_gen6ou-0.json,Pikachu,Moves,,Knock Off,5.224
2019-11_gen6ou-0.json,Pikachu,Moves,,Nothing,4.851
2019-11_gen6ou-0.json,Pikachu,Moves,,Nuzzle,4.851
2019-11_gen6ou-0.json,Pikachu,Moves,,Fake Out,4.851
2019-11_gen6ou-0.json,Pikachu,Moves,,Endeavor,4.851
2019-11_gen6ou-0.json,Pikachu,Moves,,Flying Press,4.851
2019-11_gen6ou-0.json,Pikachu,Moves,,Agility,4.851
2019-11_gen6ou-0.json,Pikachu,Moves,,Thunder Shock,4.851
2019-11_gen6ou-0.json,Pikachu,Moves,,Feint,4.478
2019-11_gen6ou-0.json,Pikachu,Moves,,Light Screen,4.478
2019-11_gen6ou-0.json,Pikachu,Moves,,Body Slam,4.104
2019-11_gen6ou-0.json,Pikachu,Moves,,Dig,4.104
2019-11_gen6ou-0.json,Pikachu,Moves,,Hidden Power Ice,3.731
2019-11_gen6ou-0.json,Pikachu,Moves,,Meteor Mash,3.358
2019-11_gen6ou-0.json,Pikachu,Moves,,Focus Punch,2.985
2019-11_gen6ou-0.json,Pikachu,Moves,,Wild Charge,2.612
2019-11_gen6ou-0.json,Pikachu,Moves,,Return,2.239
2019-11_gen6ou-0.json,Pikachu,Moves,,Attract,2.239
2019-11_gen6ou-0.json,Pikachu,Moves,,Natural Gift,2.239
2019-11_gen6ou-0.json,Pikachu,Moves,,Charge Beam,1.493
2019-11_gen6ou-0.json,Pikachu,Moves,,Hidden Power Grass,1.493
2019-11_gen6ou-0.json,Pikachu,Moves,,Other,19.03
2019-11_gen6ou-0.json,Aggron-Mega,Stats,Raw count,,236
2019-11_gen6ou-0.json,Aggron-Mega,Stats,Avg. weight,,1.0
2019-11_gen6ou-0.json,Aggron-Mega,Stats,Viability Ceiling,,78
2019-11_gen6ou-0.json,Aggron-Mega,Stats,Adamant,,13.136
2019-11_gen6ou-0.json,Aggron-Mega,Stats,Impish,,2.542
2019-11_gen6ou-0.json,Aggron-Mega,Stats,Brave,,6.356
2019-11_gen6ou-0.json,Aggron-Mega,Stats,Hardy,,3.814
2019-11_gen6ou-0.json,Aggron-Mega,Abilities,,Filter,100.0
2019-11_gen6ou-0.json,Aggron-Mega,Items,,Aggronite,100.0
2019-11_gen6ou-0.json,Aggron-Mega,Spreads,,Other,40.254
2019-11_gen6ou-0.json,Aggron-Mega,Moves,,Earthquake,63.559
2019-11_gen6ou-0.json,Aggron-Mega,Moves,,Iron Tail,30.085
2019-11_gen6ou-0.json,Aggron-Mega,Moves,,Stealth Rock,29.237
2019-11_gen6ou-0.json,Aggron-Mega,Moves,,Dragon Claw,28.39
2019-11_gen6ou-0.json,Aggron-Mega,Moves,,Heavy Slam,23.305
2019-11_gen6ou-0.json,Aggron-Mega,Moves,,Avalanche,18.22
2019-11_gen6ou-0.json,Aggron-Mega,Moves,,Rock Slide,16.949
2019-11_gen6ou-0.json,Aggron-Mega,Moves,,Toxic,13.983
2019-11_gen6ou-0.json,Aggron-Mega,Moves,,Payback,13.136
2019-11_gen6ou-0.json,Aggron-Mega,Moves,,Dragon Tail,11.441
2019-11_gen6ou-0.json,Aggron-Mega,Moves,,Power-Up Punch,11.017
2019-11_gen6ou-0.json,Aggron-Mega,Moves,,Iron Head,9.746
2019-11_gen6ou-0.json,Aggron-Mega,Moves,,Double-Edge,9.322
2019-11_gen6ou-0.json,Aggron-Mega,Moves,,Flamethrower,8.898
2019-11_gen6ou-0.json,Aggron-Mega,Moves,,Aqua Tail,8.051
2019-11_gen6ou-0.json,Aggron-Mega,Moves,,Thunder Wave,8.051
2019-11_gen6ou-0.json,Aggron-Mega,Moves,,Ice Punch,7.203
2019-11_gen6ou-0.json,Aggron-Mega,Moves,,Dark Pulse,7.203
2019-11_gen6ou-0.json,Aggron-Mega,Moves,,Thunderbolt,6.78
2019-11_gen6ou-0.json,Aggron-Mega,Moves,,Fire Punch,5.508
2019-11_gen6ou-0.json,Aggron-Mega,Moves,,Head Smash,5.508
2019-11_gen6ou-0.json,Aggron-Mega,Moves,,Autotomize,4.237
2019-11_gen6ou-0.json,Aggron-Mega,Moves,,Dragon Pulse,4.237
2019-11_gen6ou-0.json,Aggron-Mega,Moves,,Reversal,4.237
2019-11_gen6ou-0.json,Aggron-Mega,Moves,,Roar,4.237
2019-11_gen6ou-0.json,Aggron-Mega,Moves,,Sunny Day,3.814
2019-11_gen6ou-0.json,Aggron-Mega,Moves,,Stone Edge,3.814
2019-11_gen6ou-0.json,Aggron-Mega,Moves,,Body Slam,3.39
2019-11_gen6ou-0.json,Aggron-Mega,Moves,,Brick Break,2.966
2019-11_gen6ou-0.json,Aggron-Mega,Moves,,Outrage,2.966
2019-11_gen6ou-0.json,Aggron-Mega,Moves,,Protect,2.966
2019-11_gen6ou-0.json,Aggron-Mega,Moves,,Flash Cannon,2.966
2019-11_gen6ou-0.json,Aggron-Mega,Moves,,Thunder Punch,2.966
2019-11_gen6ou-0.json,Aggron-Mega,Moves,,Fire Blast,2.542
2019-11_gen6ou-0.json,Aggron-Mega,Moves,,Other,19.068
2019-11_gen6ou-0.json,Chesnaught,Stats,Raw count,,236
2019-11_gen6ou-0.json,Chesnaught,Stats,Avg. weight,,1.0
2019-11_gen6ou-0.json,Chesnaught,Stats,Viability Ceiling,,84
2019-11_gen6ou-0.json,Chesnaught,Stats,Adamant,,18.644
2019-11_gen6ou-0.json,Chesnaught,Stats,Jolly,,13.136
2019-11_gen6ou-0.json,Chesnaught,Stats,Impish,,3.390
2019-11_gen6ou-0.json,Chesnaught,Stats,Brave,,8.051
2019-11_gen6ou-0.json,Chesnaught,Stats,Hardy,,4.237
2019-11_gen6ou-0.json,Chesnaught,Abilities,,Overgrow,51.271
2019-11_gen6ou-0.json,Chesnaught,Abilities,,Bulletproof,48.729
2019-11_gen6ou-0.json,Chesnaught,Items,,Leftovers,33.475
2019-11_gen6ou-0.json,Chesnaught,Items,,Nothing,18.644
2019-11_gen6ou-0.json,Chesnaught,Items,,Choice Band,13.983
2019-11_gen6ou-0.json,Chesnaught,Items,,Rocky Helmet,12.712
2019-11_gen6ou-0.json,Chesnaught,Items,,Assault Vest,5.932
2019-11_gen6ou-0.json,Chesnaught,Items,,Focus Sash,2.966
2019-11_gen6ou-0.json,Chesnaught,Items,,Big Root,2.119
2019-11_gen6ou-0.json,Chesnaught,Items,,Eviolite,2.119
2019-11_gen6ou-0.json,Chesnaught,Items,,Muscle Band,1.695
2019-11_gen6ou-0.json,Chesnaught,Items,,Berry Juice,1.271
2019-11_gen6ou-0.json,Chesnaught,Items,,Lum Berry,1.271
2019-11_gen6ou-0.json,Chesnaught,Items,,Other,3.814
2019-11_gen6ou-0.json,Chesnaught,Spreads,,Other,41.949
2019-11_gen6ou-0.json,Chesnaught,Moves,,Drain Punch,51.271
2019-11_gen6ou-0.json,Chesnaught,Moves,,Wood Hammer,41.949
2019-11_gen6ou-0.json,Chesnaught,Moves,,Spiky Shield,27.966
2019-11_gen6ou-0.json,Chesnaught,Moves,,Leech Seed,25.847
2019-11_gen6ou-0.json,Chesnaught,Moves,,Stone Edge,25.424
2019-11_gen6ou-0.json,Chesnaught,Moves,,Earthquake,21.186
2019-11_gen6ou-0.json,Chesnaught,Moves,,Spikes,20.763
2019-11_gen6ou-0.json,Chesnaught,Moves,,Energy Ball,17.797
2019-11_gen6ou-0.json,Chesnaught,Moves,,Hammer Arm,16.102
2019-11_gen6ou-0.json,Chesnaught,Moves,,Seed Bomb,14.831
2019-11_gen6ou-0.json,Chesnaught,Moves,,Dragon Claw,13.983
2019-11_gen6ou-0.json,Chesnaught,Moves,,Zen Headbutt,13.559
2019-11_gen6ou-0.json,Chesnaught,Moves,,Superpower,13.136
2019-11_gen6ou-0.json,Chesnaught,Moves,,Giga Drain,12.288
2019-11_gen6ou-0.json,Chesnaught,Moves,,Aerial Ace,9.746
2019-11_gen6ou-0.json,Chesnaught,Moves,,Synthesis,8.475
2019-11_gen6ou-0.json,Chesnaught,Moves,,Brick Break,7.203
2019-11_gen6ou-0.json,Chesnaught,Moves,,Thunder Punch,6.78
2019-11_gen6ou-0.json,Chesnaught,Moves,,Body Slam,6.356
2019-11_gen6ou-0.json,Chesnaught,Moves,,Toxic,5.932
2019-11_gen6ou-0.json,Chesnaught,Moves,,Shadow Claw,5.085
2019-11_gen6ou-0.json,Chesnaught,Moves,,Swords Dance,5.085
2019-11_gen6ou-0.json,Chesnaught,Moves,,Grass Knot,4.237
2019-11_gen6ou-0.json,Chesnaught,Moves,,Rock Slide,3.814
2019-11_gen6ou-0.json,Chesnaught,Moves,,Power-Up Punch,3.39
2019-11_gen6ou-0.json,Chesnaught,Moves,,Other,17.797
2019-11_gen6ou-0.json,Mienshao,Stats,Raw count,,230
2019-11_gen6ou-0.json,Mienshao,Stats,Avg. weight,,1.0
2019-11_gen6ou-0.json,Mienshao,Stats,Viability Ceiling,,66
2019-11_gen6ou-0.json,Mienshao,Stats,Adamant,,16.522
2019-11_gen6ou-0.json,Mienshao,Stats,Jolly,,18.261
2019-11_gen6ou-0.json,Mienshao,Stats,Hardy,,4.348
2019-11_gen6ou-0.json,Mienshao,Stats,Lonely,,3.913
2019-11_gen6ou-0.json,Mienshao,Abilities,,Regenerator,59.13
2019-11_gen6ou-0.json,Mienshao,Abilities,,Reckless,30.87
2019-11_gen6ou-0.json,Mienshao,Abilities,,Inner Focus,10.0
2019-11_gen6ou-0.json,Mienshao,Items,,Life Orb,50.0
2019-11_gen6ou-0.json,Mienshao,Items,,Choice Scarf,27.391
2019-11_gen6ou-0.json,Mienshao,Items,,Black Belt,8.696
2019-11_gen6ou-0.json,Mienshao,Items,,Choice Band,6.087
2019-11_gen6ou-0.json,Mienshao,Items,,Insect Plate,2.609
2019-11_gen6ou-0.json,Mienshao,Items,,Leftovers,2.174
2019-11_gen6ou-0.json,Mienshao,Items,,Other,3.043
2019-11_gen6ou-0.json,Mienshao,Spreads,,Other,10.435
2019-11_gen6ou-0.json,Mienshao,Moves,,U-turn,90.435
2019-11_gen6ou-0.json,Mienshao,Moves,,Knock Off,77.826
2019-11_gen6ou-0.json,Mienshao,Moves,,High Jump Kick,73.913
2019-11_gen6ou-0.json,Mienshao,Moves,,Fake Out,40.87
2019-11_gen6ou-0.json,Mienshao,Moves,,Poison Jab,30.435
2019-11_gen6ou-0.json,Mienshao,Moves,,Drain Punch,25.652
2019-11_gen6ou-0.json,Mienshao,Moves,,Stone Edge,20.87
2019-11_gen6ou-0.json,Mienshao,Moves,,Taunt,10.87
2019-11_gen6ou-0.json,Mienshao,Moves,,Rock Slide,10.87
2019-11_gen6ou-0.json,Mienshao,Moves,,Other,18.261
2019-11_gen6ou-0.json,Whimsicott,Stats,Raw count,,232
2019-11_gen6ou-0.json,Whimsicott,Stats,Avg. weight,,1.0
2019-11_gen6ou-0.json,Whimsicott,Stats,Viability Ceiling,,80
2019-11_gen6ou-0.json,Whimsicott,Stats,Bold,,4.741
2019-11_gen6ou-0.json,Whimsicott,Stats,Calm,,25.000
2019-11_gen6ou-0.json,Whimsicott,Stats,Timid,,6.897
2019-11_gen6ou-0.json,Whimsicott,Stats,Modest,,6.897
2019-11_gen6ou-0.json,Whimsicott,Stats,Careful,,4.741
2019-11_gen6ou-0.json,Whimsicott,Abilities,,Prankster,87.5
2019-11_gen6ou-0.json,Whimsicott,Abilities,,Chlorophyll,9.483
2019-11_gen6ou-0.json,Whimsicott,Abilities,,Infiltrator,3.017
2019-11_gen6ou-0.json,Whimsicott,Items,,Leftovers,43.103
2019-11_gen6ou-0.json,Whimsicott,Items,,Heat Rock,21.552
2019-11_gen6ou-0.json,Whimsicott,Items,,Light Clay,19.397
2019-11_gen6ou-0.json,Whimsicott,Items,,Focus Sash,5.172
2019-11_gen6ou-0.json,Whimsicott,Items,,Life Orb,3.879
2019-11_gen6ou-0.json,Whimsicott,Items,,Choice Specs,1.724
2019-11_gen6ou-0.json,Whimsicott,Items,,Assault Vest,1.293
2019-11_gen6ou-0.json,Whimsicott,Items,,Other,3.879
2019-11_gen6ou-0.json,Whimsicott,Spreads,,Other,24.569
2019-11_gen6ou-0.json,Whimsicott,Moves,,Encore,53.879
2019-11_gen6ou-0.json,Whimsicott,Moves,,Leech Seed,41.379
2019-11_gen6ou-0.json,Whimsicott,Moves,,Memento,31.466
2019-11_gen6ou-0.json,Whimsicott,Moves,,Toxic,31.034
2019-11_gen6ou-0.json,Whimsicott,Moves,,Moonblast,29.741
2019-11_gen6ou-0.json,Whimsicott,Moves,,Light Screen,29.741
2019-11_gen6ou-0.json,Whimsicott,Moves,,Sunny Day,25.862
2019-11_gen6ou-0.json,Whimsicott,Moves,,Giga Drain,24.138
2019-11_gen6ou-0.json,Whimsicott,Moves,,Stun Spore,23.707
2019-11_gen6ou-0.json,Whimsicott,Moves,,Substitute,18.534
2019-11_gen6ou-0.json,Whimsicott,Moves,,U-turn,17.672
2019-11_gen6ou-0.json,Whimsicott,Moves,,Trick Room,13.362
2019-11_gen6ou-0.json,Whimsicott,Moves,,Growth,11.638
2019-11_gen6ou-0.json,Whimsicott,Moves,,Cotton Guard,9.052
2019-11_gen6ou-0.json,Whimsicott,Moves,,Tailwind,6.466
2019-11_gen6ou-0.json,Whimsicott,Moves,,Dazzling Gleam,4.741
2019-11_gen6ou-0.json,Whimsicott,Moves,,Protect,4.31
2019-11_gen6ou-0.json,Whimsicott,Moves,,Psychic,3.448
2019-11_gen6ou-0.json,Whimsicott,Moves,,Other,19.828
2019-11_gen6ou-0.json,Smeargle,Stats,Raw count,,234
2019-11_gen6ou-0.json,Smeargle,Stats,Avg. weight,,1.0
2019-11_gen6ou-0.json,Smeargle,Stats,Viability Ceiling,,79
2019-11_gen6ou-0.json,Smeargle,Stats,Hardy,,26.923
2019-11_gen6ou-0.json,Smeargle,Stats,Timid,,3.846
2019-11_gen6ou-0.json,Smeargle,Abilities,,Own Tempo,93.59
2019-11_gen6ou-0.json,Smeargle,Abilities,,Technician,6.41
2019-11_gen6ou-0.json,Smeargle,Items,,Focus Sash,90.171
2019-11_gen6ou-0.json,Smeargle,Items,,Leftovers,2.991
2019-11_gen6ou-0.json,Smeargle,Items,,Nothing,2.564
2019-11_gen6ou-0.json,Smeargle,Items,,Other,4.274
2019-11_gen6ou-0.json,Smeargle,Spreads,,Other,23.932
2019-11_gen6ou-0.json,Smeargle,Moves,,Stealth Rock,83.333
2019-11_gen6ou-0.json,Smeargle,Moves,,Sticky Web,80.342
2019-11_gen6ou-0.json,Smeargle,Moves,,Spore,80.342
2019-11_gen6ou-0.json,Smeargle,Moves,,Spikes,30.342
2019-11_gen6ou-0.json,Smeargle,Moves,,Destiny Bond,16.239
2019-11_gen6ou-0.json,Smeargle,Moves,,Dark Void,13.248
2019-11_gen6ou-0.json,Smeargle,Moves,,Nuzzle,8.547
2019-11_gen6ou-0.json,Smeargle,Moves,,Nothing,8.12
2019-11_gen6ou-0.json,Smeargle,Moves,,Magic Coat,8.12
2019-11_gen6ou-0.json,Smeargle,Moves,,Final Gambit,7.265
2019-11_gen6ou-0.json,Smeargle,Moves,,Toxic Spikes,6.41
2019-11_gen6ou-0.json,Smeargle,Moves,,Memento,5.128
2019-11_gen6ou-0.json,Smeargle,Moves,,U-turn,3.846
2019-11_gen6ou-0.json,Smeargle,Moves,,Rapid Spin,3.419
2019-11_gen6ou-0.json,Smeargle,Moves,,Dream Eater,2.564
2019-11_gen6ou-0.json,Smeargle,Moves,,Spiky Shield,2.137
2019-11_gen6ou-0.json,Smeargle,Moves,,Aeroblast,2.137
2019-11_gen6ou-0.json,Smeargle,Moves,,Explosion,2.137
2019-11_gen6ou-0.json,Smeargle,Moves,,Metronome,2.137
2019-11_gen6ou-0.json,Smeargle,Moves,,Fake Out,1.709
2019-11_gen6ou-0.json,Smeargle,Moves,,Sleep Talk,1.709
2019-11_gen6ou-0.json,Smeargle,Moves,,Leech Seed,1.709
2019-11_gen6ou-0.json,Smeargle,Moves,,Toxic,1.709
2019-11_gen6ou-0.json,Smeargle,Moves,,Taunt,1.709
2019-11_gen6ou-0.json,Smeargle,Moves,,Volt Switch,1.709
2019-11_gen6ou-0.json,Smeargle,Moves,,Nasty Plot,1.709
2019-11_gen6ou-0.json,Smeargle,Moves,,Soft-Boiled,1.282
2019-11_gen6ou-0.json,Smeargle,Moves,,Extreme Speed,1.282
2019-11_gen6ou-0.json,Smeargle,Moves,,Other,19.658
2019-11_gen6ou-0.json,Tyrantrum,Stats,Raw count,,221
2019-11_gen6ou-0.json,Tyrantrum,Stats,Avg. weight,,1.0
2019-11_gen6ou-0.json,Tyrantrum,Stats,Viability Ceiling,,78
2019-11_gen6ou-0.json,Tyrantrum,Stats,Jolly,,3.167
2019-11_gen6ou-0.json,Tyrantrum,Stats,Adamant,,14.932
2019-11_gen6ou-0.json,Tyrantrum,Stats,Hardy,,7.692
2019-11_gen6ou-0.json,Tyrantrum,Abilities,,Rock Head,50.679
2019-11_gen6ou-0.json,Tyrantrum,Abilities,,Strong Jaw,49.321
2019-11_gen6ou-0.json,Tyrantrum,Items,,Life Orb,23.529
2019-11_gen6ou-0.json,Tyrantrum,Items,,Nothing,14.027
2019-11_gen6ou-0.json,Tyrantrum,Items,,Leftovers,10.407
2019-11_gen6ou-0.json,Tyrantrum,Items,,Choice Scarf,10.407
2019-11_gen6ou-0.json,Tyrantrum,Items,,Lum Berry,7.24
2019-11_gen6ou-0.json,Tyrantrum,Items,,Focus Sash,5.43
2019-11_gen6ou-0.json,Tyrantrum,Items,,Choice Band,4.977
2019-11_gen6ou-0.json,Tyrantrum,Items,,King's Rock,3.62
2019-11_gen6ou-0.json,Tyrantrum,Items,,Draco Plate,3.62
2019-11_gen6ou-0.json,Tyrantrum,Items,,Air Balloon,3.167
2019-11_gen6ou-0.json,Tyrantrum,Items,,Assault Vest,2.262
2019-11_gen6ou-0.json,Tyrantrum,Items,,Quick Claw,1.81
2019-11_gen6ou-0.json,Tyrantrum,Items,,Berry Juice,1.81
2019-11_gen6ou-0.json,Tyrantrum,Items,,Tyranitarite,1.357
2019-11_gen6ou-0.json,Tyrantrum,Items,,Rocky Helmet,1.357
2019-11_gen6ou-0.json,Tyrantrum,Items,,Other,4.977
2019-11_gen6ou-0.json,Tyrantrum,Spreads,,Other,29.412
2019-11_gen6ou-0.json,Tyrantrum,Moves,,Head Smash,67.421
2019-11_gen6ou-0.json,Tyrantrum,Moves,,Earthquake,58.824
2019-11_gen6ou-0.json,Tyrantrum,Moves,,Dragon Dance,52.489
2019-11_gen6ou-0.json,Tyrantrum,Moves,,Dragon Claw,50.226
2019-11_gen6ou-0.json,Tyrantrum,Moves,,Crunch,32.579
2019-11_gen6ou-0.json,Tyrantrum,Moves,,Outrage,31.222
2019-11_gen6ou-0.json,Tyrantrum,Moves,,Superpower,14.48
2019-11_gen6ou-0.json,Tyrantrum,Moves,,Stone Edge,14.027
2019-11_gen6ou-0.json,Tyrantrum,Moves,,Fire Fang,12.67
2019-11_gen6ou-0.json,Tyrantrum,Moves,,Ice Fang,12.217
2019-11_gen6ou-0.json,Tyrantrum,Moves,,Draco Meteor,7.24
2019-11_gen6ou-0.json,Tyrantrum,Moves,,Dragon Tail,6.787
2019-11_gen6ou-0.json,Tyrantrum,Moves,,Rock Slide,6.335
2019-11_gen6ou-0.json,Tyrantrum,Moves,,Strength,3.62
2019-11_gen6ou-0.json,Tyrantrum,Moves,,Brick Break,3.62
2019-11_gen6ou-0.json,Tyrantrum,Moves,,Poison Fang,3.62
2019-11_gen6ou-0.json,Tyrantrum,Moves,,Zen Headbutt,3.167
2019-11_gen6ou-0.json,Tyrantrum,Moves,,Other,19.457
2019-11_gen6ou-0.json,Pidgeot-Mega,Stats,Raw count,,235
2019-11_gen6ou-0.json,Pidgeot-Mega,Stats,Avg. weight,,1.0
2019-11_gen6ou-0.json,Pidgeot-Mega,Stats,Viability Ceiling,,70
2019-11_gen6ou-0.json,Pidgeot-Mega,Stats,Timid,,3.830
2019-11_gen6ou-0.json,Pidgeot-Mega,Stats,Hasty,,9.362
2019-11_gen6ou-0.json,Pidgeot-Mega,Stats,Modest,,3.404
2019-11_gen6ou-0.json,Pidgeot-Mega,Abilities,,No Guard,100.0
2019-11_gen6ou-0.json,Pidgeot-Mega,Items,,Pidgeotite,100.0
2019-11_gen6ou-0.json,Pidgeot-Mega,Spreads,,Other,17.872
2019-11_gen6ou-0.json,Pidgeot-Mega,Moves,,Hurricane,84.681
2019-11_gen6ou-0.json,Pidgeot-Mega,Moves,,Heat Wave,83.404
2019-11_gen6ou-0.json,Pidgeot-Mega,Moves,,Roost,36.17
2019-11_gen6ou-0.json,Pidgeot-Mega,Moves,,Hyper Beam,34.468
2019-11_gen6ou-0.json,Pidgeot-Mega,Moves,,Mirror Move,32.766
2019-11_gen6ou-0.json,Pidgeot-Mega,Moves,,U-turn,25.532
2019-11_gen6ou-0.json,Pidgeot-Mega,Moves,,Quick Attack,18.723
2019-11_gen6ou-0.json,Pidgeot-Mega,Moves,,Toxic,14.468
2019-11_gen6ou-0.json,Pidgeot-Mega,Moves,,Hidden Power Ice,11.915
2019-11_gen6ou-0.json,Pidgeot-Mega,Moves,,Air Slash,10.213
2019-11_gen6ou-0.json,Pidgeot-Mega,Moves,,Brave Bird,8.936
2019-11_gen6ou-0.json,Pidgeot-Mega,Moves,,Defog,7.66
2019-11_gen6ou-0.json,Pidgeot-Mega,Moves,,Hidden Power Ground,3.83
2019-11_gen6ou-0.json,Pidgeot-Mega,Moves,,Fly,3.404
2019-11_gen6ou-0.json,Pidgeot-Mega,Moves,,Aerial Ace,2.979
2019-11_gen6ou-0.json,Pidgeot-Mega,Moves,,Tailwind,2.553
2019-11_gen6ou-0.json,Pidgeot-Mega,Moves,,Other,18.298
2019-11_gen6ou-0.json,Flygon,Stats,Raw count,,244
2019-11_gen6ou-0.json,Flygon,Stats,Avg. weight,,1.0
2019-11_gen6ou-0.json,Flygon,Stats,Viability Ceiling,,65
2019-11_gen6ou-0.json,Flygon,Stats,Jolly,,5.328
2019-11_gen6ou-0.json,Flygon,Stats,Adamant,,11.885
2019-11_gen6ou-0.json,Flygon,Stats,Lax,,5.738
2019-11_gen6ou-0.json,Flygon,Stats,Hasty,,5.328
2019-11_gen6ou-0.json,Flygon,Abilities,,Levitate,100.0
2019-11_gen6ou-0.json,Flygon,Items,,Choice Scarf,33.607
2019-11_gen6ou-0.json,Flygon,Items,,Leftovers,13.115
2019-11_gen6ou-0.json,Flygon,Items,,Choice Band,11.885
2019-11_gen6ou-0.json,Flygon,Items,,Yache Berry,5.738
2019-11_gen6ou-0.json,Flygon,Items,,Wide Lens,5.738
2019-11_gen6ou-0.json,Flygon,Items,,Life Orb,5.738
2019-11_gen6ou-0.json,Flygon,Items,,Dragon Fang,4.918
2019-11_gen6ou-0.json,Flygon,Items,,Nothing,4.508
2019-11_gen6ou-0.json,Flygon,Items,,Focus Sash,4.098
2019-11_gen6ou-0.json,Flygon,Items,,Assault Vest,3.689
2019-11_gen6ou-0.json,Flygon,Items,,Focus Band,1.23
2019-11_gen6ou-0.json,Flygon,Items,,Icy Rock,1.23
2019-11_gen6ou-0.json,Flygon,Items,,Other,4.508
2019-11_gen6ou-0.json,Flygon,Spreads,,Other,31.557
2019-11_gen6ou-0.json,Flygon,Moves,,Earthquake,84.426
2019-11_gen6ou-0.json,Flygon,Moves,,Dragon Claw,50.82
2019-11_gen6ou-0.json,Flygon,Moves,,U-turn,41.803
2019-11_gen6ou-0.json,Flygon,Moves,,Stone Edge,27.459
2019-11_gen6ou-0.json,Flygon,Moves,,Fire Punch,18.443
2019-11_gen6ou-0.json,Flygon,Moves,,Roost,14.344
2019-11_gen6ou-0.json,Flygon,Moves,,Fire Blast,14.344
2019-11_gen6ou-0.json,Flygon,Moves,,Rock Slide,12.705
2019-11_gen6ou-0.json,Flygon,Moves,,Toxic,12.295
2019-11_gen6ou-0.json,Flygon,Moves,,Outrage,11.475
2019-11_gen6ou-0.json,Flygon,Moves,,Draco Meteor,10.246
2019-11_gen6ou-0.json,Flygon,Moves,,Flamethrower,9.016
2019-11_gen6ou-0.json,Flygon,Moves,,Crunch,7.787
2019-11_gen6ou-0.json,Flygon,Moves,,Dragon Tail,7.377
2019-11_gen6ou-0.json,Flygon,Moves,,Fly,6.967
2019-11_gen6ou-0.json,Flygon,Moves,,Defog,6.967
2019-11_gen6ou-0.json,Flygon,Moves,,Dig,5.738
2019-11_gen6ou-0.json,Flygon,Moves,,Dragon Pulse,4.918
2019-11_gen6ou-0.json,Flygon,Moves,,Double-Edge,4.918
2019-11_gen6ou-0.json,Flygon,Moves,,Giga Drain,4.508
2019-11_gen6ou-0.json,Flygon,Moves,,Earth Power,4.098
2019-11_gen6ou-0.json,Flygon,Moves,,Heat Wave,4.098
2019-11_gen6ou-0.json,Flygon,Moves,,Power-Up Punch,3.689
2019-11_gen6ou-0.json,Flygon,Moves,,Steel Wing,3.689
2019-11_gen6ou-0.json,Flygon,Moves,,Thunder Punch,3.279
2019-11_gen6ou-0.json,Flygon,Moves,,Hidden Power Ice,2.869
2019-11_gen6ou-0.json,Flygon,Moves,,Boomburst,2.869
2019-11_gen6ou-0.json,Flygon,Moves,,Other,18.852
2019-11_gen6ou-0.json,Sableye,Stats,Raw count,,223
2019-11_gen6ou-0.json,Sableye,Stats,Avg. weight,,1.0
2019-11_gen6ou-0.json,Sableye,Stats,Viability Ceiling,,72
2019-11_gen6ou-0.json,Sableye,Stats,Impish,,5.381
2019-11_gen6ou-0.json,Sableye,Stats,Bold,,7.623
2019-11_gen6ou-0.json,Sableye,Stats,Careful,,5.381
2019-11_gen6ou-0.json,Sableye,Stats,Calm,,5.830
2019-11_gen6ou-0.json,Sableye,Abilities,,Prankster,82.96
2019-11_gen6ou-0.json,Sableye,Abilities,,Keen Eye,16.592
2019-11_gen6ou-0.json,Sableye,Abilities,,Stall,0.448
2019-11_gen6ou-0.json,Sableye,Items,,Leftovers,60.987
2019-11_gen6ou-0.json,Sableye,Items,,Focus Sash,11.211
2019-11_gen6ou-0.json,Sableye,Items,,Rocky Helmet,10.314
2019-11_gen6ou-0.json,Sableye,Items,,Damp Rock,3.587
2019-11_gen6ou-0.json,Sableye,Items,,Lum Berry,3.139
2019-11_gen6ou-0.json,Sableye,Items,,Quick Claw,1.794
2019-11_gen6ou-0.json,Sableye,Items,,Nothing,1.794
2019-11_gen6ou-0.json,Sableye,Items,,Sitrus Berry,1.794
2019-11_gen6ou-0.json,Sableye,Items,,Figy Berry,1.345
2019-11_gen6ou-0.json,Sableye,Items,,Other,4.036
2019-11_gen6ou-0.json,Sableye,Spreads,,Other,60.09
2019-11_gen6ou-0.json,Sableye,Moves,,Recover,85.65
2019-11_gen6ou-0.json,Sableye,Moves,,Will-O-Wisp,81.614
2019-11_gen6ou-0.json,Sableye,Moves,,Toxic,38.117
2019-11_gen6ou-0.json,Sableye,Moves,,Taunt,34.529
2019-11_gen6ou-0.json,Sableye,Moves,,Foul Play,31.39
2019-11_gen6ou-0.json,Sableye,Moves,,Knock Off,28.251
2019-11_gen6ou-0.json,Sableye,Moves,,Confuse Ray,17.489
2019-11_gen6ou-0.json,Sableye,Moves,,Calm Mind,15.695
2019-11_gen6ou-0.json,Sableye,Moves,,Snarl,8.072
2019-11_gen6ou-0.json,Sableye,Moves,,Protect,7.623
2019-11_gen6ou-0.json,Sableye,Moves,,Fake Out,7.175
2019-11_gen6ou-0.json,Sableye,Moves,,Dark Pulse,4.933
2019-11_gen6ou-0.json,Sableye,Moves,,Sucker Punch,3.587
2019-11_gen6ou-0.json,Sableye,Moves,,Rain Dance,3.587
2019-11_gen6ou-0.json,Sableye,Moves,,Trick,3.587
2019-11_gen6ou-0.json,Sableye,Moves,,Shadow Ball,3.587
2019-11_gen6ou-0.json,Sableye,Moves,,Shadow Sneak,2.691
2019-11_gen6ou-0.json,Sableye,Moves,,Dazzling Gleam,2.691
2019-11_gen6ou-0.json,Sableye,Moves,,Other,19.731
2019-11_gen6ou-0.json,Ludicolo,Stats,Raw count,,209
2019-11_gen6ou-0.json,Ludicolo,Stats,Avg. weight,,1.0
2019-11_gen6ou-0.json,Ludicolo,Stats,Viability Ceiling,,72
2019-11_gen6ou-0.json,Ludicolo,Stats,Modest,,4.306
2019-11_gen6ou-0.json,Ludicolo,Stats,Hardy,,6.699
2019-11_gen6ou-0.json,Ludicolo,Stats,Calm,,4.306
2019-11_gen6ou-0.json,Ludicolo,Stats,Serious,,3.828
2019-11_gen6ou-0.json,Ludicolo,Stats,Mild,,2.871
2019-11_gen6ou-0.json,Ludicolo,Abilities,,Swift Swim,70.335
2019-11_gen6ou-0.json,Ludicolo,Abilities,,Own Tempo,21.531
2019-11_gen6ou-0.json,Ludicolo,Abilities,,Rain Dish,8.134
2019-11_gen6ou-0.json,Ludicolo,Items,,Leftovers,48.325
2019-11_gen6ou-0.json,Ludicolo,Items,,Life Orb,29.187
2019-11_gen6ou-0.json,Ludicolo,Items,,Lum Berry,6.699
2019-11_gen6ou-0.json,Ludicolo,Items,,Petaya Berry,3.828
2019-11_gen6ou-0.json,Ludicolo,Items,,Nothing,2.392
2019-11_gen6ou-0.json,Ludicolo,Items,,Mystic Water,1.914
2019-11_gen6ou-0.json,Ludicolo,Items,,Assault Vest,1.435
2019-11_gen6ou-0.json,Ludicolo,Items,,Big Root,1.435
2019-11_gen6ou-0.json,Ludicolo,Items,,Other,4.785
2019-11_gen6ou-0.json,Ludicolo,Spreads,,Other,34.928
2019-11_gen6ou-0.json,Ludicolo,Moves,,Ice Beam,76.555
2019-11_gen6ou-0.json,Ludicolo,Moves,,Giga Drain,75.598
2019-11_gen6ou-0.json,Ludicolo,Moves,,Hydro Pump,52.632
2019-11_gen6ou-0.json,Ludicolo,Moves,,Rain Dance,40.67
2019-11_gen6ou-0.json,Ludicolo,Moves,,Scald,25.837
2019-11_gen6ou-0.json,Ludicolo,Moves,,Surf,22.967
2019-11_gen6ou-0.json,Ludicolo,Moves,,Energy Ball,20.096
2019-11_gen6ou-0.json,Ludicolo,Moves,,Leech Seed,17.225
2019-11_gen6ou-0.json,Ludicolo,Moves,,Focus Blast,13.876
2019-11_gen6ou-0.json,Ludicolo,Moves,,Toxic,12.919
2019-11_gen6ou-0.json,Ludicolo,Moves,,Protect,11.483
2019-11_gen6ou-0.json,Ludicolo,Moves,,Synthesis,3.828
2019-11_gen6ou-0.json,Ludicolo,Moves,,Hidden Power Ground,3.828
2019-11_gen6ou-0.json,Ludicolo,Moves,,Fake Out,3.349
2019-11_gen6ou-0.json,Ludicolo,Moves,,Other,19.139
2019-11_gen6ou-0.json,Toxicroak,Stats,Raw count,,215
2019-11_gen6ou-0.json,Toxicroak,Stats,Avg. weight,,1.0
2019-11_gen6ou-0.json,Toxicroak,Stats,Viability Ceiling,,84
2019-11_gen6ou-0.json,Toxicroak,Stats,Jolly,,3.721
2019-11_gen6ou-0.json,Toxicroak,Stats,Adamant,,3.721
2019-11_gen6ou-0.json,Toxicroak,Abilities,,Dry Skin,75.349
2019-11_gen6ou-0.json,Toxicroak,Abilities,,Poison Touch,17.674
2019-11_gen6ou-0.json,Toxicroak,Abilities,,Anticipation,6.977
2019-11_gen6ou-0.json,Toxicroak,Items,,Life Orb,60.0
2019-11_gen6ou-0.json,Toxicroak,Items,,Leftovers,6.977
2019-11_gen6ou-0.json,Toxicroak,Items,,Assault Vest,5.581
2019-11_gen6ou-0.json,Toxicroak,Items,,Black Sludge,5.116
2019-11_gen6ou-0.json,Toxicroak,Items,,Black Belt,4.651
2019-11_gen6ou-0.json,Toxicroak,Items,,Nothing,4.186
2019-11_gen6ou-0.json,Toxicroak,Items,,Focus Sash,3.721
2019-11_gen6ou-0.json,Toxicroak,Items,,Air Balloon,2.791
2019-11_gen6ou-0.json,Toxicroak,Items,,Choice Scarf,1.395
2019-11_gen6ou-0.json,Toxicroak,Items,,Fist Plate,1.395
2019-11_gen6ou-0.json,Toxicroak,Items,,Other,4.186
2019-11_gen6ou-0.json,Toxicroak,Spreads,,Other,18.14
2019-11_gen6ou-0.json,Toxicroak,Moves,,Drain Punch,70.698
2019-11_gen6ou-0.json,Toxicroak,Moves,,Swords Dance,68.837
2019-11_gen6ou-0.json,Toxicroak,Moves,,Gunk Shot,64.186
2019-11_gen6ou-0.json,Toxicroak,Moves,,Sucker Punch,61.86
2019-11_gen6ou-0.json,Toxicroak,Moves,,Poison Jab,22.791
2019-11_gen6ou-0.json,Toxicroak,Moves,,X-Scissor,13.023
2019-11_gen6ou-0.json,Toxicroak,Moves,,Foul Play,11.163
2019-11_gen6ou-0.json,Toxicroak,Moves,,Bullet Punch,9.302
2019-11_gen6ou-0.json,Toxicroak,Moves,,Cross Chop,8.837
2019-11_gen6ou-0.json,Toxicroak,Moves,,Thunder Punch,8.372
2019-11_gen6ou-0.json,Toxicroak,Moves,,Bulk Up,7.907
2019-11_gen6ou-0.json,Toxicroak,Moves,,Fake Out,6.977
2019-11_gen6ou-0.json,Toxicroak,Moves,,Earthquake,6.512
2019-11_gen6ou-0.json,Toxicroak,Moves,,Ice Punch,6.047
2019-11_gen6ou-0.json,Toxicroak,Moves,,Focus Punch,5.116
2019-11_gen6ou-0.json,Toxicroak,Moves,,Power-Up Punch,4.651
2019-11_gen6ou-0.json,Toxicroak,Moves,,Sludge Wave,4.186
2019-11_gen6ou-0.json,Toxicroak,Moves,,Other,19.535
2019-11_gen6ou-0.json,Houndoom,Stats,Raw count,,197
2019-11_gen6ou-0.json,Houndoom,Stats,Avg. weight,,1.0
2019-11_gen6ou-0.json,Houndoom,Stats,Viability Ceiling,,66
2019-11_gen6ou-0.json,Houndoom,Stats,Jolly,,28.426
2019-11_gen6ou-0.json,Houndoom,Stats,Hasty,,5.584
2019-11_gen6ou-0.json,Houndoom,Stats,Timid,,6.599
2019-11_gen6ou-0.json,Houndoom,Stats,Hardy,,6.599
2019-11_gen6ou-0.json,Houndoom,Abilities,,Early Bird,53.299
2019-11_gen6ou-0.json,Houndoom,Abilities,,Flash Fire,46.701
2019-11_gen6ou-0.json,Houndoom,Items,,Focus Sash,69.036
2019-11_gen6ou-0.json,Houndoom,Items,,Air Balloon,10.66
2019-11_gen6ou-0.json,Houndoom,Items,,Nothing,8.629
2019-11_gen6ou-0.json,Houndoom,Items,,Leftovers,5.076
2019-11_gen6ou-0.json,Houndoom,Items,,Choice Specs,2.538
2019-11_gen6ou-0.json,Houndoom,Items,,Other,4.061
2019-11_gen6ou-0.json,Houndoom,Spreads,,Other,18.782
2019-11_gen6ou-0.json,Houndoom,Moves,,Destiny Bond,69.036
2019-11_gen6ou-0.json,Houndoom,Moves,,Counter,48.731
2019-11_gen6ou-0.json,Houndoom,Moves,,Flamethrower,41.117
2019-11_gen6ou-0.json,Houndoom,Moves,,Flame Charge,36.548
2019-11_gen6ou-0.json,Houndoom,Moves,,Sludge Bomb,32.995
2019-11_gen6ou-0.json,Houndoom,Moves,,Taunt,32.487
2019-11_gen6ou-0.json,Houndoom,Moves,,Dark Pulse,29.949
2019-11_gen6ou-0.json,Houndoom,Moves,,Fire Blast,25.381
2019-11_gen6ou-0.json,Houndoom,Moves,,Sucker Punch,20.305
2019-11_gen6ou-0.json,Houndoom,Moves,,Nasty Plot,18.782
2019-11_gen6ou-0.json,Houndoom,Moves,,Will-O-Wisp,10.66
2019-11_gen6ou-0.json,Houndoom,Moves,,Nothing,10.152
2019-11_gen6ou-0.json,Houndoom,Moves,,Overheat,9.645
2019-11_gen6ou-0.json,Houndoom,Moves,,Other,14.213
2019-11_gen6ou-0.json,Honchkrow,Stats,Raw count,,211
2019-11_gen6ou-0.json,Honchkrow,Stats,Avg. weight,,1.0
2019-11_gen6ou-0.json,Honchkrow,Stats,Viability Ceiling,,75
2019-11_gen6ou-0.json,Honchkrow,Stats,Naughty,,22.275
2019-11_gen6ou-0.json,Honchkrow,Stats,Adamant,,6.161
2019-11_gen6ou-0.json,Honchkrow,Stats,Jolly,,12.796
2019-11_gen6ou-0.json,Honchkrow,Stats,Careful,,6.635
2019-11_gen6ou-0.json,Honchkrow,Abilities,,Moxie,85.308
2019-11_gen6ou-0.json,Honchkrow,Abilities,,Super Luck,10.9
2019-11_gen6ou-0.json,Honchkrow,Abilities,,Insomnia,3.791
2019-11_gen6ou-0.json,Honchkrow,Items,,Life Orb,26.54
2019-11_gen6ou-0.json,Honchkrow,Items,,Choice Scarf,16.588
2019-11_gen6ou-0.json,Honchkrow,Items,,Choice Band,16.114
2019-11_gen6ou-0.json,Honchkrow,Items,,Black Glasses,12.796
2019-11_gen6ou-0.json,Honchkrow,Items,,Aguav Berry,7.109
2019-11_gen6ou-0.json,Honchkrow,Items,,Razor Claw,5.213
2019-11_gen6ou-0.json,Honchkrow,Items,,Leftovers,4.265
2019-11_gen6ou-0.json,Honchkrow,Items,,Scope Lens,3.791
2019-11_gen6ou-0.json,Honchkrow,Items,,Shell Bell,2.844
2019-11_gen6ou-0.json,Honchkrow,Items,,Other,4.739
2019-11_gen6ou-0.json,Honchkrow,Spreads,,Other,27.014
2019-11_gen6ou-0.json,Honchkrow,Moves,,Brave Bird,85.782
2019-11_gen6ou-0.json,Honchkrow,Moves,,Sucker Punch,77.251
2019-11_gen6ou-0.json,Honchkrow,Moves,,Pursuit,40.758
2019-11_gen6ou-0.json,Honchkrow,Moves,,Superpower,40.284
2019-11_gen6ou-0.json,Honchkrow,Moves,,Nothing,38.389
2019-11_gen6ou-0.json,Honchkrow,Moves,,Heat Wave,28.91
2019-11_gen6ou-0.json,Honchkrow,Moves,,Night Slash,18.009
2019-11_gen6ou-0.json,Honchkrow,Moves,,Roost,15.166
2019-11_gen6ou-0.json,Honchkrow,Moves,,Substitute,6.635
2019-11_gen6ou-0.json,Honchkrow,Moves,,Hidden Power Ice,5.213
2019-11_gen6ou-0.json,Honchkrow,Moves,,Steel Wing,5.213
2019-11_gen6ou-0.json,Honchkrow,Moves,,Shadow Ball,5.213
2019-11_gen6ou-0.json,Honchkrow,Moves,,Dark Pulse,5.213
2019-11_gen6ou-0.json,Honchkrow,Moves,,Drill Peck,4.265
2019-11_gen6ou-0.json,Honchkrow,Moves,,Foul Play,3.318
2019-11_gen6ou-0.json,Honchkrow,Moves,,Air Cutter,3.318
2019-11_gen6ou-0.json,Honchkrow,Moves,,Other,17.062
2019-11_gen6ou-0.json,Absol-Mega,Stats,Raw count,,208
2019-11_gen6ou-0.json,Absol-Mega,Stats,Avg. weight,,1.0
2019-11_gen6ou-0.json,Absol-Mega,Stats,Viability Ceiling,,77
2019-11_gen6ou-0.json,Absol-Mega,Stats,Jolly,,9.615
2019-11_gen6ou-0.json,Absol-Mega,Stats,Adamant,,15.865
2019-11_gen6ou-0.json,Absol-Mega,Stats,Naive,,7.212
2019-11_gen6ou-0.json,Absol-Mega,Stats,Hardy,,4.327
2019-11_gen6ou-0.json,Absol-Mega,Stats,Hasty,,2.885
2019-11_gen6ou-0.json,Absol-Mega,Abilities,,Magic Bounce,100.0
2019-11_gen6ou-0.json,Absol-Mega,Items,,Absolite,100.0
2019-11_gen6ou-0.json,Absol-Mega,Spreads,,Other,33.173
2019-11_gen6ou-0.json,Absol-Mega,Moves,,Sucker Punch,52.404
2019-11_gen6ou-0.json,Absol-Mega,Moves,,Swords Dance,48.558
2019-11_gen6ou-0.json,Absol-Mega,Moves,,Play Rough,38.462
2019-11_gen6ou-0.json,Absol-Mega,Moves,,Knock Off,36.058
2019-11_gen6ou-0.json,Absol-Mega,Moves,,Superpower,29.327
2019-11_gen6ou-0.json,Absol-Mega,Moves,,Flamethrower,22.596
2019-11_gen6ou-0.json,Absol-Mega,Moves,,Megahorn,17.308
2019-11_gen6ou-0.json,Absol-Mega,Moves,,Iron Tail,16.346
2019-11_gen6ou-0.json,Absol-Mega,Moves,,Dark Pulse,16.346
2019-11_gen6ou-0.json,Absol-Mega,Moves,,Night Slash,12.5
2019-11_gen6ou-0.json,Absol-Mega,Moves,,Fire Blast,9.135
2019-11_gen6ou-0.json,Absol-Mega,Moves,,Zen Headbutt,8.173
2019-11_gen6ou-0.json,Absol-Mega,Moves,,Psycho Cut,8.173
2019-11_gen6ou-0.json,Absol-Mega,Moves,,Foul Play,7.212
2019-11_gen6ou-0.json,Absol-Mega,Moves,,Will-O-Wisp,7.212
2019-11_gen6ou-0.json,Absol-Mega,Moves,,Shadow Claw,4.327
2019-11_gen6ou-0.json,Absol-Mega,Moves,,Calm Mind,4.327
2019-11_gen6ou-0.json,Absol-Mega,Moves,,Slash,4.327
2019-11_gen6ou-0.json,Absol-Mega,Moves,,Return,4.327
2019-11_gen6ou-0.json,Absol-Mega,Moves,,Quick Attack,4.327
2019-11_gen6ou-0.json,Absol-Mega,Moves,,Double-Edge,4.327
2019-11_gen6ou-0.json,Absol-Mega,Moves,,X-Scissor,3.846
2019-11_gen6ou-0.json,Absol-Mega,Moves,,Ice Beam,3.846
2019-11_gen6ou-0.json,Absol-Mega,Moves,,Body Slam,3.846
2019-11_gen6ou-0.json,Absol-Mega,Moves,,Detect,3.365
2019-11_gen6ou-0.json,Absol-Mega,Moves,,Taunt,2.885
2019-11_gen6ou-0.json,Absol-Mega,Moves,,Thunderbolt,2.885
2019-11_gen6ou-0.json,Absol-Mega,Moves,,Perish Song,2.404
2019-11_gen6ou-0.json,Absol-Mega,Moves,,Aerial Ace,2.404
2019-11_gen6ou-0.json,Absol-Mega,Moves,,Other,18.75
2019-11_gen6ou-0.json,Aerodactyl-Mega,Stats,Raw count,,202
2019-11_gen6ou-0.json,Aerodactyl-Mega,Stats,Avg. weight,,1.0
2019-11_gen6ou-0.json,Aerodactyl-Mega,Stats,Viability Ceiling,,59
2019-11_gen6ou-0.json,Aerodactyl-Mega,Stats,Jolly,,5.446
2019-11_gen6ou-0.json,Aerodactyl-Mega,Stats,Adamant,,5.941
2019-11_gen6ou-0.json,Aerodactyl-Mega,Stats,Serious,,4.455
2019-11_gen6ou-0.json,Aerodactyl-Mega,Stats,Hasty,,3.960
2019-11_gen6ou-0.json,Aerodactyl-Mega,Abilities,,Tough Claws,100.0
2019-11_gen6ou-0.json,Aerodactyl-Mega,Items,,Aerodactylite,100.0
2019-11_gen6ou-0.json,Aerodactyl-Mega,Spreads,,Other,48.02
2019-11_gen6ou-0.json,Aerodactyl-Mega,Moves,,Earthquake,52.97
2019-11_gen6ou-0.json,Aerodactyl-Mega,Moves,,Stone Edge,39.604
2019-11_gen6ou-0.json,Aerodactyl-Mega,Moves,,Aerial Ace,32.178
2019-11_gen6ou-0.json,Aerodactyl-Mega,Moves,,Dragon Claw,26.733
2019-11_gen6ou-0.json,Aerodactyl-Mega,Moves,,Ice Fang,23.267
2019-11_gen6ou-0.json,Aerodactyl-Mega,Moves,,Crunch,22.772
2019-11_gen6ou-0.json,Aerodactyl-Mega,Moves,,Iron Head,21.782
2019-11_gen6ou-0.json,Aerodactyl-Mega,Moves,,Fire Fang,21.287
2019-11_gen6ou-0.json,Aerodactyl-Mega,Moves,,Rock Slide,14.851
2019-11_gen6ou-0.json,Aerodactyl-Mega,Moves,,Stealth Rock,14.356
2019-11_gen6ou-0.json,Aerodactyl-Mega,Moves,,Aqua Tail,11.386
2019-11_gen6ou-0.json,Aerodactyl-Mega,Moves,,Dragon Pulse,10.891
2019-11_gen6ou-0.json,Aerodactyl-Mega,Moves,,Thunder Fang,10.891
2019-11_gen6ou-0.json,Aerodactyl-Mega,Moves,,Roost,10.396
2019-11_gen6ou-0.json,Aerodactyl-Mega,Moves,,Earth Power,9.901
2019-11_gen6ou-0.json,Aerodactyl-Mega,Moves,,Fire Blast,7.921
2019-11_gen6ou-0.json,Aerodactyl-Mega,Moves,,Pursuit,7.426
2019-11_gen6ou-0.json,Aerodactyl-Mega,Moves,,Double-Edge,7.426
2019-11_gen6ou-0.json,Aerodactyl-Mega,Moves,,Hone Claws,6.931
2019-11_gen6ou-0.json,Aerodactyl-Mega,Moves,,Fly,5.446
2019-11_gen6ou-0.json,Aerodactyl-Mega,Moves,,Iron Tail,4.95
2019-11_gen6ou-0.json,Aerodactyl-Mega,Moves,,Protect,4.95
2019-11_gen6ou-0.json,Aerodactyl-Mega,Moves,,Roar,4.95
2019-11_gen6ou-0.json,Aerodactyl-Mega,Moves,,Toxic,3.465
2019-11_gen6ou-0.json,Aerodactyl-Mega,Moves,,Flamethrower,2.97
2019-11_gen6ou-0.json,Aerodactyl-Mega,Moves,,Hidden Power Fighting,1.98
2019-11_gen6ou-0.json,Aerodactyl-Mega,Moves,,Other,18.317
2019-11_gen6ou-0.json,Dusclops,Stats,Raw count,,194
2019-11_gen6ou-0.json,Dusclops,Stats,Avg. weight,,1.0
2019-11_gen6ou-0.json,Dusclops,Stats,Viability Ceiling,,61
2019-11_gen6ou-0.json,Dusclops,Stats,Careful,,25.773
2019-11_gen6ou-0.json,Dusclops,Stats,Bold,,5.670
2019-11_gen6ou-0.json,Dusclops,Stats,Brave,,6.701
2019-11_gen6ou-0.json,Dusclops,Stats,Sassy,,4.639
2019-11_gen6ou-0.json,Dusclops,Abilities,,Pressure,61.34
2019-11_gen6ou-0.json,Dusclops,Abilities,,Frisk,38.66
2019-11_gen6ou-0.json,Dusclops,Items,,Eviolite,97.423
2019-11_gen6ou-0.json,Dusclops,Items,,Other,2.577
2019-11_gen6ou-0.json,Dusclops,Spreads,,Other,18.041
2019-11_gen6ou-0.json,Dusclops,Moves,,Will-O-Wisp,87.629
2019-11_gen6ou-0.json,Dusclops,Moves,,Pain Split,49.485
2019-11_gen6ou-0.json,Dusclops,Moves,,Rest,35.567
2019-11_gen6ou-0.json,Dusclops,Moves,,Toxic,33.505
2019-11_gen6ou-0.json,Dusclops,Moves,,Infestation,26.804
2019-11_gen6ou-0.json,Dusclops,Moves,,Shadow Sneak,25.773
2019-11_gen6ou-0.json,Dusclops,Moves,,Skill Swap,25.773
2019-11_gen6ou-0.json,Dusclops,Moves,,Seismic Toss,20.619
2019-11_gen6ou-0.json,Dusclops,Moves,,Destiny Bond,17.01
2019-11_gen6ou-0.json,Dusclops,Moves,,Night Shade,9.278
2019-11_gen6ou-0.json,Dusclops,Moves,,Shadow Punch,8.763
2019-11_gen6ou-0.json,Dusclops,Moves,,Protect,8.247
2019-11_gen6ou-0.json,Dusclops,Moves,,Ice Punch,6.701
2019-11_gen6ou-0.json,Dusclops,Moves,,Thunder Punch,6.701
2019-11_gen6ou-0.json,Dusclops,Moves,,Taunt,6.186
2019-11_gen6ou-0.json,Dusclops,Moves,,Confuse Ray,5.155
2019-11_gen6ou-0.json,Dusclops,Moves,,Trick Room,4.639
2019-11_gen6ou-0.json,Dusclops,Moves,,Calm Mind,3.608
2019-11_gen6ou-0.json,Dusclops,Moves,,Other,18.557
2019-11_gen6ou-0.json,Latios-Mega,Stats,Raw count,,192
2019-11_gen6ou-0.json,Latios-Mega,Stats,Avg. weight,,1.0
2019-11_gen6ou-0.json,Latios-Mega,Stats,Viability Ceiling,,89
2019-11_gen6ou-0.json,Latios-Mega,Stats,Timid,,5.729
2019-11_gen6ou-0.json,Latios-Mega,Stats,Jolly,,12.500
2019-11_gen6ou-0.json,Latios-Mega,Stats,Hasty,,5.729
2019-11_gen6ou-0.json,Latios-Mega,Stats,Bold,,5.208
2019-11_gen6ou-0.json,Latios-Mega,Stats,Hardy,,4.688
2019-11_gen6ou-0.json,Latios-Mega,Abilities,,Levitate,100.0
2019-11_gen6ou-0.json,Latios-Mega,Items,,Latiosite,100.0
2019-11_gen6ou-0.json,Latios-Mega,Spreads,,Other,50.521
2019-11_gen6ou-0.json,Latios-Mega,Moves,,Draco Meteor,54.167
2019-11_gen6ou-0.json,Latios-Mega,Moves,,Earthquake,39.062
2019-11_gen6ou-0.json,Latios-Mega,Moves,,Psyshock,35.938
2019-11_gen6ou-0.json,Latios-Mega,Moves,,Psychic,27.604
2019-11_gen6ou-0.json,Latios-Mega,Moves,,Dragon Pulse,26.042
2019-11_gen6ou-0.json,Latios-Mega,Moves,,Dragon Dance,20.833
2019-11_gen6ou-0.json,Latios-Mega,Moves,,Energy Ball,20.833
2019-11_gen6ou-0.json,Latios-Mega,Moves,,Recover,20.312
2019-11_gen6ou-0.json,Latios-Mega,Moves,,Ice Beam,17.188
2019-11_gen6ou-0.json,Latios-Mega,Moves,,Outrage,14.583
2019-11_gen6ou-0.json,Latios-Mega,Moves,,Zen Headbutt,14.062
2019-11_gen6ou-0.json,Latios-Mega,Moves,,Calm Mind,14.062
2019-11_gen6ou-0.json,Latios-Mega,Moves,,Roost,12.5
2019-11_gen6ou-0.json,Latios-Mega,Moves,,Shadow Ball,9.896
2019-11_gen6ou-0.json,Latios-Mega,Moves,,Dragon Claw,9.375
2019-11_gen6ou-0.json,Latios-Mega,Moves,,Thunderbolt,9.375
2019-11_gen6ou-0.json,Latios-Mega,Moves,,Body Slam,6.771
2019-11_gen6ou-0.json,Latios-Mega,Moves,,Hidden Power Fire,6.771
2019-11_gen6ou-0.json,Latios-Mega,Moves,,Double-Edge,5.208
2019-11_gen6ou-0.json,Latios-Mega,Moves,,Hidden Power Fighting,4.688
2019-11_gen6ou-0.json,Latios-Mega,Moves,,Return,4.688
2019-11_gen6ou-0.json,Latios-Mega,Moves,,Surf,3.646
2019-11_gen6ou-0.json,Latios-Mega,Moves,,Defog,3.646
2019-11_gen6ou-0.json,Latios-Mega,Moves,,Other,18.75
2019-11_gen6ou-0.json,Typhlosion,Stats,Raw count,,200
2019-11_gen6ou-0.json,Typhlosion,Stats,Avg. weight,,1.0
2019-11_gen6ou-0.json,Typhlosion,Stats,Viability Ceiling,,72
2019-11_gen6ou-0.json,Typhlosion,Stats,Rash,,14.500
2019-11_gen6ou-0.json,Typhlosion,Stats,Hasty,,14.000
2019-11_gen6ou-0.json,Typhlosion,Stats,Modest,,4.000
2019-11_gen6ou-0.json,Typhlosion,Stats,Hardy,,6.000
2019-11_gen6ou-0.json,Typhlosion,Stats,Timid,,4.500
2019-11_gen6ou-0.json,Typhlosion,Abilities,,Flash Fire,59.5
2019-11_gen6ou-0.json,Typhlosion,Abilities,,Blaze,40.5
2019-11_gen6ou-0.json,Typhlosion,Items,,Leftovers,32.0
2019-11_gen6ou-0.json,Typhlosion,Items,,Focus Sash,15.5
2019-11_gen6ou-0.json,Typhlosion,Items,,Choice Scarf,12.0
2019-11_gen6ou-0.json,Typhlosion,Items,,Nothing,12.0
2019-11_gen6ou-0.json,Typhlosion,Items,,Charcoal,11.5
2019-11_gen6ou-0.json,Typhlosion,Items,,Eviolite,3.0
2019-11_gen6ou-0.json,Typhlosion,Items,,Aguav Berry,2.5
2019-11_gen6ou-0.json,Typhlosion,Items,,Expert Belt,1.5
2019-11_gen6ou-0.json,Typhlosion,Items,,Sitrus Berry,1.5
2019-11_gen6ou-0.json,Typhlosion,Items,,Assault Vest,1.0
2019-11_gen6ou-0.json,Typhlosion,Items,,Liechi Berry,1.0
2019-11_gen6ou-0.json,Typhlosion,Items,,Life Orb,1.0
2019-11_gen6ou-0.json,Typhlosion,Items,,Choice Specs,1.0
2019-11_gen6ou-0.json,Typhlosion,Items,,Other,4.5
2019-11_gen6ou-0.json,Typhlosion,Spreads,,Other,48.0
2019-11_gen6ou-0.json,Typhlosion,Moves,,Flamethrower,61.0
2019-11_gen6ou-0.json,Typhlosion,Moves,,Eruption,39.5
2019-11_gen6ou-0.json,Typhlosion,Moves,,Thunder Punch,30.5
2019-11_gen6ou-0.json,Typhlosion,Moves,,Extrasensory,29.0
2019-11_gen6ou-0.json,Typhlosion,Moves,,Earthquake,28.0
2019-11_gen6ou-0.json,Typhlosion,Moves,,Fire Blast,23.5
2019-11_gen6ou-0.json,Typhlosion,Moves,,Overheat,16.0
2019-11_gen6ou-0.json,Typhlosion,Moves,,Focus Blast,13.0
2019-11_gen6ou-0.json,Typhlosion,Moves,,Hidden Power Dragon,12.0
2019-11_gen6ou-0.json,Typhlosion,Moves,,Sunny Day,11.0
2019-11_gen6ou-0.json,Typhlosion,Moves,,Fire Punch,10.5
2019-11_gen6ou-0.json,Typhlosion,Moves,,Roar,10.0
2019-11_gen6ou-0.json,Typhlosion,Moves,,Flame Charge,9.0
2019-11_gen6ou-0.json,Typhlosion,Moves,,Protect,9.0
2019-11_gen6ou-0.json,Typhlosion,Moves,,Wild Charge,8.5
2019-11_gen6ou-0.json,Typhlosion,Moves,,Brick Break,8.0
2019-11_gen6ou-0.json,Typhlosion,Moves,,Rest,7.0
2019-11_gen6ou-0.json,Typhlosion,Moves,,Sleep Talk,6.0
2019-11_gen6ou-0.json,Typhlosion,Moves,,Flare Blitz,6.0
2019-11_gen6ou-0.json,Typhlosion,Moves,,Heat Wave,5.5
2019-11_gen6ou-0.json,Typhlosion,Moves,,Double-Edge,5.5
2019-11_gen6ou-0.json,Typhlosion,Moves,,Toxic,5.0
2019-11_gen6ou-0.json,Typhlosion,Moves,,Facade,4.5
2019-11_gen6ou-0.json,Typhlosion,Moves,,Flame Burst,4.0
2019-11_gen6ou-0.json,Typhlosion,Moves,,Solar Beam,4.0
2019-11_gen6ou-0.json,Typhlosion,Moves,,Power-Up Punch,3.5
2019-11_gen6ou-0.json,Typhlosion,Moves,,Hidden Power Grass,3.5
2019-11_gen6ou-0.json,Typhlosion,Moves,,Lava Plume,3.5
2019-11_gen6ou-0.json,Typhlosion,Moves,,Quick Attack,3.0
2019-11_gen6ou-0.json,Typhlosion,Moves,,Swift,2.5
2019-11_gen6ou-0.json,Typhlosion,Moves,,Other,18.0
2019-11_gen6ou-0.json,Seismitoad,Stats,Raw count,,188
2019-11_gen6ou-0.json,Seismitoad,Stats,Avg. weight,,1.0
2019-11_gen6ou-0.json,Seismitoad,Stats,Viability Ceiling,,80
2019-11_gen6ou-0.json,Seismitoad,Stats,Modest,,42.021
2019-11_gen6ou-0.json,Seismitoad,Stats,Bold,,10.638
2019-11_gen6ou-0.json,Seismitoad,Stats,Impish,,6.383
2019-11_gen6ou-0.json,Seismitoad,Stats,Adamant,,5.319
2019-11_gen6ou-0.json,Seismitoad,Stats,Hardy,,3.723
2019-11_gen6ou-0.json,Seismitoad,Abilities,,Swift Swim,56.915
2019-11_gen6ou-0.json,Seismitoad,Abilities,,Water Absorb,31.383
2019-11_gen6ou-0.json,Seismitoad,Abilities,,Poison Touch,11.702
2019-11_gen6ou-0.json,Seismitoad,Items,,Life Orb,45.213
2019-11_gen6ou-0.json,Seismitoad,Items,,Leftovers,29.787
2019-11_gen6ou-0.json,Seismitoad,Items,,Assault Vest,12.766
2019-11_gen6ou-0.json,Seismitoad,Items,,Rocky Helmet,4.255
2019-11_gen6ou-0.json,Seismitoad,Items,,Red Card,3.191
2019-11_gen6ou-0.json,Seismitoad,Items,,Other,4.787
2019-11_gen6ou-0.json,Seismitoad,Spreads,,Other,26.596
2019-11_gen6ou-0.json,Seismitoad,Moves,,Earth Power,52.128
2019-11_gen6ou-0.json,Seismitoad,Moves,,Hydro Pump,45.745
2019-11_gen6ou-0.json,Seismitoad,Moves,,Sludge Wave,43.085
2019-11_gen6ou-0.json,Seismitoad,Moves,,Focus Blast,42.021
2019-11_gen6ou-0.json,Seismitoad,Moves,,Scald,36.17
2019-11_gen6ou-0.json,Seismitoad,Moves,,Earthquake,32.979
2019-11_gen6ou-0.json,Seismitoad,Moves,,Toxic,29.255
2019-11_gen6ou-0.json,Seismitoad,Moves,,Knock Off,25.532
2019-11_gen6ou-0.json,Seismitoad,Moves,,Stealth Rock,21.277
2019-11_gen6ou-0.json,Seismitoad,Moves,,Drain Punch,18.085
2019-11_gen6ou-0.json,Seismitoad,Moves,,Poison Jab,11.17
2019-11_gen6ou-0.json,Seismitoad,Moves,,Ice Punch,9.574
2019-11_gen6ou-0.json,Seismitoad,Moves,,Rest,8.511
2019-11_gen6ou-0.json,Seismitoad,Moves,,Rock Slide,6.915
2019-11_gen6ou-0.json,Seismitoad,Moves,,Other,17.553
2019-11_gen6ou-0.json,Rhyperior,Stats,Raw count,,184
2019-11_gen6ou-0.json,Rhyperior,Stats,Avg. weight,,1.0
2019-11_gen6ou-0.json,Rhyperior,Stats,Viability Ceiling,,64
2019-11_gen6ou-0.json,Rhyperior,Stats,Adamant,,9.783
2019-11_gen6ou-0.json,Rhyperior,Stats,Impish,,12.500
2019-11_gen6ou-0.json,Rhyperior,Stats,Brave,,11.413
2019-11_gen6ou-0.json,Rhyperior,Stats,Careful,,3.804
2019-11_gen6ou-0.json,Rhyperior,Abilities,,Solid Rock,78.261
2019-11_gen6ou-0.json,Rhyperior,Abilities,,Lightning Rod,15.217
2019-11_gen6ou-0.json,Rhyperior,Abilities,,Reckless,6.522
2019-11_gen6ou-0.json,Rhyperior,Items,,Leftovers,20.652
2019-11_gen6ou-0.json,Rhyperior,Items,,Assault Vest,17.935
2019-11_gen6ou-0.json,Rhyperior,Items,,Choice Band,16.304
2019-11_gen6ou-0.json,Rhyperior,Items,,Weakness Policy,10.87
2019-11_gen6ou-0.json,Rhyperior,Items,,Sitrus Berry,9.783
2019-11_gen6ou-0.json,Rhyperior,Items,,Focus Sash,8.152
2019-11_gen6ou-0.json,Rhyperior,Items,,Expert Belt,3.261
2019-11_gen6ou-0.json,Rhyperior,Items,,Life Orb,2.717
2019-11_gen6ou-0.json,Rhyperior,Items,,Rocky Helmet,2.717
2019-11_gen6ou-0.json,Rhyperior,Items,,Nothing,2.717
2019-11_gen6ou-0.json,Rhyperior,Items,,Other,4.891
2019-11_gen6ou-0.json,Rhyperior,Spreads,,Other,35.326
2019-11_gen6ou-0.json,Rhyperior,Moves,,Earthquake,94.565
2019-11_gen6ou-0.json,Rhyperior,Moves,,Stone Edge,64.13
2019-11_gen6ou-0.json,Rhyperior,Moves,,Stealth Rock,41.848
2019-11_gen6ou-0.json,Rhyperior,Moves,,Ice Punch,22.826
2019-11_gen6ou-0.json,Rhyperior,Moves,,Fire Punch,16.848
2019-11_gen6ou-0.json,Rhyperior,Moves,,Rock Blast,16.848
2019-11_gen6ou-0.json,Rhyperior,Moves,,Roar,15.761
2019-11_gen6ou-0.json,Rhyperior,Moves,,Megahorn,15.217
2019-11_gen6ou-0.json,Rhyperior,Moves,,Brick Break,14.674
2019-11_gen6ou-0.json,Rhyperior,Moves,,Dragon Tail,14.13
2019-11_gen6ou-0.json,Rhyperior,Moves,,Rock Wrecker,13.043
2019-11_gen6ou-0.json,Rhyperior,Moves,,Rock Polish,8.696
2019-11_gen6ou-0.json,Rhyperior,Moves,,Thunder Punch,7.609
2019-11_gen6ou-0.json,Rhyperior,Moves,,Hammer Arm,5.978
2019-11_gen6ou-0.json,Rhyperior,Moves,,Poison Jab,5.978
2019-11_gen6ou-0.json,Rhyperior,Moves,,Swords Dance,5.435
2019-11_gen6ou-0.json,Rhyperior,Moves,,Rock Slide,5.435
2019-11_gen6ou-0.json,Rhyperior,Moves,,Power-Up Punch,3.261
2019-11_gen6ou-0.json,Rhyperior,Moves,,Curse,3.261
2019-11_gen6ou-0.json,Rhyperior,Moves,,Avalanche,2.717
2019-11_gen6ou-0.json,Rhyperior,Moves,,Hidden Power Grass,2.717
2019-11_gen6ou-0.json,Rhyperior,Moves,,Other,19.022
2019-11_gen6ou-0.json,Eelektross,Stats,Raw count,,179
2019-11_gen6ou-0.json,Eelektross,Stats,Avg. weight,,1.0
2019-11_gen6ou-0.json,Eelektross,Stats,Viability Ceiling,,59
2019-11_gen6ou-0.json,Eelektross,Stats,Modest,,16.760
2019-11_gen6ou-0.json,Eelektross,Stats,Serious,,5.028
2019-11_gen6ou-0.json,Eelektross,Stats,Adamant,,4.469
2019-11_gen6ou-0.json,Eelektross,Abilities,,Levitate,100.0
2019-11_gen6ou-0.json,Eelektross,Items,,Leftovers,47.486
2019-11_gen6ou-0.json,Eelektross,Items,,Assault Vest,13.408
2019-11_gen6ou-0.json,Eelektross,Items,,Rocky Helmet,11.173
2019-11_gen6ou-0.json,Eelektross,Items,,Sitrus Berry,8.939
2019-11_gen6ou-0.json,Eelektross,Items,,Magnet,7.263
2019-11_gen6ou-0.json,Eelektross,Items,,Life Orb,2.793
2019-11_gen6ou-0.json,Eelektross,Items,,Muscle Band,2.793
2019-11_gen6ou-0.json,Eelektross,Items,,Shock Drive,1.676
2019-11_gen6ou-0.json,Eelektross,Items,,Other,4.469
2019-11_gen6ou-0.json,Eelektross,Spreads,,Other,43.017
2019-11_gen6ou-0.json,Eelektross,Moves,,Thunderbolt,34.637
2019-11_gen6ou-0.json,Eelektross,Moves,,Brick Break,31.285
2019-11_gen6ou-0.json,Eelektross,Moves,,Aqua Tail,30.168
2019-11_gen6ou-0.json,Eelektross,Moves,,Flamethrower,26.816
2019-11_gen6ou-0.json,Eelektross,Moves,,Crunch,24.581
2019-11_gen6ou-0.json,Eelektross,Moves,,Volt Switch,22.346
2019-11_gen6ou-0.json,Eelektross,Moves,,Giga Drain,18.436
2019-11_gen6ou-0.json,Eelektross,Moves,,Wild Charge,17.318
2019-11_gen6ou-0.json,Eelektross,Moves,,Thunder Punch,16.201
2019-11_gen6ou-0.json,Eelektross,Moves,,Coil,15.642
2019-11_gen6ou-0.json,Eelektross,Moves,,Drain Punch,15.084
2019-11_gen6ou-0.json,Eelektross,Moves,,Thunder,13.966
2019-11_gen6ou-0.json,Eelektross,Moves,,Rain Dance,13.966
2019-11_gen6ou-0.json,Eelektross,Moves,,Discharge,13.966
2019-11_gen6ou-0.json,Eelektross,Moves,,Knock Off,11.732
2019-11_gen6ou-0.json,Eelektross,Moves,,Dragon Claw,8.939
2019-11_gen6ou-0.json,Eelektross,Moves,,Power-Up Punch,8.38
2019-11_gen6ou-0.json,Eelektross,Moves,,Acrobatics,8.38
2019-11_gen6ou-0.json,Eelektross,Moves,,Fire Punch,7.821
2019-11_gen6ou-0.json,Eelektross,Moves,,Acid Spray,6.704
2019-11_gen6ou-0.json,Eelektross,Moves,,Thunder Wave,6.704
2019-11_gen6ou-0.json,Eelektross,Moves,,Protect,6.704
2019-11_gen6ou-0.json,Eelektross,Moves,,U-turn,5.028
2019-11_gen6ou-0.json,Eelektross,Moves,,Dragon Pulse,5.028
2019-11_gen6ou-0.json,Eelektross,Moves,,Dragon Tail,4.469
2019-11_gen6ou-0.json,Eelektross,Moves,,Rest,3.911
2019-11_gen6ou-0.json,Eelektross,Moves,,Sleep Talk,3.911
2019-11_gen6ou-0.json,Eelektross,Moves,,Other,17.877
2019-11_gen6ou-0.json,Nidoqueen,Stats,Raw count,,199
2019-11_gen6ou-0.json,Nidoqueen,Stats,Avg. weight,,1.0
2019-11_gen6ou-0.json,Nidoqueen,Stats,Viability Ceiling,,83
2019-11_gen6ou-0.json,Nidoqueen,Stats,Timid,,54.271
2019-11_gen6ou-0.json,Nidoqueen,Stats,Modest,,10.050
2019-11_gen6ou-0.json,Nidoqueen,Stats,Hardy,,3.015
2019-11_gen6ou-0.json,Nidoqueen,Stats,Adamant,,2.010
2019-11_gen6ou-0.json,Nidoqueen,Stats,Bold,,3.015
2019-11_gen6ou-0.json,Nidoqueen,Abilities,,Sheer Force,78.392
2019-11_gen6ou-0.json,Nidoqueen,Abilities,,Poison Point,19.598
2019-11_gen6ou-0.json,Nidoqueen,Abilities,,Rivalry,2.01
2019-11_gen6ou-0.json,Nidoqueen,Items,,Life Orb,69.849
2019-11_gen6ou-0.json,Nidoqueen,Items,,Leftovers,9.045
2019-11_gen6ou-0.json,Nidoqueen,Items,,Rocky Helmet,6.533
2019-11_gen6ou-0.json,Nidoqueen,Items,,Black Sludge,5.025
2019-11_gen6ou-0.json,Nidoqueen,Items,,Air Balloon,3.015
2019-11_gen6ou-0.json,Nidoqueen,Items,,Nothing,2.513
2019-11_gen6ou-0.json,Nidoqueen,Items,,Other,4.02
2019-11_gen6ou-0.json,Nidoqueen,Spreads,,Other,24.623
2019-11_gen6ou-0.json,Nidoqueen,Moves,,Earth Power,78.894
2019-11_gen6ou-0.json,Nidoqueen,Moves,,Sludge Wave,71.859
2019-11_gen6ou-0.json,Nidoqueen,Moves,,Ice Beam,69.347
2019-11_gen6ou-0.json,Nidoqueen,Moves,,Stealth Rock,64.322
2019-11_gen6ou-0.json,Nidoqueen,Moves,,Toxic Spikes,13.568
2019-11_gen6ou-0.json,Nidoqueen,Moves,,Earthquake,12.563
2019-11_gen6ou-0.json,Nidoqueen,Moves,,Flamethrower,10.553
2019-11_gen6ou-0.json,Nidoqueen,Moves,,Dragon Tail,10.05
2019-11_gen6ou-0.json,Nidoqueen,Moves,,Poison Jab,7.538
2019-11_gen6ou-0.json,Nidoqueen,Moves,,Surf,7.538
2019-11_gen6ou-0.json,Nidoqueen,Moves,,Toxic,4.523
2019-11_gen6ou-0.json,Nidoqueen,Moves,,Stone Edge,4.523
2019-11_gen6ou-0.json,Nidoqueen,Moves,,Power-Up Punch,4.02
2019-11_gen6ou-0.json,Nidoqueen,Moves,,Poison Tail,4.02
2019-11_gen6ou-0.json,Nidoqueen,Moves,,Thunderbolt,3.518
2019-11_gen6ou-0.json,Nidoqueen,Moves,,Sludge Bomb,3.015
2019-11_gen6ou-0.json,Nidoqueen,Moves,,Avalanche,3.015
2019-11_gen6ou-0.json,Nidoqueen,Moves,,Blizzard,2.513
2019-11_gen6ou-0.json,Nidoqueen,Moves,,Body Slam,2.513
2019-11_gen6ou-0.json,Nidoqueen,Moves,,Nothing,2.01
2019-11_gen6ou-0.json,Nidoqueen,Moves,,Aqua Tail,2.01
2019-11_gen6ou-0.json,Nidoqueen,Moves,,Other,18.09
2019-11_gen6ou-0.json,Aggron,Stats,Raw count,,187
2019-11_gen6ou-0.json,Aggron,Stats,Avg. weight,,1.0
2019-11_gen6ou-0.json,Aggron,Stats,Viability Ceiling,,64
2019-11_gen6ou-0.json,Aggron,Stats,Adamant,,8.021
2019-11_gen6ou-0.json,Aggron,Stats,Relaxed,,16.578
2019-11_gen6ou-0.json,Aggron,Stats,Lax,,7.487
2019-11_gen6ou-0.json,Aggron,Stats,Impish,,3.743
2019-11_gen6ou-0.json,Aggron,Abilities,,Rock Head,48.128
2019-11_gen6ou-0.json,Aggron,Abilities,,Sturdy,46.524
2019-11_gen6ou-0.json,Aggron,Abilities,,Heavy Metal,5.348
2019-11_gen6ou-0.json,Aggron,Items,,Assault Vest,22.995
2019-11_gen6ou-0.json,Aggron,Items,,Leftovers,21.39
2019-11_gen6ou-0.json,Aggron,Items,,Choice Band,17.112
2019-11_gen6ou-0.json,Aggron,Items,,Nothing,9.091
2019-11_gen6ou-0.json,Aggron,Items,,Quick Claw,8.021
2019-11_gen6ou-0.json,Aggron,Items,,Rocky Helmet,3.209
2019-11_gen6ou-0.json,Aggron,Items,,Hard Stone,3.209
2019-11_gen6ou-0.json,Aggron,Items,,Air Balloon,3.209
2019-11_gen6ou-0.json,Aggron,Items,,Focus Sash,2.674
2019-11_gen6ou-0.json,Aggron,Items,,Life Orb,2.139
2019-11_gen6ou-0.json,Aggron,Items,,Eviolite,2.139
2019-11_gen6ou-0.json,Aggron,Items,,Other,4.813
2019-11_gen6ou-0.json,Aggron,Spreads,,Other,42.246
2019-11_gen6ou-0.json,Aggron,Moves,,Earthquake,70.053
2019-11_gen6ou-0.json,Aggron,Moves,,Head Smash,37.433
2019-11_gen6ou-0.json,Aggron,Moves,,Double-Edge,37.433
2019-11_gen6ou-0.json,Aggron,Moves,,Iron Head,28.877
2019-11_gen6ou-0.json,Aggron,Moves,,Heavy Slam,18.717
2019-11_gen6ou-0.json,Aggron,Moves,,Flash Cannon,18.717
2019-11_gen6ou-0.json,Aggron,Moves,,Outrage,16.043
2019-11_gen6ou-0.json,Aggron,Moves,,Stealth Rock,14.973
2019-11_gen6ou-0.json,Aggron,Moves,,Stone Edge,12.299
2019-11_gen6ou-0.json,Aggron,Moves,,Ice Punch,10.695
2019-11_gen6ou-0.json,Aggron,Moves,,Dragon Claw,10.16
2019-11_gen6ou-0.json,Aggron,Moves,,Fire Punch,9.626
2019-11_gen6ou-0.json,Aggron,Moves,,Brick Break,9.091
2019-11_gen6ou-0.json,Aggron,Moves,,Iron Tail,9.091
2019-11_gen6ou-0.json,Aggron,Moves,,Roar,9.091
2019-11_gen6ou-0.json,Aggron,Moves,,Dragon Rush,7.487
2019-11_gen6ou-0.json,Aggron,Moves,,Dragon Pulse,6.952
2019-11_gen6ou-0.json,Aggron,Moves,,Rock Slide,6.417
2019-11_gen6ou-0.json,Aggron,Moves,,Toxic,5.882
2019-11_gen6ou-0.json,Aggron,Moves,,Protect,5.348
2019-11_gen6ou-0.json,Aggron,Moves,,Body Slam,4.813
2019-11_gen6ou-0.json,Aggron,Moves,,Aqua Tail,4.278
2019-11_gen6ou-0.json,Aggron,Moves,,Substitute,4.278
2019-11_gen6ou-0.json,Aggron,Moves,,Power-Up Punch,3.743
2019-11_gen6ou-0.json,Aggron,Moves,,Hidden Power Grass,3.743
2019-11_gen6ou-0.json,Aggron,Moves,,Dragon Tail,3.743
2019-11_gen6ou-0.json,Aggron,Moves,,Flamethrower,3.209
2019-11_gen6ou-0.json,Aggron,Moves,,Autotomize,2.674
2019-11_gen6ou-0.json,Aggron,Moves,,Thunder,2.139
2019-11_gen6ou-0.json,Aggron,Moves,,Surf,2.139
2019-11_gen6ou-0.json,Aggron,Moves,,Iron Defense,2.139
2019-11_gen6ou-0.json,Aggron,Moves,,Other,18.717
2019-11_gen6ou-0.json,Diggersby,Stats,Raw count,,164
2019-11_gen6ou-0.json,Diggersby,Stats,Avg. weight,,1.0
2019-11_gen6ou-0.json,Diggersby,Stats,Viability Ceiling,,85
2019-11_gen6ou-0.json,Diggersby,Stats,Adamant,,4.878
2019-11_gen6ou-0.json,Diggersby,Stats,Jolly,,7.927
2019-11_gen6ou-0.json,Diggersby,Stats,Brave,,5.488
2019-11_gen6ou-0.json,Diggersby,Abilities,,Huge Power,99.39
2019-11_gen6ou-0.json,Diggersby,Abilities,,Cheek Pouch,0.61
2019-11_gen6ou-0.json,Diggersby,Items,,Focus Sash,28.659
2019-11_gen6ou-0.json,Diggersby,Items,,Choice Band,23.171
2019-11_gen6ou-0.json,Diggersby,Items,,Life Orb,16.463
2019-11_gen6ou-0.json,Diggersby,Items,,Choice Scarf,11.585
2019-11_gen6ou-0.json,Diggersby,Items,,Silk Scarf,10.366
2019-11_gen6ou-0.json,Diggersby,Items,,Leftovers,3.659
2019-11_gen6ou-0.json,Diggersby,Items,,Chesto Berry,3.049
2019-11_gen6ou-0.json,Diggersby,Items,,Other,3.049
2019-11_gen6ou-0.json,Diggersby,Spreads,,Other,40.854
2019-11_gen6ou-0.json,Diggersby,Moves,,Earthquake,96.341
2019-11_gen6ou-0.json,Diggersby,Moves,,Quick Attack,56.098
2019-11_gen6ou-0.json,Diggersby,Moves,,Return,54.878
2019-11_gen6ou-0.json,Diggersby,Moves,,Swords Dance,32.927
2019-11_gen6ou-0.json,Diggersby,Moves,,Frustration,23.78
2019-11_gen6ou-0.json,Diggersby,Moves,,Fire Punch,21.341
2019-11_gen6ou-0.json,Diggersby,Moves,,Knock Off,21.341
2019-11_gen6ou-0.json,Diggersby,Moves,,U-turn,19.512
2019-11_gen6ou-0.json,Diggersby,Moves,,Agility,13.415
2019-11_gen6ou-0.json,Diggersby,Moves,,Ice Punch,10.976
2019-11_gen6ou-0.json,Diggersby,Moves,,Stone Edge,9.146
2019-11_gen6ou-0.json,Diggersby,Moves,,Superpower,6.098
2019-11_gen6ou-0.json,Diggersby,Moves,,Toxic,6.098
2019-11_gen6ou-0.json,Diggersby,Moves,,Wild Charge,4.878
2019-11_gen6ou-0.json,Diggersby,Moves,,Spikes,4.268
2019-11_gen6ou-0.json,Diggersby,Moves,,Other,18.902
2019-11_gen6ou-0.json,Zygarde,Stats,Raw count,,182
2019-11_gen6ou-0.json,Zygarde,Stats,Avg. weight,,1.0
2019-11_gen6ou-0.json,Zygarde,Stats,Viability Ceiling,,90
2019-11_gen6ou-0.json,Zygarde,Stats,Adamant,,5.495
2019-11_gen6ou-0.json,Zygarde,Stats,Careful,,7.692
2019-11_gen6ou-0.json,Zygarde,Stats,Jolly,,5.495
2019-11_gen6ou-0.json,Zygarde,Stats,Hardy,,4.945
2019-11_gen6ou-0.json,Zygarde,Stats,Serious,,4.945
2019-11_gen6ou-0.json,Zygarde,Abilities,,Aura Break,100.0
2019-11_gen6ou-0.json,Zygarde,Items,,Leftovers,50.549
2019-11_gen6ou-0.json,Zygarde,Items,,Life Orb,12.088
2019-11_gen6ou-0.json,Zygarde,Items,,Eviolite,6.593
2019-11_gen6ou-0.json,Zygarde,Items,,Choice Scarf,6.044
2019-11_gen6ou-0.json,Zygarde,Items,,Nothing,4.945
2019-11_gen6ou-0.json,Zygarde,Items,,Lum Berry,3.846
2019-11_gen6ou-0.json,Zygarde,Items,,Yache Berry,3.297
2019-11_gen6ou-0.json,Zygarde,Items,,Rocky Helmet,2.747
2019-11_gen6ou-0.json,Zygarde,Items,,Sitrus Berry,2.747
2019-11_gen6ou-0.json,Zygarde,Items,,Assault Vest,1.648
2019-11_gen6ou-0.json,Zygarde,Items,,Charizardite Y,1.099
2019-11_gen6ou-0.json,Zygarde,Items,,Other,4.396
2019-11_gen6ou-0.json,Zygarde,Spreads,,Other,57.143
2019-11_gen6ou-0.json,Zygarde,Moves,,Earthquake,69.231
2019-11_gen6ou-0.json,Zygarde,Moves,,Dragon Dance,42.857
2019-11_gen6ou-0.json,Zygarde,Moves,,Extreme Speed,41.209
2019-11_gen6ou-0.json,Zygarde,Moves,,Dragon Tail,25.275
2019-11_gen6ou-0.json,Zygarde,Moves,,Outrage,25.275
2019-11_gen6ou-0.json,Zygarde,Moves,,Coil,24.176
2019-11_gen6ou-0.json,Zygarde,Moves,,Substitute,21.978
2019-11_gen6ou-0.json,Zygarde,Moves,,Dragon Pulse,20.33
2019-11_gen6ou-0.json,Zygarde,Moves,,Draco Meteor,20.33
2019-11_gen6ou-0.json,Zygarde,Moves,,Superpower,10.989
2019-11_gen6ou-0.json,Zygarde,Moves,,Glare,9.89
2019-11_gen6ou-0.json,Zygarde,Moves,,Rest,9.341
2019-11_gen6ou-0.json,Zygarde,Moves,,Toxic,8.791
2019-11_gen6ou-0.json,Zygarde,Moves,,Earth Power,8.242
2019-11_gen6ou-0.json,Zygarde,Moves,,Grass Knot,6.044
2019-11_gen6ou-0.json,Zygarde,Moves,,Brick Break,6.044
2019-11_gen6ou-0.json,Zygarde,Moves,,Hidden Power Grass,6.044
2019-11_gen6ou-0.json,Zygarde,Moves,,Zen Headbutt,6.044
2019-11_gen6ou-0.json,Zygarde,Moves,,Bulldoze,5.495
2019-11_gen6ou-0.json,Zygarde,Moves,,Crunch,5.495
2019-11_gen6ou-0.json,Zygarde,Moves,,Focus Blast,3.846
2019-11_gen6ou-0.json,Zygarde,Moves,,Land's Wrath,3.297
2019-11_gen6ou-0.json,Zygarde,Moves,,Other,19.78
2019-11_gen6ou-0.json,Kabutops,Stats,Raw count,,166
2019-11_gen6ou-0.json,Kabutops,Stats,Avg. weight,,1.0
2019-11_gen6ou-0.json,Kabutops,Stats,Viability Ceiling,,88
2019-11_gen6ou-0.json,Kabutops,Stats,Adamant,,34.337
2019-11_gen6ou-0.json,Kabutops,Stats,Jolly,,4.819
2019-11_gen6ou-0.json,Kabutops,Stats,Hardy,,2.410
2019-11_gen6ou-0.json,Kabutops,Abilities,,Swift Swim,77.711
2019-11_gen6ou-0.json,Kabutops,Abilities,,Weak Armor,14.458
2019-11_gen6ou-0.json,Kabutops,Abilities,,Battle Armor,7.831
2019-11_gen6ou-0.json,Kabutops,Items,,Life Orb,45.181
2019-11_gen6ou-0.json,Kabutops,Items,,Choice Band,19.88
2019-11_gen6ou-0.json,Kabutops,Items,,Focus Sash,18.072
2019-11_gen6ou-0.json,Kabutops,Items,,Leftovers,4.819
2019-11_gen6ou-0.json,Kabutops,Items,,Quick Claw,3.012
2019-11_gen6ou-0.json,Kabutops,Items,,Nothing,2.41
2019-11_gen6ou-0.json,Kabutops,Items,,Assault Vest,1.807
2019-11_gen6ou-0.json,Kabutops,Items,,Other,4.819
2019-11_gen6ou-0.json,Kabutops,Spreads,,Other,12.048
2019-11_gen6ou-0.json,Kabutops,Moves,,Aqua Jet,76.506
2019-11_gen6ou-0.json,Kabutops,Moves,,Stone Edge,70.482
2019-11_gen6ou-0.json,Kabutops,Moves,,Waterfall,64.458
2019-11_gen6ou-0.json,Kabutops,Moves,,Rapid Spin,63.855
2019-11_gen6ou-0.json,Kabutops,Moves,,Swords Dance,34.337
2019-11_gen6ou-0.json,Kabutops,Moves,,Rock Slide,16.867
2019-11_gen6ou-0.json,Kabutops,Moves,,Stealth Rock,16.867
2019-11_gen6ou-0.json,Kabutops,Moves,,Superpower,9.639
2019-11_gen6ou-0.json,Kabutops,Moves,,Aqua Tail,9.036
2019-11_gen6ou-0.json,Kabutops,Moves,,Knock Off,6.627
2019-11_gen6ou-0.json,Kabutops,Moves,,X-Scissor,3.614
2019-11_gen6ou-0.json,Kabutops,Moves,,Earth Power,3.614
2019-11_gen6ou-0.json,Kabutops,Moves,,Brick Break,3.614
2019-11_gen6ou-0.json,Kabutops,Moves,,Night Slash,3.614
2019-11_gen6ou-0.json,Kabutops,Moves,,Other,16.867
2019-11_gen6ou-0.json,Scolipede,Stats,Raw count,,180
2019-11_gen6ou-0.json,Scolipede,Stats,Avg. weight,,1.0
2019-11_gen6ou-0.json,Scolipede,Stats,Viability Ceiling,,87
2019-11_gen6ou-0.json,Scolipede,Stats,Adamant,,16.667
2019-11_gen6ou-0.json,Scolipede,Stats,Jolly,,5.556
2019-11_gen6ou-0.json,Scolipede,Stats,Brave,,7.222
2019-11_gen6ou-0.json,Scolipede,Stats,Careful,,6.667
2019-11_gen6ou-0.json,Scolipede,Abilities,,Speed Boost,90.556
2019-11_gen6ou-0.json,Scolipede,Abilities,,Poison Point,7.778
2019-11_gen6ou-0.json,Scolipede,Abilities,,Swarm,1.667
2019-11_gen6ou-0.json,Scolipede,Items,,Leftovers,33.333
2019-11_gen6ou-0.json,Scolipede,Items,,Focus Sash,25.0
2019-11_gen6ou-0.json,Scolipede,Items,,Life Orb,14.444
2019-11_gen6ou-0.json,Scolipede,Items,,Black Sludge,8.333
2019-11_gen6ou-0.json,Scolipede,Items,,Assault Vest,5.0
2019-11_gen6ou-0.json,Scolipede,Items,,Lum Berry,4.444
2019-11_gen6ou-0.json,Scolipede,Items,,Mental Herb,3.889
2019-11_gen6ou-0.json,Scolipede,Items,,Sitrus Berry,2.222
2019-11_gen6ou-0.json,Scolipede,Items,,Other,3.333
2019-11_gen6ou-0.json,Scolipede,Spreads,,Other,30.556
2019-11_gen6ou-0.json,Scolipede,Moves,,Swords Dance,64.444
2019-11_gen6ou-0.json,Scolipede,Moves,,Poison Jab,57.778
2019-11_gen6ou-0.json,Scolipede,Moves,,Megahorn,51.667
2019-11_gen6ou-0.json,Scolipede,Moves,,Earthquake,40.0
2019-11_gen6ou-0.json,Scolipede,Moves,,Toxic Spikes,27.778
2019-11_gen6ou-0.json,Scolipede,Moves,,Protect,25.556
2019-11_gen6ou-0.json,Scolipede,Moves,,X-Scissor,24.444
2019-11_gen6ou-0.json,Scolipede,Moves,,Aqua Tail,19.444
2019-11_gen6ou-0.json,Scolipede,Moves,,Spikes,18.889
2019-11_gen6ou-0.json,Scolipede,Moves,,Endeavor,15.0
2019-11_gen6ou-0.json,Scolipede,Moves,,Pursuit,15.0
2019-11_gen6ou-0.json,Scolipede,Moves,,Substitute,9.444
2019-11_gen6ou-0.json,Scolipede,Moves,,Sludge Bomb,7.222
2019-11_gen6ou-0.json,Scolipede,Moves,,Signal Beam,6.111
2019-11_gen6ou-0.json,Scolipede,Moves,,Other,17.222
2019-11_gen6ou-0.json,Rotom-Heat,Stats,Raw count,,163
2019-11_gen6ou-0.json,Rotom-Heat,Stats,Avg. weight,,1.0
2019-11_gen6ou-0.json,Rotom-Heat,Stats,Viability Ceiling,,78
2019-11_gen6ou-0.json,Rotom-Heat,Stats,Modest,,35.583
2019-11_gen6ou-0.json,Rotom-Heat,Stats,Hardy,,16.564
2019-11_gen6ou-0.json,Rotom-Heat,Stats,Timid,,8.589
2019-11_gen6ou-0.json,Rotom-Heat,Stats,Bold,,4.908
2019-11_gen6ou-0.json,Rotom-Heat,Stats,Calm,,4.294
2019-11_gen6ou-0.json,Rotom-Heat,Abilities,,Levitate,100.0
2019-11_gen6ou-0.json,Rotom-Heat,Items,,Choice Scarf,39.877
2019-11_gen6ou-0.json,Rotom-Heat,Items,,Leftovers,26.994
2019-11_gen6ou-0.json,Rotom-Heat,Items,,Rocky Helmet,16.564
2019-11_gen6ou-0.json,Rotom-Heat,Items,,Choice Specs,9.816
2019-11_gen6ou-0.json,Rotom-Heat,Items,,Iapapa Berry,4.294
2019-11_gen6ou-0.json,Rotom-Heat,Items,,Other,2.454
2019-11_gen6ou-0.json,Rotom-Heat,Spreads,,Other,22.086
2019-11_gen6ou-0.json,Rotom-Heat,Moves,,Overheat,98.16
2019-11_gen6ou-0.json,Rotom-Heat,Moves,,Volt Switch,73.62
2019-11_gen6ou-0.json,Rotom-Heat,Moves,,Will-O-Wisp,63.19
2019-11_gen6ou-0.json,Rotom-Heat,Moves,,Trick,50.307
2019-11_gen6ou-0.json,Rotom-Heat,Moves,,Thunder Wave,24.54
2019-11_gen6ou-0.json,Rotom-Heat,Moves,,Toxic,22.086
2019-11_gen6ou-0.json,Rotom-Heat,Moves,,Hidden Power Ice,19.632
2019-11_gen6ou-0.json,Rotom-Heat,Moves,,Pain Split,19.018
2019-11_gen6ou-0.json,Rotom-Heat,Moves,,Dark Pulse,9.202
2019-11_gen6ou-0.json,Rotom-Heat,Moves,,Thunderbolt,6.135
2019-11_gen6ou-0.json,Rotom-Heat,Moves,,Other,14.11
2019-11_gen6ou-0.json,Mightyena,Stats,Raw count,,173
2019-11_gen6ou-0.json,Mightyena,Stats,Avg. weight,,1.0
2019-11_gen6ou-0.json,Mightyena,Stats,Viability Ceiling,,58
2019-11_gen6ou-0.json,Mightyena,Stats,Adamant,,4.624
2019-11_gen6ou-0.json,Mightyena,Stats,Naive,,12.717
2019-11_gen6ou-0.json,Mightyena,Stats,Jolly,,6.358
2019-11_gen6ou-0.json,Mightyena,Stats,Impish,,5.202
2019-11_gen6ou-0.json,Mightyena,Abilities,,Intimidate,87.283
2019-11_gen6ou-0.json,Mightyena,Abilities,,Moxie,10.405
2019-11_gen6ou-0.json,Mightyena,Abilities,,Quick Feet,2.312
2019-11_gen6ou-0.json,Mightyena,Items,,Focus Sash,44.509
2019-11_gen6ou-0.json,Mightyena,Items,,Black Glasses,21.965
2019-11_gen6ou-0.json,Mightyena,Items,,Nothing,10.983
2019-11_gen6ou-0.json,Mightyena,Items,,Leftovers,8.671
2019-11_gen6ou-0.json,Mightyena,Items,,Life Orb,8.092
2019-11_gen6ou-0.json,Mightyena,Items,,Flame Plate,2.312
2019-11_gen6ou-0.json,Mightyena,Items,,Other,3.468
2019-11_gen6ou-0.json,Mightyena,Spreads,,Other,9.827
2019-11_gen6ou-0.json,Mightyena,Moves,,Crunch,87.861
2019-11_gen6ou-0.json,Mightyena,Moves,,Play Rough,76.301
2019-11_gen6ou-0.json,Mightyena,Moves,,Sucker Punch,72.832
2019-11_gen6ou-0.json,Mightyena,Moves,,Fire Fang,60.694
2019-11_gen6ou-0.json,Mightyena,Moves,,Iron Tail,19.075
2019-11_gen6ou-0.json,Mightyena,Moves,,Ice Fang,9.249
2019-11_gen6ou-0.json,Mightyena,Moves,,Shadow Ball,8.671
2019-11_gen6ou-0.json,Mightyena,Moves,,Retaliate,6.936
2019-11_gen6ou-0.json,Mightyena,Moves,,Super Fang,6.358
2019-11_gen6ou-0.json,Mightyena,Moves,,Toxic,5.78
2019-11_gen6ou-0.json,Mightyena,Moves,,Foul Play,5.202
2019-11_gen6ou-0.json,Mightyena,Moves,,Heal Bell,5.202
2019-11_gen6ou-0.json,Mightyena,Moves,,Protect,5.202
2019-11_gen6ou-0.json,Mightyena,Moves,,Dark Pulse,4.624
2019-11_gen6ou-0.json,Mightyena,Moves,,Return,3.468
2019-11_gen6ou-0.json,Mightyena,Moves,,Body Slam,3.468
2019-11_gen6ou-0.json,Mightyena,Moves,,Other,19.075
2019-11_gen6ou-0.json,Avalugg,Stats,Raw count,,167
2019-11_gen6ou-0.json,Avalugg,Stats,Avg. weight,,1.0
2019-11_gen6ou-0.json,Avalugg,Stats,Viability Ceiling,,78
2019-11_gen6ou-0.json,Avalugg,Stats,Impish,,7.186
2019-11_gen6ou-0.json,Avalugg,Stats,Hardy,,6.587
2019-11_gen6ou-0.json,Avalugg,Stats,Brave,,5.389
2019-11_gen6ou-0.json,Avalugg,Abilities,,Sturdy,71.856
2019-11_gen6ou-0.json,Avalugg,Abilities,,Own Tempo,20.359
2019-11_gen6ou-0.json,Avalugg,Abilities,,Ice Body,7.784
2019-11_gen6ou-0.json,Avalugg,Items,,Leftovers,84.431
2019-11_gen6ou-0.json,Avalugg,Items,,Aguav Berry,8.982
2019-11_gen6ou-0.json,Avalugg,Items,,Rocky Helmet,2.395
2019-11_gen6ou-0.json,Avalugg,Items,,Other,4.192
2019-11_gen6ou-0.json,Avalugg,Spreads,,Other,14.371
2019-11_gen6ou-0.json,Avalugg,Moves,,Avalanche,94.012
2019-11_gen6ou-0.json,Avalugg,Moves,,Recover,90.419
2019-11_gen6ou-0.json,Avalugg,Moves,,Rapid Spin,78.443
2019-11_gen6ou-0.json,Avalugg,Moves,,Mirror Coat,59.281
2019-11_gen6ou-0.json,Avalugg,Moves,,Toxic,16.766
2019-11_gen6ou-0.json,Avalugg,Moves,,Curse,13.772
2019-11_gen6ou-0.json,Avalugg,Moves,,Gyro Ball,11.377
2019-11_gen6ou-0.json,Avalugg,Moves,,Stone Edge,10.778
2019-11_gen6ou-0.json,Avalugg,Moves,,Earthquake,10.18
2019-11_gen6ou-0.json,Avalugg,Moves,,Other,14.97
2019-11_gen6ou-0.json,Swellow,Stats,Raw count,,181
2019-11_gen6ou-0.json,Swellow,Stats,Avg. weight,,1.0
2019-11_gen6ou-0.json,Swellow,Stats,Viability Ceiling,,69
2019-11_gen6ou-0.json,Swellow,Stats,Jolly,,10.497
2019-11_gen6ou-0.json,Swellow,Stats,Hardy,,4.420
2019-11_gen6ou-0.json,Swellow,Abilities,,Guts,96.685
2019-11_gen6ou-0.json,Swellow,Abilities,,Scrappy,3.315
2019-11_gen6ou-0.json,Swellow,Items,,Flame Orb,55.249
2019-11_gen6ou-0.json,Swellow,Items,,Toxic Orb,16.022
2019-11_gen6ou-0.json,Swellow,Items,,Focus Sash,16.022
2019-11_gen6ou-0.json,Swellow,Items,,Nothing,2.762
2019-11_gen6ou-0.json,Swellow,Items,,Razor Claw,2.21
2019-11_gen6ou-0.json,Swellow,Items,,Sharp Beak,2.21
2019-11_gen6ou-0.json,Swellow,Items,,Leftovers,1.657
2019-11_gen6ou-0.json,Swellow,Items,,Other,3.867
2019-11_gen6ou-0.json,Swellow,Spreads,,Other,17.127
2019-11_gen6ou-0.json,Swellow,Moves,,Brave Bird,54.144
2019-11_gen6ou-0.json,Swellow,Moves,,U-turn,46.961
2019-11_gen6ou-0.json,Swellow,Moves,,Facade,37.569
2019-11_gen6ou-0.json,Swellow,Moves,,Return,36.464
2019-11_gen6ou-0.json,Swellow,Moves,,Nothing,32.044
2019-11_gen6ou-0.json,Swellow,Moves,,Protect,30.939
2019-11_gen6ou-0.json,Swellow,Moves,,Endeavor,28.177
2019-11_gen6ou-0.json,Swellow,Moves,,Fly,27.072
2019-11_gen6ou-0.json,Swellow,Moves,,Steel Wing,25.414
2019-11_gen6ou-0.json,Swellow,Moves,,Quick Attack,18.785
2019-11_gen6ou-0.json,Swellow,Moves,,Roost,17.127
2019-11_gen6ou-0.json,Swellow,Moves,,Toxic,11.05
2019-11_gen6ou-0.json,Swellow,Moves,,Air Slash,8.287
2019-11_gen6ou-0.json,Swellow,Moves,,Focus Energy,6.077
2019-11_gen6ou-0.json,Swellow,Moves,,Other,19.89
2019-11_gen6ou-0.json,Raichu,Stats,Raw count,,167
2019-11_gen6ou-0.json,Raichu,Stats,Avg. weight,,1.0
2019-11_gen6ou-0.json,Raichu,Stats,Viability Ceiling,,62
2019-11_gen6ou-0.json,Raichu,Stats,Jolly,,29.341
2019-11_gen6ou-0.json,Raichu,Stats,Timid,,19.760
2019-11_gen6ou-0.json,Raichu,Stats,Hardy,,6.587
2019-11_gen6ou-0.json,Raichu,Stats,Hasty,,3.593
2019-11_gen6ou-0.json,Raichu,Stats,Mild,,5.988
2019-11_gen6ou-0.json,Raichu,Abilities,,Static,85.03
2019-11_gen6ou-0.json,Raichu,Abilities,,Lightning Rod,14.97
2019-11_gen6ou-0.json,Raichu,Items,,Fist Plate,29.341
2019-11_gen6ou-0.json,Raichu,Items,,Focus Sash,22.156
2019-11_gen6ou-0.json,Raichu,Items,,Life Orb,9.581
2019-11_gen6ou-0.json,Raichu,Items,,Leftovers,8.982
2019-11_gen6ou-0.json,Raichu,Items,,Nothing,8.982
2019-11_gen6ou-0.json,Raichu,Items,,Assault Vest,5.389
2019-11_gen6ou-0.json,Raichu,Items,,Choice Scarf,4.192
2019-11_gen6ou-0.json,Raichu,Items,,Air Balloon,3.593
2019-11_gen6ou-0.json,Raichu,Items,,Eviolite,2.994
2019-11_gen6ou-0.json,Raichu,Items,,Other,4.79
2019-11_gen6ou-0.json,Raichu,Spreads,,Other,28.144
2019-11_gen6ou-0.json,Raichu,Moves,,Thunderbolt,44.311
2019-11_gen6ou-0.json,Raichu,Moves,,Focus Punch,31.138
2019-11_gen6ou-0.json,Raichu,Moves,,Encore,30.539
2019-11_gen6ou-0.json,Raichu,Moves,,Substitute,29.341
2019-11_gen6ou-0.json,Raichu,Moves,,Magnet Rise,28.144
2019-11_gen6ou-0.json,Raichu,Moves,,Focus Blast,20.958
2019-11_gen6ou-0.json,Raichu,Moves,,Grass Knot,17.964
2019-11_gen6ou-0.json,Raichu,Moves,,Nasty Plot,17.365
2019-11_gen6ou-0.json,Raichu,Moves,,Electro Ball,16.168
2019-11_gen6ou-0.json,Raichu,Moves,,Volt Switch,14.97
2019-11_gen6ou-0.json,Raichu,Moves,,Thunder,11.377
2019-11_gen6ou-0.json,Raichu,Moves,,Discharge,10.18
2019-11_gen6ou-0.json,Raichu,Moves,,Hidden Power Ice,8.982
2019-11_gen6ou-0.json,Raichu,Moves,,Extreme Speed,7.784
2019-11_gen6ou-0.json,Raichu,Moves,,Surf,7.784
2019-11_gen6ou-0.json,Raichu,Moves,,Thunder Punch,7.784
2019-11_gen6ou-0.json,Raichu,Moves,,Nuzzle,7.186
2019-11_gen6ou-0.json,Raichu,Moves,,Quick Attack,7.186
2019-11_gen6ou-0.json,Raichu,Moves,,Signal Beam,7.186
2019-11_gen6ou-0.json,Raichu,Moves,,Volt Tackle,7.186
2019-11_gen6ou-0.json,Raichu,Moves,,Agility,6.587
2019-11_gen6ou-0.json,Raichu,Moves,,Brick Break,5.988
2019-11_gen6ou-0.json,Raichu,Moves,,Thunder Wave,4.79
2019-11_gen6ou-0.json,Raichu,Moves,,Double-Edge,4.79
2019-11_gen6ou-0.json,Raichu,Moves,,Toxic,4.192
2019-11_gen6ou-0.json,Raichu,Moves,,Seismic Toss,4.192
2019-11_gen6ou-0.json,Raichu,Moves,,Fake Out,3.593
2019-11_gen6ou-0.json,Raichu,Moves,,Swift,3.593
2019-11_gen6ou-0.json,Raichu,Moves,,Hidden Power Psychic,3.593
2019-11_gen6ou-0.json,Raichu,Moves,,Iron Tail,2.994
2019-11_gen6ou-0.json,Raichu,Moves,,Body Slam,2.994
2019-11_gen6ou-0.json,Raichu,Moves,,Other,19.162
2019-11_gen6ou-0.json,Florges,Stats,Raw count,,166
2019-11_gen6ou-0.json,Florges,Stats,Avg. weight,,1.0
2019-11_gen6ou-0.json,Florges,Stats,Viability Ceiling,,67
2019-11_gen6ou-0.json,Florges,Stats,Calm,,7.229
2019-11_gen6ou-0.json,Florges,Stats,Hardy,,4.217
2019-11_gen6ou-0.json,Florges,Stats,Modest,,4.217
2019-11_gen6ou-0.json,Florges,Abilities,,Flower Veil,88.554
2019-11_gen6ou-0.json,Florges,Abilities,,Symbiosis,11.446
2019-11_gen6ou-0.json,Florges,Items,,Leftovers,91.566
2019-11_gen6ou-0.json,Florges,Items,,Choice Specs,2.41
2019-11_gen6ou-0.json,Florges,Items,,Nothing,1.807
2019-11_gen6ou-0.json,Florges,Items,,Other,4.217
2019-11_gen6ou-0.json,Florges,Spreads,,Other,29.518
2019-11_gen6ou-0.json,Florges,Moves,,Moonblast,96.988
2019-11_gen6ou-0.json,Florges,Moves,,Wish,62.048
2019-11_gen6ou-0.json,Florges,Moves,,Protect,53.614
2019-11_gen6ou-0.json,Florges,Moves,,Aromatherapy,53.012
2019-11_gen6ou-0.json,Florges,Moves,,Synthesis,26.506
2019-11_gen6ou-0.json,Florges,Moves,,Psychic,25.301
2019-11_gen6ou-0.json,Florges,Moves,,Energy Ball,12.048
2019-11_gen6ou-0.json,Florges,Moves,,Calm Mind,10.241
2019-11_gen6ou-0.json,Florges,Moves,,Toxic,9.036
2019-11_gen6ou-0.json,Florges,Moves,,Dazzling Gleam,9.036
2019-11_gen6ou-0.json,Florges,Moves,,Giga Drain,8.434
2019-11_gen6ou-0.json,Florges,Moves,,Heal Bell,7.831
2019-11_gen6ou-0.json,Florges,Moves,,Petal Dance,7.229
2019-11_gen6ou-0.json,Florges,Moves,,Other,18.675
2019-11_gen6ou-0.json,Xatu,Stats,Raw count,,156
2019-11_gen6ou-0.json,Xatu,Stats,Avg. weight,,1.0
2019-11_gen6ou-0.json,Xatu,Stats,Viability Ceiling,,81
2019-11_gen6ou-0.json,Xatu,Stats,Jolly,,7.692
2019-11_gen6ou-0.json,Xatu,Stats,Modest,,4.487
2019-11_gen6ou-0.json,Xatu,Stats,Timid,,5.128
2019-11_gen6ou-0.json,Xatu,Abilities,,Magic Bounce,96.795
2019-11_gen6ou-0.json,Xatu,Abilities,,Synchronize,3.205
2019-11_gen6ou-0.json,Xatu,Items,,Choice Scarf,46.154
2019-11_gen6ou-0.json,Xatu,Items,,Leftovers,24.359
2019-11_gen6ou-0.json,Xatu,Items,,Assault Vest,5.769
2019-11_gen6ou-0.json,Xatu,Items,,Zoom Lens,4.487
2019-11_gen6ou-0.json,Xatu,Items,,Quick Claw,3.846
2019-11_gen6ou-0.json,Xatu,Items,,Nothing,3.846
2019-11_gen6ou-0.json,Xatu,Items,,Weakness Policy,3.846
2019-11_gen6ou-0.json,Xatu,Items,,Liechi Berry,1.923
2019-11_gen6ou-0.json,Xatu,Items,,Sitrus Berry,1.923
2019-11_gen6ou-0.json,Xatu,Items,,Other,3.846
2019-11_gen6ou-0.json,Xatu,Spreads,,Other,22.436
2019-11_gen6ou-0.json,Xatu,Moves,,Roost,59.615
2019-11_gen6ou-0.json,Xatu,Moves,,Thunder Wave,54.487
2019-11_gen6ou-0.json,Xatu,Moves,,U-turn,52.564
2019-11_gen6ou-0.json,Xatu,Moves,,Trick,46.154
2019-11_gen6ou-0.json,Xatu,Moves,,Psychic,26.282
2019-11_gen6ou-0.json,Xatu,Moves,,Air Slash,23.718
2019-11_gen6ou-0.json,Xatu,Moves,,Giga Drain,19.872
2019-11_gen6ou-0.json,Xatu,Moves,,Shadow Ball,17.308
2019-11_gen6ou-0.json,Xatu,Moves,,Heat Wave,16.026
2019-11_gen6ou-0.json,Xatu,Moves,,Calm Mind,11.538
2019-11_gen6ou-0.json,Xatu,Moves,,Future Sight,10.256
2019-11_gen6ou-0.json,Xatu,Moves,,Reflect,8.974
2019-11_gen6ou-0.json,Xatu,Moves,,Skill Swap,8.333
2019-11_gen6ou-0.json,Xatu,Moves,,Drill Peck,5.769
2019-11_gen6ou-0.json,Xatu,Moves,,Light Screen,5.769
2019-11_gen6ou-0.json,Xatu,Moves,,Toxic,4.487
2019-11_gen6ou-0.json,Xatu,Moves,,Zen Headbutt,4.487
2019-11_gen6ou-0.json,Xatu,Moves,,Pain Split,3.846
2019-11_gen6ou-0.json,Xatu,Moves,,Haze,2.564
2019-11_gen6ou-0.json,Xatu,Moves,,Other,17.949
2019-11_gen6ou-0.json,Weezing,Stats,Raw count,,162
2019-11_gen6ou-0.json,Weezing,Stats,Avg. weight,,1.0
2019-11_gen6ou-0.json,Weezing,Stats,Viability Ceiling,,78
2019-11_gen6ou-0.json,Weezing,Stats,Bold,,22.840
2019-11_gen6ou-0.json,Weezing,Stats,Calm,,4.938
2019-11_gen6ou-0.json,Weezing,Stats,Hardy,,5.556
2019-11_gen6ou-0.json,Weezing,Abilities,,Levitate,100.0
2019-11_gen6ou-0.json,Weezing,Items,,Leftovers,38.272
2019-11_gen6ou-0.json,Weezing,Items,,Black Sludge,22.222
2019-11_gen6ou-0.json,Weezing,Items,,Rocky Helmet,15.432
2019-11_gen6ou-0.json,Weezing,Items,,Focus Sash,12.346
2019-11_gen6ou-0.json,Weezing,Items,,Sitrus Berry,9.259
2019-11_gen6ou-0.json,Weezing,Items,,Other,2.469
2019-11_gen6ou-0.json,Weezing,Spreads,,Other,25.309
2019-11_gen6ou-0.json,Weezing,Moves,,Toxic Spikes,64.198
2019-11_gen6ou-0.json,Weezing,Moves,,Will-O-Wisp,56.79
2019-11_gen6ou-0.json,Weezing,Moves,,Sludge Bomb,53.086
2019-11_gen6ou-0.json,Weezing,Moves,,Thunderbolt,42.593
2019-11_gen6ou-0.json,Weezing,Moves,,Toxic,29.63
2019-11_gen6ou-0.json,Weezing,Moves,,Flamethrower,21.605
2019-11_gen6ou-0.json,Weezing,Moves,,Venoshock,17.901
2019-11_gen6ou-0.json,Weezing,Moves,,Destiny Bond,12.346
2019-11_gen6ou-0.json,Weezing,Moves,,Taunt,11.728
2019-11_gen6ou-0.json,Weezing,Moves,,Haze,11.111
2019-11_gen6ou-0.json,Weezing,Moves,,Rest,11.111
2019-11_gen6ou-0.json,Weezing,Moves,,Sleep Talk,9.877
2019-11_gen6ou-0.json,Weezing,Moves,,Protect,9.877
2019-11_gen6ou-0.json,Weezing,Moves,,Pain Split,8.642
2019-11_gen6ou-0.json,Weezing,Moves,,Explosion,7.407
2019-11_gen6ou-0.json,Weezing,Moves,,Self-Destruct,6.173
2019-11_gen6ou-0.json,Weezing,Moves,,Memento,6.173
2019-11_gen6ou-0.json,Weezing,Moves,,Other,19.753
2019-11_gen6ou-0.json,Drapion,Stats,Raw count,,148
2019-11_gen6ou-0.json,Drapion,Stats,Avg. weight,,1.0
2019-11_gen6ou-0.json,Drapion,Stats,Viability Ceiling,,77
2019-11_gen6ou-0.json,Drapion,Stats,Jolly,,5.405
2019-11_gen6ou-0.json,Drapion,Stats,Careful,,14.189
2019-11_gen6ou-0.json,Drapion,Stats,Impish,,12.838
2019-11_gen6ou-0.json,Drapion,Stats,Adamant,,5.405
2019-11_gen6ou-0.json,Drapion,Abilities,,Battle Armor,50.676
2019-11_gen6ou-0.json,Drapion,Abilities,,Sniper,38.514
2019-11_gen6ou-0.json,Drapion,Abilities,,Keen Eye,10.811
2019-11_gen6ou-0.json,Drapion,Items,,Shuca Berry,20.27
2019-11_gen6ou-0.json,Drapion,Items,,Scope Lens,19.595
2019-11_gen6ou-0.json,Drapion,Items,,Rocky Helmet,14.189
2019-11_gen6ou-0.json,Drapion,Items,,Razor Claw,13.514
2019-11_gen6ou-0.json,Drapion,Items,,Black Sludge,10.811
2019-11_gen6ou-0.json,Drapion,Items,,Sitrus Berry,5.405
2019-11_gen6ou-0.json,Drapion,Items,,Leftovers,3.378
2019-11_gen6ou-0.json,Drapion,Items,,Air Balloon,3.378
2019-11_gen6ou-0.json,Drapion,Items,,Nothing,2.703
2019-11_gen6ou-0.json,Drapion,Items,,Choice Band,2.027
2019-11_gen6ou-0.json,Drapion,Items,,Other,4.73
2019-11_gen6ou-0.json,Drapion,Spreads,,Other,36.486
2019-11_gen6ou-0.json,Drapion,Moves,,Toxic Spikes,56.757
2019-11_gen6ou-0.json,Drapion,Moves,,Knock Off,50.676
2019-11_gen6ou-0.json,Drapion,Moves,,Earthquake,36.486
2019-11_gen6ou-0.json,Drapion,Moves,,Cross Poison,34.459
2019-11_gen6ou-0.json,Drapion,Moves,,Poison Jab,33.108
2019-11_gen6ou-0.json,Drapion,Moves,,Night Slash,30.405
2019-11_gen6ou-0.json,Drapion,Moves,,Aqua Tail,23.649
2019-11_gen6ou-0.json,Drapion,Moves,,Swords Dance,20.946
2019-11_gen6ou-0.json,Drapion,Moves,,Agility,16.216
2019-11_gen6ou-0.json,Drapion,Moves,,Whirlwind,12.162
2019-11_gen6ou-0.json,Drapion,Moves,,Crunch,9.459
2019-11_gen6ou-0.json,Drapion,Moves,,Poison Fang,8.784
2019-11_gen6ou-0.json,Drapion,Moves,,Sludge Bomb,6.757
2019-11_gen6ou-0.json,Drapion,Moves,,Dark Pulse,6.757
2019-11_gen6ou-0.json,Drapion,Moves,,Ice Fang,6.081
2019-11_gen6ou-0.json,Drapion,Moves,,Protect,6.081
2019-11_gen6ou-0.json,Drapion,Moves,,Brick Break,5.405
2019-11_gen6ou-0.json,Drapion,Moves,,Pursuit,4.054
2019-11_gen6ou-0.json,Drapion,Moves,,X-Scissor,3.378
2019-11_gen6ou-0.json,Drapion,Moves,,Toxic,3.378
2019-11_gen6ou-0.json,Drapion,Moves,,Shadow Ball,3.378
2019-11_gen6ou-0.json,Drapion,Moves,,Thunder Fang,3.378
2019-11_gen6ou-0.json,Drapion,Moves,,Other,18.243
2019-11_gen6ou-0.json,Luxray,Stats,Raw count,,153
2019-11_gen6ou-0.json,Luxray,Stats,Avg. weight,,1.0
2019-11_gen6ou-0.json,Luxray,Stats,Viability Ceiling,,60
2019-11_gen6ou-0.json,Luxray,Stats,Adamant,,28.758
2019-11_gen6ou-0.json,Luxray,Stats,Hardy,,6.536
2019-11_gen6ou-0.json,Luxray,Stats,Jolly,,5.229
2019-11_gen6ou-0.json,Luxray,Stats,Brave,,5.229
2019-11_gen6ou-0.json,Luxray,Stats,Modest,,2.614
2019-11_gen6ou-0.json,Luxray,Abilities,,Intimidate,42.484
2019-11_gen6ou-0.json,Luxray,Abilities,,Rivalry,35.294
2019-11_gen6ou-0.json,Luxray,Abilities,,Guts,22.222
2019-11_gen6ou-0.json,Luxray,Items,,Leftovers,30.719
2019-11_gen6ou-0.json,Luxray,Items,,Choice Band,12.418
2019-11_gen6ou-0.json,Luxray,Items,,Life Orb,11.111
2019-11_gen6ou-0.json,Luxray,Items,,Nothing,7.19
2019-11_gen6ou-0.json,Luxray,Items,,Air Balloon,5.882
2019-11_gen6ou-0.json,Luxray,Items,,Choice Scarf,5.229
2019-11_gen6ou-0.json,Luxray,Items,,Magnet,4.575
2019-11_gen6ou-0.json,Luxray,Items,,Zap Plate,3.268
2019-11_gen6ou-0.json,Luxray,Items,,Flame Orb,3.268
2019-11_gen6ou-0.json,Luxray,Items,,Rocky Helmet,2.614
2019-11_gen6ou-0.json,Luxray,Items,,Assault Vest,2.614
2019-11_gen6ou-0.json,Luxray,Items,,Razor Fang,2.614
2019-11_gen6ou-0.json,Luxray,Items,,Figy Berry,1.961
2019-11_gen6ou-0.json,Luxray,Items,,Toxic Orb,1.307
2019-11_gen6ou-0.json,Luxray,Items,,Passho Berry,0.654
2019-11_gen6ou-0.json,Luxray,Items,,Other,4.575
2019-11_gen6ou-0.json,Luxray,Spreads,,Other,46.405
2019-11_gen6ou-0.json,Luxray,Moves,,Crunch,77.124
2019-11_gen6ou-0.json,Luxray,Moves,,Fire Fang,47.712
2019-11_gen6ou-0.json,Luxray,Moves,,Wild Charge,41.83
2019-11_gen6ou-0.json,Luxray,Moves,,Ice Fang,39.216
2019-11_gen6ou-0.json,Luxray,Moves,,Discharge,22.222
2019-11_gen6ou-0.json,Luxray,Moves,,Thunder Fang,22.222
2019-11_gen6ou-0.json,Luxray,Moves,,Thunderbolt,21.569
2019-11_gen6ou-0.json,Luxray,Moves,,Superpower,13.725
2019-11_gen6ou-0.json,Luxray,Moves,,Thunder Wave,10.458
2019-11_gen6ou-0.json,Luxray,Moves,,Night Slash,10.458
2019-11_gen6ou-0.json,Luxray,Moves,,Thunder,9.804
2019-11_gen6ou-0.json,Luxray,Moves,,Facade,8.497
2019-11_gen6ou-0.json,Luxray,Moves,,Toxic,8.497
2019-11_gen6ou-0.json,Luxray,Moves,,Quick Attack,7.843
2019-11_gen6ou-0.json,Luxray,Moves,,Iron Tail,7.19
2019-11_gen6ou-0.json,Luxray,Moves,,Spark,5.882
2019-11_gen6ou-0.json,Luxray,Moves,,Charge,4.575
2019-11_gen6ou-0.json,Luxray,Moves,,Nothing,3.922
2019-11_gen6ou-0.json,Luxray,Moves,,Return,3.922
2019-11_gen6ou-0.json,Luxray,Moves,,Volt Switch,3.922
2019-11_gen6ou-0.json,Luxray,Moves,,Giga Impact,3.268
2019-11_gen6ou-0.json,Luxray,Moves,,Hidden Power Fighting,2.614
2019-11_gen6ou-0.json,Luxray,Moves,,Substitute,2.614
2019-11_gen6ou-0.json,Luxray,Moves,,Electric Terrain,2.614
2019-11_gen6ou-0.json,Luxray,Moves,,Other,18.301
2019-11_gen6ou-0.json,Banette-Mega,Stats,Raw count,,148
2019-11_gen6ou-0.json,Banette-Mega,Stats,Avg. weight,,1.0
2019-11_gen6ou-0.json,Banette-Mega,Stats,Viability Ceiling,,73
2019-11_gen6ou-0.json,Banette-Mega,Stats,Adamant,,9.459
2019-11_gen6ou-0.json,Banette-Mega,Stats,Jolly,,4.730
2019-11_gen6ou-0.json,Banette-Mega,Stats,Careful,,4.054
2019-11_gen6ou-0.json,Banette-Mega,Stats,Hardy,,4.054
2019-11_gen6ou-0.json,Banette-Mega,Abilities,,Prankster,100.0
2019-11_gen6ou-0.json,Banette-Mega,Items,,Banettite,100.0
2019-11_gen6ou-0.json,Banette-Mega,Spreads,,Other,27.703
2019-11_gen6ou-0.json,Banette-Mega,Moves,,Will-O-Wisp,68.919
2019-11_gen6ou-0.json,Banette-Mega,Moves,,Destiny Bond,62.162
2019-11_gen6ou-0.json,Banette-Mega,Moves,,Shadow Sneak,58.108
2019-11_gen6ou-0.json,Banette-Mega,Moves,,Taunt,52.703
2019-11_gen6ou-0.json,Banette-Mega,Moves,,Shadow Claw,35.811
2019-11_gen6ou-0.json,Banette-Mega,Moves,,Gunk Shot,17.568
2019-11_gen6ou-0.json,Banette-Mega,Moves,,Knock Off,13.514
2019-11_gen6ou-0.json,Banette-Mega,Moves,,Body Slam,8.784
2019-11_gen6ou-0.json,Banette-Mega,Moves,,Foul Play,8.108
2019-11_gen6ou-0.json,Banette-Mega,Moves,,Shadow Ball,8.108
2019-11_gen6ou-0.json,Banette-Mega,Moves,,Sucker Punch,7.432
2019-11_gen6ou-0.json,Banette-Mega,Moves,,Thunder Wave,6.757
2019-11_gen6ou-0.json,Banette-Mega,Moves,,Protect,6.081
2019-11_gen6ou-0.json,Banette-Mega,Moves,,Sleep Talk,5.405
2019-11_gen6ou-0.json,Banette-Mega,Moves,,Nothing,4.73
2019-11_gen6ou-0.json,Banette-Mega,Moves,,Dark Pulse,4.054
2019-11_gen6ou-0.json,Banette-Mega,Moves,,Double-Edge,4.054
2019-11_gen6ou-0.json,Banette-Mega,Moves,,Pain Split,4.054
2019-11_gen6ou-0.json,Banette-Mega,Moves,,Dazzling Gleam,3.378
2019-11_gen6ou-0.json,Banette-Mega,Moves,,Night Shade,3.378
2019-11_gen6ou-0.json,Banette-Mega,Moves,,Other,16.892
2019-11_gen6ou-0.json,Entei,Stats,Raw count,,143
2019-11_gen6ou-0.json,Entei,Stats,Avg. weight,,1.0
2019-11_gen6ou-0.json,Entei,Stats,Viability Ceiling,,85
2019-11_gen6ou-0.json,Entei,Stats,Adamant,,3.497
2019-11_gen6ou-0.json,Entei,Stats,Jolly,,9.091
2019-11_gen6ou-0.json,Entei,Abilities,,Pressure,100.0
2019-11_gen6ou-0.json,Entei,Items,,Choice Band,52.448
2019-11_gen6ou-0.json,Entei,Items,,Choice Scarf,15.385
2019-11_gen6ou-0.json,Entei,Items,,Assault Vest,9.091
2019-11_gen6ou-0.json,Entei,Items,,Leftovers,4.895
2019-11_gen6ou-0.json,Entei,Items,,Life Orb,4.895
2019-11_gen6ou-0.json,Entei,Items,,Nothing,4.196
2019-11_gen6ou-0.json,Entei,Items,,Absorb Bulb,3.497
2019-11_gen6ou-0.json,Entei,Items,,Shell Bell,2.098
2019-11_gen6ou-0.json,Entei,Items,,Other,3.497
2019-11_gen6ou-0.json,Entei,Spreads,,Other,23.776
2019-11_gen6ou-0.json,Entei,Moves,,Sacred Fire,83.217
2019-11_gen6ou-0.json,Entei,Moves,,Stone Edge,72.028
2019-11_gen6ou-0.json,Entei,Moves,,Bulldoze,55.944
2019-11_gen6ou-0.json,Entei,Moves,,Extreme Speed,39.86
2019-11_gen6ou-0.json,Entei,Moves,,Toxic,37.762
2019-11_gen6ou-0.json,Entei,Moves,,Iron Head,26.573
2019-11_gen6ou-0.json,Entei,Moves,,Flare Blitz,10.49
2019-11_gen6ou-0.json,Entei,Moves,,Flamethrower,9.091
2019-11_gen6ou-0.json,Entei,Moves,,Fire Blast,8.392
2019-11_gen6ou-0.json,Entei,Moves,,Sleep Talk,6.993
2019-11_gen6ou-0.json,Entei,Moves,,Eruption,6.993
2019-11_gen6ou-0.json,Entei,Moves,,Flame Charge,6.294
2019-11_gen6ou-0.json,Entei,Moves,,Shadow Ball,4.895
2019-11_gen6ou-0.json,Entei,Moves,,Return,3.497
2019-11_gen6ou-0.json,Entei,Moves,,Calm Mind,2.797
2019-11_gen6ou-0.json,Entei,Moves,,Body Slam,2.797
2019-11_gen6ou-0.json,Entei,Moves,,Double-Edge,2.797
2019-11_gen6ou-0.json,Entei,Moves,,Other,19.58
2019-11_gen6ou-0.json,Gallade,Stats,Raw count,,144
2019-11_gen6ou-0.json,Gallade,Stats,Avg. weight,,1.0
2019-11_gen6ou-0.json,Gallade,Stats,Viability Ceiling,,58
2019-11_gen6ou-0.json,Gallade,Stats,Jolly,,4.167
2019-11_gen6ou-0.json,Gallade,Stats,Hasty,,13.194
2019-11_gen6ou-0.json,Gallade,Stats,Lonely,,10.417
2019-11_gen6ou-0.json,Gallade,Stats,Adamant,,6.944
2019-11_gen6ou-0.json,Gallade,Stats,Modest,,4.861
2019-11_gen6ou-0.json,Gallade,Abilities,,Steadfast,51.389
2019-11_gen6ou-0.json,Gallade,Abilities,,Justified,48.611
2019-11_gen6ou-0.json,Gallade,Items,,Life Orb,26.389
2019-11_gen6ou-0.json,Gallade,Items,,Leftovers,20.139
2019-11_gen6ou-0.json,Gallade,Items,,Nothing,19.444
2019-11_gen6ou-0.json,Gallade,Items,,Choice Scarf,7.639
2019-11_gen6ou-0.json,Gallade,Items,,Twisted Spoon,5.556
2019-11_gen6ou-0.json,Gallade,Items,,Focus Sash,4.861
2019-11_gen6ou-0.json,Gallade,Items,,Choice Band,4.167
2019-11_gen6ou-0.json,Gallade,Items,,Chesto Berry,3.472
2019-11_gen6ou-0.json,Gallade,Items,,Black Belt,2.778
2019-11_gen6ou-0.json,Gallade,Items,,Expert Belt,2.778
2019-11_gen6ou-0.json,Gallade,Items,,Other,2.778
2019-11_gen6ou-0.json,Gallade,Spreads,,Other,33.333
2019-11_gen6ou-0.json,Gallade,Moves,,Close Combat,58.333
2019-11_gen6ou-0.json,Gallade,Moves,,Psycho Cut,38.889
2019-11_gen6ou-0.json,Gallade,Moves,,Drain Punch,37.5
2019-11_gen6ou-0.json,Gallade,Moves,,Swords Dance,34.028
2019-11_gen6ou-0.json,Gallade,Moves,,Leaf Blade,22.222
2019-11_gen6ou-0.json,Gallade,Moves,,Zen Headbutt,20.139
2019-11_gen6ou-0.json,Gallade,Moves,,Bulk Up,16.667
2019-11_gen6ou-0.json,Gallade,Moves,,Dazzling Gleam,16.667
2019-11_gen6ou-0.json,Gallade,Moves,,Psychic,16.667
2019-11_gen6ou-0.json,Gallade,Moves,,Brick Break,15.278
2019-11_gen6ou-0.json,Gallade,Moves,,Calm Mind,14.583
2019-11_gen6ou-0.json,Gallade,Moves,,Ice Punch,11.806
2019-11_gen6ou-0.json,Gallade,Moves,,Shadow Sneak,11.111
2019-11_gen6ou-0.json,Gallade,Moves,,Earthquake,10.417
2019-11_gen6ou-0.json,Gallade,Moves,,Focus Punch,6.25
2019-11_gen6ou-0.json,Gallade,Moves,,Fire Punch,6.25
2019-11_gen6ou-0.json,Gallade,Moves,,Aerial Ace,6.25
2019-11_gen6ou-0.json,Gallade,Moves,,Charm,5.556
2019-11_gen6ou-0.json,Gallade,Moves,,Destiny Bond,4.861
2019-11_gen6ou-0.json,Gallade,Moves,,Night Slash,4.167
2019-11_gen6ou-0.json,Gallade,Moves,,Poison Jab,3.472
2019-11_gen6ou-0.json,Gallade,Moves,,Light Screen,3.472
2019-11_gen6ou-0.json,Gallade,Moves,,Hyper Beam,3.472
2019-11_gen6ou-0.json,Gallade,Moves,,Nothing,2.778
2019-11_gen6ou-0.json,Gallade,Moves,,Future Sight,2.778
2019-11_gen6ou-0.json,Gallade,Moves,,Stone Edge,2.778
2019-11_gen6ou-0.json,Gallade,Moves,,Substitute,2.083
2019-11_gen6ou-0.json,Gallade,Moves,,Thunderbolt,2.083
2019-11_gen6ou-0.json,Gallade,Moves,,Other,19.444
2019-11_gen6ou-0.json,Claydol,Stats,Raw count,,132
2019-11_gen6ou-0.json,Claydol,Stats,Avg. weight,,1.0
2019-11_gen6ou-0.json,Claydol,Stats,Viability Ceiling,,60
2019-11_gen6ou-0.json,Claydol,Stats,Careful,,4.545
2019-11_gen6ou-0.json,Claydol,Stats,Bold,,9.848
2019-11_gen6ou-0.json,Claydol,Stats,Calm,,6.061
2019-11_gen6ou-0.json,Claydol,Stats,Modest,,3.788
2019-11_gen6ou-0.json,Claydol,Abilities,,Levitate,100.0
2019-11_gen6ou-0.json,Claydol,Items,,Colbur Berry,49.242
2019-11_gen6ou-0.json,Claydol,Items,,Leftovers,30.303
2019-11_gen6ou-0.json,Claydol,Items,,Light Clay,6.061
2019-11_gen6ou-0.json,Claydol,Items,,Sitrus Berry,3.03
2019-11_gen6ou-0.json,Claydol,Items,,Choice Specs,3.03
2019-11_gen6ou-0.json,Claydol,Items,,Choice Scarf,1.515
2019-11_gen6ou-0.json,Claydol,Items,,Oran Berry,1.515
2019-11_gen6ou-0.json,Claydol,Items,,Iapapa Berry,1.515
2019-11_gen6ou-0.json,Claydol,Items,,Other,3.788
2019-11_gen6ou-0.json,Claydol,Spreads,,Other,17.424
2019-11_gen6ou-0.json,Claydol,Moves,,Rapid Spin,82.576
2019-11_gen6ou-0.json,Claydol,Moves,,Stealth Rock,68.182
2019-11_gen6ou-0.json,Claydol,Moves,,Earthquake,65.909
2019-11_gen6ou-0.json,Claydol,Moves,,Toxic,40.909
2019-11_gen6ou-0.json,Claydol,Moves,,Reflect,40.909
2019-11_gen6ou-0.json,Claydol,Moves,,Earth Power,25.758
2019-11_gen6ou-0.json,Claydol,Moves,,Ice Beam,15.152
2019-11_gen6ou-0.json,Claydol,Moves,,Psychic,15.152
2019-11_gen6ou-0.json,Claydol,Moves,,Light Screen,7.576
2019-11_gen6ou-0.json,Claydol,Moves,,Dazzling Gleam,6.061
2019-11_gen6ou-0.json,Claydol,Moves,,Extrasensory,6.061
2019-11_gen6ou-0.json,Claydol,Moves,,Psyshock,4.545
2019-11_gen6ou-0.json,Claydol,Moves,,Drill Run,4.545
2019-11_gen6ou-0.json,Claydol,Moves,,Other,16.667
2019-11_gen6ou-0.json,Poliwrath,Stats,Raw count,,121
2019-11_gen6ou-0.json,Poliwrath,Stats,Avg. weight,,1.0
2019-11_gen6ou-0.json,Poliwrath,Stats,Viability Ceiling,,84
2019-11_gen6ou-0.json,Poliwrath,Stats,Adamant,,59.504
2019-11_gen6ou-0.json,Poliwrath,Stats,Hardy,,2.479
2019-11_gen6ou-0.json,Poliwrath,Stats,Jolly,,3.306
2019-11_gen6ou-0.json,Poliwrath,Stats,Modest,,5.785
2019-11_gen6ou-0.json,Poliwrath,Abilities,,Swift Swim,67.769
2019-11_gen6ou-0.json,Poliwrath,Abilities,,Water Absorb,30.579
2019-11_gen6ou-0.json,Poliwrath,Abilities,,Damp,1.653
2019-11_gen6ou-0.json,Poliwrath,Items,,Life Orb,52.893
2019-11_gen6ou-0.json,Poliwrath,Items,,Leftovers,15.702
2019-11_gen6ou-0.json,Poliwrath,Items,,Sitrus Berry,14.05
2019-11_gen6ou-0.json,Poliwrath,Items,,Salac Berry,4.132
2019-11_gen6ou-0.json,Poliwrath,Items,,Berry Juice,3.306
2019-11_gen6ou-0.json,Poliwrath,Items,,Choice Scarf,2.479
2019-11_gen6ou-0.json,Poliwrath,Items,,Splash Plate,2.479
2019-11_gen6ou-0.json,Poliwrath,Items,,Other,4.959
2019-11_gen6ou-0.json,Poliwrath,Spreads,,Other,12.397
2019-11_gen6ou-0.json,Poliwrath,Moves,,Brick Break,73.554
2019-11_gen6ou-0.json,Poliwrath,Moves,,Waterfall,72.727
2019-11_gen6ou-0.json,Poliwrath,Moves,,Protect,59.504
2019-11_gen6ou-0.json,Poliwrath,Moves,,Ice Punch,51.24
2019-11_gen6ou-0.json,Poliwrath,Moves,,Belly Drum,19.835
2019-11_gen6ou-0.json,Poliwrath,Moves,,Earthquake,19.835
2019-11_gen6ou-0.json,Poliwrath,Moves,,Ice Beam,18.182
2019-11_gen6ou-0.json,Poliwrath,Moves,,Hydro Pump,18.182
2019-11_gen6ou-0.json,Poliwrath,Moves,,Focus Blast,18.182
2019-11_gen6ou-0.json,Poliwrath,Moves,,Scald,8.264
2019-11_gen6ou-0.json,Poliwrath,Moves,,Psychic,5.785
2019-11_gen6ou-0.json,Poliwrath,Moves,,Thief,3.306
2019-11_gen6ou-0.json,Poliwrath,Moves,,Bulk Up,3.306
2019-11_gen6ou-0.json,Poliwrath,Moves,,Poison Jab,3.306
2019-11_gen6ou-0.json,Poliwrath,Moves,,Focus Punch,2.479
2019-11_gen6ou-0.json,Poliwrath,Moves,,Rest,2.479
2019-11_gen6ou-0.json,Poliwrath,Moves,,Other,19.835
2019-11_gen6ou-0.json,Malamar,Stats,Raw count,,133
2019-11_gen6ou-0.json,Malamar,Stats,Avg. weight,,1.0
2019-11_gen6ou-0.json,Malamar,Stats,Viability Ceiling,,84
2019-11_gen6ou-0.json,Malamar,Stats,Careful,,45.113
2019-11_gen6ou-0.json,Malamar,Stats,Jolly,,6.015
2019-11_gen6ou-0.json,Malamar,Stats,Hardy,,3.759
2019-11_gen6ou-0.json,Malamar,Stats,Brave,,4.511
2019-11_gen6ou-0.json,Malamar,Abilities,,Contrary,100.0
2019-11_gen6ou-0.json,Malamar,Items,,Leftovers,69.925
2019-11_gen6ou-0.json,Malamar,Items,,Choice Scarf,10.526
2019-11_gen6ou-0.json,Malamar,Items,,Assault Vest,6.767
2019-11_gen6ou-0.json,Malamar,Items,,Life Orb,4.511
2019-11_gen6ou-0.json,Malamar,Items,,Nothing,4.511
2019-11_gen6ou-0.json,Malamar,Items,,Other,3.759
2019-11_gen6ou-0.json,Malamar,Spreads,,Other,22.556
2019-11_gen6ou-0.json,Malamar,Moves,,Superpower,90.977
2019-11_gen6ou-0.json,Malamar,Moves,,Knock Off,76.692
2019-11_gen6ou-0.json,Malamar,Moves,,Rest,51.88
2019-11_gen6ou-0.json,Malamar,Moves,,Sleep Talk,50.376
2019-11_gen6ou-0.json,Malamar,Moves,,Psycho Cut,37.594
2019-11_gen6ou-0.json,Malamar,Moves,,Night Slash,14.286
2019-11_gen6ou-0.json,Malamar,Moves,,Rock Slide,13.534
2019-11_gen6ou-0.json,Malamar,Moves,,Dark Pulse,11.278
2019-11_gen6ou-0.json,Malamar,Moves,,Foul Play,9.023
2019-11_gen6ou-0.json,Malamar,Moves,,Flamethrower,9.023
2019-11_gen6ou-0.json,Malamar,Moves,,Psychic,8.271
2019-11_gen6ou-0.json,Malamar,Moves,,Toxic,6.767
2019-11_gen6ou-0.json,Malamar,Moves,,Calm Mind,5.263
2019-11_gen6ou-0.json,Malamar,Moves,,Other,15.038
2019-11_gen6ou-0.json,Ampharos-Mega,Stats,Raw count,,123
2019-11_gen6ou-0.json,Ampharos-Mega,Stats,Avg. weight,,1.0
2019-11_gen6ou-0.json,Ampharos-Mega,Stats,Viability Ceiling,,57
2019-11_gen6ou-0.json,Ampharos-Mega,Stats,Modest,,4.065
2019-11_gen6ou-0.json,Ampharos-Mega,Stats,Hardy,,5.691
2019-11_gen6ou-0.json,Ampharos-Mega,Stats,Jolly,,4.065
2019-11_gen6ou-0.json,Ampharos-Mega,Stats,Quiet,,3.252
2019-11_gen6ou-0.json,Ampharos-Mega,Abilities,,Mold Breaker,100.0
2019-11_gen6ou-0.json,Ampharos-Mega,Items,,Ampharosite,100.0
2019-11_gen6ou-0.json,Ampharos-Mega,Spreads,,Other,62.602
2019-11_gen6ou-0.json,Ampharos-Mega,Moves,,Dragon Pulse,70.732
2019-11_gen6ou-0.json,Ampharos-Mega,Moves,,Thunderbolt,65.041
2019-11_gen6ou-0.json,Ampharos-Mega,Moves,,Discharge,32.52
2019-11_gen6ou-0.json,Ampharos-Mega,Moves,,Focus Blast,26.016
2019-11_gen6ou-0.json,Ampharos-Mega,Moves,,Thunder Wave,21.951
2019-11_gen6ou-0.json,Ampharos-Mega,Moves,,Volt Switch,21.951
2019-11_gen6ou-0.json,Ampharos-Mega,Moves,,Power Gem,18.699
2019-11_gen6ou-0.json,Ampharos-Mega,Moves,,Outrage,13.008
2019-11_gen6ou-0.json,Ampharos-Mega,Moves,,Fire Punch,11.382
2019-11_gen6ou-0.json,Ampharos-Mega,Moves,,Agility,10.569
2019-11_gen6ou-0.json,Ampharos-Mega,Moves,,Toxic,9.756
2019-11_gen6ou-0.json,Ampharos-Mega,Moves,,Thunder,8.943
2019-11_gen6ou-0.json,Ampharos-Mega,Moves,,Zap Cannon,8.13
2019-11_gen6ou-0.json,Ampharos-Mega,Moves,,Thunder Punch,8.13
2019-11_gen6ou-0.json,Ampharos-Mega,Moves,,Double-Edge,7.317
2019-11_gen6ou-0.json,Ampharos-Mega,Moves,,Focus Punch,6.504
2019-11_gen6ou-0.json,Ampharos-Mega,Moves,,Cotton Guard,6.504
2019-11_gen6ou-0.json,Ampharos-Mega,Moves,,Body Slam,6.504
2019-11_gen6ou-0.json,Ampharos-Mega,Moves,,Hidden Power Ice,4.878
2019-11_gen6ou-0.json,Ampharos-Mega,Moves,,Rest,4.065
2019-11_gen6ou-0.json,Ampharos-Mega,Moves,,Confuse Ray,4.065
2019-11_gen6ou-0.json,Ampharos-Mega,Moves,,Signal Beam,4.065
2019-11_gen6ou-0.json,Ampharos-Mega,Moves,,Brick Break,3.252
2019-11_gen6ou-0.json,Ampharos-Mega,Moves,,Wild Charge,3.252
2019-11_gen6ou-0.json,Ampharos-Mega,Moves,,Hyper Beam,3.252
2019-11_gen6ou-0.json,Ampharos-Mega,Moves,,Other,19.512
2019-11_gen6ou-0.json,Hitmontop,Stats,Raw count,,130
2019-11_gen6ou-0.json,Hitmontop,Stats,Avg. weight,,1.0
2019-11_gen6ou-0.json,Hitmontop,Stats,Viability Ceiling,,67
2019-11_gen6ou-0.json,Hitmontop,Stats,Adamant,,34.615
2019-11_gen6ou-0.json,Hitmontop,Stats,Careful,,5.385
2019-11_gen6ou-0.json,Hitmontop,Stats,Impish,,2.308
2019-11_gen6ou-0.json,Hitmontop,Stats,Brave,,2.308
2019-11_gen6ou-0.json,Hitmontop,Abilities,,Technician,63.846
2019-11_gen6ou-0.json,Hitmontop,Abilities,,Intimidate,36.154
2019-11_gen6ou-0.json,Hitmontop,Items,,Leftovers,54.615
2019-11_gen6ou-0.json,Hitmontop,Items,,Assault Vest,18.462
2019-11_gen6ou-0.json,Hitmontop,Items,,Sitrus Berry,13.077
2019-11_gen6ou-0.json,Hitmontop,Items,,Normal Gem,7.692
2019-11_gen6ou-0.json,Hitmontop,Items,,Life Orb,3.846
2019-11_gen6ou-0.json,Hitmontop,Items,,Other,2.308
2019-11_gen6ou-0.json,Hitmontop,Spreads,,Other,9.231
2019-11_gen6ou-0.json,Hitmontop,Moves,,Rapid Spin,96.923
2019-11_gen6ou-0.json,Hitmontop,Moves,,Mach Punch,63.846
2019-11_gen6ou-0.json,Hitmontop,Moves,,Bulk Up,40.0
2019-11_gen6ou-0.json,Hitmontop,Moves,,Close Combat,36.923
2019-11_gen6ou-0.json,Hitmontop,Moves,,Bulldoze,36.923
2019-11_gen6ou-0.json,Hitmontop,Moves,,Fake Out,23.846
2019-11_gen6ou-0.json,Hitmontop,Moves,,Thief,20.769
2019-11_gen6ou-0.json,Hitmontop,Moves,,Bullet Punch,16.923
2019-11_gen6ou-0.json,Hitmontop,Moves,,Toxic,16.923
2019-11_gen6ou-0.json,Hitmontop,Moves,,Earthquake,13.846
2019-11_gen6ou-0.json,Hitmontop,Moves,,Revenge,13.077
2019-11_gen6ou-0.json,Hitmontop,Moves,,Sucker Punch,5.385
2019-11_gen6ou-0.json,Hitmontop,Moves,,Other,14.615
2019-11_gen6ou-0.json,Houndoom-Mega,Stats,Raw count,,129
2019-11_gen6ou-0.json,Houndoom-Mega,Stats,Avg. weight,,1.0
2019-11_gen6ou-0.json,Houndoom-Mega,Stats,Viability Ceiling,,84
2019-11_gen6ou-0.json,Houndoom-Mega,Stats,Timid,,3.101
2019-11_gen6ou-0.json,Houndoom-Mega,Stats,Hasty,,5.426
2019-11_gen6ou-0.json,Houndoom-Mega,Stats,Hardy,,2.326
2019-11_gen6ou-0.json,Houndoom-Mega,Abilities,,Solar Power,100.0
2019-11_gen6ou-0.json,Houndoom-Mega,Items,,Houndoominite,100.0
2019-11_gen6ou-0.json,Houndoom-Mega,Spreads,,Other,27.132
2019-11_gen6ou-0.json,Houndoom-Mega,Moves,,Dark Pulse,87.597
2019-11_gen6ou-0.json,Houndoom-Mega,Moves,,Fire Blast,54.264
2019-11_gen6ou-0.json,Houndoom-Mega,Moves,,Nasty Plot,52.713
2019-11_gen6ou-0.json,Houndoom-Mega,Moves,,Flamethrower,45.736
2019-11_gen6ou-0.json,Houndoom-Mega,Moves,,Solar Beam,23.256
2019-11_gen6ou-0.json,Houndoom-Mega,Moves,,Destiny Bond,20.155
2019-11_gen6ou-0.json,Houndoom-Mega,Moves,,Sludge Bomb,14.729
2019-11_gen6ou-0.json,Houndoom-Mega,Moves,,Crunch,13.953
2019-11_gen6ou-0.json,Houndoom-Mega,Moves,,Protect,13.178
2019-11_gen6ou-0.json,Houndoom-Mega,Moves,,Will-O-Wisp,10.078
2019-11_gen6ou-0.json,Houndoom-Mega,Moves,,Shadow Ball,8.527
2019-11_gen6ou-0.json,Houndoom-Mega,Moves,,Flame Charge,7.752
2019-11_gen6ou-0.json,Houndoom-Mega,Moves,,Taunt,5.426
2019-11_gen6ou-0.json,Houndoom-Mega,Moves,,Sucker Punch,5.426
2019-11_gen6ou-0.json,Houndoom-Mega,Moves,,Sunny Day,5.426
2019-11_gen6ou-0.json,Houndoom-Mega,Moves,,Overheat,3.876
2019-11_gen6ou-0.json,Houndoom-Mega,Moves,,Heat Wave,3.876
2019-11_gen6ou-0.json,Houndoom-Mega,Moves,,Thunder Fang,3.876
2019-11_gen6ou-0.json,Houndoom-Mega,Moves,,Toxic,3.101
2019-11_gen6ou-0.json,Houndoom-Mega,Moves,,Other,17.054
2019-11_gen6ou-0.json,Wigglytuff,Stats,Raw count,,127
2019-11_gen6ou-0.json,Wigglytuff,Stats,Avg. weight,,1.0
2019-11_gen6ou-0.json,Wigglytuff,Stats,Viability Ceiling,,55
2019-11_gen6ou-0.json,Wigglytuff,Stats,Modest,,76.378
2019-11_gen6ou-0.json,Wigglytuff,Stats,Hardy,,12.598
2019-11_gen6ou-0.json,Wigglytuff,Stats,Mild,,3.150
2019-11_gen6ou-0.json,Wigglytuff,Stats,Bold,,3.150
2019-11_gen6ou-0.json,Wigglytuff,Abilities,,Competitive,81.102
2019-11_gen6ou-0.json,Wigglytuff,Abilities,,Cute Charm,15.748
2019-11_gen6ou-0.json,Wigglytuff,Abilities,,Frisk,3.15
2019-11_gen6ou-0.json,Wigglytuff,Items,,Life Orb,59.055
2019-11_gen6ou-0.json,Wigglytuff,Items,,Focus Sash,19.685
2019-11_gen6ou-0.json,Wigglytuff,Items,,Choice Band,12.598
2019-11_gen6ou-0.json,Wigglytuff,Items,,Leftovers,3.15
2019-11_gen6ou-0.json,Wigglytuff,Items,,Sitrus Berry,2.362
2019-11_gen6ou-0.json,Wigglytuff,Items,,Other,3.15
2019-11_gen6ou-0.json,Wigglytuff,Spreads,,Other,4.724
2019-11_gen6ou-0.json,Wigglytuff,Moves,,Dazzling Gleam,90.551
2019-11_gen6ou-0.json,Wigglytuff,Moves,,Stealth Rock,78.74
2019-11_gen6ou-0.json,Wigglytuff,Moves,,Fire Blast,75.591
2019-11_gen6ou-0.json,Wigglytuff,Moves,,Hyper Voice,70.866
2019-11_gen6ou-0.json,Wigglytuff,Moves,,Focus Blast,18.898
2019-11_gen6ou-0.json,Wigglytuff,Moves,,Thunder Wave,13.386
2019-11_gen6ou-0.json,Wigglytuff,Moves,,Hidden Power Water,9.449
2019-11_gen6ou-0.json,Wigglytuff,Moves,,Hyper Beam,6.299
2019-11_gen6ou-0.json,Wigglytuff,Moves,,Psychic,3.937
2019-11_gen6ou-0.json,Wigglytuff,Moves,,Flamethrower,3.937
2019-11_gen6ou-0.json,Wigglytuff,Moves,,Heal Bell,3.15
2019-11_gen6ou-0.json,Wigglytuff,Moves,,Toxic,3.15
2019-11_gen6ou-0.json,Wigglytuff,Moves,,Body Slam,3.15
2019-11_gen6ou-0.json,Wigglytuff,Moves,,Other,18.898
2019-11_gen6ou-0.json,Bronzong,Stats,Raw count,,121
2019-11_gen6ou-0.json,Bronzong,Stats,Avg. weight,,1.0
2019-11_gen6ou-0.json,Bronzong,Stats,Viability Ceiling,,72
2019-11_gen6ou-0.json,Bronzong,Stats,Brave,,19.835
2019-11_gen6ou-0.json,Bronzong,Stats,Sassy,,9.091
2019-11_gen6ou-0.json,Bronzong,Stats,Impish,,7.438
2019-11_gen6ou-0.json,Bronzong,Stats,Modest,,6.612
2019-11_gen6ou-0.json,Bronzong,Abilities,,Levitate,74.38
2019-11_gen6ou-0.json,Bronzong,Abilities,,Heatproof,24.793
2019-11_gen6ou-0.json,Bronzong,Abilities,,Heavy Metal,0.826
2019-11_gen6ou-0.json,Bronzong,Items,,Leftovers,57.851
2019-11_gen6ou-0.json,Bronzong,Items,,Life Orb,16.529
2019-11_gen6ou-0.json,Bronzong,Items,,Damp Rock,7.438
2019-11_gen6ou-0.json,Bronzong,Items,,Mental Herb,4.959
2019-11_gen6ou-0.json,Bronzong,Items,,Focus Sash,4.132
2019-11_gen6ou-0.json,Bronzong,Items,,Rocky Helmet,3.306
2019-11_gen6ou-0.json,Bronzong,Items,,Nothing,1.653
2019-11_gen6ou-0.json,Bronzong,Items,,Other,4.132
2019-11_gen6ou-0.json,Bronzong,Spreads,,Other,35.537
2019-11_gen6ou-0.json,Bronzong,Moves,,Trick Room,54.545
2019-11_gen6ou-0.json,Bronzong,Moves,,Explosion,48.76
2019-11_gen6ou-0.json,Bronzong,Moves,,Gyro Ball,48.76
2019-11_gen6ou-0.json,Bronzong,Moves,,Stealth Rock,37.19
2019-11_gen6ou-0.json,Bronzong,Moves,,Earthquake,33.058
2019-11_gen6ou-0.json,Bronzong,Moves,,Toxic,28.926
2019-11_gen6ou-0.json,Bronzong,Moves,,Calm Mind,25.62
2019-11_gen6ou-0.json,Bronzong,Moves,,Extrasensory,19.008
2019-11_gen6ou-0.json,Bronzong,Moves,,Shadow Ball,14.876
2019-11_gen6ou-0.json,Bronzong,Moves,,Flash Cannon,13.223
2019-11_gen6ou-0.json,Bronzong,Moves,,Light Screen,9.091
2019-11_gen6ou-0.json,Bronzong,Moves,,Rest,7.438
2019-11_gen6ou-0.json,Bronzong,Moves,,Psychic,7.438
2019-11_gen6ou-0.json,Bronzong,Moves,,Reflect,7.438
2019-11_gen6ou-0.json,Bronzong,Moves,,Rain Dance,7.438
2019-11_gen6ou-0.json,Bronzong,Moves,,Iron Defense,7.438
2019-11_gen6ou-0.json,Bronzong,Moves,,Protect,4.959
2019-11_gen6ou-0.json,Bronzong,Moves,,Iron Head,4.132
2019-11_gen6ou-0.json,Bronzong,Moves,,Psyshock,3.306
2019-11_gen6ou-0.json,Bronzong,Moves,,Other,17.355
2019-11_gen6ou-0.json,Meloetta,Stats,Raw count,,118
2019-11_gen6ou-0.json,Meloetta,Stats,Avg. weight,,1.0
2019-11_gen6ou-0.json,Meloetta,Stats,Viability Ceiling,,75
2019-11_gen6ou-0.json,Meloetta,Stats,Bold,,67.797
2019-11_gen6ou-0.json,Meloetta,Stats,Mild,,8.475
2019-11_gen6ou-0.json,Meloetta,Stats,Hasty,,6.780
2019-11_gen6ou-0.json,Meloetta,Stats,Hardy,,5.085
2019-11_gen6ou-0.json,Meloetta,Stats,Timid,,3.390
2019-11_gen6ou-0.json,Meloetta,Stats,Sassy,,2.542
2019-11_gen6ou-0.json,Meloetta,Abilities,,Serene Grace,100.0
2019-11_gen6ou-0.json,Meloetta,Items,,Assault Vest,67.797
2019-11_gen6ou-0.json,Meloetta,Items,,Leftovers,8.475
2019-11_gen6ou-0.json,Meloetta,Items,,Life Orb,8.475
2019-11_gen6ou-0.json,Meloetta,Items,,Quick Claw,8.475
2019-11_gen6ou-0.json,Meloetta,Items,,Nothing,4.237
2019-11_gen6ou-0.json,Meloetta,Items,,Other,2.542
2019-11_gen6ou-0.json,Meloetta,Spreads,,Other,5.932
2019-11_gen6ou-0.json,Meloetta,Moves,,Focus Blast,73.729
2019-11_gen6ou-0.json,Meloetta,Moves,,Psyshock,68.644
2019-11_gen6ou-0.json,Meloetta,Moves,,Charge Beam,67.797
2019-11_gen6ou-0.json,Meloetta,Moves,,Hidden Power Ice,67.797
2019-11_gen6ou-0.json,Meloetta,Moves,,Relic Song,16.949
2019-11_gen6ou-0.json,Meloetta,Moves,,Shadow Ball,14.407
2019-11_gen6ou-0.json,Meloetta,Moves,,Psychic,12.712
2019-11_gen6ou-0.json,Meloetta,Moves,,Thunderbolt,11.864
2019-11_gen6ou-0.json,Meloetta,Moves,,Hyper Voice,10.169
2019-11_gen6ou-0.json,Meloetta,Moves,,Close Combat,7.627
2019-11_gen6ou-0.json,Meloetta,Moves,,Dazzling Gleam,7.627
2019-11_gen6ou-0.json,Meloetta,Moves,,Zen Headbutt,6.78
2019-11_gen6ou-0.json,Meloetta,Moves,,Ice Punch,6.78
2019-11_gen6ou-0.json,Meloetta,Moves,,Trick Room,5.085
2019-11_gen6ou-0.json,Meloetta,Moves,,Light Screen,5.085
2019-11_gen6ou-0.json,Meloetta,Moves,,Other,16.949
2019-11_gen6ou-0.json,Froslass,Stats,Raw count,,127
2019-11_gen6ou-0.json,Froslass,Stats,Avg. weight,,1.0
2019-11_gen6ou-0.json,Froslass,Stats,Viability Ceiling,,85
2019-11_gen6ou-0.json,Froslass,Stats,Timid,,4.724
2019-11_gen6ou-0.json,Froslass,Stats,Modest,,3.937
2019-11_gen6ou-0.json,Froslass,Abilities,,Cursed Body,89.764
2019-11_gen6ou-0.json,Froslass,Abilities,,Snow Cloak,10.236
2019-11_gen6ou-0.json,Froslass,Items,,Leftovers,37.008
2019-11_gen6ou-0.json,Froslass,Items,,Focus Sash,25.984
2019-11_gen6ou-0.json,Froslass,Items,,Life Orb,11.024
2019-11_gen6ou-0.json,Froslass,Items,,Never-Melt Ice,7.087
2019-11_gen6ou-0.json,Froslass,Items,,Shuca Berry,3.937
2019-11_gen6ou-0.json,Froslass,Items,,Assault Vest,3.937
2019-11_gen6ou-0.json,Froslass,Items,,Choice Scarf,3.15
2019-11_gen6ou-0.json,Froslass,Items,,Wise Glasses,3.15
2019-11_gen6ou-0.json,Froslass,Items,,Other,4.724
2019-11_gen6ou-0.json,Froslass,Spreads,,Other,14.961
2019-11_gen6ou-0.json,Froslass,Moves,,Ice Beam,62.992
2019-11_gen6ou-0.json,Froslass,Moves,,Shadow Ball,49.606
2019-11_gen6ou-0.json,Froslass,Moves,,Destiny Bond,47.244
2019-11_gen6ou-0.json,Froslass,Moves,,Thunderbolt,44.882
2019-11_gen6ou-0.json,Froslass,Moves,,Hex,28.346
2019-11_gen6ou-0.json,Froslass,Moves,,Frost Breath,23.622
2019-11_gen6ou-0.json,Froslass,Moves,,Fake Tears,22.835
2019-11_gen6ou-0.json,Froslass,Moves,,Taunt,22.835
2019-11_gen6ou-0.json,Froslass,Moves,,Spikes,22.835
2019-11_gen6ou-0.json,Froslass,Moves,,Psychic,18.898
2019-11_gen6ou-0.json,Froslass,Moves,,Toxic,8.661
2019-11_gen6ou-0.json,Froslass,Moves,,Crunch,7.087
2019-11_gen6ou-0.json,Froslass,Moves,,Signal Beam,7.087
2019-11_gen6ou-0.json,Froslass,Moves,,Thunder Wave,6.299
2019-11_gen6ou-0.json,Froslass,Moves,,Ice Shard,5.512
2019-11_gen6ou-0.json,Froslass,Moves,,Ice Punch,3.937
2019-11_gen6ou-0.json,Froslass,Moves,,Other,17.323
2019-11_gen6ou-0.json,Dusknoir,Stats,Raw count,,120
2019-11_gen6ou-0.json,Dusknoir,Stats,Avg. weight,,1.0
2019-11_gen6ou-0.json,Dusknoir,Stats,Viability Ceiling,,66
2019-11_gen6ou-0.json,Dusknoir,Stats,Brave,,18.333
2019-11_gen6ou-0.json,Dusknoir,Stats,Hardy,,14.167
2019-11_gen6ou-0.json,Dusknoir,Stats,Careful,,5.833
2019-11_gen6ou-0.json,Dusknoir,Stats,Adamant,,9.167
2019-11_gen6ou-0.json,Dusknoir,Stats,Impish,,5.000
2019-11_gen6ou-0.json,Dusknoir,Abilities,,Pressure,66.667
2019-11_gen6ou-0.json,Dusknoir,Abilities,,Frisk,33.333
2019-11_gen6ou-0.json,Dusknoir,Items,,Leftovers,49.167
2019-11_gen6ou-0.json,Dusknoir,Items,,Toxic Plate,14.167
2019-11_gen6ou-0.json,Dusknoir,Items,,Assault Vest,8.333
2019-11_gen6ou-0.json,Dusknoir,Items,,Quick Claw,5.833
2019-11_gen6ou-0.json,Dusknoir,Items,,Choice Band,5.0
2019-11_gen6ou-0.json,Dusknoir,Items,,Spell Tag,4.167
2019-11_gen6ou-0.json,Dusknoir,Items,,Bright Powder,3.333
2019-11_gen6ou-0.json,Dusknoir,Items,,Spooky Plate,1.667
2019-11_gen6ou-0.json,Dusknoir,Items,,Mental Herb,1.667
2019-11_gen6ou-0.json,Dusknoir,Items,,Life Orb,1.667
2019-11_gen6ou-0.json,Dusknoir,Items,,Other,5.0
2019-11_gen6ou-0.json,Dusknoir,Spreads,,Other,35.833
2019-11_gen6ou-0.json,Dusknoir,Moves,,Toxic,27.5
2019-11_gen6ou-0.json,Dusknoir,Moves,,Will-O-Wisp,25.833
2019-11_gen6ou-0.json,Dusknoir,Moves,,Shadow Ball,25.0
2019-11_gen6ou-0.json,Dusknoir,Moves,,Destiny Bond,24.167
2019-11_gen6ou-0.json,Dusknoir,Moves,,Ice Punch,24.167
2019-11_gen6ou-0.json,Dusknoir,Moves,,Shadow Punch,22.5
2019-11_gen6ou-0.json,Dusknoir,Moves,,Hex,21.667
2019-11_gen6ou-0.json,Dusknoir,Moves,,Thunder Punch,20.0
2019-11_gen6ou-0.json,Dusknoir,Moves,,Shadow Sneak,19.167
2019-11_gen6ou-0.json,Dusknoir,Moves,,Protect,19.167
2019-11_gen6ou-0.json,Dusknoir,Moves,,Earthquake,17.5
2019-11_gen6ou-0.json,Dusknoir,Moves,,Focus Punch,16.667
2019-11_gen6ou-0.json,Dusknoir,Moves,,Brick Break,14.167
2019-11_gen6ou-0.json,Dusknoir,Moves,,Confuse Ray,13.333
2019-11_gen6ou-0.json,Dusknoir,Moves,,Power-Up Punch,10.0
2019-11_gen6ou-0.json,Dusknoir,Moves,,Fire Punch,10.0
2019-11_gen6ou-0.json,Dusknoir,Moves,,Pain Split,9.167
2019-11_gen6ou-0.json,Dusknoir,Moves,,Trick Room,8.333
2019-11_gen6ou-0.json,Dusknoir,Moves,,Rock Tomb,7.5
2019-11_gen6ou-0.json,Dusknoir,Moves,,Mean Look,5.833
2019-11_gen6ou-0.json,Dusknoir,Moves,,Nothing,5.0
2019-11_gen6ou-0.json,Dusknoir,Moves,,Psychic,5.0
2019-11_gen6ou-0.json,Dusknoir,Moves,,Rock Smash,5.0
2019-11_gen6ou-0.json,Dusknoir,Moves,,Sucker Punch,5.0
2019-11_gen6ou-0.json,Dusknoir,Moves,,Rest,4.167
2019-11_gen6ou-0.json,Dusknoir,Moves,,Calm Mind,4.167
2019-11_gen6ou-0.json,Dusknoir,Moves,,Taunt,4.167
2019-11_gen6ou-0.json,Dusknoir,Moves,,Dark Pulse,4.167
2019-11_gen6ou-0.json,Dusknoir,Moves,,Trick,3.333
2019-11_gen6ou-0.json,Dusknoir,Moves,,Other,18.333
2019-11_gen6ou-0.json,Mismagius,Stats,Raw count,,116
2019-11_gen6ou-0.json,Mismagius,Stats,Avg. weight,,1.0
2019-11_gen6ou-0.json,Mismagius,Stats,Viability Ceiling,,54
2019-11_gen6ou-0.json,Mismagius,Stats,Timid,,3.448
2019-11_gen6ou-0.json,Mismagius,Stats,Modest,,6.034
2019-11_gen6ou-0.json,Mismagius,Stats,Hardy,,3.448
2019-11_gen6ou-0.json,Mismagius,Abilities,,Levitate,100.0
2019-11_gen6ou-0.json,Mismagius,Items,,Colbur Berry,47.414
2019-11_gen6ou-0.json,Mismagius,Items,,Spell Tag,12.931
2019-11_gen6ou-0.json,Mismagius,Items,,Leftovers,8.621
2019-11_gen6ou-0.json,Mismagius,Items,,Assault Vest,8.621
2019-11_gen6ou-0.json,Mismagius,Items,,Roseli Berry,7.759
2019-11_gen6ou-0.json,Mismagius,Items,,Life Orb,5.172
2019-11_gen6ou-0.json,Mismagius,Items,,Choice Specs,4.31
2019-11_gen6ou-0.json,Mismagius,Items,,Eviolite,3.448
2019-11_gen6ou-0.json,Mismagius,Items,,Other,1.724
2019-11_gen6ou-0.json,Mismagius,Spreads,,Other,8.621
2019-11_gen6ou-0.json,Mismagius,Moves,,Will-O-Wisp,56.034
2019-11_gen6ou-0.json,Mismagius,Moves,,Hex,55.172
2019-11_gen6ou-0.json,Mismagius,Moves,,Taunt,48.276
2019-11_gen6ou-0.json,Mismagius,Moves,,Shadow Ball,45.69
2019-11_gen6ou-0.json,Mismagius,Moves,,Thunder Wave,39.655
2019-11_gen6ou-0.json,Mismagius,Moves,,Dazzling Gleam,28.448
2019-11_gen6ou-0.json,Mismagius,Moves,,Energy Ball,25.862
2019-11_gen6ou-0.json,Mismagius,Moves,,Psychic,19.828
2019-11_gen6ou-0.json,Mismagius,Moves,,Power Gem,10.345
2019-11_gen6ou-0.json,Mismagius,Moves,,Destiny Bond,8.621
2019-11_gen6ou-0.json,Mismagius,Moves,,Thunderbolt,8.621
2019-11_gen6ou-0.json,Mismagius,Moves,,Mystical Fire,8.621
2019-11_gen6ou-0.json,Mismagius,Moves,,Calm Mind,7.759
2019-11_gen6ou-0.json,Mismagius,Moves,,Confuse Ray,7.759
2019-11_gen6ou-0.json,Mismagius,Moves,,Psywave,7.759
2019-11_gen6ou-0.json,Mismagius,Moves,,Perish Song,7.759
2019-11_gen6ou-0.json,Mismagius,Moves,,Other,13.793
2019-11_gen6ou-0.json,Trevenant,Stats,Raw count,,117
2019-11_gen6ou-0.json,Trevenant,Stats,Avg. weight,,1.0
2019-11_gen6ou-0.json,Trevenant,Stats,Viability Ceiling,,59
2019-11_gen6ou-0.json,Trevenant,Stats,Gentle,,5.128
2019-11_gen6ou-0.json,Trevenant,Stats,Careful,,5.128
2019-11_gen6ou-0.json,Trevenant,Stats,Adamant,,9.402
2019-11_gen6ou-0.json,Trevenant,Stats,Hardy,,7.692
2019-11_gen6ou-0.json,Trevenant,Abilities,,Harvest,66.667
2019-11_gen6ou-0.json,Trevenant,Abilities,,Natural Cure,31.624
2019-11_gen6ou-0.json,Trevenant,Abilities,,Frisk,1.709
2019-11_gen6ou-0.json,Trevenant,Items,,Sitrus Berry,60.684
2019-11_gen6ou-0.json,Trevenant,Items,,Leftovers,11.966
2019-11_gen6ou-0.json,Trevenant,Items,,Choice Band,11.111
2019-11_gen6ou-0.json,Trevenant,Items,,Nothing,3.419
2019-11_gen6ou-0.json,Trevenant,Items,,Assault Vest,2.564
2019-11_gen6ou-0.json,Trevenant,Items,,Berry Juice,2.564
2019-11_gen6ou-0.json,Trevenant,Items,,Spooky Plate,1.709
2019-11_gen6ou-0.json,Trevenant,Items,,Custap Berry,1.709
2019-11_gen6ou-0.json,Trevenant,Items,,Other,4.274
2019-11_gen6ou-0.json,Trevenant,Spreads,,Other,36.752
2019-11_gen6ou-0.json,Trevenant,Moves,,Leech Seed,57.265
2019-11_gen6ou-0.json,Trevenant,Moves,,Horn Leech,48.718
2019-11_gen6ou-0.json,Trevenant,Moves,,Shadow Claw,41.026
2019-11_gen6ou-0.json,Trevenant,Moves,,Phantom Force,38.462
2019-11_gen6ou-0.json,Trevenant,Moves,,Toxic,29.915
2019-11_gen6ou-0.json,Trevenant,Moves,,Will-O-Wisp,29.915
2019-11_gen6ou-0.json,Trevenant,Moves,,Wood Hammer,21.368
2019-11_gen6ou-0.json,Trevenant,Moves,,Protect,17.094
2019-11_gen6ou-0.json,Trevenant,Moves,,Energy Ball,14.53
2019-11_gen6ou-0.json,Trevenant,Moves,,Earthquake,14.53
2019-11_gen6ou-0.json,Trevenant,Moves,,Drain Punch,14.53
2019-11_gen6ou-0.json,Trevenant,Moves,,Dark Pulse,11.966
2019-11_gen6ou-0.json,Trevenant,Moves,,X-Scissor,8.547
2019-11_gen6ou-0.json,Trevenant,Moves,,Poison Jab,5.983
2019-11_gen6ou-0.json,Trevenant,Moves,,Seed Bomb,5.983
2019-11_gen6ou-0.json,Trevenant,Moves,,Destiny Bond,5.128
2019-11_gen6ou-0.json,Trevenant,Moves,,Block,5.128
2019-11_gen6ou-0.json,Trevenant,Moves,,Giga Drain,4.274
2019-11_gen6ou-0.json,Trevenant,Moves,,Rock Slide,4.274
2019-11_gen6ou-0.json,Trevenant,Moves,,Forest's Curse,3.419
2019-11_gen6ou-0.json,Trevenant,Moves,,Other,17.949
2019-11_gen6ou-0.json,Steelix,Stats,Raw count,,113
2019-11_gen6ou-0.json,Steelix,Stats,Avg. weight,,1.0
2019-11_gen6ou-0.json,Steelix,Stats,Viability Ceiling,,67
2019-11_gen6ou-0.json,Steelix,Stats,Brave,,12.389
2019-11_gen6ou-0.json,Steelix,Stats,Relaxed,,9.735
2019-11_gen6ou-0.json,Steelix,Stats,Hardy,,5.310
2019-11_gen6ou-0.json,Steelix,Stats,Quiet,,6.195
2019-11_gen6ou-0.json,Steelix,Stats,Adamant,,6.195
2019-11_gen6ou-0.json,Steelix,Abilities,,Sturdy,46.018
2019-11_gen6ou-0.json,Steelix,Abilities,,Rock Head,32.743
2019-11_gen6ou-0.json,Steelix,Abilities,,Sheer Force,21.239
2019-11_gen6ou-0.json,Steelix,Items,,Rocky Helmet,18.584
2019-11_gen6ou-0.json,Steelix,Items,,Assault Vest,14.159
2019-11_gen6ou-0.json,Steelix,Items,,Leftovers,14.159
2019-11_gen6ou-0.json,Steelix,Items,,Sitrus Berry,11.504
2019-11_gen6ou-0.json,Steelix,Items,,Choice Band,9.735
2019-11_gen6ou-0.json,Steelix,Items,,Life Orb,6.195
2019-11_gen6ou-0.json,Steelix,Items,,Nothing,5.31
2019-11_gen6ou-0.json,Steelix,Items,,Aguav Berry,4.425
2019-11_gen6ou-0.json,Steelix,Items,,Focus Sash,4.425
2019-11_gen6ou-0.json,Steelix,Items,,Custap Berry,4.425
2019-11_gen6ou-0.json,Steelix,Items,,Soft Sand,3.54
2019-11_gen6ou-0.json,Steelix,Items,,Other,3.54
2019-11_gen6ou-0.json,Steelix,Spreads,,Other,53.097
2019-11_gen6ou-0.json,Steelix,Moves,,Earthquake,76.991
2019-11_gen6ou-0.json,Steelix,Moves,,Stealth Rock,39.823
2019-11_gen6ou-0.json,Steelix,Moves,,Gyro Ball,37.168
2019-11_gen6ou-0.json,Steelix,Moves,,Fire Fang,23.009
2019-11_gen6ou-0.json,Steelix,Moves,,Crunch,20.354
2019-11_gen6ou-0.json,Steelix,Moves,,Iron Head,20.354
2019-11_gen6ou-0.json,Steelix,Moves,,Stone Edge,20.354
2019-11_gen6ou-0.json,Steelix,Moves,,Heavy Slam,19.469
2019-11_gen6ou-0.json,Steelix,Moves,,Aqua Tail,14.159
2019-11_gen6ou-0.json,Steelix,Moves,,Dragon Tail,14.159
2019-11_gen6ou-0.json,Steelix,Moves,,Explosion,13.274
2019-11_gen6ou-0.json,Steelix,Moves,,Toxic,11.504
2019-11_gen6ou-0.json,Steelix,Moves,,Double-Edge,11.504
2019-11_gen6ou-0.json,Steelix,Moves,,Earth Power,10.619
2019-11_gen6ou-0.json,Steelix,Moves,,Hidden Power Ice,10.619
2019-11_gen6ou-0.json,Steelix,Moves,,Rock Slide,10.619
2019-11_gen6ou-0.json,Steelix,Moves,,Flash Cannon,9.735
2019-11_gen6ou-0.json,Steelix,Moves,,Curse,8.85
2019-11_gen6ou-0.json,Steelix,Moves,,Dragon Pulse,7.965
2019-11_gen6ou-0.json,Steelix,Moves,,Other,19.469
2019-11_gen6ou-0.json,Scrafty,Stats,Raw count,,116
2019-11_gen6ou-0.json,Scrafty,Stats,Avg. weight,,1.0
2019-11_gen6ou-0.json,Scrafty,Stats,Viability Ceiling,,57
2019-11_gen6ou-0.json,Scrafty,Stats,Adamant,,4.310
2019-11_gen6ou-0.json,Scrafty,Stats,Jolly,,6.897
2019-11_gen6ou-0.json,Scrafty,Stats,Impish,,6.897
2019-11_gen6ou-0.json,Scrafty,Abilities,,Moxie,49.138
2019-11_gen6ou-0.json,Scrafty,Abilities,,Shed Skin,35.345
2019-11_gen6ou-0.json,Scrafty,Abilities,,Intimidate,15.517
2019-11_gen6ou-0.json,Scrafty,Items,,Leftovers,73.276
2019-11_gen6ou-0.json,Scrafty,Items,,Focus Sash,9.483
2019-11_gen6ou-0.json,Scrafty,Items,,Assault Vest,4.31
2019-11_gen6ou-0.json,Scrafty,Items,,Expert Belt,4.31
2019-11_gen6ou-0.json,Scrafty,Items,,Life Orb,2.586
2019-11_gen6ou-0.json,Scrafty,Items,,Quick Claw,2.586
2019-11_gen6ou-0.json,Scrafty,Items,,Other,3.448
2019-11_gen6ou-0.json,Scrafty,Spreads,,Other,25.0
2019-11_gen6ou-0.json,Scrafty,Moves,,Drain Punch,88.793
2019-11_gen6ou-0.json,Scrafty,Moves,,Dragon Dance,83.621
2019-11_gen6ou-0.json,Scrafty,Moves,,Knock Off,81.897
2019-11_gen6ou-0.json,Scrafty,Moves,,Ice Punch,54.31
2019-11_gen6ou-0.json,Scrafty,Moves,,Dragon Tail,22.414
2019-11_gen6ou-0.json,Scrafty,Moves,,High Jump Kick,11.207
2019-11_gen6ou-0.json,Scrafty,Moves,,Poison Jab,10.345
2019-11_gen6ou-0.json,Scrafty,Moves,,Crunch,8.621
2019-11_gen6ou-0.json,Scrafty,Moves,,Bulk Up,7.759
2019-11_gen6ou-0.json,Scrafty,Moves,,Power-Up Punch,6.034
2019-11_gen6ou-0.json,Scrafty,Moves,,Foul Play,4.31
2019-11_gen6ou-0.json,Scrafty,Moves,,Fake Out,4.31
2019-11_gen6ou-0.json,Scrafty,Moves,,Other,16.379
2019-11_gen6ou-0.json,Sharpedo-Mega,Stats,Raw count,,112
2019-11_gen6ou-0.json,Sharpedo-Mega,Stats,Avg. weight,,1.0
2019-11_gen6ou-0.json,Sharpedo-Mega,Stats,Viability Ceiling,,89
2019-11_gen6ou-0.json,Sharpedo-Mega,Stats,Adamant,,5.357
2019-11_gen6ou-0.json,Sharpedo-Mega,Stats,Hardy,,3.571
2019-11_gen6ou-0.json,Sharpedo-Mega,Stats,Naughty,,6.250
2019-11_gen6ou-0.json,Sharpedo-Mega,Abilities,,Strong Jaw,100.0
2019-11_gen6ou-0.json,Sharpedo-Mega,Items,,Sharpedonite,100.0
2019-11_gen6ou-0.json,Sharpedo-Mega,Spreads,,Other,20.536
2019-11_gen6ou-0.json,Sharpedo-Mega,Moves,,Crunch,83.929
2019-11_gen6ou-0.json,Sharpedo-Mega,Moves,,Protect,71.429
2019-11_gen6ou-0.json,Sharpedo-Mega,Moves,,Waterfall,48.214
2019-11_gen6ou-0.json,Sharpedo-Mega,Moves,,Ice Fang,35.714
2019-11_gen6ou-0.json,Sharpedo-Mega,Moves,,Poison Fang,28.571
2019-11_gen6ou-0.json,Sharpedo-Mega,Moves,,Zen Headbutt,25.893
2019-11_gen6ou-0.json,Sharpedo-Mega,Moves,,Hydro Pump,18.75
2019-11_gen6ou-0.json,Sharpedo-Mega,Moves,,Poison Jab,16.071
2019-11_gen6ou-0.json,Sharpedo-Mega,Moves,,Agility,8.929
2019-11_gen6ou-0.json,Sharpedo-Mega,Moves,,Blizzard,7.143
2019-11_gen6ou-0.json,Sharpedo-Mega,Moves,,Bite,7.143
2019-11_gen6ou-0.json,Sharpedo-Mega,Moves,,Double-Edge,7.143
2019-11_gen6ou-0.json,Sharpedo-Mega,Moves,,Aqua Jet,6.25
2019-11_gen6ou-0.json,Sharpedo-Mega,Moves,,Ice Beam,6.25
2019-11_gen6ou-0.json,Sharpedo-Mega,Moves,,Destiny Bond,6.25
2019-11_gen6ou-0.json,Sharpedo-Mega,Moves,,Surf,4.464
2019-11_gen6ou-0.json,Sharpedo-Mega,Moves,,Other,17.857
2019-11_gen6ou-0.json,Celebi,Stats,Raw count,,111
2019-11_gen6ou-0.json,Celebi,Stats,Avg. weight,,1.0
2019-11_gen6ou-0.json,Celebi,Stats,Viability Ceiling,,89
2019-11_gen6ou-0.json,Celebi,Stats,Timid,,13.514
2019-11_gen6ou-0.json,Celebi,Stats,Bold,,7.207
2019-11_gen6ou-0.json,Celebi,Stats,Hardy,,6.306
2019-11_gen6ou-0.json,Celebi,Stats,Modest,,4.505
2019-11_gen6ou-0.json,Celebi,Abilities,,Natural Cure,100.0
2019-11_gen6ou-0.json,Celebi,Items,,Leftovers,65.766
2019-11_gen6ou-0.json,Celebi,Items,,Nothing,16.216
2019-11_gen6ou-0.json,Celebi,Items,,Life Orb,3.604
2019-11_gen6ou-0.json,Celebi,Items,,Sitrus Berry,3.604
2019-11_gen6ou-0.json,Celebi,Items,,Focus Sash,2.703
2019-11_gen6ou-0.json,Celebi,Items,,Assault Vest,1.802
2019-11_gen6ou-0.json,Celebi,Items,,Big Root,1.802
2019-11_gen6ou-0.json,Celebi,Items,,Other,4.505
2019-11_gen6ou-0.json,Celebi,Spreads,,Other,48.649
2019-11_gen6ou-0.json,Celebi,Moves,,Giga Drain,69.369
2019-11_gen6ou-0.json,Celebi,Moves,,Psychic,53.153
2019-11_gen6ou-0.json,Celebi,Moves,,Recover,38.739
2019-11_gen6ou-0.json,Celebi,Moves,,Nasty Plot,35.135
2019-11_gen6ou-0.json,Celebi,Moves,,Earth Power,28.829
2019-11_gen6ou-0.json,Celebi,Moves,,Energy Ball,23.423
2019-11_gen6ou-0.json,Celebi,Moves,,Leaf Storm,18.018
2019-11_gen6ou-0.json,Celebi,Moves,,Calm Mind,13.514
2019-11_gen6ou-0.json,Celebi,Moves,,Dazzling Gleam,12.613
2019-11_gen6ou-0.json,Celebi,Moves,,Stealth Rock,11.712
2019-11_gen6ou-0.json,Celebi,Moves,,Thunder Wave,10.811
2019-11_gen6ou-0.json,Celebi,Moves,,Heal Bell,9.009
2019-11_gen6ou-0.json,Celebi,Moves,,Shadow Ball,9.009
2019-11_gen6ou-0.json,Celebi,Moves,,Hidden Power Fire,8.108
2019-11_gen6ou-0.json,Celebi,Moves,,Toxic,7.207
2019-11_gen6ou-0.json,Celebi,Moves,,Healing Wish,6.306
2019-11_gen6ou-0.json,Celebi,Moves,,Perish Song,6.306
2019-11_gen6ou-0.json,Celebi,Moves,,Nothing,5.405
2019-11_gen6ou-0.json,Celebi,Moves,,Leech Seed,5.405
2019-11_gen6ou-0.json,Celebi,Moves,,Protect,5.405
2019-11_gen6ou-0.json,Celebi,Moves,,U-turn,2.703
2019-11_gen6ou-0.json,Celebi,Moves,,Other,19.82
2019-11_gen6ou-0.json,Hoopa,Stats,Raw count,,112
2019-11_gen6ou-0.json,Hoopa,Stats,Avg. weight,,1.0
2019-11_gen6ou-0.json,Hoopa,Stats,Viability Ceiling,,86
2019-11_gen6ou-0.json,Hoopa,Stats,Timid,,2.679
2019-11_gen6ou-0.json,Hoopa,Stats,Hardy,,2.679
2019-11_gen6ou-0.json,Hoopa,Abilities,,Magician,100.0
2019-11_gen6ou-0.json,Hoopa,Items,,Choice Specs,38.393
2019-11_gen6ou-0.json,Hoopa,Items,,Choice Scarf,20.536
2019-11_gen6ou-0.json,Hoopa,Items,,Light Clay,18.75
2019-11_gen6ou-0.json,Hoopa,Items,,Salac Berry,7.143
2019-11_gen6ou-0.json,Hoopa,Items,,Nothing,5.357
2019-11_gen6ou-0.json,Hoopa,Items,,Life Orb,4.464
2019-11_gen6ou-0.json,Hoopa,Items,,Focus Sash,3.571
2019-11_gen6ou-0.json,Hoopa,Items,,Other,1.786
2019-11_gen6ou-0.json,Hoopa,Spreads,,Other,8.036
2019-11_gen6ou-0.json,Hoopa,Moves,,Shadow Ball,89.286
2019-11_gen6ou-0.json,Hoopa,Moves,,Focus Blast,83.036
2019-11_gen6ou-0.json,Hoopa,Moves,,Hyperspace Hole,62.5
2019-11_gen6ou-0.json,Hoopa,Moves,,Trick,58.036
2019-11_gen6ou-0.json,Hoopa,Moves,,Psyshock,24.107
2019-11_gen6ou-0.json,Hoopa,Moves,,Light Screen,21.429
2019-11_gen6ou-0.json,Hoopa,Moves,,Substitute,7.143
2019-11_gen6ou-0.json,Hoopa,Moves,,Nasty Plot,7.143
2019-11_gen6ou-0.json,Hoopa,Moves,,Psychic,6.25
2019-11_gen6ou-0.json,Hoopa,Moves,,Thunderbolt,6.25
2019-11_gen6ou-0.json,Hoopa,Moves,,Dark Pulse,5.357
2019-11_gen6ou-0.json,Hoopa,Moves,,Drain Punch,5.357
2019-11_gen6ou-0.json,Hoopa,Moves,,Calm Mind,4.464
2019-11_gen6ou-0.json,Hoopa,Moves,,Other,19.643
2019-11_gen6ou-0.json,Lanturn,Stats,Raw count,,112
2019-11_gen6ou-0.json,Lanturn,Stats,Avg. weight,,1.0
2019-11_gen6ou-0.json,Lanturn,Stats,Viability Ceiling,,76
2019-11_gen6ou-0.json,Lanturn,Stats,Calm,,7.143
2019-11_gen6ou-0.json,Lanturn,Stats,Modest,,20.536
2019-11_gen6ou-0.json,Lanturn,Stats,Bold,,10.714
2019-11_gen6ou-0.json,Lanturn,Abilities,,Volt Absorb,99.107
2019-11_gen6ou-0.json,Lanturn,Abilities,,Water Absorb,0.893
2019-11_gen6ou-0.json,Lanturn,Items,,Leftovers,71.429
2019-11_gen6ou-0.json,Lanturn,Items,,Assault Vest,12.5
2019-11_gen6ou-0.json,Lanturn,Items,,Chesto Berry,9.821
2019-11_gen6ou-0.json,Lanturn,Items,,Mystic Water,2.679
2019-11_gen6ou-0.json,Lanturn,Items,,Other,3.571
2019-11_gen6ou-0.json,Lanturn,Spreads,,Other,16.071
2019-11_gen6ou-0.json,Lanturn,Moves,,Scald,72.321
2019-11_gen6ou-0.json,Lanturn,Moves,,Volt Switch,52.679
2019-11_gen6ou-0.json,Lanturn,Moves,,Heal Bell,51.786
2019-11_gen6ou-0.json,Lanturn,Moves,,Toxic,45.536
2019-11_gen6ou-0.json,Lanturn,Moves,,Ice Beam,33.036
2019-11_gen6ou-0.json,Lanturn,Moves,,Dazzling Gleam,21.429
2019-11_gen6ou-0.json,Lanturn,Moves,,Thunder Wave,17.857
2019-11_gen6ou-0.json,Lanturn,Moves,,Discharge,17.857
2019-11_gen6ou-0.json,Lanturn,Moves,,Thunderbolt,11.607
2019-11_gen6ou-0.json,Lanturn,Moves,,Hydro Pump,11.607
2019-11_gen6ou-0.json,Lanturn,Moves,,Rest,9.821
2019-11_gen6ou-0.json,Lanturn,Moves,,Signal Beam,9.821
2019-11_gen6ou-0.json,Lanturn,Moves,,Stockpile,9.821
2019-11_gen6ou-0.json,Lanturn,Moves,,Substitute,7.143
2019-11_gen6ou-0.json,Lanturn,Moves,,Surf,6.25
2019-11_gen6ou-0.json,Lanturn,Moves,,Hidden Power Fire,5.357
2019-11_gen6ou-0.json,Lanturn,Moves,,Other,16.071
2019-11_gen6ou-0.json,Wailord,Stats,Raw count,,107
2019-11_gen6ou-0.json,Wailord,Stats,Avg. weight,,1.0
2019-11_gen6ou-0.json,Wailord,Stats,Viability Ceiling,,56
2019-11_gen6ou-0.json,Wailord,Stats,Calm,,25.234
2019-11_gen6ou-0.json,Wailord,Stats,Hardy,,4.673
2019-11_gen6ou-0.json,Wailord,Stats,Impish,,5.607
2019-11_gen6ou-0.json,Wailord,Abilities,,Pressure,68.224
2019-11_gen6ou-0.json,Wailord,Abilities,,Water Veil,16.822
2019-11_gen6ou-0.json,Wailord,Abilities,,Oblivious,14.953
2019-11_gen6ou-0.json,Wailord,Items,,Leftovers,61.682
2019-11_gen6ou-0.json,Wailord,Items,,Chesto Berry,14.019
2019-11_gen6ou-0.json,Wailord,Items,,Rocky Helmet,7.477
2019-11_gen6ou-0.json,Wailord,Items,,Choice Specs,4.673
2019-11_gen6ou-0.json,Wailord,Items,,Nothing,4.673
2019-11_gen6ou-0.json,Wailord,Items,,Fist Plate,2.804
2019-11_gen6ou-0.json,Wailord,Items,,Other,4.673
2019-11_gen6ou-0.json,Wailord,Spreads,,Other,17.757
2019-11_gen6ou-0.json,Wailord,Moves,,Rest,73.832
2019-11_gen6ou-0.json,Wailord,Moves,,Toxic,63.551
2019-11_gen6ou-0.json,Wailord,Moves,,Soak,59.813
2019-11_gen6ou-0.json,Wailord,Moves,,Block,59.813
2019-11_gen6ou-0.json,Wailord,Moves,,Ice Beam,18.692
2019-11_gen6ou-0.json,Wailord,Moves,,Body Slam,17.757
2019-11_gen6ou-0.json,Wailord,Moves,,Hydro Pump,16.822
2019-11_gen6ou-0.json,Wailord,Moves,,Curse,14.019
2019-11_gen6ou-0.json,Wailord,Moves,,Amnesia,14.019
2019-11_gen6ou-0.json,Wailord,Moves,,Heavy Slam,10.28
2019-11_gen6ou-0.json,Wailord,Moves,,Surf,10.28
2019-11_gen6ou-0.json,Wailord,Moves,,Earthquake,9.346
2019-11_gen6ou-0.json,Wailord,Moves,,Water Spout,6.542
2019-11_gen6ou-0.json,Wailord,Moves,,Hidden Power Fighting,3.738
2019-11_gen6ou-0.json,Wailord,Moves,,Hidden Power Grass,3.738
2019-11_gen6ou-0.json,Wailord,Moves,,Other,17.757
2019-11_gen6ou-0.json,Flareon,Stats,Raw count,,105
2019-11_gen6ou-0.json,Flareon,Stats,Avg. weight,,1.0
2019-11_gen6ou-0.json,Flareon,Stats,Viability Ceiling,,72
2019-11_gen6ou-0.json,Flareon,Stats,Jolly,,10.476
2019-11_gen6ou-0.json,Flareon,Stats,Lonely,,9.524
2019-11_gen6ou-0.json,Flareon,Stats,Adamant,,7.619
2019-11_gen6ou-0.json,Flareon,Stats,Impish,,6.667
2019-11_gen6ou-0.json,Flareon,Abilities,,Flash Fire,55.238
2019-11_gen6ou-0.json,Flareon,Abilities,,Guts,44.762
2019-11_gen6ou-0.json,Flareon,Items,,Leftovers,20.952
2019-11_gen6ou-0.json,Flareon,Items,,Toxic Orb,20.0
2019-11_gen6ou-0.json,Flareon,Items,,Choice Scarf,12.381
2019-11_gen6ou-0.json,Flareon,Items,,Flame Orb,12.381
2019-11_gen6ou-0.json,Flareon,Items,,Choice Band,11.429
2019-11_gen6ou-0.json,Flareon,Items,,Nothing,5.714
2019-11_gen6ou-0.json,Flareon,Items,,Heat Rock,5.714
2019-11_gen6ou-0.json,Flareon,Items,,Flame Plate,3.81
2019-11_gen6ou-0.json,Flareon,Items,,Focus Sash,2.857
2019-11_gen6ou-0.json,Flareon,Items,,Other,4.762
2019-11_gen6ou-0.json,Flareon,Spreads,,Other,40.0
2019-11_gen6ou-0.json,Flareon,Moves,,Superpower,68.571
2019-11_gen6ou-0.json,Flareon,Moves,,Flare Blitz,52.381
2019-11_gen6ou-0.json,Flareon,Moves,,Flame Charge,36.19
2019-11_gen6ou-0.json,Flareon,Moves,,Facade,35.238
2019-11_gen6ou-0.json,Flareon,Moves,,Wish,21.905
2019-11_gen6ou-0.json,Flareon,Moves,,Fire Fang,16.19
2019-11_gen6ou-0.json,Flareon,Moves,,Iron Tail,15.238
2019-11_gen6ou-0.json,Flareon,Moves,,Dig,14.286
2019-11_gen6ou-0.json,Flareon,Moves,,Fire Blast,13.333
2019-11_gen6ou-0.json,Flareon,Moves,,Overheat,11.429
2019-11_gen6ou-0.json,Flareon,Moves,,Will-O-Wisp,10.476
2019-11_gen6ou-0.json,Flareon,Moves,,Toxic,9.524
2019-11_gen6ou-0.json,Flareon,Moves,,Return,9.524
2019-11_gen6ou-0.json,Flareon,Moves,,Hidden Power Ground,9.524
2019-11_gen6ou-0.json,Flareon,Moves,,Flamethrower,8.571
2019-11_gen6ou-0.json,Flareon,Moves,,Sunny Day,8.571
2019-11_gen6ou-0.json,Flareon,Moves,,Detect,5.714
2019-11_gen6ou-0.json,Flareon,Moves,,Giga Impact,4.762
2019-11_gen6ou-0.json,Flareon,Moves,,Body Slam,4.762
2019-11_gen6ou-0.json,Flareon,Moves,,Shadow Ball,4.762
2019-11_gen6ou-0.json,Flareon,Moves,,Heal Bell,3.81
2019-11_gen6ou-0.json,Flareon,Moves,,Hyper Beam,3.81
2019-11_gen6ou-0.json,Flareon,Moves,,Double-Edge,3.81
2019-11_gen6ou-0.json,Flareon,Moves,,Last Resort,2.857
2019-11_gen6ou-0.json,Flareon,Moves,,Heat Wave,2.857
2019-11_gen6ou-0.json,Flareon,Moves,,Protect,2.857
2019-11_gen6ou-0.json,Flareon,Moves,,Other,19.048
2019-11_gen6ou-0.json,Clawitzer,Stats,Raw count,,107
2019-11_gen6ou-0.json,Clawitzer,Stats,Avg. weight,,1.0
2019-11_gen6ou-0.json,Clawitzer,Stats,Viability Ceiling,,65
2019-11_gen6ou-0.json,Clawitzer,Stats,Modest,,6.542
2019-11_gen6ou-0.json,Clawitzer,Stats,Calm,,16.822
2019-11_gen6ou-0.json,Clawitzer,Stats,Hardy,,5.607
2019-11_gen6ou-0.json,Clawitzer,Abilities,,Mega Launcher,100.0
2019-11_gen6ou-0.json,Clawitzer,Items,,Choice Specs,41.121
2019-11_gen6ou-0.json,Clawitzer,Items,,Assault Vest,18.692
2019-11_gen6ou-0.json,Clawitzer,Items,,Leftovers,8.411
2019-11_gen6ou-0.json,Clawitzer,Items,,Choice Scarf,6.542
2019-11_gen6ou-0.json,Clawitzer,Items,,Aguav Berry,5.607
2019-11_gen6ou-0.json,Clawitzer,Items,,Mystic Water,5.607
2019-11_gen6ou-0.json,Clawitzer,Items,,Life Orb,3.738
2019-11_gen6ou-0.json,Clawitzer,Items,,Nothing,3.738
2019-11_gen6ou-0.json,Clawitzer,Items,,Scope Lens,2.804
2019-11_gen6ou-0.json,Clawitzer,Items,,Other,3.738
2019-11_gen6ou-0.json,Clawitzer,Spreads,,Other,21.495
2019-11_gen6ou-0.json,Clawitzer,Moves,,Water Pulse,80.374
2019-11_gen6ou-0.json,Clawitzer,Moves,,Dark Pulse,76.636
2019-11_gen6ou-0.json,Clawitzer,Moves,,Aura Sphere,71.028
2019-11_gen6ou-0.json,Clawitzer,Moves,,Dragon Pulse,47.664
2019-11_gen6ou-0.json,Clawitzer,Moves,,Ice Beam,35.514
2019-11_gen6ou-0.json,Clawitzer,Moves,,U-turn,29.907
2019-11_gen6ou-0.json,Clawitzer,Moves,,Sludge Bomb,16.822
2019-11_gen6ou-0.json,Clawitzer,Moves,,Scald,9.346
2019-11_gen6ou-0.json,Clawitzer,Moves,,Crabhammer,9.346
2019-11_gen6ou-0.json,Clawitzer,Moves,,Sludge Wave,4.673
2019-11_gen6ou-0.json,Clawitzer,Moves,,Other,18.692
2019-11_gen6ou-0.json,Exeggutor,Stats,Raw count,,105
2019-11_gen6ou-0.json,Exeggutor,Stats,Avg. weight,,1.0
2019-11_gen6ou-0.json,Exeggutor,Stats,Viability Ceiling,,58
2019-11_gen6ou-0.json,Exeggutor,Stats,Sassy,,16.190
2019-11_gen6ou-0.json,Exeggutor,Stats,Hardy,,6.667
2019-11_gen6ou-0.json,Exeggutor,Stats,Timid,,11.429
2019-11_gen6ou-0.json,Exeggutor,Stats,Modest,,6.667
2019-11_gen6ou-0.json,Exeggutor,Abilities,,Chlorophyll,85.714
2019-11_gen6ou-0.json,Exeggutor,Abilities,,Harvest,14.286
2019-11_gen6ou-0.json,Exeggutor,Items,,Leftovers,27.619
2019-11_gen6ou-0.json,Exeggutor,Items,,Life Orb,23.81
2019-11_gen6ou-0.json,Exeggutor,Items,,Miracle Seed,14.286
2019-11_gen6ou-0.json,Exeggutor,Items,,Sitrus Berry,9.524
2019-11_gen6ou-0.json,Exeggutor,Items,,Lum Berry,6.667
2019-11_gen6ou-0.json,Exeggutor,Items,,Choice Specs,3.81
2019-11_gen6ou-0.json,Exeggutor,Items,,Muscle Band,2.857
2019-11_gen6ou-0.json,Exeggutor,Items,,Nothing,2.857
2019-11_gen6ou-0.json,Exeggutor,Items,,Mental Herb,1.905
2019-11_gen6ou-0.json,Exeggutor,Items,,Big Root,1.905
2019-11_gen6ou-0.json,Exeggutor,Items,,Other,4.762
2019-11_gen6ou-0.json,Exeggutor,Spreads,,Other,34.286
2019-11_gen6ou-0.json,Exeggutor,Moves,,Psychic,60.952
2019-11_gen6ou-0.json,Exeggutor,Moves,,Giga Drain,59.048
2019-11_gen6ou-0.json,Exeggutor,Moves,,Solar Beam,49.524
2019-11_gen6ou-0.json,Exeggutor,Moves,,Sleep Powder,34.286
2019-11_gen6ou-0.json,Exeggutor,Moves,,Leech Seed,33.333
2019-11_gen6ou-0.json,Exeggutor,Moves,,Moonlight,17.143
2019-11_gen6ou-0.json,Exeggutor,Moves,,Explosion,14.286
2019-11_gen6ou-0.json,Exeggutor,Moves,,Psyshock,12.381
2019-11_gen6ou-0.json,Exeggutor,Moves,,Sludge Bomb,11.429
2019-11_gen6ou-0.json,Exeggutor,Moves,,Light Screen,10.476
2019-11_gen6ou-0.json,Exeggutor,Moves,,Sunny Day,10.476
2019-11_gen6ou-0.json,Exeggutor,Moves,,Hidden Power Fighting,6.667
2019-11_gen6ou-0.json,Exeggutor,Moves,,Energy Ball,6.667
2019-11_gen6ou-0.json,Exeggutor,Moves,,Egg Bomb,6.667
2019-11_gen6ou-0.json,Exeggutor,Moves,,Leaf Storm,6.667
2019-11_gen6ou-0.json,Exeggutor,Moves,,Extrasensory,5.714
2019-11_gen6ou-0.json,Exeggutor,Moves,,Substitute,4.762
2019-11_gen6ou-0.json,Exeggutor,Moves,,Toxic,4.762
2019-11_gen6ou-0.json,Exeggutor,Moves,,Infestation,3.81
2019-11_gen6ou-0.json,Exeggutor,Moves,,Protect,3.81
2019-11_gen6ou-0.json,Exeggutor,Moves,,Wood Hammer,2.857
2019-11_gen6ou-0.json,Exeggutor,Moves,,Trick Room,2.857
2019-11_gen6ou-0.json,Exeggutor,Moves,,Low Kick,2.857
2019-11_gen6ou-0.json,Exeggutor,Moves,,Ancient Power,2.857
2019-11_gen6ou-0.json,Exeggutor,Moves,,Hidden Power Ground,2.857
2019-11_gen6ou-0.json,Exeggutor,Moves,,Wish,2.857
2019-11_gen6ou-0.json,Exeggutor,Moves,,Secret Power,2.857
2019-11_gen6ou-0.json,Exeggutor,Moves,,Other,17.143
2019-11_gen6ou-0.json,Torterra,Stats,Raw count,,107
2019-11_gen6ou-0.json,Torterra,Stats,Avg. weight,,1.0
2019-11_gen6ou-0.json,Torterra,Stats,Viability Ceiling,,63
2019-11_gen6ou-0.json,Torterra,Stats,Adamant,,3.738
2019-11_gen6ou-0.json,Torterra,Stats,Careful,,4.673
2019-11_gen6ou-0.json,Torterra,Stats,Impish,,3.738
2019-11_gen6ou-0.json,Torterra,Stats,Hardy,,3.738
2019-11_gen6ou-0.json,Torterra,Abilities,,Overgrow,70.093
2019-11_gen6ou-0.json,Torterra,Abilities,,Shell Armor,29.907
2019-11_gen6ou-0.json,Torterra,Items,,Leftovers,33.645
2019-11_gen6ou-0.json,Torterra,Items,,Nothing,15.888
2019-11_gen6ou-0.json,Torterra,Items,,Rocky Helmet,14.953
2019-11_gen6ou-0.json,Torterra,Items,,Quick Claw,8.411
2019-11_gen6ou-0.json,Torterra,Items,,Lum Berry,4.673
2019-11_gen6ou-0.json,Torterra,Items,,Choice Scarf,3.738
2019-11_gen6ou-0.json,Torterra,Items,,Focus Sash,3.738
2019-11_gen6ou-0.json,Torterra,Items,,Liechi Berry,2.804
2019-11_gen6ou-0.json,Torterra,Items,,Yache Berry,1.869
2019-11_gen6ou-0.json,Torterra,Items,,Meadow Plate,1.869
2019-11_gen6ou-0.json,Torterra,Items,,Figy Berry,1.869
2019-11_gen6ou-0.json,Torterra,Items,,Aguav Berry,1.869
2019-11_gen6ou-0.json,Torterra,Items,,Other,4.673
2019-11_gen6ou-0.json,Torterra,Spreads,,Other,66.355
2019-11_gen6ou-0.json,Torterra,Moves,,Earthquake,75.701
2019-11_gen6ou-0.json,Torterra,Moves,,Synthesis,34.579
2019-11_gen6ou-0.json,Torterra,Moves,,Seed Bomb,32.71
2019-11_gen6ou-0.json,Torterra,Moves,,Leech Seed,30.841
2019-11_gen6ou-0.json,Torterra,Moves,,Crunch,23.364
2019-11_gen6ou-0.json,Torterra,Moves,,Stealth Rock,21.495
2019-11_gen6ou-0.json,Torterra,Moves,,Protect,20.561
2019-11_gen6ou-0.json,Torterra,Moves,,Energy Ball,17.757
2019-11_gen6ou-0.json,Torterra,Moves,,Leaf Storm,14.953
2019-11_gen6ou-0.json,Torterra,Moves,,Giga Drain,11.215
2019-11_gen6ou-0.json,Torterra,Moves,,Stone Edge,11.215
2019-11_gen6ou-0.json,Torterra,Moves,,Wood Hammer,8.411
2019-11_gen6ou-0.json,Torterra,Moves,,Bullet Seed,8.411
2019-11_gen6ou-0.json,Torterra,Moves,,Swords Dance,7.477
2019-11_gen6ou-0.json,Torterra,Moves,,Superpower,5.607
2019-11_gen6ou-0.json,Torterra,Moves,,Absorb,5.607
2019-11_gen6ou-0.json,Torterra,Moves,,Toxic,5.607
2019-11_gen6ou-0.json,Torterra,Moves,,Body Slam,5.607
2019-11_gen6ou-0.json,Torterra,Moves,,Iron Head,5.607
2019-11_gen6ou-0.json,Torterra,Moves,,Double-Edge,5.607
2019-11_gen6ou-0.json,Torterra,Moves,,Grass Knot,4.673
2019-11_gen6ou-0.json,Torterra,Moves,,Earth Power,4.673
2019-11_gen6ou-0.json,Torterra,Moves,,Solar Beam,4.673
2019-11_gen6ou-0.json,Torterra,Moves,,Rock Polish,3.738
2019-11_gen6ou-0.json,Torterra,Moves,,Substitute,3.738
2019-11_gen6ou-0.json,Torterra,Moves,,Razor Leaf,3.738
2019-11_gen6ou-0.json,Torterra,Moves,,Nothing,2.804
2019-11_gen6ou-0.json,Torterra,Moves,,Other,19.626
2019-11_gen6ou-0.json,Rhydon,Stats,Raw count,,102
2019-11_gen6ou-0.json,Rhydon,Stats,Avg. weight,,1.0
2019-11_gen6ou-0.json,Rhydon,Stats,Viability Ceiling,,62
2019-11_gen6ou-0.json,Rhydon,Stats,Impish,,3.922
2019-11_gen6ou-0.json,Rhydon,Stats,Adamant,,3.922
2019-11_gen6ou-0.json,Rhydon,Stats,Lax,,8.824
2019-11_gen6ou-0.json,Rhydon,Stats,Careful,,6.863
2019-11_gen6ou-0.json,Rhydon,Abilities,,Lightning Rod,60.784
2019-11_gen6ou-0.json,Rhydon,Abilities,,Reckless,23.529
2019-11_gen6ou-0.json,Rhydon,Abilities,,Rock Head,15.686
2019-11_gen6ou-0.json,Rhydon,Items,,Eviolite,64.706
2019-11_gen6ou-0.json,Rhydon,Items,,Leftovers,8.824
2019-11_gen6ou-0.json,Rhydon,Items,,Iapapa Berry,8.824
2019-11_gen6ou-0.json,Rhydon,Items,,Life Orb,5.882
2019-11_gen6ou-0.json,Rhydon,Items,,Assault Vest,4.902
2019-11_gen6ou-0.json,Rhydon,Items,,Diancite,2.941
2019-11_gen6ou-0.json,Rhydon,Items,,Other,3.922
2019-11_gen6ou-0.json,Rhydon,Spreads,,Other,20.588
2019-11_gen6ou-0.json,Rhydon,Moves,,Earthquake,86.275
2019-11_gen6ou-0.json,Rhydon,Moves,,Stealth Rock,40.196
2019-11_gen6ou-0.json,Rhydon,Moves,,Swords Dance,34.314
2019-11_gen6ou-0.json,Rhydon,Moves,,Stone Edge,31.373
2019-11_gen6ou-0.json,Rhydon,Moves,,Rock Blast,27.451
2019-11_gen6ou-0.json,Rhydon,Moves,,Double-Edge,22.549
2019-11_gen6ou-0.json,Rhydon,Moves,,Fire Punch,19.608
2019-11_gen6ou-0.json,Rhydon,Moves,,Drill Run,16.667
2019-11_gen6ou-0.json,Rhydon,Moves,,Dragon Tail,15.686
2019-11_gen6ou-0.json,Rhydon,Moves,,Take Down,9.804
2019-11_gen6ou-0.json,Rhydon,Moves,,Megahorn,8.824
2019-11_gen6ou-0.json,Rhydon,Moves,,Ancient Power,8.824
2019-11_gen6ou-0.json,Rhydon,Moves,,Rock Polish,8.824
2019-11_gen6ou-0.json,Rhydon,Moves,,Rock Tomb,7.843
2019-11_gen6ou-0.json,Rhydon,Moves,,Power-Up Punch,6.863
2019-11_gen6ou-0.json,Rhydon,Moves,,Scary Face,6.863
2019-11_gen6ou-0.json,Rhydon,Moves,,Ice Punch,5.882
2019-11_gen6ou-0.json,Rhydon,Moves,,Hammer Arm,4.902
2019-11_gen6ou-0.json,Rhydon,Moves,,Rest,3.922
2019-11_gen6ou-0.json,Rhydon,Moves,,Rock Slide,3.922
2019-11_gen6ou-0.json,Rhydon,Moves,,Sandstorm,3.922
2019-11_gen6ou-0.json,Rhydon,Moves,,Fire Blast,2.941
2019-11_gen6ou-0.json,Rhydon,Moves,,Dynamic Punch,2.941
2019-11_gen6ou-0.json,Rhydon,Moves,,Other,19.608
2019-11_gen6ou-0.json,Kecleon,Stats,Raw count,,96
2019-11_gen6ou-0.json,Kecleon,Stats,Avg. weight,,1.0
2019-11_gen6ou-0.json,Kecleon,Stats,Viability Ceiling,,69
2019-11_gen6ou-0.json,Kecleon,Stats,Adamant,,3.125
2019-11_gen6ou-0.json,Kecleon,Stats,Brave,,7.292
2019-11_gen6ou-0.json,Kecleon,Stats,Hardy,,3.125
2019-11_gen6ou-0.json,Kecleon,Abilities,,Protean,96.875
2019-11_gen6ou-0.json,Kecleon,Abilities,,Color Change,3.125
2019-11_gen6ou-0.json,Kecleon,Items,,Expert Belt,59.375
2019-11_gen6ou-0.json,Kecleon,Items,,Life Orb,23.958
2019-11_gen6ou-0.json,Kecleon,Items,,Focus Sash,10.417
2019-11_gen6ou-0.json,Kecleon,Items,,Leftovers,3.125
2019-11_gen6ou-0.json,Kecleon,Items,,Other,3.125
2019-11_gen6ou-0.json,Kecleon,Spreads,,Other,2.083
2019-11_gen6ou-0.json,Kecleon,Moves,,Drain Punch,64.583
2019-11_gen6ou-0.json,Kecleon,Moves,,Shadow Sneak,62.5
2019-11_gen6ou-0.json,Kecleon,Moves,,Fire Punch,62.5
2019-11_gen6ou-0.json,Kecleon,Moves,,Protect,59.375
2019-11_gen6ou-0.json,Kecleon,Moves,,Knock Off,35.417
2019-11_gen6ou-0.json,Kecleon,Moves,,Power-Up Punch,30.208
2019-11_gen6ou-0.json,Kecleon,Moves,,Trick Room,29.167
2019-11_gen6ou-0.json,Kecleon,Moves,,Facade,20.833
2019-11_gen6ou-0.json,Kecleon,Moves,,Stealth Rock,10.417
2019-11_gen6ou-0.json,Kecleon,Moves,,Sucker Punch,7.292
2019-11_gen6ou-0.json,Kecleon,Moves,,Other,17.708
2019-11_gen6ou-0.json,Camerupt-Mega,Stats,Raw count,,99
2019-11_gen6ou-0.json,Camerupt-Mega,Stats,Avg. weight,,1.0
2019-11_gen6ou-0.json,Camerupt-Mega,Stats,Viability Ceiling,,66
2019-11_gen6ou-0.json,Camerupt-Mega,Stats,Modest,,4.040
2019-11_gen6ou-0.json,Camerupt-Mega,Stats,Quiet,,11.111
2019-11_gen6ou-0.json,Camerupt-Mega,Stats,Hardy,,6.061
2019-11_gen6ou-0.json,Camerupt-Mega,Abilities,,Sheer Force,100.0
2019-11_gen6ou-0.json,Camerupt-Mega,Items,,Cameruptite,100.0
2019-11_gen6ou-0.json,Camerupt-Mega,Spreads,,Other,27.273
2019-11_gen6ou-0.json,Camerupt-Mega,Moves,,Earth Power,86.869
2019-11_gen6ou-0.json,Camerupt-Mega,Moves,,Fire Blast,70.707
2019-11_gen6ou-0.json,Camerupt-Mega,Moves,,Eruption,30.303
2019-11_gen6ou-0.json,Camerupt-Mega,Moves,,Earthquake,28.283
2019-11_gen6ou-0.json,Camerupt-Mega,Moves,,Explosion,26.263
2019-11_gen6ou-0.json,Camerupt-Mega,Moves,,Rock Slide,22.222
2019-11_gen6ou-0.json,Camerupt-Mega,Moves,,Stealth Rock,22.222
2019-11_gen6ou-0.json,Camerupt-Mega,Moves,,Flash Cannon,18.182
2019-11_gen6ou-0.json,Camerupt-Mega,Moves,,Ancient Power,17.172
2019-11_gen6ou-0.json,Camerupt-Mega,Moves,,Overheat,13.131
2019-11_gen6ou-0.json,Camerupt-Mega,Moves,,Flamethrower,10.101
2019-11_gen6ou-0.json,Camerupt-Mega,Moves,,Lava Plume,7.071
2019-11_gen6ou-0.json,Camerupt-Mega,Moves,,Double-Edge,6.061
2019-11_gen6ou-0.json,Camerupt-Mega,Moves,,Will-O-Wisp,5.051
2019-11_gen6ou-0.json,Camerupt-Mega,Moves,,Toxic,5.051
2019-11_gen6ou-0.json,Camerupt-Mega,Moves,,Hidden Power Ice,4.04
2019-11_gen6ou-0.json,Camerupt-Mega,Moves,,Iron Head,4.04
2019-11_gen6ou-0.json,Camerupt-Mega,Moves,,Sunny Day,4.04
2019-11_gen6ou-0.json,Camerupt-Mega,Moves,,Other,19.192
2019-11_gen6ou-0.json,Gogoat,Stats,Raw count,,98
2019-11_gen6ou-0.json,Gogoat,Stats,Avg. weight,,1.0
2019-11_gen6ou-0.json,Gogoat,Stats,Viability Ceiling,,55
2019-11_gen6ou-0.json,Gogoat,Stats,Careful,,39.796
2019-11_gen6ou-0.json,Gogoat,Stats,Adamant,,34.694
2019-11_gen6ou-0.json,Gogoat,Stats,Jolly,,3.061
2019-11_gen6ou-0.json,Gogoat,Stats,Hardy,,2.041
2019-11_gen6ou-0.json,Gogoat,Abilities,,Sap Sipper,100.0
2019-11_gen6ou-0.json,Gogoat,Items,,Leftovers,35.714
2019-11_gen6ou-0.json,Gogoat,Items,,Muscle Band,24.49
2019-11_gen6ou-0.json,Gogoat,Items,,Rocky Helmet,9.184
2019-11_gen6ou-0.json,Gogoat,Items,,King's Rock,9.184
2019-11_gen6ou-0.json,Gogoat,Items,,Nothing,8.163
2019-11_gen6ou-0.json,Gogoat,Items,,Life Orb,3.061
2019-11_gen6ou-0.json,Gogoat,Items,,Sitrus Berry,3.061
2019-11_gen6ou-0.json,Gogoat,Items,,Big Root,3.061
2019-11_gen6ou-0.json,Gogoat,Items,,Other,4.082
2019-11_gen6ou-0.json,Gogoat,Spreads,,Other,8.163
2019-11_gen6ou-0.json,Gogoat,Moves,,Horn Leech,88.776
2019-11_gen6ou-0.json,Gogoat,Moves,,Bulk Up,66.327
2019-11_gen6ou-0.json,Gogoat,Moves,,Milk Drink,58.163
2019-11_gen6ou-0.json,Gogoat,Moves,,Earthquake,38.776
2019-11_gen6ou-0.json,Gogoat,Moves,,Brick Break,35.714
2019-11_gen6ou-0.json,Gogoat,Moves,,Rock Slide,25.51
2019-11_gen6ou-0.json,Gogoat,Moves,,Iron Tail,25.51
2019-11_gen6ou-0.json,Gogoat,Moves,,Leech Seed,11.224
2019-11_gen6ou-0.json,Gogoat,Moves,,Aerial Ace,9.184
2019-11_gen6ou-0.json,Gogoat,Moves,,Double-Edge,8.163
2019-11_gen6ou-0.json,Gogoat,Moves,,Leaf Blade,6.122
2019-11_gen6ou-0.json,Gogoat,Moves,,Superpower,6.122
2019-11_gen6ou-0.json,Gogoat,Moves,,Energy Ball,4.082
2019-11_gen6ou-0.json,Gogoat,Moves,,Other,16.327
2019-11_gen6ou-0.json,Emboar,Stats,Raw count,,98
2019-11_gen6ou-0.json,Emboar,Stats,Avg. weight,,1.0
2019-11_gen6ou-0.json,Emboar,Stats,Viability Ceiling,,76
2019-11_gen6ou-0.json,Emboar,Stats,Adamant,,7.143
2019-11_gen6ou-0.json,Emboar,Stats,Hardy,,9.184
2019-11_gen6ou-0.json,Emboar,Stats,Jolly,,6.122
2019-11_gen6ou-0.json,Emboar,Abilities,,Reckless,52.041
2019-11_gen6ou-0.json,Emboar,Abilities,,Blaze,47.959
2019-11_gen6ou-0.json,Emboar,Items,,Leftovers,19.388
2019-11_gen6ou-0.json,Emboar,Items,,Assault Vest,18.367
2019-11_gen6ou-0.json,Emboar,Items,,Choice Band,18.367
2019-11_gen6ou-0.json,Emboar,Items,,Focus Sash,11.224
2019-11_gen6ou-0.json,Emboar,Items,,Life Orb,8.163
2019-11_gen6ou-0.json,Emboar,Items,,Quick Claw,7.143
2019-11_gen6ou-0.json,Emboar,Items,,Charcoal,6.122
2019-11_gen6ou-0.json,Emboar,Items,,Sitrus Berry,3.061
2019-11_gen6ou-0.json,Emboar,Items,,Shell Bell,3.061
2019-11_gen6ou-0.json,Emboar,Items,,Aguav Berry,2.041
2019-11_gen6ou-0.json,Emboar,Items,,Other,3.061
2019-11_gen6ou-0.json,Emboar,Spreads,,Other,37.755
2019-11_gen6ou-0.json,Emboar,Moves,,Flare Blitz,66.327
2019-11_gen6ou-0.json,Emboar,Moves,,Wild Charge,42.857
2019-11_gen6ou-0.json,Emboar,Moves,,Hammer Arm,39.796
2019-11_gen6ou-0.json,Emboar,Moves,,Head Smash,35.714
2019-11_gen6ou-0.json,Emboar,Moves,,Earthquake,31.633
2019-11_gen6ou-0.json,Emboar,Moves,,Sucker Punch,28.571
2019-11_gen6ou-0.json,Emboar,Moves,,Fire Punch,21.429
2019-11_gen6ou-0.json,Emboar,Moves,,Superpower,17.347
2019-11_gen6ou-0.json,Emboar,Moves,,Flamethrower,15.306
2019-11_gen6ou-0.json,Emboar,Moves,,Fire Blast,15.306
2019-11_gen6ou-0.json,Emboar,Moves,,Brick Break,9.184
2019-11_gen6ou-0.json,Emboar,Moves,,Scald,8.163
2019-11_gen6ou-0.json,Emboar,Moves,,Arm Thrust,7.143
2019-11_gen6ou-0.json,Emboar,Moves,,Power-Up Punch,7.143
2019-11_gen6ou-0.json,Emboar,Moves,,Bulk Up,7.143
2019-11_gen6ou-0.json,Emboar,Moves,,Flame Charge,7.143
2019-11_gen6ou-0.json,Emboar,Moves,,Thunder Punch,7.143
2019-11_gen6ou-0.json,Emboar,Moves,,Hidden Power Electric,6.122
2019-11_gen6ou-0.json,Emboar,Moves,,Body Slam,5.102
2019-11_gen6ou-0.json,Emboar,Moves,,Poison Jab,4.082
2019-11_gen6ou-0.json,Emboar,Moves,,Other,17.347
2019-11_gen6ou-0.json,Ampharos,Stats,Raw count,,94
2019-11_gen6ou-0.json,Ampharos,Stats,Avg. weight,,1.0
2019-11_gen6ou-0.json,Ampharos,Stats,Viability Ceiling,,74
2019-11_gen6ou-0.json,Ampharos,Stats,Calm,,24.468
2019-11_gen6ou-0.json,Ampharos,Stats,Modest,,14.894
2019-11_gen6ou-0.json,Ampharos,Stats,Bold,,6.383
2019-11_gen6ou-0.json,Ampharos,Stats,Hardy,,6.383
2019-11_gen6ou-0.json,Ampharos,Stats,Mild,,4.255
2019-11_gen6ou-0.json,Ampharos,Stats,Adamant,,4.255
2019-11_gen6ou-0.json,Ampharos,Abilities,,Static,98.936
2019-11_gen6ou-0.json,Ampharos,Abilities,,Plus,1.064
2019-11_gen6ou-0.json,Ampharos,Items,,Leftovers,43.617
2019-11_gen6ou-0.json,Ampharos,Items,,Nothing,18.085
2019-11_gen6ou-0.json,Ampharos,Items,,Assault Vest,8.511
2019-11_gen6ou-0.json,Ampharos,Items,,Chesto Berry,6.383
2019-11_gen6ou-0.json,Ampharos,Items,,Light Clay,4.255
2019-11_gen6ou-0.json,Ampharos,Items,,Thunder Stone,3.191
2019-11_gen6ou-0.json,Ampharos,Items,,Focus Sash,3.191
2019-11_gen6ou-0.json,Ampharos,Items,,Choice Specs,2.128
2019-11_gen6ou-0.json,Ampharos,Items,,Rocky Helmet,2.128
2019-11_gen6ou-0.json,Ampharos,Items,,Magnet,2.128
2019-11_gen6ou-0.json,Ampharos,Items,,Cell Battery,2.128
2019-11_gen6ou-0.json,Ampharos,Items,,Other,4.255
2019-11_gen6ou-0.json,Ampharos,Spreads,,Other,39.362
2019-11_gen6ou-0.json,Ampharos,Moves,,Dragon Pulse,54.255
2019-11_gen6ou-0.json,Ampharos,Moves,,Focus Blast,41.489
2019-11_gen6ou-0.json,Ampharos,Moves,,Discharge,39.362
2019-11_gen6ou-0.json,Ampharos,Moves,,Power Gem,38.298
2019-11_gen6ou-0.json,Ampharos,Moves,,Thunderbolt,37.234
2019-11_gen6ou-0.json,Ampharos,Moves,,Signal Beam,22.34
2019-11_gen6ou-0.json,Ampharos,Moves,,Cotton Guard,19.149
2019-11_gen6ou-0.json,Ampharos,Moves,,Thunder Punch,12.766
2019-11_gen6ou-0.json,Ampharos,Moves,,Outrage,11.702
2019-11_gen6ou-0.json,Ampharos,Moves,,Substitute,10.638
2019-11_gen6ou-0.json,Ampharos,Moves,,Thunder Wave,9.574
2019-11_gen6ou-0.json,Ampharos,Moves,,Volt Switch,9.574
2019-11_gen6ou-0.json,Ampharos,Moves,,Focus Punch,8.511
2019-11_gen6ou-0.json,Ampharos,Moves,,Rest,7.447
2019-11_gen6ou-0.json,Ampharos,Moves,,Reflect,7.447
2019-11_gen6ou-0.json,Ampharos,Moves,,Thunder,6.383
2019-11_gen6ou-0.json,Ampharos,Moves,,Agility,6.383
2019-11_gen6ou-0.json,Ampharos,Moves,,Light Screen,5.319
2019-11_gen6ou-0.json,Ampharos,Moves,,Toxic,5.319
2019-11_gen6ou-0.json,Ampharos,Moves,,Brick Break,4.255
2019-11_gen6ou-0.json,Ampharos,Moves,,Seismic Toss,4.255
2019-11_gen6ou-0.json,Ampharos,Moves,,Iron Tail,4.255
2019-11_gen6ou-0.json,Ampharos,Moves,,Fire Punch,3.191
2019-11_gen6ou-0.json,Ampharos,Moves,,Heal Bell,3.191
2019-11_gen6ou-0.json,Ampharos,Moves,,Double-Edge,3.191
2019-11_gen6ou-0.json,Ampharos,Moves,,Charge Beam,2.128
2019-11_gen6ou-0.json,Ampharos,Moves,,Hidden Power Fire,2.128
2019-11_gen6ou-0.json,Ampharos,Moves,,Hidden Power Fighting,2.128
2019-11_gen6ou-0.json,Ampharos,Moves,,Other,18.085
2019-11_gen6ou-0.json,Dugtrio,Stats,Raw count,,91
2019-11_gen6ou-0.json,Dugtrio,Stats,Avg. weight,,1.0
2019-11_gen6ou-0.json,Dugtrio,Stats,Viability Ceiling,,63
2019-11_gen6ou-0.json,Dugtrio,Stats,Jolly,,9.890
2019-11_gen6ou-0.json,Dugtrio,Stats,Careful,,7.692
2019-11_gen6ou-0.json,Dugtrio,Stats,Hasty,,4.396
2019-11_gen6ou-0.json,Dugtrio,Stats,Hardy,,4.396
2019-11_gen6ou-0.json,Dugtrio,Abilities,,Sand Force,51.648
2019-11_gen6ou-0.json,Dugtrio,Abilities,,Sand Veil,48.352
2019-11_gen6ou-0.json,Dugtrio,Items,,Focus Sash,39.56
2019-11_gen6ou-0.json,Dugtrio,Items,,Choice Band,12.088
2019-11_gen6ou-0.json,Dugtrio,Items,,Life Orb,8.791
2019-11_gen6ou-0.json,Dugtrio,Items,,Assault Vest,7.692
2019-11_gen6ou-0.json,Dugtrio,Items,,Lum Berry,6.593
2019-11_gen6ou-0.json,Dugtrio,Items,,Leftovers,5.495
2019-11_gen6ou-0.json,Dugtrio,Items,,Nothing,5.495
2019-11_gen6ou-0.json,Dugtrio,Items,,Sitrus Berry,4.396
2019-11_gen6ou-0.json,Dugtrio,Items,,Air Balloon,3.297
2019-11_gen6ou-0.json,Dugtrio,Items,,Smooth Rock,2.198
2019-11_gen6ou-0.json,Dugtrio,Items,,Other,4.396
2019-11_gen6ou-0.json,Dugtrio,Spreads,,Other,39.56
2019-11_gen6ou-0.json,Dugtrio,Moves,,Earthquake,76.923
2019-11_gen6ou-0.json,Dugtrio,Moves,,Stealth Rock,50.549
2019-11_gen6ou-0.json,Dugtrio,Moves,,Memento,36.264
2019-11_gen6ou-0.json,Dugtrio,Moves,,Stone Edge,31.868
2019-11_gen6ou-0.json,Dugtrio,Moves,,Rock Slide,24.176
2019-11_gen6ou-0.json,Dugtrio,Moves,,Sucker Punch,23.077
2019-11_gen6ou-0.json,Dugtrio,Moves,,Earth Power,19.78
2019-11_gen6ou-0.json,Dugtrio,Moves,,Dig,15.385
2019-11_gen6ou-0.json,Dugtrio,Moves,,Toxic,12.088
2019-11_gen6ou-0.json,Dugtrio,Moves,,Double-Edge,9.89
2019-11_gen6ou-0.json,Dugtrio,Moves,,Shadow Claw,7.692
2019-11_gen6ou-0.json,Dugtrio,Moves,,Rototiller,6.593
2019-11_gen6ou-0.json,Dugtrio,Moves,,Sand Attack,6.593
2019-11_gen6ou-0.json,Dugtrio,Moves,,Aerial Ace,6.593
2019-11_gen6ou-0.json,Dugtrio,Moves,,Tri Attack,6.593
2019-11_gen6ou-0.json,Dugtrio,Moves,,Protect,5.495
2019-11_gen6ou-0.json,Dugtrio,Moves,,Sludge Wave,5.495
2019-11_gen6ou-0.json,Dugtrio,Moves,,Hidden Power Fighting,4.396
2019-11_gen6ou-0.json,Dugtrio,Moves,,Body Slam,4.396
2019-11_gen6ou-0.json,Dugtrio,Moves,,Final Gambit,4.396
2019-11_gen6ou-0.json,Dugtrio,Moves,,Sandstorm,4.396
2019-11_gen6ou-0.json,Dugtrio,Moves,,Rest,3.297
2019-11_gen6ou-0.json,Dugtrio,Moves,,Hidden Power Electric,3.297
2019-11_gen6ou-0.json,Dugtrio,Moves,,Substitute,3.297
2019-11_gen6ou-0.json,Dugtrio,Moves,,Return,3.297
2019-11_gen6ou-0.json,Dugtrio,Moves,,Magnitude,3.297
2019-11_gen6ou-0.json,Dugtrio,Moves,,Sludge Bomb,2.198
2019-11_gen6ou-0.json,Dugtrio,Moves,,Other,18.681
2019-11_gen6ou-0.json,Exploud,Stats,Raw count,,88
2019-11_gen6ou-0.json,Exploud,Stats,Avg. weight,,1.0
2019-11_gen6ou-0.json,Exploud,Stats,Viability Ceiling,,74
2019-11_gen6ou-0.json,Exploud,Stats,Modest,,10.227
2019-11_gen6ou-0.json,Exploud,Stats,Lonely,,7.955
2019-11_gen6ou-0.json,Exploud,Stats,Adamant,,2.273
2019-11_gen6ou-0.json,Exploud,Stats,Timid,,2.273
2019-11_gen6ou-0.json,Exploud,Abilities,,Scrappy,75.0
2019-11_gen6ou-0.json,Exploud,Abilities,,Soundproof,25.0
2019-11_gen6ou-0.json,Exploud,Items,,Choice Specs,63.636
2019-11_gen6ou-0.json,Exploud,Items,,Assault Vest,9.091
2019-11_gen6ou-0.json,Exploud,Items,,Nothing,7.955
2019-11_gen6ou-0.json,Exploud,Items,,Metronome,5.682
2019-11_gen6ou-0.json,Exploud,Items,,Sitrus Berry,4.545
2019-11_gen6ou-0.json,Exploud,Items,,Leftovers,3.409
2019-11_gen6ou-0.json,Exploud,Items,,Silk Scarf,3.409
2019-11_gen6ou-0.json,Exploud,Items,,Other,2.273
2019-11_gen6ou-0.json,Exploud,Spreads,,Other,4.545
2019-11_gen6ou-0.json,Exploud,Moves,,Boomburst,82.955
2019-11_gen6ou-0.json,Exploud,Moves,,Focus Blast,65.909
2019-11_gen6ou-0.json,Exploud,Moves,,Ice Beam,60.227
2019-11_gen6ou-0.json,Exploud,Moves,,Fire Blast,60.227
2019-11_gen6ou-0.json,Exploud,Moves,,Shadow Ball,19.318
2019-11_gen6ou-0.json,Exploud,Moves,,Extrasensory,15.909
2019-11_gen6ou-0.json,Exploud,Moves,,Blizzard,13.636
2019-11_gen6ou-0.json,Exploud,Moves,,Flamethrower,11.364
2019-11_gen6ou-0.json,Exploud,Moves,,Ice Fang,7.955
2019-11_gen6ou-0.json,Exploud,Moves,,Fire Fang,7.955
2019-11_gen6ou-0.json,Exploud,Moves,,Thunder Fang,6.818
2019-11_gen6ou-0.json,Exploud,Moves,,Overheat,6.818
2019-11_gen6ou-0.json,Exploud,Moves,,Power-Up Punch,4.545
2019-11_gen6ou-0.json,Exploud,Moves,,Fake Tears,4.545
2019-11_gen6ou-0.json,Exploud,Moves,,Ice Punch,4.545
2019-11_gen6ou-0.json,Exploud,Moves,,Body Slam,4.545
2019-11_gen6ou-0.json,Exploud,Moves,,Smelling Salts,4.545
2019-11_gen6ou-0.json,Exploud,Moves,,Other,18.182
2019-11_gen6ou-0.json,Ambipom,Stats,Raw count,,95
2019-11_gen6ou-0.json,Ambipom,Stats,Avg. weight,,1.0
2019-11_gen6ou-0.json,Ambipom,Stats,Viability Ceiling,,68
2019-11_gen6ou-0.json,Ambipom,Stats,Jolly,,9.474
2019-11_gen6ou-0.json,Ambipom,Stats,Adamant,,5.263
2019-11_gen6ou-0.json,Ambipom,Stats,Impish,,7.368
2019-11_gen6ou-0.json,Ambipom,Abilities,,Technician,95.789
2019-11_gen6ou-0.json,Ambipom,Abilities,,Skill Link,4.211
2019-11_gen6ou-0.json,Ambipom,Items,,Life Orb,45.263
2019-11_gen6ou-0.json,Ambipom,Items,,Choice Band,12.632
2019-11_gen6ou-0.json,Ambipom,Items,,Sitrus Berry,10.526
2019-11_gen6ou-0.json,Ambipom,Items,,Leftovers,8.421
2019-11_gen6ou-0.json,Ambipom,Items,,Silk Scarf,8.421
2019-11_gen6ou-0.json,Ambipom,Items,,King's Rock,8.421
2019-11_gen6ou-0.json,Ambipom,Items,,Focus Sash,4.211
2019-11_gen6ou-0.json,Ambipom,Items,,Other,2.105
2019-11_gen6ou-0.json,Ambipom,Spreads,,Other,10.526
2019-11_gen6ou-0.json,Ambipom,Moves,,Fake Out,83.158
2019-11_gen6ou-0.json,Ambipom,Moves,,Double Hit,38.947
2019-11_gen6ou-0.json,Ambipom,Moves,,Knock Off,34.737
2019-11_gen6ou-0.json,Ambipom,Moves,,Nothing,33.684
2019-11_gen6ou-0.json,Ambipom,Moves,,Power-Up Punch,33.684
2019-11_gen6ou-0.json,Ambipom,Moves,,U-turn,29.474
2019-11_gen6ou-0.json,Ambipom,Moves,,Acrobatics,18.947
2019-11_gen6ou-0.json,Ambipom,Moves,,Last Resort,17.895
2019-11_gen6ou-0.json,Ambipom,Moves,,Gunk Shot,17.895
2019-11_gen6ou-0.json,Ambipom,Moves,,Low Kick,11.579
2019-11_gen6ou-0.json,Ambipom,Moves,,Switcheroo,11.579
2019-11_gen6ou-0.json,Ambipom,Moves,,Return,11.579
2019-11_gen6ou-0.json,Ambipom,Moves,,Covet,9.474
2019-11_gen6ou-0.json,Ambipom,Moves,,Fling,8.421
2019-11_gen6ou-0.json,Ambipom,Moves,,Ice Punch,7.368
2019-11_gen6ou-0.json,Ambipom,Moves,,Fire Punch,6.316
2019-11_gen6ou-0.json,Ambipom,Moves,,Brick Break,3.158
2019-11_gen6ou-0.json,Ambipom,Moves,,Aerial Ace,3.158
2019-11_gen6ou-0.json,Ambipom,Moves,,Other,18.947
2019-11_gen6ou-0.json,Heracross,Stats,Raw count,,86
2019-11_gen6ou-0.json,Heracross,Stats,Avg. weight,,1.0
2019-11_gen6ou-0.json,Heracross,Stats,Viability Ceiling,,83
2019-11_gen6ou-0.json,Heracross,Stats,Jolly,,3.488
2019-11_gen6ou-0.json,Heracross,Stats,Hardy,,3.488
2019-11_gen6ou-0.json,Heracross,Stats,Adamant,,4.651
2019-11_gen6ou-0.json,Heracross,Abilities,,Moxie,47.674
2019-11_gen6ou-0.json,Heracross,Abilities,,Guts,27.907
2019-11_gen6ou-0.json,Heracross,Abilities,,Swarm,24.419
2019-11_gen6ou-0.json,Heracross,Items,,Choice Scarf,27.907
2019-11_gen6ou-0.json,Heracross,Items,,Flame Orb,16.279
2019-11_gen6ou-0.json,Heracross,Items,,Focus Sash,11.628
2019-11_gen6ou-0.json,Heracross,Items,,Aguav Berry,9.302
2019-11_gen6ou-0.json,Heracross,Items,,Choice Band,6.977
2019-11_gen6ou-0.json,Heracross,Items,,Life Orb,5.814
2019-11_gen6ou-0.json,Heracross,Items,,Fist Plate,4.651
2019-11_gen6ou-0.json,Heracross,Items,,Nothing,4.651
2019-11_gen6ou-0.json,Heracross,Items,,Assault Vest,3.488
2019-11_gen6ou-0.json,Heracross,Items,,Leftovers,3.488
2019-11_gen6ou-0.json,Heracross,Items,,Quick Claw,3.488
2019-11_gen6ou-0.json,Heracross,Items,,Other,2.326
2019-11_gen6ou-0.json,Heracross,Spreads,,Other,27.907
2019-11_gen6ou-0.json,Heracross,Moves,,Megahorn,86.047
2019-11_gen6ou-0.json,Heracross,Moves,,Close Combat,67.442
2019-11_gen6ou-0.json,Heracross,Moves,,Earthquake,44.186
2019-11_gen6ou-0.json,Heracross,Moves,,Stone Edge,36.047
2019-11_gen6ou-0.json,Heracross,Moves,,Knock Off,33.721
2019-11_gen6ou-0.json,Heracross,Moves,,Brick Break,23.256
2019-11_gen6ou-0.json,Heracross,Moves,,Swords Dance,17.442
2019-11_gen6ou-0.json,Heracross,Moves,,Rock Slide,17.442
2019-11_gen6ou-0.json,Heracross,Moves,,Bulk Up,12.791
2019-11_gen6ou-0.json,Heracross,Moves,,Night Slash,6.977
2019-11_gen6ou-0.json,Heracross,Moves,,Fling,5.814
2019-11_gen6ou-0.json,Heracross,Moves,,Seismic Toss,5.814
2019-11_gen6ou-0.json,Heracross,Moves,,Focus Punch,4.651
2019-11_gen6ou-0.json,Heracross,Moves,,Bullet Seed,4.651
2019-11_gen6ou-0.json,Heracross,Moves,,Facade,3.488
2019-11_gen6ou-0.json,Heracross,Moves,,Toxic,3.488
2019-11_gen6ou-0.json,Heracross,Moves,,Return,3.488
2019-11_gen6ou-0.json,Heracross,Moves,,Focus Blast,3.488
2019-11_gen6ou-0.json,Heracross,Moves,,Other,19.767
2019-11_gen6ou-0.json,Steelix-Mega,Stats,Raw count,,85
2019-11_gen6ou-0.json,Steelix-Mega,Stats,Avg. weight,,1.0
2019-11_gen6ou-0.json,Steelix-Mega,Stats,Viability Ceiling,,66
2019-11_gen6ou-0.json,Steelix-Mega,Stats,Hardy,,4.706
2019-11_gen6ou-0.json,Steelix-Mega,Stats,Adamant,,7.059
2019-11_gen6ou-0.json,Steelix-Mega,Stats,Careful,,4.706
2019-11_gen6ou-0.json,Steelix-Mega,Stats,Naive,,3.529
2019-11_gen6ou-0.json,Steelix-Mega,Abilities,,Sand Force,100.0
2019-11_gen6ou-0.json,Steelix-Mega,Items,,Steelixite,100.0
2019-11_gen6ou-0.json,Steelix-Mega,Spreads,,Other,56.471
2019-11_gen6ou-0.json,Steelix-Mega,Moves,,Earthquake,50.588
2019-11_gen6ou-0.json,Steelix-Mega,Moves,,Flash Cannon,29.412
2019-11_gen6ou-0.json,Steelix-Mega,Moves,,Dragon Pulse,28.235
2019-11_gen6ou-0.json,Steelix-Mega,Moves,,Gyro Ball,28.235
2019-11_gen6ou-0.json,Steelix-Mega,Moves,,Dragon Tail,23.529
2019-11_gen6ou-0.json,Steelix-Mega,Moves,,Aqua Tail,21.176
2019-11_gen6ou-0.json,Steelix-Mega,Moves,,Iron Head,21.176
2019-11_gen6ou-0.json,Steelix-Mega,Moves,,Dark Pulse,21.176
2019-11_gen6ou-0.json,Steelix-Mega,Moves,,Heavy Slam,20.0
2019-11_gen6ou-0.json,Steelix-Mega,Moves,,Stone Edge,20.0
2019-11_gen6ou-0.json,Steelix-Mega,Moves,,Stealth Rock,17.647
2019-11_gen6ou-0.json,Steelix-Mega,Moves,,Crunch,11.765
2019-11_gen6ou-0.json,Steelix-Mega,Moves,,Toxic,10.588
2019-11_gen6ou-0.json,Steelix-Mega,Moves,,Iron Tail,9.412
2019-11_gen6ou-0.json,Steelix-Mega,Moves,,Fire Fang,9.412
2019-11_gen6ou-0.json,Steelix-Mega,Moves,,Rock Slide,8.235
2019-11_gen6ou-0.json,Steelix-Mega,Moves,,Rest,7.059
2019-11_gen6ou-0.json,Steelix-Mega,Moves,,Sleep Talk,7.059
2019-11_gen6ou-0.json,Steelix-Mega,Moves,,Double-Edge,5.882
2019-11_gen6ou-0.json,Steelix-Mega,Moves,,Rock Polish,4.706
2019-11_gen6ou-0.json,Steelix-Mega,Moves,,Ice Fang,4.706
2019-11_gen6ou-0.json,Steelix-Mega,Moves,,Autotomize,4.706
2019-11_gen6ou-0.json,Steelix-Mega,Moves,,Body Slam,3.529
2019-11_gen6ou-0.json,Steelix-Mega,Moves,,Roar,3.529
2019-11_gen6ou-0.json,Steelix-Mega,Moves,,Defense Curl,3.529
2019-11_gen6ou-0.json,Steelix-Mega,Moves,,Return,2.353
2019-11_gen6ou-0.json,Steelix-Mega,Moves,,Curse,2.353
2019-11_gen6ou-0.json,Steelix-Mega,Moves,,Earth Power,2.353
2019-11_gen6ou-0.json,Steelix-Mega,Moves,,Other,17.647
2019-11_gen6ou-0.json,Absol,Stats,Raw count,,96
2019-11_gen6ou-0.json,Absol,Stats,Avg. weight,,1.0
2019-11_gen6ou-0.json,Absol,Stats,Viability Ceiling,,55
2019-11_gen6ou-0.json,Absol,Stats,Jolly,,22.917
2019-11_gen6ou-0.json,Absol,Stats,Relaxed,,22.917
2019-11_gen6ou-0.json,Absol,Stats,Adamant,,14.583
2019-11_gen6ou-0.json,Absol,Stats,Hasty,,4.167
2019-11_gen6ou-0.json,Absol,Stats,Hardy,,4.167
2019-11_gen6ou-0.json,Absol,Stats,Lonely,,4.167
2019-11_gen6ou-0.json,Absol,Abilities,,Super Luck,51.042
2019-11_gen6ou-0.json,Absol,Abilities,,Pressure,33.333
2019-11_gen6ou-0.json,Absol,Abilities,,Justified,15.625
2019-11_gen6ou-0.json,Absol,Items,,Leftovers,22.917
2019-11_gen6ou-0.json,Absol,Items,,Focus Sash,17.708
2019-11_gen6ou-0.json,Absol,Items,,Scope Lens,15.625
2019-11_gen6ou-0.json,Absol,Items,,Life Orb,10.417
2019-11_gen6ou-0.json,Absol,Items,,Razor Claw,9.375
2019-11_gen6ou-0.json,Absol,Items,,Nothing,7.292
2019-11_gen6ou-0.json,Absol,Items,,Choice Scarf,6.25
2019-11_gen6ou-0.json,Absol,Items,,Sitrus Berry,4.167
2019-11_gen6ou-0.json,Absol,Items,,Jaw Fossil,3.125
2019-11_gen6ou-0.json,Absol,Items,,Other,3.125
2019-11_gen6ou-0.json,Absol,Spreads,,Other,27.083
2019-11_gen6ou-0.json,Absol,Moves,,Psycho Cut,47.917
2019-11_gen6ou-0.json,Absol,Moves,,Swords Dance,46.875
2019-11_gen6ou-0.json,Absol,Moves,,Sucker Punch,40.625
2019-11_gen6ou-0.json,Absol,Moves,,Megahorn,36.458
2019-11_gen6ou-0.json,Absol,Moves,,Dark Pulse,35.417
2019-11_gen6ou-0.json,Absol,Moves,,Play Rough,30.208
2019-11_gen6ou-0.json,Absol,Moves,,Aerial Ace,22.917
2019-11_gen6ou-0.json,Absol,Moves,,Substitute,15.625
2019-11_gen6ou-0.json,Absol,Moves,,Feint Attack,14.583
2019-11_gen6ou-0.json,Absol,Moves,,Night Slash,14.583
2019-11_gen6ou-0.json,Absol,Moves,,Knock Off,11.458
2019-11_gen6ou-0.json,Absol,Moves,,Ice Beam,8.333
2019-11_gen6ou-0.json,Absol,Moves,,Shadow Ball,8.333
2019-11_gen6ou-0.json,Absol,Moves,,Body Slam,6.25
2019-11_gen6ou-0.json,Absol,Moves,,Thunderbolt,5.208
2019-11_gen6ou-0.json,Absol,Moves,,Foul Play,4.167
2019-11_gen6ou-0.json,Absol,Moves,,Giga Impact,4.167
2019-11_gen6ou-0.json,Absol,Moves,,Hone Claws,4.167
2019-11_gen6ou-0.json,Absol,Moves,,Double-Edge,4.167
2019-11_gen6ou-0.json,Absol,Moves,,Hidden Power Steel,3.125
2019-11_gen6ou-0.json,Absol,Moves,,Detect,3.125
2019-11_gen6ou-0.json,Absol,Moves,,Bite,3.125
2019-11_gen6ou-0.json,Absol,Moves,,Fire Blast,3.125
2019-11_gen6ou-0.json,Absol,Moves,,Shock Wave,3.125
2019-11_gen6ou-0.json,Absol,Moves,,Stone Edge,3.125
2019-11_gen6ou-0.json,Absol,Moves,,Other,19.792
2019-11_gen6ou-0.json,Druddigon,Stats,Raw count,,87
2019-11_gen6ou-0.json,Druddigon,Stats,Avg. weight,,1.0
2019-11_gen6ou-0.json,Druddigon,Stats,Viability Ceiling,,58
2019-11_gen6ou-0.json,Druddigon,Stats,Adamant,,20.690
2019-11_gen6ou-0.json,Druddigon,Stats,Careful,,21.839
2019-11_gen6ou-0.json,Druddigon,Stats,Impish,,4.598
2019-11_gen6ou-0.json,Druddigon,Stats,Jolly,,3.448
2019-11_gen6ou-0.json,Druddigon,Abilities,,Rough Skin,89.655
2019-11_gen6ou-0.json,Druddigon,Abilities,,Mold Breaker,9.195
2019-11_gen6ou-0.json,Druddigon,Abilities,,Sheer Force,1.149
2019-11_gen6ou-0.json,Druddigon,Items,,Leftovers,41.379
2019-11_gen6ou-0.json,Druddigon,Items,,Rocky Helmet,34.483
2019-11_gen6ou-0.json,Druddigon,Items,,Assault Vest,11.494
2019-11_gen6ou-0.json,Druddigon,Items,,Mental Herb,6.897
2019-11_gen6ou-0.json,Druddigon,Items,,Life Orb,2.299
2019-11_gen6ou-0.json,Druddigon,Items,,Other,3.448
2019-11_gen6ou-0.json,Druddigon,Spreads,,Other,10.345
2019-11_gen6ou-0.json,Druddigon,Moves,,Gunk Shot,62.069
2019-11_gen6ou-0.json,Druddigon,Moves,,Sucker Punch,60.92
2019-11_gen6ou-0.json,Druddigon,Moves,,Fire Punch,51.724
2019-11_gen6ou-0.json,Druddigon,Moves,,Dragon Claw,49.425
2019-11_gen6ou-0.json,Druddigon,Moves,,Stealth Rock,41.379
2019-11_gen6ou-0.json,Druddigon,Moves,,Dragon Tail,40.23
2019-11_gen6ou-0.json,Druddigon,Moves,,Glare,36.782
2019-11_gen6ou-0.json,Druddigon,Moves,,Power-Up Punch,12.644
2019-11_gen6ou-0.json,Druddigon,Moves,,Taunt,6.897
2019-11_gen6ou-0.json,Druddigon,Moves,,Toxic,4.598
2019-11_gen6ou-0.json,Druddigon,Moves,,Earthquake,4.598
2019-11_gen6ou-0.json,Druddigon,Moves,,Roar,4.598
2019-11_gen6ou-0.json,Druddigon,Moves,,Hone Claws,3.448
2019-11_gen6ou-0.json,Druddigon,Moves,,Thunder Fang,3.448
2019-11_gen6ou-0.json,Druddigon,Moves,,Other,17.241
2019-11_gen6ou-0.json,Walrein,Stats,Raw count,,88
2019-11_gen6ou-0.json,Walrein,Stats,Avg. weight,,1.0
2019-11_gen6ou-0.json,Walrein,Stats,Viability Ceiling,,56
2019-11_gen6ou-0.json,Walrein,Stats,Modest,,7.955
2019-11_gen6ou-0.json,Walrein,Stats,Hardy,,6.818
2019-11_gen6ou-0.json,Walrein,Stats,Calm,,6.818
2019-11_gen6ou-0.json,Walrein,Abilities,,Thick Fat,62.5
2019-11_gen6ou-0.json,Walrein,Abilities,,Ice Body,37.5
2019-11_gen6ou-0.json,Walrein,Items,,Leftovers,55.682
2019-11_gen6ou-0.json,Walrein,Items,,Chesto Berry,18.182
2019-11_gen6ou-0.json,Walrein,Items,,Nothing,7.955
2019-11_gen6ou-0.json,Walrein,Items,,Assault Vest,4.545
2019-11_gen6ou-0.json,Walrein,Items,,Never-Melt Ice,4.545
2019-11_gen6ou-0.json,Walrein,Items,,Quick Claw,3.409
2019-11_gen6ou-0.json,Walrein,Items,,Mystic Water,2.273
2019-11_gen6ou-0.json,Walrein,Items,,Other,3.409
2019-11_gen6ou-0.json,Walrein,Spreads,,Other,35.227
2019-11_gen6ou-0.json,Walrein,Moves,,Ice Beam,65.909
2019-11_gen6ou-0.json,Walrein,Moves,,Surf,54.545
2019-11_gen6ou-0.json,Walrein,Moves,,Aqua Tail,31.818
2019-11_gen6ou-0.json,Walrein,Moves,,Hail,27.273
2019-11_gen6ou-0.json,Walrein,Moves,,Icy Wind,26.136
2019-11_gen6ou-0.json,Walrein,Moves,,Aqua Ring,23.864
2019-11_gen6ou-0.json,Walrein,Moves,,Rest,21.591
2019-11_gen6ou-0.json,Walrein,Moves,,Stockpile,18.182
2019-11_gen6ou-0.json,Walrein,Moves,,Brine,17.045
2019-11_gen6ou-0.json,Walrein,Moves,,Super Fang,17.045
2019-11_gen6ou-0.json,Walrein,Moves,,Toxic,13.636
2019-11_gen6ou-0.json,Walrein,Moves,,Avalanche,12.5
2019-11_gen6ou-0.json,Walrein,Moves,,Earthquake,9.091
2019-11_gen6ou-0.json,Walrein,Moves,,Hidden Power Psychic,7.955
2019-11_gen6ou-0.json,Walrein,Moves,,Signal Beam,7.955
2019-11_gen6ou-0.json,Walrein,Moves,,Protect,7.955
2019-11_gen6ou-0.json,Walrein,Moves,,Body Slam,6.818
2019-11_gen6ou-0.json,Walrein,Moves,,Ice Fang,5.682
2019-11_gen6ou-0.json,Walrein,Moves,,Crunch,4.545
2019-11_gen6ou-0.json,Walrein,Moves,,Blizzard,3.409
2019-11_gen6ou-0.json,Walrein,Moves,,Other,17.045
2019-11_gen6ou-0.json,Kangaskhan,Stats,Raw count,,81
2019-11_gen6ou-0.json,Kangaskhan,Stats,Avg. weight,,1.0
2019-11_gen6ou-0.json,Kangaskhan,Stats,Viability Ceiling,,50
2019-11_gen6ou-0.json,Kangaskhan,Stats,Adamant,,11.111
2019-11_gen6ou-0.json,Kangaskhan,Stats,Impish,,29.630
2019-11_gen6ou-0.json,Kangaskhan,Stats,Hardy,,17.284
2019-11_gen6ou-0.json,Kangaskhan,Abilities,,Early Bird,54.321
2019-11_gen6ou-0.json,Kangaskhan,Abilities,,Scrappy,45.679
2019-11_gen6ou-0.json,Kangaskhan,Items,,Leftovers,93.827
2019-11_gen6ou-0.json,Kangaskhan,Items,,Choice Band,4.938
2019-11_gen6ou-0.json,Kangaskhan,Items,,Other,1.235
2019-11_gen6ou-0.json,Kangaskhan,Spreads,,Other,4.938
2019-11_gen6ou-0.json,Kangaskhan,Moves,,Fire Punch,90.123
2019-11_gen6ou-0.json,Kangaskhan,Moves,,Double-Edge,80.247
2019-11_gen6ou-0.json,Kangaskhan,Moves,,Earthquake,77.778
2019-11_gen6ou-0.json,Kangaskhan,Moves,,Rest,49.383
2019-11_gen6ou-0.json,Kangaskhan,Moves,,Drain Punch,27.16
2019-11_gen6ou-0.json,Kangaskhan,Moves,,Ice Punch,22.222
2019-11_gen6ou-0.json,Kangaskhan,Moves,,Return,18.519
2019-11_gen6ou-0.json,Kangaskhan,Moves,,Thunder Punch,17.284
2019-11_gen6ou-0.json,Kangaskhan,Moves,,Other,17.284
2019-11_gen6ou-0.json,Hariyama,Stats,Raw count,,82
2019-11_gen6ou-0.json,Hariyama,Stats,Avg. weight,,1.0
2019-11_gen6ou-0.json,Hariyama,Stats,Viability Ceiling,,67
2019-11_gen6ou-0.json,Hariyama,Stats,Adamant,,4.878
2019-11_gen6ou-0.json,Hariyama,Stats,Hardy,,10.976
2019-11_gen6ou-0.json,Hariyama,Stats,Careful,,7.317
2019-11_gen6ou-0.json,Hariyama,Abilities,,Thick Fat,62.195
2019-11_gen6ou-0.json,Hariyama,Abilities,,Sheer Force,19.512
2019-11_gen6ou-0.json,Hariyama,Abilities,,Guts,18.293
2019-11_gen6ou-0.json,Hariyama,Items,,Assault Vest,21.951
2019-11_gen6ou-0.json,Hariyama,Items,,Life Orb,21.951
2019-11_gen6ou-0.json,Hariyama,Items,,Nothing,19.512
2019-11_gen6ou-0.json,Hariyama,Items,,Sitrus Berry,12.195
2019-11_gen6ou-0.json,Hariyama,Items,,Fist Plate,8.537
2019-11_gen6ou-0.json,Hariyama,Items,,Flame Orb,7.317
2019-11_gen6ou-0.json,Hariyama,Items,,Choice Scarf,2.439
2019-11_gen6ou-0.json,Hariyama,Items,,Aguav Berry,2.439
2019-11_gen6ou-0.json,Hariyama,Items,,Other,3.659
2019-11_gen6ou-0.json,Hariyama,Spreads,,Other,19.512
2019-11_gen6ou-0.json,Hariyama,Moves,,Close Combat,34.146
2019-11_gen6ou-0.json,Hariyama,Moves,,Fake Out,30.488
2019-11_gen6ou-0.json,Hariyama,Moves,,Bullet Punch,30.488
2019-11_gen6ou-0.json,Hariyama,Moves,,Stone Edge,29.268
2019-11_gen6ou-0.json,Hariyama,Moves,,Heavy Slam,28.049
2019-11_gen6ou-0.json,Hariyama,Moves,,Earthquake,26.829
2019-11_gen6ou-0.json,Hariyama,Moves,,Knock Off,25.61
2019-11_gen6ou-0.json,Hariyama,Moves,,Bulk Up,21.951
2019-11_gen6ou-0.json,Hariyama,Moves,,Poison Jab,15.854
2019-11_gen6ou-0.json,Hariyama,Moves,,Fire Punch,14.634
2019-11_gen6ou-0.json,Hariyama,Moves,,Ice Punch,14.634
2019-11_gen6ou-0.json,Hariyama,Moves,,Focus Punch,13.415
2019-11_gen6ou-0.json,Hariyama,Moves,,Cross Chop,13.415
2019-11_gen6ou-0.json,Hariyama,Moves,,Facade,12.195
2019-11_gen6ou-0.json,Hariyama,Moves,,Force Palm,12.195
2019-11_gen6ou-0.json,Hariyama,Moves,,Brick Break,12.195
2019-11_gen6ou-0.json,Hariyama,Moves,,Body Slam,12.195
2019-11_gen6ou-0.json,Hariyama,Moves,,Superpower,10.976
2019-11_gen6ou-0.json,Hariyama,Moves,,Frustration,10.976
2019-11_gen6ou-0.json,Hariyama,Moves,,Toxic,10.976
2019-11_gen6ou-0.json,Hariyama,Moves,,Other,19.512
2019-11_gen6ou-0.json,Shedinja,Stats,Raw count,,83
2019-11_gen6ou-0.json,Shedinja,Stats,Avg. weight,,1.0
2019-11_gen6ou-0.json,Shedinja,Stats,Viability Ceiling,,60
2019-11_gen6ou-0.json,Shedinja,Stats,Jolly,,13.253
2019-11_gen6ou-0.json,Shedinja,Stats,Adamant,,6.024
2019-11_gen6ou-0.json,Shedinja,Stats,Brave,,7.229
2019-11_gen6ou-0.json,Shedinja,Stats,Mild,,6.024
2019-11_gen6ou-0.json,Shedinja,Abilities,,Wonder Guard,100.0
2019-11_gen6ou-0.json,Shedinja,Items,,Focus Sash,55.422
2019-11_gen6ou-0.json,Shedinja,Items,,Safety Goggles,16.867
2019-11_gen6ou-0.json,Shedinja,Items,,Weakness Policy,13.253
2019-11_gen6ou-0.json,Shedinja,Items,,Leftovers,6.024
2019-11_gen6ou-0.json,Shedinja,Items,,Life Orb,3.614
2019-11_gen6ou-0.json,Shedinja,Items,,Other,4.819
2019-11_gen6ou-0.json,Shedinja,Spreads,,Other,37.349
2019-11_gen6ou-0.json,Shedinja,Moves,,X-Scissor,54.217
2019-11_gen6ou-0.json,Shedinja,Moves,,Toxic,44.578
2019-11_gen6ou-0.json,Shedinja,Moves,,Shadow Sneak,42.169
2019-11_gen6ou-0.json,Shedinja,Moves,,Protect,39.759
2019-11_gen6ou-0.json,Shedinja,Moves,,Swords Dance,30.12
2019-11_gen6ou-0.json,Shedinja,Moves,,Will-O-Wisp,25.301
2019-11_gen6ou-0.json,Shedinja,Moves,,Shadow Ball,21.687
2019-11_gen6ou-0.json,Shedinja,Moves,,Endure,19.277
2019-11_gen6ou-0.json,Shedinja,Moves,,Bug Buzz,19.277
2019-11_gen6ou-0.json,Shedinja,Moves,,Sucker Punch,18.072
2019-11_gen6ou-0.json,Shedinja,Moves,,Shadow Claw,15.663
2019-11_gen6ou-0.json,Shedinja,Moves,,Confuse Ray,14.458
2019-11_gen6ou-0.json,Shedinja,Moves,,Agility,8.434
2019-11_gen6ou-0.json,Shedinja,Moves,,Giga Drain,7.229
2019-11_gen6ou-0.json,Shedinja,Moves,,Night Slash,7.229
2019-11_gen6ou-0.json,Shedinja,Moves,,Sand Attack,6.024
2019-11_gen6ou-0.json,Shedinja,Moves,,Return,4.819
2019-11_gen6ou-0.json,Shedinja,Moves,,Dig,4.819
2019-11_gen6ou-0.json,Shedinja,Moves,,Other,16.867
2019-11_gen6ou-0.json,Spiritomb,Stats,Raw count,,86
2019-11_gen6ou-0.json,Spiritomb,Stats,Avg. weight,,1.0
2019-11_gen6ou-0.json,Spiritomb,Stats,Viability Ceiling,,70
2019-11_gen6ou-0.json,Spiritomb,Stats,Bold,,6.977
2019-11_gen6ou-0.json,Spiritomb,Stats,Hardy,,16.279
2019-11_gen6ou-0.json,Spiritomb,Stats,Modest,,12.791
2019-11_gen6ou-0.json,Spiritomb,Stats,Impish,,9.302
2019-11_gen6ou-0.json,Spiritomb,Stats,Brave,,9.302
2019-11_gen6ou-0.json,Spiritomb,Abilities,,Infiltrator,60.465
2019-11_gen6ou-0.json,Spiritomb,Abilities,,Pressure,39.535
2019-11_gen6ou-0.json,Spiritomb,Items,,Leftovers,62.791
2019-11_gen6ou-0.json,Spiritomb,Items,,Choice Specs,9.302
2019-11_gen6ou-0.json,Spiritomb,Items,,Roseli Berry,9.302
2019-11_gen6ou-0.json,Spiritomb,Items,,Black Glasses,3.488
2019-11_gen6ou-0.json,Spiritomb,Items,,Nothing,3.488
2019-11_gen6ou-0.json,Spiritomb,Items,,Choice Band,3.488
2019-11_gen6ou-0.json,Spiritomb,Items,,Dread Plate,2.326
2019-11_gen6ou-0.json,Spiritomb,Items,,Rocky Helmet,1.163
2019-11_gen6ou-0.json,Spiritomb,Items,,Other,4.651
2019-11_gen6ou-0.json,Spiritomb,Spreads,,Other,26.744
2019-11_gen6ou-0.json,Spiritomb,Moves,,Dark Pulse,47.674
2019-11_gen6ou-0.json,Spiritomb,Moves,,Will-O-Wisp,34.884
2019-11_gen6ou-0.json,Spiritomb,Moves,,Shadow Ball,32.558
2019-11_gen6ou-0.json,Spiritomb,Moves,,Sucker Punch,32.558
2019-11_gen6ou-0.json,Spiritomb,Moves,,Psychic,31.395
2019-11_gen6ou-0.json,Spiritomb,Moves,,Calm Mind,20.93
2019-11_gen6ou-0.json,Spiritomb,Moves,,Dream Eater,19.767
2019-11_gen6ou-0.json,Spiritomb,Moves,,Rest,18.605
2019-11_gen6ou-0.json,Spiritomb,Moves,,Hypnosis,18.605
2019-11_gen6ou-0.json,Spiritomb,Moves,,Sleep Talk,17.442
2019-11_gen6ou-0.json,Spiritomb,Moves,,Foul Play,15.116
2019-11_gen6ou-0.json,Spiritomb,Moves,,Trick,15.116
2019-11_gen6ou-0.json,Spiritomb,Moves,,Silver Wind,12.791
2019-11_gen6ou-0.json,Spiritomb,Moves,,Protect,10.465
2019-11_gen6ou-0.json,Spiritomb,Moves,,Hidden Power Fighting,9.302
2019-11_gen6ou-0.json,Spiritomb,Moves,,Water Pulse,9.302
2019-11_gen6ou-0.json,Spiritomb,Moves,,Confuse Ray,9.302
2019-11_gen6ou-0.json,Spiritomb,Moves,,Shock Wave,9.302
2019-11_gen6ou-0.json,Spiritomb,Moves,,Pain Split,9.302
2019-11_gen6ou-0.json,Spiritomb,Moves,,Ominous Wind,6.977
2019-11_gen6ou-0.json,Spiritomb,Moves,,Other,18.605
2019-11_gen6ou-0.json,Leafeon,Stats,Raw count,,82
2019-11_gen6ou-0.json,Leafeon,Stats,Avg. weight,,1.0
2019-11_gen6ou-0.json,Leafeon,Stats,Viability Ceiling,,57
2019-11_gen6ou-0.json,Leafeon,Stats,Adamant,,4.878
2019-11_gen6ou-0.json,Leafeon,Stats,Impish,,13.415
2019-11_gen6ou-0.json,Leafeon,Stats,Jolly,,12.195
2019-11_gen6ou-0.json,Leafeon,Stats,Lax,,4.878
2019-11_gen6ou-0.json,Leafeon,Abilities,,Leaf Guard,65.854
2019-11_gen6ou-0.json,Leafeon,Abilities,,Chlorophyll,34.146
2019-11_gen6ou-0.json,Leafeon,Items,,Leftovers,30.488
2019-11_gen6ou-0.json,Leafeon,Items,,Life Orb,23.171
2019-11_gen6ou-0.json,Leafeon,Items,,Focus Sash,9.756
2019-11_gen6ou-0.json,Leafeon,Items,,Heat Rock,7.317
2019-11_gen6ou-0.json,Leafeon,Items,,Rocky Helmet,6.098
2019-11_gen6ou-0.json,Leafeon,Items,,Sitrus Berry,6.098
2019-11_gen6ou-0.json,Leafeon,Items,,Nothing,6.098
2019-11_gen6ou-0.json,Leafeon,Items,,Aguav Berry,2.439
2019-11_gen6ou-0.json,Leafeon,Items,,Metronome,2.439
2019-11_gen6ou-0.json,Leafeon,Items,,Meadow Plate,1.22
2019-11_gen6ou-0.json,Leafeon,Items,,Other,4.878
2019-11_gen6ou-0.json,Leafeon,Spreads,,Other,43.902
2019-11_gen6ou-0.json,Leafeon,Moves,,Leaf Blade,71.951
2019-11_gen6ou-0.json,Leafeon,Moves,,Swords Dance,40.244
2019-11_gen6ou-0.json,Leafeon,Moves,,X-Scissor,34.146
2019-11_gen6ou-0.json,Leafeon,Moves,,Toxic,24.39
2019-11_gen6ou-0.json,Leafeon,Moves,,Giga Drain,20.732
2019-11_gen6ou-0.json,Leafeon,Moves,,Protect,20.732
2019-11_gen6ou-0.json,Leafeon,Moves,,Knock Off,20.732
2019-11_gen6ou-0.json,Leafeon,Moves,,Heal Bell,19.512
2019-11_gen6ou-0.json,Leafeon,Moves,,Aerial Ace,18.293
2019-11_gen6ou-0.json,Leafeon,Moves,,Sunny Day,14.634
2019-11_gen6ou-0.json,Leafeon,Moves,,Grass Whistle,13.415
2019-11_gen6ou-0.json,Leafeon,Moves,,Wish,13.415
2019-11_gen6ou-0.json,Leafeon,Moves,,Energy Ball,9.756
2019-11_gen6ou-0.json,Leafeon,Moves,,Synthesis,7.317
2019-11_gen6ou-0.json,Leafeon,Moves,,Shadow Ball,7.317
2019-11_gen6ou-0.json,Leafeon,Moves,,Facade,6.098
2019-11_gen6ou-0.json,Leafeon,Moves,,Solar Beam,6.098
2019-11_gen6ou-0.json,Leafeon,Moves,,Seed Bomb,4.878
2019-11_gen6ou-0.json,Leafeon,Moves,,Body Slam,4.878
2019-11_gen6ou-0.json,Leafeon,Moves,,Bullet Seed,4.878
2019-11_gen6ou-0.json,Leafeon,Moves,,Giga Impact,3.659
2019-11_gen6ou-0.json,Leafeon,Moves,,Last Resort,3.659
2019-11_gen6ou-0.json,Leafeon,Moves,,Quick Attack,3.659
2019-11_gen6ou-0.json,Leafeon,Moves,,Hyper Beam,3.659
2019-11_gen6ou-0.json,Leafeon,Moves,,Double-Edge,3.659
2019-11_gen6ou-0.json,Leafeon,Moves,,Other,18.293
2019-11_gen6ou-0.json,Golurk,Stats,Raw count,,81
2019-11_gen6ou-0.json,Golurk,Stats,Avg. weight,,1.0
2019-11_gen6ou-0.json,Golurk,Stats,Viability Ceiling,,63
2019-11_gen6ou-0.json,Golurk,Stats,Jolly,,38.272
2019-11_gen6ou-0.json,Golurk,Stats,Hardy,,6.173
2019-11_gen6ou-0.json,Golurk,Stats,Adamant,,4.938
2019-11_gen6ou-0.json,Golurk,Abilities,,No Guard,51.852
2019-11_gen6ou-0.json,Golurk,Abilities,,Iron Fist,48.148
2019-11_gen6ou-0.json,Golurk,Items,,Choice Scarf,39.506
2019-11_gen6ou-0.json,Golurk,Items,,Life Orb,17.284
2019-11_gen6ou-0.json,Golurk,Items,,Leftovers,12.346
2019-11_gen6ou-0.json,Golurk,Items,,Power Herb,8.642
2019-11_gen6ou-0.json,Golurk,Items,,Nothing,7.407
2019-11_gen6ou-0.json,Golurk,Items,,Assault Vest,6.173
2019-11_gen6ou-0.json,Golurk,Items,,Expert Belt,2.469
2019-11_gen6ou-0.json,Golurk,Items,,Metronome,1.235
2019-11_gen6ou-0.json,Golurk,Items,,Other,4.938
2019-11_gen6ou-0.json,Golurk,Spreads,,Other,27.16
2019-11_gen6ou-0.json,Golurk,Moves,,Earthquake,87.654
2019-11_gen6ou-0.json,Golurk,Moves,,Ice Punch,54.321
2019-11_gen6ou-0.json,Golurk,Moves,,Dynamic Punch,46.914
2019-11_gen6ou-0.json,Golurk,Moves,,Stone Edge,40.741
2019-11_gen6ou-0.json,Golurk,Moves,,Drain Punch,32.099
2019-11_gen6ou-0.json,Golurk,Moves,,Shadow Punch,22.222
2019-11_gen6ou-0.json,Golurk,Moves,,Night Shade,17.284
2019-11_gen6ou-0.json,Golurk,Moves,,Thunder Punch,12.346
2019-11_gen6ou-0.json,Golurk,Moves,,Fire Punch,11.111
2019-11_gen6ou-0.json,Golurk,Moves,,Ice Beam,9.877
2019-11_gen6ou-0.json,Golurk,Moves,,Shadow Ball,9.877
2019-11_gen6ou-0.json,Golurk,Moves,,Flash Cannon,8.642
2019-11_gen6ou-0.json,Golurk,Moves,,Iron Defense,8.642
2019-11_gen6ou-0.json,Golurk,Moves,,Hammer Arm,7.407
2019-11_gen6ou-0.json,Golurk,Moves,,Bulldoze,7.407
2019-11_gen6ou-0.json,Golurk,Moves,,Phantom Force,7.407
2019-11_gen6ou-0.json,Golurk,Moves,,Other,16.049
2019-11_gen6ou-0.json,Cinccino,Stats,Raw count,,77
2019-11_gen6ou-0.json,Cinccino,Stats,Avg. weight,,1.0
2019-11_gen6ou-0.json,Cinccino,Stats,Viability Ceiling,,68
2019-11_gen6ou-0.json,Cinccino,Stats,Jolly,,16.883
2019-11_gen6ou-0.json,Cinccino,Stats,Adamant,,6.494
2019-11_gen6ou-0.json,Cinccino,Stats,Hardy,,2.597
2019-11_gen6ou-0.json,Cinccino,Stats,Timid,,2.597
2019-11_gen6ou-0.json,Cinccino,Abilities,,Skill Link,85.714
2019-11_gen6ou-0.json,Cinccino,Abilities,,Technician,11.688
2019-11_gen6ou-0.json,Cinccino,Abilities,,Cute Charm,2.597
2019-11_gen6ou-0.json,Cinccino,Items,,Choice Band,36.364
2019-11_gen6ou-0.json,Cinccino,Items,,King's Rock,18.182
2019-11_gen6ou-0.json,Cinccino,Items,,Life Orb,14.286
2019-11_gen6ou-0.json,Cinccino,Items,,Leftovers,10.39
2019-11_gen6ou-0.json,Cinccino,Items,,Razor Fang,7.792
2019-11_gen6ou-0.json,Cinccino,Items,,Assault Vest,2.597
2019-11_gen6ou-0.json,Cinccino,Items,,Rocky Helmet,2.597
2019-11_gen6ou-0.json,Cinccino,Items,,Muscle Band,2.597
2019-11_gen6ou-0.json,Cinccino,Items,,Nothing,2.597
2019-11_gen6ou-0.json,Cinccino,Items,,Other,2.597
2019-11_gen6ou-0.json,Cinccino,Spreads,,Other,2.597
2019-11_gen6ou-0.json,Cinccino,Moves,,Bullet Seed,97.403
2019-11_gen6ou-0.json,Cinccino,Moves,,Rock Blast,94.805
2019-11_gen6ou-0.json,Cinccino,Moves,,Tail Slap,85.714
2019-11_gen6ou-0.json,Cinccino,Moves,,U-turn,42.857
2019-11_gen6ou-0.json,Cinccino,Moves,,Knock Off,15.584
2019-11_gen6ou-0.json,Cinccino,Moves,,Work Up,11.688
2019-11_gen6ou-0.json,Cinccino,Moves,,Encore,9.091
2019-11_gen6ou-0.json,Cinccino,Moves,,Attract,7.792
2019-11_gen6ou-0.json,Cinccino,Moves,,Last Resort,5.195
2019-11_gen6ou-0.json,Cinccino,Moves,,Seed Bomb,3.896
2019-11_gen6ou-0.json,Cinccino,Moves,,Thunder Wave,3.896
2019-11_gen6ou-0.json,Cinccino,Moves,,Protect,2.597
2019-11_gen6ou-0.json,Cinccino,Moves,,Other,19.481
2019-11_gen6ou-0.json,Barbaracle,Stats,Raw count,,82
2019-11_gen6ou-0.json,Barbaracle,Stats,Avg. weight,,1.0
2019-11_gen6ou-0.json,Barbaracle,Stats,Viability Ceiling,,50
2019-11_gen6ou-0.json,Barbaracle,Stats,Adamant,,6.098
2019-11_gen6ou-0.json,Barbaracle,Stats,Jolly,,4.878
2019-11_gen6ou-0.json,Barbaracle,Stats,Hardy,,2.439
2019-11_gen6ou-0.json,Barbaracle,Abilities,,Tough Claws,97.561
2019-11_gen6ou-0.json,Barbaracle,Abilities,,Sniper,2.439
2019-11_gen6ou-0.json,Barbaracle,Items,,Focus Sash,74.39
2019-11_gen6ou-0.json,Barbaracle,Items,,Nothing,9.756
2019-11_gen6ou-0.json,Barbaracle,Items,,Choice Scarf,4.878
2019-11_gen6ou-0.json,Barbaracle,Items,,Leftovers,2.439
2019-11_gen6ou-0.json,Barbaracle,Items,,Mystic Water,2.439
2019-11_gen6ou-0.json,Barbaracle,Items,,Iapapa Berry,2.439
2019-11_gen6ou-0.json,Barbaracle,Items,,Other,3.659
2019-11_gen6ou-0.json,Barbaracle,Spreads,,Other,4.878
2019-11_gen6ou-0.json,Barbaracle,Moves,,Razor Shell,89.024
2019-11_gen6ou-0.json,Barbaracle,Moves,,Rock Slide,78.049
2019-11_gen6ou-0.json,Barbaracle,Moves,,Shell Smash,74.39
2019-11_gen6ou-0.json,Barbaracle,Moves,,Night Slash,45.122
2019-11_gen6ou-0.json,Barbaracle,Moves,,Poison Jab,35.366
2019-11_gen6ou-0.json,Barbaracle,Moves,,Earthquake,19.512
2019-11_gen6ou-0.json,Barbaracle,Moves,,Dragon Claw,10.976
2019-11_gen6ou-0.json,Barbaracle,Moves,,Cross Chop,8.537
2019-11_gen6ou-0.json,Barbaracle,Moves,,Brick Break,7.317
2019-11_gen6ou-0.json,Barbaracle,Moves,,Stone Edge,7.317
2019-11_gen6ou-0.json,Barbaracle,Moves,,Surf,4.878
2019-11_gen6ou-0.json,Barbaracle,Moves,,Other,19.512
2019-11_gen6ou-0.json,Miltank,Stats,Raw count,,79
2019-11_gen6ou-0.json,Miltank,Stats,Avg. weight,,1.0
2019-11_gen6ou-0.json,Miltank,Stats,Viability Ceiling,,62
2019-11_gen6ou-0.json,Miltank,Stats,Impish,,50.633
2019-11_gen6ou-0.json,Miltank,Stats,Adamant,,2.532
2019-11_gen6ou-0.json,Miltank,Stats,Hardy,,8.861
2019-11_gen6ou-0.json,Miltank,Stats,Jolly,,6.329
2019-11_gen6ou-0.json,Miltank,Stats,Careful,,2.532
2019-11_gen6ou-0.json,Miltank,Abilities,,Sap Sipper,56.962
2019-11_gen6ou-0.json,Miltank,Abilities,,Scrappy,36.709
2019-11_gen6ou-0.json,Miltank,Abilities,,Thick Fat,6.329
2019-11_gen6ou-0.json,Miltank,Items,,Rocky Helmet,50.633
2019-11_gen6ou-0.json,Miltank,Items,,Leftovers,26.582
2019-11_gen6ou-0.json,Miltank,Items,,Salac Berry,20.253
2019-11_gen6ou-0.json,Miltank,Items,,Other,2.532
2019-11_gen6ou-0.json,Miltank,Spreads,,Other,15.19
2019-11_gen6ou-0.json,Miltank,Moves,,Milk Drink,79.747
2019-11_gen6ou-0.json,Miltank,Moves,,Earthquake,74.684
2019-11_gen6ou-0.json,Miltank,Moves,,Ice Punch,50.633
2019-11_gen6ou-0.json,Miltank,Moves,,Stealth Rock,43.038
2019-11_gen6ou-0.json,Miltank,Moves,,Body Slam,29.114
2019-11_gen6ou-0.json,Miltank,Moves,,Power-Up Punch,27.848
2019-11_gen6ou-0.json,Miltank,Moves,,Endure,20.253
2019-11_gen6ou-0.json,Miltank,Moves,,Attract,12.658
2019-11_gen6ou-0.json,Miltank,Moves,,Toxic,11.392
2019-11_gen6ou-0.json,Miltank,Moves,,Heal Bell,10.127
2019-11_gen6ou-0.json,Miltank,Moves,,Focus Blast,8.861
2019-11_gen6ou-0.json,Miltank,Moves,,Double-Edge,8.861
2019-11_gen6ou-0.json,Miltank,Moves,,Rollout,5.063
2019-11_gen6ou-0.json,Miltank,Moves,,Other,17.722
2019-11_gen6ou-0.json,Liepard,Stats,Raw count,,73
2019-11_gen6ou-0.json,Liepard,Stats,Avg. weight,,1.0
2019-11_gen6ou-0.json,Liepard,Stats,Viability Ceiling,,78
2019-11_gen6ou-0.json,Liepard,Stats,Adamant,,80.822
2019-11_gen6ou-0.json,Liepard,Stats,Jolly,,9.589
2019-11_gen6ou-0.json,Liepard,Stats,Quirky,,4.110
2019-11_gen6ou-0.json,Liepard,Stats,Hardy,,2.740
2019-11_gen6ou-0.json,Liepard,Abilities,,Prankster,86.301
2019-11_gen6ou-0.json,Liepard,Abilities,,Limber,13.699
2019-11_gen6ou-0.json,Liepard,Items,,Choice Scarf,82.192
2019-11_gen6ou-0.json,Liepard,Items,,Sitrus Berry,5.479
2019-11_gen6ou-0.json,Liepard,Items,,Black Glasses,4.11
2019-11_gen6ou-0.json,Liepard,Items,,Nothing,2.74
2019-11_gen6ou-0.json,Liepard,Items,,Choice Band,2.74
2019-11_gen6ou-0.json,Liepard,Items,,Other,2.74
2019-11_gen6ou-0.json,Liepard,Spreads,,Other,2.74
2019-11_gen6ou-0.json,Liepard,Moves,,Knock Off,89.041
2019-11_gen6ou-0.json,Liepard,Moves,,Thunder Wave,83.562
2019-11_gen6ou-0.json,Liepard,Moves,,Trick,82.192
2019-11_gen6ou-0.json,Liepard,Moves,,Encore,82.192
2019-11_gen6ou-0.json,Liepard,Moves,,Play Rough,8.219
2019-11_gen6ou-0.json,Liepard,Moves,,Dark Pulse,6.849
2019-11_gen6ou-0.json,Liepard,Moves,,Foul Play,6.849
2019-11_gen6ou-0.json,Liepard,Moves,,Fake Out,6.849
2019-11_gen6ou-0.json,Liepard,Moves,,Thief,5.479
2019-11_gen6ou-0.json,Liepard,Moves,,Shadow Claw,5.479
2019-11_gen6ou-0.json,Liepard,Moves,,Nothing,4.11
2019-11_gen6ou-0.json,Liepard,Moves,,Other,19.178
2019-11_gen6ou-0.json,Omastar,Stats,Raw count,,75
2019-11_gen6ou-0.json,Omastar,Stats,Avg. weight,,1.0
2019-11_gen6ou-0.json,Omastar,Stats,Viability Ceiling,,66
2019-11_gen6ou-0.json,Omastar,Stats,Modest,,8.000
2019-11_gen6ou-0.json,Omastar,Stats,Bold,,12.000
2019-11_gen6ou-0.json,Omastar,Stats,Adamant,,5.333
2019-11_gen6ou-0.json,Omastar,Abilities,,Swift Swim,45.333
2019-11_gen6ou-0.json,Omastar,Abilities,,Weak Armor,44.0
2019-11_gen6ou-0.json,Omastar,Abilities,,Shell Armor,10.667
2019-11_gen6ou-0.json,Omastar,Items,,Focus Sash,26.667
2019-11_gen6ou-0.json,Omastar,Items,,White Herb,25.333
2019-11_gen6ou-0.json,Omastar,Items,,Leftovers,21.333
2019-11_gen6ou-0.json,Omastar,Items,,Choice Specs,6.667
2019-11_gen6ou-0.json,Omastar,Items,,Life Orb,6.667
2019-11_gen6ou-0.json,Omastar,Items,,Nothing,5.333
2019-11_gen6ou-0.json,Omastar,Items,,Lum Berry,5.333
2019-11_gen6ou-0.json,Omastar,Items,,Other,2.667
2019-11_gen6ou-0.json,Omastar,Spreads,,Other,37.333
2019-11_gen6ou-0.json,Omastar,Moves,,Ice Beam,72.0
2019-11_gen6ou-0.json,Omastar,Moves,,Shell Smash,68.0
2019-11_gen6ou-0.json,Omastar,Moves,,Surf,49.333
2019-11_gen6ou-0.json,Omastar,Moves,,Earth Power,32.0
2019-11_gen6ou-0.json,Omastar,Moves,,Hydro Pump,25.333
2019-11_gen6ou-0.json,Omastar,Moves,,Scald,21.333
2019-11_gen6ou-0.json,Omastar,Moves,,Ancient Power,20.0
2019-11_gen6ou-0.json,Omastar,Moves,,Hidden Power Electric,16.0
2019-11_gen6ou-0.json,Omastar,Moves,,Wring Out,13.333
2019-11_gen6ou-0.json,Omastar,Moves,,Hidden Power Grass,12.0
2019-11_gen6ou-0.json,Omastar,Moves,,Hidden Power Fire,10.667
2019-11_gen6ou-0.json,Omastar,Moves,,Stealth Rock,9.333
2019-11_gen6ou-0.json,Omastar,Moves,,Protect,6.667
2019-11_gen6ou-0.json,Omastar,Moves,,Toxic Spikes,5.333
2019-11_gen6ou-0.json,Omastar,Moves,,Rock Slide,5.333
2019-11_gen6ou-0.json,Omastar,Moves,,Rock Blast,5.333
2019-11_gen6ou-0.json,Omastar,Moves,,Rock Tomb,5.333
2019-11_gen6ou-0.json,Omastar,Moves,,Seismic Toss,5.333
2019-11_gen6ou-0.json,Omastar,Moves,,Other,17.333
2019-11_gen6ou-0.json,Cobalion,Stats,Raw count,,72
2019-11_gen6ou-0.json,Cobalion,Stats,Avg. weight,,1.0
2019-11_gen6ou-0.json,Cobalion,Stats,Viability Ceiling,,82
2019-11_gen6ou-0.json,Cobalion,Stats,Jolly,,12.500
2019-11_gen6ou-0.json,Cobalion,Stats,Naive,,11.111
2019-11_gen6ou-0.json,Cobalion,Stats,Docile,,8.333
2019-11_gen6ou-0.json,Cobalion,Stats,Hardy,,4.167
2019-11_gen6ou-0.json,Cobalion,Abilities,,Justified,100.0
2019-11_gen6ou-0.json,Cobalion,Items,,Leftovers,40.278
2019-11_gen6ou-0.json,Cobalion,Items,,Life Orb,16.667
2019-11_gen6ou-0.json,Cobalion,Items,,Air Balloon,12.5
2019-11_gen6ou-0.json,Cobalion,Items,,Metal Coat,6.944
2019-11_gen6ou-0.json,Cobalion,Items,,Choice Scarf,5.556
2019-11_gen6ou-0.json,Cobalion,Items,,Assault Vest,4.167
2019-11_gen6ou-0.json,Cobalion,Items,,Rocky Helmet,4.167
2019-11_gen6ou-0.json,Cobalion,Items,,Nothing,4.167
2019-11_gen6ou-0.json,Cobalion,Items,,Iron Plate,2.778
2019-11_gen6ou-0.json,Cobalion,Items,,Other,2.778
2019-11_gen6ou-0.json,Cobalion,Spreads,,Other,19.444
2019-11_gen6ou-0.json,Cobalion,Moves,,Close Combat,69.444
2019-11_gen6ou-0.json,Cobalion,Moves,,Iron Head,68.056
2019-11_gen6ou-0.json,Cobalion,Moves,,Volt Switch,41.667
2019-11_gen6ou-0.json,Cobalion,Moves,,Stealth Rock,37.5
2019-11_gen6ou-0.json,Cobalion,Moves,,Swords Dance,34.722
2019-11_gen6ou-0.json,Cobalion,Moves,,Taunt,27.778
2019-11_gen6ou-0.json,Cobalion,Moves,,Sacred Sword,22.222
2019-11_gen6ou-0.json,Cobalion,Moves,,Flash Cannon,20.833
2019-11_gen6ou-0.json,Cobalion,Moves,,Stone Edge,19.444
2019-11_gen6ou-0.json,Cobalion,Moves,,Focus Blast,13.889
2019-11_gen6ou-0.json,Cobalion,Moves,,Hidden Power Ice,11.111
2019-11_gen6ou-0.json,Cobalion,Moves,,X-Scissor,6.944
2019-11_gen6ou-0.json,Cobalion,Moves,,Hidden Power Steel,5.556
2019-11_gen6ou-0.json,Cobalion,Moves,,Zen Headbutt,4.167
2019-11_gen6ou-0.json,Cobalion,Moves,,Other,16.667
2019-11_gen6ou-0.json,Hitmonlee,Stats,Raw count,,73
2019-11_gen6ou-0.json,Hitmonlee,Stats,Avg. weight,,1.0
2019-11_gen6ou-0.json,Hitmonlee,Stats,Viability Ceiling,,57
2019-11_gen6ou-0.json,Hitmonlee,Stats,Adamant,,6.849
2019-11_gen6ou-0.json,Hitmonlee,Stats,Jolly,,4.110
2019-11_gen6ou-0.json,Hitmonlee,Stats,Lax,,2.740
2019-11_gen6ou-0.json,Hitmonlee,Abilities,,Limber,45.205
2019-11_gen6ou-0.json,Hitmonlee,Abilities,,Unburden,43.836
2019-11_gen6ou-0.json,Hitmonlee,Abilities,,Reckless,10.959
2019-11_gen6ou-0.json,Hitmonlee,Items,,Life Orb,31.507
2019-11_gen6ou-0.json,Hitmonlee,Items,,Liechi Berry,30.137
2019-11_gen6ou-0.json,Hitmonlee,Items,,Black Belt,10.959
2019-11_gen6ou-0.json,Hitmonlee,Items,,Focus Sash,5.479
2019-11_gen6ou-0.json,Hitmonlee,Items,,Assault Vest,4.11
2019-11_gen6ou-0.json,Hitmonlee,Items,,Normal Gem,4.11
2019-11_gen6ou-0.json,Hitmonlee,Items,,Leftovers,2.74
2019-11_gen6ou-0.json,Hitmonlee,Items,,Choice Scarf,1.37
2019-11_gen6ou-0.json,Hitmonlee,Items,,Black Glasses,1.37
2019-11_gen6ou-0.json,Hitmonlee,Items,,Red Card,1.37
2019-11_gen6ou-0.json,Hitmonlee,Items,,Nothing,1.37
2019-11_gen6ou-0.json,Hitmonlee,Items,,Muscle Band,1.37
2019-11_gen6ou-0.json,Hitmonlee,Items,,Other,4.11
2019-11_gen6ou-0.json,Hitmonlee,Spreads,,Other,19.178
2019-11_gen6ou-0.json,Hitmonlee,Moves,,Close Combat,42.466
2019-11_gen6ou-0.json,Hitmonlee,Moves,,Blaze Kick,38.356
2019-11_gen6ou-0.json,Hitmonlee,Moves,,Mach Punch,35.616
2019-11_gen6ou-0.json,Hitmonlee,Moves,,Knock Off,35.616
2019-11_gen6ou-0.json,Hitmonlee,Moves,,Poison Jab,32.877
2019-11_gen6ou-0.json,Hitmonlee,Moves,,Sucker Punch,32.877
2019-11_gen6ou-0.json,Hitmonlee,Moves,,Endure,31.507
2019-11_gen6ou-0.json,Hitmonlee,Moves,,Reversal,26.027
2019-11_gen6ou-0.json,Hitmonlee,Moves,,High Jump Kick,23.288
2019-11_gen6ou-0.json,Hitmonlee,Moves,,Earthquake,16.438
2019-11_gen6ou-0.json,Hitmonlee,Moves,,Stone Edge,10.959
2019-11_gen6ou-0.json,Hitmonlee,Moves,,Bulk Up,9.589
2019-11_gen6ou-0.json,Hitmonlee,Moves,,Jump Kick,8.219
2019-11_gen6ou-0.json,Hitmonlee,Moves,,Bullet Punch,6.849
2019-11_gen6ou-0.json,Hitmonlee,Moves,,Sleep Talk,6.849
2019-11_gen6ou-0.json,Hitmonlee,Moves,,Body Slam,6.849
2019-11_gen6ou-0.json,Hitmonlee,Moves,,Fake Out,5.479
2019-11_gen6ou-0.json,Hitmonlee,Moves,,Brick Break,4.11
2019-11_gen6ou-0.json,Hitmonlee,Moves,,Low Kick,4.11
2019-11_gen6ou-0.json,Hitmonlee,Moves,,Focus Punch,2.74
2019-11_gen6ou-0.json,Hitmonlee,Moves,,Other,19.178
2019-11_gen6ou-0.json,Ninjask,Stats,Raw count,,79
2019-11_gen6ou-0.json,Ninjask,Stats,Avg. weight,,1.0
2019-11_gen6ou-0.json,Ninjask,Stats,Viability Ceiling,,63
2019-11_gen6ou-0.json,Ninjask,Stats,Naughty,,17.722
2019-11_gen6ou-0.json,Ninjask,Stats,Adamant,,6.329
2019-11_gen6ou-0.json,Ninjask,Stats,Hardy,,5.063
2019-11_gen6ou-0.json,Ninjask,Stats,Timid,,5.063
2019-11_gen6ou-0.json,Ninjask,Abilities,,Speed Boost,96.203
2019-11_gen6ou-0.json,Ninjask,Abilities,,Infiltrator,3.797
2019-11_gen6ou-0.json,Ninjask,Items,,Leftovers,31.646
2019-11_gen6ou-0.json,Ninjask,Items,,Focus Sash,17.722
2019-11_gen6ou-0.json,Ninjask,Items,,Nothing,8.861
2019-11_gen6ou-0.json,Ninjask,Items,,Choice Band,7.595
2019-11_gen6ou-0.json,Ninjask,Items,,Toxic Orb,7.595
2019-11_gen6ou-0.json,Ninjask,Items,,Choice Scarf,5.063
2019-11_gen6ou-0.json,Ninjask,Items,,Sitrus Berry,5.063
2019-11_gen6ou-0.json,Ninjask,Items,,Life Orb,3.797
2019-11_gen6ou-0.json,Ninjask,Items,,Chesto Berry,2.532
2019-11_gen6ou-0.json,Ninjask,Items,,Assault Vest,2.532
2019-11_gen6ou-0.json,Ninjask,Items,,Aguav Berry,2.532
2019-11_gen6ou-0.json,Ninjask,Items,,Lum Berry,2.532
2019-11_gen6ou-0.json,Ninjask,Items,,Other,2.532
2019-11_gen6ou-0.json,Ninjask,Spreads,,Other,48.101
2019-11_gen6ou-0.json,Ninjask,Moves,,Night Slash,41.772
2019-11_gen6ou-0.json,Ninjask,Moves,,X-Scissor,31.646
2019-11_gen6ou-0.json,Ninjask,Moves,,U-turn,31.646
2019-11_gen6ou-0.json,Ninjask,Moves,,Aerial Ace,30.38
2019-11_gen6ou-0.json,Ninjask,Moves,,Swords Dance,30.38
2019-11_gen6ou-0.json,Ninjask,Moves,,Giga Drain,22.785
2019-11_gen6ou-0.json,Ninjask,Moves,,Protect,22.785
2019-11_gen6ou-0.json,Ninjask,Moves,,Hidden Power Water,17.722
2019-11_gen6ou-0.json,Ninjask,Moves,,Return,17.722
2019-11_gen6ou-0.json,Ninjask,Moves,,Agility,16.456
2019-11_gen6ou-0.json,Ninjask,Moves,,Roost,11.392
2019-11_gen6ou-0.json,Ninjask,Moves,,Toxic,11.392
2019-11_gen6ou-0.json,Ninjask,Moves,,Facade,10.127
2019-11_gen6ou-0.json,Ninjask,Moves,,Shadow Ball,10.127
2019-11_gen6ou-0.json,Ninjask,Moves,,Leech Life,8.861
2019-11_gen6ou-0.json,Ninjask,Moves,,Air Cutter,7.595
2019-11_gen6ou-0.json,Ninjask,Moves,,Solar Beam,7.595
2019-11_gen6ou-0.json,Ninjask,Moves,,Defog,7.595
2019-11_gen6ou-0.json,Ninjask,Moves,,Nothing,6.329
2019-11_gen6ou-0.json,Ninjask,Moves,,Substitute,6.329
2019-11_gen6ou-0.json,Ninjask,Moves,,Fury Cutter,6.329
2019-11_gen6ou-0.json,Ninjask,Moves,,Bug Bite,5.063
2019-11_gen6ou-0.json,Ninjask,Moves,,Harden,5.063
2019-11_gen6ou-0.json,Ninjask,Moves,,Silver Wind,5.063
2019-11_gen6ou-0.json,Ninjask,Moves,,Hidden Power Rock,5.063
2019-11_gen6ou-0.json,Ninjask,Moves,,Metal Claw,3.797
2019-11_gen6ou-0.json,Ninjask,Moves,,Other,18.987
2019-11_gen6ou-0.json,Dragalge,Stats,Raw count,,71
2019-11_gen6ou-0.json,Dragalge,Stats,Avg. weight,,1.0
2019-11_gen6ou-0.json,Dragalge,Stats,Viability Ceiling,,86
2019-11_gen6ou-0.json,Dragalge,Stats,Calm,,14.085
2019-11_gen6ou-0.json,Dragalge,Stats,Quiet,,15.493
2019-11_gen6ou-0.json,Dragalge,Stats,Modest,,5.634
2019-11_gen6ou-0.json,Dragalge,Abilities,,Adaptability,69.014
2019-11_gen6ou-0.json,Dragalge,Abilities,,Poison Touch,19.718
2019-11_gen6ou-0.json,Dragalge,Abilities,,Poison Point,11.268
2019-11_gen6ou-0.json,Dragalge,Items,,Black Sludge,59.155
2019-11_gen6ou-0.json,Dragalge,Items,,Leftovers,16.901
2019-11_gen6ou-0.json,Dragalge,Items,,Choice Specs,9.859
2019-11_gen6ou-0.json,Dragalge,Items,,Toxic Plate,4.225
2019-11_gen6ou-0.json,Dragalge,Items,,Assault Vest,2.817
2019-11_gen6ou-0.json,Dragalge,Items,,Rocky Helmet,2.817
2019-11_gen6ou-0.json,Dragalge,Items,,Other,4.225
2019-11_gen6ou-0.json,Dragalge,Spreads,,Other,28.169
2019-11_gen6ou-0.json,Dragalge,Moves,,Toxic Spikes,64.789
2019-11_gen6ou-0.json,Dragalge,Moves,,Draco Meteor,56.338
2019-11_gen6ou-0.json,Dragalge,Moves,,Dragon Pulse,49.296
2019-11_gen6ou-0.json,Dragalge,Moves,,Sludge Bomb,40.845
2019-11_gen6ou-0.json,Dragalge,Moves,,Sludge Wave,35.211
2019-11_gen6ou-0.json,Dragalge,Moves,,Dragon Tail,22.535
2019-11_gen6ou-0.json,Dragalge,Moves,,Icy Wind,18.31
2019-11_gen6ou-0.json,Dragalge,Moves,,Gunk Shot,16.901
2019-11_gen6ou-0.json,Dragalge,Moves,,Focus Blast,16.901
2019-11_gen6ou-0.json,Dragalge,Moves,,Scald,11.268
2019-11_gen6ou-0.json,Dragalge,Moves,,Thunderbolt,11.268
2019-11_gen6ou-0.json,Dragalge,Moves,,Hidden Power Fire,9.859
2019-11_gen6ou-0.json,Dragalge,Moves,,Sleep Talk,8.451
2019-11_gen6ou-0.json,Dragalge,Moves,,Venoshock,5.634
2019-11_gen6ou-0.json,Dragalge,Moves,,Hydro Pump,5.634
2019-11_gen6ou-0.json,Dragalge,Moves,,Rest,4.225
2019-11_gen6ou-0.json,Dragalge,Moves,,Surf,4.225
2019-11_gen6ou-0.json,Dragalge,Moves,,Other,18.31
2019-11_gen6ou-0.json,Slaking,Stats,Raw count,,71
2019-11_gen6ou-0.json,Slaking,Stats,Avg. weight,,1.0
2019-11_gen6ou-0.json,Slaking,Stats,Viability Ceiling,,68
2019-11_gen6ou-0.json,Slaking,Stats,Adamant,,5.634
2019-11_gen6ou-0.json,Slaking,Stats,Jolly,,12.676
2019-11_gen6ou-0.json,Slaking,Stats,Naive,,4.225
2019-11_gen6ou-0.json,Slaking,Abilities,,Truant,100.0
2019-11_gen6ou-0.json,Slaking,Items,,Choice Band,36.62
2019-11_gen6ou-0.json,Slaking,Items,,Leftovers,15.493
2019-11_gen6ou-0.json,Slaking,Items,,Nothing,15.493
2019-11_gen6ou-0.json,Slaking,Items,,Assault Vest,11.268
2019-11_gen6ou-0.json,Slaking,Items,,Quick Claw,4.225
2019-11_gen6ou-0.json,Slaking,Items,,Silk Scarf,4.225
2019-11_gen6ou-0.json,Slaking,Items,,Focus Sash,2.817
2019-11_gen6ou-0.json,Slaking,Items,,Sitrus Berry,2.817
2019-11_gen6ou-0.json,Slaking,Items,,Air Balloon,1.408
2019-11_gen6ou-0.json,Slaking,Items,,Choice Scarf,1.408
2019-11_gen6ou-0.json,Slaking,Items,,Other,4.225
2019-11_gen6ou-0.json,Slaking,Spreads,,Other,22.535
2019-11_gen6ou-0.json,Slaking,Moves,,Earthquake,69.014
2019-11_gen6ou-0.json,Slaking,Moves,,Giga Impact,42.254
2019-11_gen6ou-0.json,Slaking,Moves,,Hammer Arm,36.62
2019-11_gen6ou-0.json,Slaking,Moves,,Fire Punch,32.394
2019-11_gen6ou-0.json,Slaking,Moves,,Night Slash,29.577
2019-11_gen6ou-0.json,Slaking,Moves,,Ice Punch,22.535
2019-11_gen6ou-0.json,Slaking,Moves,,Retaliate,18.31
2019-11_gen6ou-0.json,Slaking,Moves,,Facade,16.901
2019-11_gen6ou-0.json,Slaking,Moves,,Rock Slide,16.901
2019-11_gen6ou-0.json,Slaking,Moves,,Return,12.676
2019-11_gen6ou-0.json,Slaking,Moves,,Body Slam,12.676
2019-11_gen6ou-0.json,Slaking,Moves,,Thunder Punch,12.676
2019-11_gen6ou-0.json,Slaking,Moves,,Slack Off,9.859
2019-11_gen6ou-0.json,Slaking,Moves,,Gunk Shot,8.451
2019-11_gen6ou-0.json,Slaking,Moves,,Double-Edge,7.042
2019-11_gen6ou-0.json,Slaking,Moves,,Rest,5.634
2019-11_gen6ou-0.json,Slaking,Moves,,Bulk Up,5.634
2019-11_gen6ou-0.json,Slaking,Moves,,Hyper Beam,5.634
2019-11_gen6ou-0.json,Slaking,Moves,,Focus Punch,4.225
2019-11_gen6ou-0.json,Slaking,Moves,,Brick Break,4.225
2019-11_gen6ou-0.json,Slaking,Moves,,Play Rough,4.225
2019-11_gen6ou-0.json,Slaking,Moves,,Sleep Talk,4.225
2019-11_gen6ou-0.json,Slaking,Moves,,Other,18.31
2019-11_gen6ou-0.json,Torkoal,Stats,Raw count,,75
2019-11_gen6ou-0.json,Torkoal,Stats,Avg. weight,,1.0
2019-11_gen6ou-0.json,Torkoal,Stats,Viability Ceiling,,75
2019-11_gen6ou-0.json,Torkoal,Stats,Relaxed,,17.333
2019-11_gen6ou-0.json,Torkoal,Stats,Jolly,,14.667
2019-11_gen6ou-0.json,Torkoal,Stats,Brave,,8.000
2019-11_gen6ou-0.json,Torkoal,Stats,Sassy,,5.333
2019-11_gen6ou-0.json,Torkoal,Stats,Bold,,4.000
2019-11_gen6ou-0.json,Torkoal,Abilities,,White Smoke,62.667
2019-11_gen6ou-0.json,Torkoal,Abilities,,Shell Armor,37.333
2019-11_gen6ou-0.json,Torkoal,Items,,Leftovers,53.333
2019-11_gen6ou-0.json,Torkoal,Items,,Air Balloon,14.667
2019-11_gen6ou-0.json,Torkoal,Items,,Nothing,8.0
2019-11_gen6ou-0.json,Torkoal,Items,,White Herb,8.0
2019-11_gen6ou-0.json,Torkoal,Items,,Choice Band,5.333
2019-11_gen6ou-0.json,Torkoal,Items,,Rocky Helmet,4.0
2019-11_gen6ou-0.json,Torkoal,Items,,Assault Vest,2.667
2019-11_gen6ou-0.json,Torkoal,Items,,Other,4.0
2019-11_gen6ou-0.json,Torkoal,Spreads,,Other,29.333
2019-11_gen6ou-0.json,Torkoal,Moves,,Rapid Spin,53.333
2019-11_gen6ou-0.json,Torkoal,Moves,,Stealth Rock,34.667
2019-11_gen6ou-0.json,Torkoal,Moves,,Lava Plume,33.333
2019-11_gen6ou-0.json,Torkoal,Moves,,Will-O-Wisp,29.333
2019-11_gen6ou-0.json,Torkoal,Moves,,Flamethrower,26.667
2019-11_gen6ou-0.json,Torkoal,Moves,,Earthquake,26.667
2019-11_gen6ou-0.json,Torkoal,Moves,,Stone Edge,25.333
2019-11_gen6ou-0.json,Torkoal,Moves,,Clear Smog,24.0
2019-11_gen6ou-0.json,Torkoal,Moves,,Protect,20.0
2019-11_gen6ou-0.json,Torkoal,Moves,,Earth Power,17.333
2019-11_gen6ou-0.json,Torkoal,Moves,,Rock Slide,17.333
2019-11_gen6ou-0.json,Torkoal,Moves,,Flame Charge,16.0
2019-11_gen6ou-0.json,Torkoal,Moves,,Fire Blast,10.667
2019-11_gen6ou-0.json,Torkoal,Moves,,Eruption,8.0
2019-11_gen6ou-0.json,Torkoal,Moves,,Shell Smash,8.0
2019-11_gen6ou-0.json,Torkoal,Moves,,Sludge Bomb,6.667
2019-11_gen6ou-0.json,Torkoal,Moves,,Amnesia,6.667
2019-11_gen6ou-0.json,Torkoal,Moves,,Toxic,5.333
2019-11_gen6ou-0.json,Torkoal,Moves,,Curse,5.333
2019-11_gen6ou-0.json,Torkoal,Moves,,Body Slam,4.0
2019-11_gen6ou-0.json,Torkoal,Moves,,Gyro Ball,4.0
2019-11_gen6ou-0.json,Torkoal,Moves,,Other,17.333
2019-11_gen6ou-0.json,Floatzel,Stats,Raw count,,73
2019-11_gen6ou-0.json,Floatzel,Stats,Avg. weight,,1.0
2019-11_gen6ou-0.json,Floatzel,Stats,Viability Ceiling,,50
2019-11_gen6ou-0.json,Floatzel,Stats,Jolly,,13.699
2019-11_gen6ou-0.json,Floatzel,Stats,Adamant,,15.068
2019-11_gen6ou-0.json,Floatzel,Stats,Bashful,,13.699
2019-11_gen6ou-0.json,Floatzel,Stats,Hasty,,6.849
2019-11_gen6ou-0.json,Floatzel,Abilities,,Water Veil,53.425
2019-11_gen6ou-0.json,Floatzel,Abilities,,Swift Swim,46.575
2019-11_gen6ou-0.json,Floatzel,Items,,Life Orb,36.986
2019-11_gen6ou-0.json,Floatzel,Items,,Leftovers,17.808
2019-11_gen6ou-0.json,Floatzel,Items,,Focus Sash,16.438
2019-11_gen6ou-0.json,Floatzel,Items,,Choice Band,16.438
2019-11_gen6ou-0.json,Floatzel,Items,,Nothing,6.849
2019-11_gen6ou-0.json,Floatzel,Items,,Icicle Plate,2.74
2019-11_gen6ou-0.json,Floatzel,Items,,Other,2.74
2019-11_gen6ou-0.json,Floatzel,Spreads,,Other,19.178
2019-11_gen6ou-0.json,Floatzel,Moves,,Ice Punch,75.342
2019-11_gen6ou-0.json,Floatzel,Moves,,Aqua Jet,73.973
2019-11_gen6ou-0.json,Floatzel,Moves,,Waterfall,50.685
2019-11_gen6ou-0.json,Floatzel,Moves,,Crunch,34.247
2019-11_gen6ou-0.json,Floatzel,Moves,,Bulk Up,24.658
2019-11_gen6ou-0.json,Floatzel,Moves,,Brick Break,21.918
2019-11_gen6ou-0.json,Floatzel,Moves,,Ice Beam,19.178
2019-11_gen6ou-0.json,Floatzel,Moves,,Substitute,17.808
2019-11_gen6ou-0.json,Floatzel,Moves,,Aqua Tail,16.438
2019-11_gen6ou-0.json,Floatzel,Moves,,Surf,15.068
2019-11_gen6ou-0.json,Floatzel,Moves,,Focus Blast,15.068
2019-11_gen6ou-0.json,Floatzel,Moves,,Low Kick,15.068
2019-11_gen6ou-0.json,Floatzel,Moves,,Power-Up Punch,8.219
2019-11_gen6ou-0.json,Floatzel,Moves,,Other,12.329
2019-11_gen6ou-0.json,Camerupt,Stats,Raw count,,72
2019-11_gen6ou-0.json,Camerupt,Stats,Avg. weight,,1.0
2019-11_gen6ou-0.json,Camerupt,Stats,Viability Ceiling,,68
2019-11_gen6ou-0.json,Camerupt,Stats,Modest,,29.167
2019-11_gen6ou-0.json,Camerupt,Stats,Quiet,,8.333
2019-11_gen6ou-0.json,Camerupt,Stats,Brave,,5.556
2019-11_gen6ou-0.json,Camerupt,Stats,Timid,,5.556
2019-11_gen6ou-0.json,Camerupt,Stats,Hardy,,4.167
2019-11_gen6ou-0.json,Camerupt,Abilities,,Magma Armor,65.278
2019-11_gen6ou-0.json,Camerupt,Abilities,,Solid Rock,34.722
2019-11_gen6ou-0.json,Camerupt,Items,,Life Orb,29.167
2019-11_gen6ou-0.json,Camerupt,Items,,Nothing,26.389
2019-11_gen6ou-0.json,Camerupt,Items,,Leftovers,15.278
2019-11_gen6ou-0.json,Camerupt,Items,,Choice Specs,8.333
2019-11_gen6ou-0.json,Camerupt,Items,,Weakness Policy,5.556
2019-11_gen6ou-0.json,Camerupt,Items,,Focus Sash,4.167
2019-11_gen6ou-0.json,Camerupt,Items,,Flame Plate,4.167
2019-11_gen6ou-0.json,Camerupt,Items,,Earth Plate,2.778
2019-11_gen6ou-0.json,Camerupt,Items,,Other,4.167
2019-11_gen6ou-0.json,Camerupt,Spreads,,Other,37.5
2019-11_gen6ou-0.json,Camerupt,Moves,,Earth Power,66.667
2019-11_gen6ou-0.json,Camerupt,Moves,,Flamethrower,52.778
2019-11_gen6ou-0.json,Camerupt,Moves,,Flash Cannon,51.389
2019-11_gen6ou-0.json,Camerupt,Moves,,Eruption,50.0
2019-11_gen6ou-0.json,Camerupt,Moves,,Earthquake,37.5
2019-11_gen6ou-0.json,Camerupt,Moves,,Stealth Rock,30.556
2019-11_gen6ou-0.json,Camerupt,Moves,,Rock Slide,25.0
2019-11_gen6ou-0.json,Camerupt,Moves,,Rock Polish,13.889
2019-11_gen6ou-0.json,Camerupt,Moves,,Overheat,11.111
2019-11_gen6ou-0.json,Camerupt,Moves,,Fire Blast,9.722
2019-11_gen6ou-0.json,Camerupt,Moves,,Lava Plume,9.722
2019-11_gen6ou-0.json,Camerupt,Moves,,Iron Head,8.333
2019-11_gen6ou-0.json,Camerupt,Moves,,Explosion,6.944
2019-11_gen6ou-0.json,Camerupt,Moves,,Toxic,2.778
2019-11_gen6ou-0.json,Camerupt,Moves,,Heat Wave,2.778
2019-11_gen6ou-0.json,Camerupt,Moves,,Hidden Power Flying,2.778
2019-11_gen6ou-0.json,Camerupt,Moves,,Other,18.056
2019-11_gen6ou-0.json,Aurorus,Stats,Raw count,,76
2019-11_gen6ou-0.json,Aurorus,Stats,Avg. weight,,1.0
2019-11_gen6ou-0.json,Aurorus,Stats,Viability Ceiling,,74
2019-11_gen6ou-0.json,Aurorus,Stats,Modest,,7.895
2019-11_gen6ou-0.json,Aurorus,Stats,Careful,,13.158
2019-11_gen6ou-0.json,Aurorus,Stats,Adamant,,13.158
2019-11_gen6ou-0.json,Aurorus,Stats,Relaxed,,6.579
2019-11_gen6ou-0.json,Aurorus,Stats,Quiet,,3.947
2019-11_gen6ou-0.json,Aurorus,Abilities,,Refrigerate,65.789
2019-11_gen6ou-0.json,Aurorus,Abilities,,Snow Warning,34.211
2019-11_gen6ou-0.json,Aurorus,Items,,Never-Melt Ice,28.947
2019-11_gen6ou-0.json,Aurorus,Items,,Leftovers,14.474
2019-11_gen6ou-0.json,Aurorus,Items,,Choice Scarf,7.895
2019-11_gen6ou-0.json,Aurorus,Items,,Lum Berry,7.895
2019-11_gen6ou-0.json,Aurorus,Items,,Assault Vest,6.579
2019-11_gen6ou-0.json,Aurorus,Items,,Icy Rock,6.579
2019-11_gen6ou-0.json,Aurorus,Items,,Babiri Berry,5.263
2019-11_gen6ou-0.json,Aurorus,Items,,Chople Berry,5.263
2019-11_gen6ou-0.json,Aurorus,Items,,Nothing,5.263
2019-11_gen6ou-0.json,Aurorus,Items,,Focus Sash,3.947
2019-11_gen6ou-0.json,Aurorus,Items,,Rocky Helmet,2.632
2019-11_gen6ou-0.json,Aurorus,Items,,Rock Incense,2.632
2019-11_gen6ou-0.json,Aurorus,Items,,Other,2.632
2019-11_gen6ou-0.json,Aurorus,Spreads,,Other,19.737
2019-11_gen6ou-0.json,Aurorus,Moves,,Blizzard,35.526
2019-11_gen6ou-0.json,Aurorus,Moves,,Freeze-Dry,32.895
2019-11_gen6ou-0.json,Aurorus,Moves,,Earth Power,31.579
2019-11_gen6ou-0.json,Aurorus,Moves,,Thunderbolt,31.579
2019-11_gen6ou-0.json,Aurorus,Moves,,Ice Beam,30.263
2019-11_gen6ou-0.json,Aurorus,Moves,,Hyper Voice,27.632
2019-11_gen6ou-0.json,Aurorus,Moves,,Dragon Tail,26.316
2019-11_gen6ou-0.json,Aurorus,Moves,,Aqua Tail,22.368
2019-11_gen6ou-0.json,Aurorus,Moves,,Earthquake,19.737
2019-11_gen6ou-0.json,Aurorus,Moves,,Avalanche,18.421
2019-11_gen6ou-0.json,Aurorus,Moves,,Rock Slide,18.421
2019-11_gen6ou-0.json,Aurorus,Moves,,Psychic,15.789
2019-11_gen6ou-0.json,Aurorus,Moves,,Ancient Power,11.842
2019-11_gen6ou-0.json,Aurorus,Moves,,Flash Cannon,10.526
2019-11_gen6ou-0.json,Aurorus,Moves,,Discharge,9.211
2019-11_gen6ou-0.json,Aurorus,Moves,,Stone Edge,7.895
2019-11_gen6ou-0.json,Aurorus,Moves,,Outrage,6.579
2019-11_gen6ou-0.json,Aurorus,Moves,,Light Screen,5.263
2019-11_gen6ou-0.json,Aurorus,Moves,,Thunder,5.263
2019-11_gen6ou-0.json,Aurorus,Moves,,Reflect,5.263
2019-11_gen6ou-0.json,Aurorus,Moves,,Roar,5.263
2019-11_gen6ou-0.json,Aurorus,Moves,,Hidden Power Fire,3.947
2019-11_gen6ou-0.json,Aurorus,Moves,,Other,18.421
2019-11_gen6ou-0.json,Mawile,Stats,Raw count,,68
2019-11_gen6ou-0.json,Mawile,Stats,Avg. weight,,1.0
2019-11_gen6ou-0.json,Mawile,Stats,Viability Ceiling,,58
2019-11_gen6ou-0.json,Mawile,Stats,Impish,,38.235
2019-11_gen6ou-0.json,Mawile,Stats,Adamant,,7.353
2019-11_gen6ou-0.json,Mawile,Stats,Modest,,10.294
2019-11_gen6ou-0.json,Mawile,Stats,Brave,,4.412
2019-11_gen6ou-0.json,Mawile,Stats,Hardy,,2.941
2019-11_gen6ou-0.json,Mawile,Abilities,,Intimidate,58.824
2019-11_gen6ou-0.json,Mawile,Abilities,,Sheer Force,25.0
2019-11_gen6ou-0.json,Mawile,Abilities,,Hyper Cutter,16.176
2019-11_gen6ou-0.json,Mawile,Items,,Assault Vest,39.706
2019-11_gen6ou-0.json,Mawile,Items,,Life Orb,13.235
2019-11_gen6ou-0.json,Mawile,Items,,Focus Sash,11.765
2019-11_gen6ou-0.json,Mawile,Items,,Air Balloon,8.824
2019-11_gen6ou-0.json,Mawile,Items,,Metal Coat,5.882
2019-11_gen6ou-0.json,Mawile,Items,,Leftovers,5.882
2019-11_gen6ou-0.json,Mawile,Items,,Choice Band,5.882
2019-11_gen6ou-0.json,Mawile,Items,,Nothing,2.941
2019-11_gen6ou-0.json,Mawile,Items,,Choice Scarf,1.471
2019-11_gen6ou-0.json,Mawile,Items,,Other,4.412
2019-11_gen6ou-0.json,Mawile,Spreads,,Other,8.824
2019-11_gen6ou-0.json,Mawile,Moves,,Play Rough,92.647
2019-11_gen6ou-0.json,Mawile,Moves,,Iron Head,77.941
2019-11_gen6ou-0.json,Mawile,Moves,,Sucker Punch,63.235
2019-11_gen6ou-0.json,Mawile,Moves,,Fire Fang,52.941
2019-11_gen6ou-0.json,Mawile,Moves,,Swords Dance,23.529
2019-11_gen6ou-0.json,Mawile,Moves,,Crunch,17.647
2019-11_gen6ou-0.json,Mawile,Moves,,Flamethrower,14.706
2019-11_gen6ou-0.json,Mawile,Moves,,Ice Punch,13.235
2019-11_gen6ou-0.json,Mawile,Moves,,Flash Cannon,11.765
2019-11_gen6ou-0.json,Mawile,Moves,,Dark Pulse,4.412
2019-11_gen6ou-0.json,Mawile,Moves,,Nothing,2.941
2019-11_gen6ou-0.json,Mawile,Moves,,Frustration,2.941
2019-11_gen6ou-0.json,Mawile,Moves,,Mega Kick,2.941
2019-11_gen6ou-0.json,Mawile,Moves,,Other,19.118
2019-11_gen6ou-0.json,Vivillon,Stats,Raw count,,66
2019-11_gen6ou-0.json,Vivillon,Stats,Avg. weight,,1.0
2019-11_gen6ou-0.json,Vivillon,Stats,Viability Ceiling,,83
2019-11_gen6ou-0.json,Vivillon,Stats,Hardy,,7.576
2019-11_gen6ou-0.json,Vivillon,Stats,Modest,,25.758
2019-11_gen6ou-0.json,Vivillon,Stats,Timid,,4.545
2019-11_gen6ou-0.json,Vivillon,Stats,Hasty,,4.545
2019-11_gen6ou-0.json,Vivillon,Abilities,,Compound Eyes,72.727
2019-11_gen6ou-0.json,Vivillon,Abilities,,Shield Dust,27.273
2019-11_gen6ou-0.json,Vivillon,Items,,Life Orb,31.818
2019-11_gen6ou-0.json,Vivillon,Items,,Focus Sash,31.818
2019-11_gen6ou-0.json,Vivillon,Items,,Leftovers,22.727
2019-11_gen6ou-0.json,Vivillon,Items,,Hard Stone,4.545
2019-11_gen6ou-0.json,Vivillon,Items,,Wide Lens,3.03
2019-11_gen6ou-0.json,Vivillon,Items,,Nothing,3.03
2019-11_gen6ou-0.json,Vivillon,Items,,Other,3.03
2019-11_gen6ou-0.json,Vivillon,Spreads,,Other,13.636
2019-11_gen6ou-0.json,Vivillon,Moves,,Quiver Dance,81.818
2019-11_gen6ou-0.json,Vivillon,Moves,,Bug Buzz,72.727
2019-11_gen6ou-0.json,Vivillon,Moves,,Sleep Powder,62.121
2019-11_gen6ou-0.json,Vivillon,Moves,,Hurricane,60.606
2019-11_gen6ou-0.json,Vivillon,Moves,,Hidden Power Water,22.727
2019-11_gen6ou-0.json,Vivillon,Moves,,Energy Ball,18.182
2019-11_gen6ou-0.json,Vivillon,Moves,,Hyper Beam,16.667
2019-11_gen6ou-0.json,Vivillon,Moves,,Hidden Power Fire,9.091
2019-11_gen6ou-0.json,Vivillon,Moves,,Hidden Power Ice,7.576
2019-11_gen6ou-0.json,Vivillon,Moves,,Giga Drain,7.576
2019-11_gen6ou-0.json,Vivillon,Moves,,Psychic,6.061
2019-11_gen6ou-0.json,Vivillon,Moves,,Hidden Power Dragon,4.545
2019-11_gen6ou-0.json,Vivillon,Moves,,Aerial Ace,4.545
2019-11_gen6ou-0.json,Vivillon,Moves,,Hidden Power Rock,4.545
2019-11_gen6ou-0.json,Vivillon,Moves,,Calm Mind,3.03
2019-11_gen6ou-0.json,Vivillon,Moves,,Other,18.182
2019-11_gen6ou-0.json,Rotom,Stats,Raw count,,61
2019-11_gen6ou-0.json,Rotom,Stats,Avg. weight,,1.0
2019-11_gen6ou-0.json,Rotom,Stats,Viability Ceiling,,55
2019-11_gen6ou-0.json,Rotom,Stats,Modest,,6.557
2019-11_gen6ou-0.json,Rotom,Stats,Timid,,9.836
2019-11_gen6ou-0.json,Rotom,Stats,Calm,,4.918
2019-11_gen6ou-0.json,Rotom,Stats,Mild,,4.918
2019-11_gen6ou-0.json,Rotom,Stats,Rash,,3.279
2019-11_gen6ou-0.json,Rotom,Abilities,,Levitate,100.0
2019-11_gen6ou-0.json,Rotom,Items,,Focus Sash,65.574
2019-11_gen6ou-0.json,Rotom,Items,,Choice Scarf,9.836
2019-11_gen6ou-0.json,Rotom,Items,,Magnet,6.557
2019-11_gen6ou-0.json,Rotom,Items,,Berry Juice,4.918
2019-11_gen6ou-0.json,Rotom,Items,,Zap Plate,4.918
2019-11_gen6ou-0.json,Rotom,Items,,Wide Lens,3.279
2019-11_gen6ou-0.json,Rotom,Items,,Other,4.918
2019-11_gen6ou-0.json,Rotom,Spreads,,Other,4.918
2019-11_gen6ou-0.json,Rotom,Moves,,Discharge,90.164
2019-11_gen6ou-0.json,Rotom,Moves,,Hex,68.852
2019-11_gen6ou-0.json,Rotom,Moves,,Thunder Wave,65.574
2019-11_gen6ou-0.json,Rotom,Moves,,Confuse Ray,65.574
2019-11_gen6ou-0.json,Rotom,Moves,,Shadow Ball,22.951
2019-11_gen6ou-0.json,Rotom,Moves,,Signal Beam,16.393
2019-11_gen6ou-0.json,Rotom,Moves,,Will-O-Wisp,13.115
2019-11_gen6ou-0.json,Rotom,Moves,,Thunder,11.475
2019-11_gen6ou-0.json,Rotom,Moves,,Trick,9.836
2019-11_gen6ou-0.json,Rotom,Moves,,Thunderbolt,8.197
2019-11_gen6ou-0.json,Rotom,Moves,,Ominous Wind,6.557
2019-11_gen6ou-0.json,Rotom,Moves,,Reflect,4.918
2019-11_gen6ou-0.json,Rotom,Moves,,Other,16.393
2019-11_gen6ou-0.json,Rotom-Mow,Stats,Raw count,,61
2019-11_gen6ou-0.json,Rotom-Mow,Stats,Avg. weight,,1.0
2019-11_gen6ou-0.json,Rotom-Mow,Stats,Viability Ceiling,,67
2019-11_gen6ou-0.json,Rotom-Mow,Stats,Modest,,11.475
2019-11_gen6ou-0.json,Rotom-Mow,Stats,Timid,,4.918
2019-11_gen6ou-0.json,Rotom-Mow,Stats,Hardy,,8.197
2019-11_gen6ou-0.json,Rotom-Mow,Stats,Rash,,6.557
2019-11_gen6ou-0.json,Rotom-Mow,Abilities,,Levitate,100.0
2019-11_gen6ou-0.json,Rotom-Mow,Items,,Choice Specs,50.82
2019-11_gen6ou-0.json,Rotom-Mow,Items,,Leftovers,19.672
2019-11_gen6ou-0.json,Rotom-Mow,Items,,Charcoal,8.197
2019-11_gen6ou-0.json,Rotom-Mow,Items,,Choice Scarf,6.557
2019-11_gen6ou-0.json,Rotom-Mow,Items,,Rocky Helmet,6.557
2019-11_gen6ou-0.json,Rotom-Mow,Items,,Sitrus Berry,4.918
2019-11_gen6ou-0.json,Rotom-Mow,Items,,Other,3.279
2019-11_gen6ou-0.json,Rotom-Mow,Spreads,,Other,18.033
2019-11_gen6ou-0.json,Rotom-Mow,Moves,,Leaf Storm,86.885
2019-11_gen6ou-0.json,Rotom-Mow,Moves,,Volt Switch,59.016
2019-11_gen6ou-0.json,Rotom-Mow,Moves,,Trick,57.377
2019-11_gen6ou-0.json,Rotom-Mow,Moves,,Thunderbolt,52.459
2019-11_gen6ou-0.json,Rotom-Mow,Moves,,Discharge,22.951
2019-11_gen6ou-0.json,Rotom-Mow,Moves,,Thunder,19.672
2019-11_gen6ou-0.json,Rotom-Mow,Moves,,Shadow Ball,16.393
2019-11_gen6ou-0.json,Rotom-Mow,Moves,,Hidden Power Fire,11.475
2019-11_gen6ou-0.json,Rotom-Mow,Moves,,Signal Beam,9.836
2019-11_gen6ou-0.json,Rotom-Mow,Moves,,Sucker Punch,9.836
2019-11_gen6ou-0.json,Rotom-Mow,Moves,,Toxic,9.836
2019-11_gen6ou-0.json,Rotom-Mow,Moves,,Foul Play,8.197
2019-11_gen6ou-0.json,Rotom-Mow,Moves,,Hex,8.197
2019-11_gen6ou-0.json,Rotom-Mow,Moves,,Will-O-Wisp,8.197
2019-11_gen6ou-0.json,Rotom-Mow,Moves,,Other,19.672
2019-11_gen6ou-0.json,Sharpedo,Stats,Raw count,,63
2019-11_gen6ou-0.json,Sharpedo,Stats,Avg. weight,,1.0
2019-11_gen6ou-0.json,Sharpedo,Stats,Viability Ceiling,,67
2019-11_gen6ou-0.json,Sharpedo,Stats,Adamant,,9.524
2019-11_gen6ou-0.json,Sharpedo,Stats,Sassy,,20.635
2019-11_gen6ou-0.json,Sharpedo,Stats,Jolly,,19.048
2019-11_gen6ou-0.json,Sharpedo,Stats,Modest,,4.762
2019-11_gen6ou-0.json,Sharpedo,Stats,Hardy,,4.762
2019-11_gen6ou-0.json,Sharpedo,Abilities,,Speed Boost,52.381
2019-11_gen6ou-0.json,Sharpedo,Abilities,,Rough Skin,47.619
2019-11_gen6ou-0.json,Sharpedo,Items,,Leftovers,22.222
2019-11_gen6ou-0.json,Sharpedo,Items,,Choice Band,20.635
2019-11_gen6ou-0.json,Sharpedo,Items,,Nothing,14.286
2019-11_gen6ou-0.json,Sharpedo,Items,,Life Orb,12.698
2019-11_gen6ou-0.json,Sharpedo,Items,,Razor Claw,9.524
2019-11_gen6ou-0.json,Sharpedo,Items,,Black Glasses,4.762
2019-11_gen6ou-0.json,Sharpedo,Items,,Power Herb,3.175
2019-11_gen6ou-0.json,Sharpedo,Items,,Choice Scarf,3.175
2019-11_gen6ou-0.json,Sharpedo,Items,,Rocky Helmet,3.175
2019-11_gen6ou-0.json,Sharpedo,Items,,Focus Sash,3.175
2019-11_gen6ou-0.json,Sharpedo,Items,,Other,3.175
2019-11_gen6ou-0.json,Sharpedo,Spreads,,Other,20.635
2019-11_gen6ou-0.json,Sharpedo,Moves,,Crunch,66.667
2019-11_gen6ou-0.json,Sharpedo,Moves,,Waterfall,53.968
2019-11_gen6ou-0.json,Sharpedo,Moves,,Earthquake,49.206
2019-11_gen6ou-0.json,Sharpedo,Moves,,Ice Beam,31.746
2019-11_gen6ou-0.json,Sharpedo,Moves,,Surf,31.746
2019-11_gen6ou-0.json,Sharpedo,Moves,,Ice Fang,30.159
2019-11_gen6ou-0.json,Sharpedo,Moves,,Hydro Pump,26.984
2019-11_gen6ou-0.json,Sharpedo,Moves,,Aqua Jet,23.81
2019-11_gen6ou-0.json,Sharpedo,Moves,,Toxic,20.635
2019-11_gen6ou-0.json,Sharpedo,Moves,,Protect,19.048
2019-11_gen6ou-0.json,Sharpedo,Moves,,Destiny Bond,6.349
2019-11_gen6ou-0.json,Sharpedo,Moves,,Thief,4.762
2019-11_gen6ou-0.json,Sharpedo,Moves,,Bite,4.762
2019-11_gen6ou-0.json,Sharpedo,Moves,,Poison Jab,4.762
2019-11_gen6ou-0.json,Sharpedo,Moves,,Whirlpool,4.762
2019-11_gen6ou-0.json,Sharpedo,Moves,,Zen Headbutt,4.762
2019-11_gen6ou-0.json,Sharpedo,Moves,,Other,15.873
2019-11_gen6ou-0.json,Tauros,Stats,Raw count,,66
2019-11_gen6ou-0.json,Tauros,Stats,Avg. weight,,1.0
2019-11_gen6ou-0.json,Tauros,Stats,Viability Ceiling,,72
2019-11_gen6ou-0.json,Tauros,Stats,Naive,,27.273
2019-11_gen6ou-0.json,Tauros,Stats,Hardy,,12.121
2019-11_gen6ou-0.json,Tauros,Stats,Adamant,,12.121
2019-11_gen6ou-0.json,Tauros,Stats,Hasty,,10.606
2019-11_gen6ou-0.json,Tauros,Stats,Jolly,,10.606
2019-11_gen6ou-0.json,Tauros,Abilities,,Sheer Force,50.0
2019-11_gen6ou-0.json,Tauros,Abilities,,Intimidate,31.818
2019-11_gen6ou-0.json,Tauros,Abilities,,Anger Point,18.182
2019-11_gen6ou-0.json,Tauros,Items,,Life Orb,63.636
2019-11_gen6ou-0.json,Tauros,Items,,Quick Claw,15.152
2019-11_gen6ou-0.json,Tauros,Items,,Lum Berry,12.121
2019-11_gen6ou-0.json,Tauros,Items,,Focus Sash,4.545
2019-11_gen6ou-0.json,Tauros,Items,,Other,4.545
2019-11_gen6ou-0.json,Tauros,Spreads,,Other,12.121
2019-11_gen6ou-0.json,Tauros,Moves,,Earthquake,89.394
2019-11_gen6ou-0.json,Tauros,Moves,,Rock Climb,39.394
2019-11_gen6ou-0.json,Tauros,Moves,,Nothing,30.303
2019-11_gen6ou-0.json,Tauros,Moves,,Rock Slide,30.303
2019-11_gen6ou-0.json,Tauros,Moves,,Fire Blast,24.242
2019-11_gen6ou-0.json,Tauros,Moves,,Return,21.212
2019-11_gen6ou-0.json,Tauros,Moves,,Body Slam,18.182
2019-11_gen6ou-0.json,Tauros,Moves,,Wild Charge,18.182
2019-11_gen6ou-0.json,Tauros,Moves,,Flamethrower,16.667
2019-11_gen6ou-0.json,Tauros,Moves,,Surf,15.152
2019-11_gen6ou-0.json,Tauros,Moves,,Iron Head,15.152
2019-11_gen6ou-0.json,Tauros,Moves,,Thunderbolt,13.636
2019-11_gen6ou-0.json,Tauros,Moves,,Zen Headbutt,13.636
2019-11_gen6ou-0.json,Tauros,Moves,,Pursuit,12.121
2019-11_gen6ou-0.json,Tauros,Moves,,Blizzard,10.606
2019-11_gen6ou-0.json,Tauros,Moves,,Work Up,10.606
2019-11_gen6ou-0.json,Tauros,Moves,,Ice Beam,4.545
2019-11_gen6ou-0.json,Tauros,Moves,,Other,16.667
2019-11_gen6ou-0.json,Abomasnow-Mega,Stats,Raw count,,66
2019-11_gen6ou-0.json,Abomasnow-Mega,Stats,Avg. weight,,1.0
2019-11_gen6ou-0.json,Abomasnow-Mega,Stats,Viability Ceiling,,72
2019-11_gen6ou-0.json,Abomasnow-Mega,Stats,Quiet,,12.121
2019-11_gen6ou-0.json,Abomasnow-Mega,Stats,Hardy,,7.576
2019-11_gen6ou-0.json,Abomasnow-Mega,Stats,Sassy,,9.091
2019-11_gen6ou-0.json,Abomasnow-Mega,Stats,Naughty,,6.061
2019-11_gen6ou-0.json,Abomasnow-Mega,Abilities,,Snow Warning,100.0
2019-11_gen6ou-0.json,Abomasnow-Mega,Items,,Abomasite,100.0
2019-11_gen6ou-0.json,Abomasnow-Mega,Spreads,,Other,45.455
2019-11_gen6ou-0.json,Abomasnow-Mega,Moves,,Blizzard,77.273
2019-11_gen6ou-0.json,Abomasnow-Mega,Moves,,Earthquake,51.515
2019-11_gen6ou-0.json,Abomasnow-Mega,Moves,,Giga Drain,42.424
2019-11_gen6ou-0.json,Abomasnow-Mega,Moves,,Ice Shard,36.364
2019-11_gen6ou-0.json,Abomasnow-Mega,Moves,,Wood Hammer,33.333
2019-11_gen6ou-0.json,Abomasnow-Mega,Moves,,Energy Ball,24.242
2019-11_gen6ou-0.json,Abomasnow-Mega,Moves,,Leech Seed,19.697
2019-11_gen6ou-0.json,Abomasnow-Mega,Moves,,Avalanche,16.667
2019-11_gen6ou-0.json,Abomasnow-Mega,Moves,,Ice Beam,15.152
2019-11_gen6ou-0.json,Abomasnow-Mega,Moves,,Protect,15.152
2019-11_gen6ou-0.json,Abomasnow-Mega,Moves,,Seed Bomb,12.121
2019-11_gen6ou-0.json,Abomasnow-Mega,Moves,,Ice Punch,10.606
2019-11_gen6ou-0.json,Abomasnow-Mega,Moves,,Substitute,9.091
2019-11_gen6ou-0.json,Abomasnow-Mega,Moves,,Rest,9.091
2019-11_gen6ou-0.json,Abomasnow-Mega,Moves,,Bullet Seed,7.576
2019-11_gen6ou-0.json,Abomasnow-Mega,Moves,,Other,19.697
2019-11_gen6ou-0.json,Uxie,Stats,Raw count,,65
2019-11_gen6ou-0.json,Uxie,Stats,Avg. weight,,1.0
2019-11_gen6ou-0.json,Uxie,Stats,Viability Ceiling,,84
2019-11_gen6ou-0.json,Uxie,Stats,Bold,,6.154
2019-11_gen6ou-0.json,Uxie,Stats,Modest,,16.923
2019-11_gen6ou-0.json,Uxie,Stats,Sassy,,10.769
2019-11_gen6ou-0.json,Uxie,Stats,Impish,,9.231
2019-11_gen6ou-0.json,Uxie,Abilities,,Levitate,100.0
2019-11_gen6ou-0.json,Uxie,Items,,Leftovers,41.538
2019-11_gen6ou-0.json,Uxie,Items,,Choice Scarf,35.385
2019-11_gen6ou-0.json,Uxie,Items,,Focus Sash,10.769
2019-11_gen6ou-0.json,Uxie,Items,,Light Clay,6.154
2019-11_gen6ou-0.json,Uxie,Items,,Mental Herb,4.615
2019-11_gen6ou-0.json,Uxie,Items,,Other,1.538
2019-11_gen6ou-0.json,Uxie,Spreads,,Other,20.0
2019-11_gen6ou-0.json,Uxie,Moves,,Stealth Rock,73.846
2019-11_gen6ou-0.json,Uxie,Moves,,Trick Room,64.615
2019-11_gen6ou-0.json,Uxie,Moves,,Memento,56.923
2019-11_gen6ou-0.json,Uxie,Moves,,Trick,35.385
2019-11_gen6ou-0.json,Uxie,Moves,,Psychic,18.462
2019-11_gen6ou-0.json,Uxie,Moves,,Knock Off,16.923
2019-11_gen6ou-0.json,Uxie,Moves,,Magic Coat,15.385
2019-11_gen6ou-0.json,Uxie,Moves,,Calm Mind,10.769
2019-11_gen6ou-0.json,Uxie,Moves,,Thunder Wave,10.769
2019-11_gen6ou-0.json,Uxie,Moves,,Toxic,10.769
2019-11_gen6ou-0.json,Uxie,Moves,,Reflect,10.769
2019-11_gen6ou-0.json,Uxie,Moves,,U-turn,10.769
2019-11_gen6ou-0.json,Uxie,Moves,,Hidden Power Fire,9.231
2019-11_gen6ou-0.json,Uxie,Moves,,Zen Headbutt,9.231
2019-11_gen6ou-0.json,Uxie,Moves,,Giga Drain,9.231
2019-11_gen6ou-0.json,Uxie,Moves,,Extrasensory,9.231
2019-11_gen6ou-0.json,Uxie,Moves,,Light Screen,6.154
2019-11_gen6ou-0.json,Uxie,Moves,,Imprison,4.615
2019-11_gen6ou-0.json,Uxie,Moves,,Other,16.923
2019-11_gen6ou-0.json,Cradily,Stats,Raw count,,64
2019-11_gen6ou-0.json,Cradily,Stats,Avg. weight,,1.0
2019-11_gen6ou-0.json,Cradily,Stats,Viability Ceiling,,56
2019-11_gen6ou-0.json,Cradily,Stats,Bold,,10.938
2019-11_gen6ou-0.json,Cradily,Stats,Hardy,,6.250
2019-11_gen6ou-0.json,Cradily,Stats,Adamant,,7.812
2019-11_gen6ou-0.json,Cradily,Stats,Hasty,,6.250
2019-11_gen6ou-0.json,Cradily,Abilities,,Storm Drain,57.812
2019-11_gen6ou-0.json,Cradily,Abilities,,Suction Cups,42.188
2019-11_gen6ou-0.json,Cradily,Items,,Leftovers,50.0
2019-11_gen6ou-0.json,Cradily,Items,,Focus Sash,9.375
2019-11_gen6ou-0.json,Cradily,Items,,Zoom Lens,9.375
2019-11_gen6ou-0.json,Cradily,Items,,Big Root,6.25
2019-11_gen6ou-0.json,Cradily,Items,,Choice Band,6.25
2019-11_gen6ou-0.json,Cradily,Items,,Assault Vest,4.688
2019-11_gen6ou-0.json,Cradily,Items,,Nothing,4.688
2019-11_gen6ou-0.json,Cradily,Items,,Custap Berry,4.688
2019-11_gen6ou-0.json,Cradily,Items,,Other,4.688
2019-11_gen6ou-0.json,Cradily,Spreads,,Other,43.75
2019-11_gen6ou-0.json,Cradily,Moves,,Recover,45.312
2019-11_gen6ou-0.json,Cradily,Moves,,Toxic,40.625
2019-11_gen6ou-0.json,Cradily,Moves,,Giga Drain,34.375
2019-11_gen6ou-0.json,Cradily,Moves,,Energy Ball,29.688
2019-11_gen6ou-0.json,Cradily,Moves,,Earth Power,25.0
2019-11_gen6ou-0.json,Cradily,Moves,,Stealth Rock,25.0
2019-11_gen6ou-0.json,Cradily,Moves,,Sandstorm,17.188
2019-11_gen6ou-0.json,Cradily,Moves,,Earthquake,15.625
2019-11_gen6ou-0.json,Cradily,Moves,,Stone Edge,15.625
2019-11_gen6ou-0.json,Cradily,Moves,,Pain Split,14.062
2019-11_gen6ou-0.json,Cradily,Moves,,Ingrain,12.5
2019-11_gen6ou-0.json,Cradily,Moves,,Seed Bomb,12.5
2019-11_gen6ou-0.json,Cradily,Moves,,Rock Slide,12.5
2019-11_gen6ou-0.json,Cradily,Moves,,Sludge Bomb,9.375
2019-11_gen6ou-0.json,Cradily,Moves,,Ancient Power,9.375
2019-11_gen6ou-0.json,Cradily,Moves,,Rest,7.812
2019-11_gen6ou-0.json,Cradily,Moves,,Swords Dance,7.812
2019-11_gen6ou-0.json,Cradily,Moves,,Infestation,7.812
2019-11_gen6ou-0.json,Cradily,Moves,,Bullet Seed,7.812
2019-11_gen6ou-0.json,Cradily,Moves,,Block,7.812
2019-11_gen6ou-0.json,Cradily,Moves,,Substitute,6.25
2019-11_gen6ou-0.json,Cradily,Moves,,Body Slam,6.25
2019-11_gen6ou-0.json,Cradily,Moves,,Acid,4.688
2019-11_gen6ou-0.json,Cradily,Moves,,Sleep Talk,4.688
2019-11_gen6ou-0.json,Cradily,Moves,,Confuse Ray,4.688
2019-11_gen6ou-0.json,Cradily,Moves,,Other,15.625
2019-11_gen6ou-0.json,Drifblim,Stats,Raw count,,67
2019-11_gen6ou-0.json,Drifblim,Stats,Avg. weight,,1.0
2019-11_gen6ou-0.json,Drifblim,Stats,Viability Ceiling,,66
2019-11_gen6ou-0.json,Drifblim,Stats,Modest,,4.478
2019-11_gen6ou-0.json,Drifblim,Stats,Timid,,14.925
2019-11_gen6ou-0.json,Drifblim,Stats,Rash,,4.478
2019-11_gen6ou-0.json,Drifblim,Abilities,,Unburden,67.164
2019-11_gen6ou-0.json,Drifblim,Abilities,,Aftermath,23.881
2019-11_gen6ou-0.json,Drifblim,Abilities,,Flare Boost,8.955
2019-11_gen6ou-0.json,Drifblim,Items,,Sitrus Berry,29.851
2019-11_gen6ou-0.json,Drifblim,Items,,Petaya Berry,14.925
2019-11_gen6ou-0.json,Drifblim,Items,,Quick Claw,11.94
2019-11_gen6ou-0.json,Drifblim,Items,,Chesto Berry,10.448
2019-11_gen6ou-0.json,Drifblim,Items,,Flame Orb,8.955
2019-11_gen6ou-0.json,Drifblim,Items,,Lum Berry,7.463
2019-11_gen6ou-0.json,Drifblim,Items,,Leftovers,5.97
2019-11_gen6ou-0.json,Drifblim,Items,,Berry Juice,4.478
2019-11_gen6ou-0.json,Drifblim,Items,,Nothing,2.985
2019-11_gen6ou-0.json,Drifblim,Items,,Other,2.985
2019-11_gen6ou-0.json,Drifblim,Spreads,,Other,19.403
2019-11_gen6ou-0.json,Drifblim,Moves,,Shadow Ball,65.672
2019-11_gen6ou-0.json,Drifblim,Moves,,Thunderbolt,44.776
2019-11_gen6ou-0.json,Drifblim,Moves,,Psychic,41.791
2019-11_gen6ou-0.json,Drifblim,Moves,,Hex,26.866
2019-11_gen6ou-0.json,Drifblim,Moves,,Defog,25.373
2019-11_gen6ou-0.json,Drifblim,Moves,,Tailwind,23.881
2019-11_gen6ou-0.json,Drifblim,Moves,,Substitute,22.388
2019-11_gen6ou-0.json,Drifblim,Moves,,Thunder Wave,19.403
2019-11_gen6ou-0.json,Drifblim,Moves,,Rest,17.91
2019-11_gen6ou-0.json,Drifblim,Moves,,Calm Mind,17.91
2019-11_gen6ou-0.json,Drifblim,Moves,,Hidden Power Fighting,16.418
2019-11_gen6ou-0.json,Drifblim,Moves,,Destiny Bond,16.418
2019-11_gen6ou-0.json,Drifblim,Moves,,Will-O-Wisp,10.448
2019-11_gen6ou-0.json,Drifblim,Moves,,Acrobatics,8.955
2019-11_gen6ou-0.json,Drifblim,Moves,,Explosion,7.463
2019-11_gen6ou-0.json,Drifblim,Moves,,Clear Smog,5.97
2019-11_gen6ou-0.json,Drifblim,Moves,,Air Cutter,4.478
2019-11_gen6ou-0.json,Drifblim,Moves,,Haze,4.478
2019-11_gen6ou-0.json,Drifblim,Moves,,Other,19.403
2019-11_gen6ou-0.json,Braviary,Stats,Raw count,,67
2019-11_gen6ou-0.json,Braviary,Stats,Avg. weight,,1.0
2019-11_gen6ou-0.json,Braviary,Stats,Viability Ceiling,,69
2019-11_gen6ou-0.json,Braviary,Stats,Jolly,,5.970
2019-11_gen6ou-0.json,Braviary,Stats,Hardy,,10.448
2019-11_gen6ou-0.json,Braviary,Stats,Adamant,,5.970
2019-11_gen6ou-0.json,Braviary,Stats,Mild,,5.970
2019-11_gen6ou-0.json,Braviary,Stats,Careful,,5.970
2019-11_gen6ou-0.json,Braviary,Abilities,,Defiant,61.194
2019-11_gen6ou-0.json,Braviary,Abilities,,Sheer Force,19.403
2019-11_gen6ou-0.json,Braviary,Abilities,,Keen Eye,19.403
2019-11_gen6ou-0.json,Braviary,Items,,Choice Scarf,52.239
2019-11_gen6ou-0.json,Braviary,Items,,Leftovers,26.866
2019-11_gen6ou-0.json,Braviary,Items,,Razor Claw,5.97
2019-11_gen6ou-0.json,Braviary,Items,,Life Orb,4.478
2019-11_gen6ou-0.json,Braviary,Items,,Choice Band,4.478
2019-11_gen6ou-0.json,Braviary,Items,,Rocky Helmet,1.493
2019-11_gen6ou-0.json,Braviary,Items,,Other,4.478
2019-11_gen6ou-0.json,Braviary,Spreads,,Other,22.388
2019-11_gen6ou-0.json,Braviary,Moves,,Nothing,125.373
2019-11_gen6ou-0.json,Braviary,Moves,,Brave Bird,92.537
2019-11_gen6ou-0.json,Braviary,Moves,,U-turn,23.881
2019-11_gen6ou-0.json,Braviary,Moves,,Superpower,22.388
2019-11_gen6ou-0.json,Braviary,Moves,,Roost,19.403
2019-11_gen6ou-0.json,Braviary,Moves,,Rock Slide,14.925
2019-11_gen6ou-0.json,Braviary,Moves,,Air Slash,13.433
2019-11_gen6ou-0.json,Braviary,Moves,,Hidden Power Electric,10.448
2019-11_gen6ou-0.json,Braviary,Moves,,Return,10.448
2019-11_gen6ou-0.json,Braviary,Moves,,Fly,10.448
2019-11_gen6ou-0.json,Braviary,Moves,,Shadow Claw,8.955
2019-11_gen6ou-0.json,Braviary,Moves,,Facade,7.463
2019-11_gen6ou-0.json,Braviary,Moves,,Bulk Up,5.97
2019-11_gen6ou-0.json,Braviary,Moves,,Steel Wing,5.97
2019-11_gen6ou-0.json,Braviary,Moves,,Heat Wave,5.97
2019-11_gen6ou-0.json,Braviary,Moves,,Hone Claws,4.478
2019-11_gen6ou-0.json,Braviary,Moves,,Other,17.91
2019-11_gen6ou-0.json,Yanmega,Stats,Raw count,,60
2019-11_gen6ou-0.json,Yanmega,Stats,Avg. weight,,1.0
2019-11_gen6ou-0.json,Yanmega,Stats,Viability Ceiling,,62
2019-11_gen6ou-0.json,Yanmega,Stats,Modest,,8.333
2019-11_gen6ou-0.json,Yanmega,Stats,Hardy,,6.667
2019-11_gen6ou-0.json,Yanmega,Abilities,,Speed Boost,100.0
2019-11_gen6ou-0.json,Yanmega,Items,,Life Orb,65.0
2019-11_gen6ou-0.json,Yanmega,Items,,Focus Sash,11.667
2019-11_gen6ou-0.json,Yanmega,Items,,Scope Lens,8.333
2019-11_gen6ou-0.json,Yanmega,Items,,Leftovers,6.667
2019-11_gen6ou-0.json,Yanmega,Items,,Choice Specs,3.333
2019-11_gen6ou-0.json,Yanmega,Items,,Other,5.0
2019-11_gen6ou-0.json,Yanmega,Spreads,,Other,15.0
2019-11_gen6ou-0.json,Yanmega,Moves,,Air Slash,96.667
2019-11_gen6ou-0.json,Yanmega,Moves,,Bug Buzz,88.333
2019-11_gen6ou-0.json,Yanmega,Moves,,Protect,78.333
2019-11_gen6ou-0.json,Yanmega,Moves,,Giga Drain,43.333
2019-11_gen6ou-0.json,Yanmega,Moves,,Ancient Power,23.333
2019-11_gen6ou-0.json,Yanmega,Moves,,Detect,18.333
2019-11_gen6ou-0.json,Yanmega,Moves,,Hidden Power Ice,13.333
2019-11_gen6ou-0.json,Yanmega,Moves,,Shadow Ball,13.333
2019-11_gen6ou-0.json,Yanmega,Moves,,Defog,8.333
2019-11_gen6ou-0.json,Yanmega,Moves,,Other,16.667
2019-11_gen6ou-0.json,Swoobat,Stats,Raw count,,61
2019-11_gen6ou-0.json,Swoobat,Stats,Avg. weight,,1.0
2019-11_gen6ou-0.json,Swoobat,Stats,Viability Ceiling,,74
2019-11_gen6ou-0.json,Swoobat,Stats,Timid,,11.475
2019-11_gen6ou-0.json,Swoobat,Abilities,,Simple,100.0
2019-11_gen6ou-0.json,Swoobat,Items,,Lum Berry,83.607
2019-11_gen6ou-0.json,Swoobat,Items,,Leftovers,9.836
2019-11_gen6ou-0.json,Swoobat,Items,,Colbur Berry,3.279
2019-11_gen6ou-0.json,Swoobat,Items,,Other,3.279
2019-11_gen6ou-0.json,Swoobat,Spreads,,Other,4.918
2019-11_gen6ou-0.json,Swoobat,Moves,,Calm Mind,100.0
2019-11_gen6ou-0.json,Swoobat,Moves,,Heat Wave,91.803
2019-11_gen6ou-0.json,Swoobat,Moves,,Stored Power,91.803
2019-11_gen6ou-0.json,Swoobat,Moves,,Roost,86.885
2019-11_gen6ou-0.json,Swoobat,Moves,,Air Slash,9.836
2019-11_gen6ou-0.json,Swoobat,Moves,,Other,19.672
2019-11_gen6ou-0.json,Butterfree,Stats,Raw count,,62
2019-11_gen6ou-0.json,Butterfree,Stats,Avg. weight,,1.0
2019-11_gen6ou-0.json,Butterfree,Stats,Viability Ceiling,,54
2019-11_gen6ou-0.json,Butterfree,Stats,Modest,,80.645
2019-11_gen6ou-0.json,Butterfree,Stats,Hardy,,1.613
2019-11_gen6ou-0.json,Butterfree,Stats,Hasty,,3.226
2019-11_gen6ou-0.json,Butterfree,Stats,Timid,,1.613
2019-11_gen6ou-0.json,Butterfree,Abilities,,Compound Eyes,96.774
2019-11_gen6ou-0.json,Butterfree,Abilities,,Tinted Lens,3.226
2019-11_gen6ou-0.json,Butterfree,Items,,Focus Sash,41.935
2019-11_gen6ou-0.json,Butterfree,Items,,Life Orb,19.355
2019-11_gen6ou-0.json,Butterfree,Items,,Wide Lens,14.516
2019-11_gen6ou-0.json,Butterfree,Items,,Leftovers,12.903
2019-11_gen6ou-0.json,Butterfree,Items,,Nothing,8.065
2019-11_gen6ou-0.json,Butterfree,Items,,Other,3.226
2019-11_gen6ou-0.json,Butterfree,Spreads,,Other,6.452
2019-11_gen6ou-0.json,Butterfree,Moves,,Bug Buzz,91.935
2019-11_gen6ou-0.json,Butterfree,Moves,,Sleep Powder,90.323
2019-11_gen6ou-0.json,Butterfree,Moves,,Quiver Dance,83.871
2019-11_gen6ou-0.json,Butterfree,Moves,,Energy Ball,69.355
2019-11_gen6ou-0.json,Butterfree,Moves,,Psychic,16.129
2019-11_gen6ou-0.json,Butterfree,Moves,,Giga Drain,8.065
2019-11_gen6ou-0.json,Butterfree,Moves,,Stun Spore,6.452
2019-11_gen6ou-0.json,Butterfree,Moves,,Tailwind,3.226
2019-11_gen6ou-0.json,Butterfree,Moves,,Aerial Ace,3.226
2019-11_gen6ou-0.json,Butterfree,Moves,,Toxic,3.226
2019-11_gen6ou-0.json,Butterfree,Moves,,Shadow Ball,3.226
2019-11_gen6ou-0.json,Butterfree,Moves,,Double-Edge,3.226
2019-11_gen6ou-0.json,Butterfree,Moves,,Other,17.742
2019-11_gen6ou-0.json,Manectric,Stats,Raw count,,64
2019-11_gen6ou-0.json,Manectric,Stats,Avg. weight,,1.0
2019-11_gen6ou-0.json,Manectric,Stats,Viability Ceiling,,58
2019-11_gen6ou-0.json,Manectric,Stats,Timid,,25.000
2019-11_gen6ou-0.json,Manectric,Stats,Serious,,14.062
2019-11_gen6ou-0.json,Manectric,Stats,Hardy,,4.688
2019-11_gen6ou-0.json,Manectric,Stats,Modest,,4.688
2019-11_gen6ou-0.json,Manectric,Abilities,,Static,53.125
2019-11_gen6ou-0.json,Manectric,Abilities,,Lightning Rod,46.875
2019-11_gen6ou-0.json,Manectric,Items,,Choice Specs,18.75
2019-11_gen6ou-0.json,Manectric,Items,,Air Balloon,15.625
2019-11_gen6ou-0.json,Manectric,Items,,Choice Scarf,14.062
2019-11_gen6ou-0.json,Manectric,Items,,Nothing,12.5
2019-11_gen6ou-0.json,Manectric,Items,,Magnet,9.375
2019-11_gen6ou-0.json,Manectric,Items,,Icicle Plate,9.375
2019-11_gen6ou-0.json,Manectric,Items,,Expert Belt,4.688
2019-11_gen6ou-0.json,Manectric,Items,,Leftovers,4.688
2019-11_gen6ou-0.json,Manectric,Items,,Cell Battery,3.125
2019-11_gen6ou-0.json,Manectric,Items,,Zap Plate,3.125
2019-11_gen6ou-0.json,Manectric,Items,,Other,4.688
2019-11_gen6ou-0.json,Manectric,Spreads,,Other,37.5
2019-11_gen6ou-0.json,Manectric,Moves,,Thunderbolt,73.438
2019-11_gen6ou-0.json,Manectric,Moves,,Volt Switch,57.812
2019-11_gen6ou-0.json,Manectric,Moves,,Flamethrower,34.375
2019-11_gen6ou-0.json,Manectric,Moves,,Overheat,32.812
2019-11_gen6ou-0.json,Manectric,Moves,,Crunch,31.25
2019-11_gen6ou-0.json,Manectric,Moves,,Ice Fang,26.562
2019-11_gen6ou-0.json,Manectric,Moves,,Thunder,18.75
2019-11_gen6ou-0.json,Manectric,Moves,,Hidden Power Grass,17.188
2019-11_gen6ou-0.json,Manectric,Moves,,Discharge,15.625
2019-11_gen6ou-0.json,Manectric,Moves,,Hidden Power Ice,14.062
2019-11_gen6ou-0.json,Manectric,Moves,,Signal Beam,10.938
2019-11_gen6ou-0.json,Manectric,Moves,,Wild Charge,10.938
2019-11_gen6ou-0.json,Manectric,Moves,,Quick Attack,7.812
2019-11_gen6ou-0.json,Manectric,Moves,,Hidden Power Water,4.688
2019-11_gen6ou-0.json,Manectric,Moves,,Spark,4.688
2019-11_gen6ou-0.json,Manectric,Moves,,Thunder Wave,4.688
2019-11_gen6ou-0.json,Manectric,Moves,,Protect,4.688
2019-11_gen6ou-0.json,Manectric,Moves,,Howl,4.688
2019-11_gen6ou-0.json,Manectric,Moves,,Thunder Fang,3.125
2019-11_gen6ou-0.json,Manectric,Moves,,Substitute,3.125
2019-11_gen6ou-0.json,Manectric,Moves,,Other,18.75
2019-11_gen6ou-0.json,Shiftry,Stats,Raw count,,60
2019-11_gen6ou-0.json,Shiftry,Stats,Avg. weight,,1.0
2019-11_gen6ou-0.json,Shiftry,Stats,Viability Ceiling,,66
2019-11_gen6ou-0.json,Shiftry,Stats,Adamant,,36.667
2019-11_gen6ou-0.json,Shiftry,Stats,Lonely,,18.333
2019-11_gen6ou-0.json,Shiftry,Stats,Hardy,,5.000
2019-11_gen6ou-0.json,Shiftry,Stats,Jolly,,5.000
2019-11_gen6ou-0.json,Shiftry,Abilities,,Chlorophyll,88.333
2019-11_gen6ou-0.json,Shiftry,Abilities,,Early Bird,6.667
2019-11_gen6ou-0.json,Shiftry,Abilities,,Pickpocket,5.0
2019-11_gen6ou-0.json,Shiftry,Items,,Nothing,35.0
2019-11_gen6ou-0.json,Shiftry,Items,,Leftovers,23.333
2019-11_gen6ou-0.json,Shiftry,Items,,Focus Sash,23.333
2019-11_gen6ou-0.json,Shiftry,Items,,Life Orb,6.667
2019-11_gen6ou-0.json,Shiftry,Items,,Lum Berry,5.0
2019-11_gen6ou-0.json,Shiftry,Items,,Black Glasses,3.333
2019-11_gen6ou-0.json,Shiftry,Items,,Other,3.333
2019-11_gen6ou-0.json,Shiftry,Spreads,,Other,20.0
2019-11_gen6ou-0.json,Shiftry,Moves,,Leaf Blade,61.667
2019-11_gen6ou-0.json,Shiftry,Moves,,Foul Play,38.333
2019-11_gen6ou-0.json,Shiftry,Moves,,X-Scissor,33.333
2019-11_gen6ou-0.json,Shiftry,Moves,,Defog,31.667
2019-11_gen6ou-0.json,Shiftry,Moves,,Swords Dance,30.0
2019-11_gen6ou-0.json,Shiftry,Moves,,Knock Off,30.0
2019-11_gen6ou-0.json,Shiftry,Moves,,Aerial Ace,23.333
2019-11_gen6ou-0.json,Shiftry,Moves,,Leaf Storm,23.333
2019-11_gen6ou-0.json,Shiftry,Moves,,Hurricane,16.667
2019-11_gen6ou-0.json,Shiftry,Moves,,Explosion,16.667
2019-11_gen6ou-0.json,Shiftry,Moves,,Giga Drain,15.0
2019-11_gen6ou-0.json,Shiftry,Moves,,Sucker Punch,11.667
2019-11_gen6ou-0.json,Shiftry,Moves,,Bullet Seed,11.667
2019-11_gen6ou-0.json,Shiftry,Moves,,Energy Ball,10.0
2019-11_gen6ou-0.json,Shiftry,Moves,,Seed Bomb,6.667
2019-11_gen6ou-0.json,Shiftry,Moves,,Dark Pulse,6.667
2019-11_gen6ou-0.json,Shiftry,Moves,,Focus Blast,6.667
2019-11_gen6ou-0.json,Shiftry,Moves,,Tailwind,5.0
2019-11_gen6ou-0.json,Shiftry,Moves,,Rock Slide,5.0
2019-11_gen6ou-0.json,Shiftry,Moves,,Other,16.667
2019-11_gen6ou-0.json,Escavalier,Stats,Raw count,,68
2019-11_gen6ou-0.json,Escavalier,Stats,Avg. weight,,1.0
2019-11_gen6ou-0.json,Escavalier,Stats,Viability Ceiling,,65
2019-11_gen6ou-0.json,Escavalier,Stats,Hardy,,4.412
2019-11_gen6ou-0.json,Escavalier,Stats,Adamant,,4.412
2019-11_gen6ou-0.json,Escavalier,Abilities,,Overcoat,73.529
2019-11_gen6ou-0.json,Escavalier,Abilities,,Swarm,17.647
2019-11_gen6ou-0.json,Escavalier,Abilities,,Shell Armor,8.824
2019-11_gen6ou-0.json,Escavalier,Items,,Assault Vest,60.294
2019-11_gen6ou-0.json,Escavalier,Items,,Nothing,17.647
2019-11_gen6ou-0.json,Escavalier,Items,,Focus Sash,11.765
2019-11_gen6ou-0.json,Escavalier,Items,,Rocky Helmet,2.941
2019-11_gen6ou-0.json,Escavalier,Items,,Quick Claw,2.941
2019-11_gen6ou-0.json,Escavalier,Items,,Other,4.412
2019-11_gen6ou-0.json,Escavalier,Spreads,,Other,10.294
2019-11_gen6ou-0.json,Escavalier,Moves,,Iron Head,91.176
2019-11_gen6ou-0.json,Escavalier,Moves,,Drill Run,83.824
2019-11_gen6ou-0.json,Escavalier,Moves,,Megahorn,80.882
2019-11_gen6ou-0.json,Escavalier,Moves,,Pursuit,58.824
2019-11_gen6ou-0.json,Escavalier,Moves,,Poison Jab,14.706
2019-11_gen6ou-0.json,Escavalier,Moves,,Energy Ball,10.294
2019-11_gen6ou-0.json,Escavalier,Moves,,Knock Off,7.353
2019-11_gen6ou-0.json,Escavalier,Moves,,Bug Buzz,7.353
2019-11_gen6ou-0.json,Escavalier,Moves,,Substitute,7.353
2019-11_gen6ou-0.json,Escavalier,Moves,,Toxic,5.882
2019-11_gen6ou-0.json,Escavalier,Moves,,Twineedle,5.882
2019-11_gen6ou-0.json,Escavalier,Moves,,Scary Face,4.412
2019-11_gen6ou-0.json,Escavalier,Moves,,Giga Drain,4.412
2019-11_gen6ou-0.json,Escavalier,Moves,,Other,17.647
2019-11_gen6ou-0.json,Magneton,Stats,Raw count,,58
2019-11_gen6ou-0.json,Magneton,Stats,Avg. weight,,1.0
2019-11_gen6ou-0.json,Magneton,Stats,Viability Ceiling,,84
2019-11_gen6ou-0.json,Magneton,Stats,Timid,,3.448
2019-11_gen6ou-0.json,Magneton,Stats,Naive,,17.241
2019-11_gen6ou-0.json,Magneton,Stats,Modest,,17.241
2019-11_gen6ou-0.json,Magneton,Stats,Hardy,,1.724
2019-11_gen6ou-0.json,Magneton,Abilities,,Magnet Pull,75.862
2019-11_gen6ou-0.json,Magneton,Abilities,,Analytic,20.69
2019-11_gen6ou-0.json,Magneton,Abilities,,Sturdy,3.448
2019-11_gen6ou-0.json,Magneton,Items,,Choice Scarf,67.241
2019-11_gen6ou-0.json,Magneton,Items,,Eviolite,22.414
2019-11_gen6ou-0.json,Magneton,Items,,Leftovers,3.448
2019-11_gen6ou-0.json,Magneton,Items,,Metal Coat,1.724
2019-11_gen6ou-0.json,Magneton,Items,,Air Balloon,1.724
2019-11_gen6ou-0.json,Magneton,Items,,Other,3.448
2019-11_gen6ou-0.json,Magneton,Spreads,,Other,10.345
2019-11_gen6ou-0.json,Magneton,Moves,,Thunderbolt,75.862
2019-11_gen6ou-0.json,Magneton,Moves,,Flash Cannon,75.862
2019-11_gen6ou-0.json,Magneton,Moves,,Volt Switch,70.69
2019-11_gen6ou-0.json,Magneton,Moves,,Hidden Power Fire,70.69
2019-11_gen6ou-0.json,Magneton,Moves,,Thunder Wave,46.552
2019-11_gen6ou-0.json,Magneton,Moves,,Discharge,22.414
2019-11_gen6ou-0.json,Magneton,Moves,,Metal Sound,17.241
2019-11_gen6ou-0.json,Magneton,Moves,,Signal Beam,3.448
2019-11_gen6ou-0.json,Magneton,Moves,,Other,17.241
2019-11_gen6ou-0.json,Pangoro,Stats,Raw count,,55
2019-11_gen6ou-0.json,Pangoro,Stats,Avg. weight,,1.0
2019-11_gen6ou-0.json,Pangoro,Stats,Viability Ceiling,,71
2019-11_gen6ou-0.json,Pangoro,Stats,Sassy,,21.818
2019-11_gen6ou-0.json,Pangoro,Stats,Adamant,,10.909
2019-11_gen6ou-0.json,Pangoro,Stats,Jolly,,12.727
2019-11_gen6ou-0.json,Pangoro,Stats,Hardy,,5.455
2019-11_gen6ou-0.json,Pangoro,Abilities,,Iron Fist,94.545
2019-11_gen6ou-0.json,Pangoro,Abilities,,Scrappy,3.636
2019-11_gen6ou-0.json,Pangoro,Abilities,,Mold Breaker,1.818
2019-11_gen6ou-0.json,Pangoro,Items,,Life Orb,30.909
2019-11_gen6ou-0.json,Pangoro,Items,,Choice Scarf,16.364
2019-11_gen6ou-0.json,Pangoro,Items,,Leftovers,14.545
2019-11_gen6ou-0.json,Pangoro,Items,,Assault Vest,10.909
2019-11_gen6ou-0.json,Pangoro,Items,,Muscle Band,10.909
2019-11_gen6ou-0.json,Pangoro,Items,,Black Belt,7.273
2019-11_gen6ou-0.json,Pangoro,Items,,Focus Sash,3.636
2019-11_gen6ou-0.json,Pangoro,Items,,Air Balloon,1.818
2019-11_gen6ou-0.json,Pangoro,Items,,Other,3.636
2019-11_gen6ou-0.json,Pangoro,Spreads,,Other,16.364
2019-11_gen6ou-0.json,Pangoro,Moves,,Ice Punch,54.545
2019-11_gen6ou-0.json,Pangoro,Moves,,Drain Punch,49.091
2019-11_gen6ou-0.json,Pangoro,Moves,,Parting Shot,43.636
2019-11_gen6ou-0.json,Pangoro,Moves,,Knock Off,32.727
2019-11_gen6ou-0.json,Pangoro,Moves,,Thunder Punch,30.909
2019-11_gen6ou-0.json,Pangoro,Moves,,Hammer Arm,21.818
2019-11_gen6ou-0.json,Pangoro,Moves,,Payback,21.818
2019-11_gen6ou-0.json,Pangoro,Moves,,Power-Up Punch,20.0
2019-11_gen6ou-0.json,Pangoro,Moves,,Fire Punch,18.182
2019-11_gen6ou-0.json,Pangoro,Moves,,Gunk Shot,14.545
2019-11_gen6ou-0.json,Pangoro,Moves,,Swords Dance,12.727
2019-11_gen6ou-0.json,Pangoro,Moves,,Crunch,12.727
2019-11_gen6ou-0.json,Pangoro,Moves,,Brick Break,10.909
2019-11_gen6ou-0.json,Pangoro,Moves,,Sky Uppercut,10.909
2019-11_gen6ou-0.json,Pangoro,Moves,,Earthquake,10.909
2019-11_gen6ou-0.json,Pangoro,Moves,,Body Slam,7.273
2019-11_gen6ou-0.json,Pangoro,Moves,,Superpower,5.455
2019-11_gen6ou-0.json,Pangoro,Moves,,Iron Head,3.636
2019-11_gen6ou-0.json,Pangoro,Moves,,Other,18.182
2019-11_gen6ou-0.json,Bouffalant,Stats,Raw count,,54
2019-11_gen6ou-0.json,Bouffalant,Stats,Avg. weight,,1.0
2019-11_gen6ou-0.json,Bouffalant,Stats,Viability Ceiling,,67
2019-11_gen6ou-0.json,Bouffalant,Stats,Adamant,,9.259
2019-11_gen6ou-0.json,Bouffalant,Stats,Hardy,,33.333
2019-11_gen6ou-0.json,Bouffalant,Stats,Careful,,12.963
2019-11_gen6ou-0.json,Bouffalant,Abilities,,Sap Sipper,96.296
2019-11_gen6ou-0.json,Bouffalant,Abilities,,Reckless,3.704
2019-11_gen6ou-0.json,Bouffalant,Items,,Leftovers,53.704
2019-11_gen6ou-0.json,Bouffalant,Items,,Assault Vest,44.444
2019-11_gen6ou-0.json,Bouffalant,Items,,Other,1.852
2019-11_gen6ou-0.json,Bouffalant,Spreads,,Other,1.852
2019-11_gen6ou-0.json,Bouffalant,Moves,,Earthquake,92.593
2019-11_gen6ou-0.json,Bouffalant,Moves,,Head Charge,87.037
2019-11_gen6ou-0.json,Bouffalant,Moves,,Wild Charge,51.852
2019-11_gen6ou-0.json,Bouffalant,Moves,,Skull Bash,42.593
2019-11_gen6ou-0.json,Bouffalant,Moves,,Poison Jab,40.741
2019-11_gen6ou-0.json,Bouffalant,Moves,,Payback,33.333
2019-11_gen6ou-0.json,Bouffalant,Moves,,Return,12.963
2019-11_gen6ou-0.json,Bouffalant,Moves,,Swords Dance,12.963
2019-11_gen6ou-0.json,Bouffalant,Moves,,Substitute,12.963
2019-11_gen6ou-0.json,Bouffalant,Moves,,Other,12.963
2019-11_gen6ou-0.json,Glaceon,Stats,Raw count,,59
2019-11_gen6ou-0.json,Glaceon,Stats,Avg. weight,,1.0
2019-11_gen6ou-0.json,Glaceon,Stats,Viability Ceiling,,61
2019-11_gen6ou-0.json,Glaceon,Stats,Modest,,6.780
2019-11_gen6ou-0.json,Glaceon,Stats,Brave,,6.780
2019-11_gen6ou-0.json,Glaceon,Stats,Hardy,,5.085
2019-11_gen6ou-0.json,Glaceon,Abilities,,Snow Cloak,59.322
2019-11_gen6ou-0.json,Glaceon,Abilities,,Ice Body,40.678
2019-11_gen6ou-0.json,Glaceon,Items,,Icy Rock,25.424
2019-11_gen6ou-0.json,Glaceon,Items,,Nothing,20.339
2019-11_gen6ou-0.json,Glaceon,Items,,Leftovers,18.644
2019-11_gen6ou-0.json,Glaceon,Items,,Choice Specs,13.559
2019-11_gen6ou-0.json,Glaceon,Items,,Icicle Plate,11.864
2019-11_gen6ou-0.json,Glaceon,Items,,Focus Sash,5.085
2019-11_gen6ou-0.json,Glaceon,Items,,Choice Scarf,3.39
2019-11_gen6ou-0.json,Glaceon,Items,,Other,1.695
2019-11_gen6ou-0.json,Glaceon,Spreads,,Other,33.898
2019-11_gen6ou-0.json,Glaceon,Moves,,Ice Beam,89.831
2019-11_gen6ou-0.json,Glaceon,Moves,,Shadow Ball,54.237
2019-11_gen6ou-0.json,Glaceon,Moves,,Hail,35.593
2019-11_gen6ou-0.json,Glaceon,Moves,,Blizzard,23.729
2019-11_gen6ou-0.json,Glaceon,Moves,,Ice Fang,23.729
2019-11_gen6ou-0.json,Glaceon,Moves,,Aqua Tail,23.729
2019-11_gen6ou-0.json,Glaceon,Moves,,Avalanche,22.034
2019-11_gen6ou-0.json,Glaceon,Moves,,Heal Bell,16.949
2019-11_gen6ou-0.json,Glaceon,Moves,,Hidden Power Ground,13.559
2019-11_gen6ou-0.json,Glaceon,Moves,,Giga Impact,10.169
2019-11_gen6ou-0.json,Glaceon,Moves,,Ice Shard,10.169
2019-11_gen6ou-0.json,Glaceon,Moves,,Water Pulse,10.169
2019-11_gen6ou-0.json,Glaceon,Moves,,Signal Beam,8.475
2019-11_gen6ou-0.json,Glaceon,Moves,,Double-Edge,8.475
2019-11_gen6ou-0.json,Glaceon,Moves,,Hyper Voice,6.78
2019-11_gen6ou-0.json,Glaceon,Moves,,Hidden Power Fighting,5.085
2019-11_gen6ou-0.json,Glaceon,Moves,,Last Resort,5.085
2019-11_gen6ou-0.json,Glaceon,Moves,,Work Up,5.085
2019-11_gen6ou-0.json,Glaceon,Moves,,Hyper Beam,5.085
2019-11_gen6ou-0.json,Glaceon,Moves,,Quick Attack,3.39
2019-11_gen6ou-0.json,Glaceon,Moves,,Other,18.644
2019-11_gen6ou-0.json,Linoone,Stats,Raw count,,56
2019-11_gen6ou-0.json,Linoone,Stats,Avg. weight,,1.0
2019-11_gen6ou-0.json,Linoone,Stats,Viability Ceiling,,84
2019-11_gen6ou-0.json,Linoone,Stats,Jolly,,8.929
2019-11_gen6ou-0.json,Linoone,Stats,Adamant,,5.357
2019-11_gen6ou-0.json,Linoone,Stats,Brave,,5.357
2019-11_gen6ou-0.json,Linoone,Abilities,,Gluttony,64.286
2019-11_gen6ou-0.json,Linoone,Abilities,,Pickup,32.143
2019-11_gen6ou-0.json,Linoone,Abilities,,Quick Feet,3.571
2019-11_gen6ou-0.json,Linoone,Items,,Salac Berry,23.214
2019-11_gen6ou-0.json,Linoone,Items,,Sitrus Berry,16.071
2019-11_gen6ou-0.json,Linoone,Items,,Life Orb,14.286
2019-11_gen6ou-0.json,Linoone,Items,,Leftovers,7.143
2019-11_gen6ou-0.json,Linoone,Items,,Aguav Berry,7.143
2019-11_gen6ou-0.json,Linoone,Items,,Mago Berry,7.143
2019-11_gen6ou-0.json,Linoone,Items,,Muscle Band,5.357
2019-11_gen6ou-0.json,Linoone,Items,,Shiny Stone,5.357
2019-11_gen6ou-0.json,Linoone,Items,,Figy Berry,5.357
2019-11_gen6ou-0.json,Linoone,Items,,Chople Berry,3.571
2019-11_gen6ou-0.json,Linoone,Items,,Nothing,3.571
2019-11_gen6ou-0.json,Linoone,Items,,Other,1.786
2019-11_gen6ou-0.json,Linoone,Spreads,,Other,39.286
2019-11_gen6ou-0.json,Linoone,Moves,,Belly Drum,83.929
2019-11_gen6ou-0.json,Linoone,Moves,,Extreme Speed,71.429
2019-11_gen6ou-0.json,Linoone,Moves,,Shadow Claw,46.429
2019-11_gen6ou-0.json,Linoone,Moves,,Play Rough,32.143
2019-11_gen6ou-0.json,Linoone,Moves,,Return,25.0
2019-11_gen6ou-0.json,Linoone,Moves,,Seed Bomb,19.643
2019-11_gen6ou-0.json,Linoone,Moves,,Body Slam,19.643
2019-11_gen6ou-0.json,Linoone,Moves,,Double-Edge,19.643
2019-11_gen6ou-0.json,Linoone,Moves,,Super Fang,12.5
2019-11_gen6ou-0.json,Linoone,Moves,,Nothing,7.143
2019-11_gen6ou-0.json,Linoone,Moves,,Substitute,7.143
2019-11_gen6ou-0.json,Linoone,Moves,,Switcheroo,7.143
2019-11_gen6ou-0.json,Linoone,Moves,,Protect,7.143
2019-11_gen6ou-0.json,Linoone,Moves,,Shadow Ball,7.143
2019-11_gen6ou-0.json,Linoone,Moves,,Thief,5.357
2019-11_gen6ou-0.json,Linoone,Moves,,Grass Knot,5.357
2019-11_gen6ou-0.json,Linoone,Moves,,Gunk Shot,5.357
2019-11_gen6ou-0.json,Linoone,Moves,,Other,17.857
2019-11_gen6ou-0.json,Altaria,Stats,Raw count,,62
2019-11_gen6ou-0.json,Altaria,Stats,Avg. weight,,1.0
2019-11_gen6ou-0.json,Altaria,Stats,Viability Ceiling,,53
2019-11_gen6ou-0.json,Altaria,Stats,Timid,,16.129
2019-11_gen6ou-0.json,Altaria,Stats,Adamant,,9.677
2019-11_gen6ou-0.json,Altaria,Stats,Calm,,6.452
2019-11_gen6ou-0.json,Altaria,Stats,Hardy,,6.452
2019-11_gen6ou-0.json,Altaria,Stats,Jolly,,6.452
2019-11_gen6ou-0.json,Altaria,Abilities,,Natural Cure,100.0
2019-11_gen6ou-0.json,Altaria,Items,,Leftovers,38.71
2019-11_gen6ou-0.json,Altaria,Items,,Nothing,32.258
2019-11_gen6ou-0.json,Altaria,Items,,Yache Berry,9.677
2019-11_gen6ou-0.json,Altaria,Items,,Focus Sash,6.452
2019-11_gen6ou-0.json,Altaria,Items,,Sitrus Berry,6.452
2019-11_gen6ou-0.json,Altaria,Items,,Life Orb,4.839
2019-11_gen6ou-0.json,Altaria,Items,,Other,1.613
2019-11_gen6ou-0.json,Altaria,Spreads,,Other,46.774
2019-11_gen6ou-0.json,Altaria,Moves,,Dragon Dance,43.548
2019-11_gen6ou-0.json,Altaria,Moves,,Dragon Pulse,33.871
2019-11_gen6ou-0.json,Altaria,Moves,,Draco Meteor,29.032
2019-11_gen6ou-0.json,Altaria,Moves,,Roost,27.419
2019-11_gen6ou-0.json,Altaria,Moves,,Dragon Claw,24.194
2019-11_gen6ou-0.json,Altaria,Moves,,Earthquake,24.194
2019-11_gen6ou-0.json,Altaria,Moves,,Cotton Guard,22.581
2019-11_gen6ou-0.json,Altaria,Moves,,Fire Blast,22.581
2019-11_gen6ou-0.json,Altaria,Moves,,Dazzling Gleam,17.742
2019-11_gen6ou-0.json,Altaria,Moves,,Confide,14.516
2019-11_gen6ou-0.json,Altaria,Moves,,Flamethrower,12.903
2019-11_gen6ou-0.json,Altaria,Moves,,Perish Song,11.29
2019-11_gen6ou-0.json,Altaria,Moves,,Moonblast,9.677
2019-11_gen6ou-0.json,Altaria,Moves,,Ice Beam,9.677
2019-11_gen6ou-0.json,Altaria,Moves,,Outrage,8.065
2019-11_gen6ou-0.json,Altaria,Moves,,Fly,8.065
2019-11_gen6ou-0.json,Altaria,Moves,,Rest,6.452
2019-11_gen6ou-0.json,Altaria,Moves,,Facade,6.452
2019-11_gen6ou-0.json,Altaria,Moves,,Feather Dance,6.452
2019-11_gen6ou-0.json,Altaria,Moves,,Heal Bell,6.452
2019-11_gen6ou-0.json,Altaria,Moves,,Agility,6.452
2019-11_gen6ou-0.json,Altaria,Moves,,Toxic,6.452
2019-11_gen6ou-0.json,Altaria,Moves,,Iron Tail,6.452
2019-11_gen6ou-0.json,Altaria,Moves,,Roar,6.452
2019-11_gen6ou-0.json,Altaria,Moves,,Aerial Ace,4.839
2019-11_gen6ou-0.json,Altaria,Moves,,Steel Wing,4.839
2019-11_gen6ou-0.json,Altaria,Moves,,Other,19.355
2019-11_gen6ou-0.json,Kyurem,Stats,Raw count,,52
2019-11_gen6ou-0.json,Kyurem,Stats,Avg. weight,,1.0
2019-11_gen6ou-0.json,Kyurem,Stats,Viability Ceiling,,92
2019-11_gen6ou-0.json,Kyurem,Stats,Timid,,3.846
2019-11_gen6ou-0.json,Kyurem,Stats,Mild,,25.000
2019-11_gen6ou-0.json,Kyurem,Stats,Modest,,5.769
2019-11_gen6ou-0.json,Kyurem,Stats,Rash,,3.846
2019-11_gen6ou-0.json,Kyurem,Abilities,,Pressure,100.0
2019-11_gen6ou-0.json,Kyurem,Items,,Choice Specs,50.0
2019-11_gen6ou-0.json,Kyurem,Items,,Assault Vest,21.154
2019-11_gen6ou-0.json,Kyurem,Items,,Leftovers,9.615
2019-11_gen6ou-0.json,Kyurem,Items,,Eviolite,5.769
2019-11_gen6ou-0.json,Kyurem,Items,,Sitrus Berry,3.846
2019-11_gen6ou-0.json,Kyurem,Items,,Focus Sash,3.846
2019-11_gen6ou-0.json,Kyurem,Items,,Life Orb,1.923
2019-11_gen6ou-0.json,Kyurem,Items,,Other,3.846
2019-11_gen6ou-0.json,Kyurem,Spreads,,Other,25.0
2019-11_gen6ou-0.json,Kyurem,Moves,,Ice Beam,94.231
2019-11_gen6ou-0.json,Kyurem,Moves,,Draco Meteor,67.308
2019-11_gen6ou-0.json,Kyurem,Moves,,Earth Power,51.923
2019-11_gen6ou-0.json,Kyurem,Moves,,Dragon Pulse,38.462
2019-11_gen6ou-0.json,Kyurem,Moves,,Hidden Power Fire,30.769
2019-11_gen6ou-0.json,Kyurem,Moves,,Dragon Claw,30.769
2019-11_gen6ou-0.json,Kyurem,Moves,,Focus Blast,25.0
2019-11_gen6ou-0.json,Kyurem,Moves,,Flash Cannon,11.538
2019-11_gen6ou-0.json,Kyurem,Moves,,Roost,9.615
2019-11_gen6ou-0.json,Kyurem,Moves,,Icy Wind,7.692
2019-11_gen6ou-0.json,Kyurem,Moves,,Dragon Tail,5.769
2019-11_gen6ou-0.json,Kyurem,Moves,,Rest,5.769
2019-11_gen6ou-0.json,Kyurem,Moves,,Shadow Ball,5.769
2019-11_gen6ou-0.json,Kyurem,Moves,,Other,15.385
2019-11_gen6ou-0.json,Articuno,Stats,Raw count,,59
2019-11_gen6ou-0.json,Articuno,Stats,Avg. weight,,1.0
2019-11_gen6ou-0.json,Articuno,Stats,Viability Ceiling,,49
2019-11_gen6ou-0.json,Articuno,Stats,Hasty,,8.475
2019-11_gen6ou-0.json,Articuno,Stats,Hardy,,5.085
2019-11_gen6ou-0.json,Articuno,Stats,Mild,,6.780
2019-11_gen6ou-0.json,Articuno,Stats,Modest,,5.085
2019-11_gen6ou-0.json,Articuno,Abilities,,Pressure,84.746
2019-11_gen6ou-0.json,Articuno,Abilities,,Snow Cloak,15.254
2019-11_gen6ou-0.json,Articuno,Items,,Leftovers,22.034
2019-11_gen6ou-0.json,Articuno,Items,,Nothing,18.644
2019-11_gen6ou-0.json,Articuno,Items,,Focus Sash,11.864
2019-11_gen6ou-0.json,Articuno,Items,,Choice Scarf,8.475
2019-11_gen6ou-0.json,Articuno,Items,,Never-Melt Ice,6.78
2019-11_gen6ou-0.json,Articuno,Items,,Custap Berry,5.085
2019-11_gen6ou-0.json,Articuno,Items,,Sharp Beak,5.085
2019-11_gen6ou-0.json,Articuno,Items,,Life Orb,3.39
2019-11_gen6ou-0.json,Articuno,Items,,Aguav Berry,3.39
2019-11_gen6ou-0.json,Articuno,Items,,Sitrus Berry,3.39
2019-11_gen6ou-0.json,Articuno,Items,,Choice Band,3.39
2019-11_gen6ou-0.json,Articuno,Items,,Shell Bell,3.39
2019-11_gen6ou-0.json,Articuno,Items,,Abomasite,1.695
2019-11_gen6ou-0.json,Articuno,Items,,Other,3.39
2019-11_gen6ou-0.json,Articuno,Spreads,,Other,62.712
2019-11_gen6ou-0.json,Articuno,Moves,,Ice Beam,52.542
2019-11_gen6ou-0.json,Articuno,Moves,,Hurricane,35.593
2019-11_gen6ou-0.json,Articuno,Moves,,Blizzard,32.203
2019-11_gen6ou-0.json,Articuno,Moves,,Roost,27.119
2019-11_gen6ou-0.json,Articuno,Moves,,Extrasensory,22.034
2019-11_gen6ou-0.json,Articuno,Moves,,Freeze-Dry,18.644
2019-11_gen6ou-0.json,Articuno,Moves,,Double-Edge,16.949
2019-11_gen6ou-0.json,Articuno,Moves,,Avalanche,15.254
2019-11_gen6ou-0.json,Articuno,Moves,,Facade,15.254
2019-11_gen6ou-0.json,Articuno,Moves,,Ice Shard,15.254
2019-11_gen6ou-0.json,Articuno,Moves,,Fly,15.254
2019-11_gen6ou-0.json,Articuno,Moves,,Aerial Ace,13.559
2019-11_gen6ou-0.json,Articuno,Moves,,Steel Wing,11.864
2019-11_gen6ou-0.json,Articuno,Moves,,Haze,10.169
2019-11_gen6ou-0.json,Articuno,Moves,,Frost Breath,10.169
2019-11_gen6ou-0.json,Articuno,Moves,,Hail,8.475
2019-11_gen6ou-0.json,Articuno,Moves,,Agility,6.78
2019-11_gen6ou-0.json,Articuno,Moves,,Hidden Power Dragon,5.085
2019-11_gen6ou-0.json,Articuno,Moves,,Toxic,5.085
2019-11_gen6ou-0.json,Articuno,Moves,,Rain Dance,5.085
2019-11_gen6ou-0.json,Articuno,Moves,,Rest,5.085
2019-11_gen6ou-0.json,Articuno,Moves,,U-turn,5.085
2019-11_gen6ou-0.json,Articuno,Moves,,Hidden Power Ground,5.085
2019-11_gen6ou-0.json,Articuno,Moves,,Sky Attack,5.085
2019-11_gen6ou-0.json,Articuno,Moves,,Hidden Power Electric,3.39
2019-11_gen6ou-0.json,Articuno,Moves,,Giga Impact,3.39
2019-11_gen6ou-0.json,Articuno,Moves,,Hidden Power Psychic,3.39
2019-11_gen6ou-0.json,Articuno,Moves,,Ancient Power,3.39
2019-11_gen6ou-0.json,Articuno,Moves,,Nothing,1.695
2019-11_gen6ou-0.json,Articuno,Moves,,Powder Snow,1.695
2019-11_gen6ou-0.json,Articuno,Moves,,Mist,1.695
2019-11_gen6ou-0.json,Articuno,Moves,,Other,18.644
2019-11_gen6ou-0.json,Golem,Stats,Raw count,,50
2019-11_gen6ou-0.json,Golem,Stats,Avg. weight,,1.0
2019-11_gen6ou-0.json,Golem,Stats,Viability Ceiling,,51
2019-11_gen6ou-0.json,Golem,Stats,Adamant,,10.000
2019-11_gen6ou-0.json,Golem,Stats,Hardy,,6.000
2019-11_gen6ou-0.json,Golem,Stats,Jolly,,6.000
2019-11_gen6ou-0.json,Golem,Abilities,,Sturdy,86.0
2019-11_gen6ou-0.json,Golem,Abilities,,Rock Head,10.0
2019-11_gen6ou-0.json,Golem,Abilities,,Sand Veil,4.0
2019-11_gen6ou-0.json,Golem,Items,,Leftovers,40.0
2019-11_gen6ou-0.json,Golem,Items,,Choice Band,14.0
2019-11_gen6ou-0.json,Golem,Items,,Weakness Policy,10.0
2019-11_gen6ou-0.json,Golem,Items,,Custap Berry,10.0
2019-11_gen6ou-0.json,Golem,Items,,Rock Incense,8.0
2019-11_gen6ou-0.json,Golem,Items,,Nothing,8.0
2019-11_gen6ou-0.json,Golem,Items,,Life Orb,6.0
2019-11_gen6ou-0.json,Golem,Items,,Other,4.0
2019-11_gen6ou-0.json,Golem,Spreads,,Other,30.0
2019-11_gen6ou-0.json,Golem,Moves,,Earthquake,78.0
2019-11_gen6ou-0.json,Golem,Moves,,Explosion,46.0
2019-11_gen6ou-0.json,Golem,Moves,,Sucker Punch,46.0
2019-11_gen6ou-0.json,Golem,Moves,,Stone Edge,38.0
2019-11_gen6ou-0.json,Golem,Moves,,Stealth Rock,34.0
2019-11_gen6ou-0.json,Golem,Moves,,Rock Blast,24.0
2019-11_gen6ou-0.json,Golem,Moves,,Thunder Punch,22.0
2019-11_gen6ou-0.json,Golem,Moves,,Nothing,16.0
2019-11_gen6ou-0.json,Golem,Moves,,Brick Break,14.0
2019-11_gen6ou-0.json,Golem,Moves,,Rock Polish,10.0
2019-11_gen6ou-0.json,Golem,Moves,,Fire Punch,10.0
2019-11_gen6ou-0.json,Golem,Moves,,Rock Slide,10.0
2019-11_gen6ou-0.json,Golem,Moves,,Roar,10.0
2019-11_gen6ou-0.json,Golem,Moves,,Body Slam,8.0
2019-11_gen6ou-0.json,Golem,Moves,,Gyro Ball,6.0
2019-11_gen6ou-0.json,Golem,Moves,,Toxic,6.0
2019-11_gen6ou-0.json,Golem,Moves,,Dig,6.0
2019-11_gen6ou-0.json,Golem,Moves,,Other,16.0
2019-11_gen6ou-0.json,Cottonee,Stats,Raw count,,51
2019-11_gen6ou-0.json,Cottonee,Stats,Avg. weight,,1.0
2019-11_gen6ou-0.json,Cottonee,Stats,Viability Ceiling,,50
2019-11_gen6ou-0.json,Cottonee,Stats,Adamant,,94.118
2019-11_gen6ou-0.json,Cottonee,Stats,Hardy,,1.961
2019-11_gen6ou-0.json,Cottonee,Abilities,,Prankster,100.0
2019-11_gen6ou-0.json,Cottonee,Items,,Focus Sash,98.039
2019-11_gen6ou-0.json,Cottonee,Items,,Other,1.961
2019-11_gen6ou-0.json,Cottonee,Spreads,,Other,3.922
2019-11_gen6ou-0.json,Cottonee,Moves,,Leech Seed,100.0
2019-11_gen6ou-0.json,Cottonee,Moves,,Substitute,100.0
2019-11_gen6ou-0.json,Cottonee,Moves,,Attract,94.118
2019-11_gen6ou-0.json,Cottonee,Moves,,Memento,92.157
2019-11_gen6ou-0.json,Cottonee,Moves,,Other,13.725
2019-11_gen6ou-0.json,Vileplume,Stats,Raw count,,53
2019-11_gen6ou-0.json,Vileplume,Stats,Avg. weight,,1.0
2019-11_gen6ou-0.json,Vileplume,Stats,Viability Ceiling,,59
2019-11_gen6ou-0.json,Vileplume,Stats,Relaxed,,26.415
2019-11_gen6ou-0.json,Vileplume,Stats,Modest,,5.660
2019-11_gen6ou-0.json,Vileplume,Stats,Mild,,15.094
2019-11_gen6ou-0.json,Vileplume,Stats,Hardy,,3.774
2019-11_gen6ou-0.json,Vileplume,Abilities,,Chlorophyll,56.604
2019-11_gen6ou-0.json,Vileplume,Abilities,,Effect Spore,43.396
2019-11_gen6ou-0.json,Vileplume,Items,,Black Sludge,67.925
2019-11_gen6ou-0.json,Vileplume,Items,,Leftovers,15.094
2019-11_gen6ou-0.json,Vileplume,Items,,Sitrus Berry,3.774
2019-11_gen6ou-0.json,Vileplume,Items,,Lum Berry,3.774
2019-11_gen6ou-0.json,Vileplume,Items,,Nothing,3.774
2019-11_gen6ou-0.json,Vileplume,Items,,Miracle Seed,3.774
2019-11_gen6ou-0.json,Vileplume,Items,,Other,1.887
2019-11_gen6ou-0.json,Vileplume,Spreads,,Other,16.981
2019-11_gen6ou-0.json,Vileplume,Moves,,Giga Drain,73.585
2019-11_gen6ou-0.json,Vileplume,Moves,,Toxic,43.396
2019-11_gen6ou-0.json,Vileplume,Moves,,Sludge Bomb,37.736
2019-11_gen6ou-0.json,Vileplume,Moves,,Sleep Powder,35.849
2019-11_gen6ou-0.json,Vileplume,Moves,,Dazzling Gleam,26.415
2019-11_gen6ou-0.json,Vileplume,Moves,,Synthesis,26.415
2019-11_gen6ou-0.json,Vileplume,Moves,,Moonblast,24.528
2019-11_gen6ou-0.json,Vileplume,Moves,,Venoshock,20.755
2019-11_gen6ou-0.json,Vileplume,Moves,,Leech Seed,16.981
2019-11_gen6ou-0.json,Vileplume,Moves,,Moonlight,16.981
2019-11_gen6ou-0.json,Vileplume,Moves,,Energy Ball,13.208
2019-11_gen6ou-0.json,Vileplume,Moves,,Ingrain,9.434
2019-11_gen6ou-0.json,Vileplume,Moves,,Grassy Terrain,9.434
2019-11_gen6ou-0.json,Vileplume,Moves,,Secret Power,9.434
2019-11_gen6ou-0.json,Vileplume,Moves,,Petal Dance,5.66
2019-11_gen6ou-0.json,Vileplume,Moves,,Drain Punch,3.774
2019-11_gen6ou-0.json,Vileplume,Moves,,Aromatherapy,3.774
2019-11_gen6ou-0.json,Vileplume,Moves,,Razor Leaf,3.774
2019-11_gen6ou-0.json,Vileplume,Moves,,Other,18.868
2019-11_gen6ou-0.json,Aromatisse,Stats,Raw count,,53
2019-11_gen6ou-0.json,Aromatisse,Stats,Avg. weight,,1.0
2019-11_gen6ou-0.json,Aromatisse,Stats,Viability Ceiling,,45
2019-11_gen6ou-0.json,Aromatisse,Stats,Calm,,3.774
2019-11_gen6ou-0.json,Aromatisse,Stats,Hardy,,7.547
2019-11_gen6ou-0.json,Aromatisse,Stats,Bold,,3.774
2019-11_gen6ou-0.json,Aromatisse,Abilities,,Healer,86.792
2019-11_gen6ou-0.json,Aromatisse,Abilities,,Aroma Veil,13.208
2019-11_gen6ou-0.json,Aromatisse,Items,,Leftovers,45.283
2019-11_gen6ou-0.json,Aromatisse,Items,,Life Orb,30.189
2019-11_gen6ou-0.json,Aromatisse,Items,,Nothing,16.981
2019-11_gen6ou-0.json,Aromatisse,Items,,Choice Scarf,3.774
2019-11_gen6ou-0.json,Aromatisse,Items,,Other,3.774
2019-11_gen6ou-0.json,Aromatisse,Spreads,,Other,9.434
2019-11_gen6ou-0.json,Aromatisse,Moves,,Moonblast,54.717
2019-11_gen6ou-0.json,Aromatisse,Moves,,Protect,41.509
2019-11_gen6ou-0.json,Aromatisse,Moves,,Wish,41.509
2019-11_gen6ou-0.json,Aromatisse,Moves,,Aromatherapy,35.849
2019-11_gen6ou-0.json,Aromatisse,Moves,,Dazzling Gleam,33.962
2019-11_gen6ou-0.json,Aromatisse,Moves,,Hidden Power Ice,30.189
2019-11_gen6ou-0.json,Aromatisse,Moves,,Energy Ball,30.189
2019-11_gen6ou-0.json,Aromatisse,Moves,,Drain Punch,30.189
2019-11_gen6ou-0.json,Aromatisse,Moves,,Heal Bell,16.981
2019-11_gen6ou-0.json,Aromatisse,Moves,,Calm Mind,13.208
2019-11_gen6ou-0.json,Aromatisse,Moves,,Flash Cannon,9.434
2019-11_gen6ou-0.json,Aromatisse,Moves,,Disable,9.434
2019-11_gen6ou-0.json,Aromatisse,Moves,,Facade,9.434
2019-11_gen6ou-0.json,Aromatisse,Moves,,Thunder,7.547
2019-11_gen6ou-0.json,Aromatisse,Moves,,Light Screen,7.547
2019-11_gen6ou-0.json,Aromatisse,Moves,,Draining Kiss,7.547
2019-11_gen6ou-0.json,Aromatisse,Moves,,Trick Room,5.66
2019-11_gen6ou-0.json,Aromatisse,Moves,,Other,15.094
2019-11_gen6ou-0.json,Bastiodon,Stats,Raw count,,57
2019-11_gen6ou-0.json,Bastiodon,Stats,Avg. weight,,1.0
2019-11_gen6ou-0.json,Bastiodon,Stats,Viability Ceiling,,69
2019-11_gen6ou-0.json,Bastiodon,Stats,Impish,,12.281
2019-11_gen6ou-0.json,Bastiodon,Stats,Calm,,17.544
2019-11_gen6ou-0.json,Bastiodon,Stats,Adamant,,15.789
2019-11_gen6ou-0.json,Bastiodon,Stats,Hardy,,5.263
2019-11_gen6ou-0.json,Bastiodon,Stats,Careful,,5.263
2019-11_gen6ou-0.json,Bastiodon,Abilities,,Sturdy,92.982
2019-11_gen6ou-0.json,Bastiodon,Abilities,,Soundproof,7.018
2019-11_gen6ou-0.json,Bastiodon,Items,,Leftovers,70.175
2019-11_gen6ou-0.json,Bastiodon,Items,,Custap Berry,21.053
2019-11_gen6ou-0.json,Bastiodon,Items,,Rocky Helmet,3.509
2019-11_gen6ou-0.json,Bastiodon,Items,,Babiri Berry,1.754
2019-11_gen6ou-0.json,Bastiodon,Items,,Other,3.509
2019-11_gen6ou-0.json,Bastiodon,Spreads,,Other,21.053
2019-11_gen6ou-0.json,Bastiodon,Moves,,Stealth Rock,71.93
2019-11_gen6ou-0.json,Bastiodon,Moves,,Toxic,64.912
2019-11_gen6ou-0.json,Bastiodon,Moves,,Roar,33.333
2019-11_gen6ou-0.json,Bastiodon,Moves,,Rest,22.807
2019-11_gen6ou-0.json,Bastiodon,Moves,,Counter,21.053
2019-11_gen6ou-0.json,Bastiodon,Moves,,Metal Burst,21.053
2019-11_gen6ou-0.json,Bastiodon,Moves,,Substitute,19.298
2019-11_gen6ou-0.json,Bastiodon,Moves,,Heavy Slam,19.298
2019-11_gen6ou-0.json,Bastiodon,Moves,,Protect,19.298
2019-11_gen6ou-0.json,Bastiodon,Moves,,Earthquake,15.789
2019-11_gen6ou-0.json,Bastiodon,Moves,,Taunt,12.281
2019-11_gen6ou-0.json,Bastiodon,Moves,,Flash Cannon,10.526
2019-11_gen6ou-0.json,Bastiodon,Moves,,Avalanche,7.018
2019-11_gen6ou-0.json,Bastiodon,Moves,,Rock Slide,7.018
2019-11_gen6ou-0.json,Bastiodon,Moves,,Rock Tomb,7.018
2019-11_gen6ou-0.json,Bastiodon,Moves,,Stone Edge,7.018
2019-11_gen6ou-0.json,Bastiodon,Moves,,Earth Power,3.509
2019-11_gen6ou-0.json,Bastiodon,Moves,,Thunder,3.509
2019-11_gen6ou-0.json,Bastiodon,Moves,,Magic Coat,3.509
2019-11_gen6ou-0.json,Bastiodon,Moves,,Flamethrower,3.509
2019-11_gen6ou-0.json,Bastiodon,Moves,,Body Slam,3.509
2019-11_gen6ou-0.json,Bastiodon,Moves,,Fire Blast,3.509
2019-11_gen6ou-0.json,Bastiodon,Moves,,Other,19.298
2019-11_gen6ou-0.json,Samurott,Stats,Raw count,,63
2019-11_gen6ou-0.json,Samurott,Stats,Avg. weight,,1.0
2019-11_gen6ou-0.json,Samurott,Stats,Viability Ceiling,,61
2019-11_gen6ou-0.json,Samurott,Stats,Hardy,,4.762
2019-11_gen6ou-0.json,Samurott,Stats,Modest,,11.111
2019-11_gen6ou-0.json,Samurott,Stats,Calm,,7.937
2019-11_gen6ou-0.json,Samurott,Stats,Adamant,,4.762
2019-11_gen6ou-0.json,Samurott,Abilities,,Torrent,79.365
2019-11_gen6ou-0.json,Samurott,Abilities,,Shell Armor,20.635
2019-11_gen6ou-0.json,Samurott,Items,,Leftovers,46.032
2019-11_gen6ou-0.json,Samurott,Items,,Nothing,26.984
2019-11_gen6ou-0.json,Samurott,Items,,Mystic Water,17.46
2019-11_gen6ou-0.json,Samurott,Items,,Rocky Helmet,4.762
2019-11_gen6ou-0.json,Samurott,Items,,Other,4.762
2019-11_gen6ou-0.json,Samurott,Spreads,,Other,15.873
2019-11_gen6ou-0.json,Samurott,Moves,,Ice Beam,74.603
2019-11_gen6ou-0.json,Samurott,Moves,,Scald,49.206
2019-11_gen6ou-0.json,Samurott,Moves,,Surf,38.095
2019-11_gen6ou-0.json,Samurott,Moves,,Hydro Cannon,22.222
2019-11_gen6ou-0.json,Samurott,Moves,,Protect,22.222
2019-11_gen6ou-0.json,Samurott,Moves,,Nothing,20.635
2019-11_gen6ou-0.json,Samurott,Moves,,Swords Dance,20.635
2019-11_gen6ou-0.json,Samurott,Moves,,Substitute,20.635
2019-11_gen6ou-0.json,Samurott,Moves,,Aqua Jet,19.048
2019-11_gen6ou-0.json,Samurott,Moves,,Megahorn,17.46
2019-11_gen6ou-0.json,Samurott,Moves,,Superpower,14.286
2019-11_gen6ou-0.json,Samurott,Moves,,Air Slash,14.286
2019-11_gen6ou-0.json,Samurott,Moves,,Aqua Tail,12.698
2019-11_gen6ou-0.json,Samurott,Moves,,Waterfall,12.698
2019-11_gen6ou-0.json,Samurott,Moves,,Taunt,11.111
2019-11_gen6ou-0.json,Samurott,Moves,,Dragon Tail,7.937
2019-11_gen6ou-0.json,Samurott,Moves,,Knock Off,6.349
2019-11_gen6ou-0.json,Samurott,Moves,,Other,15.873
2019-11_gen6ou-0.json,Glalie-Mega,Stats,Raw count,,54
2019-11_gen6ou-0.json,Glalie-Mega,Stats,Avg. weight,,1.0
2019-11_gen6ou-0.json,Glalie-Mega,Stats,Viability Ceiling,,84
2019-11_gen6ou-0.json,Glalie-Mega,Stats,Hasty,,24.074
2019-11_gen6ou-0.json,Glalie-Mega,Stats,Naive,,12.963
2019-11_gen6ou-0.json,Glalie-Mega,Stats,Adamant,,16.667
2019-11_gen6ou-0.json,Glalie-Mega,Stats,Jolly,,7.407
2019-11_gen6ou-0.json,Glalie-Mega,Stats,Hardy,,5.556
2019-11_gen6ou-0.json,Glalie-Mega,Abilities,,Refrigerate,100.0
2019-11_gen6ou-0.json,Glalie-Mega,Items,,Glalitite,100.0
2019-11_gen6ou-0.json,Glalie-Mega,Spreads,,Other,14.815
2019-11_gen6ou-0.json,Glalie-Mega,Moves,,Earthquake,88.889
2019-11_gen6ou-0.json,Glalie-Mega,Moves,,Freeze-Dry,59.259
2019-11_gen6ou-0.json,Glalie-Mega,Moves,,Double-Edge,40.741
2019-11_gen6ou-0.json,Glalie-Mega,Moves,,Ice Shard,38.889
2019-11_gen6ou-0.json,Glalie-Mega,Moves,,Body Slam,29.63
2019-11_gen6ou-0.json,Glalie-Mega,Moves,,Crunch,27.778
2019-11_gen6ou-0.json,Glalie-Mega,Moves,,Iron Head,18.519
2019-11_gen6ou-0.json,Glalie-Mega,Moves,,Spikes,14.815
2019-11_gen6ou-0.json,Glalie-Mega,Moves,,Return,14.815
2019-11_gen6ou-0.json,Glalie-Mega,Moves,,Explosion,12.963
2019-11_gen6ou-0.json,Glalie-Mega,Moves,,Frustration,12.963
2019-11_gen6ou-0.json,Glalie-Mega,Moves,,Blizzard,11.111
2019-11_gen6ou-0.json,Glalie-Mega,Moves,,Ice Beam,9.259
2019-11_gen6ou-0.json,Glalie-Mega,Moves,,Shadow Ball,5.556
2019-11_gen6ou-0.json,Glalie-Mega,Moves,,Other,14.815
2019-11_gen6ou-0.json,Sandslash,Stats,Raw count,,56
2019-11_gen6ou-0.json,Sandslash,Stats,Avg. weight,,1.0
2019-11_gen6ou-0.json,Sandslash,Stats,Viability Ceiling,,55
2019-11_gen6ou-0.json,Sandslash,Stats,Adamant,,3.571
2019-11_gen6ou-0.json,Sandslash,Stats,Brave,,17.857
2019-11_gen6ou-0.json,Sandslash,Stats,Jolly,,5.357
2019-11_gen6ou-0.json,Sandslash,Abilities,,Sand Rush,57.143
2019-11_gen6ou-0.json,Sandslash,Abilities,,Sand Veil,42.857
2019-11_gen6ou-0.json,Sandslash,Items,,Earth Plate,23.214
2019-11_gen6ou-0.json,Sandslash,Items,,Quick Claw,21.429
2019-11_gen6ou-0.json,Sandslash,Items,,Choice Band,14.286
2019-11_gen6ou-0.json,Sandslash,Items,,Assault Vest,8.929
2019-11_gen6ou-0.json,Sandslash,Items,,Life Orb,8.929
2019-11_gen6ou-0.json,Sandslash,Items,,Rocky Helmet,5.357
2019-11_gen6ou-0.json,Sandslash,Items,,Nothing,5.357
2019-11_gen6ou-0.json,Sandslash,Items,,Eviolite,3.571
2019-11_gen6ou-0.json,Sandslash,Items,,Oran Berry,3.571
2019-11_gen6ou-0.json,Sandslash,Items,,Leftovers,1.786
2019-11_gen6ou-0.json,Sandslash,Items,,Other,3.571
2019-11_gen6ou-0.json,Sandslash,Spreads,,Other,17.857
2019-11_gen6ou-0.json,Sandslash,Moves,,Earthquake,83.929
2019-11_gen6ou-0.json,Sandslash,Moves,,Shadow Claw,62.5
2019-11_gen6ou-0.json,Sandslash,Moves,,Knock Off,53.571
2019-11_gen6ou-0.json,Sandslash,Moves,,Rapid Spin,51.786
2019-11_gen6ou-0.json,Sandslash,Moves,,Brick Break,33.929
2019-11_gen6ou-0.json,Sandslash,Moves,,Stone Edge,26.786
2019-11_gen6ou-0.json,Sandslash,Moves,,X-Scissor,19.643
2019-11_gen6ou-0.json,Sandslash,Moves,,Dig,10.714
2019-11_gen6ou-0.json,Sandslash,Moves,,Swords Dance,8.929
2019-11_gen6ou-0.json,Sandslash,Moves,,Rock Slide,7.143
2019-11_gen6ou-0.json,Sandslash,Moves,,Slash,5.357
2019-11_gen6ou-0.json,Sandslash,Moves,,Body Slam,5.357
2019-11_gen6ou-0.json,Sandslash,Moves,,Stealth Rock,5.357
2019-11_gen6ou-0.json,Sandslash,Moves,,Night Slash,3.571
2019-11_gen6ou-0.json,Sandslash,Moves,,Rollout,3.571
2019-11_gen6ou-0.json,Sandslash,Moves,,Other,17.857
2019-11_gen6ou-0.json,Turtwig,Stats,Raw count,,54
2019-11_gen6ou-0.json,Turtwig,Stats,Avg. weight,,1.0
2019-11_gen6ou-0.json,Turtwig,Stats,Viability Ceiling,,48
2019-11_gen6ou-0.json,Turtwig,Stats,Bold,,42.593
2019-11_gen6ou-0.json,Turtwig,Stats,Adamant,,38.889
2019-11_gen6ou-0.json,Turtwig,Stats,Careful,,14.815
2019-11_gen6ou-0.json,Turtwig,Abilities,,Shell Armor,85.185
2019-11_gen6ou-0.json,Turtwig,Abilities,,Overgrow,14.815
2019-11_gen6ou-0.json,Turtwig,Items,,Eviolite,100.0
2019-11_gen6ou-0.json,Turtwig,Spreads,,Other,3.704
2019-11_gen6ou-0.json,Turtwig,Moves,,Protect,85.185
2019-11_gen6ou-0.json,Turtwig,Moves,,Leech Seed,85.185
2019-11_gen6ou-0.json,Turtwig,Moves,,Reflect,85.185
2019-11_gen6ou-0.json,Turtwig,Moves,,Light Screen,85.185
2019-11_gen6ou-0.json,Turtwig,Moves,,Stealth Rock,14.815
2019-11_gen6ou-0.json,Turtwig,Moves,,Bullet Seed,14.815
2019-11_gen6ou-0.json,Turtwig,Moves,,Superpower,14.815
2019-11_gen6ou-0.json,Turtwig,Moves,,Other,14.815
2019-11_gen6ou-0.json,Chatot,Stats,Raw count,,49
2019-11_gen6ou-0.json,Chatot,Stats,Avg. weight,,1.0
2019-11_gen6ou-0.json,Chatot,Stats,Viability Ceiling,,61
2019-11_gen6ou-0.json,Chatot,Stats,Timid,,91.837
2019-11_gen6ou-0.json,Chatot,Stats,Modest,,4.082
2019-11_gen6ou-0.json,Chatot,Abilities,,Keen Eye,95.918
2019-11_gen6ou-0.json,Chatot,Abilities,,Tangled Feet,4.082
2019-11_gen6ou-0.json,Chatot,Items,,Leftovers,51.02
2019-11_gen6ou-0.json,Chatot,Items,,Focus Sash,30.612
2019-11_gen6ou-0.json,Chatot,Items,,Choice Specs,8.163
2019-11_gen6ou-0.json,Chatot,Items,,Choice Scarf,6.122
2019-11_gen6ou-0.json,Chatot,Items,,Other,4.082
2019-11_gen6ou-0.json,Chatot,Spreads,,Other,4.082
2019-11_gen6ou-0.json,Chatot,Moves,,Chatter,95.918
2019-11_gen6ou-0.json,Chatot,Moves,,Nasty Plot,85.714
2019-11_gen6ou-0.json,Chatot,Moves,,Boomburst,65.306
2019-11_gen6ou-0.json,Chatot,Moves,,Substitute,51.02
2019-11_gen6ou-0.json,Chatot,Moves,,Heat Wave,44.898
2019-11_gen6ou-0.json,Chatot,Moves,,Mirror Move,30.612
2019-11_gen6ou-0.json,Chatot,Moves,,U-turn,8.163
2019-11_gen6ou-0.json,Chatot,Moves,,Other,18.367
2019-11_gen6ou-0.json,Accelgor,Stats,Raw count,,51
2019-11_gen6ou-0.json,Accelgor,Stats,Avg. weight,,1.0
2019-11_gen6ou-0.json,Accelgor,Stats,Viability Ceiling,,67
2019-11_gen6ou-0.json,Accelgor,Stats,Timid,,27.451
2019-11_gen6ou-0.json,Accelgor,Stats,Modest,,3.922
2019-11_gen6ou-0.json,Accelgor,Stats,Rash,,5.882
2019-11_gen6ou-0.json,Accelgor,Stats,Hardy,,5.882
2019-11_gen6ou-0.json,Accelgor,Abilities,,Unburden,35.294
2019-11_gen6ou-0.json,Accelgor,Abilities,,Sticky Hold,33.333
2019-11_gen6ou-0.json,Accelgor,Abilities,,Hydration,31.373
2019-11_gen6ou-0.json,Accelgor,Items,,Life Orb,33.333
2019-11_gen6ou-0.json,Accelgor,Items,,Aguav Berry,31.373
2019-11_gen6ou-0.json,Accelgor,Items,,Leftovers,9.804
2019-11_gen6ou-0.json,Accelgor,Items,,Nothing,7.843
2019-11_gen6ou-0.json,Accelgor,Items,,Focus Sash,7.843
2019-11_gen6ou-0.json,Accelgor,Items,,Rocky Helmet,3.922
2019-11_gen6ou-0.json,Accelgor,Items,,Quick Claw,3.922
2019-11_gen6ou-0.json,Accelgor,Items,,Other,1.961
2019-11_gen6ou-0.json,Accelgor,Spreads,,Other,23.529
2019-11_gen6ou-0.json,Accelgor,Moves,,Bug Buzz,86.275
2019-11_gen6ou-0.json,Accelgor,Moves,,Sludge Bomb,52.941
2019-11_gen6ou-0.json,Accelgor,Moves,,Final Gambit,37.255
2019-11_gen6ou-0.json,Accelgor,Moves,,Energy Ball,33.333
2019-11_gen6ou-0.json,Accelgor,Moves,,Focus Blast,31.373
2019-11_gen6ou-0.json,Accelgor,Moves,,Encore,25.49
2019-11_gen6ou-0.json,Accelgor,Moves,,U-turn,15.686
2019-11_gen6ou-0.json,Accelgor,Moves,,Water Shuriken,13.725
2019-11_gen6ou-0.json,Accelgor,Moves,,Spikes,11.765
2019-11_gen6ou-0.json,Accelgor,Moves,,Acid Armor,9.804
2019-11_gen6ou-0.json,Accelgor,Moves,,Toxic,9.804
2019-11_gen6ou-0.json,Accelgor,Moves,,Acid Spray,7.843
2019-11_gen6ou-0.json,Accelgor,Moves,,Bug Bite,5.882
2019-11_gen6ou-0.json,Accelgor,Moves,,Mind Reader,5.882
2019-11_gen6ou-0.json,Accelgor,Moves,,Giga Drain,5.882
2019-11_gen6ou-0.json,Accelgor,Moves,,Signal Beam,5.882
2019-11_gen6ou-0.json,Accelgor,Moves,,Rain Dance,5.882
2019-11_gen6ou-0.json,Accelgor,Moves,,Sandstorm,5.882
2019-11_gen6ou-0.json,Accelgor,Moves,,Hidden Power Water,3.922
2019-11_gen6ou-0.json,Accelgor,Moves,,Hidden Power Electric,3.922
2019-11_gen6ou-0.json,Accelgor,Moves,,Recover,3.922
2019-11_gen6ou-0.json,Accelgor,Moves,,Other,17.647
2019-11_gen6ou-0.json,Rampardos,Stats,Raw count,,50
2019-11_gen6ou-0.json,Rampardos,Stats,Avg. weight,,1.0
2019-11_gen6ou-0.json,Rampardos,Stats,Viability Ceiling,,67
2019-11_gen6ou-0.json,Rampardos,Stats,Adamant,,8.000
2019-11_gen6ou-0.json,Rampardos,Stats,Modest,,14.000
2019-11_gen6ou-0.json,Rampardos,Stats,Gentle,,8.000
2019-11_gen6ou-0.json,Rampardos,Stats,Jolly,,4.000
2019-11_gen6ou-0.json,Rampardos,Abilities,,Sheer Force,78.0
2019-11_gen6ou-0.json,Rampardos,Abilities,,Mold Breaker,22.0
2019-11_gen6ou-0.json,Rampardos,Items,,Choice Band,36.0
2019-11_gen6ou-0.json,Rampardos,Items,,Life Orb,26.0
2019-11_gen6ou-0.json,Rampardos,Items,,Rocky Helmet,10.0
2019-11_gen6ou-0.json,Rampardos,Items,,Leftovers,8.0
2019-11_gen6ou-0.json,Rampardos,Items,,Choice Scarf,6.0
2019-11_gen6ou-0.json,Rampardos,Items,,Focus Sash,6.0
2019-11_gen6ou-0.json,Rampardos,Items,,Air Balloon,4.0
2019-11_gen6ou-0.json,Rampardos,Items,,Other,4.0
2019-11_gen6ou-0.json,Rampardos,Spreads,,Other,16.0
2019-11_gen6ou-0.json,Rampardos,Moves,,Head Smash,66.0
2019-11_gen6ou-0.json,Rampardos,Moves,,Iron Head,56.0
2019-11_gen6ou-0.json,Rampardos,Moves,,Fire Punch,48.0
2019-11_gen6ou-0.json,Rampardos,Moves,,Earthquake,36.0
2019-11_gen6ou-0.json,Rampardos,Moves,,Outrage,28.0
2019-11_gen6ou-0.json,Rampardos,Moves,,Rock Polish,26.0
2019-11_gen6ou-0.json,Rampardos,Moves,,Thunder Punch,16.0
2019-11_gen6ou-0.json,Rampardos,Moves,,Blizzard,14.0
2019-11_gen6ou-0.json,Rampardos,Moves,,Fire Blast,14.0
2019-11_gen6ou-0.json,Rampardos,Moves,,Thunder,14.0
2019-11_gen6ou-0.json,Rampardos,Moves,,Hammer Arm,12.0
2019-11_gen6ou-0.json,Rampardos,Moves,,Ice Beam,8.0
2019-11_gen6ou-0.json,Rampardos,Moves,,Brick Break,8.0
2019-11_gen6ou-0.json,Rampardos,Moves,,Zen Headbutt,8.0
2019-11_gen6ou-0.json,Rampardos,Moves,,Swords Dance,6.0
2019-11_gen6ou-0.json,Rampardos,Moves,,Crunch,6.0
2019-11_gen6ou-0.json,Rampardos,Moves,,Stone Edge,6.0
2019-11_gen6ou-0.json,Rampardos,Moves,,Dragon Tail,4.0
2019-11_gen6ou-0.json,Rampardos,Moves,,Dragon Pulse,4.0
2019-11_gen6ou-0.json,Rampardos,Moves,,Other,20.0
2019-11_gen6ou-0.json,Cacturne,Stats,Raw count,,47
2019-11_gen6ou-0.json,Cacturne,Stats,Avg. weight,,1.0
2019-11_gen6ou-0.json,Cacturne,Stats,Viability Ceiling,,71
2019-11_gen6ou-0.json,Cacturne,Stats,Adamant,,10.638
2019-11_gen6ou-0.json,Cacturne,Stats,Brave,,14.894
2019-11_gen6ou-0.json,Cacturne,Stats,Quiet,,4.255
2019-11_gen6ou-0.json,Cacturne,Stats,Hardy,,2.128
2019-11_gen6ou-0.json,Cacturne,Abilities,,Water Absorb,70.213
2019-11_gen6ou-0.json,Cacturne,Abilities,,Sand Veil,29.787
2019-11_gen6ou-0.json,Cacturne,Items,,Life Orb,31.915
2019-11_gen6ou-0.json,Cacturne,Items,,Muscle Band,27.66
2019-11_gen6ou-0.json,Cacturne,Items,,Focus Sash,21.277
2019-11_gen6ou-0.json,Cacturne,Items,,Bright Powder,10.638
2019-11_gen6ou-0.json,Cacturne,Items,,Charcoal,2.128
2019-11_gen6ou-0.json,Cacturne,Items,,Fist Plate,2.128
2019-11_gen6ou-0.json,Cacturne,Items,,Other,4.255
2019-11_gen6ou-0.json,Cacturne,Spreads,,Other,10.638
2019-11_gen6ou-0.json,Cacturne,Moves,,Sucker Punch,91.489
2019-11_gen6ou-0.json,Cacturne,Moves,,Seed Bomb,80.851
2019-11_gen6ou-0.json,Cacturne,Moves,,Drain Punch,63.83
2019-11_gen6ou-0.json,Cacturne,Moves,,Smelling Salts,27.66
2019-11_gen6ou-0.json,Cacturne,Moves,,Substitute,25.532
2019-11_gen6ou-0.json,Cacturne,Moves,,Swords Dance,23.404
2019-11_gen6ou-0.json,Cacturne,Moves,,Giga Drain,19.149
2019-11_gen6ou-0.json,Cacturne,Moves,,Focus Punch,10.638
2019-11_gen6ou-0.json,Cacturne,Moves,,Poison Jab,10.638
2019-11_gen6ou-0.json,Cacturne,Moves,,Encore,10.638
2019-11_gen6ou-0.json,Cacturne,Moves,,Dark Pulse,6.383
2019-11_gen6ou-0.json,Cacturne,Moves,,Spikes,4.255
2019-11_gen6ou-0.json,Cacturne,Moves,,Absorb,4.255
2019-11_gen6ou-0.json,Cacturne,Moves,,Double-Edge,4.255
2019-11_gen6ou-0.json,Cacturne,Moves,,Other,17.021
2019-11_gen6ou-0.json,Regirock,Stats,Raw count,,46
2019-11_gen6ou-0.json,Regirock,Stats,Avg. weight,,1.0
2019-11_gen6ou-0.json,Regirock,Stats,Viability Ceiling,,67
2019-11_gen6ou-0.json,Regirock,Stats,Adamant,,26.087
2019-11_gen6ou-0.json,Regirock,Stats,Careful,,21.739
2019-11_gen6ou-0.json,Regirock,Stats,Impish,,8.696
2019-11_gen6ou-0.json,Regirock,Stats,Calm,,6.522
2019-11_gen6ou-0.json,Regirock,Stats,Hardy,,6.522
2019-11_gen6ou-0.json,Regirock,Abilities,,Clear Body,65.217
2019-11_gen6ou-0.json,Regirock,Abilities,,Sturdy,34.783
2019-11_gen6ou-0.json,Regirock,Items,,Leftovers,45.652
2019-11_gen6ou-0.json,Regirock,Items,,Weakness Policy,26.087
2019-11_gen6ou-0.json,Regirock,Items,,Rocky Helmet,6.522
2019-11_gen6ou-0.json,Regirock,Items,,King's Rock,6.522
2019-11_gen6ou-0.json,Regirock,Items,,Assault Vest,4.348
2019-11_gen6ou-0.json,Regirock,Items,,Life Orb,4.348
2019-11_gen6ou-0.json,Regirock,Items,,Chesto Berry,2.174
2019-11_gen6ou-0.json,Regirock,Items,,Other,4.348
2019-11_gen6ou-0.json,Regirock,Spreads,,Other,23.913
2019-11_gen6ou-0.json,Regirock,Moves,,Stone Edge,60.87
2019-11_gen6ou-0.json,Regirock,Moves,,Earthquake,50.0
2019-11_gen6ou-0.json,Regirock,Moves,,Toxic,39.13
2019-11_gen6ou-0.json,Regirock,Moves,,Drain Punch,34.783
2019-11_gen6ou-0.json,Regirock,Moves,,Rock Polish,32.609
2019-11_gen6ou-0.json,Regirock,Moves,,Stealth Rock,30.435
2019-11_gen6ou-0.json,Regirock,Moves,,Explosion,28.261
2019-11_gen6ou-0.json,Regirock,Moves,,Rest,10.87
2019-11_gen6ou-0.json,Regirock,Moves,,Sleep Talk,10.87
2019-11_gen6ou-0.json,Regirock,Moves,,Rock Slide,10.87
2019-11_gen6ou-0.json,Regirock,Moves,,Protect,8.696
2019-11_gen6ou-0.json,Regirock,Moves,,Thunder Punch,8.696
2019-11_gen6ou-0.json,Regirock,Moves,,Power-Up Punch,6.522
2019-11_gen6ou-0.json,Regirock,Moves,,Ice Punch,6.522
2019-11_gen6ou-0.json,Regirock,Moves,,Iron Head,6.522
2019-11_gen6ou-0.json,Regirock,Moves,,Iron Defense,6.522
2019-11_gen6ou-0.json,Regirock,Moves,,Nothing,4.348
2019-11_gen6ou-0.json,Regirock,Moves,,Hammer Arm,4.348
2019-11_gen6ou-0.json,Regirock,Moves,,Superpower,4.348
2019-11_gen6ou-0.json,Regirock,Moves,,Curse,4.348
2019-11_gen6ou-0.json,Regirock,Moves,,Brick Break,4.348
2019-11_gen6ou-0.json,Regirock,Moves,,Thunder Wave,4.348
2019-11_gen6ou-0.json,Regirock,Moves,,Self-Destruct,4.348
2019-11_gen6ou-0.json,Regirock,Moves,,Other,17.391
2019-11_gen6ou-0.json,Diancie,Stats,Raw count,,45
2019-11_gen6ou-0.json,Diancie,Stats,Avg. weight,,1.0
2019-11_gen6ou-0.json,Diancie,Stats,Viability Ceiling,,79
2019-11_gen6ou-0.json,Diancie,Stats,Quiet,,28.889
2019-11_gen6ou-0.json,Diancie,Stats,Sassy,,20.000
2019-11_gen6ou-0.json,Diancie,Stats,Calm,,8.889
2019-11_gen6ou-0.json,Diancie,Stats,Brave,,6.667
2019-11_gen6ou-0.json,Diancie,Stats,Hardy,,6.667
2019-11_gen6ou-0.json,Diancie,Stats,Modest,,4.444
2019-11_gen6ou-0.json,Diancie,Abilities,,Clear Body,100.0
2019-11_gen6ou-0.json,Diancie,Items,,Leftovers,62.222
2019-11_gen6ou-0.json,Diancie,Items,,Weakness Policy,17.778
2019-11_gen6ou-0.json,Diancie,Items,,Oran Berry,4.444
2019-11_gen6ou-0.json,Diancie,Items,,Focus Sash,4.444
2019-11_gen6ou-0.json,Diancie,Items,,Choice Band,4.444
2019-11_gen6ou-0.json,Diancie,Items,,Rocky Helmet,2.222
2019-11_gen6ou-0.json,Diancie,Items,,Other,4.444
2019-11_gen6ou-0.json,Diancie,Spreads,,Other,24.444
2019-11_gen6ou-0.json,Diancie,Moves,,Moonblast,77.778
2019-11_gen6ou-0.json,Diancie,Moves,,Diamond Storm,48.889
2019-11_gen6ou-0.json,Diancie,Moves,,Heal Bell,46.667
2019-11_gen6ou-0.json,Diancie,Moves,,Stealth Rock,42.222
2019-11_gen6ou-0.json,Diancie,Moves,,Earth Power,28.889
2019-11_gen6ou-0.json,Diancie,Moves,,Psychic,28.889
2019-11_gen6ou-0.json,Diancie,Moves,,Trick Room,26.667
2019-11_gen6ou-0.json,Diancie,Moves,,Explosion,24.444
2019-11_gen6ou-0.json,Diancie,Moves,,Toxic,20.0
2019-11_gen6ou-0.json,Diancie,Moves,,Dazzling Gleam,15.556
2019-11_gen6ou-0.json,Diancie,Moves,,Stone Edge,6.667
2019-11_gen6ou-0.json,Diancie,Moves,,Rock Polish,6.667
2019-11_gen6ou-0.json,Diancie,Moves,,Rock Throw,4.444
2019-11_gen6ou-0.json,Diancie,Moves,,Calm Mind,4.444
2019-11_gen6ou-0.json,Diancie,Moves,,Other,17.778
2019-11_gen6ou-0.json,Muk,Stats,Raw count,,45
2019-11_gen6ou-0.json,Muk,Stats,Avg. weight,,1.0
2019-11_gen6ou-0.json,Muk,Stats,Viability Ceiling,,72
2019-11_gen6ou-0.json,Muk,Stats,Adamant,,20.000
2019-11_gen6ou-0.json,Muk,Stats,Quiet,,15.556
2019-11_gen6ou-0.json,Muk,Stats,Hardy,,8.889
2019-11_gen6ou-0.json,Muk,Stats,Impish,,11.111
2019-11_gen6ou-0.json,Muk,Stats,Brave,,8.889
2019-11_gen6ou-0.json,Muk,Abilities,,Poison Touch,37.778
2019-11_gen6ou-0.json,Muk,Abilities,,Sticky Hold,31.111
2019-11_gen6ou-0.json,Muk,Abilities,,Stench,31.111
2019-11_gen6ou-0.json,Muk,Items,,Assault Vest,28.889
2019-11_gen6ou-0.json,Muk,Items,,Leftovers,22.222
2019-11_gen6ou-0.json,Muk,Items,,Black Sludge,15.556
2019-11_gen6ou-0.json,Muk,Items,,Focus Sash,15.556
2019-11_gen6ou-0.json,Muk,Items,,Rocky Helmet,8.889
2019-11_gen6ou-0.json,Muk,Items,,Aguav Berry,6.667
2019-11_gen6ou-0.json,Muk,Items,,Other,2.222
2019-11_gen6ou-0.json,Muk,Spreads,,Other,24.444
2019-11_gen6ou-0.json,Muk,Moves,,Gunk Shot,60.0
2019-11_gen6ou-0.json,Muk,Moves,,Ice Punch,48.889
2019-11_gen6ou-0.json,Muk,Moves,,Poison Jab,46.667
2019-11_gen6ou-0.json,Muk,Moves,,Shadow Sneak,37.778
2019-11_gen6ou-0.json,Muk,Moves,,Giga Drain,28.889
2019-11_gen6ou-0.json,Muk,Moves,,Dark Pulse,24.444
2019-11_gen6ou-0.json,Muk,Moves,,Fire Punch,22.222
2019-11_gen6ou-0.json,Muk,Moves,,Body Slam,22.222
2019-11_gen6ou-0.json,Muk,Moves,,Protect,20.0
2019-11_gen6ou-0.json,Muk,Moves,,Fire Blast,15.556
2019-11_gen6ou-0.json,Muk,Moves,,Acid Spray,15.556
2019-11_gen6ou-0.json,Muk,Moves,,Facade,11.111
2019-11_gen6ou-0.json,Muk,Moves,,Toxic,11.111
2019-11_gen6ou-0.json,Muk,Moves,,Brick Break,8.889
2019-11_gen6ou-0.json,Muk,Moves,,Sludge Bomb,4.444
2019-11_gen6ou-0.json,Muk,Moves,,Power-Up Punch,4.444
2019-11_gen6ou-0.json,Muk,Moves,,Other,17.778
2019-11_gen6ou-0.json,Granbull,Stats,Raw count,,41
2019-11_gen6ou-0.json,Granbull,Stats,Avg. weight,,1.0
2019-11_gen6ou-0.json,Granbull,Stats,Viability Ceiling,,63
2019-11_gen6ou-0.json,Granbull,Stats,Adamant,,7.317
2019-11_gen6ou-0.json,Granbull,Stats,Brave,,17.073
2019-11_gen6ou-0.json,Granbull,Stats,Hardy,,12.195
2019-11_gen6ou-0.json,Granbull,Stats,Impish,,12.195
2019-11_gen6ou-0.json,Granbull,Abilities,,Intimidate,100.0
2019-11_gen6ou-0.json,Granbull,Items,,Sitrus Berry,43.902
2019-11_gen6ou-0.json,Granbull,Items,,Life Orb,17.073
2019-11_gen6ou-0.json,Granbull,Items,,Leftovers,14.634
2019-11_gen6ou-0.json,Granbull,Items,,Choice Band,12.195
2019-11_gen6ou-0.json,Granbull,Items,,Choice Scarf,7.317
2019-11_gen6ou-0.json,Granbull,Items,,Other,4.878
2019-11_gen6ou-0.json,Granbull,Spreads,,Other,4.878
2019-11_gen6ou-0.json,Granbull,Moves,,Earthquake,87.805
2019-11_gen6ou-0.json,Granbull,Moves,,Play Rough,85.366
2019-11_gen6ou-0.json,Granbull,Moves,,Thunder Wave,43.902
2019-11_gen6ou-0.json,Granbull,Moves,,Heal Bell,43.902
2019-11_gen6ou-0.json,Granbull,Moves,,Crunch,31.707
2019-11_gen6ou-0.json,Granbull,Moves,,Dazzling Gleam,26.829
2019-11_gen6ou-0.json,Granbull,Moves,,Close Combat,17.073
2019-11_gen6ou-0.json,Granbull,Moves,,Ice Fang,17.073
2019-11_gen6ou-0.json,Granbull,Moves,,Brick Break,14.634
2019-11_gen6ou-0.json,Granbull,Moves,,Fire Punch,14.634
2019-11_gen6ou-0.json,Granbull,Moves,,Other,17.073
2019-11_gen6ou-0.json,Moltres,Stats,Raw count,,44
2019-11_gen6ou-0.json,Moltres,Stats,Avg. weight,,1.0
2019-11_gen6ou-0.json,Moltres,Stats,Viability Ceiling,,59
2019-11_gen6ou-0.json,Moltres,Stats,Timid,,13.636
2019-11_gen6ou-0.json,Moltres,Stats,Hasty,,13.636
2019-11_gen6ou-0.json,Moltres,Stats,Hardy,,6.818
2019-11_gen6ou-0.json,Moltres,Stats,Bold,,9.091
2019-11_gen6ou-0.json,Moltres,Stats,Modest,,4.545
2019-11_gen6ou-0.json,Moltres,Abilities,,Pressure,84.091
2019-11_gen6ou-0.json,Moltres,Abilities,,Flame Body,15.909
2019-11_gen6ou-0.json,Moltres,Items,,Leftovers,22.727
2019-11_gen6ou-0.json,Moltres,Items,,Choice Specs,13.636
2019-11_gen6ou-0.json,Moltres,Items,,Expert Belt,13.636
2019-11_gen6ou-0.json,Moltres,Items,,Life Orb,11.364
2019-11_gen6ou-0.json,Moltres,Items,,Flame Plate,9.091
2019-11_gen6ou-0.json,Moltres,Items,,Chople Berry,4.545
2019-11_gen6ou-0.json,Moltres,Items,,Nothing,4.545
2019-11_gen6ou-0.json,Moltres,Items,,Assault Vest,4.545
2019-11_gen6ou-0.json,Moltres,Items,,Choice Band,4.545
2019-11_gen6ou-0.json,Moltres,Items,,Fire Stone,2.273
2019-11_gen6ou-0.json,Moltres,Items,,Ganlon Berry,2.273
2019-11_gen6ou-0.json,Moltres,Items,,Moon Ball,2.273
2019-11_gen6ou-0.json,Moltres,Items,,Other,4.545
2019-11_gen6ou-0.json,Moltres,Spreads,,Other,43.182
2019-11_gen6ou-0.json,Moltres,Moves,,Fire Blast,54.545
2019-11_gen6ou-0.json,Moltres,Moves,,Flamethrower,43.182
2019-11_gen6ou-0.json,Moltres,Moves,,Hurricane,36.364
2019-11_gen6ou-0.json,Moltres,Moves,,Air Slash,31.818
2019-11_gen6ou-0.json,Moltres,Moves,,Heat Wave,25.0
2019-11_gen6ou-0.json,Moltres,Moves,,Roost,22.727
2019-11_gen6ou-0.json,Moltres,Moves,,U-turn,22.727
2019-11_gen6ou-0.json,Moltres,Moves,,Defog,20.455
2019-11_gen6ou-0.json,Moltres,Moves,,Overheat,15.909
2019-11_gen6ou-0.json,Moltres,Moves,,Toxic,13.636
2019-11_gen6ou-0.json,Moltres,Moves,,Double-Edge,13.636
2019-11_gen6ou-0.json,Moltres,Moves,,Fire Spin,11.364
2019-11_gen6ou-0.json,Moltres,Moves,,Flame Charge,11.364
2019-11_gen6ou-0.json,Moltres,Moves,,Extrasensory,11.364
2019-11_gen6ou-0.json,Moltres,Moves,,Sky Attack,11.364
2019-11_gen6ou-0.json,Moltres,Moves,,Mud-Slap,9.091
2019-11_gen6ou-0.json,Moltres,Moves,,Will-O-Wisp,9.091
2019-11_gen6ou-0.json,Moltres,Moves,,Facade,6.818
2019-11_gen6ou-0.json,Moltres,Moves,,Solar Beam,4.545
2019-11_gen6ou-0.json,Moltres,Moves,,Rest,2.273
2019-11_gen6ou-0.json,Moltres,Moves,,Morning Sun,2.273
2019-11_gen6ou-0.json,Moltres,Moves,,Substitute,2.273
2019-11_gen6ou-0.json,Moltres,Moves,,Other,18.182
2019-11_gen6ou-0.json,Victreebel,Stats,Raw count,,43
2019-11_gen6ou-0.json,Victreebel,Stats,Avg. weight,,1.0
2019-11_gen6ou-0.json,Victreebel,Stats,Viability Ceiling,,72
2019-11_gen6ou-0.json,Victreebel,Stats,Modest,,39.535
2019-11_gen6ou-0.json,Victreebel,Stats,Timid,,16.279
2019-11_gen6ou-0.json,Victreebel,Stats,Calm,,6.977
2019-11_gen6ou-0.json,Victreebel,Stats,Naive,,6.977
2019-11_gen6ou-0.json,Victreebel,Stats,Lonely,,6.977
2019-11_gen6ou-0.json,Victreebel,Stats,Hardy,,4.651
2019-11_gen6ou-0.json,Victreebel,Abilities,,Chlorophyll,100.0
2019-11_gen6ou-0.json,Victreebel,Items,,Focus Sash,37.209
2019-11_gen6ou-0.json,Victreebel,Items,,Life Orb,25.581
2019-11_gen6ou-0.json,Victreebel,Items,,Black Sludge,6.977
2019-11_gen6ou-0.json,Victreebel,Items,,Expert Belt,6.977
2019-11_gen6ou-0.json,Victreebel,Items,,Miracle Seed,6.977
2019-11_gen6ou-0.json,Victreebel,Items,,Leftovers,4.651
2019-11_gen6ou-0.json,Victreebel,Items,,Quick Claw,4.651
2019-11_gen6ou-0.json,Victreebel,Items,,Meadow Plate,4.651
2019-11_gen6ou-0.json,Victreebel,Items,,Other,2.326
2019-11_gen6ou-0.json,Victreebel,Spreads,,Other,18.605
2019-11_gen6ou-0.json,Victreebel,Moves,,Sludge Bomb,69.767
2019-11_gen6ou-0.json,Victreebel,Moves,,Growth,62.791
2019-11_gen6ou-0.json,Victreebel,Moves,,Weather Ball,62.791
2019-11_gen6ou-0.json,Victreebel,Moves,,Energy Ball,46.512
2019-11_gen6ou-0.json,Victreebel,Moves,,Toxic,18.605
2019-11_gen6ou-0.json,Victreebel,Moves,,Solar Beam,18.605
2019-11_gen6ou-0.json,Victreebel,Moves,,Leaf Blade,16.279
2019-11_gen6ou-0.json,Victreebel,Moves,,Sleep Powder,13.953
2019-11_gen6ou-0.json,Victreebel,Moves,,Giga Drain,13.953
2019-11_gen6ou-0.json,Victreebel,Moves,,Knock Off,13.953
2019-11_gen6ou-0.json,Victreebel,Moves,,Synthesis,11.628
2019-11_gen6ou-0.json,Victreebel,Moves,,Morning Sun,6.977
2019-11_gen6ou-0.json,Victreebel,Moves,,Power Whip,6.977
2019-11_gen6ou-0.json,Victreebel,Moves,,Sunny Day,6.977
2019-11_gen6ou-0.json,Victreebel,Moves,,Giga Impact,4.651
2019-11_gen6ou-0.json,Victreebel,Moves,,Clear Smog,4.651
2019-11_gen6ou-0.json,Victreebel,Moves,,Leaf Storm,4.651
2019-11_gen6ou-0.json,Victreebel,Moves,,Other,16.279
2019-11_gen6ou-0.json,Hitmonchan,Stats,Raw count,,47
2019-11_gen6ou-0.json,Hitmonchan,Stats,Avg. weight,,1.0
2019-11_gen6ou-0.json,Hitmonchan,Stats,Viability Ceiling,,53
2019-11_gen6ou-0.json,Hitmonchan,Stats,Adamant,,4.255
2019-11_gen6ou-0.json,Hitmonchan,Stats,Hardy,,6.383
2019-11_gen6ou-0.json,Hitmonchan,Stats,Careful,,4.255
2019-11_gen6ou-0.json,Hitmonchan,Abilities,,Iron Fist,80.851
2019-11_gen6ou-0.json,Hitmonchan,Abilities,,Keen Eye,12.766
2019-11_gen6ou-0.json,Hitmonchan,Abilities,,Inner Focus,6.383
2019-11_gen6ou-0.json,Hitmonchan,Items,,Assault Vest,70.213
2019-11_gen6ou-0.json,Hitmonchan,Items,,Lum Berry,8.511
2019-11_gen6ou-0.json,Hitmonchan,Items,,Focus Sash,8.511
2019-11_gen6ou-0.json,Hitmonchan,Items,,Choice Scarf,4.255
2019-11_gen6ou-0.json,Hitmonchan,Items,,Life Orb,2.128
2019-11_gen6ou-0.json,Hitmonchan,Items,,Aguav Berry,2.128
2019-11_gen6ou-0.json,Hitmonchan,Items,,Other,4.255
2019-11_gen6ou-0.json,Hitmonchan,Spreads,,Other,21.277
2019-11_gen6ou-0.json,Hitmonchan,Moves,,Drain Punch,87.234
2019-11_gen6ou-0.json,Hitmonchan,Moves,,Ice Punch,74.468
2019-11_gen6ou-0.json,Hitmonchan,Moves,,Rapid Spin,63.83
2019-11_gen6ou-0.json,Hitmonchan,Moves,,Mach Punch,61.702
2019-11_gen6ou-0.json,Hitmonchan,Moves,,Fire Punch,19.149
2019-11_gen6ou-0.json,Hitmonchan,Moves,,Bulk Up,14.894
2019-11_gen6ou-0.json,Hitmonchan,Moves,,Close Combat,14.894
2019-11_gen6ou-0.json,Hitmonchan,Moves,,Bullet Punch,12.766
2019-11_gen6ou-0.json,Hitmonchan,Moves,,Thunder Punch,12.766
2019-11_gen6ou-0.json,Hitmonchan,Moves,,Brick Break,8.511
2019-11_gen6ou-0.json,Hitmonchan,Moves,,Earthquake,8.511
2019-11_gen6ou-0.json,Hitmonchan,Moves,,Rock Slide,6.383
2019-11_gen6ou-0.json,Hitmonchan,Moves,,Other,14.894
2019-11_gen6ou-0.json,Magmortar,Stats,Raw count,,43
2019-11_gen6ou-0.json,Magmortar,Stats,Avg. weight,,1.0
2019-11_gen6ou-0.json,Magmortar,Stats,Viability Ceiling,,75
2019-11_gen6ou-0.json,Magmortar,Stats,Modest,,6.977
2019-11_gen6ou-0.json,Magmortar,Stats,Timid,,27.907
2019-11_gen6ou-0.json,Magmortar,Stats,Naive,,6.977
2019-11_gen6ou-0.json,Magmortar,Stats,Bold,,4.651
2019-11_gen6ou-0.json,Magmortar,Stats,Quiet,,4.651
2019-11_gen6ou-0.json,Magmortar,Abilities,,Flame Body,86.047
2019-11_gen6ou-0.json,Magmortar,Abilities,,Vital Spirit,13.953
2019-11_gen6ou-0.json,Magmortar,Items,,Assault Vest,48.837
2019-11_gen6ou-0.json,Magmortar,Items,,Choice Specs,18.605
2019-11_gen6ou-0.json,Magmortar,Items,,Leftovers,9.302
2019-11_gen6ou-0.json,Magmortar,Items,,Rocky Helmet,6.977
2019-11_gen6ou-0.json,Magmortar,Items,,Lum Berry,4.651
2019-11_gen6ou-0.json,Magmortar,Items,,Shuca Berry,4.651
2019-11_gen6ou-0.json,Magmortar,Items,,Charcoal,2.326
2019-11_gen6ou-0.json,Magmortar,Items,,Other,4.651
2019-11_gen6ou-0.json,Magmortar,Spreads,,Other,11.628
2019-11_gen6ou-0.json,Magmortar,Moves,,Thunderbolt,88.372
2019-11_gen6ou-0.json,Magmortar,Moves,,Flamethrower,83.721
2019-11_gen6ou-0.json,Magmortar,Moves,,Psychic,69.767
2019-11_gen6ou-0.json,Magmortar,Moves,,Focus Blast,39.535
2019-11_gen6ou-0.json,Magmortar,Moves,,Clear Smog,30.233
2019-11_gen6ou-0.json,Magmortar,Moves,,Fire Blast,13.953
2019-11_gen6ou-0.json,Magmortar,Moves,,Hidden Power Grass,11.628
2019-11_gen6ou-0.json,Magmortar,Moves,,Earthquake,11.628
2019-11_gen6ou-0.json,Magmortar,Moves,,Overheat,9.302
2019-11_gen6ou-0.json,Magmortar,Moves,,Toxic,9.302
2019-11_gen6ou-0.json,Magmortar,Moves,,Lava Plume,6.977
2019-11_gen6ou-0.json,Magmortar,Moves,,Nothing,4.651
2019-11_gen6ou-0.json,Magmortar,Moves,,Counter,4.651
2019-11_gen6ou-0.json,Magmortar,Moves,,Other,16.279
2019-11_gen6ou-0.json,Piplup,Stats,Raw count,,49
2019-11_gen6ou-0.json,Piplup,Stats,Avg. weight,,1.0
2019-11_gen6ou-0.json,Piplup,Stats,Viability Ceiling,,48
2019-11_gen6ou-0.json,Piplup,Stats,Modest,,95.918
2019-11_gen6ou-0.json,Piplup,Abilities,,Torrent,100.0
2019-11_gen6ou-0.json,Piplup,Items,,Petaya Berry,95.918
2019-11_gen6ou-0.json,Piplup,Items,,Other,4.082
2019-11_gen6ou-0.json,Piplup,Spreads,,Other,4.082
2019-11_gen6ou-0.json,Piplup,Moves,,Agility,95.918
2019-11_gen6ou-0.json,Piplup,Moves,,Substitute,95.918
2019-11_gen6ou-0.json,Piplup,Moves,,Ice Beam,87.755
2019-11_gen6ou-0.json,Piplup,Moves,,Surf,85.714
2019-11_gen6ou-0.json,Piplup,Moves,,Blizzard,14.286
2019-11_gen6ou-0.json,Piplup,Moves,,Hydro Pump,14.286
2019-11_gen6ou-0.json,Piplup,Moves,,Other,6.122
2019-11_gen6ou-0.json,Gigalith,Stats,Raw count,,43
2019-11_gen6ou-0.json,Gigalith,Stats,Avg. weight,,1.0
2019-11_gen6ou-0.json,Gigalith,Stats,Viability Ceiling,,63
2019-11_gen6ou-0.json,Gigalith,Stats,Brave,,9.302
2019-11_gen6ou-0.json,Gigalith,Stats,Adamant,,11.628
2019-11_gen6ou-0.json,Gigalith,Stats,Hardy,,6.977
2019-11_gen6ou-0.json,Gigalith,Stats,Careful,,6.977
2019-11_gen6ou-0.json,Gigalith,Abilities,,Sturdy,81.395
2019-11_gen6ou-0.json,Gigalith,Abilities,,Sand Force,18.605
2019-11_gen6ou-0.json,Gigalith,Items,,Rocky Helmet,34.884
2019-11_gen6ou-0.json,Gigalith,Items,,Assault Vest,18.605
2019-11_gen6ou-0.json,Gigalith,Items,,Black Glasses,9.302
2019-11_gen6ou-0.json,Gigalith,Items,,Rock Incense,9.302
2019-11_gen6ou-0.json,Gigalith,Items,,Earth Plate,6.977
2019-11_gen6ou-0.json,Gigalith,Items,,Leftovers,4.651
2019-11_gen6ou-0.json,Gigalith,Items,,Salac Berry,4.651
2019-11_gen6ou-0.json,Gigalith,Items,,Nothing,4.651
2019-11_gen6ou-0.json,Gigalith,Items,,Choice Band,4.651
2019-11_gen6ou-0.json,Gigalith,Items,,Other,2.326
2019-11_gen6ou-0.json,Gigalith,Spreads,,Other,34.884
2019-11_gen6ou-0.json,Gigalith,Moves,,Earthquake,93.023
2019-11_gen6ou-0.json,Gigalith,Moves,,Explosion,44.186
2019-11_gen6ou-0.json,Gigalith,Moves,,Heavy Slam,37.209
2019-11_gen6ou-0.json,Gigalith,Moves,,Stealth Rock,37.209
2019-11_gen6ou-0.json,Gigalith,Moves,,Superpower,32.558
2019-11_gen6ou-0.json,Gigalith,Moves,,Rock Slide,32.558
2019-11_gen6ou-0.json,Gigalith,Moves,,Stone Edge,32.558
2019-11_gen6ou-0.json,Gigalith,Moves,,Power Gem,11.628
2019-11_gen6ou-0.json,Gigalith,Moves,,Iron Head,11.628
2019-11_gen6ou-0.json,Gigalith,Moves,,Earth Power,9.302
2019-11_gen6ou-0.json,Gigalith,Moves,,Iron Defense,6.977
2019-11_gen6ou-0.json,Gigalith,Moves,,Gravity,6.977
2019-11_gen6ou-0.json,Gigalith,Moves,,Frustration,6.977
2019-11_gen6ou-0.json,Gigalith,Moves,,Rock Tomb,6.977
2019-11_gen6ou-0.json,Gigalith,Moves,,Rock Polish,4.651
2019-11_gen6ou-0.json,Gigalith,Moves,,Toxic,4.651
2019-11_gen6ou-0.json,Gigalith,Moves,,Rock Smash,4.651
2019-11_gen6ou-0.json,Gigalith,Moves,,Other,16.279
2019-11_gen6ou-0.json,Abomasnow,Stats,Raw count,,47
2019-11_gen6ou-0.json,Abomasnow,Stats,Avg. weight,,1.0
2019-11_gen6ou-0.json,Abomasnow,Stats,Viability Ceiling,,63
2019-11_gen6ou-0.json,Abomasnow,Stats,Modest,,14.894
2019-11_gen6ou-0.json,Abomasnow,Stats,Relaxed,,14.894
2019-11_gen6ou-0.json,Abomasnow,Stats,Hardy,,4.255
2019-11_gen6ou-0.json,Abomasnow,Abilities,,Snow Warning,97.872
2019-11_gen6ou-0.json,Abomasnow,Abilities,,Soundproof,2.128
2019-11_gen6ou-0.json,Abomasnow,Items,,Choice Scarf,17.021
2019-11_gen6ou-0.json,Abomasnow,Items,,Icy Rock,14.894
2019-11_gen6ou-0.json,Abomasnow,Items,,Watmel Berry,14.894
2019-11_gen6ou-0.json,Abomasnow,Items,,Leftovers,12.766
2019-11_gen6ou-0.json,Abomasnow,Items,,Life Orb,10.638
2019-11_gen6ou-0.json,Abomasnow,Items,,Aguav Berry,8.511
2019-11_gen6ou-0.json,Abomasnow,Items,,Nothing,8.511
2019-11_gen6ou-0.json,Abomasnow,Items,,Miracle Seed,4.255
2019-11_gen6ou-0.json,Abomasnow,Items,,Assault Vest,2.128
2019-11_gen6ou-0.json,Abomasnow,Items,,Mental Herb,2.128
2019-11_gen6ou-0.json,Abomasnow,Items,,Other,4.255
2019-11_gen6ou-0.json,Abomasnow,Spreads,,Other,36.17
2019-11_gen6ou-0.json,Abomasnow,Moves,,Blizzard,70.213
2019-11_gen6ou-0.json,Abomasnow,Moves,,Giga Drain,53.191
2019-11_gen6ou-0.json,Abomasnow,Moves,,Energy Ball,34.043
2019-11_gen6ou-0.json,Abomasnow,Moves,,Focus Blast,29.787
2019-11_gen6ou-0.json,Abomasnow,Moves,,Wood Hammer,25.532
2019-11_gen6ou-0.json,Abomasnow,Moves,,Avalanche,25.532
2019-11_gen6ou-0.json,Abomasnow,Moves,,Protect,21.277
2019-11_gen6ou-0.json,Abomasnow,Moves,,Ice Beam,14.894
2019-11_gen6ou-0.json,Abomasnow,Moves,,Earthquake,14.894
2019-11_gen6ou-0.json,Abomasnow,Moves,,Hidden Power Ground,14.894
2019-11_gen6ou-0.json,Abomasnow,Moves,,Natural Gift,14.894
2019-11_gen6ou-0.json,Abomasnow,Moves,,Ice Shard,12.766
2019-11_gen6ou-0.json,Abomasnow,Moves,,Leech Seed,10.638
2019-11_gen6ou-0.json,Abomasnow,Moves,,Toxic,8.511
2019-11_gen6ou-0.json,Abomasnow,Moves,,Brick Break,6.383
2019-11_gen6ou-0.json,Abomasnow,Moves,,Grass Whistle,6.383
2019-11_gen6ou-0.json,Abomasnow,Moves,,Bulldoze,4.255
2019-11_gen6ou-0.json,Abomasnow,Moves,,Shadow Ball,4.255
2019-11_gen6ou-0.json,Abomasnow,Moves,,Ice Punch,4.255
2019-11_gen6ou-0.json,Abomasnow,Moves,,Bullet Seed,4.255
2019-11_gen6ou-0.json,Abomasnow,Moves,,Other,19.149
2019-11_gen6ou-0.json,Mantyke,Stats,Raw count,,48
2019-11_gen6ou-0.json,Mantyke,Stats,Avg. weight,,1.0
2019-11_gen6ou-0.json,Mantyke,Stats,Viability Ceiling,,48
2019-11_gen6ou-0.json,Mantyke,Stats,Calm,,95.833
2019-11_gen6ou-0.json,Mantyke,Abilities,,Swift Swim,100.0
2019-11_gen6ou-0.json,Mantyke,Items,,Eviolite,95.833
2019-11_gen6ou-0.json,Mantyke,Items,,Other,4.167
2019-11_gen6ou-0.json,Mantyke,Spreads,,Other,4.167
2019-11_gen6ou-0.json,Mantyke,Moves,,Scald,95.833
2019-11_gen6ou-0.json,Mantyke,Moves,,Mirror Coat,95.833
2019-11_gen6ou-0.json,Mantyke,Moves,,Toxic,95.833
2019-11_gen6ou-0.json,Mantyke,Moves,,Confuse Ray,95.833
2019-11_gen6ou-0.json,Mantyke,Moves,,Other,16.667
2019-11_gen6ou-0.json,Chimchar,Stats,Raw count,,48
2019-11_gen6ou-0.json,Chimchar,Stats,Avg. weight,,1.0
2019-11_gen6ou-0.json,Chimchar,Stats,Viability Ceiling,,48
2019-11_gen6ou-0.json,Chimchar,Stats,Jolly,,85.417
2019-11_gen6ou-0.json,Chimchar,Stats,Adamant,,10.417
2019-11_gen6ou-0.json,Chimchar,Abilities,,Blaze,100.0
2019-11_gen6ou-0.json,Chimchar,Items,,Salac Berry,95.833
2019-11_gen6ou-0.json,Chimchar,Items,,Other,4.167
2019-11_gen6ou-0.json,Chimchar,Spreads,,Other,4.167
2019-11_gen6ou-0.json,Chimchar,Moves,,Substitute,91.667
2019-11_gen6ou-0.json,Chimchar,Moves,,Flamethrower,85.417
2019-11_gen6ou-0.json,Chimchar,Moves,,Endeavor,83.333
2019-11_gen6ou-0.json,Chimchar,Moves,,Nasty Plot,64.583
2019-11_gen6ou-0.json,Chimchar,Moves,,Vacuum Wave,35.417
2019-11_gen6ou-0.json,Chimchar,Moves,,Fire Blast,14.583
2019-11_gen6ou-0.json,Chimchar,Moves,,Hidden Power Electric,8.333
2019-11_gen6ou-0.json,Chimchar,Moves,,Other,16.667
2019-11_gen6ou-0.json,Masquerain,Stats,Raw count,,43
2019-11_gen6ou-0.json,Masquerain,Stats,Avg. weight,,1.0
2019-11_gen6ou-0.json,Masquerain,Stats,Viability Ceiling,,85
2019-11_gen6ou-0.json,Masquerain,Stats,Timid,,6.977
2019-11_gen6ou-0.json,Masquerain,Stats,Modest,,6.977
2019-11_gen6ou-0.json,Masquerain,Abilities,,Intimidate,100.0
2019-11_gen6ou-0.json,Masquerain,Items,,Focus Sash,95.349
2019-11_gen6ou-0.json,Masquerain,Items,,Other,4.651
2019-11_gen6ou-0.json,Masquerain,Spreads,,Other,2.326
2019-11_gen6ou-0.json,Masquerain,Moves,,Sticky Web,95.349
2019-11_gen6ou-0.json,Masquerain,Moves,,Stun Spore,58.14
2019-11_gen6ou-0.json,Masquerain,Moves,,Protect,51.163
2019-11_gen6ou-0.json,Masquerain,Moves,,Hydro Pump,51.163
2019-11_gen6ou-0.json,Masquerain,Moves,,Ice Beam,39.535
2019-11_gen6ou-0.json,Masquerain,Moves,,Silver Wind,18.605
2019-11_gen6ou-0.json,Masquerain,Moves,,Whirlwind,18.605
2019-11_gen6ou-0.json,Masquerain,Moves,,Tailwind,16.279
2019-11_gen6ou-0.json,Masquerain,Moves,,Quiver Dance,16.279
2019-11_gen6ou-0.json,Masquerain,Moves,,Bug Buzz,9.302
2019-11_gen6ou-0.json,Masquerain,Moves,,Rain Dance,6.977
2019-11_gen6ou-0.json,Masquerain,Moves,,Other,18.605
2019-11_gen6ou-0.json,Registeel,Stats,Raw count,,43
2019-11_gen6ou-0.json,Registeel,Stats,Avg. weight,,1.0
2019-11_gen6ou-0.json,Registeel,Stats,Viability Ceiling,,84
2019-11_gen6ou-0.json,Registeel,Stats,Calm,,18.605
2019-11_gen6ou-0.json,Registeel,Stats,Careful,,4.651
2019-11_gen6ou-0.json,Registeel,Stats,Adamant,,13.953
2019-11_gen6ou-0.json,Registeel,Stats,Hardy,,4.651
2019-11_gen6ou-0.json,Registeel,Abilities,,Clear Body,95.349
2019-11_gen6ou-0.json,Registeel,Abilities,,Light Metal,4.651
2019-11_gen6ou-0.json,Registeel,Items,,Leftovers,30.233
2019-11_gen6ou-0.json,Registeel,Items,,Rocky Helmet,30.233
2019-11_gen6ou-0.json,Registeel,Items,,Chesto Berry,23.256
2019-11_gen6ou-0.json,Registeel,Items,,Assault Vest,9.302
2019-11_gen6ou-0.json,Registeel,Items,,Iron Plate,2.326
2019-11_gen6ou-0.json,Registeel,Items,,Other,4.651
2019-11_gen6ou-0.json,Registeel,Spreads,,Other,13.953
2019-11_gen6ou-0.json,Registeel,Moves,,Seismic Toss,67.442
2019-11_gen6ou-0.json,Registeel,Moves,,Rest,62.791
2019-11_gen6ou-0.json,Registeel,Moves,,Stealth Rock,48.837
2019-11_gen6ou-0.json,Registeel,Moves,,Thunder Wave,32.558
2019-11_gen6ou-0.json,Registeel,Moves,,Block,30.233
2019-11_gen6ou-0.json,Registeel,Moves,,Iron Head,25.581
2019-11_gen6ou-0.json,Registeel,Moves,,Earthquake,18.605
2019-11_gen6ou-0.json,Registeel,Moves,,Toxic,13.953
2019-11_gen6ou-0.json,Registeel,Moves,,Ice Punch,13.953
2019-11_gen6ou-0.json,Registeel,Moves,,Curse,11.628
2019-11_gen6ou-0.json,Registeel,Moves,,Rock Slide,11.628
2019-11_gen6ou-0.json,Registeel,Moves,,Flash Cannon,11.628
2019-11_gen6ou-0.json,Registeel,Moves,,Iron Defense,11.628
2019-11_gen6ou-0.json,Registeel,Moves,,Brick Break,6.977
2019-11_gen6ou-0.json,Registeel,Moves,,Thunderbolt,6.977
2019-11_gen6ou-0.json,Registeel,Moves,,Protect,6.977
2019-11_gen6ou-0.json,Registeel,Moves,,Other,18.605
2019-11_gen6ou-0.json,Sawsbuck,Stats,Raw count,,43
2019-11_gen6ou-0.json,Sawsbuck,Stats,Avg. weight,,1.0
2019-11_gen6ou-0.json,Sawsbuck,Stats,Viability Ceiling,,55
2019-11_gen6ou-0.json,Sawsbuck,Stats,Jolly,,4.651
2019-11_gen6ou-0.json,Sawsbuck,Stats,Hardy,,4.651
2019-11_gen6ou-0.json,Sawsbuck,Stats,Adamant,,4.651
2019-11_gen6ou-0.json,Sawsbuck,Abilities,,Chlorophyll,81.395
2019-11_gen6ou-0.json,Sawsbuck,Abilities,,Sap Sipper,11.628
2019-11_gen6ou-0.json,Sawsbuck,Abilities,,Serene Grace,6.977
2019-11_gen6ou-0.json,Sawsbuck,Items,,Life Orb,69.767
2019-11_gen6ou-0.json,Sawsbuck,Items,,Choice Band,6.977
2019-11_gen6ou-0.json,Sawsbuck,Items,,Assault Vest,4.651
2019-11_gen6ou-0.json,Sawsbuck,Items,,Leftovers,4.651
2019-11_gen6ou-0.json,Sawsbuck,Items,,Rocky Helmet,4.651
2019-11_gen6ou-0.json,Sawsbuck,Items,,Muscle Band,4.651
2019-11_gen6ou-0.json,Sawsbuck,Items,,Other,4.651
2019-11_gen6ou-0.json,Sawsbuck,Spreads,,Other,9.302
2019-11_gen6ou-0.json,Sawsbuck,Moves,,Horn Leech,83.721
2019-11_gen6ou-0.json,Sawsbuck,Moves,,Jump Kick,79.07
2019-11_gen6ou-0.json,Sawsbuck,Moves,,Double-Edge,65.116
2019-11_gen6ou-0.json,Sawsbuck,Moves,,Swords Dance,55.814
2019-11_gen6ou-0.json,Sawsbuck,Moves,,Grass Knot,13.953
2019-11_gen6ou-0.json,Sawsbuck,Moves,,Wild Charge,13.953
2019-11_gen6ou-0.json,Sawsbuck,Moves,,Return,11.628
2019-11_gen6ou-0.json,Sawsbuck,Moves,,Substitute,11.628
2019-11_gen6ou-0.json,Sawsbuck,Moves,,Agility,9.302
2019-11_gen6ou-0.json,Sawsbuck,Moves,,Megahorn,9.302
2019-11_gen6ou-0.json,Sawsbuck,Moves,,Energy Ball,9.302
2019-11_gen6ou-0.json,Sawsbuck,Moves,,Giga Drain,6.977
2019-11_gen6ou-0.json,Sawsbuck,Moves,,Leech Seed,6.977
2019-11_gen6ou-0.json,Sawsbuck,Moves,,Sunny Day,6.977
2019-11_gen6ou-0.json,Sawsbuck,Moves,,Other,16.279
2019-11_gen6ou-0.json,Carracosta,Stats,Raw count,,44
2019-11_gen6ou-0.json,Carracosta,Stats,Avg. weight,,1.0
2019-11_gen6ou-0.json,Carracosta,Stats,Viability Ceiling,,48
2019-11_gen6ou-0.json,Carracosta,Stats,Adamant,,4.545
2019-11_gen6ou-0.json,Carracosta,Stats,Hardy,,2.273
2019-11_gen6ou-0.json,Carracosta,Stats,Jolly,,4.545
2019-11_gen6ou-0.json,Carracosta,Abilities,,Sturdy,56.818
2019-11_gen6ou-0.json,Carracosta,Abilities,,Solid Rock,43.182
2019-11_gen6ou-0.json,Carracosta,Items,,White Herb,61.364
2019-11_gen6ou-0.json,Carracosta,Items,,Focus Sash,15.909
2019-11_gen6ou-0.json,Carracosta,Items,,Nothing,9.091
2019-11_gen6ou-0.json,Carracosta,Items,,Leftovers,6.818
2019-11_gen6ou-0.json,Carracosta,Items,,Assault Vest,2.273
2019-11_gen6ou-0.json,Carracosta,Items,,Other,4.545
2019-11_gen6ou-0.json,Carracosta,Spreads,,Other,11.364
2019-11_gen6ou-0.json,Carracosta,Moves,,Aqua Jet,88.636
2019-11_gen6ou-0.json,Carracosta,Moves,,Shell Smash,77.273
2019-11_gen6ou-0.json,Carracosta,Moves,,Rock Slide,52.273
2019-11_gen6ou-0.json,Carracosta,Moves,,Knock Off,29.545
2019-11_gen6ou-0.json,Carracosta,Moves,,Stone Edge,29.545
2019-11_gen6ou-0.json,Carracosta,Moves,,Waterfall,27.273
2019-11_gen6ou-0.json,Carracosta,Moves,,Crunch,25.0
2019-11_gen6ou-0.json,Carracosta,Moves,,Earthquake,20.455
2019-11_gen6ou-0.json,Carracosta,Moves,,Aqua Tail,15.909
2019-11_gen6ou-0.json,Carracosta,Moves,,Surf,9.091
2019-11_gen6ou-0.json,Carracosta,Moves,,Blizzard,9.091
2019-11_gen6ou-0.json,Carracosta,Moves,,Other,15.909
2019-11_gen6ou-0.json,Rattata,Stats,Raw count,,64
2019-11_gen6ou-0.json,Rattata,Stats,Avg. weight,,1.0
2019-11_gen6ou-0.json,Rattata,Stats,Viability Ceiling,,55
2019-11_gen6ou-0.json,Rattata,Stats,Hardy,,4.688
2019-11_gen6ou-0.json,Rattata,Stats,Timid,,10.938
2019-11_gen6ou-0.json,Rattata,Stats,Adamant,,9.375
2019-11_gen6ou-0.json,Rattata,Stats,Jolly,,4.688
2019-11_gen6ou-0.json,Rattata,Abilities,,Run Away,87.5
2019-11_gen6ou-0.json,Rattata,Abilities,,Guts,10.938
2019-11_gen6ou-0.json,Rattata,Abilities,,Hustle,1.562
2019-11_gen6ou-0.json,Rattata,Items,,Focus Sash,98.438
2019-11_gen6ou-0.json,Rattata,Items,,Other,1.562
2019-11_gen6ou-0.json,Rattata,Spreads,,Other,35.938
2019-11_gen6ou-0.json,Rattata,Moves,,Nothing,134.375
2019-11_gen6ou-0.json,Rattata,Moves,,Quick Attack,98.438
2019-11_gen6ou-0.json,Rattata,Moves,,Endeavor,95.312
2019-11_gen6ou-0.json,Rattata,Moves,,Crunch,20.312
2019-11_gen6ou-0.json,Rattata,Moves,,Protect,17.188
2019-11_gen6ou-0.json,Rattata,Moves,,Pursuit,4.688
2019-11_gen6ou-0.json,Rattata,Moves,,Tackle,4.688
2019-11_gen6ou-0.json,Rattata,Moves,,Rest,3.125
2019-11_gen6ou-0.json,Rattata,Moves,,Body Slam,3.125
2019-11_gen6ou-0.json,Rattata,Moves,,Other,18.75
2019-11_gen6ou-0.json,Whiscash,Stats,Raw count,,42
2019-11_gen6ou-0.json,Whiscash,Stats,Avg. weight,,1.0
2019-11_gen6ou-0.json,Whiscash,Stats,Viability Ceiling,,58
2019-11_gen6ou-0.json,Whiscash,Stats,Bold,,50.000
2019-11_gen6ou-0.json,Whiscash,Stats,Adamant,,16.667
2019-11_gen6ou-0.json,Whiscash,Stats,Hardy,,7.143
2019-11_gen6ou-0.json,Whiscash,Stats,Lax,,7.143
2019-11_gen6ou-0.json,Whiscash,Stats,Sassy,,4.762
2019-11_gen6ou-0.json,Whiscash,Abilities,,Hydration,59.524
2019-11_gen6ou-0.json,Whiscash,Abilities,,Oblivious,33.333
2019-11_gen6ou-0.json,Whiscash,Abilities,,Anticipation,7.143
2019-11_gen6ou-0.json,Whiscash,Items,,Leftovers,50.0
2019-11_gen6ou-0.json,Whiscash,Items,,Life Orb,16.667
2019-11_gen6ou-0.json,Whiscash,Items,,Nothing,11.905
2019-11_gen6ou-0.json,Whiscash,Items,,Flame Orb,7.143
2019-11_gen6ou-0.json,Whiscash,Items,,Poison Barb,7.143
2019-11_gen6ou-0.json,Whiscash,Items,,Rindo Berry,4.762
2019-11_gen6ou-0.json,Whiscash,Items,,Other,2.381
2019-11_gen6ou-0.json,Whiscash,Spreads,,Other,2.381
2019-11_gen6ou-0.json,Whiscash,Moves,,Protect,50.0
2019-11_gen6ou-0.json,Whiscash,Moves,,Earth Power,50.0
2019-11_gen6ou-0.json,Whiscash,Moves,,Whirlpool,50.0
2019-11_gen6ou-0.json,Whiscash,Moves,,Amnesia,42.857
2019-11_gen6ou-0.json,Whiscash,Moves,,Earthquake,35.714
2019-11_gen6ou-0.json,Whiscash,Moves,,Ice Beam,28.571
2019-11_gen6ou-0.json,Whiscash,Moves,,Zen Headbutt,21.429
2019-11_gen6ou-0.json,Whiscash,Moves,,Hydro Pump,19.048
2019-11_gen6ou-0.json,Whiscash,Moves,,Dragon Dance,16.667
2019-11_gen6ou-0.json,Whiscash,Moves,,Waterfall,16.667
2019-11_gen6ou-0.json,Whiscash,Moves,,Scald,14.286
2019-11_gen6ou-0.json,Whiscash,Moves,,Toxic,14.286
2019-11_gen6ou-0.json,Whiscash,Moves,,Headbutt,11.905
2019-11_gen6ou-0.json,Whiscash,Moves,,Surf,7.143
2019-11_gen6ou-0.json,Whiscash,Moves,,Rain Dance,7.143
2019-11_gen6ou-0.json,Whiscash,Moves,,Other,14.286
2019-11_gen6ou-0.json,Stoutland,Stats,Raw count,,42
2019-11_gen6ou-0.json,Stoutland,Stats,Avg. weight,,1.0
2019-11_gen6ou-0.json,Stoutland,Stats,Viability Ceiling,,68
2019-11_gen6ou-0.json,Stoutland,Stats,Adamant,,19.048
2019-11_gen6ou-0.json,Stoutland,Abilities,,Sand Rush,100.0
2019-11_gen6ou-0.json,Stoutland,Items,,Choice Band,76.19
2019-11_gen6ou-0.json,Stoutland,Items,,Leftovers,11.905
2019-11_gen6ou-0.json,Stoutland,Items,,Life Orb,11.905
2019-11_gen6ou-0.json,Stoutland,Moves,,Return,100.0
2019-11_gen6ou-0.json,Stoutland,Moves,,Crunch,95.238
2019-11_gen6ou-0.json,Stoutland,Moves,,Fire Fang,88.095
2019-11_gen6ou-0.json,Stoutland,Moves,,Iron Head,76.19
2019-11_gen6ou-0.json,Stoutland,Moves,,Wild Charge,16.667
2019-11_gen6ou-0.json,Stoutland,Moves,,Play Rough,11.905
2019-11_gen6ou-0.json,Stoutland,Moves,,Other,11.905
2019-11_gen6ou-0.json,Pelipper,Stats,Raw count,,42
2019-11_gen6ou-0.json,Pelipper,Stats,Avg. weight,,1.0
2019-11_gen6ou-0.json,Pelipper,Stats,Viability Ceiling,,54
2019-11_gen6ou-0.json,Pelipper,Stats,Timid,,30.952
2019-11_gen6ou-0.json,Pelipper,Stats,Bold,,7.143
2019-11_gen6ou-0.json,Pelipper,Stats,Hardy,,4.762
2019-11_gen6ou-0.json,Pelipper,Stats,Modest,,4.762
2019-11_gen6ou-0.json,Pelipper,Abilities,,Rain Dish,54.762
2019-11_gen6ou-0.json,Pelipper,Abilities,,Keen Eye,45.238
2019-11_gen6ou-0.json,Pelipper,Items,,Damp Rock,47.619
2019-11_gen6ou-0.json,Pelipper,Items,,Leftovers,42.857
2019-11_gen6ou-0.json,Pelipper,Items,,Nothing,4.762
2019-11_gen6ou-0.json,Pelipper,Items,,Other,4.762
2019-11_gen6ou-0.json,Pelipper,Spreads,,Other,14.286
2019-11_gen6ou-0.json,Pelipper,Moves,,Roost,76.19
2019-11_gen6ou-0.json,Pelipper,Moves,,Scald,73.81
2019-11_gen6ou-0.json,Pelipper,Moves,,Rain Dance,50.0
2019-11_gen6ou-0.json,Pelipper,Moves,,Defog,38.095
2019-11_gen6ou-0.json,Pelipper,Moves,,Hurricane,33.333
2019-11_gen6ou-0.json,Pelipper,Moves,,Air Slash,30.952
2019-11_gen6ou-0.json,Pelipper,Moves,,Hydro Pump,19.048
2019-11_gen6ou-0.json,Pelipper,Moves,,Ice Beam,16.667
2019-11_gen6ou-0.json,Pelipper,Moves,,U-turn,14.286
2019-11_gen6ou-0.json,Pelipper,Moves,,Protect,11.905
2019-11_gen6ou-0.json,Pelipper,Moves,,Toxic,9.524
2019-11_gen6ou-0.json,Pelipper,Moves,,Surf,7.143
2019-11_gen6ou-0.json,Pelipper,Moves,,Other,19.048
2019-11_gen6ou-0.json,Ursaring,Stats,Raw count,,41
2019-11_gen6ou-0.json,Ursaring,Stats,Avg. weight,,1.0
2019-11_gen6ou-0.json,Ursaring,Stats,Viability Ceiling,,75
2019-11_gen6ou-0.json,Ursaring,Stats,Adamant,,17.073
2019-11_gen6ou-0.json,Ursaring,Stats,Jolly,,2.439
2019-11_gen6ou-0.json,Ursaring,Stats,Brave,,4.878
2019-11_gen6ou-0.json,Ursaring,Abilities,,Guts,82.927
2019-11_gen6ou-0.json,Ursaring,Abilities,,Quick Feet,17.073
2019-11_gen6ou-0.json,Ursaring,Items,,Toxic Orb,41.463
2019-11_gen6ou-0.json,Ursaring,Items,,Nothing,14.634
2019-11_gen6ou-0.json,Ursaring,Items,,Shell Bell,12.195
2019-11_gen6ou-0.json,Ursaring,Items,,Focus Band,9.756
2019-11_gen6ou-0.json,Ursaring,Items,,Rocky Helmet,7.317
2019-11_gen6ou-0.json,Ursaring,Items,,Focus Sash,7.317
2019-11_gen6ou-0.json,Ursaring,Items,,Flame Orb,4.878
2019-11_gen6ou-0.json,Ursaring,Items,,Other,2.439
2019-11_gen6ou-0.json,Ursaring,Spreads,,Other,7.317
2019-11_gen6ou-0.json,Ursaring,Moves,,Facade,63.415
2019-11_gen6ou-0.json,Ursaring,Moves,,Close Combat,48.78
2019-11_gen6ou-0.json,Ursaring,Moves,,Crunch,41.463
2019-11_gen6ou-0.json,Ursaring,Moves,,Swords Dance,39.024
2019-11_gen6ou-0.json,Ursaring,Moves,,Fire Punch,26.829
2019-11_gen6ou-0.json,Ursaring,Moves,,Gunk Shot,21.951
2019-11_gen6ou-0.json,Ursaring,Moves,,Thunder Punch,19.512
2019-11_gen6ou-0.json,Ursaring,Moves,,Superpower,17.073
2019-11_gen6ou-0.json,Ursaring,Moves,,Brick Break,17.073
2019-11_gen6ou-0.json,Ursaring,Moves,,Bulk Up,17.073
2019-11_gen6ou-0.json,Ursaring,Moves,,Body Slam,17.073
2019-11_gen6ou-0.json,Ursaring,Moves,,Hammer Arm,14.634
2019-11_gen6ou-0.json,Ursaring,Moves,,Earthquake,14.634
2019-11_gen6ou-0.json,Ursaring,Moves,,Stone Edge,14.634
2019-11_gen6ou-0.json,Ursaring,Moves,,Avalanche,12.195
2019-11_gen6ou-0.json,Ursaring,Moves,,Other,14.634
2019-11_gen6ou-0.json,Beartic,Stats,Raw count,,39
2019-11_gen6ou-0.json,Beartic,Stats,Avg. weight,,1.0
2019-11_gen6ou-0.json,Beartic,Stats,Viability Ceiling,,54
2019-11_gen6ou-0.json,Beartic,Stats,Adamant,,5.128
2019-11_gen6ou-0.json,Beartic,Stats,Lonely,,7.692
2019-11_gen6ou-0.json,Beartic,Stats,Jolly,,5.128
2019-11_gen6ou-0.json,Beartic,Abilities,,Swift Swim,74.359
2019-11_gen6ou-0.json,Beartic,Abilities,,Snow Cloak,25.641
2019-11_gen6ou-0.json,Beartic,Items,,Focus Sash,28.205
2019-11_gen6ou-0.json,Beartic,Items,,Choice Band,28.205
2019-11_gen6ou-0.json,Beartic,Items,,Damp Rock,7.692
2019-11_gen6ou-0.json,Beartic,Items,,Icicle Plate,7.692
2019-11_gen6ou-0.json,Beartic,Items,,Icy Rock,7.692
2019-11_gen6ou-0.json,Beartic,Items,,Bright Powder,7.692
2019-11_gen6ou-0.json,Beartic,Items,,Life Orb,5.128
2019-11_gen6ou-0.json,Beartic,Items,,Sitrus Berry,5.128
2019-11_gen6ou-0.json,Beartic,Items,,Other,2.564
2019-11_gen6ou-0.json,Beartic,Spreads,,Other,5.128
2019-11_gen6ou-0.json,Beartic,Moves,,Aqua Jet,61.538
2019-11_gen6ou-0.json,Beartic,Moves,,Ice Punch,56.41
2019-11_gen6ou-0.json,Beartic,Moves,,Superpower,51.282
2019-11_gen6ou-0.json,Beartic,Moves,,Icicle Crash,41.026
2019-11_gen6ou-0.json,Beartic,Moves,,Brick Break,41.026
2019-11_gen6ou-0.json,Beartic,Moves,,Rain Dance,35.897
2019-11_gen6ou-0.json,Beartic,Moves,,Swords Dance,33.333
2019-11_gen6ou-0.json,Beartic,Moves,,Stone Edge,30.769
2019-11_gen6ou-0.json,Beartic,Moves,,Hail,15.385
2019-11_gen6ou-0.json,Beartic,Moves,,Shadow Claw,10.256
2019-11_gen6ou-0.json,Beartic,Moves,,Night Slash,7.692
2019-11_gen6ou-0.json,Beartic,Moves,,Other,15.385
2019-11_gen6ou-0.json,Sigilyph,Stats,Raw count,,38
2019-11_gen6ou-0.json,Sigilyph,Stats,Avg. weight,,1.0
2019-11_gen6ou-0.json,Sigilyph,Stats,Viability Ceiling,,76
2019-11_gen6ou-0.json,Sigilyph,Stats,Calm,,21.053
2019-11_gen6ou-0.json,Sigilyph,Stats,Modest,,7.895
2019-11_gen6ou-0.json,Sigilyph,Stats,Timid,,21.053
2019-11_gen6ou-0.json,Sigilyph,Stats,Bold,,5.263
2019-11_gen6ou-0.json,Sigilyph,Abilities,,Magic Guard,100.0
2019-11_gen6ou-0.json,Sigilyph,Items,,Leftovers,55.263
2019-11_gen6ou-0.json,Sigilyph,Items,,Flame Orb,15.789
2019-11_gen6ou-0.json,Sigilyph,Items,,Kelpsy Berry,15.789
2019-11_gen6ou-0.json,Sigilyph,Items,,Life Orb,10.526
2019-11_gen6ou-0.json,Sigilyph,Items,,Other,2.632
2019-11_gen6ou-0.json,Sigilyph,Spreads,,Other,10.526
2019-11_gen6ou-0.json,Sigilyph,Moves,,Roost,60.526
2019-11_gen6ou-0.json,Sigilyph,Moves,,Stored Power,50.0
2019-11_gen6ou-0.json,Sigilyph,Moves,,Cosmic Power,47.368
2019-11_gen6ou-0.json,Sigilyph,Moves,,Calm Mind,42.105
2019-11_gen6ou-0.json,Sigilyph,Moves,,Air Slash,42.105
2019-11_gen6ou-0.json,Sigilyph,Moves,,Heat Wave,31.579
2019-11_gen6ou-0.json,Sigilyph,Moves,,Psychic,23.684
2019-11_gen6ou-0.json,Sigilyph,Moves,,Energy Ball,23.684
2019-11_gen6ou-0.json,Sigilyph,Moves,,Toxic,21.053
2019-11_gen6ou-0.json,Sigilyph,Moves,,Psycho Shift,15.789
2019-11_gen6ou-0.json,Sigilyph,Moves,,Trick,15.789
2019-11_gen6ou-0.json,Sigilyph,Moves,,Shadow Ball,15.789
2019-11_gen6ou-0.json,Sigilyph,Moves,,Other,10.526
2019-11_gen6ou-0.json,Seviper,Stats,Raw count,,37
2019-11_gen6ou-0.json,Seviper,Stats,Avg. weight,,1.0
2019-11_gen6ou-0.json,Seviper,Stats,Viability Ceiling,,48
2019-11_gen6ou-0.json,Seviper,Stats,Brave,,64.865
2019-11_gen6ou-0.json,Seviper,Stats,Lonely,,13.514
2019-11_gen6ou-0.json,Seviper,Stats,Naughty,,5.405
2019-11_gen6ou-0.json,Seviper,Stats,Calm,,5.405
2019-11_gen6ou-0.json,Seviper,Stats,Adamant,,5.405
2019-11_gen6ou-0.json,Seviper,Abilities,,Shed Skin,94.595
2019-11_gen6ou-0.json,Seviper,Abilities,,Infiltrator,5.405
2019-11_gen6ou-0.json,Seviper,Items,,Assault Vest,64.865
2019-11_gen6ou-0.json,Seviper,Items,,Life Orb,18.919
2019-11_gen6ou-0.json,Seviper,Items,,Black Sludge,10.811
2019-11_gen6ou-0.json,Seviper,Items,,Flame Orb,5.405
2019-11_gen6ou-0.json,Seviper,Moves,,Sucker Punch,89.189
2019-11_gen6ou-0.json,Seviper,Moves,,Poison Jab,83.784
2019-11_gen6ou-0.json,Seviper,Moves,,Flamethrower,75.676
2019-11_gen6ou-0.json,Seviper,Moves,,Earthquake,70.27
2019-11_gen6ou-0.json,Seviper,Moves,,Giga Drain,18.919
2019-11_gen6ou-0.json,Seviper,Moves,,Aqua Tail,13.514
2019-11_gen6ou-0.json,Seviper,Moves,,Coil,10.811
2019-11_gen6ou-0.json,Seviper,Moves,,Crunch,5.405
2019-11_gen6ou-0.json,Seviper,Moves,,Sludge Wave,5.405
2019-11_gen6ou-0.json,Seviper,Moves,,Glare,5.405
2019-11_gen6ou-0.json,Seviper,Moves,,Dark Pulse,5.405
2019-11_gen6ou-0.json,Seviper,Moves,,Other,16.216
2019-11_gen6ou-0.json,Zangoose,Stats,Raw count,,37
2019-11_gen6ou-0.json,Zangoose,Stats,Avg. weight,,1.0
2019-11_gen6ou-0.json,Zangoose,Stats,Viability Ceiling,,54
2019-11_gen6ou-0.json,Zangoose,Stats,Jolly,,29.730
2019-11_gen6ou-0.json,Zangoose,Stats,Adamant,,24.324
2019-11_gen6ou-0.json,Zangoose,Stats,Hasty,,5.405
2019-11_gen6ou-0.json,Zangoose,Stats,Hardy,,2.703
2019-11_gen6ou-0.json,Zangoose,Abilities,,Toxic Boost,72.973
2019-11_gen6ou-0.json,Zangoose,Abilities,,Immunity,27.027
2019-11_gen6ou-0.json,Zangoose,Items,,Toxic Orb,72.973
2019-11_gen6ou-0.json,Zangoose,Items,,Leftovers,24.324
2019-11_gen6ou-0.json,Zangoose,Items,,Other,2.703
2019-11_gen6ou-0.json,Zangoose,Spreads,,Other,2.703
2019-11_gen6ou-0.json,Zangoose,Moves,,Close Combat,78.378
2019-11_gen6ou-0.json,Zangoose,Moves,,Facade,67.568
2019-11_gen6ou-0.json,Zangoose,Moves,,Quick Attack,37.838
2019-11_gen6ou-0.json,Zangoose,Moves,,Knock Off,35.135
2019-11_gen6ou-0.json,Zangoose,Moves,,Shadow Claw,35.135
2019-11_gen6ou-0.json,Zangoose,Moves,,Swords Dance,32.432
2019-11_gen6ou-0.json,Zangoose,Moves,,Body Slam,27.027
2019-11_gen6ou-0.json,Zangoose,Moves,,Protect,18.919
2019-11_gen6ou-0.json,Zangoose,Moves,,X-Scissor,13.514
2019-11_gen6ou-0.json,Zangoose,Moves,,Night Slash,10.811
2019-11_gen6ou-0.json,Zangoose,Moves,,Brick Break,8.108
2019-11_gen6ou-0.json,Zangoose,Moves,,Ice Punch,8.108
2019-11_gen6ou-0.json,Zangoose,Moves,,Thunderbolt,5.405
2019-11_gen6ou-0.json,Zangoose,Moves,,Return,5.405
2019-11_gen6ou-0.json,Zangoose,Moves,,Other,16.216
2019-11_gen6ou-0.json,Lopunny,Stats,Raw count,,57
2019-11_gen6ou-0.json,Lopunny,Stats,Avg. weight,,1.0
2019-11_gen6ou-0.json,Lopunny,Stats,Viability Ceiling,,50
2019-11_gen6ou-0.json,Lopunny,Stats,Hardy,,7.018
2019-11_gen6ou-0.json,Lopunny,Stats,Jolly,,7.018
2019-11_gen6ou-0.json,Lopunny,Stats,Brave,,7.018
2019-11_gen6ou-0.json,Lopunny,Abilities,,Cute Charm,84.211
2019-11_gen6ou-0.json,Lopunny,Abilities,,Limber,15.789
2019-11_gen6ou-0.json,Lopunny,Items,,Focus Sash,50.877
2019-11_gen6ou-0.json,Lopunny,Items,,Nothing,14.035
2019-11_gen6ou-0.json,Lopunny,Items,,Choice Scarf,10.526
2019-11_gen6ou-0.json,Lopunny,Items,,Toxic Orb,5.263
2019-11_gen6ou-0.json,Lopunny,Items,,Big Root,5.263
2019-11_gen6ou-0.json,Lopunny,Items,,Silk Scarf,5.263
2019-11_gen6ou-0.json,Lopunny,Items,,Oran Berry,3.509
2019-11_gen6ou-0.json,Lopunny,Items,,Scope Lens,1.754
2019-11_gen6ou-0.json,Lopunny,Items,,Other,3.509
2019-11_gen6ou-0.json,Lopunny,Spreads,,Other,31.579
2019-11_gen6ou-0.json,Lopunny,Moves,,Nothing,85.965
2019-11_gen6ou-0.json,Lopunny,Moves,,Endeavor,49.123
2019-11_gen6ou-0.json,Lopunny,Moves,,Quick Attack,49.123
2019-11_gen6ou-0.json,Lopunny,Moves,,Drain Punch,49.123
2019-11_gen6ou-0.json,Lopunny,Moves,,Agility,19.298
2019-11_gen6ou-0.json,Lopunny,Moves,,Hyper Voice,19.298
2019-11_gen6ou-0.json,Lopunny,Moves,,High Jump Kick,17.544
2019-11_gen6ou-0.json,Lopunny,Moves,,Power-Up Punch,15.789
2019-11_gen6ou-0.json,Lopunny,Moves,,Fake Out,14.035
2019-11_gen6ou-0.json,Lopunny,Moves,,Focus Blast,12.281
2019-11_gen6ou-0.json,Lopunny,Moves,,Facade,8.772
2019-11_gen6ou-0.json,Lopunny,Moves,,Thunderbolt,7.018
2019-11_gen6ou-0.json,Lopunny,Moves,,Shadow Ball,7.018
2019-11_gen6ou-0.json,Lopunny,Moves,,Fire Punch,7.018
2019-11_gen6ou-0.json,Lopunny,Moves,,Circle Throw,5.263
2019-11_gen6ou-0.json,Lopunny,Moves,,Fling,5.263
2019-11_gen6ou-0.json,Lopunny,Moves,,Ice Punch,5.263
2019-11_gen6ou-0.json,Lopunny,Moves,,Jump Kick,3.509
2019-11_gen6ou-0.json,Lopunny,Moves,,Other,19.298
2019-11_gen6ou-0.json,Skuntank,Stats,Raw count,,36
2019-11_gen6ou-0.json,Skuntank,Stats,Avg. weight,,1.0
2019-11_gen6ou-0.json,Skuntank,Stats,Viability Ceiling,,58
2019-11_gen6ou-0.json,Skuntank,Stats,Jolly,,25.000
2019-11_gen6ou-0.json,Skuntank,Stats,Adamant,,5.556
2019-11_gen6ou-0.json,Skuntank,Stats,Modest,,8.333
2019-11_gen6ou-0.json,Skuntank,Abilities,,Aftermath,63.889
2019-11_gen6ou-0.json,Skuntank,Abilities,,Stench,36.111
2019-11_gen6ou-0.json,Skuntank,Items,,Life Orb,47.222
2019-11_gen6ou-0.json,Skuntank,Items,,Nothing,19.444
2019-11_gen6ou-0.json,Skuntank,Items,,Focus Sash,13.889
2019-11_gen6ou-0.json,Skuntank,Items,,Black Sludge,13.889
2019-11_gen6ou-0.json,Skuntank,Items,,Black Glasses,5.556
2019-11_gen6ou-0.json,Skuntank,Moves,,Poison Jab,86.111
2019-11_gen6ou-0.json,Skuntank,Moves,,Sucker Punch,75.0
2019-11_gen6ou-0.json,Skuntank,Moves,,Taunt,44.444
2019-11_gen6ou-0.json,Skuntank,Moves,,Pursuit,44.444
2019-11_gen6ou-0.json,Skuntank,Moves,,Protect,38.889
2019-11_gen6ou-0.json,Skuntank,Moves,,Toxic,30.556
2019-11_gen6ou-0.json,Skuntank,Moves,,Night Slash,16.667
2019-11_gen6ou-0.json,Skuntank,Moves,,Play Rough,11.111
2019-11_gen6ou-0.json,Skuntank,Moves,,Shadow Claw,11.111
2019-11_gen6ou-0.json,Skuntank,Moves,,Sludge Bomb,8.333
2019-11_gen6ou-0.json,Skuntank,Moves,,Dark Pulse,8.333
2019-11_gen6ou-0.json,Skuntank,Moves,,Defog,8.333
2019-11_gen6ou-0.json,Skuntank,Moves,,Other,16.667
2019-11_gen6ou-0.json,Mesprit,Stats,Raw count,,37
2019-11_gen6ou-0.json,Mesprit,Stats,Avg. weight,,1.0
2019-11_gen6ou-0.json,Mesprit,Stats,Viability Ceiling,,66
2019-11_gen6ou-0.json,Mesprit,Stats,Hardy,,43.243
2019-11_gen6ou-0.json,Mesprit,Stats,Careful,,18.919
2019-11_gen6ou-0.json,Mesprit,Stats,Brave,,10.811
2019-11_gen6ou-0.json,Mesprit,Stats,Bold,,8.108
2019-11_gen6ou-0.json,Mesprit,Stats,Modest,,8.108
2019-11_gen6ou-0.json,Mesprit,Stats,Calm,,2.703
2019-11_gen6ou-0.json,Mesprit,Abilities,,Levitate,100.0
2019-11_gen6ou-0.json,Mesprit,Items,,Air Balloon,43.243
2019-11_gen6ou-0.json,Mesprit,Items,,Leftovers,32.432
2019-11_gen6ou-0.json,Mesprit,Items,,Watmel Berry,10.811
2019-11_gen6ou-0.json,Mesprit,Items,,Odd Incense,8.108
2019-11_gen6ou-0.json,Mesprit,Items,,Chesto Berry,2.703
2019-11_gen6ou-0.json,Mesprit,Items,,Other,2.703
2019-11_gen6ou-0.json,Mesprit,Spreads,,Other,8.108
2019-11_gen6ou-0.json,Mesprit,Moves,,U-turn,70.27
2019-11_gen6ou-0.json,Mesprit,Moves,,Knock Off,64.865
2019-11_gen6ou-0.json,Mesprit,Moves,,Zen Headbutt,54.054
2019-11_gen6ou-0.json,Mesprit,Moves,,Stealth Rock,45.946
2019-11_gen6ou-0.json,Mesprit,Moves,,Signal Beam,40.541
2019-11_gen6ou-0.json,Mesprit,Moves,,Healing Wish,18.919
2019-11_gen6ou-0.json,Mesprit,Moves,,Dazzling Gleam,18.919
2019-11_gen6ou-0.json,Mesprit,Moves,,Calm Mind,10.811
2019-11_gen6ou-0.json,Mesprit,Moves,,Natural Gift,10.811
2019-11_gen6ou-0.json,Mesprit,Moves,,Ice Beam,10.811
2019-11_gen6ou-0.json,Mesprit,Moves,,Energy Ball,10.811
2019-11_gen6ou-0.json,Mesprit,Moves,,Thunder Wave,8.108
2019-11_gen6ou-0.json,Mesprit,Moves,,Extrasensory,8.108
2019-11_gen6ou-0.json,Mesprit,Moves,,Psychic,5.405
2019-11_gen6ou-0.json,Mesprit,Moves,,Shadow Ball,5.405
2019-11_gen6ou-0.json,Mesprit,Moves,,Other,16.216
2019-11_gen6ou-0.json,Tropius,Stats,Raw count,,35
2019-11_gen6ou-0.json,Tropius,Stats,Avg. weight,,1.0
2019-11_gen6ou-0.json,Tropius,Stats,Viability Ceiling,,49
2019-11_gen6ou-0.json,Tropius,Stats,Serious,,51.429
2019-11_gen6ou-0.json,Tropius,Stats,Adamant,,5.714
2019-11_gen6ou-0.json,Tropius,Stats,Impish,,8.571
2019-11_gen6ou-0.json,Tropius,Stats,Bold,,8.571
2019-11_gen6ou-0.json,Tropius,Stats,Modest,,2.857
2019-11_gen6ou-0.json,Tropius,Abilities,,Harvest,94.286
2019-11_gen6ou-0.json,Tropius,Abilities,,Chlorophyll,5.714
2019-11_gen6ou-0.json,Tropius,Items,,Sitrus Berry,88.571
2019-11_gen6ou-0.json,Tropius,Items,,Lum Berry,5.714
2019-11_gen6ou-0.json,Tropius,Items,,Nothing,2.857
2019-11_gen6ou-0.json,Tropius,Items,,Other,2.857
2019-11_gen6ou-0.json,Tropius,Spreads,,Other,2.857
2019-11_gen6ou-0.json,Tropius,Moves,,Leech Seed,68.571
2019-11_gen6ou-0.json,Tropius,Moves,,Toxic,62.857
2019-11_gen6ou-0.json,Tropius,Moves,,Synthesis,51.429
2019-11_gen6ou-0.json,Tropius,Moves,,Energy Ball,45.714
2019-11_gen6ou-0.json,Tropius,Moves,,Dragon Dance,25.714
2019-11_gen6ou-0.json,Tropius,Moves,,Earthquake,25.714
2019-11_gen6ou-0.json,Tropius,Moves,,Substitute,22.857
2019-11_gen6ou-0.json,Tropius,Moves,,Seed Bomb,20.0
2019-11_gen6ou-0.json,Tropius,Moves,,Body Slam,17.143
2019-11_gen6ou-0.json,Tropius,Moves,,Protect,11.429
2019-11_gen6ou-0.json,Tropius,Moves,,Giga Drain,11.429
2019-11_gen6ou-0.json,Tropius,Moves,,Air Slash,8.571
2019-11_gen6ou-0.json,Tropius,Moves,,Roost,8.571
2019-11_gen6ou-0.json,Tropius,Moves,,Other,20.0
2019-11_gen6ou-0.json,Meganium,Stats,Raw count,,43
2019-11_gen6ou-0.json,Meganium,Stats,Avg. weight,,1.0
2019-11_gen6ou-0.json,Meganium,Stats,Viability Ceiling,,58
2019-11_gen6ou-0.json,Meganium,Stats,Calm,,23.256
2019-11_gen6ou-0.json,Meganium,Stats,Hardy,,6.977
2019-11_gen6ou-0.json,Meganium,Stats,Jolly,,11.628
2019-11_gen6ou-0.json,Meganium,Stats,Hasty,,6.977
2019-11_gen6ou-0.json,Meganium,Stats,Impish,,6.977
2019-11_gen6ou-0.json,Meganium,Abilities,,Overgrow,60.465
2019-11_gen6ou-0.json,Meganium,Abilities,,Leaf Guard,39.535
2019-11_gen6ou-0.json,Meganium,Items,,Light Clay,30.233
2019-11_gen6ou-0.json,Meganium,Items,,Nothing,23.256
2019-11_gen6ou-0.json,Meganium,Items,,Life Orb,16.279
2019-11_gen6ou-0.json,Meganium,Items,,Miracle Seed,11.628
2019-11_gen6ou-0.json,Meganium,Items,,Big Root,6.977
2019-11_gen6ou-0.json,Meganium,Items,,Assault Vest,4.651
2019-11_gen6ou-0.json,Meganium,Items,,Focus Sash,4.651
2019-11_gen6ou-0.json,Meganium,Items,,Other,2.326
2019-11_gen6ou-0.json,Meganium,Spreads,,Other,30.233
2019-11_gen6ou-0.json,Meganium,Moves,,Energy Ball,48.837
2019-11_gen6ou-0.json,Meganium,Moves,,Leech Seed,32.558
2019-11_gen6ou-0.json,Meganium,Moves,,Toxic,30.233
2019-11_gen6ou-0.json,Meganium,Moves,,Reflect,30.233
2019-11_gen6ou-0.json,Meganium,Moves,,Light Screen,30.233
2019-11_gen6ou-0.json,Meganium,Moves,,Aromatherapy,27.907
2019-11_gen6ou-0.json,Meganium,Moves,,Earthquake,27.907
2019-11_gen6ou-0.json,Meganium,Moves,,Giga Drain,23.256
2019-11_gen6ou-0.json,Meganium,Moves,,Bullet Seed,20.93
2019-11_gen6ou-0.json,Meganium,Moves,,Frenzy Plant,16.279
2019-11_gen6ou-0.json,Meganium,Moves,,Body Slam,13.953
2019-11_gen6ou-0.json,Meganium,Moves,,Substitute,11.628
2019-11_gen6ou-0.json,Meganium,Moves,,Swords Dance,11.628
2019-11_gen6ou-0.json,Meganium,Moves,,Flail,11.628
2019-11_gen6ou-0.json,Meganium,Moves,,Petal Blizzard,11.628
2019-11_gen6ou-0.json,Meganium,Moves,,Synthesis,9.302
2019-11_gen6ou-0.json,Meganium,Moves,,Leaf Storm,9.302
2019-11_gen6ou-0.json,Meganium,Moves,,Protect,9.302
2019-11_gen6ou-0.json,Meganium,Moves,,Dragon Tail,6.977
2019-11_gen6ou-0.json,Meganium,Moves,,Other,16.279
2019-11_gen6ou-0.json,Gothitelle,Stats,Raw count,,39
2019-11_gen6ou-0.json,Gothitelle,Stats,Avg. weight,,1.0
2019-11_gen6ou-0.json,Gothitelle,Stats,Viability Ceiling,,45
2019-11_gen6ou-0.json,Gothitelle,Stats,Hardy,,17.949
2019-11_gen6ou-0.json,Gothitelle,Stats,Modest,,17.949
2019-11_gen6ou-0.json,Gothitelle,Stats,Sassy,,2.564
2019-11_gen6ou-0.json,Gothitelle,Stats,Timid,,2.564
2019-11_gen6ou-0.json,Gothitelle,Abilities,,Frisk,97.436
2019-11_gen6ou-0.json,Gothitelle,Abilities,,Competitive,2.564
2019-11_gen6ou-0.json,Gothitelle,Items,,Leftovers,79.487
2019-11_gen6ou-0.json,Gothitelle,Items,,Cornn Berry,17.949
2019-11_gen6ou-0.json,Gothitelle,Items,,Other,2.564
2019-11_gen6ou-0.json,Gothitelle,Spreads,,Other,2.564
2019-11_gen6ou-0.json,Gothitelle,Moves,,Psychic,92.308
2019-11_gen6ou-0.json,Gothitelle,Moves,,Calm Mind,76.923
2019-11_gen6ou-0.json,Gothitelle,Moves,,Mean Look,74.359
2019-11_gen6ou-0.json,Gothitelle,Moves,,Toxic,64.103
2019-11_gen6ou-0.json,Gothitelle,Moves,,Dark Pulse,17.949
2019-11_gen6ou-0.json,Gothitelle,Moves,,Shadow Ball,17.949
2019-11_gen6ou-0.json,Gothitelle,Moves,,Trick,17.949
2019-11_gen6ou-0.json,Gothitelle,Moves,,Rest,12.821
2019-11_gen6ou-0.json,Gothitelle,Moves,,Psyshock,7.692
2019-11_gen6ou-0.json,Gothitelle,Moves,,Other,17.949
2019-11_gen6ou-0.json,Scyther,Stats,Raw count,,40
2019-11_gen6ou-0.json,Scyther,Stats,Avg. weight,,1.0
2019-11_gen6ou-0.json,Scyther,Stats,Viability Ceiling,,55
2019-11_gen6ou-0.json,Scyther,Stats,Jolly,,12.500
2019-11_gen6ou-0.json,Scyther,Stats,Hasty,,17.500
2019-11_gen6ou-0.json,Scyther,Stats,Hardy,,7.500
2019-11_gen6ou-0.json,Scyther,Abilities,,Technician,80.0
2019-11_gen6ou-0.json,Scyther,Abilities,,Swarm,12.5
2019-11_gen6ou-0.json,Scyther,Abilities,,Steadfast,7.5
2019-11_gen6ou-0.json,Scyther,Items,,Eviolite,87.5
2019-11_gen6ou-0.json,Scyther,Items,,Assault Vest,7.5
2019-11_gen6ou-0.json,Scyther,Items,,Sitrus Berry,5.0
2019-11_gen6ou-0.json,Scyther,Spreads,,Other,10.0
2019-11_gen6ou-0.json,Scyther,Moves,,Swords Dance,67.5
2019-11_gen6ou-0.json,Scyther,Moves,,U-turn,60.0
2019-11_gen6ou-0.json,Scyther,Moves,,Aerial Ace,60.0
2019-11_gen6ou-0.json,Scyther,Moves,,Bug Bite,30.0
2019-11_gen6ou-0.json,Scyther,Moves,,Roost,30.0
2019-11_gen6ou-0.json,Scyther,Moves,,Night Slash,27.5
2019-11_gen6ou-0.json,Scyther,Moves,,Defog,22.5
2019-11_gen6ou-0.json,Scyther,Moves,,Quick Attack,22.5
2019-11_gen6ou-0.json,Scyther,Moves,,Knock Off,12.5
2019-11_gen6ou-0.json,Scyther,Moves,,Air Slash,12.5
2019-11_gen6ou-0.json,Scyther,Moves,,Tailwind,10.0
2019-11_gen6ou-0.json,Scyther,Moves,,X-Scissor,7.5
2019-11_gen6ou-0.json,Scyther,Moves,,Double-Edge,7.5
2019-11_gen6ou-0.json,Scyther,Moves,,Substitute,7.5
2019-11_gen6ou-0.json,Scyther,Moves,,Cut,5.0
2019-11_gen6ou-0.json,Scyther,Moves,,Other,17.5
2019-11_gen6ou-0.json,Togetic,Stats,Raw count,,38
2019-11_gen6ou-0.json,Togetic,Stats,Avg. weight,,1.0
2019-11_gen6ou-0.json,Togetic,Stats,Viability Ceiling,,50
2019-11_gen6ou-0.json,Togetic,Stats,Calm,,47.368
2019-11_gen6ou-0.json,Togetic,Stats,Hardy,,7.895
2019-11_gen6ou-0.json,Togetic,Stats,Impish,,10.526
2019-11_gen6ou-0.json,Togetic,Stats,Sassy,,7.895
2019-11_gen6ou-0.json,Togetic,Abilities,,Serene Grace,68.421
2019-11_gen6ou-0.json,Togetic,Abilities,,Hustle,31.579
2019-11_gen6ou-0.json,Togetic,Items,,Eviolite,68.421
2019-11_gen6ou-0.json,Togetic,Items,,Leftovers,13.158
2019-11_gen6ou-0.json,Togetic,Items,,Sitrus Berry,10.526
2019-11_gen6ou-0.json,Togetic,Items,,Nothing,7.895
2019-11_gen6ou-0.json,Togetic,Spreads,,Other,5.263
2019-11_gen6ou-0.json,Togetic,Moves,,Defog,65.789
2019-11_gen6ou-0.json,Togetic,Moves,,Heal Bell,57.895
2019-11_gen6ou-0.json,Togetic,Moves,,Dazzling Gleam,52.632
2019-11_gen6ou-0.json,Togetic,Moves,,Roost,47.368
2019-11_gen6ou-0.json,Togetic,Moves,,Encore,39.474
2019-11_gen6ou-0.json,Togetic,Moves,,Flamethrower,26.316
2019-11_gen6ou-0.json,Togetic,Moves,,Nothing,23.684
2019-11_gen6ou-0.json,Togetic,Moves,,Wish,10.526
2019-11_gen6ou-0.json,Togetic,Moves,,Toxic,10.526
2019-11_gen6ou-0.json,Togetic,Moves,,Work Up,10.526
2019-11_gen6ou-0.json,Togetic,Moves,,Body Slam,10.526
2019-11_gen6ou-0.json,Togetic,Moves,,Nasty Plot,10.526
2019-11_gen6ou-0.json,Togetic,Moves,,Grass Knot,10.526
2019-11_gen6ou-0.json,Togetic,Moves,,Metronome,7.895
2019-11_gen6ou-0.json,Togetic,Moves,,Other,15.789
2019-11_gen6ou-0.json,Regice,Stats,Raw count,,39
2019-11_gen6ou-0.json,Regice,Stats,Avg. weight,,1.0
2019-11_gen6ou-0.json,Regice,Stats,Viability Ceiling,,67
2019-11_gen6ou-0.json,Regice,Stats,Modest,,17.949
2019-11_gen6ou-0.json,Regice,Stats,Timid,,15.385
2019-11_gen6ou-0.json,Regice,Stats,Calm,,10.256
2019-11_gen6ou-0.json,Regice,Stats,Relaxed,,10.256
2019-11_gen6ou-0.json,Regice,Stats,Hardy,,7.692
2019-11_gen6ou-0.json,Regice,Abilities,,Clear Body,89.744
2019-11_gen6ou-0.json,Regice,Abilities,,Ice Body,10.256
2019-11_gen6ou-0.json,Regice,Items,,Weakness Policy,33.333
2019-11_gen6ou-0.json,Regice,Items,,Chesto Berry,28.205
2019-11_gen6ou-0.json,Regice,Items,,Leftovers,17.949
2019-11_gen6ou-0.json,Regice,Items,,Icicle Plate,7.692
2019-11_gen6ou-0.json,Regice,Items,,Assault Vest,5.128
2019-11_gen6ou-0.json,Regice,Items,,Icy Rock,2.564
2019-11_gen6ou-0.json,Regice,Items,,Focus Sash,2.564
2019-11_gen6ou-0.json,Regice,Items,,Other,2.564
2019-11_gen6ou-0.json,Regice,Spreads,,Other,20.513
2019-11_gen6ou-0.json,Regice,Moves,,Ice Beam,46.154
2019-11_gen6ou-0.json,Regice,Moves,,Rest,38.462
2019-11_gen6ou-0.json,Regice,Moves,,Blizzard,35.897
2019-11_gen6ou-0.json,Regice,Moves,,Thunderbolt,35.897
2019-11_gen6ou-0.json,Regice,Moves,,Rock Polish,33.333
2019-11_gen6ou-0.json,Regice,Moves,,Focus Blast,33.333
2019-11_gen6ou-0.json,Regice,Moves,,Amnesia,28.205
2019-11_gen6ou-0.json,Regice,Moves,,Ice Punch,23.077
2019-11_gen6ou-0.json,Regice,Moves,,Ancient Power,20.513
2019-11_gen6ou-0.json,Regice,Moves,,Earthquake,15.385
2019-11_gen6ou-0.json,Regice,Moves,,Charge Beam,10.256
2019-11_gen6ou-0.json,Regice,Moves,,Sleep Talk,10.256
2019-11_gen6ou-0.json,Regice,Moves,,Counter,10.256
2019-11_gen6ou-0.json,Regice,Moves,,Avalanche,7.692
2019-11_gen6ou-0.json,Regice,Moves,,Brick Break,7.692
2019-11_gen6ou-0.json,Regice,Moves,,Giga Impact,5.128
2019-11_gen6ou-0.json,Regice,Moves,,Seismic Toss,5.128
2019-11_gen6ou-0.json,Regice,Moves,,Protect,5.128
2019-11_gen6ou-0.json,Regice,Moves,,Flash Cannon,5.128
2019-11_gen6ou-0.json,Regice,Moves,,Explosion,2.564
2019-11_gen6ou-0.json,Regice,Moves,,Bulldoze,2.564
2019-11_gen6ou-0.json,Regice,Moves,,Other,17.949
2019-11_gen6ou-0.json,Eevee,Stats,Raw count,,34
2019-11_gen6ou-0.json,Eevee,Stats,Avg. weight,,1.0
2019-11_gen6ou-0.json,Eevee,Stats,Viability Ceiling,,68
2019-11_gen6ou-0.json,Eevee,Stats,Naughty,,26.471
2019-11_gen6ou-0.json,Eevee,Stats,Hardy,,2.941
2019-11_gen6ou-0.json,Eevee,Stats,Adamant,,5.882
2019-11_gen6ou-0.json,Eevee,Abilities,,Run Away,85.294
2019-11_gen6ou-0.json,Eevee,Abilities,,Adaptability,11.765
2019-11_gen6ou-0.json,Eevee,Abilities,,Anticipation,2.941
2019-11_gen6ou-0.json,Eevee,Items,,Nothing,35.294
2019-11_gen6ou-0.json,Eevee,Items,,Chilan Berry,26.471
2019-11_gen6ou-0.json,Eevee,Items,,Normal Gem,11.765
2019-11_gen6ou-0.json,Eevee,Items,,Life Orb,5.882
2019-11_gen6ou-0.json,Eevee,Items,,Air Balloon,2.941
2019-11_gen6ou-0.json,Eevee,Items,,Mago Berry,2.941
2019-11_gen6ou-0.json,Eevee,Items,,Choice Scarf,2.941
2019-11_gen6ou-0.json,Eevee,Items,,Focus Sash,2.941
2019-11_gen6ou-0.json,Eevee,Items,,Water Stone,2.941
2019-11_gen6ou-0.json,Eevee,Items,,Haban Berry,2.941
2019-11_gen6ou-0.json,Eevee,Items,,Other,2.941
2019-11_gen6ou-0.json,Eevee,Spreads,,Other,23.529
2019-11_gen6ou-0.json,Eevee,Moves,,Body Slam,41.176
2019-11_gen6ou-0.json,Eevee,Moves,,Protect,41.176
2019-11_gen6ou-0.json,Eevee,Moves,,Quick Attack,38.235
2019-11_gen6ou-0.json,Eevee,Moves,,Attract,35.294
2019-11_gen6ou-0.json,Eevee,Moves,,Swift,32.353
2019-11_gen6ou-0.json,Eevee,Moves,,Hidden Power Fire,26.471
2019-11_gen6ou-0.json,Eevee,Moves,,Iron Tail,26.471
2019-11_gen6ou-0.json,Eevee,Moves,,Toxic,20.588
2019-11_gen6ou-0.json,Eevee,Moves,,Helping Hand,17.647
2019-11_gen6ou-0.json,Eevee,Moves,,Detect,14.706
2019-11_gen6ou-0.json,Eevee,Moves,,Shadow Ball,14.706
2019-11_gen6ou-0.json,Eevee,Moves,,Hyper Voice,11.765
2019-11_gen6ou-0.json,Eevee,Moves,,Double-Edge,11.765
2019-11_gen6ou-0.json,Eevee,Moves,,Substitute,8.824
2019-11_gen6ou-0.json,Eevee,Moves,,Dig,8.824
2019-11_gen6ou-0.json,Eevee,Moves,,Hidden Power Dragon,5.882
2019-11_gen6ou-0.json,Eevee,Moves,,Facade,5.882
2019-11_gen6ou-0.json,Eevee,Moves,,Heal Bell,5.882
2019-11_gen6ou-0.json,Eevee,Moves,,Return,5.882
2019-11_gen6ou-0.json,Eevee,Moves,,Yawn,5.882
2019-11_gen6ou-0.json,Eevee,Moves,,Nothing,2.941
2019-11_gen6ou-0.json,Eevee,Moves,,Other,17.647
2019-11_gen6ou-0.json,Medicham,Stats,Raw count,,36
2019-11_gen6ou-0.json,Medicham,Stats,Avg. weight,,1.0
2019-11_gen6ou-0.json,Medicham,Stats,Viability Ceiling,,61
2019-11_gen6ou-0.json,Medicham,Stats,Adamant,,11.111
2019-11_gen6ou-0.json,Medicham,Stats,Jolly,,5.556
2019-11_gen6ou-0.json,Medicham,Stats,Hardy,,5.556
2019-11_gen6ou-0.json,Medicham,Stats,Naughty,,2.778
2019-11_gen6ou-0.json,Medicham,Abilities,,Pure Power,100.0
2019-11_gen6ou-0.json,Medicham,Items,,Choice Scarf,75.0
2019-11_gen6ou-0.json,Medicham,Items,,Nothing,13.889
2019-11_gen6ou-0.json,Medicham,Items,,Eviolite,5.556
2019-11_gen6ou-0.json,Medicham,Items,,Starf Berry,2.778
2019-11_gen6ou-0.json,Medicham,Items,,Other,2.778
2019-11_gen6ou-0.json,Medicham,Spreads,,Other,5.556
2019-11_gen6ou-0.json,Medicham,Moves,,Ice Punch,91.667
2019-11_gen6ou-0.json,Medicham,Moves,,High Jump Kick,80.556
2019-11_gen6ou-0.json,Medicham,Moves,,Zen Headbutt,50.0
2019-11_gen6ou-0.json,Medicham,Moves,,Drain Punch,44.444
2019-11_gen6ou-0.json,Medicham,Moves,,Fire Punch,36.111
2019-11_gen6ou-0.json,Medicham,Moves,,Thunder Punch,33.333
2019-11_gen6ou-0.json,Medicham,Moves,,Psycho Cut,13.889
2019-11_gen6ou-0.json,Medicham,Moves,,Body Slam,11.111
2019-11_gen6ou-0.json,Medicham,Moves,,Brick Break,8.333
2019-11_gen6ou-0.json,Medicham,Moves,,Focus Blast,8.333
2019-11_gen6ou-0.json,Medicham,Moves,,Rest,5.556
2019-11_gen6ou-0.json,Medicham,Moves,,Other,16.667
2019-11_gen6ou-0.json,Wobbuffet,Stats,Raw count,,33
2019-11_gen6ou-0.json,Wobbuffet,Stats,Avg. weight,,1.0
2019-11_gen6ou-0.json,Wobbuffet,Stats,Viability Ceiling,,55
2019-11_gen6ou-0.json,Wobbuffet,Stats,Hardy,,3.030
2019-11_gen6ou-0.json,Wobbuffet,Stats,Calm,,12.121
2019-11_gen6ou-0.json,Wobbuffet,Stats,Timid,,6.061
2019-11_gen6ou-0.json,Wobbuffet,Abilities,,Telepathy,100.0
2019-11_gen6ou-0.json,Wobbuffet,Items,,Leftovers,39.394
2019-11_gen6ou-0.json,Wobbuffet,Items,,Focus Sash,18.182
2019-11_gen6ou-0.json,Wobbuffet,Items,,Quick Claw,15.152
2019-11_gen6ou-0.json,Wobbuffet,Items,,Custap Berry,12.121
2019-11_gen6ou-0.json,Wobbuffet,Items,,Safety Goggles,6.061
2019-11_gen6ou-0.json,Wobbuffet,Items,,Assault Vest,3.03
2019-11_gen6ou-0.json,Wobbuffet,Items,,Rocky Helmet,3.03
2019-11_gen6ou-0.json,Wobbuffet,Items,,Other,3.03
2019-11_gen6ou-0.json,Wobbuffet,Spreads,,Other,24.242
2019-11_gen6ou-0.json,Wobbuffet,Moves,,Counter,84.848
2019-11_gen6ou-0.json,Wobbuffet,Moves,,Mirror Coat,81.818
2019-11_gen6ou-0.json,Wobbuffet,Moves,,Encore,75.758
2019-11_gen6ou-0.json,Wobbuffet,Moves,,Destiny Bond,66.667
2019-11_gen6ou-0.json,Wobbuffet,Moves,,Nothing,51.515
2019-11_gen6ou-0.json,Wobbuffet,Moves,,Safeguard,33.333
2019-11_gen6ou-0.json,Wobbuffet,Moves,,Other,6.061
2019-11_gen6ou-0.json,Pachirisu,Stats,Raw count,,32
2019-11_gen6ou-0.json,Pachirisu,Stats,Avg. weight,,1.0
2019-11_gen6ou-0.json,Pachirisu,Stats,Viability Ceiling,,55
2019-11_gen6ou-0.json,Pachirisu,Stats,Calm,,53.125
2019-11_gen6ou-0.json,Pachirisu,Stats,Hardy,,37.500
2019-11_gen6ou-0.json,Pachirisu,Stats,Bold,,3.125
2019-11_gen6ou-0.json,Pachirisu,Stats,Hasty,,3.125
2019-11_gen6ou-0.json,Pachirisu,Abilities,,Volt Absorb,96.875
2019-11_gen6ou-0.json,Pachirisu,Abilities,,Run Away,3.125
2019-11_gen6ou-0.json,Pachirisu,Items,,Sitrus Berry,56.25
2019-11_gen6ou-0.json,Pachirisu,Items,,Air Balloon,37.5
2019-11_gen6ou-0.json,Pachirisu,Items,,Magnet,3.125
2019-11_gen6ou-0.json,Pachirisu,Items,,Other,3.125
2019-11_gen6ou-0.json,Pachirisu,Spreads,,Other,3.125
2019-11_gen6ou-0.json,Pachirisu,Moves,,Nuzzle,93.75
2019-11_gen6ou-0.json,Pachirisu,Moves,,Super Fang,59.375
2019-11_gen6ou-0.json,Pachirisu,Moves,,Grass Knot,53.125
2019-11_gen6ou-0.json,Pachirisu,Moves,,Fake Tears,53.125
2019-11_gen6ou-0.json,Pachirisu,Moves,,Toxic,40.625
2019-11_gen6ou-0.json,Pachirisu,Moves,,Volt Switch,37.5
2019-11_gen6ou-0.json,Pachirisu,Moves,,Light Screen,37.5
2019-11_gen6ou-0.json,Pachirisu,Moves,,Protect,6.25
2019-11_gen6ou-0.json,Pachirisu,Moves,,Other,18.75
2019-11_gen6ou-0.json,Shaymin,Stats,Raw count,,32
2019-11_gen6ou-0.json,Shaymin,Stats,Avg. weight,,1.0
2019-11_gen6ou-0.json,Shaymin,Stats,Viability Ceiling,,87
2019-11_gen6ou-0.json,Shaymin,Stats,Modest,,3.125
2019-11_gen6ou-0.json,Shaymin,Stats,Hardy,,12.500
2019-11_gen6ou-0.json,Shaymin,Stats,Bold,,6.250
2019-11_gen6ou-0.json,Shaymin,Stats,Timid,,6.250
2019-11_gen6ou-0.json,Shaymin,Abilities,,Natural Cure,100.0
2019-11_gen6ou-0.json,Shaymin,Items,,Life Orb,40.625
2019-11_gen6ou-0.json,Shaymin,Items,,Leftovers,21.875
2019-11_gen6ou-0.json,Shaymin,Items,,Choice Scarf,15.625
2019-11_gen6ou-0.json,Shaymin,Items,,Nothing,6.25
2019-11_gen6ou-0.json,Shaymin,Items,,Assault Vest,3.125
2019-11_gen6ou-0.json,Shaymin,Items,,Rocky Helmet,3.125
2019-11_gen6ou-0.json,Shaymin,Items,,Sitrus Berry,3.125
2019-11_gen6ou-0.json,Shaymin,Items,,Meadow Plate,3.125
2019-11_gen6ou-0.json,Shaymin,Items,,Other,3.125
2019-11_gen6ou-0.json,Shaymin,Spreads,,Other,25.0
2019-11_gen6ou-0.json,Shaymin,Moves,,Seed Flare,75.0
2019-11_gen6ou-0.json,Shaymin,Moves,,Earth Power,62.5
2019-11_gen6ou-0.json,Shaymin,Moves,,Hidden Power Fire,40.625
2019-11_gen6ou-0.json,Shaymin,Moves,,Rest,37.5
2019-11_gen6ou-0.json,Shaymin,Moves,,Healing Wish,21.875
2019-11_gen6ou-0.json,Shaymin,Moves,,Dazzling Gleam,21.875
2019-11_gen6ou-0.json,Shaymin,Moves,,Leech Seed,18.75
2019-11_gen6ou-0.json,Shaymin,Moves,,Grass Whistle,15.625
2019-11_gen6ou-0.json,Shaymin,Moves,,Leaf Storm,15.625
2019-11_gen6ou-0.json,Shaymin,Moves,,Air Slash,12.5
2019-11_gen6ou-0.json,Shaymin,Moves,,Energy Ball,12.5
2019-11_gen6ou-0.json,Shaymin,Moves,,Solar Beam,12.5
2019-11_gen6ou-0.json,Shaymin,Moves,,Sunny Day,12.5
2019-11_gen6ou-0.json,Shaymin,Moves,,Psychic,9.375
2019-11_gen6ou-0.json,Shaymin,Moves,,Hidden Power Ice,6.25
2019-11_gen6ou-0.json,Shaymin,Moves,,Growth,3.125
2019-11_gen6ou-0.json,Shaymin,Moves,,Grass Knot,3.125
2019-11_gen6ou-0.json,Shaymin,Moves,,Other,18.75
2019-11_gen6ou-0.json,Lickilicky,Stats,Raw count,,36
2019-11_gen6ou-0.json,Lickilicky,Stats,Avg. weight,,1.0
2019-11_gen6ou-0.json,Lickilicky,Stats,Viability Ceiling,,71
2019-11_gen6ou-0.json,Lickilicky,Stats,Careful,,30.556
2019-11_gen6ou-0.json,Lickilicky,Stats,Adamant,,8.333
2019-11_gen6ou-0.json,Lickilicky,Stats,Brave,,27.778
2019-11_gen6ou-0.json,Lickilicky,Stats,Relaxed,,5.556
2019-11_gen6ou-0.json,Lickilicky,Abilities,,Oblivious,63.889
2019-11_gen6ou-0.json,Lickilicky,Abilities,,Own Tempo,36.111
2019-11_gen6ou-0.json,Lickilicky,Items,,Leftovers,44.444
2019-11_gen6ou-0.json,Lickilicky,Items,,Focus Sash,27.778
2019-11_gen6ou-0.json,Lickilicky,Items,,Chesto Berry,27.778
2019-11_gen6ou-0.json,Lickilicky,Moves,,Body Slam,86.111
2019-11_gen6ou-0.json,Lickilicky,Moves,,Knock Off,61.111
2019-11_gen6ou-0.json,Lickilicky,Moves,,Protect,36.111
2019-11_gen6ou-0.json,Lickilicky,Moves,,Wish,36.111
2019-11_gen6ou-0.json,Lickilicky,Moves,,Heal Bell,36.111
2019-11_gen6ou-0.json,Lickilicky,Moves,,Smelling Salts,27.778
2019-11_gen6ou-0.json,Lickilicky,Moves,,Rest,27.778
2019-11_gen6ou-0.json,Lickilicky,Moves,,Ice Beam,27.778
2019-11_gen6ou-0.json,Lickilicky,Moves,,Flamethrower,27.778
2019-11_gen6ou-0.json,Lickilicky,Moves,,Return,8.333
2019-11_gen6ou-0.json,Lickilicky,Moves,,Swords Dance,8.333
2019-11_gen6ou-0.json,Lickilicky,Moves,,Other,16.667
2019-11_gen6ou-0.json,Marowak,Stats,Raw count,,34
2019-11_gen6ou-0.json,Marowak,Stats,Avg. weight,,1.0
2019-11_gen6ou-0.json,Marowak,Stats,Viability Ceiling,,59
2019-11_gen6ou-0.json,Marowak,Stats,Careful,,23.529
2019-11_gen6ou-0.json,Marowak,Stats,Lax,,5.882
2019-11_gen6ou-0.json,Marowak,Stats,Adamant,,5.882
2019-11_gen6ou-0.json,Marowak,Stats,Impish,,8.824
2019-11_gen6ou-0.json,Marowak,Abilities,,Battle Armor,47.059
2019-11_gen6ou-0.json,Marowak,Abilities,,Rock Head,32.353
2019-11_gen6ou-0.json,Marowak,Abilities,,Lightning Rod,20.588
2019-11_gen6ou-0.json,Marowak,Items,,Thick Club,88.235
2019-11_gen6ou-0.json,Marowak,Items,,Leftovers,5.882
2019-11_gen6ou-0.json,Marowak,Items,,Focus Sash,2.941
2019-11_gen6ou-0.json,Marowak,Items,,Other,2.941
2019-11_gen6ou-0.json,Marowak,Spreads,,Other,32.353
2019-11_gen6ou-0.json,Marowak,Moves,,Bonemerang,67.647
2019-11_gen6ou-0.json,Marowak,Moves,,Fire Punch,44.118
2019-11_gen6ou-0.json,Marowak,Moves,,Stone Edge,41.176
2019-11_gen6ou-0.json,Marowak,Moves,,Substitute,35.294
2019-11_gen6ou-0.json,Marowak,Moves,,Earthquake,29.412
2019-11_gen6ou-0.json,Marowak,Moves,,Power-Up Punch,23.529
2019-11_gen6ou-0.json,Marowak,Moves,,Focus Energy,23.529
2019-11_gen6ou-0.json,Marowak,Moves,,Rock Tomb,20.588
2019-11_gen6ou-0.json,Marowak,Moves,,Brick Break,14.706
2019-11_gen6ou-0.json,Marowak,Moves,,Ice Beam,11.765
2019-11_gen6ou-0.json,Marowak,Moves,,Rock Slide,11.765
2019-11_gen6ou-0.json,Marowak,Moves,,Double-Edge,11.765
2019-11_gen6ou-0.json,Marowak,Moves,,Thunder Punch,11.765
2019-11_gen6ou-0.json,Marowak,Moves,,Iron Head,8.824
2019-11_gen6ou-0.json,Marowak,Moves,,Earth Power,5.882
2019-11_gen6ou-0.json,Marowak,Moves,,Swords Dance,5.882
2019-11_gen6ou-0.json,Marowak,Moves,,Perish Song,5.882
2019-11_gen6ou-0.json,Marowak,Moves,,Knock Off,5.882
2019-11_gen6ou-0.json,Marowak,Moves,,Focus Blast,5.882
2019-11_gen6ou-0.json,Marowak,Moves,,Other,14.706
2019-11_gen6ou-0.json,Lilligant,Stats,Raw count,,30
2019-11_gen6ou-0.json,Lilligant,Stats,Avg. weight,,1.0
2019-11_gen6ou-0.json,Lilligant,Stats,Viability Ceiling,,59
2019-11_gen6ou-0.json,Lilligant,Stats,Modest,,13.333
2019-11_gen6ou-0.json,Lilligant,Stats,Mild,,6.667
2019-11_gen6ou-0.json,Lilligant,Stats,Timid,,6.667
2019-11_gen6ou-0.json,Lilligant,Abilities,,Own Tempo,43.333
2019-11_gen6ou-0.json,Lilligant,Abilities,,Chlorophyll,43.333
2019-11_gen6ou-0.json,Lilligant,Abilities,,Leaf Guard,13.333
2019-11_gen6ou-0.json,Lilligant,Items,,Wide Lens,33.333
2019-11_gen6ou-0.json,Lilligant,Items,,Focus Sash,20.0
2019-11_gen6ou-0.json,Lilligant,Items,,Choice Scarf,16.667
2019-11_gen6ou-0.json,Lilligant,Items,,Life Orb,13.333
2019-11_gen6ou-0.json,Lilligant,Items,,Leftovers,10.0
2019-11_gen6ou-0.json,Lilligant,Items,,Heat Rock,6.667
2019-11_gen6ou-0.json,Lilligant,Spreads,,Other,3.333
2019-11_gen6ou-0.json,Lilligant,Moves,,Sleep Powder,83.333
2019-11_gen6ou-0.json,Lilligant,Moves,,Quiver Dance,83.333
2019-11_gen6ou-0.json,Lilligant,Moves,,Giga Drain,63.333
2019-11_gen6ou-0.json,Lilligant,Moves,,Petal Dance,36.667
2019-11_gen6ou-0.json,Lilligant,Moves,,Dream Eater,33.333
2019-11_gen6ou-0.json,Lilligant,Moves,,Hidden Power Ice,26.667
2019-11_gen6ou-0.json,Lilligant,Moves,,Hidden Power Fire,16.667
2019-11_gen6ou-0.json,Lilligant,Moves,,Sunny Day,13.333
2019-11_gen6ou-0.json,Lilligant,Moves,,Aromatherapy,10.0
2019-11_gen6ou-0.json,Lilligant,Moves,,Solar Beam,10.0
2019-11_gen6ou-0.json,Lilligant,Moves,,Energy Ball,10.0
2019-11_gen6ou-0.json,Lilligant,Moves,,Other,13.333
2019-11_gen6ou-0.json,Mr. Mime,Stats,Raw count,,29
2019-11_gen6ou-0.json,Mr. Mime,Stats,Avg. weight,,1.0
2019-11_gen6ou-0.json,Mr. Mime,Stats,Viability Ceiling,,67
2019-11_gen6ou-0.json,Mr. Mime,Stats,Bold,,27.586
2019-11_gen6ou-0.json,Mr. Mime,Stats,Timid,,10.345
2019-11_gen6ou-0.json,Mr. Mime,Stats,Hasty,,10.345
2019-11_gen6ou-0.json,Mr. Mime,Stats,Hardy,,3.448
2019-11_gen6ou-0.json,Mr. Mime,Abilities,,Technician,58.621
2019-11_gen6ou-0.json,Mr. Mime,Abilities,,Soundproof,27.586
2019-11_gen6ou-0.json,Mr. Mime,Abilities,,Filter,13.793
2019-11_gen6ou-0.json,Mr. Mime,Items,,Sitrus Berry,27.586
2019-11_gen6ou-0.json,Mr. Mime,Items,,Life Orb,20.69
2019-11_gen6ou-0.json,Mr. Mime,Items,,Light Clay,13.793
2019-11_gen6ou-0.json,Mr. Mime,Items,,Pixie Plate,10.345
2019-11_gen6ou-0.json,Mr. Mime,Items,,Choice Specs,6.897
2019-11_gen6ou-0.json,Mr. Mime,Items,,Mind Plate,3.448
2019-11_gen6ou-0.json,Mr. Mime,Items,,Leftovers,3.448
2019-11_gen6ou-0.json,Mr. Mime,Items,,Rocky Helmet,3.448
2019-11_gen6ou-0.json,Mr. Mime,Items,,Twisted Spoon,3.448
2019-11_gen6ou-0.json,Mr. Mime,Items,,Assault Vest,3.448
2019-11_gen6ou-0.json,Mr. Mime,Items,,Other,3.448
2019-11_gen6ou-0.json,Mr. Mime,Spreads,,Other,20.69
2019-11_gen6ou-0.json,Mr. Mime,Moves,,Dazzling Gleam,41.379
2019-11_gen6ou-0.json,Mr. Mime,Moves,,Hidden Power Fire,37.931
2019-11_gen6ou-0.json,Mr. Mime,Moves,,Thunder Wave,37.931
2019-11_gen6ou-0.json,Mr. Mime,Moves,,Icy Wind,37.931
2019-11_gen6ou-0.json,Mr. Mime,Moves,,Psyshock,27.586
2019-11_gen6ou-0.json,Mr. Mime,Moves,,Encore,27.586
2019-11_gen6ou-0.json,Mr. Mime,Moves,,Drain Punch,24.138
2019-11_gen6ou-0.json,Mr. Mime,Moves,,Healing Wish,20.69
2019-11_gen6ou-0.json,Mr. Mime,Moves,,Reflect,20.69
2019-11_gen6ou-0.json,Mr. Mime,Moves,,Light Screen,20.69
2019-11_gen6ou-0.json,Mr. Mime,Moves,,Calm Mind,17.241
2019-11_gen6ou-0.json,Mr. Mime,Moves,,Magical Leaf,13.793
2019-11_gen6ou-0.json,Mr. Mime,Moves,,Charm,13.793
2019-11_gen6ou-0.json,Mr. Mime,Moves,,Nothing,10.345
2019-11_gen6ou-0.json,Mr. Mime,Moves,,Focus Punch,10.345
2019-11_gen6ou-0.json,Mr. Mime,Moves,,Fire Punch,6.897
2019-11_gen6ou-0.json,Mr. Mime,Moves,,Focus Blast,6.897
2019-11_gen6ou-0.json,Mr. Mime,Moves,,Charge Beam,3.448
2019-11_gen6ou-0.json,Mr. Mime,Moves,,Facade,3.448
2019-11_gen6ou-0.json,Mr. Mime,Moves,,Other,17.241
2019-11_gen6ou-0.json,Stunfisk,Stats,Raw count,,31
2019-11_gen6ou-0.json,Stunfisk,Stats,Avg. weight,,1.0
2019-11_gen6ou-0.json,Stunfisk,Stats,Viability Ceiling,,88
2019-11_gen6ou-0.json,Stunfisk,Stats,Careful,,35.484
2019-11_gen6ou-0.json,Stunfisk,Stats,Serious,,16.129
2019-11_gen6ou-0.json,Stunfisk,Stats,Calm,,12.903
2019-11_gen6ou-0.json,Stunfisk,Stats,Sassy,,9.677
2019-11_gen6ou-0.json,Stunfisk,Abilities,,Static,100.0
2019-11_gen6ou-0.json,Stunfisk,Items,,Leftovers,80.645
2019-11_gen6ou-0.json,Stunfisk,Items,,Focus Sash,12.903
2019-11_gen6ou-0.json,Stunfisk,Items,,Sitrus Berry,6.452
2019-11_gen6ou-0.json,Stunfisk,Moves,,Pain Split,83.871
2019-11_gen6ou-0.json,Stunfisk,Moves,,Curse,58.065
2019-11_gen6ou-0.json,Stunfisk,Moves,,Rock Slide,58.065
2019-11_gen6ou-0.json,Stunfisk,Moves,,Earthquake,51.613
2019-11_gen6ou-0.json,Stunfisk,Moves,,Stealth Rock,38.71
2019-11_gen6ou-0.json,Stunfisk,Moves,,Discharge,35.484
2019-11_gen6ou-0.json,Stunfisk,Moves,,Toxic,25.806
2019-11_gen6ou-0.json,Stunfisk,Moves,,Earth Power,16.129
2019-11_gen6ou-0.json,Stunfisk,Moves,,Endeavor,12.903
2019-11_gen6ou-0.json,Stunfisk,Moves,,Other,19.355
2019-11_gen6ou-0.json,Carbink,Stats,Raw count,,34
2019-11_gen6ou-0.json,Carbink,Stats,Avg. weight,,1.0
2019-11_gen6ou-0.json,Carbink,Stats,Viability Ceiling,,55
2019-11_gen6ou-0.json,Carbink,Stats,Hardy,,35.294
2019-11_gen6ou-0.json,Carbink,Stats,Serious,,26.471
2019-11_gen6ou-0.json,Carbink,Stats,Calm,,5.882
2019-11_gen6ou-0.json,Carbink,Stats,Bold,,5.882
2019-11_gen6ou-0.json,Carbink,Stats,Modest,,2.941
2019-11_gen6ou-0.json,Carbink,Abilities,,Sturdy,70.588
2019-11_gen6ou-0.json,Carbink,Abilities,,Clear Body,29.412
2019-11_gen6ou-0.json,Carbink,Items,,Leftovers,41.176
2019-11_gen6ou-0.json,Carbink,Items,,Mental Herb,29.412
2019-11_gen6ou-0.json,Carbink,Items,,Light Clay,20.588
2019-11_gen6ou-0.json,Carbink,Items,,Magost Berry,2.941
2019-11_gen6ou-0.json,Carbink,Items,,Nothing,2.941
2019-11_gen6ou-0.json,Carbink,Items,,Other,2.941
2019-11_gen6ou-0.json,Carbink,Spreads,,Other,8.824
2019-11_gen6ou-0.json,Carbink,Moves,,Stealth Rock,88.235
2019-11_gen6ou-0.json,Carbink,Moves,,Explosion,70.588
2019-11_gen6ou-0.json,Carbink,Moves,,Skill Swap,64.706
2019-11_gen6ou-0.json,Carbink,Moves,,Dazzling Gleam,41.176
2019-11_gen6ou-0.json,Carbink,Moves,,Protect,32.353
2019-11_gen6ou-0.json,Carbink,Moves,,Light Screen,29.412
2019-11_gen6ou-0.json,Carbink,Moves,,Reflect,23.529
2019-11_gen6ou-0.json,Carbink,Moves,,Moonblast,17.647
2019-11_gen6ou-0.json,Carbink,Moves,,Calm Mind,8.824
2019-11_gen6ou-0.json,Carbink,Moves,,Toxic,8.824
2019-11_gen6ou-0.json,Carbink,Moves,,Other,14.706
2019-11_gen6ou-0.json,Pinsir,Stats,Raw count,,31
2019-11_gen6ou-0.json,Pinsir,Stats,Avg. weight,,1.0
2019-11_gen6ou-0.json,Pinsir,Stats,Viability Ceiling,,72
2019-11_gen6ou-0.json,Pinsir,Stats,Adamant,,83.871
2019-11_gen6ou-0.json,Pinsir,Stats,Jolly,,9.677
2019-11_gen6ou-0.json,Pinsir,Stats,Hardy,,3.226
2019-11_gen6ou-0.json,Pinsir,Abilities,,Moxie,93.548
2019-11_gen6ou-0.json,Pinsir,Abilities,,Hyper Cutter,3.226
2019-11_gen6ou-0.json,Pinsir,Abilities,,Mold Breaker,3.226
2019-11_gen6ou-0.json,Pinsir,Items,,Life Orb,83.871
2019-11_gen6ou-0.json,Pinsir,Items,,Choice Band,6.452
2019-11_gen6ou-0.json,Pinsir,Items,,Nothing,3.226
2019-11_gen6ou-0.json,Pinsir,Items,,Leppa Berry,3.226
2019-11_gen6ou-0.json,Pinsir,Items,,Other,3.226
2019-11_gen6ou-0.json,Pinsir,Spreads,,Other,3.226
2019-11_gen6ou-0.json,Pinsir,Moves,,Brick Break,96.774
2019-11_gen6ou-0.json,Pinsir,Moves,,Earthquake,96.774
2019-11_gen6ou-0.json,Pinsir,Moves,,X-Scissor,83.871
2019-11_gen6ou-0.json,Pinsir,Moves,,Stone Edge,83.871
2019-11_gen6ou-0.json,Pinsir,Moves,,Return,9.677
2019-11_gen6ou-0.json,Pinsir,Moves,,Substitute,9.677
2019-11_gen6ou-0.json,Pinsir,Moves,,Other,19.355
2019-11_gen6ou-0.json,Haunter,Stats,Raw count,,32
2019-11_gen6ou-0.json,Haunter,Stats,Avg. weight,,1.0
2019-11_gen6ou-0.json,Haunter,Stats,Viability Ceiling,,55
2019-11_gen6ou-0.json,Haunter,Stats,Hardy,,3.125
2019-11_gen6ou-0.json,Haunter,Stats,Timid,,15.625
2019-11_gen6ou-0.json,Haunter,Stats,Modest,,6.250
2019-11_gen6ou-0.json,Haunter,Abilities,,Levitate,100.0
2019-11_gen6ou-0.json,Haunter,Items,,Nothing,37.5
2019-11_gen6ou-0.json,Haunter,Items,,Focus Sash,31.25
2019-11_gen6ou-0.json,Haunter,Items,,Eviolite,21.875
2019-11_gen6ou-0.json,Haunter,Items,,Dusk Ball,3.125
2019-11_gen6ou-0.json,Haunter,Items,,Assault Vest,3.125
2019-11_gen6ou-0.json,Haunter,Items,,Other,3.125
2019-11_gen6ou-0.json,Haunter,Spreads,,Other,12.5
2019-11_gen6ou-0.json,Haunter,Moves,,Shadow Ball,50.0
2019-11_gen6ou-0.json,Haunter,Moves,,Dark Pulse,40.625
2019-11_gen6ou-0.json,Haunter,Moves,,Energy Ball,34.375
2019-11_gen6ou-0.json,Haunter,Moves,,Foul Play,34.375
2019-11_gen6ou-0.json,Haunter,Moves,,Fire Punch,34.375
2019-11_gen6ou-0.json,Haunter,Moves,,Destiny Bond,34.375
2019-11_gen6ou-0.json,Haunter,Moves,,Will-O-Wisp,28.125
2019-11_gen6ou-0.json,Haunter,Moves,,Thunderbolt,28.125
2019-11_gen6ou-0.json,Haunter,Moves,,Clear Smog,25.0
2019-11_gen6ou-0.json,Haunter,Moves,,Taunt,21.875
2019-11_gen6ou-0.json,Haunter,Moves,,Skill Swap,21.875
2019-11_gen6ou-0.json,Haunter,Moves,,Sludge Bomb,15.625
2019-11_gen6ou-0.json,Haunter,Moves,,Explosion,6.25
2019-11_gen6ou-0.json,Haunter,Moves,,Poison Jab,6.25
2019-11_gen6ou-0.json,Haunter,Moves,,Other,18.75
2019-11_gen6ou-0.json,Eelektrik,Stats,Raw count,,27
2019-11_gen6ou-0.json,Eelektrik,Stats,Avg. weight,,1.0
2019-11_gen6ou-0.json,Eelektrik,Stats,Viability Ceiling,,56
2019-11_gen6ou-0.json,Eelektrik,Stats,Careful,,51.852
2019-11_gen6ou-0.json,Eelektrik,Stats,Calm,,48.148
2019-11_gen6ou-0.json,Eelektrik,Abilities,,Levitate,100.0
2019-11_gen6ou-0.json,Eelektrik,Items,,Eviolite,100.0
2019-11_gen6ou-0.json,Eelektrik,Moves,,Rest,100.0
2019-11_gen6ou-0.json,Eelektrik,Moves,,Toxic,100.0
2019-11_gen6ou-0.json,Eelektrik,Moves,,Coil,100.0
2019-11_gen6ou-0.json,Eelektrik,Moves,,Bounce,66.667
2019-11_gen6ou-0.json,Eelektrik,Moves,,Crunch,29.63
2019-11_gen6ou-0.json,Eelektrik,Moves,,Other,3.704
2019-11_gen6ou-0.json,Larvitar,Stats,Raw count,,31
2019-11_gen6ou-0.json,Larvitar,Stats,Avg. weight,,1.0
2019-11_gen6ou-0.json,Larvitar,Stats,Viability Ceiling,,48
2019-11_gen6ou-0.json,Larvitar,Stats,Adamant,,3.226
2019-11_gen6ou-0.json,Larvitar,Stats,Hardy,,3.226
2019-11_gen6ou-0.json,Larvitar,Abilities,,Guts,100.0
2019-11_gen6ou-0.json,Larvitar,Items,,Life Orb,90.323
2019-11_gen6ou-0.json,Larvitar,Items,,Nothing,3.226
2019-11_gen6ou-0.json,Larvitar,Items,,Black Glasses,3.226
2019-11_gen6ou-0.json,Larvitar,Items,,Other,3.226
2019-11_gen6ou-0.json,Larvitar,Spreads,,Other,3.226
2019-11_gen6ou-0.json,Larvitar,Moves,,Crunch,93.548
2019-11_gen6ou-0.json,Larvitar,Moves,,Earthquake,93.548
2019-11_gen6ou-0.json,Larvitar,Moves,,Dragon Dance,90.323
2019-11_gen6ou-0.json,Larvitar,Moves,,Stone Edge,90.323
2019-11_gen6ou-0.json,Larvitar,Moves,,Nothing,6.452
2019-11_gen6ou-0.json,Larvitar,Moves,,Rock Slide,6.452
2019-11_gen6ou-0.json,Larvitar,Moves,,Other,19.355
2019-11_gen6ou-0.json,Kingler,Stats,Raw count,,30
2019-11_gen6ou-0.json,Kingler,Stats,Avg. weight,,1.0
2019-11_gen6ou-0.json,Kingler,Stats,Viability Ceiling,,66
2019-11_gen6ou-0.json,Kingler,Stats,Adamant,,3.333
2019-11_gen6ou-0.json,Kingler,Stats,Hardy,,6.667
2019-11_gen6ou-0.json,Kingler,Stats,Jolly,,10.000
2019-11_gen6ou-0.json,Kingler,Abilities,,Sheer Force,56.667
2019-11_gen6ou-0.json,Kingler,Abilities,,Hyper Cutter,23.333
2019-11_gen6ou-0.json,Kingler,Abilities,,Shell Armor,20.0
2019-11_gen6ou-0.json,Kingler,Items,,Life Orb,56.667
2019-11_gen6ou-0.json,Kingler,Items,,Rocky Helmet,16.667
2019-11_gen6ou-0.json,Kingler,Items,,Damp Rock,10.0
2019-11_gen6ou-0.json,Kingler,Items,,Aguav Berry,6.667
2019-11_gen6ou-0.json,Kingler,Items,,Focus Sash,3.333
2019-11_gen6ou-0.json,Kingler,Items,,Lum Berry,3.333
2019-11_gen6ou-0.json,Kingler,Items,,Other,3.333
2019-11_gen6ou-0.json,Kingler,Spreads,,Other,6.667
2019-11_gen6ou-0.json,Kingler,Moves,,Crabhammer,76.667
2019-11_gen6ou-0.json,Kingler,Moves,,Rock Slide,66.667
2019-11_gen6ou-0.json,Kingler,Moves,,X-Scissor,60.0
2019-11_gen6ou-0.json,Kingler,Moves,,Hone Claws,40.0
2019-11_gen6ou-0.json,Kingler,Moves,,Knock Off,23.333
2019-11_gen6ou-0.json,Kingler,Moves,,Swords Dance,20.0
2019-11_gen6ou-0.json,Kingler,Moves,,Ice Beam,20.0
2019-11_gen6ou-0.json,Kingler,Moves,,Agility,20.0
2019-11_gen6ou-0.json,Kingler,Moves,,Surf,16.667
2019-11_gen6ou-0.json,Kingler,Moves,,Superpower,16.667
2019-11_gen6ou-0.json,Kingler,Moves,,Rain Dance,10.0
2019-11_gen6ou-0.json,Kingler,Moves,,Protect,6.667
2019-11_gen6ou-0.json,Kingler,Moves,,Return,6.667
2019-11_gen6ou-0.json,Kingler,Moves,,Other,16.667
2019-11_gen6ou-0.json,Electrode,Stats,Raw count,,25
2019-11_gen6ou-0.json,Electrode,Stats,Avg. weight,,1.0
2019-11_gen6ou-0.json,Electrode,Stats,Viability Ceiling,,54
2019-11_gen6ou-0.json,Electrode,Stats,Timid,,8.000
2019-11_gen6ou-0.json,Electrode,Stats,Modest,,12.000
2019-11_gen6ou-0.json,Electrode,Stats,Jolly,,8.000
2019-11_gen6ou-0.json,Electrode,Stats,Hardy,,4.000
2019-11_gen6ou-0.json,Electrode,Abilities,,Aftermath,44.0
2019-11_gen6ou-0.json,Electrode,Abilities,,Static,28.0
2019-11_gen6ou-0.json,Electrode,Abilities,,Soundproof,28.0
2019-11_gen6ou-0.json,Electrode,Items,,Life Orb,36.0
2019-11_gen6ou-0.json,Electrode,Items,,Light Clay,16.0
2019-11_gen6ou-0.json,Electrode,Items,,Magnet,12.0
2019-11_gen6ou-0.json,Electrode,Items,,Assault Vest,8.0
2019-11_gen6ou-0.json,Electrode,Items,,Choice Specs,8.0
2019-11_gen6ou-0.json,Electrode,Items,,Silk Scarf,8.0
2019-11_gen6ou-0.json,Electrode,Items,,Damp Rock,4.0
2019-11_gen6ou-0.json,Electrode,Items,,Choice Scarf,4.0
2019-11_gen6ou-0.json,Electrode,Items,,Other,4.0
2019-11_gen6ou-0.json,Electrode,Spreads,,Other,20.0
2019-11_gen6ou-0.json,Electrode,Moves,,Explosion,44.0
2019-11_gen6ou-0.json,Electrode,Moves,,Thunderbolt,40.0
2019-11_gen6ou-0.json,Electrode,Moves,,Hidden Power Ice,36.0
2019-11_gen6ou-0.json,Electrode,Moves,,Thunder Wave,28.0
2019-11_gen6ou-0.json,Electrode,Moves,,Thunder,24.0
2019-11_gen6ou-0.json,Electrode,Moves,,Rollout,24.0
2019-11_gen6ou-0.json,Electrode,Moves,,Discharge,24.0
2019-11_gen6ou-0.json,Electrode,Moves,,Protect,24.0
2019-11_gen6ou-0.json,Electrode,Moves,,Rain Dance,24.0
2019-11_gen6ou-0.json,Electrode,Moves,,Light Screen,20.0
2019-11_gen6ou-0.json,Electrode,Moves,,Volt Switch,20.0
2019-11_gen6ou-0.json,Electrode,Moves,,Toxic,16.0
2019-11_gen6ou-0.json,Electrode,Moves,,Sucker Punch,16.0
2019-11_gen6ou-0.json,Electrode,Moves,,Signal Beam,12.0
2019-11_gen6ou-0.json,Electrode,Moves,,Substitute,8.0
2019-11_gen6ou-0.json,Electrode,Moves,,Self-Destruct,8.0
2019-11_gen6ou-0.json,Electrode,Moves,,Taunt,8.0
2019-11_gen6ou-0.json,Electrode,Moves,,Foul Play,4.0
2019-11_gen6ou-0.json,Electrode,Moves,,Other,20.0
2019-11_gen6ou-0.json,Unfezant,Stats,Raw count,,27
2019-11_gen6ou-0.json,Unfezant,Stats,Avg. weight,,1.0
2019-11_gen6ou-0.json,Unfezant,Stats,Viability Ceiling,,55
2019-11_gen6ou-0.json,Unfezant,Stats,Jolly,,37.037
2019-11_gen6ou-0.json,Unfezant,Stats,Naive,,18.519
2019-11_gen6ou-0.json,Unfezant,Stats,Hardy,,11.111
2019-11_gen6ou-0.json,Unfezant,Stats,Adamant,,3.704
2019-11_gen6ou-0.json,Unfezant,Abilities,,Big Pecks,70.37
2019-11_gen6ou-0.json,Unfezant,Abilities,,Super Luck,29.63
2019-11_gen6ou-0.json,Unfezant,Items,,Power Herb,29.63
2019-11_gen6ou-0.json,Unfezant,Items,,Leftovers,25.926
2019-11_gen6ou-0.json,Unfezant,Items,,Iapapa Berry,14.815
2019-11_gen6ou-0.json,Unfezant,Items,,Scope Lens,7.407
2019-11_gen6ou-0.json,Unfezant,Items,,Nothing,7.407
2019-11_gen6ou-0.json,Unfezant,Items,,Air Balloon,3.704
2019-11_gen6ou-0.json,Unfezant,Items,,Life Orb,3.704
2019-11_gen6ou-0.json,Unfezant,Items,,Aguav Berry,3.704
2019-11_gen6ou-0.json,Unfezant,Items,,Other,3.704
2019-11_gen6ou-0.json,Unfezant,Spreads,,Other,3.704
2019-11_gen6ou-0.json,Unfezant,Moves,,U-turn,51.852
2019-11_gen6ou-0.json,Unfezant,Moves,,Fly,40.741
2019-11_gen6ou-0.json,Unfezant,Moves,,Return,37.037
2019-11_gen6ou-0.json,Unfezant,Moves,,Night Slash,33.333
2019-11_gen6ou-0.json,Unfezant,Moves,,Nothing,33.333
2019-11_gen6ou-0.json,Unfezant,Moves,,Sky Attack,29.63
2019-11_gen6ou-0.json,Unfezant,Moves,,Morning Sun,25.926
2019-11_gen6ou-0.json,Unfezant,Moves,,Roost,22.222
2019-11_gen6ou-0.json,Unfezant,Moves,,Aerial Ace,22.222
2019-11_gen6ou-0.json,Unfezant,Moves,,Air Slash,22.222
2019-11_gen6ou-0.json,Unfezant,Moves,,Protect,18.519
2019-11_gen6ou-0.json,Unfezant,Moves,,Steel Wing,18.519
2019-11_gen6ou-0.json,Unfezant,Moves,,Toxic,14.815
2019-11_gen6ou-0.json,Unfezant,Moves,,Detect,14.815
2019-11_gen6ou-0.json,Unfezant,Moves,,Other,14.815
2019-11_gen6ou-0.json,Archeops,Stats,Raw count,,29
2019-11_gen6ou-0.json,Archeops,Stats,Avg. weight,,1.0
2019-11_gen6ou-0.json,Archeops,Stats,Viability Ceiling,,50
2019-11_gen6ou-0.json,Archeops,Stats,Adamant,,27.586
2019-11_gen6ou-0.json,Archeops,Stats,Jolly,,10.345
2019-11_gen6ou-0.json,Archeops,Stats,Hardy,,10.345
2019-11_gen6ou-0.json,Archeops,Stats,Naive,,6.897
2019-11_gen6ou-0.json,Archeops,Abilities,,Defeatist,100.0
2019-11_gen6ou-0.json,Archeops,Items,,Nothing,24.138
2019-11_gen6ou-0.json,Archeops,Items,,Choice Band,20.69
2019-11_gen6ou-0.json,Archeops,Items,,Leftovers,13.793
2019-11_gen6ou-0.json,Archeops,Items,,Focus Sash,10.345
2019-11_gen6ou-0.json,Archeops,Items,,Sitrus Berry,10.345
2019-11_gen6ou-0.json,Archeops,Items,,Eviolite,10.345
2019-11_gen6ou-0.json,Archeops,Items,,Choice Scarf,6.897
2019-11_gen6ou-0.json,Archeops,Items,,Other,3.448
2019-11_gen6ou-0.json,Archeops,Spreads,,Other,6.897
2019-11_gen6ou-0.json,Archeops,Moves,,Acrobatics,55.172
2019-11_gen6ou-0.json,Archeops,Moves,,Earthquake,55.172
2019-11_gen6ou-0.json,Archeops,Moves,,Stone Edge,48.276
2019-11_gen6ou-0.json,Archeops,Moves,,U-turn,27.586
2019-11_gen6ou-0.json,Archeops,Moves,,Aqua Tail,24.138
2019-11_gen6ou-0.json,Archeops,Moves,,Stealth Rock,20.69
2019-11_gen6ou-0.json,Archeops,Moves,,Crunch,17.241
2019-11_gen6ou-0.json,Archeops,Moves,,Dragon Tail,17.241
2019-11_gen6ou-0.json,Archeops,Moves,,Pluck,17.241
2019-11_gen6ou-0.json,Archeops,Moves,,Endeavor,10.345
2019-11_gen6ou-0.json,Archeops,Moves,,Rock Slide,10.345
2019-11_gen6ou-0.json,Archeops,Moves,,Taunt,10.345
2019-11_gen6ou-0.json,Archeops,Moves,,Roost,10.345
2019-11_gen6ou-0.json,Archeops,Moves,,Ancient Power,10.345
2019-11_gen6ou-0.json,Archeops,Moves,,Defog,10.345
2019-11_gen6ou-0.json,Archeops,Moves,,Shadow Claw,6.897
2019-11_gen6ou-0.json,Archeops,Moves,,Dragon Claw,6.897
2019-11_gen6ou-0.json,Archeops,Moves,,Substitute,6.897
2019-11_gen6ou-0.json,Archeops,Moves,,Earth Power,6.897
2019-11_gen6ou-0.json,Archeops,Moves,,Tailwind,6.897
2019-11_gen6ou-0.json,Archeops,Moves,,Aerial Ace,6.897
2019-11_gen6ou-0.json,Archeops,Moves,,Other,13.793
2019-11_gen6ou-0.json,Durant,Stats,Raw count,,25
2019-11_gen6ou-0.json,Durant,Stats,Avg. weight,,1.0
2019-11_gen6ou-0.json,Durant,Stats,Viability Ceiling,,80
2019-11_gen6ou-0.json,Durant,Stats,Jolly,,12.000
2019-11_gen6ou-0.json,Durant,Stats,Naive,,12.000
2019-11_gen6ou-0.json,Durant,Stats,Hardy,,4.000
2019-11_gen6ou-0.json,Durant,Stats,Adamant,,4.000
2019-11_gen6ou-0.json,Durant,Abilities,,Hustle,88.0
2019-11_gen6ou-0.json,Durant,Abilities,,Truant,8.0
2019-11_gen6ou-0.json,Durant,Abilities,,Swarm,4.0
2019-11_gen6ou-0.json,Durant,Items,,Life Orb,56.0
2019-11_gen6ou-0.json,Durant,Items,,Air Balloon,12.0
2019-11_gen6ou-0.json,Durant,Items,,Eject Button,8.0
2019-11_gen6ou-0.json,Durant,Items,,Choice Band,8.0
2019-11_gen6ou-0.json,Durant,Items,,Leftovers,4.0
2019-11_gen6ou-0.json,Durant,Items,,Power Herb,4.0
2019-11_gen6ou-0.json,Durant,Items,,Red Card,4.0
2019-11_gen6ou-0.json,Durant,Items,,Other,4.0
2019-11_gen6ou-0.json,Durant,Spreads,,Other,12.0
2019-11_gen6ou-0.json,Durant,Moves,,Iron Head,80.0
2019-11_gen6ou-0.json,Durant,Moves,,X-Scissor,76.0
2019-11_gen6ou-0.json,Durant,Moves,,Rock Slide,64.0
2019-11_gen6ou-0.json,Durant,Moves,,Iron Defense,44.0
2019-11_gen6ou-0.json,Durant,Moves,,Stone Edge,24.0
2019-11_gen6ou-0.json,Durant,Moves,,Superpower,20.0
2019-11_gen6ou-0.json,Durant,Moves,,Hone Claws,16.0
2019-11_gen6ou-0.json,Durant,Moves,,Thunder Wave,12.0
2019-11_gen6ou-0.json,Durant,Moves,,Energy Ball,12.0
2019-11_gen6ou-0.json,Durant,Moves,,Attract,12.0
2019-11_gen6ou-0.json,Durant,Moves,,Toxic,8.0
2019-11_gen6ou-0.json,Durant,Moves,,Entrainment,8.0
2019-11_gen6ou-0.json,Durant,Moves,,Crunch,4.0
2019-11_gen6ou-0.json,Durant,Moves,,Other,20.0
2019-11_gen6ou-0.json,Electabuzz,Stats,Raw count,,29
2019-11_gen6ou-0.json,Electabuzz,Stats,Avg. weight,,1.0
2019-11_gen6ou-0.json,Electabuzz,Stats,Viability Ceiling,,60
2019-11_gen6ou-0.json,Electabuzz,Stats,Calm,,72.414
2019-11_gen6ou-0.json,Electabuzz,Stats,Hasty,,6.897
2019-11_gen6ou-0.json,Electabuzz,Stats,Adamant,,6.897
2019-11_gen6ou-0.json,Electabuzz,Stats,Hardy,,3.448
2019-11_gen6ou-0.json,Electabuzz,Stats,Jolly,,3.448
2019-11_gen6ou-0.json,Electabuzz,Abilities,,Static,93.103
2019-11_gen6ou-0.json,Electabuzz,Abilities,,Vital Spirit,6.897
2019-11_gen6ou-0.json,Electabuzz,Items,,Eviolite,79.31
2019-11_gen6ou-0.json,Electabuzz,Items,,Magnet,6.897
2019-11_gen6ou-0.json,Electabuzz,Items,,Nothing,6.897
2019-11_gen6ou-0.json,Electabuzz,Items,,Life Orb,6.897
2019-11_gen6ou-0.json,Electabuzz,Spreads,,Other,3.448
2019-11_gen6ou-0.json,Electabuzz,Moves,,Light Screen,75.862
2019-11_gen6ou-0.json,Electabuzz,Moves,,Focus Blast,75.862
2019-11_gen6ou-0.json,Electabuzz,Moves,,Discharge,55.172
2019-11_gen6ou-0.json,Electabuzz,Moves,,Signal Beam,51.724
2019-11_gen6ou-0.json,Electabuzz,Moves,,Thunderbolt,27.586
2019-11_gen6ou-0.json,Electabuzz,Moves,,Thunder Wave,24.138
2019-11_gen6ou-0.json,Electabuzz,Moves,,Thunder,13.793
2019-11_gen6ou-0.json,Electabuzz,Moves,,Fire Punch,13.793
2019-11_gen6ou-0.json,Electabuzz,Moves,,Ice Punch,10.345
2019-11_gen6ou-0.json,Electabuzz,Moves,,Thunder Punch,10.345
2019-11_gen6ou-0.json,Electabuzz,Moves,,Electro Ball,6.897
2019-11_gen6ou-0.json,Electabuzz,Moves,,Leer,6.897
2019-11_gen6ou-0.json,Electabuzz,Moves,,Cross Chop,6.897
2019-11_gen6ou-0.json,Electabuzz,Moves,,Quick Attack,3.448
2019-11_gen6ou-0.json,Electabuzz,Moves,,Other,17.241
2019-11_gen6ou-0.json,Venomoth,Stats,Raw count,,27
2019-11_gen6ou-0.json,Venomoth,Stats,Avg. weight,,1.0
2019-11_gen6ou-0.json,Venomoth,Stats,Viability Ceiling,,74
2019-11_gen6ou-0.json,Venomoth,Stats,Modest,,14.815
2019-11_gen6ou-0.json,Venomoth,Stats,Hardy,,11.111
2019-11_gen6ou-0.json,Venomoth,Stats,Timid,,11.111
2019-11_gen6ou-0.json,Venomoth,Stats,Calm,,7.407
2019-11_gen6ou-0.json,Venomoth,Abilities,,Shield Dust,55.556
2019-11_gen6ou-0.json,Venomoth,Abilities,,Tinted Lens,44.444
2019-11_gen6ou-0.json,Venomoth,Items,,Focus Sash,44.444
2019-11_gen6ou-0.json,Venomoth,Items,,Black Sludge,33.333
2019-11_gen6ou-0.json,Venomoth,Items,,Wide Lens,14.815
2019-11_gen6ou-0.json,Venomoth,Items,,Life Orb,3.704
2019-11_gen6ou-0.json,Venomoth,Items,,Other,3.704
2019-11_gen6ou-0.json,Venomoth,Spreads,,Other,14.815
2019-11_gen6ou-0.json,Venomoth,Moves,,Sludge Bomb,85.185
2019-11_gen6ou-0.json,Venomoth,Moves,,Bug Buzz,85.185
2019-11_gen6ou-0.json,Venomoth,Moves,,Quiver Dance,74.074
2019-11_gen6ou-0.json,Venomoth,Moves,,Psychic,25.926
2019-11_gen6ou-0.json,Venomoth,Moves,,Sleep Powder,25.926
2019-11_gen6ou-0.json,Venomoth,Moves,,U-turn,22.222
2019-11_gen6ou-0.json,Venomoth,Moves,,Giga Drain,22.222
2019-11_gen6ou-0.json,Venomoth,Moves,,Venoshock,22.222
2019-11_gen6ou-0.json,Venomoth,Moves,,Substitute,18.519
2019-11_gen6ou-0.json,Venomoth,Moves,,Other,18.519
2019-11_gen6ou-0.json,Corsola,Stats,Raw count,,27
2019-11_gen6ou-0.json,Corsola,Stats,Avg. weight,,1.0
2019-11_gen6ou-0.json,Corsola,Stats,Viability Ceiling,,66
2019-11_gen6ou-0.json,Corsola,Stats,Bold,,33.333
2019-11_gen6ou-0.json,Corsola,Stats,Careful,,22.222
2019-11_gen6ou-0.json,Corsola,Stats,Adamant,,3.704
2019-11_gen6ou-0.json,Corsola,Stats,Rash,,11.111
2019-11_gen6ou-0.json,Corsola,Stats,Calm,,7.407
2019-11_gen6ou-0.json,Corsola,Abilities,,Regenerator,74.074
2019-11_gen6ou-0.json,Corsola,Abilities,,Hustle,14.815
2019-11_gen6ou-0.json,Corsola,Abilities,,Natural Cure,11.111
2019-11_gen6ou-0.json,Corsola,Items,,Big Root,40.741
2019-11_gen6ou-0.json,Corsola,Items,,Air Balloon,22.222
2019-11_gen6ou-0.json,Corsola,Items,,Rocky Helmet,11.111
2019-11_gen6ou-0.json,Corsola,Items,,Leftovers,7.407
2019-11_gen6ou-0.json,Corsola,Items,,Choice Band,7.407
2019-11_gen6ou-0.json,Corsola,Items,,Focus Band,3.704
2019-11_gen6ou-0.json,Corsola,Items,,Zoom Lens,3.704
2019-11_gen6ou-0.json,Corsola,Items,,Other,3.704
2019-11_gen6ou-0.json,Corsola,Spreads,,Other,7.407
2019-11_gen6ou-0.json,Corsola,Moves,,Aqua Ring,44.444
2019-11_gen6ou-0.json,Corsola,Moves,,Stealth Rock,37.037
2019-11_gen6ou-0.json,Corsola,Moves,,Protect,33.333
2019-11_gen6ou-0.json,Corsola,Moves,,Light Screen,33.333
2019-11_gen6ou-0.json,Corsola,Moves,,Reflect,33.333
2019-11_gen6ou-0.json,Corsola,Moves,,Head Smash,33.333
2019-11_gen6ou-0.json,Corsola,Moves,,Recover,33.333
2019-11_gen6ou-0.json,Corsola,Moves,,Mirror Coat,25.926
2019-11_gen6ou-0.json,Corsola,Moves,,Stone Edge,25.926
2019-11_gen6ou-0.json,Corsola,Moves,,Earthquake,18.519
2019-11_gen6ou-0.json,Corsola,Moves,,Ice Beam,14.815
2019-11_gen6ou-0.json,Corsola,Moves,,Surf,11.111
2019-11_gen6ou-0.json,Corsola,Moves,,Earth Power,11.111
2019-11_gen6ou-0.json,Corsola,Moves,,Calm Mind,11.111
2019-11_gen6ou-0.json,Corsola,Moves,,Icicle Spear,11.111
2019-11_gen6ou-0.json,Corsola,Moves,,Explosion,7.407
2019-11_gen6ou-0.json,Corsola,Moves,,Other,14.815
2019-11_gen6ou-0.json,Gourgeist-Super,Stats,Raw count,,29
2019-11_gen6ou-0.json,Gourgeist-Super,Stats,Avg. weight,,1.0
2019-11_gen6ou-0.json,Gourgeist-Super,Stats,Viability Ceiling,,62
2019-11_gen6ou-0.json,Gourgeist-Super,Stats,Hardy,,6.897
2019-11_gen6ou-0.json,Gourgeist-Super,Stats,Careful,,13.793
2019-11_gen6ou-0.json,Gourgeist-Super,Stats,Adamant,,6.897
2019-11_gen6ou-0.json,Gourgeist-Super,Stats,Impish,,6.897
2019-11_gen6ou-0.json,Gourgeist-Super,Abilities,,Pickup,75.862
2019-11_gen6ou-0.json,Gourgeist-Super,Abilities,,Frisk,20.69
2019-11_gen6ou-0.json,Gourgeist-Super,Abilities,,Insomnia,3.448
2019-11_gen6ou-0.json,Gourgeist-Super,Items,,Leftovers,82.759
2019-11_gen6ou-0.json,Gourgeist-Super,Items,,Sitrus Berry,13.793
2019-11_gen6ou-0.json,Gourgeist-Super,Items,,Other,3.448
2019-11_gen6ou-0.json,Gourgeist-Super,Spreads,,Other,3.448
2019-11_gen6ou-0.json,Gourgeist-Super,Moves,,Leech Seed,82.759
2019-11_gen6ou-0.json,Gourgeist-Super,Moves,,Shadow Sneak,65.517
2019-11_gen6ou-0.json,Gourgeist-Super,Moves,,Phantom Force,62.069
2019-11_gen6ou-0.json,Gourgeist-Super,Moves,,Bullet Seed,62.069
2019-11_gen6ou-0.json,Gourgeist-Super,Moves,,Seed Bomb,24.138
2019-11_gen6ou-0.json,Gourgeist-Super,Moves,,Protect,13.793
2019-11_gen6ou-0.json,Gourgeist-Super,Moves,,Dark Pulse,13.793
2019-11_gen6ou-0.json,Gourgeist-Super,Moves,,Giga Drain,13.793
2019-11_gen6ou-0.json,Gourgeist-Super,Moves,,Psychic,13.793
2019-11_gen6ou-0.json,Gourgeist-Super,Moves,,Toxic,13.793
2019-11_gen6ou-0.json,Gourgeist-Super,Moves,,Flamethrower,13.793
2019-11_gen6ou-0.json,Gourgeist-Super,Moves,,Will-O-Wisp,6.897
2019-11_gen6ou-0.json,Gourgeist-Super,Moves,,Other,13.793
2019-11_gen6ou-0.json,Frogadier,Stats,Raw count,,30
2019-11_gen6ou-0.json,Frogadier,Stats,Avg. weight,,1.0
2019-11_gen6ou-0.json,Frogadier,Stats,Viability Ceiling,,55
2019-11_gen6ou-0.json,Frogadier,Stats,Hardy,,3.333
2019-11_gen6ou-0.json,Frogadier,Stats,Hasty,,10.000
2019-11_gen6ou-0.json,Frogadier,Stats,Timid,,10.000
2019-11_gen6ou-0.json,Frogadier,Abilities,,Torrent,70.0
2019-11_gen6ou-0.json,Frogadier,Abilities,,Protean,30.0
2019-11_gen6ou-0.json,Frogadier,Items,,Nothing,56.667
2019-11_gen6ou-0.json,Frogadier,Items,,Leftovers,26.667
2019-11_gen6ou-0.json,Frogadier,Items,,Eviolite,10.0
2019-11_gen6ou-0.json,Frogadier,Items,,Focus Sash,3.333
2019-11_gen6ou-0.json,Frogadier,Items,,Other,3.333
2019-11_gen6ou-0.json,Frogadier,Spreads,,Other,13.333
2019-11_gen6ou-0.json,Frogadier,Moves,,Dark Pulse,43.333
2019-11_gen6ou-0.json,Frogadier,Moves,,Aerial Ace,40.0
2019-11_gen6ou-0.json,Frogadier,Moves,,Cut,40.0
2019-11_gen6ou-0.json,Frogadier,Moves,,Surf,36.667
2019-11_gen6ou-0.json,Frogadier,Moves,,Waterfall,33.333
2019-11_gen6ou-0.json,Frogadier,Moves,,U-turn,30.0
2019-11_gen6ou-0.json,Frogadier,Moves,,Ice Punch,30.0
2019-11_gen6ou-0.json,Frogadier,Moves,,Water Pulse,30.0
2019-11_gen6ou-0.json,Frogadier,Moves,,Hydro Pump,23.333
2019-11_gen6ou-0.json,Frogadier,Moves,,Bubble,16.667
2019-11_gen6ou-0.json,Frogadier,Moves,,Quick Attack,13.333
2019-11_gen6ou-0.json,Frogadier,Moves,,Ice Beam,13.333
2019-11_gen6ou-0.json,Frogadier,Moves,,Growl,10.0
2019-11_gen6ou-0.json,Frogadier,Moves,,Hidden Power Ground,10.0
2019-11_gen6ou-0.json,Frogadier,Moves,,Pound,10.0
2019-11_gen6ou-0.json,Frogadier,Moves,,Lick,6.667
2019-11_gen6ou-0.json,Frogadier,Moves,,Other,13.333
2019-11_gen6ou-0.json,Gligar,Stats,Raw count,,25
2019-11_gen6ou-0.json,Gligar,Stats,Avg. weight,,1.0
2019-11_gen6ou-0.json,Gligar,Stats,Viability Ceiling,,55
2019-11_gen6ou-0.json,Gligar,Stats,Adamant,,8.000
2019-11_gen6ou-0.json,Gligar,Stats,Bold,,12.000
2019-11_gen6ou-0.json,Gligar,Stats,Hardy,,12.000
2019-11_gen6ou-0.json,Gligar,Stats,Impish,,8.000
2019-11_gen6ou-0.json,Gligar,Abilities,,Hyper Cutter,64.0
2019-11_gen6ou-0.json,Gligar,Abilities,,Sand Veil,24.0
2019-11_gen6ou-0.json,Gligar,Abilities,,Immunity,12.0
2019-11_gen6ou-0.json,Gligar,Items,,Eviolite,68.0
2019-11_gen6ou-0.json,Gligar,Items,,Choice Scarf,12.0
2019-11_gen6ou-0.json,Gligar,Items,,Leftovers,8.0
2019-11_gen6ou-0.json,Gligar,Items,,Choice Band,4.0
2019-11_gen6ou-0.json,Gligar,Items,,Nothing,4.0
2019-11_gen6ou-0.json,Gligar,Items,,Other,4.0
2019-11_gen6ou-0.json,Gligar,Spreads,,Other,32.0
2019-11_gen6ou-0.json,Gligar,Moves,,Earthquake,48.0
2019-11_gen6ou-0.json,Gligar,Moves,,Defog,36.0
2019-11_gen6ou-0.json,Gligar,Moves,,Roost,28.0
2019-11_gen6ou-0.json,Gligar,Moves,,Knock Off,28.0
2019-11_gen6ou-0.json,Gligar,Moves,,Toxic,24.0
2019-11_gen6ou-0.json,Gligar,Moves,,Cross Poison,20.0
2019-11_gen6ou-0.json,Gligar,Moves,,U-turn,20.0
2019-11_gen6ou-0.json,Gligar,Moves,,Stealth Rock,20.0
2019-11_gen6ou-0.json,Gligar,Moves,,X-Scissor,16.0
2019-11_gen6ou-0.json,Gligar,Moves,,Aerial Ace,16.0
2019-11_gen6ou-0.json,Gligar,Moves,,Swords Dance,16.0
2019-11_gen6ou-0.json,Gligar,Moves,,Hone Claws,12.0
2019-11_gen6ou-0.json,Gligar,Moves,,Rock Polish,12.0
2019-11_gen6ou-0.json,Gligar,Moves,,Earth Power,12.0
2019-11_gen6ou-0.json,Gligar,Moves,,Protect,12.0
2019-11_gen6ou-0.json,Gligar,Moves,,Sandstorm,12.0
2019-11_gen6ou-0.json,Gligar,Moves,,Aqua Tail,8.0
2019-11_gen6ou-0.json,Gligar,Moves,,Poison Jab,8.0
2019-11_gen6ou-0.json,Gligar,Moves,,Facade,8.0
2019-11_gen6ou-0.json,Gligar,Moves,,Substitute,8.0
2019-11_gen6ou-0.json,Gligar,Moves,,Rock Slide,8.0
2019-11_gen6ou-0.json,Gligar,Moves,,Hidden Power Electric,4.0
2019-11_gen6ou-0.json,Gligar,Moves,,Tailwind,4.0
2019-11_gen6ou-0.json,Gligar,Moves,,Other,20.0
2019-11_gen6ou-0.json,Zebstrika,Stats,Raw count,,28
2019-11_gen6ou-0.json,Zebstrika,Stats,Avg. weight,,1.0
2019-11_gen6ou-0.json,Zebstrika,Stats,Viability Ceiling,,59
2019-11_gen6ou-0.json,Zebstrika,Stats,Jolly,,7.143
2019-11_gen6ou-0.json,Zebstrika,Stats,Timid,,14.286
2019-11_gen6ou-0.json,Zebstrika,Stats,Hardy,,3.571
2019-11_gen6ou-0.json,Zebstrika,Abilities,,Sap Sipper,60.714
2019-11_gen6ou-0.json,Zebstrika,Abilities,,Lightning Rod,32.143
2019-11_gen6ou-0.json,Zebstrika,Abilities,,Motor Drive,7.143
2019-11_gen6ou-0.json,Zebstrika,Items,,Focus Sash,25.0
2019-11_gen6ou-0.json,Zebstrika,Items,,Air Balloon,21.429
2019-11_gen6ou-0.json,Zebstrika,Items,,Assault Vest,17.857
2019-11_gen6ou-0.json,Zebstrika,Items,,Choice Specs,17.857
2019-11_gen6ou-0.json,Zebstrika,Items,,Choice Band,7.143
2019-11_gen6ou-0.json,Zebstrika,Items,,Leftovers,3.571
2019-11_gen6ou-0.json,Zebstrika,Items,,Choice Scarf,3.571
2019-11_gen6ou-0.json,Zebstrika,Items,,Other,3.571
2019-11_gen6ou-0.json,Zebstrika,Spreads,,Other,7.143
2019-11_gen6ou-0.json,Zebstrika,Moves,,Flame Charge,50.0
2019-11_gen6ou-0.json,Zebstrika,Moves,,Volt Switch,42.857
2019-11_gen6ou-0.json,Zebstrika,Moves,,Bounce,39.286
2019-11_gen6ou-0.json,Zebstrika,Moves,,Spark,39.286
2019-11_gen6ou-0.json,Zebstrika,Moves,,Light Screen,28.571
2019-11_gen6ou-0.json,Zebstrika,Moves,,Thunder Wave,25.0
2019-11_gen6ou-0.json,Zebstrika,Moves,,Substitute,25.0
2019-11_gen6ou-0.json,Zebstrika,Moves,,Quick Attack,25.0
2019-11_gen6ou-0.json,Zebstrika,Moves,,Stomp,21.429
2019-11_gen6ou-0.json,Zebstrika,Moves,,Thunder,17.857
2019-11_gen6ou-0.json,Zebstrika,Moves,,Hidden Power Ice,14.286
2019-11_gen6ou-0.json,Zebstrika,Moves,,Overheat,14.286
2019-11_gen6ou-0.json,Zebstrika,Moves,,Thunderbolt,10.714
2019-11_gen6ou-0.json,Zebstrika,Moves,,Double-Edge,10.714
2019-11_gen6ou-0.json,Zebstrika,Moves,,Wild Charge,10.714
2019-11_gen6ou-0.json,Zebstrika,Moves,,Double Kick,7.143
2019-11_gen6ou-0.json,Zebstrika,Moves,,Other,17.857
2019-11_gen6ou-0.json,Nosepass,Stats,Raw count,,25
2019-11_gen6ou-0.json,Nosepass,Stats,Avg. weight,,1.0
2019-11_gen6ou-0.json,Nosepass,Stats,Viability Ceiling,,45
2019-11_gen6ou-0.json,Nosepass,Stats,Relaxed,,24.000
2019-11_gen6ou-0.json,Nosepass,Stats,Bold,,4.000
2019-11_gen6ou-0.json,Nosepass,Stats,Hardy,,8.000
2019-11_gen6ou-0.json,Nosepass,Stats,Lax,,4.000
2019-11_gen6ou-0.json,Nosepass,Abilities,,Sturdy,100.0
2019-11_gen6ou-0.json,Nosepass,Items,,Berry Juice,48.0
2019-11_gen6ou-0.json,Nosepass,Items,,Leftovers,40.0
2019-11_gen6ou-0.json,Nosepass,Items,,Nothing,8.0
2019-11_gen6ou-0.json,Nosepass,Items,,Other,4.0
2019-11_gen6ou-0.json,Nosepass,Spreads,,Other,4.0
2019-11_gen6ou-0.json,Nosepass,Moves,,Stealth Rock,80.0
2019-11_gen6ou-0.json,Nosepass,Moves,,Toxic,80.0
2019-11_gen6ou-0.json,Nosepass,Moves,,Magic Coat,60.0
2019-11_gen6ou-0.json,Nosepass,Moves,,Pain Split,60.0
2019-11_gen6ou-0.json,Nosepass,Moves,,Explosion,40.0
2019-11_gen6ou-0.json,Nosepass,Moves,,Double-Edge,24.0
2019-11_gen6ou-0.json,Nosepass,Moves,,Discharge,16.0
2019-11_gen6ou-0.json,Nosepass,Moves,,Earthquake,16.0
2019-11_gen6ou-0.json,Nosepass,Moves,,Dazzling Gleam,16.0
2019-11_gen6ou-0.json,Nosepass,Moves,,Other,8.0
2019-11_gen6ou-0.json,Onix,Stats,Raw count,,26
2019-11_gen6ou-0.json,Onix,Stats,Avg. weight,,1.0
2019-11_gen6ou-0.json,Onix,Stats,Viability Ceiling,,55
2019-11_gen6ou-0.json,Onix,Stats,Hardy,,7.692
2019-11_gen6ou-0.json,Onix,Stats,Naughty,,11.538
2019-11_gen6ou-0.json,Onix,Stats,Impish,,7.692
2019-11_gen6ou-0.json,Onix,Abilities,,Rock Head,80.769
2019-11_gen6ou-0.json,Onix,Abilities,,Sturdy,19.231
2019-11_gen6ou-0.json,Onix,Items,,Focus Sash,42.308
2019-11_gen6ou-0.json,Onix,Items,,Sitrus Berry,11.538
2019-11_gen6ou-0.json,Onix,Items,,Eviolite,11.538
2019-11_gen6ou-0.json,Onix,Items,,Assault Vest,7.692
2019-11_gen6ou-0.json,Onix,Items,,Earth Plate,7.692
2019-11_gen6ou-0.json,Onix,Items,,Stone Plate,7.692
2019-11_gen6ou-0.json,Onix,Items,,Nothing,7.692
2019-11_gen6ou-0.json,Onix,Items,,Other,3.846
2019-11_gen6ou-0.json,Onix,Spreads,,Other,11.538
2019-11_gen6ou-0.json,Onix,Moves,,Flash Cannon,57.692
2019-11_gen6ou-0.json,Onix,Moves,,Dragon Pulse,50.0
2019-11_gen6ou-0.json,Onix,Moves,,Body Slam,42.308
2019-11_gen6ou-0.json,Onix,Moves,,Rage,42.308
2019-11_gen6ou-0.json,Onix,Moves,,Earthquake,38.462
2019-11_gen6ou-0.json,Onix,Moves,,Heavy Slam,23.077
2019-11_gen6ou-0.json,Onix,Moves,,Dragon Tail,15.385
2019-11_gen6ou-0.json,Onix,Moves,,Iron Head,15.385
2019-11_gen6ou-0.json,Onix,Moves,,Rock Polish,11.538
2019-11_gen6ou-0.json,Onix,Moves,,Rest,11.538
2019-11_gen6ou-0.json,Onix,Moves,,Sleep Talk,11.538
2019-11_gen6ou-0.json,Onix,Moves,,Protect,11.538
2019-11_gen6ou-0.json,Onix,Moves,,Stone Edge,11.538
2019-11_gen6ou-0.json,Onix,Moves,,Sand Tomb,7.692
2019-11_gen6ou-0.json,Onix,Moves,,Toxic,7.692
2019-11_gen6ou-0.json,Onix,Moves,,Explosion,7.692
2019-11_gen6ou-0.json,Onix,Moves,,Rock Tomb,7.692
2019-11_gen6ou-0.json,Onix,Moves,,Bind,7.692
2019-11_gen6ou-0.json,Onix,Moves,,Other,19.231
2019-11_gen6ou-0.json,Pyroar,Stats,Raw count,,28
2019-11_gen6ou-0.json,Pyroar,Stats,Avg. weight,,1.0
2019-11_gen6ou-0.json,Pyroar,Stats,Viability Ceiling,,46
2019-11_gen6ou-0.json,Pyroar,Stats,Timid,,28.571
2019-11_gen6ou-0.json,Pyroar,Stats,Naive,,14.286
2019-11_gen6ou-0.json,Pyroar,Stats,Modest,,10.714
2019-11_gen6ou-0.json,Pyroar,Stats,Hardy,,10.714
2019-11_gen6ou-0.json,Pyroar,Abilities,,Moxie,42.857
2019-11_gen6ou-0.json,Pyroar,Abilities,,Rivalry,42.857
2019-11_gen6ou-0.json,Pyroar,Abilities,,Unnerve,14.286
2019-11_gen6ou-0.json,Pyroar,Items,,Charcoal,39.286
2019-11_gen6ou-0.json,Pyroar,Items,,Razor Claw,21.429
2019-11_gen6ou-0.json,Pyroar,Items,,Life Orb,10.714
2019-11_gen6ou-0.json,Pyroar,Items,,Choice Scarf,10.714
2019-11_gen6ou-0.json,Pyroar,Items,,Choice Specs,7.143
2019-11_gen6ou-0.json,Pyroar,Items,,Leftovers,7.143
2019-11_gen6ou-0.json,Pyroar,Items,,Other,3.571
2019-11_gen6ou-0.json,Pyroar,Spreads,,Other,10.714
2019-11_gen6ou-0.json,Pyroar,Moves,,Flamethrower,78.571
2019-11_gen6ou-0.json,Pyroar,Moves,,Dark Pulse,71.429
2019-11_gen6ou-0.json,Pyroar,Moves,,Fire Blast,64.286
2019-11_gen6ou-0.json,Pyroar,Moves,,Hyper Voice,42.857
2019-11_gen6ou-0.json,Pyroar,Moves,,Fire Fang,25.0
2019-11_gen6ou-0.json,Pyroar,Moves,,Wild Charge,25.0
2019-11_gen6ou-0.json,Pyroar,Moves,,Will-O-Wisp,17.857
2019-11_gen6ou-0.json,Pyroar,Moves,,Crunch,14.286
2019-11_gen6ou-0.json,Pyroar,Moves,,Substitute,14.286
2019-11_gen6ou-0.json,Pyroar,Moves,,Return,10.714
2019-11_gen6ou-0.json,Pyroar,Moves,,Solar Beam,10.714
2019-11_gen6ou-0.json,Pyroar,Moves,,Roar,3.571
2019-11_gen6ou-0.json,Pyroar,Moves,,Heat Wave,3.571
2019-11_gen6ou-0.json,Pyroar,Moves,,Other,17.857
2019-11_gen6ou-0.json,Furret,Stats,Raw count,,27
2019-11_gen6ou-0.json,Furret,Stats,Avg. weight,,1.0
2019-11_gen6ou-0.json,Furret,Stats,Viability Ceiling,,36
2019-11_gen6ou-0.json,Furret,Stats,Naive,,22.222
2019-11_gen6ou-0.json,Furret,Stats,Jolly,,11.111
2019-11_gen6ou-0.json,Furret,Stats,Modest,,11.111
2019-11_gen6ou-0.json,Furret,Abilities,,Frisk,88.889
2019-11_gen6ou-0.json,Furret,Abilities,,Run Away,11.111
2019-11_gen6ou-0.json,Furret,Items,,Helix Fossil,55.556
2019-11_gen6ou-0.json,Furret,Items,,Leftovers,33.333
2019-11_gen6ou-0.json,Furret,Items,,Nothing,11.111
2019-11_gen6ou-0.json,Furret,Moves,,U-turn,55.556
2019-11_gen6ou-0.json,Furret,Moves,,Power-Up Punch,55.556
2019-11_gen6ou-0.json,Furret,Moves,,Trick,55.556
2019-11_gen6ou-0.json,Furret,Moves,,Super Fang,55.556
2019-11_gen6ou-0.json,Furret,Moves,,Knock Off,22.222
2019-11_gen6ou-0.json,Furret,Moves,,Hone Claws,22.222
2019-11_gen6ou-0.json,Furret,Moves,,Amnesia,22.222
2019-11_gen6ou-0.json,Furret,Moves,,Hyper Voice,18.519
2019-11_gen6ou-0.json,Furret,Moves,,Protect,11.111
2019-11_gen6ou-0.json,Furret,Moves,,Return,11.111
2019-11_gen6ou-0.json,Furret,Moves,,Focus Blast,11.111
2019-11_gen6ou-0.json,Furret,Moves,,Thief,11.111
2019-11_gen6ou-0.json,Furret,Moves,,Body Slam,11.111
2019-11_gen6ou-0.json,Furret,Moves,,Ice Beam,11.111
2019-11_gen6ou-0.json,Furret,Moves,,Flamethrower,11.111
2019-11_gen6ou-0.json,Furret,Moves,,Other,14.815
2019-11_gen6ou-0.json,Mantine,Stats,Raw count,,23
2019-11_gen6ou-0.json,Mantine,Stats,Avg. weight,,1.0
2019-11_gen6ou-0.json,Mantine,Stats,Viability Ceiling,,47
2019-11_gen6ou-0.json,Mantine,Stats,Modest,,17.391
2019-11_gen6ou-0.json,Mantine,Stats,Calm,,4.348
2019-11_gen6ou-0.json,Mantine,Abilities,,Swift Swim,65.217
2019-11_gen6ou-0.json,Mantine,Abilities,,Water Absorb,34.783
2019-11_gen6ou-0.json,Mantine,Items,,Leftovers,47.826
2019-11_gen6ou-0.json,Mantine,Items,,Wacan Berry,30.435
2019-11_gen6ou-0.json,Mantine,Items,,Assault Vest,17.391
2019-11_gen6ou-0.json,Mantine,Items,,Other,4.348
2019-11_gen6ou-0.json,Mantine,Spreads,,Other,17.391
2019-11_gen6ou-0.json,Mantine,Moves,,Scald,78.261
2019-11_gen6ou-0.json,Mantine,Moves,,Ice Beam,56.522
2019-11_gen6ou-0.json,Mantine,Moves,,Air Slash,52.174
2019-11_gen6ou-0.json,Mantine,Moves,,Toxic,43.478
2019-11_gen6ou-0.json,Mantine,Moves,,Defog,34.783
2019-11_gen6ou-0.json,Mantine,Moves,,Psybeam,30.435
2019-11_gen6ou-0.json,Mantine,Moves,,Mirror Coat,21.739
2019-11_gen6ou-0.json,Mantine,Moves,,Protect,17.391
2019-11_gen6ou-0.json,Mantine,Moves,,Hydro Pump,17.391
2019-11_gen6ou-0.json,Mantine,Moves,,Hidden Power Ground,13.043
2019-11_gen6ou-0.json,Mantine,Moves,,Amnesia,13.043
2019-11_gen6ou-0.json,Mantine,Moves,,Tailwind,8.696
2019-11_gen6ou-0.json,Mantine,Moves,,Other,13.043
2019-11_gen6ou-0.json,Klinklang,Stats,Raw count,,23
2019-11_gen6ou-0.json,Klinklang,Stats,Avg. weight,,1.0
2019-11_gen6ou-0.json,Klinklang,Stats,Viability Ceiling,,50
2019-11_gen6ou-0.json,Klinklang,Stats,Adamant,,4.348
2019-11_gen6ou-0.json,Klinklang,Stats,Hardy,,8.696
2019-11_gen6ou-0.json,Klinklang,Abilities,,Clear Body,95.652
2019-11_gen6ou-0.json,Klinklang,Abilities,,Plus,4.348
2019-11_gen6ou-0.json,Klinklang,Items,,Leftovers,56.522
2019-11_gen6ou-0.json,Klinklang,Items,,King's Rock,21.739
2019-11_gen6ou-0.json,Klinklang,Items,,Focus Sash,8.696
2019-11_gen6ou-0.json,Klinklang,Items,,Chople Berry,8.696
2019-11_gen6ou-0.json,Klinklang,Items,,Other,4.348
2019-11_gen6ou-0.json,Klinklang,Spreads,,Other,4.348
2019-11_gen6ou-0.json,Klinklang,Moves,,Gear Grind,86.957
2019-11_gen6ou-0.json,Klinklang,Moves,,Shift Gear,82.609
2019-11_gen6ou-0.json,Klinklang,Moves,,Wild Charge,73.913
2019-11_gen6ou-0.json,Klinklang,Moves,,Substitute,47.826
2019-11_gen6ou-0.json,Klinklang,Moves,,Facade,21.739
2019-11_gen6ou-0.json,Klinklang,Moves,,Return,13.043
2019-11_gen6ou-0.json,Klinklang,Moves,,Flash Cannon,13.043
2019-11_gen6ou-0.json,Klinklang,Moves,,Thunderbolt,13.043
2019-11_gen6ou-0.json,Klinklang,Moves,,Iron Defense,13.043
2019-11_gen6ou-0.json,Klinklang,Moves,,Rest,8.696
2019-11_gen6ou-0.json,Klinklang,Moves,,Volt Switch,8.696
2019-11_gen6ou-0.json,Klinklang,Moves,,Other,17.391
2019-11_gen6ou-0.json,Swalot,Stats,Raw count,,28
2019-11_gen6ou-0.json,Swalot,Stats,Avg. weight,,1.0
2019-11_gen6ou-0.json,Swalot,Stats,Viability Ceiling,,46
2019-11_gen6ou-0.json,Swalot,Stats,Bold,,35.714
2019-11_gen6ou-0.json,Swalot,Stats,Modest,,10.714
2019-11_gen6ou-0.json,Swalot,Stats,Quiet,,7.143
2019-11_gen6ou-0.json,Swalot,Stats,Hardy,,7.143
2019-11_gen6ou-0.json,Swalot,Abilities,,Gluttony,75.0
2019-11_gen6ou-0.json,Swalot,Abilities,,Sticky Hold,17.857
2019-11_gen6ou-0.json,Swalot,Abilities,,Liquid Ooze,7.143
2019-11_gen6ou-0.json,Swalot,Items,,Petaya Berry,71.429
2019-11_gen6ou-0.json,Swalot,Items,,Chesto Berry,10.714
2019-11_gen6ou-0.json,Swalot,Items,,Assault Vest,7.143
2019-11_gen6ou-0.json,Swalot,Items,,Poison Barb,7.143
2019-11_gen6ou-0.json,Swalot,Items,,Other,3.571
2019-11_gen6ou-0.json,Swalot,Spreads,,Other,3.571
2019-11_gen6ou-0.json,Swalot,Moves,,Giga Drain,85.714
2019-11_gen6ou-0.json,Swalot,Moves,,Stockpile,85.714
2019-11_gen6ou-0.json,Swalot,Moves,,Belch,82.143
2019-11_gen6ou-0.json,Swalot,Moves,,Spit Up,35.714
2019-11_gen6ou-0.json,Swalot,Moves,,Substitute,35.714
2019-11_gen6ou-0.json,Swalot,Moves,,Earthquake,14.286
2019-11_gen6ou-0.json,Swalot,Moves,,Wring Out,10.714
2019-11_gen6ou-0.json,Swalot,Moves,,Rest,10.714
2019-11_gen6ou-0.json,Swalot,Moves,,Sludge Bomb,7.143
2019-11_gen6ou-0.json,Swalot,Moves,,Gunk Shot,7.143
2019-11_gen6ou-0.json,Swalot,Moves,,Fire Punch,7.143
2019-11_gen6ou-0.json,Swalot,Moves,,Other,17.857
2019-11_gen6ou-0.json,Armaldo,Stats,Raw count,,26
2019-11_gen6ou-0.json,Armaldo,Stats,Avg. weight,,1.0
2019-11_gen6ou-0.json,Armaldo,Stats,Viability Ceiling,,46
2019-11_gen6ou-0.json,Armaldo,Stats,Adamant,,3.846
2019-11_gen6ou-0.json,Armaldo,Stats,Timid,,15.385
2019-11_gen6ou-0.json,Armaldo,Stats,Hardy,,7.692
2019-11_gen6ou-0.json,Armaldo,Abilities,,Battle Armor,76.923
2019-11_gen6ou-0.json,Armaldo,Abilities,,Swift Swim,23.077
2019-11_gen6ou-0.json,Armaldo,Items,,Leftovers,42.308
2019-11_gen6ou-0.json,Armaldo,Items,,Choice Band,19.231
2019-11_gen6ou-0.json,Armaldo,Items,,Nothing,11.538
2019-11_gen6ou-0.json,Armaldo,Items,,Assault Vest,7.692
2019-11_gen6ou-0.json,Armaldo,Items,,Life Orb,7.692
2019-11_gen6ou-0.json,Armaldo,Items,,Salac Berry,7.692
2019-11_gen6ou-0.json,Armaldo,Items,,Other,3.846
2019-11_gen6ou-0.json,Armaldo,Spreads,,Other,26.923
2019-11_gen6ou-0.json,Armaldo,Moves,,Aqua Tail,57.692
2019-11_gen6ou-0.json,Armaldo,Moves,,X-Scissor,46.154
2019-11_gen6ou-0.json,Armaldo,Moves,,Earthquake,42.308
2019-11_gen6ou-0.json,Armaldo,Moves,,Rock Slide,34.615
2019-11_gen6ou-0.json,Armaldo,Moves,,Stone Edge,30.769
2019-11_gen6ou-0.json,Armaldo,Moves,,Brick Break,19.231
2019-11_gen6ou-0.json,Armaldo,Moves,,Aerial Ace,19.231
2019-11_gen6ou-0.json,Armaldo,Moves,,Earth Power,15.385
2019-11_gen6ou-0.json,Armaldo,Moves,,Ancient Power,15.385
2019-11_gen6ou-0.json,Armaldo,Moves,,Knock Off,15.385
2019-11_gen6ou-0.json,Armaldo,Moves,,Rapid Spin,15.385
2019-11_gen6ou-0.json,Armaldo,Moves,,Bug Bite,11.538
2019-11_gen6ou-0.json,Armaldo,Moves,,Metal Claw,11.538
2019-11_gen6ou-0.json,Armaldo,Moves,,Rock Polish,11.538
2019-11_gen6ou-0.json,Armaldo,Moves,,Aqua Jet,7.692
2019-11_gen6ou-0.json,Armaldo,Moves,,Swords Dance,7.692
2019-11_gen6ou-0.json,Armaldo,Moves,,Water Pulse,7.692
2019-11_gen6ou-0.json,Armaldo,Moves,,Slash,7.692
2019-11_gen6ou-0.json,Armaldo,Moves,,Fury Cutter,7.692
2019-11_gen6ou-0.json,Armaldo,Moves,,Other,15.385
2019-11_gen6ou-0.json,Swanna,Stats,Raw count,,22
2019-11_gen6ou-0.json,Swanna,Stats,Avg. weight,,1.0
2019-11_gen6ou-0.json,Swanna,Stats,Viability Ceiling,,59
2019-11_gen6ou-0.json,Swanna,Stats,Timid,,4.545
2019-11_gen6ou-0.json,Swanna,Stats,Bold,,9.091
2019-11_gen6ou-0.json,Swanna,Abilities,,Hydration,86.364
2019-11_gen6ou-0.json,Swanna,Abilities,,Keen Eye,9.091
2019-11_gen6ou-0.json,Swanna,Abilities,,Big Pecks,4.545
2019-11_gen6ou-0.json,Swanna,Items,,Leftovers,31.818
2019-11_gen6ou-0.json,Swanna,Items,,Life Orb,27.273
2019-11_gen6ou-0.json,Swanna,Items,,Damp Rock,18.182
2019-11_gen6ou-0.json,Swanna,Items,,Rocky Helmet,9.091
2019-11_gen6ou-0.json,Swanna,Items,,Focus Sash,4.545
2019-11_gen6ou-0.json,Swanna,Items,,Wise Glasses,4.545
2019-11_gen6ou-0.json,Swanna,Items,,Other,4.545
2019-11_gen6ou-0.json,Swanna,Spreads,,Other,4.545
2019-11_gen6ou-0.json,Swanna,Moves,,Hurricane,81.818
2019-11_gen6ou-0.json,Swanna,Moves,,Defog,72.727
2019-11_gen6ou-0.json,Swanna,Moves,,Scald,63.636
2019-11_gen6ou-0.json,Swanna,Moves,,Rain Dance,45.455
2019-11_gen6ou-0.json,Swanna,Moves,,Surf,36.364
2019-11_gen6ou-0.json,Swanna,Moves,,Aqua Ring,31.818
2019-11_gen6ou-0.json,Swanna,Moves,,Roost,27.273
2019-11_gen6ou-0.json,Swanna,Moves,,Air Slash,18.182
2019-11_gen6ou-0.json,Swanna,Moves,,Hyper Beam,13.636
2019-11_gen6ou-0.json,Swanna,Moves,,Other,9.091
2019-11_gen6ou-0.json,Bibarel,Stats,Raw count,,22
2019-11_gen6ou-0.json,Bibarel,Stats,Avg. weight,,1.0
2019-11_gen6ou-0.json,Bibarel,Stats,Viability Ceiling,,68
2019-11_gen6ou-0.json,Bibarel,Stats,Adamant,,59.091
2019-11_gen6ou-0.json,Bibarel,Stats,Modest,,13.636
2019-11_gen6ou-0.json,Bibarel,Stats,Jolly,,13.636
2019-11_gen6ou-0.json,Bibarel,Stats,Timid,,4.545
2019-11_gen6ou-0.json,Bibarel,Stats,Calm,,4.545
2019-11_gen6ou-0.json,Bibarel,Abilities,,Simple,90.909
2019-11_gen6ou-0.json,Bibarel,Abilities,,Unaware,9.091
2019-11_gen6ou-0.json,Bibarel,Items,,Power Herb,59.091
2019-11_gen6ou-0.json,Bibarel,Items,,Sitrus Berry,18.182
2019-11_gen6ou-0.json,Bibarel,Items,,Mystic Water,13.636
2019-11_gen6ou-0.json,Bibarel,Items,,Splash Plate,4.545
2019-11_gen6ou-0.json,Bibarel,Items,,Other,4.545
2019-11_gen6ou-0.json,Bibarel,Spreads,,Other,4.545
2019-11_gen6ou-0.json,Bibarel,Moves,,Skull Bash,72.727
2019-11_gen6ou-0.json,Bibarel,Moves,,Scald,59.091
2019-11_gen6ou-0.json,Bibarel,Moves,,Charge Beam,59.091
2019-11_gen6ou-0.json,Bibarel,Moves,,Thief,59.091
2019-11_gen6ou-0.json,Bibarel,Moves,,Waterfall,18.182
2019-11_gen6ou-0.json,Bibarel,Moves,,Ice Beam,18.182
2019-11_gen6ou-0.json,Bibarel,Moves,,Curse,13.636
2019-11_gen6ou-0.json,Bibarel,Moves,,Blizzard,13.636
2019-11_gen6ou-0.json,Bibarel,Moves,,Dive,13.636
2019-11_gen6ou-0.json,Bibarel,Moves,,Amnesia,13.636
2019-11_gen6ou-0.json,Bibarel,Moves,,Thunder,13.636
2019-11_gen6ou-0.json,Bibarel,Moves,,Thunderbolt,4.545
2019-11_gen6ou-0.json,Bibarel,Moves,,Hyper Fang,4.545
2019-11_gen6ou-0.json,Bibarel,Moves,,Shadow Ball,4.545
2019-11_gen6ou-0.json,Bibarel,Moves,,Headbutt,4.545
2019-11_gen6ou-0.json,Bibarel,Moves,,Stealth Rock,4.545
2019-11_gen6ou-0.json,Bibarel,Moves,,Thunder Wave,4.545
2019-11_gen6ou-0.json,Bibarel,Moves,,Other,18.182
2019-11_gen6ou-0.json,Golbat,Stats,Raw count,,24
2019-11_gen6ou-0.json,Golbat,Stats,Avg. weight,,1.0
2019-11_gen6ou-0.json,Golbat,Stats,Viability Ceiling,,60
2019-11_gen6ou-0.json,Golbat,Stats,Careful,,4.167
2019-11_gen6ou-0.json,Golbat,Stats,Hasty,,20.833
2019-11_gen6ou-0.json,Golbat,Stats,Hardy,,8.333
2019-11_gen6ou-0.json,Golbat,Stats,Impish,,8.333
2019-11_gen6ou-0.json,Golbat,Abilities,,Infiltrator,66.667
2019-11_gen6ou-0.json,Golbat,Abilities,,Inner Focus,33.333
2019-11_gen6ou-0.json,Golbat,Items,,Eviolite,75.0
2019-11_gen6ou-0.json,Golbat,Items,,Focus Sash,12.5
2019-11_gen6ou-0.json,Golbat,Items,,Nothing,12.5
2019-11_gen6ou-0.json,Golbat,Spreads,,Other,8.333
2019-11_gen6ou-0.json,Golbat,Moves,,Brave Bird,66.667
2019-11_gen6ou-0.json,Golbat,Moves,,Defog,54.167
2019-11_gen6ou-0.json,Golbat,Moves,,Toxic,54.167
2019-11_gen6ou-0.json,Golbat,Moves,,Roost,50.0
2019-11_gen6ou-0.json,Golbat,Moves,,Air Slash,33.333
2019-11_gen6ou-0.json,Golbat,Moves,,Nasty Plot,25.0
2019-11_gen6ou-0.json,Golbat,Moves,,Poison Fang,20.833
2019-11_gen6ou-0.json,Golbat,Moves,,Super Fang,20.833
2019-11_gen6ou-0.json,Golbat,Moves,,Confuse Ray,20.833
2019-11_gen6ou-0.json,Golbat,Moves,,Sludge Bomb,16.667
2019-11_gen6ou-0.json,Golbat,Moves,,U-turn,16.667
2019-11_gen6ou-0.json,Golbat,Moves,,Ominous Wind,8.333
2019-11_gen6ou-0.json,Golbat,Moves,,Other,12.5
2019-11_gen6ou-0.json,Braixen,Stats,Raw count,,22
2019-11_gen6ou-0.json,Braixen,Stats,Avg. weight,,1.0
2019-11_gen6ou-0.json,Braixen,Stats,Viability Ceiling,,59
2019-11_gen6ou-0.json,Braixen,Stats,Hardy,,40.909
2019-11_gen6ou-0.json,Braixen,Stats,Calm,,4.545
2019-11_gen6ou-0.json,Braixen,Stats,Modest,,13.636
2019-11_gen6ou-0.json,Braixen,Stats,Timid,,4.545
2019-11_gen6ou-0.json,Braixen,Stats,Hasty,,4.545
2019-11_gen6ou-0.json,Braixen,Abilities,,Blaze,86.364
2019-11_gen6ou-0.json,Braixen,Abilities,,Magician,13.636
2019-11_gen6ou-0.json,Braixen,Items,,Nothing,54.545
2019-11_gen6ou-0.json,Braixen,Items,,Eviolite,45.455
2019-11_gen6ou-0.json,Braixen,Spreads,,Other,13.636
2019-11_gen6ou-0.json,Braixen,Moves,,Incinerate,59.091
2019-11_gen6ou-0.json,Braixen,Moves,,Flame Charge,54.545
2019-11_gen6ou-0.json,Braixen,Moves,,Fire Blast,45.455
2019-11_gen6ou-0.json,Braixen,Moves,,Ember,40.909
2019-11_gen6ou-0.json,Braixen,Moves,,Wish,36.364
2019-11_gen6ou-0.json,Braixen,Moves,,Protect,36.364
2019-11_gen6ou-0.json,Braixen,Moves,,Toxic,27.273
2019-11_gen6ou-0.json,Braixen,Moves,,Fire Spin,18.182
2019-11_gen6ou-0.json,Braixen,Moves,,Light Screen,18.182
2019-11_gen6ou-0.json,Braixen,Moves,,Psychic,13.636
2019-11_gen6ou-0.json,Braixen,Moves,,Will-O-Wisp,13.636
2019-11_gen6ou-0.json,Braixen,Moves,,Flamethrower,13.636
2019-11_gen6ou-0.json,Braixen,Moves,,Power-Up Punch,4.545
2019-11_gen6ou-0.json,Braixen,Moves,,Other,18.182
2019-11_gen6ou-0.json,Persian,Stats,Raw count,,27
2019-11_gen6ou-0.json,Persian,Stats,Avg. weight,,1.0
2019-11_gen6ou-0.json,Persian,Stats,Viability Ceiling,,63
2019-11_gen6ou-0.json,Persian,Stats,Timid,,11.111
2019-11_gen6ou-0.json,Persian,Stats,Jolly,,7.407
2019-11_gen6ou-0.json,Persian,Stats,Adamant,,3.704
2019-11_gen6ou-0.json,Persian,Abilities,,Technician,88.889
2019-11_gen6ou-0.json,Persian,Abilities,,Unnerve,7.407
2019-11_gen6ou-0.json,Persian,Abilities,,Limber,3.704
2019-11_gen6ou-0.json,Persian,Items,,Life Orb,55.556
2019-11_gen6ou-0.json,Persian,Items,,Focus Sash,29.63
2019-11_gen6ou-0.json,Persian,Items,,Normal Gem,7.407
2019-11_gen6ou-0.json,Persian,Items,,Nothing,3.704
2019-11_gen6ou-0.json,Persian,Items,,Other,3.704
2019-11_gen6ou-0.json,Persian,Spreads,,Other,3.704
2019-11_gen6ou-0.json,Persian,Moves,,Nasty Plot,85.185
2019-11_gen6ou-0.json,Persian,Moves,,Water Pulse,55.556
2019-11_gen6ou-0.json,Persian,Moves,,Hyper Voice,51.852
2019-11_gen6ou-0.json,Persian,Moves,,Hidden Power Fire,48.148
2019-11_gen6ou-0.json,Persian,Moves,,Echoed Voice,33.333
2019-11_gen6ou-0.json,Persian,Moves,,Icy Wind,29.63
2019-11_gen6ou-0.json,Persian,Moves,,Hidden Power Ghost,22.222
2019-11_gen6ou-0.json,Persian,Moves,,Hidden Power Dark,14.815
2019-11_gen6ou-0.json,Persian,Moves,,Fake Out,14.815
2019-11_gen6ou-0.json,Persian,Moves,,U-turn,7.407
2019-11_gen6ou-0.json,Persian,Moves,,Return,7.407
2019-11_gen6ou-0.json,Persian,Moves,,Roar,7.407
2019-11_gen6ou-0.json,Persian,Moves,,Knock Off,3.704
2019-11_gen6ou-0.json,Persian,Moves,,Other,18.519
2019-11_gen6ou-0.json,Cryogonal,Stats,Raw count,,21
2019-11_gen6ou-0.json,Cryogonal,Stats,Avg. weight,,1.0
2019-11_gen6ou-0.json,Cryogonal,Stats,Viability Ceiling,,59
2019-11_gen6ou-0.json,Cryogonal,Stats,Timid,,9.524
2019-11_gen6ou-0.json,Cryogonal,Stats,Impish,,14.286
2019-11_gen6ou-0.json,Cryogonal,Stats,Hasty,,9.524
2019-11_gen6ou-0.json,Cryogonal,Abilities,,Levitate,100.0
2019-11_gen6ou-0.json,Cryogonal,Items,,Light Clay,61.905
2019-11_gen6ou-0.json,Cryogonal,Items,,Leftovers,28.571
2019-11_gen6ou-0.json,Cryogonal,Items,,Never-Melt Ice,9.524
2019-11_gen6ou-0.json,Cryogonal,Spreads,,Other,4.762
2019-11_gen6ou-0.json,Cryogonal,Moves,,Freeze-Dry,80.952
2019-11_gen6ou-0.json,Cryogonal,Moves,,Reflect,61.905
2019-11_gen6ou-0.json,Cryogonal,Moves,,Magic Coat,61.905
2019-11_gen6ou-0.json,Cryogonal,Moves,,Hidden Power Fire,57.143
2019-11_gen6ou-0.json,Cryogonal,Moves,,Rapid Spin,33.333
2019-11_gen6ou-0.json,Cryogonal,Moves,,Recover,33.333
2019-11_gen6ou-0.json,Cryogonal,Moves,,Toxic,28.571
2019-11_gen6ou-0.json,Cryogonal,Moves,,Acid Armor,14.286
2019-11_gen6ou-0.json,Cryogonal,Moves,,Night Slash,9.524
2019-11_gen6ou-0.json,Cryogonal,Moves,,Other,19.048
2019-11_gen6ou-0.json,Qwilfish,Stats,Raw count,,20
2019-11_gen6ou-0.json,Qwilfish,Stats,Avg. weight,,1.0
2019-11_gen6ou-0.json,Qwilfish,Stats,Viability Ceiling,,77
2019-11_gen6ou-0.json,Qwilfish,Stats,Adamant,,45.000
2019-11_gen6ou-0.json,Qwilfish,Stats,Jolly,,20.000
2019-11_gen6ou-0.json,Qwilfish,Stats,Impish,,15.000
2019-11_gen6ou-0.json,Qwilfish,Stats,Bold,,10.000
2019-11_gen6ou-0.json,Qwilfish,Stats,Relaxed,,10.000
2019-11_gen6ou-0.json,Qwilfish,Abilities,,Swift Swim,45.0
2019-11_gen6ou-0.json,Qwilfish,Abilities,,Intimidate,40.0
2019-11_gen6ou-0.json,Qwilfish,Abilities,,Poison Point,15.0
2019-11_gen6ou-0.json,Qwilfish,Items,,Life Orb,45.0
2019-11_gen6ou-0.json,Qwilfish,Items,,Focus Sash,20.0
2019-11_gen6ou-0.json,Qwilfish,Items,,Eject Button,15.0
2019-11_gen6ou-0.json,Qwilfish,Items,,Leftovers,10.0
2019-11_gen6ou-0.json,Qwilfish,Items,,Rocky Helmet,10.0
2019-11_gen6ou-0.json,Qwilfish,Moves,,Poison Jab,90.0
2019-11_gen6ou-0.json,Qwilfish,Moves,,Waterfall,90.0
2019-11_gen6ou-0.json,Qwilfish,Moves,,Explosion,45.0
2019-11_gen6ou-0.json,Qwilfish,Moves,,Swords Dance,45.0
2019-11_gen6ou-0.json,Qwilfish,Moves,,Toxic Spikes,30.0
2019-11_gen6ou-0.json,Qwilfish,Moves,,Spikes,25.0
2019-11_gen6ou-0.json,Qwilfish,Moves,,Destiny Bond,20.0
2019-11_gen6ou-0.json,Qwilfish,Moves,,Toxic,15.0
2019-11_gen6ou-0.json,Qwilfish,Moves,,Scald,10.0
2019-11_gen6ou-0.json,Qwilfish,Moves,,Taunt,10.0
2019-11_gen6ou-0.json,Qwilfish,Moves,,Other,20.0
2019-11_gen6ou-0.json,Ariados,Stats,Raw count,,22
2019-11_gen6ou-0.json,Ariados,Stats,Avg. weight,,1.0
2019-11_gen6ou-0.json,Ariados,Stats,Viability Ceiling,,54
2019-11_gen6ou-0.json,Ariados,Stats,Adamant,,54.545
2019-11_gen6ou-0.json,Ariados,Stats,Jolly,,18.182
2019-11_gen6ou-0.json,Ariados,Stats,Hardy,,13.636
2019-11_gen6ou-0.json,Ariados,Stats,Impish,,9.091
2019-11_gen6ou-0.json,Ariados,Abilities,,Insomnia,77.273
2019-11_gen6ou-0.json,Ariados,Abilities,,Swarm,18.182
2019-11_gen6ou-0.json,Ariados,Abilities,,Sniper,4.545
2019-11_gen6ou-0.json,Ariados,Items,,Quick Claw,31.818
2019-11_gen6ou-0.json,Ariados,Items,,Focus Sash,27.273
2019-11_gen6ou-0.json,Ariados,Items,,Scope Lens,22.727
2019-11_gen6ou-0.json,Ariados,Items,,Leftovers,13.636
2019-11_gen6ou-0.json,Ariados,Items,,Other,4.545
2019-11_gen6ou-0.json,Ariados,Spreads,,Other,4.545
2019-11_gen6ou-0.json,Ariados,Moves,,Sticky Web,95.455
2019-11_gen6ou-0.json,Ariados,Moves,,Poison Jab,77.273
2019-11_gen6ou-0.json,Ariados,Moves,,Megahorn,59.091
2019-11_gen6ou-0.json,Ariados,Moves,,Toxic Spikes,40.909
2019-11_gen6ou-0.json,Ariados,Moves,,Sucker Punch,36.364
2019-11_gen6ou-0.json,Ariados,Moves,,X-Scissor,31.818
2019-11_gen6ou-0.json,Ariados,Moves,,Shadow Sneak,31.818
2019-11_gen6ou-0.json,Ariados,Moves,,Agility,4.545
2019-11_gen6ou-0.json,Ariados,Moves,,Night Slash,4.545
2019-11_gen6ou-0.json,Ariados,Moves,,Other,18.182
2019-11_gen6ou-0.json,Garbodor,Stats,Raw count,,20
2019-11_gen6ou-0.json,Garbodor,Stats,Avg. weight,,1.0
2019-11_gen6ou-0.json,Garbodor,Stats,Viability Ceiling,,55
2019-11_gen6ou-0.json,Garbodor,Stats,Careful,,10.000
2019-11_gen6ou-0.json,Garbodor,Stats,Impish,,10.000
2019-11_gen6ou-0.json,Garbodor,Stats,Modest,,10.000
2019-11_gen6ou-0.json,Garbodor,Stats,Hardy,,5.000
2019-11_gen6ou-0.json,Garbodor,Abilities,,Aftermath,85.0
2019-11_gen6ou-0.json,Garbodor,Abilities,,Stench,15.0
2019-11_gen6ou-0.json,Garbodor,Items,,Black Sludge,55.0
2019-11_gen6ou-0.json,Garbodor,Items,,Air Balloon,15.0
2019-11_gen6ou-0.json,Garbodor,Items,,Rocky Helmet,15.0
2019-11_gen6ou-0.json,Garbodor,Items,,Nothing,10.0
2019-11_gen6ou-0.json,Garbodor,Items,,Other,5.0
2019-11_gen6ou-0.json,Garbodor,Spreads,,Other,20.0
2019-11_gen6ou-0.json,Garbodor,Moves,,Gunk Shot,65.0
2019-11_gen6ou-0.json,Garbodor,Moves,,Toxic Spikes,60.0
2019-11_gen6ou-0.json,Garbodor,Moves,,Toxic,40.0
2019-11_gen6ou-0.json,Garbodor,Moves,,Protect,35.0
2019-11_gen6ou-0.json,Garbodor,Moves,,Spikes,35.0
2019-11_gen6ou-0.json,Garbodor,Moves,,Drain Punch,25.0
2019-11_gen6ou-0.json,Garbodor,Moves,,Haze,25.0
2019-11_gen6ou-0.json,Garbodor,Moves,,Clear Smog,20.0
2019-11_gen6ou-0.json,Garbodor,Moves,,Pain Split,15.0
2019-11_gen6ou-0.json,Garbodor,Moves,,Sludge Bomb,10.0
2019-11_gen6ou-0.json,Garbodor,Moves,,Dark Pulse,10.0
2019-11_gen6ou-0.json,Garbodor,Moves,,Acid Spray,10.0
2019-11_gen6ou-0.json,Garbodor,Moves,,Hidden Power Fire,10.0
2019-11_gen6ou-0.json,Garbodor,Moves,,Attract,10.0
2019-11_gen6ou-0.json,Garbodor,Moves,,Explosion,5.0
2019-11_gen6ou-0.json,Garbodor,Moves,,Rock Blast,5.0
2019-11_gen6ou-0.json,Garbodor,Moves,,Other,20.0
2019-11_gen6ou-0.json,Pidgeot,Stats,Raw count,,22
2019-11_gen6ou-0.json,Pidgeot,Stats,Avg. weight,,1.0
2019-11_gen6ou-0.json,Pidgeot,Stats,Viability Ceiling,,54
2019-11_gen6ou-0.json,Pidgeot,Stats,Jolly,,9.091
2019-11_gen6ou-0.json,Pidgeot,Stats,Hardy,,4.545
2019-11_gen6ou-0.json,Pidgeot,Abilities,,Keen Eye,95.455
2019-11_gen6ou-0.json,Pidgeot,Abilities,,Big Pecks,4.545
2019-11_gen6ou-0.json,Pidgeot,Items,,Leftovers,54.545
2019-11_gen6ou-0.json,Pidgeot,Items,,Scope Lens,9.091
2019-11_gen6ou-0.json,Pidgeot,Items,,Nothing,9.091
2019-11_gen6ou-0.json,Pidgeot,Items,,Air Balloon,4.545
2019-11_gen6ou-0.json,Pidgeot,Items,,Life Orb,4.545
2019-11_gen6ou-0.json,Pidgeot,Items,,Quick Claw,4.545
2019-11_gen6ou-0.json,Pidgeot,Items,,Aguav Berry,4.545
2019-11_gen6ou-0.json,Pidgeot,Items,,Silk Scarf,4.545
2019-11_gen6ou-0.json,Pidgeot,Items,,Other,4.545
2019-11_gen6ou-0.json,Pidgeot,Spreads,,Other,18.182
2019-11_gen6ou-0.json,Pidgeot,Moves,,Nothing,40.909
2019-11_gen6ou-0.json,Pidgeot,Moves,,Whirlwind,40.909
2019-11_gen6ou-0.json,Pidgeot,Moves,,Aerial Ace,36.364
2019-11_gen6ou-0.json,Pidgeot,Moves,,Feather Dance,31.818
2019-11_gen6ou-0.json,Pidgeot,Moves,,Sand Attack,31.818
2019-11_gen6ou-0.json,Pidgeot,Moves,,Air Cutter,22.727
2019-11_gen6ou-0.json,Pidgeot,Moves,,Brave Bird,22.727
2019-11_gen6ou-0.json,Pidgeot,Moves,,Hurricane,18.182
2019-11_gen6ou-0.json,Pidgeot,Moves,,Air Slash,18.182
2019-11_gen6ou-0.json,Pidgeot,Moves,,Return,18.182
2019-11_gen6ou-0.json,Pidgeot,Moves,,Roost,13.636
2019-11_gen6ou-0.json,Pidgeot,Moves,,Pursuit,13.636
2019-11_gen6ou-0.json,Pidgeot,Moves,,Fly,13.636
2019-11_gen6ou-0.json,Pidgeot,Moves,,Hidden Power Electric,9.091
2019-11_gen6ou-0.json,Pidgeot,Moves,,Attract,9.091
2019-11_gen6ou-0.json,Pidgeot,Moves,,U-turn,9.091
2019-11_gen6ou-0.json,Pidgeot,Moves,,Protect,9.091
2019-11_gen6ou-0.json,Pidgeot,Moves,,Defog,9.091
2019-11_gen6ou-0.json,Pidgeot,Moves,,Giga Impact,4.545
2019-11_gen6ou-0.json,Pidgeot,Moves,,Substitute,4.545
2019-11_gen6ou-0.json,Pidgeot,Moves,,Toxic,4.545
2019-11_gen6ou-0.json,Pidgeot,Moves,,Other,18.182
2019-11_gen6ou-0.json,Tornadus,Stats,Raw count,,21
2019-11_gen6ou-0.json,Tornadus,Stats,Avg. weight,,---
2019-11_gen6ou-0.json,Tornadus,Stats,Viability Ceiling,,0
2019-11_gen6ou-0.json,Tornadus,Stats,Timid,,95.238
2019-11_gen6ou-0.json,Tornadus,Abilities,,Defiant,90.476
2019-11_gen6ou-0.json,Tornadus,Abilities,,Prankster,9.524
2019-11_gen6ou-0.json,Tornadus,Items,,Life Orb,90.476
2019-11_gen6ou-0.json,Tornadus,Items,,Nothing,4.762
2019-11_gen6ou-0.json,Tornadus,Items,,Other,4.762
2019-11_gen6ou-0.json,Tornadus,Spreads,,Other,4.762
2019-11_gen6ou-0.json,Tornadus,Moves,,Hurricane,95.238
2019-11_gen6ou-0.json,Tornadus,Moves,,Heat Wave,90.476
2019-11_gen6ou-0.json,Tornadus,Moves,,U-turn,71.429
2019-11_gen6ou-0.json,Tornadus,Moves,,Hidden Power Ice,52.381
2019-11_gen6ou-0.json,Tornadus,Moves,,Icy Wind,38.095
2019-11_gen6ou-0.json,Tornadus,Moves,,Dark Pulse,19.048
2019-11_gen6ou-0.json,Tornadus,Moves,,Knock Off,4.762
2019-11_gen6ou-0.json,Tornadus,Moves,,Taunt,4.762
2019-11_gen6ou-0.json,Tornadus,Moves,,Focus Blast,4.762
2019-11_gen6ou-0.json,Tornadus,Moves,,Other,19.048
2019-11_gen6ou-0.json,Furfrou,Stats,Raw count,,24
2019-11_gen6ou-0.json,Furfrou,Stats,Avg. weight,,1.0
2019-11_gen6ou-0.json,Furfrou,Stats,Viability Ceiling,,62
2019-11_gen6ou-0.json,Furfrou,Stats,Hardy,,16.667
2019-11_gen6ou-0.json,Furfrou,Stats,Careful,,12.500
2019-11_gen6ou-0.json,Furfrou,Stats,Modest,,8.333
2019-11_gen6ou-0.json,Furfrou,Stats,Hasty,,8.333
2019-11_gen6ou-0.json,Furfrou,Stats,Relaxed,,8.333
2019-11_gen6ou-0.json,Furfrou,Abilities,,Fur Coat,100.0
2019-11_gen6ou-0.json,Furfrou,Items,,Choice Scarf,37.5
2019-11_gen6ou-0.json,Furfrou,Items,,Choice Band,20.833
2019-11_gen6ou-0.json,Furfrou,Items,,Lum Berry,12.5
2019-11_gen6ou-0.json,Furfrou,Items,,Leftovers,8.333
2019-11_gen6ou-0.json,Furfrou,Items,,Rocky Helmet,8.333
2019-11_gen6ou-0.json,Furfrou,Items,,Sitrus Berry,8.333
2019-11_gen6ou-0.json,Furfrou,Items,,Other,4.167
2019-11_gen6ou-0.json,Furfrou,Spreads,,Other,8.333
2019-11_gen6ou-0.json,Furfrou,Moves,,Protect,66.667
2019-11_gen6ou-0.json,Furfrou,Moves,,Hyper Voice,66.667
2019-11_gen6ou-0.json,Furfrou,Moves,,Bite,37.5
2019-11_gen6ou-0.json,Furfrou,Moves,,Return,33.333
2019-11_gen6ou-0.json,Furfrou,Moves,,Cotton Guard,29.167
2019-11_gen6ou-0.json,Furfrou,Moves,,Charge Beam,25.0
2019-11_gen6ou-0.json,Furfrou,Moves,,Sand Attack,20.833
2019-11_gen6ou-0.json,Furfrou,Moves,,Sucker Punch,16.667
2019-11_gen6ou-0.json,Furfrou,Moves,,Grass Knot,16.667
2019-11_gen6ou-0.json,Furfrou,Moves,,U-turn,12.5
2019-11_gen6ou-0.json,Furfrou,Moves,,Giga Impact,12.5
2019-11_gen6ou-0.json,Furfrou,Moves,,Rest,12.5
2019-11_gen6ou-0.json,Furfrou,Moves,,Hidden Power Ice,8.333
2019-11_gen6ou-0.json,Furfrou,Moves,,Dark Pulse,8.333
2019-11_gen6ou-0.json,Furfrou,Moves,,Thunder Wave,8.333
2019-11_gen6ou-0.json,Furfrou,Moves,,Refresh,8.333
2019-11_gen6ou-0.json,Furfrou,Moves,,Other,16.667
2019-11_gen6ou-0.json,Roselia,Stats,Raw count,,19
2019-11_gen6ou-0.json,Roselia,Stats,Avg. weight,,1.0
2019-11_gen6ou-0.json,Roselia,Stats,Viability Ceiling,,56
2019-11_gen6ou-0.json,Roselia,Stats,Calm,,5.263
2019-11_gen6ou-0.json,Roselia,Stats,Timid,,5.263
2019-11_gen6ou-0.json,Roselia,Stats,Hardy,,5.263
2019-11_gen6ou-0.json,Roselia,Abilities,,Natural Cure,68.421
2019-11_gen6ou-0.json,Roselia,Abilities,,Poison Point,31.579
2019-11_gen6ou-0.json,Roselia,Items,,Eviolite,47.368
2019-11_gen6ou-0.json,Roselia,Items,,Focus Sash,31.579
2019-11_gen6ou-0.json,Roselia,Items,,Leftovers,15.789
2019-11_gen6ou-0.json,Roselia,Items,,Nothing,5.263
2019-11_gen6ou-0.json,Roselia,Spreads,,Other,10.526
2019-11_gen6ou-0.json,Roselia,Moves,,Toxic,63.158
2019-11_gen6ou-0.json,Roselia,Moves,,Synthesis,57.895
2019-11_gen6ou-0.json,Roselia,Moves,,Leech Seed,52.632
2019-11_gen6ou-0.json,Roselia,Moves,,Giga Drain,47.368
2019-11_gen6ou-0.json,Roselia,Moves,,Sludge Bomb,36.842
2019-11_gen6ou-0.json,Roselia,Moves,,Extrasensory,31.579
2019-11_gen6ou-0.json,Roselia,Moves,,Protect,26.316
2019-11_gen6ou-0.json,Roselia,Moves,,Spikes,21.053
2019-11_gen6ou-0.json,Roselia,Moves,,Nothing,10.526
2019-11_gen6ou-0.json,Roselia,Moves,,Poison Jab,10.526
2019-11_gen6ou-0.json,Roselia,Moves,,Toxic Spikes,5.263
2019-11_gen6ou-0.json,Roselia,Moves,,Grass Whistle,5.263
2019-11_gen6ou-0.json,Roselia,Moves,,Rest,5.263
2019-11_gen6ou-0.json,Roselia,Moves,,Petal Dance,5.263
2019-11_gen6ou-0.json,Roselia,Moves,,Hidden Power Fighting,5.263
2019-11_gen6ou-0.json,Roselia,Moves,,Other,15.789
2019-11_gen6ou-0.json,Rapidash,Stats,Raw count,,20
2019-11_gen6ou-0.json,Rapidash,Stats,Avg. weight,,1.0
2019-11_gen6ou-0.json,Rapidash,Stats,Viability Ceiling,,55
2019-11_gen6ou-0.json,Rapidash,Stats,Jolly,,25.000
2019-11_gen6ou-0.json,Rapidash,Stats,Hardy,,10.000
2019-11_gen6ou-0.json,Rapidash,Stats,Adamant,,10.000
2019-11_gen6ou-0.json,Rapidash,Abilities,,Flash Fire,50.0
2019-11_gen6ou-0.json,Rapidash,Abilities,,Run Away,35.0
2019-11_gen6ou-0.json,Rapidash,Abilities,,Flame Body,15.0
2019-11_gen6ou-0.json,Rapidash,Items,,Assault Vest,20.0
2019-11_gen6ou-0.json,Rapidash,Items,,Leftovers,15.0
2019-11_gen6ou-0.json,Rapidash,Items,,Life Orb,15.0
2019-11_gen6ou-0.json,Rapidash,Items,,Choice Scarf,15.0
2019-11_gen6ou-0.json,Rapidash,Items,,Berry Juice,10.0
2019-11_gen6ou-0.json,Rapidash,Items,,Focus Sash,10.0
2019-11_gen6ou-0.json,Rapidash,Items,,Choice Band,10.0
2019-11_gen6ou-0.json,Rapidash,Items,,Charcoal,5.0
2019-11_gen6ou-0.json,Rapidash,Spreads,,Other,20.0
2019-11_gen6ou-0.json,Rapidash,Moves,,Drill Run,65.0
2019-11_gen6ou-0.json,Rapidash,Moves,,Flare Blitz,55.0
2019-11_gen6ou-0.json,Rapidash,Moves,,Wild Charge,45.0
2019-11_gen6ou-0.json,Rapidash,Moves,,Megahorn,35.0
2019-11_gen6ou-0.json,Rapidash,Moves,,Flame Charge,30.0
2019-11_gen6ou-0.json,Rapidash,Moves,,Flamethrower,30.0
2019-11_gen6ou-0.json,Rapidash,Moves,,Fire Blast,25.0
2019-11_gen6ou-0.json,Rapidash,Moves,,Toxic,15.0
2019-11_gen6ou-0.json,Rapidash,Moves,,Quick Attack,15.0
2019-11_gen6ou-0.json,Rapidash,Moves,,Body Slam,10.0
2019-11_gen6ou-0.json,Rapidash,Moves,,Protect,10.0
2019-11_gen6ou-0.json,Rapidash,Moves,,Heat Wave,10.0
2019-11_gen6ou-0.json,Rapidash,Moves,,Agility,10.0
2019-11_gen6ou-0.json,Rapidash,Moves,,Hidden Power Electric,10.0
2019-11_gen6ou-0.json,Rapidash,Moves,,Low Kick,10.0
2019-11_gen6ou-0.json,Rapidash,Moves,,Morning Sun,10.0
2019-11_gen6ou-0.json,Rapidash,Moves,,Other,15.0
2019-11_gen6ou-0.json,Raticate,Stats,Raw count,,19
2019-11_gen6ou-0.json,Raticate,Stats,Avg. weight,,1.0
2019-11_gen6ou-0.json,Raticate,Stats,Viability Ceiling,,54
2019-11_gen6ou-0.json,Raticate,Stats,Jolly,,5.263
2019-11_gen6ou-0.json,Raticate,Stats,Hardy,,15.789
2019-11_gen6ou-0.json,Raticate,Stats,Lonely,,15.789
2019-11_gen6ou-0.json,Raticate,Stats,Modest,,10.526
2019-11_gen6ou-0.json,Raticate,Abilities,,Run Away,36.842
2019-11_gen6ou-0.json,Raticate,Abilities,,Guts,31.579
2019-11_gen6ou-0.json,Raticate,Abilities,,Hustle,31.579
2019-11_gen6ou-0.json,Raticate,Items,,Wide Lens,21.053
2019-11_gen6ou-0.json,Raticate,Items,,Focus Sash,21.053
2019-11_gen6ou-0.json,Raticate,Items,,Flame Orb,15.789
2019-11_gen6ou-0.json,Raticate,Items,,Razor Claw,15.789
2019-11_gen6ou-0.json,Raticate,Items,,Toxic Orb,10.526
2019-11_gen6ou-0.json,Raticate,Items,,Eviolite,10.526
2019-11_gen6ou-0.json,Raticate,Items,,Nothing,5.263
2019-11_gen6ou-0.json,Raticate,Moves,,Nothing,42.105
2019-11_gen6ou-0.json,Raticate,Moves,,Quick Attack,42.105
2019-11_gen6ou-0.json,Raticate,Moves,,Endeavor,36.842
2019-11_gen6ou-0.json,Raticate,Moves,,Facade,26.316
2019-11_gen6ou-0.json,Raticate,Moves,,Swords Dance,26.316
2019-11_gen6ou-0.json,Raticate,Moves,,Last Resort,21.053
2019-11_gen6ou-0.json,Raticate,Moves,,Sleep Talk,21.053
2019-11_gen6ou-0.json,Raticate,Moves,,Super Fang,21.053
2019-11_gen6ou-0.json,Raticate,Moves,,Pursuit,21.053
2019-11_gen6ou-0.json,Raticate,Moves,,Thunder Wave,15.789
2019-11_gen6ou-0.json,Raticate,Moves,,Crunch,15.789
2019-11_gen6ou-0.json,Raticate,Moves,,Body Slam,15.789
2019-11_gen6ou-0.json,Raticate,Moves,,Double-Edge,15.789
2019-11_gen6ou-0.json,Raticate,Moves,,Blizzard,10.526
2019-11_gen6ou-0.json,Raticate,Moves,,Ice Beam,10.526
2019-11_gen6ou-0.json,Raticate,Moves,,Thunderbolt,10.526
2019-11_gen6ou-0.json,Raticate,Moves,,Sucker Punch,10.526
2019-11_gen6ou-0.json,Raticate,Moves,,Dig,10.526
2019-11_gen6ou-0.json,Raticate,Moves,,Flame Wheel,10.526
2019-11_gen6ou-0.json,Raticate,Moves,,Other,15.789
2019-11_gen6ou-0.json,Dodrio,Stats,Raw count,,23
2019-11_gen6ou-0.json,Dodrio,Stats,Avg. weight,,1.0
2019-11_gen6ou-0.json,Dodrio,Stats,Viability Ceiling,,56
2019-11_gen6ou-0.json,Dodrio,Stats,Jolly,,4.348
2019-11_gen6ou-0.json,Dodrio,Stats,Adamant,,4.348
2019-11_gen6ou-0.json,Dodrio,Abilities,,Early Bird,69.565
2019-11_gen6ou-0.json,Dodrio,Abilities,,Run Away,26.087
2019-11_gen6ou-0.json,Dodrio,Abilities,,Tangled Feet,4.348
2019-11_gen6ou-0.json,Dodrio,Items,,Choice Scarf,47.826
2019-11_gen6ou-0.json,Dodrio,Items,,Life Orb,13.043
2019-11_gen6ou-0.json,Dodrio,Items,,Choice Band,13.043
2019-11_gen6ou-0.json,Dodrio,Items,,Leftovers,8.696
2019-11_gen6ou-0.json,Dodrio,Items,,Focus Sash,8.696
2019-11_gen6ou-0.json,Dodrio,Items,,Liechi Berry,4.348
2019-11_gen6ou-0.json,Dodrio,Items,,Other,4.348
2019-11_gen6ou-0.json,Dodrio,Spreads,,Other,13.043
2019-11_gen6ou-0.json,Dodrio,Moves,,Brave Bird,78.261
2019-11_gen6ou-0.json,Dodrio,Moves,,Knock Off,60.87
2019-11_gen6ou-0.json,Dodrio,Moves,,Return,56.522
2019-11_gen6ou-0.json,Dodrio,Moves,,Pursuit,47.826
2019-11_gen6ou-0.json,Dodrio,Moves,,Drill Peck,26.087
2019-11_gen6ou-0.json,Dodrio,Moves,,Quick Attack,17.391
2019-11_gen6ou-0.json,Dodrio,Moves,,Nothing,13.043
2019-11_gen6ou-0.json,Dodrio,Moves,,Thrash,13.043
2019-11_gen6ou-0.json,Dodrio,Moves,,Peck,13.043
2019-11_gen6ou-0.json,Dodrio,Moves,,Agility,8.696
2019-11_gen6ou-0.json,Dodrio,Moves,,Tri Attack,8.696
2019-11_gen6ou-0.json,Dodrio,Moves,,Body Slam,8.696
2019-11_gen6ou-0.json,Dodrio,Moves,,Hidden Power Fighting,8.696
2019-11_gen6ou-0.json,Dodrio,Moves,,Facade,8.696
2019-11_gen6ou-0.json,Dodrio,Moves,,Flail,4.348
2019-11_gen6ou-0.json,Dodrio,Moves,,Hidden Power Ghost,4.348
2019-11_gen6ou-0.json,Dodrio,Moves,,Roost,4.348
2019-11_gen6ou-0.json,Dodrio,Moves,,Other,17.391
2019-11_gen6ou-0.json,Bunnelby,Stats,Raw count,,37
2019-11_gen6ou-0.json,Bunnelby,Stats,Avg. weight,,1.0
2019-11_gen6ou-0.json,Bunnelby,Stats,Viability Ceiling,,45
2019-11_gen6ou-0.json,Bunnelby,Stats,Hardy,,2.703
2019-11_gen6ou-0.json,Bunnelby,Stats,Jolly,,21.622
2019-11_gen6ou-0.json,Bunnelby,Abilities,,Pickup,78.378
2019-11_gen6ou-0.json,Bunnelby,Abilities,,Huge Power,21.622
2019-11_gen6ou-0.json,Bunnelby,Items,,Focus Sash,75.676
2019-11_gen6ou-0.json,Bunnelby,Items,,Choice Scarf,21.622
2019-11_gen6ou-0.json,Bunnelby,Items,,Other,2.703
2019-11_gen6ou-0.json,Bunnelby,Spreads,,Other,2.703
2019-11_gen6ou-0.json,Bunnelby,Moves,,Nothing,113.514
2019-11_gen6ou-0.json,Bunnelby,Moves,,Endeavor,75.676
2019-11_gen6ou-0.json,Bunnelby,Moves,,Quick Attack,75.676
2019-11_gen6ou-0.json,Bunnelby,Moves,,Earthquake,40.541
2019-11_gen6ou-0.json,Bunnelby,Moves,,U-turn,21.622
2019-11_gen6ou-0.json,Bunnelby,Moves,,Return,21.622
2019-11_gen6ou-0.json,Bunnelby,Moves,,Stone Edge,21.622
2019-11_gen6ou-0.json,Bunnelby,Moves,,Dig,18.919
2019-11_gen6ou-0.json,Bunnelby,Moves,,Other,10.811
2019-11_gen6ou-0.json,Chimecho,Stats,Raw count,,21
2019-11_gen6ou-0.json,Chimecho,Stats,Avg. weight,,1.0
2019-11_gen6ou-0.json,Chimecho,Stats,Viability Ceiling,,54
2019-11_gen6ou-0.json,Chimecho,Stats,Hardy,,33.333
2019-11_gen6ou-0.json,Chimecho,Stats,Modest,,28.571
2019-11_gen6ou-0.json,Chimecho,Stats,Sassy,,4.762
2019-11_gen6ou-0.json,Chimecho,Abilities,,Levitate,100.0
2019-11_gen6ou-0.json,Chimecho,Items,,Wide Lens,28.571
2019-11_gen6ou-0.json,Chimecho,Items,,Leftovers,28.571
2019-11_gen6ou-0.json,Chimecho,Items,,Assault Vest,23.81
2019-11_gen6ou-0.json,Chimecho,Items,,Focus Sash,9.524
2019-11_gen6ou-0.json,Chimecho,Items,,Rocky Helmet,9.524
2019-11_gen6ou-0.json,Chimecho,Spreads,,Other,4.762
2019-11_gen6ou-0.json,Chimecho,Moves,,Dazzling Gleam,52.381
2019-11_gen6ou-0.json,Chimecho,Moves,,Healing Wish,38.095
2019-11_gen6ou-0.json,Chimecho,Moves,,Psychic,38.095
2019-11_gen6ou-0.json,Chimecho,Moves,,Wish,33.333
2019-11_gen6ou-0.json,Chimecho,Moves,,Charge Beam,33.333
2019-11_gen6ou-0.json,Chimecho,Moves,,Recover,33.333
2019-11_gen6ou-0.json,Chimecho,Moves,,Hypnosis,28.571
2019-11_gen6ou-0.json,Chimecho,Moves,,Thunder Wave,28.571
2019-11_gen6ou-0.json,Chimecho,Moves,,Dream Eater,28.571
2019-11_gen6ou-0.json,Chimecho,Moves,,Energy Ball,28.571
2019-11_gen6ou-0.json,Chimecho,Moves,,Synchronoise,23.81
2019-11_gen6ou-0.json,Chimecho,Moves,,Rest,9.524
2019-11_gen6ou-0.json,Chimecho,Moves,,Cosmic Power,9.524
2019-11_gen6ou-0.json,Chimecho,Moves,,Other,14.286
2019-11_gen6ou-0.json,Sunflora,Stats,Raw count,,18
2019-11_gen6ou-0.json,Sunflora,Stats,Avg. weight,,1.0
2019-11_gen6ou-0.json,Sunflora,Stats,Viability Ceiling,,52
2019-11_gen6ou-0.json,Sunflora,Stats,Modest,,27.778
2019-11_gen6ou-0.json,Sunflora,Stats,Hardy,,5.556
2019-11_gen6ou-0.json,Sunflora,Stats,Hasty,,16.667
2019-11_gen6ou-0.json,Sunflora,Stats,Calm,,11.111
2019-11_gen6ou-0.json,Sunflora,Abilities,,Chlorophyll,83.333
2019-11_gen6ou-0.json,Sunflora,Abilities,,Solar Power,16.667
2019-11_gen6ou-0.json,Sunflora,Items,,Assault Vest,27.778
2019-11_gen6ou-0.json,Sunflora,Items,,Leftovers,22.222
2019-11_gen6ou-0.json,Sunflora,Items,,Focus Sash,22.222
2019-11_gen6ou-0.json,Sunflora,Items,,Heat Rock,16.667
2019-11_gen6ou-0.json,Sunflora,Items,,Choice Specs,5.556
2019-11_gen6ou-0.json,Sunflora,Items,,Meadow Plate,5.556
2019-11_gen6ou-0.json,Sunflora,Spreads,,Other,11.111
2019-11_gen6ou-0.json,Sunflora,Moves,,Giga Drain,44.444
2019-11_gen6ou-0.json,Sunflora,Moves,,Solar Beam,44.444
2019-11_gen6ou-0.json,Sunflora,Moves,,Energy Ball,38.889
2019-11_gen6ou-0.json,Sunflora,Moves,,Sludge Bomb,33.333
2019-11_gen6ou-0.json,Sunflora,Moves,,Earth Power,33.333
2019-11_gen6ou-0.json,Sunflora,Moves,,Razor Leaf,27.778
2019-11_gen6ou-0.json,Sunflora,Moves,,Synthesis,27.778
2019-11_gen6ou-0.json,Sunflora,Moves,,Petal Blizzard,22.222
2019-11_gen6ou-0.json,Sunflora,Moves,,Leech Seed,22.222
2019-11_gen6ou-0.json,Sunflora,Moves,,Absorb,22.222
2019-11_gen6ou-0.json,Sunflora,Moves,,Morning Sun,16.667
2019-11_gen6ou-0.json,Sunflora,Moves,,Sunny Day,16.667
2019-11_gen6ou-0.json,Sunflora,Moves,,Protect,11.111
2019-11_gen6ou-0.json,Sunflora,Moves,,Light Screen,11.111
2019-11_gen6ou-0.json,Sunflora,Moves,,Grass Knot,11.111
2019-11_gen6ou-0.json,Sunflora,Moves,,Other,16.667
2019-11_gen6ou-0.json,Jumpluff,Stats,Raw count,,19
2019-11_gen6ou-0.json,Jumpluff,Stats,Avg. weight,,1.0
2019-11_gen6ou-0.json,Jumpluff,Stats,Viability Ceiling,,58
2019-11_gen6ou-0.json,Jumpluff,Stats,Hasty,,21.053
2019-11_gen6ou-0.json,Jumpluff,Stats,Jolly,,10.526
2019-11_gen6ou-0.json,Jumpluff,Stats,Hardy,,15.789
2019-11_gen6ou-0.json,Jumpluff,Abilities,,Chlorophyll,68.421
2019-11_gen6ou-0.json,Jumpluff,Abilities,,Infiltrator,21.053
2019-11_gen6ou-0.json,Jumpluff,Abilities,,Leaf Guard,10.526
2019-11_gen6ou-0.json,Jumpluff,Items,,Nothing,21.053
2019-11_gen6ou-0.json,Jumpluff,Items,,Heat Rock,21.053
2019-11_gen6ou-0.json,Jumpluff,Items,,Choice Scarf,15.789
2019-11_gen6ou-0.json,Jumpluff,Items,,King's Rock,15.789
2019-11_gen6ou-0.json,Jumpluff,Items,,Leftovers,10.526
2019-11_gen6ou-0.json,Jumpluff,Items,,Zoom Lens,10.526
2019-11_gen6ou-0.json,Jumpluff,Items,,Life Orb,5.263
2019-11_gen6ou-0.json,Jumpluff,Spreads,,Other,10.526
2019-11_gen6ou-0.json,Jumpluff,Moves,,Sunny Day,57.895
2019-11_gen6ou-0.json,Jumpluff,Moves,,U-turn,52.632
2019-11_gen6ou-0.json,Jumpluff,Moves,,Acrobatics,42.105
2019-11_gen6ou-0.json,Jumpluff,Moves,,Leech Seed,42.105
2019-11_gen6ou-0.json,Jumpluff,Moves,,Sleep Powder,26.316
2019-11_gen6ou-0.json,Jumpluff,Moves,,Aromatherapy,21.053
2019-11_gen6ou-0.json,Jumpluff,Moves,,Cotton Guard,21.053
2019-11_gen6ou-0.json,Jumpluff,Moves,,Energy Ball,21.053
2019-11_gen6ou-0.json,Jumpluff,Moves,,Giga Drain,15.789
2019-11_gen6ou-0.json,Jumpluff,Moves,,Cotton Spore,15.789
2019-11_gen6ou-0.json,Jumpluff,Moves,,Mega Drain,15.789
2019-11_gen6ou-0.json,Jumpluff,Moves,,Return,10.526
2019-11_gen6ou-0.json,Jumpluff,Moves,,Swords Dance,10.526
2019-11_gen6ou-0.json,Jumpluff,Moves,,Rage Powder,10.526
2019-11_gen6ou-0.json,Jumpluff,Moves,,Seed Bomb,10.526
2019-11_gen6ou-0.json,Jumpluff,Moves,,Substitute,10.526
2019-11_gen6ou-0.json,Jumpluff,Moves,,Other,15.789
2019-11_gen6ou-0.json,Sealeo,Stats,Raw count,,18
2019-11_gen6ou-0.json,Sealeo,Stats,Avg. weight,,1.0
2019-11_gen6ou-0.json,Sealeo,Stats,Viability Ceiling,,61
2019-11_gen6ou-0.json,Sealeo,Stats,Calm,,94.444
2019-11_gen6ou-0.json,Sealeo,Stats,Adamant,,5.556
2019-11_gen6ou-0.json,Sealeo,Abilities,,Thick Fat,100.0
2019-11_gen6ou-0.json,Sealeo,Items,,Eviolite,94.444
2019-11_gen6ou-0.json,Sealeo,Items,,Choice Band,5.556
2019-11_gen6ou-0.json,Sealeo,Moves,,Icy Wind,94.444
2019-11_gen6ou-0.json,Sealeo,Moves,,Brine,94.444
2019-11_gen6ou-0.json,Sealeo,Moves,,Toxic,94.444
2019-11_gen6ou-0.json,Sealeo,Moves,,Super Fang,94.444
2019-11_gen6ou-0.json,Sealeo,Moves,,Protect,5.556
2019-11_gen6ou-0.json,Sealeo,Moves,,Other,16.667
2019-11_gen6ou-0.json,Octillery,Stats,Raw count,,19
2019-11_gen6ou-0.json,Octillery,Stats,Avg. weight,,1.0
2019-11_gen6ou-0.json,Octillery,Stats,Viability Ceiling,,55
2019-11_gen6ou-0.json,Octillery,Stats,Modest,,26.316
2019-11_gen6ou-0.json,Octillery,Stats,Serious,,26.316
2019-11_gen6ou-0.json,Octillery,Abilities,,Suction Cups,63.158
2019-11_gen6ou-0.json,Octillery,Abilities,,Sniper,36.842
2019-11_gen6ou-0.json,Octillery,Items,,Choice Specs,47.368
2019-11_gen6ou-0.json,Octillery,Items,,Rocky Helmet,26.316
2019-11_gen6ou-0.json,Octillery,Items,,Odd Incense,15.789
2019-11_gen6ou-0.json,Octillery,Items,,Scope Lens,10.526
2019-11_gen6ou-0.json,Octillery,Moves,,Flamethrower,89.474
2019-11_gen6ou-0.json,Octillery,Moves,,Energy Ball,57.895
2019-11_gen6ou-0.json,Octillery,Moves,,Surf,47.368
2019-11_gen6ou-0.json,Octillery,Moves,,Signal Beam,47.368
2019-11_gen6ou-0.json,Octillery,Moves,,Ice Beam,36.842
2019-11_gen6ou-0.json,Octillery,Moves,,Gunk Shot,26.316
2019-11_gen6ou-0.json,Octillery,Moves,,Bullet Seed,26.316
2019-11_gen6ou-0.json,Octillery,Moves,,Psychic,15.789
2019-11_gen6ou-0.json,Octillery,Moves,,Aurora Beam,15.789
2019-11_gen6ou-0.json,Octillery,Moves,,Lock-On,15.789
2019-11_gen6ou-0.json,Octillery,Moves,,Hydro Pump,10.526
2019-11_gen6ou-0.json,Octillery,Moves,,Other,10.526
2019-11_gen6ou-0.json,Gorebyss,Stats,Raw count,,19
2019-11_gen6ou-0.json,Gorebyss,Stats,Avg. weight,,1.0
2019-11_gen6ou-0.json,Gorebyss,Stats,Viability Ceiling,,43
2019-11_gen6ou-0.json,Gorebyss,Stats,Modest,,21.053
2019-11_gen6ou-0.json,Gorebyss,Stats,Timid,,5.263
2019-11_gen6ou-0.json,Gorebyss,Abilities,,Swift Swim,100.0
2019-11_gen6ou-0.json,Gorebyss,Items,,Nothing,42.105
2019-11_gen6ou-0.json,Gorebyss,Items,,Leftovers,31.579
2019-11_gen6ou-0.json,Gorebyss,Items,,White Herb,26.316
2019-11_gen6ou-0.json,Gorebyss,Moves,,Hydro Pump,68.421
2019-11_gen6ou-0.json,Gorebyss,Moves,,Ice Beam,57.895
2019-11_gen6ou-0.json,Gorebyss,Moves,,Psychic,42.105
2019-11_gen6ou-0.json,Gorebyss,Moves,,Coil,36.842
2019-11_gen6ou-0.json,Gorebyss,Moves,,Substitute,36.842
2019-11_gen6ou-0.json,Gorebyss,Moves,,Scald,31.579
2019-11_gen6ou-0.json,Gorebyss,Moves,,Toxic,31.579
2019-11_gen6ou-0.json,Gorebyss,Moves,,Rest,26.316
2019-11_gen6ou-0.json,Gorebyss,Moves,,Shell Smash,26.316
2019-11_gen6ou-0.json,Gorebyss,Moves,,Hidden Power Fire,21.053
2019-11_gen6ou-0.json,Gorebyss,Moves,,Agility,5.263
2019-11_gen6ou-0.json,Gorebyss,Moves,,Other,15.789
2019-11_gen6ou-0.json,Ledian,Stats,Raw count,,18
2019-11_gen6ou-0.json,Ledian,Stats,Avg. weight,,1.0
2019-11_gen6ou-0.json,Ledian,Stats,Viability Ceiling,,45
2019-11_gen6ou-0.json,Ledian,Stats,Jolly,,72.222
2019-11_gen6ou-0.json,Ledian,Stats,Timid,,5.556
2019-11_gen6ou-0.json,Ledian,Abilities,,Early Bird,100.0
2019-11_gen6ou-0.json,Ledian,Items,,Light Clay,94.444
2019-11_gen6ou-0.json,Ledian,Items,,Choice Scarf,5.556
2019-11_gen6ou-0.json,Ledian,Moves,,Reflect,94.444
2019-11_gen6ou-0.json,Ledian,Moves,,Light Screen,94.444
2019-11_gen6ou-0.json,Ledian,Moves,,U-turn,77.778
2019-11_gen6ou-0.json,Ledian,Moves,,Toxic,77.778
2019-11_gen6ou-0.json,Ledian,Moves,,Bug Buzz,27.778
2019-11_gen6ou-0.json,Ledian,Moves,,Air Cutter,22.222
2019-11_gen6ou-0.json,Ledian,Moves,,Other,5.556
2019-11_gen6ou-0.json,Sudowoodo,Stats,Raw count,,16
2019-11_gen6ou-0.json,Sudowoodo,Stats,Avg. weight,,1.0
2019-11_gen6ou-0.json,Sudowoodo,Stats,Viability Ceiling,,45
2019-11_gen6ou-0.json,Sudowoodo,Stats,Hardy,,6.250
2019-11_gen6ou-0.json,Sudowoodo,Stats,Brave,,12.500
2019-11_gen6ou-0.json,Sudowoodo,Abilities,,Sturdy,87.5
2019-11_gen6ou-0.json,Sudowoodo,Abilities,,Rock Head,12.5
2019-11_gen6ou-0.json,Sudowoodo,Items,,Leftovers,75.0
2019-11_gen6ou-0.json,Sudowoodo,Items,,Nothing,12.5
2019-11_gen6ou-0.json,Sudowoodo,Items,,Rocky Helmet,12.5
2019-11_gen6ou-0.json,Sudowoodo,Moves,,Earthquake,81.25
2019-11_gen6ou-0.json,Sudowoodo,Moves,,Brick Break,56.25
2019-11_gen6ou-0.json,Sudowoodo,Moves,,Sucker Punch,50.0
2019-11_gen6ou-0.json,Sudowoodo,Moves,,Thunder Punch,50.0
2019-11_gen6ou-0.json,Sudowoodo,Moves,,Ice Punch,25.0
2019-11_gen6ou-0.json,Sudowoodo,Moves,,Explosion,25.0
2019-11_gen6ou-0.json,Sudowoodo,Moves,,Hidden Power Fighting,25.0
2019-11_gen6ou-0.json,Sudowoodo,Moves,,Rock Slide,18.75
2019-11_gen6ou-0.json,Sudowoodo,Moves,,Earth Power,12.5
2019-11_gen6ou-0.json,Sudowoodo,Moves,,Calm Mind,12.5
2019-11_gen6ou-0.json,Sudowoodo,Moves,,Wood Hammer,12.5
2019-11_gen6ou-0.json,Sudowoodo,Moves,,Stone Edge,12.5
2019-11_gen6ou-0.json,Sudowoodo,Moves,,Other,18.75
2019-11_gen6ou-0.json,Ralts,Stats,Raw count,,19
2019-11_gen6ou-0.json,Ralts,Stats,Avg. weight,,1.0
2019-11_gen6ou-0.json,Ralts,Stats,Viability Ceiling,,47
2019-11_gen6ou-0.json,Ralts,Stats,Hardy,,15.789
2019-11_gen6ou-0.json,Ralts,Stats,Mild,,10.526
2019-11_gen6ou-0.json,Ralts,Stats,Jolly,,5.263
2019-11_gen6ou-0.json,Ralts,Stats,Lonely,,5.263
2019-11_gen6ou-0.json,Ralts,Abilities,,Synchronize,89.474
2019-11_gen6ou-0.json,Ralts,Abilities,,Trace,10.526
2019-11_gen6ou-0.json,Ralts,Items,,Focus Sash,36.842
2019-11_gen6ou-0.json,Ralts,Items,,Pecha Berry,31.579
2019-11_gen6ou-0.json,Ralts,Items,,Choice Scarf,15.789
2019-11_gen6ou-0.json,Ralts,Items,,Leftovers,10.526
2019-11_gen6ou-0.json,Ralts,Items,,Nothing,5.263
2019-11_gen6ou-0.json,Ralts,Moves,,Destiny Bond,84.211
2019-11_gen6ou-0.json,Ralts,Moves,,Recycle,63.158
2019-11_gen6ou-0.json,Ralts,Moves,,Pain Split,63.158
2019-11_gen6ou-0.json,Ralts,Moves,,Skill Swap,63.158
2019-11_gen6ou-0.json,Ralts,Moves,,Dazzling Gleam,31.579
2019-11_gen6ou-0.json,Ralts,Moves,,Fire Punch,21.053
2019-11_gen6ou-0.json,Ralts,Moves,,Calm Mind,15.789
2019-11_gen6ou-0.json,Ralts,Moves,,Psyshock,15.789
2019-11_gen6ou-0.json,Ralts,Moves,,Shadow Ball,15.789
2019-11_gen6ou-0.json,Ralts,Moves,,Psychic,10.526
2019-11_gen6ou-0.json,Ralts,Moves,,Other,15.789
2019-11_gen6ou-0.json,Taillow,Stats,Raw count,,37
2019-11_gen6ou-0.json,Taillow,Stats,Avg. weight,,1.0
2019-11_gen6ou-0.json,Taillow,Stats,Viability Ceiling,,45
2019-11_gen6ou-0.json,Taillow,Stats,Hardy,,5.405
2019-11_gen6ou-0.json,Taillow,Stats,Serious,,5.405
2019-11_gen6ou-0.json,Taillow,Abilities,,Guts,86.486
2019-11_gen6ou-0.json,Taillow,Abilities,,Scrappy,13.514
2019-11_gen6ou-0.json,Taillow,Items,,Focus Sash,91.892
2019-11_gen6ou-0.json,Taillow,Items,,Nothing,5.405
2019-11_gen6ou-0.json,Taillow,Items,,Other,2.703
2019-11_gen6ou-0.json,Taillow,Spreads,,Other,8.108
2019-11_gen6ou-0.json,Taillow,Moves,,Nothing,137.838
2019-11_gen6ou-0.json,Taillow,Moves,,Quick Attack,100.0
2019-11_gen6ou-0.json,Taillow,Moves,,Endeavor,94.595
2019-11_gen6ou-0.json,Taillow,Moves,,Air Slash,18.919
2019-11_gen6ou-0.json,Taillow,Moves,,Pursuit,13.514
2019-11_gen6ou-0.json,Taillow,Moves,,Protect,10.811
2019-11_gen6ou-0.json,Taillow,Moves,,Growl,5.405
2019-11_gen6ou-0.json,Taillow,Moves,,Other,18.919
2019-11_gen6ou-0.json,Musharna,Stats,Raw count,,19
2019-11_gen6ou-0.json,Musharna,Stats,Avg. weight,,1.0
2019-11_gen6ou-0.json,Musharna,Stats,Viability Ceiling,,47
2019-11_gen6ou-0.json,Musharna,Stats,Hardy,,84.211
2019-11_gen6ou-0.json,Musharna,Stats,Bold,,10.526
2019-11_gen6ou-0.json,Musharna,Stats,Timid,,5.263
2019-11_gen6ou-0.json,Musharna,Abilities,,Telepathy,84.211
2019-11_gen6ou-0.json,Musharna,Abilities,,Synchronize,10.526
2019-11_gen6ou-0.json,Musharna,Abilities,,Forewarn,5.263
2019-11_gen6ou-0.json,Musharna,Items,,Colbur Berry,84.211
2019-11_gen6ou-0.json,Musharna,Items,,Leftovers,10.526
2019-11_gen6ou-0.json,Musharna,Items,,Nothing,5.263
2019-11_gen6ou-0.json,Musharna,Moves,,Calm Mind,100.0
2019-11_gen6ou-0.json,Musharna,Moves,,Psychic,89.474
2019-11_gen6ou-0.json,Musharna,Moves,,Hidden Power Electric,84.211
2019-11_gen6ou-0.json,Musharna,Moves,,Shadow Ball,84.211
2019-11_gen6ou-0.json,Musharna,Moves,,Signal Beam,10.526
2019-11_gen6ou-0.json,Musharna,Moves,,Moonlight,10.526
2019-11_gen6ou-0.json,Musharna,Moves,,Psyshock,10.526
2019-11_gen6ou-0.json,Musharna,Moves,,Other,10.526
2019-11_gen6ou-0.json,Machoke,Stats,Raw count,,21
2019-11_gen6ou-0.json,Machoke,Stats,Avg. weight,,1.0
2019-11_gen6ou-0.json,Machoke,Stats,Viability Ceiling,,45
2019-11_gen6ou-0.json,Machoke,Stats,Hardy,,9.524
2019-11_gen6ou-0.json,Machoke,Stats,Impish,,9.524
2019-11_gen6ou-0.json,Machoke,Stats,Adamant,,4.762
2019-11_gen6ou-0.json,Machoke,Abilities,,Guts,80.952
2019-11_gen6ou-0.json,Machoke,Abilities,,No Guard,19.048
2019-11_gen6ou-0.json,Machoke,Items,,Nothing,61.905
2019-11_gen6ou-0.json,Machoke,Items,,Focus Sash,19.048
2019-11_gen6ou-0.json,Machoke,Items,,Eviolite,19.048
2019-11_gen6ou-0.json,Machoke,Spreads,,Other,4.762
2019-11_gen6ou-0.json,Machoke,Moves,,Focus Punch,52.381
2019-11_gen6ou-0.json,Machoke,Moves,,Body Slam,52.381
2019-11_gen6ou-0.json,Machoke,Moves,,Double-Edge,52.381
2019-11_gen6ou-0.json,Machoke,Moves,,Earthquake,52.381
2019-11_gen6ou-0.json,Machoke,Moves,,Knock Off,33.333
2019-11_gen6ou-0.json,Machoke,Moves,,Toxic,28.571
2019-11_gen6ou-0.json,Machoke,Moves,,Karate Chop,23.81
2019-11_gen6ou-0.json,Machoke,Moves,,Dynamic Punch,19.048
2019-11_gen6ou-0.json,Machoke,Moves,,Protect,19.048
2019-11_gen6ou-0.json,Machoke,Moves,,Bulk Up,14.286
2019-11_gen6ou-0.json,Machoke,Moves,,Cross Chop,9.524
2019-11_gen6ou-0.json,Machoke,Moves,,Brick Break,4.762
2019-11_gen6ou-0.json,Machoke,Moves,,Ice Punch,4.762
2019-11_gen6ou-0.json,Machoke,Moves,,Secret Power,4.762
2019-11_gen6ou-0.json,Machoke,Moves,,Revenge,4.762
2019-11_gen6ou-0.json,Machoke,Moves,,Low Kick,4.762
2019-11_gen6ou-0.json,Machoke,Moves,,Other,19.048
2019-11_gen6ou-0.json,Sawk,Stats,Raw count,,17
2019-11_gen6ou-0.json,Sawk,Stats,Avg. weight,,1.0
2019-11_gen6ou-0.json,Sawk,Stats,Viability Ceiling,,55
2019-11_gen6ou-0.json,Sawk,Stats,Jolly,,11.765
2019-11_gen6ou-0.json,Sawk,Stats,Adamant,,5.882
2019-11_gen6ou-0.json,Sawk,Abilities,,Sturdy,82.353
2019-11_gen6ou-0.json,Sawk,Abilities,,Mold Breaker,11.765
2019-11_gen6ou-0.json,Sawk,Abilities,,Inner Focus,5.882
2019-11_gen6ou-0.json,Sawk,Items,,Salac Berry,76.471
2019-11_gen6ou-0.json,Sawk,Items,,Life Orb,11.765
2019-11_gen6ou-0.json,Sawk,Items,,Choice Scarf,11.765
2019-11_gen6ou-0.json,Sawk,Moves,,Close Combat,94.118
2019-11_gen6ou-0.json,Sawk,Moves,,Ice Punch,88.235
2019-11_gen6ou-0.json,Sawk,Moves,,Knock Off,82.353
2019-11_gen6ou-0.json,Sawk,Moves,,Counter,76.471
2019-11_gen6ou-0.json,Sawk,Moves,,Poison Jab,23.529
2019-11_gen6ou-0.json,Sawk,Moves,,Fire Punch,17.647
2019-11_gen6ou-0.json,Sawk,Moves,,Other,17.647
2019-11_gen6ou-0.json,Dragonair,Stats,Raw count,,20
2019-11_gen6ou-0.json,Dragonair,Stats,Avg. weight,,1.0
2019-11_gen6ou-0.json,Dragonair,Stats,Viability Ceiling,,45
2019-11_gen6ou-0.json,Dragonair,Stats,Jolly,,40.000
2019-11_gen6ou-0.json,Dragonair,Stats,Hardy,,5.000
2019-11_gen6ou-0.json,Dragonair,Stats,Impish,,5.000
2019-11_gen6ou-0.json,Dragonair,Abilities,,Shed Skin,80.0
2019-11_gen6ou-0.json,Dragonair,Abilities,,Marvel Scale,20.0
2019-11_gen6ou-0.json,Dragonair,Items,,Eviolite,65.0
2019-11_gen6ou-0.json,Dragonair,Items,,Nothing,20.0
2019-11_gen6ou-0.json,Dragonair,Items,,Focus Sash,5.0
2019-11_gen6ou-0.json,Dragonair,Items,,Air Balloon,5.0
2019-11_gen6ou-0.json,Dragonair,Items,,Other,5.0
2019-11_gen6ou-0.json,Dragonair,Spreads,,Other,5.0
2019-11_gen6ou-0.json,Dragonair,Moves,,Waterfall,65.0
2019-11_gen6ou-0.json,Dragonair,Moves,,Dragon Dance,50.0
2019-11_gen6ou-0.json,Dragonair,Moves,,Extreme Speed,45.0
2019-11_gen6ou-0.json,Dragonair,Moves,,Iron Tail,40.0
2019-11_gen6ou-0.json,Dragonair,Moves,,Dragon Tail,30.0
2019-11_gen6ou-0.json,Dragonair,Moves,,Ice Beam,30.0
2019-11_gen6ou-0.json,Dragonair,Moves,,Aqua Jet,25.0
2019-11_gen6ou-0.json,Dragonair,Moves,,Draco Meteor,25.0
2019-11_gen6ou-0.json,Dragonair,Moves,,Hidden Power Steel,20.0
2019-11_gen6ou-0.json,Dragonair,Moves,,Dragon Pulse,20.0
2019-11_gen6ou-0.json,Dragonair,Moves,,Flamethrower,20.0
2019-11_gen6ou-0.json,Dragonair,Moves,,Nothing,5.0
2019-11_gen6ou-0.json,Dragonair,Moves,,Protect,5.0
2019-11_gen6ou-0.json,Dragonair,Moves,,Rest,5.0
2019-11_gen6ou-0.json,Dragonair,Moves,,Other,15.0
2019-11_gen6ou-0.json,Noctowl,Stats,Raw count,,15
2019-11_gen6ou-0.json,Noctowl,Stats,Avg. weight,,1.0
2019-11_gen6ou-0.json,Noctowl,Stats,Viability Ceiling,,77
2019-11_gen6ou-0.json,Noctowl,Stats,Calm,,6.667
2019-11_gen6ou-0.json,Noctowl,Stats,Modest,,6.667
2019-11_gen6ou-0.json,Noctowl,Stats,Timid,,6.667
2019-11_gen6ou-0.json,Noctowl,Abilities,,Insomnia,60.0
2019-11_gen6ou-0.json,Noctowl,Abilities,,Tinted Lens,26.667
2019-11_gen6ou-0.json,Noctowl,Abilities,,Keen Eye,13.333
2019-11_gen6ou-0.json,Noctowl,Items,,Leftovers,73.333
2019-11_gen6ou-0.json,Noctowl,Items,,Yache Berry,13.333
2019-11_gen6ou-0.json,Noctowl,Items,,Life Orb,6.667
2019-11_gen6ou-0.json,Noctowl,Items,,Choice Specs,6.667
2019-11_gen6ou-0.json,Noctowl,Moves,,Roost,86.667
2019-11_gen6ou-0.json,Noctowl,Moves,,Toxic,86.667
2019-11_gen6ou-0.json,Noctowl,Moves,,Defog,66.667
2019-11_gen6ou-0.json,Noctowl,Moves,,Night Shade,53.333
2019-11_gen6ou-0.json,Noctowl,Moves,,Air Slash,33.333
2019-11_gen6ou-0.json,Noctowl,Moves,,Heat Wave,20.0
2019-11_gen6ou-0.json,Noctowl,Moves,,Agility,6.667
2019-11_gen6ou-0.json,Noctowl,Moves,,Extrasensory,6.667
2019-11_gen6ou-0.json,Noctowl,Moves,,Reflect,6.667
2019-11_gen6ou-0.json,Noctowl,Moves,,Hidden Power Electric,6.667
2019-11_gen6ou-0.json,Noctowl,Moves,,Hypnosis,6.667
2019-11_gen6ou-0.json,Noctowl,Moves,,Other,20.0
2019-11_gen6ou-0.json,Dedenne,Stats,Raw count,,18
2019-11_gen6ou-0.json,Dedenne,Stats,Avg. weight,,1.0
2019-11_gen6ou-0.json,Dedenne,Stats,Viability Ceiling,,50
2019-11_gen6ou-0.json,Dedenne,Stats,Hardy,,11.111
2019-11_gen6ou-0.json,Dedenne,Stats,Timid,,22.222
2019-11_gen6ou-0.json,Dedenne,Stats,Quiet,,22.222
2019-11_gen6ou-0.json,Dedenne,Stats,Modest,,5.556
2019-11_gen6ou-0.json,Dedenne,Abilities,,Cheek Pouch,100.0
2019-11_gen6ou-0.json,Dedenne,Items,,Leftovers,33.333
2019-11_gen6ou-0.json,Dedenne,Items,,Nothing,27.778
2019-11_gen6ou-0.json,Dedenne,Items,,Petaya Berry,22.222
2019-11_gen6ou-0.json,Dedenne,Items,,Sitrus Berry,11.111
2019-11_gen6ou-0.json,Dedenne,Items,,Maranga Berry,5.556
2019-11_gen6ou-0.json,Dedenne,Spreads,,Other,5.556
2019-11_gen6ou-0.json,Dedenne,Moves,,Thunderbolt,72.222
2019-11_gen6ou-0.json,Dedenne,Moves,,Play Rough,55.556
2019-11_gen6ou-0.json,Dedenne,Moves,,Volt Switch,50.0
2019-11_gen6ou-0.json,Dedenne,Moves,,Discharge,38.889
2019-11_gen6ou-0.json,Dedenne,Moves,,Grass Knot,33.333
2019-11_gen6ou-0.json,Dedenne,Moves,,Substitute,33.333
2019-11_gen6ou-0.json,Dedenne,Moves,,Recycle,27.778
2019-11_gen6ou-0.json,Dedenne,Moves,,Super Fang,27.778
2019-11_gen6ou-0.json,Dedenne,Moves,,Nothing,11.111
2019-11_gen6ou-0.json,Dedenne,Moves,,Frustration,11.111
2019-11_gen6ou-0.json,Dedenne,Moves,,Facade,11.111
2019-11_gen6ou-0.json,Dedenne,Moves,,Nuzzle,5.556
2019-11_gen6ou-0.json,Dedenne,Moves,,Protect,5.556
2019-11_gen6ou-0.json,Dedenne,Moves,,Other,16.667
2019-11_gen6ou-0.json,Riolu,Stats,Raw count,,23
2019-11_gen6ou-0.json,Riolu,Stats,Avg. weight,,1.0
2019-11_gen6ou-0.json,Riolu,Stats,Viability Ceiling,,45
2019-11_gen6ou-0.json,Riolu,Stats,Hardy,,8.696
2019-11_gen6ou-0.json,Riolu,Stats,Brave,,8.696
2019-11_gen6ou-0.json,Riolu,Stats,Jolly,,8.696
2019-11_gen6ou-0.json,Riolu,Abilities,,Prankster,73.913
2019-11_gen6ou-0.json,Riolu,Abilities,,Steadfast,21.739
2019-11_gen6ou-0.json,Riolu,Abilities,,Inner Focus,4.348
2019-11_gen6ou-0.json,Riolu,Items,,Lagging Tail,34.783
2019-11_gen6ou-0.json,Riolu,Items,,Focus Sash,21.739
2019-11_gen6ou-0.json,Riolu,Items,,Custap Berry,17.391
2019-11_gen6ou-0.json,Riolu,Items,,Nothing,13.043
2019-11_gen6ou-0.json,Riolu,Items,,Air Balloon,4.348
2019-11_gen6ou-0.json,Riolu,Items,,Aguav Berry,4.348
2019-11_gen6ou-0.json,Riolu,Items,,Other,4.348
2019-11_gen6ou-0.json,Riolu,Spreads,,Other,39.13
2019-11_gen6ou-0.json,Riolu,Moves,,Nothing,121.739
2019-11_gen6ou-0.json,Riolu,Moves,,Copycat,78.261
2019-11_gen6ou-0.json,Riolu,Moves,,Dig,34.783
2019-11_gen6ou-0.json,Riolu,Moves,,Magnet Rise,17.391
2019-11_gen6ou-0.json,Riolu,Moves,,Bulk Up,17.391
2019-11_gen6ou-0.json,Riolu,Moves,,Substitute,17.391
2019-11_gen6ou-0.json,Riolu,Moves,,Crunch,13.043
2019-11_gen6ou-0.json,Riolu,Moves,,Agility,13.043
2019-11_gen6ou-0.json,Riolu,Moves,,Roar,13.043
2019-11_gen6ou-0.json,Riolu,Moves,,Brick Break,13.043
2019-11_gen6ou-0.json,Riolu,Moves,,Protect,8.696
2019-11_gen6ou-0.json,Riolu,Moves,,Drain Punch,8.696
2019-11_gen6ou-0.json,Riolu,Moves,,Detect,8.696
2019-11_gen6ou-0.json,Riolu,Moves,,Attract,8.696
2019-11_gen6ou-0.json,Riolu,Moves,,High Jump Kick,4.348
2019-11_gen6ou-0.json,Riolu,Moves,,Counter,4.348
2019-11_gen6ou-0.json,Riolu,Moves,,Other,17.391
2019-11_gen6ou-0.json,Primeape,Stats,Raw count,,19
2019-11_gen6ou-0.json,Primeape,Stats,Avg. weight,,1.0
2019-11_gen6ou-0.json,Primeape,Stats,Viability Ceiling,,46
2019-11_gen6ou-0.json,Primeape,Stats,Jolly,,21.053
2019-11_gen6ou-0.json,Primeape,Stats,Hardy,,5.263
2019-11_gen6ou-0.json,Primeape,Stats,Adamant,,10.526
2019-11_gen6ou-0.json,Primeape,Abilities,,Vital Spirit,52.632
2019-11_gen6ou-0.json,Primeape,Abilities,,Defiant,42.105
2019-11_gen6ou-0.json,Primeape,Abilities,,Anger Point,5.263
2019-11_gen6ou-0.json,Primeape,Items,,Fist Plate,36.842
2019-11_gen6ou-0.json,Primeape,Items,,Black Belt,15.789
2019-11_gen6ou-0.json,Primeape,Items,,Nothing,15.789
2019-11_gen6ou-0.json,Primeape,Items,,King's Rock,15.789
2019-11_gen6ou-0.json,Primeape,Items,,Assault Vest,5.263
2019-11_gen6ou-0.json,Primeape,Items,,Mago Berry,5.263
2019-11_gen6ou-0.json,Primeape,Items,,Choice Band,5.263
2019-11_gen6ou-0.json,Primeape,Spreads,,Other,5.263
2019-11_gen6ou-0.json,Primeape,Moves,,Focus Punch,47.368
2019-11_gen6ou-0.json,Primeape,Moves,,Brick Break,42.105
2019-11_gen6ou-0.json,Primeape,Moves,,Substitute,36.842
2019-11_gen6ou-0.json,Primeape,Moves,,Night Slash,36.842
2019-11_gen6ou-0.json,Primeape,Moves,,Encore,36.842
2019-11_gen6ou-0.json,Primeape,Moves,,Cross Chop,31.579
2019-11_gen6ou-0.json,Primeape,Moves,,Bulk Up,21.053
2019-11_gen6ou-0.json,Primeape,Moves,,Close Combat,15.789
2019-11_gen6ou-0.json,Primeape,Moves,,Fury Swipes,15.789
2019-11_gen6ou-0.json,Primeape,Moves,,Seismic Toss,15.789
2019-11_gen6ou-0.json,Primeape,Moves,,Karate Chop,15.789
2019-11_gen6ou-0.json,Primeape,Moves,,Bulldoze,10.526
2019-11_gen6ou-0.json,Primeape,Moves,,Low Kick,10.526
2019-11_gen6ou-0.json,Primeape,Moves,,Body Slam,10.526
2019-11_gen6ou-0.json,Primeape,Moves,,Earthquake,10.526
2019-11_gen6ou-0.json,Primeape,Moves,,Outrage,5.263
2019-11_gen6ou-0.json,Primeape,Moves,,Acrobatics,5.263
2019-11_gen6ou-0.json,Primeape,Moves,,Rock Slide,5.263
2019-11_gen6ou-0.json,Primeape,Moves,,U-turn,5.263
2019-11_gen6ou-0.json,Primeape,Moves,,Counter,5.263
2019-11_gen6ou-0.json,Primeape,Moves,,Other,15.789
2019-11_gen6ou-0.json,Probopass,Stats,Raw count,,16
2019-11_gen6ou-0.json,Probopass,Stats,Avg. weight,,1.0
2019-11_gen6ou-0.json,Probopass,Stats,Viability Ceiling,,46
2019-11_gen6ou-0.json,Probopass,Stats,Bashful,,31.250
2019-11_gen6ou-0.json,Probopass,Stats,Modest,,6.250
2019-11_gen6ou-0.json,Probopass,Stats,Hardy,,12.500
2019-11_gen6ou-0.json,Probopass,Stats,Quirky,,12.500
2019-11_gen6ou-0.json,Probopass,Abilities,,Sturdy,87.5
2019-11_gen6ou-0.json,Probopass,Abilities,,Magnet Pull,12.5
2019-11_gen6ou-0.json,Probopass,Items,,Berry Juice,50.0
2019-11_gen6ou-0.json,Probopass,Items,,Leftovers,18.75
2019-11_gen6ou-0.json,Probopass,Items,,Assault Vest,12.5
2019-11_gen6ou-0.json,Probopass,Items,,Air Balloon,6.25
2019-11_gen6ou-0.json,Probopass,Items,,Shuca Berry,6.25
2019-11_gen6ou-0.json,Probopass,Items,,Nothing,6.25
2019-11_gen6ou-0.json,Probopass,Spreads,,Other,12.5
2019-11_gen6ou-0.json,Probopass,Moves,,Stealth Rock,75.0
2019-11_gen6ou-0.json,Probopass,Moves,,Toxic,50.0
2019-11_gen6ou-0.json,Probopass,Moves,,Pain Split,50.0
2019-11_gen6ou-0.json,Probopass,Moves,,Power Gem,43.75
2019-11_gen6ou-0.json,Probopass,Moves,,Protect,37.5
2019-11_gen6ou-0.json,Probopass,Moves,,Flash Cannon,25.0
2019-11_gen6ou-0.json,Probopass,Moves,,Volt Switch,18.75
2019-11_gen6ou-0.json,Probopass,Moves,,Fire Punch,18.75
2019-11_gen6ou-0.json,Probopass,Moves,,Magic Coat,12.5
2019-11_gen6ou-0.json,Probopass,Moves,,Stone Edge,12.5
2019-11_gen6ou-0.json,Probopass,Moves,,Earthquake,12.5
2019-11_gen6ou-0.json,Probopass,Moves,,Earth Power,6.25
2019-11_gen6ou-0.json,Probopass,Moves,,Taunt,6.25
2019-11_gen6ou-0.json,Probopass,Moves,,Ice Punch,6.25
2019-11_gen6ou-0.json,Probopass,Moves,,Harden,6.25
2019-11_gen6ou-0.json,Probopass,Moves,,Other,18.75
2019-11_gen6ou-0.json,Golduck,Stats,Raw count,,17
2019-11_gen6ou-0.json,Golduck,Stats,Avg. weight,,1.0
2019-11_gen6ou-0.json,Golduck,Stats,Viability Ceiling,,45
2019-11_gen6ou-0.json,Golduck,Stats,Modest,,11.765
2019-11_gen6ou-0.json,Golduck,Stats,Hardy,,17.647
2019-11_gen6ou-0.json,Golduck,Stats,Jolly,,5.882
2019-11_gen6ou-0.json,Golduck,Abilities,,Swift Swim,52.941
2019-11_gen6ou-0.json,Golduck,Abilities,,Cloud Nine,29.412
2019-11_gen6ou-0.json,Golduck,Abilities,,Damp,17.647
2019-11_gen6ou-0.json,Golduck,Items,,Focus Sash,35.294
2019-11_gen6ou-0.json,Golduck,Items,,Life Orb,23.529
2019-11_gen6ou-0.json,Golduck,Items,,Choice Scarf,17.647
2019-11_gen6ou-0.json,Golduck,Items,,Razor Claw,11.765
2019-11_gen6ou-0.json,Golduck,Items,,Fist Plate,5.882
2019-11_gen6ou-0.json,Golduck,Items,,Assault Vest,5.882
2019-11_gen6ou-0.json,Golduck,Spreads,,Other,5.882
2019-11_gen6ou-0.json,Golduck,Moves,,Hydro Pump,64.706
2019-11_gen6ou-0.json,Golduck,Moves,,Ice Beam,58.824
2019-11_gen6ou-0.json,Golduck,Moves,,Focus Blast,47.059
2019-11_gen6ou-0.json,Golduck,Moves,,Psyshock,41.176
2019-11_gen6ou-0.json,Golduck,Moves,,Psychic,29.412
2019-11_gen6ou-0.json,Golduck,Moves,,Aqua Tail,17.647
2019-11_gen6ou-0.json,Golduck,Moves,,Blizzard,17.647
2019-11_gen6ou-0.json,Golduck,Moves,,Sleep Talk,17.647
2019-11_gen6ou-0.json,Golduck,Moves,,Rain Dance,17.647
2019-11_gen6ou-0.json,Golduck,Moves,,Rest,17.647
2019-11_gen6ou-0.json,Golduck,Moves,,Encore,17.647
2019-11_gen6ou-0.json,Golduck,Moves,,Surf,11.765
2019-11_gen6ou-0.json,Golduck,Moves,,Signal Beam,11.765
2019-11_gen6ou-0.json,Golduck,Moves,,Disable,5.882
2019-11_gen6ou-0.json,Golduck,Moves,,Clear Smog,5.882
2019-11_gen6ou-0.json,Golduck,Moves,,Other,17.647
2019-11_gen6ou-0.json,Delcatty,Stats,Raw count,,14
2019-11_gen6ou-0.json,Delcatty,Stats,Avg. weight,,1.0
2019-11_gen6ou-0.json,Delcatty,Stats,Viability Ceiling,,46
2019-11_gen6ou-0.json,Delcatty,Stats,Timid,,21.429
2019-11_gen6ou-0.json,Delcatty,Stats,Hardy,,21.429
2019-11_gen6ou-0.json,Delcatty,Stats,Naive,,14.286
2019-11_gen6ou-0.json,Delcatty,Stats,Modest,,7.143
2019-11_gen6ou-0.json,Delcatty,Stats,Adamant,,7.143
2019-11_gen6ou-0.json,Delcatty,Abilities,,Cute Charm,42.857
2019-11_gen6ou-0.json,Delcatty,Abilities,,Normalize,28.571
2019-11_gen6ou-0.json,Delcatty,Abilities,,Wonder Skin,28.571
2019-11_gen6ou-0.json,Delcatty,Items,,Leftovers,35.714
2019-11_gen6ou-0.json,Delcatty,Items,,Nothing,21.429
2019-11_gen6ou-0.json,Delcatty,Items,,Choice Scarf,14.286
2019-11_gen6ou-0.json,Delcatty,Items,,Normal Gem,14.286
2019-11_gen6ou-0.json,Delcatty,Items,,Silk Scarf,7.143
2019-11_gen6ou-0.json,Delcatty,Items,,Choice Band,7.143
2019-11_gen6ou-0.json,Delcatty,Spreads,,Other,14.286
2019-11_gen6ou-0.json,Delcatty,Moves,,Shadow Ball,42.857
2019-11_gen6ou-0.json,Delcatty,Moves,,Body Slam,28.571
2019-11_gen6ou-0.json,Delcatty,Moves,,Facade,28.571
2019-11_gen6ou-0.json,Delcatty,Moves,,Hyper Voice,28.571
2019-11_gen6ou-0.json,Delcatty,Moves,,Substitute,28.571
2019-11_gen6ou-0.json,Delcatty,Moves,,Calm Mind,28.571
2019-11_gen6ou-0.json,Delcatty,Moves,,Hyper Beam,28.571
2019-11_gen6ou-0.json,Delcatty,Moves,,Nothing,21.429
2019-11_gen6ou-0.json,Delcatty,Moves,,Copycat,21.429
2019-11_gen6ou-0.json,Delcatty,Moves,,Attract,21.429
2019-11_gen6ou-0.json,Delcatty,Moves,,Thunderbolt,14.286
2019-11_gen6ou-0.json,Delcatty,Moves,,Double Slap,14.286
2019-11_gen6ou-0.json,Delcatty,Moves,,Grass Knot,14.286
2019-11_gen6ou-0.json,Delcatty,Moves,,Fake Out,14.286
2019-11_gen6ou-0.json,Delcatty,Moves,,Thunder,14.286
2019-11_gen6ou-0.json,Delcatty,Moves,,Return,14.286
2019-11_gen6ou-0.json,Delcatty,Moves,,Blizzard,7.143
2019-11_gen6ou-0.json,Delcatty,Moves,,Assist,7.143
2019-11_gen6ou-0.json,Delcatty,Moves,,Thunder Wave,7.143
2019-11_gen6ou-0.json,Delcatty,Moves,,Other,14.286
2019-11_gen6ou-0.json,Bellossom,Stats,Raw count,,16
2019-11_gen6ou-0.json,Bellossom,Stats,Avg. weight,,1.0
2019-11_gen6ou-0.json,Bellossom,Stats,Viability Ceiling,,32
2019-11_gen6ou-0.json,Bellossom,Stats,Modest,,93.750
2019-11_gen6ou-0.json,Bellossom,Stats,Mild,,6.250
2019-11_gen6ou-0.json,Bellossom,Abilities,,Chlorophyll,100.0
2019-11_gen6ou-0.json,Bellossom,Items,,Choice Specs,93.75
2019-11_gen6ou-0.json,Bellossom,Items,,Leftovers,6.25
2019-11_gen6ou-0.json,Bellossom,Moves,,Sludge Bomb,93.75
2019-11_gen6ou-0.json,Bellossom,Moves,,Giga Drain,93.75
2019-11_gen6ou-0.json,Bellossom,Moves,,Moonblast,93.75
2019-11_gen6ou-0.json,Bellossom,Moves,,Energy Ball,93.75
2019-11_gen6ou-0.json,Bellossom,Moves,,Stun Spore,6.25
2019-11_gen6ou-0.json,Bellossom,Moves,,Other,18.75
2019-11_gen6ou-0.json,Buneary,Stats,Raw count,,30
2019-11_gen6ou-0.json,Buneary,Stats,Avg. weight,,1.0
2019-11_gen6ou-0.json,Buneary,Stats,Viability Ceiling,,44
2019-11_gen6ou-0.json,Buneary,Stats,Hardy,,3.333
2019-11_gen6ou-0.json,Buneary,Stats,Jolly,,3.333
2019-11_gen6ou-0.json,Buneary,Abilities,,Run Away,93.333
2019-11_gen6ou-0.json,Buneary,Abilities,,Klutz,3.333
2019-11_gen6ou-0.json,Buneary,Abilities,,Limber,3.333
2019-11_gen6ou-0.json,Buneary,Items,,Focus Sash,96.667
2019-11_gen6ou-0.json,Buneary,Items,,Other,3.333
2019-11_gen6ou-0.json,Buneary,Spreads,,Other,3.333
2019-11_gen6ou-0.json,Buneary,Moves,,Nothing,170.0
2019-11_gen6ou-0.json,Buneary,Moves,,Quick Attack,100.0
2019-11_gen6ou-0.json,Buneary,Moves,,Endeavor,96.667
2019-11_gen6ou-0.json,Buneary,Moves,,Power-Up Punch,23.333
2019-11_gen6ou-0.json,Buneary,Moves,,Other,10.0
2019-11_gen6ou-0.json,Emolga,Stats,Raw count,,15
2019-11_gen6ou-0.json,Emolga,Stats,Avg. weight,,1.0
2019-11_gen6ou-0.json,Emolga,Stats,Viability Ceiling,,55
2019-11_gen6ou-0.json,Emolga,Stats,Timid,,6.667
2019-11_gen6ou-0.json,Emolga,Stats,Modest,,26.667
2019-11_gen6ou-0.json,Emolga,Stats,Hardy,,20.000
2019-11_gen6ou-0.json,Emolga,Abilities,,Motor Drive,80.0
2019-11_gen6ou-0.json,Emolga,Abilities,,Static,20.0
2019-11_gen6ou-0.json,Emolga,Items,,Leftovers,46.667
2019-11_gen6ou-0.json,Emolga,Items,,Life Orb,26.667
2019-11_gen6ou-0.json,Emolga,Items,,Focus Band,6.667
2019-11_gen6ou-0.json,Emolga,Items,,Sitrus Berry,6.667
2019-11_gen6ou-0.json,Emolga,Items,,Focus Sash,6.667
2019-11_gen6ou-0.json,Emolga,Items,,Assault Vest,6.667
2019-11_gen6ou-0.json,Emolga,Moves,,Thunderbolt,80.0
2019-11_gen6ou-0.json,Emolga,Moves,,U-turn,60.0
2019-11_gen6ou-0.json,Emolga,Moves,,Roost,53.333
2019-11_gen6ou-0.json,Emolga,Moves,,Taunt,40.0
2019-11_gen6ou-0.json,Emolga,Moves,,Air Slash,40.0
2019-11_gen6ou-0.json,Emolga,Moves,,Nuzzle,20.0
2019-11_gen6ou-0.json,Emolga,Moves,,Protect,20.0
2019-11_gen6ou-0.json,Emolga,Moves,,Signal Beam,20.0
2019-11_gen6ou-0.json,Emolga,Moves,,Volt Switch,20.0
2019-11_gen6ou-0.json,Emolga,Moves,,Quick Attack,13.333
2019-11_gen6ou-0.json,Emolga,Moves,,Discharge,13.333
2019-11_gen6ou-0.json,Emolga,Moves,,Other,20.0
2019-11_gen6ou-0.json,Misdreavus,Stats,Raw count,,13
2019-11_gen6ou-0.json,Misdreavus,Stats,Avg. weight,,1.0
2019-11_gen6ou-0.json,Misdreavus,Stats,Viability Ceiling,,61
2019-11_gen6ou-0.json,Misdreavus,Stats,Bold,,30.769
2019-11_gen6ou-0.json,Misdreavus,Stats,Timid,,23.077
2019-11_gen6ou-0.json,Misdreavus,Stats,Calm,,7.692
2019-11_gen6ou-0.json,Misdreavus,Abilities,,Levitate,100.0
2019-11_gen6ou-0.json,Misdreavus,Items,,Eviolite,100.0
2019-11_gen6ou-0.json,Misdreavus,Moves,,Will-O-Wisp,61.538
2019-11_gen6ou-0.json,Misdreavus,Moves,,Pain Split,61.538
2019-11_gen6ou-0.json,Misdreavus,Moves,,Shadow Ball,53.846
2019-11_gen6ou-0.json,Misdreavus,Moves,,Destiny Bond,46.154
2019-11_gen6ou-0.json,Misdreavus,Moves,,Foul Play,38.462
2019-11_gen6ou-0.json,Misdreavus,Moves,,Calm Mind,38.462
2019-11_gen6ou-0.json,Misdreavus,Moves,,Charge Beam,30.769
2019-11_gen6ou-0.json,Misdreavus,Moves,,Dazzling Gleam,30.769
2019-11_gen6ou-0.json,Misdreavus,Moves,,Taunt,23.077
2019-11_gen6ou-0.json,Misdreavus,Moves,,Other,15.385
2019-11_gen6ou-0.json,Illumise,Stats,Raw count,,14
2019-11_gen6ou-0.json,Illumise,Stats,Avg. weight,,1.0
2019-11_gen6ou-0.json,Illumise,Stats,Viability Ceiling,,64
2019-11_gen6ou-0.json,Illumise,Stats,Bold,,21.429
2019-11_gen6ou-0.json,Illumise,Stats,Careful,,21.429
2019-11_gen6ou-0.json,Illumise,Stats,Modest,,7.143
2019-11_gen6ou-0.json,Illumise,Abilities,,Prankster,100.0
2019-11_gen6ou-0.json,Illumise,Items,,Sitrus Berry,64.286
2019-11_gen6ou-0.json,Illumise,Items,,Rocky Helmet,21.429
2019-11_gen6ou-0.json,Illumise,Items,,Nothing,7.143
2019-11_gen6ou-0.json,Illumise,Items,,Focus Sash,7.143
2019-11_gen6ou-0.json,Illumise,Moves,,Toxic,78.571
2019-11_gen6ou-0.json,Illumise,Moves,,Protect,71.429
2019-11_gen6ou-0.json,Illumise,Moves,,Roost,71.429
2019-11_gen6ou-0.json,Illumise,Moves,,Substitute,42.857
2019-11_gen6ou-0.json,Illumise,Moves,,Encore,35.714
2019-11_gen6ou-0.json,Illumise,Moves,,U-turn,21.429
2019-11_gen6ou-0.json,Illumise,Moves,,Tailwind,21.429
2019-11_gen6ou-0.json,Illumise,Moves,,Wish,21.429
2019-11_gen6ou-0.json,Illumise,Moves,,Charm,21.429
2019-11_gen6ou-0.json,Illumise,Moves,,Other,14.286
2019-11_gen6ou-0.json,Purugly,Stats,Raw count,,15
2019-11_gen6ou-0.json,Purugly,Stats,Avg. weight,,1.0
2019-11_gen6ou-0.json,Purugly,Stats,Viability Ceiling,,55
2019-11_gen6ou-0.json,Purugly,Stats,Jolly,,60.000
2019-11_gen6ou-0.json,Purugly,Stats,Naughty,,26.667
2019-11_gen6ou-0.json,Purugly,Stats,Adamant,,6.667
2019-11_gen6ou-0.json,Purugly,Stats,Hardy,,6.667
2019-11_gen6ou-0.json,Purugly,Abilities,,Defiant,60.0
2019-11_gen6ou-0.json,Purugly,Abilities,,Thick Fat,40.0
2019-11_gen6ou-0.json,Purugly,Items,,Life Orb,53.333
2019-11_gen6ou-0.json,Purugly,Items,,Silk Scarf,26.667
2019-11_gen6ou-0.json,Purugly,Items,,Focus Sash,6.667
2019-11_gen6ou-0.json,Purugly,Items,,Nothing,6.667
2019-11_gen6ou-0.json,Purugly,Items,,Choice Band,6.667
2019-11_gen6ou-0.json,Purugly,Moves,,Fake Out,86.667
2019-11_gen6ou-0.json,Purugly,Moves,,Body Slam,60.0
2019-11_gen6ou-0.json,Purugly,Moves,,Hone Claws,53.333
2019-11_gen6ou-0.json,Purugly,Moves,,Sucker Punch,53.333
2019-11_gen6ou-0.json,Purugly,Moves,,Slash,33.333
2019-11_gen6ou-0.json,Purugly,Moves,,Cut,26.667
2019-11_gen6ou-0.json,Purugly,Moves,,Feint Attack,26.667
2019-11_gen6ou-0.json,Purugly,Moves,,Nothing,20.0
2019-11_gen6ou-0.json,Purugly,Moves,,Assist,13.333
2019-11_gen6ou-0.json,Purugly,Moves,,Foul Play,6.667
2019-11_gen6ou-0.json,Purugly,Moves,,Other,20.0
2019-11_gen6ou-0.json,Beedrill,Stats,Raw count,,14
2019-11_gen6ou-0.json,Beedrill,Stats,Avg. weight,,1.0
2019-11_gen6ou-0.json,Beedrill,Stats,Viability Ceiling,,46
2019-11_gen6ou-0.json,Beedrill,Stats,Jolly,,14.286
2019-11_gen6ou-0.json,Beedrill,Stats,Adamant,,21.429
2019-11_gen6ou-0.json,Beedrill,Stats,Hardy,,7.143
2019-11_gen6ou-0.json,Beedrill,Stats,Modest,,7.143
2019-11_gen6ou-0.json,Beedrill,Abilities,,Swarm,50.0
2019-11_gen6ou-0.json,Beedrill,Abilities,,Sniper,50.0
2019-11_gen6ou-0.json,Beedrill,Items,,Nothing,28.571
2019-11_gen6ou-0.json,Beedrill,Items,,Scope Lens,28.571
2019-11_gen6ou-0.json,Beedrill,Items,,Expert Belt,21.429
2019-11_gen6ou-0.json,Beedrill,Items,,Focus Sash,14.286
2019-11_gen6ou-0.json,Beedrill,Items,,Eviolite,7.143
2019-11_gen6ou-0.json,Beedrill,Moves,,U-turn,50.0
2019-11_gen6ou-0.json,Beedrill,Moves,,Poison Jab,50.0
2019-11_gen6ou-0.json,Beedrill,Moves,,X-Scissor,50.0
2019-11_gen6ou-0.json,Beedrill,Moves,,Drill Run,50.0
2019-11_gen6ou-0.json,Beedrill,Moves,,Endeavor,35.714
2019-11_gen6ou-0.json,Beedrill,Moves,,Nothing,21.429
2019-11_gen6ou-0.json,Beedrill,Moves,,Pin Missile,21.429
2019-11_gen6ou-0.json,Beedrill,Moves,,Toxic,21.429
2019-11_gen6ou-0.json,Beedrill,Moves,,Acrobatics,21.429
2019-11_gen6ou-0.json,Beedrill,Moves,,Tailwind,14.286
2019-11_gen6ou-0.json,Beedrill,Moves,,Toxic Spikes,14.286
2019-11_gen6ou-0.json,Beedrill,Moves,,Giga Drain,7.143
2019-11_gen6ou-0.json,Beedrill,Moves,,Swift,7.143
2019-11_gen6ou-0.json,Beedrill,Moves,,Aerial Ace,7.143
2019-11_gen6ou-0.json,Beedrill,Moves,,Solar Beam,7.143
2019-11_gen6ou-0.json,Beedrill,Moves,,Twineedle,7.143
2019-11_gen6ou-0.json,Beedrill,Moves,,Other,14.286
2019-11_gen6ou-0.json,Koffing,Stats,Raw count,,14
2019-11_gen6ou-0.json,Koffing,Stats,Avg. weight,,1.0
2019-11_gen6ou-0.json,Koffing,Stats,Viability Ceiling,,54
2019-11_gen6ou-0.json,Koffing,Stats,Impish,,21.429
2019-11_gen6ou-0.json,Koffing,Stats,Calm,,14.286
2019-11_gen6ou-0.json,Koffing,Stats,Hardy,,7.143
2019-11_gen6ou-0.json,Koffing,Stats,Bold,,7.143
2019-11_gen6ou-0.json,Koffing,Abilities,,Levitate,100.0
2019-11_gen6ou-0.json,Koffing,Items,,Eviolite,71.429
2019-11_gen6ou-0.json,Koffing,Items,,Focus Sash,21.429
2019-11_gen6ou-0.json,Koffing,Items,,Leftovers,7.143
2019-11_gen6ou-0.json,Koffing,Moves,,Toxic Spikes,71.429
2019-11_gen6ou-0.json,Koffing,Moves,,Will-O-Wisp,71.429
2019-11_gen6ou-0.json,Koffing,Moves,,Pain Split,71.429
2019-11_gen6ou-0.json,Koffing,Moves,,Explosion,50.0
2019-11_gen6ou-0.json,Koffing,Moves,,Destiny Bond,42.857
2019-11_gen6ou-0.json,Koffing,Moves,,Clear Smog,28.571
2019-11_gen6ou-0.json,Koffing,Moves,,Substitute,21.429
2019-11_gen6ou-0.json,Koffing,Moves,,Toxic,21.429
2019-11_gen6ou-0.json,Koffing,Moves,,Sludge Bomb,7.143
2019-11_gen6ou-0.json,Koffing,Moves,,Other,14.286
2019-11_gen6ou-0.json,Virizion,Stats,Raw count,,14
2019-11_gen6ou-0.json,Virizion,Stats,Avg. weight,,1.0
2019-11_gen6ou-0.json,Virizion,Stats,Viability Ceiling,,76
2019-11_gen6ou-0.json,Virizion,Stats,Hardy,,7.143
2019-11_gen6ou-0.json,Virizion,Stats,Modest,,28.571
2019-11_gen6ou-0.json,Virizion,Stats,Timid,,21.429
2019-11_gen6ou-0.json,Virizion,Stats,Jolly,,7.143
2019-11_gen6ou-0.json,Virizion,Abilities,,Justified,100.0
2019-11_gen6ou-0.json,Virizion,Items,,Leftovers,57.143
2019-11_gen6ou-0.json,Virizion,Items,,Miracle Seed,28.571
2019-11_gen6ou-0.json,Virizion,Items,,Focus Sash,7.143
2019-11_gen6ou-0.json,Virizion,Items,,Air Balloon,7.143
2019-11_gen6ou-0.json,Virizion,Moves,,Giga Drain,85.714
2019-11_gen6ou-0.json,Virizion,Moves,,Calm Mind,78.571
2019-11_gen6ou-0.json,Virizion,Moves,,Focus Blast,50.0
2019-11_gen6ou-0.json,Virizion,Moves,,Leaf Blade,42.857
2019-11_gen6ou-0.json,Virizion,Moves,,Sacred Sword,42.857
2019-11_gen6ou-0.json,Virizion,Moves,,Energy Ball,35.714
2019-11_gen6ou-0.json,Virizion,Moves,,Hidden Power Ice,21.429
2019-11_gen6ou-0.json,Virizion,Moves,,Zen Headbutt,7.143
2019-11_gen6ou-0.json,Virizion,Moves,,Close Combat,7.143
2019-11_gen6ou-0.json,Virizion,Moves,,Swords Dance,7.143
2019-11_gen6ou-0.json,Virizion,Moves,,Grass Knot,7.143
2019-11_gen6ou-0.json,Virizion,Moves,,Other,14.286
2019-11_gen6ou-0.json,Audino-Mega,Stats,Raw count,,14
2019-11_gen6ou-0.json,Audino-Mega,Stats,Avg. weight,,1.0
2019-11_gen6ou-0.json,Audino-Mega,Stats,Viability Ceiling,,50
2019-11_gen6ou-0.json,Audino-Mega,Stats,Hardy,,14.286
2019-11_gen6ou-0.json,Audino-Mega,Stats,Modest,,21.429
2019-11_gen6ou-0.json,Audino-Mega,Stats,Calm,,7.143
2019-11_gen6ou-0.json,Audino-Mega,Abilities,,Healer,100.0
2019-11_gen6ou-0.json,Audino-Mega,Items,,Audinite,100.0
2019-11_gen6ou-0.json,Audino-Mega,Spreads,,Other,7.143
2019-11_gen6ou-0.json,Audino-Mega,Moves,,Dazzling Gleam,100.0
2019-11_gen6ou-0.json,Audino-Mega,Moves,,Calm Mind,35.714
2019-11_gen6ou-0.json,Audino-Mega,Moves,,Protect,28.571
2019-11_gen6ou-0.json,Audino-Mega,Moves,,Wish,28.571
2019-11_gen6ou-0.json,Audino-Mega,Moves,,Focus Punch,28.571
2019-11_gen6ou-0.json,Audino-Mega,Moves,,Drain Punch,28.571
2019-11_gen6ou-0.json,Audino-Mega,Moves,,Double-Edge,28.571
2019-11_gen6ou-0.json,Audino-Mega,Moves,,Heal Bell,21.429
2019-11_gen6ou-0.json,Audino-Mega,Moves,,Rest,21.429
2019-11_gen6ou-0.json,Audino-Mega,Moves,,Skill Swap,21.429
2019-11_gen6ou-0.json,Audino-Mega,Moves,,Gravity,14.286
2019-11_gen6ou-0.json,Audino-Mega,Moves,,Substitute,14.286
2019-11_gen6ou-0.json,Audino-Mega,Moves,,Encore,7.143
2019-11_gen6ou-0.json,Audino-Mega,Moves,,Thunder Wave,7.143
2019-11_gen6ou-0.json,Audino-Mega,Moves,,Other,14.286
2019-11_gen6ou-0.json,Audino,Stats,Raw count,,17
2019-11_gen6ou-0.json,Audino,Stats,Avg. weight,,1.0
2019-11_gen6ou-0.json,Audino,Stats,Viability Ceiling,,72
2019-11_gen6ou-0.json,Audino,Stats,Hardy,,5.882
2019-11_gen6ou-0.json,Audino,Stats,Relaxed,,17.647
2019-11_gen6ou-0.json,Audino,Stats,Docile,,11.765
2019-11_gen6ou-0.json,Audino,Stats,Sassy,,5.882
2019-11_gen6ou-0.json,Audino,Abilities,,Healer,70.588
2019-11_gen6ou-0.json,Audino,Abilities,,Regenerator,29.412
2019-11_gen6ou-0.json,Audino,Items,,Focus Sash,58.824
2019-11_gen6ou-0.json,Audino,Items,,Light Clay,17.647
2019-11_gen6ou-0.json,Audino,Items,,Rocky Helmet,11.765
2019-11_gen6ou-0.json,Audino,Items,,Assault Vest,5.882
2019-11_gen6ou-0.json,Audino,Items,,Leftovers,5.882
2019-11_gen6ou-0.json,Audino,Spreads,,Other,5.882
2019-11_gen6ou-0.json,Audino,Moves,,Trick Room,76.471
2019-11_gen6ou-0.json,Audino,Moves,,Protect,64.706
2019-11_gen6ou-0.json,Audino,Moves,,Sweet Kiss,58.824
2019-11_gen6ou-0.json,Audino,Moves,,Substitute,58.824
2019-11_gen6ou-0.json,Audino,Moves,,Reflect,29.412
2019-11_gen6ou-0.json,Audino,Moves,,Light Screen,17.647
2019-11_gen6ou-0.json,Audino,Moves,,Healing Wish,17.647
2019-11_gen6ou-0.json,Audino,Moves,,Flamethrower,17.647
2019-11_gen6ou-0.json,Audino,Moves,,Calm Mind,11.765
2019-11_gen6ou-0.json,Audino,Moves,,Double-Edge,11.765
2019-11_gen6ou-0.json,Audino,Moves,,Focus Punch,5.882
2019-11_gen6ou-0.json,Audino,Moves,,Dazzling Gleam,5.882
2019-11_gen6ou-0.json,Audino,Moves,,Fire Punch,5.882
2019-11_gen6ou-0.json,Audino,Moves,,Other,17.647
2019-11_gen6ou-0.json,Fearow,Stats,Raw count,,13
2019-11_gen6ou-0.json,Fearow,Stats,Avg. weight,,1.0
2019-11_gen6ou-0.json,Fearow,Stats,Viability Ceiling,,56
2019-11_gen6ou-0.json,Fearow,Stats,Jolly,,69.231
2019-11_gen6ou-0.json,Fearow,Stats,Hardy,,23.077
2019-11_gen6ou-0.json,Fearow,Stats,Adamant,,7.692
2019-11_gen6ou-0.json,Fearow,Abilities,,Sniper,84.615
2019-11_gen6ou-0.json,Fearow,Abilities,,Keen Eye,15.385
2019-11_gen6ou-0.json,Fearow,Items,,Choice Band,69.231
2019-11_gen6ou-0.json,Fearow,Items,,Scope Lens,23.077
2019-11_gen6ou-0.json,Fearow,Items,,Rocky Helmet,7.692
2019-11_gen6ou-0.json,Fearow,Moves,,Drill Peck,92.308
2019-11_gen6ou-0.json,Fearow,Moves,,Return,69.231
2019-11_gen6ou-0.json,Fearow,Moves,,Hidden Power Ground,69.231
2019-11_gen6ou-0.json,Fearow,Moves,,Quick Attack,69.231
2019-11_gen6ou-0.json,Fearow,Moves,,U-turn,23.077
2019-11_gen6ou-0.json,Fearow,Moves,,Roost,23.077
2019-11_gen6ou-0.json,Fearow,Moves,,Drill Run,23.077
2019-11_gen6ou-0.json,Fearow,Moves,,Agility,7.692
2019-11_gen6ou-0.json,Fearow,Moves,,Hidden Power Dragon,7.692
2019-11_gen6ou-0.json,Fearow,Moves,,Other,15.385
2019-11_gen6ou-0.json,Vespiquen,Stats,Raw count,,14
2019-11_gen6ou-0.json,Vespiquen,Stats,Avg. weight,,1.0
2019-11_gen6ou-0.json,Vespiquen,Stats,Viability Ceiling,,47
2019-11_gen6ou-0.json,Vespiquen,Stats,Bold,,35.714
2019-11_gen6ou-0.json,Vespiquen,Stats,Adamant,,21.429
2019-11_gen6ou-0.json,Vespiquen,Stats,Careful,,21.429
2019-11_gen6ou-0.json,Vespiquen,Stats,Brave,,7.143
2019-11_gen6ou-0.json,Vespiquen,Stats,Quirky,,7.143
2019-11_gen6ou-0.json,Vespiquen,Stats,Sassy,,7.143
2019-11_gen6ou-0.json,Vespiquen,Abilities,,Pressure,92.857
2019-11_gen6ou-0.json,Vespiquen,Abilities,,Unnerve,7.143
2019-11_gen6ou-0.json,Vespiquen,Items,,Leftovers,42.857
2019-11_gen6ou-0.json,Vespiquen,Items,,Bright Powder,21.429
2019-11_gen6ou-0.json,Vespiquen,Items,,Quick Claw,21.429
2019-11_gen6ou-0.json,Vespiquen,Items,,Nothing,7.143
2019-11_gen6ou-0.json,Vespiquen,Items,,Enigma Berry,7.143
2019-11_gen6ou-0.json,Vespiquen,Moves,,Defend Order,78.571
2019-11_gen6ou-0.json,Vespiquen,Moves,,Heal Order,64.286
2019-11_gen6ou-0.json,Vespiquen,Moves,,Attack Order,42.857
2019-11_gen6ou-0.json,Vespiquen,Moves,,Toxic,42.857
2019-11_gen6ou-0.json,Vespiquen,Moves,,Infestation,42.857
2019-11_gen6ou-0.json,Vespiquen,Moves,,Roost,21.429
2019-11_gen6ou-0.json,Vespiquen,Moves,,Confuse Ray,21.429
2019-11_gen6ou-0.json,Vespiquen,Moves,,Destiny Bond,21.429
2019-11_gen6ou-0.json,Vespiquen,Moves,,X-Scissor,14.286
2019-11_gen6ou-0.json,Vespiquen,Moves,,Slash,7.143
2019-11_gen6ou-0.json,Vespiquen,Moves,,Gust,7.143
2019-11_gen6ou-0.json,Vespiquen,Moves,,Signal Beam,7.143
2019-11_gen6ou-0.json,Vespiquen,Moves,,Secret Power,7.143
2019-11_gen6ou-0.json,Vespiquen,Moves,,Aerial Ace,7.143
2019-11_gen6ou-0.json,Vespiquen,Moves,,Other,14.286
2019-11_gen6ou-0.json,Gourgeist,Stats,Raw count,,15
2019-11_gen6ou-0.json,Gourgeist,Stats,Avg. weight,,1.0
2019-11_gen6ou-0.json,Gourgeist,Stats,Viability Ceiling,,46
2019-11_gen6ou-0.json,Gourgeist,Stats,Adamant,,20.000
2019-11_gen6ou-0.json,Gourgeist,Stats,Jolly,,26.667
2019-11_gen6ou-0.json,Gourgeist,Stats,Impish,,6.667
2019-11_gen6ou-0.json,Gourgeist,Stats,Relaxed,,6.667
2019-11_gen6ou-0.json,Gourgeist,Abilities,,Frisk,66.667
2019-11_gen6ou-0.json,Gourgeist,Abilities,,Pickup,26.667
2019-11_gen6ou-0.json,Gourgeist,Abilities,,Insomnia,6.667
2019-11_gen6ou-0.json,Gourgeist,Items,,Nothing,40.0
2019-11_gen6ou-0.json,Gourgeist,Items,,Assault Vest,40.0
2019-11_gen6ou-0.json,Gourgeist,Items,,Leftovers,6.667
2019-11_gen6ou-0.json,Gourgeist,Items,,Life Orb,6.667
2019-11_gen6ou-0.json,Gourgeist,Items,,Choice Scarf,6.667
2019-11_gen6ou-0.json,Gourgeist,Moves,,Seed Bomb,93.333
2019-11_gen6ou-0.json,Gourgeist,Moves,,Shadow Sneak,86.667
2019-11_gen6ou-0.json,Gourgeist,Moves,,Phantom Force,66.667
2019-11_gen6ou-0.json,Gourgeist,Moves,,Trick-or-Treat,46.667
2019-11_gen6ou-0.json,Gourgeist,Moves,,Flame Charge,40.0
2019-11_gen6ou-0.json,Gourgeist,Moves,,Leech Seed,20.0
2019-11_gen6ou-0.json,Gourgeist,Moves,,Trick,6.667
2019-11_gen6ou-0.json,Gourgeist,Moves,,Explosion,6.667
2019-11_gen6ou-0.json,Gourgeist,Moves,,Trick Room,6.667
2019-11_gen6ou-0.json,Gourgeist,Moves,,Will-O-Wisp,6.667
2019-11_gen6ou-0.json,Gourgeist,Moves,,Other,20.0
2019-11_gen6ou-0.json,Aron,Stats,Raw count,,18
2019-11_gen6ou-0.json,Aron,Stats,Avg. weight,,1.0
2019-11_gen6ou-0.json,Aron,Stats,Viability Ceiling,,55
2019-11_gen6ou-0.json,Aron,Stats,Bold,,5.556
2019-11_gen6ou-0.json,Aron,Stats,Hasty,,16.667
2019-11_gen6ou-0.json,Aron,Stats,Hardy,,11.111
2019-11_gen6ou-0.json,Aron,Stats,Brave,,5.556
2019-11_gen6ou-0.json,Aron,Abilities,,Sturdy,100.0
2019-11_gen6ou-0.json,Aron,Items,,Shell Bell,88.889
2019-11_gen6ou-0.json,Aron,Items,,Sitrus Berry,5.556
2019-11_gen6ou-0.json,Aron,Items,,Quick Claw,5.556
2019-11_gen6ou-0.json,Aron,Spreads,,Other,22.222
2019-11_gen6ou-0.json,Aron,Moves,,Endeavor,100.0
2019-11_gen6ou-0.json,Aron,Moves,,Toxic,61.111
2019-11_gen6ou-0.json,Aron,Moves,,Nothing,50.0
2019-11_gen6ou-0.json,Aron,Moves,,Stealth Rock,50.0
2019-11_gen6ou-0.json,Aron,Moves,,Roar,27.778
2019-11_gen6ou-0.json,Aron,Moves,,Protect,22.222
2019-11_gen6ou-0.json,Aron,Moves,,Double-Edge,22.222
2019-11_gen6ou-0.json,Aron,Moves,,Earth Power,11.111
2019-11_gen6ou-0.json,Aron,Moves,,Sandstorm,11.111
2019-11_gen6ou-0.json,Aron,Moves,,Body Slam,11.111
2019-11_gen6ou-0.json,Aron,Moves,,Facade,11.111
2019-11_gen6ou-0.json,Aron,Moves,,Screech,5.556
2019-11_gen6ou-0.json,Aron,Moves,,Other,16.667
2019-11_gen6ou-0.json,Tangela,Stats,Raw count,,12
2019-11_gen6ou-0.json,Tangela,Stats,Avg. weight,,1.0
2019-11_gen6ou-0.json,Tangela,Stats,Viability Ceiling,,41
2019-11_gen6ou-0.json,Tangela,Stats,Modest,,33.333
2019-11_gen6ou-0.json,Tangela,Stats,Impish,,33.333
2019-11_gen6ou-0.json,Tangela,Stats,Bold,,33.333
2019-11_gen6ou-0.json,Tangela,Abilities,,Regenerator,66.667
2019-11_gen6ou-0.json,Tangela,Abilities,,Chlorophyll,33.333
2019-11_gen6ou-0.json,Tangela,Items,,Eviolite,100.0
2019-11_gen6ou-0.json,Tangela,Moves,,Leech Seed,100.0
2019-11_gen6ou-0.json,Tangela,Moves,,Giga Drain,66.667
2019-11_gen6ou-0.json,Tangela,Moves,,Sleep Powder,66.667
2019-11_gen6ou-0.json,Tangela,Moves,,Knock Off,33.333
2019-11_gen6ou-0.json,Tangela,Moves,,Solar Beam,33.333
2019-11_gen6ou-0.json,Tangela,Moves,,Toxic,33.333
2019-11_gen6ou-0.json,Tangela,Moves,,Pain Split,33.333
2019-11_gen6ou-0.json,Tangela,Moves,,Synthesis,33.333
2019-11_gen6ou-0.json,Psyduck,Stats,Raw count,,15
2019-11_gen6ou-0.json,Psyduck,Stats,Avg. weight,,1.0
2019-11_gen6ou-0.json,Psyduck,Stats,Viability Ceiling,,56
2019-11_gen6ou-0.json,Psyduck,Stats,Timid,,6.667
2019-11_gen6ou-0.json,Psyduck,Stats,Calm,,13.333
2019-11_gen6ou-0.json,Psyduck,Stats,Hardy,,6.667
2019-11_gen6ou-0.json,Psyduck,Stats,Modest,,13.333
2019-11_gen6ou-0.json,Psyduck,Abilities,,Damp,66.667
2019-11_gen6ou-0.json,Psyduck,Abilities,,Swift Swim,33.333
2019-11_gen6ou-0.json,Psyduck,Items,,Choice Scarf,46.667
2019-11_gen6ou-0.json,Psyduck,Items,,Choice Specs,13.333
2019-11_gen6ou-0.json,Psyduck,Items,,Eviolite,13.333
2019-11_gen6ou-0.json,Psyduck,Items,,Nothing,13.333
2019-11_gen6ou-0.json,Psyduck,Items,,Mystic Water,6.667
2019-11_gen6ou-0.json,Psyduck,Items,,Wiki Berry,6.667
2019-11_gen6ou-0.json,Psyduck,Moves,,Scald,60.0
2019-11_gen6ou-0.json,Psyduck,Moves,,Clear Smog,60.0
2019-11_gen6ou-0.json,Psyduck,Moves,,Yawn,60.0
2019-11_gen6ou-0.json,Psyduck,Moves,,Encore,60.0
2019-11_gen6ou-0.json,Psyduck,Moves,,Blizzard,20.0
2019-11_gen6ou-0.json,Psyduck,Moves,,Psychic,20.0
2019-11_gen6ou-0.json,Psyduck,Moves,,Aqua Tail,20.0
2019-11_gen6ou-0.json,Psyduck,Moves,,Hydro Pump,20.0
2019-11_gen6ou-0.json,Psyduck,Moves,,Calm Mind,13.333
2019-11_gen6ou-0.json,Psyduck,Moves,,Signal Beam,13.333
2019-11_gen6ou-0.json,Psyduck,Moves,,Disable,13.333
2019-11_gen6ou-0.json,Psyduck,Moves,,Dive,13.333
2019-11_gen6ou-0.json,Psyduck,Moves,,Surf,6.667
2019-11_gen6ou-0.json,Psyduck,Moves,,Other,20.0
2019-11_gen6ou-0.json,Huntail,Stats,Raw count,,16
2019-11_gen6ou-0.json,Huntail,Stats,Avg. weight,,1.0
2019-11_gen6ou-0.json,Huntail,Stats,Viability Ceiling,,45
2019-11_gen6ou-0.json,Huntail,Stats,Adamant,,37.500
2019-11_gen6ou-0.json,Huntail,Stats,Hardy,,18.750
2019-11_gen6ou-0.json,Huntail,Stats,Jolly,,12.500
2019-11_gen6ou-0.json,Huntail,Abilities,,Swift Swim,100.0
2019-11_gen6ou-0.json,Huntail,Items,,Cell Battery,50.0
2019-11_gen6ou-0.json,Huntail,Items,,Choice Scarf,37.5
2019-11_gen6ou-0.json,Huntail,Items,,Choice Band,12.5
2019-11_gen6ou-0.json,Huntail,Moves,,Surf,50.0
2019-11_gen6ou-0.json,Huntail,Moves,,Hidden Power Water,50.0
2019-11_gen6ou-0.json,Huntail,Moves,,Sucker Punch,50.0
2019-11_gen6ou-0.json,Huntail,Moves,,Waterfall,50.0
2019-11_gen6ou-0.json,Huntail,Moves,,Rock Tomb,50.0
2019-11_gen6ou-0.json,Huntail,Moves,,Aqua Tail,50.0
2019-11_gen6ou-0.json,Huntail,Moves,,Ice Fang,50.0
2019-11_gen6ou-0.json,Huntail,Moves,,Hydro Pump,50.0
2019-11_gen6ou-0.json,Wooper,Stats,Raw count,,19
2019-11_gen6ou-0.json,Wooper,Stats,Avg. weight,,1.0
2019-11_gen6ou-0.json,Wooper,Stats,Viability Ceiling,,62
2019-11_gen6ou-0.json,Wooper,Stats,Relaxed,,78.947
2019-11_gen6ou-0.json,Wooper,Stats,Rash,,10.526
2019-11_gen6ou-0.json,Wooper,Stats,Serious,,10.526
2019-11_gen6ou-0.json,Wooper,Abilities,,Unaware,78.947
2019-11_gen6ou-0.json,Wooper,Abilities,,Water Absorb,10.526
2019-11_gen6ou-0.json,Wooper,Abilities,,Damp,10.526
2019-11_gen6ou-0.json,Wooper,Items,,Quick Claw,78.947
2019-11_gen6ou-0.json,Wooper,Items,,Nothing,10.526
2019-11_gen6ou-0.json,Wooper,Items,,Leftovers,10.526
2019-11_gen6ou-0.json,Wooper,Moves,,Amnesia,78.947
2019-11_gen6ou-0.json,Wooper,Moves,,Aqua Tail,78.947
2019-11_gen6ou-0.json,Wooper,Moves,,Toxic,78.947
2019-11_gen6ou-0.json,Wooper,Moves,,Ancient Power,78.947
2019-11_gen6ou-0.json,Wooper,Moves,,Acid Spray,10.526
2019-11_gen6ou-0.json,Wooper,Moves,,Water Gun,10.526
2019-11_gen6ou-0.json,Wooper,Moves,,Mud Shot,10.526
2019-11_gen6ou-0.json,Wooper,Moves,,Slam,10.526
2019-11_gen6ou-0.json,Wooper,Moves,,Hidden Power Fire,10.526
2019-11_gen6ou-0.json,Wooper,Moves,,Ice Beam,10.526
2019-11_gen6ou-0.json,Wooper,Moves,,Tail Whip,10.526
2019-11_gen6ou-0.json,Wooper,Moves,,Other,10.526
2019-11_gen6ou-0.json,Scraggy,Stats,Raw count,,11
2019-11_gen6ou-0.json,Scraggy,Stats,Avg. weight,,1.0
2019-11_gen6ou-0.json,Scraggy,Stats,Viability Ceiling,,51
2019-11_gen6ou-0.json,Scraggy,Stats,Careful,,100.000
2019-11_gen6ou-0.json,Scraggy,Abilities,,Shed Skin,100.0
2019-11_gen6ou-0.json,Scraggy,Items,,Eviolite,100.0
2019-11_gen6ou-0.json,Scraggy,Moves,,Drain Punch,100.0
2019-11_gen6ou-0.json,Scraggy,Moves,,Knock Off,100.0
2019-11_gen6ou-0.json,Scraggy,Moves,,Bulk Up,100.0
2019-11_gen6ou-0.json,Scraggy,Moves,,Rest,100.0
2019-11_gen6ou-0.json,Oddish,Stats,Raw count,,15
2019-11_gen6ou-0.json,Oddish,Stats,Avg. weight,,1.0
2019-11_gen6ou-0.json,Oddish,Stats,Viability Ceiling,,36
2019-11_gen6ou-0.json,Oddish,Stats,Jolly,,100.000
2019-11_gen6ou-0.json,Oddish,Abilities,,Chlorophyll,100.0
2019-11_gen6ou-0.json,Oddish,Items,,Weakness Policy,100.0
2019-11_gen6ou-0.json,Oddish,Moves,,Swords Dance,100.0
2019-11_gen6ou-0.json,Oddish,Moves,,Seed Bomb,100.0
2019-11_gen6ou-0.json,Oddish,Moves,,Sunny Day,100.0
2019-11_gen6ou-0.json,Oddish,Moves,,Synthesis,100.0
2019-11_gen6ou-0.json,Glalie,Stats,Raw count,,12
2019-11_gen6ou-0.json,Glalie,Stats,Avg. weight,,1.0
2019-11_gen6ou-0.json,Glalie,Stats,Viability Ceiling,,55
2019-11_gen6ou-0.json,Glalie,Stats,Naive,,25.000
2019-11_gen6ou-0.json,Glalie,Stats,Adamant,,25.000
2019-11_gen6ou-0.json,Glalie,Stats,Careful,,16.667
2019-11_gen6ou-0.json,Glalie,Stats,Hardy,,8.333
2019-11_gen6ou-0.json,Glalie,Abilities,,Inner Focus,75.0
2019-11_gen6ou-0.json,Glalie,Abilities,,Ice Body,25.0
2019-11_gen6ou-0.json,Glalie,Items,,Air Balloon,25.0
2019-11_gen6ou-0.json,Glalie,Items,,Focus Sash,25.0
2019-11_gen6ou-0.json,Glalie,Items,,Assault Vest,16.667
2019-11_gen6ou-0.json,Glalie,Items,,Choice Band,16.667
2019-11_gen6ou-0.json,Glalie,Items,,Leftovers,8.333
2019-11_gen6ou-0.json,Glalie,Items,,Nothing,8.333
2019-11_gen6ou-0.json,Glalie,Moves,,Avalanche,75.0
2019-11_gen6ou-0.json,Glalie,Moves,,Spikes,50.0
2019-11_gen6ou-0.json,Glalie,Moves,,Explosion,50.0
2019-11_gen6ou-0.json,Glalie,Moves,,Hail,41.667
2019-11_gen6ou-0.json,Glalie,Moves,,Freeze-Dry,41.667
2019-11_gen6ou-0.json,Glalie,Moves,,Taunt,25.0
2019-11_gen6ou-0.json,Glalie,Moves,,Ice Beam,25.0
2019-11_gen6ou-0.json,Glalie,Moves,,Powder Snow,16.667
2019-11_gen6ou-0.json,Glalie,Moves,,Hidden Power Ice,16.667
2019-11_gen6ou-0.json,Glalie,Moves,,Earthquake,16.667
2019-11_gen6ou-0.json,Glalie,Moves,,Ice Shard,16.667
2019-11_gen6ou-0.json,Glalie,Moves,,Dark Pulse,8.333
2019-11_gen6ou-0.json,Glalie,Moves,,Other,16.667
2019-11_gen6ou-0.json,Chikorita,Stats,Raw count,,15
2019-11_gen6ou-0.json,Chikorita,Stats,Avg. weight,,1.0
2019-11_gen6ou-0.json,Chikorita,Stats,Viability Ceiling,,36
2019-11_gen6ou-0.json,Chikorita,Stats,Lax,,100.000
2019-11_gen6ou-0.json,Chikorita,Abilities,,Overgrow,100.0
2019-11_gen6ou-0.json,Chikorita,Items,,Focus Band,100.0
2019-11_gen6ou-0.json,Chikorita,Moves,,Reflect,100.0
2019-11_gen6ou-0.json,Chikorita,Moves,,Hidden Power Electric,100.0
2019-11_gen6ou-0.json,Chikorita,Moves,,Protect,100.0
2019-11_gen6ou-0.json,Chikorita,Moves,,Poison Powder,100.0
2019-11_gen6ou-0.json,Ivysaur,Stats,Raw count,,14
2019-11_gen6ou-0.json,Ivysaur,Stats,Avg. weight,,1.0
2019-11_gen6ou-0.json,Ivysaur,Stats,Viability Ceiling,,25
2019-11_gen6ou-0.json,Ivysaur,Stats,Hardy,,14.286
2019-11_gen6ou-0.json,Ivysaur,Stats,Serious,,7.143
2019-11_gen6ou-0.json,Ivysaur,Abilities,,Overgrow,100.0
2019-11_gen6ou-0.json,Ivysaur,Items,,Leftovers,50.0
2019-11_gen6ou-0.json,Ivysaur,Items,,Eviolite,28.571
2019-11_gen6ou-0.json,Ivysaur,Items,,Air Balloon,14.286
2019-11_gen6ou-0.json,Ivysaur,Items,,Nothing,7.143
2019-11_gen6ou-0.json,Ivysaur,Moves,,Sludge Bomb,50.0
2019-11_gen6ou-0.json,Ivysaur,Moves,,Razor Leaf,50.0
2019-11_gen6ou-0.json,Ivysaur,Moves,,Leaf Storm,42.857
2019-11_gen6ou-0.json,Ivysaur,Moves,,Solar Beam,35.714
2019-11_gen6ou-0.json,Ivysaur,Moves,,Nothing,28.571
2019-11_gen6ou-0.json,Ivysaur,Moves,,Return,28.571
2019-11_gen6ou-0.json,Ivysaur,Moves,,Hidden Power Fighting,28.571
2019-11_gen6ou-0.json,Ivysaur,Moves,,Grass Knot,28.571
2019-11_gen6ou-0.json,Ivysaur,Moves,,Sleep Powder,21.429
2019-11_gen6ou-0.json,Ivysaur,Moves,,Knock Off,14.286
2019-11_gen6ou-0.json,Ivysaur,Moves,,Double-Edge,14.286
2019-11_gen6ou-0.json,Ivysaur,Moves,,Hidden Power Electric,14.286
2019-11_gen6ou-0.json,Ivysaur,Moves,,Facade,14.286
2019-11_gen6ou-0.json,Ivysaur,Moves,,Power Whip,14.286
2019-11_gen6ou-0.json,Ivysaur,Moves,,Other,14.286
2019-11_gen6ou-0.json,Rotom-Frost,Stats,Raw count,,12
2019-11_gen6ou-0.json,Rotom-Frost,Stats,Avg. weight,,1.0
2019-11_gen6ou-0.json,Rotom-Frost,Stats,Viability Ceiling,,46
2019-11_gen6ou-0.json,Rotom-Frost,Stats,Timid,,8.333
2019-11_gen6ou-0.json,Rotom-Frost,Stats,Hardy,,16.667
2019-11_gen6ou-0.json,Rotom-Frost,Stats,Naughty,,16.667
2019-11_gen6ou-0.json,Rotom-Frost,Stats,Modest,,8.333
2019-11_gen6ou-0.json,Rotom-Frost,Abilities,,Levitate,100.0
2019-11_gen6ou-0.json,Rotom-Frost,Items,,Leftovers,50.0
2019-11_gen6ou-0.json,Rotom-Frost,Items,,Focus Sash,16.667
2019-11_gen6ou-0.json,Rotom-Frost,Items,,Icy Rock,16.667
2019-11_gen6ou-0.json,Rotom-Frost,Items,,Life Orb,8.333
2019-11_gen6ou-0.json,Rotom-Frost,Items,,Choice Scarf,8.333
2019-11_gen6ou-0.json,Rotom-Frost,Moves,,Thunder,83.333
2019-11_gen6ou-0.json,Rotom-Frost,Moves,,Volt Switch,58.333
2019-11_gen6ou-0.json,Rotom-Frost,Moves,,Hidden Power Water,50.0
2019-11_gen6ou-0.json,Rotom-Frost,Moves,,Pain Split,50.0
2019-11_gen6ou-0.json,Rotom-Frost,Moves,,Blizzard,33.333
2019-11_gen6ou-0.json,Rotom-Frost,Moves,,Will-O-Wisp,25.0
2019-11_gen6ou-0.json,Rotom-Frost,Moves,,Hidden Power Dragon,16.667
2019-11_gen6ou-0.json,Rotom-Frost,Moves,,Dark Pulse,16.667
2019-11_gen6ou-0.json,Rotom-Frost,Moves,,Shadow Ball,16.667
2019-11_gen6ou-0.json,Rotom-Frost,Moves,,Discharge,16.667
2019-11_gen6ou-0.json,Rotom-Frost,Moves,,Thunderbolt,8.333
2019-11_gen6ou-0.json,Rotom-Frost,Moves,,Trick,8.333
2019-11_gen6ou-0.json,Rotom-Frost,Moves,,Other,16.667
2019-11_gen6ou-0.json,Grumpig,Stats,Raw count,,11
2019-11_gen6ou-0.json,Grumpig,Stats,Avg. weight,,1.0
2019-11_gen6ou-0.json,Grumpig,Stats,Viability Ceiling,,24
2019-11_gen6ou-0.json,Grumpig,Stats,Modest,,90.909
2019-11_gen6ou-0.json,Grumpig,Stats,Hasty,,9.091
2019-11_gen6ou-0.json,Grumpig,Abilities,,Gluttony,90.909
2019-11_gen6ou-0.json,Grumpig,Abilities,,Own Tempo,9.091
2019-11_gen6ou-0.json,Grumpig,Items,,Salac Berry,90.909
2019-11_gen6ou-0.json,Grumpig,Items,,Eviolite,9.091
2019-11_gen6ou-0.json,Grumpig,Moves,,Power Gem,100.0
2019-11_gen6ou-0.json,Grumpig,Moves,,Calm Mind,100.0
2019-11_gen6ou-0.json,Grumpig,Moves,,Psyshock,90.909
2019-11_gen6ou-0.json,Grumpig,Moves,,Shadow Ball,90.909
2019-11_gen6ou-0.json,Grumpig,Moves,,Other,18.182
2019-11_gen6ou-0.json,Vanilluxe,Stats,Raw count,,14
2019-11_gen6ou-0.json,Vanilluxe,Stats,Avg. weight,,1.0
2019-11_gen6ou-0.json,Vanilluxe,Stats,Viability Ceiling,,49
2019-11_gen6ou-0.json,Vanilluxe,Stats,Calm,,42.857
2019-11_gen6ou-0.json,Vanilluxe,Stats,Hardy,,28.571
2019-11_gen6ou-0.json,Vanilluxe,Stats,Modest,,14.286
2019-11_gen6ou-0.json,Vanilluxe,Abilities,,Ice Body,85.714
2019-11_gen6ou-0.json,Vanilluxe,Abilities,,Weak Armor,14.286
2019-11_gen6ou-0.json,Vanilluxe,Items,,Leftovers,42.857
2019-11_gen6ou-0.json,Vanilluxe,Items,,Never-Melt Ice,28.571
2019-11_gen6ou-0.json,Vanilluxe,Items,,Icy Rock,14.286
2019-11_gen6ou-0.json,Vanilluxe,Items,,Life Orb,14.286
2019-11_gen6ou-0.json,Vanilluxe,Moves,,Blizzard,85.714
2019-11_gen6ou-0.json,Vanilluxe,Moves,,Protect,42.857
2019-11_gen6ou-0.json,Vanilluxe,Moves,,Flash Cannon,42.857
2019-11_gen6ou-0.json,Vanilluxe,Moves,,Ice Beam,42.857
2019-11_gen6ou-0.json,Vanilluxe,Moves,,Hidden Power Rock,42.857
2019-11_gen6ou-0.json,Vanilluxe,Moves,,Substitute,42.857
2019-11_gen6ou-0.json,Vanilluxe,Moves,,Ice Shard,28.571
2019-11_gen6ou-0.json,Vanilluxe,Moves,,Freeze-Dry,28.571
2019-11_gen6ou-0.json,Vanilluxe,Moves,,Autotomize,14.286
2019-11_gen6ou-0.json,Vanilluxe,Moves,,Hail,14.286
2019-11_gen6ou-0.json,Vanilluxe,Moves,,Other,14.286
2019-11_gen6ou-0.json,Lickitung,Stats,Raw count,,14
2019-11_gen6ou-0.json,Lickitung,Stats,Avg. weight,,1.0
2019-11_gen6ou-0.json,Lickitung,Stats,Viability Ceiling,,50
2019-11_gen6ou-0.json,Lickitung,Stats,Impish,,78.571
2019-11_gen6ou-0.json,Lickitung,Stats,Bold,,21.429
2019-11_gen6ou-0.json,Lickitung,Abilities,,Oblivious,100.0
2019-11_gen6ou-0.json,Lickitung,Items,,Eviolite,100.0
2019-11_gen6ou-0.json,Lickitung,Moves,,Rest,78.571
2019-11_gen6ou-0.json,Lickitung,Moves,,Amnesia,78.571
2019-11_gen6ou-0.json,Lickitung,Moves,,Toxic,78.571
2019-11_gen6ou-0.json,Lickitung,Moves,,Fire Punch,78.571
2019-11_gen6ou-0.json,Lickitung,Moves,,Protect,21.429
2019-11_gen6ou-0.json,Lickitung,Moves,,Wish,21.429
2019-11_gen6ou-0.json,Lickitung,Moves,,Counter,21.429
2019-11_gen6ou-0.json,Lickitung,Moves,,Heal Bell,21.429
2019-11_gen6ou-0.json,Buizel,Stats,Raw count,,13
2019-11_gen6ou-0.json,Buizel,Stats,Avg. weight,,1.0
2019-11_gen6ou-0.json,Buizel,Stats,Viability Ceiling,,21
2019-11_gen6ou-0.json,Buizel,Stats,Modest,,30.769
2019-11_gen6ou-0.json,Buizel,Stats,Hardy,,15.385
2019-11_gen6ou-0.json,Buizel,Stats,Adamant,,7.692
2019-11_gen6ou-0.json,Buizel,Stats,Serious,,7.692
2019-11_gen6ou-0.json,Buizel,Abilities,,Swift Swim,84.615
2019-11_gen6ou-0.json,Buizel,Abilities,,Water Veil,15.385
2019-11_gen6ou-0.json,Buizel,Items,,Nothing,76.923
2019-11_gen6ou-0.json,Buizel,Items,,Choice Scarf,15.385
2019-11_gen6ou-0.json,Buizel,Items,,Eviolite,7.692
2019-11_gen6ou-0.json,Buizel,Moves,,Aqua Jet,53.846
2019-11_gen6ou-0.json,Buizel,Moves,,Aqua Tail,53.846
2019-11_gen6ou-0.json,Buizel,Moves,,Protect,38.462
2019-11_gen6ou-0.json,Buizel,Moves,,Sonic Boom,38.462
2019-11_gen6ou-0.json,Buizel,Moves,,Scald,38.462
2019-11_gen6ou-0.json,Buizel,Moves,,Ice Punch,30.769
2019-11_gen6ou-0.json,Buizel,Moves,,Ice Beam,30.769
2019-11_gen6ou-0.json,Buizel,Moves,,Hydro Pump,30.769
2019-11_gen6ou-0.json,Buizel,Moves,,Water Gun,23.077
2019-11_gen6ou-0.json,Buizel,Moves,,Quick Attack,15.385
2019-11_gen6ou-0.json,Buizel,Moves,,Whirlpool,15.385
2019-11_gen6ou-0.json,Buizel,Moves,,Nothing,7.692
2019-11_gen6ou-0.json,Buizel,Moves,,Power-Up Punch,7.692
2019-11_gen6ou-0.json,Buizel,Moves,,Other,15.385
2019-11_gen6ou-0.json,Girafarig,Stats,Raw count,,10
2019-11_gen6ou-0.json,Girafarig,Stats,Avg. weight,,1.0
2019-11_gen6ou-0.json,Girafarig,Stats,Viability Ceiling,,55
2019-11_gen6ou-0.json,Girafarig,Stats,Timid,,40.000
2019-11_gen6ou-0.json,Girafarig,Stats,Hardy,,20.000
2019-11_gen6ou-0.json,Girafarig,Abilities,,Inner Focus,60.0
2019-11_gen6ou-0.json,Girafarig,Abilities,,Early Bird,40.0
2019-11_gen6ou-0.json,Girafarig,Items,,Choice Specs,40.0
2019-11_gen6ou-0.json,Girafarig,Items,,Sitrus Berry,40.0
2019-11_gen6ou-0.json,Girafarig,Items,,Leftovers,20.0
2019-11_gen6ou-0.json,Girafarig,Moves,,Psychic,100.0
2019-11_gen6ou-0.json,Girafarig,Moves,,Thunderbolt,80.0
2019-11_gen6ou-0.json,Girafarig,Moves,,Energy Ball,80.0
2019-11_gen6ou-0.json,Girafarig,Moves,,Shadow Ball,40.0
2019-11_gen6ou-0.json,Girafarig,Moves,,Nasty Plot,40.0
2019-11_gen6ou-0.json,Girafarig,Moves,,Wish,20.0
2019-11_gen6ou-0.json,Girafarig,Moves,,Reflect,20.0
2019-11_gen6ou-0.json,Girafarig,Moves,,Other,20.0
2019-11_gen6ou-0.json,Bulbasaur,Stats,Raw count,,11
2019-11_gen6ou-0.json,Bulbasaur,Stats,Avg. weight,,1.0
2019-11_gen6ou-0.json,Bulbasaur,Stats,Viability Ceiling,,45
2019-11_gen6ou-0.json,Bulbasaur,Stats,Hardy,,9.091
2019-11_gen6ou-0.json,Bulbasaur,Abilities,,Overgrow,81.818
2019-11_gen6ou-0.json,Bulbasaur,Abilities,,Chlorophyll,18.182
2019-11_gen6ou-0.json,Bulbasaur,Items,,Nothing,36.364
2019-11_gen6ou-0.json,Bulbasaur,Items,,Lum Berry,27.273
2019-11_gen6ou-0.json,Bulbasaur,Items,,Choice Specs,9.091
2019-11_gen6ou-0.json,Bulbasaur,Items,,Life Orb,9.091
2019-11_gen6ou-0.json,Bulbasaur,Items,,Aguav Berry,9.091
2019-11_gen6ou-0.json,Bulbasaur,Items,,Miracle Seed,9.091
2019-11_gen6ou-0.json,Bulbasaur,Spreads,,Other,18.182
2019-11_gen6ou-0.json,Bulbasaur,Moves,,Giga Drain,36.364
2019-11_gen6ou-0.json,Bulbasaur,Moves,,Energy Ball,36.364
2019-11_gen6ou-0.json,Bulbasaur,Moves,,Seed Bomb,36.364
2019-11_gen6ou-0.json,Bulbasaur,Moves,,Leech Seed,36.364
2019-11_gen6ou-0.json,Bulbasaur,Moves,,Leaf Storm,27.273
2019-11_gen6ou-0.json,Bulbasaur,Moves,,Double-Edge,27.273
2019-11_gen6ou-0.json,Bulbasaur,Moves,,Razor Leaf,18.182
2019-11_gen6ou-0.json,Bulbasaur,Moves,,Grassy Terrain,18.182
2019-11_gen6ou-0.json,Bulbasaur,Moves,,Body Slam,18.182
2019-11_gen6ou-0.json,Bulbasaur,Moves,,Sunny Day,18.182
2019-11_gen6ou-0.json,Bulbasaur,Moves,,Solar Beam,18.182
2019-11_gen6ou-0.json,Bulbasaur,Moves,,Bullet Seed,18.182
2019-11_gen6ou-0.json,Bulbasaur,Moves,,Sludge Bomb,9.091
2019-11_gen6ou-0.json,Bulbasaur,Moves,,Rest,9.091
2019-11_gen6ou-0.json,Bulbasaur,Moves,,Sleep Powder,9.091
2019-11_gen6ou-0.json,Bulbasaur,Moves,,Facade,9.091
2019-11_gen6ou-0.json,Bulbasaur,Moves,,Growl,9.091
2019-11_gen6ou-0.json,Bulbasaur,Moves,,Swords Dance,9.091
2019-11_gen6ou-0.json,Bulbasaur,Moves,,Hidden Power Grass,9.091
2019-11_gen6ou-0.json,Bulbasaur,Moves,,Toxic,9.091
2019-11_gen6ou-0.json,Bulbasaur,Moves,,Other,18.182
2019-11_gen6ou-0.json,Magcargo,Stats,Raw count,,11
2019-11_gen6ou-0.json,Magcargo,Stats,Avg. weight,,1.0
2019-11_gen6ou-0.json,Magcargo,Stats,Viability Ceiling,,55
2019-11_gen6ou-0.json,Magcargo,Stats,Modest,,36.364
2019-11_gen6ou-0.json,Magcargo,Stats,Calm,,9.091
2019-11_gen6ou-0.json,Magcargo,Stats,Hardy,,9.091
2019-11_gen6ou-0.json,Magcargo,Stats,Bold,,9.091
2019-11_gen6ou-0.json,Magcargo,Abilities,,Flame Body,90.909
2019-11_gen6ou-0.json,Magcargo,Abilities,,Magma Armor,9.091
2019-11_gen6ou-0.json,Magcargo,Items,,Leftovers,54.545
2019-11_gen6ou-0.json,Magcargo,Items,,Charcoal,36.364
2019-11_gen6ou-0.json,Magcargo,Items,,Assault Vest,9.091
2019-11_gen6ou-0.json,Magcargo,Moves,,Recover,72.727
2019-11_gen6ou-0.json,Magcargo,Moves,,Lava Plume,72.727
2019-11_gen6ou-0.json,Magcargo,Moves,,Fire Blast,45.455
2019-11_gen6ou-0.json,Magcargo,Moves,,Earth Power,36.364
2019-11_gen6ou-0.json,Magcargo,Moves,,Stealth Rock,36.364
2019-11_gen6ou-0.json,Magcargo,Moves,,Toxic,27.273
2019-11_gen6ou-0.json,Magcargo,Moves,,Yawn,18.182
2019-11_gen6ou-0.json,Magcargo,Moves,,Acid Armor,18.182
2019-11_gen6ou-0.json,Magcargo,Moves,,Rollout,18.182
2019-11_gen6ou-0.json,Magcargo,Moves,,Flamethrower,18.182
2019-11_gen6ou-0.json,Magcargo,Moves,,Iron Defense,9.091
2019-11_gen6ou-0.json,Magcargo,Moves,,Facade,9.091
2019-11_gen6ou-0.json,Magcargo,Moves,,Other,18.182
2019-11_gen6ou-0.json,Volbeat,Stats,Raw count,,10
2019-11_gen6ou-0.json,Volbeat,Stats,Avg. weight,,1.0
2019-11_gen6ou-0.json,Volbeat,Stats,Viability Ceiling,,22
2019-11_gen6ou-0.json,Volbeat,Stats,Bold,,70.000
2019-11_gen6ou-0.json,Volbeat,Stats,Impish,,30.000
2019-11_gen6ou-0.json,Volbeat,Abilities,,Prankster,100.0
2019-11_gen6ou-0.json,Volbeat,Items,,Sitrus Berry,90.0
2019-11_gen6ou-0.json,Volbeat,Items,,Nothing,10.0
2019-11_gen6ou-0.json,Volbeat,Moves,,Bug Buzz,100.0
2019-11_gen6ou-0.json,Volbeat,Moves,,Tail Glow,100.0
2019-11_gen6ou-0.json,Volbeat,Moves,,Thunder Wave,100.0
2019-11_gen6ou-0.json,Volbeat,Moves,,Confuse Ray,90.0
2019-11_gen6ou-0.json,Volbeat,Moves,,Other,10.0
2019-11_gen6ou-0.json,Combusken,Stats,Raw count,,10
2019-11_gen6ou-0.json,Combusken,Stats,Avg. weight,,1.0
2019-11_gen6ou-0.json,Combusken,Stats,Viability Ceiling,,45
2019-11_gen6ou-0.json,Combusken,Stats,Hardy,,10.000
2019-11_gen6ou-0.json,Combusken,Stats,Brave,,20.000
2019-11_gen6ou-0.json,Combusken,Stats,Adamant,,10.000
2019-11_gen6ou-0.json,Combusken,Stats,Jolly,,10.000
2019-11_gen6ou-0.json,Combusken,Abilities,,Blaze,90.0
2019-11_gen6ou-0.json,Combusken,Abilities,,Speed Boost,10.0
2019-11_gen6ou-0.json,Combusken,Items,,Eviolite,50.0
2019-11_gen6ou-0.json,Combusken,Items,,Leftovers,20.0
2019-11_gen6ou-0.json,Combusken,Items,,Charcoal,20.0
2019-11_gen6ou-0.json,Combusken,Items,,Nothing,10.0
2019-11_gen6ou-0.json,Combusken,Moves,,Flamethrower,40.0
2019-11_gen6ou-0.json,Combusken,Moves,,Dual Chop,40.0
2019-11_gen6ou-0.json,Combusken,Moves,,Rock Slide,40.0
2019-11_gen6ou-0.json,Combusken,Moves,,Hidden Power Electric,40.0
2019-11_gen6ou-0.json,Combusken,Moves,,Double Kick,30.0
2019-11_gen6ou-0.json,Combusken,Moves,,Fire Blast,30.0
2019-11_gen6ou-0.json,Combusken,Moves,,Fire Punch,20.0
2019-11_gen6ou-0.json,Combusken,Moves,,Peck,20.0
2019-11_gen6ou-0.json,Combusken,Moves,,Thunder Punch,20.0
2019-11_gen6ou-0.json,Combusken,Moves,,Focus Energy,20.0
2019-11_gen6ou-0.json,Combusken,Moves,,Protect,10.0
2019-11_gen6ou-0.json,Combusken,Moves,,Fire Spin,10.0
2019-11_gen6ou-0.json,Combusken,Moves,,Focus Punch,10.0
2019-11_gen6ou-0.json,Combusken,Moves,,Low Sweep,10.0
2019-11_gen6ou-0.json,Combusken,Moves,,Swords Dance,10.0
2019-11_gen6ou-0.json,Combusken,Moves,,Body Slam,10.0
2019-11_gen6ou-0.json,Combusken,Moves,,Double-Edge,10.0
2019-11_gen6ou-0.json,Combusken,Moves,,Flare Blitz,10.0
2019-11_gen6ou-0.json,Combusken,Moves,,Other,20.0
2019-11_gen6ou-0.json,Bronzor,Stats,Raw count,,9
2019-11_gen6ou-0.json,Bronzor,Stats,Avg. weight,,1.0
2019-11_gen6ou-0.json,Bronzor,Stats,Viability Ceiling,,46
2019-11_gen6ou-0.json,Bronzor,Stats,Bold,,100.000
2019-11_gen6ou-0.json,Bronzor,Abilities,,Levitate,100.0
2019-11_gen6ou-0.json,Bronzor,Items,,Eviolite,100.0
2019-11_gen6ou-0.json,Bronzor,Moves,,Reflect,100.0
2019-11_gen6ou-0.json,Bronzor,Moves,,Trick Room,100.0
2019-11_gen6ou-0.json,Bronzor,Moves,,Light Screen,100.0
2019-11_gen6ou-0.json,Bronzor,Moves,,Toxic,100.0
2019-11_gen6ou-0.json,Cherrim,Stats,Raw count,,9
2019-11_gen6ou-0.json,Cherrim,Stats,Avg. weight,,---
2019-11_gen6ou-0.json,Cherrim,Stats,Viability Ceiling,,0
2019-11_gen6ou-0.json,Cherrim,Stats,Timid,,55.556
2019-11_gen6ou-0.json,Cherrim,Stats,Modest,,44.444
2019-11_gen6ou-0.json,Cherrim,Abilities,,Flower Gift,100.0
2019-11_gen6ou-0.json,Cherrim,Items,,Heat Rock,55.556
2019-11_gen6ou-0.json,Cherrim,Items,,Big Root,44.444
2019-11_gen6ou-0.json,Cherrim,Moves,,Weather Ball,100.0
2019-11_gen6ou-0.json,Cherrim,Moves,,Leech Seed,100.0
2019-11_gen6ou-0.json,Cherrim,Moves,,Giga Drain,100.0
2019-11_gen6ou-0.json,Cherrim,Moves,,Sunny Day,55.556
2019-11_gen6ou-0.json,Cherrim,Moves,,Dazzling Gleam,44.444
2019-11_gen6ou-0.json,Jynx,Stats,Raw count,,10
2019-11_gen6ou-0.json,Jynx,Stats,Avg. weight,,1.0
2019-11_gen6ou-0.json,Jynx,Stats,Viability Ceiling,,44
2019-11_gen6ou-0.json,Jynx,Stats,Hardy,,10.000
2019-11_gen6ou-0.json,Jynx,Stats,Timid,,10.000
2019-11_gen6ou-0.json,Jynx,Stats,Modest,,10.000
2019-11_gen6ou-0.json,Jynx,Stats,Jolly,,10.000
2019-11_gen6ou-0.json,Jynx,Abilities,,Dry Skin,90.0
2019-11_gen6ou-0.json,Jynx,Abilities,,Forewarn,10.0
2019-11_gen6ou-0.json,Jynx,Items,,Life Orb,50.0
2019-11_gen6ou-0.json,Jynx,Items,,Focus Sash,20.0
2019-11_gen6ou-0.json,Jynx,Items,,Wide Lens,20.0
2019-11_gen6ou-0.json,Jynx,Items,,Never-Melt Ice,10.0
2019-11_gen6ou-0.json,Jynx,Spreads,,Other,10.0
2019-11_gen6ou-0.json,Jynx,Moves,,Ice Beam,80.0
2019-11_gen6ou-0.json,Jynx,Moves,,Psychic,50.0
2019-11_gen6ou-0.json,Jynx,Moves,,Lovely Kiss,40.0
2019-11_gen6ou-0.json,Jynx,Moves,,Nasty Plot,40.0
2019-11_gen6ou-0.json,Jynx,Moves,,Shadow Ball,30.0
2019-11_gen6ou-0.json,Jynx,Moves,,Focus Blast,30.0
2019-11_gen6ou-0.json,Jynx,Moves,,Water Pulse,20.0
2019-11_gen6ou-0.json,Jynx,Moves,,Psyshock,20.0
2019-11_gen6ou-0.json,Jynx,Moves,,Energy Ball,20.0
2019-11_gen6ou-0.json,Jynx,Moves,,Heal Bell,20.0
2019-11_gen6ou-0.json,Jynx,Moves,,Ice Punch,10.0
2019-11_gen6ou-0.json,Jynx,Moves,,Heart Stamp,10.0
2019-11_gen6ou-0.json,Jynx,Moves,,Avalanche,10.0
2019-11_gen6ou-0.json,Jynx,Moves,,Other,20.0
2019-11_gen6ou-0.json,Hypno,Stats,Raw count,,10
2019-11_gen6ou-0.json,Hypno,Stats,Avg. weight,,1.0
2019-11_gen6ou-0.json,Hypno,Stats,Viability Ceiling,,67
2019-11_gen6ou-0.json,Hypno,Stats,Jolly,,50.000
2019-11_gen6ou-0.json,Hypno,Stats,Hardy,,10.000
2019-11_gen6ou-0.json,Hypno,Stats,Adamant,,10.000
2019-11_gen6ou-0.json,Hypno,Abilities,,Insomnia,80.0
2019-11_gen6ou-0.json,Hypno,Abilities,,Inner Focus,20.0
2019-11_gen6ou-0.json,Hypno,Items,,Salac Berry,50.0
2019-11_gen6ou-0.json,Hypno,Items,,Focus Sash,20.0
2019-11_gen6ou-0.json,Hypno,Items,,Leftovers,20.0
2019-11_gen6ou-0.json,Hypno,Items,,Sitrus Berry,10.0
2019-11_gen6ou-0.json,Hypno,Moves,,Drain Punch,70.0
2019-11_gen6ou-0.json,Hypno,Moves,,Zen Headbutt,60.0
2019-11_gen6ou-0.json,Hypno,Moves,,Belly Drum,50.0
2019-11_gen6ou-0.json,Hypno,Moves,,Substitute,50.0
2019-11_gen6ou-0.json,Hypno,Moves,,Psycho Cut,30.0
2019-11_gen6ou-0.json,Hypno,Moves,,Psychic,20.0
2019-11_gen6ou-0.json,Hypno,Moves,,Hypnosis,20.0
2019-11_gen6ou-0.json,Hypno,Moves,,Psyshock,20.0
2019-11_gen6ou-0.json,Hypno,Moves,,Toxic,20.0
2019-11_gen6ou-0.json,Hypno,Moves,,Trick Room,10.0
2019-11_gen6ou-0.json,Hypno,Moves,,Ice Punch,10.0
2019-11_gen6ou-0.json,Hypno,Moves,,Dream Eater,10.0
2019-11_gen6ou-0.json,Hypno,Moves,,Rest,10.0
2019-11_gen6ou-0.json,Hypno,Moves,,Other,20.0
2019-11_gen6ou-0.json,Chespin,Stats,Raw count,,10
2019-11_gen6ou-0.json,Chespin,Stats,Avg. weight,,1.0
2019-11_gen6ou-0.json,Chespin,Stats,Viability Ceiling,,32
2019-11_gen6ou-0.json,Chespin,Stats,Hardy,,20.000
2019-11_gen6ou-0.json,Chespin,Stats,Adamant,,10.000
2019-11_gen6ou-0.json,Chespin,Abilities,,Overgrow,100.0
2019-11_gen6ou-0.json,Chespin,Items,,Nothing,70.0
2019-11_gen6ou-0.json,Chespin,Items,,Leftovers,20.0
2019-11_gen6ou-0.json,Chespin,Items,,Sitrus Berry,10.0
2019-11_gen6ou-0.json,Chespin,Moves,,Seed Bomb,90.0
2019-11_gen6ou-0.json,Chespin,Moves,,Vine Whip,80.0
2019-11_gen6ou-0.json,Chespin,Moves,,Giga Drain,70.0
2019-11_gen6ou-0.json,Chespin,Moves,,Solar Beam,70.0
2019-11_gen6ou-0.json,Chespin,Moves,,Poison Jab,20.0
2019-11_gen6ou-0.json,Chespin,Moves,,Energy Ball,20.0
2019-11_gen6ou-0.json,Chespin,Moves,,Brick Break,20.0
2019-11_gen6ou-0.json,Chespin,Moves,,Body Slam,10.0
2019-11_gen6ou-0.json,Chespin,Moves,,Other,20.0
2019-11_gen6ou-0.json,Lunatone,Stats,Raw count,,10
2019-11_gen6ou-0.json,Lunatone,Stats,Avg. weight,,1.0
2019-11_gen6ou-0.json,Lunatone,Stats,Viability Ceiling,,45
2019-11_gen6ou-0.json,Lunatone,Stats,Mild,,80.000
2019-11_gen6ou-0.json,Lunatone,Stats,Modest,,20.000
2019-11_gen6ou-0.json,Lunatone,Abilities,,Levitate,100.0
2019-11_gen6ou-0.json,Lunatone,Items,,Rocky Helmet,80.0
2019-11_gen6ou-0.json,Lunatone,Items,,Leftovers,20.0
2019-11_gen6ou-0.json,Lunatone,Moves,,Moonblast,100.0
2019-11_gen6ou-0.json,Lunatone,Moves,,Calm Mind,80.0
2019-11_gen6ou-0.json,Lunatone,Moves,,Psychic,80.0
2019-11_gen6ou-0.json,Lunatone,Moves,,Rock Tomb,80.0
2019-11_gen6ou-0.json,Lunatone,Moves,,Shadow Ball,20.0
2019-11_gen6ou-0.json,Lunatone,Moves,,Ancient Power,20.0
2019-11_gen6ou-0.json,Lunatone,Moves,,Other,20.0
2019-11_gen6ou-0.json,Simisage,Stats,Raw count,,9
2019-11_gen6ou-0.json,Simisage,Stats,Avg. weight,,1.0
2019-11_gen6ou-0.json,Simisage,Stats,Viability Ceiling,,35
2019-11_gen6ou-0.json,Simisage,Stats,Jolly,,66.667
2019-11_gen6ou-0.json,Simisage,Stats,Naughty,,33.333
2019-11_gen6ou-0.json,Simisage,Abilities,,Gluttony,100.0
2019-11_gen6ou-0.json,Simisage,Items,,Liechi Berry,66.667
2019-11_gen6ou-0.json,Simisage,Items,,Sitrus Berry,33.333
2019-11_gen6ou-0.json,Simisage,Moves,,Acrobatics,100.0
2019-11_gen6ou-0.json,Simisage,Moves,,Crunch,66.667
2019-11_gen6ou-0.json,Simisage,Moves,,Seed Bomb,66.667
2019-11_gen6ou-0.json,Simisage,Moves,,Brick Break,66.667
2019-11_gen6ou-0.json,Simisage,Moves,,Focus Blast,33.333
2019-11_gen6ou-0.json,Simisage,Moves,,Energy Ball,33.333
2019-11_gen6ou-0.json,Simisage,Moves,,Synthesis,33.333
2019-11_gen6ou-0.json,Rotom-Fan,Stats,Raw count,,9
2019-11_gen6ou-0.json,Rotom-Fan,Stats,Avg. weight,,1.0
2019-11_gen6ou-0.json,Rotom-Fan,Stats,Viability Ceiling,,48
2019-11_gen6ou-0.json,Rotom-Fan,Stats,Hardy,,11.111
2019-11_gen6ou-0.json,Rotom-Fan,Stats,Timid,,22.222
2019-11_gen6ou-0.json,Rotom-Fan,Stats,Hasty,,11.111
2019-11_gen6ou-0.json,Rotom-Fan,Abilities,,Levitate,100.0
2019-11_gen6ou-0.json,Rotom-Fan,Items,,Choice Specs,33.333
2019-11_gen6ou-0.json,Rotom-Fan,Items,,Leftovers,22.222
2019-11_gen6ou-0.json,Rotom-Fan,Items,,Choice Band,22.222
2019-11_gen6ou-0.json,Rotom-Fan,Items,,Magnet,11.111
2019-11_gen6ou-0.json,Rotom-Fan,Items,,Life Orb,11.111
2019-11_gen6ou-0.json,Rotom-Fan,Moves,,Air Slash,88.889
2019-11_gen6ou-0.json,Rotom-Fan,Moves,,Discharge,77.778
2019-11_gen6ou-0.json,Rotom-Fan,Moves,,Dark Pulse,55.556
2019-11_gen6ou-0.json,Rotom-Fan,Moves,,Hidden Power Flying,55.556
2019-11_gen6ou-0.json,Rotom-Fan,Moves,,Thunder Wave,44.444
2019-11_gen6ou-0.json,Rotom-Fan,Moves,,Hidden Power Poison,22.222
2019-11_gen6ou-0.json,Rotom-Fan,Moves,,Thunderbolt,22.222
2019-11_gen6ou-0.json,Rotom-Fan,Moves,,Thunder,22.222
2019-11_gen6ou-0.json,Rotom-Fan,Moves,,Other,11.111
2019-11_gen6ou-0.json,Igglybuff,Stats,Raw count,,11
2019-11_gen6ou-0.json,Igglybuff,Stats,Avg. weight,,1.0
2019-11_gen6ou-0.json,Igglybuff,Stats,Viability Ceiling,,45
2019-11_gen6ou-0.json,Igglybuff,Stats,Hardy,,81.818
2019-11_gen6ou-0.json,Igglybuff,Stats,Jolly,,9.091
2019-11_gen6ou-0.json,Igglybuff,Stats,Calm,,9.091
2019-11_gen6ou-0.json,Igglybuff,Abilities,,Cute Charm,90.909
2019-11_gen6ou-0.json,Igglybuff,Abilities,,Competitive,9.091
2019-11_gen6ou-0.json,Igglybuff,Items,,Shell Bell,90.909
2019-11_gen6ou-0.json,Igglybuff,Items,,Focus Sash,9.091
2019-11_gen6ou-0.json,Igglybuff,Moves,,Magic Coat,90.909
2019-11_gen6ou-0.json,Igglybuff,Moves,,Pain Split,90.909
2019-11_gen6ou-0.json,Igglybuff,Moves,,Endeavor,90.909
2019-11_gen6ou-0.json,Igglybuff,Moves,,Role Play,90.909
2019-11_gen6ou-0.json,Igglybuff,Moves,,Shadow Ball,9.091
2019-11_gen6ou-0.json,Igglybuff,Moves,,Body Slam,9.091
2019-11_gen6ou-0.json,Igglybuff,Moves,,Other,18.182
2019-11_gen6ou-0.json,Squirtle,Stats,Raw count,,11
2019-11_gen6ou-0.json,Squirtle,Stats,Avg. weight,,1.0
2019-11_gen6ou-0.json,Squirtle,Stats,Viability Ceiling,,62
2019-11_gen6ou-0.json,Squirtle,Stats,Hardy,,9.091
2019-11_gen6ou-0.json,Squirtle,Stats,Modest,,18.182
2019-11_gen6ou-0.json,Squirtle,Abilities,,Torrent,100.0
2019-11_gen6ou-0.json,Squirtle,Items,,Nothing,36.364
2019-11_gen6ou-0.json,Squirtle,Items,,Leftovers,36.364
2019-11_gen6ou-0.json,Squirtle,Items,,Mystic Water,27.273
2019-11_gen6ou-0.json,Squirtle,Spreads,,Other,9.091
2019-11_gen6ou-0.json,Squirtle,Moves,,Aqua Tail,45.455
2019-11_gen6ou-0.json,Squirtle,Moves,,Ice Beam,45.455
2019-11_gen6ou-0.json,Squirtle,Moves,,Hydro Pump,36.364
2019-11_gen6ou-0.json,Squirtle,Moves,,Aqua Jet,36.364
2019-11_gen6ou-0.json,Squirtle,Moves,,Scald,27.273
2019-11_gen6ou-0.json,Squirtle,Moves,,Water Pledge,18.182
2019-11_gen6ou-0.json,Squirtle,Moves,,Double-Edge,18.182
2019-11_gen6ou-0.json,Squirtle,Moves,,Rain Dance,18.182
2019-11_gen6ou-0.json,Squirtle,Moves,,Aqua Ring,18.182
2019-11_gen6ou-0.json,Squirtle,Moves,,Muddy Water,18.182
2019-11_gen6ou-0.json,Squirtle,Moves,,Waterfall,18.182
2019-11_gen6ou-0.json,Squirtle,Moves,,Gyro Ball,18.182
2019-11_gen6ou-0.json,Squirtle,Moves,,Surf,9.091
2019-11_gen6ou-0.json,Squirtle,Moves,,Hydro Cannon,9.091
2019-11_gen6ou-0.json,Squirtle,Moves,,Hidden Power Water,9.091
2019-11_gen6ou-0.json,Squirtle,Moves,,Brick Break,9.091
2019-11_gen6ou-0.json,Squirtle,Moves,,Aura Sphere,9.091
2019-11_gen6ou-0.json,Squirtle,Moves,,Water Gun,9.091
2019-11_gen6ou-0.json,Squirtle,Moves,,Focus Punch,9.091
2019-11_gen6ou-0.json,Squirtle,Moves,,Other,18.182
2019-11_gen6ou-0.json,Charmeleon,Stats,Raw count,,13
2019-11_gen6ou-0.json,Charmeleon,Stats,Avg. weight,,1.0
2019-11_gen6ou-0.json,Charmeleon,Stats,Viability Ceiling,,45
2019-11_gen6ou-0.json,Charmeleon,Stats,Hardy,,7.692
2019-11_gen6ou-0.json,Charmeleon,Stats,Hasty,,7.692
2019-11_gen6ou-0.json,Charmeleon,Abilities,,Blaze,100.0
2019-11_gen6ou-0.json,Charmeleon,Items,,Nothing,76.923
2019-11_gen6ou-0.json,Charmeleon,Items,,Leftovers,15.385
2019-11_gen6ou-0.json,Charmeleon,Items,,Charizardite Y,7.692
2019-11_gen6ou-0.json,Charmeleon,Moves,,Ember,76.923
2019-11_gen6ou-0.json,Charmeleon,Moves,,Fire Blast,53.846
2019-11_gen6ou-0.json,Charmeleon,Moves,,Fire Fang,38.462
2019-11_gen6ou-0.json,Charmeleon,Moves,,Scratch,38.462
2019-11_gen6ou-0.json,Charmeleon,Moves,,Flame Charge,38.462
2019-11_gen6ou-0.json,Charmeleon,Moves,,Dragon Rage,30.769
2019-11_gen6ou-0.json,Charmeleon,Moves,,Return,23.077
2019-11_gen6ou-0.json,Charmeleon,Moves,,Flamethrower,23.077
2019-11_gen6ou-0.json,Charmeleon,Moves,,Growl,15.385
2019-11_gen6ou-0.json,Charmeleon,Moves,,Seismic Toss,15.385
2019-11_gen6ou-0.json,Charmeleon,Moves,,Slash,15.385
2019-11_gen6ou-0.json,Charmeleon,Moves,,Rage,7.692
2019-11_gen6ou-0.json,Charmeleon,Moves,,Heat Wave,7.692
2019-11_gen6ou-0.json,Charmeleon,Moves,,Other,15.385
2019-11_gen6ou-0.json,Swirlix,Stats,Raw count,,8
2019-11_gen6ou-0.json,Swirlix,Stats,Avg. weight,,1.0
2019-11_gen6ou-0.json,Swirlix,Stats,Viability Ceiling,,27
2019-11_gen6ou-0.json,Swirlix,Stats,Hardy,,100.000
2019-11_gen6ou-0.json,Swirlix,Abilities,,Sweet Veil,100.0
2019-11_gen6ou-0.json,Swirlix,Items,,Choice Scarf,100.0
2019-11_gen6ou-0.json,Swirlix,Moves,,Energy Ball,100.0
2019-11_gen6ou-0.json,Swirlix,Moves,,Play Rough,100.0
2019-11_gen6ou-0.json,Swirlix,Moves,,Flamethrower,100.0
2019-11_gen6ou-0.json,Swirlix,Moves,,Dazzling Gleam,100.0
2019-11_gen6ou-0.json,Leavanny,Stats,Raw count,,7
2019-11_gen6ou-0.json,Leavanny,Stats,Avg. weight,,1.0
2019-11_gen6ou-0.json,Leavanny,Stats,Viability Ceiling,,66
2019-11_gen6ou-0.json,Leavanny,Stats,Adamant,,28.571
2019-11_gen6ou-0.json,Leavanny,Stats,Naive,,28.571
2019-11_gen6ou-0.json,Leavanny,Stats,Timid,,28.571
2019-11_gen6ou-0.json,Leavanny,Stats,Hasty,,14.286
2019-11_gen6ou-0.json,Leavanny,Abilities,,Overcoat,85.714
2019-11_gen6ou-0.json,Leavanny,Abilities,,Swarm,14.286
2019-11_gen6ou-0.json,Leavanny,Items,,Focus Sash,57.143
2019-11_gen6ou-0.json,Leavanny,Items,,Quick Claw,28.571
2019-11_gen6ou-0.json,Leavanny,Items,,Nothing,14.286
2019-11_gen6ou-0.json,Leavanny,Moves,,Sticky Web,85.714
2019-11_gen6ou-0.json,Leavanny,Moves,,X-Scissor,42.857
2019-11_gen6ou-0.json,Leavanny,Moves,,Swords Dance,28.571
2019-11_gen6ou-0.json,Leavanny,Moves,,Protect,28.571
2019-11_gen6ou-0.json,Leavanny,Moves,,Knock Off,28.571
2019-11_gen6ou-0.json,Leavanny,Moves,,Leaf Blade,28.571
2019-11_gen6ou-0.json,Leavanny,Moves,,Reflect,28.571
2019-11_gen6ou-0.json,Leavanny,Moves,,Heal Bell,28.571
2019-11_gen6ou-0.json,Leavanny,Moves,,Toxic,28.571
2019-11_gen6ou-0.json,Leavanny,Moves,,Light Screen,28.571
2019-11_gen6ou-0.json,Leavanny,Moves,,String Shot,14.286
2019-11_gen6ou-0.json,Leavanny,Moves,,Energy Ball,14.286
2019-11_gen6ou-0.json,Leavanny,Moves,,Other,14.286
2019-11_gen6ou-0.json,Ponyta,Stats,Raw count,,11
2019-11_gen6ou-0.json,Ponyta,Stats,Avg. weight,,1.0
2019-11_gen6ou-0.json,Ponyta,Stats,Viability Ceiling,,46
2019-11_gen6ou-0.json,Ponyta,Stats,Jolly,,100.000
2019-11_gen6ou-0.json,Ponyta,Abilities,,Flash Fire,81.818
2019-11_gen6ou-0.json,Ponyta,Abilities,,Run Away,18.182
2019-11_gen6ou-0.json,Ponyta,Items,,Choice Scarf,100.0
2019-11_gen6ou-0.json,Ponyta,Moves,,Toxic,100.0
2019-11_gen6ou-0.json,Ponyta,Moves,,Flare Blitz,100.0
2019-11_gen6ou-0.json,Ponyta,Moves,,Charm,100.0
2019-11_gen6ou-0.json,Ponyta,Moves,,Will-O-Wisp,100.0
2019-11_gen6ou-0.json,Corphish,Stats,Raw count,,7
2019-11_gen6ou-0.json,Corphish,Stats,Avg. weight,,1.0
2019-11_gen6ou-0.json,Corphish,Stats,Viability Ceiling,,16
2019-11_gen6ou-0.json,Corphish,Stats,Hardy,,85.714
2019-11_gen6ou-0.json,Corphish,Stats,Adamant,,14.286
2019-11_gen6ou-0.json,Corphish,Abilities,,Hyper Cutter,85.714
2019-11_gen6ou-0.json,Corphish,Abilities,,Adaptability,14.286
2019-11_gen6ou-0.json,Corphish,Items,,Nothing,85.714
2019-11_gen6ou-0.json,Corphish,Items,,Eviolite,14.286
2019-11_gen6ou-0.json,Corphish,Moves,,Protect,85.714
2019-11_gen6ou-0.json,Corphish,Moves,,Scald,85.714
2019-11_gen6ou-0.json,Corphish,Moves,,X-Scissor,85.714
2019-11_gen6ou-0.json,Corphish,Moves,,Bubble,85.714
2019-11_gen6ou-0.json,Corphish,Moves,,Knock Off,14.286
2019-11_gen6ou-0.json,Corphish,Moves,,Dragon Dance,14.286
2019-11_gen6ou-0.json,Corphish,Moves,,Aqua Jet,14.286
2019-11_gen6ou-0.json,Corphish,Moves,,Other,14.286
2019-11_gen6ou-0.json,Banette,Stats,Raw count,,8
2019-11_gen6ou-0.json,Banette,Stats,Avg. weight,,1.0
2019-11_gen6ou-0.json,Banette,Stats,Viability Ceiling,,59
2019-11_gen6ou-0.json,Banette,Stats,Jolly,,50.000
2019-11_gen6ou-0.json,Banette,Stats,Naughty,,25.000
2019-11_gen6ou-0.json,Banette,Stats,Hardy,,12.500
2019-11_gen6ou-0.json,Banette,Abilities,,Cursed Body,75.0
2019-11_gen6ou-0.json,Banette,Abilities,,Insomnia,25.0
2019-11_gen6ou-0.json,Banette,Items,,Life Orb,50.0
2019-11_gen6ou-0.json,Banette,Items,,Rocky Helmet,25.0
2019-11_gen6ou-0.json,Banette,Items,,Focus Sash,12.5
2019-11_gen6ou-0.json,Banette,Items,,Focus Band,12.5
2019-11_gen6ou-0.json,Banette,Moves,,Return,50.0
2019-11_gen6ou-0.json,Banette,Moves,,Shadow Ball,50.0
2019-11_gen6ou-0.json,Banette,Moves,,Will-O-Wisp,50.0
2019-11_gen6ou-0.json,Banette,Moves,,Pursuit,50.0
2019-11_gen6ou-0.json,Banette,Moves,,Shadow Sneak,50.0
2019-11_gen6ou-0.json,Banette,Moves,,Shadow Claw,37.5
2019-11_gen6ou-0.json,Banette,Moves,,Torment,25.0
2019-11_gen6ou-0.json,Banette,Moves,,Hyper Beam,25.0
2019-11_gen6ou-0.json,Banette,Moves,,Trick Room,12.5
2019-11_gen6ou-0.json,Banette,Moves,,Foul Play,12.5
2019-11_gen6ou-0.json,Banette,Moves,,Hex,12.5
2019-11_gen6ou-0.json,Banette,Moves,,Thunder Wave,12.5
2019-11_gen6ou-0.json,Banette,Moves,,Other,12.5
2019-11_gen6ou-0.json,Arbok,Stats,Raw count,,10
2019-11_gen6ou-0.json,Arbok,Stats,Avg. weight,,1.0
2019-11_gen6ou-0.json,Arbok,Stats,Viability Ceiling,,46
2019-11_gen6ou-0.json,Arbok,Stats,Jolly,,10.000
2019-11_gen6ou-0.json,Arbok,Stats,Hardy,,30.000
2019-11_gen6ou-0.json,Arbok,Abilities,,Intimidate,90.0
2019-11_gen6ou-0.json,Arbok,Abilities,,Shed Skin,10.0
2019-11_gen6ou-0.json,Arbok,Items,,Wise Glasses,30.0
2019-11_gen6ou-0.json,Arbok,Items,,Nothing,30.0
2019-11_gen6ou-0.json,Arbok,Items,,Life Orb,20.0
2019-11_gen6ou-0.json,Arbok,Items,,Black Sludge,10.0
2019-11_gen6ou-0.json,Arbok,Items,,Leftovers,10.0
2019-11_gen6ou-0.json,Arbok,Moves,,Gunk Shot,70.0
2019-11_gen6ou-0.json,Arbok,Moves,,Crunch,30.0
2019-11_gen6ou-0.json,Arbok,Moves,,Protect,30.0
2019-11_gen6ou-0.json,Arbok,Moves,,Dragon Tail,30.0
2019-11_gen6ou-0.json,Arbok,Moves,,Headbutt,30.0
2019-11_gen6ou-0.json,Arbok,Moves,,Acid Spray,30.0
2019-11_gen6ou-0.json,Arbok,Moves,,Stockpile,30.0
2019-11_gen6ou-0.json,Arbok,Moves,,Infestation,30.0
2019-11_gen6ou-0.json,Arbok,Moves,,Bulldoze,30.0
2019-11_gen6ou-0.json,Arbok,Moves,,Aqua Tail,20.0
2019-11_gen6ou-0.json,Arbok,Moves,,Earthquake,20.0
2019-11_gen6ou-0.json,Arbok,Moves,,Glare,10.0
2019-11_gen6ou-0.json,Arbok,Moves,,Rest,10.0
2019-11_gen6ou-0.json,Arbok,Moves,,Sucker Punch,10.0
2019-11_gen6ou-0.json,Arbok,Moves,,Other,20.0
2019-11_gen6ou-0.json,Geodude,Stats,Raw count,,13
2019-11_gen6ou-0.json,Geodude,Stats,Avg. weight,,1.0
2019-11_gen6ou-0.json,Geodude,Stats,Viability Ceiling,,45
2019-11_gen6ou-0.json,Geodude,Stats,Hardy,,7.692
2019-11_gen6ou-0.json,Geodude,Abilities,,Sturdy,92.308
2019-11_gen6ou-0.json,Geodude,Abilities,,Rock Head,7.692
2019-11_gen6ou-0.json,Geodude,Items,,Sticky Barb,46.154
2019-11_gen6ou-0.json,Geodude,Items,,Red Card,30.769
2019-11_gen6ou-0.json,Geodude,Items,,Focus Sash,15.385
2019-11_gen6ou-0.json,Geodude,Items,,Poison Barb,7.692
2019-11_gen6ou-0.json,Geodude,Spreads,,Other,15.385
2019-11_gen6ou-0.json,Geodude,Moves,,Nothing,146.154
2019-11_gen6ou-0.json,Geodude,Moves,,Dig,53.846
2019-11_gen6ou-0.json,Geodude,Moves,,Protect,46.154
2019-11_gen6ou-0.json,Geodude,Moves,,Self-Destruct,30.769
2019-11_gen6ou-0.json,Geodude,Moves,,Stealth Rock,30.769
2019-11_gen6ou-0.json,Geodude,Moves,,Toxic,30.769
2019-11_gen6ou-0.json,Geodude,Moves,,Confide,15.385
2019-11_gen6ou-0.json,Geodude,Moves,,Captivate,15.385
2019-11_gen6ou-0.json,Geodude,Moves,,Counter,15.385
2019-11_gen6ou-0.json,Geodude,Moves,,Other,15.385
2019-11_gen6ou-0.json,Gible,Stats,Raw count,,9
2019-11_gen6ou-0.json,Gible,Stats,Avg. weight,,---
2019-11_gen6ou-0.json,Gible,Stats,Viability Ceiling,,0
2019-11_gen6ou-0.json,Gible,Stats,Hardy,,22.222
2019-11_gen6ou-0.json,Gible,Stats,Brave,,11.111
2019-11_gen6ou-0.json,Gible,Abilities,,Sand Veil,100.0
2019-11_gen6ou-0.json,Gible,Items,,Nothing,44.444
2019-11_gen6ou-0.json,Gible,Items,,Choice Scarf,33.333
2019-11_gen6ou-0.json,Gible,Items,,Leftovers,22.222
2019-11_gen6ou-0.json,Gible,Moves,,Draco Meteor,77.778
2019-11_gen6ou-0.json,Gible,Moves,,Earthquake,66.667
2019-11_gen6ou-0.json,Gible,Moves,,Dragon Pulse,55.556
2019-11_gen6ou-0.json,Gible,Moves,,Iron Head,44.444
2019-11_gen6ou-0.json,Gible,Moves,,Dig,33.333
2019-11_gen6ou-0.json,Gible,Moves,,Rock Smash,33.333
2019-11_gen6ou-0.json,Gible,Moves,,Bulldoze,33.333
2019-11_gen6ou-0.json,Gible,Moves,,Outrage,22.222
2019-11_gen6ou-0.json,Gible,Moves,,Flamethrower,22.222
2019-11_gen6ou-0.json,Gible,Moves,,Other,11.111
2019-11_gen6ou-0.json,Simisear,Stats,Raw count,,7
2019-11_gen6ou-0.json,Simisear,Stats,Avg. weight,,1.0
2019-11_gen6ou-0.json,Simisear,Stats,Viability Ceiling,,59
2019-11_gen6ou-0.json,Simisear,Stats,Adamant,,57.143
2019-11_gen6ou-0.json,Simisear,Stats,Jolly,,42.857
2019-11_gen6ou-0.json,Simisear,Abilities,,Gluttony,71.429
2019-11_gen6ou-0.json,Simisear,Abilities,,Blaze,28.571
2019-11_gen6ou-0.json,Simisear,Items,,Choice Scarf,57.143
2019-11_gen6ou-0.json,Simisear,Items,,Life Orb,28.571
2019-11_gen6ou-0.json,Simisear,Items,,Aguav Berry,14.286
2019-11_gen6ou-0.json,Simisear,Moves,,Superpower,85.714
2019-11_gen6ou-0.json,Simisear,Moves,,Crunch,57.143
2019-11_gen6ou-0.json,Simisear,Moves,,Overheat,57.143
2019-11_gen6ou-0.json,Simisear,Moves,,Shadow Claw,57.143
2019-11_gen6ou-0.json,Simisear,Moves,,Fire Punch,42.857
2019-11_gen6ou-0.json,Simisear,Moves,,Rest,28.571
2019-11_gen6ou-0.json,Simisear,Moves,,Flame Charge,28.571
2019-11_gen6ou-0.json,Simisear,Moves,,Power-Up Punch,14.286
2019-11_gen6ou-0.json,Simisear,Moves,,Gunk Shot,14.286
2019-11_gen6ou-0.json,Simisear,Moves,,Other,14.286
2019-11_gen6ou-0.json,Murkrow,Stats,Raw count,,10
2019-11_gen6ou-0.json,Murkrow,Stats,Avg. weight,,1.0
2019-11_gen6ou-0.json,Murkrow,Stats,Viability Ceiling,,47
2019-11_gen6ou-0.json,Murkrow,Stats,Bold,,30.000
2019-11_gen6ou-0.json,Murkrow,Stats,Impish,,20.000
2019-11_gen6ou-0.json,Murkrow,Stats,Calm,,10.000
2019-11_gen6ou-0.json,Murkrow,Abilities,,Prankster,100.0
2019-11_gen6ou-0.json,Murkrow,Items,,Eviolite,100.0
2019-11_gen6ou-0.json,Murkrow,Moves,,Roost,70.0
2019-11_gen6ou-0.json,Murkrow,Moves,,Taunt,50.0
2019-11_gen6ou-0.json,Murkrow,Moves,,Calm Mind,50.0
2019-11_gen6ou-0.json,Murkrow,Moves,,Toxic,50.0
2019-11_gen6ou-0.json,Murkrow,Moves,,Dark Pulse,40.0
2019-11_gen6ou-0.json,Murkrow,Moves,,Feather Dance,40.0
2019-11_gen6ou-0.json,Murkrow,Moves,,Heat Wave,30.0
2019-11_gen6ou-0.json,Murkrow,Moves,,Foul Play,20.0
2019-11_gen6ou-0.json,Murkrow,Moves,,Thunder Wave,20.0
2019-11_gen6ou-0.json,Murkrow,Moves,,Perish Song,10.0
2019-11_gen6ou-0.json,Murkrow,Moves,,Other,20.0
2019-11_gen6ou-0.json,Lairon,Stats,Raw count,,8
2019-11_gen6ou-0.json,Lairon,Stats,Avg. weight,,---
2019-11_gen6ou-0.json,Lairon,Stats,Viability Ceiling,,0
2019-11_gen6ou-0.json,Lairon,Stats,Impish,,100.000
2019-11_gen6ou-0.json,Lairon,Abilities,,Rock Head,100.0
2019-11_gen6ou-0.json,Lairon,Items,,Eviolite,100.0
2019-11_gen6ou-0.json,Lairon,Moves,,Iron Head,100.0
2019-11_gen6ou-0.json,Lairon,Moves,,Stealth Rock,100.0
2019-11_gen6ou-0.json,Lairon,Moves,,Rock Polish,100.0
2019-11_gen6ou-0.json,Lairon,Moves,,Head Smash,100.0
2019-11_gen6ou-0.json,Espurr,Stats,Raw count,,6
2019-11_gen6ou-0.json,Espurr,Stats,Avg. weight,,---
2019-11_gen6ou-0.json,Espurr,Stats,Viability Ceiling,,0
2019-11_gen6ou-0.json,Espurr,Stats,Lonely,,16.667
2019-11_gen6ou-0.json,Espurr,Stats,Quirky,,16.667
2019-11_gen6ou-0.json,Espurr,Abilities,,Infiltrator,66.667
2019-11_gen6ou-0.json,Espurr,Abilities,,Keen Eye,33.333
2019-11_gen6ou-0.json,Espurr,Items,,Rocky Helmet,66.667
2019-11_gen6ou-0.json,Espurr,Items,,Focus Sash,16.667
2019-11_gen6ou-0.json,Espurr,Items,,King's Rock,16.667
2019-11_gen6ou-0.json,Espurr,Moves,,Dark Pulse,100.0
2019-11_gen6ou-0.json,Espurr,Moves,,Psychic,83.333
2019-11_gen6ou-0.json,Espurr,Moves,,Psyshock,83.333
2019-11_gen6ou-0.json,Espurr,Moves,,Sleep Talk,66.667
2019-11_gen6ou-0.json,Espurr,Moves,,Energy Ball,33.333
2019-11_gen6ou-0.json,Espurr,Moves,,Hidden Power Fire,16.667
2019-11_gen6ou-0.json,Espurr,Moves,,Other,16.667
2019-11_gen6ou-0.json,Solrock,Stats,Raw count,,6
2019-11_gen6ou-0.json,Solrock,Stats,Avg. weight,,1.0
2019-11_gen6ou-0.json,Solrock,Stats,Viability Ceiling,,33
2019-11_gen6ou-0.json,Solrock,Stats,Modest,,33.333
2019-11_gen6ou-0.json,Solrock,Stats,Calm,,33.333
2019-11_gen6ou-0.json,Solrock,Stats,Rash,,16.667
2019-11_gen6ou-0.json,Solrock,Stats,Brave,,16.667
2019-11_gen6ou-0.json,Solrock,Abilities,,Levitate,100.0
2019-11_gen6ou-0.json,Solrock,Items,,Aguav Berry,33.333
2019-11_gen6ou-0.json,Solrock,Items,,Leftovers,33.333
2019-11_gen6ou-0.json,Solrock,Items,,Focus Sash,16.667
2019-11_gen6ou-0.json,Solrock,Items,,Nothing,16.667
2019-11_gen6ou-0.json,Solrock,Moves,,Sunny Day,83.333
2019-11_gen6ou-0.json,Solrock,Moves,,Psychic,50.0
2019-11_gen6ou-0.json,Solrock,Moves,,Solar Beam,50.0
2019-11_gen6ou-0.json,Solrock,Moves,,Fire Blast,33.333
2019-11_gen6ou-0.json,Solrock,Moves,,Reflect,33.333
2019-11_gen6ou-0.json,Solrock,Moves,,Will-O-Wisp,33.333
2019-11_gen6ou-0.json,Solrock,Moves,,Light Screen,33.333
2019-11_gen6ou-0.json,Solrock,Moves,,Fire Spin,16.667
2019-11_gen6ou-0.json,Solrock,Moves,,Rock Slide,16.667
2019-11_gen6ou-0.json,Solrock,Moves,,Stealth Rock,16.667
2019-11_gen6ou-0.json,Solrock,Moves,,Magic Coat,16.667
2019-11_gen6ou-0.json,Solrock,Moves,,Other,16.667
2019-11_gen6ou-0.json,Cleffa,Stats,Raw count,,8
2019-11_gen6ou-0.json,Cleffa,Stats,Avg. weight,,---
2019-11_gen6ou-0.json,Cleffa,Stats,Viability Ceiling,,0
2019-11_gen6ou-0.json,Cleffa,Stats,Hardy,,100.000
2019-11_gen6ou-0.json,Cleffa,Abilities,,Cute Charm,100.0
2019-11_gen6ou-0.json,Cleffa,Items,,Leftovers,100.0
2019-11_gen6ou-0.json,Cleffa,Moves,,Nothing,300.0
2019-11_gen6ou-0.json,Cleffa,Moves,,Stored Power,100.0
2019-11_gen6ou-0.json,Marshtomp,Stats,Raw count,,6
2019-11_gen6ou-0.json,Marshtomp,Stats,Avg. weight,,---
2019-11_gen6ou-0.json,Marshtomp,Stats,Viability Ceiling,,0
2019-11_gen6ou-0.json,Marshtomp,Stats,Hardy,,16.667
2019-11_gen6ou-0.json,Marshtomp,Abilities,,Torrent,100.0
2019-11_gen6ou-0.json,Marshtomp,Items,,Eviolite,66.667
2019-11_gen6ou-0.json,Marshtomp,Items,,Nothing,33.333
2019-11_gen6ou-0.json,Marshtomp,Moves,,Body Slam,66.667
2019-11_gen6ou-0.json,Marshtomp,Moves,,Aqua Tail,66.667
2019-11_gen6ou-0.json,Marshtomp,Moves,,Ice Beam,66.667
2019-11_gen6ou-0.json,Marshtomp,Moves,,Facade,66.667
2019-11_gen6ou-0.json,Marshtomp,Moves,,Water Gun,33.333
2019-11_gen6ou-0.json,Marshtomp,Moves,,Mud-Slap,33.333
2019-11_gen6ou-0.json,Marshtomp,Moves,,Tackle,33.333
2019-11_gen6ou-0.json,Marshtomp,Moves,,Hydro Pump,33.333
2019-11_gen6ou-0.json,Wartortle,Stats,Raw count,,9
2019-11_gen6ou-0.json,Wartortle,Stats,Avg. weight,,1.0
2019-11_gen6ou-0.json,Wartortle,Stats,Viability Ceiling,,68
2019-11_gen6ou-0.json,Wartortle,Stats,Careful,,44.444
2019-11_gen6ou-0.json,Wartortle,Stats,Quiet,,11.111
2019-11_gen6ou-0.json,Wartortle,Stats,Adamant,,11.111
2019-11_gen6ou-0.json,Wartortle,Stats,Modest,,11.111
2019-11_gen6ou-0.json,Wartortle,Stats,Bold,,11.111
2019-11_gen6ou-0.json,Wartortle,Abilities,,Torrent,77.778
2019-11_gen6ou-0.json,Wartortle,Abilities,,Rain Dish,22.222
2019-11_gen6ou-0.json,Wartortle,Items,,Eviolite,66.667
2019-11_gen6ou-0.json,Wartortle,Items,,Nothing,22.222
2019-11_gen6ou-0.json,Wartortle,Items,,Assault Vest,11.111
2019-11_gen6ou-0.json,Wartortle,Moves,,Rapid Spin,55.556
2019-11_gen6ou-0.json,Wartortle,Moves,,Attract,44.444
2019-11_gen6ou-0.json,Wartortle,Moves,,Counter,44.444
2019-11_gen6ou-0.json,Wartortle,Moves,,Toxic,44.444
2019-11_gen6ou-0.json,Wartortle,Moves,,Aqua Jet,33.333
2019-11_gen6ou-0.json,Wartortle,Moves,,Aqua Ring,22.222
2019-11_gen6ou-0.json,Wartortle,Moves,,Aura Sphere,22.222
2019-11_gen6ou-0.json,Wartortle,Moves,,Rain Dance,22.222
2019-11_gen6ou-0.json,Wartortle,Moves,,Scald,11.111
2019-11_gen6ou-0.json,Wartortle,Moves,,Ice Punch,11.111
2019-11_gen6ou-0.json,Wartortle,Moves,,Ice Beam,11.111
2019-11_gen6ou-0.json,Wartortle,Moves,,Fake Out,11.111
2019-11_gen6ou-0.json,Wartortle,Moves,,Dragon Pulse,11.111
2019-11_gen6ou-0.json,Wartortle,Moves,,Bite,11.111
2019-11_gen6ou-0.json,Wartortle,Moves,,Gyro Ball,11.111
2019-11_gen6ou-0.json,Wartortle,Moves,,Withdraw,11.111
2019-11_gen6ou-0.json,Wartortle,Moves,,Tackle,11.111
2019-11_gen6ou-0.json,Wartortle,Moves,,Other,11.111
2019-11_gen6ou-0.json,Spinda,Stats,Raw count,,7
2019-11_gen6ou-0.json,Spinda,Stats,Avg. weight,,1.0
2019-11_gen6ou-0.json,Spinda,Stats,Viability Ceiling,,46
2019-11_gen6ou-0.json,Spinda,Stats,Jolly,,14.286
2019-11_gen6ou-0.json,Spinda,Stats,Hasty,,28.571
2019-11_gen6ou-0.json,Spinda,Stats,Adamant,,14.286
2019-11_gen6ou-0.json,Spinda,Abilities,,Own Tempo,71.429
2019-11_gen6ou-0.json,Spinda,Abilities,,Contrary,28.571
2019-11_gen6ou-0.json,Spinda,Items,,Nothing,28.571
2019-11_gen6ou-0.json,Spinda,Items,,Life Orb,28.571
2019-11_gen6ou-0.json,Spinda,Items,,Choice Band,28.571
2019-11_gen6ou-0.json,Spinda,Items,,Normal Gem,14.286
2019-11_gen6ou-0.json,Spinda,Moves,,Nothing,85.714
2019-11_gen6ou-0.json,Spinda,Moves,,Dizzy Punch,28.571
2019-11_gen6ou-0.json,Spinda,Moves,,Hidden Power Dragon,28.571
2019-11_gen6ou-0.json,Spinda,Moves,,Hyper Voice,28.571
2019-11_gen6ou-0.json,Spinda,Moves,,Calm Mind,28.571
2019-11_gen6ou-0.json,Spinda,Moves,,Psychic,28.571
2019-11_gen6ou-0.json,Spinda,Moves,,Assist,28.571
2019-11_gen6ou-0.json,Spinda,Moves,,Drain Punch,28.571
2019-11_gen6ou-0.json,Spinda,Moves,,Water Pulse,28.571
2019-11_gen6ou-0.json,Spinda,Moves,,Shadow Ball,28.571
2019-11_gen6ou-0.json,Spinda,Moves,,Return,14.286
2019-11_gen6ou-0.json,Spinda,Moves,,Encore,14.286
2019-11_gen6ou-0.json,Spinda,Moves,,Fake Out,14.286
2019-11_gen6ou-0.json,Spinda,Moves,,Other,14.286
2019-11_gen6ou-0.json,Spoink,Stats,Raw count,,7
2019-11_gen6ou-0.json,Spoink,Stats,Avg. weight,,1.0
2019-11_gen6ou-0.json,Spoink,Stats,Viability Ceiling,,45
2019-11_gen6ou-0.json,Spoink,Stats,Hardy,,14.286
2019-11_gen6ou-0.json,Spoink,Abilities,,Thick Fat,85.714
2019-11_gen6ou-0.json,Spoink,Abilities,,Own Tempo,14.286
2019-11_gen6ou-0.json,Spoink,Items,,Choice Scarf,85.714
2019-11_gen6ou-0.json,Spoink,Items,,Leftovers,14.286
2019-11_gen6ou-0.json,Spoink,Moves,,Calm Mind,100.0
2019-11_gen6ou-0.json,Spoink,Moves,,Psychic,85.714
2019-11_gen6ou-0.json,Spoink,Moves,,Double-Edge,85.714
2019-11_gen6ou-0.json,Spoink,Moves,,Shadow Ball,85.714
2019-11_gen6ou-0.json,Spoink,Moves,,Zen Headbutt,14.286
2019-11_gen6ou-0.json,Spoink,Moves,,Rest,14.286
2019-11_gen6ou-0.json,Spoink,Moves,,Other,14.286
2019-11_gen6ou-0.json,Finneon,Stats,Raw count,,8
2019-11_gen6ou-0.json,Finneon,Stats,Avg. weight,,1.0
2019-11_gen6ou-0.json,Finneon,Stats,Viability Ceiling,,31
2019-11_gen6ou-0.json,Finneon,Stats,Timid,,100.000
2019-11_gen6ou-0.json,Finneon,Abilities,,Storm Drain,100.0
2019-11_gen6ou-0.json,Finneon,Items,,Berry Juice,100.0
2019-11_gen6ou-0.json,Finneon,Moves,,U-turn,100.0
2019-11_gen6ou-0.json,Finneon,Moves,,Defog,100.0
2019-11_gen6ou-0.json,Finneon,Moves,,Scald,100.0
2019-11_gen6ou-0.json,Finneon,Moves,,Hidden Power Fighting,100.0
2019-11_gen6ou-0.json,Elgyem,Stats,Raw count,,8
2019-11_gen6ou-0.json,Elgyem,Stats,Avg. weight,,1.0
2019-11_gen6ou-0.json,Elgyem,Stats,Viability Ceiling,,31
2019-11_gen6ou-0.json,Elgyem,Stats,Modest,,100.000
2019-11_gen6ou-0.json,Elgyem,Abilities,,Analytic,100.0
2019-11_gen6ou-0.json,Elgyem,Items,,Eviolite,100.0
2019-11_gen6ou-0.json,Elgyem,Moves,,Psychic,100.0
2019-11_gen6ou-0.json,Elgyem,Moves,,Recover,100.0
2019-11_gen6ou-0.json,Elgyem,Moves,,Thunderbolt,100.0
2019-11_gen6ou-0.json,Elgyem,Moves,,Hidden Power Fighting,100.0
2019-11_gen6ou-0.json,Pineco,Stats,Raw count,,9
2019-11_gen6ou-0.json,Pineco,Stats,Avg. weight,,1.0
2019-11_gen6ou-0.json,Pineco,Stats,Viability Ceiling,,39
2019-11_gen6ou-0.json,Pineco,Stats,Hardy,,11.111
2019-11_gen6ou-0.json,Pineco,Stats,Careful,,11.111
2019-11_gen6ou-0.json,Pineco,Stats,Brave,,11.111
2019-11_gen6ou-0.json,Pineco,Abilities,,Sturdy,100.0
2019-11_gen6ou-0.json,Pineco,Items,,Custap Berry,44.444
2019-11_gen6ou-0.json,Pineco,Items,,Berry Juice,44.444
2019-11_gen6ou-0.json,Pineco,Items,,Shell Bell,11.111
2019-11_gen6ou-0.json,Pineco,Moves,,Toxic Spikes,88.889
2019-11_gen6ou-0.json,Pineco,Moves,,Rapid Spin,66.667
2019-11_gen6ou-0.json,Pineco,Moves,,Protect,55.556
2019-11_gen6ou-0.json,Pineco,Moves,,Nothing,44.444
2019-11_gen6ou-0.json,Pineco,Moves,,Explosion,44.444
2019-11_gen6ou-0.json,Pineco,Moves,,Stealth Rock,33.333
2019-11_gen6ou-0.json,Pineco,Moves,,Pain Split,22.222
2019-11_gen6ou-0.json,Pineco,Moves,,Flail,11.111
2019-11_gen6ou-0.json,Pineco,Moves,,Spikes,11.111
2019-11_gen6ou-0.json,Pineco,Moves,,Mimic,11.111
2019-11_gen6ou-0.json,Pineco,Moves,,Other,11.111
2019-11_gen6ou-0.json,Relicanth,Stats,Raw count,,6
2019-11_gen6ou-0.json,Relicanth,Stats,Avg. weight,,1.0
2019-11_gen6ou-0.json,Relicanth,Stats,Viability Ceiling,,41
2019-11_gen6ou-0.json,Relicanth,Stats,Hardy,,16.667
2019-11_gen6ou-0.json,Relicanth,Abilities,,Rock Head,83.333
2019-11_gen6ou-0.json,Relicanth,Abilities,,Swift Swim,16.667
2019-11_gen6ou-0.json,Relicanth,Items,,Rocky Helmet,83.333
2019-11_gen6ou-0.json,Relicanth,Items,,Focus Sash,16.667
2019-11_gen6ou-0.json,Relicanth,Moves,,Earthquake,83.333
2019-11_gen6ou-0.json,Relicanth,Moves,,Harden,83.333
2019-11_gen6ou-0.json,Relicanth,Moves,,Hidden Power Fire,83.333
2019-11_gen6ou-0.json,Relicanth,Moves,,Stone Edge,83.333
2019-11_gen6ou-0.json,Relicanth,Moves,,Earth Power,16.667
2019-11_gen6ou-0.json,Relicanth,Moves,,Rain Dance,16.667
2019-11_gen6ou-0.json,Relicanth,Moves,,Aqua Tail,16.667
2019-11_gen6ou-0.json,Relicanth,Moves,,Other,16.667
2019-11_gen6ou-0.json,Swinub,Stats,Raw count,,8
2019-11_gen6ou-0.json,Swinub,Stats,Avg. weight,,1.0
2019-11_gen6ou-0.json,Swinub,Stats,Viability Ceiling,,31
2019-11_gen6ou-0.json,Swinub,Stats,Jolly,,100.000
2019-11_gen6ou-0.json,Swinub,Abilities,,Oblivious,100.0
2019-11_gen6ou-0.json,Swinub,Items,,Focus Sash,100.0
2019-11_gen6ou-0.json,Swinub,Moves,,Stealth Rock,100.0
2019-11_gen6ou-0.json,Swinub,Moves,,Endeavor,100.0
2019-11_gen6ou-0.json,Swinub,Moves,,Ice Shard,100.0
2019-11_gen6ou-0.json,Swinub,Moves,,Earthquake,100.0
2019-11_gen6ou-0.json,Fraxure,Stats,Raw count,,10
2019-11_gen6ou-0.json,Fraxure,Stats,Avg. weight,,1.0
2019-11_gen6ou-0.json,Fraxure,Stats,Viability Ceiling,,45
2019-11_gen6ou-0.json,Fraxure,Stats,Hardy,,10.000
2019-11_gen6ou-0.json,Fraxure,Stats,Naughty,,10.000
2019-11_gen6ou-0.json,Fraxure,Abilities,,Rivalry,100.0
2019-11_gen6ou-0.json,Fraxure,Items,,Dragon Fang,50.0
2019-11_gen6ou-0.json,Fraxure,Items,,Choice Scarf,30.0
2019-11_gen6ou-0.json,Fraxure,Items,,Nothing,20.0
2019-11_gen6ou-0.json,Fraxure,Moves,,Dragon Pulse,90.0
2019-11_gen6ou-0.json,Fraxure,Moves,,Hidden Power Steel,50.0
2019-11_gen6ou-0.json,Fraxure,Moves,,Outrage,50.0
2019-11_gen6ou-0.json,Fraxure,Moves,,Dragon Claw,50.0
2019-11_gen6ou-0.json,Fraxure,Moves,,Draco Meteor,50.0
2019-11_gen6ou-0.json,Fraxure,Moves,,Dragon Tail,40.0
2019-11_gen6ou-0.json,Fraxure,Moves,,Dragon Dance,30.0
2019-11_gen6ou-0.json,Fraxure,Moves,,Protect,10.0
2019-11_gen6ou-0.json,Fraxure,Moves,,Hone Claws,10.0
2019-11_gen6ou-0.json,Fraxure,Moves,,Dig,10.0
2019-11_gen6ou-0.json,Fraxure,Moves,,Other,10.0
2019-11_gen6ou-0.json,Drilbur,Stats,Raw count,,8
2019-11_gen6ou-0.json,Drilbur,Stats,Avg. weight,,1.0
2019-11_gen6ou-0.json,Drilbur,Stats,Viability Ceiling,,31
2019-11_gen6ou-0.json,Drilbur,Stats,Jolly,,100.000
2019-11_gen6ou-0.json,Drilbur,Abilities,,Mold Breaker,100.0
2019-11_gen6ou-0.json,Drilbur,Items,,Berry Juice,100.0
2019-11_gen6ou-0.json,Drilbur,Moves,,Stealth Rock,100.0
2019-11_gen6ou-0.json,Drilbur,Moves,,Rock Slide,100.0
2019-11_gen6ou-0.json,Drilbur,Moves,,Earthquake,100.0
2019-11_gen6ou-0.json,Drilbur,Moves,,Rapid Spin,100.0
2019-11_gen6ou-0.json,Herdier,Stats,Raw count,,8
2019-11_gen6ou-0.json,Herdier,Stats,Avg. weight,,---
2019-11_gen6ou-0.json,Herdier,Stats,Viability Ceiling,,0
2019-11_gen6ou-0.json,Herdier,Stats,Hardy,,12.500
2019-11_gen6ou-0.json,Herdier,Abilities,,Intimidate,100.0
2019-11_gen6ou-0.json,Herdier,Items,,Nothing,50.0
2019-11_gen6ou-0.json,Herdier,Items,,Choice Scarf,37.5
2019-11_gen6ou-0.json,Herdier,Items,,Life Orb,12.5
2019-11_gen6ou-0.json,Herdier,Moves,,Fire Fang,75.0
2019-11_gen6ou-0.json,Herdier,Moves,,Crunch,50.0
2019-11_gen6ou-0.json,Herdier,Moves,,Giga Impact,50.0
2019-11_gen6ou-0.json,Herdier,Moves,,Frustration,50.0
2019-11_gen6ou-0.json,Herdier,Moves,,Hyper Voice,37.5
2019-11_gen6ou-0.json,Herdier,Moves,,Roar,37.5
2019-11_gen6ou-0.json,Herdier,Moves,,Ice Fang,37.5
2019-11_gen6ou-0.json,Herdier,Moves,,Bite,12.5
2019-11_gen6ou-0.json,Herdier,Moves,,Endure,12.5
2019-11_gen6ou-0.json,Herdier,Moves,,Facade,12.5
2019-11_gen6ou-0.json,Herdier,Moves,,Howl,12.5
2019-11_gen6ou-0.json,Herdier,Moves,,Other,12.5
2019-11_gen6ou-0.json,Castform,Stats,Raw count,,7
2019-11_gen6ou-0.json,Castform,Stats,Avg. weight,,1.0
2019-11_gen6ou-0.json,Castform,Stats,Viability Ceiling,,55
2019-11_gen6ou-0.json,Castform,Stats,Hardy,,14.286
2019-11_gen6ou-0.json,Castform,Abilities,,Forecast,100.0
2019-11_gen6ou-0.json,Castform,Items,,Nothing,57.143
2019-11_gen6ou-0.json,Castform,Items,,Leftovers,28.571
2019-11_gen6ou-0.json,Castform,Items,,Choice Band,14.286
2019-11_gen6ou-0.json,Castform,Moves,,Sunny Day,71.429
2019-11_gen6ou-0.json,Castform,Moves,,Mimic,42.857
2019-11_gen6ou-0.json,Castform,Moves,,Rain Dance,42.857
2019-11_gen6ou-0.json,Castform,Moves,,Hail,42.857
2019-11_gen6ou-0.json,Castform,Moves,,Fire Blast,42.857
2019-11_gen6ou-0.json,Castform,Moves,,Toxic,28.571
2019-11_gen6ou-0.json,Castform,Moves,,Solar Beam,28.571
2019-11_gen6ou-0.json,Castform,Moves,,Protect,14.286
2019-11_gen6ou-0.json,Castform,Moves,,Thunderbolt,14.286
2019-11_gen6ou-0.json,Castform,Moves,,Avalanche,14.286
2019-11_gen6ou-0.json,Castform,Moves,,Disable,14.286
2019-11_gen6ou-0.json,Castform,Moves,,Frustration,14.286
2019-11_gen6ou-0.json,Castform,Moves,,Facade,14.286
2019-11_gen6ou-0.json,Castform,Moves,,Other,14.286
2019-11_gen6ou-0.json,Boldore,Stats,Raw count,,7
2019-11_gen6ou-0.json,Boldore,Stats,Avg. weight,,1.0
2019-11_gen6ou-0.json,Boldore,Stats,Viability Ceiling,,68
2019-11_gen6ou-0.json,Boldore,Stats,Hardy,,42.857
2019-11_gen6ou-0.json,Boldore,Stats,Adamant,,14.286
2019-11_gen6ou-0.json,Boldore,Abilities,,Sturdy,100.0
2019-11_gen6ou-0.json,Boldore,Items,,Leftovers,42.857
2019-11_gen6ou-0.json,Boldore,Items,,Choice Scarf,42.857
2019-11_gen6ou-0.json,Boldore,Items,,Choice Band,14.286
2019-11_gen6ou-0.json,Boldore,Moves,,Rock Slide,57.143
2019-11_gen6ou-0.json,Boldore,Moves,,Earthquake,57.143
2019-11_gen6ou-0.json,Boldore,Moves,,Stone Edge,57.143
2019-11_gen6ou-0.json,Boldore,Moves,,Earth Power,42.857
2019-11_gen6ou-0.json,Boldore,Moves,,Flash Cannon,42.857
2019-11_gen6ou-0.json,Boldore,Moves,,Iron Defense,42.857
2019-11_gen6ou-0.json,Boldore,Moves,,Autotomize,42.857
2019-11_gen6ou-0.json,Boldore,Moves,,Rock Smash,28.571
2019-11_gen6ou-0.json,Boldore,Moves,,Curse,14.286
2019-11_gen6ou-0.json,Boldore,Moves,,Other,14.286
2019-11_gen6ou-0.json,Kirlia,Stats,Raw count,,5
2019-11_gen6ou-0.json,Kirlia,Stats,Avg. weight,,1.0
2019-11_gen6ou-0.json,Kirlia,Stats,Viability Ceiling,,47
2019-11_gen6ou-0.json,Kirlia,Stats,Hardy,,60.000
2019-11_gen6ou-0.json,Kirlia,Stats,Mild,,40.000
2019-11_gen6ou-0.json,Kirlia,Abilities,,Synchronize,60.0
2019-11_gen6ou-0.json,Kirlia,Abilities,,Trace,40.0
2019-11_gen6ou-0.json,Kirlia,Items,,Choice Scarf,60.0
2019-11_gen6ou-0.json,Kirlia,Items,,Leftovers,40.0
2019-11_gen6ou-0.json,Kirlia,Moves,,Shadow Ball,100.0
2019-11_gen6ou-0.json,Kirlia,Moves,,Calm Mind,60.0
2019-11_gen6ou-0.json,Kirlia,Moves,,Psyshock,60.0
2019-11_gen6ou-0.json,Kirlia,Moves,,Dazzling Gleam,60.0
2019-11_gen6ou-0.json,Kirlia,Moves,,Hyper Voice,40.0
2019-11_gen6ou-0.json,Kirlia,Moves,,Grass Knot,40.0
2019-11_gen6ou-0.json,Kirlia,Moves,,Fire Punch,40.0
2019-11_gen6ou-0.json,Starly,Stats,Raw count,,6
2019-11_gen6ou-0.json,Starly,Stats,Avg. weight,,1.0
2019-11_gen6ou-0.json,Starly,Stats,Viability Ceiling,,51
2019-11_gen6ou-0.json,Starly,Stats,Hardy,,16.667
2019-11_gen6ou-0.json,Starly,Stats,Serious,,16.667
2019-11_gen6ou-0.json,Starly,Abilities,,Keen Eye,83.333
2019-11_gen6ou-0.json,Starly,Abilities,,Reckless,16.667
2019-11_gen6ou-0.json,Starly,Items,,Focus Sash,83.333
2019-11_gen6ou-0.json,Starly,Items,,Leftovers,16.667
2019-11_gen6ou-0.json,Starly,Moves,,Endeavor,83.333
2019-11_gen6ou-0.json,Starly,Moves,,Quick Attack,83.333
2019-11_gen6ou-0.json,Starly,Moves,,Nothing,33.333
2019-11_gen6ou-0.json,Starly,Moves,,U-turn,33.333
2019-11_gen6ou-0.json,Starly,Moves,,Brave Bird,33.333
2019-11_gen6ou-0.json,Starly,Moves,,Double-Edge,33.333
2019-11_gen6ou-0.json,Starly,Moves,,Toxic,33.333
2019-11_gen6ou-0.json,Starly,Moves,,Agility,16.667
2019-11_gen6ou-0.json,Starly,Moves,,Roost,16.667
2019-11_gen6ou-0.json,Starly,Moves,,Protect,16.667
2019-11_gen6ou-0.json,Starly,Moves,,Other,16.667
2019-11_gen6ou-0.json,Parasect,Stats,Raw count,,6
2019-11_gen6ou-0.json,Parasect,Stats,Avg. weight,,1.0
2019-11_gen6ou-0.json,Parasect,Stats,Viability Ceiling,,58
2019-11_gen6ou-0.json,Parasect,Stats,Impish,,66.667
2019-11_gen6ou-0.json,Parasect,Stats,Hardy,,16.667
2019-11_gen6ou-0.json,Parasect,Stats,Calm,,16.667
2019-11_gen6ou-0.json,Parasect,Abilities,,Dry Skin,66.667
2019-11_gen6ou-0.json,Parasect,Abilities,,Effect Spore,33.333
2019-11_gen6ou-0.json,Parasect,Items,,Leftovers,66.667
2019-11_gen6ou-0.json,Parasect,Items,,Focus Sash,16.667
2019-11_gen6ou-0.json,Parasect,Items,,Life Orb,16.667
2019-11_gen6ou-0.json,Parasect,Moves,,X-Scissor,83.333
2019-11_gen6ou-0.json,Parasect,Moves,,Leech Seed,83.333
2019-11_gen6ou-0.json,Parasect,Moves,,Spore,83.333
2019-11_gen6ou-0.json,Parasect,Moves,,Substitute,66.667
2019-11_gen6ou-0.json,Parasect,Moves,,Giga Drain,16.667
2019-11_gen6ou-0.json,Parasect,Moves,,Aromatherapy,16.667
2019-11_gen6ou-0.json,Parasect,Moves,,Rage Powder,16.667
2019-11_gen6ou-0.json,Parasect,Moves,,Energy Ball,16.667
2019-11_gen6ou-0.json,Parasect,Moves,,Other,16.667
2019-11_gen6ou-0.json,Combee,Stats,Raw count,,6
2019-11_gen6ou-0.json,Combee,Stats,Avg. weight,,1.0
2019-11_gen6ou-0.json,Combee,Stats,Viability Ceiling,,24
2019-11_gen6ou-0.json,Combee,Stats,Hardy,,100.000
2019-11_gen6ou-0.json,Combee,Abilities,,Honey Gather,100.0
2019-11_gen6ou-0.json,Combee,Items,,Choice Scarf,100.0
2019-11_gen6ou-0.json,Combee,Moves,,Tailwind,100.0
2019-11_gen6ou-0.json,Combee,Moves,,Bug Buzz,100.0
2019-11_gen6ou-0.json,Combee,Moves,,Air Cutter,100.0
2019-11_gen6ou-0.json,Combee,Moves,,Bug Bite,100.0
2019-11_gen6ou-0.json,Watchog,Stats,Raw count,,5
2019-11_gen6ou-0.json,Watchog,Stats,Avg. weight,,1.0
2019-11_gen6ou-0.json,Watchog,Stats,Viability Ceiling,,18
2019-11_gen6ou-0.json,Watchog,Stats,Hardy,,20.000
2019-11_gen6ou-0.json,Watchog,Abilities,,Illuminate,80.0
2019-11_gen6ou-0.json,Watchog,Abilities,,Analytic,20.0
2019-11_gen6ou-0.json,Watchog,Items,,Nothing,80.0
2019-11_gen6ou-0.json,Watchog,Items,,King's Rock,20.0
2019-11_gen6ou-0.json,Watchog,Moves,,Crunch,80.0
2019-11_gen6ou-0.json,Watchog,Moves,,Dream Eater,80.0
2019-11_gen6ou-0.json,Watchog,Moves,,Hypnosis,80.0
2019-11_gen6ou-0.json,Watchog,Moves,,Retaliate,80.0
2019-11_gen6ou-0.json,Watchog,Moves,,Gunk Shot,20.0
2019-11_gen6ou-0.json,Watchog,Moves,,Fire Punch,20.0
2019-11_gen6ou-0.json,Watchog,Moves,,Aqua Tail,20.0
2019-11_gen6ou-0.json,Watchog,Moves,,Other,20.0
2019-11_gen6ou-0.json,Floette,Stats,Raw count,,6
2019-11_gen6ou-0.json,Floette,Stats,Avg. weight,,1.0
2019-11_gen6ou-0.json,Floette,Stats,Viability Ceiling,,45
2019-11_gen6ou-0.json,Floette,Stats,Hardy,,83.333
2019-11_gen6ou-0.json,Floette,Stats,Modest,,16.667
2019-11_gen6ou-0.json,Floette,Abilities,,Flower Veil,100.0
2019-11_gen6ou-0.json,Floette,Items,,Choice Scarf,83.333
2019-11_gen6ou-0.json,Floette,Items,,Nothing,16.667
2019-11_gen6ou-0.json,Floette,Moves,,Moonblast,100.0
2019-11_gen6ou-0.json,Floette,Moves,,Giga Drain,83.333
2019-11_gen6ou-0.json,Floette,Moves,,Calm Mind,83.333
2019-11_gen6ou-0.json,Floette,Moves,,Dazzling Gleam,83.333
2019-11_gen6ou-0.json,Floette,Moves,,Nothing,16.667
2019-11_gen6ou-0.json,Floette,Moves,,Psychic,16.667
2019-11_gen6ou-0.json,Floette,Moves,,Other,16.667
2019-11_gen6ou-0.json,Farfetch'd,Stats,Raw count,,6
2019-11_gen6ou-0.json,Farfetch'd,Stats,Avg. weight,,1.0
2019-11_gen6ou-0.json,Farfetch'd,Stats,Viability Ceiling,,45
2019-11_gen6ou-0.json,Farfetch'd,Stats,Jolly,,83.333
2019-11_gen6ou-0.json,Farfetch'd,Stats,Adamant,,16.667
2019-11_gen6ou-0.json,Farfetch'd,Abilities,,Keen Eye,83.333
2019-11_gen6ou-0.json,Farfetch'd,Abilities,,Inner Focus,16.667
2019-11_gen6ou-0.json,Farfetch'd,Items,,Stick,83.333
2019-11_gen6ou-0.json,Farfetch'd,Items,,Choice Band,16.667
2019-11_gen6ou-0.json,Farfetch'd,Moves,,Brave Bird,100.0
2019-11_gen6ou-0.json,Farfetch'd,Moves,,Steel Wing,83.333
2019-11_gen6ou-0.json,Farfetch'd,Moves,,Frustration,83.333
2019-11_gen6ou-0.json,Farfetch'd,Moves,,Leaf Blade,66.667
2019-11_gen6ou-0.json,Farfetch'd,Moves,,U-turn,33.333
2019-11_gen6ou-0.json,Farfetch'd,Moves,,Knock Off,16.667
2019-11_gen6ou-0.json,Farfetch'd,Moves,,Other,16.667
2019-11_gen6ou-0.json,Inkay,Stats,Raw count,,5
2019-11_gen6ou-0.json,Inkay,Stats,Avg. weight,,1.0
2019-11_gen6ou-0.json,Inkay,Stats,Viability Ceiling,,14
2019-11_gen6ou-0.json,Inkay,Stats,Hardy,,80.000
2019-11_gen6ou-0.json,Inkay,Stats,Jolly,,20.000
2019-11_gen6ou-0.json,Inkay,Abilities,,Contrary,100.0
2019-11_gen6ou-0.json,Inkay,Items,,Nothing,80.0
2019-11_gen6ou-0.json,Inkay,Items,,Life Orb,20.0
2019-11_gen6ou-0.json,Inkay,Moves,,Psycho Cut,100.0
2019-11_gen6ou-0.json,Inkay,Moves,,Dark Pulse,80.0
2019-11_gen6ou-0.json,Inkay,Moves,,Foul Play,80.0
2019-11_gen6ou-0.json,Inkay,Moves,,Psychic,80.0
2019-11_gen6ou-0.json,Inkay,Moves,,Knock Off,20.0
2019-11_gen6ou-0.json,Inkay,Moves,,Switcheroo,20.0
2019-11_gen6ou-0.json,Inkay,Moves,,Other,20.0
2019-11_gen6ou-0.json,Noibat,Stats,Raw count,,5
2019-11_gen6ou-0.json,Noibat,Stats,Avg. weight,,1.0
2019-11_gen6ou-0.json,Noibat,Stats,Viability Ceiling,,45
2019-11_gen6ou-0.json,Noibat,Stats,Hardy,,20.000
2019-11_gen6ou-0.json,Noibat,Abilities,,Frisk,100.0
2019-11_gen6ou-0.json,Noibat,Items,,Nothing,100.0
2019-11_gen6ou-0.json,Noibat,Moves,,Supersonic,60.0
2019-11_gen6ou-0.json,Noibat,Moves,,Steel Wing,60.0
2019-11_gen6ou-0.json,Noibat,Moves,,Outrage,60.0
2019-11_gen6ou-0.json,Noibat,Moves,,Acrobatics,60.0
2019-11_gen6ou-0.json,Noibat,Moves,,Dragon Pulse,40.0
2019-11_gen6ou-0.json,Noibat,Moves,,Screech,40.0
2019-11_gen6ou-0.json,Noibat,Moves,,Tackle,40.0
2019-11_gen6ou-0.json,Noibat,Moves,,Gust,40.0
2019-11_gen6ou-0.json,Porygon,Stats,Raw count,,6
2019-11_gen6ou-0.json,Porygon,Stats,Avg. weight,,1.0
2019-11_gen6ou-0.json,Porygon,Stats,Viability Ceiling,,44
2019-11_gen6ou-0.json,Porygon,Stats,Hardy,,16.667
2019-11_gen6ou-0.json,Porygon,Stats,Modest,,33.333
2019-11_gen6ou-0.json,Porygon,Abilities,,Trace,66.667
2019-11_gen6ou-0.json,Porygon,Abilities,,Download,33.333
2019-11_gen6ou-0.json,Porygon,Items,,Nothing,50.0
2019-11_gen6ou-0.json,Porygon,Items,,Leftovers,33.333
2019-11_gen6ou-0.json,Porygon,Items,,Rocky Helmet,16.667
2019-11_gen6ou-0.json,Porygon,Moves,,Hyper Beam,83.333
2019-11_gen6ou-0.json,Porygon,Moves,,Conversion 2,50.0
2019-11_gen6ou-0.json,Porygon,Moves,,Shadow Ball,50.0
2019-11_gen6ou-0.json,Porygon,Moves,,Mimic,50.0
2019-11_gen6ou-0.json,Porygon,Moves,,Psybeam,33.333
2019-11_gen6ou-0.json,Porygon,Moves,,Thunderbolt,33.333
2019-11_gen6ou-0.json,Porygon,Moves,,Tri Attack,33.333
2019-11_gen6ou-0.json,Porygon,Moves,,Icy Wind,16.667
2019-11_gen6ou-0.json,Porygon,Moves,,Blizzard,16.667
2019-11_gen6ou-0.json,Porygon,Moves,,Foul Play,16.667
2019-11_gen6ou-0.json,Porygon,Moves,,Other,16.667
2019-11_gen6ou-0.json,Solosis,Stats,Raw count,,6
2019-11_gen6ou-0.json,Solosis,Stats,Avg. weight,,1.0
2019-11_gen6ou-0.json,Solosis,Stats,Viability Ceiling,,24
2019-11_gen6ou-0.json,Solosis,Stats,Hardy,,100.000
2019-11_gen6ou-0.json,Solosis,Abilities,,Overcoat,100.0
2019-11_gen6ou-0.json,Solosis,Items,,Choice Scarf,100.0
2019-11_gen6ou-0.json,Solosis,Moves,,Calm Mind,100.0
2019-11_gen6ou-0.json,Solosis,Moves,,Psychic,100.0
2019-11_gen6ou-0.json,Solosis,Moves,,Psyshock,100.0
2019-11_gen6ou-0.json,Solosis,Moves,,Energy Ball,100.0
2019-11_gen6ou-0.json,Timburr,Stats,Raw count,,6
2019-11_gen6ou-0.json,Timburr,Stats,Avg. weight,,1.0
2019-11_gen6ou-0.json,Timburr,Stats,Viability Ceiling,,24
2019-11_gen6ou-0.json,Timburr,Stats,Hardy,,100.000
2019-11_gen6ou-0.json,Timburr,Abilities,,Guts,100.0
2019-11_gen6ou-0.json,Timburr,Items,,Choice Scarf,100.0
2019-11_gen6ou-0.json,Timburr,Moves,,Drain Punch,100.0
2019-11_gen6ou-0.json,Timburr,Moves,,Brick Break,100.0
2019-11_gen6ou-0.json,Timburr,Moves,,Fire Punch,100.0
2019-11_gen6ou-0.json,Timburr,Moves,,Bulk Up,100.0
2019-11_gen6ou-0.json,Glameow,Stats,Raw count,,7
2019-11_gen6ou-0.json,Glameow,Stats,Avg. weight,,1.0
2019-11_gen6ou-0.json,Glameow,Stats,Viability Ceiling,,17
2019-11_gen6ou-0.json,Glameow,Stats,Hardy,,100.000
2019-11_gen6ou-0.json,Glameow,Abilities,,Limber,100.0
2019-11_gen6ou-0.json,Glameow,Items,,Nothing,100.0
2019-11_gen6ou-0.json,Glameow,Moves,,Iron Tail,100.0
2019-11_gen6ou-0.json,Glameow,Moves,,Foul Play,100.0
2019-11_gen6ou-0.json,Glameow,Moves,,Cut,100.0
2019-11_gen6ou-0.json,Glameow,Moves,,Shadow Claw,100.0
2019-11_gen6ou-0.json,Gourgeist-Large,Stats,Raw count,,5
2019-11_gen6ou-0.json,Gourgeist-Large,Stats,Avg. weight,,1.0
2019-11_gen6ou-0.json,Gourgeist-Large,Stats,Viability Ceiling,,76
2019-11_gen6ou-0.json,Gourgeist-Large,Stats,Bold,,100.000
2019-11_gen6ou-0.json,Gourgeist-Large,Abilities,,Frisk,100.0
2019-11_gen6ou-0.json,Gourgeist-Large,Items,,Leftovers,100.0
2019-11_gen6ou-0.json,Gourgeist-Large,Moves,,Fire Blast,100.0
2019-11_gen6ou-0.json,Gourgeist-Large,Moves,,Synthesis,100.0
2019-11_gen6ou-0.json,Gourgeist-Large,Moves,,Trick-or-Treat,100.0
2019-11_gen6ou-0.json,Gourgeist-Large,Moves,,Will-O-Wisp,100.0
2019-11_gen6ou-0.json,Palpitoad,Stats,Raw count,,5
2019-11_gen6ou-0.json,Palpitoad,Stats,Avg. weight,,1.0
2019-11_gen6ou-0.json,Palpitoad,Stats,Viability Ceiling,,38
2019-11_gen6ou-0.json,Palpitoad,Stats,Hardy,,80.000
2019-11_gen6ou-0.json,Palpitoad,Stats,Modest,,20.000
2019-11_gen6ou-0.json,Palpitoad,Abilities,,Swift Swim,80.0
2019-11_gen6ou-0.json,Palpitoad,Abilities,,Water Absorb,20.0
2019-11_gen6ou-0.json,Palpitoad,Items,,Nothing,80.0
2019-11_gen6ou-0.json,Palpitoad,Items,,Apicot Berry,20.0
2019-11_gen6ou-0.json,Palpitoad,Moves,,Water Pulse,100.0
2019-11_gen6ou-0.json,Palpitoad,Moves,,Earth Power,100.0
2019-11_gen6ou-0.json,Palpitoad,Moves,,Hydro Pump,100.0
2019-11_gen6ou-0.json,Palpitoad,Moves,,Mud Bomb,80.0
2019-11_gen6ou-0.json,Palpitoad,Moves,,Hyper Voice,20.0
2019-11_gen6ou-0.json,Beautifly,Stats,Raw count,,7
2019-11_gen6ou-0.json,Beautifly,Stats,Avg. weight,,1.0
2019-11_gen6ou-0.json,Beautifly,Stats,Viability Ceiling,,47
2019-11_gen6ou-0.json,Beautifly,Stats,Modest,,14.286
2019-11_gen6ou-0.json,Beautifly,Stats,Hardy,,14.286
2019-11_gen6ou-0.json,Beautifly,Abilities,,Swarm,85.714
2019-11_gen6ou-0.json,Beautifly,Abilities,,Rivalry,14.286
2019-11_gen6ou-0.json,Beautifly,Items,,Wide Lens,71.429
2019-11_gen6ou-0.json,Beautifly,Items,,Nothing,14.286
2019-11_gen6ou-0.json,Beautifly,Items,,Assault Vest,14.286
2019-11_gen6ou-0.json,Beautifly,Moves,,Giga Drain,85.714
2019-11_gen6ou-0.json,Beautifly,Moves,,Bug Buzz,85.714
2019-11_gen6ou-0.json,Beautifly,Moves,,Stun Spore,71.429
2019-11_gen6ou-0.json,Beautifly,Moves,,Quiver Dance,71.429
2019-11_gen6ou-0.json,Beautifly,Moves,,U-turn,14.286
2019-11_gen6ou-0.json,Beautifly,Moves,,Bug Bite,14.286
2019-11_gen6ou-0.json,Beautifly,Moves,,Gust,14.286
2019-11_gen6ou-0.json,Beautifly,Moves,,Psychic,14.286
2019-11_gen6ou-0.json,Beautifly,Moves,,Aerial Ace,14.286
2019-11_gen6ou-0.json,Beautifly,Moves,,Other,14.286
2019-11_gen6ou-0.json,Beheeyem,Stats,Raw count,,5
2019-11_gen6ou-0.json,Beheeyem,Stats,Avg. weight,,1.0
2019-11_gen6ou-0.json,Beheeyem,Stats,Viability Ceiling,,43
2019-11_gen6ou-0.json,Beheeyem,Stats,Hardy,,60.000
2019-11_gen6ou-0.json,Beheeyem,Stats,Calm,,40.000
2019-11_gen6ou-0.json,Beheeyem,Abilities,,Synchronize,60.0
2019-11_gen6ou-0.json,Beheeyem,Abilities,,Analytic,40.0
2019-11_gen6ou-0.json,Beheeyem,Items,,Cell Battery,60.0
2019-11_gen6ou-0.json,Beheeyem,Items,,Leftovers,40.0
2019-11_gen6ou-0.json,Beheeyem,Moves,,Charge Beam,100.0
2019-11_gen6ou-0.json,Beheeyem,Moves,,Rock Slide,60.0
2019-11_gen6ou-0.json,Beheeyem,Moves,,Rest,60.0
2019-11_gen6ou-0.json,Beheeyem,Moves,,Attract,60.0
2019-11_gen6ou-0.json,Beheeyem,Moves,,Psychic,40.0
2019-11_gen6ou-0.json,Beheeyem,Moves,,Recover,40.0
2019-11_gen6ou-0.json,Beheeyem,Moves,,Cosmic Power,40.0
2019-11_gen6ou-0.json,Tranquill,Stats,Raw count,,6
2019-11_gen6ou-0.json,Tranquill,Stats,Avg. weight,,1.0
2019-11_gen6ou-0.json,Tranquill,Stats,Viability Ceiling,,28
2019-11_gen6ou-0.json,Tranquill,Stats,Hardy,,16.667
2019-11_gen6ou-0.json,Tranquill,Stats,Naughty,,16.667
2019-11_gen6ou-0.json,Tranquill,Abilities,,Big Pecks,100.0
2019-11_gen6ou-0.json,Tranquill,Items,,Nothing,83.333
2019-11_gen6ou-0.json,Tranquill,Items,,Focus Sash,16.667
2019-11_gen6ou-0.json,Tranquill,Moves,,Pluck,66.667
2019-11_gen6ou-0.json,Tranquill,Moves,,Facade,66.667
2019-11_gen6ou-0.json,Tranquill,Moves,,Air Slash,66.667
2019-11_gen6ou-0.json,Tranquill,Moves,,Quick Attack,66.667
2019-11_gen6ou-0.json,Tranquill,Moves,,Air Cutter,33.333
2019-11_gen6ou-0.json,Tranquill,Moves,,Fly,16.667
2019-11_gen6ou-0.json,Tranquill,Moves,,Hidden Power Dragon,16.667
2019-11_gen6ou-0.json,Tranquill,Moves,,Gust,16.667
2019-11_gen6ou-0.json,Tranquill,Moves,,Sky Attack,16.667
2019-11_gen6ou-0.json,Tranquill,Moves,,Toxic,16.667
2019-11_gen6ou-0.json,Tranquill,Moves,,Other,16.667
2019-11_gen6ou-0.json,Patrat,Stats,Raw count,,6
2019-11_gen6ou-0.json,Patrat,Stats,Avg. weight,,1.0
2019-11_gen6ou-0.json,Patrat,Stats,Viability Ceiling,,24
2019-11_gen6ou-0.json,Patrat,Stats,Hardy,,100.000
2019-11_gen6ou-0.json,Patrat,Abilities,,Run Away,66.667
2019-11_gen6ou-0.json,Patrat,Abilities,,Keen Eye,33.333
2019-11_gen6ou-0.json,Patrat,Items,,Choice Scarf,100.0
2019-11_gen6ou-0.json,Patrat,Moves,,Crunch,100.0
2019-11_gen6ou-0.json,Patrat,Moves,,Super Fang,100.0
2019-11_gen6ou-0.json,Patrat,Moves,,Dig,100.0
2019-11_gen6ou-0.json,Patrat,Moves,,Grass Knot,100.0
2019-11_gen6ou-0.json,Munchlax,Stats,Raw count,,6
2019-11_gen6ou-0.json,Munchlax,Stats,Avg. weight,,1.0
2019-11_gen6ou-0.json,Munchlax,Stats,Viability Ceiling,,48
2019-11_gen6ou-0.json,Munchlax,Stats,Sassy,,83.333
2019-11_gen6ou-0.json,Munchlax,Stats,Brave,,16.667
2019-11_gen6ou-0.json,Munchlax,Abilities,,Thick Fat,100.0
2019-11_gen6ou-0.json,Munchlax,Items,,Eviolite,83.333
2019-11_gen6ou-0.json,Munchlax,Items,,Rocky Helmet,16.667
2019-11_gen6ou-0.json,Munchlax,Moves,,Lick,83.333
2019-11_gen6ou-0.json,Munchlax,Moves,,Counter,83.333
2019-11_gen6ou-0.json,Munchlax,Moves,,Facade,83.333
2019-11_gen6ou-0.json,Munchlax,Moves,,Toxic,83.333
2019-11_gen6ou-0.json,Munchlax,Moves,,Nothing,16.667
2019-11_gen6ou-0.json,Munchlax,Moves,,Rest,16.667
2019-11_gen6ou-0.json,Munchlax,Moves,,Sleep Talk,16.667
2019-11_gen6ou-0.json,Munchlax,Moves,,Other,16.667
2019-11_gen6ou-0.json,Torchic,Stats,Raw count,,7
2019-11_gen6ou-0.json,Torchic,Stats,Avg. weight,,1.0
2019-11_gen6ou-0.json,Torchic,Stats,Viability Ceiling,,47
2019-11_gen6ou-0.json,Torchic,Stats,Hardy,,14.286
2019-11_gen6ou-0.json,Torchic,Stats,Timid,,42.857
2019-11_gen6ou-0.json,Torchic,Abilities,,Blaze,57.143
2019-11_gen6ou-0.json,Torchic,Abilities,,Speed Boost,42.857
2019-11_gen6ou-0.json,Torchic,Items,,Focus Sash,42.857
2019-11_gen6ou-0.json,Torchic,Items,,Choice Scarf,42.857
2019-11_gen6ou-0.json,Torchic,Items,,Leftovers,14.286
2019-11_gen6ou-0.json,Torchic,Moves,,Overheat,100.0
2019-11_gen6ou-0.json,Torchic,Moves,,Fire Blast,57.143
2019-11_gen6ou-0.json,Torchic,Moves,,Agility,42.857
2019-11_gen6ou-0.json,Torchic,Moves,,Rock Slide,42.857
2019-11_gen6ou-0.json,Torchic,Moves,,Aerial Ace,42.857
2019-11_gen6ou-0.json,Torchic,Moves,,Hidden Power Fighting,42.857
2019-11_gen6ou-0.json,Torchic,Moves,,Flamethrower,42.857
2019-11_gen6ou-0.json,Torchic,Moves,,Body Slam,14.286
2019-11_gen6ou-0.json,Torchic,Moves,,Other,14.286
2019-11_gen6ou-0.json,Snubbull,Stats,Raw count,,4
2019-11_gen6ou-0.json,Snubbull,Stats,Avg. weight,,1.0
2019-11_gen6ou-0.json,Snubbull,Stats,Viability Ceiling,,27
2019-11_gen6ou-0.json,Snubbull,Stats,Hardy,,100.000
2019-11_gen6ou-0.json,Snubbull,Abilities,,Intimidate,100.0
2019-11_gen6ou-0.json,Snubbull,Items,,Choice Scarf,100.0
2019-11_gen6ou-0.json,Snubbull,Moves,,Crunch,100.0
2019-11_gen6ou-0.json,Snubbull,Moves,,Body Slam,100.0
2019-11_gen6ou-0.json,Snubbull,Moves,,Play Rough,100.0
2019-11_gen6ou-0.json,Snubbull,Moves,,Dazzling Gleam,100.0
2019-11_gen6ou-0.json,Kadabra,Stats,Raw count,,6
2019-11_gen6ou-0.json,Kadabra,Stats,Avg. weight,,1.0
2019-11_gen6ou-0.json,Kadabra,Stats,Viability Ceiling,,45
2019-11_gen6ou-0.json,Kadabra,Stats,Hardy,,16.667
2019-11_gen6ou-0.json,Kadabra,Abilities,,Synchronize,83.333
2019-11_gen6ou-0.json,Kadabra,Abilities,,Inner Focus,16.667
2019-11_gen6ou-0.json,Kadabra,Items,,Aguav Berry,50.0
2019-11_gen6ou-0.json,Kadabra,Items,,Nothing,33.333
2019-11_gen6ou-0.json,Kadabra,Items,,Focus Sash,16.667
2019-11_gen6ou-0.json,Kadabra,Moves,,Nothing,66.667
2019-11_gen6ou-0.json,Kadabra,Moves,,Psychic,50.0
2019-11_gen6ou-0.json,Kadabra,Moves,,Psycho Cut,50.0
2019-11_gen6ou-0.json,Kadabra,Moves,,Psyshock,50.0
2019-11_gen6ou-0.json,Kadabra,Moves,,Light Screen,50.0
2019-11_gen6ou-0.json,Kadabra,Moves,,Teleport,33.333
2019-11_gen6ou-0.json,Kadabra,Moves,,Confusion,33.333
2019-11_gen6ou-0.json,Kadabra,Moves,,Foul Play,16.667
2019-11_gen6ou-0.json,Kadabra,Moves,,Fire Punch,16.667
2019-11_gen6ou-0.json,Kadabra,Moves,,Focus Punch,16.667
2019-11_gen6ou-0.json,Kadabra,Moves,,Other,16.667
2019-11_gen6ou-0.json,Zorua,Stats,Raw count,,7
2019-11_gen6ou-0.json,Zorua,Stats,Avg. weight,,1.0
2019-11_gen6ou-0.json,Zorua,Stats,Viability Ceiling,,55
2019-11_gen6ou-0.json,Zorua,Stats,Hardy,,14.286
2019-11_gen6ou-0.json,Zorua,Abilities,,Illusion,100.0
2019-11_gen6ou-0.json,Zorua,Items,,Life Orb,42.857
2019-11_gen6ou-0.json,Zorua,Items,,Leftovers,28.571
2019-11_gen6ou-0.json,Zorua,Items,,Nothing,14.286
2019-11_gen6ou-0.json,Zorua,Items,,Black Glasses,14.286
2019-11_gen6ou-0.json,Zorua,Moves,,Dark Pulse,100.0
2019-11_gen6ou-0.json,Zorua,Moves,,Shadow Ball,85.714
2019-11_gen6ou-0.json,Zorua,Moves,,Protect,42.857
2019-11_gen6ou-0.json,Zorua,Moves,,Extrasensory,42.857
2019-11_gen6ou-0.json,Zorua,Moves,,U-turn,28.571
2019-11_gen6ou-0.json,Zorua,Moves,,Sucker Punch,28.571
2019-11_gen6ou-0.json,Zorua,Moves,,Taunt,14.286
2019-11_gen6ou-0.json,Zorua,Moves,,Foul Play,14.286
2019-11_gen6ou-0.json,Zorua,Moves,,Rain Dance,14.286
2019-11_gen6ou-0.json,Zorua,Moves,,Snarl,14.286
2019-11_gen6ou-0.json,Zorua,Moves,,Other,14.286
2019-11_gen6ou-0.json,Piloswine,Stats,Raw count,,6
2019-11_gen6ou-0.json,Piloswine,Stats,Avg. weight,,---
2019-11_gen6ou-0.json,Piloswine,Stats,Viability Ceiling,,0
2019-11_gen6ou-0.json,Piloswine,Stats,Adamant,,50.000
2019-11_gen6ou-0.json,Piloswine,Stats,Impish,,33.333
2019-11_gen6ou-0.json,Piloswine,Stats,Quiet,,16.667
2019-11_gen6ou-0.json,Piloswine,Abilities,,Thick Fat,100.0
2019-11_gen6ou-0.json,Piloswine,Items,,Eviolite,83.333
2019-11_gen6ou-0.json,Piloswine,Items,,Focus Sash,16.667
2019-11_gen6ou-0.json,Piloswine,Moves,,Ice Shard,50.0
2019-11_gen6ou-0.json,Piloswine,Moves,,Stone Edge,50.0
2019-11_gen6ou-0.json,Piloswine,Moves,,Stealth Rock,50.0
2019-11_gen6ou-0.json,Piloswine,Moves,,Earthquake,50.0
2019-11_gen6ou-0.json,Piloswine,Moves,,Rest,33.333
2019-11_gen6ou-0.json,Piloswine,Moves,,Reflect,33.333
2019-11_gen6ou-0.json,Piloswine,Moves,,Sleep Talk,33.333
2019-11_gen6ou-0.json,Piloswine,Moves,,Body Slam,33.333
2019-11_gen6ou-0.json,Piloswine,Moves,,Icy Wind,16.667
2019-11_gen6ou-0.json,Piloswine,Moves,,Blizzard,16.667
2019-11_gen6ou-0.json,Piloswine,Moves,,Fury Attack,16.667
2019-11_gen6ou-0.json,Piloswine,Moves,,Other,16.667
2019-11_gen6ou-0.json,Maractus,Stats,Raw count,,4
2019-11_gen6ou-0.json,Maractus,Stats,Avg. weight,,1.0
2019-11_gen6ou-0.json,Maractus,Stats,Viability Ceiling,,42
2019-11_gen6ou-0.json,Maractus,Stats,Adamant,,100.000
2019-11_gen6ou-0.json,Maractus,Abilities,,Water Absorb,100.0
2019-11_gen6ou-0.json,Maractus,Items,,Focus Sash,100.0
2019-11_gen6ou-0.json,Maractus,Moves,,Endeavor,100.0
2019-11_gen6ou-0.json,Maractus,Moves,,Sucker Punch,100.0
2019-11_gen6ou-0.json,Maractus,Moves,,Spiky Shield,100.0
2019-11_gen6ou-0.json,Maractus,Moves,,Petal Blizzard,100.0
2019-11_gen6ou-0.json,Charmander,Stats,Raw count,,7
2019-11_gen6ou-0.json,Charmander,Stats,Avg. weight,,1.0
2019-11_gen6ou-0.json,Charmander,Stats,Viability Ceiling,,62
2019-11_gen6ou-0.json,Charmander,Stats,Adamant,,28.571
2019-11_gen6ou-0.json,Charmander,Stats,Hardy,,14.286
2019-11_gen6ou-0.json,Charmander,Stats,Brave,,14.286
2019-11_gen6ou-0.json,Charmander,Abilities,,Blaze,85.714
2019-11_gen6ou-0.json,Charmander,Abilities,,Solar Power,14.286
2019-11_gen6ou-0.json,Charmander,Items,,Leftovers,57.143
2019-11_gen6ou-0.json,Charmander,Items,,Nothing,28.571
2019-11_gen6ou-0.json,Charmander,Items,,Poke Ball,14.286
2019-11_gen6ou-0.json,Charmander,Moves,,Flame Burst,42.857
2019-11_gen6ou-0.json,Charmander,Moves,,Flamethrower,42.857
2019-11_gen6ou-0.json,Charmander,Moves,,Nothing,28.571
2019-11_gen6ou-0.json,Charmander,Moves,,Rock Slide,28.571
2019-11_gen6ou-0.json,Charmander,Moves,,Dragon Dance,28.571
2019-11_gen6ou-0.json,Charmander,Moves,,Brick Break,28.571
2019-11_gen6ou-0.json,Charmander,Moves,,Dragon Pulse,28.571
2019-11_gen6ou-0.json,Charmander,Moves,,Fire Pledge,28.571
2019-11_gen6ou-0.json,Charmander,Moves,,Fire Punch,28.571
2019-11_gen6ou-0.json,Charmander,Moves,,Fire Blast,28.571
2019-11_gen6ou-0.json,Charmander,Moves,,Fire Fang,14.286
2019-11_gen6ou-0.json,Charmander,Moves,,Hidden Power Dragon,14.286
2019-11_gen6ou-0.json,Charmander,Moves,,Ember,14.286
2019-11_gen6ou-0.json,Charmander,Moves,,Growl,14.286
2019-11_gen6ou-0.json,Charmander,Moves,,Dragon Rage,14.286
2019-11_gen6ou-0.json,Charmander,Moves,,Other,14.286
2019-11_gen6ou-0.json,Togepi,Stats,Raw count,,6
2019-11_gen6ou-0.json,Togepi,Stats,Avg. weight,,1.0
2019-11_gen6ou-0.json,Togepi,Stats,Viability Ceiling,,45
2019-11_gen6ou-0.json,Togepi,Stats,Hardy,,16.667
2019-11_gen6ou-0.json,Togepi,Abilities,,Hustle,83.333
2019-11_gen6ou-0.json,Togepi,Abilities,,Serene Grace,16.667
2019-11_gen6ou-0.json,Togepi,Items,,Nothing,50.0
2019-11_gen6ou-0.json,Togepi,Items,,Leftovers,33.333
2019-11_gen6ou-0.json,Togepi,Items,,Mental Herb,16.667
2019-11_gen6ou-0.json,Togepi,Moves,,Nothing,200.0
2019-11_gen6ou-0.json,Togepi,Moves,,Metronome,66.667
2019-11_gen6ou-0.json,Togepi,Moves,,Shadow Ball,33.333
2019-11_gen6ou-0.json,Togepi,Moves,,Signal Beam,33.333
2019-11_gen6ou-0.json,Togepi,Moves,,Dazzling Gleam,33.333
2019-11_gen6ou-0.json,Togepi,Moves,,Flamethrower,33.333
2019-11_gen6ou-0.json,Fletchling,Stats,Raw count,,5
2019-11_gen6ou-0.json,Fletchling,Stats,Avg. weight,,1.0
2019-11_gen6ou-0.json,Fletchling,Stats,Viability Ceiling,,45
2019-11_gen6ou-0.json,Fletchling,Stats,Hardy,,20.000
2019-11_gen6ou-0.json,Fletchling,Abilities,,Big Pecks,100.0
2019-11_gen6ou-0.json,Fletchling,Items,,Nothing,60.0
2019-11_gen6ou-0.json,Fletchling,Items,,Life Orb,40.0
2019-11_gen6ou-0.json,Fletchling,Moves,,Peck,80.0
2019-11_gen6ou-0.json,Fletchling,Moves,,Nothing,60.0
2019-11_gen6ou-0.json,Fletchling,Moves,,Protect,60.0
2019-11_gen6ou-0.json,Fletchling,Moves,,Aerial Ace,60.0
2019-11_gen6ou-0.json,Fletchling,Moves,,Quick Attack,60.0
2019-11_gen6ou-0.json,Fletchling,Moves,,Roost,40.0
2019-11_gen6ou-0.json,Fletchling,Moves,,Growl,40.0
2019-11_gen6ou-0.json,Minun,Stats,Raw count,,6
2019-11_gen6ou-0.json,Minun,Stats,Avg. weight,,1.0
2019-11_gen6ou-0.json,Minun,Stats,Viability Ceiling,,54
2019-11_gen6ou-0.json,Minun,Stats,Hardy,,33.333
2019-11_gen6ou-0.json,Minun,Stats,Modest,,16.667
2019-11_gen6ou-0.json,Minun,Abilities,,Volt Absorb,50.0
2019-11_gen6ou-0.json,Minun,Abilities,,Minus,50.0
2019-11_gen6ou-0.json,Minun,Items,,Choice Band,50.0
2019-11_gen6ou-0.json,Minun,Items,,Leftovers,33.333
2019-11_gen6ou-0.json,Minun,Items,,Focus Sash,16.667
2019-11_gen6ou-0.json,Minun,Moves,,Grass Knot,100.0
2019-11_gen6ou-0.json,Minun,Moves,,Discharge,100.0
2019-11_gen6ou-0.json,Minun,Moves,,Nuzzle,66.667
2019-11_gen6ou-0.json,Minun,Moves,,Agility,50.0
2019-11_gen6ou-0.json,Minun,Moves,,Frustration,33.333
2019-11_gen6ou-0.json,Minun,Moves,,Facade,33.333
2019-11_gen6ou-0.json,Minun,Moves,,Other,16.667
2019-11_gen6ou-0.json,Metapod,Stats,Raw count,,5
2019-11_gen6ou-0.json,Metapod,Stats,Avg. weight,,1.0
2019-11_gen6ou-0.json,Metapod,Stats,Viability Ceiling,,45
2019-11_gen6ou-0.json,Metapod,Stats,Hardy,,20.000
2019-11_gen6ou-0.json,Metapod,Stats,Sassy,,20.000
2019-11_gen6ou-0.json,Metapod,Stats,Calm,,20.000
2019-11_gen6ou-0.json,Metapod,Abilities,,Shed Skin,100.0
2019-11_gen6ou-0.json,Metapod,Items,,Nothing,60.0
2019-11_gen6ou-0.json,Metapod,Items,,Leftovers,40.0
2019-11_gen6ou-0.json,Metapod,Moves,,String Shot,100.0
2019-11_gen6ou-0.json,Metapod,Moves,,Nothing,60.0
2019-11_gen6ou-0.json,Metapod,Moves,,Tackle,60.0
2019-11_gen6ou-0.json,Metapod,Moves,,Snore,40.0
2019-11_gen6ou-0.json,Metapod,Moves,,Bug Bite,40.0
2019-11_gen6ou-0.json,Metapod,Moves,,Iron Defense,40.0
2019-11_gen6ou-0.json,Metapod,Moves,,Harden,40.0
2019-11_gen6ou-0.json,Metapod,Moves,,Electroweb,20.0
2019-11_gen6ou-0.json,Magikarp,Stats,Raw count,,7
2019-11_gen6ou-0.json,Magikarp,Stats,Avg. weight,,1.0
2019-11_gen6ou-0.json,Magikarp,Stats,Viability Ceiling,,50
2019-11_gen6ou-0.json,Magikarp,Stats,Hardy,,14.286
2019-11_gen6ou-0.json,Magikarp,Stats,Naughty,,14.286
2019-11_gen6ou-0.json,Magikarp,Stats,Jolly,,14.286
2019-11_gen6ou-0.json,Magikarp,Abilities,,Swift Swim,100.0
2019-11_gen6ou-0.json,Magikarp,Items,,Nothing,42.857
2019-11_gen6ou-0.json,Magikarp,Items,,Focus Sash,28.571
2019-11_gen6ou-0.json,Magikarp,Items,,Life Orb,14.286
2019-11_gen6ou-0.json,Magikarp,Items,,Choice Specs,14.286
2019-11_gen6ou-0.json,Magikarp,Moves,,Nothing,157.143
2019-11_gen6ou-0.json,Magikarp,Moves,,Hydro Pump,57.143
2019-11_gen6ou-0.json,Magikarp,Moves,,Flail,42.857
2019-11_gen6ou-0.json,Magikarp,Moves,,Bounce,42.857
2019-11_gen6ou-0.json,Magikarp,Moves,,Splash,42.857
2019-11_gen6ou-0.json,Magikarp,Moves,,Tackle,42.857
2019-11_gen6ou-0.json,Magikarp,Moves,,Other,14.286
2019-11_gen6ou-0.json,Vulpix,Stats,Raw count,,5
2019-11_gen6ou-0.json,Vulpix,Stats,Avg. weight,,1.0
2019-11_gen6ou-0.json,Vulpix,Stats,Viability Ceiling,,44
2019-11_gen6ou-0.json,Vulpix,Stats,Bold,,80.000
2019-11_gen6ou-0.json,Vulpix,Stats,Calm,,20.000
2019-11_gen6ou-0.json,Vulpix,Abilities,,Drought,80.0
2019-11_gen6ou-0.json,Vulpix,Abilities,,Flash Fire,20.0
2019-11_gen6ou-0.json,Vulpix,Items,,Eviolite,80.0
2019-11_gen6ou-0.json,Vulpix,Items,,Nothing,20.0
2019-11_gen6ou-0.json,Vulpix,Moves,,Will-O-Wisp,100.0
2019-11_gen6ou-0.json,Vulpix,Moves,,Hex,80.0
2019-11_gen6ou-0.json,Vulpix,Moves,,Pain Split,80.0
2019-11_gen6ou-0.json,Vulpix,Moves,,Fire Blast,80.0
2019-11_gen6ou-0.json,Vulpix,Moves,,Ember,20.0
2019-11_gen6ou-0.json,Vulpix,Moves,,Flamethrower,20.0
2019-11_gen6ou-0.json,Vulpix,Moves,,Other,20.0
2019-11_gen6ou-0.json,Crustle,Stats,Raw count,,4
2019-11_gen6ou-0.json,Crustle,Stats,Avg. weight,,1.0
2019-11_gen6ou-0.json,Crustle,Stats,Viability Ceiling,,54
2019-11_gen6ou-0.json,Crustle,Stats,Jolly,,50.000
2019-11_gen6ou-0.json,Crustle,Stats,Hardy,,50.000
2019-11_gen6ou-0.json,Crustle,Abilities,,Sturdy,100.0
2019-11_gen6ou-0.json,Crustle,Items,,Choice Band,50.0
2019-11_gen6ou-0.json,Crustle,Items,,White Herb,50.0
2019-11_gen6ou-0.json,Crustle,Moves,,Night Slash,50.0
2019-11_gen6ou-0.json,Crustle,Moves,,Rock Slide,50.0
2019-11_gen6ou-0.json,Crustle,Moves,,Counter,50.0
2019-11_gen6ou-0.json,Crustle,Moves,,Rock Blast,50.0
2019-11_gen6ou-0.json,Crustle,Moves,,Solar Beam,50.0
2019-11_gen6ou-0.json,Crustle,Moves,,Shell Smash,50.0
2019-11_gen6ou-0.json,Crustle,Moves,,X-Scissor,50.0
2019-11_gen6ou-0.json,Crustle,Moves,,Earthquake,50.0
2019-11_gen6ou-0.json,Gurdurr,Stats,Raw count,,4
2019-11_gen6ou-0.json,Gurdurr,Stats,Avg. weight,,1.0
2019-11_gen6ou-0.json,Gurdurr,Stats,Viability Ceiling,,41
2019-11_gen6ou-0.json,Gurdurr,Stats,Adamant,,100.000
2019-11_gen6ou-0.json,Gurdurr,Abilities,,Guts,100.0
2019-11_gen6ou-0.json,Gurdurr,Items,,Eviolite,100.0
2019-11_gen6ou-0.json,Gurdurr,Moves,,Drain Punch,100.0
2019-11_gen6ou-0.json,Gurdurr,Moves,,Ice Punch,100.0
2019-11_gen6ou-0.json,Gurdurr,Moves,,Knock Off,100.0
2019-11_gen6ou-0.json,Gurdurr,Moves,,Mach Punch,100.0
2019-11_gen6ou-0.json,Spritzee,Stats,Raw count,,5
2019-11_gen6ou-0.json,Spritzee,Stats,Avg. weight,,1.0
2019-11_gen6ou-0.json,Spritzee,Stats,Viability Ceiling,,27
2019-11_gen6ou-0.json,Spritzee,Stats,Hardy,,80.000
2019-11_gen6ou-0.json,Spritzee,Stats,Bold,,20.000
2019-11_gen6ou-0.json,Spritzee,Abilities,,Healer,80.0
2019-11_gen6ou-0.json,Spritzee,Abilities,,Aroma Veil,20.0
2019-11_gen6ou-0.json,Spritzee,Items,,Choice Scarf,80.0
2019-11_gen6ou-0.json,Spritzee,Items,,Leftovers,20.0
2019-11_gen6ou-0.json,Spritzee,Moves,,Sweet Kiss,80.0
2019-11_gen6ou-0.json,Spritzee,Moves,,Moonblast,80.0
2019-11_gen6ou-0.json,Spritzee,Moves,,Dazzling Gleam,80.0
2019-11_gen6ou-0.json,Spritzee,Moves,,Psychic,60.0
2019-11_gen6ou-0.json,Spritzee,Moves,,Nothing,40.0
2019-11_gen6ou-0.json,Spritzee,Moves,,Wish,20.0
2019-11_gen6ou-0.json,Spritzee,Moves,,Aromatherapy,20.0
2019-11_gen6ou-0.json,Spritzee,Moves,,Other,20.0
2019-11_gen6ou-0.json,Grovyle,Stats,Raw count,,6
2019-11_gen6ou-0.json,Grovyle,Stats,Avg. weight,,1.0
2019-11_gen6ou-0.json,Grovyle,Stats,Viability Ceiling,,45
2019-11_gen6ou-0.json,Grovyle,Stats,Hardy,,16.667
2019-11_gen6ou-0.json,Grovyle,Abilities,,Overgrow,100.0
2019-11_gen6ou-0.json,Grovyle,Items,,Nothing,83.333
2019-11_gen6ou-0.json,Grovyle,Items,,Leftovers,16.667
2019-11_gen6ou-0.json,Grovyle,Moves,,Giga Drain,83.333
2019-11_gen6ou-0.json,Grovyle,Moves,,Grass Knot,83.333
2019-11_gen6ou-0.json,Grovyle,Moves,,Energy Ball,83.333
2019-11_gen6ou-0.json,Grovyle,Moves,,Bullet Seed,83.333
2019-11_gen6ou-0.json,Grovyle,Moves,,Agility,16.667
2019-11_gen6ou-0.json,Grovyle,Moves,,Brick Break,16.667
2019-11_gen6ou-0.json,Grovyle,Moves,,Body Slam,16.667
2019-11_gen6ou-0.json,Grovyle,Moves,,Other,16.667
2019-11_gen6ou-0.json,Honedge,Stats,Raw count,,5
2019-11_gen6ou-0.json,Honedge,Stats,Avg. weight,,1.0
2019-11_gen6ou-0.json,Honedge,Stats,Viability Ceiling,,55
2019-11_gen6ou-0.json,Honedge,Stats,Adamant,,40.000
2019-11_gen6ou-0.json,Honedge,Stats,Hardy,,20.000
2019-11_gen6ou-0.json,Honedge,Stats,Brave,,20.000
2019-11_gen6ou-0.json,Honedge,Abilities,,No Guard,100.0
2019-11_gen6ou-0.json,Honedge,Items,,Mental Herb,20.0
2019-11_gen6ou-0.json,Honedge,Items,,Nothing,20.0
2019-11_gen6ou-0.json,Honedge,Items,,Pomeg Berry,20.0
2019-11_gen6ou-0.json,Honedge,Items,,Eviolite,20.0
2019-11_gen6ou-0.json,Honedge,Items,,Lum Berry,20.0
2019-11_gen6ou-0.json,Honedge,Moves,,Sacred Sword,40.0
2019-11_gen6ou-0.json,Honedge,Moves,,Flash Cannon,40.0
2019-11_gen6ou-0.json,Honedge,Moves,,Iron Head,40.0
2019-11_gen6ou-0.json,Honedge,Moves,,Swords Dance,40.0
2019-11_gen6ou-0.json,Honedge,Moves,,Night Slash,20.0
2019-11_gen6ou-0.json,Honedge,Moves,,Autotomize,20.0
2019-11_gen6ou-0.json,Honedge,Moves,,Fury Cutter,20.0
2019-11_gen6ou-0.json,Honedge,Moves,,Toxic,20.0
2019-11_gen6ou-0.json,Honedge,Moves,,Sleep Talk,20.0
2019-11_gen6ou-0.json,Honedge,Moves,,Tackle,20.0
2019-11_gen6ou-0.json,Honedge,Moves,,Gyro Ball,20.0
2019-11_gen6ou-0.json,Honedge,Moves,,Shadow Sneak,20.0
2019-11_gen6ou-0.json,Honedge,Moves,,Facade,20.0
2019-11_gen6ou-0.json,Honedge,Moves,,Metal Sound,20.0
2019-11_gen6ou-0.json,Honedge,Moves,,Destiny Bond,20.0
2019-11_gen6ou-0.json,Honedge,Moves,,Other,20.0
2019-11_gen6ou-0.json,Swadloon,Stats,Raw count,,4
2019-11_gen6ou-0.json,Swadloon,Stats,Avg. weight,,---
2019-11_gen6ou-0.json,Swadloon,Stats,Viability Ceiling,,0
2019-11_gen6ou-0.json,Swadloon,Stats,Hardy,,100.000
2019-11_gen6ou-0.json,Swadloon,Abilities,,Leaf Guard,100.0
2019-11_gen6ou-0.json,Swadloon,Items,,Nothing,100.0
2019-11_gen6ou-0.json,Swadloon,Moves,,Hidden Power Bug,100.0
2019-11_gen6ou-0.json,Swadloon,Moves,,Bug Buzz,100.0
2019-11_gen6ou-0.json,Swadloon,Moves,,Giga Drain,100.0
2019-11_gen6ou-0.json,Swadloon,Moves,,Energy Ball,100.0
2019-11_gen6ou-0.json,Exeggcute,Stats,Raw count,,4
2019-11_gen6ou-0.json,Exeggcute,Stats,Avg. weight,,1.0
2019-11_gen6ou-0.json,Exeggcute,Stats,Viability Ceiling,,42
2019-11_gen6ou-0.json,Exeggcute,Stats,Hardy,,100.000
2019-11_gen6ou-0.json,Exeggcute,Abilities,,Harvest,100.0
2019-11_gen6ou-0.json,Exeggcute,Items,,Sitrus Berry,100.0
2019-11_gen6ou-0.json,Exeggcute,Moves,,Toxic,100.0
2019-11_gen6ou-0.json,Exeggcute,Moves,,Infestation,100.0
2019-11_gen6ou-0.json,Exeggcute,Moves,,Protect,100.0
2019-11_gen6ou-0.json,Exeggcute,Moves,,Leech Seed,100.0
2019-11_gen6ou-0.json,Dewgong,Stats,Raw count,,4
2019-11_gen6ou-0.json,Dewgong,Stats,Avg. weight,,---
2019-11_gen6ou-0.json,Dewgong,Stats,Viability Ceiling,,0
2019-11_gen6ou-0.json,Dewgong,Stats,Sassy,,50.000
2019-11_gen6ou-0.json,Dewgong,Stats,Calm,,50.000
2019-11_gen6ou-0.json,Dewgong,Abilities,,Ice Body,50.0
2019-11_gen6ou-0.json,Dewgong,Abilities,,Thick Fat,50.0
2019-11_gen6ou-0.json,Dewgong,Items,,Life Orb,50.0
2019-11_gen6ou-0.json,Dewgong,Items,,Choice Band,50.0
2019-11_gen6ou-0.json,Dewgong,Moves,,Ice Beam,100.0
2019-11_gen6ou-0.json,Dewgong,Moves,,Toxic,100.0
2019-11_gen6ou-0.json,Dewgong,Moves,,Surf,50.0
2019-11_gen6ou-0.json,Dewgong,Moves,,Protect,50.0
2019-11_gen6ou-0.json,Dewgong,Moves,,Iron Tail,50.0
2019-11_gen6ou-0.json,Dewgong,Moves,,Fake Out,50.0
2019-11_gen6ou-0.json,Sneasel,Stats,Raw count,,4
2019-11_gen6ou-0.json,Sneasel,Stats,Avg. weight,,1.0
2019-11_gen6ou-0.json,Sneasel,Stats,Viability Ceiling,,43
2019-11_gen6ou-0.json,Sneasel,Stats,Hardy,,25.000
2019-11_gen6ou-0.json,Sneasel,Stats,Adamant,,25.000
2019-11_gen6ou-0.json,Sneasel,Abilities,,Inner Focus,100.0
2019-11_gen6ou-0.json,Sneasel,Items,,Black Glasses,50.0
2019-11_gen6ou-0.json,Sneasel,Items,,Never-Melt Ice,25.0
2019-11_gen6ou-0.json,Sneasel,Items,,Quick Claw,25.0
2019-11_gen6ou-0.json,Sneasel,Moves,,Swords Dance,75.0
2019-11_gen6ou-0.json,Sneasel,Moves,,Substitute,75.0
2019-11_gen6ou-0.json,Sneasel,Moves,,Beat Up,50.0
2019-11_gen6ou-0.json,Sneasel,Moves,,Fake Out,50.0
2019-11_gen6ou-0.json,Sneasel,Moves,,Agility,25.0
2019-11_gen6ou-0.json,Sneasel,Moves,,Ice Shard,25.0
2019-11_gen6ou-0.json,Sneasel,Moves,,Dark Pulse,25.0
2019-11_gen6ou-0.json,Sneasel,Moves,,Quick Attack,25.0
2019-11_gen6ou-0.json,Sneasel,Moves,,Ice Beam,25.0
2019-11_gen6ou-0.json,Sneasel,Moves,,Feint Attack,25.0
2019-11_gen6ou-0.json,Basculin,Stats,Raw count,,3
2019-11_gen6ou-0.json,Basculin,Stats,Avg. weight,,1.0
2019-11_gen6ou-0.json,Basculin,Stats,Viability Ceiling,,45
2019-11_gen6ou-0.json,Basculin,Stats,Hardy,,66.667
2019-11_gen6ou-0.json,Basculin,Stats,Adamant,,33.333
2019-11_gen6ou-0.json,Basculin,Abilities,,Reckless,66.667
2019-11_gen6ou-0.json,Basculin,Abilities,,Adaptability,33.333
2019-11_gen6ou-0.json,Basculin,Items,,Nothing,66.667
2019-11_gen6ou-0.json,Basculin,Items,,Mystic Water,33.333
2019-11_gen6ou-0.json,Basculin,Moves,,Aqua Jet,100.0
2019-11_gen6ou-0.json,Basculin,Moves,,Aqua Tail,100.0
2019-11_gen6ou-0.json,Basculin,Moves,,Muddy Water,66.667
2019-11_gen6ou-0.json,Basculin,Moves,,Waterfall,66.667
2019-11_gen6ou-0.json,Basculin,Moves,,Final Gambit,33.333
2019-11_gen6ou-0.json,Basculin,Moves,,Endeavor,33.333
2019-11_gen6ou-0.json,Skrelp,Stats,Raw count,,3
2019-11_gen6ou-0.json,Skrelp,Stats,Avg. weight,,1.0
2019-11_gen6ou-0.json,Skrelp,Stats,Viability Ceiling,,17
2019-11_gen6ou-0.json,Skrelp,Stats,Hardy,,100.000
2019-11_gen6ou-0.json,Skrelp,Abilities,,Poison Point,100.0
2019-11_gen6ou-0.json,Skrelp,Items,,Nothing,100.0
2019-11_gen6ou-0.json,Skrelp,Moves,,Sludge Bomb,100.0
2019-11_gen6ou-0.json,Skrelp,Moves,,Gunk Shot,100.0
2019-11_gen6ou-0.json,Skrelp,Moves,,Aqua Tail,100.0
2019-11_gen6ou-0.json,Skrelp,Moves,,Hydro Pump,100.0
2019-11_gen6ou-0.json,Metang,Stats,Raw count,,3
2019-11_gen6ou-0.json,Metang,Stats,Avg. weight,,1.0
2019-11_gen6ou-0.json,Metang,Stats,Viability Ceiling,,45
2019-11_gen6ou-0.json,Metang,Stats,Hardy,,66.667
2019-11_gen6ou-0.json,Metang,Stats,Relaxed,,33.333
2019-11_gen6ou-0.json,Metang,Abilities,,Clear Body,100.0
2019-11_gen6ou-0.json,Metang,Items,,Nothing,66.667
2019-11_gen6ou-0.json,Metang,Items,,Eviolite,33.333
2019-11_gen6ou-0.json,Metang,Moves,,Bullet Punch,66.667
2019-11_gen6ou-0.json,Metang,Moves,,Flash Cannon,66.667
2019-11_gen6ou-0.json,Metang,Moves,,Light Screen,66.667
2019-11_gen6ou-0.json,Metang,Moves,,Psychic,66.667
2019-11_gen6ou-0.json,Metang,Moves,,Rest,33.333
2019-11_gen6ou-0.json,Metang,Moves,,Meteor Mash,33.333
2019-11_gen6ou-0.json,Metang,Moves,,Sleep Talk,33.333
2019-11_gen6ou-0.json,Metang,Moves,,Toxic,33.333
2019-11_gen6ou-0.json,Skiddo,Stats,Raw count,,3
2019-11_gen6ou-0.json,Skiddo,Stats,Avg. weight,,1.0
2019-11_gen6ou-0.json,Skiddo,Stats,Viability Ceiling,,17
2019-11_gen6ou-0.json,Skiddo,Stats,Hardy,,100.000
2019-11_gen6ou-0.json,Skiddo,Abilities,,Sap Sipper,100.0
2019-11_gen6ou-0.json,Skiddo,Items,,Nothing,100.0
2019-11_gen6ou-0.json,Skiddo,Moves,,Energy Ball,100.0
2019-11_gen6ou-0.json,Skiddo,Moves,,Horn Leech,100.0
2019-11_gen6ou-0.json,Skiddo,Moves,,Seed Bomb,100.0
2019-11_gen6ou-0.json,Skiddo,Moves,,Giga Drain,100.0
2019-11_gen6ou-0.json,Clamperl,Stats,Raw count,,3
2019-11_gen6ou-0.json,Clamperl,Stats,Avg. weight,,1.0
2019-11_gen6ou-0.json,Clamperl,Stats,Viability Ceiling,,47
2019-11_gen6ou-0.json,Clamperl,Stats,Hardy,,66.667
2019-11_gen6ou-0.json,Clamperl,Stats,Bold,,33.333
2019-11_gen6ou-0.json,Clamperl,Abilities,,Shell Armor,100.0
2019-11_gen6ou-0.json,Clamperl,Items,,Nothing,66.667
2019-11_gen6ou-0.json,Clamperl,Items,,Deep Sea Scale,33.333
2019-11_gen6ou-0.json,Clamperl,Moves,,Clamp,66.667
2019-11_gen6ou-0.json,Clamperl,Moves,,Water Gun,66.667
2019-11_gen6ou-0.json,Clamperl,Moves,,Rain Dance,66.667
2019-11_gen6ou-0.json,Clamperl,Moves,,Brine,66.667
2019-11_gen6ou-0.json,Clamperl,Moves,,Surf,33.333
2019-11_gen6ou-0.json,Clamperl,Moves,,Rest,33.333
2019-11_gen6ou-0.json,Clamperl,Moves,,Ice Beam,33.333
2019-11_gen6ou-0.json,Clamperl,Moves,,Toxic,33.333
2019-11_gen6ou-0.json,Pidove,Stats,Raw count,,3
2019-11_gen6ou-0.json,Pidove,Stats,Avg. weight,,---
2019-11_gen6ou-0.json,Pidove,Stats,Viability Ceiling,,0
2019-11_gen6ou-0.json,Pidove,Stats,Hardy,,33.333
2019-11_gen6ou-0.json,Pidove,Abilities,,Big Pecks,100.0
2019-11_gen6ou-0.json,Pidove,Items,,Nothing,100.0
2019-11_gen6ou-0.json,Pidove,Moves,,Nothing,66.667
2019-11_gen6ou-0.json,Pidove,Moves,,Pluck,66.667
2019-11_gen6ou-0.json,Pidove,Moves,,Air Slash,66.667
2019-11_gen6ou-0.json,Pidove,Moves,,Echoed Voice,66.667
2019-11_gen6ou-0.json,Pidove,Moves,,Quick Attack,66.667
2019-11_gen6ou-0.json,Pidove,Moves,,Growl,33.333
2019-11_gen6ou-0.json,Pidove,Moves,,Gust,33.333
2019-11_gen6ou-0.json,Omanyte,Stats,Raw count,,4
2019-11_gen6ou-0.json,Omanyte,Stats,Avg. weight,,1.0
2019-11_gen6ou-0.json,Omanyte,Stats,Viability Ceiling,,45
2019-11_gen6ou-0.json,Omanyte,Stats,Calm,,100.000
2019-11_gen6ou-0.json,Omanyte,Abilities,,Swift Swim,100.0
2019-11_gen6ou-0.json,Omanyte,Items,,Nothing,100.0
2019-11_gen6ou-0.json,Omanyte,Moves,,Water Gun,100.0
2019-11_gen6ou-0.json,Omanyte,Moves,,Waterfall,100.0
2019-11_gen6ou-0.json,Omanyte,Moves,,Rock Tomb,100.0
2019-11_gen6ou-0.json,Omanyte,Moves,,Ice Beam,100.0
2019-11_gen6ou-0.json,Luxio,Stats,Raw count,,4
2019-11_gen6ou-0.json,Luxio,Stats,Avg. weight,,1.0
2019-11_gen6ou-0.json,Luxio,Stats,Viability Ceiling,,49
2019-11_gen6ou-0.json,Luxio,Stats,Hardy,,25.000
2019-11_gen6ou-0.json,Luxio,Stats,Brave,,25.000
2019-11_gen6ou-0.json,Luxio,Abilities,,Rivalry,100.0
2019-11_gen6ou-0.json,Luxio,Items,,Nothing,75.0
2019-11_gen6ou-0.json,Luxio,Items,,Oran Berry,25.0
2019-11_gen6ou-0.json,Luxio,Moves,,Bite,75.0
2019-11_gen6ou-0.json,Luxio,Moves,,Quick Attack,75.0
2019-11_gen6ou-0.json,Luxio,Moves,,Crunch,50.0
2019-11_gen6ou-0.json,Luxio,Moves,,Discharge,50.0
2019-11_gen6ou-0.json,Luxio,Moves,,Thunderbolt,25.0
2019-11_gen6ou-0.json,Luxio,Moves,,Magnet Rise,25.0
2019-11_gen6ou-0.json,Luxio,Moves,,Thunder,25.0
2019-11_gen6ou-0.json,Luxio,Moves,,Thief,25.0
2019-11_gen6ou-0.json,Luxio,Moves,,Light Screen,25.0
2019-11_gen6ou-0.json,Luxio,Moves,,Take Down,25.0
2019-11_gen6ou-0.json,Jigglypuff,Stats,Raw count,,4
2019-11_gen6ou-0.json,Jigglypuff,Stats,Avg. weight,,1.0
2019-11_gen6ou-0.json,Jigglypuff,Stats,Viability Ceiling,,54
2019-11_gen6ou-0.json,Jigglypuff,Stats,Hardy,,75.000
2019-11_gen6ou-0.json,Jigglypuff,Stats,Rash,,25.000
2019-11_gen6ou-0.json,Jigglypuff,Abilities,,Cute Charm,100.0
2019-11_gen6ou-0.json,Jigglypuff,Items,,Mental Herb,75.0
2019-11_gen6ou-0.json,Jigglypuff,Items,,Assault Vest,25.0
2019-11_gen6ou-0.json,Jigglypuff,Moves,,Body Slam,100.0
2019-11_gen6ou-0.json,Jigglypuff,Moves,,Dazzling Gleam,100.0
2019-11_gen6ou-0.json,Jigglypuff,Moves,,Wish,75.0
2019-11_gen6ou-0.json,Jigglypuff,Moves,,Thunder Wave,75.0
2019-11_gen6ou-0.json,Jigglypuff,Moves,,Drain Punch,25.0
2019-11_gen6ou-0.json,Jigglypuff,Moves,,Gyro Ball,25.0
2019-11_gen6ou-0.json,Pidgeotto,Stats,Raw count,,4
2019-11_gen6ou-0.json,Pidgeotto,Stats,Avg. weight,,1.0
2019-11_gen6ou-0.json,Pidgeotto,Stats,Viability Ceiling,,45
2019-11_gen6ou-0.json,Pidgeotto,Stats,Hardy,,25.000
2019-11_gen6ou-0.json,Pidgeotto,Stats,Naive,,25.000
2019-11_gen6ou-0.json,Pidgeotto,Abilities,,Tangled Feet,75.0
2019-11_gen6ou-0.json,Pidgeotto,Abilities,,Keen Eye,25.0
2019-11_gen6ou-0.json,Pidgeotto,Items,,Nothing,75.0
2019-11_gen6ou-0.json,Pidgeotto,Items,,Pidgeotite,25.0
2019-11_gen6ou-0.json,Pidgeotto,Moves,,Air Slash,75.0
2019-11_gen6ou-0.json,Pidgeotto,Moves,,U-turn,50.0
2019-11_gen6ou-0.json,Pidgeotto,Moves,,Heat Wave,50.0
2019-11_gen6ou-0.json,Pidgeotto,Moves,,Facade,50.0
2019-11_gen6ou-0.json,Pidgeotto,Moves,,Gust,25.0
2019-11_gen6ou-0.json,Pidgeotto,Moves,,Aerial Ace,25.0
2019-11_gen6ou-0.json,Pidgeotto,Moves,,Sand Attack,25.0
2019-11_gen6ou-0.json,Pidgeotto,Moves,,Tackle,25.0
2019-11_gen6ou-0.json,Pidgeotto,Moves,,Wing Attack,25.0
2019-11_gen6ou-0.json,Pidgeotto,Moves,,Quick Attack,25.0
2019-11_gen6ou-0.json,Pidgeotto,Moves,,Whirlwind,25.0
2019-11_gen6ou-0.json,Pichu,Stats,Raw count,,3
2019-11_gen6ou-0.json,Pichu,Stats,Avg. weight,,1.0
2019-11_gen6ou-0.json,Pichu,Stats,Viability Ceiling,,45
2019-11_gen6ou-0.json,Pichu,Stats,Lonely,,33.333
2019-11_gen6ou-0.json,Pichu,Stats,Hardy,,33.333
2019-11_gen6ou-0.json,Pichu,Abilities,,Static,100.0
2019-11_gen6ou-0.json,Pichu,Items,,Leftovers,66.667
2019-11_gen6ou-0.json,Pichu,Items,,Eviolite,33.333
2019-11_gen6ou-0.json,Pichu,Moves,,Volt Tackle,66.667
2019-11_gen6ou-0.json,Pichu,Moves,,Seismic Toss,66.667
2019-11_gen6ou-0.json,Pichu,Moves,,Protect,33.333
2019-11_gen6ou-0.json,Pichu,Moves,,Signal Beam,33.333
2019-11_gen6ou-0.json,Pichu,Moves,,Thunder,33.333
2019-11_gen6ou-0.json,Pichu,Moves,,Counter,33.333
2019-11_gen6ou-0.json,Pichu,Moves,,Rest,33.333
2019-11_gen6ou-0.json,Pichu,Moves,,Iron Tail,33.333
2019-11_gen6ou-0.json,Pichu,Moves,,Grass Knot,33.333
2019-11_gen6ou-0.json,Pichu,Moves,,Nasty Plot,33.333
2019-11_gen6ou-0.json,Tympole,Stats,Raw count,,3
2019-11_gen6ou-0.json,Tympole,Stats,Avg. weight,,1.0
2019-11_gen6ou-0.json,Tympole,Stats,Viability Ceiling,,21
2019-11_gen6ou-0.json,Tympole,Stats,Hardy,,33.333
2019-11_gen6ou-0.json,Tympole,Abilities,,Swift Swim,100.0
2019-11_gen6ou-0.json,Tympole,Items,,Nothing,100.0
2019-11_gen6ou-0.json,Tympole,Moves,,Bubble Beam,66.667
2019-11_gen6ou-0.json,Tympole,Moves,,Aqua Ring,66.667
2019-11_gen6ou-0.json,Tympole,Moves,,Water Pulse,66.667
2019-11_gen6ou-0.json,Tympole,Moves,,Bubble,66.667
2019-11_gen6ou-0.json,Tympole,Moves,,Scald,33.333
2019-11_gen6ou-0.json,Tympole,Moves,,Hyper Voice,33.333
2019-11_gen6ou-0.json,Tympole,Moves,,Hidden Power Fire,33.333
2019-11_gen6ou-0.json,Tympole,Moves,,Frustration,33.333
2019-11_gen6ou-0.json,Gastly,Stats,Raw count,,5
2019-11_gen6ou-0.json,Gastly,Stats,Avg. weight,,1.0
2019-11_gen6ou-0.json,Gastly,Stats,Viability Ceiling,,45
2019-11_gen6ou-0.json,Gastly,Stats,Hardy,,40.000
2019-11_gen6ou-0.json,Gastly,Stats,Timid,,20.000
2019-11_gen6ou-0.json,Gastly,Abilities,,Levitate,100.0
2019-11_gen6ou-0.json,Gastly,Items,,Nothing,40.0
2019-11_gen6ou-0.json,Gastly,Items,,Rocky Helmet,40.0
2019-11_gen6ou-0.json,Gastly,Items,,Black Sludge,20.0
2019-11_gen6ou-0.json,Gastly,Moves,,Dark Pulse,80.0
2019-11_gen6ou-0.json,Gastly,Moves,,Trick Room,40.0
2019-11_gen6ou-0.json,Gastly,Moves,,Giga Drain,40.0
2019-11_gen6ou-0.json,Gastly,Moves,,Shadow Ball,40.0
2019-11_gen6ou-0.json,Gastly,Moves,,Haze,40.0
2019-11_gen6ou-0.json,Gastly,Moves,,Fire Punch,40.0
2019-11_gen6ou-0.json,Gastly,Moves,,Taunt,40.0
2019-11_gen6ou-0.json,Gastly,Moves,,Protect,20.0
2019-11_gen6ou-0.json,Gastly,Moves,,Trick,20.0
2019-11_gen6ou-0.json,Gastly,Moves,,Toxic,20.0
2019-11_gen6ou-0.json,Gastly,Moves,,Other,20.0
2019-11_gen6ou-0.json,Kabuto,Stats,Raw count,,4
2019-11_gen6ou-0.json,Kabuto,Stats,Avg. weight,,1.0
2019-11_gen6ou-0.json,Kabuto,Stats,Viability Ceiling,,45
2019-11_gen6ou-0.json,Kabuto,Stats,Hardy,,100.000
2019-11_gen6ou-0.json,Kabuto,Abilities,,Swift Swim,100.0
2019-11_gen6ou-0.json,Kabuto,Items,,Nothing,100.0
2019-11_gen6ou-0.json,Kabuto,Moves,,Hone Claws,100.0
2019-11_gen6ou-0.json,Kabuto,Moves,,Bubble Beam,100.0
2019-11_gen6ou-0.json,Kabuto,Moves,,Waterfall,100.0
2019-11_gen6ou-0.json,Kabuto,Moves,,Ice Beam,100.0
2019-11_gen6ou-0.json,Helioptile,Stats,Raw count,,4
2019-11_gen6ou-0.json,Helioptile,Stats,Avg. weight,,1.0
2019-11_gen6ou-0.json,Helioptile,Stats,Viability Ceiling,,44
2019-11_gen6ou-0.json,Helioptile,Stats,Hardy,,50.000
2019-11_gen6ou-0.json,Helioptile,Abilities,,Sand Veil,50.0
2019-11_gen6ou-0.json,Helioptile,Abilities,,Dry Skin,50.0
2019-11_gen6ou-0.json,Helioptile,Items,,Nothing,50.0
2019-11_gen6ou-0.json,Helioptile,Items,,Leftovers,50.0
2019-11_gen6ou-0.json,Helioptile,Moves,,Dragon Tail,50.0
2019-11_gen6ou-0.json,Helioptile,Moves,,Cut,50.0
2019-11_gen6ou-0.json,Helioptile,Moves,,Dark Pulse,50.0
2019-11_gen6ou-0.json,Helioptile,Moves,,Thunder,50.0
2019-11_gen6ou-0.json,Helioptile,Moves,,Frustration,50.0
2019-11_gen6ou-0.json,Helioptile,Moves,,Facade,50.0
2019-11_gen6ou-0.json,Helioptile,Moves,,Wild Charge,50.0
2019-11_gen6ou-0.json,Helioptile,Moves,,Quick Attack,50.0
2019-11_gen6ou-0.json,Sliggoo,Stats,Raw count,,4
2019-11_gen6ou-0.json,Sliggoo,Stats,Avg. weight,,1.0
2019-11_gen6ou-0.json,Sliggoo,Stats,Viability Ceiling,,41
2019-11_gen6ou-0.json,Sliggoo,Stats,Calm,,100.000
2019-11_gen6ou-0.json,Sliggoo,Abilities,,Hydration,100.0
2019-11_gen6ou-0.json,Sliggoo,Items,,Eviolite,100.0
2019-11_gen6ou-0.json,Sliggoo,Moves,,Toxic,100.0
2019-11_gen6ou-0.json,Sliggoo,Moves,,Rain Dance,100.0
2019-11_gen6ou-0.json,Sliggoo,Moves,,Rest,100.0
2019-11_gen6ou-0.json,Sliggoo,Moves,,Dragon Pulse,100.0
2019-11_gen6ou-0.json,Bagon,Stats,Raw count,,4
2019-11_gen6ou-0.json,Bagon,Stats,Avg. weight,,1.0
2019-11_gen6ou-0.json,Bagon,Stats,Viability Ceiling,,45
2019-11_gen6ou-0.json,Bagon,Stats,Adamant,,50.000
2019-11_gen6ou-0.json,Bagon,Stats,Naughty,,25.000
2019-11_gen6ou-0.json,Bagon,Stats,Hardy,,25.000
2019-11_gen6ou-0.json,Bagon,Abilities,,Rock Head,50.0
2019-11_gen6ou-0.json,Bagon,Abilities,,Sheer Force,50.0
2019-11_gen6ou-0.json,Bagon,Items,,Nothing,50.0
2019-11_gen6ou-0.json,Bagon,Items,,Eviolite,50.0
2019-11_gen6ou-0.json,Bagon,Moves,,Zen Headbutt,50.0
2019-11_gen6ou-0.json,Bagon,Moves,,Dragon Dance,50.0
2019-11_gen6ou-0.json,Bagon,Moves,,Fire Fang,50.0
2019-11_gen6ou-0.json,Bagon,Moves,,Dragon Claw,50.0
2019-11_gen6ou-0.json,Bagon,Moves,,Draco Meteor,50.0
2019-11_gen6ou-0.json,Bagon,Moves,,Crunch,25.0
2019-11_gen6ou-0.json,Bagon,Moves,,Facade,25.0
2019-11_gen6ou-0.json,Bagon,Moves,,Flamethrower,25.0
2019-11_gen6ou-0.json,Bagon,Moves,,Leer,25.0
2019-11_gen6ou-0.json,Bagon,Moves,,Toxic,25.0
2019-11_gen6ou-0.json,Bagon,Moves,,Thrash,25.0
2019-11_gen6ou-0.json,Froakie,Stats,Raw count,,3
2019-11_gen6ou-0.json,Froakie,Stats,Avg. weight,,1.0
2019-11_gen6ou-0.json,Froakie,Stats,Viability Ceiling,,45
2019-11_gen6ou-0.json,Froakie,Stats,Hardy,,33.333
2019-11_gen6ou-0.json,Froakie,Abilities,,Torrent,100.0
2019-11_gen6ou-0.json,Froakie,Items,,Leftovers,66.667
2019-11_gen6ou-0.json,Froakie,Items,,Nothing,33.333
2019-11_gen6ou-0.json,Froakie,Moves,,Nothing,133.333
2019-11_gen6ou-0.json,Froakie,Moves,,Bubble,100.0
2019-11_gen6ou-0.json,Froakie,Moves,,Growl,66.667
2019-11_gen6ou-0.json,Froakie,Moves,,Water Pledge,33.333
2019-11_gen6ou-0.json,Froakie,Moves,,Pound,33.333
2019-11_gen6ou-0.json,Froakie,Moves,,Water Pulse,33.333
2019-11_gen6ou-0.json,Magmar,Stats,Raw count,,3
2019-11_gen6ou-0.json,Magmar,Stats,Avg. weight,,1.0
2019-11_gen6ou-0.json,Magmar,Stats,Viability Ceiling,,45
2019-11_gen6ou-0.json,Magmar,Stats,Hardy,,66.667
2019-11_gen6ou-0.json,Magmar,Stats,Modest,,33.333
2019-11_gen6ou-0.json,Magmar,Abilities,,Flame Body,66.667
2019-11_gen6ou-0.json,Magmar,Abilities,,Vital Spirit,33.333
2019-11_gen6ou-0.json,Magmar,Items,,Eviolite,100.0
2019-11_gen6ou-0.json,Magmar,Moves,,Flamethrower,100.0
2019-11_gen6ou-0.json,Magmar,Moves,,Dual Chop,66.667
2019-11_gen6ou-0.json,Magmar,Moves,,Confuse Ray,66.667
2019-11_gen6ou-0.json,Magmar,Moves,,Thunder Punch,66.667
2019-11_gen6ou-0.json,Magmar,Moves,,Barrier,33.333
2019-11_gen6ou-0.json,Magmar,Moves,,Clear Smog,33.333
2019-11_gen6ou-0.json,Magmar,Moves,,Will-O-Wisp,33.333
2019-11_gen6ou-0.json,Oshawott,Stats,Raw count,,4
2019-11_gen6ou-0.json,Oshawott,Stats,Avg. weight,,1.0
2019-11_gen6ou-0.json,Oshawott,Stats,Viability Ceiling,,52
2019-11_gen6ou-0.json,Oshawott,Stats,Serious,,50.000
2019-11_gen6ou-0.json,Oshawott,Stats,Timid,,50.000
2019-11_gen6ou-0.json,Oshawott,Abilities,,Shell Armor,50.0
2019-11_gen6ou-0.json,Oshawott,Abilities,,Torrent,50.0
2019-11_gen6ou-0.json,Oshawott,Items,,Nothing,50.0
2019-11_gen6ou-0.json,Oshawott,Items,,Mystic Water,50.0
2019-11_gen6ou-0.json,Oshawott,Moves,,Aqua Jet,100.0
2019-11_gen6ou-0.json,Oshawott,Moves,,Razor Shell,50.0
2019-11_gen6ou-0.json,Oshawott,Moves,,Scald,50.0
2019-11_gen6ou-0.json,Oshawott,Moves,,Air Slash,50.0
2019-11_gen6ou-0.json,Oshawott,Moves,,Waterfall,50.0
2019-11_gen6ou-0.json,Oshawott,Moves,,Ice Beam,50.0
2019-11_gen6ou-0.json,Oshawott,Moves,,Hydro Pump,50.0
2019-11_gen6ou-0.json,Graveler,Stats,Raw count,,4
2019-11_gen6ou-0.json,Graveler,Stats,Avg. weight,,---
2019-11_gen6ou-0.json,Graveler,Stats,Viability Ceiling,,0
2019-11_gen6ou-0.json,Graveler,Stats,Sassy,,75.000
2019-11_gen6ou-0.json,Graveler,Stats,Hardy,,25.000
2019-11_gen6ou-0.json,Graveler,Abilities,,Rock Head,100.0
2019-11_gen6ou-0.json,Graveler,Items,,Eviolite,75.0
2019-11_gen6ou-0.json,Graveler,Items,,Nothing,25.0
2019-11_gen6ou-0.json,Graveler,Moves,,Explosion,75.0
2019-11_gen6ou-0.json,Graveler,Moves,,Rock Blast,75.0
2019-11_gen6ou-0.json,Graveler,Moves,,Sucker Punch,75.0
2019-11_gen6ou-0.json,Graveler,Moves,,Bulldoze,75.0
2019-11_gen6ou-0.json,Graveler,Moves,,Rock Throw,25.0
2019-11_gen6ou-0.json,Graveler,Moves,,Sandstorm,25.0
2019-11_gen6ou-0.json,Graveler,Moves,,Endure,25.0
2019-11_gen6ou-0.json,Graveler,Moves,,Rollout,25.0
2019-11_gen6ou-0.json,Pidgey,Stats,Raw count,,3
2019-11_gen6ou-0.json,Pidgey,Stats,Avg. weight,,---
2019-11_gen6ou-0.json,Pidgey,Stats,Viability Ceiling,,0
2019-11_gen6ou-0.json,Pidgey,Stats,Hardy,,33.333
2019-11_gen6ou-0.json,Pidgey,Abilities,,Keen Eye,100.0
2019-11_gen6ou-0.json,Pidgey,Items,,Focus Sash,66.667
2019-11_gen6ou-0.json,Pidgey,Items,,Nothing,33.333
2019-11_gen6ou-0.json,Pidgey,Moves,,U-turn,66.667
2019-11_gen6ou-0.json,Pidgey,Moves,,Brave Bird,66.667
2019-11_gen6ou-0.json,Pidgey,Moves,,Heat Wave,66.667
2019-11_gen6ou-0.json,Pidgey,Moves,,Roost,66.667
2019-11_gen6ou-0.json,Pidgey,Moves,,Sand Attack,33.333
2019-11_gen6ou-0.json,Pidgey,Moves,,Mirror Move,33.333
2019-11_gen6ou-0.json,Pidgey,Moves,,Tackle,33.333
2019-11_gen6ou-0.json,Pidgey,Moves,,Quick Attack,33.333
2019-11_gen6ou-0.json,Poliwag,Stats,Raw count,,4
2019-11_gen6ou-0.json,Poliwag,Stats,Avg. weight,,1.0
2019-11_gen6ou-0.json,Poliwag,Stats,Viability Ceiling,,37
2019-11_gen6ou-0.json,Poliwag,Stats,Bold,,75.000
2019-11_gen6ou-0.json,Poliwag,Stats,Hardy,,25.000
2019-11_gen6ou-0.json,Poliwag,Abilities,,Water Absorb,100.0
2019-11_gen6ou-0.json,Poliwag,Items,,Focus Sash,75.0
2019-11_gen6ou-0.json,Poliwag,Items,,Ultra Ball,25.0
2019-11_gen6ou-0.json,Poliwag,Moves,,Scald,75.0
2019-11_gen6ou-0.json,Poliwag,Moves,,Body Slam,75.0
2019-11_gen6ou-0.json,Poliwag,Moves,,Haze,75.0
2019-11_gen6ou-0.json,Poliwag,Moves,,Toxic,75.0
2019-11_gen6ou-0.json,Poliwag,Moves,,Thief,25.0
2019-11_gen6ou-0.json,Poliwag,Moves,,Hypnosis,25.0
2019-11_gen6ou-0.json,Poliwag,Moves,,Waterfall,25.0
2019-11_gen6ou-0.json,Poliwag,Moves,,Belly Drum,25.0
2019-11_gen6ou-0.json,Caterpie,Stats,Raw count,,5
2019-11_gen6ou-0.json,Caterpie,Stats,Avg. weight,,1.0
2019-11_gen6ou-0.json,Caterpie,Stats,Viability Ceiling,,45
2019-11_gen6ou-0.json,Caterpie,Stats,Hardy,,80.000
2019-11_gen6ou-0.json,Caterpie,Stats,Naughty,,20.000
2019-11_gen6ou-0.json,Caterpie,Abilities,,Shield Dust,100.0
2019-11_gen6ou-0.json,Caterpie,Items,,Nothing,80.0
2019-11_gen6ou-0.json,Caterpie,Items,,Choice Band,20.0
2019-11_gen6ou-0.json,Caterpie,Moves,,Tackle,100.0
2019-11_gen6ou-0.json,Caterpie,Moves,,String Shot,100.0
2019-11_gen6ou-0.json,Caterpie,Moves,,Bug Bite,100.0
2019-11_gen6ou-0.json,Caterpie,Moves,,Snore,80.0
2019-11_gen6ou-0.json,Caterpie,Moves,,Electroweb,20.0
2019-11_gen6ou-0.json,Elekid,Stats,Raw count,,3
2019-11_gen6ou-0.json,Elekid,Stats,Avg. weight,,1.0
2019-11_gen6ou-0.json,Elekid,Stats,Viability Ceiling,,44
2019-11_gen6ou-0.json,Elekid,Stats,Jolly,,33.333
2019-11_gen6ou-0.json,Elekid,Abilities,,Static,100.0
2019-11_gen6ou-0.json,Elekid,Items,,Magnet,66.667
2019-11_gen6ou-0.json,Elekid,Items,,Black Belt,33.333
2019-11_gen6ou-0.json,Elekid,Moves,,Ice Punch,66.667
2019-11_gen6ou-0.json,Elekid,Moves,,Fire Punch,66.667
2019-11_gen6ou-0.json,Elekid,Moves,,Brick Break,66.667
2019-11_gen6ou-0.json,Elekid,Moves,,Thunder Punch,66.667
2019-11_gen6ou-0.json,Elekid,Moves,,Quick Attack,33.333
2019-11_gen6ou-0.json,Elekid,Moves,,Focus Punch,33.333
2019-11_gen6ou-0.json,Elekid,Moves,,Low Kick,33.333
2019-11_gen6ou-0.json,Elekid,Moves,,Hammer Arm,33.333
