source,pokemon,category,type,name,usage
2020-07_gen5ou-0.json,Ferrothorn,Stats,Raw count,,22981
2020-07_gen5ou-0.json,Ferrothorn,Stats,Avg. weight,,1.0
2020-07_gen5ou-0.json,Ferrothorn,Stats,Viability Ceiling,,92
2020-07_gen5ou-0.json,Ferrothorn,Stats,Relaxed,,3.686
2020-07_gen5ou-0.json,Ferrothorn,Stats,Impish,,2.441
2020-07_gen5ou-0.json,Ferrothorn,Abilities,,Iron Barbs,100.0
2020-07_gen5ou-0.json,Ferrothorn,Items,,Leftovers,68.317
2020-07_gen5ou-0.json,Ferrothorn,Items,,Rocky Helmet,22.971
2020-07_gen5ou-0.json,Ferrothorn,Items,,Focus Sash,2.245
2020-07_gen5ou-0.json,Ferrothorn,Items,,Shed Shell,2.102
2020-07_gen5ou-0.json,Ferrothorn,Items,,Other,4.364
2020-07_gen5ou-0.json,Ferrothorn,Spreads,,Other,62.56
2020-07_gen5ou-0.json,Ferrothorn,Moves,,Leech Seed,73.43
2020-07_gen5ou-0.json,Ferrothorn,Moves,,Gyro Ball,61.246
2020-07_gen5ou-0.json,Ferrothorn,Moves,,Power Whip,58.796
2020-07_gen5ou-0.json,Ferrothorn,Moves,,Stealth Rock,56.273
2020-07_gen5ou-0.json,Ferrothorn,Moves,,Spikes,55.594
2020-07_gen5ou-0.json,Ferrothorn,Moves,,Protect,28.637
2020-07_gen5ou-0.json,Ferrothorn,Moves,,Thunder Wave,18.15
2020-07_gen5ou-0.json,Ferrothorn,Moves,,Knock Off,15.935
2020-07_gen5ou-0.json,Ferrothorn,Moves,,Toxic,7.981
2020-07_gen5ou-0.json,Ferrothorn,Moves,,Explosion,3.372
2020-07_gen5ou-0.json,Ferrothorn,Moves,,Curse,3.185
2020-07_gen5ou-0.json,Ferrothorn,Moves,,Other,17.401
2020-07_gen5ou-0.json,Garchomp,Stats,Raw count,,18950
2020-07_gen5ou-0.json,Garchomp,Stats,Avg. weight,,1.0
2020-07_gen5ou-0.json,Garchomp,Stats,Viability Ceiling,,93
2020-07_gen5ou-0.json,Garchomp,Stats,Jolly,,7.699
2020-07_gen5ou-0.json,Garchomp,Stats,Naive,,6.317
2020-07_gen5ou-0.json,Garchomp,Stats,Adamant,,2.844
2020-07_gen5ou-0.json,Garchomp,Abilities,,Rough Skin,100.0
2020-07_gen5ou-0.json,Garchomp,Items,,Choice Scarf,26.475
2020-07_gen5ou-0.json,Garchomp,Items,,Yache Berry,15.699
2020-07_gen5ou-0.json,Garchomp,Items,,Rocky Helmet,13.103
2020-07_gen5ou-0.json,Garchomp,Items,,Life Orb,10.243
2020-07_gen5ou-0.json,Garchomp,Items,,Leftovers,7.383
2020-07_gen5ou-0.json,Garchomp,Items,,Focus Sash,5.504
2020-07_gen5ou-0.json,Garchomp,Items,,Lum Berry,5.219
2020-07_gen5ou-0.json,Garchomp,Items,,Choice Band,4.322
2020-07_gen5ou-0.json,Garchomp,Items,,Dragon Gem,1.879
2020-07_gen5ou-0.json,Garchomp,Items,,Sitrus Berry,1.652
2020-07_gen5ou-0.json,Garchomp,Items,,Salac Berry,1.588
2020-07_gen5ou-0.json,Garchomp,Items,,Muscle Band,1.42
2020-07_gen5ou-0.json,Garchomp,Items,,Expert Belt,1.082
2020-07_gen5ou-0.json,Garchomp,Items,,Other,4.433
2020-07_gen5ou-0.json,Garchomp,Spreads,,Other,28.554
2020-07_gen5ou-0.json,Garchomp,Moves,,Earthquake,96.264
2020-07_gen5ou-0.json,Garchomp,Moves,,Outrage,63.261
2020-07_gen5ou-0.json,Garchomp,Moves,,Swords Dance,48.807
2020-07_gen5ou-0.json,Garchomp,Moves,,Dragon Claw,33.894
2020-07_gen5ou-0.json,Garchomp,Moves,,Stealth Rock,28.707
2020-07_gen5ou-0.json,Garchomp,Moves,,Fire Fang,17.631
2020-07_gen5ou-0.json,Garchomp,Moves,,Fire Blast,16.876
2020-07_gen5ou-0.json,Garchomp,Moves,,Dual Chop,15.889
2020-07_gen5ou-0.json,Garchomp,Moves,,Stone Edge,12.871
2020-07_gen5ou-0.json,Garchomp,Moves,,Rock Slide,9.81
2020-07_gen5ou-0.json,Garchomp,Moves,,Substitute,9.298
2020-07_gen5ou-0.json,Garchomp,Moves,,Aqua Tail,6.786
2020-07_gen5ou-0.json,Garchomp,Moves,,Crunch,6.116
2020-07_gen5ou-0.json,Garchomp,Moves,,Draco Meteor,5.462
2020-07_gen5ou-0.json,Garchomp,Moves,,Brick Break,5.388
2020-07_gen5ou-0.json,Garchomp,Moves,,Flamethrower,3.198
2020-07_gen5ou-0.json,Garchomp,Moves,,Other,19.741
2020-07_gen5ou-0.json,Tyranitar,Stats,Raw count,,16565
2020-07_gen5ou-0.json,Tyranitar,Stats,Avg. weight,,1.0
2020-07_gen5ou-0.json,Tyranitar,Stats,Viability Ceiling,,93
2020-07_gen5ou-0.json,Tyranitar,Stats,Careful,,8.319
2020-07_gen5ou-0.json,Tyranitar,Stats,Jolly,,5.669
2020-07_gen5ou-0.json,Tyranitar,Stats,Adamant,,3.538
2020-07_gen5ou-0.json,Tyranitar,Abilities,,Sand Stream,99.227
2020-07_gen5ou-0.json,Tyranitar,Abilities,,Unnerve,0.773
2020-07_gen5ou-0.json,Tyranitar,Items,,Chople Berry,36.764
2020-07_gen5ou-0.json,Tyranitar,Items,,Leftovers,18.098
2020-07_gen5ou-0.json,Tyranitar,Items,,Choice Scarf,16.474
2020-07_gen5ou-0.json,Tyranitar,Items,,Choice Band,12.164
2020-07_gen5ou-0.json,Tyranitar,Items,,Life Orb,3.278
2020-07_gen5ou-0.json,Tyranitar,Items,,Focus Sash,2.572
2020-07_gen5ou-0.json,Tyranitar,Items,,Lum Berry,1.491
2020-07_gen5ou-0.json,Tyranitar,Items,,Expert Belt,1.274
2020-07_gen5ou-0.json,Tyranitar,Items,,Quick Claw,0.899
2020-07_gen5ou-0.json,Tyranitar,Items,,Sitrus Berry,0.893
2020-07_gen5ou-0.json,Tyranitar,Items,,Smooth Rock,0.875
2020-07_gen5ou-0.json,Tyranitar,Items,,Dark Gem,0.61
2020-07_gen5ou-0.json,Tyranitar,Items,,Other,4.606
2020-07_gen5ou-0.json,Tyranitar,Spreads,,Other,64.22
2020-07_gen5ou-0.json,Tyranitar,Moves,,Crunch,76.861
2020-07_gen5ou-0.json,Tyranitar,Moves,,Pursuit,68.753
2020-07_gen5ou-0.json,Tyranitar,Moves,,Superpower,46.031
2020-07_gen5ou-0.json,Tyranitar,Moves,,Stealth Rock,42.222
2020-07_gen5ou-0.json,Tyranitar,Moves,,Stone Edge,41.419
2020-07_gen5ou-0.json,Tyranitar,Moves,,Earthquake,27.612
2020-07_gen5ou-0.json,Tyranitar,Moves,,Fire Blast,15.762
2020-07_gen5ou-0.json,Tyranitar,Moves,,Ice Beam,15.418
2020-07_gen5ou-0.json,Tyranitar,Moves,,Dragon Dance,10.305
2020-07_gen5ou-0.json,Tyranitar,Moves,,Rock Slide,8.753
2020-07_gen5ou-0.json,Tyranitar,Moves,,Fire Punch,8.536
2020-07_gen5ou-0.json,Tyranitar,Moves,,Ice Punch,8.15
2020-07_gen5ou-0.json,Tyranitar,Moves,,Roar,2.27
2020-07_gen5ou-0.json,Tyranitar,Moves,,Low Kick,2.149
2020-07_gen5ou-0.json,Tyranitar,Moves,,Avalanche,2.143
2020-07_gen5ou-0.json,Tyranitar,Moves,,Brick Break,1.986
2020-07_gen5ou-0.json,Tyranitar,Moves,,Dragon Claw,1.835
2020-07_gen5ou-0.json,Tyranitar,Moves,,Other,19.795
2020-07_gen5ou-0.json,Scizor,Stats,Raw count,,15104
2020-07_gen5ou-0.json,Scizor,Stats,Avg. weight,,1.0
2020-07_gen5ou-0.json,Scizor,Stats,Viability Ceiling,,92
2020-07_gen5ou-0.json,Scizor,Stats,Adamant,,2.562
2020-07_gen5ou-0.json,Scizor,Stats,Jolly,,3.112
2020-07_gen5ou-0.json,Scizor,Abilities,,Technician,97.1
2020-07_gen5ou-0.json,Scizor,Abilities,,Swarm,2.628
2020-07_gen5ou-0.json,Scizor,Abilities,,Light Metal,0.271
2020-07_gen5ou-0.json,Scizor,Items,,Choice Band,51.834
2020-07_gen5ou-0.json,Scizor,Items,,Leftovers,12.659
2020-07_gen5ou-0.json,Scizor,Items,,Life Orb,8.66
2020-07_gen5ou-0.json,Scizor,Items,,Flying Gem,7.144
2020-07_gen5ou-0.json,Scizor,Items,,Lum Berry,3.357
2020-07_gen5ou-0.json,Scizor,Items,,Choice Scarf,3.284
2020-07_gen5ou-0.json,Scizor,Items,,Focus Sash,2.244
2020-07_gen5ou-0.json,Scizor,Items,,Iron Plate,2.105
2020-07_gen5ou-0.json,Scizor,Items,,Steel Gem,2.052
2020-07_gen5ou-0.json,Scizor,Items,,Expert Belt,1.291
2020-07_gen5ou-0.json,Scizor,Items,,Muscle Band,1.192
2020-07_gen5ou-0.json,Scizor,Items,,Other,4.178
2020-07_gen5ou-0.json,Scizor,Spreads,,Other,44.988
2020-07_gen5ou-0.json,Scizor,Moves,,Bullet Punch,96.729
2020-07_gen5ou-0.json,Scizor,Moves,,Superpower,68.035
2020-07_gen5ou-0.json,Scizor,Moves,,U-turn,67.962
2020-07_gen5ou-0.json,Scizor,Moves,,Pursuit,53.754
2020-07_gen5ou-0.json,Scizor,Moves,,Swords Dance,37.129
2020-07_gen5ou-0.json,Scizor,Moves,,Bug Bite,19.995
2020-07_gen5ou-0.json,Scizor,Moves,,Roost,13.837
2020-07_gen5ou-0.json,Scizor,Moves,,Acrobatics,11.176
2020-07_gen5ou-0.json,Scizor,Moves,,Aerial Ace,6.634
2020-07_gen5ou-0.json,Scizor,Moves,,X-Scissor,4.721
2020-07_gen5ou-0.json,Scizor,Moves,,Quick Attack,3.191
2020-07_gen5ou-0.json,Scizor,Moves,,Other,16.837
2020-07_gen5ou-0.json,Latios,Stats,Raw count,,14414
2020-07_gen5ou-0.json,Latios,Stats,Avg. weight,,1.0
2020-07_gen5ou-0.json,Latios,Stats,Viability Ceiling,,91
2020-07_gen5ou-0.json,Latios,Stats,Timid,,1.568
2020-07_gen5ou-0.json,Latios,Stats,Modest,,1.353
2020-07_gen5ou-0.json,Latios,Abilities,,Levitate,100.0
2020-07_gen5ou-0.json,Latios,Items,,Choice Specs,43.076
2020-07_gen5ou-0.json,Latios,Items,,Choice Scarf,28.653
2020-07_gen5ou-0.json,Latios,Items,,Life Orb,12.169
2020-07_gen5ou-0.json,Latios,Items,,Dragon Gem,4.211
2020-07_gen5ou-0.json,Latios,Items,,Leftovers,3.781
2020-07_gen5ou-0.json,Latios,Items,,Expert Belt,3.698
2020-07_gen5ou-0.json,Latios,Items,,Other,4.412
2020-07_gen5ou-0.json,Latios,Spreads,,Other,15.096
2020-07_gen5ou-0.json,Latios,Moves,,Draco Meteor,86.881
2020-07_gen5ou-0.json,Latios,Moves,,Surf,71.118
2020-07_gen5ou-0.json,Latios,Moves,,Trick,49.785
2020-07_gen5ou-0.json,Latios,Moves,,Psyshock,38.643
2020-07_gen5ou-0.json,Latios,Moves,,Dragon Pulse,28.632
2020-07_gen5ou-0.json,Latios,Moves,,Recover,20.23
2020-07_gen5ou-0.json,Latios,Moves,,Psychic,16.567
2020-07_gen5ou-0.json,Latios,Moves,,Hidden Power Fire,15.776
2020-07_gen5ou-0.json,Latios,Moves,,Ice Beam,12.425
2020-07_gen5ou-0.json,Latios,Moves,,Calm Mind,10.448
2020-07_gen5ou-0.json,Latios,Moves,,Thunder,9.976
2020-07_gen5ou-0.json,Latios,Moves,,Thunderbolt,9.317
2020-07_gen5ou-0.json,Latios,Moves,,Roost,5.016
2020-07_gen5ou-0.json,Latios,Moves,,Energy Ball,4.648
2020-07_gen5ou-0.json,Latios,Moves,,Shadow Ball,2.733
2020-07_gen5ou-0.json,Latios,Moves,,Other,17.802
2020-07_gen5ou-0.json,Dragonite,Stats,Raw count,,14068
2020-07_gen5ou-0.json,Dragonite,Stats,Avg. weight,,1.0
2020-07_gen5ou-0.json,Dragonite,Stats,Viability Ceiling,,91
2020-07_gen5ou-0.json,Dragonite,Stats,Adamant,,2.936
2020-07_gen5ou-0.json,Dragonite,Stats,Jolly,,5.999
2020-07_gen5ou-0.json,Dragonite,Abilities,,Multiscale,84.866
2020-07_gen5ou-0.json,Dragonite,Abilities,,Inner Focus,15.134
2020-07_gen5ou-0.json,Dragonite,Items,,Lum Berry,31.717
2020-07_gen5ou-0.json,Dragonite,Items,,Leftovers,28.782
2020-07_gen5ou-0.json,Dragonite,Items,,Choice Band,12.717
2020-07_gen5ou-0.json,Dragonite,Items,,Life Orb,6.056
2020-07_gen5ou-0.json,Dragonite,Items,,Yache Berry,3.924
2020-07_gen5ou-0.json,Dragonite,Items,,Sitrus Berry,1.962
2020-07_gen5ou-0.json,Dragonite,Items,,Focus Sash,1.55
2020-07_gen5ou-0.json,Dragonite,Items,,Choice Scarf,1.457
2020-07_gen5ou-0.json,Dragonite,Items,,Dragon Gem,1.45
2020-07_gen5ou-0.json,Dragonite,Items,,Dragon Fang,1.393
2020-07_gen5ou-0.json,Dragonite,Items,,Water Gem,1.159
2020-07_gen5ou-0.json,Dragonite,Items,,Expert Belt,0.981
2020-07_gen5ou-0.json,Dragonite,Items,,Choice Specs,0.91
2020-07_gen5ou-0.json,Dragonite,Items,,Rocky Helmet,0.853
2020-07_gen5ou-0.json,Dragonite,Items,,Muscle Band,0.661
2020-07_gen5ou-0.json,Dragonite,Items,,Other,4.428
2020-07_gen5ou-0.json,Dragonite,Spreads,,Other,41.52
2020-07_gen5ou-0.json,Dragonite,Moves,,Dragon Dance,69.548
2020-07_gen5ou-0.json,Dragonite,Moves,,Extreme Speed,58.438
2020-07_gen5ou-0.json,Dragonite,Moves,,Outrage,53.91
2020-07_gen5ou-0.json,Dragonite,Moves,,Fire Punch,41.107
2020-07_gen5ou-0.json,Dragonite,Moves,,Earthquake,40.78
2020-07_gen5ou-0.json,Dragonite,Moves,,Dragon Claw,29.564
2020-07_gen5ou-0.json,Dragonite,Moves,,Roost,20.038
2020-07_gen5ou-0.json,Dragonite,Moves,,Hurricane,10.812
2020-07_gen5ou-0.json,Dragonite,Moves,,Substitute,9.134
2020-07_gen5ou-0.json,Dragonite,Moves,,Thunder,7.627
2020-07_gen5ou-0.json,Dragonite,Moves,,Draco Meteor,5.289
2020-07_gen5ou-0.json,Dragonite,Moves,,Thunder Punch,4.578
2020-07_gen5ou-0.json,Dragonite,Moves,,Superpower,4.556
2020-07_gen5ou-0.json,Dragonite,Moves,,Ice Punch,4.471
2020-07_gen5ou-0.json,Dragonite,Moves,,Dragon Tail,3.959
2020-07_gen5ou-0.json,Dragonite,Moves,,Aqua Tail,3.298
2020-07_gen5ou-0.json,Dragonite,Moves,,Surf,2.978
2020-07_gen5ou-0.json,Dragonite,Moves,,Ice Beam,2.253
2020-07_gen5ou-0.json,Dragonite,Moves,,Brick Break,2.161
2020-07_gen5ou-0.json,Dragonite,Moves,,Agility,2.083
2020-07_gen5ou-0.json,Dragonite,Moves,,Waterfall,1.997
2020-07_gen5ou-0.json,Dragonite,Moves,,Fire Blast,1.848
2020-07_gen5ou-0.json,Dragonite,Moves,,Other,19.569
2020-07_gen5ou-0.json,Politoed,Stats,Raw count,,13464
2020-07_gen5ou-0.json,Politoed,Stats,Avg. weight,,1.0
2020-07_gen5ou-0.json,Politoed,Stats,Viability Ceiling,,92
2020-07_gen5ou-0.json,Politoed,Stats,Bold,,3.157
2020-07_gen5ou-0.json,Politoed,Stats,Modest,,6.432
2020-07_gen5ou-0.json,Politoed,Stats,Timid,,3.862
2020-07_gen5ou-0.json,Politoed,Abilities,,Drizzle,98.737
2020-07_gen5ou-0.json,Politoed,Abilities,,Water Absorb,1.107
2020-07_gen5ou-0.json,Politoed,Abilities,,Damp,0.156
2020-07_gen5ou-0.json,Politoed,Items,,Leftovers,52.481
2020-07_gen5ou-0.json,Politoed,Items,,Choice Specs,23.099
2020-07_gen5ou-0.json,Politoed,Items,,Choice Scarf,14.216
2020-07_gen5ou-0.json,Politoed,Items,,Focus Sash,1.456
2020-07_gen5ou-0.json,Politoed,Items,,Water Gem,1.411
2020-07_gen5ou-0.json,Politoed,Items,,Sitrus Berry,1.27
2020-07_gen5ou-0.json,Politoed,Items,,Damp Rock,1.218
2020-07_gen5ou-0.json,Politoed,Items,,Other,4.85
2020-07_gen5ou-0.json,Politoed,Spreads,,Other,59.975
2020-07_gen5ou-0.json,Politoed,Moves,,Ice Beam,69.251
2020-07_gen5ou-0.json,Politoed,Moves,,Scald,60.212
2020-07_gen5ou-0.json,Politoed,Moves,,Toxic,44.296
2020-07_gen5ou-0.json,Politoed,Moves,,Hydro Pump,37.344
2020-07_gen5ou-0.json,Politoed,Moves,,Protect,32.464
2020-07_gen5ou-0.json,Politoed,Moves,,Focus Blast,29.315
2020-07_gen5ou-0.json,Politoed,Moves,,Encore,27.555
2020-07_gen5ou-0.json,Politoed,Moves,,Hidden Power Grass,25.089
2020-07_gen5ou-0.json,Politoed,Moves,,Perish Song,18.494
2020-07_gen5ou-0.json,Politoed,Moves,,Psychic,14.84
2020-07_gen5ou-0.json,Politoed,Moves,,Surf,10.101
2020-07_gen5ou-0.json,Politoed,Moves,,Haze,5.08
2020-07_gen5ou-0.json,Politoed,Moves,,Refresh,3.914
2020-07_gen5ou-0.json,Politoed,Moves,,Rest,2.859
2020-07_gen5ou-0.json,Politoed,Moves,,Other,19.184
2020-07_gen5ou-0.json,Volcarona,Stats,Raw count,,13074
2020-07_gen5ou-0.json,Volcarona,Stats,Avg. weight,,1.0
2020-07_gen5ou-0.json,Volcarona,Stats,Viability Ceiling,,89
2020-07_gen5ou-0.json,Volcarona,Stats,Timid,,2.891
2020-07_gen5ou-0.json,Volcarona,Stats,Modest,,2.677
2020-07_gen5ou-0.json,Volcarona,Abilities,,Flame Body,100.0
2020-07_gen5ou-0.json,Volcarona,Items,,Life Orb,26.809
2020-07_gen5ou-0.json,Volcarona,Items,,Leftovers,26.021
2020-07_gen5ou-0.json,Volcarona,Items,,Focus Sash,12.972
2020-07_gen5ou-0.json,Volcarona,Items,,Lum Berry,11.511
2020-07_gen5ou-0.json,Volcarona,Items,,Passho Berry,3.717
2020-07_gen5ou-0.json,Volcarona,Items,,Sitrus Berry,2.578
2020-07_gen5ou-0.json,Volcarona,Items,,Expert Belt,2.356
2020-07_gen5ou-0.json,Volcarona,Items,,Pecha Berry,1.568
2020-07_gen5ou-0.json,Volcarona,Items,,Wise Glasses,1.27
2020-07_gen5ou-0.json,Volcarona,Items,,Chesto Berry,1.078
2020-07_gen5ou-0.json,Volcarona,Items,,Charti Berry,0.918
2020-07_gen5ou-0.json,Volcarona,Items,,Fire Gem,0.91
2020-07_gen5ou-0.json,Volcarona,Items,,Bug Gem,0.826
2020-07_gen5ou-0.json,Volcarona,Items,,Choice Scarf,0.818
2020-07_gen5ou-0.json,Volcarona,Items,,Rocky Helmet,0.78
2020-07_gen5ou-0.json,Volcarona,Items,,Charcoal,0.734
2020-07_gen5ou-0.json,Volcarona,Items,,Nothing,0.696
2020-07_gen5ou-0.json,Volcarona,Items,,Other,4.436
2020-07_gen5ou-0.json,Volcarona,Spreads,,Other,32.255
2020-07_gen5ou-0.json,Volcarona,Moves,,Quiver Dance,94.057
2020-07_gen5ou-0.json,Volcarona,Moves,,Bug Buzz,89.919
2020-07_gen5ou-0.json,Volcarona,Moves,,Fiery Dance,67.661
2020-07_gen5ou-0.json,Volcarona,Moves,,Giga Drain,57.756
2020-07_gen5ou-0.json,Volcarona,Moves,,Fire Blast,15.81
2020-07_gen5ou-0.json,Volcarona,Moves,,Flamethrower,12.49
2020-07_gen5ou-0.json,Volcarona,Moves,,Hidden Power Ground,10.387
2020-07_gen5ou-0.json,Volcarona,Moves,,Hurricane,8.88
2020-07_gen5ou-0.json,Volcarona,Moves,,Roost,7.993
2020-07_gen5ou-0.json,Volcarona,Moves,,Psychic,7.84
2020-07_gen5ou-0.json,Volcarona,Moves,,Hidden Power Ice,5.385
2020-07_gen5ou-0.json,Volcarona,Moves,,Hidden Power Rock,3.098
2020-07_gen5ou-0.json,Volcarona,Moves,,Other,18.724
2020-07_gen5ou-0.json,Starmie,Stats,Raw count,,12368
2020-07_gen5ou-0.json,Starmie,Stats,Avg. weight,,1.0
2020-07_gen5ou-0.json,Starmie,Stats,Viability Ceiling,,92
2020-07_gen5ou-0.json,Starmie,Stats,Timid,,2.789
2020-07_gen5ou-0.json,Starmie,Abilities,,Natural Cure,64.626
2020-07_gen5ou-0.json,Starmie,Abilities,,Analytic,33.061
2020-07_gen5ou-0.json,Starmie,Abilities,,Illuminate,2.312
2020-07_gen5ou-0.json,Starmie,Items,,Life Orb,42.214
2020-07_gen5ou-0.json,Starmie,Items,,Leftovers,33.918
2020-07_gen5ou-0.json,Starmie,Items,,Expert Belt,8.239
2020-07_gen5ou-0.json,Starmie,Items,,Choice Scarf,5.692
2020-07_gen5ou-0.json,Starmie,Items,,Choice Specs,3.493
2020-07_gen5ou-0.json,Starmie,Items,,Focus Sash,2.312
2020-07_gen5ou-0.json,Starmie,Items,,Other,4.132
2020-07_gen5ou-0.json,Starmie,Spreads,,Other,20.391
2020-07_gen5ou-0.json,Starmie,Moves,,Rapid Spin,83.926
2020-07_gen5ou-0.json,Starmie,Moves,,Ice Beam,71.321
2020-07_gen5ou-0.json,Starmie,Moves,,Thunderbolt,40.225
2020-07_gen5ou-0.json,Starmie,Moves,,Hydro Pump,37.451
2020-07_gen5ou-0.json,Starmie,Moves,,Scald,30.425
2020-07_gen5ou-0.json,Starmie,Moves,,Psyshock,26.811
2020-07_gen5ou-0.json,Starmie,Moves,,Surf,26.18
2020-07_gen5ou-0.json,Starmie,Moves,,Recover,24.871
2020-07_gen5ou-0.json,Starmie,Moves,,Psychic,19.963
2020-07_gen5ou-0.json,Starmie,Moves,,Thunder,18.491
2020-07_gen5ou-0.json,Starmie,Moves,,Trick,4.269
2020-07_gen5ou-0.json,Starmie,Moves,,Other,16.066
2020-07_gen5ou-0.json,Landorus-Therian,Stats,Raw count,,11800
2020-07_gen5ou-0.json,Landorus-Therian,Stats,Avg. weight,,1.0
2020-07_gen5ou-0.json,Landorus-Therian,Stats,Viability Ceiling,,93
2020-07_gen5ou-0.json,Landorus-Therian,Stats,Naive,,5.492
2020-07_gen5ou-0.json,Landorus-Therian,Stats,Jolly,,3.169
2020-07_gen5ou-0.json,Landorus-Therian,Stats,Naughty,,4.737
2020-07_gen5ou-0.json,Landorus-Therian,Abilities,,Intimidate,100.0
2020-07_gen5ou-0.json,Landorus-Therian,Items,,Choice Scarf,43.364
2020-07_gen5ou-0.json,Landorus-Therian,Items,,Leftovers,32.136
2020-07_gen5ou-0.json,Landorus-Therian,Items,,Rocky Helmet,7.263
2020-07_gen5ou-0.json,Landorus-Therian,Items,,Life Orb,5.178
2020-07_gen5ou-0.json,Landorus-Therian,Items,,Fighting Gem,3.542
2020-07_gen5ou-0.json,Landorus-Therian,Items,,Yache Berry,1.585
2020-07_gen5ou-0.json,Landorus-Therian,Items,,Focus Sash,1.5
2020-07_gen5ou-0.json,Landorus-Therian,Items,,Choice Band,1.305
2020-07_gen5ou-0.json,Landorus-Therian,Items,,Other,4.127
2020-07_gen5ou-0.json,Landorus-Therian,Spreads,,Other,50.966
2020-07_gen5ou-0.json,Landorus-Therian,Moves,,Earthquake,98.585
2020-07_gen5ou-0.json,Landorus-Therian,Moves,,U-turn,82.966
2020-07_gen5ou-0.json,Landorus-Therian,Moves,,Hidden Power Ice,68.39
2020-07_gen5ou-0.json,Landorus-Therian,Moves,,Stealth Rock,37.797
2020-07_gen5ou-0.json,Landorus-Therian,Moves,,Stone Edge,37.432
2020-07_gen5ou-0.json,Landorus-Therian,Moves,,Superpower,20.814
2020-07_gen5ou-0.json,Landorus-Therian,Moves,,Swords Dance,10.229
2020-07_gen5ou-0.json,Landorus-Therian,Moves,,Knock Off,6.178
2020-07_gen5ou-0.json,Landorus-Therian,Moves,,Rock Polish,6.034
2020-07_gen5ou-0.json,Landorus-Therian,Moves,,Explosion,5.127
2020-07_gen5ou-0.json,Landorus-Therian,Moves,,Rock Slide,4.542
2020-07_gen5ou-0.json,Landorus-Therian,Moves,,Toxic,2.093
2020-07_gen5ou-0.json,Landorus-Therian,Moves,,Other,19.814
2020-07_gen5ou-0.json,Excadrill,Stats,Raw count,,11149
2020-07_gen5ou-0.json,Excadrill,Stats,Avg. weight,,1.0
2020-07_gen5ou-0.json,Excadrill,Stats,Viability Ceiling,,93
2020-07_gen5ou-0.json,Excadrill,Stats,Jolly,,3.480
2020-07_gen5ou-0.json,Excadrill,Stats,Adamant,,4.449
2020-07_gen5ou-0.json,Excadrill,Abilities,,Mold Breaker,56.893
2020-07_gen5ou-0.json,Excadrill,Abilities,,Sand Force,43.107
2020-07_gen5ou-0.json,Excadrill,Items,,Leftovers,42.336
2020-07_gen5ou-0.json,Excadrill,Items,,Choice Scarf,24.406
2020-07_gen5ou-0.json,Excadrill,Items,,Focus Sash,10.611
2020-07_gen5ou-0.json,Excadrill,Items,,Life Orb,8.306
2020-07_gen5ou-0.json,Excadrill,Items,,Air Balloon,4.413
2020-07_gen5ou-0.json,Excadrill,Items,,Rocky Helmet,1.946
2020-07_gen5ou-0.json,Excadrill,Items,,Choice Band,1.623
2020-07_gen5ou-0.json,Excadrill,Items,,Expert Belt,1.57
2020-07_gen5ou-0.json,Excadrill,Items,,Other,4.79
2020-07_gen5ou-0.json,Excadrill,Spreads,,Other,36.891
2020-07_gen5ou-0.json,Excadrill,Moves,,Earthquake,95.255
2020-07_gen5ou-0.json,Excadrill,Moves,,Rapid Spin,78.24
2020-07_gen5ou-0.json,Excadrill,Moves,,Iron Head,72.634
2020-07_gen5ou-0.json,Excadrill,Moves,,Rock Slide,37.923
2020-07_gen5ou-0.json,Excadrill,Moves,,Protect,28.469
2020-07_gen5ou-0.json,Excadrill,Moves,,Swords Dance,19.41
2020-07_gen5ou-0.json,Excadrill,Moves,,Stealth Rock,17.67
2020-07_gen5ou-0.json,Excadrill,Moves,,Toxic,10.701
2020-07_gen5ou-0.json,Excadrill,Moves,,Brick Break,9.247
2020-07_gen5ou-0.json,Excadrill,Moves,,X-Scissor,6.305
2020-07_gen5ou-0.json,Excadrill,Moves,,Shadow Claw,5.148
2020-07_gen5ou-0.json,Excadrill,Moves,,Other,18.997
2020-07_gen5ou-0.json,Rotom-Wash,Stats,Raw count,,10824
2020-07_gen5ou-0.json,Rotom-Wash,Stats,Avg. weight,,1.0
2020-07_gen5ou-0.json,Rotom-Wash,Stats,Viability Ceiling,,93
2020-07_gen5ou-0.json,Rotom-Wash,Stats,Timid,,3.686
2020-07_gen5ou-0.json,Rotom-Wash,Stats,Calm,,6.042
2020-07_gen5ou-0.json,Rotom-Wash,Stats,Modest,,8.629
2020-07_gen5ou-0.json,Rotom-Wash,Stats,Bold,,3.289
2020-07_gen5ou-0.json,Rotom-Wash,Abilities,,Levitate,100.0
2020-07_gen5ou-0.json,Rotom-Wash,Items,,Leftovers,70.51
2020-07_gen5ou-0.json,Rotom-Wash,Items,,Choice Scarf,16.122
2020-07_gen5ou-0.json,Rotom-Wash,Items,,Choice Specs,4.157
2020-07_gen5ou-0.json,Rotom-Wash,Items,,Sitrus Berry,1.94
2020-07_gen5ou-0.json,Rotom-Wash,Items,,Life Orb,1.118
2020-07_gen5ou-0.json,Rotom-Wash,Items,,Mago Berry,0.841
2020-07_gen5ou-0.json,Rotom-Wash,Items,,Chesto Berry,0.647
2020-07_gen5ou-0.json,Rotom-Wash,Items,,Other,4.666
2020-07_gen5ou-0.json,Rotom-Wash,Spreads,,Other,54.804
2020-07_gen5ou-0.json,Rotom-Wash,Moves,,Hydro Pump,95.833
2020-07_gen5ou-0.json,Rotom-Wash,Moves,,Volt Switch,87.953
2020-07_gen5ou-0.json,Rotom-Wash,Moves,,Will-O-Wisp,64.985
2020-07_gen5ou-0.json,Rotom-Wash,Moves,,Pain Split,48.771
2020-07_gen5ou-0.json,Rotom-Wash,Moves,,Trick,17.877
2020-07_gen5ou-0.json,Rotom-Wash,Moves,,Hidden Power Ice,17.535
2020-07_gen5ou-0.json,Rotom-Wash,Moves,,Thunderbolt,12.565
2020-07_gen5ou-0.json,Rotom-Wash,Moves,,Thunder Wave,10.939
2020-07_gen5ou-0.json,Rotom-Wash,Moves,,Thunder,7.095
2020-07_gen5ou-0.json,Rotom-Wash,Moves,,Discharge,5.848
2020-07_gen5ou-0.json,Rotom-Wash,Moves,,Hidden Power Grass,4.933
2020-07_gen5ou-0.json,Rotom-Wash,Moves,,Shadow Ball,4.86
2020-07_gen5ou-0.json,Rotom-Wash,Moves,,Hidden Power Fire,3.492
2020-07_gen5ou-0.json,Rotom-Wash,Moves,,Other,17.313
2020-07_gen5ou-0.json,Alakazam,Stats,Raw count,,10309
2020-07_gen5ou-0.json,Alakazam,Stats,Avg. weight,,1.0
2020-07_gen5ou-0.json,Alakazam,Stats,Viability Ceiling,,89
2020-07_gen5ou-0.json,Alakazam,Stats,Timid,,1.251
2020-07_gen5ou-0.json,Alakazam,Stats,Modest,,3.919
2020-07_gen5ou-0.json,Alakazam,Abilities,,Magic Guard,88.864
2020-07_gen5ou-0.json,Alakazam,Abilities,,Synchronize,9.933
2020-07_gen5ou-0.json,Alakazam,Abilities,,Inner Focus,1.203
2020-07_gen5ou-0.json,Alakazam,Items,,Focus Sash,59.317
2020-07_gen5ou-0.json,Alakazam,Items,,Life Orb,23.504
2020-07_gen5ou-0.json,Alakazam,Items,,Choice Specs,5.772
2020-07_gen5ou-0.json,Alakazam,Items,,Leftovers,4.142
2020-07_gen5ou-0.json,Alakazam,Items,,Choice Scarf,0.999
2020-07_gen5ou-0.json,Alakazam,Items,,Expert Belt,0.805
2020-07_gen5ou-0.json,Alakazam,Items,,Psychic Gem,0.757
2020-07_gen5ou-0.json,Alakazam,Items,,Other,4.705
2020-07_gen5ou-0.json,Alakazam,Spreads,,Other,11.883
2020-07_gen5ou-0.json,Alakazam,Moves,,Focus Blast,78.136
2020-07_gen5ou-0.json,Alakazam,Moves,,Psychic,73.382
2020-07_gen5ou-0.json,Alakazam,Moves,,Shadow Ball,64.507
2020-07_gen5ou-0.json,Alakazam,Moves,,Hidden Power Ice,37.462
2020-07_gen5ou-0.json,Alakazam,Moves,,Psyshock,28.81
2020-07_gen5ou-0.json,Alakazam,Moves,,Energy Ball,28.684
2020-07_gen5ou-0.json,Alakazam,Moves,,Calm Mind,16.442
2020-07_gen5ou-0.json,Alakazam,Moves,,Hidden Power Fire,13.134
2020-07_gen5ou-0.json,Alakazam,Moves,,Thunder Wave,10.205
2020-07_gen5ou-0.json,Alakazam,Moves,,Encore,8.09
2020-07_gen5ou-0.json,Alakazam,Moves,,Signal Beam,6.557
2020-07_gen5ou-0.json,Alakazam,Moves,,Recover,4.094
2020-07_gen5ou-0.json,Alakazam,Moves,,Substitute,3.909
2020-07_gen5ou-0.json,Alakazam,Moves,,Rain Dance,2.493
2020-07_gen5ou-0.json,Alakazam,Moves,,Sunny Day,2.095
2020-07_gen5ou-0.json,Alakazam,Moves,,Grass Knot,2.047
2020-07_gen5ou-0.json,Alakazam,Moves,,Other,19.953
2020-07_gen5ou-0.json,Magnezone,Stats,Raw count,,10061
2020-07_gen5ou-0.json,Magnezone,Stats,Avg. weight,,1.0
2020-07_gen5ou-0.json,Magnezone,Stats,Viability Ceiling,,89
2020-07_gen5ou-0.json,Magnezone,Stats,Timid,,4.016
2020-07_gen5ou-0.json,Magnezone,Stats,Modest,,5.447
2020-07_gen5ou-0.json,Magnezone,Abilities,,Magnet Pull,93.013
2020-07_gen5ou-0.json,Magnezone,Abilities,,Sturdy,4.105
2020-07_gen5ou-0.json,Magnezone,Abilities,,Analytic,2.882
2020-07_gen5ou-0.json,Magnezone,Items,,Air Balloon,25.703
2020-07_gen5ou-0.json,Magnezone,Items,,Choice Specs,21.906
2020-07_gen5ou-0.json,Magnezone,Items,,Choice Scarf,18.825
2020-07_gen5ou-0.json,Magnezone,Items,,Leftovers,15.625
2020-07_gen5ou-0.json,Magnezone,Items,,Chople Berry,5.576
2020-07_gen5ou-0.json,Magnezone,Items,,Life Orb,4.025
2020-07_gen5ou-0.json,Magnezone,Items,,Choice Band,1.461
2020-07_gen5ou-0.json,Magnezone,Items,,Bright Powder,1.401
2020-07_gen5ou-0.json,Magnezone,Items,,Focus Sash,0.904
2020-07_gen5ou-0.json,Magnezone,Items,,Other,4.572
2020-07_gen5ou-0.json,Magnezone,Spreads,,Other,49.528
2020-07_gen5ou-0.json,Magnezone,Moves,,Hidden Power Fire,81.473
2020-07_gen5ou-0.json,Magnezone,Moves,,Thunderbolt,74.486
2020-07_gen5ou-0.json,Magnezone,Moves,,Flash Cannon,72.359
2020-07_gen5ou-0.json,Magnezone,Moves,,Volt Switch,59.278
2020-07_gen5ou-0.json,Magnezone,Moves,,Sunny Day,20.992
2020-07_gen5ou-0.json,Magnezone,Moves,,Substitute,17.195
2020-07_gen5ou-0.json,Magnezone,Moves,,Magnet Rise,12.007
2020-07_gen5ou-0.json,Magnezone,Moves,,Thunder,11.112
2020-07_gen5ou-0.json,Magnezone,Moves,,Hidden Power Ice,6.908
2020-07_gen5ou-0.json,Magnezone,Moves,,Signal Beam,5.815
2020-07_gen5ou-0.json,Magnezone,Moves,,Charge Beam,5.258
2020-07_gen5ou-0.json,Magnezone,Moves,,Discharge,4.681
2020-07_gen5ou-0.json,Magnezone,Moves,,Tri Attack,4.184
2020-07_gen5ou-0.json,Magnezone,Moves,,Thunder Wave,3.926
2020-07_gen5ou-0.json,Magnezone,Moves,,Explosion,2.674
2020-07_gen5ou-0.json,Magnezone,Moves,,Other,17.652
2020-07_gen5ou-0.json,Tentacruel,Stats,Raw count,,9905
2020-07_gen5ou-0.json,Tentacruel,Stats,Avg. weight,,1.0
2020-07_gen5ou-0.json,Tentacruel,Stats,Viability Ceiling,,92
2020-07_gen5ou-0.json,Tentacruel,Stats,Timid,,4.705
2020-07_gen5ou-0.json,Tentacruel,Stats,Bold,,8.380
2020-07_gen5ou-0.json,Tentacruel,Stats,Calm,,3.099
2020-07_gen5ou-0.json,Tentacruel,Abilities,,Rain Dish,66.946
2020-07_gen5ou-0.json,Tentacruel,Abilities,,Liquid Ooze,17.971
2020-07_gen5ou-0.json,Tentacruel,Abilities,,Clear Body,15.083
2020-07_gen5ou-0.json,Tentacruel,Items,,Black Sludge,83.786
2020-07_gen5ou-0.json,Tentacruel,Items,,Leftovers,12.448
2020-07_gen5ou-0.json,Tentacruel,Items,,Other,3.766
2020-07_gen5ou-0.json,Tentacruel,Spreads,,Other,56.204
2020-07_gen5ou-0.json,Tentacruel,Moves,,Rapid Spin,90.056
2020-07_gen5ou-0.json,Tentacruel,Moves,,Scald,87.32
2020-07_gen5ou-0.json,Tentacruel,Moves,,Protect,56.82
2020-07_gen5ou-0.json,Tentacruel,Moves,,Toxic Spikes,47.653
2020-07_gen5ou-0.json,Tentacruel,Moves,,Toxic,46.845
2020-07_gen5ou-0.json,Tentacruel,Moves,,Ice Beam,13.115
2020-07_gen5ou-0.json,Tentacruel,Moves,,Substitute,10.328
2020-07_gen5ou-0.json,Tentacruel,Moves,,Giga Drain,7.784
2020-07_gen5ou-0.json,Tentacruel,Moves,,Sludge Bomb,6.896
2020-07_gen5ou-0.json,Tentacruel,Moves,,Knock Off,6.138
2020-07_gen5ou-0.json,Tentacruel,Moves,,Surf,6.088
2020-07_gen5ou-0.json,Tentacruel,Moves,,Hydro Pump,4.311
2020-07_gen5ou-0.json,Tentacruel,Moves,,Other,16.648
2020-07_gen5ou-0.json,Keldeo,Stats,Raw count,,9260
2020-07_gen5ou-0.json,Keldeo,Stats,Avg. weight,,1.0
2020-07_gen5ou-0.json,Keldeo,Stats,Viability Ceiling,,92
2020-07_gen5ou-0.json,Keldeo,Stats,Timid,,1.674
2020-07_gen5ou-0.json,Keldeo,Stats,Hasty,,3.315
2020-07_gen5ou-0.json,Keldeo,Stats,Modest,,1.415
2020-07_gen5ou-0.json,Keldeo,Abilities,,Justified,100.0
2020-07_gen5ou-0.json,Keldeo,Items,,Choice Specs,33.175
2020-07_gen5ou-0.json,Keldeo,Items,,Choice Scarf,27.149
2020-07_gen5ou-0.json,Keldeo,Items,,Leftovers,16.037
2020-07_gen5ou-0.json,Keldeo,Items,,Life Orb,9.32
2020-07_gen5ou-0.json,Keldeo,Items,,Expert Belt,6.652
2020-07_gen5ou-0.json,Keldeo,Items,,Fighting Gem,3.823
2020-07_gen5ou-0.json,Keldeo,Items,,Other,3.844
2020-07_gen5ou-0.json,Keldeo,Spreads,,Other,7.603
2020-07_gen5ou-0.json,Keldeo,Moves,,Secret Sword,97.041
2020-07_gen5ou-0.json,Keldeo,Moves,,Hydro Pump,67.549
2020-07_gen5ou-0.json,Keldeo,Moves,,Surf,44.622
2020-07_gen5ou-0.json,Keldeo,Moves,,Icy Wind,37.559
2020-07_gen5ou-0.json,Keldeo,Moves,,Hidden Power Ice,27.873
2020-07_gen5ou-0.json,Keldeo,Moves,,Scald,25.918
2020-07_gen5ou-0.json,Keldeo,Moves,,Calm Mind,16.004
2020-07_gen5ou-0.json,Keldeo,Moves,,Hidden Power Electric,12.678
2020-07_gen5ou-0.json,Keldeo,Moves,,Hidden Power Ghost,12.127
2020-07_gen5ou-0.json,Keldeo,Moves,,Hidden Power Grass,10.378
2020-07_gen5ou-0.json,Keldeo,Moves,,Substitute,7.052
2020-07_gen5ou-0.json,Keldeo,Moves,,Focus Blast,6.836
2020-07_gen5ou-0.json,Keldeo,Moves,,Toxic,6.134
2020-07_gen5ou-0.json,Keldeo,Moves,,Aqua Jet,4.838
2020-07_gen5ou-0.json,Keldeo,Moves,,Protect,4.611
2020-07_gen5ou-0.json,Keldeo,Moves,,Other,18.78
2020-07_gen5ou-0.json,Gliscor,Stats,Raw count,,9059
2020-07_gen5ou-0.json,Gliscor,Stats,Avg. weight,,1.0
2020-07_gen5ou-0.json,Gliscor,Stats,Viability Ceiling,,89
2020-07_gen5ou-0.json,Gliscor,Stats,Impish,,4.404
2020-07_gen5ou-0.json,Gliscor,Stats,Jolly,,7.628
2020-07_gen5ou-0.json,Gliscor,Stats,Adamant,,3.025
2020-07_gen5ou-0.json,Gliscor,Abilities,,Poison Heal,81.08
2020-07_gen5ou-0.json,Gliscor,Abilities,,Hyper Cutter,18.92
2020-07_gen5ou-0.json,Gliscor,Items,,Toxic Orb,78.75
2020-07_gen5ou-0.json,Gliscor,Items,,Flying Gem,5.784
2020-07_gen5ou-0.json,Gliscor,Items,,Rocky Helmet,5.299
2020-07_gen5ou-0.json,Gliscor,Items,,Leftovers,3.334
2020-07_gen5ou-0.json,Gliscor,Items,,Sitrus Berry,1.821
2020-07_gen5ou-0.json,Gliscor,Items,,Life Orb,1.358
2020-07_gen5ou-0.json,Gliscor,Items,,Other,3.654
2020-07_gen5ou-0.json,Gliscor,Spreads,,Other,64.422
2020-07_gen5ou-0.json,Gliscor,Moves,,Earthquake,86.036
2020-07_gen5ou-0.json,Gliscor,Moves,,Protect,39.232
2020-07_gen5ou-0.json,Gliscor,Moves,,Toxic,38.625
2020-07_gen5ou-0.json,Gliscor,Moves,,Roost,35.666
2020-07_gen5ou-0.json,Gliscor,Moves,,Substitute,28.049
2020-07_gen5ou-0.json,Gliscor,Moves,,Swords Dance,23.369
2020-07_gen5ou-0.json,Gliscor,Moves,,Ice Fang,20.079
2020-07_gen5ou-0.json,Gliscor,Moves,,Stealth Rock,19.638
2020-07_gen5ou-0.json,Gliscor,Moves,,Taunt,17.331
2020-07_gen5ou-0.json,Gliscor,Moves,,U-turn,15.41
2020-07_gen5ou-0.json,Gliscor,Moves,,Acrobatics,12.717
2020-07_gen5ou-0.json,Gliscor,Moves,,Facade,10.641
2020-07_gen5ou-0.json,Gliscor,Moves,,Fire Fang,7.109
2020-07_gen5ou-0.json,Gliscor,Moves,,Knock Off,6.701
2020-07_gen5ou-0.json,Gliscor,Moves,,Aerial Ace,5.012
2020-07_gen5ou-0.json,Gliscor,Moves,,Defog,3.323
2020-07_gen5ou-0.json,Gliscor,Moves,,Baton Pass,3.014
2020-07_gen5ou-0.json,Gliscor,Moves,,Tailwind,2.881
2020-07_gen5ou-0.json,Gliscor,Moves,,X-Scissor,2.462
2020-07_gen5ou-0.json,Gliscor,Moves,,Rock Slide,2.009
2020-07_gen5ou-0.json,Gliscor,Moves,,Poison Jab,1.855
2020-07_gen5ou-0.json,Gliscor,Moves,,Other,18.843
2020-07_gen5ou-0.json,Skarmory,Stats,Raw count,,8669
2020-07_gen5ou-0.json,Skarmory,Stats,Avg. weight,,1.0
2020-07_gen5ou-0.json,Skarmory,Stats,Viability Ceiling,,91
2020-07_gen5ou-0.json,Skarmory,Stats,Impish,,4.003
2020-07_gen5ou-0.json,Skarmory,Stats,Jolly,,5.502
2020-07_gen5ou-0.json,Skarmory,Stats,Bold,,3.403
2020-07_gen5ou-0.json,Skarmory,Abilities,,Sturdy,90.299
2020-07_gen5ou-0.json,Skarmory,Abilities,,Keen Eye,8.652
2020-07_gen5ou-0.json,Skarmory,Abilities,,Weak Armor,1.05
2020-07_gen5ou-0.json,Skarmory,Items,,Leftovers,40.593
2020-07_gen5ou-0.json,Skarmory,Items,,Rocky Helmet,33.614
2020-07_gen5ou-0.json,Skarmory,Items,,Custap Berry,13.531
2020-07_gen5ou-0.json,Skarmory,Items,,Shed Shell,7.809
2020-07_gen5ou-0.json,Skarmory,Items,,Other,4.453
2020-07_gen5ou-0.json,Skarmory,Spreads,,Other,57.458
2020-07_gen5ou-0.json,Skarmory,Moves,,Roost,74.092
2020-07_gen5ou-0.json,Skarmory,Moves,,Spikes,68.22
2020-07_gen5ou-0.json,Skarmory,Moves,,Brave Bird,64.275
2020-07_gen5ou-0.json,Skarmory,Moves,,Whirlwind,54.193
2020-07_gen5ou-0.json,Skarmory,Moves,,Stealth Rock,53.87
2020-07_gen5ou-0.json,Skarmory,Moves,,Taunt,26.601
2020-07_gen5ou-0.json,Skarmory,Moves,,Toxic,12.954
2020-07_gen5ou-0.json,Skarmory,Moves,,Defog,7.521
2020-07_gen5ou-0.json,Skarmory,Moves,,Roar,7.498
2020-07_gen5ou-0.json,Skarmory,Moves,,Drill Peck,5.918
2020-07_gen5ou-0.json,Skarmory,Moves,,Iron Head,5.825
2020-07_gen5ou-0.json,Skarmory,Moves,,Other,19.033
2020-07_gen5ou-0.json,Hydreigon,Stats,Raw count,,8633
2020-07_gen5ou-0.json,Hydreigon,Stats,Avg. weight,,1.0
2020-07_gen5ou-0.json,Hydreigon,Stats,Viability Ceiling,,88
2020-07_gen5ou-0.json,Hydreigon,Stats,Timid,,8.155
2020-07_gen5ou-0.json,Hydreigon,Stats,Modest,,1.761
2020-07_gen5ou-0.json,Hydreigon,Stats,Hasty,,4.251
2020-07_gen5ou-0.json,Hydreigon,Abilities,,Levitate,100.0
2020-07_gen5ou-0.json,Hydreigon,Items,,Life Orb,34.461
2020-07_gen5ou-0.json,Hydreigon,Items,,Choice Scarf,26.329
2020-07_gen5ou-0.json,Hydreigon,Items,,Choice Specs,12.464
2020-07_gen5ou-0.json,Hydreigon,Items,,Leftovers,11.387
2020-07_gen5ou-0.json,Hydreigon,Items,,Expert Belt,3.938
2020-07_gen5ou-0.json,Hydreigon,Items,,Dragon Gem,1.321
2020-07_gen5ou-0.json,Hydreigon,Items,,Nothing,1.263
2020-07_gen5ou-0.json,Hydreigon,Items,,Rocky Helmet,1.112
2020-07_gen5ou-0.json,Hydreigon,Items,,White Herb,0.961
2020-07_gen5ou-0.json,Hydreigon,Items,,Black Glasses,0.776
2020-07_gen5ou-0.json,Hydreigon,Items,,Scope Lens,0.718
2020-07_gen5ou-0.json,Hydreigon,Items,,Wise Glasses,0.707
2020-07_gen5ou-0.json,Hydreigon,Items,,Other,4.564
2020-07_gen5ou-0.json,Hydreigon,Spreads,,Other,34.878
2020-07_gen5ou-0.json,Hydreigon,Moves,,Dark Pulse,75.35
2020-07_gen5ou-0.json,Hydreigon,Moves,,Draco Meteor,61.404
2020-07_gen5ou-0.json,Hydreigon,Moves,,Flamethrower,50.759
2020-07_gen5ou-0.json,Hydreigon,Moves,,Dragon Pulse,30.882
2020-07_gen5ou-0.json,Hydreigon,Moves,,Fire Blast,30.129
2020-07_gen5ou-0.json,Hydreigon,Moves,,Roost,23.839
2020-07_gen5ou-0.json,Hydreigon,Moves,,Focus Blast,23.607
2020-07_gen5ou-0.json,Hydreigon,Moves,,U-turn,21.673
2020-07_gen5ou-0.json,Hydreigon,Moves,,Earth Power,16.147
2020-07_gen5ou-0.json,Hydreigon,Moves,,Surf,14.468
2020-07_gen5ou-0.json,Hydreigon,Moves,,Superpower,10.506
2020-07_gen5ou-0.json,Hydreigon,Moves,,Crunch,4.251
2020-07_gen5ou-0.json,Hydreigon,Moves,,Flash Cannon,3.799
2020-07_gen5ou-0.json,Hydreigon,Moves,,Earthquake,3.695
2020-07_gen5ou-0.json,Hydreigon,Moves,,Taunt,3.417
2020-07_gen5ou-0.json,Hydreigon,Moves,,Heat Wave,2.479
2020-07_gen5ou-0.json,Hydreigon,Moves,,Substitute,1.691
2020-07_gen5ou-0.json,Hydreigon,Moves,,Tri Attack,1.564
2020-07_gen5ou-0.json,Hydreigon,Moves,,Dragon Rush,1.274
2020-07_gen5ou-0.json,Hydreigon,Moves,,Other,19.066
2020-07_gen5ou-0.json,Salamence,Stats,Raw count,,8589
2020-07_gen5ou-0.json,Salamence,Stats,Avg. weight,,1.0
2020-07_gen5ou-0.json,Salamence,Stats,Viability Ceiling,,87
2020-07_gen5ou-0.json,Salamence,Stats,Naive,,4.203
2020-07_gen5ou-0.json,Salamence,Stats,Jolly,,7.905
2020-07_gen5ou-0.json,Salamence,Stats,Adamant,,6.310
2020-07_gen5ou-0.json,Salamence,Abilities,,Moxie,56.887
2020-07_gen5ou-0.json,Salamence,Abilities,,Intimidate,43.113
2020-07_gen5ou-0.json,Salamence,Items,,Life Orb,25.661
2020-07_gen5ou-0.json,Salamence,Items,,Choice Scarf,25.102
2020-07_gen5ou-0.json,Salamence,Items,,Lum Berry,16.847
2020-07_gen5ou-0.json,Salamence,Items,,Leftovers,13.739
2020-07_gen5ou-0.json,Salamence,Items,,Focus Sash,3.772
2020-07_gen5ou-0.json,Salamence,Items,,Choice Band,2.887
2020-07_gen5ou-0.json,Salamence,Items,,Yache Berry,2.119
2020-07_gen5ou-0.json,Salamence,Items,,Sitrus Berry,1.351
2020-07_gen5ou-0.json,Salamence,Items,,Wide Lens,1.106
2020-07_gen5ou-0.json,Salamence,Items,,Expert Belt,1.059
2020-07_gen5ou-0.json,Salamence,Items,,Haban Berry,0.85
2020-07_gen5ou-0.json,Salamence,Items,,Choice Specs,0.838
2020-07_gen5ou-0.json,Salamence,Items,,Other,4.669
2020-07_gen5ou-0.json,Salamence,Spreads,,Other,42.717
2020-07_gen5ou-0.json,Salamence,Moves,,Earthquake,76.284
2020-07_gen5ou-0.json,Salamence,Moves,,Outrage,59.856
2020-07_gen5ou-0.json,Salamence,Moves,,Dragon Dance,50.413
2020-07_gen5ou-0.json,Salamence,Moves,,Dragon Claw,41.611
2020-07_gen5ou-0.json,Salamence,Moves,,Fire Blast,37.501
2020-07_gen5ou-0.json,Salamence,Moves,,Fire Fang,17.779
2020-07_gen5ou-0.json,Salamence,Moves,,Draco Meteor,17.522
2020-07_gen5ou-0.json,Salamence,Moves,,Flamethrower,12.889
2020-07_gen5ou-0.json,Salamence,Moves,,Hydro Pump,10.49
2020-07_gen5ou-0.json,Salamence,Moves,,Roost,9.244
2020-07_gen5ou-0.json,Salamence,Moves,,Crunch,8.988
2020-07_gen5ou-0.json,Salamence,Moves,,Aqua Tail,7.742
2020-07_gen5ou-0.json,Salamence,Moves,,Stone Edge,6.462
2020-07_gen5ou-0.json,Salamence,Moves,,Brick Break,5.612
2020-07_gen5ou-0.json,Salamence,Moves,,Substitute,4.669
2020-07_gen5ou-0.json,Salamence,Moves,,Zen Headbutt,3.446
2020-07_gen5ou-0.json,Salamence,Moves,,Fly,3.318
2020-07_gen5ou-0.json,Salamence,Moves,,Rock Slide,3.295
2020-07_gen5ou-0.json,Salamence,Moves,,Aerial Ace,3.155
2020-07_gen5ou-0.json,Salamence,Moves,,Other,19.723
2020-07_gen5ou-0.json,Conkeldurr,Stats,Raw count,,8199
2020-07_gen5ou-0.json,Conkeldurr,Stats,Avg. weight,,1.0
2020-07_gen5ou-0.json,Conkeldurr,Stats,Viability Ceiling,,84
2020-07_gen5ou-0.json,Conkeldurr,Stats,Adamant,,3.000
2020-07_gen5ou-0.json,Conkeldurr,Abilities,,Guts,64.227
2020-07_gen5ou-0.json,Conkeldurr,Abilities,,Iron Fist,23.259
2020-07_gen5ou-0.json,Conkeldurr,Abilities,,Sheer Force,12.514
2020-07_gen5ou-0.json,Conkeldurr,Items,,Flame Orb,46.762
2020-07_gen5ou-0.json,Conkeldurr,Items,,Life Orb,18.088
2020-07_gen5ou-0.json,Conkeldurr,Items,,Leftovers,13.246
2020-07_gen5ou-0.json,Conkeldurr,Items,,Sitrus Berry,4.427
2020-07_gen5ou-0.json,Conkeldurr,Items,,Expert Belt,4.305
2020-07_gen5ou-0.json,Conkeldurr,Items,,Quick Claw,2.488
2020-07_gen5ou-0.json,Conkeldurr,Items,,Choice Band,2.195
2020-07_gen5ou-0.json,Conkeldurr,Items,,Focus Sash,1.634
2020-07_gen5ou-0.json,Conkeldurr,Items,,Rocky Helmet,1.39
2020-07_gen5ou-0.json,Conkeldurr,Items,,Black Belt,1.183
2020-07_gen5ou-0.json,Conkeldurr,Items,,Other,4.281
2020-07_gen5ou-0.json,Conkeldurr,Spreads,,Other,38.688
2020-07_gen5ou-0.json,Conkeldurr,Moves,,Drain Punch,91.157
2020-07_gen5ou-0.json,Conkeldurr,Moves,,Mach Punch,77.79
2020-07_gen5ou-0.json,Conkeldurr,Moves,,Ice Punch,68.911
2020-07_gen5ou-0.json,Conkeldurr,Moves,,Thunder Punch,37.59
2020-07_gen5ou-0.json,Conkeldurr,Moves,,Bulk Up,28.296
2020-07_gen5ou-0.json,Conkeldurr,Moves,,Fire Punch,17.673
2020-07_gen5ou-0.json,Conkeldurr,Moves,,Facade,17.002
2020-07_gen5ou-0.json,Conkeldurr,Moves,,Earthquake,14.782
2020-07_gen5ou-0.json,Conkeldurr,Moves,,Stone Edge,11.928
2020-07_gen5ou-0.json,Conkeldurr,Moves,,Knock Off,6.867
2020-07_gen5ou-0.json,Conkeldurr,Moves,,Payback,6.415
2020-07_gen5ou-0.json,Conkeldurr,Moves,,Rock Slide,5.367
2020-07_gen5ou-0.json,Conkeldurr,Moves,,Other,16.221
2020-07_gen5ou-0.json,Jirachi,Stats,Raw count,,8016
2020-07_gen5ou-0.json,Jirachi,Stats,Avg. weight,,1.0
2020-07_gen5ou-0.json,Jirachi,Stats,Viability Ceiling,,89
2020-07_gen5ou-0.json,Jirachi,Stats,Careful,,3.381
2020-07_gen5ou-0.json,Jirachi,Stats,Calm,,6.300
2020-07_gen5ou-0.json,Jirachi,Stats,Jolly,,5.651
2020-07_gen5ou-0.json,Jirachi,Stats,Adamant,,3.630
2020-07_gen5ou-0.json,Jirachi,Stats,Timid,,3.605
2020-07_gen5ou-0.json,Jirachi,Abilities,,Serene Grace,100.0
2020-07_gen5ou-0.json,Jirachi,Items,,Leftovers,68.351
2020-07_gen5ou-0.json,Jirachi,Items,,Choice Scarf,21.819
2020-07_gen5ou-0.json,Jirachi,Items,,Shuca Berry,3.805
2020-07_gen5ou-0.json,Jirachi,Items,,Life Orb,1.16
2020-07_gen5ou-0.json,Jirachi,Items,,Other,4.865
2020-07_gen5ou-0.json,Jirachi,Spreads,,Other,69.049
2020-07_gen5ou-0.json,Jirachi,Moves,,Iron Head,68.451
2020-07_gen5ou-0.json,Jirachi,Moves,,U-turn,40.22
2020-07_gen5ou-0.json,Jirachi,Moves,,Body Slam,33.658
2020-07_gen5ou-0.json,Jirachi,Moves,,Stealth Rock,27.308
2020-07_gen5ou-0.json,Jirachi,Moves,,Ice Punch,25.037
2020-07_gen5ou-0.json,Jirachi,Moves,,Thunder,24.364
2020-07_gen5ou-0.json,Jirachi,Moves,,Wish,24.177
2020-07_gen5ou-0.json,Jirachi,Moves,,Calm Mind,18.413
2020-07_gen5ou-0.json,Jirachi,Moves,,Substitute,15.631
2020-07_gen5ou-0.json,Jirachi,Moves,,Protect,11.751
2020-07_gen5ou-0.json,Jirachi,Moves,,Fire Punch,11.477
2020-07_gen5ou-0.json,Jirachi,Moves,,Icy Wind,11.29
2020-07_gen5ou-0.json,Jirachi,Moves,,Healing Wish,9.905
2020-07_gen5ou-0.json,Jirachi,Moves,,Zen Headbutt,7.759
2020-07_gen5ou-0.json,Jirachi,Moves,,Psychic,7.41
2020-07_gen5ou-0.json,Jirachi,Moves,,Energy Ball,7.023
2020-07_gen5ou-0.json,Jirachi,Moves,,Thunderbolt,5.414
2020-07_gen5ou-0.json,Jirachi,Moves,,Psyshock,5.24
2020-07_gen5ou-0.json,Jirachi,Moves,,Hidden Power Fire,5.115
2020-07_gen5ou-0.json,Jirachi,Moves,,Drain Punch,4.815
2020-07_gen5ou-0.json,Jirachi,Moves,,Water Pulse,4.653
2020-07_gen5ou-0.json,Jirachi,Moves,,Thunder Wave,4.553
2020-07_gen5ou-0.json,Jirachi,Moves,,Thunder Punch,3.356
2020-07_gen5ou-0.json,Jirachi,Moves,,Grass Knot,3.094
2020-07_gen5ou-0.json,Jirachi,Moves,,Other,19.885
2020-07_gen5ou-0.json,Breloom,Stats,Raw count,,7897
2020-07_gen5ou-0.json,Breloom,Stats,Avg. weight,,1.0
2020-07_gen5ou-0.json,Breloom,Stats,Viability Ceiling,,88
2020-07_gen5ou-0.json,Breloom,Stats,Jolly,,9.928
2020-07_gen5ou-0.json,Breloom,Stats,Adamant,,4.457
2020-07_gen5ou-0.json,Breloom,Stats,Careful,,5.610
2020-07_gen5ou-0.json,Breloom,Abilities,,Poison Heal,52.944
2020-07_gen5ou-0.json,Breloom,Abilities,,Technician,41.649
2020-07_gen5ou-0.json,Breloom,Abilities,,Effect Spore,5.407
2020-07_gen5ou-0.json,Breloom,Items,,Toxic Orb,52.172
2020-07_gen5ou-0.json,Breloom,Items,,Life Orb,18.121
2020-07_gen5ou-0.json,Breloom,Items,,Choice Band,10.574
2020-07_gen5ou-0.json,Breloom,Items,,Focus Sash,7.56
2020-07_gen5ou-0.json,Breloom,Items,,Leftovers,4.343
2020-07_gen5ou-0.json,Breloom,Items,,Fighting Gem,1.342
2020-07_gen5ou-0.json,Breloom,Items,,Expert Belt,0.924
2020-07_gen5ou-0.json,Breloom,Items,,Other,4.964
2020-07_gen5ou-0.json,Breloom,Spreads,,Other,51.488
2020-07_gen5ou-0.json,Breloom,Moves,,Mach Punch,56.123
2020-07_gen5ou-0.json,Breloom,Moves,,Bullet Seed,47.018
2020-07_gen5ou-0.json,Breloom,Moves,,Drain Punch,43.485
2020-07_gen5ou-0.json,Breloom,Moves,,Seed Bomb,34.811
2020-07_gen5ou-0.json,Breloom,Moves,,Swords Dance,25.693
2020-07_gen5ou-0.json,Breloom,Moves,,Protect,25.237
2020-07_gen5ou-0.json,Breloom,Moves,,Stone Edge,25.161
2020-07_gen5ou-0.json,Breloom,Moves,,Bulk Up,22.3
2020-07_gen5ou-0.json,Breloom,Moves,,Low Sweep,19.109
2020-07_gen5ou-0.json,Breloom,Moves,,Substitute,18.057
2020-07_gen5ou-0.json,Breloom,Moves,,Leech Seed,17.095
2020-07_gen5ou-0.json,Breloom,Moves,,Focus Punch,12.866
2020-07_gen5ou-0.json,Breloom,Moves,,Facade,9.928
2020-07_gen5ou-0.json,Breloom,Moves,,Rock Tomb,7.762
2020-07_gen5ou-0.json,Breloom,Moves,,Thunder Punch,5.61
2020-07_gen5ou-0.json,Breloom,Moves,,Stun Spore,4.837
2020-07_gen5ou-0.json,Breloom,Moves,,Rock Slide,4.002
2020-07_gen5ou-0.json,Breloom,Moves,,Toxic,3.736
2020-07_gen5ou-0.json,Breloom,Moves,,Other,17.171
2020-07_gen5ou-0.json,Gengar,Stats,Raw count,,7951
2020-07_gen5ou-0.json,Gengar,Stats,Avg. weight,,1.0
2020-07_gen5ou-0.json,Gengar,Stats,Viability Ceiling,,88
2020-07_gen5ou-0.json,Gengar,Stats,Timid,,2.453
2020-07_gen5ou-0.json,Gengar,Stats,Modest,,3.559
2020-07_gen5ou-0.json,Gengar,Abilities,,Levitate,100.0
2020-07_gen5ou-0.json,Gengar,Items,,Black Sludge,28.99
2020-07_gen5ou-0.json,Gengar,Items,,Life Orb,22.89
2020-07_gen5ou-0.json,Gengar,Items,,Focus Sash,13.961
2020-07_gen5ou-0.json,Gengar,Items,,Choice Scarf,8.64
2020-07_gen5ou-0.json,Gengar,Items,,Choice Specs,8.439
2020-07_gen5ou-0.json,Gengar,Items,,Leftovers,6.792
2020-07_gen5ou-0.json,Gengar,Items,,Expert Belt,3.66
2020-07_gen5ou-0.json,Gengar,Items,,Wide Lens,0.83
2020-07_gen5ou-0.json,Gengar,Items,,Sitrus Berry,0.729
2020-07_gen5ou-0.json,Gengar,Items,,Choice Band,0.667
2020-07_gen5ou-0.json,Gengar,Items,,Other,4.402
2020-07_gen5ou-0.json,Gengar,Spreads,,Other,18.186
2020-07_gen5ou-0.json,Gengar,Moves,,Shadow Ball,87.222
2020-07_gen5ou-0.json,Gengar,Moves,,Focus Blast,60.219
2020-07_gen5ou-0.json,Gengar,Moves,,Substitute,33.216
2020-07_gen5ou-0.json,Gengar,Moves,,Thunderbolt,26.676
2020-07_gen5ou-0.json,Gengar,Moves,,Will-O-Wisp,23.745
2020-07_gen5ou-0.json,Gengar,Moves,,Destiny Bond,21.632
2020-07_gen5ou-0.json,Gengar,Moves,,Sludge Bomb,18.35
2020-07_gen5ou-0.json,Gengar,Moves,,Sludge Wave,15.206
2020-07_gen5ou-0.json,Gengar,Moves,,Psychic,13.319
2020-07_gen5ou-0.json,Gengar,Moves,,Giga Drain,12.061
2020-07_gen5ou-0.json,Gengar,Moves,,Energy Ball,9.32
2020-07_gen5ou-0.json,Gengar,Moves,,Trick,8.376
2020-07_gen5ou-0.json,Gengar,Moves,,Dark Pulse,7.144
2020-07_gen5ou-0.json,Gengar,Moves,,Taunt,6.402
2020-07_gen5ou-0.json,Gengar,Moves,,Disable,5.559
2020-07_gen5ou-0.json,Gengar,Moves,,Hidden Power Ice,5.396
2020-07_gen5ou-0.json,Gengar,Moves,,Pain Split,5.27
2020-07_gen5ou-0.json,Gengar,Moves,,Thunder,4.817
2020-07_gen5ou-0.json,Gengar,Moves,,Hex,3.761
2020-07_gen5ou-0.json,Gengar,Moves,,Hidden Power Fire,3.572
2020-07_gen5ou-0.json,Gengar,Moves,,Toxic,3.056
2020-07_gen5ou-0.json,Gengar,Moves,,Protect,2.805
2020-07_gen5ou-0.json,Gengar,Moves,,Clear Smog,2.729
2020-07_gen5ou-0.json,Gengar,Moves,,Night Shade,1.61
2020-07_gen5ou-0.json,Gengar,Moves,,Other,18.539
2020-07_gen5ou-0.json,Infernape,Stats,Raw count,,7696
2020-07_gen5ou-0.json,Infernape,Stats,Avg. weight,,1.0
2020-07_gen5ou-0.json,Infernape,Stats,Viability Ceiling,,85
2020-07_gen5ou-0.json,Infernape,Stats,Jolly,,13.007
2020-07_gen5ou-0.json,Infernape,Stats,Naive,,5.730
2020-07_gen5ou-0.json,Infernape,Stats,Hasty,,3.352
2020-07_gen5ou-0.json,Infernape,Abilities,,Blaze,53.508
2020-07_gen5ou-0.json,Infernape,Abilities,,Iron Fist,46.492
2020-07_gen5ou-0.json,Infernape,Items,,Focus Sash,25.052
2020-07_gen5ou-0.json,Infernape,Items,,Life Orb,18.269
2020-07_gen5ou-0.json,Infernape,Items,,Expert Belt,14.995
2020-07_gen5ou-0.json,Infernape,Items,,Choice Band,11.383
2020-07_gen5ou-0.json,Infernape,Items,,Choice Scarf,10.59
2020-07_gen5ou-0.json,Infernape,Items,,Leftovers,7.874
2020-07_gen5ou-0.json,Infernape,Items,,Nothing,1.689
2020-07_gen5ou-0.json,Infernape,Items,,Sitrus Berry,1.611
2020-07_gen5ou-0.json,Infernape,Items,,Fire Gem,1.585
2020-07_gen5ou-0.json,Infernape,Items,,Flame Plate,0.806
2020-07_gen5ou-0.json,Infernape,Items,,Wide Lens,0.637
2020-07_gen5ou-0.json,Infernape,Items,,Muscle Band,0.559
2020-07_gen5ou-0.json,Infernape,Items,,Other,4.951
2020-07_gen5ou-0.json,Infernape,Spreads,,Other,39.007
2020-07_gen5ou-0.json,Infernape,Moves,,Close Combat,80.561
2020-07_gen5ou-0.json,Infernape,Moves,,Thunder Punch,40.567
2020-07_gen5ou-0.json,Infernape,Moves,,Flare Blitz,35.746
2020-07_gen5ou-0.json,Infernape,Moves,,Mach Punch,29.522
2020-07_gen5ou-0.json,Infernape,Moves,,U-turn,29.405
2020-07_gen5ou-0.json,Infernape,Moves,,Overheat,28.989
2020-07_gen5ou-0.json,Infernape,Moves,,Fake Out,21.674
2020-07_gen5ou-0.json,Infernape,Moves,,Stealth Rock,16.489
2020-07_gen5ou-0.json,Infernape,Moves,,Fire Punch,16.476
2020-07_gen5ou-0.json,Infernape,Moves,,Earthquake,11.993
2020-07_gen5ou-0.json,Infernape,Moves,,Hidden Power Ice,9.537
2020-07_gen5ou-0.json,Infernape,Moves,,Flamethrower,8.381
2020-07_gen5ou-0.json,Infernape,Moves,,Stone Edge,7.225
2020-07_gen5ou-0.json,Infernape,Moves,,Fire Blast,7.082
2020-07_gen5ou-0.json,Infernape,Moves,,Swords Dance,5.912
2020-07_gen5ou-0.json,Infernape,Moves,,Grass Knot,5.782
2020-07_gen5ou-0.json,Infernape,Moves,,Blaze Kick,5.288
2020-07_gen5ou-0.json,Infernape,Moves,,Endeavor,3.404
2020-07_gen5ou-0.json,Infernape,Moves,,Acrobatics,3.404
2020-07_gen5ou-0.json,Infernape,Moves,,Hidden Power Electric,2.677
2020-07_gen5ou-0.json,Infernape,Moves,,Brick Break,2.495
2020-07_gen5ou-0.json,Infernape,Moves,,Focus Blast,2.456
2020-07_gen5ou-0.json,Infernape,Moves,,Shadow Claw,2.378
2020-07_gen5ou-0.json,Infernape,Moves,,Taunt,2.118
2020-07_gen5ou-0.json,Infernape,Moves,,Will-O-Wisp,2.079
2020-07_gen5ou-0.json,Infernape,Moves,,Other,18.36
2020-07_gen5ou-0.json,Jolteon,Stats,Raw count,,7435
2020-07_gen5ou-0.json,Jolteon,Stats,Avg. weight,,1.0
2020-07_gen5ou-0.json,Jolteon,Stats,Viability Ceiling,,83
2020-07_gen5ou-0.json,Jolteon,Stats,Timid,,6.617
2020-07_gen5ou-0.json,Jolteon,Stats,Modest,,3.631
2020-07_gen5ou-0.json,Jolteon,Abilities,,Volt Absorb,94.526
2020-07_gen5ou-0.json,Jolteon,Abilities,,Quick Feet,5.474
2020-07_gen5ou-0.json,Jolteon,Items,,Choice Specs,40.094
2020-07_gen5ou-0.json,Jolteon,Items,,Life Orb,16.597
2020-07_gen5ou-0.json,Jolteon,Items,,Leftovers,13.705
2020-07_gen5ou-0.json,Jolteon,Items,,Focus Sash,8.11
2020-07_gen5ou-0.json,Jolteon,Items,,Air Balloon,5.367
2020-07_gen5ou-0.json,Jolteon,Items,,Expert Belt,4.546
2020-07_gen5ou-0.json,Jolteon,Items,,Magnet,3.618
2020-07_gen5ou-0.json,Jolteon,Items,,Choice Scarf,2.327
2020-07_gen5ou-0.json,Jolteon,Items,,Flame Orb,0.847
2020-07_gen5ou-0.json,Jolteon,Items,,Other,4.788
2020-07_gen5ou-0.json,Jolteon,Spreads,,Other,14.902
2020-07_gen5ou-0.json,Jolteon,Moves,,Volt Switch,76.705
2020-07_gen5ou-0.json,Jolteon,Moves,,Hidden Power Ice,67.935
2020-07_gen5ou-0.json,Jolteon,Moves,,Thunderbolt,61.856
2020-07_gen5ou-0.json,Jolteon,Moves,,Shadow Ball,61.601
2020-07_gen5ou-0.json,Jolteon,Moves,,Signal Beam,32.387
2020-07_gen5ou-0.json,Jolteon,Moves,,Thunder,25.205
2020-07_gen5ou-0.json,Jolteon,Moves,,Discharge,9.765
2020-07_gen5ou-0.json,Jolteon,Moves,,Heal Bell,7.088
2020-07_gen5ou-0.json,Jolteon,Moves,,Hidden Power Grass,6.348
2020-07_gen5ou-0.json,Jolteon,Moves,,Wish,6.039
2020-07_gen5ou-0.json,Jolteon,Moves,,Hidden Power Fire,5.636
2020-07_gen5ou-0.json,Jolteon,Moves,,Thunder Wave,5.259
2020-07_gen5ou-0.json,Jolteon,Moves,,Baton Pass,4.654
2020-07_gen5ou-0.json,Jolteon,Moves,,Toxic,4.438
2020-07_gen5ou-0.json,Jolteon,Moves,,Substitute,3.914
2020-07_gen5ou-0.json,Jolteon,Moves,,Roar,3.685
2020-07_gen5ou-0.json,Jolteon,Moves,,Other,17.485
2020-07_gen5ou-0.json,Heatran,Stats,Raw count,,6961
2020-07_gen5ou-0.json,Heatran,Stats,Avg. weight,,1.0
2020-07_gen5ou-0.json,Heatran,Stats,Viability Ceiling,,89
2020-07_gen5ou-0.json,Heatran,Stats,Modest,,3.376
2020-07_gen5ou-0.json,Heatran,Stats,Calm,,8.864
2020-07_gen5ou-0.json,Heatran,Stats,Timid,,7.872
2020-07_gen5ou-0.json,Heatran,Abilities,,Flash Fire,100.0
2020-07_gen5ou-0.json,Heatran,Items,,Leftovers,59.546
2020-07_gen5ou-0.json,Heatran,Items,,Air Balloon,24.479
2020-07_gen5ou-0.json,Heatran,Items,,Choice Scarf,5.373
2020-07_gen5ou-0.json,Heatran,Items,,Choice Specs,3.074
2020-07_gen5ou-0.json,Heatran,Items,,Sitrus Berry,1.379
2020-07_gen5ou-0.json,Heatran,Items,,Chople Berry,1.092
2020-07_gen5ou-0.json,Heatran,Items,,Shuca Berry,1.063
2020-07_gen5ou-0.json,Heatran,Items,,Other,3.994
2020-07_gen5ou-0.json,Heatran,Spreads,,Other,54.446
2020-07_gen5ou-0.json,Heatran,Moves,,Earth Power,62.319
2020-07_gen5ou-0.json,Heatran,Moves,,Protect,48.441
2020-07_gen5ou-0.json,Heatran,Moves,,Stealth Rock,42.034
2020-07_gen5ou-0.json,Heatran,Moves,,Lava Plume,39.089
2020-07_gen5ou-0.json,Heatran,Moves,,Toxic,27.453
2020-07_gen5ou-0.json,Heatran,Moves,,Magma Storm,25.858
2020-07_gen5ou-0.json,Heatran,Moves,,Hidden Power Ice,23.66
2020-07_gen5ou-0.json,Heatran,Moves,,Roar,18.762
2020-07_gen5ou-0.json,Heatran,Moves,,Fire Blast,18.043
2020-07_gen5ou-0.json,Heatran,Moves,,Flash Cannon,15.702
2020-07_gen5ou-0.json,Heatran,Moves,,Flamethrower,14.481
2020-07_gen5ou-0.json,Heatran,Moves,,Will-O-Wisp,11.162
2020-07_gen5ou-0.json,Heatran,Moves,,Taunt,9.611
2020-07_gen5ou-0.json,Heatran,Moves,,Substitute,6.479
2020-07_gen5ou-0.json,Heatran,Moves,,Dragon Pulse,6.048
2020-07_gen5ou-0.json,Heatran,Moves,,Hidden Power Grass,4.439
2020-07_gen5ou-0.json,Heatran,Moves,,Eruption,4.31
2020-07_gen5ou-0.json,Heatran,Moves,,Dark Pulse,3.951
2020-07_gen5ou-0.json,Heatran,Moves,,Other,18.158
2020-07_gen5ou-0.json,Gyarados,Stats,Raw count,,6839
2020-07_gen5ou-0.json,Gyarados,Stats,Avg. weight,,1.0
2020-07_gen5ou-0.json,Gyarados,Stats,Viability Ceiling,,88
2020-07_gen5ou-0.json,Gyarados,Stats,Adamant,,3.846
2020-07_gen5ou-0.json,Gyarados,Stats,Jolly,,7.019
2020-07_gen5ou-0.json,Gyarados,Abilities,,Intimidate,56.251
2020-07_gen5ou-0.json,Gyarados,Abilities,,Moxie,43.749
2020-07_gen5ou-0.json,Gyarados,Items,,Leftovers,51.616
2020-07_gen5ou-0.json,Gyarados,Items,,Life Orb,13.511
2020-07_gen5ou-0.json,Gyarados,Items,,Lum Berry,10.323
2020-07_gen5ou-0.json,Gyarados,Items,,Choice Band,4.08
2020-07_gen5ou-0.json,Gyarados,Items,,Expert Belt,3.919
2020-07_gen5ou-0.json,Gyarados,Items,,Choice Scarf,2.573
2020-07_gen5ou-0.json,Gyarados,Items,,Focus Sash,2.149
2020-07_gen5ou-0.json,Gyarados,Items,,Mystic Water,1.872
2020-07_gen5ou-0.json,Gyarados,Items,,Sitrus Berry,0.98
2020-07_gen5ou-0.json,Gyarados,Items,,Wacan Berry,0.965
2020-07_gen5ou-0.json,Gyarados,Items,,Nothing,0.965
2020-07_gen5ou-0.json,Gyarados,Items,,Muscle Band,0.921
2020-07_gen5ou-0.json,Gyarados,Items,,Power Herb,0.907
2020-07_gen5ou-0.json,Gyarados,Items,,Water Gem,0.731
2020-07_gen5ou-0.json,Gyarados,Items,,Other,4.489
2020-07_gen5ou-0.json,Gyarados,Spreads,,Other,47.858
2020-07_gen5ou-0.json,Gyarados,Moves,,Waterfall,88.259
2020-07_gen5ou-0.json,Gyarados,Moves,,Dragon Dance,86.226
2020-07_gen5ou-0.json,Gyarados,Moves,,Earthquake,60.901
2020-07_gen5ou-0.json,Gyarados,Moves,,Ice Fang,41.731
2020-07_gen5ou-0.json,Gyarados,Moves,,Substitute,21.1
2020-07_gen5ou-0.json,Gyarados,Moves,,Bounce,18.979
2020-07_gen5ou-0.json,Gyarados,Moves,,Stone Edge,15.441
2020-07_gen5ou-0.json,Gyarados,Moves,,Taunt,10.572
2020-07_gen5ou-0.json,Gyarados,Moves,,Outrage,9.036
2020-07_gen5ou-0.json,Gyarados,Moves,,Aqua Tail,7.706
2020-07_gen5ou-0.json,Gyarados,Moves,,Double-Edge,3.48
2020-07_gen5ou-0.json,Gyarados,Moves,,Dragon Tail,3.392
2020-07_gen5ou-0.json,Gyarados,Moves,,Avalanche,3.188
2020-07_gen5ou-0.json,Gyarados,Moves,,Fire Blast,3.071
2020-07_gen5ou-0.json,Gyarados,Moves,,Return,2.954
2020-07_gen5ou-0.json,Gyarados,Moves,,Iron Head,2.734
2020-07_gen5ou-0.json,Gyarados,Moves,,Thunder Wave,2.647
2020-07_gen5ou-0.json,Gyarados,Moves,,Other,18.585
2020-07_gen5ou-0.json,Thundurus-Therian,Stats,Raw count,,5959
2020-07_gen5ou-0.json,Thundurus-Therian,Stats,Avg. weight,,1.0
2020-07_gen5ou-0.json,Thundurus-Therian,Stats,Viability Ceiling,,92
2020-07_gen5ou-0.json,Thundurus-Therian,Stats,Timid,,5.689
2020-07_gen5ou-0.json,Thundurus-Therian,Stats,Modest,,5.840
2020-07_gen5ou-0.json,Thundurus-Therian,Stats,Naive,,6.025
2020-07_gen5ou-0.json,Thundurus-Therian,Abilities,,Volt Absorb,100.0
2020-07_gen5ou-0.json,Thundurus-Therian,Items,,Leftovers,37.389
2020-07_gen5ou-0.json,Thundurus-Therian,Items,,Life Orb,22.084
2020-07_gen5ou-0.json,Thundurus-Therian,Items,,Choice Scarf,12.284
2020-07_gen5ou-0.json,Thundurus-Therian,Items,,Expert Belt,7.921
2020-07_gen5ou-0.json,Thundurus-Therian,Items,,Choice Specs,5.018
2020-07_gen5ou-0.json,Thundurus-Therian,Items,,Yache Berry,3.071
2020-07_gen5ou-0.json,Thundurus-Therian,Items,,Sitrus Berry,2.467
2020-07_gen5ou-0.json,Thundurus-Therian,Items,,Salac Berry,2.282
2020-07_gen5ou-0.json,Thundurus-Therian,Items,,Focus Sash,1.829
2020-07_gen5ou-0.json,Thundurus-Therian,Items,,Magnet,1.242
2020-07_gen5ou-0.json,Thundurus-Therian,Items,,Other,4.413
2020-07_gen5ou-0.json,Thundurus-Therian,Spreads,,Other,39.252
2020-07_gen5ou-0.json,Thundurus-Therian,Moves,,Hidden Power Ice,76.741
2020-07_gen5ou-0.json,Thundurus-Therian,Moves,,Focus Blast,58.181
2020-07_gen5ou-0.json,Thundurus-Therian,Moves,,Thunder,56.603
2020-07_gen5ou-0.json,Thundurus-Therian,Moves,,Thunderbolt,37.741
2020-07_gen5ou-0.json,Thundurus-Therian,Moves,,Nasty Plot,35.66
2020-07_gen5ou-0.json,Thundurus-Therian,Moves,,Volt Switch,22.856
2020-07_gen5ou-0.json,Thundurus-Therian,Moves,,Agility,22.252
2020-07_gen5ou-0.json,Thundurus-Therian,Moves,,Substitute,19.634
2020-07_gen5ou-0.json,Thundurus-Therian,Moves,,U-turn,10.337
2020-07_gen5ou-0.json,Thundurus-Therian,Moves,,Grass Knot,9.532
2020-07_gen5ou-0.json,Thundurus-Therian,Moves,,Dark Pulse,9.112
2020-07_gen5ou-0.json,Thundurus-Therian,Moves,,Superpower,4.346
2020-07_gen5ou-0.json,Thundurus-Therian,Moves,,Psychic,3.876
2020-07_gen5ou-0.json,Thundurus-Therian,Moves,,Discharge,3.843
2020-07_gen5ou-0.json,Thundurus-Therian,Moves,,Flash Cannon,3.742
2020-07_gen5ou-0.json,Thundurus-Therian,Moves,,Hidden Power Flying,3.591
2020-07_gen5ou-0.json,Thundurus-Therian,Moves,,Thunder Wave,2.903
2020-07_gen5ou-0.json,Thundurus-Therian,Moves,,Other,19.047
2020-07_gen5ou-0.json,Reuniclus,Stats,Raw count,,5815
2020-07_gen5ou-0.json,Reuniclus,Stats,Avg. weight,,1.0
2020-07_gen5ou-0.json,Reuniclus,Stats,Viability Ceiling,,92
2020-07_gen5ou-0.json,Reuniclus,Stats,Bold,,2.408
2020-07_gen5ou-0.json,Reuniclus,Stats,Quiet,,9.940
2020-07_gen5ou-0.json,Reuniclus,Stats,Modest,,3.972
2020-07_gen5ou-0.json,Reuniclus,Abilities,,Magic Guard,91.522
2020-07_gen5ou-0.json,Reuniclus,Abilities,,Overcoat,5.795
2020-07_gen5ou-0.json,Reuniclus,Abilities,,Regenerator,2.683
2020-07_gen5ou-0.json,Reuniclus,Items,,Leftovers,54.342
2020-07_gen5ou-0.json,Reuniclus,Items,,Life Orb,23.371
2020-07_gen5ou-0.json,Reuniclus,Items,,Rocky Helmet,10.163
2020-07_gen5ou-0.json,Reuniclus,Items,,Flame Orb,1.857
2020-07_gen5ou-0.json,Reuniclus,Items,,Sitrus Berry,1.427
2020-07_gen5ou-0.json,Reuniclus,Items,,Eviolite,1.187
2020-07_gen5ou-0.json,Reuniclus,Items,,Choice Specs,1.169
2020-07_gen5ou-0.json,Reuniclus,Items,,Focus Sash,1.032
2020-07_gen5ou-0.json,Reuniclus,Items,,Nothing,0.98
2020-07_gen5ou-0.json,Reuniclus,Items,,Other,4.471
2020-07_gen5ou-0.json,Reuniclus,Spreads,,Other,47.945
2020-07_gen5ou-0.json,Reuniclus,Moves,,Calm Mind,72.038
2020-07_gen5ou-0.json,Reuniclus,Moves,,Recover,67.188
2020-07_gen5ou-0.json,Reuniclus,Moves,,Focus Blast,58.917
2020-07_gen5ou-0.json,Reuniclus,Moves,,Psychic,55.804
2020-07_gen5ou-0.json,Reuniclus,Moves,,Psyshock,40.516
2020-07_gen5ou-0.json,Reuniclus,Moves,,Trick Room,26.414
2020-07_gen5ou-0.json,Reuniclus,Moves,,Shadow Ball,21.427
2020-07_gen5ou-0.json,Reuniclus,Moves,,Energy Ball,9.338
2020-07_gen5ou-0.json,Reuniclus,Moves,,Hidden Power Fire,8.1
2020-07_gen5ou-0.json,Reuniclus,Moves,,Acid Armor,4.815
2020-07_gen5ou-0.json,Reuniclus,Moves,,Flash Cannon,4.058
2020-07_gen5ou-0.json,Reuniclus,Moves,,Hidden Power Ice,3.749
2020-07_gen5ou-0.json,Reuniclus,Moves,,Trick,3.078
2020-07_gen5ou-0.json,Reuniclus,Moves,,Thunder,3.078
2020-07_gen5ou-0.json,Reuniclus,Moves,,Pain Split,2.425
2020-07_gen5ou-0.json,Reuniclus,Moves,,Other,19.054
2020-07_gen5ou-0.json,Cloyster,Stats,Raw count,,5982
2020-07_gen5ou-0.json,Cloyster,Stats,Avg. weight,,1.0
2020-07_gen5ou-0.json,Cloyster,Stats,Viability Ceiling,,84
2020-07_gen5ou-0.json,Cloyster,Stats,Adamant,,5.283
2020-07_gen5ou-0.json,Cloyster,Stats,Jolly,,4.748
2020-07_gen5ou-0.json,Cloyster,Stats,Naughty,,2.859
2020-07_gen5ou-0.json,Cloyster,Abilities,,Skill Link,84.721
2020-07_gen5ou-0.json,Cloyster,Abilities,,Shell Armor,13.24
2020-07_gen5ou-0.json,Cloyster,Abilities,,Overcoat,2.039
2020-07_gen5ou-0.json,Cloyster,Items,,Focus Sash,25.928
2020-07_gen5ou-0.json,Cloyster,Items,,White Herb,20.996
2020-07_gen5ou-0.json,Cloyster,Items,,King's Rock,18.589
2020-07_gen5ou-0.json,Cloyster,Items,,Leftovers,11.468
2020-07_gen5ou-0.json,Cloyster,Items,,Never-Melt Ice,7.389
2020-07_gen5ou-0.json,Cloyster,Items,,Life Orb,5.349
2020-07_gen5ou-0.json,Cloyster,Items,,Choice Scarf,2.29
2020-07_gen5ou-0.json,Cloyster,Items,,Rocky Helmet,1.638
2020-07_gen5ou-0.json,Cloyster,Items,,Choice Band,1.07
2020-07_gen5ou-0.json,Cloyster,Items,,Scope Lens,0.953
2020-07_gen5ou-0.json,Cloyster,Items,,Other,4.33
2020-07_gen5ou-0.json,Cloyster,Spreads,,Other,43.898
2020-07_gen5ou-0.json,Cloyster,Moves,,Icicle Spear,86.861
2020-07_gen5ou-0.json,Cloyster,Moves,,Shell Smash,83.584
2020-07_gen5ou-0.json,Cloyster,Moves,,Rock Blast,77.683
2020-07_gen5ou-0.json,Cloyster,Moves,,Ice Shard,45.587
2020-07_gen5ou-0.json,Cloyster,Moves,,Razor Shell,24.055
2020-07_gen5ou-0.json,Cloyster,Moves,,Rapid Spin,14.293
2020-07_gen5ou-0.json,Cloyster,Moves,,Hydro Pump,10.582
2020-07_gen5ou-0.json,Cloyster,Moves,,Toxic Spikes,9.328
2020-07_gen5ou-0.json,Cloyster,Moves,,Spikes,6.586
2020-07_gen5ou-0.json,Cloyster,Moves,,Explosion,5.868
2020-07_gen5ou-0.json,Cloyster,Moves,,Toxic,4.129
2020-07_gen5ou-0.json,Cloyster,Moves,,Surf,3.694
2020-07_gen5ou-0.json,Cloyster,Moves,,Poison Jab,3.059
2020-07_gen5ou-0.json,Cloyster,Moves,,Protect,2.775
2020-07_gen5ou-0.json,Cloyster,Moves,,Icicle Crash,2.474
2020-07_gen5ou-0.json,Cloyster,Moves,,Other,19.442
2020-07_gen5ou-0.json,Jellicent,Stats,Raw count,,5645
2020-07_gen5ou-0.json,Jellicent,Stats,Avg. weight,,1.0
2020-07_gen5ou-0.json,Jellicent,Stats,Viability Ceiling,,91
2020-07_gen5ou-0.json,Jellicent,Stats,Bold,,3.614
2020-07_gen5ou-0.json,Jellicent,Stats,Calm,,8.255
2020-07_gen5ou-0.json,Jellicent,Stats,Modest,,4.074
2020-07_gen5ou-0.json,Jellicent,Abilities,,Water Absorb,89.832
2020-07_gen5ou-0.json,Jellicent,Abilities,,Cursed Body,9.92
2020-07_gen5ou-0.json,Jellicent,Abilities,,Damp,0.248
2020-07_gen5ou-0.json,Jellicent,Items,,Leftovers,85.828
2020-07_gen5ou-0.json,Jellicent,Items,,Choice Specs,4.517
2020-07_gen5ou-0.json,Jellicent,Items,,Rocky Helmet,1.771
2020-07_gen5ou-0.json,Jellicent,Items,,Life Orb,1.205
2020-07_gen5ou-0.json,Jellicent,Items,,Sitrus Berry,1.045
2020-07_gen5ou-0.json,Jellicent,Items,,Lum Berry,0.797
2020-07_gen5ou-0.json,Jellicent,Items,,Other,4.836
2020-07_gen5ou-0.json,Jellicent,Spreads,,Other,54.526
2020-07_gen5ou-0.json,Jellicent,Moves,,Recover,83.49
2020-07_gen5ou-0.json,Jellicent,Moves,,Scald,69.548
2020-07_gen5ou-0.json,Jellicent,Moves,,Will-O-Wisp,56.244
2020-07_gen5ou-0.json,Jellicent,Moves,,Taunt,38.902
2020-07_gen5ou-0.json,Jellicent,Moves,,Shadow Ball,36.475
2020-07_gen5ou-0.json,Jellicent,Moves,,Toxic,18.299
2020-07_gen5ou-0.json,Jellicent,Moves,,Ice Beam,13.942
2020-07_gen5ou-0.json,Jellicent,Moves,,Hex,10.788
2020-07_gen5ou-0.json,Jellicent,Moves,,Night Shade,8.964
2020-07_gen5ou-0.json,Jellicent,Moves,,Surf,8.149
2020-07_gen5ou-0.json,Jellicent,Moves,,Energy Ball,7.989
2020-07_gen5ou-0.json,Jellicent,Moves,,Water Spout,5.757
2020-07_gen5ou-0.json,Jellicent,Moves,,Trick Room,5.314
2020-07_gen5ou-0.json,Jellicent,Moves,,Giga Drain,4.996
2020-07_gen5ou-0.json,Jellicent,Moves,,Protect,4.057
2020-07_gen5ou-0.json,Jellicent,Moves,,Hydro Pump,3.773
2020-07_gen5ou-0.json,Jellicent,Moves,,Acid Armor,3.632
2020-07_gen5ou-0.json,Jellicent,Moves,,Other,19.681
2020-07_gen5ou-0.json,Forretress,Stats,Raw count,,5759
2020-07_gen5ou-0.json,Forretress,Stats,Avg. weight,,1.0
2020-07_gen5ou-0.json,Forretress,Stats,Viability Ceiling,,88
2020-07_gen5ou-0.json,Forretress,Stats,Relaxed,,8.873
2020-07_gen5ou-0.json,Forretress,Stats,Bold,,12.884
2020-07_gen5ou-0.json,Forretress,Stats,Careful,,5.939
2020-07_gen5ou-0.json,Forretress,Stats,Impish,,3.594
2020-07_gen5ou-0.json,Forretress,Abilities,,Sturdy,95.451
2020-07_gen5ou-0.json,Forretress,Abilities,,Overcoat,4.549
2020-07_gen5ou-0.json,Forretress,Items,,Leftovers,63.987
2020-07_gen5ou-0.json,Forretress,Items,,Custap Berry,13.127
2020-07_gen5ou-0.json,Forretress,Items,,Rocky Helmet,10.662
2020-07_gen5ou-0.json,Forretress,Items,,Red Card,2.709
2020-07_gen5ou-0.json,Forretress,Items,,Light Clay,1.65
2020-07_gen5ou-0.json,Forretress,Items,,Life Orb,1.32
2020-07_gen5ou-0.json,Forretress,Items,,Sitrus Berry,1.163
2020-07_gen5ou-0.json,Forretress,Items,,Mental Herb,1.024
2020-07_gen5ou-0.json,Forretress,Items,,Other,4.358
2020-07_gen5ou-0.json,Forretress,Spreads,,Other,46.918
2020-07_gen5ou-0.json,Forretress,Moves,,Rapid Spin,86.23
2020-07_gen5ou-0.json,Forretress,Moves,,Stealth Rock,70.794
2020-07_gen5ou-0.json,Forretress,Moves,,Spikes,59.368
2020-07_gen5ou-0.json,Forretress,Moves,,Toxic Spikes,41.309
2020-07_gen5ou-0.json,Forretress,Moves,,Volt Switch,39.937
2020-07_gen5ou-0.json,Forretress,Moves,,Gyro Ball,33.617
2020-07_gen5ou-0.json,Forretress,Moves,,Explosion,24.865
2020-07_gen5ou-0.json,Forretress,Moves,,Toxic,9.446
2020-07_gen5ou-0.json,Forretress,Moves,,Protect,7.223
2020-07_gen5ou-0.json,Forretress,Moves,,Pain Split,6.998
2020-07_gen5ou-0.json,Forretress,Moves,,Earthquake,4.115
2020-07_gen5ou-0.json,Forretress,Moves,,Other,16.097
2020-07_gen5ou-0.json,Kyurem-Black,Stats,Raw count,,5611
2020-07_gen5ou-0.json,Kyurem-Black,Stats,Avg. weight,,1.0
2020-07_gen5ou-0.json,Kyurem-Black,Stats,Viability Ceiling,,92
2020-07_gen5ou-0.json,Kyurem-Black,Stats,Adamant,,8.483
2020-07_gen5ou-0.json,Kyurem-Black,Stats,Naive,,7.396
2020-07_gen5ou-0.json,Kyurem-Black,Stats,Jolly,,5.168
2020-07_gen5ou-0.json,Kyurem-Black,Stats,Naughty,,5.186
2020-07_gen5ou-0.json,Kyurem-Black,Abilities,,Teravolt,100.0
2020-07_gen5ou-0.json,Kyurem-Black,Items,,Choice Band,31.634
2020-07_gen5ou-0.json,Kyurem-Black,Items,,Leftovers,20.745
2020-07_gen5ou-0.json,Kyurem-Black,Items,,Life Orb,17.733
2020-07_gen5ou-0.json,Kyurem-Black,Items,,Choice Scarf,17.181
2020-07_gen5ou-0.json,Kyurem-Black,Items,,Power Herb,3.404
2020-07_gen5ou-0.json,Kyurem-Black,Items,,Expert Belt,1.622
2020-07_gen5ou-0.json,Kyurem-Black,Items,,Choice Specs,1.176
2020-07_gen5ou-0.json,Kyurem-Black,Items,,Rocky Helmet,0.945
2020-07_gen5ou-0.json,Kyurem-Black,Items,,Nothing,0.766
2020-07_gen5ou-0.json,Kyurem-Black,Items,,Other,4.794
2020-07_gen5ou-0.json,Kyurem-Black,Spreads,,Other,59.775
2020-07_gen5ou-0.json,Kyurem-Black,Moves,,Fusion Bolt,89.948
2020-07_gen5ou-0.json,Kyurem-Black,Moves,,Ice Beam,68.811
2020-07_gen5ou-0.json,Kyurem-Black,Moves,,Outrage,55.409
2020-07_gen5ou-0.json,Kyurem-Black,Moves,,Dragon Claw,52.575
2020-07_gen5ou-0.json,Kyurem-Black,Moves,,Earth Power,26.43
2020-07_gen5ou-0.json,Kyurem-Black,Moves,,Roost,15.309
2020-07_gen5ou-0.json,Kyurem-Black,Moves,,Substitute,14.775
2020-07_gen5ou-0.json,Kyurem-Black,Moves,,Iron Head,7.966
2020-07_gen5ou-0.json,Kyurem-Black,Moves,,Draco Meteor,7.467
2020-07_gen5ou-0.json,Kyurem-Black,Moves,,Freeze Shock,7.271
2020-07_gen5ou-0.json,Kyurem-Black,Moves,,Blizzard,6.897
2020-07_gen5ou-0.json,Kyurem-Black,Moves,,Stone Edge,6.363
2020-07_gen5ou-0.json,Kyurem-Black,Moves,,Zen Headbutt,5.614
2020-07_gen5ou-0.json,Kyurem-Black,Moves,,Shadow Claw,5.079
2020-07_gen5ou-0.json,Kyurem-Black,Moves,,Hidden Power Fire,4.295
2020-07_gen5ou-0.json,Kyurem-Black,Moves,,Dragon Pulse,3.03
2020-07_gen5ou-0.json,Kyurem-Black,Moves,,Rock Slide,3.012
2020-07_gen5ou-0.json,Kyurem-Black,Moves,,Other,19.747
2020-07_gen5ou-0.json,Chansey,Stats,Raw count,,5380
2020-07_gen5ou-0.json,Chansey,Stats,Avg. weight,,1.0
2020-07_gen5ou-0.json,Chansey,Stats,Viability Ceiling,,88
2020-07_gen5ou-0.json,Chansey,Stats,Bold,,4.610
2020-07_gen5ou-0.json,Chansey,Stats,Calm,,5.204
2020-07_gen5ou-0.json,Chansey,Abilities,,Natural Cure,97.788
2020-07_gen5ou-0.json,Chansey,Abilities,,Serene Grace,1.506
2020-07_gen5ou-0.json,Chansey,Abilities,,Healer,0.706
2020-07_gen5ou-0.json,Chansey,Items,,Eviolite,95.52
2020-07_gen5ou-0.json,Chansey,Items,,Other,4.48
2020-07_gen5ou-0.json,Chansey,Spreads,,Other,42.993
2020-07_gen5ou-0.json,Chansey,Moves,,Seismic Toss,81.19
2020-07_gen5ou-0.json,Chansey,Moves,,Soft-Boiled,80.502
2020-07_gen5ou-0.json,Chansey,Moves,,Toxic,76.134
2020-07_gen5ou-0.json,Chansey,Moves,,Heal Bell,32.584
2020-07_gen5ou-0.json,Chansey,Moves,,Wish,31.58
2020-07_gen5ou-0.json,Chansey,Moves,,Stealth Rock,21.506
2020-07_gen5ou-0.json,Chansey,Moves,,Aromatherapy,21.041
2020-07_gen5ou-0.json,Chansey,Moves,,Thunder Wave,17.528
2020-07_gen5ou-0.json,Chansey,Moves,,Protect,14.368
2020-07_gen5ou-0.json,Chansey,Moves,,Counter,7.175
2020-07_gen5ou-0.json,Chansey,Moves,,Other,16.394
2020-07_gen5ou-0.json,Mamoswine,Stats,Raw count,,4840
2020-07_gen5ou-0.json,Mamoswine,Stats,Avg. weight,,1.0
2020-07_gen5ou-0.json,Mamoswine,Stats,Viability Ceiling,,91
2020-07_gen5ou-0.json,Mamoswine,Stats,Jolly,,8.926
2020-07_gen5ou-0.json,Mamoswine,Stats,Adamant,,5.909
2020-07_gen5ou-0.json,Mamoswine,Abilities,,Thick Fat,85.207
2020-07_gen5ou-0.json,Mamoswine,Abilities,,Oblivious,14.793
2020-07_gen5ou-0.json,Mamoswine,Items,,Life Orb,37.459
2020-07_gen5ou-0.json,Mamoswine,Items,,Focus Sash,23.843
2020-07_gen5ou-0.json,Mamoswine,Items,,Leftovers,13.884
2020-07_gen5ou-0.json,Mamoswine,Items,,Choice Band,10.826
2020-07_gen5ou-0.json,Mamoswine,Items,,Expert Belt,2.727
2020-07_gen5ou-0.json,Mamoswine,Items,,Choice Scarf,2.376
2020-07_gen5ou-0.json,Mamoswine,Items,,Never-Melt Ice,1.901
2020-07_gen5ou-0.json,Mamoswine,Items,,Rocky Helmet,1.798
2020-07_gen5ou-0.json,Mamoswine,Items,,Chople Berry,1.508
2020-07_gen5ou-0.json,Mamoswine,Items,,Other,3.678
2020-07_gen5ou-0.json,Mamoswine,Spreads,,Other,25.702
2020-07_gen5ou-0.json,Mamoswine,Moves,,Earthquake,98.388
2020-07_gen5ou-0.json,Mamoswine,Moves,,Ice Shard,94.525
2020-07_gen5ou-0.json,Mamoswine,Moves,,Icicle Crash,50.764
2020-07_gen5ou-0.json,Mamoswine,Moves,,Stealth Rock,47.025
2020-07_gen5ou-0.json,Mamoswine,Moves,,Superpower,33.616
2020-07_gen5ou-0.json,Mamoswine,Moves,,Endeavor,16.612
2020-07_gen5ou-0.json,Mamoswine,Moves,,Stone Edge,13.946
2020-07_gen5ou-0.json,Mamoswine,Moves,,Rock Slide,9.979
2020-07_gen5ou-0.json,Mamoswine,Moves,,Icicle Spear,9.277
2020-07_gen5ou-0.json,Mamoswine,Moves,,Iron Head,3.182
2020-07_gen5ou-0.json,Mamoswine,Moves,,Substitute,2.851
2020-07_gen5ou-0.json,Mamoswine,Moves,,Other,19.835
2020-07_gen5ou-0.json,Gastrodon,Stats,Raw count,,4690
2020-07_gen5ou-0.json,Gastrodon,Stats,Avg. weight,,1.0
2020-07_gen5ou-0.json,Gastrodon,Stats,Viability Ceiling,,89
2020-07_gen5ou-0.json,Gastrodon,Stats,Bold,,4.883
2020-07_gen5ou-0.json,Gastrodon,Stats,Relaxed,,12.793
2020-07_gen5ou-0.json,Gastrodon,Stats,Calm,,3.966
2020-07_gen5ou-0.json,Gastrodon,Stats,Modest,,3.646
2020-07_gen5ou-0.json,Gastrodon,Abilities,,Storm Drain,91.578
2020-07_gen5ou-0.json,Gastrodon,Abilities,,Sticky Hold,6.418
2020-07_gen5ou-0.json,Gastrodon,Abilities,,Sand Force,2.004
2020-07_gen5ou-0.json,Gastrodon,Items,,Leftovers,82.687
2020-07_gen5ou-0.json,Gastrodon,Items,,Lum Berry,5.629
2020-07_gen5ou-0.json,Gastrodon,Items,,Rocky Helmet,2.985
2020-07_gen5ou-0.json,Gastrodon,Items,,Life Orb,2.111
2020-07_gen5ou-0.json,Gastrodon,Items,,Wise Glasses,1.45
2020-07_gen5ou-0.json,Gastrodon,Items,,Sitrus Berry,1.45
2020-07_gen5ou-0.json,Gastrodon,Items,,Other,3.689
2020-07_gen5ou-0.json,Gastrodon,Spreads,,Other,48.081
2020-07_gen5ou-0.json,Gastrodon,Moves,,Recover,80.256
2020-07_gen5ou-0.json,Gastrodon,Moves,,Scald,76.418
2020-07_gen5ou-0.json,Gastrodon,Moves,,Toxic,58.913
2020-07_gen5ou-0.json,Gastrodon,Moves,,Earth Power,48.486
2020-07_gen5ou-0.json,Gastrodon,Moves,,Ice Beam,47.974
2020-07_gen5ou-0.json,Gastrodon,Moves,,Earthquake,23.923
2020-07_gen5ou-0.json,Gastrodon,Moves,,Surf,13.774
2020-07_gen5ou-0.json,Gastrodon,Moves,,Protect,9.104
2020-07_gen5ou-0.json,Gastrodon,Moves,,Clear Smog,8.87
2020-07_gen5ou-0.json,Gastrodon,Moves,,Substitute,6.716
2020-07_gen5ou-0.json,Gastrodon,Moves,,Sludge Bomb,2.751
2020-07_gen5ou-0.json,Gastrodon,Moves,,Stockpile,2.111
2020-07_gen5ou-0.json,Gastrodon,Moves,,Nothing,1.791
2020-07_gen5ou-0.json,Gastrodon,Moves,,Other,18.913
2020-07_gen5ou-0.json,Blissey,Stats,Raw count,,4439
2020-07_gen5ou-0.json,Blissey,Stats,Avg. weight,,1.0
2020-07_gen5ou-0.json,Blissey,Stats,Viability Ceiling,,82
2020-07_gen5ou-0.json,Blissey,Stats,Bold,,9.417
2020-07_gen5ou-0.json,Blissey,Stats,Calm,,3.559
2020-07_gen5ou-0.json,Blissey,Abilities,,Natural Cure,82.181
2020-07_gen5ou-0.json,Blissey,Abilities,,Serene Grace,15.837
2020-07_gen5ou-0.json,Blissey,Abilities,,Healer,1.982
2020-07_gen5ou-0.json,Blissey,Items,,Leftovers,84.208
2020-07_gen5ou-0.json,Blissey,Items,,Focus Sash,8.02
2020-07_gen5ou-0.json,Blissey,Items,,Sitrus Berry,1.081
2020-07_gen5ou-0.json,Blissey,Items,,Nothing,1.014
2020-07_gen5ou-0.json,Blissey,Items,,Eviolite,0.969
2020-07_gen5ou-0.json,Blissey,Items,,Other,4.708
2020-07_gen5ou-0.json,Blissey,Spreads,,Other,42.374
2020-07_gen5ou-0.json,Blissey,Moves,,Toxic,61.771
2020-07_gen5ou-0.json,Blissey,Moves,,Soft-Boiled,58.774
2020-07_gen5ou-0.json,Blissey,Moves,,Seismic Toss,48.164
2020-07_gen5ou-0.json,Blissey,Moves,,Flamethrower,31.381
2020-07_gen5ou-0.json,Blissey,Moves,,Aromatherapy,28.34
2020-07_gen5ou-0.json,Blissey,Moves,,Wish,26.335
2020-07_gen5ou-0.json,Blissey,Moves,,Protect,24.014
2020-07_gen5ou-0.json,Blissey,Moves,,Thunder Wave,19.216
2020-07_gen5ou-0.json,Blissey,Moves,,Heal Bell,18.72
2020-07_gen5ou-0.json,Blissey,Moves,,Stealth Rock,16.67
2020-07_gen5ou-0.json,Blissey,Moves,,Ice Beam,16.58
2020-07_gen5ou-0.json,Blissey,Moves,,Thunderbolt,8.763
2020-07_gen5ou-0.json,Blissey,Moves,,Calm Mind,3.109
2020-07_gen5ou-0.json,Blissey,Moves,,Healing Wish,2.838
2020-07_gen5ou-0.json,Blissey,Moves,,Counter,2.816
2020-07_gen5ou-0.json,Blissey,Moves,,Light Screen,2.32
2020-07_gen5ou-0.json,Blissey,Moves,,Focus Blast,2.32
2020-07_gen5ou-0.json,Blissey,Moves,,Psychic,2.298
2020-07_gen5ou-0.json,Blissey,Moves,,Shadow Ball,2.185
2020-07_gen5ou-0.json,Blissey,Moves,,Fire Blast,2.027
2020-07_gen5ou-0.json,Blissey,Moves,,Blizzard,1.69
2020-07_gen5ou-0.json,Blissey,Moves,,Other,19.667
2020-07_gen5ou-0.json,Espeon,Stats,Raw count,,4357
2020-07_gen5ou-0.json,Espeon,Stats,Avg. weight,,1.0
2020-07_gen5ou-0.json,Espeon,Stats,Viability Ceiling,,82
2020-07_gen5ou-0.json,Espeon,Stats,Timid,,4.062
2020-07_gen5ou-0.json,Espeon,Abilities,,Magic Bounce,88.777
2020-07_gen5ou-0.json,Espeon,Abilities,,Synchronize,11.223
2020-07_gen5ou-0.json,Espeon,Items,,Light Clay,23.319
2020-07_gen5ou-0.json,Espeon,Items,,Leftovers,23.319
2020-07_gen5ou-0.json,Espeon,Items,,Life Orb,13.564
2020-07_gen5ou-0.json,Espeon,Items,,Focus Sash,11.132
2020-07_gen5ou-0.json,Espeon,Items,,Choice Specs,10.099
2020-07_gen5ou-0.json,Espeon,Items,,Expert Belt,3.741
2020-07_gen5ou-0.json,Espeon,Items,,Choice Scarf,2.961
2020-07_gen5ou-0.json,Espeon,Items,,Sitrus Berry,2.272
2020-07_gen5ou-0.json,Espeon,Items,,Wise Glasses,1.492
2020-07_gen5ou-0.json,Espeon,Items,,Sticky Barb,1.423
2020-07_gen5ou-0.json,Espeon,Items,,Nothing,1.423
2020-07_gen5ou-0.json,Espeon,Items,,Psychic Gem,0.78
2020-07_gen5ou-0.json,Espeon,Items,,Other,4.476
2020-07_gen5ou-0.json,Espeon,Spreads,,Other,33.44
2020-07_gen5ou-0.json,Espeon,Moves,,Psychic,58.159
2020-07_gen5ou-0.json,Espeon,Moves,,Calm Mind,38.513
2020-07_gen5ou-0.json,Espeon,Moves,,Shadow Ball,32.086
2020-07_gen5ou-0.json,Espeon,Moves,,Baton Pass,30.594
2020-07_gen5ou-0.json,Espeon,Moves,,Psyshock,30.457
2020-07_gen5ou-0.json,Espeon,Moves,,Reflect,28.598
2020-07_gen5ou-0.json,Espeon,Moves,,Light Screen,27.978
2020-07_gen5ou-0.json,Espeon,Moves,,Hidden Power Fire,27.244
2020-07_gen5ou-0.json,Espeon,Moves,,Signal Beam,23.617
2020-07_gen5ou-0.json,Espeon,Moves,,Grass Knot,14.345
2020-07_gen5ou-0.json,Espeon,Moves,,Wish,11.568
2020-07_gen5ou-0.json,Espeon,Moves,,Heal Bell,10.925
2020-07_gen5ou-0.json,Espeon,Moves,,Morning Sun,10.236
2020-07_gen5ou-0.json,Espeon,Moves,,Trick,8.4
2020-07_gen5ou-0.json,Espeon,Moves,,Toxic,7.643
2020-07_gen5ou-0.json,Espeon,Moves,,Hidden Power Fighting,6.61
2020-07_gen5ou-0.json,Espeon,Moves,,Substitute,6.541
2020-07_gen5ou-0.json,Espeon,Moves,,Protect,5.141
2020-07_gen5ou-0.json,Espeon,Moves,,Hidden Power Ice,4.361
2020-07_gen5ou-0.json,Espeon,Moves,,Other,16.984
2020-07_gen5ou-0.json,Haxorus,Stats,Raw count,,4302
2020-07_gen5ou-0.json,Haxorus,Stats,Avg. weight,,1.0
2020-07_gen5ou-0.json,Haxorus,Stats,Viability Ceiling,,89
2020-07_gen5ou-0.json,Haxorus,Stats,Adamant,,3.347
2020-07_gen5ou-0.json,Haxorus,Stats,Jolly,,7.555
2020-07_gen5ou-0.json,Haxorus,Stats,Naive,,1.976
2020-07_gen5ou-0.json,Haxorus,Abilities,,Mold Breaker,83.217
2020-07_gen5ou-0.json,Haxorus,Abilities,,Rivalry,14.017
2020-07_gen5ou-0.json,Haxorus,Abilities,,Unnerve,2.766
2020-07_gen5ou-0.json,Haxorus,Items,,Lum Berry,24.082
2020-07_gen5ou-0.json,Haxorus,Items,,Life Orb,13.459
2020-07_gen5ou-0.json,Haxorus,Items,,Choice Band,11.53
2020-07_gen5ou-0.json,Haxorus,Items,,Focus Sash,9.484
2020-07_gen5ou-0.json,Haxorus,Items,,Leftovers,8.554
2020-07_gen5ou-0.json,Haxorus,Items,,Choice Scarf,7.973
2020-07_gen5ou-0.json,Haxorus,Items,,Dragon Fang,5.021
2020-07_gen5ou-0.json,Haxorus,Items,,Nothing,3.347
2020-07_gen5ou-0.json,Haxorus,Items,,Expert Belt,2.766
2020-07_gen5ou-0.json,Haxorus,Items,,Dragon Gem,2.417
2020-07_gen5ou-0.json,Haxorus,Items,,Sitrus Berry,2.115
2020-07_gen5ou-0.json,Haxorus,Items,,Yache Berry,1.418
2020-07_gen5ou-0.json,Haxorus,Items,,Rocky Helmet,1.278
2020-07_gen5ou-0.json,Haxorus,Items,,Fighting Gem,1.023
2020-07_gen5ou-0.json,Haxorus,Items,,Haban Berry,0.976
2020-07_gen5ou-0.json,Haxorus,Items,,Other,4.556
2020-07_gen5ou-0.json,Haxorus,Spreads,,Other,26.732
2020-07_gen5ou-0.json,Haxorus,Moves,,Earthquake,76.151
2020-07_gen5ou-0.json,Haxorus,Moves,,Dragon Dance,64.389
2020-07_gen5ou-0.json,Haxorus,Moves,,Outrage,57.624
2020-07_gen5ou-0.json,Haxorus,Moves,,Dragon Claw,42.701
2020-07_gen5ou-0.json,Haxorus,Moves,,Superpower,24.43
2020-07_gen5ou-0.json,Haxorus,Moves,,Brick Break,21.595
2020-07_gen5ou-0.json,Haxorus,Moves,,Aqua Tail,18.55
2020-07_gen5ou-0.json,Haxorus,Moves,,Swords Dance,15.156
2020-07_gen5ou-0.json,Haxorus,Moves,,Poison Jab,10.344
2020-07_gen5ou-0.json,Haxorus,Moves,,X-Scissor,10.065
2020-07_gen5ou-0.json,Haxorus,Moves,,Rock Slide,8.275
2020-07_gen5ou-0.json,Haxorus,Moves,,Taunt,5.672
2020-07_gen5ou-0.json,Haxorus,Moves,,Low Kick,5.37
2020-07_gen5ou-0.json,Haxorus,Moves,,Iron Tail,3.928
2020-07_gen5ou-0.json,Haxorus,Moves,,Dragon Tail,3.859
2020-07_gen5ou-0.json,Haxorus,Moves,,Night Slash,3.626
2020-07_gen5ou-0.json,Haxorus,Moves,,Draco Meteor,3.603
2020-07_gen5ou-0.json,Haxorus,Moves,,Substitute,3.51
2020-07_gen5ou-0.json,Haxorus,Moves,,Shadow Claw,3.045
2020-07_gen5ou-0.json,Haxorus,Moves,,Other,18.108
2020-07_gen5ou-0.json,Lucario,Stats,Raw count,,4134
2020-07_gen5ou-0.json,Lucario,Stats,Avg. weight,,1.0
2020-07_gen5ou-0.json,Lucario,Stats,Viability Ceiling,,79
2020-07_gen5ou-0.json,Lucario,Stats,Jolly,,6.193
2020-07_gen5ou-0.json,Lucario,Stats,Adamant,,10.837
2020-07_gen5ou-0.json,Lucario,Stats,Timid,,5.177
2020-07_gen5ou-0.json,Lucario,Stats,Modest,,6.362
2020-07_gen5ou-0.json,Lucario,Abilities,,Steadfast,41.437
2020-07_gen5ou-0.json,Lucario,Abilities,,Justified,32.608
2020-07_gen5ou-0.json,Lucario,Abilities,,Inner Focus,25.955
2020-07_gen5ou-0.json,Lucario,Items,,Life Orb,36.357
2020-07_gen5ou-0.json,Lucario,Items,,Focus Sash,27.31
2020-07_gen5ou-0.json,Lucario,Items,,Leftovers,7.136
2020-07_gen5ou-0.json,Lucario,Items,,Expert Belt,4.862
2020-07_gen5ou-0.json,Lucario,Items,,Choice Scarf,3.314
2020-07_gen5ou-0.json,Lucario,Items,,Choice Band,2.927
2020-07_gen5ou-0.json,Lucario,Items,,Nothing,2.879
2020-07_gen5ou-0.json,Lucario,Items,,Black Belt,2.492
2020-07_gen5ou-0.json,Lucario,Items,,Fighting Gem,1.935
2020-07_gen5ou-0.json,Lucario,Items,,Wise Glasses,1.524
2020-07_gen5ou-0.json,Lucario,Items,,Sitrus Berry,1.524
2020-07_gen5ou-0.json,Lucario,Items,,Choice Specs,1.016
2020-07_gen5ou-0.json,Lucario,Items,,Normal Gem,0.943
2020-07_gen5ou-0.json,Lucario,Items,,Rocky Helmet,0.871
2020-07_gen5ou-0.json,Lucario,Items,,Other,4.91
2020-07_gen5ou-0.json,Lucario,Spreads,,Other,41.606
2020-07_gen5ou-0.json,Lucario,Moves,,Close Combat,46.88
2020-07_gen5ou-0.json,Lucario,Moves,,Aura Sphere,46.686
2020-07_gen5ou-0.json,Lucario,Moves,,Extreme Speed,45.743
2020-07_gen5ou-0.json,Lucario,Moves,,Swords Dance,40.856
2020-07_gen5ou-0.json,Lucario,Moves,,Dark Pulse,23.27
2020-07_gen5ou-0.json,Lucario,Moves,,Nasty Plot,23.174
2020-07_gen5ou-0.json,Lucario,Moves,,Ice Punch,22.4
2020-07_gen5ou-0.json,Lucario,Moves,,Bullet Punch,19.376
2020-07_gen5ou-0.json,Lucario,Moves,,Vacuum Wave,17.465
2020-07_gen5ou-0.json,Lucario,Moves,,Flash Cannon,15.917
2020-07_gen5ou-0.json,Lucario,Moves,,Crunch,12.603
2020-07_gen5ou-0.json,Lucario,Moves,,Earthquake,10.522
2020-07_gen5ou-0.json,Lucario,Moves,,Dragon Pulse,9.361
2020-07_gen5ou-0.json,Lucario,Moves,,Drain Punch,6.991
2020-07_gen5ou-0.json,Lucario,Moves,,Blaze Kick,6.604
2020-07_gen5ou-0.json,Lucario,Moves,,Psychic,5.418
2020-07_gen5ou-0.json,Lucario,Moves,,Calm Mind,4.015
2020-07_gen5ou-0.json,Lucario,Moves,,Shadow Ball,4.015
2020-07_gen5ou-0.json,Lucario,Moves,,Agility,3.774
2020-07_gen5ou-0.json,Lucario,Moves,,Hidden Power Ice,3.072
2020-07_gen5ou-0.json,Lucario,Moves,,Stone Edge,2.709
2020-07_gen5ou-0.json,Lucario,Moves,,Brick Break,2.129
2020-07_gen5ou-0.json,Lucario,Moves,,Bone Rush,2.008
2020-07_gen5ou-0.json,Lucario,Moves,,Bulk Up,2.008
2020-07_gen5ou-0.json,Lucario,Moves,,Shadow Claw,1.935
2020-07_gen5ou-0.json,Lucario,Moves,,Iron Tail,1.717
2020-07_gen5ou-0.json,Lucario,Moves,,Other,19.352
2020-07_gen5ou-0.json,Ninetales,Stats,Raw count,,3932
2020-07_gen5ou-0.json,Ninetales,Stats,Avg. weight,,1.0
2020-07_gen5ou-0.json,Ninetales,Stats,Viability Ceiling,,89
2020-07_gen5ou-0.json,Ninetales,Stats,Timid,,1.755
2020-07_gen5ou-0.json,Ninetales,Stats,Calm,,2.976
2020-07_gen5ou-0.json,Ninetales,Stats,Modest,,2.798
2020-07_gen5ou-0.json,Ninetales,Abilities,,Drought,94.786
2020-07_gen5ou-0.json,Ninetales,Abilities,,Flash Fire,5.214
2020-07_gen5ou-0.json,Ninetales,Items,,Leftovers,57.833
2020-07_gen5ou-0.json,Ninetales,Items,,Air Balloon,7.096
2020-07_gen5ou-0.json,Ninetales,Items,,Focus Sash,5.773
2020-07_gen5ou-0.json,Ninetales,Items,,Choice Specs,5.341
2020-07_gen5ou-0.json,Ninetales,Items,,Life Orb,2.976
2020-07_gen5ou-0.json,Ninetales,Items,,Expert Belt,2.569
2020-07_gen5ou-0.json,Ninetales,Items,,Sitrus Berry,2.365
2020-07_gen5ou-0.json,Ninetales,Items,,Wide Lens,2.187
2020-07_gen5ou-0.json,Ninetales,Items,,Charcoal,1.755
2020-07_gen5ou-0.json,Ninetales,Items,,Choice Scarf,1.653
2020-07_gen5ou-0.json,Ninetales,Items,,Red Card,1.475
2020-07_gen5ou-0.json,Ninetales,Items,,Heat Rock,1.45
2020-07_gen5ou-0.json,Ninetales,Items,,Fire Gem,1.272
2020-07_gen5ou-0.json,Ninetales,Items,,Chesto Berry,1.094
2020-07_gen5ou-0.json,Ninetales,Items,,Wise Glasses,0.788
2020-07_gen5ou-0.json,Ninetales,Items,,Other,4.374
2020-07_gen5ou-0.json,Ninetales,Spreads,,Other,38.962
2020-07_gen5ou-0.json,Ninetales,Moves,,Flamethrower,58.011
2020-07_gen5ou-0.json,Ninetales,Moves,,Will-O-Wisp,56.434
2020-07_gen5ou-0.json,Ninetales,Moves,,Solar Beam,54.527
2020-07_gen5ou-0.json,Ninetales,Moves,,Sunny Day,32.299
2020-07_gen5ou-0.json,Ninetales,Moves,,Fire Blast,27.696
2020-07_gen5ou-0.json,Ninetales,Moves,,Roar,21.083
2020-07_gen5ou-0.json,Ninetales,Moves,,Nasty Plot,17.803
2020-07_gen5ou-0.json,Ninetales,Moves,,Dark Pulse,14.878
2020-07_gen5ou-0.json,Ninetales,Moves,,Hidden Power Ice,10.936
2020-07_gen5ou-0.json,Ninetales,Moves,,Protect,10.682
2020-07_gen5ou-0.json,Ninetales,Moves,,Overheat,10.02
2020-07_gen5ou-0.json,Ninetales,Moves,,Calm Mind,9.334
2020-07_gen5ou-0.json,Ninetales,Moves,,Toxic,8.8
2020-07_gen5ou-0.json,Ninetales,Moves,,Energy Ball,8.647
2020-07_gen5ou-0.json,Ninetales,Moves,,Psyshock,7.019
2020-07_gen5ou-0.json,Ninetales,Moves,,Extrasensory,6.994
2020-07_gen5ou-0.json,Ninetales,Moves,,Substitute,5.468
2020-07_gen5ou-0.json,Ninetales,Moves,,Confuse Ray,4.807
2020-07_gen5ou-0.json,Ninetales,Moves,,Hidden Power Ground,4.451
2020-07_gen5ou-0.json,Ninetales,Moves,,Pain Split,4.451
2020-07_gen5ou-0.json,Ninetales,Moves,,Heat Wave,3.688
2020-07_gen5ou-0.json,Ninetales,Moves,,Flame Charge,3.077
2020-07_gen5ou-0.json,Ninetales,Moves,,Other,18.896
2020-07_gen5ou-0.json,Toxicroak,Stats,Raw count,,3792
2020-07_gen5ou-0.json,Toxicroak,Stats,Avg. weight,,1.0
2020-07_gen5ou-0.json,Toxicroak,Stats,Viability Ceiling,,89
2020-07_gen5ou-0.json,Toxicroak,Stats,Jolly,,5.934
2020-07_gen5ou-0.json,Toxicroak,Stats,Adamant,,3.481
2020-07_gen5ou-0.json,Toxicroak,Stats,Impish,,3.692
2020-07_gen5ou-0.json,Toxicroak,Abilities,,Dry Skin,93.091
2020-07_gen5ou-0.json,Toxicroak,Abilities,,Poison Touch,4.747
2020-07_gen5ou-0.json,Toxicroak,Abilities,,Anticipation,2.162
2020-07_gen5ou-0.json,Toxicroak,Items,,Life Orb,40.401
2020-07_gen5ou-0.json,Toxicroak,Items,,Black Sludge,38.977
2020-07_gen5ou-0.json,Toxicroak,Items,,Leftovers,7.068
2020-07_gen5ou-0.json,Toxicroak,Items,,Focus Sash,4.167
2020-07_gen5ou-0.json,Toxicroak,Items,,Expert Belt,2.373
2020-07_gen5ou-0.json,Toxicroak,Items,,Choice Band,2.136
2020-07_gen5ou-0.json,Toxicroak,Items,,Other,4.879
2020-07_gen5ou-0.json,Toxicroak,Spreads,,Other,39.689
2020-07_gen5ou-0.json,Toxicroak,Moves,,Drain Punch,81.962
2020-07_gen5ou-0.json,Toxicroak,Moves,,Sucker Punch,69.673
2020-07_gen5ou-0.json,Toxicroak,Moves,,Ice Punch,48.312
2020-07_gen5ou-0.json,Toxicroak,Moves,,Swords Dance,46.387
2020-07_gen5ou-0.json,Toxicroak,Moves,,Substitute,33.65
2020-07_gen5ou-0.json,Toxicroak,Moves,,Bulk Up,25.765
2020-07_gen5ou-0.json,Toxicroak,Moves,,Poison Jab,19.699
2020-07_gen5ou-0.json,Toxicroak,Moves,,Gunk Shot,12.685
2020-07_gen5ou-0.json,Toxicroak,Moves,,Bullet Punch,8.149
2020-07_gen5ou-0.json,Toxicroak,Moves,,Toxic,7.674
2020-07_gen5ou-0.json,Toxicroak,Moves,,Earthquake,7.331
2020-07_gen5ou-0.json,Toxicroak,Moves,,Cross Chop,6.593
2020-07_gen5ou-0.json,Toxicroak,Moves,,Focus Punch,5.723
2020-07_gen5ou-0.json,Toxicroak,Moves,,Fake Out,4.167
2020-07_gen5ou-0.json,Toxicroak,Moves,,Protect,3.771
2020-07_gen5ou-0.json,Toxicroak,Moves,,Other,18.46
2020-07_gen5ou-0.json,Chandelure,Stats,Raw count,,3889
2020-07_gen5ou-0.json,Chandelure,Stats,Avg. weight,,1.0
2020-07_gen5ou-0.json,Chandelure,Stats,Viability Ceiling,,80
2020-07_gen5ou-0.json,Chandelure,Stats,Timid,,9.668
2020-07_gen5ou-0.json,Chandelure,Stats,Modest,,6.531
2020-07_gen5ou-0.json,Chandelure,Stats,Adamant,,3.446
2020-07_gen5ou-0.json,Chandelure,Abilities,,Flash Fire,82.592
2020-07_gen5ou-0.json,Chandelure,Abilities,,Flame Body,17.408
2020-07_gen5ou-0.json,Chandelure,Items,,Choice Scarf,35.819
2020-07_gen5ou-0.json,Chandelure,Items,,Choice Specs,21.985
2020-07_gen5ou-0.json,Chandelure,Items,,Leftovers,13.808
2020-07_gen5ou-0.json,Chandelure,Items,,Life Orb,6.634
2020-07_gen5ou-0.json,Chandelure,Items,,Focus Sash,5.194
2020-07_gen5ou-0.json,Chandelure,Items,,Air Balloon,2.391
2020-07_gen5ou-0.json,Chandelure,Items,,Nothing,2.186
2020-07_gen5ou-0.json,Chandelure,Items,,Charcoal,1.826
2020-07_gen5ou-0.json,Chandelure,Items,,Expert Belt,1.671
2020-07_gen5ou-0.json,Chandelure,Items,,Ghost Gem,1.594
2020-07_gen5ou-0.json,Chandelure,Items,,Lum Berry,1.054
2020-07_gen5ou-0.json,Chandelure,Items,,Fire Gem,0.9
2020-07_gen5ou-0.json,Chandelure,Items,,Other,4.937
2020-07_gen5ou-0.json,Chandelure,Spreads,,Other,28.182
2020-07_gen5ou-0.json,Chandelure,Moves,,Shadow Ball,89.972
2020-07_gen5ou-0.json,Chandelure,Moves,,Energy Ball,65.595
2020-07_gen5ou-0.json,Chandelure,Moves,,Flamethrower,51.324
2020-07_gen5ou-0.json,Chandelure,Moves,,Fire Blast,31.653
2020-07_gen5ou-0.json,Chandelure,Moves,,Psychic,23.554
2020-07_gen5ou-0.json,Chandelure,Moves,,Overheat,18.591
2020-07_gen5ou-0.json,Chandelure,Moves,,Trick,17.948
2020-07_gen5ou-0.json,Chandelure,Moves,,Calm Mind,14.322
2020-07_gen5ou-0.json,Chandelure,Moves,,Hidden Power Fighting,11.185
2020-07_gen5ou-0.json,Chandelure,Moves,,Hidden Power Ice,10.054
2020-07_gen5ou-0.json,Chandelure,Moves,,Dark Pulse,9.643
2020-07_gen5ou-0.json,Chandelure,Moves,,Substitute,8.871
2020-07_gen5ou-0.json,Chandelure,Moves,,Will-O-Wisp,8.125
2020-07_gen5ou-0.json,Chandelure,Moves,,Pain Split,5.554
2020-07_gen5ou-0.json,Chandelure,Moves,,Hex,3.574
2020-07_gen5ou-0.json,Chandelure,Moves,,Heat Wave,3.291
2020-07_gen5ou-0.json,Chandelure,Moves,,Hidden Power Electric,2.957
2020-07_gen5ou-0.json,Chandelure,Moves,,Clear Smog,2.597
2020-07_gen5ou-0.json,Chandelure,Moves,,Protect,2.134
2020-07_gen5ou-0.json,Chandelure,Moves,,Other,19.054
2020-07_gen5ou-0.json,Terrakion,Stats,Raw count,,3725
2020-07_gen5ou-0.json,Terrakion,Stats,Avg. weight,,1.0
2020-07_gen5ou-0.json,Terrakion,Stats,Viability Ceiling,,92
2020-07_gen5ou-0.json,Terrakion,Stats,Jolly,,6.872
2020-07_gen5ou-0.json,Terrakion,Stats,Adamant,,2.980
2020-07_gen5ou-0.json,Terrakion,Stats,Naive,,2.658
2020-07_gen5ou-0.json,Terrakion,Abilities,,Justified,100.0
2020-07_gen5ou-0.json,Terrakion,Items,,Choice Band,28.43
2020-07_gen5ou-0.json,Terrakion,Items,,Choice Scarf,18.47
2020-07_gen5ou-0.json,Terrakion,Items,,Focus Sash,15.678
2020-07_gen5ou-0.json,Terrakion,Items,,Rock Gem,12.054
2020-07_gen5ou-0.json,Terrakion,Items,,Life Orb,10.604
2020-07_gen5ou-0.json,Terrakion,Items,,Air Balloon,3.114
2020-07_gen5ou-0.json,Terrakion,Items,,Leftovers,2.765
2020-07_gen5ou-0.json,Terrakion,Items,,Expert Belt,1.826
2020-07_gen5ou-0.json,Terrakion,Items,,Salac Berry,1.718
2020-07_gen5ou-0.json,Terrakion,Items,,Babiri Berry,1.181
2020-07_gen5ou-0.json,Terrakion,Items,,Other,4.161
2020-07_gen5ou-0.json,Terrakion,Spreads,,Other,12.671
2020-07_gen5ou-0.json,Terrakion,Moves,,Close Combat,94.711
2020-07_gen5ou-0.json,Terrakion,Moves,,Stone Edge,87.463
2020-07_gen5ou-0.json,Terrakion,Moves,,Earthquake,43.812
2020-07_gen5ou-0.json,Terrakion,Moves,,X-Scissor,38.711
2020-07_gen5ou-0.json,Terrakion,Moves,,Swords Dance,28.295
2020-07_gen5ou-0.json,Terrakion,Moves,,Rock Slide,15.221
2020-07_gen5ou-0.json,Terrakion,Moves,,Stealth Rock,14.04
2020-07_gen5ou-0.json,Terrakion,Moves,,Sacred Sword,13.96
2020-07_gen5ou-0.json,Terrakion,Moves,,Quick Attack,11.463
2020-07_gen5ou-0.json,Terrakion,Moves,,Substitute,11.034
2020-07_gen5ou-0.json,Terrakion,Moves,,Taunt,10.604
2020-07_gen5ou-0.json,Terrakion,Moves,,Rock Polish,10.309
2020-07_gen5ou-0.json,Terrakion,Moves,,Hidden Power Ice,4.537
2020-07_gen5ou-0.json,Terrakion,Moves,,Other,15.839
2020-07_gen5ou-0.json,Metagross,Stats,Raw count,,3328
2020-07_gen5ou-0.json,Metagross,Stats,Avg. weight,,1.0
2020-07_gen5ou-0.json,Metagross,Stats,Viability Ceiling,,89
2020-07_gen5ou-0.json,Metagross,Stats,Adamant,,4.117
2020-07_gen5ou-0.json,Metagross,Stats,Jolly,,3.936
2020-07_gen5ou-0.json,Metagross,Abilities,,Clear Body,97.296
2020-07_gen5ou-0.json,Metagross,Abilities,,Light Metal,2.704
2020-07_gen5ou-0.json,Metagross,Items,,Leftovers,35.667
2020-07_gen5ou-0.json,Metagross,Items,,Choice Band,15.655
2020-07_gen5ou-0.json,Metagross,Items,,Life Orb,10.306
2020-07_gen5ou-0.json,Metagross,Items,,Rocky Helmet,3.486
2020-07_gen5ou-0.json,Metagross,Items,,Iron Plate,3.456
2020-07_gen5ou-0.json,Metagross,Items,,Air Balloon,2.855
2020-07_gen5ou-0.json,Metagross,Items,,Lum Berry,2.855
2020-07_gen5ou-0.json,Metagross,Items,,Metal Coat,2.554
2020-07_gen5ou-0.json,Metagross,Items,,Choice Scarf,2.494
2020-07_gen5ou-0.json,Metagross,Items,,Custap Berry,2.224
2020-07_gen5ou-0.json,Metagross,Items,,Expert Belt,1.893
2020-07_gen5ou-0.json,Metagross,Items,,Nothing,1.683
2020-07_gen5ou-0.json,Metagross,Items,,Focus Sash,1.502
2020-07_gen5ou-0.json,Metagross,Items,,Wide Lens,1.442
2020-07_gen5ou-0.json,Metagross,Items,,Light Clay,1.322
2020-07_gen5ou-0.json,Metagross,Items,,Sticky Barb,1.292
2020-07_gen5ou-0.json,Metagross,Items,,Ice Gem,1.142
2020-07_gen5ou-0.json,Metagross,Items,,Muscle Band,0.901
2020-07_gen5ou-0.json,Metagross,Items,,Psychic Gem,0.811
2020-07_gen5ou-0.json,Metagross,Items,,Sitrus Berry,0.811
2020-07_gen5ou-0.json,Metagross,Items,,Shell Bell,0.721
2020-07_gen5ou-0.json,Metagross,Items,,Other,4.928
2020-07_gen5ou-0.json,Metagross,Spreads,,Other,58.624
2020-07_gen5ou-0.json,Metagross,Moves,,Meteor Mash,73.257
2020-07_gen5ou-0.json,Metagross,Moves,,Earthquake,60.757
2020-07_gen5ou-0.json,Metagross,Moves,,Zen Headbutt,46.875
2020-07_gen5ou-0.json,Metagross,Moves,,Bullet Punch,42.007
2020-07_gen5ou-0.json,Metagross,Moves,,Ice Punch,27.885
2020-07_gen5ou-0.json,Metagross,Moves,,Hammer Arm,21.605
2020-07_gen5ou-0.json,Metagross,Moves,,Stealth Rock,18.179
2020-07_gen5ou-0.json,Metagross,Moves,,Agility,17.248
2020-07_gen5ou-0.json,Metagross,Moves,,Thunder Punch,13.672
2020-07_gen5ou-0.json,Metagross,Moves,,Pursuit,9.285
2020-07_gen5ou-0.json,Metagross,Moves,,Psychic,8.023
2020-07_gen5ou-0.json,Metagross,Moves,,Explosion,7.963
2020-07_gen5ou-0.json,Metagross,Moves,,Rock Slide,6.46
2020-07_gen5ou-0.json,Metagross,Moves,,Iron Head,4.327
2020-07_gen5ou-0.json,Metagross,Moves,,Brick Break,4.207
2020-07_gen5ou-0.json,Metagross,Moves,,Trick,3.275
2020-07_gen5ou-0.json,Metagross,Moves,,Shadow Ball,3.065
2020-07_gen5ou-0.json,Metagross,Moves,,Grass Knot,2.915
2020-07_gen5ou-0.json,Metagross,Moves,,Protect,2.885
2020-07_gen5ou-0.json,Metagross,Moves,,Iron Defense,2.524
2020-07_gen5ou-0.json,Metagross,Moves,,Hidden Power Fire,2.344
2020-07_gen5ou-0.json,Metagross,Moves,,Hone Claws,2.254
2020-07_gen5ou-0.json,Metagross,Moves,,Other,18.99
2020-07_gen5ou-0.json,Hippowdon,Stats,Raw count,,3148
2020-07_gen5ou-0.json,Hippowdon,Stats,Avg. weight,,1.0
2020-07_gen5ou-0.json,Hippowdon,Stats,Viability Ceiling,,91
2020-07_gen5ou-0.json,Hippowdon,Stats,Impish,,2.668
2020-07_gen5ou-0.json,Hippowdon,Stats,Careful,,8.609
2020-07_gen5ou-0.json,Hippowdon,Stats,Adamant,,8.482
2020-07_gen5ou-0.json,Hippowdon,Abilities,,Sand Stream,96.188
2020-07_gen5ou-0.json,Hippowdon,Abilities,,Sand Force,3.812
2020-07_gen5ou-0.json,Hippowdon,Items,,Leftovers,70.934
2020-07_gen5ou-0.json,Hippowdon,Items,,Rocky Helmet,19.028
2020-07_gen5ou-0.json,Hippowdon,Items,,Sitrus Berry,2.224
2020-07_gen5ou-0.json,Hippowdon,Items,,Choice Band,1.366
2020-07_gen5ou-0.json,Hippowdon,Items,,Smooth Rock,1.175
2020-07_gen5ou-0.json,Hippowdon,Items,,Focus Sash,0.826
2020-07_gen5ou-0.json,Hippowdon,Items,,Other,4.447
2020-07_gen5ou-0.json,Hippowdon,Spreads,,Other,37.484
2020-07_gen5ou-0.json,Hippowdon,Moves,,Earthquake,92.63
2020-07_gen5ou-0.json,Hippowdon,Moves,,Slack Off,77.001
2020-07_gen5ou-0.json,Hippowdon,Moves,,Stealth Rock,76.493
2020-07_gen5ou-0.json,Hippowdon,Moves,,Whirlwind,34.276
2020-07_gen5ou-0.json,Hippowdon,Moves,,Ice Fang,28.939
2020-07_gen5ou-0.json,Hippowdon,Moves,,Roar,16.868
2020-07_gen5ou-0.json,Hippowdon,Moves,,Toxic,15.311
2020-07_gen5ou-0.json,Hippowdon,Moves,,Fire Fang,11.023
2020-07_gen5ou-0.json,Hippowdon,Moves,,Curse,9.339
2020-07_gen5ou-0.json,Hippowdon,Moves,,Crunch,9.307
2020-07_gen5ou-0.json,Hippowdon,Moves,,Rock Slide,6.226
2020-07_gen5ou-0.json,Hippowdon,Moves,,Body Slam,4.67
2020-07_gen5ou-0.json,Hippowdon,Moves,,Other,17.916
2020-07_gen5ou-0.json,Celebi,Stats,Raw count,,2975
2020-07_gen5ou-0.json,Celebi,Stats,Avg. weight,,1.0
2020-07_gen5ou-0.json,Celebi,Stats,Viability Ceiling,,93
2020-07_gen5ou-0.json,Celebi,Stats,Calm,,5.311
2020-07_gen5ou-0.json,Celebi,Stats,Modest,,7.261
2020-07_gen5ou-0.json,Celebi,Stats,Timid,,4.807
2020-07_gen5ou-0.json,Celebi,Stats,Brave,,4.908
2020-07_gen5ou-0.json,Celebi,Abilities,,Natural Cure,100.0
2020-07_gen5ou-0.json,Celebi,Items,,Leftovers,80.202
2020-07_gen5ou-0.json,Celebi,Items,,Life Orb,6.185
2020-07_gen5ou-0.json,Celebi,Items,,Choice Scarf,2.723
2020-07_gen5ou-0.json,Celebi,Items,,Choice Specs,1.681
2020-07_gen5ou-0.json,Celebi,Items,,Focus Sash,1.479
2020-07_gen5ou-0.json,Celebi,Items,,Sitrus Berry,1.311
2020-07_gen5ou-0.json,Celebi,Items,,Nothing,1.143
2020-07_gen5ou-0.json,Celebi,Items,,Expert Belt,0.84
2020-07_gen5ou-0.json,Celebi,Items,,Other,4.437
2020-07_gen5ou-0.json,Celebi,Spreads,,Other,62.588
2020-07_gen5ou-0.json,Celebi,Moves,,Recover,56.807
2020-07_gen5ou-0.json,Celebi,Moves,,Psychic,52.706
2020-07_gen5ou-0.json,Celebi,Moves,,Giga Drain,46.958
2020-07_gen5ou-0.json,Celebi,Moves,,Nasty Plot,34.017
2020-07_gen5ou-0.json,Celebi,Moves,,Baton Pass,32.504
2020-07_gen5ou-0.json,Celebi,Moves,,Earth Power,23.16
2020-07_gen5ou-0.json,Celebi,Moves,,Leaf Storm,19.529
2020-07_gen5ou-0.json,Celebi,Moves,,U-turn,16.437
2020-07_gen5ou-0.json,Celebi,Moves,,Energy Ball,14.891
2020-07_gen5ou-0.json,Celebi,Moves,,Heal Bell,13.008
2020-07_gen5ou-0.json,Celebi,Moves,,Hidden Power Fire,12.168
2020-07_gen5ou-0.json,Celebi,Moves,,Calm Mind,10.487
2020-07_gen5ou-0.json,Celebi,Moves,,Thunder Wave,9.882
2020-07_gen5ou-0.json,Celebi,Moves,,Stealth Rock,8.672
2020-07_gen5ou-0.json,Celebi,Moves,,Perish Song,7.529
2020-07_gen5ou-0.json,Celebi,Moves,,Leech Seed,6.689
2020-07_gen5ou-0.json,Celebi,Moves,,Hidden Power Ice,6.017
2020-07_gen5ou-0.json,Celebi,Moves,,Swords Dance,3.563
2020-07_gen5ou-0.json,Celebi,Moves,,Substitute,3.227
2020-07_gen5ou-0.json,Celebi,Moves,,Ancient Power,2.958
2020-07_gen5ou-0.json,Celebi,Moves,,Other,18.79
2020-07_gen5ou-0.json,Togekiss,Stats,Raw count,,2991
2020-07_gen5ou-0.json,Togekiss,Stats,Avg. weight,,1.0
2020-07_gen5ou-0.json,Togekiss,Stats,Viability Ceiling,,89
2020-07_gen5ou-0.json,Togekiss,Stats,Timid,,4.012
2020-07_gen5ou-0.json,Togekiss,Stats,Modest,,5.082
2020-07_gen5ou-0.json,Togekiss,Abilities,,Serene Grace,93.414
2020-07_gen5ou-0.json,Togekiss,Abilities,,Super Luck,3.31
2020-07_gen5ou-0.json,Togekiss,Abilities,,Hustle,3.276
2020-07_gen5ou-0.json,Togekiss,Items,,Leftovers,56.169
2020-07_gen5ou-0.json,Togekiss,Items,,Choice Scarf,22.1
2020-07_gen5ou-0.json,Togekiss,Items,,King's Rock,5.383
2020-07_gen5ou-0.json,Togekiss,Items,,Life Orb,3.577
2020-07_gen5ou-0.json,Togekiss,Items,,Quick Claw,3.176
2020-07_gen5ou-0.json,Togekiss,Items,,Choice Specs,1.27
2020-07_gen5ou-0.json,Togekiss,Items,,Scope Lens,1.204
2020-07_gen5ou-0.json,Togekiss,Items,,Expert Belt,1.137
2020-07_gen5ou-0.json,Togekiss,Items,,Sitrus Berry,0.936
2020-07_gen5ou-0.json,Togekiss,Items,,Sky Plate,0.669
2020-07_gen5ou-0.json,Togekiss,Items,,Other,4.38
2020-07_gen5ou-0.json,Togekiss,Spreads,,Other,52.156
2020-07_gen5ou-0.json,Togekiss,Moves,,Air Slash,95.553
2020-07_gen5ou-0.json,Togekiss,Moves,,Aura Sphere,58.208
2020-07_gen5ou-0.json,Togekiss,Moves,,Roost,36.61
2020-07_gen5ou-0.json,Togekiss,Moves,,Nasty Plot,35.841
2020-07_gen5ou-0.json,Togekiss,Moves,,Thunder Wave,34.604
2020-07_gen5ou-0.json,Togekiss,Moves,,Flamethrower,33.501
2020-07_gen5ou-0.json,Togekiss,Moves,,Ancient Power,15.914
2020-07_gen5ou-0.json,Togekiss,Moves,,Psychic,10.264
2020-07_gen5ou-0.json,Togekiss,Moves,,Tri Attack,8.258
2020-07_gen5ou-0.json,Togekiss,Moves,,Baton Pass,7.456
2020-07_gen5ou-0.json,Togekiss,Moves,,Trick,6.52
2020-07_gen5ou-0.json,Togekiss,Moves,,Heat Wave,5.249
2020-07_gen5ou-0.json,Togekiss,Moves,,Defog,4.748
2020-07_gen5ou-0.json,Togekiss,Moves,,Heal Bell,4.246
2020-07_gen5ou-0.json,Togekiss,Moves,,Fire Blast,4.079
2020-07_gen5ou-0.json,Togekiss,Moves,,Substitute,3.878
2020-07_gen5ou-0.json,Togekiss,Moves,,Hidden Power Ice,3.745
2020-07_gen5ou-0.json,Togekiss,Moves,,Hidden Power Ground,3.644
2020-07_gen5ou-0.json,Togekiss,Moves,,Grass Knot,3.21
2020-07_gen5ou-0.json,Togekiss,Moves,,Wish,3.109
2020-07_gen5ou-0.json,Togekiss,Moves,,Extrasensory,2.608
2020-07_gen5ou-0.json,Togekiss,Moves,,Other,18.756
2020-07_gen5ou-0.json,Darmanitan,Stats,Raw count,,2950
2020-07_gen5ou-0.json,Darmanitan,Stats,Avg. weight,,1.0
2020-07_gen5ou-0.json,Darmanitan,Stats,Viability Ceiling,,85
2020-07_gen5ou-0.json,Darmanitan,Stats,Jolly,,9.966
2020-07_gen5ou-0.json,Darmanitan,Stats,Adamant,,3.729
2020-07_gen5ou-0.json,Darmanitan,Abilities,,Sheer Force,97.119
2020-07_gen5ou-0.json,Darmanitan,Abilities,,Zen Mode,2.881
2020-07_gen5ou-0.json,Darmanitan,Items,,Choice Scarf,58.915
2020-07_gen5ou-0.json,Darmanitan,Items,,Choice Band,14.542
2020-07_gen5ou-0.json,Darmanitan,Items,,Life Orb,11.559
2020-07_gen5ou-0.json,Darmanitan,Items,,Leftovers,3.153
2020-07_gen5ou-0.json,Darmanitan,Items,,Nothing,2.0
2020-07_gen5ou-0.json,Darmanitan,Items,,Sitrus Berry,1.797
2020-07_gen5ou-0.json,Darmanitan,Items,,Charcoal,1.763
2020-07_gen5ou-0.json,Darmanitan,Items,,Muscle Band,1.017
2020-07_gen5ou-0.json,Darmanitan,Items,,Focus Sash,0.949
2020-07_gen5ou-0.json,Darmanitan,Items,,Other,4.305
2020-07_gen5ou-0.json,Darmanitan,Spreads,,Other,26.508
2020-07_gen5ou-0.json,Darmanitan,Moves,,Flare Blitz,87.898
2020-07_gen5ou-0.json,Darmanitan,Moves,,U-turn,74.576
2020-07_gen5ou-0.json,Darmanitan,Moves,,Superpower,55.661
2020-07_gen5ou-0.json,Darmanitan,Moves,,Rock Slide,51.085
2020-07_gen5ou-0.json,Darmanitan,Moves,,Earthquake,42.78
2020-07_gen5ou-0.json,Darmanitan,Moves,,Fire Punch,25.186
2020-07_gen5ou-0.json,Darmanitan,Moves,,Zen Headbutt,11.085
2020-07_gen5ou-0.json,Darmanitan,Moves,,Stone Edge,8.949
2020-07_gen5ou-0.json,Darmanitan,Moves,,Hammer Arm,8.373
2020-07_gen5ou-0.json,Darmanitan,Moves,,Brick Break,7.119
2020-07_gen5ou-0.json,Darmanitan,Moves,,Bulk Up,4.576
2020-07_gen5ou-0.json,Darmanitan,Moves,,Belly Drum,3.119
2020-07_gen5ou-0.json,Darmanitan,Moves,,Other,19.593
2020-07_gen5ou-0.json,Cofagrigus,Stats,Raw count,,2808
2020-07_gen5ou-0.json,Cofagrigus,Stats,Avg. weight,,1.0
2020-07_gen5ou-0.json,Cofagrigus,Stats,Viability Ceiling,,71
2020-07_gen5ou-0.json,Cofagrigus,Stats,Calm,,3.953
2020-07_gen5ou-0.json,Cofagrigus,Stats,Bold,,4.558
2020-07_gen5ou-0.json,Cofagrigus,Abilities,,Mummy,100.0
2020-07_gen5ou-0.json,Cofagrigus,Items,,Leftovers,73.86
2020-07_gen5ou-0.json,Cofagrigus,Items,,Rocky Helmet,8.547
2020-07_gen5ou-0.json,Cofagrigus,Items,,Sitrus Berry,4.06
2020-07_gen5ou-0.json,Cofagrigus,Items,,Focus Sash,3.063
2020-07_gen5ou-0.json,Cofagrigus,Items,,Nothing,1.923
2020-07_gen5ou-0.json,Cofagrigus,Items,,Mental Herb,1.603
2020-07_gen5ou-0.json,Cofagrigus,Items,,Lagging Tail,1.175
2020-07_gen5ou-0.json,Cofagrigus,Items,,Quick Claw,0.926
2020-07_gen5ou-0.json,Cofagrigus,Items,,Other,4.843
2020-07_gen5ou-0.json,Cofagrigus,Spreads,,Other,50.142
2020-07_gen5ou-0.json,Cofagrigus,Moves,,Will-O-Wisp,71.795
2020-07_gen5ou-0.json,Cofagrigus,Moves,,Pain Split,65.242
2020-07_gen5ou-0.json,Cofagrigus,Moves,,Hex,47.507
2020-07_gen5ou-0.json,Cofagrigus,Moves,,Haze,45.477
2020-07_gen5ou-0.json,Cofagrigus,Moves,,Shadow Ball,41.204
2020-07_gen5ou-0.json,Cofagrigus,Moves,,Protect,18.661
2020-07_gen5ou-0.json,Cofagrigus,Moves,,Toxic,16.311
2020-07_gen5ou-0.json,Cofagrigus,Moves,,Trick Room,14.245
2020-07_gen5ou-0.json,Cofagrigus,Moves,,Knock Off,9.33
2020-07_gen5ou-0.json,Cofagrigus,Moves,,Hidden Power Fighting,8.832
2020-07_gen5ou-0.json,Cofagrigus,Moves,,Nasty Plot,7.407
2020-07_gen5ou-0.json,Cofagrigus,Moves,,Calm Mind,6.41
2020-07_gen5ou-0.json,Cofagrigus,Moves,,Psychic,6.197
2020-07_gen5ou-0.json,Cofagrigus,Moves,,Magic Coat,6.09
2020-07_gen5ou-0.json,Cofagrigus,Moves,,Night Shade,5.093
2020-07_gen5ou-0.json,Cofagrigus,Moves,,Destiny Bond,3.989
2020-07_gen5ou-0.json,Cofagrigus,Moves,,Curse,3.668
2020-07_gen5ou-0.json,Cofagrigus,Moves,,Dark Pulse,3.49
2020-07_gen5ou-0.json,Cofagrigus,Moves,,Other,19.053
2020-07_gen5ou-0.json,Mienshao,Stats,Raw count,,2597
2020-07_gen5ou-0.json,Mienshao,Stats,Avg. weight,,1.0
2020-07_gen5ou-0.json,Mienshao,Stats,Viability Ceiling,,89
2020-07_gen5ou-0.json,Mienshao,Stats,Jolly,,9.511
2020-07_gen5ou-0.json,Mienshao,Stats,Naive,,6.430
2020-07_gen5ou-0.json,Mienshao,Stats,Hasty,,5.006
2020-07_gen5ou-0.json,Mienshao,Abilities,,Regenerator,81.941
2020-07_gen5ou-0.json,Mienshao,Abilities,,Reckless,13.4
2020-07_gen5ou-0.json,Mienshao,Abilities,,Inner Focus,4.659
2020-07_gen5ou-0.json,Mienshao,Items,,Life Orb,58.414
2020-07_gen5ou-0.json,Mienshao,Items,,Choice Scarf,19.6
2020-07_gen5ou-0.json,Mienshao,Items,,Wide Lens,4.467
2020-07_gen5ou-0.json,Mienshao,Items,,Nothing,4.082
2020-07_gen5ou-0.json,Mienshao,Items,,Focus Sash,2.926
2020-07_gen5ou-0.json,Mienshao,Items,,Flying Gem,2.426
2020-07_gen5ou-0.json,Mienshao,Items,,Leftovers,2.079
2020-07_gen5ou-0.json,Mienshao,Items,,Expert Belt,1.925
2020-07_gen5ou-0.json,Mienshao,Items,,Other,4.082
2020-07_gen5ou-0.json,Mienshao,Spreads,,Other,20.909
2020-07_gen5ou-0.json,Mienshao,Moves,,U-turn,90.451
2020-07_gen5ou-0.json,Mienshao,Moves,,High Jump Kick,86.638
2020-07_gen5ou-0.json,Mienshao,Moves,,Fake Out,62.264
2020-07_gen5ou-0.json,Mienshao,Moves,,Stone Edge,54.755
2020-07_gen5ou-0.json,Mienshao,Moves,,Hidden Power Ice,20.524
2020-07_gen5ou-0.json,Mienshao,Moves,,Drain Punch,15.941
2020-07_gen5ou-0.json,Mienshao,Moves,,Acrobatics,9.049
2020-07_gen5ou-0.json,Mienshao,Moves,,Knock Off,8.048
2020-07_gen5ou-0.json,Mienshao,Moves,,Taunt,6.816
2020-07_gen5ou-0.json,Mienshao,Moves,,Poison Jab,6.508
2020-07_gen5ou-0.json,Mienshao,Moves,,Grass Knot,5.968
2020-07_gen5ou-0.json,Mienshao,Moves,,Rock Slide,5.66
2020-07_gen5ou-0.json,Mienshao,Moves,,Swords Dance,3.928
2020-07_gen5ou-0.json,Mienshao,Moves,,Retaliate,3.389
2020-07_gen5ou-0.json,Mienshao,Moves,,Aerial Ace,2.349
2020-07_gen5ou-0.json,Mienshao,Moves,,Other,17.713
2020-07_gen5ou-0.json,Milotic,Stats,Raw count,,2616
2020-07_gen5ou-0.json,Milotic,Stats,Avg. weight,,1.0
2020-07_gen5ou-0.json,Milotic,Stats,Viability Ceiling,,78
2020-07_gen5ou-0.json,Milotic,Stats,Bold,,4.090
2020-07_gen5ou-0.json,Milotic,Stats,Calm,,4.167
2020-07_gen5ou-0.json,Milotic,Stats,Timid,,4.740
2020-07_gen5ou-0.json,Milotic,Abilities,,Marvel Scale,100.0
2020-07_gen5ou-0.json,Milotic,Items,,Leftovers,59.977
2020-07_gen5ou-0.json,Milotic,Items,,Flame Orb,26.835
2020-07_gen5ou-0.json,Milotic,Items,,Rocky Helmet,2.676
2020-07_gen5ou-0.json,Milotic,Items,,Life Orb,1.95
2020-07_gen5ou-0.json,Milotic,Items,,Eviolite,1.873
2020-07_gen5ou-0.json,Milotic,Items,,Mystic Water,1.414
2020-07_gen5ou-0.json,Milotic,Items,,Nothing,1.376
2020-07_gen5ou-0.json,Milotic,Items,,Other,3.899
2020-07_gen5ou-0.json,Milotic,Spreads,,Other,49.044
2020-07_gen5ou-0.json,Milotic,Moves,,Recover,86.506
2020-07_gen5ou-0.json,Milotic,Moves,,Scald,72.936
2020-07_gen5ou-0.json,Milotic,Moves,,Ice Beam,71.177
2020-07_gen5ou-0.json,Milotic,Moves,,Toxic,43.884
2020-07_gen5ou-0.json,Milotic,Moves,,Haze,21.751
2020-07_gen5ou-0.json,Milotic,Moves,,Dragon Tail,17.24
2020-07_gen5ou-0.json,Milotic,Moves,,Surf,15.558
2020-07_gen5ou-0.json,Milotic,Moves,,Dragon Pulse,10.78
2020-07_gen5ou-0.json,Milotic,Moves,,Mirror Coat,9.213
2020-07_gen5ou-0.json,Milotic,Moves,,Hydro Pump,9.136
2020-07_gen5ou-0.json,Milotic,Moves,,Aqua Ring,4.893
2020-07_gen5ou-0.json,Milotic,Moves,,Hidden Power Fire,4.893
2020-07_gen5ou-0.json,Milotic,Moves,,Protect,3.861
2020-07_gen5ou-0.json,Milotic,Moves,,Icy Wind,3.44
2020-07_gen5ou-0.json,Milotic,Moves,,Blizzard,3.135
2020-07_gen5ou-0.json,Milotic,Moves,,Rest,2.599
2020-07_gen5ou-0.json,Milotic,Moves,,Other,18.998
2020-07_gen5ou-0.json,Vaporeon,Stats,Raw count,,2383
2020-07_gen5ou-0.json,Vaporeon,Stats,Avg. weight,,1.0
2020-07_gen5ou-0.json,Vaporeon,Stats,Viability Ceiling,,88
2020-07_gen5ou-0.json,Vaporeon,Stats,Bold,,3.735
2020-07_gen5ou-0.json,Vaporeon,Stats,Calm,,2.812
2020-07_gen5ou-0.json,Vaporeon,Abilities,,Water Absorb,57.533
2020-07_gen5ou-0.json,Vaporeon,Abilities,,Hydration,42.467
2020-07_gen5ou-0.json,Vaporeon,Items,,Leftovers,80.319
2020-07_gen5ou-0.json,Vaporeon,Items,,Mental Herb,3.735
2020-07_gen5ou-0.json,Vaporeon,Items,,Rocky Helmet,2.686
2020-07_gen5ou-0.json,Vaporeon,Items,,Life Orb,1.804
2020-07_gen5ou-0.json,Vaporeon,Items,,Sitrus Berry,1.804
2020-07_gen5ou-0.json,Vaporeon,Items,,Choice Specs,1.259
2020-07_gen5ou-0.json,Vaporeon,Items,,Lum Berry,1.175
2020-07_gen5ou-0.json,Vaporeon,Items,,Mystic Water,0.965
2020-07_gen5ou-0.json,Vaporeon,Items,,Nothing,0.923
2020-07_gen5ou-0.json,Vaporeon,Items,,Chesto Berry,0.839
2020-07_gen5ou-0.json,Vaporeon,Items,,Other,4.49
2020-07_gen5ou-0.json,Vaporeon,Spreads,,Other,50.399
2020-07_gen5ou-0.json,Vaporeon,Moves,,Scald,71.507
2020-07_gen5ou-0.json,Vaporeon,Moves,,Ice Beam,46.664
2020-07_gen5ou-0.json,Vaporeon,Moves,,Wish,43.768
2020-07_gen5ou-0.json,Vaporeon,Moves,,Toxic,41.586
2020-07_gen5ou-0.json,Vaporeon,Moves,,Protect,39.908
2020-07_gen5ou-0.json,Vaporeon,Moves,,Rest,36.928
2020-07_gen5ou-0.json,Vaporeon,Moves,,Roar,22.493
2020-07_gen5ou-0.json,Vaporeon,Moves,,Hydro Pump,12.463
2020-07_gen5ou-0.json,Vaporeon,Moves,,Surf,12.044
2020-07_gen5ou-0.json,Vaporeon,Moves,,Heal Bell,9.862
2020-07_gen5ou-0.json,Vaporeon,Moves,,Acid Armor,8.435
2020-07_gen5ou-0.json,Vaporeon,Moves,,Haze,8.099
2020-07_gen5ou-0.json,Vaporeon,Moves,,Baton Pass,6.714
2020-07_gen5ou-0.json,Vaporeon,Moves,,Rain Dance,4.868
2020-07_gen5ou-0.json,Vaporeon,Moves,,Shadow Ball,4.238
2020-07_gen5ou-0.json,Vaporeon,Moves,,Substitute,3.693
2020-07_gen5ou-0.json,Vaporeon,Moves,,Blizzard,3.609
2020-07_gen5ou-0.json,Vaporeon,Moves,,Aqua Ring,2.77
2020-07_gen5ou-0.json,Vaporeon,Moves,,Hidden Power Grass,2.434
2020-07_gen5ou-0.json,Vaporeon,Moves,,Other,17.919
2020-07_gen5ou-0.json,Umbreon,Stats,Raw count,,2585
2020-07_gen5ou-0.json,Umbreon,Stats,Avg. weight,,1.0
2020-07_gen5ou-0.json,Umbreon,Stats,Viability Ceiling,,72
2020-07_gen5ou-0.json,Umbreon,Stats,Calm,,2.785
2020-07_gen5ou-0.json,Umbreon,Stats,Sassy,,14.159
2020-07_gen5ou-0.json,Umbreon,Stats,Careful,,4.526
2020-07_gen5ou-0.json,Umbreon,Stats,Impish,,4.371
2020-07_gen5ou-0.json,Umbreon,Abilities,,Synchronize,97.602
2020-07_gen5ou-0.json,Umbreon,Abilities,,Inner Focus,2.398
2020-07_gen5ou-0.json,Umbreon,Items,,Leftovers,92.689
2020-07_gen5ou-0.json,Umbreon,Items,,Rocky Helmet,3.133
2020-07_gen5ou-0.json,Umbreon,Items,,Other,4.178
2020-07_gen5ou-0.json,Umbreon,Spreads,,Other,34.313
2020-07_gen5ou-0.json,Umbreon,Moves,,Wish,77.911
2020-07_gen5ou-0.json,Umbreon,Moves,,Toxic,71.76
2020-07_gen5ou-0.json,Umbreon,Moves,,Protect,71.489
2020-07_gen5ou-0.json,Umbreon,Moves,,Heal Bell,63.52
2020-07_gen5ou-0.json,Umbreon,Moves,,Foul Play,54.932
2020-07_gen5ou-0.json,Umbreon,Moves,,Moonlight,17.369
2020-07_gen5ou-0.json,Umbreon,Moves,,Baton Pass,5.996
2020-07_gen5ou-0.json,Umbreon,Moves,,Pursuit,5.3
2020-07_gen5ou-0.json,Umbreon,Moves,,Snarl,4.371
2020-07_gen5ou-0.json,Umbreon,Moves,,Curse,3.675
2020-07_gen5ou-0.json,Umbreon,Moves,,Dark Pulse,3.327
2020-07_gen5ou-0.json,Umbreon,Moves,,Payback,2.515
2020-07_gen5ou-0.json,Umbreon,Moves,,Other,17.834
2020-07_gen5ou-0.json,Latias,Stats,Raw count,,2311
2020-07_gen5ou-0.json,Latias,Stats,Avg. weight,,1.0
2020-07_gen5ou-0.json,Latias,Stats,Viability Ceiling,,89
2020-07_gen5ou-0.json,Latias,Stats,Timid,,3.592
2020-07_gen5ou-0.json,Latias,Stats,Modest,,3.505
2020-07_gen5ou-0.json,Latias,Abilities,,Levitate,100.0
2020-07_gen5ou-0.json,Latias,Items,,Leftovers,47.425
2020-07_gen5ou-0.json,Latias,Items,,Life Orb,17.352
2020-07_gen5ou-0.json,Latias,Items,,Choice Scarf,8.048
2020-07_gen5ou-0.json,Latias,Items,,Light Clay,5.582
2020-07_gen5ou-0.json,Latias,Items,,Choice Specs,4.89
2020-07_gen5ou-0.json,Latias,Items,,Lum Berry,3.894
2020-07_gen5ou-0.json,Latias,Items,,Quick Claw,2.726
2020-07_gen5ou-0.json,Latias,Items,,Wise Glasses,2.077
2020-07_gen5ou-0.json,Latias,Items,,Rocky Helmet,1.947
2020-07_gen5ou-0.json,Latias,Items,,Dragon Gem,1.644
2020-07_gen5ou-0.json,Latias,Items,,Other,4.414
2020-07_gen5ou-0.json,Latias,Spreads,,Other,41.411
2020-07_gen5ou-0.json,Latias,Moves,,Draco Meteor,44.31
2020-07_gen5ou-0.json,Latias,Moves,,Dragon Pulse,42.146
2020-07_gen5ou-0.json,Latias,Moves,,Calm Mind,41.67
2020-07_gen5ou-0.json,Latias,Moves,,Roost,36.261
2020-07_gen5ou-0.json,Latias,Moves,,Surf,27.131
2020-07_gen5ou-0.json,Latias,Moves,,Psyshock,26.698
2020-07_gen5ou-0.json,Latias,Moves,,Recover,26.222
2020-07_gen5ou-0.json,Latias,Moves,,Hidden Power Fire,24.924
2020-07_gen5ou-0.json,Latias,Moves,,Psychic,15.232
2020-07_gen5ou-0.json,Latias,Moves,,Ice Beam,12.289
2020-07_gen5ou-0.json,Latias,Moves,,Substitute,11.986
2020-07_gen5ou-0.json,Latias,Moves,,Healing Wish,11.943
2020-07_gen5ou-0.json,Latias,Moves,,Trick,11.207
2020-07_gen5ou-0.json,Latias,Moves,,Thunder Wave,9.736
2020-07_gen5ou-0.json,Latias,Moves,,Thunderbolt,8.178
2020-07_gen5ou-0.json,Latias,Moves,,Energy Ball,7.875
2020-07_gen5ou-0.json,Latias,Moves,,Reflect,6.491
2020-07_gen5ou-0.json,Latias,Moves,,Light Screen,6.101
2020-07_gen5ou-0.json,Latias,Moves,,Thunder,4.76
2020-07_gen5ou-0.json,Latias,Moves,,Outrage,3.418
2020-07_gen5ou-0.json,Latias,Moves,,Defog,2.553
2020-07_gen5ou-0.json,Latias,Moves,,Other,18.866
2020-07_gen5ou-0.json,Donphan,Stats,Raw count,,2262
2020-07_gen5ou-0.json,Donphan,Stats,Avg. weight,,1.0
2020-07_gen5ou-0.json,Donphan,Stats,Viability Ceiling,,89
2020-07_gen5ou-0.json,Donphan,Stats,Impish,,3.846
2020-07_gen5ou-0.json,Donphan,Stats,Adamant,,6.720
2020-07_gen5ou-0.json,Donphan,Abilities,,Sturdy,100.0
2020-07_gen5ou-0.json,Donphan,Items,,Leftovers,71.485
2020-07_gen5ou-0.json,Donphan,Items,,Rocky Helmet,7.737
2020-07_gen5ou-0.json,Donphan,Items,,Custap Berry,6.189
2020-07_gen5ou-0.json,Donphan,Items,,Red Card,3.846
2020-07_gen5ou-0.json,Donphan,Items,,Nothing,1.724
2020-07_gen5ou-0.json,Donphan,Items,,Life Orb,1.194
2020-07_gen5ou-0.json,Donphan,Items,,Sitrus Berry,1.105
2020-07_gen5ou-0.json,Donphan,Items,,Choice Band,1.017
2020-07_gen5ou-0.json,Donphan,Items,,Lum Berry,0.973
2020-07_gen5ou-0.json,Donphan,Items,,Other,4.73
2020-07_gen5ou-0.json,Donphan,Spreads,,Other,36.782
2020-07_gen5ou-0.json,Donphan,Moves,,Earthquake,84.925
2020-07_gen5ou-0.json,Donphan,Moves,,Rapid Spin,82.184
2020-07_gen5ou-0.json,Donphan,Moves,,Stealth Rock,67.109
2020-07_gen5ou-0.json,Donphan,Moves,,Ice Shard,66.976
2020-07_gen5ou-0.json,Donphan,Moves,,Roar,13.926
2020-07_gen5ou-0.json,Donphan,Moves,,Toxic,13.484
2020-07_gen5ou-0.json,Donphan,Moves,,Fire Fang,8.134
2020-07_gen5ou-0.json,Donphan,Moves,,Seed Bomb,7.648
2020-07_gen5ou-0.json,Donphan,Moves,,Rock Slide,6.852
2020-07_gen5ou-0.json,Donphan,Moves,,Knock Off,5.968
2020-07_gen5ou-0.json,Donphan,Moves,,Counter,4.951
2020-07_gen5ou-0.json,Donphan,Moves,,Head Smash,4.775
2020-07_gen5ou-0.json,Donphan,Moves,,Gyro Ball,4.509
2020-07_gen5ou-0.json,Donphan,Moves,,Endeavor,4.465
2020-07_gen5ou-0.json,Donphan,Moves,,Nothing,2.078
2020-07_gen5ou-0.json,Donphan,Moves,,Stone Edge,1.945
2020-07_gen5ou-0.json,Donphan,Moves,,Body Slam,1.768
2020-07_gen5ou-0.json,Donphan,Moves,,Other,18.302
2020-07_gen5ou-0.json,Tornadus,Stats,Raw count,,2156
2020-07_gen5ou-0.json,Tornadus,Stats,Avg. weight,,1.0
2020-07_gen5ou-0.json,Tornadus,Stats,Viability Ceiling,,91
2020-07_gen5ou-0.json,Tornadus,Stats,Timid,,7.653
2020-07_gen5ou-0.json,Tornadus,Stats,Naive,,7.004
2020-07_gen5ou-0.json,Tornadus,Stats,Hasty,,3.293
2020-07_gen5ou-0.json,Tornadus,Stats,Jolly,,2.226
2020-07_gen5ou-0.json,Tornadus,Abilities,,Prankster,81.54
2020-07_gen5ou-0.json,Tornadus,Abilities,,Defiant,18.46
2020-07_gen5ou-0.json,Tornadus,Items,,Choice Specs,49.768
2020-07_gen5ou-0.json,Tornadus,Items,,Life Orb,15.538
2020-07_gen5ou-0.json,Tornadus,Items,,Leftovers,9.091
2020-07_gen5ou-0.json,Tornadus,Items,,Sharp Beak,8.488
2020-07_gen5ou-0.json,Tornadus,Items,,Flying Gem,8.071
2020-07_gen5ou-0.json,Tornadus,Items,,Expert Belt,3.293
2020-07_gen5ou-0.json,Tornadus,Items,,Damp Rock,1.16
2020-07_gen5ou-0.json,Tornadus,Items,,Other,4.592
2020-07_gen5ou-0.json,Tornadus,Spreads,,Other,17.069
2020-07_gen5ou-0.json,Tornadus,Moves,,Hurricane,94.017
2020-07_gen5ou-0.json,Tornadus,Moves,,Focus Blast,68.228
2020-07_gen5ou-0.json,Tornadus,Moves,,U-turn,62.43
2020-07_gen5ou-0.json,Tornadus,Moves,,Tailwind,41.651
2020-07_gen5ou-0.json,Tornadus,Moves,,Superpower,17.301
2020-07_gen5ou-0.json,Tornadus,Moves,,Heat Wave,13.683
2020-07_gen5ou-0.json,Tornadus,Moves,,Taunt,13.683
2020-07_gen5ou-0.json,Tornadus,Moves,,Hidden Power Ice,10.343
2020-07_gen5ou-0.json,Tornadus,Moves,,Sleep Talk,7.096
2020-07_gen5ou-0.json,Tornadus,Moves,,Substitute,6.679
2020-07_gen5ou-0.json,Tornadus,Moves,,Dark Pulse,6.215
2020-07_gen5ou-0.json,Tornadus,Moves,,Air Slash,6.076
2020-07_gen5ou-0.json,Tornadus,Moves,,Acrobatics,5.427
2020-07_gen5ou-0.json,Tornadus,Moves,,Knock Off,5.38
2020-07_gen5ou-0.json,Tornadus,Moves,,Rain Dance,5.195
2020-07_gen5ou-0.json,Tornadus,Moves,,Grass Knot,4.87
2020-07_gen5ou-0.json,Tornadus,Moves,,Bulk Up,4.499
2020-07_gen5ou-0.json,Tornadus,Moves,,Protect,4.221
2020-07_gen5ou-0.json,Tornadus,Moves,,Hidden Power Grass,3.896
2020-07_gen5ou-0.json,Tornadus,Moves,,Other,19.109
2020-07_gen5ou-0.json,Swampert,Stats,Raw count,,2172
2020-07_gen5ou-0.json,Swampert,Stats,Avg. weight,,1.0
2020-07_gen5ou-0.json,Swampert,Stats,Viability Ceiling,,72
2020-07_gen5ou-0.json,Swampert,Stats,Adamant,,2.762
2020-07_gen5ou-0.json,Swampert,Stats,Impish,,11.372
2020-07_gen5ou-0.json,Swampert,Stats,Brave,,3.775
2020-07_gen5ou-0.json,Swampert,Stats,Jolly,,3.131
2020-07_gen5ou-0.json,Swampert,Abilities,,Torrent,92.68
2020-07_gen5ou-0.json,Swampert,Abilities,,Damp,7.32
2020-07_gen5ou-0.json,Swampert,Items,,Leftovers,57.919
2020-07_gen5ou-0.json,Swampert,Items,,Rocky Helmet,8.794
2020-07_gen5ou-0.json,Swampert,Items,,Choice Band,6.215
2020-07_gen5ou-0.json,Swampert,Items,,Focus Sash,4.558
2020-07_gen5ou-0.json,Swampert,Items,,Expert Belt,4.512
2020-07_gen5ou-0.json,Swampert,Items,,Sitrus Berry,4.19
2020-07_gen5ou-0.json,Swampert,Items,,Quick Claw,3.637
2020-07_gen5ou-0.json,Swampert,Items,,Rindo Berry,2.947
2020-07_gen5ou-0.json,Swampert,Items,,Life Orb,1.519
2020-07_gen5ou-0.json,Swampert,Items,,Custap Berry,1.151
2020-07_gen5ou-0.json,Swampert,Items,,Other,4.558
2020-07_gen5ou-0.json,Swampert,Spreads,,Other,52.21
2020-07_gen5ou-0.json,Swampert,Moves,,Earthquake,86.971
2020-07_gen5ou-0.json,Swampert,Moves,,Waterfall,59.669
2020-07_gen5ou-0.json,Swampert,Moves,,Ice Punch,55.479
2020-07_gen5ou-0.json,Swampert,Moves,,Stealth Rock,39.549
2020-07_gen5ou-0.json,Swampert,Moves,,Toxic,23.066
2020-07_gen5ou-0.json,Swampert,Moves,,Hammer Arm,13.628
2020-07_gen5ou-0.json,Swampert,Moves,,Avalanche,10.773
2020-07_gen5ou-0.json,Swampert,Moves,,Ice Beam,10.589
2020-07_gen5ou-0.json,Swampert,Moves,,Scald,10.405
2020-07_gen5ou-0.json,Swampert,Moves,,Aqua Tail,9.576
2020-07_gen5ou-0.json,Swampert,Moves,,Superpower,8.794
2020-07_gen5ou-0.json,Swampert,Moves,,Roar,6.814
2020-07_gen5ou-0.json,Swampert,Moves,,Surf,6.584
2020-07_gen5ou-0.json,Swampert,Moves,,Hydro Pump,5.617
2020-07_gen5ou-0.json,Swampert,Moves,,Brick Break,5.433
2020-07_gen5ou-0.json,Swampert,Moves,,Facade,5.387
2020-07_gen5ou-0.json,Swampert,Moves,,Earth Power,5.387
2020-07_gen5ou-0.json,Swampert,Moves,,Outrage,4.742
2020-07_gen5ou-0.json,Swampert,Moves,,Stone Edge,3.913
2020-07_gen5ou-0.json,Swampert,Moves,,Protect,3.499
2020-07_gen5ou-0.json,Swampert,Moves,,Curse,3.361
2020-07_gen5ou-0.json,Swampert,Moves,,Bulldoze,2.993
2020-07_gen5ou-0.json,Swampert,Moves,,Other,17.772
2020-07_gen5ou-0.json,Snorlax,Stats,Raw count,,2010
2020-07_gen5ou-0.json,Snorlax,Stats,Avg. weight,,1.0
2020-07_gen5ou-0.json,Snorlax,Stats,Viability Ceiling,,71
2020-07_gen5ou-0.json,Snorlax,Stats,Adamant,,6.269
2020-07_gen5ou-0.json,Snorlax,Stats,Impish,,4.627
2020-07_gen5ou-0.json,Snorlax,Stats,Brave,,7.264
2020-07_gen5ou-0.json,Snorlax,Stats,Careful,,3.184
2020-07_gen5ou-0.json,Snorlax,Abilities,,Thick Fat,49.602
2020-07_gen5ou-0.json,Snorlax,Abilities,,Immunity,45.622
2020-07_gen5ou-0.json,Snorlax,Abilities,,Gluttony,4.776
2020-07_gen5ou-0.json,Snorlax,Items,,Leftovers,53.035
2020-07_gen5ou-0.json,Snorlax,Items,,Choice Band,9.204
2020-07_gen5ou-0.json,Snorlax,Items,,Silk Scarf,7.015
2020-07_gen5ou-0.json,Snorlax,Items,,Eviolite,6.866
2020-07_gen5ou-0.json,Snorlax,Items,,Chesto Berry,6.716
2020-07_gen5ou-0.json,Snorlax,Items,,Sitrus Berry,5.522
2020-07_gen5ou-0.json,Snorlax,Items,,Lum Berry,2.388
2020-07_gen5ou-0.json,Snorlax,Items,,Quick Claw,2.04
2020-07_gen5ou-0.json,Snorlax,Items,,Focus Sash,1.343
2020-07_gen5ou-0.json,Snorlax,Items,,Chople Berry,1.194
2020-07_gen5ou-0.json,Snorlax,Items,,Other,4.677
2020-07_gen5ou-0.json,Snorlax,Spreads,,Other,56.567
2020-07_gen5ou-0.json,Snorlax,Moves,,Rest,52.338
2020-07_gen5ou-0.json,Snorlax,Moves,,Body Slam,51.144
2020-07_gen5ou-0.json,Snorlax,Moves,,Curse,34.328
2020-07_gen5ou-0.json,Snorlax,Moves,,Earthquake,33.234
2020-07_gen5ou-0.json,Snorlax,Moves,,Sleep Talk,29.751
2020-07_gen5ou-0.json,Snorlax,Moves,,Crunch,27.512
2020-07_gen5ou-0.json,Snorlax,Moves,,Fire Punch,21.741
2020-07_gen5ou-0.json,Snorlax,Moves,,Return,19.751
2020-07_gen5ou-0.json,Snorlax,Moves,,Belly Drum,10.1
2020-07_gen5ou-0.json,Snorlax,Moves,,Double-Edge,9.801
2020-07_gen5ou-0.json,Snorlax,Moves,,Ice Punch,9.453
2020-07_gen5ou-0.json,Snorlax,Moves,,Pursuit,8.905
2020-07_gen5ou-0.json,Snorlax,Moves,,Blizzard,7.861
2020-07_gen5ou-0.json,Snorlax,Moves,,Outrage,7.015
2020-07_gen5ou-0.json,Snorlax,Moves,,Superpower,6.517
2020-07_gen5ou-0.json,Snorlax,Moves,,Heavy Slam,5.075
2020-07_gen5ou-0.json,Snorlax,Moves,,Self-Destruct,4.677
2020-07_gen5ou-0.json,Snorlax,Moves,,Gunk Shot,4.677
2020-07_gen5ou-0.json,Snorlax,Moves,,Flamethrower,4.378
2020-07_gen5ou-0.json,Snorlax,Moves,,Toxic,4.279
2020-07_gen5ou-0.json,Snorlax,Moves,,Shadow Ball,3.483
2020-07_gen5ou-0.json,Snorlax,Moves,,Stockpile,2.935
2020-07_gen5ou-0.json,Snorlax,Moves,,Thunderbolt,2.836
2020-07_gen5ou-0.json,Snorlax,Moves,,Giga Impact,2.637
2020-07_gen5ou-0.json,Snorlax,Moves,,Recycle,2.637
2020-07_gen5ou-0.json,Snorlax,Moves,,Zen Headbutt,2.289
2020-07_gen5ou-0.json,Snorlax,Moves,,Hyper Beam,2.289
2020-07_gen5ou-0.json,Snorlax,Moves,,Thunder Punch,2.289
2020-07_gen5ou-0.json,Snorlax,Moves,,Mega Kick,2.139
2020-07_gen5ou-0.json,Snorlax,Moves,,Brick Break,2.04
2020-07_gen5ou-0.json,Snorlax,Moves,,Surf,2.04
2020-07_gen5ou-0.json,Snorlax,Moves,,Other,19.851
2020-07_gen5ou-0.json,Weavile,Stats,Raw count,,1862
2020-07_gen5ou-0.json,Weavile,Stats,Avg. weight,,1.0
2020-07_gen5ou-0.json,Weavile,Stats,Viability Ceiling,,91
2020-07_gen5ou-0.json,Weavile,Stats,Jolly,,1.557
2020-07_gen5ou-0.json,Weavile,Stats,Adamant,,1.933
2020-07_gen5ou-0.json,Weavile,Abilities,,Pressure,91.622
2020-07_gen5ou-0.json,Weavile,Abilities,,Pickpocket,8.378
2020-07_gen5ou-0.json,Weavile,Items,,Life Orb,31.203
2020-07_gen5ou-0.json,Weavile,Items,,Choice Band,19.334
2020-07_gen5ou-0.json,Weavile,Items,,Focus Sash,13.319
2020-07_gen5ou-0.json,Weavile,Items,,Expert Belt,8.808
2020-07_gen5ou-0.json,Weavile,Items,,Choice Scarf,7.895
2020-07_gen5ou-0.json,Weavile,Items,,Never-Melt Ice,7.411
2020-07_gen5ou-0.json,Weavile,Items,,Leftovers,3.974
2020-07_gen5ou-0.json,Weavile,Items,,Sitrus Berry,1.504
2020-07_gen5ou-0.json,Weavile,Items,,Dark Gem,1.343
2020-07_gen5ou-0.json,Weavile,Items,,Nothing,1.02
2020-07_gen5ou-0.json,Weavile,Items,,Other,4.189
2020-07_gen5ou-0.json,Weavile,Spreads,,Other,13.158
2020-07_gen5ou-0.json,Weavile,Moves,,Ice Shard,68.367
2020-07_gen5ou-0.json,Weavile,Moves,,Night Slash,64.554
2020-07_gen5ou-0.json,Weavile,Moves,,Ice Punch,59.828
2020-07_gen5ou-0.json,Weavile,Moves,,Low Kick,49.409
2020-07_gen5ou-0.json,Weavile,Moves,,Pursuit,41.139
2020-07_gen5ou-0.json,Weavile,Moves,,Swords Dance,25.242
2020-07_gen5ou-0.json,Weavile,Moves,,Fake Out,25.027
2020-07_gen5ou-0.json,Weavile,Moves,,Brick Break,16.541
2020-07_gen5ou-0.json,Weavile,Moves,,Knock Off,9.828
2020-07_gen5ou-0.json,Weavile,Moves,,Double-Edge,3.545
2020-07_gen5ou-0.json,Weavile,Moves,,Aerial Ace,3.491
2020-07_gen5ou-0.json,Weavile,Moves,,Avalanche,2.524
2020-07_gen5ou-0.json,Weavile,Moves,,Poison Jab,2.309
2020-07_gen5ou-0.json,Weavile,Moves,,X-Scissor,2.256
2020-07_gen5ou-0.json,Weavile,Moves,,Foul Play,2.202
2020-07_gen5ou-0.json,Weavile,Moves,,Quick Attack,2.095
2020-07_gen5ou-0.json,Weavile,Moves,,Focus Punch,1.987
2020-07_gen5ou-0.json,Weavile,Moves,,Other,19.656
2020-07_gen5ou-0.json,Kingdra,Stats,Raw count,,1843
2020-07_gen5ou-0.json,Kingdra,Stats,Avg. weight,,1.0
2020-07_gen5ou-0.json,Kingdra,Stats,Viability Ceiling,,89
2020-07_gen5ou-0.json,Kingdra,Stats,Modest,,15.193
2020-07_gen5ou-0.json,Kingdra,Stats,Sassy,,7.108
2020-07_gen5ou-0.json,Kingdra,Stats,Timid,,4.286
2020-07_gen5ou-0.json,Kingdra,Stats,Adamant,,4.721
2020-07_gen5ou-0.json,Kingdra,Abilities,,Swift Swim,53.228
2020-07_gen5ou-0.json,Kingdra,Abilities,,Sniper,45.632
2020-07_gen5ou-0.json,Kingdra,Abilities,,Damp,1.139
2020-07_gen5ou-0.json,Kingdra,Items,,Leftovers,25.827
2020-07_gen5ou-0.json,Kingdra,Items,,Life Orb,21.921
2020-07_gen5ou-0.json,Kingdra,Items,,Scope Lens,13.619
2020-07_gen5ou-0.json,Kingdra,Items,,Choice Specs,13.131
2020-07_gen5ou-0.json,Kingdra,Items,,Lum Berry,3.744
2020-07_gen5ou-0.json,Kingdra,Items,,Choice Scarf,3.473
2020-07_gen5ou-0.json,Kingdra,Items,,Dragon Fang,2.387
2020-07_gen5ou-0.json,Kingdra,Items,,Focus Sash,2.116
2020-07_gen5ou-0.json,Kingdra,Items,,Splash Plate,1.953
2020-07_gen5ou-0.json,Kingdra,Items,,Wise Glasses,1.791
2020-07_gen5ou-0.json,Kingdra,Items,,Chesto Berry,1.628
2020-07_gen5ou-0.json,Kingdra,Items,,Razor Claw,1.465
2020-07_gen5ou-0.json,Kingdra,Items,,Mystic Water,1.302
2020-07_gen5ou-0.json,Kingdra,Items,,Damp Rock,1.139
2020-07_gen5ou-0.json,Kingdra,Items,,Other,4.504
2020-07_gen5ou-0.json,Kingdra,Spreads,,Other,58.112
2020-07_gen5ou-0.json,Kingdra,Moves,,Draco Meteor,50.624
2020-07_gen5ou-0.json,Kingdra,Moves,,Ice Beam,40.912
2020-07_gen5ou-0.json,Kingdra,Moves,,Surf,39.012
2020-07_gen5ou-0.json,Kingdra,Moves,,Dragon Pulse,36.842
2020-07_gen5ou-0.json,Kingdra,Moves,,Dragon Dance,33.478
2020-07_gen5ou-0.json,Kingdra,Moves,,Hydro Pump,33.207
2020-07_gen5ou-0.json,Kingdra,Moves,,Outrage,28.378
2020-07_gen5ou-0.json,Kingdra,Moves,,Waterfall,23.874
2020-07_gen5ou-0.json,Kingdra,Moves,,Rain Dance,22.518
2020-07_gen5ou-0.json,Kingdra,Moves,,Scald,13.511
2020-07_gen5ou-0.json,Kingdra,Moves,,Focus Energy,13.185
2020-07_gen5ou-0.json,Kingdra,Moves,,Substitute,8.736
2020-07_gen5ou-0.json,Kingdra,Moves,,Blizzard,8.247
2020-07_gen5ou-0.json,Kingdra,Moves,,Clear Smog,4.666
2020-07_gen5ou-0.json,Kingdra,Moves,,Flash Cannon,4.124
2020-07_gen5ou-0.json,Kingdra,Moves,,Agility,4.015
2020-07_gen5ou-0.json,Kingdra,Moves,,Body Slam,4.015
2020-07_gen5ou-0.json,Kingdra,Moves,,Rest,3.256
2020-07_gen5ou-0.json,Kingdra,Moves,,Hidden Power Fire,2.876
2020-07_gen5ou-0.json,Kingdra,Moves,,Hidden Power Electric,2.821
2020-07_gen5ou-0.json,Kingdra,Moves,,Iron Head,2.659
2020-07_gen5ou-0.json,Kingdra,Moves,,Other,19.045
2020-07_gen5ou-0.json,Venusaur,Stats,Raw count,,1830
2020-07_gen5ou-0.json,Venusaur,Stats,Avg. weight,,1.0
2020-07_gen5ou-0.json,Venusaur,Stats,Viability Ceiling,,79
2020-07_gen5ou-0.json,Venusaur,Stats,Timid,,4.208
2020-07_gen5ou-0.json,Venusaur,Stats,Hasty,,7.705
2020-07_gen5ou-0.json,Venusaur,Stats,Calm,,6.721
2020-07_gen5ou-0.json,Venusaur,Stats,Modest,,4.699
2020-07_gen5ou-0.json,Venusaur,Abilities,,Overgrow,66.94
2020-07_gen5ou-0.json,Venusaur,Abilities,,Chlorophyll,33.06
2020-07_gen5ou-0.json,Venusaur,Items,,Leftovers,31.093
2020-07_gen5ou-0.json,Venusaur,Items,,Life Orb,27.978
2020-07_gen5ou-0.json,Venusaur,Items,,Black Sludge,16.721
2020-07_gen5ou-0.json,Venusaur,Items,,Big Root,4.645
2020-07_gen5ou-0.json,Venusaur,Items,,Focus Sash,2.842
2020-07_gen5ou-0.json,Venusaur,Items,,Heat Rock,2.842
2020-07_gen5ou-0.json,Venusaur,Items,,Sitrus Berry,2.295
2020-07_gen5ou-0.json,Venusaur,Items,,Nothing,1.694
2020-07_gen5ou-0.json,Venusaur,Items,,Miracle Seed,1.53
2020-07_gen5ou-0.json,Venusaur,Items,,White Herb,1.475
2020-07_gen5ou-0.json,Venusaur,Items,,Meadow Plate,1.202
2020-07_gen5ou-0.json,Venusaur,Items,,Expert Belt,1.148
2020-07_gen5ou-0.json,Venusaur,Items,,Other,4.536
2020-07_gen5ou-0.json,Venusaur,Spreads,,Other,58.743
2020-07_gen5ou-0.json,Venusaur,Moves,,Sludge Bomb,69.29
2020-07_gen5ou-0.json,Venusaur,Moves,,Giga Drain,65.847
2020-07_gen5ou-0.json,Venusaur,Moves,,Leech Seed,36.393
2020-07_gen5ou-0.json,Venusaur,Moves,,Toxic,27.486
2020-07_gen5ou-0.json,Venusaur,Moves,,Growth,26.612
2020-07_gen5ou-0.json,Venusaur,Moves,,Sunny Day,25.464
2020-07_gen5ou-0.json,Venusaur,Moves,,Hidden Power Fire,20.055
2020-07_gen5ou-0.json,Venusaur,Moves,,Earthquake,18.251
2020-07_gen5ou-0.json,Venusaur,Moves,,Energy Ball,17.923
2020-07_gen5ou-0.json,Venusaur,Moves,,Synthesis,17.268
2020-07_gen5ou-0.json,Venusaur,Moves,,Solar Beam,16.612
2020-07_gen5ou-0.json,Venusaur,Moves,,Protect,10.765
2020-07_gen5ou-0.json,Venusaur,Moves,,Leaf Storm,5.683
2020-07_gen5ou-0.json,Venusaur,Moves,,Power Whip,5.464
2020-07_gen5ou-0.json,Venusaur,Moves,,Weather Ball,5.246
2020-07_gen5ou-0.json,Venusaur,Moves,,Substitute,3.77
2020-07_gen5ou-0.json,Venusaur,Moves,,Hidden Power Ice,2.678
2020-07_gen5ou-0.json,Venusaur,Moves,,Rest,1.749
2020-07_gen5ou-0.json,Venusaur,Moves,,Roar,1.749
2020-07_gen5ou-0.json,Venusaur,Moves,,Grass Knot,1.639
2020-07_gen5ou-0.json,Venusaur,Moves,,Knock Off,1.475
2020-07_gen5ou-0.json,Venusaur,Moves,,Other,18.579
2020-07_gen5ou-0.json,Scrafty,Stats,Raw count,,1858
2020-07_gen5ou-0.json,Scrafty,Stats,Avg. weight,,1.0
2020-07_gen5ou-0.json,Scrafty,Stats,Viability Ceiling,,79
2020-07_gen5ou-0.json,Scrafty,Stats,Jolly,,3.821
2020-07_gen5ou-0.json,Scrafty,Stats,Adamant,,6.297
2020-07_gen5ou-0.json,Scrafty,Abilities,,Moxie,51.238
2020-07_gen5ou-0.json,Scrafty,Abilities,,Shed Skin,40.097
2020-07_gen5ou-0.json,Scrafty,Abilities,,Intimidate,8.665
2020-07_gen5ou-0.json,Scrafty,Items,,Leftovers,41.765
2020-07_gen5ou-0.json,Scrafty,Items,,Life Orb,15.716
2020-07_gen5ou-0.json,Scrafty,Items,,Lum Berry,12.271
2020-07_gen5ou-0.json,Scrafty,Items,,Shell Bell,6.728
2020-07_gen5ou-0.json,Scrafty,Items,,Focus Sash,5.544
2020-07_gen5ou-0.json,Scrafty,Items,,Sitrus Berry,3.337
2020-07_gen5ou-0.json,Scrafty,Items,,Expert Belt,2.745
2020-07_gen5ou-0.json,Scrafty,Items,,Muscle Band,2.368
2020-07_gen5ou-0.json,Scrafty,Items,,Rocky Helmet,1.722
2020-07_gen5ou-0.json,Scrafty,Items,,Nothing,1.507
2020-07_gen5ou-0.json,Scrafty,Items,,Chesto Berry,1.346
2020-07_gen5ou-0.json,Scrafty,Items,,Other,4.952
2020-07_gen5ou-0.json,Scrafty,Spreads,,Other,52.799
2020-07_gen5ou-0.json,Scrafty,Moves,,Drain Punch,81.808
2020-07_gen5ou-0.json,Scrafty,Moves,,Crunch,78.041
2020-07_gen5ou-0.json,Scrafty,Moves,,Dragon Dance,66.2
2020-07_gen5ou-0.json,Scrafty,Moves,,Ice Punch,56.459
2020-07_gen5ou-0.json,Scrafty,Moves,,Bulk Up,22.928
2020-07_gen5ou-0.json,Scrafty,Moves,,High Jump Kick,21.206
2020-07_gen5ou-0.json,Scrafty,Moves,,Rest,14.693
2020-07_gen5ou-0.json,Scrafty,Moves,,Brick Break,6.405
2020-07_gen5ou-0.json,Scrafty,Moves,,Dragon Claw,6.243
2020-07_gen5ou-0.json,Scrafty,Moves,,Fire Punch,5.597
2020-07_gen5ou-0.json,Scrafty,Moves,,Knock Off,5.005
2020-07_gen5ou-0.json,Scrafty,Moves,,Iron Head,3.391
2020-07_gen5ou-0.json,Scrafty,Moves,,Thunder Punch,2.853
2020-07_gen5ou-0.json,Scrafty,Moves,,Fake Out,2.745
2020-07_gen5ou-0.json,Scrafty,Moves,,Dual Chop,2.422
2020-07_gen5ou-0.json,Scrafty,Moves,,Dragon Tail,2.368
2020-07_gen5ou-0.json,Scrafty,Moves,,Zen Headbutt,2.314
2020-07_gen5ou-0.json,Scrafty,Moves,,Other,19.322
2020-07_gen5ou-0.json,Krookodile,Stats,Raw count,,1800
2020-07_gen5ou-0.json,Krookodile,Stats,Avg. weight,,1.0
2020-07_gen5ou-0.json,Krookodile,Stats,Viability Ceiling,,68
2020-07_gen5ou-0.json,Krookodile,Stats,Jolly,,4.056
2020-07_gen5ou-0.json,Krookodile,Stats,Adamant,,5.556
2020-07_gen5ou-0.json,Krookodile,Stats,Hasty,,1.611
2020-07_gen5ou-0.json,Krookodile,Abilities,,Moxie,61.333
2020-07_gen5ou-0.json,Krookodile,Abilities,,Intimidate,34.556
2020-07_gen5ou-0.json,Krookodile,Abilities,,Anger Point,4.111
2020-07_gen5ou-0.json,Krookodile,Items,,Choice Scarf,25.611
2020-07_gen5ou-0.json,Krookodile,Items,,Leftovers,12.222
2020-07_gen5ou-0.json,Krookodile,Items,,Focus Sash,9.111
2020-07_gen5ou-0.json,Krookodile,Items,,Expert Belt,8.667
2020-07_gen5ou-0.json,Krookodile,Items,,Black Glasses,7.389
2020-07_gen5ou-0.json,Krookodile,Items,,Life Orb,7.333
2020-07_gen5ou-0.json,Krookodile,Items,,Choice Band,6.722
2020-07_gen5ou-0.json,Krookodile,Items,,Nothing,5.333
2020-07_gen5ou-0.json,Krookodile,Items,,Sitrus Berry,4.444
2020-07_gen5ou-0.json,Krookodile,Items,,Soft Sand,3.056
2020-07_gen5ou-0.json,Krookodile,Items,,Muscle Band,2.5
2020-07_gen5ou-0.json,Krookodile,Items,,Rocky Helmet,2.389
2020-07_gen5ou-0.json,Krookodile,Items,,Lum Berry,1.556
2020-07_gen5ou-0.json,Krookodile,Items,,Other,3.667
2020-07_gen5ou-0.json,Krookodile,Spreads,,Other,31.556
2020-07_gen5ou-0.json,Krookodile,Moves,,Earthquake,88.5
2020-07_gen5ou-0.json,Krookodile,Moves,,Crunch,75.278
2020-07_gen5ou-0.json,Krookodile,Moves,,Dragon Claw,23.389
2020-07_gen5ou-0.json,Krookodile,Moves,,Stone Edge,22.778
2020-07_gen5ou-0.json,Krookodile,Moves,,Outrage,20.444
2020-07_gen5ou-0.json,Krookodile,Moves,,Brick Break,16.556
2020-07_gen5ou-0.json,Krookodile,Moves,,Rock Slide,14.167
2020-07_gen5ou-0.json,Krookodile,Moves,,Bulk Up,13.667
2020-07_gen5ou-0.json,Krookodile,Moves,,Foul Play,12.333
2020-07_gen5ou-0.json,Krookodile,Moves,,Superpower,12.111
2020-07_gen5ou-0.json,Krookodile,Moves,,Aerial Ace,11.944
2020-07_gen5ou-0.json,Krookodile,Moves,,Stealth Rock,11.056
2020-07_gen5ou-0.json,Krookodile,Moves,,Pursuit,9.167
2020-07_gen5ou-0.json,Krookodile,Moves,,Fire Fang,8.889
2020-07_gen5ou-0.json,Krookodile,Moves,,Aqua Tail,6.778
2020-07_gen5ou-0.json,Krookodile,Moves,,Dig,6.444
2020-07_gen5ou-0.json,Krookodile,Moves,,Knock Off,6.333
2020-07_gen5ou-0.json,Krookodile,Moves,,Counter,4.944
2020-07_gen5ou-0.json,Krookodile,Moves,,Dragon Tail,4.444
2020-07_gen5ou-0.json,Krookodile,Moves,,Dark Pulse,3.944
2020-07_gen5ou-0.json,Krookodile,Moves,,Sandstorm,2.5
2020-07_gen5ou-0.json,Krookodile,Moves,,Protect,2.111
2020-07_gen5ou-0.json,Krookodile,Moves,,Dragon Pulse,2.0
2020-07_gen5ou-0.json,Krookodile,Moves,,Thunder Fang,1.833
2020-07_gen5ou-0.json,Krookodile,Moves,,Other,18.389
2020-07_gen5ou-0.json,Bisharp,Stats,Raw count,,1712
2020-07_gen5ou-0.json,Bisharp,Stats,Avg. weight,,1.0
2020-07_gen5ou-0.json,Bisharp,Stats,Viability Ceiling,,88
2020-07_gen5ou-0.json,Bisharp,Stats,Adamant,,4.965
2020-07_gen5ou-0.json,Bisharp,Stats,Jolly,,6.484
2020-07_gen5ou-0.json,Bisharp,Abilities,,Defiant,84.521
2020-07_gen5ou-0.json,Bisharp,Abilities,,Inner Focus,13.435
2020-07_gen5ou-0.json,Bisharp,Abilities,,Pressure,2.044
2020-07_gen5ou-0.json,Bisharp,Items,,Black Glasses,24.124
2020-07_gen5ou-0.json,Bisharp,Items,,Leftovers,14.603
2020-07_gen5ou-0.json,Bisharp,Items,,Life Orb,14.311
2020-07_gen5ou-0.json,Bisharp,Items,,Focus Sash,13.259
2020-07_gen5ou-0.json,Bisharp,Items,,Rocky Helmet,5.666
2020-07_gen5ou-0.json,Bisharp,Items,,Dark Gem,5.549
2020-07_gen5ou-0.json,Bisharp,Items,,Chople Berry,3.914
2020-07_gen5ou-0.json,Bisharp,Items,,Dread Plate,3.797
2020-07_gen5ou-0.json,Bisharp,Items,,Expert Belt,3.096
2020-07_gen5ou-0.json,Bisharp,Items,,Lum Berry,2.22
2020-07_gen5ou-0.json,Bisharp,Items,,Nothing,1.986
2020-07_gen5ou-0.json,Bisharp,Items,,Choice Band,1.869
2020-07_gen5ou-0.json,Bisharp,Items,,Sitrus Berry,1.285
2020-07_gen5ou-0.json,Bisharp,Items,,Other,4.322
2020-07_gen5ou-0.json,Bisharp,Spreads,,Other,37.792
2020-07_gen5ou-0.json,Bisharp,Moves,,Sucker Punch,75.058
2020-07_gen5ou-0.json,Bisharp,Moves,,Swords Dance,63.785
2020-07_gen5ou-0.json,Bisharp,Moves,,Iron Head,52.395
2020-07_gen5ou-0.json,Bisharp,Moves,,Night Slash,38.318
2020-07_gen5ou-0.json,Bisharp,Moves,,Low Kick,35.28
2020-07_gen5ou-0.json,Bisharp,Moves,,Brick Break,23.715
2020-07_gen5ou-0.json,Bisharp,Moves,,Knock Off,17.348
2020-07_gen5ou-0.json,Bisharp,Moves,,Stone Edge,14.836
2020-07_gen5ou-0.json,Bisharp,Moves,,Substitute,11.624
2020-07_gen5ou-0.json,Bisharp,Moves,,Pursuit,11.157
2020-07_gen5ou-0.json,Bisharp,Moves,,X-Scissor,7.243
2020-07_gen5ou-0.json,Bisharp,Moves,,Psycho Cut,6.075
2020-07_gen5ou-0.json,Bisharp,Moves,,Dark Pulse,5.432
2020-07_gen5ou-0.json,Bisharp,Moves,,Metal Burst,4.79
2020-07_gen5ou-0.json,Bisharp,Moves,,Focus Blast,4.731
2020-07_gen5ou-0.json,Bisharp,Moves,,Foul Play,4.089
2020-07_gen5ou-0.json,Bisharp,Moves,,Taunt,3.388
2020-07_gen5ou-0.json,Bisharp,Moves,,Poison Jab,2.804
2020-07_gen5ou-0.json,Bisharp,Moves,,Other,17.932
2020-07_gen5ou-0.json,Abomasnow,Stats,Raw count,,1692
2020-07_gen5ou-0.json,Abomasnow,Stats,Avg. weight,,1.0
2020-07_gen5ou-0.json,Abomasnow,Stats,Viability Ceiling,,92
2020-07_gen5ou-0.json,Abomasnow,Stats,Sassy,,3.842
2020-07_gen5ou-0.json,Abomasnow,Stats,Lonely,,3.310
2020-07_gen5ou-0.json,Abomasnow,Stats,Quiet,,8.097
2020-07_gen5ou-0.json,Abomasnow,Stats,Calm,,6.856
2020-07_gen5ou-0.json,Abomasnow,Abilities,,Snow Warning,98.286
2020-07_gen5ou-0.json,Abomasnow,Abilities,,Soundproof,1.714
2020-07_gen5ou-0.json,Abomasnow,Items,,Leftovers,49.527
2020-07_gen5ou-0.json,Abomasnow,Items,,Expert Belt,17.021
2020-07_gen5ou-0.json,Abomasnow,Items,,Focus Sash,16.371
2020-07_gen5ou-0.json,Abomasnow,Items,,Ice Gem,3.723
2020-07_gen5ou-0.json,Abomasnow,Items,,Sitrus Berry,1.95
2020-07_gen5ou-0.json,Abomasnow,Items,,Choice Scarf,1.714
2020-07_gen5ou-0.json,Abomasnow,Items,,Choice Band,1.478
2020-07_gen5ou-0.json,Abomasnow,Items,,Life Orb,1.418
2020-07_gen5ou-0.json,Abomasnow,Items,,Big Root,1.3
2020-07_gen5ou-0.json,Abomasnow,Items,,Icy Rock,0.827
2020-07_gen5ou-0.json,Abomasnow,Items,,Other,4.669
2020-07_gen5ou-0.json,Abomasnow,Spreads,,Other,54.196
2020-07_gen5ou-0.json,Abomasnow,Moves,,Ice Shard,74.823
2020-07_gen5ou-0.json,Abomasnow,Moves,,Hidden Power Fire,48.463
2020-07_gen5ou-0.json,Abomasnow,Moves,,Blizzard,47.104
2020-07_gen5ou-0.json,Abomasnow,Moves,,Leech Seed,40.898
2020-07_gen5ou-0.json,Abomasnow,Moves,,Wood Hammer,36.407
2020-07_gen5ou-0.json,Abomasnow,Moves,,Protect,34.102
2020-07_gen5ou-0.json,Abomasnow,Moves,,Earthquake,29.492
2020-07_gen5ou-0.json,Abomasnow,Moves,,Giga Drain,26.655
2020-07_gen5ou-0.json,Abomasnow,Moves,,Substitute,11.348
2020-07_gen5ou-0.json,Abomasnow,Moves,,Energy Ball,11.052
2020-07_gen5ou-0.json,Abomasnow,Moves,,Ice Beam,4.551
2020-07_gen5ou-0.json,Abomasnow,Moves,,Focus Blast,4.314
2020-07_gen5ou-0.json,Abomasnow,Moves,,Hidden Power Rock,4.078
2020-07_gen5ou-0.json,Abomasnow,Moves,,Rock Slide,3.191
2020-07_gen5ou-0.json,Abomasnow,Moves,,Focus Punch,2.896
2020-07_gen5ou-0.json,Abomasnow,Moves,,Ingrain,2.719
2020-07_gen5ou-0.json,Abomasnow,Moves,,Other,17.908
2020-07_gen5ou-0.json,Amoonguss,Stats,Raw count,,1714
2020-07_gen5ou-0.json,Amoonguss,Stats,Avg. weight,,1.0
2020-07_gen5ou-0.json,Amoonguss,Stats,Viability Ceiling,,91
2020-07_gen5ou-0.json,Amoonguss,Stats,Calm,,2.859
2020-07_gen5ou-0.json,Amoonguss,Stats,Bold,,9.393
2020-07_gen5ou-0.json,Amoonguss,Stats,Hardy,,3.092
2020-07_gen5ou-0.json,Amoonguss,Abilities,,Regenerator,91.249
2020-07_gen5ou-0.json,Amoonguss,Abilities,,Effect Spore,8.751
2020-07_gen5ou-0.json,Amoonguss,Items,,Black Sludge,81.564
2020-07_gen5ou-0.json,Amoonguss,Items,,Leftovers,13.886
2020-07_gen5ou-0.json,Amoonguss,Items,,Other,4.551
2020-07_gen5ou-0.json,Amoonguss,Spreads,,Other,41.774
2020-07_gen5ou-0.json,Amoonguss,Moves,,Giga Drain,93.757
2020-07_gen5ou-0.json,Amoonguss,Moves,,Sludge Bomb,79.113
2020-07_gen5ou-0.json,Amoonguss,Moves,,Stun Spore,66.394
2020-07_gen5ou-0.json,Amoonguss,Moves,,Hidden Power Fire,44.341
2020-07_gen5ou-0.json,Amoonguss,Moves,,Hidden Power Ice,34.247
2020-07_gen5ou-0.json,Amoonguss,Moves,,Toxic,21.529
2020-07_gen5ou-0.json,Amoonguss,Moves,,Clear Smog,14.702
2020-07_gen5ou-0.json,Amoonguss,Moves,,Protect,10.677
2020-07_gen5ou-0.json,Amoonguss,Moves,,Synthesis,6.943
2020-07_gen5ou-0.json,Amoonguss,Moves,,Sunny Day,5.951
2020-07_gen5ou-0.json,Amoonguss,Moves,,Energy Ball,4.842
2020-07_gen5ou-0.json,Amoonguss,Moves,,Other,17.503
2020-07_gen5ou-0.json,Arcanine,Stats,Raw count,,1703
2020-07_gen5ou-0.json,Arcanine,Stats,Avg. weight,,1.0
2020-07_gen5ou-0.json,Arcanine,Stats,Viability Ceiling,,71
2020-07_gen5ou-0.json,Arcanine,Stats,Jolly,,4.052
2020-07_gen5ou-0.json,Arcanine,Stats,Hasty,,9.336
2020-07_gen5ou-0.json,Arcanine,Stats,Impish,,9.043
2020-07_gen5ou-0.json,Arcanine,Stats,Adamant,,4.874
2020-07_gen5ou-0.json,Arcanine,Abilities,,Intimidate,65.179
2020-07_gen5ou-0.json,Arcanine,Abilities,,Flash Fire,32.002
2020-07_gen5ou-0.json,Arcanine,Abilities,,Justified,2.819
2020-07_gen5ou-0.json,Arcanine,Items,,Leftovers,23.429
2020-07_gen5ou-0.json,Arcanine,Items,,Life Orb,19.789
2020-07_gen5ou-0.json,Arcanine,Items,,Choice Band,12.918
2020-07_gen5ou-0.json,Arcanine,Items,,Rocky Helmet,12.801
2020-07_gen5ou-0.json,Arcanine,Items,,Choice Scarf,6.107
2020-07_gen5ou-0.json,Arcanine,Items,,Air Balloon,5.696
2020-07_gen5ou-0.json,Arcanine,Items,,Flame Plate,3.582
2020-07_gen5ou-0.json,Arcanine,Items,,Charcoal,3.464
2020-07_gen5ou-0.json,Arcanine,Items,,Expert Belt,2.76
2020-07_gen5ou-0.json,Arcanine,Items,,Sitrus Berry,2.642
2020-07_gen5ou-0.json,Arcanine,Items,,Nothing,1.996
2020-07_gen5ou-0.json,Arcanine,Items,,Other,4.815
2020-07_gen5ou-0.json,Arcanine,Spreads,,Other,37.287
2020-07_gen5ou-0.json,Arcanine,Moves,,Extreme Speed,85.026
2020-07_gen5ou-0.json,Arcanine,Moves,,Flare Blitz,81.151
2020-07_gen5ou-0.json,Arcanine,Moves,,Close Combat,52.672
2020-07_gen5ou-0.json,Arcanine,Moves,,Wild Charge,47.035
2020-07_gen5ou-0.json,Arcanine,Moves,,Morning Sun,22.783
2020-07_gen5ou-0.json,Arcanine,Moves,,Will-O-Wisp,18.849
2020-07_gen5ou-0.json,Arcanine,Moves,,Crunch,17.851
2020-07_gen5ou-0.json,Arcanine,Moves,,Outrage,11.157
2020-07_gen5ou-0.json,Arcanine,Moves,,Flamethrower,10.1
2020-07_gen5ou-0.json,Arcanine,Moves,,Overheat,7.457
2020-07_gen5ou-0.json,Arcanine,Moves,,Dragon Pulse,5.109
2020-07_gen5ou-0.json,Arcanine,Moves,,Thunder Fang,5.05
2020-07_gen5ou-0.json,Arcanine,Moves,,Flame Charge,4.756
2020-07_gen5ou-0.json,Arcanine,Moves,,Fire Blast,4.228
2020-07_gen5ou-0.json,Arcanine,Moves,,Hidden Power Grass,3.641
2020-07_gen5ou-0.json,Arcanine,Moves,,Fire Fang,2.936
2020-07_gen5ou-0.json,Arcanine,Moves,,Roar,2.701
2020-07_gen5ou-0.json,Arcanine,Moves,,Other,17.499
2020-07_gen5ou-0.json,Charizard,Stats,Raw count,,1691
2020-07_gen5ou-0.json,Charizard,Stats,Avg. weight,,1.0
2020-07_gen5ou-0.json,Charizard,Stats,Viability Ceiling,,75
2020-07_gen5ou-0.json,Charizard,Stats,Timid,,6.091
2020-07_gen5ou-0.json,Charizard,Stats,Jolly,,10.881
2020-07_gen5ou-0.json,Charizard,Stats,Serious,,7.865
2020-07_gen5ou-0.json,Charizard,Stats,Hasty,,6.446
2020-07_gen5ou-0.json,Charizard,Stats,Modest,,5.441
2020-07_gen5ou-0.json,Charizard,Abilities,,Blaze,79.657
2020-07_gen5ou-0.json,Charizard,Abilities,,Solar Power,20.343
2020-07_gen5ou-0.json,Charizard,Items,,Life Orb,19.101
2020-07_gen5ou-0.json,Charizard,Items,,Choice Scarf,15.612
2020-07_gen5ou-0.json,Charizard,Items,,Salac Berry,14.193
2020-07_gen5ou-0.json,Charizard,Items,,Leftovers,13.01
2020-07_gen5ou-0.json,Charizard,Items,,Choice Specs,5.914
2020-07_gen5ou-0.json,Charizard,Items,,Sitrus Berry,4.376
2020-07_gen5ou-0.json,Charizard,Items,,Focus Sash,3.726
2020-07_gen5ou-0.json,Charizard,Items,,Expert Belt,2.779
2020-07_gen5ou-0.json,Charizard,Items,,Charcoal,2.72
2020-07_gen5ou-0.json,Charizard,Items,,Nothing,2.188
2020-07_gen5ou-0.json,Charizard,Items,,Heat Rock,1.952
2020-07_gen5ou-0.json,Charizard,Items,,Choice Band,1.833
2020-07_gen5ou-0.json,Charizard,Items,,Flame Plate,1.478
2020-07_gen5ou-0.json,Charizard,Items,,Eviolite,1.36
2020-07_gen5ou-0.json,Charizard,Items,,Fire Gem,1.301
2020-07_gen5ou-0.json,Charizard,Items,,Quick Claw,1.064
2020-07_gen5ou-0.json,Charizard,Items,,Lum Berry,0.828
2020-07_gen5ou-0.json,Charizard,Items,,Rocky Helmet,0.769
2020-07_gen5ou-0.json,Charizard,Items,,Shell Bell,0.71
2020-07_gen5ou-0.json,Charizard,Items,,Flying Gem,0.651
2020-07_gen5ou-0.json,Charizard,Items,,Other,4.435
2020-07_gen5ou-0.json,Charizard,Spreads,,Other,50.266
2020-07_gen5ou-0.json,Charizard,Moves,,Air Slash,54.051
2020-07_gen5ou-0.json,Charizard,Moves,,Flamethrower,38.084
2020-07_gen5ou-0.json,Charizard,Moves,,Fire Blast,34.358
2020-07_gen5ou-0.json,Charizard,Moves,,Earthquake,24.837
2020-07_gen5ou-0.json,Charizard,Moves,,Dragon Pulse,21.881
2020-07_gen5ou-0.json,Charizard,Moves,,Solar Beam,20.875
2020-07_gen5ou-0.json,Charizard,Moves,,Belly Drum,19.16
2020-07_gen5ou-0.json,Charizard,Moves,,Fire Punch,17.327
2020-07_gen5ou-0.json,Charizard,Moves,,Focus Blast,15.494
2020-07_gen5ou-0.json,Charizard,Moves,,Substitute,13.542
2020-07_gen5ou-0.json,Charizard,Moves,,Roost,10.112
2020-07_gen5ou-0.json,Charizard,Moves,,Rock Slide,9.58
2020-07_gen5ou-0.json,Charizard,Moves,,Flare Blitz,8.575
2020-07_gen5ou-0.json,Charizard,Moves,,Hidden Power Ice,7.924
2020-07_gen5ou-0.json,Charizard,Moves,,Dragon Claw,7.392
2020-07_gen5ou-0.json,Charizard,Moves,,Crunch,6.623
2020-07_gen5ou-0.json,Charizard,Moves,,Heat Wave,6.328
2020-07_gen5ou-0.json,Charizard,Moves,,Sunny Day,5.677
2020-07_gen5ou-0.json,Charizard,Moves,,Fly,5.5
2020-07_gen5ou-0.json,Charizard,Moves,,Ancient Power,5.322
2020-07_gen5ou-0.json,Charizard,Moves,,Overheat,5.086
2020-07_gen5ou-0.json,Charizard,Moves,,Thunder Punch,5.086
2020-07_gen5ou-0.json,Charizard,Moves,,Hidden Power Grass,4.08
2020-07_gen5ou-0.json,Charizard,Moves,,Aerial Ace,4.021
2020-07_gen5ou-0.json,Charizard,Moves,,Dragon Dance,3.844
2020-07_gen5ou-0.json,Charizard,Moves,,Blast Burn,3.726
2020-07_gen5ou-0.json,Charizard,Moves,,Brick Break,3.666
2020-07_gen5ou-0.json,Charizard,Moves,,Defog,3.489
2020-07_gen5ou-0.json,Charizard,Moves,,Iron Tail,3.253
2020-07_gen5ou-0.json,Charizard,Moves,,Flame Charge,3.075
2020-07_gen5ou-0.json,Charizard,Moves,,Outrage,2.129
2020-07_gen5ou-0.json,Charizard,Moves,,Seismic Toss,2.07
2020-07_gen5ou-0.json,Charizard,Moves,,Counter,1.952
2020-07_gen5ou-0.json,Charizard,Moves,,Wing Attack,1.36
2020-07_gen5ou-0.json,Charizard,Moves,,Acrobatics,1.242
2020-07_gen5ou-0.json,Charizard,Moves,,Other,19.279
2020-07_gen5ou-0.json,Bronzong,Stats,Raw count,,1533
2020-07_gen5ou-0.json,Bronzong,Stats,Avg. weight,,1.0
2020-07_gen5ou-0.json,Bronzong,Stats,Viability Ceiling,,89
2020-07_gen5ou-0.json,Bronzong,Stats,Sassy,,3.457
2020-07_gen5ou-0.json,Bronzong,Stats,Brave,,5.284
2020-07_gen5ou-0.json,Bronzong,Stats,Relaxed,,3.457
2020-07_gen5ou-0.json,Bronzong,Abilities,,Levitate,85.519
2020-07_gen5ou-0.json,Bronzong,Abilities,,Heatproof,13.894
2020-07_gen5ou-0.json,Bronzong,Abilities,,Heavy Metal,0.587
2020-07_gen5ou-0.json,Bronzong,Items,,Leftovers,37.769
2020-07_gen5ou-0.json,Bronzong,Items,,Light Clay,15.917
2020-07_gen5ou-0.json,Bronzong,Items,,Toxic Orb,8.35
2020-07_gen5ou-0.json,Bronzong,Items,,Mental Herb,8.219
2020-07_gen5ou-0.json,Bronzong,Items,,Rocky Helmet,5.153
2020-07_gen5ou-0.json,Bronzong,Items,,Focus Sash,3.327
2020-07_gen5ou-0.json,Bronzong,Items,,Life Orb,3.262
2020-07_gen5ou-0.json,Bronzong,Items,,Chesto Berry,2.283
2020-07_gen5ou-0.json,Bronzong,Items,,Macho Brace,1.892
2020-07_gen5ou-0.json,Bronzong,Items,,Sitrus Berry,1.696
2020-07_gen5ou-0.json,Bronzong,Items,,Lum Berry,1.631
2020-07_gen5ou-0.json,Bronzong,Items,,Nothing,1.5
2020-07_gen5ou-0.json,Bronzong,Items,,Sticky Barb,1.5
2020-07_gen5ou-0.json,Bronzong,Items,,Damp Rock,1.239
2020-07_gen5ou-0.json,Bronzong,Items,,Choice Scarf,1.239
2020-07_gen5ou-0.json,Bronzong,Items,,Normal Gem,0.783
2020-07_gen5ou-0.json,Bronzong,Items,,Other,4.24
2020-07_gen5ou-0.json,Bronzong,Spreads,,Other,53.425
2020-07_gen5ou-0.json,Bronzong,Moves,,Gyro Ball,68.037
2020-07_gen5ou-0.json,Bronzong,Moves,,Stealth Rock,64.971
2020-07_gen5ou-0.json,Bronzong,Moves,,Trick Room,41.096
2020-07_gen5ou-0.json,Bronzong,Moves,,Earthquake,36.334
2020-07_gen5ou-0.json,Bronzong,Moves,,Explosion,28.311
2020-07_gen5ou-0.json,Bronzong,Moves,,Reflect,27.854
2020-07_gen5ou-0.json,Bronzong,Moves,,Light Screen,27.006
2020-07_gen5ou-0.json,Bronzong,Moves,,Toxic,19.504
2020-07_gen5ou-0.json,Bronzong,Moves,,Protect,13.046
2020-07_gen5ou-0.json,Bronzong,Moves,,Hidden Power Ice,12.59
2020-07_gen5ou-0.json,Bronzong,Moves,,Trick,11.35
2020-07_gen5ou-0.json,Bronzong,Moves,,Rest,6.393
2020-07_gen5ou-0.json,Bronzong,Moves,,Psychic,5.219
2020-07_gen5ou-0.json,Bronzong,Moves,,Rock Slide,3.979
2020-07_gen5ou-0.json,Bronzong,Moves,,Hidden Power Fire,3.588
2020-07_gen5ou-0.json,Bronzong,Moves,,Skill Swap,3.588
2020-07_gen5ou-0.json,Bronzong,Moves,,Flash Cannon,3.457
2020-07_gen5ou-0.json,Bronzong,Moves,,Zen Headbutt,2.544
2020-07_gen5ou-0.json,Bronzong,Moves,,Calm Mind,2.283
2020-07_gen5ou-0.json,Bronzong,Moves,,Other,18.852
2020-07_gen5ou-0.json,Zoroark,Stats,Raw count,,1600
2020-07_gen5ou-0.json,Zoroark,Stats,Avg. weight,,1.0
2020-07_gen5ou-0.json,Zoroark,Stats,Viability Ceiling,,82
2020-07_gen5ou-0.json,Zoroark,Stats,Timid,,2.188
2020-07_gen5ou-0.json,Zoroark,Stats,Mild,,6.938
2020-07_gen5ou-0.json,Zoroark,Stats,Modest,,3.562
2020-07_gen5ou-0.json,Zoroark,Abilities,,Illusion,100.0
2020-07_gen5ou-0.json,Zoroark,Items,,Focus Sash,31.438
2020-07_gen5ou-0.json,Zoroark,Items,,Life Orb,15.375
2020-07_gen5ou-0.json,Zoroark,Items,,Leftovers,10.25
2020-07_gen5ou-0.json,Zoroark,Items,,Choice Specs,9.0
2020-07_gen5ou-0.json,Zoroark,Items,,Choice Scarf,8.688
2020-07_gen5ou-0.json,Zoroark,Items,,Dark Gem,5.688
2020-07_gen5ou-0.json,Zoroark,Items,,Expert Belt,3.5
2020-07_gen5ou-0.json,Zoroark,Items,,Nothing,2.312
2020-07_gen5ou-0.json,Zoroark,Items,,Black Glasses,2.25
2020-07_gen5ou-0.json,Zoroark,Items,,Sitrus Berry,1.812
2020-07_gen5ou-0.json,Zoroark,Items,,Choice Band,1.562
2020-07_gen5ou-0.json,Zoroark,Items,,Wide Lens,1.312
2020-07_gen5ou-0.json,Zoroark,Items,,Wise Glasses,0.812
2020-07_gen5ou-0.json,Zoroark,Items,,Lax Incense,0.812
2020-07_gen5ou-0.json,Zoroark,Items,,Chople Berry,0.75
2020-07_gen5ou-0.json,Zoroark,Items,,Other,4.437
2020-07_gen5ou-0.json,Zoroark,Spreads,,Other,35.375
2020-07_gen5ou-0.json,Zoroark,Moves,,Flamethrower,71.688
2020-07_gen5ou-0.json,Zoroark,Moves,,Dark Pulse,63.5
2020-07_gen5ou-0.json,Zoroark,Moves,,Focus Blast,50.625
2020-07_gen5ou-0.json,Zoroark,Moves,,Nasty Plot,47.188
2020-07_gen5ou-0.json,Zoroark,Moves,,Extrasensory,33.438
2020-07_gen5ou-0.json,Zoroark,Moves,,Night Daze,20.188
2020-07_gen5ou-0.json,Zoroark,Moves,,Sucker Punch,12.0
2020-07_gen5ou-0.json,Zoroark,Moves,,Shadow Ball,8.062
2020-07_gen5ou-0.json,Zoroark,Moves,,U-turn,7.875
2020-07_gen5ou-0.json,Zoroark,Moves,,Trick,7.75
2020-07_gen5ou-0.json,Zoroark,Moves,,Grass Knot,6.688
2020-07_gen5ou-0.json,Zoroark,Moves,,Foul Play,6.625
2020-07_gen5ou-0.json,Zoroark,Moves,,Night Slash,5.75
2020-07_gen5ou-0.json,Zoroark,Moves,,Substitute,5.625
2020-07_gen5ou-0.json,Zoroark,Moves,,Hidden Power Fighting,5.188
2020-07_gen5ou-0.json,Zoroark,Moves,,Calm Mind,4.938
2020-07_gen5ou-0.json,Zoroark,Moves,,Hidden Power Ice,4.625
2020-07_gen5ou-0.json,Zoroark,Moves,,Low Kick,3.312
2020-07_gen5ou-0.json,Zoroark,Moves,,Protect,3.125
2020-07_gen5ou-0.json,Zoroark,Moves,,Shadow Claw,3.062
2020-07_gen5ou-0.json,Zoroark,Moves,,Agility,2.75
2020-07_gen5ou-0.json,Zoroark,Moves,,Taunt,2.5
2020-07_gen5ou-0.json,Zoroark,Moves,,Knock Off,2.5
2020-07_gen5ou-0.json,Zoroark,Moves,,Swords Dance,2.0
2020-07_gen5ou-0.json,Zoroark,Moves,,Other,19.0
2020-07_gen5ou-0.json,Xatu,Stats,Raw count,,1557
2020-07_gen5ou-0.json,Xatu,Stats,Avg. weight,,1.0
2020-07_gen5ou-0.json,Xatu,Stats,Viability Ceiling,,88
2020-07_gen5ou-0.json,Xatu,Stats,Bold,,4.175
2020-07_gen5ou-0.json,Xatu,Stats,Jolly,,11.368
2020-07_gen5ou-0.json,Xatu,Stats,Timid,,9.570
2020-07_gen5ou-0.json,Xatu,Stats,Calm,,9.377
2020-07_gen5ou-0.json,Xatu,Abilities,,Magic Bounce,95.44
2020-07_gen5ou-0.json,Xatu,Abilities,,Synchronize,4.56
2020-07_gen5ou-0.json,Xatu,Items,,Leftovers,51.509
2020-07_gen5ou-0.json,Xatu,Items,,Rocky Helmet,30.186
2020-07_gen5ou-0.json,Xatu,Items,,Light Clay,12.845
2020-07_gen5ou-0.json,Xatu,Items,,Heat Rock,1.734
2020-07_gen5ou-0.json,Xatu,Items,,Other,3.725
2020-07_gen5ou-0.json,Xatu,Spreads,,Other,36.545
2020-07_gen5ou-0.json,Xatu,Moves,,Roost,80.283
2020-07_gen5ou-0.json,Xatu,Moves,,U-turn,66.667
2020-07_gen5ou-0.json,Xatu,Moves,,Heat Wave,55.363
2020-07_gen5ou-0.json,Xatu,Moves,,Thunder Wave,38.793
2020-07_gen5ou-0.json,Xatu,Moves,,Psychic,35.067
2020-07_gen5ou-0.json,Xatu,Moves,,Reflect,23.764
2020-07_gen5ou-0.json,Xatu,Moves,,Toxic,21.837
2020-07_gen5ou-0.json,Xatu,Moves,,Light Screen,15.543
2020-07_gen5ou-0.json,Xatu,Moves,,Night Shade,14.451
2020-07_gen5ou-0.json,Xatu,Moves,,Confuse Ray,12.974
2020-07_gen5ou-0.json,Xatu,Moves,,Calm Mind,8.092
2020-07_gen5ou-0.json,Xatu,Moves,,Psyshock,5.845
2020-07_gen5ou-0.json,Xatu,Moves,,Grass Knot,2.633
2020-07_gen5ou-0.json,Xatu,Moves,,Other,18.69
2020-07_gen5ou-0.json,Sableye,Stats,Raw count,,1535
2020-07_gen5ou-0.json,Sableye,Stats,Avg. weight,,1.0
2020-07_gen5ou-0.json,Sableye,Stats,Viability Ceiling,,81
2020-07_gen5ou-0.json,Sableye,Stats,Calm,,5.212
2020-07_gen5ou-0.json,Sableye,Stats,Bold,,6.645
2020-07_gen5ou-0.json,Sableye,Stats,Hardy,,4.560
2020-07_gen5ou-0.json,Sableye,Stats,Jolly,,4.039
2020-07_gen5ou-0.json,Sableye,Abilities,,Prankster,90.358
2020-07_gen5ou-0.json,Sableye,Abilities,,Keen Eye,7.948
2020-07_gen5ou-0.json,Sableye,Abilities,,Stall,1.694
2020-07_gen5ou-0.json,Sableye,Items,,Leftovers,69.902
2020-07_gen5ou-0.json,Sableye,Items,,Choice Band,7.362
2020-07_gen5ou-0.json,Sableye,Items,,Choice Scarf,4.104
2020-07_gen5ou-0.json,Sableye,Items,,Focus Sash,3.713
2020-07_gen5ou-0.json,Sableye,Items,,Iron Ball,3.583
2020-07_gen5ou-0.json,Sableye,Items,,Sitrus Berry,2.02
2020-07_gen5ou-0.json,Sableye,Items,,Lagging Tail,2.02
2020-07_gen5ou-0.json,Sableye,Items,,Rocky Helmet,1.433
2020-07_gen5ou-0.json,Sableye,Items,,Ring Target,0.977
2020-07_gen5ou-0.json,Sableye,Items,,Other,4.886
2020-07_gen5ou-0.json,Sableye,Spreads,,Other,43.713
2020-07_gen5ou-0.json,Sableye,Moves,,Recover,80.521
2020-07_gen5ou-0.json,Sableye,Moves,,Will-O-Wisp,80.0
2020-07_gen5ou-0.json,Sableye,Moves,,Taunt,63.322
2020-07_gen5ou-0.json,Sableye,Moves,,Foul Play,36.221
2020-07_gen5ou-0.json,Sableye,Moves,,Trick,19.414
2020-07_gen5ou-0.json,Sableye,Moves,,Toxic,18.827
2020-07_gen5ou-0.json,Sableye,Moves,,Knock Off,16.091
2020-07_gen5ou-0.json,Sableye,Moves,,Calm Mind,8.73
2020-07_gen5ou-0.json,Sableye,Moves,,Moonlight,8.534
2020-07_gen5ou-0.json,Sableye,Moves,,Shadow Ball,8.208
2020-07_gen5ou-0.json,Sableye,Moves,,Protect,7.622
2020-07_gen5ou-0.json,Sableye,Moves,,Substitute,6.384
2020-07_gen5ou-0.json,Sableye,Moves,,Night Shade,6.384
2020-07_gen5ou-0.json,Sableye,Moves,,Detect,5.016
2020-07_gen5ou-0.json,Sableye,Moves,,Confuse Ray,4.951
2020-07_gen5ou-0.json,Sableye,Moves,,Shadow Sneak,4.886
2020-07_gen5ou-0.json,Sableye,Moves,,Magic Coat,4.691
2020-07_gen5ou-0.json,Sableye,Moves,,Fake Out,2.541
2020-07_gen5ou-0.json,Sableye,Moves,,Other,17.655
2020-07_gen5ou-0.json,Crobat,Stats,Raw count,,1576
2020-07_gen5ou-0.json,Crobat,Stats,Avg. weight,,1.0
2020-07_gen5ou-0.json,Crobat,Stats,Viability Ceiling,,80
2020-07_gen5ou-0.json,Crobat,Stats,Jolly,,4.759
2020-07_gen5ou-0.json,Crobat,Stats,Modest,,4.124
2020-07_gen5ou-0.json,Crobat,Stats,Timid,,3.490
2020-07_gen5ou-0.json,Crobat,Abilities,,Inner Focus,67.83
2020-07_gen5ou-0.json,Crobat,Abilities,,Infiltrator,32.17
2020-07_gen5ou-0.json,Crobat,Items,,Black Sludge,35.47
2020-07_gen5ou-0.json,Crobat,Items,,Nothing,12.944
2020-07_gen5ou-0.json,Crobat,Items,,Leftovers,10.977
2020-07_gen5ou-0.json,Crobat,Items,,Life Orb,6.599
2020-07_gen5ou-0.json,Crobat,Items,,Flying Gem,6.091
2020-07_gen5ou-0.json,Crobat,Items,,Focus Sash,5.52
2020-07_gen5ou-0.json,Crobat,Items,,Choice Band,5.33
2020-07_gen5ou-0.json,Crobat,Items,,Sitrus Berry,4.569
2020-07_gen5ou-0.json,Crobat,Items,,Choice Scarf,2.792
2020-07_gen5ou-0.json,Crobat,Items,,Lum Berry,2.284
2020-07_gen5ou-0.json,Crobat,Items,,Sharp Beak,1.015
2020-07_gen5ou-0.json,Crobat,Items,,Choice Specs,0.825
2020-07_gen5ou-0.json,Crobat,Items,,Expert Belt,0.761
2020-07_gen5ou-0.json,Crobat,Items,,Other,4.822
2020-07_gen5ou-0.json,Crobat,Spreads,,Other,43.718
2020-07_gen5ou-0.json,Crobat,Moves,,Brave Bird,58.376
2020-07_gen5ou-0.json,Crobat,Moves,,Roost,56.853
2020-07_gen5ou-0.json,Crobat,Moves,,U-turn,51.396
2020-07_gen5ou-0.json,Crobat,Moves,,Taunt,30.076
2020-07_gen5ou-0.json,Crobat,Moves,,Acrobatics,21.129
2020-07_gen5ou-0.json,Crobat,Moves,,Toxic,20.812
2020-07_gen5ou-0.json,Crobat,Moves,,Super Fang,20.812
2020-07_gen5ou-0.json,Crobat,Moves,,Cross Poison,19.289
2020-07_gen5ou-0.json,Crobat,Moves,,Heat Wave,12.881
2020-07_gen5ou-0.json,Crobat,Moves,,X-Scissor,11.865
2020-07_gen5ou-0.json,Crobat,Moves,,Air Slash,11.548
2020-07_gen5ou-0.json,Crobat,Moves,,Sludge Bomb,10.47
2020-07_gen5ou-0.json,Crobat,Moves,,Giga Drain,10.152
2020-07_gen5ou-0.json,Crobat,Moves,,Defog,9.264
2020-07_gen5ou-0.json,Crobat,Moves,,Nasty Plot,6.536
2020-07_gen5ou-0.json,Crobat,Moves,,Zen Headbutt,6.472
2020-07_gen5ou-0.json,Crobat,Moves,,Protect,4.061
2020-07_gen5ou-0.json,Crobat,Moves,,Poison Fang,3.997
2020-07_gen5ou-0.json,Crobat,Moves,,Haze,3.68
2020-07_gen5ou-0.json,Crobat,Moves,,Confuse Ray,2.919
2020-07_gen5ou-0.json,Crobat,Moves,,Dark Pulse,2.728
2020-07_gen5ou-0.json,Crobat,Moves,,Bite,2.665
2020-07_gen5ou-0.json,Crobat,Moves,,Tailwind,2.221
2020-07_gen5ou-0.json,Crobat,Moves,,Other,19.797
2020-07_gen5ou-0.json,Machamp,Stats,Raw count,,1375
2020-07_gen5ou-0.json,Machamp,Stats,Avg. weight,,1.0
2020-07_gen5ou-0.json,Machamp,Stats,Viability Ceiling,,78
2020-07_gen5ou-0.json,Machamp,Stats,Adamant,,5.236
2020-07_gen5ou-0.json,Machamp,Abilities,,No Guard,73.6
2020-07_gen5ou-0.json,Machamp,Abilities,,Guts,26.109
2020-07_gen5ou-0.json,Machamp,Abilities,,Steadfast,0.291
2020-07_gen5ou-0.json,Machamp,Items,,Leftovers,22.618
2020-07_gen5ou-0.json,Machamp,Items,,Flame Orb,19.345
2020-07_gen5ou-0.json,Machamp,Items,,Sitrus Berry,11.273
2020-07_gen5ou-0.json,Machamp,Items,,Lum Berry,9.964
2020-07_gen5ou-0.json,Machamp,Items,,Quick Claw,6.691
2020-07_gen5ou-0.json,Machamp,Items,,Choice Band,6.4
2020-07_gen5ou-0.json,Machamp,Items,,Focus Sash,6.036
2020-07_gen5ou-0.json,Machamp,Items,,Choice Scarf,3.927
2020-07_gen5ou-0.json,Machamp,Items,,Muscle Band,2.4
2020-07_gen5ou-0.json,Machamp,Items,,Expert Belt,2.255
2020-07_gen5ou-0.json,Machamp,Items,,Black Belt,2.036
2020-07_gen5ou-0.json,Machamp,Items,,Nothing,1.818
2020-07_gen5ou-0.json,Machamp,Items,,Life Orb,1.236
2020-07_gen5ou-0.json,Machamp,Items,,Other,4.0
2020-07_gen5ou-0.json,Machamp,Spreads,,Other,45.309
2020-07_gen5ou-0.json,Machamp,Moves,,Dynamic Punch,73.964
2020-07_gen5ou-0.json,Machamp,Moves,,Ice Punch,54.4
2020-07_gen5ou-0.json,Machamp,Moves,,Stone Edge,54.4
2020-07_gen5ou-0.json,Machamp,Moves,,Bullet Punch,48.364
2020-07_gen5ou-0.json,Machamp,Moves,,Payback,28.073
2020-07_gen5ou-0.json,Machamp,Moves,,Thunder Punch,24.0
2020-07_gen5ou-0.json,Machamp,Moves,,Substitute,17.382
2020-07_gen5ou-0.json,Machamp,Moves,,Fire Punch,15.273
2020-07_gen5ou-0.json,Machamp,Moves,,Close Combat,13.018
2020-07_gen5ou-0.json,Machamp,Moves,,Bulk Up,12.218
2020-07_gen5ou-0.json,Machamp,Moves,,Earthquake,11.273
2020-07_gen5ou-0.json,Machamp,Moves,,Facade,8.291
2020-07_gen5ou-0.json,Machamp,Moves,,Low Kick,7.927
2020-07_gen5ou-0.json,Machamp,Moves,,Knock Off,5.236
2020-07_gen5ou-0.json,Machamp,Moves,,Cross Chop,4.509
2020-07_gen5ou-0.json,Machamp,Moves,,Fire Blast,4.0
2020-07_gen5ou-0.json,Machamp,Moves,,Other,17.673
2020-07_gen5ou-0.json,Ambipom,Stats,Raw count,,1357
2020-07_gen5ou-0.json,Ambipom,Stats,Avg. weight,,1.0
2020-07_gen5ou-0.json,Ambipom,Stats,Viability Ceiling,,69
2020-07_gen5ou-0.json,Ambipom,Stats,Jolly,,3.537
2020-07_gen5ou-0.json,Ambipom,Stats,Adamant,,6.927
2020-07_gen5ou-0.json,Ambipom,Stats,Naive,,4.864
2020-07_gen5ou-0.json,Ambipom,Abilities,,Technician,95.873
2020-07_gen5ou-0.json,Ambipom,Abilities,,Skill Link,3.979
2020-07_gen5ou-0.json,Ambipom,Abilities,,Pickup,0.147
2020-07_gen5ou-0.json,Ambipom,Items,,Life Orb,27.708
2020-07_gen5ou-0.json,Ambipom,Items,,Normal Gem,19.234
2020-07_gen5ou-0.json,Ambipom,Items,,Expert Belt,12.307
2020-07_gen5ou-0.json,Ambipom,Items,,Silk Scarf,11.422
2020-07_gen5ou-0.json,Ambipom,Items,,Flying Gem,7.738
2020-07_gen5ou-0.json,Ambipom,Items,,Focus Sash,4.495
2020-07_gen5ou-0.json,Ambipom,Items,,Choice Band,3.906
2020-07_gen5ou-0.json,Ambipom,Items,,Chople Berry,2.284
2020-07_gen5ou-0.json,Ambipom,Items,,Nothing,2.284
2020-07_gen5ou-0.json,Ambipom,Items,,King's Rock,2.211
2020-07_gen5ou-0.json,Ambipom,Items,,Flame Orb,1.99
2020-07_gen5ou-0.json,Ambipom,Items,,Other,4.422
2020-07_gen5ou-0.json,Ambipom,Spreads,,Other,11.275
2020-07_gen5ou-0.json,Ambipom,Moves,,Fake Out,83.419
2020-07_gen5ou-0.json,Ambipom,Moves,,U-turn,45.615
2020-07_gen5ou-0.json,Ambipom,Moves,,Acrobatics,32.13
2020-07_gen5ou-0.json,Ambipom,Moves,,Low Kick,27.561
2020-07_gen5ou-0.json,Ambipom,Moves,,Pursuit,26.898
2020-07_gen5ou-0.json,Ambipom,Moves,,Nothing,22.55
2020-07_gen5ou-0.json,Ambipom,Moves,,Double Hit,19.307
2020-07_gen5ou-0.json,Ambipom,Moves,,Ice Punch,14.812
2020-07_gen5ou-0.json,Ambipom,Moves,,Aerial Ace,13.854
2020-07_gen5ou-0.json,Ambipom,Moves,,Last Resort,13.265
2020-07_gen5ou-0.json,Ambipom,Moves,,Thunder Wave,12.822
2020-07_gen5ou-0.json,Ambipom,Moves,,Taunt,12.749
2020-07_gen5ou-0.json,Ambipom,Moves,,Return,10.833
2020-07_gen5ou-0.json,Ambipom,Moves,,Covet,8.327
2020-07_gen5ou-0.json,Ambipom,Moves,,Low Sweep,5.822
2020-07_gen5ou-0.json,Ambipom,Moves,,Knock Off,4.937
2020-07_gen5ou-0.json,Ambipom,Moves,,Fire Punch,3.39
2020-07_gen5ou-0.json,Ambipom,Moves,,Counter,2.948
2020-07_gen5ou-0.json,Ambipom,Moves,,Thunder Punch,2.874
2020-07_gen5ou-0.json,Ambipom,Moves,,Thief,2.8
2020-07_gen5ou-0.json,Ambipom,Moves,,Beat Up,2.727
2020-07_gen5ou-0.json,Ambipom,Moves,,Shadow Claw,2.653
2020-07_gen5ou-0.json,Ambipom,Moves,,Facade,2.432
2020-07_gen5ou-0.json,Ambipom,Moves,,Focus Punch,2.284
2020-07_gen5ou-0.json,Ambipom,Moves,,Nasty Plot,2.284
2020-07_gen5ou-0.json,Ambipom,Moves,,Baton Pass,2.211
2020-07_gen5ou-0.json,Ambipom,Moves,,Other,18.497
2020-07_gen5ou-0.json,Staraptor,Stats,Raw count,,1342
2020-07_gen5ou-0.json,Staraptor,Stats,Avg. weight,,1.0
2020-07_gen5ou-0.json,Staraptor,Stats,Viability Ceiling,,79
2020-07_gen5ou-0.json,Staraptor,Stats,Jolly,,3.428
2020-07_gen5ou-0.json,Staraptor,Stats,Adamant,,2.608
2020-07_gen5ou-0.json,Staraptor,Abilities,,Reckless,55.067
2020-07_gen5ou-0.json,Staraptor,Abilities,,Intimidate,44.933
2020-07_gen5ou-0.json,Staraptor,Items,,Choice Scarf,29.881
2020-07_gen5ou-0.json,Staraptor,Items,,Choice Band,21.088
2020-07_gen5ou-0.json,Staraptor,Items,,Expert Belt,11.401
2020-07_gen5ou-0.json,Staraptor,Items,,Life Orb,9.985
2020-07_gen5ou-0.json,Staraptor,Items,,Leftovers,8.569
2020-07_gen5ou-0.json,Staraptor,Items,,Flying Gem,5.067
2020-07_gen5ou-0.json,Staraptor,Items,,Sitrus Berry,4.173
2020-07_gen5ou-0.json,Staraptor,Items,,Sharp Beak,2.534
2020-07_gen5ou-0.json,Staraptor,Items,,Nothing,1.341
2020-07_gen5ou-0.json,Staraptor,Items,,Focus Sash,0.894
2020-07_gen5ou-0.json,Staraptor,Items,,Figy Berry,0.671
2020-07_gen5ou-0.json,Staraptor,Items,,Other,4.396
2020-07_gen5ou-0.json,Staraptor,Spreads,,Other,21.386
2020-07_gen5ou-0.json,Staraptor,Moves,,Brave Bird,95.007
2020-07_gen5ou-0.json,Staraptor,Moves,,Close Combat,90.835
2020-07_gen5ou-0.json,Staraptor,Moves,,U-turn,59.911
2020-07_gen5ou-0.json,Staraptor,Moves,,Double-Edge,37.109
2020-07_gen5ou-0.json,Staraptor,Moves,,Quick Attack,32.563
2020-07_gen5ou-0.json,Staraptor,Moves,,Aerial Ace,18.48
2020-07_gen5ou-0.json,Staraptor,Moves,,Roost,13.264
2020-07_gen5ou-0.json,Staraptor,Moves,,Return,6.483
2020-07_gen5ou-0.json,Staraptor,Moves,,Defog,4.844
2020-07_gen5ou-0.json,Staraptor,Moves,,Steel Wing,3.875
2020-07_gen5ou-0.json,Staraptor,Moves,,Heat Wave,3.726
2020-07_gen5ou-0.json,Staraptor,Moves,,Substitute,3.651
2020-07_gen5ou-0.json,Staraptor,Moves,,Pursuit,3.204
2020-07_gen5ou-0.json,Staraptor,Moves,,Whirlwind,3.055
2020-07_gen5ou-0.json,Staraptor,Moves,,Fly,2.906
2020-07_gen5ou-0.json,Staraptor,Moves,,Air Cutter,2.608
2020-07_gen5ou-0.json,Staraptor,Moves,,Other,18.48
2020-07_gen5ou-0.json,Aerodactyl,Stats,Raw count,,1320
2020-07_gen5ou-0.json,Aerodactyl,Stats,Avg. weight,,1.0
2020-07_gen5ou-0.json,Aerodactyl,Stats,Viability Ceiling,,87
2020-07_gen5ou-0.json,Aerodactyl,Stats,Hasty,,11.970
2020-07_gen5ou-0.json,Aerodactyl,Stats,Jolly,,8.258
2020-07_gen5ou-0.json,Aerodactyl,Stats,Adamant,,4.545
2020-07_gen5ou-0.json,Aerodactyl,Abilities,,Rock Head,40.0
2020-07_gen5ou-0.json,Aerodactyl,Abilities,,Unnerve,36.742
2020-07_gen5ou-0.json,Aerodactyl,Abilities,,Pressure,23.258
2020-07_gen5ou-0.json,Aerodactyl,Items,,Focus Sash,63.864
2020-07_gen5ou-0.json,Aerodactyl,Items,,Life Orb,15.227
2020-07_gen5ou-0.json,Aerodactyl,Items,,Leftovers,4.242
2020-07_gen5ou-0.json,Aerodactyl,Items,,Choice Band,4.091
2020-07_gen5ou-0.json,Aerodactyl,Items,,Rocky Helmet,2.197
2020-07_gen5ou-0.json,Aerodactyl,Items,,Choice Specs,1.136
2020-07_gen5ou-0.json,Aerodactyl,Items,,Choice Scarf,0.985
2020-07_gen5ou-0.json,Aerodactyl,Items,,Charti Berry,0.985
2020-07_gen5ou-0.json,Aerodactyl,Items,,Expert Belt,0.909
2020-07_gen5ou-0.json,Aerodactyl,Items,,Power Herb,0.833
2020-07_gen5ou-0.json,Aerodactyl,Items,,King's Rock,0.682
2020-07_gen5ou-0.json,Aerodactyl,Items,,Other,4.848
2020-07_gen5ou-0.json,Aerodactyl,Spreads,,Other,28.939
2020-07_gen5ou-0.json,Aerodactyl,Moves,,Stealth Rock,70.985
2020-07_gen5ou-0.json,Aerodactyl,Moves,,Taunt,57.727
2020-07_gen5ou-0.json,Aerodactyl,Moves,,Stone Edge,54.621
2020-07_gen5ou-0.json,Aerodactyl,Moves,,Earthquake,48.182
2020-07_gen5ou-0.json,Aerodactyl,Moves,,Rock Slide,32.273
2020-07_gen5ou-0.json,Aerodactyl,Moves,,Fire Blast,20.682
2020-07_gen5ou-0.json,Aerodactyl,Moves,,Aerial Ace,19.015
2020-07_gen5ou-0.json,Aerodactyl,Moves,,Double-Edge,18.864
2020-07_gen5ou-0.json,Aerodactyl,Moves,,Fire Fang,11.364
2020-07_gen5ou-0.json,Aerodactyl,Moves,,Dragon Claw,7.348
2020-07_gen5ou-0.json,Aerodactyl,Moves,,Ice Fang,6.818
2020-07_gen5ou-0.json,Aerodactyl,Moves,,Aqua Tail,6.212
2020-07_gen5ou-0.json,Aerodactyl,Moves,,Pursuit,5.379
2020-07_gen5ou-0.json,Aerodactyl,Moves,,Crunch,5.0
2020-07_gen5ou-0.json,Aerodactyl,Moves,,Defog,4.773
2020-07_gen5ou-0.json,Aerodactyl,Moves,,Thunder Fang,3.712
2020-07_gen5ou-0.json,Aerodactyl,Moves,,Iron Head,3.106
2020-07_gen5ou-0.json,Aerodactyl,Moves,,Whirlwind,3.03
2020-07_gen5ou-0.json,Aerodactyl,Moves,,Roost,2.955
2020-07_gen5ou-0.json,Aerodactyl,Moves,,Other,17.955
2020-07_gen5ou-0.json,Froslass,Stats,Raw count,,1308
2020-07_gen5ou-0.json,Froslass,Stats,Avg. weight,,1.0
2020-07_gen5ou-0.json,Froslass,Stats,Viability Ceiling,,85
2020-07_gen5ou-0.json,Froslass,Stats,Timid,,3.670
2020-07_gen5ou-0.json,Froslass,Stats,Naive,,4.434
2020-07_gen5ou-0.json,Froslass,Stats,Modest,,3.287
2020-07_gen5ou-0.json,Froslass,Abilities,,Cursed Body,100.0
2020-07_gen5ou-0.json,Froslass,Items,,Focus Sash,71.636
2020-07_gen5ou-0.json,Froslass,Items,,Leftovers,6.193
2020-07_gen5ou-0.json,Froslass,Items,,Choice Specs,5.887
2020-07_gen5ou-0.json,Froslass,Items,,Life Orb,4.511
2020-07_gen5ou-0.json,Froslass,Items,,Rocky Helmet,2.523
2020-07_gen5ou-0.json,Froslass,Items,,Choice Scarf,1.835
2020-07_gen5ou-0.json,Froslass,Items,,Sitrus Berry,1.3
2020-07_gen5ou-0.json,Froslass,Items,,Lum Berry,1.3
2020-07_gen5ou-0.json,Froslass,Items,,Other,4.817
2020-07_gen5ou-0.json,Froslass,Spreads,,Other,20.719
2020-07_gen5ou-0.json,Froslass,Moves,,Spikes,61.468
2020-07_gen5ou-0.json,Froslass,Moves,,Shadow Ball,61.162
2020-07_gen5ou-0.json,Froslass,Moves,,Destiny Bond,60.168
2020-07_gen5ou-0.json,Froslass,Moves,,Ice Beam,50.612
2020-07_gen5ou-0.json,Froslass,Moves,,Taunt,44.648
2020-07_gen5ou-0.json,Froslass,Moves,,Thunderbolt,18.654
2020-07_gen5ou-0.json,Froslass,Moves,,Blizzard,17.661
2020-07_gen5ou-0.json,Froslass,Moves,,Rain Dance,11.009
2020-07_gen5ou-0.json,Froslass,Moves,,Thunder Wave,8.792
2020-07_gen5ou-0.json,Froslass,Moves,,Psychic,7.11
2020-07_gen5ou-0.json,Froslass,Moves,,Trick,6.346
2020-07_gen5ou-0.json,Froslass,Moves,,Protect,5.581
2020-07_gen5ou-0.json,Froslass,Moves,,Hidden Power Fire,4.893
2020-07_gen5ou-0.json,Froslass,Moves,,Pain Split,4.511
2020-07_gen5ou-0.json,Froslass,Moves,,Ice Shard,4.281
2020-07_gen5ou-0.json,Froslass,Moves,,Toxic,4.052
2020-07_gen5ou-0.json,Froslass,Moves,,Thunder,3.593
2020-07_gen5ou-0.json,Froslass,Moves,,Crunch,2.599
2020-07_gen5ou-0.json,Froslass,Moves,,Icy Wind,2.523
2020-07_gen5ou-0.json,Froslass,Moves,,Avalanche,1.988
2020-07_gen5ou-0.json,Froslass,Moves,,Other,18.349
2020-07_gen5ou-0.json,Sceptile,Stats,Raw count,,1301
2020-07_gen5ou-0.json,Sceptile,Stats,Avg. weight,,1.0
2020-07_gen5ou-0.json,Sceptile,Stats,Viability Ceiling,,69
2020-07_gen5ou-0.json,Sceptile,Stats,Timid,,8.224
2020-07_gen5ou-0.json,Sceptile,Stats,Jolly,,3.920
2020-07_gen5ou-0.json,Sceptile,Stats,Adamant,,5.380
2020-07_gen5ou-0.json,Sceptile,Stats,Hasty,,4.228
2020-07_gen5ou-0.json,Sceptile,Abilities,,Overgrow,81.168
2020-07_gen5ou-0.json,Sceptile,Abilities,,Unburden,18.832
2020-07_gen5ou-0.json,Sceptile,Items,,Leftovers,24.52
2020-07_gen5ou-0.json,Sceptile,Items,,Life Orb,18.985
2020-07_gen5ou-0.json,Sceptile,Items,,Flying Gem,13.759
2020-07_gen5ou-0.json,Sceptile,Items,,Sitrus Berry,5.457
2020-07_gen5ou-0.json,Sceptile,Items,,Grass Gem,4.535
2020-07_gen5ou-0.json,Sceptile,Items,,White Herb,3.92
2020-07_gen5ou-0.json,Sceptile,Items,,Choice Specs,3.766
2020-07_gen5ou-0.json,Sceptile,Items,,Nothing,3.689
2020-07_gen5ou-0.json,Sceptile,Items,,Expert Belt,3.536
2020-07_gen5ou-0.json,Sceptile,Items,,Choice Band,3.075
2020-07_gen5ou-0.json,Sceptile,Items,,Focus Sash,2.537
2020-07_gen5ou-0.json,Sceptile,Items,,Miracle Seed,2.383
2020-07_gen5ou-0.json,Sceptile,Items,,Lum Berry,2.152
2020-07_gen5ou-0.json,Sceptile,Items,,Choice Scarf,1.46
2020-07_gen5ou-0.json,Sceptile,Items,,Muscle Band,0.846
2020-07_gen5ou-0.json,Sceptile,Items,,Wise Glasses,0.692
2020-07_gen5ou-0.json,Sceptile,Items,,Other,4.689
2020-07_gen5ou-0.json,Sceptile,Spreads,,Other,43.044
2020-07_gen5ou-0.json,Sceptile,Moves,,Focus Blast,41.353
2020-07_gen5ou-0.json,Sceptile,Moves,,Giga Drain,41.045
2020-07_gen5ou-0.json,Sceptile,Moves,,Dragon Pulse,39.431
2020-07_gen5ou-0.json,Sceptile,Moves,,Leaf Blade,38.278
2020-07_gen5ou-0.json,Sceptile,Moves,,Earthquake,26.595
2020-07_gen5ou-0.json,Sceptile,Moves,,Acrobatics,21.291
2020-07_gen5ou-0.json,Sceptile,Moves,,Leaf Storm,21.061
2020-07_gen5ou-0.json,Sceptile,Moves,,Hidden Power Fire,17.602
2020-07_gen5ou-0.json,Sceptile,Moves,,Swords Dance,16.91
2020-07_gen5ou-0.json,Sceptile,Moves,,Hidden Power Rock,13.836
2020-07_gen5ou-0.json,Sceptile,Moves,,Drain Punch,13.682
2020-07_gen5ou-0.json,Sceptile,Moves,,Energy Ball,11.376
2020-07_gen5ou-0.json,Sceptile,Moves,,Rock Slide,8.916
2020-07_gen5ou-0.json,Sceptile,Moves,,Dragon Claw,8.839
2020-07_gen5ou-0.json,Sceptile,Moves,,Toxic,7.379
2020-07_gen5ou-0.json,Sceptile,Moves,,Substitute,6.841
2020-07_gen5ou-0.json,Sceptile,Moves,,Leech Seed,6.841
2020-07_gen5ou-0.json,Sceptile,Moves,,Thunder Punch,6.457
2020-07_gen5ou-0.json,Sceptile,Moves,,X-Scissor,4.996
2020-07_gen5ou-0.json,Sceptile,Moves,,Night Slash,4.612
2020-07_gen5ou-0.json,Sceptile,Moves,,Protect,4.381
2020-07_gen5ou-0.json,Sceptile,Moves,,Solar Beam,4.228
2020-07_gen5ou-0.json,Sceptile,Moves,,Bullet Seed,3.766
2020-07_gen5ou-0.json,Sceptile,Moves,,Agility,3.305
2020-07_gen5ou-0.json,Sceptile,Moves,,Brick Break,2.767
2020-07_gen5ou-0.json,Sceptile,Moves,,Synthesis,2.383
2020-07_gen5ou-0.json,Sceptile,Moves,,Seed Bomb,2.152
2020-07_gen5ou-0.json,Sceptile,Moves,,Other,19.677
2020-07_gen5ou-0.json,Mandibuzz,Stats,Raw count,,1323
2020-07_gen5ou-0.json,Mandibuzz,Stats,Avg. weight,,1.0
2020-07_gen5ou-0.json,Mandibuzz,Stats,Viability Ceiling,,82
2020-07_gen5ou-0.json,Mandibuzz,Stats,Impish,,3.779
2020-07_gen5ou-0.json,Mandibuzz,Stats,Careful,,8.390
2020-07_gen5ou-0.json,Mandibuzz,Stats,Bold,,4.611
2020-07_gen5ou-0.json,Mandibuzz,Abilities,,Overcoat,84.278
2020-07_gen5ou-0.json,Mandibuzz,Abilities,,Big Pecks,14.89
2020-07_gen5ou-0.json,Mandibuzz,Abilities,,Weak Armor,0.831
2020-07_gen5ou-0.json,Mandibuzz,Items,,Rocky Helmet,51.625
2020-07_gen5ou-0.json,Mandibuzz,Items,,Leftovers,42.252
2020-07_gen5ou-0.json,Mandibuzz,Items,,Apicot Berry,1.436
2020-07_gen5ou-0.json,Mandibuzz,Items,,Other,4.686
2020-07_gen5ou-0.json,Mandibuzz,Spreads,,Other,53.137
2020-07_gen5ou-0.json,Mandibuzz,Moves,,Roost,87.302
2020-07_gen5ou-0.json,Mandibuzz,Moves,,Foul Play,75.964
2020-07_gen5ou-0.json,Mandibuzz,Moves,,Toxic,53.137
2020-07_gen5ou-0.json,Mandibuzz,Moves,,Taunt,34.618
2020-07_gen5ou-0.json,Mandibuzz,Moves,,Defog,25.17
2020-07_gen5ou-0.json,Mandibuzz,Moves,,Substitute,22.676
2020-07_gen5ou-0.json,Mandibuzz,Moves,,Brave Bird,21.013
2020-07_gen5ou-0.json,Mandibuzz,Moves,,U-turn,18.972
2020-07_gen5ou-0.json,Mandibuzz,Moves,,Whirlwind,13.983
2020-07_gen5ou-0.json,Mandibuzz,Moves,,Snarl,9.07
2020-07_gen5ou-0.json,Mandibuzz,Moves,,Tailwind,8.239
2020-07_gen5ou-0.json,Mandibuzz,Moves,,Heat Wave,5.215
2020-07_gen5ou-0.json,Mandibuzz,Moves,,Knock Off,4.989
2020-07_gen5ou-0.json,Mandibuzz,Moves,,Other,19.652
2020-07_gen5ou-0.json,Slowbro,Stats,Raw count,,1289
2020-07_gen5ou-0.json,Slowbro,Stats,Avg. weight,,1.0
2020-07_gen5ou-0.json,Slowbro,Stats,Viability Ceiling,,88
2020-07_gen5ou-0.json,Slowbro,Stats,Bold,,4.577
2020-07_gen5ou-0.json,Slowbro,Stats,Modest,,5.818
2020-07_gen5ou-0.json,Slowbro,Stats,Quiet,,3.801
2020-07_gen5ou-0.json,Slowbro,Abilities,,Regenerator,90.303
2020-07_gen5ou-0.json,Slowbro,Abilities,,Oblivious,6.827
2020-07_gen5ou-0.json,Slowbro,Abilities,,Own Tempo,2.87
2020-07_gen5ou-0.json,Slowbro,Items,,Leftovers,74.554
2020-07_gen5ou-0.json,Slowbro,Items,,Rocky Helmet,11.404
2020-07_gen5ou-0.json,Slowbro,Items,,Life Orb,6.517
2020-07_gen5ou-0.json,Slowbro,Items,,Lum Berry,2.483
2020-07_gen5ou-0.json,Slowbro,Items,,Choice Specs,1.009
2020-07_gen5ou-0.json,Slowbro,Items,,Other,4.034
2020-07_gen5ou-0.json,Slowbro,Spreads,,Other,39.566
2020-07_gen5ou-0.json,Slowbro,Moves,,Scald,79.597
2020-07_gen5ou-0.json,Slowbro,Moves,,Slack Off,69.356
2020-07_gen5ou-0.json,Slowbro,Moves,,Ice Beam,55.78
2020-07_gen5ou-0.json,Slowbro,Moves,,Psyshock,29.015
2020-07_gen5ou-0.json,Slowbro,Moves,,Thunder Wave,27.618
2020-07_gen5ou-0.json,Slowbro,Moves,,Calm Mind,22.886
2020-07_gen5ou-0.json,Slowbro,Moves,,Psychic,21.257
2020-07_gen5ou-0.json,Slowbro,Moves,,Surf,16.524
2020-07_gen5ou-0.json,Slowbro,Moves,,Trick Room,16.059
2020-07_gen5ou-0.json,Slowbro,Moves,,Fire Blast,10.706
2020-07_gen5ou-0.json,Slowbro,Moves,,Flamethrower,9.31
2020-07_gen5ou-0.json,Slowbro,Moves,,Toxic,9.232
2020-07_gen5ou-0.json,Slowbro,Moves,,Disable,7.758
2020-07_gen5ou-0.json,Slowbro,Moves,,Shadow Ball,3.646
2020-07_gen5ou-0.json,Slowbro,Moves,,Focus Blast,3.258
2020-07_gen5ou-0.json,Slowbro,Moves,,Other,17.998
2020-07_gen5ou-0.json,Porygon2,Stats,Raw count,,1225
2020-07_gen5ou-0.json,Porygon2,Stats,Avg. weight,,1.0
2020-07_gen5ou-0.json,Porygon2,Stats,Viability Ceiling,,83
2020-07_gen5ou-0.json,Porygon2,Stats,Modest,,7.265
2020-07_gen5ou-0.json,Porygon2,Stats,Calm,,4.327
2020-07_gen5ou-0.json,Porygon2,Stats,Bold,,6.776
2020-07_gen5ou-0.json,Porygon2,Abilities,,Trace,60.245
2020-07_gen5ou-0.json,Porygon2,Abilities,,Download,32.898
2020-07_gen5ou-0.json,Porygon2,Abilities,,Analytic,6.857
2020-07_gen5ou-0.json,Porygon2,Items,,Eviolite,95.673
2020-07_gen5ou-0.json,Porygon2,Items,,Other,4.327
2020-07_gen5ou-0.json,Porygon2,Spreads,,Other,51.102
2020-07_gen5ou-0.json,Porygon2,Moves,,Recover,84.735
2020-07_gen5ou-0.json,Porygon2,Moves,,Ice Beam,82.204
2020-07_gen5ou-0.json,Porygon2,Moves,,Toxic,40.408
2020-07_gen5ou-0.json,Porygon2,Moves,,Tri Attack,37.551
2020-07_gen5ou-0.json,Porygon2,Moves,,Thunderbolt,25.633
2020-07_gen5ou-0.json,Porygon2,Moves,,Trick Room,18.776
2020-07_gen5ou-0.json,Porygon2,Moves,,Discharge,17.714
2020-07_gen5ou-0.json,Porygon2,Moves,,Hidden Power Fire,15.837
2020-07_gen5ou-0.json,Porygon2,Moves,,Psyshock,14.041
2020-07_gen5ou-0.json,Porygon2,Moves,,Shadow Ball,13.878
2020-07_gen5ou-0.json,Porygon2,Moves,,Thunder Wave,8.898
2020-07_gen5ou-0.json,Porygon2,Moves,,Charge Beam,7.347
2020-07_gen5ou-0.json,Porygon2,Moves,,Psychic,5.469
2020-07_gen5ou-0.json,Porygon2,Moves,,Thunder,4.898
2020-07_gen5ou-0.json,Porygon2,Moves,,Foul Play,3.102
2020-07_gen5ou-0.json,Porygon2,Moves,,Other,19.51
2020-07_gen5ou-0.json,Victini,Stats,Raw count,,1248
2020-07_gen5ou-0.json,Victini,Stats,Avg. weight,,1.0
2020-07_gen5ou-0.json,Victini,Stats,Viability Ceiling,,89
2020-07_gen5ou-0.json,Victini,Stats,Jolly,,7.772
2020-07_gen5ou-0.json,Victini,Stats,Adamant,,5.529
2020-07_gen5ou-0.json,Victini,Stats,Hasty,,4.567
2020-07_gen5ou-0.json,Victini,Abilities,,Victory Star,100.0
2020-07_gen5ou-0.json,Victini,Items,,Choice Band,39.343
2020-07_gen5ou-0.json,Victini,Items,,Choice Scarf,22.196
2020-07_gen5ou-0.json,Victini,Items,,Life Orb,9.856
2020-07_gen5ou-0.json,Victini,Items,,White Herb,5.929
2020-07_gen5ou-0.json,Victini,Items,,Leftovers,5.208
2020-07_gen5ou-0.json,Victini,Items,,Focus Sash,4.487
2020-07_gen5ou-0.json,Victini,Items,,Flame Plate,2.724
2020-07_gen5ou-0.json,Victini,Items,,Charcoal,2.083
2020-07_gen5ou-0.json,Victini,Items,,Expert Belt,2.003
2020-07_gen5ou-0.json,Victini,Items,,Nothing,1.603
2020-07_gen5ou-0.json,Victini,Items,,Other,4.567
2020-07_gen5ou-0.json,Victini,Spreads,,Other,39.423
2020-07_gen5ou-0.json,Victini,Moves,,V-create,84.455
2020-07_gen5ou-0.json,Victini,Moves,,Bolt Strike,72.115
2020-07_gen5ou-0.json,Victini,Moves,,U-turn,63.542
2020-07_gen5ou-0.json,Victini,Moves,,Zen Headbutt,36.138
2020-07_gen5ou-0.json,Victini,Moves,,Brick Break,29.728
2020-07_gen5ou-0.json,Victini,Moves,,Blue Flare,13.221
2020-07_gen5ou-0.json,Victini,Moves,,Glaciate,9.936
2020-07_gen5ou-0.json,Victini,Moves,,Fusion Bolt,9.215
2020-07_gen5ou-0.json,Victini,Moves,,Final Gambit,7.292
2020-07_gen5ou-0.json,Victini,Moves,,Focus Blast,7.051
2020-07_gen5ou-0.json,Victini,Moves,,Energy Ball,6.651
2020-07_gen5ou-0.json,Victini,Moves,,Thunder,5.208
2020-07_gen5ou-0.json,Victini,Moves,,Trick,5.048
2020-07_gen5ou-0.json,Victini,Moves,,Psychic,4.808
2020-07_gen5ou-0.json,Victini,Moves,,Nothing,4.407
2020-07_gen5ou-0.json,Victini,Moves,,Thunderbolt,3.285
2020-07_gen5ou-0.json,Victini,Moves,,Trick Room,3.045
2020-07_gen5ou-0.json,Victini,Moves,,Double-Edge,3.045
2020-07_gen5ou-0.json,Victini,Moves,,Psyshock,2.644
2020-07_gen5ou-0.json,Victini,Moves,,Searing Shot,2.404
2020-07_gen5ou-0.json,Victini,Moves,,Grass Knot,2.244
2020-07_gen5ou-0.json,Victini,Moves,,Overheat,2.244
2020-07_gen5ou-0.json,Victini,Moves,,Will-O-Wisp,2.083
2020-07_gen5ou-0.json,Victini,Moves,,Fire Blast,2.003
2020-07_gen5ou-0.json,Victini,Moves,,Other,18.189
2020-07_gen5ou-0.json,Whimsicott,Stats,Raw count,,1243
2020-07_gen5ou-0.json,Whimsicott,Stats,Avg. weight,,1.0
2020-07_gen5ou-0.json,Whimsicott,Stats,Viability Ceiling,,80
2020-07_gen5ou-0.json,Whimsicott,Stats,Timid,,16.331
2020-07_gen5ou-0.json,Whimsicott,Stats,Calm,,3.298
2020-07_gen5ou-0.json,Whimsicott,Stats,Bold,,3.218
2020-07_gen5ou-0.json,Whimsicott,Abilities,,Prankster,97.989
2020-07_gen5ou-0.json,Whimsicott,Abilities,,Infiltrator,1.931
2020-07_gen5ou-0.json,Whimsicott,Abilities,,Chlorophyll,0.08
2020-07_gen5ou-0.json,Whimsicott,Items,,Leftovers,69.59
2020-07_gen5ou-0.json,Whimsicott,Items,,Focus Sash,8.045
2020-07_gen5ou-0.json,Whimsicott,Items,,Wide Lens,3.62
2020-07_gen5ou-0.json,Whimsicott,Items,,Heat Rock,3.459
2020-07_gen5ou-0.json,Whimsicott,Items,,Occa Berry,2.977
2020-07_gen5ou-0.json,Whimsicott,Items,,Nothing,1.689
2020-07_gen5ou-0.json,Whimsicott,Items,,Light Clay,1.529
2020-07_gen5ou-0.json,Whimsicott,Items,,Miracle Seed,1.287
2020-07_gen5ou-0.json,Whimsicott,Items,,Eject Button,1.287
2020-07_gen5ou-0.json,Whimsicott,Items,,Rocky Helmet,1.207
2020-07_gen5ou-0.json,Whimsicott,Items,,Lagging Tail,0.885
2020-07_gen5ou-0.json,Whimsicott,Items,,Other,4.425
2020-07_gen5ou-0.json,Whimsicott,Spreads,,Other,43.604
2020-07_gen5ou-0.json,Whimsicott,Moves,,Encore,63.395
2020-07_gen5ou-0.json,Whimsicott,Moves,,Leech Seed,52.132
2020-07_gen5ou-0.json,Whimsicott,Moves,,Taunt,51.971
2020-07_gen5ou-0.json,Whimsicott,Moves,,Giga Drain,37.49
2020-07_gen5ou-0.json,Whimsicott,Moves,,Stun Spore,30.571
2020-07_gen5ou-0.json,Whimsicott,Moves,,Substitute,30.33
2020-07_gen5ou-0.json,Whimsicott,Moves,,Tailwind,21.319
2020-07_gen5ou-0.json,Whimsicott,Moves,,U-turn,16.412
2020-07_gen5ou-0.json,Whimsicott,Moves,,Light Screen,15.688
2020-07_gen5ou-0.json,Whimsicott,Moves,,Memento,13.596
2020-07_gen5ou-0.json,Whimsicott,Moves,,Toxic,10.378
2020-07_gen5ou-0.json,Whimsicott,Moves,,Cotton Guard,10.378
2020-07_gen5ou-0.json,Whimsicott,Moves,,Sunny Day,8.85
2020-07_gen5ou-0.json,Whimsicott,Moves,,Protect,7.562
2020-07_gen5ou-0.json,Whimsicott,Moves,,Energy Ball,6.034
2020-07_gen5ou-0.json,Whimsicott,Moves,,Psychic,3.862
2020-07_gen5ou-0.json,Whimsicott,Moves,,Endeavor,3.459
2020-07_gen5ou-0.json,Whimsicott,Moves,,Other,16.573
2020-07_gen5ou-0.json,Serperior,Stats,Raw count,,1234
2020-07_gen5ou-0.json,Serperior,Stats,Avg. weight,,1.0
2020-07_gen5ou-0.json,Serperior,Stats,Viability Ceiling,,70
2020-07_gen5ou-0.json,Serperior,Stats,Hasty,,10.454
2020-07_gen5ou-0.json,Serperior,Stats,Timid,,6.483
2020-07_gen5ou-0.json,Serperior,Stats,Jolly,,5.105
2020-07_gen5ou-0.json,Serperior,Abilities,,Overgrow,100.0
2020-07_gen5ou-0.json,Serperior,Items,,Leftovers,31.361
2020-07_gen5ou-0.json,Serperior,Items,,Focus Sash,11.426
2020-07_gen5ou-0.json,Serperior,Items,,Miracle Seed,10.778
2020-07_gen5ou-0.json,Serperior,Items,,Light Clay,9.968
2020-07_gen5ou-0.json,Serperior,Items,,Nothing,5.024
2020-07_gen5ou-0.json,Serperior,Items,,Life Orb,5.024
2020-07_gen5ou-0.json,Serperior,Items,,Sitrus Berry,4.214
2020-07_gen5ou-0.json,Serperior,Items,,Grass Gem,3.323
2020-07_gen5ou-0.json,Serperior,Items,,Big Root,2.998
2020-07_gen5ou-0.json,Serperior,Items,,Choice Specs,2.107
2020-07_gen5ou-0.json,Serperior,Items,,Lum Berry,1.621
2020-07_gen5ou-0.json,Serperior,Items,,Bright Powder,1.459
2020-07_gen5ou-0.json,Serperior,Items,,Muscle Band,1.053
2020-07_gen5ou-0.json,Serperior,Items,,Choice Scarf,0.972
2020-07_gen5ou-0.json,Serperior,Items,,Choice Band,0.972
2020-07_gen5ou-0.json,Serperior,Items,,Rocky Helmet,0.81
2020-07_gen5ou-0.json,Serperior,Items,,Occa Berry,0.81
2020-07_gen5ou-0.json,Serperior,Items,,Scope Lens,0.648
2020-07_gen5ou-0.json,Serperior,Items,,Wise Glasses,0.567
2020-07_gen5ou-0.json,Serperior,Items,,Other,4.862
2020-07_gen5ou-0.json,Serperior,Spreads,,Other,58.347
2020-07_gen5ou-0.json,Serperior,Moves,,Leaf Blade,37.034
2020-07_gen5ou-0.json,Serperior,Moves,,Dragon Tail,35.981
2020-07_gen5ou-0.json,Serperior,Moves,,Glare,34.279
2020-07_gen5ou-0.json,Serperior,Moves,,Giga Drain,29.984
2020-07_gen5ou-0.json,Serperior,Moves,,Dragon Pulse,28.282
2020-07_gen5ou-0.json,Serperior,Moves,,Leaf Storm,26.904
2020-07_gen5ou-0.json,Serperior,Moves,,Leech Seed,24.554
2020-07_gen5ou-0.json,Serperior,Moves,,Coil,21.718
2020-07_gen5ou-0.json,Serperior,Moves,,Aqua Tail,16.126
2020-07_gen5ou-0.json,Serperior,Moves,,Energy Ball,13.695
2020-07_gen5ou-0.json,Serperior,Moves,,Reflect,11.912
2020-07_gen5ou-0.json,Serperior,Moves,,Light Screen,11.912
2020-07_gen5ou-0.json,Serperior,Moves,,Synthesis,11.507
2020-07_gen5ou-0.json,Serperior,Moves,,Knock Off,9.076
2020-07_gen5ou-0.json,Serperior,Moves,,Substitute,7.05
2020-07_gen5ou-0.json,Serperior,Moves,,Iron Tail,6.807
2020-07_gen5ou-0.json,Serperior,Moves,,Calm Mind,6.24
2020-07_gen5ou-0.json,Serperior,Moves,,Attract,5.348
2020-07_gen5ou-0.json,Serperior,Moves,,Taunt,5.267
2020-07_gen5ou-0.json,Serperior,Moves,,Toxic,5.024
2020-07_gen5ou-0.json,Serperior,Moves,,Outrage,4.862
2020-07_gen5ou-0.json,Serperior,Moves,,Hidden Power Ice,4.7
2020-07_gen5ou-0.json,Serperior,Moves,,Hidden Power Rock,4.133
2020-07_gen5ou-0.json,Serperior,Moves,,Aerial Ace,4.052
2020-07_gen5ou-0.json,Serperior,Moves,,Hidden Power Fire,3.809
2020-07_gen5ou-0.json,Serperior,Moves,,Seed Bomb,2.998
2020-07_gen5ou-0.json,Serperior,Moves,,Solar Beam,2.917
2020-07_gen5ou-0.json,Serperior,Moves,,Swords Dance,2.755
2020-07_gen5ou-0.json,Serperior,Moves,,Frenzy Plant,2.35
2020-07_gen5ou-0.json,Serperior,Moves,,Other,18.72
2020-07_gen5ou-0.json,Mew,Stats,Raw count,,1152
2020-07_gen5ou-0.json,Mew,Stats,Avg. weight,,1.0
2020-07_gen5ou-0.json,Mew,Stats,Viability Ceiling,,89
2020-07_gen5ou-0.json,Mew,Stats,Bold,,5.122
2020-07_gen5ou-0.json,Mew,Stats,Timid,,7.118
2020-07_gen5ou-0.json,Mew,Stats,Calm,,3.472
2020-07_gen5ou-0.json,Mew,Abilities,,Synchronize,100.0
2020-07_gen5ou-0.json,Mew,Items,,Leftovers,61.111
2020-07_gen5ou-0.json,Mew,Items,,Rocky Helmet,7.378
2020-07_gen5ou-0.json,Mew,Items,,Focus Sash,4.253
2020-07_gen5ou-0.json,Mew,Items,,Eviolite,3.646
2020-07_gen5ou-0.json,Mew,Items,,Shell Bell,3.038
2020-07_gen5ou-0.json,Mew,Items,,Sitrus Berry,2.604
2020-07_gen5ou-0.json,Mew,Items,,Expert Belt,2.517
2020-07_gen5ou-0.json,Mew,Items,,Normal Gem,1.823
2020-07_gen5ou-0.json,Mew,Items,,Red Card,1.736
2020-07_gen5ou-0.json,Mew,Items,,Psychic Gem,1.302
2020-07_gen5ou-0.json,Mew,Items,,Life Orb,1.302
2020-07_gen5ou-0.json,Mew,Items,,Mental Herb,1.042
2020-07_gen5ou-0.json,Mew,Items,,Nothing,1.042
2020-07_gen5ou-0.json,Mew,Items,,Lum Berry,1.042
2020-07_gen5ou-0.json,Mew,Items,,Damp Rock,0.955
2020-07_gen5ou-0.json,Mew,Items,,Figy Berry,0.955
2020-07_gen5ou-0.json,Mew,Items,,Other,4.253
2020-07_gen5ou-0.json,Mew,Spreads,,Other,54.427
2020-07_gen5ou-0.json,Mew,Moves,,Psychic,44.01
2020-07_gen5ou-0.json,Mew,Moves,,Taunt,35.764
2020-07_gen5ou-0.json,Mew,Moves,,Calm Mind,32.205
2020-07_gen5ou-0.json,Mew,Moves,,Baton Pass,29.688
2020-07_gen5ou-0.json,Mew,Moves,,Roost,27.17
2020-07_gen5ou-0.json,Mew,Moves,,Will-O-Wisp,22.83
2020-07_gen5ou-0.json,Mew,Moves,,Surf,16.319
2020-07_gen5ou-0.json,Mew,Moves,,Soft-Boiled,15.972
2020-07_gen5ou-0.json,Mew,Moves,,Stealth Rock,13.108
2020-07_gen5ou-0.json,Mew,Moves,,Swords Dance,12.413
2020-07_gen5ou-0.json,Mew,Moves,,Ice Beam,12.153
2020-07_gen5ou-0.json,Mew,Moves,,Aura Sphere,10.503
2020-07_gen5ou-0.json,Mew,Moves,,Nasty Plot,10.069
2020-07_gen5ou-0.json,Mew,Moves,,Bulk Up,6.944
2020-07_gen5ou-0.json,Mew,Moves,,Substitute,6.163
2020-07_gen5ou-0.json,Mew,Moves,,Explosion,5.295
2020-07_gen5ou-0.json,Mew,Moves,,Nothing,4.688
2020-07_gen5ou-0.json,Mew,Moves,,Fire Blast,4.601
2020-07_gen5ou-0.json,Mew,Moves,,Giga Drain,4.601
2020-07_gen5ou-0.json,Mew,Moves,,Seismic Toss,4.427
2020-07_gen5ou-0.json,Mew,Moves,,Defog,4.08
2020-07_gen5ou-0.json,Mew,Moves,,Focus Blast,3.993
2020-07_gen5ou-0.json,Mew,Moves,,Barrier,3.993
2020-07_gen5ou-0.json,Mew,Moves,,Protect,3.993
2020-07_gen5ou-0.json,Mew,Moves,,Flamethrower,3.906
2020-07_gen5ou-0.json,Mew,Moves,,Drain Punch,3.299
2020-07_gen5ou-0.json,Mew,Moves,,Block,2.951
2020-07_gen5ou-0.json,Mew,Moves,,Tailwind,2.951
2020-07_gen5ou-0.json,Mew,Moves,,U-turn,2.865
2020-07_gen5ou-0.json,Mew,Moves,,Sucker Punch,2.344
2020-07_gen5ou-0.json,Mew,Moves,,Metronome,2.257
2020-07_gen5ou-0.json,Mew,Moves,,Psyshock,2.17
2020-07_gen5ou-0.json,Mew,Moves,,Rest,2.083
2020-07_gen5ou-0.json,Mew,Moves,,Ancient Power,1.997
2020-07_gen5ou-0.json,Mew,Moves,,Shadow Ball,1.91
2020-07_gen5ou-0.json,Mew,Moves,,Zen Headbutt,1.736
2020-07_gen5ou-0.json,Mew,Moves,,Night Shade,1.736
2020-07_gen5ou-0.json,Mew,Moves,,Iron Defense,1.649
2020-07_gen5ou-0.json,Mew,Moves,,Volt Switch,1.476
2020-07_gen5ou-0.json,Mew,Moves,,Earthquake,1.302
2020-07_gen5ou-0.json,Mew,Moves,,Dragon Tail,1.302
2020-07_gen5ou-0.json,Mew,Moves,,Heal Bell,1.215
2020-07_gen5ou-0.json,Mew,Moves,,Endeavor,1.215
2020-07_gen5ou-0.json,Mew,Moves,,Aqua Tail,1.215
2020-07_gen5ou-0.json,Mew,Moves,,Thunderbolt,1.215
2020-07_gen5ou-0.json,Mew,Moves,,Rock Polish,1.128
2020-07_gen5ou-0.json,Mew,Moves,,Acrobatics,0.955
2020-07_gen5ou-0.json,Mew,Moves,,Scald,0.955
2020-07_gen5ou-0.json,Mew,Moves,,Other,19.184
2020-07_gen5ou-0.json,Heracross,Stats,Raw count,,1143
2020-07_gen5ou-0.json,Heracross,Stats,Avg. weight,,1.0
2020-07_gen5ou-0.json,Heracross,Stats,Viability Ceiling,,85
2020-07_gen5ou-0.json,Heracross,Stats,Jolly,,4.199
2020-07_gen5ou-0.json,Heracross,Stats,Adamant,,8.836
2020-07_gen5ou-0.json,Heracross,Stats,Hardy,,5.862
2020-07_gen5ou-0.json,Heracross,Abilities,,Moxie,59.405
2020-07_gen5ou-0.json,Heracross,Abilities,,Guts,32.283
2020-07_gen5ou-0.json,Heracross,Abilities,,Swarm,8.311
2020-07_gen5ou-0.json,Heracross,Items,,Choice Scarf,39.283
2020-07_gen5ou-0.json,Heracross,Items,,Choice Band,20.997
2020-07_gen5ou-0.json,Heracross,Items,,Flame Orb,16.185
2020-07_gen5ou-0.json,Heracross,Items,,Leftovers,5.424
2020-07_gen5ou-0.json,Heracross,Items,,Life Orb,4.899
2020-07_gen5ou-0.json,Heracross,Items,,Lum Berry,4.287
2020-07_gen5ou-0.json,Heracross,Items,,Expert Belt,1.925
2020-07_gen5ou-0.json,Heracross,Items,,Toxic Orb,1.837
2020-07_gen5ou-0.json,Heracross,Items,,Sitrus Berry,0.875
2020-07_gen5ou-0.json,Heracross,Items,,Other,4.287
2020-07_gen5ou-0.json,Heracross,Spreads,,Other,33.158
2020-07_gen5ou-0.json,Heracross,Moves,,Megahorn,95.626
2020-07_gen5ou-0.json,Heracross,Moves,,Close Combat,86.177
2020-07_gen5ou-0.json,Heracross,Moves,,Stone Edge,61.767
2020-07_gen5ou-0.json,Heracross,Moves,,Earthquake,54.418
2020-07_gen5ou-0.json,Heracross,Moves,,Night Slash,13.473
2020-07_gen5ou-0.json,Heracross,Moves,,Swords Dance,11.724
2020-07_gen5ou-0.json,Heracross,Moves,,Brick Break,9.536
2020-07_gen5ou-0.json,Heracross,Moves,,Facade,9.186
2020-07_gen5ou-0.json,Heracross,Moves,,Rock Slide,8.311
2020-07_gen5ou-0.json,Heracross,Moves,,Double-Edge,6.299
2020-07_gen5ou-0.json,Heracross,Moves,,Substitute,5.774
2020-07_gen5ou-0.json,Heracross,Moves,,Pursuit,4.112
2020-07_gen5ou-0.json,Heracross,Moves,,Sleep Talk,3.587
2020-07_gen5ou-0.json,Heracross,Moves,,Bulk Up,3.412
2020-07_gen5ou-0.json,Heracross,Moves,,Shadow Claw,3.062
2020-07_gen5ou-0.json,Heracross,Moves,,Knock Off,2.975
2020-07_gen5ou-0.json,Heracross,Moves,,Focus Punch,2.362
2020-07_gen5ou-0.json,Heracross,Moves,,Other,18.198
2020-07_gen5ou-0.json,Blastoise,Stats,Raw count,,1120
2020-07_gen5ou-0.json,Blastoise,Stats,Avg. weight,,1.0
2020-07_gen5ou-0.json,Blastoise,Stats,Viability Ceiling,,75
2020-07_gen5ou-0.json,Blastoise,Stats,Bold,,3.571
2020-07_gen5ou-0.json,Blastoise,Stats,Calm,,14.732
2020-07_gen5ou-0.json,Blastoise,Stats,Modest,,3.929
2020-07_gen5ou-0.json,Blastoise,Stats,Timid,,3.929
2020-07_gen5ou-0.json,Blastoise,Stats,Adamant,,3.482
2020-07_gen5ou-0.json,Blastoise,Abilities,,Torrent,72.589
2020-07_gen5ou-0.json,Blastoise,Abilities,,Rain Dish,27.411
2020-07_gen5ou-0.json,Blastoise,Items,,Leftovers,70.804
2020-07_gen5ou-0.json,Blastoise,Items,,Choice Scarf,6.518
2020-07_gen5ou-0.json,Blastoise,Items,,Sitrus Berry,3.75
2020-07_gen5ou-0.json,Blastoise,Items,,Life Orb,2.768
2020-07_gen5ou-0.json,Blastoise,Items,,Rocky Helmet,2.5
2020-07_gen5ou-0.json,Blastoise,Items,,Nothing,1.875
2020-07_gen5ou-0.json,Blastoise,Items,,Chesto Berry,1.696
2020-07_gen5ou-0.json,Blastoise,Items,,Mystic Water,1.607
2020-07_gen5ou-0.json,Blastoise,Items,,Lum Berry,1.071
2020-07_gen5ou-0.json,Blastoise,Items,,Choice Band,1.071
2020-07_gen5ou-0.json,Blastoise,Items,,Splash Plate,0.982
2020-07_gen5ou-0.json,Blastoise,Items,,Expert Belt,0.714
2020-07_gen5ou-0.json,Blastoise,Items,,Other,4.643
2020-07_gen5ou-0.json,Blastoise,Spreads,,Other,55.179
2020-07_gen5ou-0.json,Blastoise,Moves,,Rapid Spin,59.286
2020-07_gen5ou-0.json,Blastoise,Moves,,Scald,38.393
2020-07_gen5ou-0.json,Blastoise,Moves,,Ice Beam,33.839
2020-07_gen5ou-0.json,Blastoise,Moves,,Hydro Pump,28.75
2020-07_gen5ou-0.json,Blastoise,Moves,,Toxic,27.054
2020-07_gen5ou-0.json,Blastoise,Moves,,Protect,23.036
2020-07_gen5ou-0.json,Blastoise,Moves,,Focus Blast,19.643
2020-07_gen5ou-0.json,Blastoise,Moves,,Surf,15.982
2020-07_gen5ou-0.json,Blastoise,Moves,,Blizzard,15.893
2020-07_gen5ou-0.json,Blastoise,Moves,,Rain Dance,12.768
2020-07_gen5ou-0.json,Blastoise,Moves,,Earthquake,10.714
2020-07_gen5ou-0.json,Blastoise,Moves,,Aqua Jet,9.286
2020-07_gen5ou-0.json,Blastoise,Moves,,Roar,8.929
2020-07_gen5ou-0.json,Blastoise,Moves,,Dragon Tail,8.036
2020-07_gen5ou-0.json,Blastoise,Moves,,Flash Cannon,5.625
2020-07_gen5ou-0.json,Blastoise,Moves,,Waterfall,5.357
2020-07_gen5ou-0.json,Blastoise,Moves,,Hydro Cannon,4.732
2020-07_gen5ou-0.json,Blastoise,Moves,,Mirror Coat,4.375
2020-07_gen5ou-0.json,Blastoise,Moves,,Rest,4.286
2020-07_gen5ou-0.json,Blastoise,Moves,,Substitute,4.107
2020-07_gen5ou-0.json,Blastoise,Moves,,Iron Defense,4.107
2020-07_gen5ou-0.json,Blastoise,Moves,,Hidden Power Fire,4.018
2020-07_gen5ou-0.json,Blastoise,Moves,,Water Spout,3.839
2020-07_gen5ou-0.json,Blastoise,Moves,,Avalanche,3.75
2020-07_gen5ou-0.json,Blastoise,Moves,,Fake Out,3.75
2020-07_gen5ou-0.json,Blastoise,Moves,,Aqua Tail,3.482
2020-07_gen5ou-0.json,Blastoise,Moves,,Brick Break,3.393
2020-07_gen5ou-0.json,Blastoise,Moves,,Rock Slide,2.321
2020-07_gen5ou-0.json,Blastoise,Moves,,Outrage,2.321
2020-07_gen5ou-0.json,Blastoise,Moves,,Hidden Power Ground,2.321
2020-07_gen5ou-0.json,Blastoise,Moves,,Sleep Talk,2.232
2020-07_gen5ou-0.json,Blastoise,Moves,,Double-Edge,2.143
2020-07_gen5ou-0.json,Blastoise,Moves,,Ice Punch,2.054
2020-07_gen5ou-0.json,Blastoise,Moves,,Bite,1.964
2020-07_gen5ou-0.json,Blastoise,Moves,,Other,18.214
2020-07_gen5ou-0.json,Eelektross,Stats,Raw count,,1079
2020-07_gen5ou-0.json,Eelektross,Stats,Avg. weight,,1.0
2020-07_gen5ou-0.json,Eelektross,Stats,Viability Ceiling,,64
2020-07_gen5ou-0.json,Eelektross,Stats,Brave,,21.223
2020-07_gen5ou-0.json,Eelektross,Stats,Adamant,,9.917
2020-07_gen5ou-0.json,Eelektross,Stats,Modest,,8.897
2020-07_gen5ou-0.json,Eelektross,Stats,Hardy,,3.707
2020-07_gen5ou-0.json,Eelektross,Stats,Careful,,3.429
2020-07_gen5ou-0.json,Eelektross,Stats,Quiet,,3.058
2020-07_gen5ou-0.json,Eelektross,Abilities,,Levitate,100.0
2020-07_gen5ou-0.json,Eelektross,Items,,Leftovers,33.364
2020-07_gen5ou-0.json,Eelektross,Items,,Expert Belt,12.604
2020-07_gen5ou-0.json,Eelektross,Items,,Life Orb,9.361
2020-07_gen5ou-0.json,Eelektross,Items,,Electric Gem,7.785
2020-07_gen5ou-0.json,Eelektross,Items,,Nothing,6.858
2020-07_gen5ou-0.json,Eelektross,Items,,Choice Specs,5.005
2020-07_gen5ou-0.json,Eelektross,Items,,Sitrus Berry,3.429
2020-07_gen5ou-0.json,Eelektross,Items,,Rocky Helmet,2.595
2020-07_gen5ou-0.json,Eelektross,Items,,Chesto Berry,2.41
2020-07_gen5ou-0.json,Eelektross,Items,,Mental Herb,1.946
2020-07_gen5ou-0.json,Eelektross,Items,,Cell Battery,1.854
2020-07_gen5ou-0.json,Eelektross,Items,,Focus Sash,1.668
2020-07_gen5ou-0.json,Eelektross,Items,,Quick Claw,1.483
2020-07_gen5ou-0.json,Eelektross,Items,,Zap Plate,1.297
2020-07_gen5ou-0.json,Eelektross,Items,,Flying Gem,1.205
2020-07_gen5ou-0.json,Eelektross,Items,,Muscle Band,1.019
2020-07_gen5ou-0.json,Eelektross,Items,,Magnet,1.019
2020-07_gen5ou-0.json,Eelektross,Items,,Choice Scarf,0.741
2020-07_gen5ou-0.json,Eelektross,Items,,Other,4.356
2020-07_gen5ou-0.json,Eelektross,Spreads,,Other,49.768
2020-07_gen5ou-0.json,Eelektross,Moves,,Flamethrower,54.402
2020-07_gen5ou-0.json,Eelektross,Moves,,Thunderbolt,31.233
2020-07_gen5ou-0.json,Eelektross,Moves,,Crunch,26.228
2020-07_gen5ou-0.json,Eelektross,Moves,,Giga Drain,25.301
2020-07_gen5ou-0.json,Eelektross,Moves,,Dragon Claw,24.93
2020-07_gen5ou-0.json,Eelektross,Moves,,Thunder Punch,24.56
2020-07_gen5ou-0.json,Eelektross,Moves,,Coil,23.077
2020-07_gen5ou-0.json,Eelektross,Moves,,Aqua Tail,18.906
2020-07_gen5ou-0.json,Eelektross,Moves,,Wild Charge,18.814
2020-07_gen5ou-0.json,Eelektross,Moves,,Acrobatics,18.443
2020-07_gen5ou-0.json,Eelektross,Moves,,Drain Punch,18.443
2020-07_gen5ou-0.json,Eelektross,Moves,,Thunder,12.604
2020-07_gen5ou-0.json,Eelektross,Moves,,Volt Switch,10.287
2020-07_gen5ou-0.json,Eelektross,Moves,,Fire Punch,9.824
2020-07_gen5ou-0.json,Eelektross,Moves,,Brick Break,8.804
2020-07_gen5ou-0.json,Eelektross,Moves,,Acid Spray,8.526
2020-07_gen5ou-0.json,Eelektross,Moves,,Dragon Tail,7.136
2020-07_gen5ou-0.json,Eelektross,Moves,,Superpower,6.395
2020-07_gen5ou-0.json,Eelektross,Moves,,Discharge,6.302
2020-07_gen5ou-0.json,Eelektross,Moves,,Hidden Power Ice,6.024
2020-07_gen5ou-0.json,Eelektross,Moves,,U-turn,5.468
2020-07_gen5ou-0.json,Eelektross,Moves,,Rest,3.985
2020-07_gen5ou-0.json,Eelektross,Moves,,Zap Cannon,3.985
2020-07_gen5ou-0.json,Eelektross,Moves,,Super Fang,3.614
2020-07_gen5ou-0.json,Eelektross,Moves,,Thunder Wave,2.873
2020-07_gen5ou-0.json,Eelektross,Moves,,Other,19.833
2020-07_gen5ou-0.json,Samurott,Stats,Raw count,,1074
2020-07_gen5ou-0.json,Samurott,Stats,Avg. weight,,1.0
2020-07_gen5ou-0.json,Samurott,Stats,Viability Ceiling,,77
2020-07_gen5ou-0.json,Samurott,Stats,Rash,,17.412
2020-07_gen5ou-0.json,Samurott,Stats,Adamant,,2.700
2020-07_gen5ou-0.json,Samurott,Stats,Naughty,,4.749
2020-07_gen5ou-0.json,Samurott,Stats,Lax,,3.538
2020-07_gen5ou-0.json,Samurott,Stats,Modest,,2.886
2020-07_gen5ou-0.json,Samurott,Abilities,,Torrent,100.0
2020-07_gen5ou-0.json,Samurott,Items,,Leftovers,18.901
2020-07_gen5ou-0.json,Samurott,Items,,Mystic Water,16.108
2020-07_gen5ou-0.json,Samurott,Items,,Nothing,13.78
2020-07_gen5ou-0.json,Samurott,Items,,Focus Sash,12.663
2020-07_gen5ou-0.json,Samurott,Items,,Life Orb,8.845
2020-07_gen5ou-0.json,Samurott,Items,,Sitrus Berry,5.214
2020-07_gen5ou-0.json,Samurott,Items,,Choice Scarf,4.655
2020-07_gen5ou-0.json,Samurott,Items,,Lum Berry,3.818
2020-07_gen5ou-0.json,Samurott,Items,,Water Gem,3.538
2020-07_gen5ou-0.json,Samurott,Items,,Rocky Helmet,2.886
2020-07_gen5ou-0.json,Samurott,Items,,Wave Incense,1.769
2020-07_gen5ou-0.json,Samurott,Items,,Choice Specs,1.583
2020-07_gen5ou-0.json,Samurott,Items,,Expert Belt,1.024
2020-07_gen5ou-0.json,Samurott,Items,,Choice Band,0.931
2020-07_gen5ou-0.json,Samurott,Items,,Other,4.283
2020-07_gen5ou-0.json,Samurott,Spreads,,Other,57.914
2020-07_gen5ou-0.json,Samurott,Moves,,Megahorn,45.903
2020-07_gen5ou-0.json,Samurott,Moves,,Aqua Jet,43.017
2020-07_gen5ou-0.json,Samurott,Moves,,Ice Beam,41.061
2020-07_gen5ou-0.json,Samurott,Moves,,Hydro Pump,34.358
2020-07_gen5ou-0.json,Samurott,Moves,,Swords Dance,27.095
2020-07_gen5ou-0.json,Samurott,Moves,,Surf,25.419
2020-07_gen5ou-0.json,Samurott,Moves,,Razor Shell,24.86
2020-07_gen5ou-0.json,Samurott,Moves,,Aqua Tail,17.132
2020-07_gen5ou-0.json,Samurott,Moves,,Air Slash,15.549
2020-07_gen5ou-0.json,Samurott,Moves,,Grass Knot,14.06
2020-07_gen5ou-0.json,Samurott,Moves,,X-Scissor,12.197
2020-07_gen5ou-0.json,Samurott,Moves,,Blizzard,11.08
2020-07_gen5ou-0.json,Samurott,Moves,,Waterfall,10.801
2020-07_gen5ou-0.json,Samurott,Moves,,Dragon Tail,9.497
2020-07_gen5ou-0.json,Samurott,Moves,,Scald,7.542
2020-07_gen5ou-0.json,Samurott,Moves,,Revenge,5.68
2020-07_gen5ou-0.json,Samurott,Moves,,Hydro Cannon,5.493
2020-07_gen5ou-0.json,Samurott,Moves,,Night Slash,4.935
2020-07_gen5ou-0.json,Samurott,Moves,,Superpower,4.749
2020-07_gen5ou-0.json,Samurott,Moves,,Knock Off,3.631
2020-07_gen5ou-0.json,Samurott,Moves,,Detect,3.259
2020-07_gen5ou-0.json,Samurott,Moves,,Toxic,3.259
2020-07_gen5ou-0.json,Samurott,Moves,,Retaliate,2.98
2020-07_gen5ou-0.json,Samurott,Moves,,Hidden Power Ground,2.142
2020-07_gen5ou-0.json,Samurott,Moves,,Protect,2.048
2020-07_gen5ou-0.json,Samurott,Moves,,Iron Tail,1.955
2020-07_gen5ou-0.json,Samurott,Moves,,Rain Dance,1.676
2020-07_gen5ou-0.json,Samurott,Moves,,Other,18.622
2020-07_gen5ou-0.json,Emboar,Stats,Raw count,,1073
2020-07_gen5ou-0.json,Emboar,Stats,Avg. weight,,1.0
2020-07_gen5ou-0.json,Emboar,Stats,Viability Ceiling,,65
2020-07_gen5ou-0.json,Emboar,Stats,Jolly,,4.194
2020-07_gen5ou-0.json,Emboar,Stats,Adamant,,4.567
2020-07_gen5ou-0.json,Emboar,Stats,Lonely,,6.431
2020-07_gen5ou-0.json,Emboar,Abilities,,Blaze,100.0
2020-07_gen5ou-0.json,Emboar,Items,,Leftovers,21.342
2020-07_gen5ou-0.json,Emboar,Items,,Choice Scarf,12.302
2020-07_gen5ou-0.json,Emboar,Items,,Choice Band,11.743
2020-07_gen5ou-0.json,Emboar,Items,,Focus Sash,10.811
2020-07_gen5ou-0.json,Emboar,Items,,Nothing,8.854
2020-07_gen5ou-0.json,Emboar,Items,,Expert Belt,7.642
2020-07_gen5ou-0.json,Emboar,Items,,Charcoal,5.033
2020-07_gen5ou-0.json,Emboar,Items,,Life Orb,3.262
2020-07_gen5ou-0.json,Emboar,Items,,Lum Berry,3.262
2020-07_gen5ou-0.json,Emboar,Items,,Rocky Helmet,2.796
2020-07_gen5ou-0.json,Emboar,Items,,Sitrus Berry,2.423
2020-07_gen5ou-0.json,Emboar,Items,,Quick Claw,2.05
2020-07_gen5ou-0.json,Emboar,Items,,Shell Bell,1.305
2020-07_gen5ou-0.json,Emboar,Items,,Muscle Band,1.212
2020-07_gen5ou-0.json,Emboar,Items,,Fire Gem,1.212
2020-07_gen5ou-0.json,Emboar,Items,,Other,4.753
2020-07_gen5ou-0.json,Emboar,Spreads,,Other,54.334
2020-07_gen5ou-0.json,Emboar,Moves,,Flare Blitz,45.48
2020-07_gen5ou-0.json,Emboar,Moves,,Wild Charge,42.218
2020-07_gen5ou-0.json,Emboar,Moves,,Earthquake,35.974
2020-07_gen5ou-0.json,Emboar,Moves,,Hammer Arm,32.992
2020-07_gen5ou-0.json,Emboar,Moves,,Brick Break,31.5
2020-07_gen5ou-0.json,Emboar,Moves,,Head Smash,22.926
2020-07_gen5ou-0.json,Emboar,Moves,,Superpower,21.528
2020-07_gen5ou-0.json,Emboar,Moves,,Flamethrower,18.546
2020-07_gen5ou-0.json,Emboar,Moves,,Flame Charge,15.937
2020-07_gen5ou-0.json,Emboar,Moves,,Thunder Punch,15.937
2020-07_gen5ou-0.json,Emboar,Moves,,Heat Crash,15.564
2020-07_gen5ou-0.json,Emboar,Moves,,Fire Punch,13.793
2020-07_gen5ou-0.json,Emboar,Moves,,Bulk Up,9.972
2020-07_gen5ou-0.json,Emboar,Moves,,Grass Knot,9.599
2020-07_gen5ou-0.json,Emboar,Moves,,Fire Blast,8.854
2020-07_gen5ou-0.json,Emboar,Moves,,Scald,7.456
2020-07_gen5ou-0.json,Emboar,Moves,,Stone Edge,5.405
2020-07_gen5ou-0.json,Emboar,Moves,,Poison Jab,5.126
2020-07_gen5ou-0.json,Emboar,Moves,,Rock Slide,4.567
2020-07_gen5ou-0.json,Emboar,Moves,,Body Slam,3.728
2020-07_gen5ou-0.json,Emboar,Moves,,Sleep Talk,3.635
2020-07_gen5ou-0.json,Emboar,Moves,,Blast Burn,2.889
2020-07_gen5ou-0.json,Emboar,Moves,,Focus Blast,2.889
2020-07_gen5ou-0.json,Emboar,Moves,,Will-O-Wisp,2.61
2020-07_gen5ou-0.json,Emboar,Moves,,Heavy Slam,1.957
2020-07_gen5ou-0.json,Emboar,Moves,,Other,18.919
2020-07_gen5ou-0.json,Roserade,Stats,Raw count,,1000
2020-07_gen5ou-0.json,Roserade,Stats,Avg. weight,,1.0
2020-07_gen5ou-0.json,Roserade,Stats,Viability Ceiling,,84
2020-07_gen5ou-0.json,Roserade,Stats,Timid,,3.800
2020-07_gen5ou-0.json,Roserade,Stats,Modest,,9.300
2020-07_gen5ou-0.json,Roserade,Stats,Calm,,4.100
2020-07_gen5ou-0.json,Roserade,Abilities,,Natural Cure,74.7
2020-07_gen5ou-0.json,Roserade,Abilities,,Poison Point,13.6
2020-07_gen5ou-0.json,Roserade,Abilities,,Technician,11.7
2020-07_gen5ou-0.json,Roserade,Items,,Black Sludge,38.7
2020-07_gen5ou-0.json,Roserade,Items,,Life Orb,17.2
2020-07_gen5ou-0.json,Roserade,Items,,Leftovers,16.5
2020-07_gen5ou-0.json,Roserade,Items,,White Herb,5.4
2020-07_gen5ou-0.json,Roserade,Items,,Choice Scarf,3.7
2020-07_gen5ou-0.json,Roserade,Items,,Focus Sash,3.5
2020-07_gen5ou-0.json,Roserade,Items,,Big Root,3.1
2020-07_gen5ou-0.json,Roserade,Items,,Choice Specs,2.5
2020-07_gen5ou-0.json,Roserade,Items,,Expert Belt,2.0
2020-07_gen5ou-0.json,Roserade,Items,,Nothing,1.6
2020-07_gen5ou-0.json,Roserade,Items,,Red Card,1.3
2020-07_gen5ou-0.json,Roserade,Items,,Other,4.5
2020-07_gen5ou-0.json,Roserade,Spreads,,Other,38.0
2020-07_gen5ou-0.json,Roserade,Moves,,Giga Drain,53.0
2020-07_gen5ou-0.json,Roserade,Moves,,Sludge Bomb,52.4
2020-07_gen5ou-0.json,Roserade,Moves,,Toxic Spikes,37.0
2020-07_gen5ou-0.json,Roserade,Moves,,Hidden Power Fire,28.9
2020-07_gen5ou-0.json,Roserade,Moves,,Leaf Storm,24.6
2020-07_gen5ou-0.json,Roserade,Moves,,Rest,24.0
2020-07_gen5ou-0.json,Roserade,Moves,,Shadow Ball,24.0
2020-07_gen5ou-0.json,Roserade,Moves,,Leech Seed,19.1
2020-07_gen5ou-0.json,Roserade,Moves,,Spikes,19.1
2020-07_gen5ou-0.json,Roserade,Moves,,Extrasensory,15.3
2020-07_gen5ou-0.json,Roserade,Moves,,Energy Ball,14.1
2020-07_gen5ou-0.json,Roserade,Moves,,Stun Spore,13.2
2020-07_gen5ou-0.json,Roserade,Moves,,Weather Ball,12.3
2020-07_gen5ou-0.json,Roserade,Moves,,Synthesis,11.4
2020-07_gen5ou-0.json,Roserade,Moves,,Protect,10.0
2020-07_gen5ou-0.json,Roserade,Moves,,Aromatherapy,7.5
2020-07_gen5ou-0.json,Roserade,Moves,,Toxic,7.5
2020-07_gen5ou-0.json,Roserade,Moves,,Substitute,4.7
2020-07_gen5ou-0.json,Roserade,Moves,,Venoshock,3.5
2020-07_gen5ou-0.json,Roserade,Moves,,Other,18.4
2020-07_gen5ou-0.json,Empoleon,Stats,Raw count,,988
2020-07_gen5ou-0.json,Empoleon,Stats,Avg. weight,,1.0
2020-07_gen5ou-0.json,Empoleon,Stats,Viability Ceiling,,81
2020-07_gen5ou-0.json,Empoleon,Stats,Modest,,4.757
2020-07_gen5ou-0.json,Empoleon,Stats,Calm,,9.514
2020-07_gen5ou-0.json,Empoleon,Stats,Mild,,3.441
2020-07_gen5ou-0.json,Empoleon,Abilities,,Torrent,87.955
2020-07_gen5ou-0.json,Empoleon,Abilities,,Defiant,12.045
2020-07_gen5ou-0.json,Empoleon,Items,,Leftovers,50.81
2020-07_gen5ou-0.json,Empoleon,Items,,Petaya Berry,14.474
2020-07_gen5ou-0.json,Empoleon,Items,,Choice Specs,10.223
2020-07_gen5ou-0.json,Empoleon,Items,,Life Orb,4.555
2020-07_gen5ou-0.json,Empoleon,Items,,Damp Rock,2.935
2020-07_gen5ou-0.json,Empoleon,Items,,Mystic Water,2.024
2020-07_gen5ou-0.json,Empoleon,Items,,Rocky Helmet,1.822
2020-07_gen5ou-0.json,Empoleon,Items,,Expert Belt,1.721
2020-07_gen5ou-0.json,Empoleon,Items,,Nothing,1.619
2020-07_gen5ou-0.json,Empoleon,Items,,Aguav Berry,1.215
2020-07_gen5ou-0.json,Empoleon,Items,,Focus Sash,1.215
2020-07_gen5ou-0.json,Empoleon,Items,,Sitrus Berry,1.215
2020-07_gen5ou-0.json,Empoleon,Items,,Water Gem,1.012
2020-07_gen5ou-0.json,Empoleon,Items,,Salac Berry,0.81
2020-07_gen5ou-0.json,Empoleon,Items,,Other,4.352
2020-07_gen5ou-0.json,Empoleon,Spreads,,Other,50.101
2020-07_gen5ou-0.json,Empoleon,Moves,,Ice Beam,65.992
2020-07_gen5ou-0.json,Empoleon,Moves,,Flash Cannon,43.219
2020-07_gen5ou-0.json,Empoleon,Moves,,Surf,37.247
2020-07_gen5ou-0.json,Empoleon,Moves,,Scald,34.919
2020-07_gen5ou-0.json,Empoleon,Moves,,Stealth Rock,27.126
2020-07_gen5ou-0.json,Empoleon,Moves,,Hydro Pump,21.862
2020-07_gen5ou-0.json,Empoleon,Moves,,Agility,18.927
2020-07_gen5ou-0.json,Empoleon,Moves,,Grass Knot,15.789
2020-07_gen5ou-0.json,Empoleon,Moves,,Substitute,14.676
2020-07_gen5ou-0.json,Empoleon,Moves,,Toxic,14.575
2020-07_gen5ou-0.json,Empoleon,Moves,,Aqua Jet,13.866
2020-07_gen5ou-0.json,Empoleon,Moves,,Hidden Power Grass,10.628
2020-07_gen5ou-0.json,Empoleon,Moves,,Protect,9.413
2020-07_gen5ou-0.json,Empoleon,Moves,,Drill Peck,9.109
2020-07_gen5ou-0.json,Empoleon,Moves,,Brick Break,7.186
2020-07_gen5ou-0.json,Empoleon,Moves,,Blizzard,6.984
2020-07_gen5ou-0.json,Empoleon,Moves,,Roar,6.68
2020-07_gen5ou-0.json,Empoleon,Moves,,Signal Beam,5.567
2020-07_gen5ou-0.json,Empoleon,Moves,,Hidden Power Fire,5.466
2020-07_gen5ou-0.json,Empoleon,Moves,,Rain Dance,4.251
2020-07_gen5ou-0.json,Empoleon,Moves,,Defog,3.441
2020-07_gen5ou-0.json,Empoleon,Moves,,Hydro Cannon,3.036
2020-07_gen5ou-0.json,Empoleon,Moves,,Aqua Ring,2.328
2020-07_gen5ou-0.json,Empoleon,Moves,,Other,17.713
2020-07_gen5ou-0.json,Rotom-Heat,Stats,Raw count,,958
2020-07_gen5ou-0.json,Rotom-Heat,Stats,Avg. weight,,1.0
2020-07_gen5ou-0.json,Rotom-Heat,Stats,Viability Ceiling,,87
2020-07_gen5ou-0.json,Rotom-Heat,Stats,Timid,,4.175
2020-07_gen5ou-0.json,Rotom-Heat,Stats,Hardy,,9.081
2020-07_gen5ou-0.json,Rotom-Heat,Stats,Modest,,2.505
2020-07_gen5ou-0.json,Rotom-Heat,Stats,Bold,,2.923
2020-07_gen5ou-0.json,Rotom-Heat,Abilities,,Levitate,100.0
2020-07_gen5ou-0.json,Rotom-Heat,Items,,Ring Target,27.14
2020-07_gen5ou-0.json,Rotom-Heat,Items,,Choice Scarf,18.058
2020-07_gen5ou-0.json,Rotom-Heat,Items,,Leftovers,12.839
2020-07_gen5ou-0.json,Rotom-Heat,Items,,Choice Specs,9.29
2020-07_gen5ou-0.json,Rotom-Heat,Items,,White Herb,7.307
2020-07_gen5ou-0.json,Rotom-Heat,Items,,Life Orb,4.697
2020-07_gen5ou-0.json,Rotom-Heat,Items,,Choice Band,4.384
2020-07_gen5ou-0.json,Rotom-Heat,Items,,Wise Glasses,3.967
2020-07_gen5ou-0.json,Rotom-Heat,Items,,Charti Berry,3.862
2020-07_gen5ou-0.json,Rotom-Heat,Items,,Sitrus Berry,1.357
2020-07_gen5ou-0.json,Rotom-Heat,Items,,Expert Belt,1.148
2020-07_gen5ou-0.json,Rotom-Heat,Items,,Nothing,1.148
2020-07_gen5ou-0.json,Rotom-Heat,Items,,Other,4.802
2020-07_gen5ou-0.json,Rotom-Heat,Spreads,,Other,22.651
2020-07_gen5ou-0.json,Rotom-Heat,Moves,,Overheat,96.973
2020-07_gen5ou-0.json,Rotom-Heat,Moves,,Volt Switch,84.134
2020-07_gen5ou-0.json,Rotom-Heat,Moves,,Trick,55.428
2020-07_gen5ou-0.json,Rotom-Heat,Moves,,Will-O-Wisp,54.175
2020-07_gen5ou-0.json,Rotom-Heat,Moves,,Thunderbolt,18.685
2020-07_gen5ou-0.json,Rotom-Heat,Moves,,Hidden Power Ice,15.24
2020-07_gen5ou-0.json,Rotom-Heat,Moves,,Thunder Wave,15.136
2020-07_gen5ou-0.json,Rotom-Heat,Moves,,Pain Split,11.9
2020-07_gen5ou-0.json,Rotom-Heat,Moves,,Hidden Power Grass,7.516
2020-07_gen5ou-0.json,Rotom-Heat,Moves,,Toxic,6.994
2020-07_gen5ou-0.json,Rotom-Heat,Moves,,Shadow Ball,6.054
2020-07_gen5ou-0.json,Rotom-Heat,Moves,,Dark Pulse,5.428
2020-07_gen5ou-0.json,Rotom-Heat,Moves,,Protect,3.967
2020-07_gen5ou-0.json,Rotom-Heat,Moves,,Other,18.372
2020-07_gen5ou-0.json,Zapdos,Stats,Raw count,,944
2020-07_gen5ou-0.json,Zapdos,Stats,Avg. weight,,1.0
2020-07_gen5ou-0.json,Zapdos,Stats,Viability Ceiling,,88
2020-07_gen5ou-0.json,Zapdos,Stats,Timid,,7.203
2020-07_gen5ou-0.json,Zapdos,Stats,Calm,,7.627
2020-07_gen5ou-0.json,Zapdos,Stats,Modest,,5.932
2020-07_gen5ou-0.json,Zapdos,Stats,Bold,,4.555
2020-07_gen5ou-0.json,Zapdos,Abilities,,Pressure,100.0
2020-07_gen5ou-0.json,Zapdos,Items,,Leftovers,63.242
2020-07_gen5ou-0.json,Zapdos,Items,,Choice Scarf,11.97
2020-07_gen5ou-0.json,Zapdos,Items,,Rocky Helmet,8.686
2020-07_gen5ou-0.json,Zapdos,Items,,Life Orb,6.462
2020-07_gen5ou-0.json,Zapdos,Items,,Choice Specs,4.449
2020-07_gen5ou-0.json,Zapdos,Items,,Sitrus Berry,1.271
2020-07_gen5ou-0.json,Zapdos,Items,,Other,3.919
2020-07_gen5ou-0.json,Zapdos,Spreads,,Other,55.085
2020-07_gen5ou-0.json,Zapdos,Moves,,Heat Wave,78.496
2020-07_gen5ou-0.json,Zapdos,Moves,,Roost,69.068
2020-07_gen5ou-0.json,Zapdos,Moves,,Thunderbolt,51.907
2020-07_gen5ou-0.json,Zapdos,Moves,,Hidden Power Ice,45.445
2020-07_gen5ou-0.json,Zapdos,Moves,,Volt Switch,36.441
2020-07_gen5ou-0.json,Zapdos,Moves,,Discharge,19.809
2020-07_gen5ou-0.json,Zapdos,Moves,,Toxic,16.419
2020-07_gen5ou-0.json,Zapdos,Moves,,Thunder,14.831
2020-07_gen5ou-0.json,Zapdos,Moves,,Defog,12.818
2020-07_gen5ou-0.json,Zapdos,Moves,,Hidden Power Grass,11.653
2020-07_gen5ou-0.json,Zapdos,Moves,,Charge Beam,5.297
2020-07_gen5ou-0.json,Zapdos,Moves,,U-turn,4.237
2020-07_gen5ou-0.json,Zapdos,Moves,,Substitute,4.025
2020-07_gen5ou-0.json,Zapdos,Moves,,Drill Peck,3.919
2020-07_gen5ou-0.json,Zapdos,Moves,,Roar,3.919
2020-07_gen5ou-0.json,Zapdos,Moves,,Agility,2.754
2020-07_gen5ou-0.json,Zapdos,Moves,,Other,18.962
2020-07_gen5ou-0.json,Azumarill,Stats,Raw count,,935
2020-07_gen5ou-0.json,Azumarill,Stats,Avg. weight,,1.0
2020-07_gen5ou-0.json,Azumarill,Stats,Viability Ceiling,,80
2020-07_gen5ou-0.json,Azumarill,Stats,Adamant,,2.781
2020-07_gen5ou-0.json,Azumarill,Stats,Hardy,,3.957
2020-07_gen5ou-0.json,Azumarill,Abilities,,Huge Power,85.348
2020-07_gen5ou-0.json,Azumarill,Abilities,,Sap Sipper,13.583
2020-07_gen5ou-0.json,Azumarill,Abilities,,Thick Fat,1.07
2020-07_gen5ou-0.json,Azumarill,Items,,Choice Band,55.401
2020-07_gen5ou-0.json,Azumarill,Items,,Leftovers,25.348
2020-07_gen5ou-0.json,Azumarill,Items,,Sitrus Berry,6.631
2020-07_gen5ou-0.json,Azumarill,Items,,Life Orb,2.567
2020-07_gen5ou-0.json,Azumarill,Items,,Wacan Berry,2.032
2020-07_gen5ou-0.json,Azumarill,Items,,Choice Specs,1.925
2020-07_gen5ou-0.json,Azumarill,Items,,Damp Rock,1.283
2020-07_gen5ou-0.json,Azumarill,Items,,Other,4.813
2020-07_gen5ou-0.json,Azumarill,Spreads,,Other,28.342
2020-07_gen5ou-0.json,Azumarill,Moves,,Aqua Jet,79.251
2020-07_gen5ou-0.json,Azumarill,Moves,,Ice Punch,76.257
2020-07_gen5ou-0.json,Azumarill,Moves,,Waterfall,74.973
2020-07_gen5ou-0.json,Azumarill,Moves,,Superpower,67.807
2020-07_gen5ou-0.json,Azumarill,Moves,,Belly Drum,14.011
2020-07_gen5ou-0.json,Azumarill,Moves,,Aqua Tail,10.267
2020-07_gen5ou-0.json,Azumarill,Moves,,Brick Break,9.733
2020-07_gen5ou-0.json,Azumarill,Moves,,Double-Edge,8.984
2020-07_gen5ou-0.json,Azumarill,Moves,,Knock Off,8.663
2020-07_gen5ou-0.json,Azumarill,Moves,,Iron Tail,7.166
2020-07_gen5ou-0.json,Azumarill,Moves,,Body Slam,4.813
2020-07_gen5ou-0.json,Azumarill,Moves,,Refresh,4.171
2020-07_gen5ou-0.json,Azumarill,Moves,,Substitute,4.064
2020-07_gen5ou-0.json,Azumarill,Moves,,Toxic,3.422
2020-07_gen5ou-0.json,Azumarill,Moves,,Rain Dance,3.316
2020-07_gen5ou-0.json,Azumarill,Moves,,Aqua Ring,2.246
2020-07_gen5ou-0.json,Azumarill,Moves,,Nothing,2.139
2020-07_gen5ou-0.json,Azumarill,Moves,,Other,18.717
2020-07_gen5ou-0.json,Seismitoad,Stats,Raw count,,944
2020-07_gen5ou-0.json,Seismitoad,Stats,Avg. weight,,1.0
2020-07_gen5ou-0.json,Seismitoad,Stats,Viability Ceiling,,91
2020-07_gen5ou-0.json,Seismitoad,Stats,Sassy,,7.309
2020-07_gen5ou-0.json,Seismitoad,Stats,Calm,,6.250
2020-07_gen5ou-0.json,Seismitoad,Stats,Adamant,,4.767
2020-07_gen5ou-0.json,Seismitoad,Stats,Mild,,4.661
2020-07_gen5ou-0.json,Seismitoad,Stats,Modest,,4.661
2020-07_gen5ou-0.json,Seismitoad,Stats,Brave,,4.343
2020-07_gen5ou-0.json,Seismitoad,Abilities,,Water Absorb,47.669
2020-07_gen5ou-0.json,Seismitoad,Abilities,,Swift Swim,27.436
2020-07_gen5ou-0.json,Seismitoad,Abilities,,Poison Touch,24.894
2020-07_gen5ou-0.json,Seismitoad,Items,,Leftovers,56.356
2020-07_gen5ou-0.json,Seismitoad,Items,,Rocky Helmet,7.733
2020-07_gen5ou-0.json,Seismitoad,Items,,Nothing,4.979
2020-07_gen5ou-0.json,Seismitoad,Items,,Life Orb,4.767
2020-07_gen5ou-0.json,Seismitoad,Items,,Rindo Berry,4.555
2020-07_gen5ou-0.json,Seismitoad,Items,,Focus Sash,3.072
2020-07_gen5ou-0.json,Seismitoad,Items,,Sitrus Berry,3.072
2020-07_gen5ou-0.json,Seismitoad,Items,,Expert Belt,2.966
2020-07_gen5ou-0.json,Seismitoad,Items,,Choice Specs,1.801
2020-07_gen5ou-0.json,Seismitoad,Items,,Splash Plate,1.695
2020-07_gen5ou-0.json,Seismitoad,Items,,Earth Plate,1.483
2020-07_gen5ou-0.json,Seismitoad,Items,,Wave Incense,1.059
2020-07_gen5ou-0.json,Seismitoad,Items,,Big Root,0.847
2020-07_gen5ou-0.json,Seismitoad,Items,,Chesto Berry,0.742
2020-07_gen5ou-0.json,Seismitoad,Items,,Other,4.873
2020-07_gen5ou-0.json,Seismitoad,Spreads,,Other,68.008
2020-07_gen5ou-0.json,Seismitoad,Moves,,Earthquake,61.335
2020-07_gen5ou-0.json,Seismitoad,Moves,,Scald,46.61
2020-07_gen5ou-0.json,Seismitoad,Moves,,Stealth Rock,40.784
2020-07_gen5ou-0.json,Seismitoad,Moves,,Drain Punch,29.025
2020-07_gen5ou-0.json,Seismitoad,Moves,,Toxic,28.284
2020-07_gen5ou-0.json,Seismitoad,Moves,,Earth Power,27.331
2020-07_gen5ou-0.json,Seismitoad,Moves,,Refresh,18.008
2020-07_gen5ou-0.json,Seismitoad,Moves,,Surf,17.903
2020-07_gen5ou-0.json,Seismitoad,Moves,,Hydro Pump,17.161
2020-07_gen5ou-0.json,Seismitoad,Moves,,Sludge Wave,16.737
2020-07_gen5ou-0.json,Seismitoad,Moves,,Ice Punch,14.513
2020-07_gen5ou-0.json,Seismitoad,Moves,,Rain Dance,13.665
2020-07_gen5ou-0.json,Seismitoad,Moves,,Muddy Water,12.712
2020-07_gen5ou-0.json,Seismitoad,Moves,,Protect,9.64
2020-07_gen5ou-0.json,Seismitoad,Moves,,Sludge Bomb,7.203
2020-07_gen5ou-0.json,Seismitoad,Moves,,Aqua Ring,5.826
2020-07_gen5ou-0.json,Seismitoad,Moves,,Focus Blast,5.614
2020-07_gen5ou-0.json,Seismitoad,Moves,,Poison Jab,5.085
2020-07_gen5ou-0.json,Seismitoad,Moves,,Knock Off,3.284
2020-07_gen5ou-0.json,Seismitoad,Moves,,Other,19.28
2020-07_gen5ou-0.json,Raikou,Stats,Raw count,,888
2020-07_gen5ou-0.json,Raikou,Stats,Avg. weight,,1.0
2020-07_gen5ou-0.json,Raikou,Stats,Viability Ceiling,,76
2020-07_gen5ou-0.json,Raikou,Stats,Timid,,3.378
2020-07_gen5ou-0.json,Raikou,Stats,Rash,,13.401
2020-07_gen5ou-0.json,Raikou,Stats,Hardy,,2.815
2020-07_gen5ou-0.json,Raikou,Abilities,,Pressure,100.0
2020-07_gen5ou-0.json,Raikou,Items,,Leftovers,34.009
2020-07_gen5ou-0.json,Raikou,Items,,Choice Specs,24.099
2020-07_gen5ou-0.json,Raikou,Items,,Expert Belt,11.036
2020-07_gen5ou-0.json,Raikou,Items,,Life Orb,8.108
2020-07_gen5ou-0.json,Raikou,Items,,Choice Scarf,6.081
2020-07_gen5ou-0.json,Raikou,Items,,Lum Berry,5.631
2020-07_gen5ou-0.json,Raikou,Items,,Rocky Helmet,3.604
2020-07_gen5ou-0.json,Raikou,Items,,Air Balloon,1.464
2020-07_gen5ou-0.json,Raikou,Items,,Electric Gem,1.351
2020-07_gen5ou-0.json,Raikou,Items,,Other,4.617
2020-07_gen5ou-0.json,Raikou,Spreads,,Other,17.793
2020-07_gen5ou-0.json,Raikou,Moves,,Thunderbolt,70.045
2020-07_gen5ou-0.json,Raikou,Moves,,Hidden Power Ice,62.162
2020-07_gen5ou-0.json,Raikou,Moves,,Volt Switch,52.703
2020-07_gen5ou-0.json,Raikou,Moves,,Aura Sphere,39.752
2020-07_gen5ou-0.json,Raikou,Moves,,Calm Mind,32.545
2020-07_gen5ou-0.json,Raikou,Moves,,Signal Beam,27.928
2020-07_gen5ou-0.json,Raikou,Moves,,Extrasensory,18.694
2020-07_gen5ou-0.json,Raikou,Moves,,Shadow Ball,18.356
2020-07_gen5ou-0.json,Raikou,Moves,,Thunder,18.131
2020-07_gen5ou-0.json,Raikou,Moves,,Discharge,12.613
2020-07_gen5ou-0.json,Raikou,Moves,,Substitute,12.5
2020-07_gen5ou-0.json,Raikou,Moves,,Weather Ball,6.757
2020-07_gen5ou-0.json,Raikou,Moves,,Protect,4.73
2020-07_gen5ou-0.json,Raikou,Moves,,Extreme Speed,2.928
2020-07_gen5ou-0.json,Raikou,Moves,,Hidden Power Fire,2.815
2020-07_gen5ou-0.json,Raikou,Moves,,Other,17.342
2020-07_gen5ou-0.json,Hitmontop,Stats,Raw count,,864
2020-07_gen5ou-0.json,Hitmontop,Stats,Avg. weight,,1.0
2020-07_gen5ou-0.json,Hitmontop,Stats,Viability Ceiling,,70
2020-07_gen5ou-0.json,Hitmontop,Stats,Adamant,,5.440
2020-07_gen5ou-0.json,Hitmontop,Stats,Careful,,11.343
2020-07_gen5ou-0.json,Hitmontop,Stats,Impish,,5.440
2020-07_gen5ou-0.json,Hitmontop,Abilities,,Intimidate,70.139
2020-07_gen5ou-0.json,Hitmontop,Abilities,,Technician,29.861
2020-07_gen5ou-0.json,Hitmontop,Items,,Leftovers,58.681
2020-07_gen5ou-0.json,Hitmontop,Items,,Life Orb,13.194
2020-07_gen5ou-0.json,Hitmontop,Items,,Rocky Helmet,6.829
2020-07_gen5ou-0.json,Hitmontop,Items,,Chesto Berry,6.366
2020-07_gen5ou-0.json,Hitmontop,Items,,Sitrus Berry,3.241
2020-07_gen5ou-0.json,Hitmontop,Items,,Expert Belt,2.662
2020-07_gen5ou-0.json,Hitmontop,Items,,Black Belt,1.62
2020-07_gen5ou-0.json,Hitmontop,Items,,Scope Lens,1.505
2020-07_gen5ou-0.json,Hitmontop,Items,,Lum Berry,1.042
2020-07_gen5ou-0.json,Hitmontop,Items,,Other,4.861
2020-07_gen5ou-0.json,Hitmontop,Spreads,,Other,43.171
2020-07_gen5ou-0.json,Hitmontop,Moves,,Rapid Spin,75.579
2020-07_gen5ou-0.json,Hitmontop,Moves,,Sucker Punch,51.505
2020-07_gen5ou-0.json,Hitmontop,Moves,,Close Combat,50.694
2020-07_gen5ou-0.json,Hitmontop,Moves,,Fake Out,47.685
2020-07_gen5ou-0.json,Hitmontop,Moves,,Mach Punch,37.847
2020-07_gen5ou-0.json,Hitmontop,Moves,,Toxic,24.306
2020-07_gen5ou-0.json,Hitmontop,Moves,,Bulk Up,18.287
2020-07_gen5ou-0.json,Hitmontop,Moves,,Bullet Punch,15.625
2020-07_gen5ou-0.json,Hitmontop,Moves,,High Jump Kick,15.278
2020-07_gen5ou-0.json,Hitmontop,Moves,,Stone Edge,14.12
2020-07_gen5ou-0.json,Hitmontop,Moves,,Earthquake,7.523
2020-07_gen5ou-0.json,Hitmontop,Moves,,Rest,6.481
2020-07_gen5ou-0.json,Hitmontop,Moves,,Protect,5.787
2020-07_gen5ou-0.json,Hitmontop,Moves,,Aerial Ace,5.44
2020-07_gen5ou-0.json,Hitmontop,Moves,,Pursuit,5.324
2020-07_gen5ou-0.json,Hitmontop,Moves,,Other,18.519
2020-07_gen5ou-0.json,Electivire,Stats,Raw count,,854
2020-07_gen5ou-0.json,Electivire,Stats,Avg. weight,,1.0
2020-07_gen5ou-0.json,Electivire,Stats,Viability Ceiling,,67
2020-07_gen5ou-0.json,Electivire,Stats,Adamant,,6.089
2020-07_gen5ou-0.json,Electivire,Stats,Timid,,8.782
2020-07_gen5ou-0.json,Electivire,Stats,Jolly,,7.026
2020-07_gen5ou-0.json,Electivire,Stats,Lonely,,6.557
2020-07_gen5ou-0.json,Electivire,Abilities,,Motor Drive,95.316
2020-07_gen5ou-0.json,Electivire,Abilities,,Vital Spirit,4.684
2020-07_gen5ou-0.json,Electivire,Items,,Expert Belt,30.211
2020-07_gen5ou-0.json,Electivire,Items,,Life Orb,22.834
2020-07_gen5ou-0.json,Electivire,Items,,Choice Scarf,9.485
2020-07_gen5ou-0.json,Electivire,Items,,Leftovers,7.494
2020-07_gen5ou-0.json,Electivire,Items,,Nothing,5.738
2020-07_gen5ou-0.json,Electivire,Items,,Choice Band,4.333
2020-07_gen5ou-0.json,Electivire,Items,,Focus Sash,3.981
2020-07_gen5ou-0.json,Electivire,Items,,Electric Gem,3.162
2020-07_gen5ou-0.json,Electivire,Items,,Lum Berry,2.342
2020-07_gen5ou-0.json,Electivire,Items,,Air Balloon,1.522
2020-07_gen5ou-0.json,Electivire,Items,,Sitrus Berry,1.405
2020-07_gen5ou-0.json,Electivire,Items,,Wide Lens,1.288
2020-07_gen5ou-0.json,Electivire,Items,,Zap Plate,1.171
2020-07_gen5ou-0.json,Electivire,Items,,Magnet,1.054
2020-07_gen5ou-0.json,Electivire,Items,,Other,3.981
2020-07_gen5ou-0.json,Electivire,Spreads,,Other,40.281
2020-07_gen5ou-0.json,Electivire,Moves,,Earthquake,71.663
2020-07_gen5ou-0.json,Electivire,Moves,,Ice Punch,70.843
2020-07_gen5ou-0.json,Electivire,Moves,,Thunder Punch,45.785
2020-07_gen5ou-0.json,Electivire,Moves,,Fire Punch,36.768
2020-07_gen5ou-0.json,Electivire,Moves,,Wild Charge,28.103
2020-07_gen5ou-0.json,Electivire,Moves,,Brick Break,25.644
2020-07_gen5ou-0.json,Electivire,Moves,,Flamethrower,24.941
2020-07_gen5ou-0.json,Electivire,Moves,,Cross Chop,15.574
2020-07_gen5ou-0.json,Electivire,Moves,,Thunderbolt,14.403
2020-07_gen5ou-0.json,Electivire,Moves,,Volt Switch,13.466
2020-07_gen5ou-0.json,Electivire,Moves,,Thunder,8.08
2020-07_gen5ou-0.json,Electivire,Moves,,Hidden Power Grass,5.855
2020-07_gen5ou-0.json,Electivire,Moves,,Protect,5.035
2020-07_gen5ou-0.json,Electivire,Moves,,Discharge,4.098
2020-07_gen5ou-0.json,Electivire,Moves,,Counter,3.513
2020-07_gen5ou-0.json,Electivire,Moves,,Light Screen,3.162
2020-07_gen5ou-0.json,Electivire,Moves,,Signal Beam,2.576
2020-07_gen5ou-0.json,Electivire,Moves,,Quick Attack,2.225
2020-07_gen5ou-0.json,Electivire,Moves,,Other,18.267
2020-07_gen5ou-0.json,Flygon,Stats,Raw count,,885
2020-07_gen5ou-0.json,Flygon,Stats,Avg. weight,,1.0
2020-07_gen5ou-0.json,Flygon,Stats,Viability Ceiling,,67
2020-07_gen5ou-0.json,Flygon,Stats,Jolly,,11.299
2020-07_gen5ou-0.json,Flygon,Stats,Hasty,,10.056
2020-07_gen5ou-0.json,Flygon,Stats,Adamant,,4.972
2020-07_gen5ou-0.json,Flygon,Stats,Timid,,6.102
2020-07_gen5ou-0.json,Flygon,Abilities,,Levitate,100.0
2020-07_gen5ou-0.json,Flygon,Items,,Choice Scarf,35.141
2020-07_gen5ou-0.json,Flygon,Items,,Choice Band,14.237
2020-07_gen5ou-0.json,Flygon,Items,,Leftovers,10.508
2020-07_gen5ou-0.json,Flygon,Items,,Dragon Gem,8.249
2020-07_gen5ou-0.json,Flygon,Items,,Life Orb,6.667
2020-07_gen5ou-0.json,Flygon,Items,,Choice Specs,5.085
2020-07_gen5ou-0.json,Flygon,Items,,Focus Sash,4.181
2020-07_gen5ou-0.json,Flygon,Items,,Nothing,3.729
2020-07_gen5ou-0.json,Flygon,Items,,Sitrus Berry,2.147
2020-07_gen5ou-0.json,Flygon,Items,,Dragon Fang,1.243
2020-07_gen5ou-0.json,Flygon,Items,,Earth Plate,1.13
2020-07_gen5ou-0.json,Flygon,Items,,Focus Band,1.017
2020-07_gen5ou-0.json,Flygon,Items,,Yache Berry,1.017
2020-07_gen5ou-0.json,Flygon,Items,,Power Herb,1.017
2020-07_gen5ou-0.json,Flygon,Items,,Other,4.633
2020-07_gen5ou-0.json,Flygon,Spreads,,Other,33.22
2020-07_gen5ou-0.json,Flygon,Moves,,Earthquake,84.068
2020-07_gen5ou-0.json,Flygon,Moves,,U-turn,53.333
2020-07_gen5ou-0.json,Flygon,Moves,,Outrage,45.198
2020-07_gen5ou-0.json,Flygon,Moves,,Dragon Claw,27.232
2020-07_gen5ou-0.json,Flygon,Moves,,Fire Blast,23.39
2020-07_gen5ou-0.json,Flygon,Moves,,Fire Punch,22.034
2020-07_gen5ou-0.json,Flygon,Moves,,Draco Meteor,21.808
2020-07_gen5ou-0.json,Flygon,Moves,,Earth Power,14.011
2020-07_gen5ou-0.json,Flygon,Moves,,Flamethrower,11.186
2020-07_gen5ou-0.json,Flygon,Moves,,Stone Edge,10.734
2020-07_gen5ou-0.json,Flygon,Moves,,Thunder Punch,9.492
2020-07_gen5ou-0.json,Flygon,Moves,,Crunch,8.588
2020-07_gen5ou-0.json,Flygon,Moves,,Body Slam,7.797
2020-07_gen5ou-0.json,Flygon,Moves,,Defog,7.458
2020-07_gen5ou-0.json,Flygon,Moves,,Fly,6.78
2020-07_gen5ou-0.json,Flygon,Moves,,Dragon Tail,5.876
2020-07_gen5ou-0.json,Flygon,Moves,,Dragon Pulse,5.537
2020-07_gen5ou-0.json,Flygon,Moves,,Rock Slide,5.424
2020-07_gen5ou-0.json,Flygon,Moves,,Superpower,4.181
2020-07_gen5ou-0.json,Flygon,Moves,,Roost,3.503
2020-07_gen5ou-0.json,Flygon,Moves,,Iron Tail,3.277
2020-07_gen5ou-0.json,Flygon,Moves,,Other,19.096
2020-07_gen5ou-0.json,Dusclops,Stats,Raw count,,867
2020-07_gen5ou-0.json,Dusclops,Stats,Avg. weight,,1.0
2020-07_gen5ou-0.json,Dusclops,Stats,Viability Ceiling,,67
2020-07_gen5ou-0.json,Dusclops,Stats,Sassy,,5.075
2020-07_gen5ou-0.json,Dusclops,Stats,Calm,,6.228
2020-07_gen5ou-0.json,Dusclops,Stats,Bold,,5.767
2020-07_gen5ou-0.json,Dusclops,Abilities,,Pressure,100.0
2020-07_gen5ou-0.json,Dusclops,Items,,Eviolite,95.386
2020-07_gen5ou-0.json,Dusclops,Items,,Other,4.614
2020-07_gen5ou-0.json,Dusclops,Spreads,,Other,48.674
2020-07_gen5ou-0.json,Dusclops,Moves,,Pain Split,65.167
2020-07_gen5ou-0.json,Dusclops,Moves,,Will-O-Wisp,58.478
2020-07_gen5ou-0.json,Dusclops,Moves,,Night Shade,48.328
2020-07_gen5ou-0.json,Dusclops,Moves,,Trick Room,36.909
2020-07_gen5ou-0.json,Dusclops,Moves,,Toxic,35.294
2020-07_gen5ou-0.json,Dusclops,Moves,,Curse,27.682
2020-07_gen5ou-0.json,Dusclops,Moves,,Seismic Toss,17.07
2020-07_gen5ou-0.json,Dusclops,Moves,,Shadow Sneak,16.955
2020-07_gen5ou-0.json,Dusclops,Moves,,Destiny Bond,14.879
2020-07_gen5ou-0.json,Dusclops,Moves,,Protect,11.765
2020-07_gen5ou-0.json,Dusclops,Moves,,Taunt,7.728
2020-07_gen5ou-0.json,Dusclops,Moves,,Rest,7.612
2020-07_gen5ou-0.json,Dusclops,Moves,,Shadow Ball,5.536
2020-07_gen5ou-0.json,Dusclops,Moves,,Hex,5.19
2020-07_gen5ou-0.json,Dusclops,Moves,,Substitute,5.075
2020-07_gen5ou-0.json,Dusclops,Moves,,Sleep Talk,4.844
2020-07_gen5ou-0.json,Dusclops,Moves,,Earthquake,4.152
2020-07_gen5ou-0.json,Dusclops,Moves,,Confuse Ray,3.46
2020-07_gen5ou-0.json,Dusclops,Moves,,Disable,3.46
2020-07_gen5ou-0.json,Dusclops,Moves,,Dark Pulse,2.537
2020-07_gen5ou-0.json,Dusclops,Moves,,Other,17.878
2020-07_gen5ou-0.json,Sharpedo,Stats,Raw count,,853
2020-07_gen5ou-0.json,Sharpedo,Stats,Avg. weight,,1.0
2020-07_gen5ou-0.json,Sharpedo,Stats,Viability Ceiling,,82
2020-07_gen5ou-0.json,Sharpedo,Stats,Adamant,,4.338
2020-07_gen5ou-0.json,Sharpedo,Stats,Lonely,,4.807
2020-07_gen5ou-0.json,Sharpedo,Stats,Modest,,3.165
2020-07_gen5ou-0.json,Sharpedo,Abilities,,Speed Boost,93.787
2020-07_gen5ou-0.json,Sharpedo,Abilities,,Rough Skin,6.213
2020-07_gen5ou-0.json,Sharpedo,Items,,Life Orb,47.245
2020-07_gen5ou-0.json,Sharpedo,Items,,Focus Sash,17.468
2020-07_gen5ou-0.json,Sharpedo,Items,,Expert Belt,10.785
2020-07_gen5ou-0.json,Sharpedo,Items,,Leftovers,6.448
2020-07_gen5ou-0.json,Sharpedo,Items,,Sitrus Berry,3.634
2020-07_gen5ou-0.json,Sharpedo,Items,,Black Glasses,2.11
2020-07_gen5ou-0.json,Sharpedo,Items,,Choice Scarf,2.11
2020-07_gen5ou-0.json,Sharpedo,Items,,Rocky Helmet,1.993
2020-07_gen5ou-0.json,Sharpedo,Items,,Wide Lens,1.524
2020-07_gen5ou-0.json,Sharpedo,Items,,Liechi Berry,1.524
2020-07_gen5ou-0.json,Sharpedo,Items,,Chople Berry,1.29
2020-07_gen5ou-0.json,Sharpedo,Items,,Other,3.869
2020-07_gen5ou-0.json,Sharpedo,Spreads,,Other,21.571
2020-07_gen5ou-0.json,Sharpedo,Moves,,Crunch,88.042
2020-07_gen5ou-0.json,Sharpedo,Moves,,Waterfall,85.932
2020-07_gen5ou-0.json,Sharpedo,Moves,,Protect,72.333
2020-07_gen5ou-0.json,Sharpedo,Moves,,Ice Fang,53.224
2020-07_gen5ou-0.json,Sharpedo,Moves,,Earthquake,26.964
2020-07_gen5ou-0.json,Sharpedo,Moves,,Zen Headbutt,16.647
2020-07_gen5ou-0.json,Sharpedo,Moves,,Aqua Jet,12.309
2020-07_gen5ou-0.json,Sharpedo,Moves,,Ice Beam,6.096
2020-07_gen5ou-0.json,Sharpedo,Moves,,Dark Pulse,5.158
2020-07_gen5ou-0.json,Sharpedo,Moves,,Night Slash,4.924
2020-07_gen5ou-0.json,Sharpedo,Moves,,Surf,4.689
2020-07_gen5ou-0.json,Sharpedo,Moves,,Hydro Pump,3.634
2020-07_gen5ou-0.json,Sharpedo,Moves,,Scald,1.993
2020-07_gen5ou-0.json,Sharpedo,Moves,,Other,18.054
2020-07_gen5ou-0.json,Riolu,Stats,Raw count,,888
2020-07_gen5ou-0.json,Riolu,Stats,Avg. weight,,1.0
2020-07_gen5ou-0.json,Riolu,Stats,Viability Ceiling,,72
2020-07_gen5ou-0.json,Riolu,Stats,Adamant,,10.923
2020-07_gen5ou-0.json,Riolu,Stats,Jolly,,4.842
2020-07_gen5ou-0.json,Riolu,Stats,Careful,,8.559
2020-07_gen5ou-0.json,Riolu,Abilities,,Prankster,98.874
2020-07_gen5ou-0.json,Riolu,Abilities,,Steadfast,1.014
2020-07_gen5ou-0.json,Riolu,Abilities,,Inner Focus,0.113
2020-07_gen5ou-0.json,Riolu,Items,,Focus Sash,75.225
2020-07_gen5ou-0.json,Riolu,Items,,Leftovers,10.586
2020-07_gen5ou-0.json,Riolu,Items,,Eviolite,7.545
2020-07_gen5ou-0.json,Riolu,Items,,Lagging Tail,3.378
2020-07_gen5ou-0.json,Riolu,Items,,Other,3.266
2020-07_gen5ou-0.json,Riolu,Spreads,,Other,47.635
2020-07_gen5ou-0.json,Riolu,Moves,,Copycat,96.734
2020-07_gen5ou-0.json,Riolu,Moves,,Roar,92.568
2020-07_gen5ou-0.json,Riolu,Moves,,Nothing,31.757
2020-07_gen5ou-0.json,Riolu,Moves,,Drain Punch,29.279
2020-07_gen5ou-0.json,Riolu,Moves,,Substitute,25.788
2020-07_gen5ou-0.json,Riolu,Moves,,Reversal,21.734
2020-07_gen5ou-0.json,Riolu,Moves,,Swords Dance,20.833
2020-07_gen5ou-0.json,Riolu,Moves,,Blaze Kick,20.721
2020-07_gen5ou-0.json,Riolu,Moves,,Protect,10.135
2020-07_gen5ou-0.json,Riolu,Moves,,Quick Attack,9.234
2020-07_gen5ou-0.json,Riolu,Moves,,Toxic,7.883
2020-07_gen5ou-0.json,Riolu,Moves,,Bullet Punch,5.293
2020-07_gen5ou-0.json,Riolu,Moves,,Agility,4.73
2020-07_gen5ou-0.json,Riolu,Moves,,Counter,3.716
2020-07_gen5ou-0.json,Riolu,Moves,,Other,19.595
2020-07_gen5ou-0.json,Nidoking,Stats,Raw count,,791
2020-07_gen5ou-0.json,Nidoking,Stats,Avg. weight,,1.0
2020-07_gen5ou-0.json,Nidoking,Stats,Viability Ceiling,,68
2020-07_gen5ou-0.json,Nidoking,Stats,Timid,,3.919
2020-07_gen5ou-0.json,Nidoking,Stats,Modest,,3.413
2020-07_gen5ou-0.json,Nidoking,Abilities,,Sheer Force,74.589
2020-07_gen5ou-0.json,Nidoking,Abilities,,Poison Point,21.618
2020-07_gen5ou-0.json,Nidoking,Abilities,,Rivalry,3.793
2020-07_gen5ou-0.json,Nidoking,Items,,Life Orb,51.96
2020-07_gen5ou-0.json,Nidoking,Items,,Choice Scarf,20.607
2020-07_gen5ou-0.json,Nidoking,Items,,Focus Sash,6.827
2020-07_gen5ou-0.json,Nidoking,Items,,Leftovers,5.689
2020-07_gen5ou-0.json,Nidoking,Items,,Choice Specs,2.655
2020-07_gen5ou-0.json,Nidoking,Items,,Black Sludge,2.276
2020-07_gen5ou-0.json,Nidoking,Items,,Choice Band,1.517
2020-07_gen5ou-0.json,Nidoking,Items,,Sitrus Berry,1.391
2020-07_gen5ou-0.json,Nidoking,Items,,Air Balloon,1.138
2020-07_gen5ou-0.json,Nidoking,Items,,Nothing,1.138
2020-07_gen5ou-0.json,Nidoking,Items,,Other,4.804
2020-07_gen5ou-0.json,Nidoking,Spreads,,Other,33.502
2020-07_gen5ou-0.json,Nidoking,Moves,,Ice Beam,70.796
2020-07_gen5ou-0.json,Nidoking,Moves,,Earth Power,68.521
2020-07_gen5ou-0.json,Nidoking,Moves,,Thunderbolt,48.546
2020-07_gen5ou-0.json,Nidoking,Moves,,Flamethrower,37.927
2020-07_gen5ou-0.json,Nidoking,Moves,,Sludge Wave,25.411
2020-07_gen5ou-0.json,Nidoking,Moves,,Earthquake,21.239
2020-07_gen5ou-0.json,Nidoking,Moves,,Fire Blast,17.32
2020-07_gen5ou-0.json,Nidoking,Moves,,Poison Jab,15.171
2020-07_gen5ou-0.json,Nidoking,Moves,,Sludge Bomb,14.159
2020-07_gen5ou-0.json,Nidoking,Moves,,Stealth Rock,7.965
2020-07_gen5ou-0.json,Nidoking,Moves,,Brick Break,7.585
2020-07_gen5ou-0.json,Nidoking,Moves,,Fire Punch,6.7
2020-07_gen5ou-0.json,Nidoking,Moves,,Ice Punch,6.448
2020-07_gen5ou-0.json,Nidoking,Moves,,Megahorn,5.942
2020-07_gen5ou-0.json,Nidoking,Moves,,Substitute,5.563
2020-07_gen5ou-0.json,Nidoking,Moves,,Toxic Spikes,4.046
2020-07_gen5ou-0.json,Nidoking,Moves,,Focus Blast,3.54
2020-07_gen5ou-0.json,Nidoking,Moves,,Rock Slide,3.161
2020-07_gen5ou-0.json,Nidoking,Moves,,Shadow Ball,3.034
2020-07_gen5ou-0.json,Nidoking,Moves,,Thunder Punch,3.034
2020-07_gen5ou-0.json,Nidoking,Moves,,Aqua Tail,2.908
2020-07_gen5ou-0.json,Nidoking,Moves,,Roar,2.276
2020-07_gen5ou-0.json,Nidoking,Moves,,Other,18.71
2020-07_gen5ou-0.json,Clefable,Stats,Raw count,,785
2020-07_gen5ou-0.json,Clefable,Stats,Avg. weight,,1.0
2020-07_gen5ou-0.json,Clefable,Stats,Viability Ceiling,,81
2020-07_gen5ou-0.json,Clefable,Stats,Bold,,5.860
2020-07_gen5ou-0.json,Clefable,Stats,Calm,,8.790
2020-07_gen5ou-0.json,Clefable,Stats,Modest,,5.350
2020-07_gen5ou-0.json,Clefable,Abilities,,Magic Guard,76.561
2020-07_gen5ou-0.json,Clefable,Abilities,,Unaware,21.783
2020-07_gen5ou-0.json,Clefable,Abilities,,Cute Charm,1.656
2020-07_gen5ou-0.json,Clefable,Items,,Leftovers,78.344
2020-07_gen5ou-0.json,Clefable,Items,,Life Orb,10.828
2020-07_gen5ou-0.json,Clefable,Items,,Absorb Bulb,2.42
2020-07_gen5ou-0.json,Clefable,Items,,Rocky Helmet,2.42
2020-07_gen5ou-0.json,Clefable,Items,,Focus Sash,1.911
2020-07_gen5ou-0.json,Clefable,Items,,Other,4.076
2020-07_gen5ou-0.json,Clefable,Spreads,,Other,47.261
2020-07_gen5ou-0.json,Clefable,Moves,,Wish,50.573
2020-07_gen5ou-0.json,Clefable,Moves,,Toxic,41.401
2020-07_gen5ou-0.json,Clefable,Moves,,Flamethrower,38.344
2020-07_gen5ou-0.json,Clefable,Moves,,Soft-Boiled,31.592
2020-07_gen5ou-0.json,Clefable,Moves,,Cosmic Power,27.516
2020-07_gen5ou-0.json,Clefable,Moves,,Protect,24.586
2020-07_gen5ou-0.json,Clefable,Moves,,Thunder Wave,24.331
2020-07_gen5ou-0.json,Clefable,Moves,,Ice Beam,19.618
2020-07_gen5ou-0.json,Clefable,Moves,,Stored Power,15.287
2020-07_gen5ou-0.json,Clefable,Moves,,Calm Mind,12.739
2020-07_gen5ou-0.json,Clefable,Moves,,Knock Off,11.72
2020-07_gen5ou-0.json,Clefable,Moves,,Heal Bell,10.955
2020-07_gen5ou-0.json,Clefable,Moves,,Seismic Toss,10.828
2020-07_gen5ou-0.json,Clefable,Moves,,Encore,10.191
2020-07_gen5ou-0.json,Clefable,Moves,,Stealth Rock,8.662
2020-07_gen5ou-0.json,Clefable,Moves,,Fire Blast,7.898
2020-07_gen5ou-0.json,Clefable,Moves,,Psychic,6.624
2020-07_gen5ou-0.json,Clefable,Moves,,Thunder,5.478
2020-07_gen5ou-0.json,Clefable,Moves,,Metronome,4.076
2020-07_gen5ou-0.json,Clefable,Moves,,Nothing,3.567
2020-07_gen5ou-0.json,Clefable,Moves,,Thunderbolt,3.057
2020-07_gen5ou-0.json,Clefable,Moves,,Magic Coat,2.803
2020-07_gen5ou-0.json,Clefable,Moves,,Moonlight,2.803
2020-07_gen5ou-0.json,Clefable,Moves,,Shadow Ball,2.42
2020-07_gen5ou-0.json,Clefable,Moves,,Rest,1.911
2020-07_gen5ou-0.json,Clefable,Moves,,Facade,1.656
2020-07_gen5ou-0.json,Clefable,Moves,,Other,19.363
2020-07_gen5ou-0.json,Galvantula,Stats,Raw count,,805
2020-07_gen5ou-0.json,Galvantula,Stats,Avg. weight,,1.0
2020-07_gen5ou-0.json,Galvantula,Stats,Viability Ceiling,,66
2020-07_gen5ou-0.json,Galvantula,Stats,Timid,,12.919
2020-07_gen5ou-0.json,Galvantula,Stats,Hasty,,2.236
2020-07_gen5ou-0.json,Galvantula,Stats,Modest,,2.609
2020-07_gen5ou-0.json,Galvantula,Stats,Hardy,,1.739
2020-07_gen5ou-0.json,Galvantula,Abilities,,Compound Eyes,88.199
2020-07_gen5ou-0.json,Galvantula,Abilities,,Swarm,7.453
2020-07_gen5ou-0.json,Galvantula,Abilities,,Unnerve,4.348
2020-07_gen5ou-0.json,Galvantula,Items,,Life Orb,31.18
2020-07_gen5ou-0.json,Galvantula,Items,,Focus Sash,11.801
2020-07_gen5ou-0.json,Galvantula,Items,,Leftovers,8.696
2020-07_gen5ou-0.json,Galvantula,Items,,Choice Specs,8.571
2020-07_gen5ou-0.json,Galvantula,Items,,Choice Scarf,8.447
2020-07_gen5ou-0.json,Galvantula,Items,,Nothing,7.329
2020-07_gen5ou-0.json,Galvantula,Items,,Sitrus Berry,6.46
2020-07_gen5ou-0.json,Galvantula,Items,,Magnet,3.106
2020-07_gen5ou-0.json,Galvantula,Items,,Air Balloon,2.981
2020-07_gen5ou-0.json,Galvantula,Items,,Electric Gem,2.609
2020-07_gen5ou-0.json,Galvantula,Items,,Wide Lens,2.36
2020-07_gen5ou-0.json,Galvantula,Items,,Light Clay,0.994
2020-07_gen5ou-0.json,Galvantula,Items,,Expert Belt,0.994
2020-07_gen5ou-0.json,Galvantula,Items,,Other,4.472
2020-07_gen5ou-0.json,Galvantula,Spreads,,Other,26.087
2020-07_gen5ou-0.json,Galvantula,Moves,,Bug Buzz,85.093
2020-07_gen5ou-0.json,Galvantula,Moves,,Thunder,68.075
2020-07_gen5ou-0.json,Galvantula,Moves,,Energy Ball,40.248
2020-07_gen5ou-0.json,Galvantula,Moves,,Volt Switch,34.907
2020-07_gen5ou-0.json,Galvantula,Moves,,Giga Drain,24.596
2020-07_gen5ou-0.json,Galvantula,Moves,,Hidden Power Ice,19.006
2020-07_gen5ou-0.json,Galvantula,Moves,,Thunderbolt,17.764
2020-07_gen5ou-0.json,Galvantula,Moves,,Thunder Wave,17.64
2020-07_gen5ou-0.json,Galvantula,Moves,,Toxic,14.783
2020-07_gen5ou-0.json,Galvantula,Moves,,Discharge,8.944
2020-07_gen5ou-0.json,Galvantula,Moves,,Sucker Punch,8.447
2020-07_gen5ou-0.json,Galvantula,Moves,,Signal Beam,6.957
2020-07_gen5ou-0.json,Galvantula,Moves,,Hidden Power Fire,6.335
2020-07_gen5ou-0.json,Galvantula,Moves,,Electroweb,6.335
2020-07_gen5ou-0.json,Galvantula,Moves,,Light Screen,6.211
2020-07_gen5ou-0.json,Galvantula,Moves,,Poison Jab,5.342
2020-07_gen5ou-0.json,Galvantula,Moves,,Electro Ball,4.224
2020-07_gen5ou-0.json,Galvantula,Moves,,Charge Beam,3.23
2020-07_gen5ou-0.json,Galvantula,Moves,,Spider Web,2.857
2020-07_gen5ou-0.json,Galvantula,Moves,,Other,19.006
2020-07_gen5ou-0.json,Archeops,Stats,Raw count,,811
2020-07_gen5ou-0.json,Archeops,Stats,Avg. weight,,1.0
2020-07_gen5ou-0.json,Archeops,Stats,Viability Ceiling,,78
2020-07_gen5ou-0.json,Archeops,Stats,Jolly,,4.562
2020-07_gen5ou-0.json,Archeops,Stats,Adamant,,2.343
2020-07_gen5ou-0.json,Archeops,Stats,Hasty,,2.959
2020-07_gen5ou-0.json,Archeops,Abilities,,Defeatist,100.0
2020-07_gen5ou-0.json,Archeops,Items,,Flying Gem,38.841
2020-07_gen5ou-0.json,Archeops,Items,,Nothing,24.291
2020-07_gen5ou-0.json,Archeops,Items,,Sitrus Berry,11.344
2020-07_gen5ou-0.json,Archeops,Items,,Focus Sash,5.919
2020-07_gen5ou-0.json,Archeops,Items,,Rock Gem,4.686
2020-07_gen5ou-0.json,Archeops,Items,,Leftovers,3.329
2020-07_gen5ou-0.json,Archeops,Items,,Choice Band,2.589
2020-07_gen5ou-0.json,Archeops,Items,,Choice Scarf,1.85
2020-07_gen5ou-0.json,Archeops,Items,,Life Orb,1.85
2020-07_gen5ou-0.json,Archeops,Items,,Ground Gem,1.726
2020-07_gen5ou-0.json,Archeops,Items,,Other,3.576
2020-07_gen5ou-0.json,Archeops,Spreads,,Other,33.169
2020-07_gen5ou-0.json,Archeops,Moves,,Acrobatics,77.435
2020-07_gen5ou-0.json,Archeops,Moves,,Earthquake,48.705
2020-07_gen5ou-0.json,Archeops,Moves,,Stone Edge,42.417
2020-07_gen5ou-0.json,Archeops,Moves,,Dragon Claw,33.785
2020-07_gen5ou-0.json,Archeops,Moves,,Endeavor,27.127
2020-07_gen5ou-0.json,Archeops,Moves,,U-turn,25.524
2020-07_gen5ou-0.json,Archeops,Moves,,Head Smash,22.935
2020-07_gen5ou-0.json,Archeops,Moves,,Rock Slide,20.222
2020-07_gen5ou-0.json,Archeops,Moves,,Roost,14.303
2020-07_gen5ou-0.json,Archeops,Moves,,Stealth Rock,12.824
2020-07_gen5ou-0.json,Archeops,Moves,,Ancient Power,8.261
2020-07_gen5ou-0.json,Archeops,Moves,,Outrage,7.028
2020-07_gen5ou-0.json,Archeops,Moves,,Fly,5.919
2020-07_gen5ou-0.json,Archeops,Moves,,Dragon Tail,5.795
2020-07_gen5ou-0.json,Archeops,Moves,,Aqua Tail,5.549
2020-07_gen5ou-0.json,Archeops,Moves,,Taunt,5.425
2020-07_gen5ou-0.json,Archeops,Moves,,Heat Wave,5.302
2020-07_gen5ou-0.json,Archeops,Moves,,Crunch,4.069
2020-07_gen5ou-0.json,Archeops,Moves,,Aerial Ace,3.946
2020-07_gen5ou-0.json,Archeops,Moves,,Sky Attack,2.713
2020-07_gen5ou-0.json,Archeops,Moves,,Dragon Pulse,2.466
2020-07_gen5ou-0.json,Archeops,Moves,,Other,18.249
2020-07_gen5ou-0.json,Lapras,Stats,Raw count,,784
2020-07_gen5ou-0.json,Lapras,Stats,Avg. weight,,1.0
2020-07_gen5ou-0.json,Lapras,Stats,Viability Ceiling,,81
2020-07_gen5ou-0.json,Lapras,Stats,Bold,,16.837
2020-07_gen5ou-0.json,Lapras,Stats,Modest,,5.740
2020-07_gen5ou-0.json,Lapras,Stats,Quiet,,5.102
2020-07_gen5ou-0.json,Lapras,Stats,Sassy,,3.827
2020-07_gen5ou-0.json,Lapras,Abilities,,Water Absorb,74.235
2020-07_gen5ou-0.json,Lapras,Abilities,,Hydration,14.796
2020-07_gen5ou-0.json,Lapras,Abilities,,Shell Armor,10.969
2020-07_gen5ou-0.json,Lapras,Items,,Leftovers,38.903
2020-07_gen5ou-0.json,Lapras,Items,,Icy Rock,16.837
2020-07_gen5ou-0.json,Lapras,Items,,Zoom Lens,16.071
2020-07_gen5ou-0.json,Lapras,Items,,Sitrus Berry,6.505
2020-07_gen5ou-0.json,Lapras,Items,,Nothing,4.082
2020-07_gen5ou-0.json,Lapras,Items,,Lum Berry,3.316
2020-07_gen5ou-0.json,Lapras,Items,,Choice Specs,2.806
2020-07_gen5ou-0.json,Lapras,Items,,Zap Plate,1.658
2020-07_gen5ou-0.json,Lapras,Items,,Mystic Water,1.658
2020-07_gen5ou-0.json,Lapras,Items,,Never-Melt Ice,1.276
2020-07_gen5ou-0.json,Lapras,Items,,Life Orb,1.148
2020-07_gen5ou-0.json,Lapras,Items,,Focus Sash,0.893
2020-07_gen5ou-0.json,Lapras,Items,,Other,4.847
2020-07_gen5ou-0.json,Lapras,Spreads,,Other,49.49
2020-07_gen5ou-0.json,Lapras,Moves,,Ice Beam,44.898
2020-07_gen5ou-0.json,Lapras,Moves,,Hydro Pump,42.985
2020-07_gen5ou-0.json,Lapras,Moves,,Blizzard,38.776
2020-07_gen5ou-0.json,Lapras,Moves,,Thunderbolt,30.74
2020-07_gen5ou-0.json,Lapras,Moves,,Hidden Power Fire,21.684
2020-07_gen5ou-0.json,Lapras,Moves,,Toxic,21.046
2020-07_gen5ou-0.json,Lapras,Moves,,Surf,20.536
2020-07_gen5ou-0.json,Lapras,Moves,,Thunder,20.153
2020-07_gen5ou-0.json,Lapras,Moves,,Hail,19.005
2020-07_gen5ou-0.json,Lapras,Moves,,Ice Shard,17.985
2020-07_gen5ou-0.json,Lapras,Moves,,Psychic,13.903
2020-07_gen5ou-0.json,Lapras,Moves,,Dragon Dance,9.311
2020-07_gen5ou-0.json,Lapras,Moves,,Rest,8.801
2020-07_gen5ou-0.json,Lapras,Moves,,Curse,8.801
2020-07_gen5ou-0.json,Lapras,Moves,,Waterfall,8.291
2020-07_gen5ou-0.json,Lapras,Moves,,Substitute,7.526
2020-07_gen5ou-0.json,Lapras,Moves,,Protect,7.015
2020-07_gen5ou-0.json,Lapras,Moves,,Avalanche,6.888
2020-07_gen5ou-0.json,Lapras,Moves,,Drill Run,6.25
2020-07_gen5ou-0.json,Lapras,Moves,,Perish Song,5.867
2020-07_gen5ou-0.json,Lapras,Moves,,Rain Dance,4.847
2020-07_gen5ou-0.json,Lapras,Moves,,Dragon Pulse,4.209
2020-07_gen5ou-0.json,Lapras,Moves,,Aqua Tail,3.571
2020-07_gen5ou-0.json,Lapras,Moves,,Body Slam,3.061
2020-07_gen5ou-0.json,Lapras,Moves,,Hidden Power Fighting,2.551
2020-07_gen5ou-0.json,Lapras,Moves,,Roar,2.296
2020-07_gen5ou-0.json,Lapras,Moves,,Other,19.005
2020-07_gen5ou-0.json,Tangrowth,Stats,Raw count,,764
2020-07_gen5ou-0.json,Tangrowth,Stats,Avg. weight,,1.0
2020-07_gen5ou-0.json,Tangrowth,Stats,Viability Ceiling,,89
2020-07_gen5ou-0.json,Tangrowth,Stats,Calm,,13.743
2020-07_gen5ou-0.json,Tangrowth,Stats,Bold,,4.450
2020-07_gen5ou-0.json,Tangrowth,Stats,Hardy,,7.984
2020-07_gen5ou-0.json,Tangrowth,Stats,Impish,,6.414
2020-07_gen5ou-0.json,Tangrowth,Stats,Lax,,4.581
2020-07_gen5ou-0.json,Tangrowth,Abilities,,Regenerator,52.749
2020-07_gen5ou-0.json,Tangrowth,Abilities,,Chlorophyll,39.267
2020-07_gen5ou-0.json,Tangrowth,Abilities,,Leaf Guard,7.984
2020-07_gen5ou-0.json,Tangrowth,Items,,Leftovers,67.801
2020-07_gen5ou-0.json,Tangrowth,Items,,Heat Rock,11.518
2020-07_gen5ou-0.json,Tangrowth,Items,,Rocky Helmet,11.257
2020-07_gen5ou-0.json,Tangrowth,Items,,Sitrus Berry,2.487
2020-07_gen5ou-0.json,Tangrowth,Items,,Life Orb,1.963
2020-07_gen5ou-0.json,Tangrowth,Items,,Other,4.974
2020-07_gen5ou-0.json,Tangrowth,Spreads,,Other,54.712
2020-07_gen5ou-0.json,Tangrowth,Moves,,Giga Drain,68.717
2020-07_gen5ou-0.json,Tangrowth,Moves,,Leech Seed,45.942
2020-07_gen5ou-0.json,Tangrowth,Moves,,Knock Off,43.325
2020-07_gen5ou-0.json,Tangrowth,Moves,,Sludge Bomb,28.534
2020-07_gen5ou-0.json,Tangrowth,Moves,,Hidden Power Ice,26.44
2020-07_gen5ou-0.json,Tangrowth,Moves,,Stun Spore,21.073
2020-07_gen5ou-0.json,Tangrowth,Moves,,Synthesis,20.288
2020-07_gen5ou-0.json,Tangrowth,Moves,,Sunny Day,17.932
2020-07_gen5ou-0.json,Tangrowth,Moves,,Earthquake,15.314
2020-07_gen5ou-0.json,Tangrowth,Moves,,Hidden Power Fire,14.267
2020-07_gen5ou-0.json,Tangrowth,Moves,,Protect,14.136
2020-07_gen5ou-0.json,Tangrowth,Moves,,Toxic,14.005
2020-07_gen5ou-0.json,Tangrowth,Moves,,Solar Beam,11.649
2020-07_gen5ou-0.json,Tangrowth,Moves,,Hidden Power Dragon,9.031
2020-07_gen5ou-0.json,Tangrowth,Moves,,Power Whip,6.414
2020-07_gen5ou-0.json,Tangrowth,Moves,,Worry Seed,5.759
2020-07_gen5ou-0.json,Tangrowth,Moves,,Leaf Storm,5.759
2020-07_gen5ou-0.json,Tangrowth,Moves,,Ancient Power,5.236
2020-07_gen5ou-0.json,Tangrowth,Moves,,Hidden Power Dark,3.796
2020-07_gen5ou-0.json,Tangrowth,Moves,,Focus Blast,3.272
2020-07_gen5ou-0.json,Tangrowth,Moves,,Other,19.11
2020-07_gen5ou-0.json,Pikachu,Stats,Raw count,,804
2020-07_gen5ou-0.json,Pikachu,Stats,Avg. weight,,1.0
2020-07_gen5ou-0.json,Pikachu,Stats,Viability Ceiling,,57
2020-07_gen5ou-0.json,Pikachu,Stats,Hasty,,37.687
2020-07_gen5ou-0.json,Pikachu,Stats,Jolly,,4.104
2020-07_gen5ou-0.json,Pikachu,Stats,Timid,,5.224
2020-07_gen5ou-0.json,Pikachu,Stats,Hardy,,2.114
2020-07_gen5ou-0.json,Pikachu,Abilities,,Static,87.562
2020-07_gen5ou-0.json,Pikachu,Abilities,,Lightning Rod,12.438
2020-07_gen5ou-0.json,Pikachu,Items,,Light Ball,79.229
2020-07_gen5ou-0.json,Pikachu,Items,,Nothing,6.965
2020-07_gen5ou-0.json,Pikachu,Items,,Focus Sash,4.726
2020-07_gen5ou-0.json,Pikachu,Items,,Leftovers,3.358
2020-07_gen5ou-0.json,Pikachu,Items,,Choice Scarf,2.363
2020-07_gen5ou-0.json,Pikachu,Items,,Other,3.358
2020-07_gen5ou-0.json,Pikachu,Spreads,,Other,40.672
2020-07_gen5ou-0.json,Pikachu,Moves,,Iron Tail,66.791
2020-07_gen5ou-0.json,Pikachu,Moves,,Thunderbolt,61.07
2020-07_gen5ou-0.json,Pikachu,Moves,,Quick Attack,40.174
2020-07_gen5ou-0.json,Pikachu,Moves,,Volt Tackle,38.806
2020-07_gen5ou-0.json,Pikachu,Moves,,Thunder,26.119
2020-07_gen5ou-0.json,Pikachu,Moves,,Extreme Speed,19.403
2020-07_gen5ou-0.json,Pikachu,Moves,,Electro Ball,17.662
2020-07_gen5ou-0.json,Pikachu,Moves,,Hidden Power Dragon,17.413
2020-07_gen5ou-0.json,Pikachu,Moves,,Brick Break,12.687
2020-07_gen5ou-0.json,Pikachu,Moves,,Grass Knot,10.323
2020-07_gen5ou-0.json,Pikachu,Moves,,Discharge,9.826
2020-07_gen5ou-0.json,Pikachu,Moves,,Thunder Wave,7.711
2020-07_gen5ou-0.json,Pikachu,Moves,,Fake Out,7.587
2020-07_gen5ou-0.json,Pikachu,Moves,,Volt Switch,7.09
2020-07_gen5ou-0.json,Pikachu,Moves,,Hidden Power Ice,6.716
2020-07_gen5ou-0.json,Pikachu,Moves,,Substitute,6.592
2020-07_gen5ou-0.json,Pikachu,Moves,,Thunder Punch,5.473
2020-07_gen5ou-0.json,Pikachu,Moves,,Encore,5.224
2020-07_gen5ou-0.json,Pikachu,Moves,,Agility,3.358
2020-07_gen5ou-0.json,Pikachu,Moves,,Nasty Plot,2.861
2020-07_gen5ou-0.json,Pikachu,Moves,,Protect,2.612
2020-07_gen5ou-0.json,Pikachu,Moves,,Thunder Shock,2.488
2020-07_gen5ou-0.json,Pikachu,Moves,,Knock Off,2.363
2020-07_gen5ou-0.json,Pikachu,Moves,,Other,19.652
2020-07_gen5ou-0.json,Rhyperior,Stats,Raw count,,711
2020-07_gen5ou-0.json,Rhyperior,Stats,Avg. weight,,1.0
2020-07_gen5ou-0.json,Rhyperior,Stats,Viability Ceiling,,80
2020-07_gen5ou-0.json,Rhyperior,Stats,Impish,,17.722
2020-07_gen5ou-0.json,Rhyperior,Stats,Adamant,,4.923
2020-07_gen5ou-0.json,Rhyperior,Stats,Careful,,6.329
2020-07_gen5ou-0.json,Rhyperior,Stats,Relaxed,,3.376
2020-07_gen5ou-0.json,Rhyperior,Abilities,,Solid Rock,74.121
2020-07_gen5ou-0.json,Rhyperior,Abilities,,Lightning Rod,25.035
2020-07_gen5ou-0.json,Rhyperior,Abilities,,Reckless,0.844
2020-07_gen5ou-0.json,Rhyperior,Items,,Leftovers,51.336
2020-07_gen5ou-0.json,Rhyperior,Items,,Life Orb,11.392
2020-07_gen5ou-0.json,Rhyperior,Items,,Rocky Helmet,7.454
2020-07_gen5ou-0.json,Rhyperior,Items,,Focus Sash,6.61
2020-07_gen5ou-0.json,Rhyperior,Items,,Sitrus Berry,5.485
2020-07_gen5ou-0.json,Rhyperior,Items,,Choice Band,5.204
2020-07_gen5ou-0.json,Rhyperior,Items,,Nothing,3.797
2020-07_gen5ou-0.json,Rhyperior,Items,,Passho Berry,2.532
2020-07_gen5ou-0.json,Rhyperior,Items,,Expert Belt,2.11
2020-07_gen5ou-0.json,Rhyperior,Items,,Other,4.079
2020-07_gen5ou-0.json,Rhyperior,Spreads,,Other,49.086
2020-07_gen5ou-0.json,Rhyperior,Moves,,Earthquake,87.904
2020-07_gen5ou-0.json,Rhyperior,Moves,,Stone Edge,62.447
2020-07_gen5ou-0.json,Rhyperior,Moves,,Stealth Rock,46.835
2020-07_gen5ou-0.json,Rhyperior,Moves,,Dragon Tail,28.833
2020-07_gen5ou-0.json,Rhyperior,Moves,,Megahorn,21.238
2020-07_gen5ou-0.json,Rhyperior,Moves,,Fire Punch,11.674
2020-07_gen5ou-0.json,Rhyperior,Moves,,Rock Slide,10.549
2020-07_gen5ou-0.json,Rhyperior,Moves,,Ice Punch,10.267
2020-07_gen5ou-0.json,Rhyperior,Moves,,Thunder Punch,10.127
2020-07_gen5ou-0.json,Rhyperior,Moves,,Counter,9.564
2020-07_gen5ou-0.json,Rhyperior,Moves,,Rock Wrecker,9.142
2020-07_gen5ou-0.json,Rhyperior,Moves,,Hammer Arm,8.861
2020-07_gen5ou-0.json,Rhyperior,Moves,,Rock Polish,8.158
2020-07_gen5ou-0.json,Rhyperior,Moves,,Drill Run,6.61
2020-07_gen5ou-0.json,Rhyperior,Moves,,Avalanche,6.188
2020-07_gen5ou-0.json,Rhyperior,Moves,,Swords Dance,5.345
2020-07_gen5ou-0.json,Rhyperior,Moves,,Rock Blast,4.923
2020-07_gen5ou-0.json,Rhyperior,Moves,,Blizzard,4.501
2020-07_gen5ou-0.json,Rhyperior,Moves,,Outrage,4.36
2020-07_gen5ou-0.json,Rhyperior,Moves,,Focus Blast,4.079
2020-07_gen5ou-0.json,Rhyperior,Moves,,Ice Beam,3.797
2020-07_gen5ou-0.json,Rhyperior,Moves,,Substitute,3.797
2020-07_gen5ou-0.json,Rhyperior,Moves,,Body Slam,3.235
2020-07_gen5ou-0.json,Rhyperior,Moves,,Brick Break,2.813
2020-07_gen5ou-0.json,Rhyperior,Moves,,Double-Edge,2.391
2020-07_gen5ou-0.json,Rhyperior,Moves,,Rollout,2.25
2020-07_gen5ou-0.json,Rhyperior,Moves,,Superpower,1.688
2020-07_gen5ou-0.json,Rhyperior,Moves,,Other,18.425
2020-07_gen5ou-0.json,Alomomola,Stats,Raw count,,702
2020-07_gen5ou-0.json,Alomomola,Stats,Avg. weight,,1.0
2020-07_gen5ou-0.json,Alomomola,Stats,Viability Ceiling,,87
2020-07_gen5ou-0.json,Alomomola,Stats,Impish,,1.425
2020-07_gen5ou-0.json,Alomomola,Stats,Bold,,1.425
2020-07_gen5ou-0.json,Alomomola,Stats,Adamant,,1.282
2020-07_gen5ou-0.json,Alomomola,Abilities,,Regenerator,95.869
2020-07_gen5ou-0.json,Alomomola,Abilities,,Healer,3.419
2020-07_gen5ou-0.json,Alomomola,Abilities,,Hydration,0.712
2020-07_gen5ou-0.json,Alomomola,Items,,Rocky Helmet,86.752
2020-07_gen5ou-0.json,Alomomola,Items,,Leftovers,10.969
2020-07_gen5ou-0.json,Alomomola,Items,,Other,2.279
2020-07_gen5ou-0.json,Alomomola,Spreads,,Other,5.271
2020-07_gen5ou-0.json,Alomomola,Moves,,Toxic,97.436
2020-07_gen5ou-0.json,Alomomola,Moves,,Wish,95.442
2020-07_gen5ou-0.json,Alomomola,Moves,,Protect,73.504
2020-07_gen5ou-0.json,Alomomola,Moves,,Healing Wish,44.729
2020-07_gen5ou-0.json,Alomomola,Moves,,Knock Off,40.741
2020-07_gen5ou-0.json,Alomomola,Moves,,Waterfall,18.376
2020-07_gen5ou-0.json,Alomomola,Moves,,Facade,9.972
2020-07_gen5ou-0.json,Alomomola,Moves,,Other,19.801
2020-07_gen5ou-0.json,Ditto,Stats,Raw count,,711
2020-07_gen5ou-0.json,Ditto,Stats,Avg. weight,,1.0
2020-07_gen5ou-0.json,Ditto,Stats,Viability Ceiling,,89
2020-07_gen5ou-0.json,Ditto,Stats,Impish,,30.802
2020-07_gen5ou-0.json,Ditto,Stats,Sassy,,25.457
2020-07_gen5ou-0.json,Ditto,Stats,Relaxed,,13.924
2020-07_gen5ou-0.json,Ditto,Stats,Bashful,,5.063
2020-07_gen5ou-0.json,Ditto,Stats,Hasty,,2.110
2020-07_gen5ou-0.json,Ditto,Stats,Jolly,,1.828
2020-07_gen5ou-0.json,Ditto,Abilities,,Imposter,98.031
2020-07_gen5ou-0.json,Ditto,Abilities,,Limber,1.969
2020-07_gen5ou-0.json,Ditto,Items,,Choice Scarf,78.059
2020-07_gen5ou-0.json,Ditto,Items,,Focus Sash,8.017
2020-07_gen5ou-0.json,Ditto,Items,,Quick Powder,4.923
2020-07_gen5ou-0.json,Ditto,Items,,Leftovers,4.219
2020-07_gen5ou-0.json,Ditto,Items,,Other,4.782
2020-07_gen5ou-0.json,Ditto,Spreads,,Other,20.816
2020-07_gen5ou-0.json,Ditto,Moves,,Nothing,300.0
2020-07_gen5ou-0.json,Ditto,Moves,,Transform,100.0
2020-07_gen5ou-0.json,Porygon-Z,Stats,Raw count,,698
2020-07_gen5ou-0.json,Porygon-Z,Stats,Avg. weight,,1.0
2020-07_gen5ou-0.json,Porygon-Z,Stats,Viability Ceiling,,84
2020-07_gen5ou-0.json,Porygon-Z,Stats,Timid,,2.722
2020-07_gen5ou-0.json,Porygon-Z,Stats,Modest,,3.152
2020-07_gen5ou-0.json,Porygon-Z,Stats,Naive,,4.011
2020-07_gen5ou-0.json,Porygon-Z,Abilities,,Adaptability,64.04
2020-07_gen5ou-0.json,Porygon-Z,Abilities,,Download,32.665
2020-07_gen5ou-0.json,Porygon-Z,Abilities,,Analytic,3.295
2020-07_gen5ou-0.json,Porygon-Z,Items,,Life Orb,25.358
2020-07_gen5ou-0.json,Porygon-Z,Items,,Choice Scarf,23.352
2020-07_gen5ou-0.json,Porygon-Z,Items,,Choice Specs,23.209
2020-07_gen5ou-0.json,Porygon-Z,Items,,Leftovers,7.736
2020-07_gen5ou-0.json,Porygon-Z,Items,,Silk Scarf,7.736
2020-07_gen5ou-0.json,Porygon-Z,Items,,Focus Sash,5.874
2020-07_gen5ou-0.json,Porygon-Z,Items,,Normal Gem,1.576
2020-07_gen5ou-0.json,Porygon-Z,Items,,Nothing,1.289
2020-07_gen5ou-0.json,Porygon-Z,Items,,Other,3.868
2020-07_gen5ou-0.json,Porygon-Z,Spreads,,Other,25.645
2020-07_gen5ou-0.json,Porygon-Z,Moves,,Tri Attack,73.066
2020-07_gen5ou-0.json,Porygon-Z,Moves,,Ice Beam,51.719
2020-07_gen5ou-0.json,Porygon-Z,Moves,,Dark Pulse,45.415
2020-07_gen5ou-0.json,Porygon-Z,Moves,,Thunderbolt,35.1
2020-07_gen5ou-0.json,Porygon-Z,Moves,,Hidden Power Fighting,30.659
2020-07_gen5ou-0.json,Porygon-Z,Moves,,Recover,18.338
2020-07_gen5ou-0.json,Porygon-Z,Moves,,Trick,17.765
2020-07_gen5ou-0.json,Porygon-Z,Moves,,Psychic,17.049
2020-07_gen5ou-0.json,Porygon-Z,Moves,,Psyshock,13.754
2020-07_gen5ou-0.json,Porygon-Z,Moves,,Blizzard,9.026
2020-07_gen5ou-0.json,Porygon-Z,Moves,,Agility,9.026
2020-07_gen5ou-0.json,Porygon-Z,Moves,,Nasty Plot,8.739
2020-07_gen5ou-0.json,Porygon-Z,Moves,,Conversion,7.593
2020-07_gen5ou-0.json,Porygon-Z,Moves,,Uproar,7.45
2020-07_gen5ou-0.json,Porygon-Z,Moves,,Nothing,6.447
2020-07_gen5ou-0.json,Porygon-Z,Moves,,Hidden Power Fire,6.304
2020-07_gen5ou-0.json,Porygon-Z,Moves,,Shadow Ball,5.874
2020-07_gen5ou-0.json,Porygon-Z,Moves,,Hyper Beam,4.728
2020-07_gen5ou-0.json,Porygon-Z,Moves,,Discharge,4.585
2020-07_gen5ou-0.json,Porygon-Z,Moves,,Frustration,4.011
2020-07_gen5ou-0.json,Porygon-Z,Moves,,Thunder,3.438
2020-07_gen5ou-0.json,Porygon-Z,Moves,,Other,19.914
2020-07_gen5ou-0.json,Sigilyph,Stats,Raw count,,681
2020-07_gen5ou-0.json,Sigilyph,Stats,Avg. weight,,1.0
2020-07_gen5ou-0.json,Sigilyph,Stats,Viability Ceiling,,73
2020-07_gen5ou-0.json,Sigilyph,Stats,Timid,,7.783
2020-07_gen5ou-0.json,Sigilyph,Stats,Calm,,3.524
2020-07_gen5ou-0.json,Sigilyph,Stats,Bold,,4.405
2020-07_gen5ou-0.json,Sigilyph,Abilities,,Magic Guard,86.931
2020-07_gen5ou-0.json,Sigilyph,Abilities,,Wonder Skin,10.866
2020-07_gen5ou-0.json,Sigilyph,Abilities,,Tinted Lens,2.203
2020-07_gen5ou-0.json,Sigilyph,Items,,Flame Orb,49.046
2020-07_gen5ou-0.json,Sigilyph,Items,,Life Orb,15.565
2020-07_gen5ou-0.json,Sigilyph,Items,,Leftovers,9.545
2020-07_gen5ou-0.json,Sigilyph,Items,,Toxic Orb,5.874
2020-07_gen5ou-0.json,Sigilyph,Items,,Focus Sash,3.965
2020-07_gen5ou-0.json,Sigilyph,Items,,Nothing,3.084
2020-07_gen5ou-0.json,Sigilyph,Items,,Expert Belt,2.79
2020-07_gen5ou-0.json,Sigilyph,Items,,Light Clay,2.203
2020-07_gen5ou-0.json,Sigilyph,Items,,Lum Berry,1.322
2020-07_gen5ou-0.json,Sigilyph,Items,,Choice Scarf,1.175
2020-07_gen5ou-0.json,Sigilyph,Items,,Twisted Spoon,0.881
2020-07_gen5ou-0.json,Sigilyph,Items,,Other,4.552
2020-07_gen5ou-0.json,Sigilyph,Spreads,,Other,35.389
2020-07_gen5ou-0.json,Sigilyph,Moves,,Roost,65.639
2020-07_gen5ou-0.json,Sigilyph,Moves,,Stored Power,53.598
2020-07_gen5ou-0.json,Sigilyph,Moves,,Cosmic Power,53.157
2020-07_gen5ou-0.json,Sigilyph,Moves,,Psycho Shift,43.906
2020-07_gen5ou-0.json,Sigilyph,Moves,,Air Slash,34.949
2020-07_gen5ou-0.json,Sigilyph,Moves,,Psychic,32.452
2020-07_gen5ou-0.json,Sigilyph,Moves,,Ice Beam,16.74
2020-07_gen5ou-0.json,Sigilyph,Moves,,Energy Ball,14.391
2020-07_gen5ou-0.json,Sigilyph,Moves,,Heat Wave,14.097
2020-07_gen5ou-0.json,Sigilyph,Moves,,Calm Mind,13.656
2020-07_gen5ou-0.json,Sigilyph,Moves,,Psyshock,8.957
2020-07_gen5ou-0.json,Sigilyph,Moves,,Charge Beam,6.755
2020-07_gen5ou-0.json,Sigilyph,Moves,,Ancient Power,6.021
2020-07_gen5ou-0.json,Sigilyph,Moves,,Shadow Ball,4.112
2020-07_gen5ou-0.json,Sigilyph,Moves,,Flash Cannon,3.671
2020-07_gen5ou-0.json,Sigilyph,Moves,,Dark Pulse,3.377
2020-07_gen5ou-0.json,Sigilyph,Moves,,Trick,2.937
2020-07_gen5ou-0.json,Sigilyph,Moves,,Hidden Power Fighting,2.79
2020-07_gen5ou-0.json,Sigilyph,Moves,,Other,18.796
2020-07_gen5ou-0.json,Cresselia,Stats,Raw count,,642
2020-07_gen5ou-0.json,Cresselia,Stats,Avg. weight,,1.0
2020-07_gen5ou-0.json,Cresselia,Stats,Viability Ceiling,,88
2020-07_gen5ou-0.json,Cresselia,Stats,Sassy,,18.692
2020-07_gen5ou-0.json,Cresselia,Stats,Calm,,13.707
2020-07_gen5ou-0.json,Cresselia,Stats,Bold,,5.296
2020-07_gen5ou-0.json,Cresselia,Stats,Modest,,7.321
2020-07_gen5ou-0.json,Cresselia,Abilities,,Levitate,100.0
2020-07_gen5ou-0.json,Cresselia,Items,,Leftovers,61.682
2020-07_gen5ou-0.json,Cresselia,Items,,Sitrus Berry,19.003
2020-07_gen5ou-0.json,Cresselia,Items,,Rocky Helmet,8.723
2020-07_gen5ou-0.json,Cresselia,Items,,Light Clay,4.984
2020-07_gen5ou-0.json,Cresselia,Items,,Focus Sash,1.869
2020-07_gen5ou-0.json,Cresselia,Items,,Other,3.738
2020-07_gen5ou-0.json,Cresselia,Spreads,,Other,33.333
2020-07_gen5ou-0.json,Cresselia,Moves,,Ice Beam,68.069
2020-07_gen5ou-0.json,Cresselia,Moves,,Moonlight,59.034
2020-07_gen5ou-0.json,Cresselia,Moves,,Psychic,53.738
2020-07_gen5ou-0.json,Cresselia,Moves,,Toxic,46.262
2020-07_gen5ou-0.json,Cresselia,Moves,,Lunar Dance,32.866
2020-07_gen5ou-0.json,Cresselia,Moves,,Trick Room,30.062
2020-07_gen5ou-0.json,Cresselia,Moves,,Thunder Wave,21.34
2020-07_gen5ou-0.json,Cresselia,Moves,,Reflect,13.707
2020-07_gen5ou-0.json,Cresselia,Moves,,Calm Mind,13.084
2020-07_gen5ou-0.json,Cresselia,Moves,,Skill Swap,9.657
2020-07_gen5ou-0.json,Cresselia,Moves,,Hidden Power Fire,9.502
2020-07_gen5ou-0.json,Cresselia,Moves,,Psyshock,7.009
2020-07_gen5ou-0.json,Cresselia,Moves,,Light Screen,5.607
2020-07_gen5ou-0.json,Cresselia,Moves,,Protect,3.738
2020-07_gen5ou-0.json,Cresselia,Moves,,Energy Ball,3.115
2020-07_gen5ou-0.json,Cresselia,Moves,,Aurora Beam,2.181
2020-07_gen5ou-0.json,Cresselia,Moves,,Rest,2.025
2020-07_gen5ou-0.json,Cresselia,Moves,,Other,19.003
2020-07_gen5ou-0.json,Gardevoir,Stats,Raw count,,650
2020-07_gen5ou-0.json,Gardevoir,Stats,Avg. weight,,1.0
2020-07_gen5ou-0.json,Gardevoir,Stats,Viability Ceiling,,64
2020-07_gen5ou-0.json,Gardevoir,Stats,Timid,,8.000
2020-07_gen5ou-0.json,Gardevoir,Stats,Calm,,8.000
2020-07_gen5ou-0.json,Gardevoir,Stats,Modest,,3.538
2020-07_gen5ou-0.json,Gardevoir,Abilities,,Trace,49.846
2020-07_gen5ou-0.json,Gardevoir,Abilities,,Synchronize,47.692
2020-07_gen5ou-0.json,Gardevoir,Abilities,,Telepathy,2.462
2020-07_gen5ou-0.json,Gardevoir,Items,,Leftovers,19.846
2020-07_gen5ou-0.json,Gardevoir,Items,,Light Clay,17.538
2020-07_gen5ou-0.json,Gardevoir,Items,,Life Orb,15.077
2020-07_gen5ou-0.json,Gardevoir,Items,,Choice Specs,13.231
2020-07_gen5ou-0.json,Gardevoir,Items,,Choice Scarf,11.385
2020-07_gen5ou-0.json,Gardevoir,Items,,Expert Belt,3.538
2020-07_gen5ou-0.json,Gardevoir,Items,,Focus Sash,3.538
2020-07_gen5ou-0.json,Gardevoir,Items,,Nothing,2.308
2020-07_gen5ou-0.json,Gardevoir,Items,,Salac Berry,2.308
2020-07_gen5ou-0.json,Gardevoir,Items,,Wiki Berry,2.154
2020-07_gen5ou-0.json,Gardevoir,Items,,Sitrus Berry,2.154
2020-07_gen5ou-0.json,Gardevoir,Items,,Power Herb,1.538
2020-07_gen5ou-0.json,Gardevoir,Items,,Lum Berry,1.077
2020-07_gen5ou-0.json,Gardevoir,Items,,Other,4.308
2020-07_gen5ou-0.json,Gardevoir,Spreads,,Other,29.231
2020-07_gen5ou-0.json,Gardevoir,Moves,,Psychic,70.0
2020-07_gen5ou-0.json,Gardevoir,Moves,,Thunderbolt,46.769
2020-07_gen5ou-0.json,Gardevoir,Moves,,Calm Mind,41.692
2020-07_gen5ou-0.json,Gardevoir,Moves,,Shadow Ball,40.0
2020-07_gen5ou-0.json,Gardevoir,Moves,,Energy Ball,21.231
2020-07_gen5ou-0.json,Gardevoir,Moves,,Signal Beam,18.0
2020-07_gen5ou-0.json,Gardevoir,Moves,,Light Screen,17.846
2020-07_gen5ou-0.json,Gardevoir,Moves,,Reflect,17.692
2020-07_gen5ou-0.json,Gardevoir,Moves,,Focus Blast,17.385
2020-07_gen5ou-0.json,Gardevoir,Moves,,Psyshock,15.846
2020-07_gen5ou-0.json,Gardevoir,Moves,,Memento,12.923
2020-07_gen5ou-0.json,Gardevoir,Moves,,Taunt,9.692
2020-07_gen5ou-0.json,Gardevoir,Moves,,Heal Bell,8.462
2020-07_gen5ou-0.json,Gardevoir,Moves,,Wish,7.385
2020-07_gen5ou-0.json,Gardevoir,Moves,,Destiny Bond,6.462
2020-07_gen5ou-0.json,Gardevoir,Moves,,Nothing,5.692
2020-07_gen5ou-0.json,Gardevoir,Moves,,Will-O-Wisp,5.385
2020-07_gen5ou-0.json,Gardevoir,Moves,,Encore,4.462
2020-07_gen5ou-0.json,Gardevoir,Moves,,Protect,3.077
2020-07_gen5ou-0.json,Gardevoir,Moves,,Hidden Power Ice,2.923
2020-07_gen5ou-0.json,Gardevoir,Moves,,Stored Power,2.615
2020-07_gen5ou-0.json,Gardevoir,Moves,,Healing Wish,2.462
2020-07_gen5ou-0.json,Gardevoir,Moves,,Grass Knot,2.154
2020-07_gen5ou-0.json,Gardevoir,Moves,,Other,19.846
2020-07_gen5ou-0.json,Slowking,Stats,Raw count,,605
2020-07_gen5ou-0.json,Slowking,Stats,Avg. weight,,1.0
2020-07_gen5ou-0.json,Slowking,Stats,Viability Ceiling,,87
2020-07_gen5ou-0.json,Slowking,Stats,Calm,,4.463
2020-07_gen5ou-0.json,Slowking,Stats,Quiet,,8.099
2020-07_gen5ou-0.json,Slowking,Stats,Bold,,5.455
2020-07_gen5ou-0.json,Slowking,Abilities,,Regenerator,84.463
2020-07_gen5ou-0.json,Slowking,Abilities,,Oblivious,9.752
2020-07_gen5ou-0.json,Slowking,Abilities,,Own Tempo,5.785
2020-07_gen5ou-0.json,Slowking,Items,,Leftovers,76.033
2020-07_gen5ou-0.json,Slowking,Items,,Life Orb,13.388
2020-07_gen5ou-0.json,Slowking,Items,,Rocky Helmet,2.81
2020-07_gen5ou-0.json,Slowking,Items,,Quick Claw,2.81
2020-07_gen5ou-0.json,Slowking,Items,,Other,4.959
2020-07_gen5ou-0.json,Slowking,Spreads,,Other,49.091
2020-07_gen5ou-0.json,Slowking,Moves,,Scald,59.835
2020-07_gen5ou-0.json,Slowking,Moves,,Slack Off,55.868
2020-07_gen5ou-0.json,Slowking,Moves,,Psyshock,52.397
2020-07_gen5ou-0.json,Slowking,Moves,,Surf,33.223
2020-07_gen5ou-0.json,Slowking,Moves,,Ice Beam,32.893
2020-07_gen5ou-0.json,Slowking,Moves,,Thunder Wave,29.587
2020-07_gen5ou-0.json,Slowking,Moves,,Psychic,27.438
2020-07_gen5ou-0.json,Slowking,Moves,,Flamethrower,22.149
2020-07_gen5ou-0.json,Slowking,Moves,,Trick Room,20.496
2020-07_gen5ou-0.json,Slowking,Moves,,Toxic,12.562
2020-07_gen5ou-0.json,Slowking,Moves,,Fire Blast,12.231
2020-07_gen5ou-0.json,Slowking,Moves,,Dragon Tail,11.405
2020-07_gen5ou-0.json,Slowking,Moves,,Nasty Plot,8.926
2020-07_gen5ou-0.json,Slowking,Moves,,Calm Mind,8.595
2020-07_gen5ou-0.json,Slowking,Moves,,Other,12.397
2020-07_gen5ou-0.json,Yanmega,Stats,Raw count,,602
2020-07_gen5ou-0.json,Yanmega,Stats,Avg. weight,,1.0
2020-07_gen5ou-0.json,Yanmega,Stats,Viability Ceiling,,69
2020-07_gen5ou-0.json,Yanmega,Stats,Modest,,3.156
2020-07_gen5ou-0.json,Yanmega,Stats,Timid,,4.983
2020-07_gen5ou-0.json,Yanmega,Abilities,,Speed Boost,80.399
2020-07_gen5ou-0.json,Yanmega,Abilities,,Tinted Lens,19.435
2020-07_gen5ou-0.json,Yanmega,Abilities,,Frisk,0.166
2020-07_gen5ou-0.json,Yanmega,Items,,Life Orb,47.674
2020-07_gen5ou-0.json,Yanmega,Items,,Choice Specs,21.262
2020-07_gen5ou-0.json,Yanmega,Items,,Leftovers,12.957
2020-07_gen5ou-0.json,Yanmega,Items,,Focus Sash,7.143
2020-07_gen5ou-0.json,Yanmega,Items,,Bug Gem,2.824
2020-07_gen5ou-0.json,Yanmega,Items,,Choice Scarf,1.661
2020-07_gen5ou-0.json,Yanmega,Items,,Sitrus Berry,1.661
2020-07_gen5ou-0.json,Yanmega,Items,,Other,4.817
2020-07_gen5ou-0.json,Yanmega,Spreads,,Other,22.093
2020-07_gen5ou-0.json,Yanmega,Moves,,Bug Buzz,97.342
2020-07_gen5ou-0.json,Yanmega,Moves,,Air Slash,87.209
2020-07_gen5ou-0.json,Yanmega,Moves,,Protect,51.993
2020-07_gen5ou-0.json,Yanmega,Moves,,Giga Drain,40.864
2020-07_gen5ou-0.json,Yanmega,Moves,,Hidden Power Ground,29.402
2020-07_gen5ou-0.json,Yanmega,Moves,,Ancient Power,25.415
2020-07_gen5ou-0.json,Yanmega,Moves,,U-turn,19.767
2020-07_gen5ou-0.json,Yanmega,Moves,,Detect,12.957
2020-07_gen5ou-0.json,Yanmega,Moves,,Psychic,6.977
2020-07_gen5ou-0.json,Yanmega,Moves,,Hidden Power Ice,6.146
2020-07_gen5ou-0.json,Yanmega,Moves,,Hidden Power Water,2.99
2020-07_gen5ou-0.json,Yanmega,Moves,,Other,18.937
2020-07_gen5ou-0.json,Typhlosion,Stats,Raw count,,590
2020-07_gen5ou-0.json,Typhlosion,Stats,Avg. weight,,1.0
2020-07_gen5ou-0.json,Typhlosion,Stats,Viability Ceiling,,67
2020-07_gen5ou-0.json,Typhlosion,Stats,Timid,,3.898
2020-07_gen5ou-0.json,Typhlosion,Stats,Modest,,10.508
2020-07_gen5ou-0.json,Typhlosion,Stats,Hasty,,6.441
2020-07_gen5ou-0.json,Typhlosion,Stats,Jolly,,3.051
2020-07_gen5ou-0.json,Typhlosion,Abilities,,Blaze,100.0
2020-07_gen5ou-0.json,Typhlosion,Items,,Choice Scarf,37.627
2020-07_gen5ou-0.json,Typhlosion,Items,,Choice Specs,20.339
2020-07_gen5ou-0.json,Typhlosion,Items,,Fire Gem,11.186
2020-07_gen5ou-0.json,Typhlosion,Items,,Power Herb,6.441
2020-07_gen5ou-0.json,Typhlosion,Items,,Life Orb,5.932
2020-07_gen5ou-0.json,Typhlosion,Items,,Leftovers,5.254
2020-07_gen5ou-0.json,Typhlosion,Items,,Sitrus Berry,2.881
2020-07_gen5ou-0.json,Typhlosion,Items,,Wise Glasses,1.525
2020-07_gen5ou-0.json,Typhlosion,Items,,Petaya Berry,1.356
2020-07_gen5ou-0.json,Typhlosion,Items,,Expert Belt,1.356
2020-07_gen5ou-0.json,Typhlosion,Items,,Passho Berry,0.847
2020-07_gen5ou-0.json,Typhlosion,Items,,Lum Berry,0.847
2020-07_gen5ou-0.json,Typhlosion,Items,,Other,4.407
2020-07_gen5ou-0.json,Typhlosion,Spreads,,Other,22.373
2020-07_gen5ou-0.json,Typhlosion,Moves,,Eruption,68.644
2020-07_gen5ou-0.json,Typhlosion,Moves,,Flamethrower,58.983
2020-07_gen5ou-0.json,Typhlosion,Moves,,Focus Blast,57.288
2020-07_gen5ou-0.json,Typhlosion,Moves,,Solar Beam,30.847
2020-07_gen5ou-0.json,Typhlosion,Moves,,Hidden Power Grass,28.983
2020-07_gen5ou-0.json,Typhlosion,Moves,,Fire Blast,23.898
2020-07_gen5ou-0.json,Typhlosion,Moves,,Hidden Power Rock,16.102
2020-07_gen5ou-0.json,Typhlosion,Moves,,Extrasensory,15.593
2020-07_gen5ou-0.json,Typhlosion,Moves,,Earthquake,12.542
2020-07_gen5ou-0.json,Typhlosion,Moves,,Toxic,12.373
2020-07_gen5ou-0.json,Typhlosion,Moves,,Protect,10.847
2020-07_gen5ou-0.json,Typhlosion,Moves,,Hidden Power Ice,7.119
2020-07_gen5ou-0.json,Typhlosion,Moves,,Sunny Day,6.102
2020-07_gen5ou-0.json,Typhlosion,Moves,,Lava Plume,4.576
2020-07_gen5ou-0.json,Typhlosion,Moves,,Flare Blitz,4.407
2020-07_gen5ou-0.json,Typhlosion,Moves,,Thunder Punch,4.068
2020-07_gen5ou-0.json,Typhlosion,Moves,,Hidden Power Electric,3.39
2020-07_gen5ou-0.json,Typhlosion,Moves,,Substitute,3.051
2020-07_gen5ou-0.json,Typhlosion,Moves,,Wild Charge,2.881
2020-07_gen5ou-0.json,Typhlosion,Moves,,Rock Slide,2.542
2020-07_gen5ou-0.json,Typhlosion,Moves,,Quick Attack,2.542
2020-07_gen5ou-0.json,Typhlosion,Moves,,Brick Break,2.373
2020-07_gen5ou-0.json,Typhlosion,Moves,,Heat Wave,1.864
2020-07_gen5ou-0.json,Typhlosion,Moves,,Other,18.983
2020-07_gen5ou-0.json,Scolipede,Stats,Raw count,,575
2020-07_gen5ou-0.json,Scolipede,Stats,Avg. weight,,1.0
2020-07_gen5ou-0.json,Scolipede,Stats,Viability Ceiling,,66
2020-07_gen5ou-0.json,Scolipede,Stats,Jolly,,9.565
2020-07_gen5ou-0.json,Scolipede,Stats,Calm,,8.000
2020-07_gen5ou-0.json,Scolipede,Stats,Adamant,,4.348
2020-07_gen5ou-0.json,Scolipede,Abilities,,Poison Point,51.652
2020-07_gen5ou-0.json,Scolipede,Abilities,,Swarm,27.652
2020-07_gen5ou-0.json,Scolipede,Abilities,,Quick Feet,20.696
2020-07_gen5ou-0.json,Scolipede,Items,,Life Orb,27.13
2020-07_gen5ou-0.json,Scolipede,Items,,Focus Sash,14.957
2020-07_gen5ou-0.json,Scolipede,Items,,Leftovers,14.957
2020-07_gen5ou-0.json,Scolipede,Items,,Mental Herb,7.13
2020-07_gen5ou-0.json,Scolipede,Items,,Black Sludge,6.957
2020-07_gen5ou-0.json,Scolipede,Items,,Nothing,4.522
2020-07_gen5ou-0.json,Scolipede,Items,,Bug Gem,3.478
2020-07_gen5ou-0.json,Scolipede,Items,,Flame Orb,3.478
2020-07_gen5ou-0.json,Scolipede,Items,,Sitrus Berry,2.957
2020-07_gen5ou-0.json,Scolipede,Items,,Rocky Helmet,2.435
2020-07_gen5ou-0.json,Scolipede,Items,,Choice Band,1.913
2020-07_gen5ou-0.json,Scolipede,Items,,Poison Barb,1.739
2020-07_gen5ou-0.json,Scolipede,Items,,Choice Specs,1.217
2020-07_gen5ou-0.json,Scolipede,Items,,Air Balloon,1.217
2020-07_gen5ou-0.json,Scolipede,Items,,Muscle Band,1.043
2020-07_gen5ou-0.json,Scolipede,Items,,Other,4.87
2020-07_gen5ou-0.json,Scolipede,Spreads,,Other,35.826
2020-07_gen5ou-0.json,Scolipede,Moves,,Megahorn,66.435
2020-07_gen5ou-0.json,Scolipede,Moves,,Poison Jab,48.0
2020-07_gen5ou-0.json,Scolipede,Moves,,Earthquake,45.913
2020-07_gen5ou-0.json,Scolipede,Moves,,Swords Dance,34.087
2020-07_gen5ou-0.json,Scolipede,Moves,,Baton Pass,25.565
2020-07_gen5ou-0.json,Scolipede,Moves,,Toxic Spikes,20.696
2020-07_gen5ou-0.json,Scolipede,Moves,,Aqua Tail,20.0
2020-07_gen5ou-0.json,Scolipede,Moves,,Rock Slide,18.435
2020-07_gen5ou-0.json,Scolipede,Moves,,Substitute,18.261
2020-07_gen5ou-0.json,Scolipede,Moves,,Spikes,16.0
2020-07_gen5ou-0.json,Scolipede,Moves,,Protect,10.435
2020-07_gen5ou-0.json,Scolipede,Moves,,Toxic,9.217
2020-07_gen5ou-0.json,Scolipede,Moves,,X-Scissor,9.043
2020-07_gen5ou-0.json,Scolipede,Moves,,Iron Defense,8.522
2020-07_gen5ou-0.json,Scolipede,Moves,,Steamroller,8.0
2020-07_gen5ou-0.json,Scolipede,Moves,,Attract,7.13
2020-07_gen5ou-0.json,Scolipede,Moves,,Sludge Bomb,6.261
2020-07_gen5ou-0.json,Scolipede,Moves,,Agility,5.391
2020-07_gen5ou-0.json,Scolipede,Moves,,Iron Tail,2.957
2020-07_gen5ou-0.json,Scolipede,Moves,,Other,19.652
2020-07_gen5ou-0.json,Gallade,Stats,Raw count,,591
2020-07_gen5ou-0.json,Gallade,Stats,Avg. weight,,1.0
2020-07_gen5ou-0.json,Gallade,Stats,Viability Ceiling,,84
2020-07_gen5ou-0.json,Gallade,Stats,Jolly,,6.430
2020-07_gen5ou-0.json,Gallade,Stats,Adamant,,3.046
2020-07_gen5ou-0.json,Gallade,Stats,Brave,,7.953
2020-07_gen5ou-0.json,Gallade,Stats,Hasty,,3.723
2020-07_gen5ou-0.json,Gallade,Abilities,,Steadfast,56.853
2020-07_gen5ou-0.json,Gallade,Abilities,,Justified,43.147
2020-07_gen5ou-0.json,Gallade,Items,,Life Orb,20.812
2020-07_gen5ou-0.json,Gallade,Items,,Choice Scarf,15.905
2020-07_gen5ou-0.json,Gallade,Items,,Leftovers,14.213
2020-07_gen5ou-0.json,Gallade,Items,,Focus Sash,11.675
2020-07_gen5ou-0.json,Gallade,Items,,Choice Band,10.491
2020-07_gen5ou-0.json,Gallade,Items,,Sitrus Berry,8.629
2020-07_gen5ou-0.json,Gallade,Items,,Expert Belt,5.076
2020-07_gen5ou-0.json,Gallade,Items,,Lum Berry,3.384
2020-07_gen5ou-0.json,Gallade,Items,,Twisted Spoon,3.046
2020-07_gen5ou-0.json,Gallade,Items,,Muscle Band,1.184
2020-07_gen5ou-0.json,Gallade,Items,,Scope Lens,1.015
2020-07_gen5ou-0.json,Gallade,Items,,Other,4.569
2020-07_gen5ou-0.json,Gallade,Spreads,,Other,37.394
2020-07_gen5ou-0.json,Gallade,Moves,,Ice Punch,54.653
2020-07_gen5ou-0.json,Gallade,Moves,,Close Combat,53.976
2020-07_gen5ou-0.json,Gallade,Moves,,Psycho Cut,41.624
2020-07_gen5ou-0.json,Gallade,Moves,,Drain Punch,39.425
2020-07_gen5ou-0.json,Gallade,Moves,,Swords Dance,31.81
2020-07_gen5ou-0.json,Gallade,Moves,,Leaf Blade,29.78
2020-07_gen5ou-0.json,Gallade,Moves,,Night Slash,21.658
2020-07_gen5ou-0.json,Gallade,Moves,,Shadow Sneak,19.12
2020-07_gen5ou-0.json,Gallade,Moves,,Earthquake,15.567
2020-07_gen5ou-0.json,Gallade,Moves,,Fire Punch,12.521
2020-07_gen5ou-0.json,Gallade,Moves,,Bulk Up,12.183
2020-07_gen5ou-0.json,Gallade,Moves,,Zen Headbutt,11.168
2020-07_gen5ou-0.json,Gallade,Moves,,Trick Room,8.799
2020-07_gen5ou-0.json,Gallade,Moves,,Brick Break,6.43
2020-07_gen5ou-0.json,Gallade,Moves,,Thunder Punch,6.43
2020-07_gen5ou-0.json,Gallade,Moves,,Psychic,5.245
2020-07_gen5ou-0.json,Gallade,Moves,,Destiny Bond,3.046
2020-07_gen5ou-0.json,Gallade,Moves,,Will-O-Wisp,2.369
2020-07_gen5ou-0.json,Gallade,Moves,,Stored Power,2.03
2020-07_gen5ou-0.json,Gallade,Moves,,Substitute,2.03
2020-07_gen5ou-0.json,Gallade,Moves,,Hidden Power Dark,1.692
2020-07_gen5ou-0.json,Gallade,Moves,,Other,18.443
2020-07_gen5ou-0.json,Azelf,Stats,Raw count,,552
2020-07_gen5ou-0.json,Azelf,Stats,Avg. weight,,1.0
2020-07_gen5ou-0.json,Azelf,Stats,Viability Ceiling,,88
2020-07_gen5ou-0.json,Azelf,Stats,Timid,,6.522
2020-07_gen5ou-0.json,Azelf,Stats,Jolly,,6.159
2020-07_gen5ou-0.json,Azelf,Abilities,,Levitate,100.0
2020-07_gen5ou-0.json,Azelf,Items,,Focus Sash,44.928
2020-07_gen5ou-0.json,Azelf,Items,,Light Clay,20.652
2020-07_gen5ou-0.json,Azelf,Items,,Life Orb,13.043
2020-07_gen5ou-0.json,Azelf,Items,,Choice Specs,5.435
2020-07_gen5ou-0.json,Azelf,Items,,Leftovers,3.623
2020-07_gen5ou-0.json,Azelf,Items,,Shell Bell,3.623
2020-07_gen5ou-0.json,Azelf,Items,,Damp Rock,3.08
2020-07_gen5ou-0.json,Azelf,Items,,Normal Gem,1.63
2020-07_gen5ou-0.json,Azelf,Items,,Other,3.986
2020-07_gen5ou-0.json,Azelf,Spreads,,Other,37.319
2020-07_gen5ou-0.json,Azelf,Moves,,Stealth Rock,52.536
2020-07_gen5ou-0.json,Azelf,Moves,,Taunt,52.355
2020-07_gen5ou-0.json,Azelf,Moves,,Explosion,40.942
2020-07_gen5ou-0.json,Azelf,Moves,,Psychic,32.428
2020-07_gen5ou-0.json,Azelf,Moves,,Flamethrower,27.717
2020-07_gen5ou-0.json,Azelf,Moves,,Thunderbolt,27.355
2020-07_gen5ou-0.json,Azelf,Moves,,Fire Blast,26.812
2020-07_gen5ou-0.json,Azelf,Moves,,Light Screen,26.087
2020-07_gen5ou-0.json,Azelf,Moves,,Reflect,21.92
2020-07_gen5ou-0.json,Azelf,Moves,,U-turn,14.855
2020-07_gen5ou-0.json,Azelf,Moves,,Energy Ball,11.775
2020-07_gen5ou-0.json,Azelf,Moves,,Shadow Ball,9.601
2020-07_gen5ou-0.json,Azelf,Moves,,Grass Knot,8.696
2020-07_gen5ou-0.json,Azelf,Moves,,Psyshock,7.609
2020-07_gen5ou-0.json,Azelf,Moves,,Nasty Plot,7.246
2020-07_gen5ou-0.json,Azelf,Moves,,Hidden Power Ice,6.159
2020-07_gen5ou-0.json,Azelf,Moves,,Acrobatics,4.71
2020-07_gen5ou-0.json,Azelf,Moves,,Knock Off,4.348
2020-07_gen5ou-0.json,Azelf,Moves,,Other,16.848
2020-07_gen5ou-0.json,Spiritomb,Stats,Raw count,,567
2020-07_gen5ou-0.json,Spiritomb,Stats,Avg. weight,,1.0
2020-07_gen5ou-0.json,Spiritomb,Stats,Viability Ceiling,,70
2020-07_gen5ou-0.json,Spiritomb,Stats,Careful,,6.173
2020-07_gen5ou-0.json,Spiritomb,Stats,Sassy,,8.113
2020-07_gen5ou-0.json,Spiritomb,Stats,Bold,,6.349
2020-07_gen5ou-0.json,Spiritomb,Stats,Modest,,5.820
2020-07_gen5ou-0.json,Spiritomb,Abilities,,Pressure,77.601
2020-07_gen5ou-0.json,Spiritomb,Abilities,,Infiltrator,22.399
2020-07_gen5ou-0.json,Spiritomb,Items,,Leftovers,67.725
2020-07_gen5ou-0.json,Spiritomb,Items,,Choice Band,6.702
2020-07_gen5ou-0.json,Spiritomb,Items,,Choice Scarf,5.291
2020-07_gen5ou-0.json,Spiritomb,Items,,Nothing,2.998
2020-07_gen5ou-0.json,Spiritomb,Items,,Sticky Barb,2.822
2020-07_gen5ou-0.json,Spiritomb,Items,,Rocky Helmet,2.116
2020-07_gen5ou-0.json,Spiritomb,Items,,Black Glasses,1.587
2020-07_gen5ou-0.json,Spiritomb,Items,,Lum Berry,1.411
2020-07_gen5ou-0.json,Spiritomb,Items,,Aguav Berry,1.235
2020-07_gen5ou-0.json,Spiritomb,Items,,Focus Sash,1.235
2020-07_gen5ou-0.json,Spiritomb,Items,,Sitrus Berry,1.058
2020-07_gen5ou-0.json,Spiritomb,Items,,Spell Tag,1.058
2020-07_gen5ou-0.json,Spiritomb,Items,,Other,4.762
2020-07_gen5ou-0.json,Spiritomb,Spreads,,Other,58.73
2020-07_gen5ou-0.json,Spiritomb,Moves,,Will-O-Wisp,55.203
2020-07_gen5ou-0.json,Spiritomb,Moves,,Dark Pulse,40.917
2020-07_gen5ou-0.json,Spiritomb,Moves,,Shadow Sneak,31.217
2020-07_gen5ou-0.json,Spiritomb,Moves,,Pain Split,30.688
2020-07_gen5ou-0.json,Spiritomb,Moves,,Sucker Punch,28.395
2020-07_gen5ou-0.json,Spiritomb,Moves,,Shadow Ball,25.926
2020-07_gen5ou-0.json,Spiritomb,Moves,,Pursuit,23.81
2020-07_gen5ou-0.json,Spiritomb,Moves,,Rest,22.399
2020-07_gen5ou-0.json,Spiritomb,Moves,,Calm Mind,22.399
2020-07_gen5ou-0.json,Spiritomb,Moves,,Psychic,17.989
2020-07_gen5ou-0.json,Spiritomb,Moves,,Foul Play,14.638
2020-07_gen5ou-0.json,Spiritomb,Moves,,Trick,14.462
2020-07_gen5ou-0.json,Spiritomb,Moves,,Taunt,8.818
2020-07_gen5ou-0.json,Spiritomb,Moves,,Toxic,8.642
2020-07_gen5ou-0.json,Spiritomb,Moves,,Nasty Plot,7.584
2020-07_gen5ou-0.json,Spiritomb,Moves,,Protect,6.878
2020-07_gen5ou-0.json,Spiritomb,Moves,,Sleep Talk,6.526
2020-07_gen5ou-0.json,Spiritomb,Moves,,Silver Wind,5.82
2020-07_gen5ou-0.json,Spiritomb,Moves,,Curse,5.467
2020-07_gen5ou-0.json,Spiritomb,Moves,,Destiny Bond,4.056
2020-07_gen5ou-0.json,Spiritomb,Moves,,Other,18.166
2020-07_gen5ou-0.json,Kyurem,Stats,Raw count,,553
2020-07_gen5ou-0.json,Kyurem,Stats,Avg. weight,,1.0
2020-07_gen5ou-0.json,Kyurem,Stats,Viability Ceiling,,91
2020-07_gen5ou-0.json,Kyurem,Stats,Timid,,5.063
2020-07_gen5ou-0.json,Kyurem,Stats,Modest,,3.255
2020-07_gen5ou-0.json,Kyurem,Stats,Mild,,10.488
2020-07_gen5ou-0.json,Kyurem,Abilities,,Pressure,100.0
2020-07_gen5ou-0.json,Kyurem,Items,,Leftovers,47.197
2020-07_gen5ou-0.json,Kyurem,Items,,Choice Scarf,13.562
2020-07_gen5ou-0.json,Kyurem,Items,,Sitrus Berry,12.658
2020-07_gen5ou-0.json,Kyurem,Items,,Life Orb,9.765
2020-07_gen5ou-0.json,Kyurem,Items,,Choice Specs,8.137
2020-07_gen5ou-0.json,Kyurem,Items,,Air Balloon,2.712
2020-07_gen5ou-0.json,Kyurem,Items,,Flying Gem,2.17
2020-07_gen5ou-0.json,Kyurem,Items,,Other,3.797
2020-07_gen5ou-0.json,Kyurem,Spreads,,Other,43.219
2020-07_gen5ou-0.json,Kyurem,Moves,,Earth Power,78.481
2020-07_gen5ou-0.json,Kyurem,Moves,,Ice Beam,58.228
2020-07_gen5ou-0.json,Kyurem,Moves,,Substitute,49.186
2020-07_gen5ou-0.json,Kyurem,Moves,,Roost,45.75
2020-07_gen5ou-0.json,Kyurem,Moves,,Blizzard,42.857
2020-07_gen5ou-0.json,Kyurem,Moves,,Draco Meteor,42.134
2020-07_gen5ou-0.json,Kyurem,Moves,,Dragon Pulse,21.157
2020-07_gen5ou-0.json,Kyurem,Moves,,Hidden Power Fire,15.19
2020-07_gen5ou-0.json,Kyurem,Moves,,Focus Blast,13.382
2020-07_gen5ou-0.json,Kyurem,Moves,,Flash Cannon,7.595
2020-07_gen5ou-0.json,Kyurem,Moves,,Ancient Power,2.712
2020-07_gen5ou-0.json,Kyurem,Moves,,Dragon Claw,2.351
2020-07_gen5ou-0.json,Kyurem,Moves,,Shadow Ball,2.351
2020-07_gen5ou-0.json,Kyurem,Moves,,Other,18.626
2020-07_gen5ou-0.json,Ludicolo,Stats,Raw count,,568
2020-07_gen5ou-0.json,Ludicolo,Stats,Avg. weight,,1.0
2020-07_gen5ou-0.json,Ludicolo,Stats,Viability Ceiling,,69
2020-07_gen5ou-0.json,Ludicolo,Stats,Modest,,4.754
2020-07_gen5ou-0.json,Ludicolo,Stats,Hardy,,8.451
2020-07_gen5ou-0.json,Ludicolo,Stats,Calm,,5.282
2020-07_gen5ou-0.json,Ludicolo,Abilities,,Rain Dish,65.669
2020-07_gen5ou-0.json,Ludicolo,Abilities,,Swift Swim,34.155
2020-07_gen5ou-0.json,Ludicolo,Abilities,,Own Tempo,0.176
2020-07_gen5ou-0.json,Ludicolo,Items,,Leftovers,58.099
2020-07_gen5ou-0.json,Ludicolo,Items,,Life Orb,18.838
2020-07_gen5ou-0.json,Ludicolo,Items,,Damp Rock,11.444
2020-07_gen5ou-0.json,Ludicolo,Items,,Rocky Helmet,1.761
2020-07_gen5ou-0.json,Ludicolo,Items,,Mystic Water,1.761
2020-07_gen5ou-0.json,Ludicolo,Items,,Focus Sash,1.761
2020-07_gen5ou-0.json,Ludicolo,Items,,Coba Berry,1.408
2020-07_gen5ou-0.json,Ludicolo,Items,,Other,4.93
2020-07_gen5ou-0.json,Ludicolo,Spreads,,Other,55.81
2020-07_gen5ou-0.json,Ludicolo,Moves,,Ice Beam,64.437
2020-07_gen5ou-0.json,Ludicolo,Moves,,Leech Seed,46.831
2020-07_gen5ou-0.json,Ludicolo,Moves,,Giga Drain,45.775
2020-07_gen5ou-0.json,Ludicolo,Moves,,Energy Ball,41.901
2020-07_gen5ou-0.json,Ludicolo,Moves,,Surf,38.204
2020-07_gen5ou-0.json,Ludicolo,Moves,,Scald,37.148
2020-07_gen5ou-0.json,Ludicolo,Moves,,Rain Dance,25.0
2020-07_gen5ou-0.json,Ludicolo,Moves,,Hydro Pump,11.62
2020-07_gen5ou-0.json,Ludicolo,Moves,,Synthesis,10.035
2020-07_gen5ou-0.json,Ludicolo,Moves,,Substitute,9.859
2020-07_gen5ou-0.json,Ludicolo,Moves,,Focus Blast,9.507
2020-07_gen5ou-0.json,Ludicolo,Moves,,Fake Out,8.627
2020-07_gen5ou-0.json,Ludicolo,Moves,,Protect,7.746
2020-07_gen5ou-0.json,Ludicolo,Moves,,Counter,6.514
2020-07_gen5ou-0.json,Ludicolo,Moves,,Toxic,5.986
2020-07_gen5ou-0.json,Ludicolo,Moves,,Blizzard,5.458
2020-07_gen5ou-0.json,Ludicolo,Moves,,Hidden Power Fire,4.577
2020-07_gen5ou-0.json,Ludicolo,Moves,,Hidden Power Electric,2.993
2020-07_gen5ou-0.json,Ludicolo,Moves,,Other,17.782
2020-07_gen5ou-0.json,Honchkrow,Stats,Raw count,,575
2020-07_gen5ou-0.json,Honchkrow,Stats,Avg. weight,,1.0
2020-07_gen5ou-0.json,Honchkrow,Stats,Viability Ceiling,,68
2020-07_gen5ou-0.json,Honchkrow,Stats,Adamant,,3.478
2020-07_gen5ou-0.json,Honchkrow,Stats,Lonely,,14.087
2020-07_gen5ou-0.json,Honchkrow,Stats,Jolly,,9.739
2020-07_gen5ou-0.json,Honchkrow,Stats,Impish,,4.348
2020-07_gen5ou-0.json,Honchkrow,Abilities,,Moxie,56.522
2020-07_gen5ou-0.json,Honchkrow,Abilities,,Super Luck,31.826
2020-07_gen5ou-0.json,Honchkrow,Abilities,,Insomnia,11.652
2020-07_gen5ou-0.json,Honchkrow,Items,,Power Herb,24.0
2020-07_gen5ou-0.json,Honchkrow,Items,,Focus Sash,19.13
2020-07_gen5ou-0.json,Honchkrow,Items,,Life Orb,18.783
2020-07_gen5ou-0.json,Honchkrow,Items,,Scope Lens,10.957
2020-07_gen5ou-0.json,Honchkrow,Items,,Choice Scarf,8.174
2020-07_gen5ou-0.json,Honchkrow,Items,,Leftovers,6.435
2020-07_gen5ou-0.json,Honchkrow,Items,,Nothing,2.609
2020-07_gen5ou-0.json,Honchkrow,Items,,Sitrus Berry,2.261
2020-07_gen5ou-0.json,Honchkrow,Items,,Expert Belt,1.391
2020-07_gen5ou-0.json,Honchkrow,Items,,Sharp Beak,1.217
2020-07_gen5ou-0.json,Honchkrow,Items,,Rocky Helmet,1.043
2020-07_gen5ou-0.json,Honchkrow,Items,,Other,4.0
2020-07_gen5ou-0.json,Honchkrow,Spreads,,Other,38.261
2020-07_gen5ou-0.json,Honchkrow,Moves,,Sucker Punch,74.957
2020-07_gen5ou-0.json,Honchkrow,Moves,,Brave Bird,65.739
2020-07_gen5ou-0.json,Honchkrow,Moves,,Superpower,45.913
2020-07_gen5ou-0.json,Honchkrow,Moves,,Night Slash,45.565
2020-07_gen5ou-0.json,Honchkrow,Moves,,Sky Attack,24.174
2020-07_gen5ou-0.json,Honchkrow,Moves,,Fly,23.13
2020-07_gen5ou-0.json,Honchkrow,Moves,,Heat Wave,22.087
2020-07_gen5ou-0.json,Honchkrow,Moves,,Roost,16.696
2020-07_gen5ou-0.json,Honchkrow,Moves,,Drill Peck,11.826
2020-07_gen5ou-0.json,Honchkrow,Moves,,Pursuit,11.478
2020-07_gen5ou-0.json,Honchkrow,Moves,,Foul Play,8.0
2020-07_gen5ou-0.json,Honchkrow,Moves,,Dark Pulse,5.913
2020-07_gen5ou-0.json,Honchkrow,Moves,,Taunt,4.174
2020-07_gen5ou-0.json,Honchkrow,Moves,,Substitute,4.174
2020-07_gen5ou-0.json,Honchkrow,Moves,,Return,4.0
2020-07_gen5ou-0.json,Honchkrow,Moves,,Whirlwind,3.478
2020-07_gen5ou-0.json,Honchkrow,Moves,,Haze,3.13
2020-07_gen5ou-0.json,Honchkrow,Moves,,Calm Mind,2.609
2020-07_gen5ou-0.json,Honchkrow,Moves,,Psychic,2.087
2020-07_gen5ou-0.json,Honchkrow,Moves,,Hidden Power Grass,2.087
2020-07_gen5ou-0.json,Honchkrow,Moves,,Other,18.783
2020-07_gen5ou-0.json,Weezing,Stats,Raw count,,594
2020-07_gen5ou-0.json,Weezing,Stats,Avg. weight,,1.0
2020-07_gen5ou-0.json,Weezing,Stats,Viability Ceiling,,62
2020-07_gen5ou-0.json,Weezing,Stats,Bold,,6.566
2020-07_gen5ou-0.json,Weezing,Stats,Relaxed,,2.357
2020-07_gen5ou-0.json,Weezing,Stats,Modest,,1.178
2020-07_gen5ou-0.json,Weezing,Abilities,,Levitate,100.0
2020-07_gen5ou-0.json,Weezing,Items,,Black Sludge,74.242
2020-07_gen5ou-0.json,Weezing,Items,,Leftovers,19.529
2020-07_gen5ou-0.json,Weezing,Items,,Rocky Helmet,1.852
2020-07_gen5ou-0.json,Weezing,Items,,Other,4.377
2020-07_gen5ou-0.json,Weezing,Spreads,,Other,12.795
2020-07_gen5ou-0.json,Weezing,Moves,,Sludge Bomb,85.69
2020-07_gen5ou-0.json,Weezing,Moves,,Taunt,62.626
2020-07_gen5ou-0.json,Weezing,Moves,,Destiny Bond,54.04
2020-07_gen5ou-0.json,Weezing,Moves,,Pain Split,38.384
2020-07_gen5ou-0.json,Weezing,Moves,,Haze,29.63
2020-07_gen5ou-0.json,Weezing,Moves,,Will-O-Wisp,24.747
2020-07_gen5ou-0.json,Weezing,Moves,,Explosion,20.707
2020-07_gen5ou-0.json,Weezing,Moves,,Return,15.993
2020-07_gen5ou-0.json,Weezing,Moves,,Flamethrower,11.953
2020-07_gen5ou-0.json,Weezing,Moves,,Clear Smog,8.923
2020-07_gen5ou-0.json,Weezing,Moves,,Thunder,7.576
2020-07_gen5ou-0.json,Weezing,Moves,,Toxic,7.239
2020-07_gen5ou-0.json,Weezing,Moves,,Payback,5.219
2020-07_gen5ou-0.json,Weezing,Moves,,Curse,4.714
2020-07_gen5ou-0.json,Weezing,Moves,,Rest,2.694
2020-07_gen5ou-0.json,Weezing,Moves,,Other,19.865
2020-07_gen5ou-0.json,Ninjask,Stats,Raw count,,527
2020-07_gen5ou-0.json,Ninjask,Stats,Avg. weight,,1.0
2020-07_gen5ou-0.json,Ninjask,Stats,Viability Ceiling,,67
2020-07_gen5ou-0.json,Ninjask,Stats,Adamant,,7.021
2020-07_gen5ou-0.json,Ninjask,Stats,Lonely,,11.765
2020-07_gen5ou-0.json,Ninjask,Stats,Naive,,7.780
2020-07_gen5ou-0.json,Ninjask,Stats,Timid,,6.452
2020-07_gen5ou-0.json,Ninjask,Abilities,,Speed Boost,87.856
2020-07_gen5ou-0.json,Ninjask,Abilities,,Infiltrator,12.144
2020-07_gen5ou-0.json,Ninjask,Items,,Focus Sash,46.679
2020-07_gen5ou-0.json,Ninjask,Items,,Leftovers,25.427
2020-07_gen5ou-0.json,Ninjask,Items,,Expert Belt,11.195
2020-07_gen5ou-0.json,Ninjask,Items,,Flying Gem,7.59
2020-07_gen5ou-0.json,Ninjask,Items,,Life Orb,2.846
2020-07_gen5ou-0.json,Ninjask,Items,,Choice Band,1.898
2020-07_gen5ou-0.json,Ninjask,Items,,Other,4.364
2020-07_gen5ou-0.json,Ninjask,Spreads,,Other,48.387
2020-07_gen5ou-0.json,Ninjask,Moves,,X-Scissor,70.398
2020-07_gen5ou-0.json,Ninjask,Moves,,Protect,56.167
2020-07_gen5ou-0.json,Ninjask,Moves,,Baton Pass,53.51
2020-07_gen5ou-0.json,Ninjask,Moves,,Substitute,51.613
2020-07_gen5ou-0.json,Ninjask,Moves,,Swords Dance,44.023
2020-07_gen5ou-0.json,Ninjask,Moves,,U-turn,29.222
2020-07_gen5ou-0.json,Ninjask,Moves,,Aerial Ace,18.216
2020-07_gen5ou-0.json,Ninjask,Moves,,Roost,14.042
2020-07_gen5ou-0.json,Ninjask,Moves,,Toxic,9.298
2020-07_gen5ou-0.json,Ninjask,Moves,,Night Slash,7.59
2020-07_gen5ou-0.json,Ninjask,Moves,,Double-Edge,7.021
2020-07_gen5ou-0.json,Ninjask,Moves,,Agility,6.072
2020-07_gen5ou-0.json,Ninjask,Moves,,Facade,5.882
2020-07_gen5ou-0.json,Ninjask,Moves,,Leech Life,5.882
2020-07_gen5ou-0.json,Ninjask,Moves,,Metal Claw,2.846
2020-07_gen5ou-0.json,Ninjask,Moves,,Other,18.216
2020-07_gen5ou-0.json,Unfezant,Stats,Raw count,,571
2020-07_gen5ou-0.json,Unfezant,Stats,Avg. weight,,1.0
2020-07_gen5ou-0.json,Unfezant,Stats,Viability Ceiling,,67
2020-07_gen5ou-0.json,Unfezant,Stats,Naive,,21.191
2020-07_gen5ou-0.json,Unfezant,Stats,Jolly,,19.089
2020-07_gen5ou-0.json,Unfezant,Stats,Adamant,,2.277
2020-07_gen5ou-0.json,Unfezant,Stats,Hardy,,2.102
2020-07_gen5ou-0.json,Unfezant,Abilities,,Super Luck,63.748
2020-07_gen5ou-0.json,Unfezant,Abilities,,Big Pecks,35.552
2020-07_gen5ou-0.json,Unfezant,Abilities,,Rivalry,0.701
2020-07_gen5ou-0.json,Unfezant,Items,,Scope Lens,32.925
2020-07_gen5ou-0.json,Unfezant,Items,,Nothing,9.807
2020-07_gen5ou-0.json,Unfezant,Items,,Flying Gem,8.932
2020-07_gen5ou-0.json,Unfezant,Items,,Leftovers,8.932
2020-07_gen5ou-0.json,Unfezant,Items,,Choice Scarf,7.881
2020-07_gen5ou-0.json,Unfezant,Items,,Sitrus Berry,6.48
2020-07_gen5ou-0.json,Unfezant,Items,,Razor Claw,3.853
2020-07_gen5ou-0.json,Unfezant,Items,,Liechi Berry,3.327
2020-07_gen5ou-0.json,Unfezant,Items,,Life Orb,2.627
2020-07_gen5ou-0.json,Unfezant,Items,,Focus Sash,2.627
2020-07_gen5ou-0.json,Unfezant,Items,,Rocky Helmet,2.277
2020-07_gen5ou-0.json,Unfezant,Items,,Salac Berry,1.926
2020-07_gen5ou-0.json,Unfezant,Items,,Oran Berry,1.401
2020-07_gen5ou-0.json,Unfezant,Items,,Sharp Beak,1.401
2020-07_gen5ou-0.json,Unfezant,Items,,Sky Plate,0.876
2020-07_gen5ou-0.json,Unfezant,Items,,Other,4.729
2020-07_gen5ou-0.json,Unfezant,Spreads,,Other,44.483
2020-07_gen5ou-0.json,Unfezant,Moves,,U-turn,59.194
2020-07_gen5ou-0.json,Unfezant,Moves,,Aerial Ace,48.161
2020-07_gen5ou-0.json,Unfezant,Moves,,Air Slash,43.082
2020-07_gen5ou-0.json,Unfezant,Moves,,Quick Attack,42.207
2020-07_gen5ou-0.json,Unfezant,Moves,,Facade,34.851
2020-07_gen5ou-0.json,Unfezant,Moves,,Giga Impact,22.942
2020-07_gen5ou-0.json,Unfezant,Moves,,Return,21.191
2020-07_gen5ou-0.json,Unfezant,Moves,,Roost,19.089
2020-07_gen5ou-0.json,Unfezant,Moves,,Steel Wing,17.688
2020-07_gen5ou-0.json,Unfezant,Moves,,Fly,16.112
2020-07_gen5ou-0.json,Unfezant,Moves,,Air Cutter,8.932
2020-07_gen5ou-0.json,Unfezant,Moves,,Heat Wave,8.757
2020-07_gen5ou-0.json,Unfezant,Moves,,Detect,8.056
2020-07_gen5ou-0.json,Unfezant,Moves,,Gust,6.48
2020-07_gen5ou-0.json,Unfezant,Moves,,Sky Attack,6.305
2020-07_gen5ou-0.json,Unfezant,Moves,,Protect,5.779
2020-07_gen5ou-0.json,Unfezant,Moves,,Tailwind,4.729
2020-07_gen5ou-0.json,Unfezant,Moves,,Hyper Beam,3.678
2020-07_gen5ou-0.json,Unfezant,Moves,,Toxic,3.503
2020-07_gen5ou-0.json,Unfezant,Moves,,Other,19.264
2020-07_gen5ou-0.json,Meloetta,Stats,Raw count,,516
2020-07_gen5ou-0.json,Meloetta,Stats,Avg. weight,,1.0
2020-07_gen5ou-0.json,Meloetta,Stats,Viability Ceiling,,75
2020-07_gen5ou-0.json,Meloetta,Stats,Hasty,,6.202
2020-07_gen5ou-0.json,Meloetta,Stats,Modest,,17.442
2020-07_gen5ou-0.json,Meloetta,Stats,Timid,,6.008
2020-07_gen5ou-0.json,Meloetta,Stats,Brave,,5.620
2020-07_gen5ou-0.json,Meloetta,Abilities,,Serene Grace,100.0
2020-07_gen5ou-0.json,Meloetta,Items,,Leftovers,53.101
2020-07_gen5ou-0.json,Meloetta,Items,,Expert Belt,12.984
2020-07_gen5ou-0.json,Meloetta,Items,,Life Orb,6.202
2020-07_gen5ou-0.json,Meloetta,Items,,Rocky Helmet,6.202
2020-07_gen5ou-0.json,Meloetta,Items,,Choice Scarf,4.07
2020-07_gen5ou-0.json,Meloetta,Items,,Choice Specs,3.876
2020-07_gen5ou-0.json,Meloetta,Items,,Nothing,3.876
2020-07_gen5ou-0.json,Meloetta,Items,,Lum Berry,2.519
2020-07_gen5ou-0.json,Meloetta,Items,,Salac Berry,1.55
2020-07_gen5ou-0.json,Meloetta,Items,,Razor Fang,1.357
2020-07_gen5ou-0.json,Meloetta,Items,,Other,4.264
2020-07_gen5ou-0.json,Meloetta,Spreads,,Other,34.109
2020-07_gen5ou-0.json,Meloetta,Moves,,Shadow Ball,52.519
2020-07_gen5ou-0.json,Meloetta,Moves,,Relic Song,52.326
2020-07_gen5ou-0.json,Meloetta,Moves,,Calm Mind,37.016
2020-07_gen5ou-0.json,Meloetta,Moves,,Psyshock,35.659
2020-07_gen5ou-0.json,Meloetta,Moves,,Close Combat,33.527
2020-07_gen5ou-0.json,Meloetta,Moves,,Focus Blast,32.364
2020-07_gen5ou-0.json,Meloetta,Moves,,Psychic,28.682
2020-07_gen5ou-0.json,Meloetta,Moves,,Charge Beam,14.341
2020-07_gen5ou-0.json,Meloetta,Moves,,Thunder,13.566
2020-07_gen5ou-0.json,Meloetta,Moves,,Hyper Voice,13.372
2020-07_gen5ou-0.json,Meloetta,Moves,,Heal Bell,9.302
2020-07_gen5ou-0.json,Meloetta,Moves,,Zen Headbutt,9.109
2020-07_gen5ou-0.json,Meloetta,Moves,,Drain Punch,7.558
2020-07_gen5ou-0.json,Meloetta,Moves,,Thunderbolt,6.977
2020-07_gen5ou-0.json,Meloetta,Moves,,Hidden Power Ice,5.426
2020-07_gen5ou-0.json,Meloetta,Moves,,U-turn,5.039
2020-07_gen5ou-0.json,Meloetta,Moves,,Ice Punch,4.07
2020-07_gen5ou-0.json,Meloetta,Moves,,Energy Ball,4.07
2020-07_gen5ou-0.json,Meloetta,Moves,,Hone Claws,3.682
2020-07_gen5ou-0.json,Meloetta,Moves,,Hidden Power Fighting,3.488
2020-07_gen5ou-0.json,Meloetta,Moves,,Stone Edge,3.101
2020-07_gen5ou-0.json,Meloetta,Moves,,Teeter Dance,2.713
2020-07_gen5ou-0.json,Meloetta,Moves,,Signal Beam,2.713
2020-07_gen5ou-0.json,Meloetta,Moves,,Other,19.38
2020-07_gen5ou-0.json,Magmortar,Stats,Raw count,,538
2020-07_gen5ou-0.json,Magmortar,Stats,Avg. weight,,1.0
2020-07_gen5ou-0.json,Magmortar,Stats,Viability Ceiling,,59
2020-07_gen5ou-0.json,Magmortar,Stats,Timid,,30.483
2020-07_gen5ou-0.json,Magmortar,Stats,Hasty,,26.208
2020-07_gen5ou-0.json,Magmortar,Stats,Modest,,9.108
2020-07_gen5ou-0.json,Magmortar,Stats,Impish,,4.647
2020-07_gen5ou-0.json,Magmortar,Stats,Hardy,,2.974
2020-07_gen5ou-0.json,Magmortar,Stats,Mild,,2.416
2020-07_gen5ou-0.json,Magmortar,Abilities,,Flame Body,93.309
2020-07_gen5ou-0.json,Magmortar,Abilities,,Vital Spirit,6.691
2020-07_gen5ou-0.json,Magmortar,Items,,Life Orb,22.119
2020-07_gen5ou-0.json,Magmortar,Items,,Flame Plate,14.684
2020-07_gen5ou-0.json,Magmortar,Items,,Leftovers,12.639
2020-07_gen5ou-0.json,Magmortar,Items,,Flame Orb,11.896
2020-07_gen5ou-0.json,Magmortar,Items,,Expert Belt,7.435
2020-07_gen5ou-0.json,Magmortar,Items,,Nothing,6.691
2020-07_gen5ou-0.json,Magmortar,Items,,Focus Sash,5.019
2020-07_gen5ou-0.json,Magmortar,Items,,Sitrus Berry,4.833
2020-07_gen5ou-0.json,Magmortar,Items,,Choice Scarf,4.089
2020-07_gen5ou-0.json,Magmortar,Items,,Choice Specs,3.532
2020-07_gen5ou-0.json,Magmortar,Items,,Fire Gem,2.788
2020-07_gen5ou-0.json,Magmortar,Items,,Other,4.275
2020-07_gen5ou-0.json,Magmortar,Spreads,,Other,24.164
2020-07_gen5ou-0.json,Magmortar,Moves,,Flamethrower,75.465
2020-07_gen5ou-0.json,Magmortar,Moves,,Thunderbolt,58.922
2020-07_gen5ou-0.json,Magmortar,Moves,,Focus Blast,42.007
2020-07_gen5ou-0.json,Magmortar,Moves,,Fire Punch,26.022
2020-07_gen5ou-0.json,Magmortar,Moves,,Hidden Power Grass,25.836
2020-07_gen5ou-0.json,Magmortar,Moves,,Rock Tomb,24.721
2020-07_gen5ou-0.json,Magmortar,Moves,,Lava Plume,23.42
2020-07_gen5ou-0.json,Magmortar,Moves,,Fire Blast,21.004
2020-07_gen5ou-0.json,Magmortar,Moves,,Psychic,20.818
2020-07_gen5ou-0.json,Magmortar,Moves,,Earthquake,13.569
2020-07_gen5ou-0.json,Magmortar,Moves,,Heat Wave,9.665
2020-07_gen5ou-0.json,Magmortar,Moves,,Brick Break,5.39
2020-07_gen5ou-0.json,Magmortar,Moves,,Overheat,5.204
2020-07_gen5ou-0.json,Magmortar,Moves,,Hidden Power Fighting,5.019
2020-07_gen5ou-0.json,Magmortar,Moves,,Low Kick,4.647
2020-07_gen5ou-0.json,Magmortar,Moves,,Clear Smog,4.089
2020-07_gen5ou-0.json,Magmortar,Moves,,Hidden Power Dragon,3.903
2020-07_gen5ou-0.json,Magmortar,Moves,,Cross Chop,3.903
2020-07_gen5ou-0.json,Magmortar,Moves,,Body Slam,2.788
2020-07_gen5ou-0.json,Magmortar,Moves,,Hidden Power Ice,2.602
2020-07_gen5ou-0.json,Magmortar,Moves,,Solar Beam,2.416
2020-07_gen5ou-0.json,Magmortar,Moves,,Other,18.587
2020-07_gen5ou-0.json,Omastar,Stats,Raw count,,525
2020-07_gen5ou-0.json,Omastar,Stats,Avg. weight,,1.0
2020-07_gen5ou-0.json,Omastar,Stats,Viability Ceiling,,81
2020-07_gen5ou-0.json,Omastar,Stats,Modest,,12.571
2020-07_gen5ou-0.json,Omastar,Stats,Timid,,7.048
2020-07_gen5ou-0.json,Omastar,Stats,Bold,,3.810
2020-07_gen5ou-0.json,Omastar,Abilities,,Swift Swim,55.81
2020-07_gen5ou-0.json,Omastar,Abilities,,Weak Armor,24.952
2020-07_gen5ou-0.json,Omastar,Abilities,,Shell Armor,19.238
2020-07_gen5ou-0.json,Omastar,Items,,Focus Sash,53.143
2020-07_gen5ou-0.json,Omastar,Items,,Leftovers,15.238
2020-07_gen5ou-0.json,Omastar,Items,,White Herb,14.667
2020-07_gen5ou-0.json,Omastar,Items,,Lum Berry,9.524
2020-07_gen5ou-0.json,Omastar,Items,,Rindo Berry,2.476
2020-07_gen5ou-0.json,Omastar,Items,,Other,4.952
2020-07_gen5ou-0.json,Omastar,Spreads,,Other,22.667
2020-07_gen5ou-0.json,Omastar,Moves,,Ice Beam,85.905
2020-07_gen5ou-0.json,Omastar,Moves,,Shell Smash,84.762
2020-07_gen5ou-0.json,Omastar,Moves,,Surf,59.429
2020-07_gen5ou-0.json,Omastar,Moves,,Hidden Power Grass,50.857
2020-07_gen5ou-0.json,Omastar,Moves,,Earth Power,26.667
2020-07_gen5ou-0.json,Omastar,Moves,,Hydro Pump,18.857
2020-07_gen5ou-0.json,Omastar,Moves,,Scald,18.667
2020-07_gen5ou-0.json,Omastar,Moves,,Ancient Power,11.429
2020-07_gen5ou-0.json,Omastar,Moves,,Toxic Spikes,9.143
2020-07_gen5ou-0.json,Omastar,Moves,,Hidden Power Fire,8.381
2020-07_gen5ou-0.json,Omastar,Moves,,Stealth Rock,7.81
2020-07_gen5ou-0.json,Omastar,Moves,,Other,18.095
2020-07_gen5ou-0.json,Accelgor,Stats,Raw count,,481
2020-07_gen5ou-0.json,Accelgor,Stats,Avg. weight,,1.0
2020-07_gen5ou-0.json,Accelgor,Stats,Viability Ceiling,,61
2020-07_gen5ou-0.json,Accelgor,Stats,Timid,,10.187
2020-07_gen5ou-0.json,Accelgor,Stats,Modest,,9.148
2020-07_gen5ou-0.json,Accelgor,Stats,Hardy,,9.148
2020-07_gen5ou-0.json,Accelgor,Abilities,,Hydration,36.798
2020-07_gen5ou-0.json,Accelgor,Abilities,,Unburden,31.809
2020-07_gen5ou-0.json,Accelgor,Abilities,,Sticky Hold,31.393
2020-07_gen5ou-0.json,Accelgor,Items,,Focus Sash,24.116
2020-07_gen5ou-0.json,Accelgor,Items,,Choice Specs,17.048
2020-07_gen5ou-0.json,Accelgor,Items,,Expert Belt,15.8
2020-07_gen5ou-0.json,Accelgor,Items,,Life Orb,11.227
2020-07_gen5ou-0.json,Accelgor,Items,,Leftovers,8.316
2020-07_gen5ou-0.json,Accelgor,Items,,Sitrus Berry,7.9
2020-07_gen5ou-0.json,Accelgor,Items,,Bug Gem,7.692
2020-07_gen5ou-0.json,Accelgor,Items,,Nothing,2.911
2020-07_gen5ou-0.json,Accelgor,Items,,Other,4.99
2020-07_gen5ou-0.json,Accelgor,Spreads,,Other,24.324
2020-07_gen5ou-0.json,Accelgor,Moves,,Bug Buzz,88.15
2020-07_gen5ou-0.json,Accelgor,Moves,,Focus Blast,43.659
2020-07_gen5ou-0.json,Accelgor,Moves,,Giga Drain,38.877
2020-07_gen5ou-0.json,Accelgor,Moves,,Hidden Power Ice,36.383
2020-07_gen5ou-0.json,Accelgor,Moves,,Energy Ball,33.888
2020-07_gen5ou-0.json,Accelgor,Moves,,Toxic,27.235
2020-07_gen5ou-0.json,Accelgor,Moves,,Sludge Bomb,21.622
2020-07_gen5ou-0.json,Accelgor,Moves,,Spikes,21.206
2020-07_gen5ou-0.json,Accelgor,Moves,,U-turn,12.89
2020-07_gen5ou-0.json,Accelgor,Moves,,Substitute,11.642
2020-07_gen5ou-0.json,Accelgor,Moves,,Signal Beam,7.069
2020-07_gen5ou-0.json,Accelgor,Moves,,Final Gambit,6.861
2020-07_gen5ou-0.json,Accelgor,Moves,,Me First,6.445
2020-07_gen5ou-0.json,Accelgor,Moves,,Recover,5.198
2020-07_gen5ou-0.json,Accelgor,Moves,,Hidden Power Rock,5.198
2020-07_gen5ou-0.json,Accelgor,Moves,,Hidden Power Fire,3.95
2020-07_gen5ou-0.json,Accelgor,Moves,,Rain Dance,2.911
2020-07_gen5ou-0.json,Accelgor,Moves,,Protect,2.911
2020-07_gen5ou-0.json,Accelgor,Moves,,Agility,2.287
2020-07_gen5ou-0.json,Accelgor,Moves,,Hidden Power Ground,2.287
2020-07_gen5ou-0.json,Accelgor,Moves,,Other,19.335
2020-07_gen5ou-0.json,Kabutops,Stats,Raw count,,464
2020-07_gen5ou-0.json,Kabutops,Stats,Avg. weight,,1.0
2020-07_gen5ou-0.json,Kabutops,Stats,Viability Ceiling,,77
2020-07_gen5ou-0.json,Kabutops,Stats,Jolly,,5.388
2020-07_gen5ou-0.json,Kabutops,Stats,Hardy,,5.819
2020-07_gen5ou-0.json,Kabutops,Stats,Adamant,,3.879
2020-07_gen5ou-0.json,Kabutops,Abilities,,Weak Armor,51.724
2020-07_gen5ou-0.json,Kabutops,Abilities,,Swift Swim,38.362
2020-07_gen5ou-0.json,Kabutops,Abilities,,Battle Armor,9.914
2020-07_gen5ou-0.json,Kabutops,Items,,Choice Scarf,39.44
2020-07_gen5ou-0.json,Kabutops,Items,,Life Orb,15.733
2020-07_gen5ou-0.json,Kabutops,Items,,Focus Sash,15.517
2020-07_gen5ou-0.json,Kabutops,Items,,Leftovers,11.638
2020-07_gen5ou-0.json,Kabutops,Items,,Choice Band,4.741
2020-07_gen5ou-0.json,Kabutops,Items,,Sitrus Berry,3.448
2020-07_gen5ou-0.json,Kabutops,Items,,Liechi Berry,2.802
2020-07_gen5ou-0.json,Kabutops,Items,,Water Gem,1.509
2020-07_gen5ou-0.json,Kabutops,Items,,Mental Herb,0.862
2020-07_gen5ou-0.json,Kabutops,Items,,Other,4.31
2020-07_gen5ou-0.json,Kabutops,Spreads,,Other,24.784
2020-07_gen5ou-0.json,Kabutops,Moves,,Waterfall,83.836
2020-07_gen5ou-0.json,Kabutops,Moves,,Stone Edge,83.836
2020-07_gen5ou-0.json,Kabutops,Moves,,Aqua Jet,70.905
2020-07_gen5ou-0.json,Kabutops,Moves,,Rapid Spin,58.836
2020-07_gen5ou-0.json,Kabutops,Moves,,Swords Dance,26.94
2020-07_gen5ou-0.json,Kabutops,Moves,,Stealth Rock,14.871
2020-07_gen5ou-0.json,Kabutops,Moves,,X-Scissor,11.422
2020-07_gen5ou-0.json,Kabutops,Moves,,Rock Slide,8.836
2020-07_gen5ou-0.json,Kabutops,Moves,,Superpower,7.328
2020-07_gen5ou-0.json,Kabutops,Moves,,Rain Dance,4.526
2020-07_gen5ou-0.json,Kabutops,Moves,,Ice Beam,4.095
2020-07_gen5ou-0.json,Kabutops,Moves,,Knock Off,4.095
2020-07_gen5ou-0.json,Kabutops,Moves,,Low Kick,3.664
2020-07_gen5ou-0.json,Kabutops,Moves,,Other,16.81
2020-07_gen5ou-0.json,Golurk,Stats,Raw count,,457
2020-07_gen5ou-0.json,Golurk,Stats,Avg. weight,,1.0
2020-07_gen5ou-0.json,Golurk,Stats,Viability Ceiling,,73
2020-07_gen5ou-0.json,Golurk,Stats,Adamant,,2.188
2020-07_gen5ou-0.json,Golurk,Stats,Impish,,8.534
2020-07_gen5ou-0.json,Golurk,Stats,Jolly,,2.626
2020-07_gen5ou-0.json,Golurk,Abilities,,Iron Fist,75.93
2020-07_gen5ou-0.json,Golurk,Abilities,,No Guard,24.07
2020-07_gen5ou-0.json,Golurk,Items,,Leftovers,37.199
2020-07_gen5ou-0.json,Golurk,Items,,Life Orb,16.193
2020-07_gen5ou-0.json,Golurk,Items,,Choice Band,14.223
2020-07_gen5ou-0.json,Golurk,Items,,Expert Belt,8.534
2020-07_gen5ou-0.json,Golurk,Items,,Focus Sash,5.689
2020-07_gen5ou-0.json,Golurk,Items,,Lum Berry,3.501
2020-07_gen5ou-0.json,Golurk,Items,,Passho Berry,2.188
2020-07_gen5ou-0.json,Golurk,Items,,Sitrus Berry,1.532
2020-07_gen5ou-0.json,Golurk,Items,,Rocky Helmet,1.313
2020-07_gen5ou-0.json,Golurk,Items,,Choice Scarf,1.313
2020-07_gen5ou-0.json,Golurk,Items,,Nothing,1.094
2020-07_gen5ou-0.json,Golurk,Items,,Quick Claw,1.094
2020-07_gen5ou-0.json,Golurk,Items,,King's Rock,0.875
2020-07_gen5ou-0.json,Golurk,Items,,Power Herb,0.875
2020-07_gen5ou-0.json,Golurk,Items,,Other,4.376
2020-07_gen5ou-0.json,Golurk,Spreads,,Other,33.479
2020-07_gen5ou-0.json,Golurk,Moves,,Earthquake,59.3
2020-07_gen5ou-0.json,Golurk,Moves,,Ice Punch,56.674
2020-07_gen5ou-0.json,Golurk,Moves,,Drain Punch,45.733
2020-07_gen5ou-0.json,Golurk,Moves,,Shadow Punch,43.982
2020-07_gen5ou-0.json,Golurk,Moves,,Thunder Punch,30.635
2020-07_gen5ou-0.json,Golurk,Moves,,Fire Punch,29.322
2020-07_gen5ou-0.json,Golurk,Moves,,Substitute,25.164
2020-07_gen5ou-0.json,Golurk,Moves,,Dynamic Punch,22.101
2020-07_gen5ou-0.json,Golurk,Moves,,Stealth Rock,17.505
2020-07_gen5ou-0.json,Golurk,Moves,,Focus Punch,15.536
2020-07_gen5ou-0.json,Golurk,Moves,,Stone Edge,12.473
2020-07_gen5ou-0.json,Golurk,Moves,,Rock Polish,8.096
2020-07_gen5ou-0.json,Golurk,Moves,,Heavy Slam,6.346
2020-07_gen5ou-0.json,Golurk,Moves,,Shadow Ball,5.689
2020-07_gen5ou-0.json,Golurk,Moves,,Ice Beam,2.845
2020-07_gen5ou-0.json,Golurk,Moves,,Other,18.6
2020-07_gen5ou-0.json,Mismagius,Stats,Raw count,,450
2020-07_gen5ou-0.json,Mismagius,Stats,Avg. weight,,1.0
2020-07_gen5ou-0.json,Mismagius,Stats,Viability Ceiling,,67
2020-07_gen5ou-0.json,Mismagius,Stats,Timid,,4.222
2020-07_gen5ou-0.json,Mismagius,Stats,Bold,,8.889
2020-07_gen5ou-0.json,Mismagius,Stats,Sassy,,3.778
2020-07_gen5ou-0.json,Mismagius,Abilities,,Levitate,100.0
2020-07_gen5ou-0.json,Mismagius,Items,,Leftovers,24.889
2020-07_gen5ou-0.json,Mismagius,Items,,Life Orb,20.0
2020-07_gen5ou-0.json,Mismagius,Items,,Focus Sash,16.444
2020-07_gen5ou-0.json,Mismagius,Items,,Sticky Barb,8.444
2020-07_gen5ou-0.json,Mismagius,Items,,Mental Herb,6.222
2020-07_gen5ou-0.json,Mismagius,Items,,Ghost Gem,5.111
2020-07_gen5ou-0.json,Mismagius,Items,,Sitrus Berry,5.111
2020-07_gen5ou-0.json,Mismagius,Items,,Choice Specs,3.333
2020-07_gen5ou-0.json,Mismagius,Items,,Lum Berry,2.222
2020-07_gen5ou-0.json,Mismagius,Items,,Choice Scarf,1.778
2020-07_gen5ou-0.json,Mismagius,Items,,Quick Claw,1.778
2020-07_gen5ou-0.json,Mismagius,Items,,Other,4.667
2020-07_gen5ou-0.json,Mismagius,Spreads,,Other,24.444
2020-07_gen5ou-0.json,Mismagius,Moves,,Shadow Ball,64.0
2020-07_gen5ou-0.json,Mismagius,Moves,,Thunderbolt,32.889
2020-07_gen5ou-0.json,Mismagius,Moves,,Confuse Ray,29.778
2020-07_gen5ou-0.json,Mismagius,Moves,,Toxic,27.556
2020-07_gen5ou-0.json,Mismagius,Moves,,Hidden Power Fighting,26.0
2020-07_gen5ou-0.json,Mismagius,Moves,,Nasty Plot,21.556
2020-07_gen5ou-0.json,Mismagius,Moves,,Calm Mind,20.667
2020-07_gen5ou-0.json,Mismagius,Moves,,Substitute,19.778
2020-07_gen5ou-0.json,Mismagius,Moves,,Will-O-Wisp,18.444
2020-07_gen5ou-0.json,Mismagius,Moves,,Pain Split,17.333
2020-07_gen5ou-0.json,Mismagius,Moves,,Hex,14.0
2020-07_gen5ou-0.json,Mismagius,Moves,,Ominous Wind,11.111
2020-07_gen5ou-0.json,Mismagius,Moves,,Trick,10.444
2020-07_gen5ou-0.json,Mismagius,Moves,,Taunt,10.0
2020-07_gen5ou-0.json,Mismagius,Moves,,Destiny Bond,8.889
2020-07_gen5ou-0.json,Mismagius,Moves,,Dark Pulse,8.667
2020-07_gen5ou-0.json,Mismagius,Moves,,Heal Bell,6.444
2020-07_gen5ou-0.json,Mismagius,Moves,,Energy Ball,6.444
2020-07_gen5ou-0.json,Mismagius,Moves,,Psychic,6.222
2020-07_gen5ou-0.json,Mismagius,Moves,,Foul Play,4.889
2020-07_gen5ou-0.json,Mismagius,Moves,,Trick Room,4.444
2020-07_gen5ou-0.json,Mismagius,Moves,,Thunder Wave,4.222
2020-07_gen5ou-0.json,Mismagius,Moves,,Perish Song,4.222
2020-07_gen5ou-0.json,Mismagius,Moves,,Power Gem,2.889
2020-07_gen5ou-0.json,Mismagius,Moves,,Other,19.111
2020-07_gen5ou-0.json,Torterra,Stats,Raw count,,473
2020-07_gen5ou-0.json,Torterra,Stats,Avg. weight,,1.0
2020-07_gen5ou-0.json,Torterra,Stats,Viability Ceiling,,62
2020-07_gen5ou-0.json,Torterra,Stats,Relaxed,,28.541
2020-07_gen5ou-0.json,Torterra,Stats,Adamant,,7.822
2020-07_gen5ou-0.json,Torterra,Stats,Quiet,,6.342
2020-07_gen5ou-0.json,Torterra,Stats,Hardy,,4.440
2020-07_gen5ou-0.json,Torterra,Stats,Impish,,4.228
2020-07_gen5ou-0.json,Torterra,Abilities,,Overgrow,82.241
2020-07_gen5ou-0.json,Torterra,Abilities,,Shell Armor,17.759
2020-07_gen5ou-0.json,Torterra,Items,,Leftovers,56.237
2020-07_gen5ou-0.json,Torterra,Items,,Focus Sash,13.108
2020-07_gen5ou-0.json,Torterra,Items,,White Herb,6.131
2020-07_gen5ou-0.json,Torterra,Items,,Nothing,5.074
2020-07_gen5ou-0.json,Torterra,Items,,Choice Scarf,3.383
2020-07_gen5ou-0.json,Torterra,Items,,Light Clay,2.326
2020-07_gen5ou-0.json,Torterra,Items,,Lum Berry,2.114
2020-07_gen5ou-0.json,Torterra,Items,,Life Orb,1.691
2020-07_gen5ou-0.json,Torterra,Items,,Yache Berry,1.48
2020-07_gen5ou-0.json,Torterra,Items,,Berry Juice,1.48
2020-07_gen5ou-0.json,Torterra,Items,,Sitrus Berry,1.268
2020-07_gen5ou-0.json,Torterra,Items,,Rocky Helmet,1.268
2020-07_gen5ou-0.json,Torterra,Items,,Other,4.44
2020-07_gen5ou-0.json,Torterra,Spreads,,Other,38.901
2020-07_gen5ou-0.json,Torterra,Moves,,Earthquake,65.962
2020-07_gen5ou-0.json,Torterra,Moves,,Giga Drain,39.112
2020-07_gen5ou-0.json,Torterra,Moves,,Stealth Rock,36.152
2020-07_gen5ou-0.json,Torterra,Moves,,Leech Seed,35.518
2020-07_gen5ou-0.json,Torterra,Moves,,Grass Knot,28.118
2020-07_gen5ou-0.json,Torterra,Moves,,Seed Bomb,27.907
2020-07_gen5ou-0.json,Torterra,Moves,,Synthesis,19.027
2020-07_gen5ou-0.json,Torterra,Moves,,Wood Hammer,16.279
2020-07_gen5ou-0.json,Torterra,Moves,,Leaf Storm,15.856
2020-07_gen5ou-0.json,Torterra,Moves,,Crunch,14.588
2020-07_gen5ou-0.json,Torterra,Moves,,Energy Ball,13.742
2020-07_gen5ou-0.json,Torterra,Moves,,Protect,13.108
2020-07_gen5ou-0.json,Torterra,Moves,,Rock Slide,11.205
2020-07_gen5ou-0.json,Torterra,Moves,,Curse,9.514
2020-07_gen5ou-0.json,Torterra,Moves,,Toxic,9.091
2020-07_gen5ou-0.json,Torterra,Moves,,Stone Edge,5.708
2020-07_gen5ou-0.json,Torterra,Moves,,Hidden Power Fire,3.171
2020-07_gen5ou-0.json,Torterra,Moves,,Mud-Slap,2.748
2020-07_gen5ou-0.json,Torterra,Moves,,Bullet Seed,2.748
2020-07_gen5ou-0.json,Torterra,Moves,,Razor Leaf,2.537
2020-07_gen5ou-0.json,Torterra,Moves,,Body Slam,2.537
2020-07_gen5ou-0.json,Torterra,Moves,,Light Screen,2.537
2020-07_gen5ou-0.json,Torterra,Moves,,Reflect,2.326
2020-07_gen5ou-0.json,Torterra,Moves,,Grass Pledge,2.326
2020-07_gen5ou-0.json,Torterra,Moves,,Other,18.182
2020-07_gen5ou-0.json,Feraligatr,Stats,Raw count,,478
2020-07_gen5ou-0.json,Feraligatr,Stats,Avg. weight,,1.0
2020-07_gen5ou-0.json,Feraligatr,Stats,Viability Ceiling,,75
2020-07_gen5ou-0.json,Feraligatr,Stats,Adamant,,4.393
2020-07_gen5ou-0.json,Feraligatr,Stats,Jolly,,18.619
2020-07_gen5ou-0.json,Feraligatr,Stats,Hardy,,5.649
2020-07_gen5ou-0.json,Feraligatr,Abilities,,Torrent,100.0
2020-07_gen5ou-0.json,Feraligatr,Items,,Life Orb,53.556
2020-07_gen5ou-0.json,Feraligatr,Items,,Mystic Water,19.874
2020-07_gen5ou-0.json,Feraligatr,Items,,Leftovers,13.389
2020-07_gen5ou-0.json,Feraligatr,Items,,Nothing,1.883
2020-07_gen5ou-0.json,Feraligatr,Items,,Lum Berry,1.464
2020-07_gen5ou-0.json,Feraligatr,Items,,Black Belt,1.464
2020-07_gen5ou-0.json,Feraligatr,Items,,Rocky Helmet,1.255
2020-07_gen5ou-0.json,Feraligatr,Items,,Wave Incense,1.046
2020-07_gen5ou-0.json,Feraligatr,Items,,Shell Bell,1.046
2020-07_gen5ou-0.json,Feraligatr,Items,,Liechi Berry,0.837
2020-07_gen5ou-0.json,Feraligatr,Items,,Other,4.184
2020-07_gen5ou-0.json,Feraligatr,Spreads,,Other,35.565
2020-07_gen5ou-0.json,Feraligatr,Moves,,Waterfall,85.356
2020-07_gen5ou-0.json,Feraligatr,Moves,,Ice Punch,69.038
2020-07_gen5ou-0.json,Feraligatr,Moves,,Dragon Dance,48.536
2020-07_gen5ou-0.json,Feraligatr,Moves,,Earthquake,38.285
2020-07_gen5ou-0.json,Feraligatr,Moves,,Aqua Jet,37.238
2020-07_gen5ou-0.json,Feraligatr,Moves,,Crunch,26.36
2020-07_gen5ou-0.json,Feraligatr,Moves,,Swords Dance,16.527
2020-07_gen5ou-0.json,Feraligatr,Moves,,Outrage,8.787
2020-07_gen5ou-0.json,Feraligatr,Moves,,Brick Break,6.904
2020-07_gen5ou-0.json,Feraligatr,Moves,,Aqua Tail,5.021
2020-07_gen5ou-0.json,Feraligatr,Moves,,Ice Fang,4.812
2020-07_gen5ou-0.json,Feraligatr,Moves,,Shadow Claw,4.393
2020-07_gen5ou-0.json,Feraligatr,Moves,,Dragon Claw,3.975
2020-07_gen5ou-0.json,Feraligatr,Moves,,Surf,3.766
2020-07_gen5ou-0.json,Feraligatr,Moves,,Agility,3.766
2020-07_gen5ou-0.json,Feraligatr,Moves,,Avalanche,3.347
2020-07_gen5ou-0.json,Feraligatr,Moves,,Superpower,3.347
2020-07_gen5ou-0.json,Feraligatr,Moves,,Protect,3.138
2020-07_gen5ou-0.json,Feraligatr,Moves,,Focus Punch,2.51
2020-07_gen5ou-0.json,Feraligatr,Moves,,Hydro Pump,2.51
2020-07_gen5ou-0.json,Feraligatr,Moves,,Ice Beam,2.301
2020-07_gen5ou-0.json,Feraligatr,Moves,,Blizzard,1.883
2020-07_gen5ou-0.json,Feraligatr,Moves,,Other,18.201
2020-07_gen5ou-0.json,Quagsire,Stats,Raw count,,429
2020-07_gen5ou-0.json,Quagsire,Stats,Avg. weight,,1.0
2020-07_gen5ou-0.json,Quagsire,Stats,Viability Ceiling,,79
2020-07_gen5ou-0.json,Quagsire,Stats,Relaxed,,10.723
2020-07_gen5ou-0.json,Quagsire,Stats,Impish,,15.152
2020-07_gen5ou-0.json,Quagsire,Stats,Bold,,6.993
2020-07_gen5ou-0.json,Quagsire,Stats,Hardy,,3.030
2020-07_gen5ou-0.json,Quagsire,Abilities,,Unaware,91.608
2020-07_gen5ou-0.json,Quagsire,Abilities,,Water Absorb,4.196
2020-07_gen5ou-0.json,Quagsire,Abilities,,Damp,4.196
2020-07_gen5ou-0.json,Quagsire,Items,,Leftovers,95.571
2020-07_gen5ou-0.json,Quagsire,Items,,Other,4.429
2020-07_gen5ou-0.json,Quagsire,Spreads,,Other,20.047
2020-07_gen5ou-0.json,Quagsire,Moves,,Recover,92.075
2020-07_gen5ou-0.json,Quagsire,Moves,,Earthquake,85.315
2020-07_gen5ou-0.json,Quagsire,Moves,,Toxic,75.058
2020-07_gen5ou-0.json,Quagsire,Moves,,Scald,69.231
2020-07_gen5ou-0.json,Quagsire,Moves,,Waterfall,19.347
2020-07_gen5ou-0.json,Quagsire,Moves,,Encore,10.723
2020-07_gen5ou-0.json,Quagsire,Moves,,Protect,8.392
2020-07_gen5ou-0.json,Quagsire,Moves,,Curse,7.226
2020-07_gen5ou-0.json,Quagsire,Moves,,Haze,5.594
2020-07_gen5ou-0.json,Quagsire,Moves,,Surf,4.429
2020-07_gen5ou-0.json,Quagsire,Moves,,Brick Break,3.03
2020-07_gen5ou-0.json,Quagsire,Moves,,Other,19.58
2020-07_gen5ou-0.json,Lanturn,Stats,Raw count,,461
2020-07_gen5ou-0.json,Lanturn,Stats,Avg. weight,,1.0
2020-07_gen5ou-0.json,Lanturn,Stats,Viability Ceiling,,81
2020-07_gen5ou-0.json,Lanturn,Stats,Calm,,10.629
2020-07_gen5ou-0.json,Lanturn,Stats,Modest,,16.269
2020-07_gen5ou-0.json,Lanturn,Stats,Sassy,,7.809
2020-07_gen5ou-0.json,Lanturn,Stats,Bold,,4.338
2020-07_gen5ou-0.json,Lanturn,Abilities,,Volt Absorb,91.54
2020-07_gen5ou-0.json,Lanturn,Abilities,,Water Absorb,8.46
2020-07_gen5ou-0.json,Lanturn,Items,,Leftovers,81.562
2020-07_gen5ou-0.json,Lanturn,Items,,Lum Berry,5.423
2020-07_gen5ou-0.json,Lanturn,Items,,Absorb Bulb,2.82
2020-07_gen5ou-0.json,Lanturn,Items,,Magnet,2.169
2020-07_gen5ou-0.json,Lanturn,Items,,Air Balloon,1.952
2020-07_gen5ou-0.json,Lanturn,Items,,Damp Rock,1.302
2020-07_gen5ou-0.json,Lanturn,Items,,Other,4.772
2020-07_gen5ou-0.json,Lanturn,Spreads,,Other,22.993
2020-07_gen5ou-0.json,Lanturn,Moves,,Scald,72.668
2020-07_gen5ou-0.json,Lanturn,Moves,,Volt Switch,67.245
2020-07_gen5ou-0.json,Lanturn,Moves,,Toxic,52.495
2020-07_gen5ou-0.json,Lanturn,Moves,,Thunder Wave,42.299
2020-07_gen5ou-0.json,Lanturn,Moves,,Heal Bell,33.839
2020-07_gen5ou-0.json,Lanturn,Moves,,Ice Beam,26.247
2020-07_gen5ou-0.json,Lanturn,Moves,,Protect,15.618
2020-07_gen5ou-0.json,Lanturn,Moves,,Surf,14.1
2020-07_gen5ou-0.json,Lanturn,Moves,,Discharge,13.232
2020-07_gen5ou-0.json,Lanturn,Moves,,Thunderbolt,11.714
2020-07_gen5ou-0.json,Lanturn,Moves,,Thunder,8.243
2020-07_gen5ou-0.json,Lanturn,Moves,,Hydro Pump,6.074
2020-07_gen5ou-0.json,Lanturn,Moves,,Aqua Ring,4.772
2020-07_gen5ou-0.json,Lanturn,Moves,,Confuse Ray,3.905
2020-07_gen5ou-0.json,Lanturn,Moves,,Signal Beam,3.905
2020-07_gen5ou-0.json,Lanturn,Moves,,Aqua Tail,3.688
2020-07_gen5ou-0.json,Lanturn,Moves,,Other,19.957
2020-07_gen5ou-0.json,Rotom-Mow,Stats,Raw count,,441
2020-07_gen5ou-0.json,Rotom-Mow,Stats,Avg. weight,,1.0
2020-07_gen5ou-0.json,Rotom-Mow,Stats,Viability Ceiling,,79
2020-07_gen5ou-0.json,Rotom-Mow,Stats,Calm,,21.315
2020-07_gen5ou-0.json,Rotom-Mow,Stats,Timid,,10.431
2020-07_gen5ou-0.json,Rotom-Mow,Stats,Modest,,5.442
2020-07_gen5ou-0.json,Rotom-Mow,Abilities,,Levitate,100.0
2020-07_gen5ou-0.json,Rotom-Mow,Items,,Choice Scarf,51.247
2020-07_gen5ou-0.json,Rotom-Mow,Items,,Leftovers,32.426
2020-07_gen5ou-0.json,Rotom-Mow,Items,,Choice Specs,4.989
2020-07_gen5ou-0.json,Rotom-Mow,Items,,Lum Berry,3.628
2020-07_gen5ou-0.json,Rotom-Mow,Items,,Miracle Seed,3.401
2020-07_gen5ou-0.json,Rotom-Mow,Items,,Other,4.308
2020-07_gen5ou-0.json,Rotom-Mow,Spreads,,Other,29.478
2020-07_gen5ou-0.json,Rotom-Mow,Moves,,Leaf Storm,92.063
2020-07_gen5ou-0.json,Rotom-Mow,Moves,,Volt Switch,76.417
2020-07_gen5ou-0.json,Rotom-Mow,Moves,,Trick,48.299
2020-07_gen5ou-0.json,Rotom-Mow,Moves,,Hidden Power Ice,42.63
2020-07_gen5ou-0.json,Rotom-Mow,Moves,,Will-O-Wisp,42.177
2020-07_gen5ou-0.json,Rotom-Mow,Moves,,Pain Split,29.252
2020-07_gen5ou-0.json,Rotom-Mow,Moves,,Thunderbolt,18.821
2020-07_gen5ou-0.json,Rotom-Mow,Moves,,Discharge,8.39
2020-07_gen5ou-0.json,Rotom-Mow,Moves,,Thunder,6.349
2020-07_gen5ou-0.json,Rotom-Mow,Moves,,Shadow Ball,5.442
2020-07_gen5ou-0.json,Rotom-Mow,Moves,,Dark Pulse,5.442
2020-07_gen5ou-0.json,Rotom-Mow,Moves,,Thunder Wave,4.535
2020-07_gen5ou-0.json,Rotom-Mow,Moves,,Rest,3.628
2020-07_gen5ou-0.json,Rotom-Mow,Moves,,Other,16.553
2020-07_gen5ou-0.json,Rhydon,Stats,Raw count,,491
2020-07_gen5ou-0.json,Rhydon,Stats,Avg. weight,,1.0
2020-07_gen5ou-0.json,Rhydon,Stats,Viability Ceiling,,63
2020-07_gen5ou-0.json,Rhydon,Stats,Relaxed,,47.251
2020-07_gen5ou-0.json,Rhydon,Stats,Adamant,,4.888
2020-07_gen5ou-0.json,Rhydon,Stats,Impish,,3.462
2020-07_gen5ou-0.json,Rhydon,Abilities,,Rock Head,60.285
2020-07_gen5ou-0.json,Rhydon,Abilities,,Lightning Rod,31.161
2020-07_gen5ou-0.json,Rhydon,Abilities,,Reckless,8.554
2020-07_gen5ou-0.json,Rhydon,Items,,Eviolite,97.556
2020-07_gen5ou-0.json,Rhydon,Items,,Other,2.444
2020-07_gen5ou-0.json,Rhydon,Spreads,,Other,25.866
2020-07_gen5ou-0.json,Rhydon,Moves,,Earthquake,96.945
2020-07_gen5ou-0.json,Rhydon,Moves,,Stealth Rock,73.32
2020-07_gen5ou-0.json,Rhydon,Moves,,Stone Edge,61.711
2020-07_gen5ou-0.json,Rhydon,Moves,,Brick Break,49.898
2020-07_gen5ou-0.json,Rhydon,Moves,,Rock Blast,27.699
2020-07_gen5ou-0.json,Rhydon,Moves,,Hammer Arm,21.181
2020-07_gen5ou-0.json,Rhydon,Moves,,Rock Polish,11.202
2020-07_gen5ou-0.json,Rhydon,Moves,,Counter,8.147
2020-07_gen5ou-0.json,Rhydon,Moves,,Fire Punch,7.739
2020-07_gen5ou-0.json,Rhydon,Moves,,Rock Slide,7.332
2020-07_gen5ou-0.json,Rhydon,Moves,,Ice Punch,6.314
2020-07_gen5ou-0.json,Rhydon,Moves,,Thunder Punch,6.314
2020-07_gen5ou-0.json,Rhydon,Moves,,Megahorn,4.684
2020-07_gen5ou-0.json,Rhydon,Moves,,Other,17.515
2020-07_gen5ou-0.json,Walrein,Stats,Raw count,,402
2020-07_gen5ou-0.json,Walrein,Stats,Avg. weight,,1.0
2020-07_gen5ou-0.json,Walrein,Stats,Viability Ceiling,,68
2020-07_gen5ou-0.json,Walrein,Stats,Modest,,7.214
2020-07_gen5ou-0.json,Walrein,Stats,Calm,,2.985
2020-07_gen5ou-0.json,Walrein,Stats,Timid,,3.731
2020-07_gen5ou-0.json,Walrein,Abilities,,Ice Body,77.861
2020-07_gen5ou-0.json,Walrein,Abilities,,Thick Fat,22.139
2020-07_gen5ou-0.json,Walrein,Items,,Leftovers,87.065
2020-07_gen5ou-0.json,Walrein,Items,,Quick Claw,2.488
2020-07_gen5ou-0.json,Walrein,Items,,Lum Berry,2.239
2020-07_gen5ou-0.json,Walrein,Items,,Mystic Water,1.99
2020-07_gen5ou-0.json,Walrein,Items,,Choice Specs,1.741
2020-07_gen5ou-0.json,Walrein,Items,,Other,4.478
2020-07_gen5ou-0.json,Walrein,Spreads,,Other,34.328
2020-07_gen5ou-0.json,Walrein,Moves,,Protect,59.204
2020-07_gen5ou-0.json,Walrein,Moves,,Toxic,58.706
2020-07_gen5ou-0.json,Walrein,Moves,,Substitute,56.468
2020-07_gen5ou-0.json,Walrein,Moves,,Blizzard,56.219
2020-07_gen5ou-0.json,Walrein,Moves,,Surf,54.975
2020-07_gen5ou-0.json,Walrein,Moves,,Ice Beam,22.388
2020-07_gen5ou-0.json,Walrein,Moves,,Hail,12.687
2020-07_gen5ou-0.json,Walrein,Moves,,Rest,12.438
2020-07_gen5ou-0.json,Walrein,Moves,,Earthquake,6.965
2020-07_gen5ou-0.json,Walrein,Moves,,Sleep Talk,6.219
2020-07_gen5ou-0.json,Walrein,Moves,,Snore,6.219
2020-07_gen5ou-0.json,Walrein,Moves,,Avalanche,5.97
2020-07_gen5ou-0.json,Walrein,Moves,,Roar,5.97
2020-07_gen5ou-0.json,Walrein,Moves,,Curse,4.478
2020-07_gen5ou-0.json,Walrein,Moves,,Super Fang,3.483
2020-07_gen5ou-0.json,Walrein,Moves,,Hidden Power Fighting,2.985
2020-07_gen5ou-0.json,Walrein,Moves,,Crunch,2.985
2020-07_gen5ou-0.json,Walrein,Moves,,Aqua Ring,2.985
2020-07_gen5ou-0.json,Walrein,Moves,,Other,18.657
2020-07_gen5ou-0.json,Shuckle,Stats,Raw count,,453
2020-07_gen5ou-0.json,Shuckle,Stats,Avg. weight,,1.0
2020-07_gen5ou-0.json,Shuckle,Stats,Viability Ceiling,,60
2020-07_gen5ou-0.json,Shuckle,Stats,Careful,,5.960
2020-07_gen5ou-0.json,Shuckle,Stats,Impish,,7.947
2020-07_gen5ou-0.json,Shuckle,Stats,Relaxed,,6.623
2020-07_gen5ou-0.json,Shuckle,Abilities,,Sturdy,73.731
2020-07_gen5ou-0.json,Shuckle,Abilities,,Contrary,20.751
2020-07_gen5ou-0.json,Shuckle,Abilities,,Gluttony,5.519
2020-07_gen5ou-0.json,Shuckle,Items,,Leftovers,39.735
2020-07_gen5ou-0.json,Shuckle,Items,,Chesto Berry,18.102
2020-07_gen5ou-0.json,Shuckle,Items,,Metronome,13.024
2020-07_gen5ou-0.json,Shuckle,Items,,Rocky Helmet,5.519
2020-07_gen5ou-0.json,Shuckle,Items,,Binding Band,4.194
2020-07_gen5ou-0.json,Shuckle,Items,,Sitrus Berry,3.753
2020-07_gen5ou-0.json,Shuckle,Items,,Nothing,2.87
2020-07_gen5ou-0.json,Shuckle,Items,,Focus Sash,2.208
2020-07_gen5ou-0.json,Shuckle,Items,,Iapapa Berry,1.987
2020-07_gen5ou-0.json,Shuckle,Items,,Lum Berry,1.545
2020-07_gen5ou-0.json,Shuckle,Items,,White Herb,1.325
2020-07_gen5ou-0.json,Shuckle,Items,,Life Orb,1.104
2020-07_gen5ou-0.json,Shuckle,Items,,Other,4.636
2020-07_gen5ou-0.json,Shuckle,Spreads,,Other,53.863
2020-07_gen5ou-0.json,Shuckle,Moves,,Toxic,64.238
2020-07_gen5ou-0.json,Shuckle,Moves,,Rest,58.278
2020-07_gen5ou-0.json,Shuckle,Moves,,Protect,35.32
2020-07_gen5ou-0.json,Shuckle,Moves,,Stealth Rock,34.216
2020-07_gen5ou-0.json,Shuckle,Moves,,Rollout,32.23
2020-07_gen5ou-0.json,Shuckle,Moves,,Acupressure,24.724
2020-07_gen5ou-0.json,Shuckle,Moves,,Power Split,24.283
2020-07_gen5ou-0.json,Shuckle,Moves,,Encore,23.179
2020-07_gen5ou-0.json,Shuckle,Moves,,Knock Off,15.453
2020-07_gen5ou-0.json,Shuckle,Moves,,Substitute,13.024
2020-07_gen5ou-0.json,Shuckle,Moves,,Gyro Ball,10.817
2020-07_gen5ou-0.json,Shuckle,Moves,,Shell Smash,9.934
2020-07_gen5ou-0.json,Shuckle,Moves,,Wrap,7.947
2020-07_gen5ou-0.json,Shuckle,Moves,,Sandstorm,6.843
2020-07_gen5ou-0.json,Shuckle,Moves,,Earthquake,5.96
2020-07_gen5ou-0.json,Shuckle,Moves,,Power Trick,3.974
2020-07_gen5ou-0.json,Shuckle,Moves,,Bug Bite,3.532
2020-07_gen5ou-0.json,Shuckle,Moves,,Sleep Talk,3.532
2020-07_gen5ou-0.json,Shuckle,Moves,,Stone Edge,2.87
2020-07_gen5ou-0.json,Shuckle,Moves,,Other,19.647
2020-07_gen5ou-0.json,Carracosta,Stats,Raw count,,429
2020-07_gen5ou-0.json,Carracosta,Stats,Avg. weight,,1.0
2020-07_gen5ou-0.json,Carracosta,Stats,Viability Ceiling,,65
2020-07_gen5ou-0.json,Carracosta,Stats,Jolly,,8.392
2020-07_gen5ou-0.json,Carracosta,Stats,Adamant,,5.594
2020-07_gen5ou-0.json,Carracosta,Abilities,,Solid Rock,67.599
2020-07_gen5ou-0.json,Carracosta,Abilities,,Sturdy,30.303
2020-07_gen5ou-0.json,Carracosta,Abilities,,Swift Swim,2.098
2020-07_gen5ou-0.json,Carracosta,Items,,Leftovers,35.431
2020-07_gen5ou-0.json,Carracosta,Items,,Life Orb,12.354
2020-07_gen5ou-0.json,Carracosta,Items,,White Herb,12.354
2020-07_gen5ou-0.json,Carracosta,Items,,Sitrus Berry,10.49
2020-07_gen5ou-0.json,Carracosta,Items,,Nothing,5.128
2020-07_gen5ou-0.json,Carracosta,Items,,Aguav Berry,3.263
2020-07_gen5ou-0.json,Carracosta,Items,,Rindo Berry,3.03
2020-07_gen5ou-0.json,Carracosta,Items,,Focus Sash,2.797
2020-07_gen5ou-0.json,Carracosta,Items,,Mental Herb,1.865
2020-07_gen5ou-0.json,Carracosta,Items,,Mystic Water,1.865
2020-07_gen5ou-0.json,Carracosta,Items,,Air Balloon,1.632
2020-07_gen5ou-0.json,Carracosta,Items,,Quick Claw,1.399
2020-07_gen5ou-0.json,Carracosta,Items,,Water Gem,1.399
2020-07_gen5ou-0.json,Carracosta,Items,,Rocky Helmet,1.166
2020-07_gen5ou-0.json,Carracosta,Items,,Hard Stone,0.932
2020-07_gen5ou-0.json,Carracosta,Items,,Other,4.895
2020-07_gen5ou-0.json,Carracosta,Spreads,,Other,47.086
2020-07_gen5ou-0.json,Carracosta,Moves,,Aqua Jet,70.629
2020-07_gen5ou-0.json,Carracosta,Moves,,Shell Smash,69.231
2020-07_gen5ou-0.json,Carracosta,Moves,,Earthquake,48.718
2020-07_gen5ou-0.json,Carracosta,Moves,,Waterfall,40.793
2020-07_gen5ou-0.json,Carracosta,Moves,,Rock Slide,33.1
2020-07_gen5ou-0.json,Carracosta,Moves,,Stone Edge,27.04
2020-07_gen5ou-0.json,Carracosta,Moves,,Hidden Power Fire,14.219
2020-07_gen5ou-0.json,Carracosta,Moves,,Aqua Tail,13.753
2020-07_gen5ou-0.json,Carracosta,Moves,,Ice Beam,12.587
2020-07_gen5ou-0.json,Carracosta,Moves,,Surf,11.422
2020-07_gen5ou-0.json,Carracosta,Moves,,Crunch,7.925
2020-07_gen5ou-0.json,Carracosta,Moves,,Ancient Power,7.459
2020-07_gen5ou-0.json,Carracosta,Moves,,Curse,5.828
2020-07_gen5ou-0.json,Carracosta,Moves,,Stealth Rock,4.662
2020-07_gen5ou-0.json,Carracosta,Moves,,Hidden Power Flying,3.963
2020-07_gen5ou-0.json,Carracosta,Moves,,Iron Head,3.963
2020-07_gen5ou-0.json,Carracosta,Moves,,Hydro Pump,3.03
2020-07_gen5ou-0.json,Carracosta,Moves,,Protect,3.03
2020-07_gen5ou-0.json,Carracosta,Moves,,Other,18.648
2020-07_gen5ou-0.json,Braviary,Stats,Raw count,,442
2020-07_gen5ou-0.json,Braviary,Stats,Avg. weight,,1.0
2020-07_gen5ou-0.json,Braviary,Stats,Viability Ceiling,,64
2020-07_gen5ou-0.json,Braviary,Stats,Jolly,,4.977
2020-07_gen5ou-0.json,Braviary,Stats,Hardy,,4.299
2020-07_gen5ou-0.json,Braviary,Stats,Adamant,,3.394
2020-07_gen5ou-0.json,Braviary,Abilities,,Defiant,45.475
2020-07_gen5ou-0.json,Braviary,Abilities,,Sheer Force,28.054
2020-07_gen5ou-0.json,Braviary,Abilities,,Keen Eye,26.471
2020-07_gen5ou-0.json,Braviary,Items,,Leftovers,17.873
2020-07_gen5ou-0.json,Braviary,Items,,Choice Scarf,15.611
2020-07_gen5ou-0.json,Braviary,Items,,Choice Band,12.443
2020-07_gen5ou-0.json,Braviary,Items,,Life Orb,8.824
2020-07_gen5ou-0.json,Braviary,Items,,Flying Gem,7.919
2020-07_gen5ou-0.json,Braviary,Items,,Expert Belt,5.882
2020-07_gen5ou-0.json,Braviary,Items,,Nothing,5.882
2020-07_gen5ou-0.json,Braviary,Items,,Sitrus Berry,4.977
2020-07_gen5ou-0.json,Braviary,Items,,Normal Gem,4.299
2020-07_gen5ou-0.json,Braviary,Items,,Focus Sash,3.394
2020-07_gen5ou-0.json,Braviary,Items,,Rocky Helmet,2.941
2020-07_gen5ou-0.json,Braviary,Items,,Muscle Band,1.81
2020-07_gen5ou-0.json,Braviary,Items,,Choice Specs,1.357
2020-07_gen5ou-0.json,Braviary,Items,,Power Herb,1.357
2020-07_gen5ou-0.json,Braviary,Items,,Silk Scarf,1.131
2020-07_gen5ou-0.json,Braviary,Items,,Other,4.299
2020-07_gen5ou-0.json,Braviary,Spreads,,Other,45.701
2020-07_gen5ou-0.json,Braviary,Moves,,Brave Bird,92.081
2020-07_gen5ou-0.json,Braviary,Moves,,Superpower,54.751
2020-07_gen5ou-0.json,Braviary,Moves,,U-turn,38.914
2020-07_gen5ou-0.json,Braviary,Moves,,Rock Slide,33.71
2020-07_gen5ou-0.json,Braviary,Moves,,Shadow Claw,28.507
2020-07_gen5ou-0.json,Braviary,Moves,,Bulk Up,22.851
2020-07_gen5ou-0.json,Braviary,Moves,,Return,22.624
2020-07_gen5ou-0.json,Braviary,Moves,,Roost,21.719
2020-07_gen5ou-0.json,Braviary,Moves,,Crush Claw,14.027
2020-07_gen5ou-0.json,Braviary,Moves,,Heat Wave,11.538
2020-07_gen5ou-0.json,Braviary,Moves,,Air Slash,9.276
2020-07_gen5ou-0.json,Braviary,Moves,,Aerial Ace,9.05
2020-07_gen5ou-0.json,Braviary,Moves,,Defog,6.335
2020-07_gen5ou-0.json,Braviary,Moves,,Tailwind,6.109
2020-07_gen5ou-0.json,Braviary,Moves,,Facade,4.072
2020-07_gen5ou-0.json,Braviary,Moves,,Substitute,4.072
2020-07_gen5ou-0.json,Braviary,Moves,,Sky Attack,3.394
2020-07_gen5ou-0.json,Braviary,Moves,,Other,16.968
2020-07_gen5ou-0.json,Dugtrio,Stats,Raw count,,408
2020-07_gen5ou-0.json,Dugtrio,Stats,Avg. weight,,1.0
2020-07_gen5ou-0.json,Dugtrio,Stats,Viability Ceiling,,65
2020-07_gen5ou-0.json,Dugtrio,Stats,Jolly,,5.637
2020-07_gen5ou-0.json,Dugtrio,Stats,Hasty,,2.941
2020-07_gen5ou-0.json,Dugtrio,Abilities,,Sand Force,100.0
2020-07_gen5ou-0.json,Dugtrio,Items,,Focus Sash,54.902
2020-07_gen5ou-0.json,Dugtrio,Items,,Life Orb,24.265
2020-07_gen5ou-0.json,Dugtrio,Items,,Leftovers,5.147
2020-07_gen5ou-0.json,Dugtrio,Items,,Choice Band,4.657
2020-07_gen5ou-0.json,Dugtrio,Items,,Choice Scarf,1.961
2020-07_gen5ou-0.json,Dugtrio,Items,,Ground Gem,1.225
2020-07_gen5ou-0.json,Dugtrio,Items,,Nothing,1.225
2020-07_gen5ou-0.json,Dugtrio,Items,,Sitrus Berry,0.98
2020-07_gen5ou-0.json,Dugtrio,Items,,Soft Sand,0.98
2020-07_gen5ou-0.json,Dugtrio,Items,,Other,4.657
2020-07_gen5ou-0.json,Dugtrio,Spreads,,Other,32.843
2020-07_gen5ou-0.json,Dugtrio,Moves,,Earthquake,95.588
2020-07_gen5ou-0.json,Dugtrio,Moves,,Sucker Punch,48.775
2020-07_gen5ou-0.json,Dugtrio,Moves,,Stealth Rock,44.608
2020-07_gen5ou-0.json,Dugtrio,Moves,,Stone Edge,43.627
2020-07_gen5ou-0.json,Dugtrio,Moves,,Memento,37.5
2020-07_gen5ou-0.json,Dugtrio,Moves,,Reversal,23.284
2020-07_gen5ou-0.json,Dugtrio,Moves,,Rock Slide,12.745
2020-07_gen5ou-0.json,Dugtrio,Moves,,Toxic,10.784
2020-07_gen5ou-0.json,Dugtrio,Moves,,Shadow Claw,8.333
2020-07_gen5ou-0.json,Dugtrio,Moves,,Nothing,6.618
2020-07_gen5ou-0.json,Dugtrio,Moves,,Substitute,6.127
2020-07_gen5ou-0.json,Dugtrio,Moves,,Night Slash,5.882
2020-07_gen5ou-0.json,Dugtrio,Moves,,Dig,5.882
2020-07_gen5ou-0.json,Dugtrio,Moves,,Pursuit,4.902
2020-07_gen5ou-0.json,Dugtrio,Moves,,Return,4.412
2020-07_gen5ou-0.json,Dugtrio,Moves,,Aerial Ace,4.167
2020-07_gen5ou-0.json,Dugtrio,Moves,,Hone Claws,3.922
2020-07_gen5ou-0.json,Dugtrio,Moves,,Protect,3.922
2020-07_gen5ou-0.json,Dugtrio,Moves,,Screech,3.676
2020-07_gen5ou-0.json,Dugtrio,Moves,,Rock Tomb,3.676
2020-07_gen5ou-0.json,Dugtrio,Moves,,Earth Power,2.941
2020-07_gen5ou-0.json,Dugtrio,Moves,,Other,18.627
2020-07_gen5ou-0.json,Aggron,Stats,Raw count,,426
2020-07_gen5ou-0.json,Aggron,Stats,Avg. weight,,1.0
2020-07_gen5ou-0.json,Aggron,Stats,Viability Ceiling,,61
2020-07_gen5ou-0.json,Aggron,Stats,Adamant,,9.390
2020-07_gen5ou-0.json,Aggron,Stats,Impish,,5.869
2020-07_gen5ou-0.json,Aggron,Stats,Jolly,,3.521
2020-07_gen5ou-0.json,Aggron,Abilities,,Rock Head,53.052
2020-07_gen5ou-0.json,Aggron,Abilities,,Sturdy,40.376
2020-07_gen5ou-0.json,Aggron,Abilities,,Heavy Metal,6.573
2020-07_gen5ou-0.json,Aggron,Items,,Muscle Band,26.761
2020-07_gen5ou-0.json,Aggron,Items,,Choice Band,13.85
2020-07_gen5ou-0.json,Aggron,Items,,Leftovers,9.39
2020-07_gen5ou-0.json,Aggron,Items,,Rocky Helmet,9.155
2020-07_gen5ou-0.json,Aggron,Items,,Life Orb,7.746
2020-07_gen5ou-0.json,Aggron,Items,,Nothing,5.399
2020-07_gen5ou-0.json,Aggron,Items,,Rock Gem,4.695
2020-07_gen5ou-0.json,Aggron,Items,,Custap Berry,4.695
2020-07_gen5ou-0.json,Aggron,Items,,Sitrus Berry,3.286
2020-07_gen5ou-0.json,Aggron,Items,,Focus Sash,3.052
2020-07_gen5ou-0.json,Aggron,Items,,Air Balloon,2.347
2020-07_gen5ou-0.json,Aggron,Items,,Eviolite,1.408
2020-07_gen5ou-0.json,Aggron,Items,,Ground Gem,1.174
2020-07_gen5ou-0.json,Aggron,Items,,Metal Coat,0.939
2020-07_gen5ou-0.json,Aggron,Items,,Salac Berry,0.939
2020-07_gen5ou-0.json,Aggron,Items,,Chople Berry,0.704
2020-07_gen5ou-0.json,Aggron,Items,,Other,4.46
2020-07_gen5ou-0.json,Aggron,Spreads,,Other,37.793
2020-07_gen5ou-0.json,Aggron,Moves,,Earthquake,72.535
2020-07_gen5ou-0.json,Aggron,Moves,,Head Smash,68.779
2020-07_gen5ou-0.json,Aggron,Moves,,Double-Edge,38.498
2020-07_gen5ou-0.json,Aggron,Moves,,Autotomize,35.915
2020-07_gen5ou-0.json,Aggron,Moves,,Heavy Slam,30.751
2020-07_gen5ou-0.json,Aggron,Moves,,Rock Slide,22.066
2020-07_gen5ou-0.json,Aggron,Moves,,Stealth Rock,13.38
2020-07_gen5ou-0.json,Aggron,Moves,,Iron Head,12.676
2020-07_gen5ou-0.json,Aggron,Moves,,Iron Tail,8.451
2020-07_gen5ou-0.json,Aggron,Moves,,Aqua Tail,7.277
2020-07_gen5ou-0.json,Aggron,Moves,,Metal Burst,6.573
2020-07_gen5ou-0.json,Aggron,Moves,,Hone Claws,6.338
2020-07_gen5ou-0.json,Aggron,Moves,,Endeavor,5.869
2020-07_gen5ou-0.json,Aggron,Moves,,Ice Punch,5.399
2020-07_gen5ou-0.json,Aggron,Moves,,Rock Polish,5.164
2020-07_gen5ou-0.json,Aggron,Moves,,Stone Edge,4.695
2020-07_gen5ou-0.json,Aggron,Moves,,Avalanche,4.225
2020-07_gen5ou-0.json,Aggron,Moves,,Curse,4.225
2020-07_gen5ou-0.json,Aggron,Moves,,Thunder Wave,3.756
2020-07_gen5ou-0.json,Aggron,Moves,,Substitute,3.286
2020-07_gen5ou-0.json,Aggron,Moves,,Roar,2.817
2020-07_gen5ou-0.json,Aggron,Moves,,Focus Punch,2.582
2020-07_gen5ou-0.json,Aggron,Moves,,Brick Break,2.113
2020-07_gen5ou-0.json,Aggron,Moves,,Flash Cannon,2.113
2020-07_gen5ou-0.json,Aggron,Moves,,Fire Punch,1.878
2020-07_gen5ou-0.json,Aggron,Moves,,Dragon Claw,1.878
2020-07_gen5ou-0.json,Aggron,Moves,,Earth Power,1.878
2020-07_gen5ou-0.json,Aggron,Moves,,Surf,1.878
2020-07_gen5ou-0.json,Aggron,Moves,,Toxic,1.643
2020-07_gen5ou-0.json,Aggron,Moves,,Nothing,1.408
2020-07_gen5ou-0.json,Aggron,Moves,,Other,19.953
2020-07_gen5ou-0.json,Dusknoir,Stats,Raw count,,389
2020-07_gen5ou-0.json,Dusknoir,Stats,Avg. weight,,1.0
2020-07_gen5ou-0.json,Dusknoir,Stats,Viability Ceiling,,63
2020-07_gen5ou-0.json,Dusknoir,Stats,Brave,,6.427
2020-07_gen5ou-0.json,Dusknoir,Stats,Adamant,,6.684
2020-07_gen5ou-0.json,Dusknoir,Stats,Sassy,,6.170
2020-07_gen5ou-0.json,Dusknoir,Stats,Relaxed,,5.141
2020-07_gen5ou-0.json,Dusknoir,Abilities,,Pressure,100.0
2020-07_gen5ou-0.json,Dusknoir,Items,,Leftovers,58.355
2020-07_gen5ou-0.json,Dusknoir,Items,,Expert Belt,8.483
2020-07_gen5ou-0.json,Dusknoir,Items,,Life Orb,4.37
2020-07_gen5ou-0.json,Dusknoir,Items,,Choice Band,4.37
2020-07_gen5ou-0.json,Dusknoir,Items,,Rocky Helmet,3.856
2020-07_gen5ou-0.json,Dusknoir,Items,,Mental Herb,3.342
2020-07_gen5ou-0.json,Dusknoir,Items,,Focus Sash,3.085
2020-07_gen5ou-0.json,Dusknoir,Items,,Muscle Band,1.799
2020-07_gen5ou-0.json,Dusknoir,Items,,Aguav Berry,1.799
2020-07_gen5ou-0.json,Dusknoir,Items,,Sitrus Berry,1.799
2020-07_gen5ou-0.json,Dusknoir,Items,,Black Sludge,1.542
2020-07_gen5ou-0.json,Dusknoir,Items,,Sticky Barb,1.028
2020-07_gen5ou-0.json,Dusknoir,Items,,Choice Scarf,1.028
2020-07_gen5ou-0.json,Dusknoir,Items,,Nothing,1.028
2020-07_gen5ou-0.json,Dusknoir,Items,,Other,4.113
2020-07_gen5ou-0.json,Dusknoir,Spreads,,Other,59.383
2020-07_gen5ou-0.json,Dusknoir,Moves,,Earthquake,57.841
2020-07_gen5ou-0.json,Dusknoir,Moves,,Trick Room,40.103
2020-07_gen5ou-0.json,Dusknoir,Moves,,Fire Punch,38.303
2020-07_gen5ou-0.json,Dusknoir,Moves,,Shadow Sneak,36.247
2020-07_gen5ou-0.json,Dusknoir,Moves,,Sucker Punch,29.306
2020-07_gen5ou-0.json,Dusknoir,Moves,,Pain Split,28.278
2020-07_gen5ou-0.json,Dusknoir,Moves,,Will-O-Wisp,27.249
2020-07_gen5ou-0.json,Dusknoir,Moves,,Ice Punch,19.28
2020-07_gen5ou-0.json,Dusknoir,Moves,,Brick Break,17.738
2020-07_gen5ou-0.json,Dusknoir,Moves,,Shadow Punch,15.167
2020-07_gen5ou-0.json,Dusknoir,Moves,,Thunder Punch,8.226
2020-07_gen5ou-0.json,Dusknoir,Moves,,Trick,6.941
2020-07_gen5ou-0.json,Dusknoir,Moves,,Curse,4.884
2020-07_gen5ou-0.json,Dusknoir,Moves,,Pursuit,4.884
2020-07_gen5ou-0.json,Dusknoir,Moves,,Focus Punch,4.37
2020-07_gen5ou-0.json,Dusknoir,Moves,,Disable,4.113
2020-07_gen5ou-0.json,Dusknoir,Moves,,Shadow Ball,3.856
2020-07_gen5ou-0.json,Dusknoir,Moves,,Rest,3.599
2020-07_gen5ou-0.json,Dusknoir,Moves,,Hex,3.599
2020-07_gen5ou-0.json,Dusknoir,Moves,,Mean Look,3.599
2020-07_gen5ou-0.json,Dusknoir,Moves,,Taunt,3.342
2020-07_gen5ou-0.json,Dusknoir,Moves,,Spite,3.085
2020-07_gen5ou-0.json,Dusknoir,Moves,,Blizzard,2.828
2020-07_gen5ou-0.json,Dusknoir,Moves,,Confuse Ray,2.828
2020-07_gen5ou-0.json,Dusknoir,Moves,,Protect,2.828
2020-07_gen5ou-0.json,Dusknoir,Moves,,Giga Impact,2.571
2020-07_gen5ou-0.json,Dusknoir,Moves,,Night Shade,2.571
2020-07_gen5ou-0.json,Dusknoir,Moves,,Destiny Bond,2.571
2020-07_gen5ou-0.json,Dusknoir,Moves,,Other,19.794
2020-07_gen5ou-0.json,Hitmonlee,Stats,Raw count,,396
2020-07_gen5ou-0.json,Hitmonlee,Stats,Avg. weight,,1.0
2020-07_gen5ou-0.json,Hitmonlee,Stats,Viability Ceiling,,79
2020-07_gen5ou-0.json,Hitmonlee,Stats,Adamant,,5.303
2020-07_gen5ou-0.json,Hitmonlee,Stats,Jolly,,11.616
2020-07_gen5ou-0.json,Hitmonlee,Abilities,,Unburden,43.182
2020-07_gen5ou-0.json,Hitmonlee,Abilities,,Reckless,36.111
2020-07_gen5ou-0.json,Hitmonlee,Abilities,,Limber,20.707
2020-07_gen5ou-0.json,Hitmonlee,Items,,Liechi Berry,28.283
2020-07_gen5ou-0.json,Hitmonlee,Items,,Focus Sash,27.02
2020-07_gen5ou-0.json,Hitmonlee,Items,,Normal Gem,16.162
2020-07_gen5ou-0.json,Hitmonlee,Items,,Fighting Gem,7.071
2020-07_gen5ou-0.json,Hitmonlee,Items,,Life Orb,5.051
2020-07_gen5ou-0.json,Hitmonlee,Items,,Chesto Berry,2.778
2020-07_gen5ou-0.json,Hitmonlee,Items,,Choice Scarf,2.778
2020-07_gen5ou-0.json,Hitmonlee,Items,,Dark Gem,2.273
2020-07_gen5ou-0.json,Hitmonlee,Items,,Choice Band,2.02
2020-07_gen5ou-0.json,Hitmonlee,Items,,Expert Belt,2.02
2020-07_gen5ou-0.json,Hitmonlee,Items,,Other,4.545
2020-07_gen5ou-0.json,Hitmonlee,Spreads,,Other,18.939
2020-07_gen5ou-0.json,Hitmonlee,Moves,,High Jump Kick,54.04
2020-07_gen5ou-0.json,Hitmonlee,Moves,,Earthquake,50.505
2020-07_gen5ou-0.json,Hitmonlee,Moves,,Fake Out,33.586
2020-07_gen5ou-0.json,Hitmonlee,Moves,,Sucker Punch,33.586
2020-07_gen5ou-0.json,Hitmonlee,Moves,,Mach Punch,33.081
2020-07_gen5ou-0.json,Hitmonlee,Moves,,Bulk Up,30.303
2020-07_gen5ou-0.json,Hitmonlee,Moves,,Blaze Kick,27.02
2020-07_gen5ou-0.json,Hitmonlee,Moves,,Bullet Punch,23.485
2020-07_gen5ou-0.json,Hitmonlee,Moves,,Stone Edge,21.465
2020-07_gen5ou-0.json,Hitmonlee,Moves,,Reversal,16.667
2020-07_gen5ou-0.json,Hitmonlee,Moves,,Endure,16.162
2020-07_gen5ou-0.json,Hitmonlee,Moves,,Jump Kick,13.889
2020-07_gen5ou-0.json,Hitmonlee,Moves,,Close Combat,13.384
2020-07_gen5ou-0.json,Hitmonlee,Moves,,Knock Off,5.556
2020-07_gen5ou-0.json,Hitmonlee,Moves,,Double-Edge,3.535
2020-07_gen5ou-0.json,Hitmonlee,Moves,,Rest,2.778
2020-07_gen5ou-0.json,Hitmonlee,Moves,,Rock Slide,2.273
2020-07_gen5ou-0.json,Hitmonlee,Moves,,Other,18.687
2020-07_gen5ou-0.json,Liepard,Stats,Raw count,,406
2020-07_gen5ou-0.json,Liepard,Stats,Avg. weight,,1.0
2020-07_gen5ou-0.json,Liepard,Stats,Viability Ceiling,,66
2020-07_gen5ou-0.json,Liepard,Stats,Jolly,,16.502
2020-07_gen5ou-0.json,Liepard,Stats,Adamant,,8.374
2020-07_gen5ou-0.json,Liepard,Stats,Modest,,14.039
2020-07_gen5ou-0.json,Liepard,Stats,Serious,,5.665
2020-07_gen5ou-0.json,Liepard,Stats,Lonely,,3.941
2020-07_gen5ou-0.json,Liepard,Abilities,,Prankster,42.857
2020-07_gen5ou-0.json,Liepard,Abilities,,Unburden,41.379
2020-07_gen5ou-0.json,Liepard,Abilities,,Limber,15.764
2020-07_gen5ou-0.json,Liepard,Items,,Focus Sash,33.251
2020-07_gen5ou-0.json,Liepard,Items,,Sitrus Berry,20.443
2020-07_gen5ou-0.json,Liepard,Items,,Leftovers,18.227
2020-07_gen5ou-0.json,Liepard,Items,,Black Glasses,8.621
2020-07_gen5ou-0.json,Liepard,Items,,Life Orb,3.695
2020-07_gen5ou-0.json,Liepard,Items,,Choice Band,2.956
2020-07_gen5ou-0.json,Liepard,Items,,Normal Gem,2.217
2020-07_gen5ou-0.json,Liepard,Items,,Dread Plate,1.724
2020-07_gen5ou-0.json,Liepard,Items,,Heat Rock,1.724
2020-07_gen5ou-0.json,Liepard,Items,,Dark Gem,1.478
2020-07_gen5ou-0.json,Liepard,Items,,Rocky Helmet,1.232
2020-07_gen5ou-0.json,Liepard,Items,,Other,4.433
2020-07_gen5ou-0.json,Liepard,Spreads,,Other,35.714
2020-07_gen5ou-0.json,Liepard,Moves,,Fake Out,41.133
2020-07_gen5ou-0.json,Liepard,Moves,,Sucker Punch,32.759
2020-07_gen5ou-0.json,Liepard,Moves,,Encore,32.512
2020-07_gen5ou-0.json,Liepard,Moves,,Aerial Ace,27.586
2020-07_gen5ou-0.json,Liepard,Moves,,Dark Pulse,23.399
2020-07_gen5ou-0.json,Liepard,Moves,,Taunt,22.66
2020-07_gen5ou-0.json,Liepard,Moves,,U-turn,22.414
2020-07_gen5ou-0.json,Liepard,Moves,,Nasty Plot,21.429
2020-07_gen5ou-0.json,Liepard,Moves,,Shadow Claw,19.951
2020-07_gen5ou-0.json,Liepard,Moves,,Thunder Wave,17.98
2020-07_gen5ou-0.json,Liepard,Moves,,Night Slash,17.98
2020-07_gen5ou-0.json,Liepard,Moves,,Foul Play,17.488
2020-07_gen5ou-0.json,Liepard,Moves,,Grass Knot,14.532
2020-07_gen5ou-0.json,Liepard,Moves,,Hidden Power Fighting,14.039
2020-07_gen5ou-0.json,Liepard,Moves,,Substitute,11.823
2020-07_gen5ou-0.json,Liepard,Moves,,Assist,7.143
2020-07_gen5ou-0.json,Liepard,Moves,,Protect,6.897
2020-07_gen5ou-0.json,Liepard,Moves,,Torment,5.665
2020-07_gen5ou-0.json,Liepard,Moves,,Shadow Ball,5.419
2020-07_gen5ou-0.json,Liepard,Moves,,Nothing,5.172
2020-07_gen5ou-0.json,Liepard,Moves,,Seed Bomb,4.68
2020-07_gen5ou-0.json,Liepard,Moves,,Knock Off,4.187
2020-07_gen5ou-0.json,Liepard,Moves,,Toxic,2.709
2020-07_gen5ou-0.json,Liepard,Moves,,Sunny Day,2.709
2020-07_gen5ou-0.json,Liepard,Moves,,Other,17.734
2020-07_gen5ou-0.json,Drapion,Stats,Raw count,,401
2020-07_gen5ou-0.json,Drapion,Stats,Avg. weight,,1.0
2020-07_gen5ou-0.json,Drapion,Stats,Viability Ceiling,,68
2020-07_gen5ou-0.json,Drapion,Stats,Jolly,,4.988
2020-07_gen5ou-0.json,Drapion,Stats,Naive,,7.731
2020-07_gen5ou-0.json,Drapion,Stats,Adamant,,4.988
2020-07_gen5ou-0.json,Drapion,Abilities,,Sniper,53.865
2020-07_gen5ou-0.json,Drapion,Abilities,,Battle Armor,44.888
2020-07_gen5ou-0.json,Drapion,Abilities,,Keen Eye,1.247
2020-07_gen5ou-0.json,Drapion,Items,,Black Sludge,22.943
2020-07_gen5ou-0.json,Drapion,Items,,Leftovers,13.716
2020-07_gen5ou-0.json,Drapion,Items,,Scope Lens,13.466
2020-07_gen5ou-0.json,Drapion,Items,,Razor Claw,7.98
2020-07_gen5ou-0.json,Drapion,Items,,Life Orb,5.736
2020-07_gen5ou-0.json,Drapion,Items,,Lum Berry,5.486
2020-07_gen5ou-0.json,Drapion,Items,,Poison Barb,4.988
2020-07_gen5ou-0.json,Drapion,Items,,Nothing,4.489
2020-07_gen5ou-0.json,Drapion,Items,,Choice Scarf,3.491
2020-07_gen5ou-0.json,Drapion,Items,,Choice Band,3.491
2020-07_gen5ou-0.json,Drapion,Items,,Rocky Helmet,2.743
2020-07_gen5ou-0.json,Drapion,Items,,Air Balloon,2.494
2020-07_gen5ou-0.json,Drapion,Items,,Shuca Berry,1.995
2020-07_gen5ou-0.json,Drapion,Items,,Focus Sash,1.746
2020-07_gen5ou-0.json,Drapion,Items,,Expert Belt,1.496
2020-07_gen5ou-0.json,Drapion,Items,,Other,3.741
2020-07_gen5ou-0.json,Drapion,Spreads,,Other,35.411
2020-07_gen5ou-0.json,Drapion,Moves,,Earthquake,47.382
2020-07_gen5ou-0.json,Drapion,Moves,,Toxic Spikes,42.893
2020-07_gen5ou-0.json,Drapion,Moves,,Poison Jab,39.9
2020-07_gen5ou-0.json,Drapion,Moves,,Night Slash,38.903
2020-07_gen5ou-0.json,Drapion,Moves,,Crunch,32.17
2020-07_gen5ou-0.json,Drapion,Moves,,Ice Fang,23.94
2020-07_gen5ou-0.json,Drapion,Moves,,X-Scissor,23.691
2020-07_gen5ou-0.json,Drapion,Moves,,Cross Poison,22.195
2020-07_gen5ou-0.json,Drapion,Moves,,Swords Dance,13.466
2020-07_gen5ou-0.json,Drapion,Moves,,Pursuit,13.466
2020-07_gen5ou-0.json,Drapion,Moves,,Taunt,13.217
2020-07_gen5ou-0.json,Drapion,Moves,,Knock Off,12.219
2020-07_gen5ou-0.json,Drapion,Moves,,Aqua Tail,9.476
2020-07_gen5ou-0.json,Drapion,Moves,,Dark Pulse,8.479
2020-07_gen5ou-0.json,Drapion,Moves,,Rock Slide,6.484
2020-07_gen5ou-0.json,Drapion,Moves,,Sludge Bomb,5.736
2020-07_gen5ou-0.json,Drapion,Moves,,Poison Fang,5.736
2020-07_gen5ou-0.json,Drapion,Moves,,Whirlwind,5.736
2020-07_gen5ou-0.json,Drapion,Moves,,Slash,4.489
2020-07_gen5ou-0.json,Drapion,Moves,,Protect,4.489
2020-07_gen5ou-0.json,Drapion,Moves,,Shadow Ball,3.99
2020-07_gen5ou-0.json,Drapion,Moves,,Agility,2.993
2020-07_gen5ou-0.json,Drapion,Moves,,Other,18.953
2020-07_gen5ou-0.json,Moltres,Stats,Raw count,,364
2020-07_gen5ou-0.json,Moltres,Stats,Avg. weight,,1.0
2020-07_gen5ou-0.json,Moltres,Stats,Viability Ceiling,,89
2020-07_gen5ou-0.json,Moltres,Stats,Modest,,7.418
2020-07_gen5ou-0.json,Moltres,Stats,Timid,,5.220
2020-07_gen5ou-0.json,Moltres,Abilities,,Pressure,100.0
2020-07_gen5ou-0.json,Moltres,Items,,Choice Specs,32.143
2020-07_gen5ou-0.json,Moltres,Items,,Leftovers,31.593
2020-07_gen5ou-0.json,Moltres,Items,,Life Orb,23.901
2020-07_gen5ou-0.json,Moltres,Items,,Choice Scarf,6.319
2020-07_gen5ou-0.json,Moltres,Items,,Sitrus Berry,1.374
2020-07_gen5ou-0.json,Moltres,Items,,Other,4.67
2020-07_gen5ou-0.json,Moltres,Spreads,,Other,23.901
2020-07_gen5ou-0.json,Moltres,Moves,,Hurricane,85.714
2020-07_gen5ou-0.json,Moltres,Moves,,Fire Blast,54.396
2020-07_gen5ou-0.json,Moltres,Moves,,Roost,47.527
2020-07_gen5ou-0.json,Moltres,Moves,,Will-O-Wisp,39.56
2020-07_gen5ou-0.json,Moltres,Moves,,Substitute,32.418
2020-07_gen5ou-0.json,Moltres,Moves,,Hidden Power Fighting,28.297
2020-07_gen5ou-0.json,Moltres,Moves,,Hidden Power Ground,18.132
2020-07_gen5ou-0.json,Moltres,Moves,,Agility,17.033
2020-07_gen5ou-0.json,Moltres,Moves,,U-turn,17.033
2020-07_gen5ou-0.json,Moltres,Moves,,Flamethrower,13.462
2020-07_gen5ou-0.json,Moltres,Moves,,Air Slash,7.967
2020-07_gen5ou-0.json,Moltres,Moves,,Overheat,4.945
2020-07_gen5ou-0.json,Moltres,Moves,,Hidden Power Water,4.121
2020-07_gen5ou-0.json,Moltres,Moves,,Hidden Power Ice,4.121
2020-07_gen5ou-0.json,Moltres,Moves,,Ancient Power,3.571
2020-07_gen5ou-0.json,Moltres,Moves,,Defog,3.297
2020-07_gen5ou-0.json,Moltres,Moves,,Other,18.407
2020-07_gen5ou-0.json,Durant,Stats,Raw count,,367
2020-07_gen5ou-0.json,Durant,Stats,Avg. weight,,1.0
2020-07_gen5ou-0.json,Durant,Stats,Viability Ceiling,,74
2020-07_gen5ou-0.json,Durant,Stats,Jolly,,9.809
2020-07_gen5ou-0.json,Durant,Stats,Hardy,,4.632
2020-07_gen5ou-0.json,Durant,Abilities,,Hustle,61.308
2020-07_gen5ou-0.json,Durant,Abilities,,Truant,20.981
2020-07_gen5ou-0.json,Durant,Abilities,,Swarm,17.711
2020-07_gen5ou-0.json,Durant,Items,,Life Orb,30.518
2020-07_gen5ou-0.json,Durant,Items,,Focus Sash,20.981
2020-07_gen5ou-0.json,Durant,Items,,Nothing,13.351
2020-07_gen5ou-0.json,Durant,Items,,Wide Lens,12.807
2020-07_gen5ou-0.json,Durant,Items,,Leftovers,8.174
2020-07_gen5ou-0.json,Durant,Items,,Razor Fang,3.815
2020-07_gen5ou-0.json,Durant,Items,,Eject Button,2.452
2020-07_gen5ou-0.json,Durant,Items,,Lum Berry,1.907
2020-07_gen5ou-0.json,Durant,Items,,Choice Band,1.635
2020-07_gen5ou-0.json,Durant,Items,,Other,4.36
2020-07_gen5ou-0.json,Durant,Spreads,,Other,12.807
2020-07_gen5ou-0.json,Durant,Moves,,Iron Head,71.935
2020-07_gen5ou-0.json,Durant,Moves,,X-Scissor,62.398
2020-07_gen5ou-0.json,Durant,Moves,,Hone Claws,56.131
2020-07_gen5ou-0.json,Durant,Moves,,Stone Edge,26.158
2020-07_gen5ou-0.json,Durant,Moves,,Superpower,22.888
2020-07_gen5ou-0.json,Durant,Moves,,Entrainment,20.981
2020-07_gen5ou-0.json,Durant,Moves,,Thunder Wave,20.708
2020-07_gen5ou-0.json,Durant,Moves,,Crunch,18.529
2020-07_gen5ou-0.json,Durant,Moves,,Rock Slide,14.169
2020-07_gen5ou-0.json,Durant,Moves,,Toxic,10.082
2020-07_gen5ou-0.json,Durant,Moves,,Rest,8.719
2020-07_gen5ou-0.json,Durant,Moves,,Sleep Talk,8.719
2020-07_gen5ou-0.json,Durant,Moves,,Agility,8.719
2020-07_gen5ou-0.json,Durant,Moves,,Attract,6.812
2020-07_gen5ou-0.json,Durant,Moves,,Baton Pass,5.722
2020-07_gen5ou-0.json,Durant,Moves,,Shadow Claw,5.177
2020-07_gen5ou-0.json,Durant,Moves,,Rock Polish,4.905
2020-07_gen5ou-0.json,Durant,Moves,,Nothing,4.632
2020-07_gen5ou-0.json,Durant,Moves,,Dig,4.36
2020-07_gen5ou-0.json,Durant,Moves,,Other,18.256
2020-07_gen5ou-0.json,Druddigon,Stats,Raw count,,376
2020-07_gen5ou-0.json,Druddigon,Stats,Avg. weight,,1.0
2020-07_gen5ou-0.json,Druddigon,Stats,Viability Ceiling,,70
2020-07_gen5ou-0.json,Druddigon,Stats,Jolly,,13.564
2020-07_gen5ou-0.json,Druddigon,Stats,Adamant,,5.319
2020-07_gen5ou-0.json,Druddigon,Stats,Impish,,4.521
2020-07_gen5ou-0.json,Druddigon,Stats,Brave,,7.979
2020-07_gen5ou-0.json,Druddigon,Abilities,,Rough Skin,72.606
2020-07_gen5ou-0.json,Druddigon,Abilities,,Sheer Force,22.872
2020-07_gen5ou-0.json,Druddigon,Abilities,,Mold Breaker,4.521
2020-07_gen5ou-0.json,Druddigon,Items,,Leftovers,30.319
2020-07_gen5ou-0.json,Druddigon,Items,,Rocky Helmet,25.532
2020-07_gen5ou-0.json,Druddigon,Items,,Life Orb,9.043
2020-07_gen5ou-0.json,Druddigon,Items,,Lum Berry,6.117
2020-07_gen5ou-0.json,Druddigon,Items,,Nothing,5.053
2020-07_gen5ou-0.json,Druddigon,Items,,Sitrus Berry,3.989
2020-07_gen5ou-0.json,Druddigon,Items,,Choice Band,3.989
2020-07_gen5ou-0.json,Druddigon,Items,,Great Ball,3.723
2020-07_gen5ou-0.json,Druddigon,Items,,Dragon Fang,2.66
2020-07_gen5ou-0.json,Druddigon,Items,,White Herb,1.596
2020-07_gen5ou-0.json,Druddigon,Items,,Aguav Berry,1.33
2020-07_gen5ou-0.json,Druddigon,Items,,Ground Gem,1.064
2020-07_gen5ou-0.json,Druddigon,Items,,Choice Scarf,1.064
2020-07_gen5ou-0.json,Druddigon,Items,,Other,4.521
2020-07_gen5ou-0.json,Druddigon,Spreads,,Other,47.34
2020-07_gen5ou-0.json,Druddigon,Moves,,Dragon Tail,46.809
2020-07_gen5ou-0.json,Druddigon,Moves,,Earthquake,44.947
2020-07_gen5ou-0.json,Druddigon,Moves,,Stealth Rock,42.553
2020-07_gen5ou-0.json,Druddigon,Moves,,Glare,40.16
2020-07_gen5ou-0.json,Druddigon,Moves,,Dragon Claw,28.723
2020-07_gen5ou-0.json,Druddigon,Moves,,Outrage,26.064
2020-07_gen5ou-0.json,Druddigon,Moves,,Crunch,16.755
2020-07_gen5ou-0.json,Druddigon,Moves,,Fire Punch,12.766
2020-07_gen5ou-0.json,Druddigon,Moves,,Flamethrower,10.638
2020-07_gen5ou-0.json,Druddigon,Moves,,Toxic,9.574
2020-07_gen5ou-0.json,Druddigon,Moves,,Superpower,8.777
2020-07_gen5ou-0.json,Druddigon,Moves,,Focus Blast,8.245
2020-07_gen5ou-0.json,Druddigon,Moves,,Thunder Punch,8.245
2020-07_gen5ou-0.json,Druddigon,Moves,,Aqua Tail,7.979
2020-07_gen5ou-0.json,Druddigon,Moves,,Revenge,7.979
2020-07_gen5ou-0.json,Druddigon,Moves,,Rest,6.383
2020-07_gen5ou-0.json,Druddigon,Moves,,Night Slash,6.383
2020-07_gen5ou-0.json,Druddigon,Moves,,Rock Slide,5.851
2020-07_gen5ou-0.json,Druddigon,Moves,,Sucker Punch,5.851
2020-07_gen5ou-0.json,Druddigon,Moves,,Iron Head,5.319
2020-07_gen5ou-0.json,Druddigon,Moves,,Taunt,5.053
2020-07_gen5ou-0.json,Druddigon,Moves,,Nothing,4.521
2020-07_gen5ou-0.json,Druddigon,Moves,,Strength,4.521
2020-07_gen5ou-0.json,Druddigon,Moves,,Draco Meteor,4.521
2020-07_gen5ou-0.json,Druddigon,Moves,,Shadow Claw,3.989
2020-07_gen5ou-0.json,Druddigon,Moves,,Dragon Pulse,3.723
2020-07_gen5ou-0.json,Druddigon,Moves,,Payback,3.457
2020-07_gen5ou-0.json,Druddigon,Moves,,Gunk Shot,2.394
2020-07_gen5ou-0.json,Druddigon,Moves,,Other,17.819
2020-07_gen5ou-0.json,Houndoom,Stats,Raw count,,364
2020-07_gen5ou-0.json,Houndoom,Stats,Avg. weight,,1.0
2020-07_gen5ou-0.json,Houndoom,Stats,Viability Ceiling,,69
2020-07_gen5ou-0.json,Houndoom,Stats,Timid,,4.670
2020-07_gen5ou-0.json,Houndoom,Stats,Hasty,,4.121
2020-07_gen5ou-0.json,Houndoom,Stats,Hardy,,4.396
2020-07_gen5ou-0.json,Houndoom,Stats,Modest,,4.121
2020-07_gen5ou-0.json,Houndoom,Abilities,,Flash Fire,79.121
2020-07_gen5ou-0.json,Houndoom,Abilities,,Early Bird,14.835
2020-07_gen5ou-0.json,Houndoom,Abilities,,Unnerve,6.044
2020-07_gen5ou-0.json,Houndoom,Items,,Sitrus Berry,20.879
2020-07_gen5ou-0.json,Houndoom,Items,,Leftovers,15.659
2020-07_gen5ou-0.json,Houndoom,Items,,Life Orb,15.385
2020-07_gen5ou-0.json,Houndoom,Items,,Choice Specs,9.341
2020-07_gen5ou-0.json,Houndoom,Items,,Air Balloon,7.692
2020-07_gen5ou-0.json,Houndoom,Items,,Choice Scarf,4.945
2020-07_gen5ou-0.json,Houndoom,Items,,Expert Belt,3.571
2020-07_gen5ou-0.json,Houndoom,Items,,Fire Gem,3.022
2020-07_gen5ou-0.json,Houndoom,Items,,Black Glasses,3.022
2020-07_gen5ou-0.json,Houndoom,Items,,Charcoal,2.747
2020-07_gen5ou-0.json,Houndoom,Items,,Wise Glasses,2.747
2020-07_gen5ou-0.json,Houndoom,Items,,Flame Plate,2.198
2020-07_gen5ou-0.json,Houndoom,Items,,Nothing,1.923
2020-07_gen5ou-0.json,Houndoom,Items,,Focus Sash,1.648
2020-07_gen5ou-0.json,Houndoom,Items,,Wide Lens,1.374
2020-07_gen5ou-0.json,Houndoom,Items,,Other,3.846
2020-07_gen5ou-0.json,Houndoom,Spreads,,Other,22.802
2020-07_gen5ou-0.json,Houndoom,Moves,,Dark Pulse,79.67
2020-07_gen5ou-0.json,Houndoom,Moves,,Flamethrower,48.077
2020-07_gen5ou-0.json,Houndoom,Moves,,Nasty Plot,47.253
2020-07_gen5ou-0.json,Houndoom,Moves,,Sludge Bomb,42.857
2020-07_gen5ou-0.json,Houndoom,Moves,,Fire Blast,33.791
2020-07_gen5ou-0.json,Houndoom,Moves,,Crunch,15.934
2020-07_gen5ou-0.json,Houndoom,Moves,,Heat Wave,15.385
2020-07_gen5ou-0.json,Houndoom,Moves,,Hidden Power Grass,12.637
2020-07_gen5ou-0.json,Houndoom,Moves,,Super Fang,10.44
2020-07_gen5ou-0.json,Houndoom,Moves,,Protect,8.791
2020-07_gen5ou-0.json,Houndoom,Moves,,Sucker Punch,7.967
2020-07_gen5ou-0.json,Houndoom,Moves,,Hidden Power Ice,7.692
2020-07_gen5ou-0.json,Houndoom,Moves,,Pursuit,6.868
2020-07_gen5ou-0.json,Houndoom,Moves,,Taunt,6.044
2020-07_gen5ou-0.json,Houndoom,Moves,,Hidden Power Rock,6.044
2020-07_gen5ou-0.json,Houndoom,Moves,,Overheat,5.495
2020-07_gen5ou-0.json,Houndoom,Moves,,Shadow Ball,4.67
2020-07_gen5ou-0.json,Houndoom,Moves,,Substitute,4.396
2020-07_gen5ou-0.json,Houndoom,Moves,,Flame Charge,3.571
2020-07_gen5ou-0.json,Houndoom,Moves,,Counter,3.297
2020-07_gen5ou-0.json,Houndoom,Moves,,Thunder Fang,3.297
2020-07_gen5ou-0.json,Houndoom,Moves,,Will-O-Wisp,2.747
2020-07_gen5ou-0.json,Houndoom,Moves,,Foul Play,2.473
2020-07_gen5ou-0.json,Houndoom,Moves,,Solar Beam,2.473
2020-07_gen5ou-0.json,Houndoom,Moves,,Other,18.132
2020-07_gen5ou-0.json,Scyther,Stats,Raw count,,358
2020-07_gen5ou-0.json,Scyther,Stats,Avg. weight,,1.0
2020-07_gen5ou-0.json,Scyther,Stats,Viability Ceiling,,73
2020-07_gen5ou-0.json,Scyther,Stats,Jolly,,4.749
2020-07_gen5ou-0.json,Scyther,Stats,Modest,,3.352
2020-07_gen5ou-0.json,Scyther,Stats,Serious,,2.793
2020-07_gen5ou-0.json,Scyther,Abilities,,Technician,83.24
2020-07_gen5ou-0.json,Scyther,Abilities,,Swarm,15.363
2020-07_gen5ou-0.json,Scyther,Abilities,,Steadfast,1.397
2020-07_gen5ou-0.json,Scyther,Items,,Eviolite,79.888
2020-07_gen5ou-0.json,Scyther,Items,,Sitrus Berry,6.704
2020-07_gen5ou-0.json,Scyther,Items,,Flying Gem,3.631
2020-07_gen5ou-0.json,Scyther,Items,,Salac Berry,3.073
2020-07_gen5ou-0.json,Scyther,Items,,Life Orb,1.676
2020-07_gen5ou-0.json,Scyther,Items,,Liechi Berry,1.397
2020-07_gen5ou-0.json,Scyther,Items,,Other,3.631
2020-07_gen5ou-0.json,Scyther,Spreads,,Other,12.849
2020-07_gen5ou-0.json,Scyther,Moves,,Swords Dance,85.196
2020-07_gen5ou-0.json,Scyther,Moves,,Bug Bite,73.464
2020-07_gen5ou-0.json,Scyther,Moves,,Roost,52.514
2020-07_gen5ou-0.json,Scyther,Moves,,Aerial Ace,49.721
2020-07_gen5ou-0.json,Scyther,Moves,,Substitute,41.341
2020-07_gen5ou-0.json,Scyther,Moves,,U-turn,18.156
2020-07_gen5ou-0.json,Scyther,Moves,,X-Scissor,17.598
2020-07_gen5ou-0.json,Scyther,Moves,,Quick Attack,16.48
2020-07_gen5ou-0.json,Scyther,Moves,,Pursuit,10.335
2020-07_gen5ou-0.json,Scyther,Moves,,Brick Break,8.38
2020-07_gen5ou-0.json,Scyther,Moves,,Night Slash,7.821
2020-07_gen5ou-0.json,Scyther,Moves,,Other,18.994
2020-07_gen5ou-0.json,Cinccino,Stats,Raw count,,342
2020-07_gen5ou-0.json,Cinccino,Stats,Avg. weight,,1.0
2020-07_gen5ou-0.json,Cinccino,Stats,Viability Ceiling,,61
2020-07_gen5ou-0.json,Cinccino,Stats,Jolly,,2.339
2020-07_gen5ou-0.json,Cinccino,Stats,Adamant,,3.801
2020-07_gen5ou-0.json,Cinccino,Abilities,,Skill Link,88.596
2020-07_gen5ou-0.json,Cinccino,Abilities,,Technician,9.942
2020-07_gen5ou-0.json,Cinccino,Abilities,,Cute Charm,1.462
2020-07_gen5ou-0.json,Cinccino,Items,,King's Rock,32.749
2020-07_gen5ou-0.json,Cinccino,Items,,Life Orb,17.251
2020-07_gen5ou-0.json,Cinccino,Items,,Razor Fang,13.158
2020-07_gen5ou-0.json,Cinccino,Items,,Choice Band,12.865
2020-07_gen5ou-0.json,Cinccino,Items,,Leftovers,6.725
2020-07_gen5ou-0.json,Cinccino,Items,,Sitrus Berry,4.678
2020-07_gen5ou-0.json,Cinccino,Items,,Expert Belt,4.094
2020-07_gen5ou-0.json,Cinccino,Items,,Focus Sash,4.094
2020-07_gen5ou-0.json,Cinccino,Items,,Other,4.386
2020-07_gen5ou-0.json,Cinccino,Spreads,,Other,12.281
2020-07_gen5ou-0.json,Cinccino,Moves,,Bullet Seed,97.076
2020-07_gen5ou-0.json,Cinccino,Moves,,Rock Blast,94.737
2020-07_gen5ou-0.json,Cinccino,Moves,,Tail Slap,83.918
2020-07_gen5ou-0.json,Cinccino,Moves,,U-turn,63.45
2020-07_gen5ou-0.json,Cinccino,Moves,,Aqua Tail,11.404
2020-07_gen5ou-0.json,Cinccino,Moves,,Knock Off,9.064
2020-07_gen5ou-0.json,Cinccino,Moves,,Thunder Wave,8.48
2020-07_gen5ou-0.json,Cinccino,Moves,,Attract,5.263
2020-07_gen5ou-0.json,Cinccino,Moves,,Encore,5.263
2020-07_gen5ou-0.json,Cinccino,Moves,,Return,4.386
2020-07_gen5ou-0.json,Cinccino,Moves,,Other,16.959
2020-07_gen5ou-0.json,Escavalier,Stats,Raw count,,347
2020-07_gen5ou-0.json,Escavalier,Stats,Avg. weight,,1.0
2020-07_gen5ou-0.json,Escavalier,Stats,Viability Ceiling,,80
2020-07_gen5ou-0.json,Escavalier,Stats,Adamant,,20.461
2020-07_gen5ou-0.json,Escavalier,Stats,Brave,,6.052
2020-07_gen5ou-0.json,Escavalier,Abilities,,Swarm,66.571
2020-07_gen5ou-0.json,Escavalier,Abilities,,Shell Armor,18.444
2020-07_gen5ou-0.json,Escavalier,Abilities,,Overcoat,14.986
2020-07_gen5ou-0.json,Escavalier,Items,,Choice Band,17.867
2020-07_gen5ou-0.json,Escavalier,Items,,Leftovers,15.562
2020-07_gen5ou-0.json,Escavalier,Items,,Occa Berry,14.121
2020-07_gen5ou-0.json,Escavalier,Items,,Focus Sash,12.104
2020-07_gen5ou-0.json,Escavalier,Items,,Life Orb,10.951
2020-07_gen5ou-0.json,Escavalier,Items,,Zoom Lens,8.646
2020-07_gen5ou-0.json,Escavalier,Items,,Custap Berry,5.187
2020-07_gen5ou-0.json,Escavalier,Items,,Nothing,4.035
2020-07_gen5ou-0.json,Escavalier,Items,,Choice Scarf,3.746
2020-07_gen5ou-0.json,Escavalier,Items,,Quick Claw,2.305
2020-07_gen5ou-0.json,Escavalier,Items,,Iron Ball,1.153
2020-07_gen5ou-0.json,Escavalier,Items,,Other,4.323
2020-07_gen5ou-0.json,Escavalier,Spreads,,Other,37.464
2020-07_gen5ou-0.json,Escavalier,Moves,,Iron Head,89.914
2020-07_gen5ou-0.json,Escavalier,Moves,,Megahorn,71.182
2020-07_gen5ou-0.json,Escavalier,Moves,,Poison Jab,36.311
2020-07_gen5ou-0.json,Escavalier,Moves,,X-Scissor,34.582
2020-07_gen5ou-0.json,Escavalier,Moves,,Swords Dance,31.7
2020-07_gen5ou-0.json,Escavalier,Moves,,Aerial Ace,21.614
2020-07_gen5ou-0.json,Escavalier,Moves,,Counter,21.614
2020-07_gen5ou-0.json,Escavalier,Moves,,Pursuit,21.037
2020-07_gen5ou-0.json,Escavalier,Moves,,Knock Off,10.951
2020-07_gen5ou-0.json,Escavalier,Moves,,Reversal,8.069
2020-07_gen5ou-0.json,Escavalier,Moves,,Return,7.493
2020-07_gen5ou-0.json,Escavalier,Moves,,Endure,6.916
2020-07_gen5ou-0.json,Escavalier,Moves,,Focus Blast,4.611
2020-07_gen5ou-0.json,Escavalier,Moves,,Nothing,3.746
2020-07_gen5ou-0.json,Escavalier,Moves,,Giga Impact,3.458
2020-07_gen5ou-0.json,Escavalier,Moves,,Bug Buzz,3.458
2020-07_gen5ou-0.json,Escavalier,Moves,,Twineedle,2.882
2020-07_gen5ou-0.json,Escavalier,Moves,,Double-Edge,2.882
2020-07_gen5ou-0.json,Escavalier,Moves,,Other,17.579
2020-07_gen5ou-0.json,Glaceon,Stats,Raw count,,337
2020-07_gen5ou-0.json,Glaceon,Stats,Avg. weight,,1.0
2020-07_gen5ou-0.json,Glaceon,Stats,Viability Ceiling,,64
2020-07_gen5ou-0.json,Glaceon,Stats,Hardy,,14.540
2020-07_gen5ou-0.json,Glaceon,Stats,Modest,,6.231
2020-07_gen5ou-0.json,Glaceon,Stats,Bold,,10.979
2020-07_gen5ou-0.json,Glaceon,Stats,Timid,,9.792
2020-07_gen5ou-0.json,Glaceon,Stats,Quiet,,8.012
2020-07_gen5ou-0.json,Glaceon,Abilities,,Ice Body,100.0
2020-07_gen5ou-0.json,Glaceon,Items,,Leftovers,37.389
2020-07_gen5ou-0.json,Glaceon,Items,,Choice Specs,16.914
2020-07_gen5ou-0.json,Glaceon,Items,,Choice Scarf,16.024
2020-07_gen5ou-0.json,Glaceon,Items,,Never-Melt Ice,10.979
2020-07_gen5ou-0.json,Glaceon,Items,,Focus Sash,7.122
2020-07_gen5ou-0.json,Glaceon,Items,,Quick Claw,4.154
2020-07_gen5ou-0.json,Glaceon,Items,,Expert Belt,1.484
2020-07_gen5ou-0.json,Glaceon,Items,,Lum Berry,1.484
2020-07_gen5ou-0.json,Glaceon,Items,,Other,4.451
2020-07_gen5ou-0.json,Glaceon,Spreads,,Other,35.905
2020-07_gen5ou-0.json,Glaceon,Moves,,Ice Beam,81.306
2020-07_gen5ou-0.json,Glaceon,Moves,,Shadow Ball,67.359
2020-07_gen5ou-0.json,Glaceon,Moves,,Signal Beam,30.267
2020-07_gen5ou-0.json,Glaceon,Moves,,Blizzard,25.816
2020-07_gen5ou-0.json,Glaceon,Moves,,Hidden Power Fighting,25.223
2020-07_gen5ou-0.json,Glaceon,Moves,,Icy Wind,24.036
2020-07_gen5ou-0.json,Glaceon,Moves,,Aqua Tail,18.101
2020-07_gen5ou-0.json,Glaceon,Moves,,Heal Bell,16.914
2020-07_gen5ou-0.json,Glaceon,Moves,,Hail,14.837
2020-07_gen5ou-0.json,Glaceon,Moves,,Hidden Power Water,12.76
2020-07_gen5ou-0.json,Glaceon,Moves,,Protect,12.463
2020-07_gen5ou-0.json,Glaceon,Moves,,Wish,10.979
2020-07_gen5ou-0.json,Glaceon,Moves,,Ice Shard,10.682
2020-07_gen5ou-0.json,Glaceon,Moves,,Hidden Power Ground,8.902
2020-07_gen5ou-0.json,Glaceon,Moves,,Hyper Voice,5.638
2020-07_gen5ou-0.json,Glaceon,Moves,,Charm,3.858
2020-07_gen5ou-0.json,Glaceon,Moves,,Hyper Beam,3.858
2020-07_gen5ou-0.json,Glaceon,Moves,,Hidden Power Electric,2.671
2020-07_gen5ou-0.json,Glaceon,Moves,,Toxic,2.671
2020-07_gen5ou-0.json,Glaceon,Moves,,Hidden Power Rock,2.671
2020-07_gen5ou-0.json,Glaceon,Moves,,Other,18.991
2020-07_gen5ou-0.json,Lilligant,Stats,Raw count,,351
2020-07_gen5ou-0.json,Lilligant,Stats,Avg. weight,,1.0
2020-07_gen5ou-0.json,Lilligant,Stats,Viability Ceiling,,62
2020-07_gen5ou-0.json,Lilligant,Stats,Timid,,4.843
2020-07_gen5ou-0.json,Lilligant,Stats,Modest,,6.838
2020-07_gen5ou-0.json,Lilligant,Stats,Naive,,10.541
2020-07_gen5ou-0.json,Lilligant,Abilities,,Own Tempo,65.242
2020-07_gen5ou-0.json,Lilligant,Abilities,,Chlorophyll,26.211
2020-07_gen5ou-0.json,Lilligant,Abilities,,Leaf Guard,8.547
2020-07_gen5ou-0.json,Lilligant,Items,,Leftovers,33.048
2020-07_gen5ou-0.json,Lilligant,Items,,Focus Sash,23.647
2020-07_gen5ou-0.json,Lilligant,Items,,Life Orb,12.821
2020-07_gen5ou-0.json,Lilligant,Items,,Miracle Seed,7.692
2020-07_gen5ou-0.json,Lilligant,Items,,Sitrus Berry,4.274
2020-07_gen5ou-0.json,Lilligant,Items,,Lum Berry,2.849
2020-07_gen5ou-0.json,Lilligant,Items,,Rocky Helmet,2.279
2020-07_gen5ou-0.json,Lilligant,Items,,Meadow Plate,2.279
2020-07_gen5ou-0.json,Lilligant,Items,,Heat Rock,1.994
2020-07_gen5ou-0.json,Lilligant,Items,,Tanga Berry,1.709
2020-07_gen5ou-0.json,Lilligant,Items,,Nothing,1.709
2020-07_gen5ou-0.json,Lilligant,Items,,Chesto Berry,0.855
2020-07_gen5ou-0.json,Lilligant,Items,,Other,4.843
2020-07_gen5ou-0.json,Lilligant,Spreads,,Other,23.077
2020-07_gen5ou-0.json,Lilligant,Moves,,Quiver Dance,90.028
2020-07_gen5ou-0.json,Lilligant,Moves,,Petal Dance,63.818
2020-07_gen5ou-0.json,Lilligant,Moves,,Giga Drain,52.707
2020-07_gen5ou-0.json,Lilligant,Moves,,Hidden Power Rock,35.613
2020-07_gen5ou-0.json,Lilligant,Moves,,Aromatherapy,24.786
2020-07_gen5ou-0.json,Lilligant,Moves,,Stun Spore,14.815
2020-07_gen5ou-0.json,Lilligant,Moves,,Hidden Power Fire,13.96
2020-07_gen5ou-0.json,Lilligant,Moves,,Teeter Dance,12.251
2020-07_gen5ou-0.json,Lilligant,Moves,,Hidden Power Ice,10.541
2020-07_gen5ou-0.json,Lilligant,Moves,,Synthesis,9.687
2020-07_gen5ou-0.json,Lilligant,Moves,,Sunny Day,9.402
2020-07_gen5ou-0.json,Lilligant,Moves,,Energy Ball,8.547
2020-07_gen5ou-0.json,Lilligant,Moves,,Leech Seed,6.553
2020-07_gen5ou-0.json,Lilligant,Moves,,Substitute,5.698
2020-07_gen5ou-0.json,Lilligant,Moves,,Hyper Beam,5.128
2020-07_gen5ou-0.json,Lilligant,Moves,,Protect,5.128
2020-07_gen5ou-0.json,Lilligant,Moves,,Solar Beam,4.274
2020-07_gen5ou-0.json,Lilligant,Moves,,Healing Wish,3.704
2020-07_gen5ou-0.json,Lilligant,Moves,,Rest,2.849
2020-07_gen5ou-0.json,Lilligant,Moves,,Light Screen,2.849
2020-07_gen5ou-0.json,Lilligant,Moves,,Other,17.664
2020-07_gen5ou-0.json,Ursaring,Stats,Raw count,,372
2020-07_gen5ou-0.json,Ursaring,Stats,Avg. weight,,1.0
2020-07_gen5ou-0.json,Ursaring,Stats,Viability Ceiling,,55
2020-07_gen5ou-0.json,Ursaring,Stats,Adamant,,18.011
2020-07_gen5ou-0.json,Ursaring,Stats,Jolly,,9.946
2020-07_gen5ou-0.json,Ursaring,Stats,Hardy,,3.763
2020-07_gen5ou-0.json,Ursaring,Stats,Brave,,3.495
2020-07_gen5ou-0.json,Ursaring,Abilities,,Guts,81.72
2020-07_gen5ou-0.json,Ursaring,Abilities,,Quick Feet,18.28
2020-07_gen5ou-0.json,Ursaring,Items,,Flame Orb,69.355
2020-07_gen5ou-0.json,Ursaring,Items,,Toxic Orb,20.699
2020-07_gen5ou-0.json,Ursaring,Items,,Leftovers,4.57
2020-07_gen5ou-0.json,Ursaring,Items,,Chople Berry,1.075
2020-07_gen5ou-0.json,Ursaring,Items,,Other,4.301
2020-07_gen5ou-0.json,Ursaring,Spreads,,Other,22.581
2020-07_gen5ou-0.json,Ursaring,Moves,,Facade,91.667
2020-07_gen5ou-0.json,Ursaring,Moves,,Swords Dance,43.011
2020-07_gen5ou-0.json,Ursaring,Moves,,Hammer Arm,40.054
2020-07_gen5ou-0.json,Ursaring,Moves,,Bulk Up,38.441
2020-07_gen5ou-0.json,Ursaring,Moves,,Slash,36.559
2020-07_gen5ou-0.json,Ursaring,Moves,,Close Combat,30.914
2020-07_gen5ou-0.json,Ursaring,Moves,,Crunch,22.043
2020-07_gen5ou-0.json,Ursaring,Moves,,Shadow Claw,17.204
2020-07_gen5ou-0.json,Ursaring,Moves,,Earthquake,13.978
2020-07_gen5ou-0.json,Ursaring,Moves,,Fire Punch,12.097
2020-07_gen5ou-0.json,Ursaring,Moves,,Gunk Shot,7.527
2020-07_gen5ou-0.json,Ursaring,Moves,,Ice Punch,7.258
2020-07_gen5ou-0.json,Ursaring,Moves,,Cross Chop,6.72
2020-07_gen5ou-0.json,Ursaring,Moves,,Brick Break,6.183
2020-07_gen5ou-0.json,Ursaring,Moves,,Rock Slide,4.301
2020-07_gen5ou-0.json,Ursaring,Moves,,Seismic Toss,4.032
2020-07_gen5ou-0.json,Ursaring,Moves,,Other,18.011
2020-07_gen5ou-0.json,Swellow,Stats,Raw count,,337
2020-07_gen5ou-0.json,Swellow,Stats,Avg. weight,,1.0
2020-07_gen5ou-0.json,Swellow,Stats,Viability Ceiling,,72
2020-07_gen5ou-0.json,Swellow,Stats,Jolly,,3.561
2020-07_gen5ou-0.json,Swellow,Stats,Adamant,,2.967
2020-07_gen5ou-0.json,Swellow,Abilities,,Guts,88.427
2020-07_gen5ou-0.json,Swellow,Abilities,,Scrappy,11.573
2020-07_gen5ou-0.json,Swellow,Items,,Flame Orb,68.546
2020-07_gen5ou-0.json,Swellow,Items,,Toxic Orb,17.507
2020-07_gen5ou-0.json,Swellow,Items,,Leftovers,6.528
2020-07_gen5ou-0.json,Swellow,Items,,Sitrus Berry,2.374
2020-07_gen5ou-0.json,Swellow,Items,,Sky Plate,1.78
2020-07_gen5ou-0.json,Swellow,Items,,Other,3.264
2020-07_gen5ou-0.json,Swellow,Spreads,,Other,15.43
2020-07_gen5ou-0.json,Swellow,Moves,,Facade,85.46
2020-07_gen5ou-0.json,Swellow,Moves,,Brave Bird,82.789
2020-07_gen5ou-0.json,Swellow,Moves,,U-turn,69.733
2020-07_gen5ou-0.json,Swellow,Moves,,Protect,52.226
2020-07_gen5ou-0.json,Swellow,Moves,,Quick Attack,27.3
2020-07_gen5ou-0.json,Swellow,Moves,,Roost,19.288
2020-07_gen5ou-0.json,Swellow,Moves,,Endeavor,9.496
2020-07_gen5ou-0.json,Swellow,Moves,,Steel Wing,8.605
2020-07_gen5ou-0.json,Swellow,Moves,,Return,6.528
2020-07_gen5ou-0.json,Swellow,Moves,,Air Slash,6.528
2020-07_gen5ou-0.json,Swellow,Moves,,Toxic,6.231
2020-07_gen5ou-0.json,Swellow,Moves,,Heat Wave,4.154
2020-07_gen5ou-0.json,Swellow,Moves,,Nothing,3.264
2020-07_gen5ou-0.json,Swellow,Moves,,Other,18.398
2020-07_gen5ou-0.json,Cryogonal,Stats,Raw count,,336
2020-07_gen5ou-0.json,Cryogonal,Stats,Avg. weight,,1.0
2020-07_gen5ou-0.json,Cryogonal,Stats,Viability Ceiling,,70
2020-07_gen5ou-0.json,Cryogonal,Stats,Calm,,5.060
2020-07_gen5ou-0.json,Cryogonal,Stats,Timid,,5.060
2020-07_gen5ou-0.json,Cryogonal,Stats,Hardy,,9.821
2020-07_gen5ou-0.json,Cryogonal,Abilities,,Levitate,100.0
2020-07_gen5ou-0.json,Cryogonal,Items,,Leftovers,34.821
2020-07_gen5ou-0.json,Cryogonal,Items,,Expert Belt,18.75
2020-07_gen5ou-0.json,Cryogonal,Items,,Focus Sash,13.095
2020-07_gen5ou-0.json,Cryogonal,Items,,Rocky Helmet,12.202
2020-07_gen5ou-0.json,Cryogonal,Items,,Icy Rock,5.655
2020-07_gen5ou-0.json,Cryogonal,Items,,Icicle Plate,4.167
2020-07_gen5ou-0.json,Cryogonal,Items,,Never-Melt Ice,3.571
2020-07_gen5ou-0.json,Cryogonal,Items,,Sitrus Berry,2.381
2020-07_gen5ou-0.json,Cryogonal,Items,,Life Orb,2.083
2020-07_gen5ou-0.json,Cryogonal,Items,,Other,3.274
2020-07_gen5ou-0.json,Cryogonal,Spreads,,Other,35.119
2020-07_gen5ou-0.json,Cryogonal,Moves,,Rapid Spin,83.631
2020-07_gen5ou-0.json,Cryogonal,Moves,,Ice Beam,39.881
2020-07_gen5ou-0.json,Cryogonal,Moves,,Blizzard,32.44
2020-07_gen5ou-0.json,Cryogonal,Moves,,Recover,29.762
2020-07_gen5ou-0.json,Cryogonal,Moves,,Flash Cannon,27.083
2020-07_gen5ou-0.json,Cryogonal,Moves,,Ice Shard,23.214
2020-07_gen5ou-0.json,Cryogonal,Moves,,Toxic,22.619
2020-07_gen5ou-0.json,Cryogonal,Moves,,Haze,19.643
2020-07_gen5ou-0.json,Cryogonal,Moves,,Hidden Power Ground,18.452
2020-07_gen5ou-0.json,Cryogonal,Moves,,Light Screen,13.988
2020-07_gen5ou-0.json,Cryogonal,Moves,,Hidden Power Fire,12.5
2020-07_gen5ou-0.json,Cryogonal,Moves,,Icy Wind,11.012
2020-07_gen5ou-0.json,Cryogonal,Moves,,Night Slash,9.821
2020-07_gen5ou-0.json,Cryogonal,Moves,,Knock Off,8.333
2020-07_gen5ou-0.json,Cryogonal,Moves,,Hail,7.143
2020-07_gen5ou-0.json,Cryogonal,Moves,,Protect,5.952
2020-07_gen5ou-0.json,Cryogonal,Moves,,Magic Coat,5.655
2020-07_gen5ou-0.json,Cryogonal,Moves,,Signal Beam,4.762
2020-07_gen5ou-0.json,Cryogonal,Moves,,Iron Defense,4.167
2020-07_gen5ou-0.json,Cryogonal,Moves,,Other,19.94
2020-07_gen5ou-0.json,Suicune,Stats,Raw count,,345
2020-07_gen5ou-0.json,Suicune,Stats,Avg. weight,,1.0
2020-07_gen5ou-0.json,Suicune,Stats,Viability Ceiling,,84
2020-07_gen5ou-0.json,Suicune,Stats,Bold,,10.145
2020-07_gen5ou-0.json,Suicune,Stats,Modest,,8.116
2020-07_gen5ou-0.json,Suicune,Stats,Relaxed,,7.246
2020-07_gen5ou-0.json,Suicune,Stats,Timid,,5.797
2020-07_gen5ou-0.json,Suicune,Abilities,,Pressure,100.0
2020-07_gen5ou-0.json,Suicune,Items,,Leftovers,63.478
2020-07_gen5ou-0.json,Suicune,Items,,Lum Berry,10.725
2020-07_gen5ou-0.json,Suicune,Items,,Sea Incense,8.116
2020-07_gen5ou-0.json,Suicune,Items,,Nothing,3.768
2020-07_gen5ou-0.json,Suicune,Items,,Life Orb,2.899
2020-07_gen5ou-0.json,Suicune,Items,,Chesto Berry,2.029
2020-07_gen5ou-0.json,Suicune,Items,,Choice Specs,2.029
2020-07_gen5ou-0.json,Suicune,Items,,Rocky Helmet,1.739
2020-07_gen5ou-0.json,Suicune,Items,,Sitrus Berry,1.449
2020-07_gen5ou-0.json,Suicune,Items,,Other,3.768
2020-07_gen5ou-0.json,Suicune,Spreads,,Other,40.58
2020-07_gen5ou-0.json,Suicune,Moves,,Calm Mind,73.333
2020-07_gen5ou-0.json,Suicune,Moves,,Ice Beam,51.014
2020-07_gen5ou-0.json,Suicune,Moves,,Scald,47.536
2020-07_gen5ou-0.json,Suicune,Moves,,Rest,45.217
2020-07_gen5ou-0.json,Suicune,Moves,,Surf,28.116
2020-07_gen5ou-0.json,Suicune,Moves,,Hydro Pump,21.159
2020-07_gen5ou-0.json,Suicune,Moves,,Substitute,18.261
2020-07_gen5ou-0.json,Suicune,Moves,,Sleep Talk,18.261
2020-07_gen5ou-0.json,Suicune,Moves,,Hidden Power Ground,10.145
2020-07_gen5ou-0.json,Suicune,Moves,,Hidden Power Grass,9.855
2020-07_gen5ou-0.json,Suicune,Moves,,Protect,8.116
2020-07_gen5ou-0.json,Suicune,Moves,,Air Slash,7.536
2020-07_gen5ou-0.json,Suicune,Moves,,Toxic,6.957
2020-07_gen5ou-0.json,Suicune,Moves,,Shadow Ball,5.507
2020-07_gen5ou-0.json,Suicune,Moves,,Roar,5.217
2020-07_gen5ou-0.json,Suicune,Moves,,Extrasensory,4.638
2020-07_gen5ou-0.json,Suicune,Moves,,Blizzard,4.348
2020-07_gen5ou-0.json,Suicune,Moves,,Tailwind,4.348
2020-07_gen5ou-0.json,Suicune,Moves,,Rain Dance,4.058
2020-07_gen5ou-0.json,Suicune,Moves,,Mirror Coat,3.768
2020-07_gen5ou-0.json,Suicune,Moves,,Icy Wind,2.899
2020-07_gen5ou-0.json,Suicune,Moves,,Other,19.71
2020-07_gen5ou-0.json,Crustle,Stats,Raw count,,332
2020-07_gen5ou-0.json,Crustle,Stats,Avg. weight,,1.0
2020-07_gen5ou-0.json,Crustle,Stats,Viability Ceiling,,72
2020-07_gen5ou-0.json,Crustle,Stats,Adamant,,5.723
2020-07_gen5ou-0.json,Crustle,Stats,Jolly,,15.361
2020-07_gen5ou-0.json,Crustle,Abilities,,Sturdy,61.446
2020-07_gen5ou-0.json,Crustle,Abilities,,Shell Armor,33.735
2020-07_gen5ou-0.json,Crustle,Abilities,,Weak Armor,4.819
2020-07_gen5ou-0.json,Crustle,Items,,Custap Berry,34.639
2020-07_gen5ou-0.json,Crustle,Items,,Ground Gem,31.024
2020-07_gen5ou-0.json,Crustle,Items,,White Herb,18.976
2020-07_gen5ou-0.json,Crustle,Items,,Life Orb,3.916
2020-07_gen5ou-0.json,Crustle,Items,,Focus Sash,2.41
2020-07_gen5ou-0.json,Crustle,Items,,Leftovers,2.108
2020-07_gen5ou-0.json,Crustle,Items,,Nothing,1.506
2020-07_gen5ou-0.json,Crustle,Items,,Bug Gem,1.205
2020-07_gen5ou-0.json,Crustle,Items,,Other,4.217
2020-07_gen5ou-0.json,Crustle,Spreads,,Other,24.096
2020-07_gen5ou-0.json,Crustle,Moves,,X-Scissor,87.651
2020-07_gen5ou-0.json,Crustle,Moves,,Shell Smash,59.337
2020-07_gen5ou-0.json,Crustle,Moves,,Rock Slide,51.506
2020-07_gen5ou-0.json,Crustle,Moves,,Earthquake,48.494
2020-07_gen5ou-0.json,Crustle,Moves,,Stealth Rock,40.06
2020-07_gen5ou-0.json,Crustle,Moves,,Spikes,38.253
2020-07_gen5ou-0.json,Crustle,Moves,,Rock Blast,26.807
2020-07_gen5ou-0.json,Crustle,Moves,,Stone Edge,17.169
2020-07_gen5ou-0.json,Crustle,Moves,,Night Slash,9.639
2020-07_gen5ou-0.json,Crustle,Moves,,Counter,3.012
2020-07_gen5ou-0.json,Crustle,Moves,,Other,18.072
2020-07_gen5ou-0.json,Leafeon,Stats,Raw count,,338
2020-07_gen5ou-0.json,Leafeon,Stats,Avg. weight,,1.0
2020-07_gen5ou-0.json,Leafeon,Stats,Viability Ceiling,,64
2020-07_gen5ou-0.json,Leafeon,Stats,Adamant,,26.923
2020-07_gen5ou-0.json,Leafeon,Stats,Careful,,10.059
2020-07_gen5ou-0.json,Leafeon,Stats,Jolly,,5.621
2020-07_gen5ou-0.json,Leafeon,Stats,Impish,,7.101
2020-07_gen5ou-0.json,Leafeon,Abilities,,Chlorophyll,63.018
2020-07_gen5ou-0.json,Leafeon,Abilities,,Leaf Guard,36.982
2020-07_gen5ou-0.json,Leafeon,Items,,Leftovers,32.249
2020-07_gen5ou-0.json,Leafeon,Items,,Life Orb,29.882
2020-07_gen5ou-0.json,Leafeon,Items,,Sitrus Berry,10.651
2020-07_gen5ou-0.json,Leafeon,Items,,Occa Berry,10.059
2020-07_gen5ou-0.json,Leafeon,Items,,Grass Gem,2.959
2020-07_gen5ou-0.json,Leafeon,Items,,Watmel Berry,2.367
2020-07_gen5ou-0.json,Leafeon,Items,,Bug Gem,1.775
2020-07_gen5ou-0.json,Leafeon,Items,,Kebia Berry,1.775
2020-07_gen5ou-0.json,Leafeon,Items,,Heat Rock,1.775
2020-07_gen5ou-0.json,Leafeon,Items,,Lum Berry,1.183
2020-07_gen5ou-0.json,Leafeon,Items,,Razor Claw,0.888
2020-07_gen5ou-0.json,Leafeon,Items,,Other,4.438
2020-07_gen5ou-0.json,Leafeon,Spreads,,Other,35.207
2020-07_gen5ou-0.json,Leafeon,Moves,,Swords Dance,72.189
2020-07_gen5ou-0.json,Leafeon,Moves,,Leaf Blade,71.893
2020-07_gen5ou-0.json,Leafeon,Moves,,X-Scissor,40.828
2020-07_gen5ou-0.json,Leafeon,Moves,,Synthesis,28.698
2020-07_gen5ou-0.json,Leafeon,Moves,,Sunny Day,27.515
2020-07_gen5ou-0.json,Leafeon,Moves,,Baton Pass,24.852
2020-07_gen5ou-0.json,Leafeon,Moves,,Knock Off,22.485
2020-07_gen5ou-0.json,Leafeon,Moves,,Seed Bomb,15.385
2020-07_gen5ou-0.json,Leafeon,Moves,,Double-Edge,14.497
2020-07_gen5ou-0.json,Leafeon,Moves,,Wish,11.538
2020-07_gen5ou-0.json,Leafeon,Moves,,Rock Smash,10.059
2020-07_gen5ou-0.json,Leafeon,Moves,,Quick Attack,9.172
2020-07_gen5ou-0.json,Leafeon,Moves,,Toxic,6.213
2020-07_gen5ou-0.json,Leafeon,Moves,,Substitute,5.621
2020-07_gen5ou-0.json,Leafeon,Moves,,Dig,5.621
2020-07_gen5ou-0.json,Leafeon,Moves,,Energy Ball,2.959
2020-07_gen5ou-0.json,Leafeon,Moves,,Giga Drain,2.663
2020-07_gen5ou-0.json,Leafeon,Moves,,Rest,2.367
2020-07_gen5ou-0.json,Leafeon,Moves,,Natural Gift,2.367
2020-07_gen5ou-0.json,Leafeon,Moves,,Heal Bell,2.071
2020-07_gen5ou-0.json,Leafeon,Moves,,Body Slam,2.071
2020-07_gen5ou-0.json,Leafeon,Moves,,Other,18.935
2020-07_gen5ou-0.json,Floatzel,Stats,Raw count,,344
2020-07_gen5ou-0.json,Floatzel,Stats,Avg. weight,,1.0
2020-07_gen5ou-0.json,Floatzel,Stats,Viability Ceiling,,65
2020-07_gen5ou-0.json,Floatzel,Stats,Jolly,,10.756
2020-07_gen5ou-0.json,Floatzel,Stats,Mild,,14.535
2020-07_gen5ou-0.json,Floatzel,Stats,Adamant,,7.849
2020-07_gen5ou-0.json,Floatzel,Stats,Modest,,6.977
2020-07_gen5ou-0.json,Floatzel,Abilities,,Swift Swim,83.14
2020-07_gen5ou-0.json,Floatzel,Abilities,,Water Veil,16.86
2020-07_gen5ou-0.json,Floatzel,Items,,Leftovers,24.128
2020-07_gen5ou-0.json,Floatzel,Items,,Life Orb,20.64
2020-07_gen5ou-0.json,Floatzel,Items,,Focus Sash,20.64
2020-07_gen5ou-0.json,Floatzel,Items,,Sitrus Berry,10.465
2020-07_gen5ou-0.json,Floatzel,Items,,Choice Band,7.849
2020-07_gen5ou-0.json,Floatzel,Items,,Choice Scarf,5.814
2020-07_gen5ou-0.json,Floatzel,Items,,Mystic Water,4.651
2020-07_gen5ou-0.json,Floatzel,Items,,Expert Belt,2.616
2020-07_gen5ou-0.json,Floatzel,Items,,Other,3.198
2020-07_gen5ou-0.json,Floatzel,Spreads,,Other,24.709
2020-07_gen5ou-0.json,Floatzel,Moves,,Aqua Jet,65.698
2020-07_gen5ou-0.json,Floatzel,Moves,,Waterfall,62.791
2020-07_gen5ou-0.json,Floatzel,Moves,,Ice Punch,50.0
2020-07_gen5ou-0.json,Floatzel,Moves,,Ice Beam,42.151
2020-07_gen5ou-0.json,Floatzel,Moves,,Crunch,40.698
2020-07_gen5ou-0.json,Floatzel,Moves,,Hidden Power Fire,17.151
2020-07_gen5ou-0.json,Floatzel,Moves,,Brick Break,16.279
2020-07_gen5ou-0.json,Floatzel,Moves,,Hydro Pump,11.628
2020-07_gen5ou-0.json,Floatzel,Moves,,Dig,11.047
2020-07_gen5ou-0.json,Floatzel,Moves,,Surf,9.884
2020-07_gen5ou-0.json,Floatzel,Moves,,Bulk Up,9.593
2020-07_gen5ou-0.json,Floatzel,Moves,,Rain Dance,9.593
2020-07_gen5ou-0.json,Floatzel,Moves,,Iron Tail,8.43
2020-07_gen5ou-0.json,Floatzel,Moves,,Taunt,8.14
2020-07_gen5ou-0.json,Floatzel,Moves,,Switcheroo,6.395
2020-07_gen5ou-0.json,Floatzel,Moves,,Aqua Tail,4.942
2020-07_gen5ou-0.json,Floatzel,Moves,,Ice Fang,4.07
2020-07_gen5ou-0.json,Floatzel,Moves,,Low Kick,3.779
2020-07_gen5ou-0.json,Floatzel,Moves,,Other,17.733
2020-07_gen5ou-0.json,Claydol,Stats,Raw count,,326
2020-07_gen5ou-0.json,Claydol,Stats,Avg. weight,,1.0
2020-07_gen5ou-0.json,Claydol,Stats,Viability Ceiling,,71
2020-07_gen5ou-0.json,Claydol,Stats,Bold,,15.031
2020-07_gen5ou-0.json,Claydol,Stats,Sassy,,11.656
2020-07_gen5ou-0.json,Claydol,Stats,Modest,,9.816
2020-07_gen5ou-0.json,Claydol,Stats,Relaxed,,3.681
2020-07_gen5ou-0.json,Claydol,Abilities,,Levitate,100.0
2020-07_gen5ou-0.json,Claydol,Items,,Leftovers,84.049
2020-07_gen5ou-0.json,Claydol,Items,,Mental Herb,2.761
2020-07_gen5ou-0.json,Claydol,Items,,Light Clay,2.454
2020-07_gen5ou-0.json,Claydol,Items,,Heat Rock,2.454
2020-07_gen5ou-0.json,Claydol,Items,,Choice Scarf,1.84
2020-07_gen5ou-0.json,Claydol,Items,,Expert Belt,1.84
2020-07_gen5ou-0.json,Claydol,Items,,Other,4.601
2020-07_gen5ou-0.json,Claydol,Spreads,,Other,40.798
2020-07_gen5ou-0.json,Claydol,Moves,,Rapid Spin,60.429
2020-07_gen5ou-0.json,Claydol,Moves,,Trick Room,45.399
2020-07_gen5ou-0.json,Claydol,Moves,,Explosion,33.742
2020-07_gen5ou-0.json,Claydol,Moves,,Psychic,32.209
2020-07_gen5ou-0.json,Claydol,Moves,,Ice Beam,30.061
2020-07_gen5ou-0.json,Claydol,Moves,,Stealth Rock,28.834
2020-07_gen5ou-0.json,Claydol,Moves,,Earth Power,27.301
2020-07_gen5ou-0.json,Claydol,Moves,,Earthquake,21.779
2020-07_gen5ou-0.json,Claydol,Moves,,Headbutt,17.485
2020-07_gen5ou-0.json,Claydol,Moves,,Hidden Power Electric,15.031
2020-07_gen5ou-0.json,Claydol,Moves,,Toxic,14.417
2020-07_gen5ou-0.json,Claydol,Moves,,Trick,11.963
2020-07_gen5ou-0.json,Claydol,Moves,,Calm Mind,6.748
2020-07_gen5ou-0.json,Claydol,Moves,,Psyshock,6.748
2020-07_gen5ou-0.json,Claydol,Moves,,Signal Beam,5.215
2020-07_gen5ou-0.json,Claydol,Moves,,Reflect,4.601
2020-07_gen5ou-0.json,Claydol,Moves,,Light Screen,4.294
2020-07_gen5ou-0.json,Claydol,Moves,,Grass Knot,3.681
2020-07_gen5ou-0.json,Claydol,Moves,,Magic Coat,3.681
2020-07_gen5ou-0.json,Claydol,Moves,,Sunny Day,3.681
2020-07_gen5ou-0.json,Claydol,Moves,,Gyro Ball,3.681
2020-07_gen5ou-0.json,Claydol,Moves,,Other,19.018
2020-07_gen5ou-0.json,Bouffalant,Stats,Raw count,,323
2020-07_gen5ou-0.json,Bouffalant,Stats,Avg. weight,,1.0
2020-07_gen5ou-0.json,Bouffalant,Stats,Viability Ceiling,,58
2020-07_gen5ou-0.json,Bouffalant,Stats,Adamant,,2.786
2020-07_gen5ou-0.json,Bouffalant,Stats,Careful,,7.121
2020-07_gen5ou-0.json,Bouffalant,Stats,Jolly,,4.025
2020-07_gen5ou-0.json,Bouffalant,Stats,Hardy,,3.715
2020-07_gen5ou-0.json,Bouffalant,Abilities,,Reckless,53.251
2020-07_gen5ou-0.json,Bouffalant,Abilities,,Sap Sipper,46.44
2020-07_gen5ou-0.json,Bouffalant,Abilities,,Soundproof,0.31
2020-07_gen5ou-0.json,Bouffalant,Items,,Muscle Band,24.768
2020-07_gen5ou-0.json,Bouffalant,Items,,Choice Band,19.505
2020-07_gen5ou-0.json,Bouffalant,Items,,Rocky Helmet,11.146
2020-07_gen5ou-0.json,Bouffalant,Items,,Nothing,9.288
2020-07_gen5ou-0.json,Bouffalant,Items,,Leftovers,8.359
2020-07_gen5ou-0.json,Bouffalant,Items,,Chesto Berry,7.121
2020-07_gen5ou-0.json,Bouffalant,Items,,Life Orb,4.954
2020-07_gen5ou-0.json,Bouffalant,Items,,Focus Sash,3.715
2020-07_gen5ou-0.json,Bouffalant,Items,,Chople Berry,2.477
2020-07_gen5ou-0.json,Bouffalant,Items,,Choice Scarf,2.167
2020-07_gen5ou-0.json,Bouffalant,Items,,Sitrus Berry,1.548
2020-07_gen5ou-0.json,Bouffalant,Items,,Other,4.954
2020-07_gen5ou-0.json,Bouffalant,Spreads,,Other,25.387
2020-07_gen5ou-0.json,Bouffalant,Moves,,Head Charge,89.474
2020-07_gen5ou-0.json,Bouffalant,Moves,,Earthquake,86.997
2020-07_gen5ou-0.json,Bouffalant,Moves,,Wild Charge,58.204
2020-07_gen5ou-0.json,Bouffalant,Moves,,Megahorn,50.774
2020-07_gen5ou-0.json,Bouffalant,Moves,,Poison Jab,29.412
2020-07_gen5ou-0.json,Bouffalant,Moves,,Stone Edge,10.836
2020-07_gen5ou-0.json,Bouffalant,Moves,,Iron Head,10.217
2020-07_gen5ou-0.json,Bouffalant,Moves,,Superpower,9.288
2020-07_gen5ou-0.json,Bouffalant,Moves,,Zen Headbutt,8.669
2020-07_gen5ou-0.json,Bouffalant,Moves,,Rest,7.43
2020-07_gen5ou-0.json,Bouffalant,Moves,,Substitute,7.121
2020-07_gen5ou-0.json,Bouffalant,Moves,,Swords Dance,6.811
2020-07_gen5ou-0.json,Bouffalant,Moves,,Outrage,5.573
2020-07_gen5ou-0.json,Bouffalant,Moves,,Other,19.195
2020-07_gen5ou-0.json,Zebstrika,Stats,Raw count,,322
2020-07_gen5ou-0.json,Zebstrika,Stats,Avg. weight,,1.0
2020-07_gen5ou-0.json,Zebstrika,Stats,Viability Ceiling,,67
2020-07_gen5ou-0.json,Zebstrika,Stats,Hasty,,10.870
2020-07_gen5ou-0.json,Zebstrika,Stats,Modest,,9.627
2020-07_gen5ou-0.json,Zebstrika,Stats,Jolly,,9.317
2020-07_gen5ou-0.json,Zebstrika,Stats,Hardy,,4.969
2020-07_gen5ou-0.json,Zebstrika,Stats,Timid,,4.658
2020-07_gen5ou-0.json,Zebstrika,Abilities,,Lightning Rod,66.77
2020-07_gen5ou-0.json,Zebstrika,Abilities,,Sap Sipper,19.876
2020-07_gen5ou-0.json,Zebstrika,Abilities,,Motor Drive,13.354
2020-07_gen5ou-0.json,Zebstrika,Items,,Leftovers,13.975
2020-07_gen5ou-0.json,Zebstrika,Items,,Nothing,12.422
2020-07_gen5ou-0.json,Zebstrika,Items,,Air Balloon,12.112
2020-07_gen5ou-0.json,Zebstrika,Items,,Magnet,9.627
2020-07_gen5ou-0.json,Zebstrika,Items,,Expert Belt,8.696
2020-07_gen5ou-0.json,Zebstrika,Items,,Sitrus Berry,8.385
2020-07_gen5ou-0.json,Zebstrika,Items,,Life Orb,7.764
2020-07_gen5ou-0.json,Zebstrika,Items,,Focus Sash,6.832
2020-07_gen5ou-0.json,Zebstrika,Items,,Great Ball,4.348
2020-07_gen5ou-0.json,Zebstrika,Items,,Rocky Helmet,4.037
2020-07_gen5ou-0.json,Zebstrika,Items,,Choice Scarf,2.795
2020-07_gen5ou-0.json,Zebstrika,Items,,Lum Berry,2.795
2020-07_gen5ou-0.json,Zebstrika,Items,,Choice Band,2.484
2020-07_gen5ou-0.json,Zebstrika,Items,,Other,3.727
2020-07_gen5ou-0.json,Zebstrika,Spreads,,Other,49.068
2020-07_gen5ou-0.json,Zebstrika,Moves,,Wild Charge,57.453
2020-07_gen5ou-0.json,Zebstrika,Moves,,Flame Charge,45.652
2020-07_gen5ou-0.json,Zebstrika,Moves,,Volt Switch,31.366
2020-07_gen5ou-0.json,Zebstrika,Moves,,Discharge,30.124
2020-07_gen5ou-0.json,Zebstrika,Moves,,Thunderbolt,26.708
2020-07_gen5ou-0.json,Zebstrika,Moves,,Overheat,25.155
2020-07_gen5ou-0.json,Zebstrika,Moves,,Thunder Wave,22.36
2020-07_gen5ou-0.json,Zebstrika,Moves,,Pursuit,17.081
2020-07_gen5ou-0.json,Zebstrika,Moves,,Thunder,16.46
2020-07_gen5ou-0.json,Zebstrika,Moves,,Signal Beam,15.839
2020-07_gen5ou-0.json,Zebstrika,Moves,,Spark,13.354
2020-07_gen5ou-0.json,Zebstrika,Moves,,Double Kick,12.422
2020-07_gen5ou-0.json,Zebstrika,Moves,,Hidden Power Ice,11.801
2020-07_gen5ou-0.json,Zebstrika,Moves,,Quick Attack,9.938
2020-07_gen5ou-0.json,Zebstrika,Moves,,Double-Edge,7.143
2020-07_gen5ou-0.json,Zebstrika,Moves,,Thrash,6.832
2020-07_gen5ou-0.json,Zebstrika,Moves,,Charge Beam,6.522
2020-07_gen5ou-0.json,Zebstrika,Moves,,Frustration,4.348
2020-07_gen5ou-0.json,Zebstrika,Moves,,Toxic,4.037
2020-07_gen5ou-0.json,Zebstrika,Moves,,Giga Impact,4.037
2020-07_gen5ou-0.json,Zebstrika,Moves,,Facade,3.727
2020-07_gen5ou-0.json,Zebstrika,Moves,,Stomp,3.727
2020-07_gen5ou-0.json,Zebstrika,Moves,,Hidden Power Grass,3.106
2020-07_gen5ou-0.json,Zebstrika,Moves,,Charge,2.795
2020-07_gen5ou-0.json,Zebstrika,Moves,,Other,18.012
2020-07_gen5ou-0.json,Gigalith,Stats,Raw count,,312
2020-07_gen5ou-0.json,Gigalith,Stats,Avg. weight,,1.0
2020-07_gen5ou-0.json,Gigalith,Stats,Viability Ceiling,,67
2020-07_gen5ou-0.json,Gigalith,Stats,Adamant,,3.526
2020-07_gen5ou-0.json,Gigalith,Stats,Careful,,3.526
2020-07_gen5ou-0.json,Gigalith,Stats,Lax,,3.205
2020-07_gen5ou-0.json,Gigalith,Abilities,,Sturdy,92.628
2020-07_gen5ou-0.json,Gigalith,Abilities,,Sand Force,7.372
2020-07_gen5ou-0.json,Gigalith,Items,,Leftovers,39.423
2020-07_gen5ou-0.json,Gigalith,Items,,Rocky Helmet,16.346
2020-07_gen5ou-0.json,Gigalith,Items,,Custap Berry,12.821
2020-07_gen5ou-0.json,Gigalith,Items,,Smooth Rock,10.897
2020-07_gen5ou-0.json,Gigalith,Items,,Sitrus Berry,4.487
2020-07_gen5ou-0.json,Gigalith,Items,,Hard Stone,2.885
2020-07_gen5ou-0.json,Gigalith,Items,,Nothing,2.244
2020-07_gen5ou-0.json,Gigalith,Items,,Bright Powder,1.923
2020-07_gen5ou-0.json,Gigalith,Items,,Rock Incense,1.603
2020-07_gen5ou-0.json,Gigalith,Items,,Air Balloon,1.282
2020-07_gen5ou-0.json,Gigalith,Items,,Chesto Berry,0.962
2020-07_gen5ou-0.json,Gigalith,Items,,Life Orb,0.962
2020-07_gen5ou-0.json,Gigalith,Items,,Other,4.167
2020-07_gen5ou-0.json,Gigalith,Spreads,,Other,41.026
2020-07_gen5ou-0.json,Gigalith,Moves,,Earthquake,67.308
2020-07_gen5ou-0.json,Gigalith,Moves,,Stone Edge,64.103
2020-07_gen5ou-0.json,Gigalith,Moves,,Stealth Rock,62.5
2020-07_gen5ou-0.json,Gigalith,Moves,,Explosion,28.205
2020-07_gen5ou-0.json,Gigalith,Moves,,Giga Impact,21.795
2020-07_gen5ou-0.json,Gigalith,Moves,,Superpower,16.987
2020-07_gen5ou-0.json,Gigalith,Moves,,Rock Blast,14.744
2020-07_gen5ou-0.json,Gigalith,Moves,,Heavy Slam,13.782
2020-07_gen5ou-0.json,Gigalith,Moves,,Toxic,10.897
2020-07_gen5ou-0.json,Gigalith,Moves,,Sandstorm,10.897
2020-07_gen5ou-0.json,Gigalith,Moves,,Rock Slide,8.654
2020-07_gen5ou-0.json,Gigalith,Moves,,Iron Defense,8.654
2020-07_gen5ou-0.json,Gigalith,Moves,,Power Gem,8.013
2020-07_gen5ou-0.json,Gigalith,Moves,,Curse,6.41
2020-07_gen5ou-0.json,Gigalith,Moves,,Gravity,6.41
2020-07_gen5ou-0.json,Gigalith,Moves,,Iron Head,5.769
2020-07_gen5ou-0.json,Gigalith,Moves,,Rest,4.487
2020-07_gen5ou-0.json,Gigalith,Moves,,Flash Cannon,4.487
2020-07_gen5ou-0.json,Gigalith,Moves,,Nothing,4.167
2020-07_gen5ou-0.json,Gigalith,Moves,,Earth Power,3.846
2020-07_gen5ou-0.json,Gigalith,Moves,,Autotomize,3.526
2020-07_gen5ou-0.json,Gigalith,Moves,,Strength,3.526
2020-07_gen5ou-0.json,Gigalith,Moves,,Hidden Power Psychic,3.205
2020-07_gen5ou-0.json,Gigalith,Moves,,Other,17.628
2020-07_gen5ou-0.json,Medicham,Stats,Raw count,,312
2020-07_gen5ou-0.json,Medicham,Stats,Avg. weight,,1.0
2020-07_gen5ou-0.json,Medicham,Stats,Viability Ceiling,,67
2020-07_gen5ou-0.json,Medicham,Stats,Jolly,,8.654
2020-07_gen5ou-0.json,Medicham,Stats,Careful,,11.859
2020-07_gen5ou-0.json,Medicham,Stats,Adamant,,4.167
2020-07_gen5ou-0.json,Medicham,Abilities,,Pure Power,96.795
2020-07_gen5ou-0.json,Medicham,Abilities,,Telepathy,3.205
2020-07_gen5ou-0.json,Medicham,Items,,Choice Scarf,21.795
2020-07_gen5ou-0.json,Medicham,Items,,Life Orb,19.872
2020-07_gen5ou-0.json,Medicham,Items,,Focus Sash,18.91
2020-07_gen5ou-0.json,Medicham,Items,,Leftovers,12.821
2020-07_gen5ou-0.json,Medicham,Items,,Choice Band,8.013
2020-07_gen5ou-0.json,Medicham,Items,,Scope Lens,4.167
2020-07_gen5ou-0.json,Medicham,Items,,Eviolite,3.205
2020-07_gen5ou-0.json,Medicham,Items,,Wide Lens,2.564
2020-07_gen5ou-0.json,Medicham,Items,,Expert Belt,2.244
2020-07_gen5ou-0.json,Medicham,Items,,Psychic Gem,1.282
2020-07_gen5ou-0.json,Medicham,Items,,Quick Claw,0.962
2020-07_gen5ou-0.json,Medicham,Items,,Other,4.167
2020-07_gen5ou-0.json,Medicham,Spreads,,Other,17.308
2020-07_gen5ou-0.json,Medicham,Moves,,High Jump Kick,68.59
2020-07_gen5ou-0.json,Medicham,Moves,,Fake Out,52.564
2020-07_gen5ou-0.json,Medicham,Moves,,Psycho Cut,37.821
2020-07_gen5ou-0.json,Medicham,Moves,,Drain Punch,31.41
2020-07_gen5ou-0.json,Medicham,Moves,,Bullet Punch,29.487
2020-07_gen5ou-0.json,Medicham,Moves,,Bulk Up,25.0
2020-07_gen5ou-0.json,Medicham,Moves,,Detect,24.038
2020-07_gen5ou-0.json,Medicham,Moves,,Zen Headbutt,24.038
2020-07_gen5ou-0.json,Medicham,Moves,,Ice Punch,22.756
2020-07_gen5ou-0.json,Medicham,Moves,,Trick,16.026
2020-07_gen5ou-0.json,Medicham,Moves,,Recover,14.103
2020-07_gen5ou-0.json,Medicham,Moves,,Thunder Punch,10.256
2020-07_gen5ou-0.json,Medicham,Moves,,Brick Break,6.731
2020-07_gen5ou-0.json,Medicham,Moves,,Poison Jab,6.09
2020-07_gen5ou-0.json,Medicham,Moves,,Psychic,5.769
2020-07_gen5ou-0.json,Medicham,Moves,,Calm Mind,4.808
2020-07_gen5ou-0.json,Medicham,Moves,,Protect,3.846
2020-07_gen5ou-0.json,Medicham,Moves,,Other,16.667
2020-07_gen5ou-0.json,Sawk,Stats,Raw count,,325
2020-07_gen5ou-0.json,Sawk,Stats,Avg. weight,,1.0
2020-07_gen5ou-0.json,Sawk,Stats,Viability Ceiling,,65
2020-07_gen5ou-0.json,Sawk,Stats,Jolly,,33.231
2020-07_gen5ou-0.json,Sawk,Stats,Adamant,,2.154
2020-07_gen5ou-0.json,Sawk,Abilities,,Sturdy,89.846
2020-07_gen5ou-0.json,Sawk,Abilities,,Mold Breaker,9.846
2020-07_gen5ou-0.json,Sawk,Abilities,,Inner Focus,0.308
2020-07_gen5ou-0.json,Sawk,Items,,Salac Berry,40.923
2020-07_gen5ou-0.json,Sawk,Items,,Expert Belt,29.846
2020-07_gen5ou-0.json,Sawk,Items,,Sitrus Berry,5.231
2020-07_gen5ou-0.json,Sawk,Items,,Nothing,4.923
2020-07_gen5ou-0.json,Sawk,Items,,Choice Scarf,3.385
2020-07_gen5ou-0.json,Sawk,Items,,Muscle Band,2.462
2020-07_gen5ou-0.json,Sawk,Items,,Black Belt,2.154
2020-07_gen5ou-0.json,Sawk,Items,,Red Card,2.154
2020-07_gen5ou-0.json,Sawk,Items,,Choice Band,1.846
2020-07_gen5ou-0.json,Sawk,Items,,Custap Berry,1.538
2020-07_gen5ou-0.json,Sawk,Items,,Leftovers,1.231
2020-07_gen5ou-0.json,Sawk,Items,,Other,4.308
2020-07_gen5ou-0.json,Sawk,Spreads,,Other,14.769
2020-07_gen5ou-0.json,Sawk,Moves,,Close Combat,88.615
2020-07_gen5ou-0.json,Sawk,Moves,,Ice Punch,68.308
2020-07_gen5ou-0.json,Sawk,Moves,,Earthquake,48.923
2020-07_gen5ou-0.json,Sawk,Moves,,Poison Jab,39.077
2020-07_gen5ou-0.json,Sawk,Moves,,Stone Edge,36.923
2020-07_gen5ou-0.json,Sawk,Moves,,Fire Punch,32.308
2020-07_gen5ou-0.json,Sawk,Moves,,Bulk Up,15.692
2020-07_gen5ou-0.json,Sawk,Moves,,Thunder Punch,10.769
2020-07_gen5ou-0.json,Sawk,Moves,,Rock Slide,7.692
2020-07_gen5ou-0.json,Sawk,Moves,,Brick Break,7.385
2020-07_gen5ou-0.json,Sawk,Moves,,Karate Chop,4.923
2020-07_gen5ou-0.json,Sawk,Moves,,Protect,4.308
2020-07_gen5ou-0.json,Sawk,Moves,,Knock Off,4.308
2020-07_gen5ou-0.json,Sawk,Moves,,Toxic,4.0
2020-07_gen5ou-0.json,Sawk,Moves,,Pain Split,3.692
2020-07_gen5ou-0.json,Sawk,Moves,,Reversal,3.385
2020-07_gen5ou-0.json,Sawk,Moves,,Other,19.692
2020-07_gen5ou-0.json,Marowak,Stats,Raw count,,291
2020-07_gen5ou-0.json,Marowak,Stats,Avg. weight,,1.0
2020-07_gen5ou-0.json,Marowak,Stats,Viability Ceiling,,73
2020-07_gen5ou-0.json,Marowak,Stats,Adamant,,3.780
2020-07_gen5ou-0.json,Marowak,Stats,Brave,,3.436
2020-07_gen5ou-0.json,Marowak,Stats,Careful,,2.749
2020-07_gen5ou-0.json,Marowak,Abilities,,Rock Head,78.007
2020-07_gen5ou-0.json,Marowak,Abilities,,Battle Armor,20.619
2020-07_gen5ou-0.json,Marowak,Abilities,,Lightning Rod,1.375
2020-07_gen5ou-0.json,Marowak,Items,,Thick Club,96.22
2020-07_gen5ou-0.json,Marowak,Items,,Other,3.78
2020-07_gen5ou-0.json,Marowak,Spreads,,Other,17.526
2020-07_gen5ou-0.json,Marowak,Moves,,Fire Punch,72.852
2020-07_gen5ou-0.json,Marowak,Moves,,Double-Edge,72.509
2020-07_gen5ou-0.json,Marowak,Moves,,Bonemerang,59.45
2020-07_gen5ou-0.json,Marowak,Moves,,Earthquake,44.674
2020-07_gen5ou-0.json,Marowak,Moves,,Swords Dance,30.241
2020-07_gen5ou-0.json,Marowak,Moves,,Thunder Punch,28.179
2020-07_gen5ou-0.json,Marowak,Moves,,Rock Slide,23.711
2020-07_gen5ou-0.json,Marowak,Moves,,Stone Edge,18.557
2020-07_gen5ou-0.json,Marowak,Moves,,Smack Down,13.402
2020-07_gen5ou-0.json,Marowak,Moves,,Focus Energy,5.842
2020-07_gen5ou-0.json,Marowak,Moves,,Outrage,5.498
2020-07_gen5ou-0.json,Marowak,Moves,,Brick Break,5.155
2020-07_gen5ou-0.json,Marowak,Moves,,Other,19.931
2020-07_gen5ou-0.json,Qwilfish,Stats,Raw count,,293
2020-07_gen5ou-0.json,Qwilfish,Stats,Avg. weight,,1.0
2020-07_gen5ou-0.json,Qwilfish,Stats,Viability Ceiling,,68
2020-07_gen5ou-0.json,Qwilfish,Stats,Jolly,,10.922
2020-07_gen5ou-0.json,Qwilfish,Stats,Impish,,3.413
2020-07_gen5ou-0.json,Qwilfish,Stats,Adamant,,8.874
2020-07_gen5ou-0.json,Qwilfish,Abilities,,Intimidate,75.768
2020-07_gen5ou-0.json,Qwilfish,Abilities,,Poison Point,21.843
2020-07_gen5ou-0.json,Qwilfish,Abilities,,Swift Swim,2.389
2020-07_gen5ou-0.json,Qwilfish,Items,,Focus Sash,62.457
2020-07_gen5ou-0.json,Qwilfish,Items,,Black Sludge,16.382
2020-07_gen5ou-0.json,Qwilfish,Items,,Leftovers,9.215
2020-07_gen5ou-0.json,Qwilfish,Items,,Rocky Helmet,3.754
2020-07_gen5ou-0.json,Qwilfish,Items,,Sitrus Berry,2.73
2020-07_gen5ou-0.json,Qwilfish,Items,,Life Orb,2.389
2020-07_gen5ou-0.json,Qwilfish,Items,,Other,3.072
2020-07_gen5ou-0.json,Qwilfish,Spreads,,Other,11.263
2020-07_gen5ou-0.json,Qwilfish,Moves,,Spikes,81.229
2020-07_gen5ou-0.json,Qwilfish,Moves,,Waterfall,73.72
2020-07_gen5ou-0.json,Qwilfish,Moves,,Toxic Spikes,72.696
2020-07_gen5ou-0.json,Qwilfish,Moves,,Poison Jab,54.608
2020-07_gen5ou-0.json,Qwilfish,Moves,,Toxic,19.113
2020-07_gen5ou-0.json,Qwilfish,Moves,,Explosion,15.017
2020-07_gen5ou-0.json,Qwilfish,Moves,,Swords Dance,12.628
2020-07_gen5ou-0.json,Qwilfish,Moves,,Destiny Bond,12.628
2020-07_gen5ou-0.json,Qwilfish,Moves,,Taunt,12.628
2020-07_gen5ou-0.json,Qwilfish,Moves,,Pain Split,9.898
2020-07_gen5ou-0.json,Qwilfish,Moves,,Aqua Jet,9.215
2020-07_gen5ou-0.json,Qwilfish,Moves,,Thunder Wave,7.509
2020-07_gen5ou-0.json,Qwilfish,Moves,,Other,19.113
2020-07_gen5ou-0.json,Smeargle,Stats,Raw count,,314
2020-07_gen5ou-0.json,Smeargle,Stats,Avg. weight,,1.0
2020-07_gen5ou-0.json,Smeargle,Stats,Viability Ceiling,,82
2020-07_gen5ou-0.json,Smeargle,Stats,Timid,,4.140
2020-07_gen5ou-0.json,Smeargle,Stats,Hardy,,7.643
2020-07_gen5ou-0.json,Smeargle,Stats,Jolly,,6.051
2020-07_gen5ou-0.json,Smeargle,Abilities,,Own Tempo,74.204
2020-07_gen5ou-0.json,Smeargle,Abilities,,Technician,25.796
2020-07_gen5ou-0.json,Smeargle,Items,,Focus Sash,75.796
2020-07_gen5ou-0.json,Smeargle,Items,,Nothing,10.828
2020-07_gen5ou-0.json,Smeargle,Items,,Leftovers,3.822
2020-07_gen5ou-0.json,Smeargle,Items,,Aguav Berry,3.185
2020-07_gen5ou-0.json,Smeargle,Items,,Choice Scarf,2.548
2020-07_gen5ou-0.json,Smeargle,Items,,Other,3.822
2020-07_gen5ou-0.json,Smeargle,Spreads,,Other,33.439
2020-07_gen5ou-0.json,Smeargle,Moves,,Stealth Rock,64.968
2020-07_gen5ou-0.json,Smeargle,Moves,,Spikes,35.032
2020-07_gen5ou-0.json,Smeargle,Moves,,Taunt,31.21
2020-07_gen5ou-0.json,Smeargle,Moves,,Magic Coat,22.611
2020-07_gen5ou-0.json,Smeargle,Moves,,Belly Drum,18.471
2020-07_gen5ou-0.json,Smeargle,Moves,,Nothing,17.197
2020-07_gen5ou-0.json,Smeargle,Moves,,Extreme Speed,14.968
2020-07_gen5ou-0.json,Smeargle,Moves,,Memento,12.42
2020-07_gen5ou-0.json,Smeargle,Moves,,Toxic Spikes,12.102
2020-07_gen5ou-0.json,Smeargle,Moves,,Flail,10.828
2020-07_gen5ou-0.json,Smeargle,Moves,,Endure,10.828
2020-07_gen5ou-0.json,Smeargle,Moves,,Baton Pass,9.873
2020-07_gen5ou-0.json,Smeargle,Moves,,Roar,8.599
2020-07_gen5ou-0.json,Smeargle,Moves,,Rapid Spin,8.28
2020-07_gen5ou-0.json,Smeargle,Moves,,Thunder Wave,7.962
2020-07_gen5ou-0.json,Smeargle,Moves,,Destiny Bond,7.325
2020-07_gen5ou-0.json,Smeargle,Moves,,Glare,5.732
2020-07_gen5ou-0.json,Smeargle,Moves,,V-create,5.732
2020-07_gen5ou-0.json,Smeargle,Moves,,Endeavor,5.414
2020-07_gen5ou-0.json,Smeargle,Moves,,Encore,5.096
2020-07_gen5ou-0.json,Smeargle,Moves,,Fake Out,4.777
2020-07_gen5ou-0.json,Smeargle,Moves,,Substitute,4.14
2020-07_gen5ou-0.json,Smeargle,Moves,,Aromatherapy,4.14
2020-07_gen5ou-0.json,Smeargle,Moves,,Bullet Punch,3.822
2020-07_gen5ou-0.json,Smeargle,Moves,,Leech Seed,3.503
2020-07_gen5ou-0.json,Smeargle,Moves,,Aeroblast,3.503
2020-07_gen5ou-0.json,Smeargle,Moves,,Clear Smog,3.503
2020-07_gen5ou-0.json,Smeargle,Moves,,Explosion,2.866
2020-07_gen5ou-0.json,Smeargle,Moves,,Heal Bell,2.548
2020-07_gen5ou-0.json,Smeargle,Moves,,Defog,2.548
2020-07_gen5ou-0.json,Smeargle,Moves,,Swords Dance,2.229
2020-07_gen5ou-0.json,Smeargle,Moves,,Shift Gear,2.229
2020-07_gen5ou-0.json,Smeargle,Moves,,Flare Blitz,2.229
2020-07_gen5ou-0.json,Smeargle,Moves,,Quick Attack,2.229
2020-07_gen5ou-0.json,Smeargle,Moves,,Drain Punch,2.229
2020-07_gen5ou-0.json,Smeargle,Moves,,Recover,1.911
2020-07_gen5ou-0.json,Smeargle,Moves,,Recycle,1.911
2020-07_gen5ou-0.json,Smeargle,Moves,,Whirlwind,1.911
2020-07_gen5ou-0.json,Smeargle,Moves,,Transform,1.592
2020-07_gen5ou-0.json,Smeargle,Moves,,Attack Order,1.592
2020-07_gen5ou-0.json,Smeargle,Moves,,Acrobatics,1.592
2020-07_gen5ou-0.json,Smeargle,Moves,,Superpower,1.592
2020-07_gen5ou-0.json,Smeargle,Moves,,Close Combat,1.274
2020-07_gen5ou-0.json,Smeargle,Moves,,Trick,1.274
2020-07_gen5ou-0.json,Smeargle,Moves,,Fire Blast,1.274
2020-07_gen5ou-0.json,Smeargle,Moves,,Calm Mind,1.274
2020-07_gen5ou-0.json,Smeargle,Moves,,Assist,1.274
2020-07_gen5ou-0.json,Smeargle,Moves,,Tailwind,0.955
2020-07_gen5ou-0.json,Smeargle,Moves,,Other,19.427
2020-07_gen5ou-0.json,Uxie,Stats,Raw count,,278
2020-07_gen5ou-0.json,Uxie,Stats,Avg. weight,,1.0
2020-07_gen5ou-0.json,Uxie,Stats,Viability Ceiling,,79
2020-07_gen5ou-0.json,Uxie,Stats,Bold,,5.396
2020-07_gen5ou-0.json,Uxie,Stats,Relaxed,,11.511
2020-07_gen5ou-0.json,Uxie,Stats,Impish,,11.151
2020-07_gen5ou-0.json,Uxie,Stats,Jolly,,8.633
2020-07_gen5ou-0.json,Uxie,Stats,Careful,,4.317
2020-07_gen5ou-0.json,Uxie,Abilities,,Levitate,100.0
2020-07_gen5ou-0.json,Uxie,Items,,Choice Scarf,37.05
2020-07_gen5ou-0.json,Uxie,Items,,Light Clay,36.691
2020-07_gen5ou-0.json,Uxie,Items,,Leftovers,20.144
2020-07_gen5ou-0.json,Uxie,Items,,Mental Herb,3.957
2020-07_gen5ou-0.json,Uxie,Items,,Other,2.158
2020-07_gen5ou-0.json,Uxie,Spreads,,Other,39.928
2020-07_gen5ou-0.json,Uxie,Moves,,Stealth Rock,73.022
2020-07_gen5ou-0.json,Uxie,Moves,,Thunder Wave,52.878
2020-07_gen5ou-0.json,Uxie,Moves,,U-turn,49.64
2020-07_gen5ou-0.json,Uxie,Moves,,Psychic,42.446
2020-07_gen5ou-0.json,Uxie,Moves,,Light Screen,41.367
2020-07_gen5ou-0.json,Uxie,Moves,,Reflect,37.77
2020-07_gen5ou-0.json,Uxie,Moves,,Trick,37.05
2020-07_gen5ou-0.json,Uxie,Moves,,Memento,19.424
2020-07_gen5ou-0.json,Uxie,Moves,,Heal Bell,14.029
2020-07_gen5ou-0.json,Uxie,Moves,,Thunderbolt,7.554
2020-07_gen5ou-0.json,Uxie,Moves,,Trick Room,5.755
2020-07_gen5ou-0.json,Uxie,Moves,,Other,19.065
2020-07_gen5ou-0.json,Cradily,Stats,Raw count,,277
2020-07_gen5ou-0.json,Cradily,Stats,Avg. weight,,1.0
2020-07_gen5ou-0.json,Cradily,Stats,Viability Ceiling,,66
2020-07_gen5ou-0.json,Cradily,Stats,Relaxed,,15.884
2020-07_gen5ou-0.json,Cradily,Stats,Impish,,6.498
2020-07_gen5ou-0.json,Cradily,Stats,Careful,,3.610
2020-07_gen5ou-0.json,Cradily,Stats,Calm,,5.415
2020-07_gen5ou-0.json,Cradily,Stats,Bold,,5.054
2020-07_gen5ou-0.json,Cradily,Abilities,,Storm Drain,53.43
2020-07_gen5ou-0.json,Cradily,Abilities,,Suction Cups,46.57
2020-07_gen5ou-0.json,Cradily,Items,,Leftovers,84.477
2020-07_gen5ou-0.json,Cradily,Items,,Big Root,4.332
2020-07_gen5ou-0.json,Cradily,Items,,Expert Belt,2.166
2020-07_gen5ou-0.json,Cradily,Items,,Sitrus Berry,2.166
2020-07_gen5ou-0.json,Cradily,Items,,Rocky Helmet,1.444
2020-07_gen5ou-0.json,Cradily,Items,,Chople Berry,1.083
2020-07_gen5ou-0.json,Cradily,Items,,Other,4.332
2020-07_gen5ou-0.json,Cradily,Spreads,,Other,57.762
2020-07_gen5ou-0.json,Cradily,Moves,,Recover,58.484
2020-07_gen5ou-0.json,Cradily,Moves,,Giga Drain,50.181
2020-07_gen5ou-0.json,Cradily,Moves,,Toxic,40.433
2020-07_gen5ou-0.json,Cradily,Moves,,Stealth Rock,24.188
2020-07_gen5ou-0.json,Cradily,Moves,,Seed Bomb,23.827
2020-07_gen5ou-0.json,Cradily,Moves,,Stockpile,20.939
2020-07_gen5ou-0.json,Cradily,Moves,,Rock Slide,19.134
2020-07_gen5ou-0.json,Cradily,Moves,,Earthquake,17.329
2020-07_gen5ou-0.json,Cradily,Moves,,Ancient Power,14.801
2020-07_gen5ou-0.json,Cradily,Moves,,Curse,14.079
2020-07_gen5ou-0.json,Cradily,Moves,,Rest,13.357
2020-07_gen5ou-0.json,Cradily,Moves,,Energy Ball,13.357
2020-07_gen5ou-0.json,Cradily,Moves,,Swords Dance,12.635
2020-07_gen5ou-0.json,Cradily,Moves,,Stone Edge,7.581
2020-07_gen5ou-0.json,Cradily,Moves,,Pain Split,6.498
2020-07_gen5ou-0.json,Cradily,Moves,,Amnesia,6.137
2020-07_gen5ou-0.json,Cradily,Moves,,Earth Power,5.776
2020-07_gen5ou-0.json,Cradily,Moves,,Sludge Bomb,5.054
2020-07_gen5ou-0.json,Cradily,Moves,,Hidden Power Fire,5.054
2020-07_gen5ou-0.json,Cradily,Moves,,Substitute,5.054
2020-07_gen5ou-0.json,Cradily,Moves,,Protect,5.054
2020-07_gen5ou-0.json,Cradily,Moves,,Confuse Ray,4.332
2020-07_gen5ou-0.json,Cradily,Moves,,Barrier,3.971
2020-07_gen5ou-0.json,Cradily,Moves,,Rock Polish,3.61
2020-07_gen5ou-0.json,Cradily,Moves,,Other,19.134
2020-07_gen5ou-0.json,Meganium,Stats,Raw count,,300
2020-07_gen5ou-0.json,Meganium,Stats,Avg. weight,,1.0
2020-07_gen5ou-0.json,Meganium,Stats,Viability Ceiling,,65
2020-07_gen5ou-0.json,Meganium,Stats,Calm,,4.000
2020-07_gen5ou-0.json,Meganium,Stats,Serious,,9.667
2020-07_gen5ou-0.json,Meganium,Stats,Bold,,6.000
2020-07_gen5ou-0.json,Meganium,Abilities,,Overgrow,100.0
2020-07_gen5ou-0.json,Meganium,Items,,Leftovers,80.333
2020-07_gen5ou-0.json,Meganium,Items,,Light Clay,10.0
2020-07_gen5ou-0.json,Meganium,Items,,Big Root,3.667
2020-07_gen5ou-0.json,Meganium,Items,,Miracle Seed,2.0
2020-07_gen5ou-0.json,Meganium,Items,,Other,4.0
2020-07_gen5ou-0.json,Meganium,Spreads,,Other,29.667
2020-07_gen5ou-0.json,Meganium,Moves,,Giga Drain,76.0
2020-07_gen5ou-0.json,Meganium,Moves,,Leech Seed,44.667
2020-07_gen5ou-0.json,Meganium,Moves,,Light Screen,44.667
2020-07_gen5ou-0.json,Meganium,Moves,,Reflect,43.0
2020-07_gen5ou-0.json,Meganium,Moves,,Toxic,34.667
2020-07_gen5ou-0.json,Meganium,Moves,,Hidden Power Fire,29.0
2020-07_gen5ou-0.json,Meganium,Moves,,Aromatherapy,29.0
2020-07_gen5ou-0.json,Meganium,Moves,,Ancient Power,26.667
2020-07_gen5ou-0.json,Meganium,Moves,,Protect,15.333
2020-07_gen5ou-0.json,Meganium,Moves,,Dragon Tail,11.333
2020-07_gen5ou-0.json,Meganium,Moves,,Mud-Slap,8.0
2020-07_gen5ou-0.json,Meganium,Moves,,Synthesis,6.333
2020-07_gen5ou-0.json,Meganium,Moves,,Earthquake,6.0
2020-07_gen5ou-0.json,Meganium,Moves,,Energy Ball,5.333
2020-07_gen5ou-0.json,Meganium,Moves,,Other,20.0
2020-07_gen5ou-0.json,Altaria,Stats,Raw count,,298
2020-07_gen5ou-0.json,Altaria,Stats,Avg. weight,,1.0
2020-07_gen5ou-0.json,Altaria,Stats,Viability Ceiling,,60
2020-07_gen5ou-0.json,Altaria,Stats,Calm,,3.691
2020-07_gen5ou-0.json,Altaria,Stats,Modest,,9.396
2020-07_gen5ou-0.json,Altaria,Stats,Timid,,7.047
2020-07_gen5ou-0.json,Altaria,Stats,Hardy,,4.362
2020-07_gen5ou-0.json,Altaria,Abilities,,Natural Cure,88.926
2020-07_gen5ou-0.json,Altaria,Abilities,,Cloud Nine,11.074
2020-07_gen5ou-0.json,Altaria,Items,,Leftovers,65.436
2020-07_gen5ou-0.json,Altaria,Items,,Black Glasses,6.376
2020-07_gen5ou-0.json,Altaria,Items,,Focus Sash,5.369
2020-07_gen5ou-0.json,Altaria,Items,,Dragon Fang,5.034
2020-07_gen5ou-0.json,Altaria,Items,,Expert Belt,4.027
2020-07_gen5ou-0.json,Altaria,Items,,Dragon Gem,2.349
2020-07_gen5ou-0.json,Altaria,Items,,Nothing,2.349
2020-07_gen5ou-0.json,Altaria,Items,,Life Orb,1.678
2020-07_gen5ou-0.json,Altaria,Items,,Flying Gem,1.678
2020-07_gen5ou-0.json,Altaria,Items,,Choice Specs,1.678
2020-07_gen5ou-0.json,Altaria,Items,,Other,4.027
2020-07_gen5ou-0.json,Altaria,Spreads,,Other,47.987
2020-07_gen5ou-0.json,Altaria,Moves,,Roost,56.376
2020-07_gen5ou-0.json,Altaria,Moves,,Cotton Guard,52.349
2020-07_gen5ou-0.json,Altaria,Moves,,Dragon Dance,40.268
2020-07_gen5ou-0.json,Altaria,Moves,,Dragon Pulse,39.262
2020-07_gen5ou-0.json,Altaria,Moves,,Flamethrower,35.235
2020-07_gen5ou-0.json,Altaria,Moves,,Dragon Claw,33.221
2020-07_gen5ou-0.json,Altaria,Moves,,Earthquake,23.49
2020-07_gen5ou-0.json,Altaria,Moves,,Ice Beam,16.107
2020-07_gen5ou-0.json,Altaria,Moves,,Haze,15.772
2020-07_gen5ou-0.json,Altaria,Moves,,Fire Blast,12.416
2020-07_gen5ou-0.json,Altaria,Moves,,Heal Bell,11.409
2020-07_gen5ou-0.json,Altaria,Moves,,Toxic,9.06
2020-07_gen5ou-0.json,Altaria,Moves,,Aerial Ace,8.725
2020-07_gen5ou-0.json,Altaria,Moves,,Draco Meteor,8.725
2020-07_gen5ou-0.json,Altaria,Moves,,Hidden Power Grass,6.376
2020-07_gen5ou-0.json,Altaria,Moves,,Tailwind,3.691
2020-07_gen5ou-0.json,Altaria,Moves,,Outrage,3.356
2020-07_gen5ou-0.json,Altaria,Moves,,Agility,3.02
2020-07_gen5ou-0.json,Altaria,Moves,,Dragon Breath,2.349
2020-07_gen5ou-0.json,Altaria,Moves,,Other,18.792
2020-07_gen5ou-0.json,Steelix,Stats,Raw count,,251
2020-07_gen5ou-0.json,Steelix,Stats,Avg. weight,,1.0
2020-07_gen5ou-0.json,Steelix,Stats,Viability Ceiling,,64
2020-07_gen5ou-0.json,Steelix,Stats,Brave,,28.287
2020-07_gen5ou-0.json,Steelix,Stats,Relaxed,,7.968
2020-07_gen5ou-0.json,Steelix,Stats,Careful,,6.375
2020-07_gen5ou-0.json,Steelix,Stats,Sassy,,5.179
2020-07_gen5ou-0.json,Steelix,Stats,Hardy,,4.382
2020-07_gen5ou-0.json,Steelix,Stats,Adamant,,4.382
2020-07_gen5ou-0.json,Steelix,Abilities,,Sturdy,74.104
2020-07_gen5ou-0.json,Steelix,Abilities,,Sheer Force,13.944
2020-07_gen5ou-0.json,Steelix,Abilities,,Rock Head,11.952
2020-07_gen5ou-0.json,Steelix,Items,,Leftovers,41.434
2020-07_gen5ou-0.json,Steelix,Items,,Rocky Helmet,23.506
2020-07_gen5ou-0.json,Steelix,Items,,Air Balloon,5.578
2020-07_gen5ou-0.json,Steelix,Items,,Occa Berry,3.984
2020-07_gen5ou-0.json,Steelix,Items,,Life Orb,3.586
2020-07_gen5ou-0.json,Steelix,Items,,Custap Berry,3.586
2020-07_gen5ou-0.json,Steelix,Items,,Zoom Lens,2.789
2020-07_gen5ou-0.json,Steelix,Items,,Sitrus Berry,2.789
2020-07_gen5ou-0.json,Steelix,Items,,Focus Sash,2.39
2020-07_gen5ou-0.json,Steelix,Items,,Quick Claw,1.992
2020-07_gen5ou-0.json,Steelix,Items,,Mental Herb,1.594
2020-07_gen5ou-0.json,Steelix,Items,,Steel Gem,1.594
2020-07_gen5ou-0.json,Steelix,Items,,Ground Gem,1.195
2020-07_gen5ou-0.json,Steelix,Items,,Other,3.984
2020-07_gen5ou-0.json,Steelix,Spreads,,Other,43.426
2020-07_gen5ou-0.json,Steelix,Moves,,Earthquake,75.697
2020-07_gen5ou-0.json,Steelix,Moves,,Stealth Rock,66.534
2020-07_gen5ou-0.json,Steelix,Moves,,Gyro Ball,53.785
2020-07_gen5ou-0.json,Steelix,Moves,,Stone Edge,36.255
2020-07_gen5ou-0.json,Steelix,Moves,,Dragon Tail,30.677
2020-07_gen5ou-0.json,Steelix,Moves,,Toxic,17.131
2020-07_gen5ou-0.json,Steelix,Moves,,Crunch,15.936
2020-07_gen5ou-0.json,Steelix,Moves,,Iron Head,14.343
2020-07_gen5ou-0.json,Steelix,Moves,,Curse,13.944
2020-07_gen5ou-0.json,Steelix,Moves,,Roar,12.749
2020-07_gen5ou-0.json,Steelix,Moves,,Explosion,8.765
2020-07_gen5ou-0.json,Steelix,Moves,,Iron Tail,8.765
2020-07_gen5ou-0.json,Steelix,Moves,,Rock Slide,7.171
2020-07_gen5ou-0.json,Steelix,Moves,,Ice Fang,6.375
2020-07_gen5ou-0.json,Steelix,Moves,,Aqua Tail,4.382
2020-07_gen5ou-0.json,Steelix,Moves,,Fire Fang,4.382
2020-07_gen5ou-0.json,Steelix,Moves,,Heavy Slam,3.586
2020-07_gen5ou-0.json,Steelix,Moves,,Other,19.522
2020-07_gen5ou-0.json,Cobalion,Stats,Raw count,,242
2020-07_gen5ou-0.json,Cobalion,Stats,Avg. weight,,1.0
2020-07_gen5ou-0.json,Cobalion,Stats,Viability Ceiling,,76
2020-07_gen5ou-0.json,Cobalion,Stats,Naive,,4.132
2020-07_gen5ou-0.json,Cobalion,Stats,Timid,,4.132
2020-07_gen5ou-0.json,Cobalion,Stats,Jolly,,14.463
2020-07_gen5ou-0.json,Cobalion,Abilities,,Justified,100.0
2020-07_gen5ou-0.json,Cobalion,Items,,Expert Belt,35.537
2020-07_gen5ou-0.json,Cobalion,Items,,Leftovers,27.686
2020-07_gen5ou-0.json,Cobalion,Items,,Focus Sash,14.463
2020-07_gen5ou-0.json,Cobalion,Items,,Life Orb,7.025
2020-07_gen5ou-0.json,Cobalion,Items,,Choice Band,5.372
2020-07_gen5ou-0.json,Cobalion,Items,,Nothing,3.306
2020-07_gen5ou-0.json,Cobalion,Items,,Lum Berry,1.24
2020-07_gen5ou-0.json,Cobalion,Items,,Choice Specs,0.826
2020-07_gen5ou-0.json,Cobalion,Items,,Other,4.545
2020-07_gen5ou-0.json,Cobalion,Spreads,,Other,30.165
2020-07_gen5ou-0.json,Cobalion,Moves,,Close Combat,61.157
2020-07_gen5ou-0.json,Cobalion,Moves,,Hidden Power Ice,50.0
2020-07_gen5ou-0.json,Cobalion,Moves,,Stealth Rock,45.041
2020-07_gen5ou-0.json,Cobalion,Moves,,Volt Switch,38.43
2020-07_gen5ou-0.json,Cobalion,Moves,,Taunt,37.19
2020-07_gen5ou-0.json,Cobalion,Moves,,Swords Dance,27.686
2020-07_gen5ou-0.json,Cobalion,Moves,,Sacred Sword,26.033
2020-07_gen5ou-0.json,Cobalion,Moves,,Flash Cannon,23.554
2020-07_gen5ou-0.json,Cobalion,Moves,,Stone Edge,19.421
2020-07_gen5ou-0.json,Cobalion,Moves,,Iron Head,14.463
2020-07_gen5ou-0.json,Cobalion,Moves,,Focus Blast,11.57
2020-07_gen5ou-0.json,Cobalion,Moves,,Protect,4.545
2020-07_gen5ou-0.json,Cobalion,Moves,,Quick Attack,4.132
2020-07_gen5ou-0.json,Cobalion,Moves,,Nothing,3.719
2020-07_gen5ou-0.json,Cobalion,Moves,,Poison Jab,3.719
2020-07_gen5ou-0.json,Cobalion,Moves,,Substitute,3.306
2020-07_gen5ou-0.json,Cobalion,Moves,,False Swipe,2.893
2020-07_gen5ou-0.json,Cobalion,Moves,,Magnet Rise,2.893
2020-07_gen5ou-0.json,Cobalion,Moves,,Toxic,2.479
2020-07_gen5ou-0.json,Cobalion,Moves,,Other,17.769
2020-07_gen5ou-0.json,Flareon,Stats,Raw count,,249
2020-07_gen5ou-0.json,Flareon,Stats,Avg. weight,,1.0
2020-07_gen5ou-0.json,Flareon,Stats,Viability Ceiling,,60
2020-07_gen5ou-0.json,Flareon,Stats,Jolly,,6.024
2020-07_gen5ou-0.json,Flareon,Stats,Adamant,,15.663
2020-07_gen5ou-0.json,Flareon,Stats,Careful,,4.016
2020-07_gen5ou-0.json,Flareon,Stats,Calm,,4.819
2020-07_gen5ou-0.json,Flareon,Abilities,,Flash Fire,83.133
2020-07_gen5ou-0.json,Flareon,Abilities,,Guts,16.867
2020-07_gen5ou-0.json,Flareon,Items,,Leftovers,23.695
2020-07_gen5ou-0.json,Flareon,Items,,Air Balloon,18.876
2020-07_gen5ou-0.json,Flareon,Items,,Choice Band,16.064
2020-07_gen5ou-0.json,Flareon,Items,,Charcoal,9.639
2020-07_gen5ou-0.json,Flareon,Items,,Life Orb,9.237
2020-07_gen5ou-0.json,Flareon,Items,,Toxic Orb,6.827
2020-07_gen5ou-0.json,Flareon,Items,,Flame Orb,3.614
2020-07_gen5ou-0.json,Flareon,Items,,Rocky Helmet,3.213
2020-07_gen5ou-0.json,Flareon,Items,,Focus Sash,2.008
2020-07_gen5ou-0.json,Flareon,Items,,Expert Belt,1.606
2020-07_gen5ou-0.json,Flareon,Items,,Choice Scarf,1.606
2020-07_gen5ou-0.json,Flareon,Items,,Other,3.614
2020-07_gen5ou-0.json,Flareon,Spreads,,Other,39.357
2020-07_gen5ou-0.json,Flareon,Moves,,Flame Charge,42.972
2020-07_gen5ou-0.json,Flareon,Moves,,Superpower,38.956
2020-07_gen5ou-0.json,Flareon,Moves,,Quick Attack,28.112
2020-07_gen5ou-0.json,Flareon,Moves,,Iron Tail,27.711
2020-07_gen5ou-0.json,Flareon,Moves,,Flamethrower,27.309
2020-07_gen5ou-0.json,Flareon,Moves,,Wish,25.703
2020-07_gen5ou-0.json,Flareon,Moves,,Double-Edge,24.498
2020-07_gen5ou-0.json,Flareon,Moves,,Fire Fang,24.498
2020-07_gen5ou-0.json,Flareon,Moves,,Protect,23.293
2020-07_gen5ou-0.json,Flareon,Moves,,Toxic,20.08
2020-07_gen5ou-0.json,Flareon,Moves,,Return,20.08
2020-07_gen5ou-0.json,Flareon,Moves,,Substitute,18.072
2020-07_gen5ou-0.json,Flareon,Moves,,Lava Plume,9.237
2020-07_gen5ou-0.json,Flareon,Moves,,Facade,8.434
2020-07_gen5ou-0.json,Flareon,Moves,,Body Slam,8.434
2020-07_gen5ou-0.json,Flareon,Moves,,Dig,6.827
2020-07_gen5ou-0.json,Flareon,Moves,,Curse,6.426
2020-07_gen5ou-0.json,Flareon,Moves,,Heal Bell,5.622
2020-07_gen5ou-0.json,Flareon,Moves,,Will-O-Wisp,5.221
2020-07_gen5ou-0.json,Flareon,Moves,,Fire Blast,5.221
2020-07_gen5ou-0.json,Flareon,Moves,,Baton Pass,3.213
2020-07_gen5ou-0.json,Flareon,Moves,,Rest,2.41
2020-07_gen5ou-0.json,Flareon,Moves,,Other,17.671
2020-07_gen5ou-0.json,Pelipper,Stats,Raw count,,243
2020-07_gen5ou-0.json,Pelipper,Stats,Avg. weight,,1.0
2020-07_gen5ou-0.json,Pelipper,Stats,Viability Ceiling,,69
2020-07_gen5ou-0.json,Pelipper,Stats,Modest,,14.815
2020-07_gen5ou-0.json,Pelipper,Stats,Calm,,5.761
2020-07_gen5ou-0.json,Pelipper,Stats,Bold,,4.938
2020-07_gen5ou-0.json,Pelipper,Abilities,,Rain Dish,80.658
2020-07_gen5ou-0.json,Pelipper,Abilities,,Keen Eye,19.342
2020-07_gen5ou-0.json,Pelipper,Items,,Leftovers,39.506
2020-07_gen5ou-0.json,Pelipper,Items,,Damp Rock,32.099
2020-07_gen5ou-0.json,Pelipper,Items,,Life Orb,13.169
2020-07_gen5ou-0.json,Pelipper,Items,,Wacan Berry,4.115
2020-07_gen5ou-0.json,Pelipper,Items,,Sitrus Berry,2.881
2020-07_gen5ou-0.json,Pelipper,Items,,Choice Scarf,2.469
2020-07_gen5ou-0.json,Pelipper,Items,,Flying Gem,1.646
2020-07_gen5ou-0.json,Pelipper,Items,,Other,4.115
2020-07_gen5ou-0.json,Pelipper,Spreads,,Other,50.617
2020-07_gen5ou-0.json,Pelipper,Moves,,Roost,83.539
2020-07_gen5ou-0.json,Pelipper,Moves,,Hurricane,58.848
2020-07_gen5ou-0.json,Pelipper,Moves,,Rain Dance,41.975
2020-07_gen5ou-0.json,Pelipper,Moves,,Scald,38.683
2020-07_gen5ou-0.json,Pelipper,Moves,,Ice Beam,34.156
2020-07_gen5ou-0.json,Pelipper,Moves,,Surf,27.16
2020-07_gen5ou-0.json,Pelipper,Moves,,U-turn,26.337
2020-07_gen5ou-0.json,Pelipper,Moves,,Air Slash,16.872
2020-07_gen5ou-0.json,Pelipper,Moves,,Hydro Pump,16.872
2020-07_gen5ou-0.json,Pelipper,Moves,,Toxic,14.815
2020-07_gen5ou-0.json,Pelipper,Moves,,Hidden Power Dragon,12.757
2020-07_gen5ou-0.json,Pelipper,Moves,,Brine,7.407
2020-07_gen5ou-0.json,Pelipper,Moves,,Defog,6.173
2020-07_gen5ou-0.json,Pelipper,Moves,,Other,14.403
2020-07_gen5ou-0.json,Leavanny,Stats,Raw count,,232
2020-07_gen5ou-0.json,Leavanny,Stats,Avg. weight,,1.0
2020-07_gen5ou-0.json,Leavanny,Stats,Viability Ceiling,,64
2020-07_gen5ou-0.json,Leavanny,Stats,Jolly,,3.448
2020-07_gen5ou-0.json,Leavanny,Stats,Adamant,,9.052
2020-07_gen5ou-0.json,Leavanny,Stats,Naive,,3.448
2020-07_gen5ou-0.json,Leavanny,Abilities,,Swarm,63.793
2020-07_gen5ou-0.json,Leavanny,Abilities,,Chlorophyll,25.0
2020-07_gen5ou-0.json,Leavanny,Abilities,,Overcoat,11.207
2020-07_gen5ou-0.json,Leavanny,Items,,Focus Sash,27.586
2020-07_gen5ou-0.json,Leavanny,Items,,Nothing,21.983
2020-07_gen5ou-0.json,Leavanny,Items,,Leftovers,15.086
2020-07_gen5ou-0.json,Leavanny,Items,,Life Orb,8.621
2020-07_gen5ou-0.json,Leavanny,Items,,Sitrus Berry,5.172
2020-07_gen5ou-0.json,Leavanny,Items,,Big Root,3.017
2020-07_gen5ou-0.json,Leavanny,Items,,Bug Gem,2.586
2020-07_gen5ou-0.json,Leavanny,Items,,Choice Specs,2.155
2020-07_gen5ou-0.json,Leavanny,Items,,Occa Berry,1.724
2020-07_gen5ou-0.json,Leavanny,Items,,Expert Belt,1.724
2020-07_gen5ou-0.json,Leavanny,Items,,Choice Scarf,1.724
2020-07_gen5ou-0.json,Leavanny,Items,,Eviolite,1.724
2020-07_gen5ou-0.json,Leavanny,Items,,Choice Band,1.724
2020-07_gen5ou-0.json,Leavanny,Items,,Miracle Seed,1.724
2020-07_gen5ou-0.json,Leavanny,Items,,Other,3.448
2020-07_gen5ou-0.json,Leavanny,Spreads,,Other,53.017
2020-07_gen5ou-0.json,Leavanny,Moves,,X-Scissor,73.707
2020-07_gen5ou-0.json,Leavanny,Moves,,Leaf Blade,67.241
2020-07_gen5ou-0.json,Leavanny,Moves,,Swords Dance,32.328
2020-07_gen5ou-0.json,Leavanny,Moves,,Energy Ball,20.69
2020-07_gen5ou-0.json,Leavanny,Moves,,Bug Buzz,15.517
2020-07_gen5ou-0.json,Leavanny,Moves,,Leaf Storm,15.086
2020-07_gen5ou-0.json,Leavanny,Moves,,String Shot,12.931
2020-07_gen5ou-0.json,Leavanny,Moves,,Air Slash,10.345
2020-07_gen5ou-0.json,Leavanny,Moves,,Sunny Day,9.914
2020-07_gen5ou-0.json,Leavanny,Moves,,Baton Pass,8.621
2020-07_gen5ou-0.json,Leavanny,Moves,,Razor Leaf,8.621
2020-07_gen5ou-0.json,Leavanny,Moves,,Poison Jab,7.328
2020-07_gen5ou-0.json,Leavanny,Moves,,Shadow Claw,6.897
2020-07_gen5ou-0.json,Leavanny,Moves,,Grass Knot,6.897
2020-07_gen5ou-0.json,Leavanny,Moves,,Giga Drain,6.897
2020-07_gen5ou-0.json,Leavanny,Moves,,Slash,6.897
2020-07_gen5ou-0.json,Leavanny,Moves,,Knock Off,6.897
2020-07_gen5ou-0.json,Leavanny,Moves,,Synthesis,6.466
2020-07_gen5ou-0.json,Leavanny,Moves,,Calm Mind,5.603
2020-07_gen5ou-0.json,Leavanny,Moves,,Aerial Ace,5.603
2020-07_gen5ou-0.json,Leavanny,Moves,,Agility,5.172
2020-07_gen5ou-0.json,Leavanny,Moves,,Bug Bite,4.741
2020-07_gen5ou-0.json,Leavanny,Moves,,Heal Bell,4.741
2020-07_gen5ou-0.json,Leavanny,Moves,,Silver Wind,4.31
2020-07_gen5ou-0.json,Leavanny,Moves,,Light Screen,3.879
2020-07_gen5ou-0.json,Leavanny,Moves,,Protect,3.448
2020-07_gen5ou-0.json,Leavanny,Moves,,Nothing,2.586
2020-07_gen5ou-0.json,Leavanny,Moves,,Cut,2.586
2020-07_gen5ou-0.json,Leavanny,Moves,,Return,2.586
2020-07_gen5ou-0.json,Leavanny,Moves,,Retaliate,2.586
2020-07_gen5ou-0.json,Leavanny,Moves,,False Swipe,2.155
2020-07_gen5ou-0.json,Leavanny,Moves,,Hidden Power Electric,2.155
2020-07_gen5ou-0.json,Leavanny,Moves,,Struggle Bug,2.155
2020-07_gen5ou-0.json,Leavanny,Moves,,Solar Beam,2.155
2020-07_gen5ou-0.json,Leavanny,Moves,,Hone Claws,1.724
2020-07_gen5ou-0.json,Leavanny,Moves,,Other,18.534
2020-07_gen5ou-0.json,Drifblim,Stats,Raw count,,253
2020-07_gen5ou-0.json,Drifblim,Stats,Avg. weight,,1.0
2020-07_gen5ou-0.json,Drifblim,Stats,Viability Ceiling,,67
2020-07_gen5ou-0.json,Drifblim,Stats,Timid,,22.134
2020-07_gen5ou-0.json,Drifblim,Stats,Careful,,5.929
2020-07_gen5ou-0.json,Drifblim,Stats,Modest,,11.858
2020-07_gen5ou-0.json,Drifblim,Stats,Calm,,4.743
2020-07_gen5ou-0.json,Drifblim,Stats,Impish,,3.953
2020-07_gen5ou-0.json,Drifblim,Abilities,,Unburden,50.198
2020-07_gen5ou-0.json,Drifblim,Abilities,,Aftermath,32.806
2020-07_gen5ou-0.json,Drifblim,Abilities,,Flare Boost,16.996
2020-07_gen5ou-0.json,Drifblim,Items,,Leftovers,30.435
2020-07_gen5ou-0.json,Drifblim,Items,,Iapapa Berry,21.739
2020-07_gen5ou-0.json,Drifblim,Items,,Flame Orb,9.486
2020-07_gen5ou-0.json,Drifblim,Items,,Ghost Gem,9.091
2020-07_gen5ou-0.json,Drifblim,Items,,Flying Gem,7.905
2020-07_gen5ou-0.json,Drifblim,Items,,Sitrus Berry,3.953
2020-07_gen5ou-0.json,Drifblim,Items,,Rocky Helmet,3.162
2020-07_gen5ou-0.json,Drifblim,Items,,Lum Berry,3.162
2020-07_gen5ou-0.json,Drifblim,Items,,Chesto Berry,2.372
2020-07_gen5ou-0.json,Drifblim,Items,,Nothing,2.372
2020-07_gen5ou-0.json,Drifblim,Items,,Choice Scarf,1.581
2020-07_gen5ou-0.json,Drifblim,Items,,Other,4.743
2020-07_gen5ou-0.json,Drifblim,Spreads,,Other,37.945
2020-07_gen5ou-0.json,Drifblim,Moves,,Baton Pass,41.107
2020-07_gen5ou-0.json,Drifblim,Moves,,Substitute,33.992
2020-07_gen5ou-0.json,Drifblim,Moves,,Shadow Ball,28.854
2020-07_gen5ou-0.json,Drifblim,Moves,,Will-O-Wisp,21.344
2020-07_gen5ou-0.json,Drifblim,Moves,,Focus Energy,19.763
2020-07_gen5ou-0.json,Drifblim,Moves,,Defog,19.763
2020-07_gen5ou-0.json,Drifblim,Moves,,Thunder Wave,19.368
2020-07_gen5ou-0.json,Drifblim,Moves,,Destiny Bond,16.601
2020-07_gen5ou-0.json,Drifblim,Moves,,Acrobatics,14.625
2020-07_gen5ou-0.json,Drifblim,Moves,,Knock Off,14.625
2020-07_gen5ou-0.json,Drifblim,Moves,,Memento,13.439
2020-07_gen5ou-0.json,Drifblim,Moves,,Explosion,12.253
2020-07_gen5ou-0.json,Drifblim,Moves,,Stockpile,12.253
2020-07_gen5ou-0.json,Drifblim,Moves,,Thunderbolt,12.253
2020-07_gen5ou-0.json,Drifblim,Moves,,Haze,11.462
2020-07_gen5ou-0.json,Drifblim,Moves,,Thunder,11.067
2020-07_gen5ou-0.json,Drifblim,Moves,,Pain Split,11.067
2020-07_gen5ou-0.json,Drifblim,Moves,,Calm Mind,10.672
2020-07_gen5ou-0.json,Drifblim,Moves,,Clear Smog,9.881
2020-07_gen5ou-0.json,Drifblim,Moves,,Psychic,8.696
2020-07_gen5ou-0.json,Drifblim,Moves,,Tailwind,8.3
2020-07_gen5ou-0.json,Drifblim,Moves,,Astonish,5.929
2020-07_gen5ou-0.json,Drifblim,Moves,,Rest,5.534
2020-07_gen5ou-0.json,Drifblim,Moves,,Hex,4.743
2020-07_gen5ou-0.json,Drifblim,Moves,,Air Cutter,3.557
2020-07_gen5ou-0.json,Drifblim,Moves,,Fly,3.557
2020-07_gen5ou-0.json,Drifblim,Moves,,Sucker Punch,3.557
2020-07_gen5ou-0.json,Drifblim,Moves,,Disable,2.372
2020-07_gen5ou-0.json,Drifblim,Moves,,Other,19.368
2020-07_gen5ou-0.json,Rotom-Frost,Stats,Raw count,,216
2020-07_gen5ou-0.json,Rotom-Frost,Stats,Avg. weight,,1.0
2020-07_gen5ou-0.json,Rotom-Frost,Stats,Viability Ceiling,,69
2020-07_gen5ou-0.json,Rotom-Frost,Stats,Timid,,2.778
2020-07_gen5ou-0.json,Rotom-Frost,Abilities,,Levitate,100.0
2020-07_gen5ou-0.json,Rotom-Frost,Items,,Choice Scarf,69.444
2020-07_gen5ou-0.json,Rotom-Frost,Items,,Life Orb,8.796
2020-07_gen5ou-0.json,Rotom-Frost,Items,,Leftovers,7.87
2020-07_gen5ou-0.json,Rotom-Frost,Items,,Sitrus Berry,5.556
2020-07_gen5ou-0.json,Rotom-Frost,Items,,Black Sludge,2.315
2020-07_gen5ou-0.json,Rotom-Frost,Items,,Eviolite,2.315
2020-07_gen5ou-0.json,Rotom-Frost,Items,,Other,3.704
2020-07_gen5ou-0.json,Rotom-Frost,Spreads,,Other,4.63
2020-07_gen5ou-0.json,Rotom-Frost,Moves,,Blizzard,92.13
2020-07_gen5ou-0.json,Rotom-Frost,Moves,,Thunderbolt,82.87
2020-07_gen5ou-0.json,Rotom-Frost,Moves,,Trick,73.148
2020-07_gen5ou-0.json,Rotom-Frost,Moves,,Hidden Power Fire,61.111
2020-07_gen5ou-0.json,Rotom-Frost,Moves,,Volt Switch,21.296
2020-07_gen5ou-0.json,Rotom-Frost,Moves,,Will-O-Wisp,15.278
2020-07_gen5ou-0.json,Rotom-Frost,Moves,,Dark Pulse,7.407
2020-07_gen5ou-0.json,Rotom-Frost,Moves,,Hidden Power Ground,6.944
2020-07_gen5ou-0.json,Rotom-Frost,Moves,,Thunder,6.944
2020-07_gen5ou-0.json,Rotom-Frost,Moves,,Hidden Power Ice,6.481
2020-07_gen5ou-0.json,Rotom-Frost,Moves,,Discharge,6.019
2020-07_gen5ou-0.json,Rotom-Frost,Moves,,Hex,5.093
2020-07_gen5ou-0.json,Rotom-Frost,Moves,,Other,15.278
2020-07_gen5ou-0.json,Virizion,Stats,Raw count,,226
2020-07_gen5ou-0.json,Virizion,Stats,Avg. weight,,1.0
2020-07_gen5ou-0.json,Virizion,Stats,Viability Ceiling,,83
2020-07_gen5ou-0.json,Virizion,Stats,Jolly,,16.372
2020-07_gen5ou-0.json,Virizion,Stats,Modest,,12.832
2020-07_gen5ou-0.json,Virizion,Stats,Lonely,,5.752
2020-07_gen5ou-0.json,Virizion,Stats,Hasty,,3.540
2020-07_gen5ou-0.json,Virizion,Stats,Careful,,3.540
2020-07_gen5ou-0.json,Virizion,Abilities,,Justified,100.0
2020-07_gen5ou-0.json,Virizion,Items,,Life Orb,33.186
2020-07_gen5ou-0.json,Virizion,Items,,Leftovers,17.699
2020-07_gen5ou-0.json,Virizion,Items,,Choice Scarf,7.08
2020-07_gen5ou-0.json,Virizion,Items,,Lum Berry,6.195
2020-07_gen5ou-0.json,Virizion,Items,,Nothing,6.195
2020-07_gen5ou-0.json,Virizion,Items,,Choice Band,5.31
2020-07_gen5ou-0.json,Virizion,Items,,Scope Lens,3.982
2020-07_gen5ou-0.json,Virizion,Items,,Focus Sash,3.982
2020-07_gen5ou-0.json,Virizion,Items,,Expert Belt,3.54
2020-07_gen5ou-0.json,Virizion,Items,,Coba Berry,3.54
2020-07_gen5ou-0.json,Virizion,Items,,Eviolite,2.212
2020-07_gen5ou-0.json,Virizion,Items,,Occa Berry,1.77
2020-07_gen5ou-0.json,Virizion,Items,,Salac Berry,1.77
2020-07_gen5ou-0.json,Virizion,Items,,Other,3.54
2020-07_gen5ou-0.json,Virizion,Spreads,,Other,40.708
2020-07_gen5ou-0.json,Virizion,Moves,,Leaf Blade,67.699
2020-07_gen5ou-0.json,Virizion,Moves,,Close Combat,49.558
2020-07_gen5ou-0.json,Virizion,Moves,,Giga Drain,35.841
2020-07_gen5ou-0.json,Virizion,Moves,,Stone Edge,34.071
2020-07_gen5ou-0.json,Virizion,Moves,,Sacred Sword,31.416
2020-07_gen5ou-0.json,Virizion,Moves,,Swords Dance,25.221
2020-07_gen5ou-0.json,Virizion,Moves,,Focus Blast,20.796
2020-07_gen5ou-0.json,Virizion,Moves,,Calm Mind,19.912
2020-07_gen5ou-0.json,Virizion,Moves,,Energy Ball,19.027
2020-07_gen5ou-0.json,Virizion,Moves,,X-Scissor,17.699
2020-07_gen5ou-0.json,Virizion,Moves,,Hidden Power Ice,11.947
2020-07_gen5ou-0.json,Virizion,Moves,,Quick Attack,9.735
2020-07_gen5ou-0.json,Virizion,Moves,,Synthesis,9.735
2020-07_gen5ou-0.json,Virizion,Moves,,Work Up,7.08
2020-07_gen5ou-0.json,Virizion,Moves,,Taunt,7.08
2020-07_gen5ou-0.json,Virizion,Moves,,Substitute,4.867
2020-07_gen5ou-0.json,Virizion,Moves,,Protect,4.867
2020-07_gen5ou-0.json,Virizion,Moves,,Hidden Power Fire,3.54
2020-07_gen5ou-0.json,Virizion,Moves,,Other,19.912
2020-07_gen5ou-0.json,Hariyama,Stats,Raw count,,221
2020-07_gen5ou-0.json,Hariyama,Stats,Avg. weight,,1.0
2020-07_gen5ou-0.json,Hariyama,Stats,Viability Ceiling,,67
2020-07_gen5ou-0.json,Hariyama,Stats,Adamant,,4.525
2020-07_gen5ou-0.json,Hariyama,Stats,Impish,,5.882
2020-07_gen5ou-0.json,Hariyama,Stats,Brave,,5.430
2020-07_gen5ou-0.json,Hariyama,Abilities,,Guts,65.158
2020-07_gen5ou-0.json,Hariyama,Abilities,,Thick Fat,21.719
2020-07_gen5ou-0.json,Hariyama,Abilities,,Sheer Force,13.122
2020-07_gen5ou-0.json,Hariyama,Items,,Flame Orb,33.937
2020-07_gen5ou-0.json,Hariyama,Items,,Toxic Orb,23.077
2020-07_gen5ou-0.json,Hariyama,Items,,Leftovers,19.457
2020-07_gen5ou-0.json,Hariyama,Items,,Life Orb,6.787
2020-07_gen5ou-0.json,Hariyama,Items,,Sitrus Berry,6.787
2020-07_gen5ou-0.json,Hariyama,Items,,Payapa Berry,4.525
2020-07_gen5ou-0.json,Hariyama,Items,,Steel Gem,2.262
2020-07_gen5ou-0.json,Hariyama,Items,,Other,3.167
2020-07_gen5ou-0.json,Hariyama,Spreads,,Other,23.077
2020-07_gen5ou-0.json,Hariyama,Moves,,Bullet Punch,74.661
2020-07_gen5ou-0.json,Hariyama,Moves,,Close Combat,74.208
2020-07_gen5ou-0.json,Hariyama,Moves,,Fake Out,60.633
2020-07_gen5ou-0.json,Hariyama,Moves,,Facade,44.796
2020-07_gen5ou-0.json,Hariyama,Moves,,Earthquake,24.887
2020-07_gen5ou-0.json,Hariyama,Moves,,Thunder Punch,21.719
2020-07_gen5ou-0.json,Hariyama,Moves,,Ice Punch,14.932
2020-07_gen5ou-0.json,Hariyama,Moves,,Brick Break,12.67
2020-07_gen5ou-0.json,Hariyama,Moves,,Cross Chop,8.145
2020-07_gen5ou-0.json,Hariyama,Moves,,Poison Jab,7.24
2020-07_gen5ou-0.json,Hariyama,Moves,,Bulk Up,5.882
2020-07_gen5ou-0.json,Hariyama,Moves,,Rock Slide,5.882
2020-07_gen5ou-0.json,Hariyama,Moves,,Belly Drum,5.882
2020-07_gen5ou-0.json,Hariyama,Moves,,Heavy Slam,4.977
2020-07_gen5ou-0.json,Hariyama,Moves,,Protect,4.525
2020-07_gen5ou-0.json,Hariyama,Moves,,Stone Edge,4.072
2020-07_gen5ou-0.json,Hariyama,Moves,,Vital Throw,3.62
2020-07_gen5ou-0.json,Hariyama,Moves,,Feint Attack,3.62
2020-07_gen5ou-0.json,Hariyama,Moves,,Other,17.647
2020-07_gen5ou-0.json,Stoutland,Stats,Raw count,,232
2020-07_gen5ou-0.json,Stoutland,Stats,Avg. weight,,1.0
2020-07_gen5ou-0.json,Stoutland,Stats,Viability Ceiling,,69
2020-07_gen5ou-0.json,Stoutland,Stats,Hasty,,24.569
2020-07_gen5ou-0.json,Stoutland,Stats,Jolly,,15.948
2020-07_gen5ou-0.json,Stoutland,Stats,Adamant,,5.172
2020-07_gen5ou-0.json,Stoutland,Abilities,,Intimidate,63.362
2020-07_gen5ou-0.json,Stoutland,Abilities,,Scrappy,36.638
2020-07_gen5ou-0.json,Stoutland,Items,,Choice Band,21.552
2020-07_gen5ou-0.json,Stoutland,Items,,Nothing,17.241
2020-07_gen5ou-0.json,Stoutland,Items,,Leftovers,15.086
2020-07_gen5ou-0.json,Stoutland,Items,,Silk Scarf,14.224
2020-07_gen5ou-0.json,Stoutland,Items,,Choice Scarf,8.19
2020-07_gen5ou-0.json,Stoutland,Items,,Expert Belt,3.879
2020-07_gen5ou-0.json,Stoutland,Items,,Life Orb,3.879
2020-07_gen5ou-0.json,Stoutland,Items,,Rocky Helmet,3.879
2020-07_gen5ou-0.json,Stoutland,Items,,Focus Sash,3.879
2020-07_gen5ou-0.json,Stoutland,Items,,Sitrus Berry,1.724
2020-07_gen5ou-0.json,Stoutland,Items,,Lum Berry,1.724
2020-07_gen5ou-0.json,Stoutland,Items,,Other,4.741
2020-07_gen5ou-0.json,Stoutland,Spreads,,Other,29.741
2020-07_gen5ou-0.json,Stoutland,Moves,,Return,60.776
2020-07_gen5ou-0.json,Stoutland,Moves,,Crunch,59.914
2020-07_gen5ou-0.json,Stoutland,Moves,,Ice Fang,44.828
2020-07_gen5ou-0.json,Stoutland,Moves,,Wild Charge,34.052
2020-07_gen5ou-0.json,Stoutland,Moves,,Fire Fang,31.466
2020-07_gen5ou-0.json,Stoutland,Moves,,Superpower,17.672
2020-07_gen5ou-0.json,Stoutland,Moves,,Thunder Fang,17.672
2020-07_gen5ou-0.json,Stoutland,Moves,,Surf,15.086
2020-07_gen5ou-0.json,Stoutland,Moves,,Aerial Ace,14.655
2020-07_gen5ou-0.json,Stoutland,Moves,,Iron Head,12.069
2020-07_gen5ou-0.json,Stoutland,Moves,,Frustration,9.914
2020-07_gen5ou-0.json,Stoutland,Moves,,Pursuit,9.914
2020-07_gen5ou-0.json,Stoutland,Moves,,Retaliate,9.914
2020-07_gen5ou-0.json,Stoutland,Moves,,Hidden Power Psychic,9.483
2020-07_gen5ou-0.json,Stoutland,Moves,,Giga Impact,6.897
2020-07_gen5ou-0.json,Stoutland,Moves,,Facade,4.741
2020-07_gen5ou-0.json,Stoutland,Moves,,Shadow Ball,4.31
2020-07_gen5ou-0.json,Stoutland,Moves,,Dig,3.879
2020-07_gen5ou-0.json,Stoutland,Moves,,Thunder Wave,3.448
2020-07_gen5ou-0.json,Stoutland,Moves,,Hyper Voice,3.448
2020-07_gen5ou-0.json,Stoutland,Moves,,Work Up,3.017
2020-07_gen5ou-0.json,Stoutland,Moves,,Roar,2.586
2020-07_gen5ou-0.json,Stoutland,Moves,,Snarl,2.155
2020-07_gen5ou-0.json,Stoutland,Moves,,Other,18.103
2020-07_gen5ou-0.json,Zangoose,Stats,Raw count,,199
2020-07_gen5ou-0.json,Zangoose,Stats,Avg. weight,,1.0
2020-07_gen5ou-0.json,Zangoose,Stats,Viability Ceiling,,62
2020-07_gen5ou-0.json,Zangoose,Stats,Jolly,,3.518
2020-07_gen5ou-0.json,Zangoose,Stats,Adamant,,3.518
2020-07_gen5ou-0.json,Zangoose,Abilities,,Toxic Boost,83.417
2020-07_gen5ou-0.json,Zangoose,Abilities,,Immunity,16.583
2020-07_gen5ou-0.json,Zangoose,Items,,Toxic Orb,79.397
2020-07_gen5ou-0.json,Zangoose,Items,,Life Orb,7.035
2020-07_gen5ou-0.json,Zangoose,Items,,Nothing,3.518
2020-07_gen5ou-0.json,Zangoose,Items,,Focus Sash,3.518
2020-07_gen5ou-0.json,Zangoose,Items,,Leftovers,2.513
2020-07_gen5ou-0.json,Zangoose,Items,,Other,4.02
2020-07_gen5ou-0.json,Zangoose,Spreads,,Other,14.07
2020-07_gen5ou-0.json,Zangoose,Moves,,Facade,77.387
2020-07_gen5ou-0.json,Zangoose,Moves,,Close Combat,65.829
2020-07_gen5ou-0.json,Zangoose,Moves,,Swords Dance,59.799
2020-07_gen5ou-0.json,Zangoose,Moves,,Quick Attack,32.161
2020-07_gen5ou-0.json,Zangoose,Moves,,Shadow Claw,26.131
2020-07_gen5ou-0.json,Zangoose,Moves,,Night Slash,26.131
2020-07_gen5ou-0.json,Zangoose,Moves,,X-Scissor,19.095
2020-07_gen5ou-0.json,Zangoose,Moves,,Aerial Ace,11.055
2020-07_gen5ou-0.json,Zangoose,Moves,,Ice Punch,9.548
2020-07_gen5ou-0.json,Zangoose,Moves,,Nothing,8.543
2020-07_gen5ou-0.json,Zangoose,Moves,,Protect,6.533
2020-07_gen5ou-0.json,Zangoose,Moves,,Fire Punch,6.03
2020-07_gen5ou-0.json,Zangoose,Moves,,Brick Break,5.528
2020-07_gen5ou-0.json,Zangoose,Moves,,Knock Off,5.528
2020-07_gen5ou-0.json,Zangoose,Moves,,Rock Slide,5.025
2020-07_gen5ou-0.json,Zangoose,Moves,,Return,4.02
2020-07_gen5ou-0.json,Zangoose,Moves,,Endeavor,4.02
2020-07_gen5ou-0.json,Zangoose,Moves,,Poison Jab,3.518
2020-07_gen5ou-0.json,Zangoose,Moves,,Detect,3.518
2020-07_gen5ou-0.json,Zangoose,Moves,,Toxic,2.513
2020-07_gen5ou-0.json,Zangoose,Moves,,Other,18.09
2020-07_gen5ou-0.json,Nidoqueen,Stats,Raw count,,207
2020-07_gen5ou-0.json,Nidoqueen,Stats,Avg. weight,,1.0
2020-07_gen5ou-0.json,Nidoqueen,Stats,Viability Ceiling,,61
2020-07_gen5ou-0.json,Nidoqueen,Stats,Modest,,4.831
2020-07_gen5ou-0.json,Nidoqueen,Stats,Bold,,9.662
2020-07_gen5ou-0.json,Nidoqueen,Stats,Careful,,3.382
2020-07_gen5ou-0.json,Nidoqueen,Abilities,,Sheer Force,68.599
2020-07_gen5ou-0.json,Nidoqueen,Abilities,,Poison Point,25.604
2020-07_gen5ou-0.json,Nidoqueen,Abilities,,Rivalry,5.797
2020-07_gen5ou-0.json,Nidoqueen,Items,,Black Sludge,35.266
2020-07_gen5ou-0.json,Nidoqueen,Items,,Life Orb,19.324
2020-07_gen5ou-0.json,Nidoqueen,Items,,Leftovers,17.874
2020-07_gen5ou-0.json,Nidoqueen,Items,,Choice Specs,8.213
2020-07_gen5ou-0.json,Nidoqueen,Items,,Wise Glasses,3.865
2020-07_gen5ou-0.json,Nidoqueen,Items,,Focus Sash,3.382
2020-07_gen5ou-0.json,Nidoqueen,Items,,Air Balloon,2.415
2020-07_gen5ou-0.json,Nidoqueen,Items,,Rocky Helmet,2.415
2020-07_gen5ou-0.json,Nidoqueen,Items,,Nothing,2.415
2020-07_gen5ou-0.json,Nidoqueen,Items,,Other,4.831
2020-07_gen5ou-0.json,Nidoqueen,Spreads,,Other,31.401
2020-07_gen5ou-0.json,Nidoqueen,Moves,,Earth Power,60.386
2020-07_gen5ou-0.json,Nidoqueen,Moves,,Ice Beam,57.005
2020-07_gen5ou-0.json,Nidoqueen,Moves,,Sludge Wave,45.894
2020-07_gen5ou-0.json,Nidoqueen,Moves,,Toxic Spikes,38.647
2020-07_gen5ou-0.json,Nidoqueen,Moves,,Stealth Rock,37.681
2020-07_gen5ou-0.json,Nidoqueen,Moves,,Flamethrower,24.155
2020-07_gen5ou-0.json,Nidoqueen,Moves,,Fire Blast,23.671
2020-07_gen5ou-0.json,Nidoqueen,Moves,,Thunderbolt,14.493
2020-07_gen5ou-0.json,Nidoqueen,Moves,,Dragon Tail,13.043
2020-07_gen5ou-0.json,Nidoqueen,Moves,,Earthquake,13.043
2020-07_gen5ou-0.json,Nidoqueen,Moves,,Sludge Bomb,12.077
2020-07_gen5ou-0.json,Nidoqueen,Moves,,Blizzard,8.696
2020-07_gen5ou-0.json,Nidoqueen,Moves,,Crunch,4.831
2020-07_gen5ou-0.json,Nidoqueen,Moves,,Focus Blast,4.831
2020-07_gen5ou-0.json,Nidoqueen,Moves,,Fire Punch,3.865
2020-07_gen5ou-0.json,Nidoqueen,Moves,,Toxic,3.865
2020-07_gen5ou-0.json,Nidoqueen,Moves,,Taunt,3.382
2020-07_gen5ou-0.json,Nidoqueen,Moves,,Venoshock,2.899
2020-07_gen5ou-0.json,Nidoqueen,Moves,,Roar,2.899
2020-07_gen5ou-0.json,Nidoqueen,Moves,,Poison Jab,2.415
2020-07_gen5ou-0.json,Nidoqueen,Moves,,Protect,2.415
2020-07_gen5ou-0.json,Nidoqueen,Moves,,Other,19.807
2020-07_gen5ou-0.json,Sawsbuck,Stats,Raw count,,211
2020-07_gen5ou-0.json,Sawsbuck,Stats,Avg. weight,,1.0
2020-07_gen5ou-0.json,Sawsbuck,Stats,Viability Ceiling,,68
2020-07_gen5ou-0.json,Sawsbuck,Stats,Jolly,,10.427
2020-07_gen5ou-0.json,Sawsbuck,Stats,Adamant,,5.687
2020-07_gen5ou-0.json,Sawsbuck,Stats,Hasty,,5.687
2020-07_gen5ou-0.json,Sawsbuck,Abilities,,Sap Sipper,60.19
2020-07_gen5ou-0.json,Sawsbuck,Abilities,,Chlorophyll,26.54
2020-07_gen5ou-0.json,Sawsbuck,Abilities,,Serene Grace,13.27
2020-07_gen5ou-0.json,Sawsbuck,Items,,Life Orb,23.697
2020-07_gen5ou-0.json,Sawsbuck,Items,,Nothing,15.64
2020-07_gen5ou-0.json,Sawsbuck,Items,,Leftovers,12.322
2020-07_gen5ou-0.json,Sawsbuck,Items,,Sitrus Berry,9.953
2020-07_gen5ou-0.json,Sawsbuck,Items,,Focus Sash,8.057
2020-07_gen5ou-0.json,Sawsbuck,Items,,Choice Band,7.109
2020-07_gen5ou-0.json,Sawsbuck,Items,,Choice Scarf,5.213
2020-07_gen5ou-0.json,Sawsbuck,Items,,Grass Gem,5.213
2020-07_gen5ou-0.json,Sawsbuck,Items,,Big Root,5.213
2020-07_gen5ou-0.json,Sawsbuck,Items,,Wide Lens,3.318
2020-07_gen5ou-0.json,Sawsbuck,Items,,Other,4.265
2020-07_gen5ou-0.json,Sawsbuck,Spreads,,Other,32.227
2020-07_gen5ou-0.json,Sawsbuck,Moves,,Horn Leech,81.991
2020-07_gen5ou-0.json,Sawsbuck,Moves,,Jump Kick,65.403
2020-07_gen5ou-0.json,Sawsbuck,Moves,,Swords Dance,41.706
2020-07_gen5ou-0.json,Sawsbuck,Moves,,Double-Edge,36.493
2020-07_gen5ou-0.json,Sawsbuck,Moves,,Wild Charge,32.227
2020-07_gen5ou-0.json,Sawsbuck,Moves,,Return,26.066
2020-07_gen5ou-0.json,Sawsbuck,Moves,,Megahorn,20.853
2020-07_gen5ou-0.json,Sawsbuck,Moves,,Leech Seed,20.379
2020-07_gen5ou-0.json,Sawsbuck,Moves,,Nature Power,12.322
2020-07_gen5ou-0.json,Sawsbuck,Moves,,Seed Bomb,7.583
2020-07_gen5ou-0.json,Sawsbuck,Moves,,Baton Pass,6.635
2020-07_gen5ou-0.json,Sawsbuck,Moves,,Giga Drain,5.213
2020-07_gen5ou-0.json,Sawsbuck,Moves,,Shadow Ball,5.213
2020-07_gen5ou-0.json,Sawsbuck,Moves,,Charm,5.213
2020-07_gen5ou-0.json,Sawsbuck,Moves,,Light Screen,5.213
2020-07_gen5ou-0.json,Sawsbuck,Moves,,Bounce,4.739
2020-07_gen5ou-0.json,Sawsbuck,Moves,,Energy Ball,3.318
2020-07_gen5ou-0.json,Sawsbuck,Moves,,Other,19.431
2020-07_gen5ou-0.json,Luxray,Stats,Raw count,,204
2020-07_gen5ou-0.json,Luxray,Stats,Avg. weight,,1.0
2020-07_gen5ou-0.json,Luxray,Stats,Viability Ceiling,,64
2020-07_gen5ou-0.json,Luxray,Stats,Jolly,,4.902
2020-07_gen5ou-0.json,Luxray,Stats,Naive,,14.216
2020-07_gen5ou-0.json,Luxray,Stats,Adamant,,6.373
2020-07_gen5ou-0.json,Luxray,Stats,Hardy,,4.902
2020-07_gen5ou-0.json,Luxray,Abilities,,Intimidate,39.216
2020-07_gen5ou-0.json,Luxray,Abilities,,Guts,35.784
2020-07_gen5ou-0.json,Luxray,Abilities,,Rivalry,25.0
2020-07_gen5ou-0.json,Luxray,Items,,Sitrus Berry,18.627
2020-07_gen5ou-0.json,Luxray,Items,,Icicle Plate,14.216
2020-07_gen5ou-0.json,Luxray,Items,,Choice Scarf,10.784
2020-07_gen5ou-0.json,Luxray,Items,,Magnet,9.804
2020-07_gen5ou-0.json,Luxray,Items,,Life Orb,8.333
2020-07_gen5ou-0.json,Luxray,Items,,Flame Orb,8.333
2020-07_gen5ou-0.json,Luxray,Items,,Nothing,3.922
2020-07_gen5ou-0.json,Luxray,Items,,Air Balloon,3.431
2020-07_gen5ou-0.json,Luxray,Items,,Focus Sash,3.431
2020-07_gen5ou-0.json,Luxray,Items,,Leftovers,3.431
2020-07_gen5ou-0.json,Luxray,Items,,Electric Gem,2.941
2020-07_gen5ou-0.json,Luxray,Items,,Wide Lens,2.451
2020-07_gen5ou-0.json,Luxray,Items,,Muscle Band,2.451
2020-07_gen5ou-0.json,Luxray,Items,,Toxic Orb,1.961
2020-07_gen5ou-0.json,Luxray,Items,,Expert Belt,1.471
2020-07_gen5ou-0.json,Luxray,Items,,Other,4.412
2020-07_gen5ou-0.json,Luxray,Spreads,,Other,37.255
2020-07_gen5ou-0.json,Luxray,Moves,,Ice Fang,64.216
2020-07_gen5ou-0.json,Luxray,Moves,,Crunch,62.745
2020-07_gen5ou-0.json,Luxray,Moves,,Wild Charge,49.02
2020-07_gen5ou-0.json,Luxray,Moves,,Thunderbolt,37.745
2020-07_gen5ou-0.json,Luxray,Moves,,Superpower,30.392
2020-07_gen5ou-0.json,Luxray,Moves,,Fire Fang,23.039
2020-07_gen5ou-0.json,Luxray,Moves,,Thunder Wave,17.647
2020-07_gen5ou-0.json,Luxray,Moves,,Protect,15.686
2020-07_gen5ou-0.json,Luxray,Moves,,Iron Tail,13.235
2020-07_gen5ou-0.json,Luxray,Moves,,Facade,9.804
2020-07_gen5ou-0.json,Luxray,Moves,,Thunder,9.804
2020-07_gen5ou-0.json,Luxray,Moves,,Discharge,9.314
2020-07_gen5ou-0.json,Luxray,Moves,,Volt Switch,8.824
2020-07_gen5ou-0.json,Luxray,Moves,,Spark,8.333
2020-07_gen5ou-0.json,Luxray,Moves,,Thunder Fang,7.353
2020-07_gen5ou-0.json,Luxray,Moves,,Substitute,5.392
2020-07_gen5ou-0.json,Luxray,Moves,,Quick Attack,4.902
2020-07_gen5ou-0.json,Luxray,Moves,,Thief,3.922
2020-07_gen5ou-0.json,Luxray,Moves,,Other,18.627
2020-07_gen5ou-0.json,Poliwrath,Stats,Raw count,,226
2020-07_gen5ou-0.json,Poliwrath,Stats,Avg. weight,,1.0
2020-07_gen5ou-0.json,Poliwrath,Stats,Viability Ceiling,,62
2020-07_gen5ou-0.json,Poliwrath,Stats,Impish,,25.664
2020-07_gen5ou-0.json,Poliwrath,Stats,Adamant,,5.310
2020-07_gen5ou-0.json,Poliwrath,Stats,Rash,,5.752
2020-07_gen5ou-0.json,Poliwrath,Abilities,,Water Absorb,75.664
2020-07_gen5ou-0.json,Poliwrath,Abilities,,Swift Swim,14.602
2020-07_gen5ou-0.json,Poliwrath,Abilities,,Damp,9.735
2020-07_gen5ou-0.json,Poliwrath,Items,,Leftovers,62.832
2020-07_gen5ou-0.json,Poliwrath,Items,,Quick Claw,11.947
2020-07_gen5ou-0.json,Poliwrath,Items,,Ice Gem,4.425
2020-07_gen5ou-0.json,Poliwrath,Items,,Chesto Berry,3.982
2020-07_gen5ou-0.json,Poliwrath,Items,,Sitrus Berry,3.54
2020-07_gen5ou-0.json,Poliwrath,Items,,Nothing,3.54
2020-07_gen5ou-0.json,Poliwrath,Items,,Mystic Water,3.097
2020-07_gen5ou-0.json,Poliwrath,Items,,Choice Band,3.097
2020-07_gen5ou-0.json,Poliwrath,Items,,Other,3.54
2020-07_gen5ou-0.json,Poliwrath,Spreads,,Other,43.363
2020-07_gen5ou-0.json,Poliwrath,Moves,,Waterfall,68.584
2020-07_gen5ou-0.json,Poliwrath,Moves,,Bulk Up,58.85
2020-07_gen5ou-0.json,Poliwrath,Moves,,Brick Break,34.956
2020-07_gen5ou-0.json,Poliwrath,Moves,,Circle Throw,34.513
2020-07_gen5ou-0.json,Poliwrath,Moves,,Substitute,28.761
2020-07_gen5ou-0.json,Poliwrath,Moves,,Ice Punch,28.761
2020-07_gen5ou-0.json,Poliwrath,Moves,,Hydro Pump,17.257
2020-07_gen5ou-0.json,Poliwrath,Moves,,Blizzard,16.814
2020-07_gen5ou-0.json,Poliwrath,Moves,,Focus Punch,11.947
2020-07_gen5ou-0.json,Poliwrath,Moves,,Rock Slide,11.947
2020-07_gen5ou-0.json,Poliwrath,Moves,,Rain Dance,11.504
2020-07_gen5ou-0.json,Poliwrath,Moves,,Nothing,7.522
2020-07_gen5ou-0.json,Poliwrath,Moves,,Earthquake,7.08
2020-07_gen5ou-0.json,Poliwrath,Moves,,Focus Blast,6.195
2020-07_gen5ou-0.json,Poliwrath,Moves,,Rest,5.31
2020-07_gen5ou-0.json,Poliwrath,Moves,,Bulldoze,5.31
2020-07_gen5ou-0.json,Poliwrath,Moves,,Surf,4.425
2020-07_gen5ou-0.json,Poliwrath,Moves,,Water Pulse,4.425
2020-07_gen5ou-0.json,Poliwrath,Moves,,Ice Beam,3.982
2020-07_gen5ou-0.json,Poliwrath,Moves,,Payback,3.982
2020-07_gen5ou-0.json,Poliwrath,Moves,,Low Sweep,3.982
2020-07_gen5ou-0.json,Poliwrath,Moves,,Water Gun,3.54
2020-07_gen5ou-0.json,Poliwrath,Moves,,Seismic Toss,3.54
2020-07_gen5ou-0.json,Poliwrath,Moves,,Other,16.814
2020-07_gen5ou-0.json,Probopass,Stats,Raw count,,192
2020-07_gen5ou-0.json,Probopass,Stats,Avg. weight,,1.0
2020-07_gen5ou-0.json,Probopass,Stats,Viability Ceiling,,61
2020-07_gen5ou-0.json,Probopass,Stats,Modest,,37.500
2020-07_gen5ou-0.json,Probopass,Stats,Calm,,5.729
2020-07_gen5ou-0.json,Probopass,Stats,Relaxed,,3.646
2020-07_gen5ou-0.json,Probopass,Stats,Hardy,,3.646
2020-07_gen5ou-0.json,Probopass,Stats,Sassy,,3.125
2020-07_gen5ou-0.json,Probopass,Abilities,,Magnet Pull,69.792
2020-07_gen5ou-0.json,Probopass,Abilities,,Sturdy,29.167
2020-07_gen5ou-0.json,Probopass,Abilities,,Sand Force,1.042
2020-07_gen5ou-0.json,Probopass,Items,,Choice Specs,58.854
2020-07_gen5ou-0.json,Probopass,Items,,Leftovers,26.042
2020-07_gen5ou-0.json,Probopass,Items,,Life Orb,6.25
2020-07_gen5ou-0.json,Probopass,Items,,Air Balloon,2.083
2020-07_gen5ou-0.json,Probopass,Items,,Rocky Helmet,1.562
2020-07_gen5ou-0.json,Probopass,Items,,Expert Belt,1.562
2020-07_gen5ou-0.json,Probopass,Items,,Other,3.646
2020-07_gen5ou-0.json,Probopass,Spreads,,Other,23.958
2020-07_gen5ou-0.json,Probopass,Moves,,Power Gem,73.958
2020-07_gen5ou-0.json,Probopass,Moves,,Volt Switch,71.354
2020-07_gen5ou-0.json,Probopass,Moves,,Earth Power,65.625
2020-07_gen5ou-0.json,Probopass,Moves,,Hidden Power Fire,52.083
2020-07_gen5ou-0.json,Probopass,Moves,,Stealth Rock,32.812
2020-07_gen5ou-0.json,Probopass,Moves,,Flash Cannon,20.312
2020-07_gen5ou-0.json,Probopass,Moves,,Thunder Wave,12.5
2020-07_gen5ou-0.json,Probopass,Moves,,Toxic,10.417
2020-07_gen5ou-0.json,Probopass,Moves,,Rest,8.333
2020-07_gen5ou-0.json,Probopass,Moves,,Discharge,5.208
2020-07_gen5ou-0.json,Probopass,Moves,,Protect,5.208
2020-07_gen5ou-0.json,Probopass,Moves,,Sandstorm,5.208
2020-07_gen5ou-0.json,Probopass,Moves,,Fire Punch,4.688
2020-07_gen5ou-0.json,Probopass,Moves,,Iron Defense,4.167
2020-07_gen5ou-0.json,Probopass,Moves,,Pain Split,4.167
2020-07_gen5ou-0.json,Probopass,Moves,,Thunderbolt,3.646
2020-07_gen5ou-0.json,Probopass,Moves,,Magic Coat,3.125
2020-07_gen5ou-0.json,Probopass,Moves,,Other,17.187
2020-07_gen5ou-0.json,Absol,Stats,Raw count,,199
2020-07_gen5ou-0.json,Absol,Stats,Avg. weight,,1.0
2020-07_gen5ou-0.json,Absol,Stats,Viability Ceiling,,66
2020-07_gen5ou-0.json,Absol,Stats,Jolly,,9.548
2020-07_gen5ou-0.json,Absol,Stats,Adamant,,7.538
2020-07_gen5ou-0.json,Absol,Stats,Hasty,,6.533
2020-07_gen5ou-0.json,Absol,Stats,Careful,,4.523
2020-07_gen5ou-0.json,Absol,Abilities,,Super Luck,70.352
2020-07_gen5ou-0.json,Absol,Abilities,,Pressure,21.608
2020-07_gen5ou-0.json,Absol,Abilities,,Justified,8.04
2020-07_gen5ou-0.json,Absol,Items,,Scope Lens,43.719
2020-07_gen5ou-0.json,Absol,Items,,Focus Sash,10.553
2020-07_gen5ou-0.json,Absol,Items,,Life Orb,8.543
2020-07_gen5ou-0.json,Absol,Items,,Dark Gem,5.528
2020-07_gen5ou-0.json,Absol,Items,,Razor Claw,4.02
2020-07_gen5ou-0.json,Absol,Items,,Choice Band,3.518
2020-07_gen5ou-0.json,Absol,Items,,White Herb,3.518
2020-07_gen5ou-0.json,Absol,Items,,Leftovers,2.513
2020-07_gen5ou-0.json,Absol,Items,,Nothing,2.513
2020-07_gen5ou-0.json,Absol,Items,,Shell Bell,2.513
2020-07_gen5ou-0.json,Absol,Items,,Choice Scarf,2.01
2020-07_gen5ou-0.json,Absol,Items,,Focus Band,2.01
2020-07_gen5ou-0.json,Absol,Items,,Black Glasses,2.01
2020-07_gen5ou-0.json,Absol,Items,,Expert Belt,2.01
2020-07_gen5ou-0.json,Absol,Items,,Sitrus Berry,2.01
2020-07_gen5ou-0.json,Absol,Items,,Other,3.015
2020-07_gen5ou-0.json,Absol,Spreads,,Other,29.146
2020-07_gen5ou-0.json,Absol,Moves,,Psycho Cut,72.362
2020-07_gen5ou-0.json,Absol,Moves,,Night Slash,69.347
2020-07_gen5ou-0.json,Absol,Moves,,Sucker Punch,60.804
2020-07_gen5ou-0.json,Absol,Moves,,Superpower,52.764
2020-07_gen5ou-0.json,Absol,Moves,,Swords Dance,27.136
2020-07_gen5ou-0.json,Absol,Moves,,Stone Edge,14.07
2020-07_gen5ou-0.json,Absol,Moves,,Rock Slide,10.05
2020-07_gen5ou-0.json,Absol,Moves,,Shadow Claw,8.04
2020-07_gen5ou-0.json,Absol,Moves,,Knock Off,7.538
2020-07_gen5ou-0.json,Absol,Moves,,Foul Play,7.035
2020-07_gen5ou-0.json,Absol,Moves,,Pursuit,6.533
2020-07_gen5ou-0.json,Absol,Moves,,Nothing,6.03
2020-07_gen5ou-0.json,Absol,Moves,,Slash,4.523
2020-07_gen5ou-0.json,Absol,Moves,,Fire Blast,4.523
2020-07_gen5ou-0.json,Absol,Moves,,Dark Pulse,4.523
2020-07_gen5ou-0.json,Absol,Moves,,Flamethrower,4.02
2020-07_gen5ou-0.json,Absol,Moves,,X-Scissor,3.518
2020-07_gen5ou-0.json,Absol,Moves,,Counter,3.518
2020-07_gen5ou-0.json,Absol,Moves,,Megahorn,3.015
2020-07_gen5ou-0.json,Absol,Moves,,Blizzard,2.513
2020-07_gen5ou-0.json,Absol,Moves,,Facade,2.513
2020-07_gen5ou-0.json,Absol,Moves,,Bite,2.01
2020-07_gen5ou-0.json,Absol,Moves,,Aerial Ace,2.01
2020-07_gen5ou-0.json,Absol,Moves,,Snatch,2.01
2020-07_gen5ou-0.json,Absol,Moves,,Other,19.598
2020-07_gen5ou-0.json,Pinsir,Stats,Raw count,,201
2020-07_gen5ou-0.json,Pinsir,Stats,Avg. weight,,1.0
2020-07_gen5ou-0.json,Pinsir,Stats,Viability Ceiling,,55
2020-07_gen5ou-0.json,Pinsir,Stats,Adamant,,5.970
2020-07_gen5ou-0.json,Pinsir,Stats,Jolly,,4.478
2020-07_gen5ou-0.json,Pinsir,Abilities,,Moxie,63.184
2020-07_gen5ou-0.json,Pinsir,Abilities,,Hyper Cutter,21.891
2020-07_gen5ou-0.json,Pinsir,Abilities,,Mold Breaker,14.925
2020-07_gen5ou-0.json,Pinsir,Items,,Choice Scarf,37.811
2020-07_gen5ou-0.json,Pinsir,Items,,Focus Sash,17.413
2020-07_gen5ou-0.json,Pinsir,Items,,Leftovers,15.92
2020-07_gen5ou-0.json,Pinsir,Items,,Life Orb,10.448
2020-07_gen5ou-0.json,Pinsir,Items,,Expert Belt,9.453
2020-07_gen5ou-0.json,Pinsir,Items,,Sitrus Berry,1.99
2020-07_gen5ou-0.json,Pinsir,Items,,Focus Band,1.99
2020-07_gen5ou-0.json,Pinsir,Items,,Other,4.975
2020-07_gen5ou-0.json,Pinsir,Spreads,,Other,18.408
2020-07_gen5ou-0.json,Pinsir,Moves,,Earthquake,89.552
2020-07_gen5ou-0.json,Pinsir,Moves,,X-Scissor,85.572
2020-07_gen5ou-0.json,Pinsir,Moves,,Close Combat,60.199
2020-07_gen5ou-0.json,Pinsir,Moves,,Stone Edge,58.209
2020-07_gen5ou-0.json,Pinsir,Moves,,Swords Dance,33.333
2020-07_gen5ou-0.json,Pinsir,Moves,,Stealth Rock,16.915
2020-07_gen5ou-0.json,Pinsir,Moves,,Rock Slide,9.453
2020-07_gen5ou-0.json,Pinsir,Moves,,Bulk Up,8.458
2020-07_gen5ou-0.json,Pinsir,Moves,,Superpower,8.458
2020-07_gen5ou-0.json,Pinsir,Moves,,Brick Break,6.965
2020-07_gen5ou-0.json,Pinsir,Moves,,Quick Attack,6.468
2020-07_gen5ou-0.json,Pinsir,Moves,,Other,16.418
2020-07_gen5ou-0.json,Electabuzz,Stats,Raw count,,195
2020-07_gen5ou-0.json,Electabuzz,Stats,Avg. weight,,1.0
2020-07_gen5ou-0.json,Electabuzz,Stats,Viability Ceiling,,55
2020-07_gen5ou-0.json,Electabuzz,Stats,Hasty,,64.103
2020-07_gen5ou-0.json,Electabuzz,Stats,Timid,,2.051
2020-07_gen5ou-0.json,Electabuzz,Stats,Adamant,,1.026
2020-07_gen5ou-0.json,Electabuzz,Abilities,,Static,89.744
2020-07_gen5ou-0.json,Electabuzz,Abilities,,Vital Spirit,10.256
2020-07_gen5ou-0.json,Electabuzz,Items,,Eviolite,89.744
2020-07_gen5ou-0.json,Electabuzz,Items,,Zap Plate,4.103
2020-07_gen5ou-0.json,Electabuzz,Items,,Mental Herb,1.026
2020-07_gen5ou-0.json,Electabuzz,Items,,Electric Gem,1.026
2020-07_gen5ou-0.json,Electabuzz,Items,,Other,4.103
2020-07_gen5ou-0.json,Electabuzz,Spreads,,Other,4.615
2020-07_gen5ou-0.json,Electabuzz,Moves,,Thunder,65.641
2020-07_gen5ou-0.json,Electabuzz,Moves,,Protect,64.615
2020-07_gen5ou-0.json,Electabuzz,Moves,,Brick Break,64.615
2020-07_gen5ou-0.json,Electabuzz,Moves,,Thunder Punch,64.615
2020-07_gen5ou-0.json,Electabuzz,Moves,,Thunderbolt,31.282
2020-07_gen5ou-0.json,Electabuzz,Moves,,Hidden Power Ice,30.256
2020-07_gen5ou-0.json,Electabuzz,Moves,,Volt Switch,30.256
2020-07_gen5ou-0.json,Electabuzz,Moves,,Focus Blast,29.231
2020-07_gen5ou-0.json,Electabuzz,Moves,,Other,19.487
2020-07_gen5ou-0.json,Slaking,Stats,Raw count,,189
2020-07_gen5ou-0.json,Slaking,Stats,Avg. weight,,1.0
2020-07_gen5ou-0.json,Slaking,Stats,Viability Ceiling,,66
2020-07_gen5ou-0.json,Slaking,Stats,Jolly,,6.349
2020-07_gen5ou-0.json,Slaking,Stats,Hardy,,6.878
2020-07_gen5ou-0.json,Slaking,Stats,Adamant,,4.233
2020-07_gen5ou-0.json,Slaking,Abilities,,Truant,100.0
2020-07_gen5ou-0.json,Slaking,Items,,Choice Band,35.45
2020-07_gen5ou-0.json,Slaking,Items,,Leftovers,14.286
2020-07_gen5ou-0.json,Slaking,Items,,Life Orb,10.053
2020-07_gen5ou-0.json,Slaking,Items,,Expert Belt,8.995
2020-07_gen5ou-0.json,Slaking,Items,,Choice Scarf,7.937
2020-07_gen5ou-0.json,Slaking,Items,,Normal Gem,6.878
2020-07_gen5ou-0.json,Slaking,Items,,Rocky Helmet,4.233
2020-07_gen5ou-0.json,Slaking,Items,,Salac Berry,3.704
2020-07_gen5ou-0.json,Slaking,Items,,Nothing,3.175
2020-07_gen5ou-0.json,Slaking,Items,,Silk Scarf,3.175
2020-07_gen5ou-0.json,Slaking,Items,,Other,2.116
2020-07_gen5ou-0.json,Slaking,Spreads,,Other,34.392
2020-07_gen5ou-0.json,Slaking,Moves,,Earthquake,70.37
2020-07_gen5ou-0.json,Slaking,Moves,,Return,30.688
2020-07_gen5ou-0.json,Slaking,Moves,,Pursuit,28.042
2020-07_gen5ou-0.json,Slaking,Moves,,Hammer Arm,24.339
2020-07_gen5ou-0.json,Slaking,Moves,,Giga Impact,22.222
2020-07_gen5ou-0.json,Slaking,Moves,,Night Slash,16.931
2020-07_gen5ou-0.json,Slaking,Moves,,Gunk Shot,16.931
2020-07_gen5ou-0.json,Slaking,Moves,,Body Slam,16.402
2020-07_gen5ou-0.json,Slaking,Moves,,Retaliate,16.402
2020-07_gen5ou-0.json,Slaking,Moves,,Facade,15.873
2020-07_gen5ou-0.json,Slaking,Moves,,Fire Punch,14.815
2020-07_gen5ou-0.json,Slaking,Moves,,Shadow Claw,12.698
2020-07_gen5ou-0.json,Slaking,Moves,,Ice Punch,11.111
2020-07_gen5ou-0.json,Slaking,Moves,,Sucker Punch,9.524
2020-07_gen5ou-0.json,Slaking,Moves,,Thunder Punch,7.407
2020-07_gen5ou-0.json,Slaking,Moves,,Slack Off,7.407
2020-07_gen5ou-0.json,Slaking,Moves,,Brick Break,6.878
2020-07_gen5ou-0.json,Slaking,Moves,,Rest,5.82
2020-07_gen5ou-0.json,Slaking,Moves,,Aerial Ace,5.82
2020-07_gen5ou-0.json,Slaking,Moves,,Sleep Talk,5.82
2020-07_gen5ou-0.json,Slaking,Moves,,Substitute,4.762
2020-07_gen5ou-0.json,Slaking,Moves,,Bulk Up,4.762
2020-07_gen5ou-0.json,Slaking,Moves,,Double-Edge,4.762
2020-07_gen5ou-0.json,Slaking,Moves,,Nothing,4.233
2020-07_gen5ou-0.json,Slaking,Moves,,Rock Slide,3.704
2020-07_gen5ou-0.json,Slaking,Moves,,Reversal,3.704
2020-07_gen5ou-0.json,Slaking,Moves,,Protect,3.704
2020-07_gen5ou-0.json,Slaking,Moves,,Mimic,3.175
2020-07_gen5ou-0.json,Slaking,Moves,,Blizzard,2.646
2020-07_gen5ou-0.json,Slaking,Moves,,Other,19.048
2020-07_gen5ou-0.json,Snivy,Stats,Raw count,,227
2020-07_gen5ou-0.json,Snivy,Stats,Avg. weight,,1.0
2020-07_gen5ou-0.json,Snivy,Stats,Viability Ceiling,,59
2020-07_gen5ou-0.json,Snivy,Stats,Lonely,,14.537
2020-07_gen5ou-0.json,Snivy,Stats,Adamant,,6.608
2020-07_gen5ou-0.json,Snivy,Stats,Hardy,,4.405
2020-07_gen5ou-0.json,Snivy,Abilities,,Overgrow,100.0
2020-07_gen5ou-0.json,Snivy,Items,,Eviolite,29.956
2020-07_gen5ou-0.json,Snivy,Items,,Nothing,23.789
2020-07_gen5ou-0.json,Snivy,Items,,Leftovers,11.013
2020-07_gen5ou-0.json,Snivy,Items,,Focus Sash,10.573
2020-07_gen5ou-0.json,Snivy,Items,,Grass Gem,6.608
2020-07_gen5ou-0.json,Snivy,Items,,Lum Berry,5.727
2020-07_gen5ou-0.json,Snivy,Items,,Miracle Seed,3.524
2020-07_gen5ou-0.json,Snivy,Items,,Babiri Berry,1.762
2020-07_gen5ou-0.json,Snivy,Items,,Mental Herb,1.762
2020-07_gen5ou-0.json,Snivy,Items,,Life Orb,1.322
2020-07_gen5ou-0.json,Snivy,Items,,Other,3.965
2020-07_gen5ou-0.json,Snivy,Spreads,,Other,57.709
2020-07_gen5ou-0.json,Snivy,Moves,,Leaf Blade,66.079
2020-07_gen5ou-0.json,Snivy,Moves,,Attract,60.793
2020-07_gen5ou-0.json,Snivy,Moves,,Leaf Storm,53.304
2020-07_gen5ou-0.json,Snivy,Moves,,Vine Whip,47.137
2020-07_gen5ou-0.json,Snivy,Moves,,Energy Ball,22.026
2020-07_gen5ou-0.json,Snivy,Moves,,Nothing,19.824
2020-07_gen5ou-0.json,Snivy,Moves,,Leaf Tornado,16.74
2020-07_gen5ou-0.json,Snivy,Moves,,Aqua Tail,13.656
2020-07_gen5ou-0.json,Snivy,Moves,,Giga Drain,13.216
2020-07_gen5ou-0.json,Snivy,Moves,,Glare,8.811
2020-07_gen5ou-0.json,Snivy,Moves,,Iron Tail,8.811
2020-07_gen5ou-0.json,Snivy,Moves,,Aromatherapy,7.048
2020-07_gen5ou-0.json,Snivy,Moves,,Toxic,7.048
2020-07_gen5ou-0.json,Snivy,Moves,,Coil,7.048
2020-07_gen5ou-0.json,Snivy,Moves,,Synthesis,6.167
2020-07_gen5ou-0.json,Snivy,Moves,,Hidden Power Grass,5.286
2020-07_gen5ou-0.json,Snivy,Moves,,Knock Off,4.846
2020-07_gen5ou-0.json,Snivy,Moves,,Pursuit,3.524
2020-07_gen5ou-0.json,Snivy,Moves,,Tackle,3.524
2020-07_gen5ou-0.json,Snivy,Moves,,Leech Seed,3.084
2020-07_gen5ou-0.json,Snivy,Moves,,Calm Mind,2.203
2020-07_gen5ou-0.json,Snivy,Moves,,Other,19.824
2020-07_gen5ou-0.json,Cacturne,Stats,Raw count,,200
2020-07_gen5ou-0.json,Cacturne,Stats,Avg. weight,,1.0
2020-07_gen5ou-0.json,Cacturne,Stats,Viability Ceiling,,52
2020-07_gen5ou-0.json,Cacturne,Stats,Brave,,14.000
2020-07_gen5ou-0.json,Cacturne,Stats,Quiet,,13.000
2020-07_gen5ou-0.json,Cacturne,Stats,Naughty,,4.000
2020-07_gen5ou-0.json,Cacturne,Stats,Jolly,,3.500
2020-07_gen5ou-0.json,Cacturne,Abilities,,Water Absorb,100.0
2020-07_gen5ou-0.json,Cacturne,Items,,Focus Sash,62.5
2020-07_gen5ou-0.json,Cacturne,Items,,Occa Berry,12.5
2020-07_gen5ou-0.json,Cacturne,Items,,Leftovers,5.5
2020-07_gen5ou-0.json,Cacturne,Items,,Life Orb,5.0
2020-07_gen5ou-0.json,Cacturne,Items,,Expert Belt,4.0
2020-07_gen5ou-0.json,Cacturne,Items,,Sticky Barb,3.5
2020-07_gen5ou-0.json,Cacturne,Items,,Absorb Bulb,2.0
2020-07_gen5ou-0.json,Cacturne,Items,,Other,5.0
2020-07_gen5ou-0.json,Cacturne,Spreads,,Other,21.0
2020-07_gen5ou-0.json,Cacturne,Moves,,Sucker Punch,93.5
2020-07_gen5ou-0.json,Cacturne,Moves,,Drain Punch,49.0
2020-07_gen5ou-0.json,Cacturne,Moves,,Destiny Bond,40.5
2020-07_gen5ou-0.json,Cacturne,Moves,,Swords Dance,30.0
2020-07_gen5ou-0.json,Cacturne,Moves,,Energy Ball,28.5
2020-07_gen5ou-0.json,Cacturne,Moves,,Giga Drain,27.0
2020-07_gen5ou-0.json,Cacturne,Moves,,Seed Bomb,26.5
2020-07_gen5ou-0.json,Cacturne,Moves,,Focus Blast,21.0
2020-07_gen5ou-0.json,Cacturne,Moves,,Protect,16.0
2020-07_gen5ou-0.json,Cacturne,Moves,,Venoshock,13.0
2020-07_gen5ou-0.json,Cacturne,Moves,,Hidden Power Water,13.0
2020-07_gen5ou-0.json,Cacturne,Moves,,Dark Pulse,10.5
2020-07_gen5ou-0.json,Cacturne,Moves,,Spikes,9.0
2020-07_gen5ou-0.json,Cacturne,Moves,,Hidden Power Ice,4.0
2020-07_gen5ou-0.json,Cacturne,Moves,,Other,18.5
2020-07_gen5ou-0.json,Tauros,Stats,Raw count,,181
2020-07_gen5ou-0.json,Tauros,Stats,Avg. weight,,1.0
2020-07_gen5ou-0.json,Tauros,Stats,Viability Ceiling,,66
2020-07_gen5ou-0.json,Tauros,Stats,Jolly,,8.287
2020-07_gen5ou-0.json,Tauros,Stats,Naive,,5.525
2020-07_gen5ou-0.json,Tauros,Stats,Hardy,,2.210
2020-07_gen5ou-0.json,Tauros,Stats,Brave,,1.657
2020-07_gen5ou-0.json,Tauros,Abilities,,Sheer Force,82.873
2020-07_gen5ou-0.json,Tauros,Abilities,,Intimidate,16.022
2020-07_gen5ou-0.json,Tauros,Abilities,,Anger Point,1.105
2020-07_gen5ou-0.json,Tauros,Items,,Life Orb,85.635
2020-07_gen5ou-0.json,Tauros,Items,,Lum Berry,2.21
2020-07_gen5ou-0.json,Tauros,Items,,Choice Band,2.21
2020-07_gen5ou-0.json,Tauros,Items,,Chople Berry,1.657
2020-07_gen5ou-0.json,Tauros,Items,,Leftovers,1.657
2020-07_gen5ou-0.json,Tauros,Items,,Zoom Lens,1.657
2020-07_gen5ou-0.json,Tauros,Items,,Other,4.972
2020-07_gen5ou-0.json,Tauros,Spreads,,Other,9.392
2020-07_gen5ou-0.json,Tauros,Moves,,Earthquake,95.028
2020-07_gen5ou-0.json,Tauros,Moves,,Rock Climb,77.348
2020-07_gen5ou-0.json,Tauros,Moves,,Zen Headbutt,49.724
2020-07_gen5ou-0.json,Tauros,Moves,,Substitute,42.541
2020-07_gen5ou-0.json,Tauros,Moves,,Rock Slide,41.989
2020-07_gen5ou-0.json,Tauros,Moves,,Fire Blast,38.122
2020-07_gen5ou-0.json,Tauros,Moves,,Iron Head,11.05
2020-07_gen5ou-0.json,Tauros,Moves,,Return,6.63
2020-07_gen5ou-0.json,Tauros,Moves,,Stone Edge,6.63
2020-07_gen5ou-0.json,Tauros,Moves,,Body Slam,4.972
2020-07_gen5ou-0.json,Tauros,Moves,,Blizzard,3.315
2020-07_gen5ou-0.json,Tauros,Moves,,Double-Edge,3.315
2020-07_gen5ou-0.json,Tauros,Moves,,Other,19.337
2020-07_gen5ou-0.json,Swanna,Stats,Raw count,,188
2020-07_gen5ou-0.json,Swanna,Stats,Avg. weight,,1.0
2020-07_gen5ou-0.json,Swanna,Stats,Viability Ceiling,,58
2020-07_gen5ou-0.json,Swanna,Stats,Timid,,9.043
2020-07_gen5ou-0.json,Swanna,Stats,Hasty,,3.191
2020-07_gen5ou-0.json,Swanna,Stats,Hardy,,10.106
2020-07_gen5ou-0.json,Swanna,Stats,Bold,,5.319
2020-07_gen5ou-0.json,Swanna,Abilities,,Hydration,55.851
2020-07_gen5ou-0.json,Swanna,Abilities,,Keen Eye,37.766
2020-07_gen5ou-0.json,Swanna,Abilities,,Big Pecks,6.383
2020-07_gen5ou-0.json,Swanna,Items,,Damp Rock,18.617
2020-07_gen5ou-0.json,Swanna,Items,,Focus Sash,14.362
2020-07_gen5ou-0.json,Swanna,Items,,Nothing,14.362
2020-07_gen5ou-0.json,Swanna,Items,,Wacan Berry,12.766
2020-07_gen5ou-0.json,Swanna,Items,,Flying Gem,9.043
2020-07_gen5ou-0.json,Swanna,Items,,Choice Specs,5.851
2020-07_gen5ou-0.json,Swanna,Items,,Bright Powder,4.255
2020-07_gen5ou-0.json,Swanna,Items,,Sitrus Berry,3.723
2020-07_gen5ou-0.json,Swanna,Items,,Leftovers,3.191
2020-07_gen5ou-0.json,Swanna,Items,,King's Rock,3.191
2020-07_gen5ou-0.json,Swanna,Items,,Choice Scarf,2.66
2020-07_gen5ou-0.json,Swanna,Items,,Shell Bell,2.66
2020-07_gen5ou-0.json,Swanna,Items,,Life Orb,2.128
2020-07_gen5ou-0.json,Swanna,Items,,Other,3.191
2020-07_gen5ou-0.json,Swanna,Spreads,,Other,24.468
2020-07_gen5ou-0.json,Swanna,Moves,,Hurricane,64.362
2020-07_gen5ou-0.json,Swanna,Moves,,Scald,61.17
2020-07_gen5ou-0.json,Swanna,Moves,,Ice Beam,55.319
2020-07_gen5ou-0.json,Swanna,Moves,,Rain Dance,40.957
2020-07_gen5ou-0.json,Swanna,Moves,,Surf,30.851
2020-07_gen5ou-0.json,Swanna,Moves,,Roost,30.851
2020-07_gen5ou-0.json,Swanna,Moves,,Air Slash,29.255
2020-07_gen5ou-0.json,Swanna,Moves,,Rest,17.553
2020-07_gen5ou-0.json,Swanna,Moves,,Fly,17.553
2020-07_gen5ou-0.json,Swanna,Moves,,Brave Bird,14.894
2020-07_gen5ou-0.json,Swanna,Moves,,Tailwind,12.766
2020-07_gen5ou-0.json,Swanna,Moves,,Aqua Ring,5.319
2020-07_gen5ou-0.json,Swanna,Moves,,Other,19.149
2020-07_gen5ou-0.json,Magneton,Stats,Raw count,,182
2020-07_gen5ou-0.json,Magneton,Stats,Avg. weight,,1.0
2020-07_gen5ou-0.json,Magneton,Stats,Viability Ceiling,,89
2020-07_gen5ou-0.json,Magneton,Stats,Naive,,13.187
2020-07_gen5ou-0.json,Magneton,Stats,Modest,,7.692
2020-07_gen5ou-0.json,Magneton,Stats,Timid,,7.692
2020-07_gen5ou-0.json,Magneton,Abilities,,Magnet Pull,79.121
2020-07_gen5ou-0.json,Magneton,Abilities,,Sturdy,18.132
2020-07_gen5ou-0.json,Magneton,Abilities,,Analytic,2.747
2020-07_gen5ou-0.json,Magneton,Items,,Eviolite,52.198
2020-07_gen5ou-0.json,Magneton,Items,,Choice Scarf,37.912
2020-07_gen5ou-0.json,Magneton,Items,,Leftovers,5.495
2020-07_gen5ou-0.json,Magneton,Items,,Other,4.396
2020-07_gen5ou-0.json,Magneton,Spreads,,Other,42.857
2020-07_gen5ou-0.json,Magneton,Moves,,Thunderbolt,72.527
2020-07_gen5ou-0.json,Magneton,Moves,,Flash Cannon,71.978
2020-07_gen5ou-0.json,Magneton,Moves,,Volt Switch,51.648
2020-07_gen5ou-0.json,Magneton,Moves,,Hidden Power Fire,41.758
2020-07_gen5ou-0.json,Magneton,Moves,,Thunder Wave,36.264
2020-07_gen5ou-0.json,Magneton,Moves,,Hidden Power Ice,23.626
2020-07_gen5ou-0.json,Magneton,Moves,,Explosion,17.582
2020-07_gen5ou-0.json,Magneton,Moves,,Tri Attack,13.736
2020-07_gen5ou-0.json,Magneton,Moves,,Thunder,12.637
2020-07_gen5ou-0.json,Magneton,Moves,,Flash,9.89
2020-07_gen5ou-0.json,Magneton,Moves,,Toxic,6.593
2020-07_gen5ou-0.json,Magneton,Moves,,Signal Beam,6.593
2020-07_gen5ou-0.json,Magneton,Moves,,Discharge,6.044
2020-07_gen5ou-0.json,Magneton,Moves,,Substitute,4.945
2020-07_gen5ou-0.json,Magneton,Moves,,Hidden Power Grass,4.945
2020-07_gen5ou-0.json,Magneton,Moves,,Other,19.231
2020-07_gen5ou-0.json,Gligar,Stats,Raw count,,186
2020-07_gen5ou-0.json,Gligar,Stats,Avg. weight,,1.0
2020-07_gen5ou-0.json,Gligar,Stats,Viability Ceiling,,57
2020-07_gen5ou-0.json,Gligar,Stats,Impish,,4.839
2020-07_gen5ou-0.json,Gligar,Stats,Brave,,16.667
2020-07_gen5ou-0.json,Gligar,Stats,Careful,,4.301
2020-07_gen5ou-0.json,Gligar,Abilities,,Immunity,55.376
2020-07_gen5ou-0.json,Gligar,Abilities,,Hyper Cutter,44.624
2020-07_gen5ou-0.json,Gligar,Items,,Eviolite,95.699
2020-07_gen5ou-0.json,Gligar,Items,,Other,4.301
2020-07_gen5ou-0.json,Gligar,Spreads,,Other,29.57
2020-07_gen5ou-0.json,Gligar,Moves,,Earthquake,70.43
2020-07_gen5ou-0.json,Gligar,Moves,,U-turn,69.355
2020-07_gen5ou-0.json,Gligar,Moves,,Roost,59.677
2020-07_gen5ou-0.json,Gligar,Moves,,Toxic,47.312
2020-07_gen5ou-0.json,Gligar,Moves,,Stealth Rock,35.484
2020-07_gen5ou-0.json,Gligar,Moves,,Taunt,23.656
2020-07_gen5ou-0.json,Gligar,Moves,,Swords Dance,13.978
2020-07_gen5ou-0.json,Gligar,Moves,,Baton Pass,11.29
2020-07_gen5ou-0.json,Gligar,Moves,,Aqua Tail,10.753
2020-07_gen5ou-0.json,Gligar,Moves,,Rock Climb,10.753
2020-07_gen5ou-0.json,Gligar,Moves,,Knock Off,10.753
2020-07_gen5ou-0.json,Gligar,Moves,,Tailwind,6.452
2020-07_gen5ou-0.json,Gligar,Moves,,Acrobatics,6.452
2020-07_gen5ou-0.json,Gligar,Moves,,Brick Break,3.226
2020-07_gen5ou-0.json,Gligar,Moves,,Stone Edge,2.688
2020-07_gen5ou-0.json,Gligar,Moves,,Other,17.742
2020-07_gen5ou-0.json,Simisage,Stats,Raw count,,187
2020-07_gen5ou-0.json,Simisage,Stats,Avg. weight,,1.0
2020-07_gen5ou-0.json,Simisage,Stats,Viability Ceiling,,69
2020-07_gen5ou-0.json,Simisage,Stats,Hasty,,43.850
2020-07_gen5ou-0.json,Simisage,Stats,Adamant,,6.952
2020-07_gen5ou-0.json,Simisage,Stats,Hardy,,4.813
2020-07_gen5ou-0.json,Simisage,Stats,Modest,,4.813
2020-07_gen5ou-0.json,Simisage,Abilities,,Gluttony,95.187
2020-07_gen5ou-0.json,Simisage,Abilities,,Overgrow,4.813
2020-07_gen5ou-0.json,Simisage,Items,,Salac Berry,41.176
2020-07_gen5ou-0.json,Simisage,Items,,Miracle Seed,19.251
2020-07_gen5ou-0.json,Simisage,Items,,Sitrus Berry,8.556
2020-07_gen5ou-0.json,Simisage,Items,,Focus Sash,6.952
2020-07_gen5ou-0.json,Simisage,Items,,Big Root,5.882
2020-07_gen5ou-0.json,Simisage,Items,,Leftovers,4.813
2020-07_gen5ou-0.json,Simisage,Items,,Nothing,4.278
2020-07_gen5ou-0.json,Simisage,Items,,Life Orb,3.743
2020-07_gen5ou-0.json,Simisage,Items,,Grass Gem,2.139
2020-07_gen5ou-0.json,Simisage,Items,,Other,3.209
2020-07_gen5ou-0.json,Simisage,Spreads,,Other,27.273
2020-07_gen5ou-0.json,Simisage,Moves,,Rock Slide,66.845
2020-07_gen5ou-0.json,Simisage,Moves,,Energy Ball,64.706
2020-07_gen5ou-0.json,Simisage,Moves,,Acrobatics,47.594
2020-07_gen5ou-0.json,Simisage,Moves,,Focus Blast,47.594
2020-07_gen5ou-0.json,Simisage,Moves,,Brick Break,37.968
2020-07_gen5ou-0.json,Simisage,Moves,,Giga Drain,18.182
2020-07_gen5ou-0.json,Simisage,Moves,,Seed Bomb,17.112
2020-07_gen5ou-0.json,Simisage,Moves,,Leech Seed,11.23
2020-07_gen5ou-0.json,Simisage,Moves,,Crunch,10.695
2020-07_gen5ou-0.json,Simisage,Moves,,Shadow Claw,9.626
2020-07_gen5ou-0.json,Simisage,Moves,,Grass Knot,9.091
2020-07_gen5ou-0.json,Simisage,Moves,,Payback,8.021
2020-07_gen5ou-0.json,Simisage,Moves,,Leaf Storm,6.417
2020-07_gen5ou-0.json,Simisage,Moves,,Return,5.882
2020-07_gen5ou-0.json,Simisage,Moves,,Bullet Seed,5.882
2020-07_gen5ou-0.json,Simisage,Moves,,Hidden Power Water,4.813
2020-07_gen5ou-0.json,Simisage,Moves,,Rest,4.813
2020-07_gen5ou-0.json,Simisage,Moves,,Lick,2.674
2020-07_gen5ou-0.json,Simisage,Moves,,Leer,2.674
2020-07_gen5ou-0.json,Simisage,Moves,,Other,18.182
2020-07_gen5ou-0.json,Ampharos,Stats,Raw count,,181
2020-07_gen5ou-0.json,Ampharos,Stats,Avg. weight,,1.0
2020-07_gen5ou-0.json,Ampharos,Stats,Viability Ceiling,,55
2020-07_gen5ou-0.json,Ampharos,Stats,Modest,,27.072
2020-07_gen5ou-0.json,Ampharos,Stats,Calm,,4.420
2020-07_gen5ou-0.json,Ampharos,Stats,Sassy,,6.630
2020-07_gen5ou-0.json,Ampharos,Stats,Hardy,,6.077
2020-07_gen5ou-0.json,Ampharos,Stats,Quiet,,3.867
2020-07_gen5ou-0.json,Ampharos,Abilities,,Static,100.0
2020-07_gen5ou-0.json,Ampharos,Items,,Leftovers,29.282
2020-07_gen5ou-0.json,Ampharos,Items,,Light Clay,19.337
2020-07_gen5ou-0.json,Ampharos,Items,,Nothing,11.602
2020-07_gen5ou-0.json,Ampharos,Items,,Quick Claw,9.945
2020-07_gen5ou-0.json,Ampharos,Items,,Magnet,6.63
2020-07_gen5ou-0.json,Ampharos,Items,,Expert Belt,4.972
2020-07_gen5ou-0.json,Ampharos,Items,,Air Balloon,3.867
2020-07_gen5ou-0.json,Ampharos,Items,,Choice Specs,3.867
2020-07_gen5ou-0.json,Ampharos,Items,,Sitrus Berry,2.762
2020-07_gen5ou-0.json,Ampharos,Items,,Zoom Lens,2.21
2020-07_gen5ou-0.json,Ampharos,Items,,Aguav Berry,1.657
2020-07_gen5ou-0.json,Ampharos,Items,,Other,3.867
2020-07_gen5ou-0.json,Ampharos,Spreads,,Other,33.149
2020-07_gen5ou-0.json,Ampharos,Moves,,Thunderbolt,70.166
2020-07_gen5ou-0.json,Ampharos,Moves,,Power Gem,46.961
2020-07_gen5ou-0.json,Ampharos,Moves,,Thunder Wave,38.674
2020-07_gen5ou-0.json,Ampharos,Moves,,Light Screen,33.702
2020-07_gen5ou-0.json,Ampharos,Moves,,Focus Blast,32.597
2020-07_gen5ou-0.json,Ampharos,Moves,,Reflect,28.177
2020-07_gen5ou-0.json,Ampharos,Moves,,Signal Beam,24.862
2020-07_gen5ou-0.json,Ampharos,Moves,,Volt Switch,24.862
2020-07_gen5ou-0.json,Ampharos,Moves,,Cotton Guard,15.47
2020-07_gen5ou-0.json,Ampharos,Moves,,Discharge,14.917
2020-07_gen5ou-0.json,Ampharos,Moves,,Thunder,13.26
2020-07_gen5ou-0.json,Ampharos,Moves,,Thunder Punch,9.945
2020-07_gen5ou-0.json,Ampharos,Moves,,Fire Punch,6.077
2020-07_gen5ou-0.json,Ampharos,Moves,,Hidden Power Ice,6.077
2020-07_gen5ou-0.json,Ampharos,Moves,,Hidden Power Psychic,6.077
2020-07_gen5ou-0.json,Ampharos,Moves,,Hidden Power Water,3.867
2020-07_gen5ou-0.json,Ampharos,Moves,,Body Slam,3.315
2020-07_gen5ou-0.json,Ampharos,Moves,,Cotton Spore,3.315
2020-07_gen5ou-0.json,Ampharos,Moves,,Other,17.68
2020-07_gen5ou-0.json,Exeggutor,Stats,Raw count,,183
2020-07_gen5ou-0.json,Exeggutor,Stats,Avg. weight,,1.0
2020-07_gen5ou-0.json,Exeggutor,Stats,Viability Ceiling,,64
2020-07_gen5ou-0.json,Exeggutor,Stats,Modest,,4.372
2020-07_gen5ou-0.json,Exeggutor,Stats,Bold,,5.464
2020-07_gen5ou-0.json,Exeggutor,Stats,Naughty,,7.104
2020-07_gen5ou-0.json,Exeggutor,Abilities,,Harvest,54.098
2020-07_gen5ou-0.json,Exeggutor,Abilities,,Chlorophyll,45.902
2020-07_gen5ou-0.json,Exeggutor,Items,,Sitrus Berry,36.612
2020-07_gen5ou-0.json,Exeggutor,Items,,Leftovers,14.754
2020-07_gen5ou-0.json,Exeggutor,Items,,Life Orb,13.661
2020-07_gen5ou-0.json,Exeggutor,Items,,Chesto Berry,7.65
2020-07_gen5ou-0.json,Exeggutor,Items,,Choice Specs,6.011
2020-07_gen5ou-0.json,Exeggutor,Items,,Lum Berry,6.011
2020-07_gen5ou-0.json,Exeggutor,Items,,Yache Berry,3.279
2020-07_gen5ou-0.json,Exeggutor,Items,,Aguav Berry,2.732
2020-07_gen5ou-0.json,Exeggutor,Items,,Petaya Berry,2.186
2020-07_gen5ou-0.json,Exeggutor,Items,,Mental Herb,1.639
2020-07_gen5ou-0.json,Exeggutor,Items,,Grass Gem,1.639
2020-07_gen5ou-0.json,Exeggutor,Items,,Other,3.825
2020-07_gen5ou-0.json,Exeggutor,Spreads,,Other,55.738
2020-07_gen5ou-0.json,Exeggutor,Moves,,Psychic,51.913
2020-07_gen5ou-0.json,Exeggutor,Moves,,Leech Seed,45.902
2020-07_gen5ou-0.json,Exeggutor,Moves,,Giga Drain,37.705
2020-07_gen5ou-0.json,Exeggutor,Moves,,Substitute,26.23
2020-07_gen5ou-0.json,Exeggutor,Moves,,Hidden Power Fire,17.486
2020-07_gen5ou-0.json,Exeggutor,Moves,,Protect,16.393
2020-07_gen5ou-0.json,Exeggutor,Moves,,Stun Spore,15.847
2020-07_gen5ou-0.json,Exeggutor,Moves,,Solar Beam,14.208
2020-07_gen5ou-0.json,Exeggutor,Moves,,Ancient Power,13.661
2020-07_gen5ou-0.json,Exeggutor,Moves,,Leaf Storm,13.661
2020-07_gen5ou-0.json,Exeggutor,Moves,,Energy Ball,13.115
2020-07_gen5ou-0.json,Exeggutor,Moves,,Sunny Day,13.115
2020-07_gen5ou-0.json,Exeggutor,Moves,,Wood Hammer,12.022
2020-07_gen5ou-0.json,Exeggutor,Moves,,Rest,12.022
2020-07_gen5ou-0.json,Exeggutor,Moves,,Sludge Bomb,11.475
2020-07_gen5ou-0.json,Exeggutor,Moves,,Hidden Power Fighting,10.929
2020-07_gen5ou-0.json,Exeggutor,Moves,,Psyshock,10.929
2020-07_gen5ou-0.json,Exeggutor,Moves,,Explosion,8.197
2020-07_gen5ou-0.json,Exeggutor,Moves,,Zen Headbutt,7.65
2020-07_gen5ou-0.json,Exeggutor,Moves,,Trick Room,7.65
2020-07_gen5ou-0.json,Exeggutor,Moves,,Hidden Power Dragon,6.011
2020-07_gen5ou-0.json,Exeggutor,Moves,,Toxic,4.918
2020-07_gen5ou-0.json,Exeggutor,Moves,,Worry Seed,3.825
2020-07_gen5ou-0.json,Exeggutor,Moves,,Double-Edge,3.279
2020-07_gen5ou-0.json,Exeggutor,Moves,,Light Screen,2.732
2020-07_gen5ou-0.json,Exeggutor,Moves,,Other,19.126
2020-07_gen5ou-0.json,Shedinja,Stats,Raw count,,175
2020-07_gen5ou-0.json,Shedinja,Stats,Avg. weight,,1.0
2020-07_gen5ou-0.json,Shedinja,Stats,Viability Ceiling,,67
2020-07_gen5ou-0.json,Shedinja,Stats,Jolly,,20.000
2020-07_gen5ou-0.json,Shedinja,Stats,Adamant,,15.429
2020-07_gen5ou-0.json,Shedinja,Stats,Naive,,5.714
2020-07_gen5ou-0.json,Shedinja,Stats,Serious,,5.143
2020-07_gen5ou-0.json,Shedinja,Stats,Naughty,,4.571
2020-07_gen5ou-0.json,Shedinja,Abilities,,Wonder Guard,100.0
2020-07_gen5ou-0.json,Shedinja,Items,,Focus Sash,85.143
2020-07_gen5ou-0.json,Shedinja,Items,,Bright Powder,5.714
2020-07_gen5ou-0.json,Shedinja,Items,,Quick Claw,4.0
2020-07_gen5ou-0.json,Shedinja,Items,,Lum Berry,2.857
2020-07_gen5ou-0.json,Shedinja,Items,,Other,2.286
2020-07_gen5ou-0.json,Shedinja,Spreads,,Other,32.0
2020-07_gen5ou-0.json,Shedinja,Moves,,Shadow Sneak,65.714
2020-07_gen5ou-0.json,Shedinja,Moves,,X-Scissor,62.286
2020-07_gen5ou-0.json,Shedinja,Moves,,Swords Dance,42.286
2020-07_gen5ou-0.json,Shedinja,Moves,,Protect,35.429
2020-07_gen5ou-0.json,Shedinja,Moves,,Toxic,30.286
2020-07_gen5ou-0.json,Shedinja,Moves,,Will-O-Wisp,29.714
2020-07_gen5ou-0.json,Shedinja,Moves,,Shadow Claw,22.857
2020-07_gen5ou-0.json,Shedinja,Moves,,Sucker Punch,15.429
2020-07_gen5ou-0.json,Shedinja,Moves,,Aerial Ace,13.714
2020-07_gen5ou-0.json,Shedinja,Moves,,Confuse Ray,11.429
2020-07_gen5ou-0.json,Shedinja,Moves,,Dig,11.429
2020-07_gen5ou-0.json,Shedinja,Moves,,Thief,6.286
2020-07_gen5ou-0.json,Shedinja,Moves,,Shadow Ball,6.286
2020-07_gen5ou-0.json,Shedinja,Moves,,Substitute,5.143
2020-07_gen5ou-0.json,Shedinja,Moves,,Heal Block,5.143
2020-07_gen5ou-0.json,Shedinja,Moves,,Return,4.571
2020-07_gen5ou-0.json,Shedinja,Moves,,Hone Claws,3.429
2020-07_gen5ou-0.json,Shedinja,Moves,,Baton Pass,3.429
2020-07_gen5ou-0.json,Shedinja,Moves,,Mimic,3.429
2020-07_gen5ou-0.json,Shedinja,Moves,,Bug Buzz,3.429
2020-07_gen5ou-0.json,Shedinja,Moves,,Other,18.286
2020-07_gen5ou-0.json,Camerupt,Stats,Raw count,,177
2020-07_gen5ou-0.json,Camerupt,Stats,Avg. weight,,1.0
2020-07_gen5ou-0.json,Camerupt,Stats,Viability Ceiling,,62
2020-07_gen5ou-0.json,Camerupt,Stats,Jolly,,21.469
2020-07_gen5ou-0.json,Camerupt,Stats,Brave,,16.384
2020-07_gen5ou-0.json,Camerupt,Stats,Timid,,10.169
2020-07_gen5ou-0.json,Camerupt,Stats,Modest,,7.345
2020-07_gen5ou-0.json,Camerupt,Stats,Impish,,5.650
2020-07_gen5ou-0.json,Camerupt,Abilities,,Magma Armor,44.633
2020-07_gen5ou-0.json,Camerupt,Abilities,,Solid Rock,36.723
2020-07_gen5ou-0.json,Camerupt,Abilities,,Anger Point,18.644
2020-07_gen5ou-0.json,Camerupt,Items,,Leftovers,66.102
2020-07_gen5ou-0.json,Camerupt,Items,,Choice Specs,9.04
2020-07_gen5ou-0.json,Camerupt,Items,,Focus Sash,8.475
2020-07_gen5ou-0.json,Camerupt,Items,,Chilan Berry,5.085
2020-07_gen5ou-0.json,Camerupt,Items,,Life Orb,5.085
2020-07_gen5ou-0.json,Camerupt,Items,,Enigma Berry,2.26
2020-07_gen5ou-0.json,Camerupt,Items,,Other,3.955
2020-07_gen5ou-0.json,Camerupt,Spreads,,Other,31.638
2020-07_gen5ou-0.json,Camerupt,Moves,,Eruption,77.401
2020-07_gen5ou-0.json,Camerupt,Moves,,Earth Power,53.672
2020-07_gen5ou-0.json,Camerupt,Moves,,Earthquake,43.503
2020-07_gen5ou-0.json,Camerupt,Moves,,Stealth Rock,40.113
2020-07_gen5ou-0.json,Camerupt,Moves,,Hidden Power Fighting,38.418
2020-07_gen5ou-0.json,Camerupt,Moves,,Ancient Power,26.554
2020-07_gen5ou-0.json,Camerupt,Moves,,Rock Slide,16.384
2020-07_gen5ou-0.json,Camerupt,Moves,,Flash Cannon,14.689
2020-07_gen5ou-0.json,Camerupt,Moves,,Flamethrower,11.299
2020-07_gen5ou-0.json,Camerupt,Moves,,Lava Plume,9.04
2020-07_gen5ou-0.json,Camerupt,Moves,,Hidden Power Grass,8.475
2020-07_gen5ou-0.json,Camerupt,Moves,,Fire Blast,7.345
2020-07_gen5ou-0.json,Camerupt,Moves,,Hidden Power Dragon,6.215
2020-07_gen5ou-0.json,Camerupt,Moves,,Heat Wave,5.085
2020-07_gen5ou-0.json,Camerupt,Moves,,Rock Smash,4.52
2020-07_gen5ou-0.json,Camerupt,Moves,,Overheat,3.955
2020-07_gen5ou-0.json,Camerupt,Moves,,Explosion,3.955
2020-07_gen5ou-0.json,Camerupt,Moves,,Rock Polish,3.39
2020-07_gen5ou-0.json,Camerupt,Moves,,Hidden Power Electric,3.39
2020-07_gen5ou-0.json,Camerupt,Moves,,Hidden Power Ice,3.39
2020-07_gen5ou-0.json,Camerupt,Moves,,Other,19.209
2020-07_gen5ou-0.json,Shiftry,Stats,Raw count,,166
2020-07_gen5ou-0.json,Shiftry,Stats,Avg. weight,,1.0
2020-07_gen5ou-0.json,Shiftry,Stats,Viability Ceiling,,60
2020-07_gen5ou-0.json,Shiftry,Stats,Adamant,,9.036
2020-07_gen5ou-0.json,Shiftry,Stats,Lonely,,17.470
2020-07_gen5ou-0.json,Shiftry,Stats,Modest,,15.663
2020-07_gen5ou-0.json,Shiftry,Stats,Mild,,7.229
2020-07_gen5ou-0.json,Shiftry,Stats,Hardy,,5.422
2020-07_gen5ou-0.json,Shiftry,Abilities,,Chlorophyll,71.084
2020-07_gen5ou-0.json,Shiftry,Abilities,,Early Bird,18.072
2020-07_gen5ou-0.json,Shiftry,Abilities,,Pickpocket,10.843
2020-07_gen5ou-0.json,Shiftry,Items,,Life Orb,51.205
2020-07_gen5ou-0.json,Shiftry,Items,,Muscle Band,12.651
2020-07_gen5ou-0.json,Shiftry,Items,,Leftovers,9.036
2020-07_gen5ou-0.json,Shiftry,Items,,Nothing,7.831
2020-07_gen5ou-0.json,Shiftry,Items,,Shell Bell,5.422
2020-07_gen5ou-0.json,Shiftry,Items,,Custap Berry,4.819
2020-07_gen5ou-0.json,Shiftry,Items,,Black Glasses,3.614
2020-07_gen5ou-0.json,Shiftry,Items,,Choice Scarf,3.012
2020-07_gen5ou-0.json,Shiftry,Items,,Other,2.41
2020-07_gen5ou-0.json,Shiftry,Spreads,,Other,21.687
2020-07_gen5ou-0.json,Shiftry,Moves,,Sucker Punch,53.614
2020-07_gen5ou-0.json,Shiftry,Moves,,Fake Out,41.566
2020-07_gen5ou-0.json,Shiftry,Moves,,Seed Bomb,26.506
2020-07_gen5ou-0.json,Shiftry,Moves,,Dark Pulse,25.904
2020-07_gen5ou-0.json,Shiftry,Moves,,Explosion,23.494
2020-07_gen5ou-0.json,Shiftry,Moves,,Hidden Power Fire,22.892
2020-07_gen5ou-0.json,Shiftry,Moves,,Brick Break,22.892
2020-07_gen5ou-0.json,Shiftry,Moves,,Leaf Storm,22.892
2020-07_gen5ou-0.json,Shiftry,Moves,,Rock Slide,22.289
2020-07_gen5ou-0.json,Shiftry,Moves,,Grass Knot,21.687
2020-07_gen5ou-0.json,Shiftry,Moves,,Bullet Seed,19.277
2020-07_gen5ou-0.json,Shiftry,Moves,,Nothing,14.458
2020-07_gen5ou-0.json,Shiftry,Moves,,Tailwind,9.036
2020-07_gen5ou-0.json,Shiftry,Moves,,X-Scissor,7.831
2020-07_gen5ou-0.json,Shiftry,Moves,,Growth,7.229
2020-07_gen5ou-0.json,Shiftry,Moves,,Swords Dance,6.627
2020-07_gen5ou-0.json,Shiftry,Moves,,Solar Beam,6.627
2020-07_gen5ou-0.json,Shiftry,Moves,,Whirlwind,6.627
2020-07_gen5ou-0.json,Shiftry,Moves,,Foul Play,6.024
2020-07_gen5ou-0.json,Shiftry,Moves,,Hidden Power Ice,4.819
2020-07_gen5ou-0.json,Shiftry,Moves,,Defog,4.217
2020-07_gen5ou-0.json,Shiftry,Moves,,Knock Off,3.614
2020-07_gen5ou-0.json,Shiftry,Moves,,Other,19.88
2020-07_gen5ou-0.json,Gothitelle,Stats,Raw count,,173
2020-07_gen5ou-0.json,Gothitelle,Stats,Avg. weight,,1.0
2020-07_gen5ou-0.json,Gothitelle,Stats,Viability Ceiling,,66
2020-07_gen5ou-0.json,Gothitelle,Stats,Modest,,3.468
2020-07_gen5ou-0.json,Gothitelle,Stats,Quiet,,5.202
2020-07_gen5ou-0.json,Gothitelle,Stats,Bold,,4.624
2020-07_gen5ou-0.json,Gothitelle,Abilities,,Frisk,100.0
2020-07_gen5ou-0.json,Gothitelle,Items,,Leftovers,23.121
2020-07_gen5ou-0.json,Gothitelle,Items,,Choice Specs,17.919
2020-07_gen5ou-0.json,Gothitelle,Items,,Expert Belt,8.671
2020-07_gen5ou-0.json,Gothitelle,Items,,Custap Berry,7.514
2020-07_gen5ou-0.json,Gothitelle,Items,,Mago Berry,6.358
2020-07_gen5ou-0.json,Gothitelle,Items,,Focus Sash,5.78
2020-07_gen5ou-0.json,Gothitelle,Items,,Zoom Lens,5.78
2020-07_gen5ou-0.json,Gothitelle,Items,,Life Orb,5.202
2020-07_gen5ou-0.json,Gothitelle,Items,,Nothing,3.468
2020-07_gen5ou-0.json,Gothitelle,Items,,Psychic Gem,2.89
2020-07_gen5ou-0.json,Gothitelle,Items,,Bright Powder,2.89
2020-07_gen5ou-0.json,Gothitelle,Items,,Chesto Berry,1.734
2020-07_gen5ou-0.json,Gothitelle,Items,,Choice Scarf,1.734
2020-07_gen5ou-0.json,Gothitelle,Items,,Wise Glasses,1.734
2020-07_gen5ou-0.json,Gothitelle,Items,,Sitrus Berry,1.734
2020-07_gen5ou-0.json,Gothitelle,Items,,Other,3.468
2020-07_gen5ou-0.json,Gothitelle,Spreads,,Other,27.168
2020-07_gen5ou-0.json,Gothitelle,Moves,,Psychic,76.879
2020-07_gen5ou-0.json,Gothitelle,Moves,,Thunderbolt,50.289
2020-07_gen5ou-0.json,Gothitelle,Moves,,Calm Mind,47.399
2020-07_gen5ou-0.json,Gothitelle,Moves,,Shadow Ball,46.821
2020-07_gen5ou-0.json,Gothitelle,Moves,,Signal Beam,22.543
2020-07_gen5ou-0.json,Gothitelle,Moves,,Dark Pulse,19.653
2020-07_gen5ou-0.json,Gothitelle,Moves,,Psyshock,16.185
2020-07_gen5ou-0.json,Gothitelle,Moves,,Hidden Power Fire,13.295
2020-07_gen5ou-0.json,Gothitelle,Moves,,Reflect,12.139
2020-07_gen5ou-0.json,Gothitelle,Moves,,Energy Ball,11.561
2020-07_gen5ou-0.json,Gothitelle,Moves,,Hidden Power Ice,9.827
2020-07_gen5ou-0.json,Gothitelle,Moves,,Trick Room,9.249
2020-07_gen5ou-0.json,Gothitelle,Moves,,Brick Break,8.092
2020-07_gen5ou-0.json,Gothitelle,Moves,,Rest,7.514
2020-07_gen5ou-0.json,Gothitelle,Moves,,Rock Slide,6.358
2020-07_gen5ou-0.json,Gothitelle,Moves,,Hidden Power Dark,4.624
2020-07_gen5ou-0.json,Gothitelle,Moves,,Trick,4.046
2020-07_gen5ou-0.json,Gothitelle,Moves,,Substitute,3.468
2020-07_gen5ou-0.json,Gothitelle,Moves,,Dream Eater,3.468
2020-07_gen5ou-0.json,Gothitelle,Moves,,Protect,2.89
2020-07_gen5ou-0.json,Gothitelle,Moves,,Mean Look,2.89
2020-07_gen5ou-0.json,Gothitelle,Moves,,Light Screen,2.312
2020-07_gen5ou-0.json,Gothitelle,Moves,,Other,18.497
2020-07_gen5ou-0.json,Torkoal,Stats,Raw count,,184
2020-07_gen5ou-0.json,Torkoal,Stats,Avg. weight,,1.0
2020-07_gen5ou-0.json,Torkoal,Stats,Viability Ceiling,,60
2020-07_gen5ou-0.json,Torkoal,Stats,Impish,,13.587
2020-07_gen5ou-0.json,Torkoal,Stats,Adamant,,11.413
2020-07_gen5ou-0.json,Torkoal,Stats,Sassy,,5.978
2020-07_gen5ou-0.json,Torkoal,Stats,Timid,,5.435
2020-07_gen5ou-0.json,Torkoal,Stats,Bold,,5.435
2020-07_gen5ou-0.json,Torkoal,Stats,Quiet,,4.348
2020-07_gen5ou-0.json,Torkoal,Abilities,,White Smoke,78.804
2020-07_gen5ou-0.json,Torkoal,Abilities,,Shell Armor,21.196
2020-07_gen5ou-0.json,Torkoal,Items,,Leftovers,55.435
2020-07_gen5ou-0.json,Torkoal,Items,,White Herb,9.239
2020-07_gen5ou-0.json,Torkoal,Items,,Heat Rock,8.696
2020-07_gen5ou-0.json,Torkoal,Items,,Choice Specs,8.152
2020-07_gen5ou-0.json,Torkoal,Items,,Life Orb,3.804
2020-07_gen5ou-0.json,Torkoal,Items,,Focus Sash,3.261
2020-07_gen5ou-0.json,Torkoal,Items,,Rocky Helmet,2.717
2020-07_gen5ou-0.json,Torkoal,Items,,Lum Berry,2.717
2020-07_gen5ou-0.json,Torkoal,Items,,Iapapa Berry,2.717
2020-07_gen5ou-0.json,Torkoal,Items,,Other,3.261
2020-07_gen5ou-0.json,Torkoal,Spreads,,Other,53.804
2020-07_gen5ou-0.json,Torkoal,Moves,,Rapid Spin,41.848
2020-07_gen5ou-0.json,Torkoal,Moves,,Stealth Rock,38.587
2020-07_gen5ou-0.json,Torkoal,Moves,,Flamethrower,36.957
2020-07_gen5ou-0.json,Torkoal,Moves,,Earth Power,31.522
2020-07_gen5ou-0.json,Torkoal,Moves,,Eruption,27.174
2020-07_gen5ou-0.json,Torkoal,Moves,,Lava Plume,23.913
2020-07_gen5ou-0.json,Torkoal,Moves,,Shell Smash,21.196
2020-07_gen5ou-0.json,Torkoal,Moves,,Toxic,16.848
2020-07_gen5ou-0.json,Torkoal,Moves,,Flame Charge,14.13
2020-07_gen5ou-0.json,Torkoal,Moves,,Gyro Ball,13.587
2020-07_gen5ou-0.json,Torkoal,Moves,,Heat Wave,13.587
2020-07_gen5ou-0.json,Torkoal,Moves,,Sunny Day,13.043
2020-07_gen5ou-0.json,Torkoal,Moves,,Nothing,11.413
2020-07_gen5ou-0.json,Torkoal,Moves,,Clear Smog,11.413
2020-07_gen5ou-0.json,Torkoal,Moves,,Explosion,9.239
2020-07_gen5ou-0.json,Torkoal,Moves,,Earthquake,8.696
2020-07_gen5ou-0.json,Torkoal,Moves,,Solar Beam,8.152
2020-07_gen5ou-0.json,Torkoal,Moves,,Hidden Power Grass,7.609
2020-07_gen5ou-0.json,Torkoal,Moves,,Sludge Bomb,5.978
2020-07_gen5ou-0.json,Torkoal,Moves,,Rest,5.978
2020-07_gen5ou-0.json,Torkoal,Moves,,Curse,5.978
2020-07_gen5ou-0.json,Torkoal,Moves,,Will-O-Wisp,5.978
2020-07_gen5ou-0.json,Torkoal,Moves,,Stone Edge,5.978
2020-07_gen5ou-0.json,Torkoal,Moves,,Hidden Power Rock,4.348
2020-07_gen5ou-0.json,Torkoal,Moves,,Other,16.848
2020-07_gen5ou-0.json,Kangaskhan,Stats,Raw count,,169
2020-07_gen5ou-0.json,Kangaskhan,Stats,Avg. weight,,1.0
2020-07_gen5ou-0.json,Kangaskhan,Stats,Viability Ceiling,,59
2020-07_gen5ou-0.json,Kangaskhan,Stats,Adamant,,4.142
2020-07_gen5ou-0.json,Kangaskhan,Stats,Jolly,,4.734
2020-07_gen5ou-0.json,Kangaskhan,Stats,Hardy,,5.325
2020-07_gen5ou-0.json,Kangaskhan,Abilities,,Scrappy,82.249
2020-07_gen5ou-0.json,Kangaskhan,Abilities,,Early Bird,16.568
2020-07_gen5ou-0.json,Kangaskhan,Abilities,,Inner Focus,1.183
2020-07_gen5ou-0.json,Kangaskhan,Items,,Silk Scarf,39.053
2020-07_gen5ou-0.json,Kangaskhan,Items,,Leftovers,28.402
2020-07_gen5ou-0.json,Kangaskhan,Items,,Life Orb,13.018
2020-07_gen5ou-0.json,Kangaskhan,Items,,Choice Band,10.059
2020-07_gen5ou-0.json,Kangaskhan,Items,,Choice Scarf,3.55
2020-07_gen5ou-0.json,Kangaskhan,Items,,Nothing,2.959
2020-07_gen5ou-0.json,Kangaskhan,Items,,Other,2.959
2020-07_gen5ou-0.json,Kangaskhan,Spreads,,Other,15.385
2020-07_gen5ou-0.json,Kangaskhan,Moves,,Earthquake,72.781
2020-07_gen5ou-0.json,Kangaskhan,Moves,,Fake Out,62.13
2020-07_gen5ou-0.json,Kangaskhan,Moves,,Sucker Punch,50.888
2020-07_gen5ou-0.json,Kangaskhan,Moves,,Double-Edge,49.112
2020-07_gen5ou-0.json,Kangaskhan,Moves,,Drain Punch,43.195
2020-07_gen5ou-0.json,Kangaskhan,Moves,,Ice Punch,31.953
2020-07_gen5ou-0.json,Kangaskhan,Moves,,Substitute,21.302
2020-07_gen5ou-0.json,Kangaskhan,Moves,,Return,14.793
2020-07_gen5ou-0.json,Kangaskhan,Moves,,Thunder Punch,7.101
2020-07_gen5ou-0.json,Kangaskhan,Moves,,Rest,6.509
2020-07_gen5ou-0.json,Kangaskhan,Moves,,Circle Throw,6.509
2020-07_gen5ou-0.json,Kangaskhan,Moves,,Crunch,4.142
2020-07_gen5ou-0.json,Kangaskhan,Moves,,Brick Break,3.55
2020-07_gen5ou-0.json,Kangaskhan,Moves,,Facade,2.959
2020-07_gen5ou-0.json,Kangaskhan,Moves,,Endeavor,2.959
2020-07_gen5ou-0.json,Kangaskhan,Moves,,Counter,2.959
2020-07_gen5ou-0.json,Kangaskhan,Moves,,Other,17.16
2020-07_gen5ou-0.json,Aron,Stats,Raw count,,174
2020-07_gen5ou-0.json,Aron,Stats,Avg. weight,,1.0
2020-07_gen5ou-0.json,Aron,Stats,Viability Ceiling,,67
2020-07_gen5ou-0.json,Aron,Stats,Hardy,,4.023
2020-07_gen5ou-0.json,Aron,Stats,Jolly,,18.966
2020-07_gen5ou-0.json,Aron,Stats,Impish,,7.471
2020-07_gen5ou-0.json,Aron,Abilities,,Sturdy,98.851
2020-07_gen5ou-0.json,Aron,Abilities,,Rock Head,1.149
2020-07_gen5ou-0.json,Aron,Items,,Shell Bell,93.103
2020-07_gen5ou-0.json,Aron,Items,,Lum Berry,1.724
2020-07_gen5ou-0.json,Aron,Items,,Nothing,1.724
2020-07_gen5ou-0.json,Aron,Items,,Other,3.448
2020-07_gen5ou-0.json,Aron,Spreads,,Other,35.632
2020-07_gen5ou-0.json,Aron,Moves,,Endeavor,98.851
2020-07_gen5ou-0.json,Aron,Moves,,Nothing,52.874
2020-07_gen5ou-0.json,Aron,Moves,,Protect,39.08
2020-07_gen5ou-0.json,Aron,Moves,,Earthquake,35.057
2020-07_gen5ou-0.json,Aron,Moves,,Toxic,30.46
2020-07_gen5ou-0.json,Aron,Moves,,Iron Head,29.885
2020-07_gen5ou-0.json,Aron,Moves,,Sleep Talk,22.989
2020-07_gen5ou-0.json,Aron,Moves,,Superpower,16.092
2020-07_gen5ou-0.json,Aron,Moves,,Sandstorm,15.517
2020-07_gen5ou-0.json,Aron,Moves,,Stealth Rock,13.793
2020-07_gen5ou-0.json,Aron,Moves,,Roar,9.195
2020-07_gen5ou-0.json,Aron,Moves,,Earth Power,7.471
2020-07_gen5ou-0.json,Aron,Moves,,Rock Slide,5.747
2020-07_gen5ou-0.json,Aron,Moves,,Body Slam,4.598
2020-07_gen5ou-0.json,Aron,Moves,,Other,18.391
2020-07_gen5ou-0.json,Miltank,Stats,Raw count,,168
2020-07_gen5ou-0.json,Miltank,Stats,Avg. weight,,1.0
2020-07_gen5ou-0.json,Miltank,Stats,Viability Ceiling,,55
2020-07_gen5ou-0.json,Miltank,Stats,Careful,,22.024
2020-07_gen5ou-0.json,Miltank,Stats,Bold,,17.262
2020-07_gen5ou-0.json,Miltank,Stats,Impish,,4.762
2020-07_gen5ou-0.json,Miltank,Stats,Brave,,13.095
2020-07_gen5ou-0.json,Miltank,Stats,Hardy,,4.167
2020-07_gen5ou-0.json,Miltank,Abilities,,Scrappy,58.333
2020-07_gen5ou-0.json,Miltank,Abilities,,Thick Fat,29.167
2020-07_gen5ou-0.json,Miltank,Abilities,,Sap Sipper,12.5
2020-07_gen5ou-0.json,Miltank,Items,,Leftovers,56.548
2020-07_gen5ou-0.json,Miltank,Items,,Flame Orb,15.476
2020-07_gen5ou-0.json,Miltank,Items,,Focus Sash,7.143
2020-07_gen5ou-0.json,Miltank,Items,,Rocky Helmet,6.548
2020-07_gen5ou-0.json,Miltank,Items,,Lum Berry,4.762
2020-07_gen5ou-0.json,Miltank,Items,,Liechi Berry,2.381
2020-07_gen5ou-0.json,Miltank,Items,,Chople Berry,1.786
2020-07_gen5ou-0.json,Miltank,Items,,Choice Band,1.19
2020-07_gen5ou-0.json,Miltank,Items,,Other,4.167
2020-07_gen5ou-0.json,Miltank,Spreads,,Other,22.024
2020-07_gen5ou-0.json,Miltank,Moves,,Milk Drink,95.833
2020-07_gen5ou-0.json,Miltank,Moves,,Curse,42.262
2020-07_gen5ou-0.json,Miltank,Moves,,Body Slam,40.476
2020-07_gen5ou-0.json,Miltank,Moves,,Toxic,33.333
2020-07_gen5ou-0.json,Miltank,Moves,,Heal Bell,29.167
2020-07_gen5ou-0.json,Miltank,Moves,,Seismic Toss,27.381
2020-07_gen5ou-0.json,Miltank,Moves,,Earthquake,25.0
2020-07_gen5ou-0.json,Miltank,Moves,,Facade,14.286
2020-07_gen5ou-0.json,Miltank,Moves,,Gyro Ball,14.286
2020-07_gen5ou-0.json,Miltank,Moves,,Thunder Wave,12.5
2020-07_gen5ou-0.json,Miltank,Moves,,Stealth Rock,10.714
2020-07_gen5ou-0.json,Miltank,Moves,,Zen Headbutt,8.333
2020-07_gen5ou-0.json,Miltank,Moves,,Frustration,7.143
2020-07_gen5ou-0.json,Miltank,Moves,,Rollout,7.143
2020-07_gen5ou-0.json,Miltank,Moves,,Protect,4.762
2020-07_gen5ou-0.json,Miltank,Moves,,Attract,4.167
2020-07_gen5ou-0.json,Miltank,Moves,,Stomp,3.571
2020-07_gen5ou-0.json,Miltank,Moves,,Other,19.643
2020-07_gen5ou-0.json,Manectric,Stats,Raw count,,169
2020-07_gen5ou-0.json,Manectric,Stats,Avg. weight,,1.0
2020-07_gen5ou-0.json,Manectric,Stats,Viability Ceiling,,67
2020-07_gen5ou-0.json,Manectric,Stats,Timid,,3.550
2020-07_gen5ou-0.json,Manectric,Stats,Hasty,,19.527
2020-07_gen5ou-0.json,Manectric,Stats,Hardy,,3.550
2020-07_gen5ou-0.json,Manectric,Abilities,,Lightning Rod,68.639
2020-07_gen5ou-0.json,Manectric,Abilities,,Static,31.361
2020-07_gen5ou-0.json,Manectric,Items,,Expert Belt,21.302
2020-07_gen5ou-0.json,Manectric,Items,,Choice Specs,15.976
2020-07_gen5ou-0.json,Manectric,Items,,Life Orb,11.243
2020-07_gen5ou-0.json,Manectric,Items,,Leftovers,10.059
2020-07_gen5ou-0.json,Manectric,Items,,Wise Glasses,8.876
2020-07_gen5ou-0.json,Manectric,Items,,Focus Sash,8.876
2020-07_gen5ou-0.json,Manectric,Items,,Magnet,5.917
2020-07_gen5ou-0.json,Manectric,Items,,Choice Scarf,5.325
2020-07_gen5ou-0.json,Manectric,Items,,Sitrus Berry,4.142
2020-07_gen5ou-0.json,Manectric,Items,,Choice Band,2.959
2020-07_gen5ou-0.json,Manectric,Items,,Petaya Berry,1.775
2020-07_gen5ou-0.json,Manectric,Items,,Other,3.55
2020-07_gen5ou-0.json,Manectric,Spreads,,Other,15.385
2020-07_gen5ou-0.json,Manectric,Moves,,Flamethrower,68.639
2020-07_gen5ou-0.json,Manectric,Moves,,Thunderbolt,61.538
2020-07_gen5ou-0.json,Manectric,Moves,,Volt Switch,59.763
2020-07_gen5ou-0.json,Manectric,Moves,,Hidden Power Ice,34.911
2020-07_gen5ou-0.json,Manectric,Moves,,Protect,19.527
2020-07_gen5ou-0.json,Manectric,Moves,,Discharge,18.935
2020-07_gen5ou-0.json,Manectric,Moves,,Signal Beam,15.385
2020-07_gen5ou-0.json,Manectric,Moves,,Crunch,14.793
2020-07_gen5ou-0.json,Manectric,Moves,,Overheat,14.201
2020-07_gen5ou-0.json,Manectric,Moves,,Thunder,12.426
2020-07_gen5ou-0.json,Manectric,Moves,,Ice Fang,10.651
2020-07_gen5ou-0.json,Manectric,Moves,,Roar,8.284
2020-07_gen5ou-0.json,Manectric,Moves,,Electro Ball,7.692
2020-07_gen5ou-0.json,Manectric,Moves,,Switcheroo,7.101
2020-07_gen5ou-0.json,Manectric,Moves,,Thunder Wave,6.509
2020-07_gen5ou-0.json,Manectric,Moves,,Charge Beam,5.917
2020-07_gen5ou-0.json,Manectric,Moves,,Body Slam,5.325
2020-07_gen5ou-0.json,Manectric,Moves,,Flame Burst,4.734
2020-07_gen5ou-0.json,Manectric,Moves,,Iron Tail,4.734
2020-07_gen5ou-0.json,Manectric,Moves,,Other,18.935
2020-07_gen5ou-0.json,Muk,Stats,Raw count,,167
2020-07_gen5ou-0.json,Muk,Stats,Avg. weight,,1.0
2020-07_gen5ou-0.json,Muk,Stats,Viability Ceiling,,65
2020-07_gen5ou-0.json,Muk,Stats,Adamant,,2.994
2020-07_gen5ou-0.json,Muk,Stats,Relaxed,,11.377
2020-07_gen5ou-0.json,Muk,Stats,Careful,,8.383
2020-07_gen5ou-0.json,Muk,Stats,Brave,,6.587
2020-07_gen5ou-0.json,Muk,Stats,Hardy,,5.988
2020-07_gen5ou-0.json,Muk,Abilities,,Sticky Hold,40.719
2020-07_gen5ou-0.json,Muk,Abilities,,Poison Touch,36.527
2020-07_gen5ou-0.json,Muk,Abilities,,Stench,22.754
2020-07_gen5ou-0.json,Muk,Items,,Black Sludge,42.515
2020-07_gen5ou-0.json,Muk,Items,,Choice Band,30.539
2020-07_gen5ou-0.json,Muk,Items,,Leftovers,10.778
2020-07_gen5ou-0.json,Muk,Items,,Toxic Orb,5.988
2020-07_gen5ou-0.json,Muk,Items,,Iron Ball,4.192
2020-07_gen5ou-0.json,Muk,Items,,Rocky Helmet,2.994
2020-07_gen5ou-0.json,Muk,Items,,Other,2.994
2020-07_gen5ou-0.json,Muk,Spreads,,Other,14.97
2020-07_gen5ou-0.json,Muk,Moves,,Ice Punch,59.88
2020-07_gen5ou-0.json,Muk,Moves,,Gunk Shot,58.084
2020-07_gen5ou-0.json,Muk,Moves,,Shadow Sneak,57.485
2020-07_gen5ou-0.json,Muk,Moves,,Fire Punch,36.527
2020-07_gen5ou-0.json,Muk,Moves,,Poison Jab,28.144
2020-07_gen5ou-0.json,Muk,Moves,,Curse,19.76
2020-07_gen5ou-0.json,Muk,Moves,,Protect,18.563
2020-07_gen5ou-0.json,Muk,Moves,,Disable,17.365
2020-07_gen5ou-0.json,Muk,Moves,,Brick Break,14.97
2020-07_gen5ou-0.json,Muk,Moves,,Toxic,14.97
2020-07_gen5ou-0.json,Muk,Moves,,Fling,11.377
2020-07_gen5ou-0.json,Muk,Moves,,Memento,11.377
2020-07_gen5ou-0.json,Muk,Moves,,Poison Gas,5.988
2020-07_gen5ou-0.json,Muk,Moves,,Rock Slide,5.389
2020-07_gen5ou-0.json,Muk,Moves,,Rest,4.79
2020-07_gen5ou-0.json,Muk,Moves,,Sleep Talk,4.192
2020-07_gen5ou-0.json,Muk,Moves,,Pain Split,3.593
2020-07_gen5ou-0.json,Muk,Moves,,Acid Armor,2.994
2020-07_gen5ou-0.json,Muk,Moves,,Giga Drain,2.994
2020-07_gen5ou-0.json,Muk,Moves,,Thunder,2.994
2020-07_gen5ou-0.json,Muk,Moves,,Other,18.563
2020-07_gen5ou-0.json,Beartic,Stats,Raw count,,170
2020-07_gen5ou-0.json,Beartic,Stats,Avg. weight,,1.0
2020-07_gen5ou-0.json,Beartic,Stats,Viability Ceiling,,61
2020-07_gen5ou-0.json,Beartic,Stats,Brave,,18.235
2020-07_gen5ou-0.json,Beartic,Stats,Docile,,12.941
2020-07_gen5ou-0.json,Beartic,Stats,Adamant,,4.706
2020-07_gen5ou-0.json,Beartic,Stats,Hardy,,5.882
2020-07_gen5ou-0.json,Beartic,Stats,Bold,,5.294
2020-07_gen5ou-0.json,Beartic,Abilities,,Swift Swim,100.0
2020-07_gen5ou-0.json,Beartic,Items,,Icicle Plate,17.059
2020-07_gen5ou-0.json,Beartic,Items,,Focus Sash,11.765
2020-07_gen5ou-0.json,Beartic,Items,,Sitrus Berry,10.588
2020-07_gen5ou-0.json,Beartic,Items,,Leftovers,9.412
2020-07_gen5ou-0.json,Beartic,Items,,Babiri Berry,6.471
2020-07_gen5ou-0.json,Beartic,Items,,Life Orb,6.471
2020-07_gen5ou-0.json,Beartic,Items,,Never-Melt Ice,5.882
2020-07_gen5ou-0.json,Beartic,Items,,Nothing,5.882
2020-07_gen5ou-0.json,Beartic,Items,,Rocky Helmet,5.294
2020-07_gen5ou-0.json,Beartic,Items,,Lum Berry,4.706
2020-07_gen5ou-0.json,Beartic,Items,,Expert Belt,4.118
2020-07_gen5ou-0.json,Beartic,Items,,Quick Claw,3.529
2020-07_gen5ou-0.json,Beartic,Items,,Choice Scarf,2.941
2020-07_gen5ou-0.json,Beartic,Items,,Salac Berry,1.765
2020-07_gen5ou-0.json,Beartic,Items,,Other,4.118
2020-07_gen5ou-0.json,Beartic,Spreads,,Other,41.176
2020-07_gen5ou-0.json,Beartic,Moves,,Icicle Crash,43.529
2020-07_gen5ou-0.json,Beartic,Moves,,Ice Beam,36.471
2020-07_gen5ou-0.json,Beartic,Moves,,Stone Edge,22.353
2020-07_gen5ou-0.json,Beartic,Moves,,Blizzard,21.765
2020-07_gen5ou-0.json,Beartic,Moves,,Brick Break,21.765
2020-07_gen5ou-0.json,Beartic,Moves,,Ice Punch,20.588
2020-07_gen5ou-0.json,Beartic,Moves,,Night Slash,20.0
2020-07_gen5ou-0.json,Beartic,Moves,,Bulk Up,19.412
2020-07_gen5ou-0.json,Beartic,Moves,,Aqua Jet,17.647
2020-07_gen5ou-0.json,Beartic,Moves,,Surf,17.059
2020-07_gen5ou-0.json,Beartic,Moves,,Hail,12.941
2020-07_gen5ou-0.json,Beartic,Moves,,Rain Dance,12.941
2020-07_gen5ou-0.json,Beartic,Moves,,Avalanche,12.353
2020-07_gen5ou-0.json,Beartic,Moves,,Rock Slide,11.765
2020-07_gen5ou-0.json,Beartic,Moves,,Focus Punch,11.176
2020-07_gen5ou-0.json,Beartic,Moves,,Focus Blast,11.176
2020-07_gen5ou-0.json,Beartic,Moves,,Aerial Ace,10.0
2020-07_gen5ou-0.json,Beartic,Moves,,Superpower,8.824
2020-07_gen5ou-0.json,Beartic,Moves,,Slash,8.235
2020-07_gen5ou-0.json,Beartic,Moves,,Brine,7.647
2020-07_gen5ou-0.json,Beartic,Moves,,Swords Dance,7.647
2020-07_gen5ou-0.json,Beartic,Moves,,Substitute,5.882
2020-07_gen5ou-0.json,Beartic,Moves,,Shadow Claw,5.882
2020-07_gen5ou-0.json,Beartic,Moves,,Rock Tomb,5.294
2020-07_gen5ou-0.json,Beartic,Moves,,Endure,5.294
2020-07_gen5ou-0.json,Beartic,Moves,,Grass Knot,4.706
2020-07_gen5ou-0.json,Beartic,Moves,,Other,17.647
2020-07_gen5ou-0.json,Electrode,Stats,Raw count,,159
2020-07_gen5ou-0.json,Electrode,Stats,Avg. weight,,1.0
2020-07_gen5ou-0.json,Electrode,Stats,Viability Ceiling,,66
2020-07_gen5ou-0.json,Electrode,Stats,Jolly,,3.774
2020-07_gen5ou-0.json,Electrode,Stats,Timid,,7.547
2020-07_gen5ou-0.json,Electrode,Stats,Hardy,,5.660
2020-07_gen5ou-0.json,Electrode,Abilities,,Aftermath,51.572
2020-07_gen5ou-0.json,Electrode,Abilities,,Static,36.478
2020-07_gen5ou-0.json,Electrode,Abilities,,Soundproof,11.95
2020-07_gen5ou-0.json,Electrode,Items,,Light Clay,38.365
2020-07_gen5ou-0.json,Electrode,Items,,Rocky Helmet,17.61
2020-07_gen5ou-0.json,Electrode,Items,,Mental Herb,8.176
2020-07_gen5ou-0.json,Electrode,Items,,Leftovers,5.66
2020-07_gen5ou-0.json,Electrode,Items,,Expert Belt,5.031
2020-07_gen5ou-0.json,Electrode,Items,,Focus Sash,3.774
2020-07_gen5ou-0.json,Electrode,Items,,Choice Specs,3.145
2020-07_gen5ou-0.json,Electrode,Items,,Choice Scarf,3.145
2020-07_gen5ou-0.json,Electrode,Items,,Air Balloon,2.516
2020-07_gen5ou-0.json,Electrode,Items,,Life Orb,2.516
2020-07_gen5ou-0.json,Electrode,Items,,Shuca Berry,1.887
2020-07_gen5ou-0.json,Electrode,Items,,Choice Band,1.887
2020-07_gen5ou-0.json,Electrode,Items,,Quick Claw,1.258
2020-07_gen5ou-0.json,Electrode,Items,,Salac Berry,1.258
2020-07_gen5ou-0.json,Electrode,Items,,Other,3.774
2020-07_gen5ou-0.json,Electrode,Spreads,,Other,41.509
2020-07_gen5ou-0.json,Electrode,Moves,,Taunt,70.44
2020-07_gen5ou-0.json,Electrode,Moves,,Light Screen,66.667
2020-07_gen5ou-0.json,Electrode,Moves,,Thunder Wave,57.862
2020-07_gen5ou-0.json,Electrode,Moves,,Explosion,49.057
2020-07_gen5ou-0.json,Electrode,Moves,,Volt Switch,22.642
2020-07_gen5ou-0.json,Electrode,Moves,,Signal Beam,20.126
2020-07_gen5ou-0.json,Electrode,Moves,,Thunderbolt,17.61
2020-07_gen5ou-0.json,Electrode,Moves,,Toxic,13.836
2020-07_gen5ou-0.json,Electrode,Moves,,Foul Play,11.95
2020-07_gen5ou-0.json,Electrode,Moves,,Thunder,6.918
2020-07_gen5ou-0.json,Electrode,Moves,,Nothing,6.289
2020-07_gen5ou-0.json,Electrode,Moves,,Substitute,5.66
2020-07_gen5ou-0.json,Electrode,Moves,,Hidden Power Ice,5.66
2020-07_gen5ou-0.json,Electrode,Moves,,Magnet Rise,5.031
2020-07_gen5ou-0.json,Electrode,Moves,,Protect,5.031
2020-07_gen5ou-0.json,Electrode,Moves,,Hidden Power Dragon,3.774
2020-07_gen5ou-0.json,Electrode,Moves,,Hidden Power Grass,3.774
2020-07_gen5ou-0.json,Electrode,Moves,,Magic Coat,3.774
2020-07_gen5ou-0.json,Electrode,Moves,,Hyper Beam,3.774
2020-07_gen5ou-0.json,Electrode,Moves,,Torment,3.774
2020-07_gen5ou-0.json,Electrode,Moves,,Other,16.352
2020-07_gen5ou-0.json,Pignite,Stats,Raw count,,182
2020-07_gen5ou-0.json,Pignite,Stats,Avg. weight,,1.0
2020-07_gen5ou-0.json,Pignite,Stats,Viability Ceiling,,57
2020-07_gen5ou-0.json,Pignite,Stats,Hasty,,12.088
2020-07_gen5ou-0.json,Pignite,Stats,Hardy,,6.044
2020-07_gen5ou-0.json,Pignite,Stats,Adamant,,6.044
2020-07_gen5ou-0.json,Pignite,Stats,Serious,,6.593
2020-07_gen5ou-0.json,Pignite,Abilities,,Blaze,100.0
2020-07_gen5ou-0.json,Pignite,Items,,Eviolite,24.725
2020-07_gen5ou-0.json,Pignite,Items,,Nothing,19.231
2020-07_gen5ou-0.json,Pignite,Items,,Leftovers,17.033
2020-07_gen5ou-0.json,Pignite,Items,,Fire Gem,5.495
2020-07_gen5ou-0.json,Pignite,Items,,Choice Band,4.945
2020-07_gen5ou-0.json,Pignite,Items,,Charcoal,4.396
2020-07_gen5ou-0.json,Pignite,Items,,Choice Scarf,3.846
2020-07_gen5ou-0.json,Pignite,Items,,Black Belt,3.846
2020-07_gen5ou-0.json,Pignite,Items,,Life Orb,3.297
2020-07_gen5ou-0.json,Pignite,Items,,Fist Plate,2.198
2020-07_gen5ou-0.json,Pignite,Items,,Rocky Helmet,2.198
2020-07_gen5ou-0.json,Pignite,Items,,Expert Belt,2.198
2020-07_gen5ou-0.json,Pignite,Items,,Aguav Berry,1.648
2020-07_gen5ou-0.json,Pignite,Items,,Other,4.945
2020-07_gen5ou-0.json,Pignite,Spreads,,Other,49.451
2020-07_gen5ou-0.json,Pignite,Moves,,Brick Break,76.374
2020-07_gen5ou-0.json,Pignite,Moves,,Flame Charge,69.78
2020-07_gen5ou-0.json,Pignite,Moves,,Flamethrower,67.033
2020-07_gen5ou-0.json,Pignite,Moves,,Fire Pledge,48.352
2020-07_gen5ou-0.json,Pignite,Moves,,Thunder Punch,19.78
2020-07_gen5ou-0.json,Pignite,Moves,,Flare Blitz,18.132
2020-07_gen5ou-0.json,Pignite,Moves,,Fire Punch,14.835
2020-07_gen5ou-0.json,Pignite,Moves,,Body Slam,9.341
2020-07_gen5ou-0.json,Pignite,Moves,,Superpower,8.242
2020-07_gen5ou-0.json,Pignite,Moves,,Tackle,8.242
2020-07_gen5ou-0.json,Pignite,Moves,,Will-O-Wisp,6.593
2020-07_gen5ou-0.json,Pignite,Moves,,Wild Charge,6.593
2020-07_gen5ou-0.json,Pignite,Moves,,Head Smash,6.044
2020-07_gen5ou-0.json,Pignite,Moves,,Poison Jab,4.945
2020-07_gen5ou-0.json,Pignite,Moves,,Arm Thrust,4.396
2020-07_gen5ou-0.json,Pignite,Moves,,Stone Edge,4.396
2020-07_gen5ou-0.json,Pignite,Moves,,Incinerate,3.846
2020-07_gen5ou-0.json,Pignite,Moves,,Focus Blast,3.297
2020-07_gen5ou-0.json,Pignite,Moves,,Other,19.78
2020-07_gen5ou-0.json,Venomoth,Stats,Raw count,,154
2020-07_gen5ou-0.json,Venomoth,Stats,Avg. weight,,1.0
2020-07_gen5ou-0.json,Venomoth,Stats,Viability Ceiling,,67
2020-07_gen5ou-0.json,Venomoth,Stats,Timid,,1.948
2020-07_gen5ou-0.json,Venomoth,Stats,Modest,,9.740
2020-07_gen5ou-0.json,Venomoth,Stats,Hardy,,5.844
2020-07_gen5ou-0.json,Venomoth,Abilities,,Tinted Lens,91.558
2020-07_gen5ou-0.json,Venomoth,Abilities,,Shield Dust,6.494
2020-07_gen5ou-0.json,Venomoth,Abilities,,Wonder Skin,1.948
2020-07_gen5ou-0.json,Venomoth,Items,,Focus Sash,66.234
2020-07_gen5ou-0.json,Venomoth,Items,,Black Sludge,20.779
2020-07_gen5ou-0.json,Venomoth,Items,,Leftovers,8.442
2020-07_gen5ou-0.json,Venomoth,Items,,Other,4.545
2020-07_gen5ou-0.json,Venomoth,Spreads,,Other,5.195
2020-07_gen5ou-0.json,Venomoth,Moves,,Bug Buzz,92.208
2020-07_gen5ou-0.json,Venomoth,Moves,,Quiver Dance,91.558
2020-07_gen5ou-0.json,Venomoth,Moves,,Sludge Bomb,50.0
2020-07_gen5ou-0.json,Venomoth,Moves,,Giga Drain,33.117
2020-07_gen5ou-0.json,Venomoth,Moves,,Hidden Power Electric,31.169
2020-07_gen5ou-0.json,Venomoth,Moves,,Hidden Power Ice,21.429
2020-07_gen5ou-0.json,Venomoth,Moves,,Psychic,18.831
2020-07_gen5ou-0.json,Venomoth,Moves,,Roost,11.039
2020-07_gen5ou-0.json,Venomoth,Moves,,Toxic,9.74
2020-07_gen5ou-0.json,Venomoth,Moves,,Venoshock,7.143
2020-07_gen5ou-0.json,Venomoth,Moves,,Protect,5.844
2020-07_gen5ou-0.json,Venomoth,Moves,,Hidden Power Rock,4.545
2020-07_gen5ou-0.json,Venomoth,Moves,,Toxic Spikes,3.896
2020-07_gen5ou-0.json,Venomoth,Moves,,Other,19.481
2020-07_gen5ou-0.json,Klinklang,Stats,Raw count,,155
2020-07_gen5ou-0.json,Klinklang,Stats,Avg. weight,,1.0
2020-07_gen5ou-0.json,Klinklang,Stats,Viability Ceiling,,59
2020-07_gen5ou-0.json,Klinklang,Stats,Adamant,,5.806
2020-07_gen5ou-0.json,Klinklang,Stats,Modest,,8.387
2020-07_gen5ou-0.json,Klinklang,Stats,Quiet,,3.871
2020-07_gen5ou-0.json,Klinklang,Stats,Hardy,,3.871
2020-07_gen5ou-0.json,Klinklang,Stats,Impish,,3.871
2020-07_gen5ou-0.json,Klinklang,Abilities,,Clear Body,70.968
2020-07_gen5ou-0.json,Klinklang,Abilities,,Plus,29.032
2020-07_gen5ou-0.json,Klinklang,Items,,Leftovers,37.419
2020-07_gen5ou-0.json,Klinklang,Items,,Metronome,16.129
2020-07_gen5ou-0.json,Klinklang,Items,,Sitrus Berry,8.387
2020-07_gen5ou-0.json,Klinklang,Items,,Air Balloon,7.742
2020-07_gen5ou-0.json,Klinklang,Items,,Rocky Helmet,7.742
2020-07_gen5ou-0.json,Klinklang,Items,,Muscle Band,5.806
2020-07_gen5ou-0.json,Klinklang,Items,,Wide Lens,5.806
2020-07_gen5ou-0.json,Klinklang,Items,,Focus Sash,3.226
2020-07_gen5ou-0.json,Klinklang,Items,,Life Orb,2.581
2020-07_gen5ou-0.json,Klinklang,Items,,Fighting Gem,1.935
2020-07_gen5ou-0.json,Klinklang,Items,,Other,3.226
2020-07_gen5ou-0.json,Klinklang,Spreads,,Other,40.0
2020-07_gen5ou-0.json,Klinklang,Moves,,Gear Grind,81.29
2020-07_gen5ou-0.json,Klinklang,Moves,,Shift Gear,77.419
2020-07_gen5ou-0.json,Klinklang,Moves,,Wild Charge,59.355
2020-07_gen5ou-0.json,Klinklang,Moves,,Magnet Rise,22.581
2020-07_gen5ou-0.json,Klinklang,Moves,,Substitute,20.0
2020-07_gen5ou-0.json,Klinklang,Moves,,Return,18.065
2020-07_gen5ou-0.json,Klinklang,Moves,,Flash Cannon,18.065
2020-07_gen5ou-0.json,Klinklang,Moves,,Iron Defense,15.484
2020-07_gen5ou-0.json,Klinklang,Moves,,Thunderbolt,14.194
2020-07_gen5ou-0.json,Klinklang,Moves,,Thunder Wave,12.903
2020-07_gen5ou-0.json,Klinklang,Moves,,Magic Coat,8.387
2020-07_gen5ou-0.json,Klinklang,Moves,,Giga Impact,7.097
2020-07_gen5ou-0.json,Klinklang,Moves,,Facade,6.452
2020-07_gen5ou-0.json,Klinklang,Moves,,Hidden Power Fighting,4.516
2020-07_gen5ou-0.json,Klinklang,Moves,,Hidden Power Fire,3.871
2020-07_gen5ou-0.json,Klinklang,Moves,,Thunder,3.871
2020-07_gen5ou-0.json,Klinklang,Moves,,Toxic,3.871
2020-07_gen5ou-0.json,Klinklang,Moves,,Discharge,3.871
2020-07_gen5ou-0.json,Klinklang,Moves,,Other,18.71
2020-07_gen5ou-0.json,Beheeyem,Stats,Raw count,,154
2020-07_gen5ou-0.json,Beheeyem,Stats,Avg. weight,,1.0
2020-07_gen5ou-0.json,Beheeyem,Stats,Viability Ceiling,,60
2020-07_gen5ou-0.json,Beheeyem,Stats,Modest,,50.000
2020-07_gen5ou-0.json,Beheeyem,Stats,Quiet,,8.442
2020-07_gen5ou-0.json,Beheeyem,Stats,Bold,,7.792
2020-07_gen5ou-0.json,Beheeyem,Stats,Sassy,,7.792
2020-07_gen5ou-0.json,Beheeyem,Stats,Calm,,5.195
2020-07_gen5ou-0.json,Beheeyem,Abilities,,Synchronize,57.143
2020-07_gen5ou-0.json,Beheeyem,Abilities,,Analytic,34.416
2020-07_gen5ou-0.json,Beheeyem,Abilities,,Telepathy,8.442
2020-07_gen5ou-0.json,Beheeyem,Items,,Choice Specs,39.61
2020-07_gen5ou-0.json,Beheeyem,Items,,Leftovers,24.675
2020-07_gen5ou-0.json,Beheeyem,Items,,Life Orb,11.688
2020-07_gen5ou-0.json,Beheeyem,Items,,Lagging Tail,5.844
2020-07_gen5ou-0.json,Beheeyem,Items,,Odd Incense,3.247
2020-07_gen5ou-0.json,Beheeyem,Items,,Focus Sash,3.247
2020-07_gen5ou-0.json,Beheeyem,Items,,Light Clay,2.597
2020-07_gen5ou-0.json,Beheeyem,Items,,Quick Claw,1.948
2020-07_gen5ou-0.json,Beheeyem,Items,,Wise Glasses,1.948
2020-07_gen5ou-0.json,Beheeyem,Items,,Twisted Spoon,1.299
2020-07_gen5ou-0.json,Beheeyem,Items,,Other,3.896
2020-07_gen5ou-0.json,Beheeyem,Spreads,,Other,11.688
2020-07_gen5ou-0.json,Beheeyem,Moves,,Shadow Ball,63.636
2020-07_gen5ou-0.json,Beheeyem,Moves,,Thunderbolt,62.338
2020-07_gen5ou-0.json,Beheeyem,Moves,,Energy Ball,53.896
2020-07_gen5ou-0.json,Beheeyem,Moves,,Psychic,52.597
2020-07_gen5ou-0.json,Beheeyem,Moves,,Psyshock,50.649
2020-07_gen5ou-0.json,Beheeyem,Moves,,Trick Room,27.922
2020-07_gen5ou-0.json,Beheeyem,Moves,,Recover,20.779
2020-07_gen5ou-0.json,Beheeyem,Moves,,Calm Mind,20.13
2020-07_gen5ou-0.json,Beheeyem,Moves,,Dark Pulse,9.091
2020-07_gen5ou-0.json,Beheeyem,Moves,,Substitute,9.091
2020-07_gen5ou-0.json,Beheeyem,Moves,,Pain Split,7.792
2020-07_gen5ou-0.json,Beheeyem,Moves,,Hidden Power Fighting,6.494
2020-07_gen5ou-0.json,Beheeyem,Moves,,Other,15.584
2020-07_gen5ou-0.json,Swoobat,Stats,Raw count,,156
2020-07_gen5ou-0.json,Swoobat,Stats,Avg. weight,,1.0
2020-07_gen5ou-0.json,Swoobat,Stats,Viability Ceiling,,64
2020-07_gen5ou-0.json,Swoobat,Stats,Timid,,3.846
2020-07_gen5ou-0.json,Swoobat,Stats,Hardy,,12.179
2020-07_gen5ou-0.json,Swoobat,Stats,Naughty,,5.769
2020-07_gen5ou-0.json,Swoobat,Abilities,,Simple,69.231
2020-07_gen5ou-0.json,Swoobat,Abilities,,Unaware,30.769
2020-07_gen5ou-0.json,Swoobat,Items,,Leftovers,42.949
2020-07_gen5ou-0.json,Swoobat,Items,,Petaya Berry,12.179
2020-07_gen5ou-0.json,Swoobat,Items,,Flying Gem,9.615
2020-07_gen5ou-0.json,Swoobat,Items,,Salac Berry,7.692
2020-07_gen5ou-0.json,Swoobat,Items,,Apicot Berry,7.051
2020-07_gen5ou-0.json,Swoobat,Items,,Focus Sash,5.769
2020-07_gen5ou-0.json,Swoobat,Items,,Choice Specs,3.205
2020-07_gen5ou-0.json,Swoobat,Items,,Nothing,3.205
2020-07_gen5ou-0.json,Swoobat,Items,,King's Rock,2.564
2020-07_gen5ou-0.json,Swoobat,Items,,Odd Incense,1.923
2020-07_gen5ou-0.json,Swoobat,Items,,Other,3.846
2020-07_gen5ou-0.json,Swoobat,Spreads,,Other,22.436
2020-07_gen5ou-0.json,Swoobat,Moves,,Calm Mind,82.692
2020-07_gen5ou-0.json,Swoobat,Moves,,Stored Power,58.333
2020-07_gen5ou-0.json,Swoobat,Moves,,Air Slash,54.487
2020-07_gen5ou-0.json,Swoobat,Moves,,Hidden Power Fighting,23.718
2020-07_gen5ou-0.json,Swoobat,Moves,,Psychic,23.718
2020-07_gen5ou-0.json,Swoobat,Moves,,Amnesia,21.795
2020-07_gen5ou-0.json,Swoobat,Moves,,Heat Wave,21.154
2020-07_gen5ou-0.json,Swoobat,Moves,,Shadow Ball,14.744
2020-07_gen5ou-0.json,Swoobat,Moves,,Attract,13.462
2020-07_gen5ou-0.json,Swoobat,Moves,,Giga Drain,12.179
2020-07_gen5ou-0.json,Swoobat,Moves,,Psyshock,12.179
2020-07_gen5ou-0.json,Swoobat,Moves,,Substitute,10.897
2020-07_gen5ou-0.json,Swoobat,Moves,,Roost,9.615
2020-07_gen5ou-0.json,Swoobat,Moves,,Energy Ball,7.051
2020-07_gen5ou-0.json,Swoobat,Moves,,Fly,7.051
2020-07_gen5ou-0.json,Swoobat,Moves,,Charge Beam,3.846
2020-07_gen5ou-0.json,Swoobat,Moves,,Acrobatics,3.205
2020-07_gen5ou-0.json,Swoobat,Moves,,Other,19.872
2020-07_gen5ou-0.json,Regice,Stats,Raw count,,148
2020-07_gen5ou-0.json,Regice,Stats,Avg. weight,,1.0
2020-07_gen5ou-0.json,Regice,Stats,Viability Ceiling,,65
2020-07_gen5ou-0.json,Regice,Stats,Modest,,6.081
2020-07_gen5ou-0.json,Regice,Stats,Bold,,8.108
2020-07_gen5ou-0.json,Regice,Stats,Hardy,,4.054
2020-07_gen5ou-0.json,Regice,Stats,Adamant,,4.054
2020-07_gen5ou-0.json,Regice,Abilities,,Clear Body,100.0
2020-07_gen5ou-0.json,Regice,Items,,Nothing,46.622
2020-07_gen5ou-0.json,Regice,Items,,Leftovers,21.622
2020-07_gen5ou-0.json,Regice,Items,,Life Orb,7.432
2020-07_gen5ou-0.json,Regice,Items,,Lum Berry,6.757
2020-07_gen5ou-0.json,Regice,Items,,Rocky Helmet,4.73
2020-07_gen5ou-0.json,Regice,Items,,Shell Bell,4.73
2020-07_gen5ou-0.json,Regice,Items,,Choice Scarf,2.027
2020-07_gen5ou-0.json,Regice,Items,,Focus Sash,2.027
2020-07_gen5ou-0.json,Regice,Items,,Other,4.054
2020-07_gen5ou-0.json,Regice,Spreads,,Other,27.703
2020-07_gen5ou-0.json,Regice,Moves,,Ice Beam,77.027
2020-07_gen5ou-0.json,Regice,Moves,,Thunderbolt,73.649
2020-07_gen5ou-0.json,Regice,Moves,,Flash Cannon,46.622
2020-07_gen5ou-0.json,Regice,Moves,,Hidden Power Fire,41.892
2020-07_gen5ou-0.json,Regice,Moves,,Rock Polish,20.27
2020-07_gen5ou-0.json,Regice,Moves,,Focus Blast,18.243
2020-07_gen5ou-0.json,Regice,Moves,,Blizzard,12.162
2020-07_gen5ou-0.json,Regice,Moves,,Rest,10.135
2020-07_gen5ou-0.json,Regice,Moves,,Ancient Power,9.459
2020-07_gen5ou-0.json,Regice,Moves,,Earthquake,7.432
2020-07_gen5ou-0.json,Regice,Moves,,Sleep Talk,6.757
2020-07_gen5ou-0.json,Regice,Moves,,Curse,6.757
2020-07_gen5ou-0.json,Regice,Moves,,Protect,6.757
2020-07_gen5ou-0.json,Regice,Moves,,Avalanche,6.081
2020-07_gen5ou-0.json,Regice,Moves,,Charge Beam,6.081
2020-07_gen5ou-0.json,Regice,Moves,,Hidden Power Ground,6.081
2020-07_gen5ou-0.json,Regice,Moves,,Toxic,5.405
2020-07_gen5ou-0.json,Regice,Moves,,Hail,5.405
2020-07_gen5ou-0.json,Regice,Moves,,Substitute,4.73
2020-07_gen5ou-0.json,Regice,Moves,,Frost Breath,4.054
2020-07_gen5ou-0.json,Regice,Moves,,Thunder Wave,3.378
2020-07_gen5ou-0.json,Regice,Moves,,Ice Punch,2.703
2020-07_gen5ou-0.json,Regice,Moves,,Other,18.919
2020-07_gen5ou-0.json,Raichu,Stats,Raw count,,165
2020-07_gen5ou-0.json,Raichu,Stats,Avg. weight,,1.0
2020-07_gen5ou-0.json,Raichu,Stats,Viability Ceiling,,51
2020-07_gen5ou-0.json,Raichu,Stats,Timid,,9.697
2020-07_gen5ou-0.json,Raichu,Stats,Jolly,,7.879
2020-07_gen5ou-0.json,Raichu,Stats,Hardy,,6.061
2020-07_gen5ou-0.json,Raichu,Stats,Careful,,4.848
2020-07_gen5ou-0.json,Raichu,Abilities,,Static,72.121
2020-07_gen5ou-0.json,Raichu,Abilities,,Lightning Rod,27.879
2020-07_gen5ou-0.json,Raichu,Items,,Focus Sash,22.424
2020-07_gen5ou-0.json,Raichu,Items,,Leftovers,20.606
2020-07_gen5ou-0.json,Raichu,Items,,Sitrus Berry,17.576
2020-07_gen5ou-0.json,Raichu,Items,,Life Orb,11.515
2020-07_gen5ou-0.json,Raichu,Items,,Nothing,9.697
2020-07_gen5ou-0.json,Raichu,Items,,Air Balloon,2.424
2020-07_gen5ou-0.json,Raichu,Items,,Choice Scarf,2.424
2020-07_gen5ou-0.json,Raichu,Items,,Choice Band,2.424
2020-07_gen5ou-0.json,Raichu,Items,,Expert Belt,1.818
2020-07_gen5ou-0.json,Raichu,Items,,Liechi Berry,1.818
2020-07_gen5ou-0.json,Raichu,Items,,Muscle Band,1.818
2020-07_gen5ou-0.json,Raichu,Items,,Electric Gem,1.818
2020-07_gen5ou-0.json,Raichu,Items,,Other,3.636
2020-07_gen5ou-0.json,Raichu,Spreads,,Other,49.091
2020-07_gen5ou-0.json,Raichu,Moves,,Thunderbolt,41.818
2020-07_gen5ou-0.json,Raichu,Moves,,Focus Blast,26.667
2020-07_gen5ou-0.json,Raichu,Moves,,Iron Tail,25.455
2020-07_gen5ou-0.json,Raichu,Moves,,Grass Knot,23.636
2020-07_gen5ou-0.json,Raichu,Moves,,Fake Out,18.788
2020-07_gen5ou-0.json,Raichu,Moves,,Thunder,18.182
2020-07_gen5ou-0.json,Raichu,Moves,,Volt Tackle,18.182
2020-07_gen5ou-0.json,Raichu,Moves,,Discharge,17.576
2020-07_gen5ou-0.json,Raichu,Moves,,Quick Attack,16.97
2020-07_gen5ou-0.json,Raichu,Moves,,Thunder Wave,16.364
2020-07_gen5ou-0.json,Raichu,Moves,,Brick Break,15.152
2020-07_gen5ou-0.json,Raichu,Moves,,Nasty Plot,14.545
2020-07_gen5ou-0.json,Raichu,Moves,,Volt Switch,13.939
2020-07_gen5ou-0.json,Raichu,Moves,,Electro Ball,12.121
2020-07_gen5ou-0.json,Raichu,Moves,,Agility,12.121
2020-07_gen5ou-0.json,Raichu,Moves,,Hidden Power Ice,11.515
2020-07_gen5ou-0.json,Raichu,Moves,,Protect,9.697
2020-07_gen5ou-0.json,Raichu,Moves,,Body Slam,9.091
2020-07_gen5ou-0.json,Raichu,Moves,,Encore,9.091
2020-07_gen5ou-0.json,Raichu,Moves,,Endure,7.879
2020-07_gen5ou-0.json,Raichu,Moves,,Wild Charge,6.061
2020-07_gen5ou-0.json,Raichu,Moves,,Thunder Punch,4.848
2020-07_gen5ou-0.json,Raichu,Moves,,Extreme Speed,4.848
2020-07_gen5ou-0.json,Raichu,Moves,,Wish,4.848
2020-07_gen5ou-0.json,Raichu,Moves,,Focus Punch,4.242
2020-07_gen5ou-0.json,Raichu,Moves,,Signal Beam,4.242
2020-07_gen5ou-0.json,Raichu,Moves,,Knock Off,3.636
2020-07_gen5ou-0.json,Raichu,Moves,,Dig,3.636
2020-07_gen5ou-0.json,Raichu,Moves,,Charge Beam,3.03
2020-07_gen5ou-0.json,Raichu,Moves,,Toxic,3.03
2020-07_gen5ou-0.json,Raichu,Moves,,Other,18.788
2020-07_gen5ou-0.json,Rampardos,Stats,Raw count,,152
2020-07_gen5ou-0.json,Rampardos,Stats,Avg. weight,,1.0
2020-07_gen5ou-0.json,Rampardos,Stats,Viability Ceiling,,67
2020-07_gen5ou-0.json,Rampardos,Stats,Adamant,,5.921
2020-07_gen5ou-0.json,Rampardos,Stats,Brave,,12.500
2020-07_gen5ou-0.json,Rampardos,Abilities,,Mold Breaker,55.263
2020-07_gen5ou-0.json,Rampardos,Abilities,,Sheer Force,44.737
2020-07_gen5ou-0.json,Rampardos,Items,,Choice Band,36.184
2020-07_gen5ou-0.json,Rampardos,Items,,Life Orb,25.0
2020-07_gen5ou-0.json,Rampardos,Items,,Focus Sash,10.526
2020-07_gen5ou-0.json,Rampardos,Items,,Leftovers,9.868
2020-07_gen5ou-0.json,Rampardos,Items,,Choice Scarf,5.921
2020-07_gen5ou-0.json,Rampardos,Items,,Sitrus Berry,4.605
2020-07_gen5ou-0.json,Rampardos,Items,,Hard Stone,2.632
2020-07_gen5ou-0.json,Rampardos,Items,,Rocky Helmet,1.974
2020-07_gen5ou-0.json,Rampardos,Items,,Other,3.289
2020-07_gen5ou-0.json,Rampardos,Spreads,,Other,29.605
2020-07_gen5ou-0.json,Rampardos,Moves,,Fire Punch,55.263
2020-07_gen5ou-0.json,Rampardos,Moves,,Earthquake,46.053
2020-07_gen5ou-0.json,Rampardos,Moves,,Head Smash,42.763
2020-07_gen5ou-0.json,Rampardos,Moves,,Rock Slide,41.447
2020-07_gen5ou-0.json,Rampardos,Moves,,Superpower,36.842
2020-07_gen5ou-0.json,Rampardos,Moves,,Zen Headbutt,29.605
2020-07_gen5ou-0.json,Rampardos,Moves,,Thunder Punch,23.684
2020-07_gen5ou-0.json,Rampardos,Moves,,Crunch,18.421
2020-07_gen5ou-0.json,Rampardos,Moves,,Iron Head,14.474
2020-07_gen5ou-0.json,Rampardos,Moves,,Stone Edge,11.184
2020-07_gen5ou-0.json,Rampardos,Moves,,Dragon Tail,9.211
2020-07_gen5ou-0.json,Rampardos,Moves,,Swords Dance,8.553
2020-07_gen5ou-0.json,Rampardos,Moves,,Brick Break,7.895
2020-07_gen5ou-0.json,Rampardos,Moves,,Hammer Arm,7.237
2020-07_gen5ou-0.json,Rampardos,Moves,,Avalanche,5.263
2020-07_gen5ou-0.json,Rampardos,Moves,,Rock Polish,5.263
2020-07_gen5ou-0.json,Rampardos,Moves,,Stealth Rock,4.605
2020-07_gen5ou-0.json,Rampardos,Moves,,Nothing,3.947
2020-07_gen5ou-0.json,Rampardos,Moves,,Giga Impact,3.289
2020-07_gen5ou-0.json,Rampardos,Moves,,Ancient Power,3.289
2020-07_gen5ou-0.json,Rampardos,Moves,,Focus Punch,2.632
2020-07_gen5ou-0.json,Rampardos,Moves,,Other,19.079
2020-07_gen5ou-0.json,Crawdaunt,Stats,Raw count,,148
2020-07_gen5ou-0.json,Crawdaunt,Stats,Avg. weight,,1.0
2020-07_gen5ou-0.json,Crawdaunt,Stats,Viability Ceiling,,79
2020-07_gen5ou-0.json,Crawdaunt,Stats,Adamant,,4.054
2020-07_gen5ou-0.json,Crawdaunt,Stats,Brave,,9.459
2020-07_gen5ou-0.json,Crawdaunt,Abilities,,Adaptability,61.486
2020-07_gen5ou-0.json,Crawdaunt,Abilities,,Hyper Cutter,31.757
2020-07_gen5ou-0.json,Crawdaunt,Abilities,,Shell Armor,6.757
2020-07_gen5ou-0.json,Crawdaunt,Items,,Life Orb,32.432
2020-07_gen5ou-0.json,Crawdaunt,Items,,Focus Sash,16.216
2020-07_gen5ou-0.json,Crawdaunt,Items,,Lum Berry,12.838
2020-07_gen5ou-0.json,Crawdaunt,Items,,Leftovers,8.108
2020-07_gen5ou-0.json,Crawdaunt,Items,,Dark Gem,6.757
2020-07_gen5ou-0.json,Crawdaunt,Items,,Choice Band,6.757
2020-07_gen5ou-0.json,Crawdaunt,Items,,Choice Scarf,4.73
2020-07_gen5ou-0.json,Crawdaunt,Items,,Black Belt,3.378
2020-07_gen5ou-0.json,Crawdaunt,Items,,Sitrus Berry,2.703
2020-07_gen5ou-0.json,Crawdaunt,Items,,Enigma Berry,2.027
2020-07_gen5ou-0.json,Crawdaunt,Items,,Other,4.054
2020-07_gen5ou-0.json,Crawdaunt,Spreads,,Other,33.108
2020-07_gen5ou-0.json,Crawdaunt,Moves,,Crabhammer,83.108
2020-07_gen5ou-0.json,Crawdaunt,Moves,,Superpower,62.838
2020-07_gen5ou-0.json,Crawdaunt,Moves,,Crunch,62.838
2020-07_gen5ou-0.json,Crawdaunt,Moves,,Swords Dance,45.27
2020-07_gen5ou-0.json,Crawdaunt,Moves,,Dragon Dance,31.757
2020-07_gen5ou-0.json,Crawdaunt,Moves,,Knock Off,23.649
2020-07_gen5ou-0.json,Crawdaunt,Moves,,Waterfall,15.541
2020-07_gen5ou-0.json,Crawdaunt,Moves,,X-Scissor,14.865
2020-07_gen5ou-0.json,Crawdaunt,Moves,,Rock Slide,12.162
2020-07_gen5ou-0.json,Crawdaunt,Moves,,Taunt,9.459
2020-07_gen5ou-0.json,Crawdaunt,Moves,,Brick Break,7.432
2020-07_gen5ou-0.json,Crawdaunt,Moves,,Aerial Ace,3.378
2020-07_gen5ou-0.json,Crawdaunt,Moves,,Dark Pulse,3.378
2020-07_gen5ou-0.json,Crawdaunt,Moves,,Avalanche,2.027
2020-07_gen5ou-0.json,Crawdaunt,Moves,,Ice Beam,2.027
2020-07_gen5ou-0.json,Crawdaunt,Moves,,Night Slash,2.027
2020-07_gen5ou-0.json,Crawdaunt,Moves,,Other,18.243
2020-07_gen5ou-0.json,Oshawott,Stats,Raw count,,171
2020-07_gen5ou-0.json,Oshawott,Stats,Avg. weight,,1.0
2020-07_gen5ou-0.json,Oshawott,Stats,Viability Ceiling,,55
2020-07_gen5ou-0.json,Oshawott,Stats,Lonely,,9.357
2020-07_gen5ou-0.json,Oshawott,Stats,Hardy,,5.263
2020-07_gen5ou-0.json,Oshawott,Stats,Mild,,6.433
2020-07_gen5ou-0.json,Oshawott,Abilities,,Torrent,100.0
2020-07_gen5ou-0.json,Oshawott,Items,,Nothing,23.392
2020-07_gen5ou-0.json,Oshawott,Items,,Leftovers,22.222
2020-07_gen5ou-0.json,Oshawott,Items,,Eviolite,15.205
2020-07_gen5ou-0.json,Oshawott,Items,,Focus Sash,12.281
2020-07_gen5ou-0.json,Oshawott,Items,,Sitrus Berry,5.848
2020-07_gen5ou-0.json,Oshawott,Items,,Mystic Water,5.263
2020-07_gen5ou-0.json,Oshawott,Items,,Water Gem,4.094
2020-07_gen5ou-0.json,Oshawott,Items,,Life Orb,2.339
2020-07_gen5ou-0.json,Oshawott,Items,,Choice Scarf,2.339
2020-07_gen5ou-0.json,Oshawott,Items,,Choice Band,2.339
2020-07_gen5ou-0.json,Oshawott,Items,,Other,4.678
2020-07_gen5ou-0.json,Oshawott,Spreads,,Other,56.725
2020-07_gen5ou-0.json,Oshawott,Moves,,Aqua Jet,87.135
2020-07_gen5ou-0.json,Oshawott,Moves,,Razor Shell,61.988
2020-07_gen5ou-0.json,Oshawott,Moves,,Hydro Pump,59.649
2020-07_gen5ou-0.json,Oshawott,Moves,,Tackle,35.673
2020-07_gen5ou-0.json,Oshawott,Moves,,Water Gun,29.24
2020-07_gen5ou-0.json,Oshawott,Moves,,Ice Beam,18.129
2020-07_gen5ou-0.json,Oshawott,Moves,,Blizzard,14.035
2020-07_gen5ou-0.json,Oshawott,Moves,,Aqua Tail,11.111
2020-07_gen5ou-0.json,Oshawott,Moves,,Air Slash,9.942
2020-07_gen5ou-0.json,Oshawott,Moves,,Waterfall,9.357
2020-07_gen5ou-0.json,Oshawott,Moves,,Nothing,7.602
2020-07_gen5ou-0.json,Oshawott,Moves,,Water Pulse,7.602
2020-07_gen5ou-0.json,Oshawott,Moves,,Hidden Power Water,6.433
2020-07_gen5ou-0.json,Oshawott,Moves,,Surf,6.433
2020-07_gen5ou-0.json,Oshawott,Moves,,X-Scissor,5.848
2020-07_gen5ou-0.json,Oshawott,Moves,,Tail Whip,4.678
2020-07_gen5ou-0.json,Oshawott,Moves,,Swords Dance,4.094
2020-07_gen5ou-0.json,Oshawott,Moves,,Revenge,2.924
2020-07_gen5ou-0.json,Oshawott,Moves,,Other,18.129
2020-07_gen5ou-0.json,Emolga,Stats,Raw count,,151
2020-07_gen5ou-0.json,Emolga,Stats,Avg. weight,,1.0
2020-07_gen5ou-0.json,Emolga,Stats,Viability Ceiling,,55
2020-07_gen5ou-0.json,Emolga,Stats,Adamant,,8.609
2020-07_gen5ou-0.json,Emolga,Stats,Hardy,,6.623
2020-07_gen5ou-0.json,Emolga,Stats,Timid,,5.960
2020-07_gen5ou-0.json,Emolga,Stats,Modest,,7.947
2020-07_gen5ou-0.json,Emolga,Abilities,,Static,74.172
2020-07_gen5ou-0.json,Emolga,Abilities,,Motor Drive,25.828
2020-07_gen5ou-0.json,Emolga,Items,,Leftovers,27.815
2020-07_gen5ou-0.json,Emolga,Items,,Nothing,14.57
2020-07_gen5ou-0.json,Emolga,Items,,Focus Sash,9.272
2020-07_gen5ou-0.json,Emolga,Items,,Electric Gem,9.272
2020-07_gen5ou-0.json,Emolga,Items,,Sitrus Berry,8.609
2020-07_gen5ou-0.json,Emolga,Items,,Flying Gem,5.96
2020-07_gen5ou-0.json,Emolga,Items,,Life Orb,5.298
2020-07_gen5ou-0.json,Emolga,Items,,Choice Specs,5.298
2020-07_gen5ou-0.json,Emolga,Items,,Quick Claw,3.974
2020-07_gen5ou-0.json,Emolga,Items,,Expert Belt,3.311
2020-07_gen5ou-0.json,Emolga,Items,,Choice Scarf,1.987
2020-07_gen5ou-0.json,Emolga,Items,,Other,4.636
2020-07_gen5ou-0.json,Emolga,Spreads,,Other,53.642
2020-07_gen5ou-0.json,Emolga,Moves,,Air Slash,62.914
2020-07_gen5ou-0.json,Emolga,Moves,,Volt Switch,62.914
2020-07_gen5ou-0.json,Emolga,Moves,,Discharge,25.166
2020-07_gen5ou-0.json,Emolga,Moves,,Acrobatics,23.179
2020-07_gen5ou-0.json,Emolga,Moves,,Thunderbolt,21.854
2020-07_gen5ou-0.json,Emolga,Moves,,Roost,20.53
2020-07_gen5ou-0.json,Emolga,Moves,,Signal Beam,18.543
2020-07_gen5ou-0.json,Emolga,Moves,,Encore,18.543
2020-07_gen5ou-0.json,Emolga,Moves,,Thunder,15.232
2020-07_gen5ou-0.json,Emolga,Moves,,Taunt,13.245
2020-07_gen5ou-0.json,Emolga,Moves,,Thunder Wave,9.272
2020-07_gen5ou-0.json,Emolga,Moves,,Return,8.609
2020-07_gen5ou-0.json,Emolga,Moves,,Tailwind,8.609
2020-07_gen5ou-0.json,Emolga,Moves,,U-turn,8.609
2020-07_gen5ou-0.json,Emolga,Moves,,Agility,7.947
2020-07_gen5ou-0.json,Emolga,Moves,,Knock Off,7.947
2020-07_gen5ou-0.json,Emolga,Moves,,Hidden Power Grass,6.623
2020-07_gen5ou-0.json,Emolga,Moves,,Attract,5.96
2020-07_gen5ou-0.json,Emolga,Moves,,Hidden Power Ice,5.96
2020-07_gen5ou-0.json,Emolga,Moves,,Aerial Ace,5.298
2020-07_gen5ou-0.json,Emolga,Moves,,Wild Charge,5.298
2020-07_gen5ou-0.json,Emolga,Moves,,Iron Tail,4.636
2020-07_gen5ou-0.json,Emolga,Moves,,Toxic,3.974
2020-07_gen5ou-0.json,Emolga,Moves,,Quick Attack,3.311
2020-07_gen5ou-0.json,Emolga,Moves,,Pursuit,3.311
2020-07_gen5ou-0.json,Emolga,Moves,,Spark,2.649
2020-07_gen5ou-0.json,Emolga,Moves,,Other,19.868
2020-07_gen5ou-0.json,Registeel,Stats,Raw count,,142
2020-07_gen5ou-0.json,Registeel,Stats,Avg. weight,,1.0
2020-07_gen5ou-0.json,Registeel,Stats,Viability Ceiling,,67
2020-07_gen5ou-0.json,Registeel,Stats,Careful,,15.493
2020-07_gen5ou-0.json,Registeel,Stats,Bold,,6.338
2020-07_gen5ou-0.json,Registeel,Stats,Adamant,,4.930
2020-07_gen5ou-0.json,Registeel,Stats,Relaxed,,4.930
2020-07_gen5ou-0.json,Registeel,Stats,Sassy,,4.225
2020-07_gen5ou-0.json,Registeel,Abilities,,Clear Body,100.0
2020-07_gen5ou-0.json,Registeel,Items,,Leftovers,55.634
2020-07_gen5ou-0.json,Registeel,Items,,Rocky Helmet,12.676
2020-07_gen5ou-0.json,Registeel,Items,,Chesto Berry,7.042
2020-07_gen5ou-0.json,Registeel,Items,,Expert Belt,6.338
2020-07_gen5ou-0.json,Registeel,Items,,Shell Bell,4.93
2020-07_gen5ou-0.json,Registeel,Items,,Steel Gem,4.225
2020-07_gen5ou-0.json,Registeel,Items,,Nothing,3.521
2020-07_gen5ou-0.json,Registeel,Items,,Choice Scarf,2.113
2020-07_gen5ou-0.json,Registeel,Items,,Other,3.521
2020-07_gen5ou-0.json,Registeel,Spreads,,Other,40.845
2020-07_gen5ou-0.json,Registeel,Moves,,Toxic,49.296
2020-07_gen5ou-0.json,Registeel,Moves,,Stealth Rock,49.296
2020-07_gen5ou-0.json,Registeel,Moves,,Seismic Toss,47.183
2020-07_gen5ou-0.json,Registeel,Moves,,Protect,44.366
2020-07_gen5ou-0.json,Registeel,Moves,,Thunder Wave,38.028
2020-07_gen5ou-0.json,Registeel,Moves,,Earthquake,27.465
2020-07_gen5ou-0.json,Registeel,Moves,,Iron Head,19.014
2020-07_gen5ou-0.json,Registeel,Moves,,Rest,16.901
2020-07_gen5ou-0.json,Registeel,Moves,,Flash Cannon,16.197
2020-07_gen5ou-0.json,Registeel,Moves,,Curse,11.268
2020-07_gen5ou-0.json,Registeel,Moves,,Ancient Power,9.155
2020-07_gen5ou-0.json,Registeel,Moves,,Iron Defense,8.451
2020-07_gen5ou-0.json,Registeel,Moves,,Sleep Talk,7.042
2020-07_gen5ou-0.json,Registeel,Moves,,Substitute,6.338
2020-07_gen5ou-0.json,Registeel,Moves,,Body Slam,6.338
2020-07_gen5ou-0.json,Registeel,Moves,,Explosion,5.634
2020-07_gen5ou-0.json,Registeel,Moves,,Thunderbolt,4.93
2020-07_gen5ou-0.json,Registeel,Moves,,Rock Slide,4.225
2020-07_gen5ou-0.json,Registeel,Moves,,Counter,4.225
2020-07_gen5ou-0.json,Registeel,Moves,,Brick Break,3.521
2020-07_gen5ou-0.json,Registeel,Moves,,Hidden Power Grass,3.521
2020-07_gen5ou-0.json,Registeel,Moves,,Other,17.606
2020-07_gen5ou-0.json,Linoone,Stats,Raw count,,154
2020-07_gen5ou-0.json,Linoone,Stats,Avg. weight,,1.0
2020-07_gen5ou-0.json,Linoone,Stats,Viability Ceiling,,67
2020-07_gen5ou-0.json,Linoone,Stats,Jolly,,9.740
2020-07_gen5ou-0.json,Linoone,Stats,Adamant,,10.390
2020-07_gen5ou-0.json,Linoone,Stats,Serious,,3.896
2020-07_gen5ou-0.json,Linoone,Stats,Hardy,,3.247
2020-07_gen5ou-0.json,Linoone,Stats,Impish,,2.597
2020-07_gen5ou-0.json,Linoone,Abilities,,Gluttony,46.753
2020-07_gen5ou-0.json,Linoone,Abilities,,Pickup,42.208
2020-07_gen5ou-0.json,Linoone,Abilities,,Quick Feet,11.039
2020-07_gen5ou-0.json,Linoone,Items,,Sitrus Berry,56.494
2020-07_gen5ou-0.json,Linoone,Items,,Silk Scarf,10.39
2020-07_gen5ou-0.json,Linoone,Items,,Aguav Berry,7.143
2020-07_gen5ou-0.json,Linoone,Items,,Salac Berry,5.844
2020-07_gen5ou-0.json,Linoone,Items,,Eject Button,3.896
2020-07_gen5ou-0.json,Linoone,Items,,Quick Claw,3.247
2020-07_gen5ou-0.json,Linoone,Items,,Nothing,3.247
2020-07_gen5ou-0.json,Linoone,Items,,Berry Juice,1.948
2020-07_gen5ou-0.json,Linoone,Items,,Figy Berry,1.948
2020-07_gen5ou-0.json,Linoone,Items,,Focus Sash,1.948
2020-07_gen5ou-0.json,Linoone,Items,,Other,3.896
2020-07_gen5ou-0.json,Linoone,Spreads,,Other,11.688
2020-07_gen5ou-0.json,Linoone,Moves,,Belly Drum,94.156
2020-07_gen5ou-0.json,Linoone,Moves,,Extreme Speed,83.117
2020-07_gen5ou-0.json,Linoone,Moves,,Shadow Claw,78.571
2020-07_gen5ou-0.json,Linoone,Moves,,Seed Bomb,70.779
2020-07_gen5ou-0.json,Linoone,Moves,,Nothing,14.286
2020-07_gen5ou-0.json,Linoone,Moves,,Facade,7.143
2020-07_gen5ou-0.json,Linoone,Moves,,Substitute,6.494
2020-07_gen5ou-0.json,Linoone,Moves,,Body Slam,5.844
2020-07_gen5ou-0.json,Linoone,Moves,,Pursuit,5.844
2020-07_gen5ou-0.json,Linoone,Moves,,Simple Beam,5.195
2020-07_gen5ou-0.json,Linoone,Moves,,Rest,3.896
2020-07_gen5ou-0.json,Linoone,Moves,,Gunk Shot,3.896
2020-07_gen5ou-0.json,Linoone,Moves,,Hone Claws,3.247
2020-07_gen5ou-0.json,Linoone,Moves,,Other,17.532
2020-07_gen5ou-0.json,Buizel,Stats,Raw count,,145
2020-07_gen5ou-0.json,Buizel,Stats,Avg. weight,,1.0
2020-07_gen5ou-0.json,Buizel,Stats,Viability Ceiling,,45
2020-07_gen5ou-0.json,Buizel,Stats,Naughty,,77.241
2020-07_gen5ou-0.json,Buizel,Stats,Hardy,,2.069
2020-07_gen5ou-0.json,Buizel,Stats,Timid,,3.448
2020-07_gen5ou-0.json,Buizel,Stats,Jolly,,2.759
2020-07_gen5ou-0.json,Buizel,Abilities,,Swift Swim,94.483
2020-07_gen5ou-0.json,Buizel,Abilities,,Water Veil,5.517
2020-07_gen5ou-0.json,Buizel,Items,,Eviolite,80.69
2020-07_gen5ou-0.json,Buizel,Items,,Water Gem,7.586
2020-07_gen5ou-0.json,Buizel,Items,,Focus Sash,3.448
2020-07_gen5ou-0.json,Buizel,Items,,Choice Scarf,2.759
2020-07_gen5ou-0.json,Buizel,Items,,Mystic Water,2.759
2020-07_gen5ou-0.json,Buizel,Items,,Other,2.759
2020-07_gen5ou-0.json,Buizel,Spreads,,Other,4.138
2020-07_gen5ou-0.json,Buizel,Moves,,Ice Punch,88.966
2020-07_gen5ou-0.json,Buizel,Moves,,Aqua Jet,82.069
2020-07_gen5ou-0.json,Buizel,Moves,,Water Pulse,72.414
2020-07_gen5ou-0.json,Buizel,Moves,,Bulk Up,71.724
2020-07_gen5ou-0.json,Buizel,Moves,,Hydro Pump,11.724
2020-07_gen5ou-0.json,Buizel,Moves,,Toxic,8.966
2020-07_gen5ou-0.json,Buizel,Moves,,Water Gun,7.586
2020-07_gen5ou-0.json,Buizel,Moves,,Rock Tomb,7.586
2020-07_gen5ou-0.json,Buizel,Moves,,Aqua Tail,6.897
2020-07_gen5ou-0.json,Buizel,Moves,,Waterfall,6.897
2020-07_gen5ou-0.json,Buizel,Moves,,Blizzard,4.828
2020-07_gen5ou-0.json,Buizel,Moves,,Surf,4.138
2020-07_gen5ou-0.json,Buizel,Moves,,Substitute,3.448
2020-07_gen5ou-0.json,Buizel,Moves,,Baton Pass,3.448
2020-07_gen5ou-0.json,Buizel,Moves,,Other,19.31
2020-07_gen5ou-0.json,Audino,Stats,Raw count,,143
2020-07_gen5ou-0.json,Audino,Stats,Avg. weight,,1.0
2020-07_gen5ou-0.json,Audino,Stats,Viability Ceiling,,65
2020-07_gen5ou-0.json,Audino,Stats,Sassy,,23.077
2020-07_gen5ou-0.json,Audino,Stats,Calm,,5.594
2020-07_gen5ou-0.json,Audino,Stats,Modest,,7.692
2020-07_gen5ou-0.json,Audino,Stats,Relaxed,,6.294
2020-07_gen5ou-0.json,Audino,Stats,Careful,,5.594
2020-07_gen5ou-0.json,Audino,Abilities,,Regenerator,65.734
2020-07_gen5ou-0.json,Audino,Abilities,,Healer,34.266
2020-07_gen5ou-0.json,Audino,Items,,Leftovers,65.734
2020-07_gen5ou-0.json,Audino,Items,,Nothing,9.091
2020-07_gen5ou-0.json,Audino,Items,,Sitrus Berry,6.294
2020-07_gen5ou-0.json,Audino,Items,,Focus Sash,5.594
2020-07_gen5ou-0.json,Audino,Items,,Light Clay,3.497
2020-07_gen5ou-0.json,Audino,Items,,Normal Gem,2.797
2020-07_gen5ou-0.json,Audino,Items,,Life Orb,2.098
2020-07_gen5ou-0.json,Audino,Items,,Other,4.895
2020-07_gen5ou-0.json,Audino,Spreads,,Other,37.762
2020-07_gen5ou-0.json,Audino,Moves,,Wish,62.937
2020-07_gen5ou-0.json,Audino,Moves,,Heal Bell,57.343
2020-07_gen5ou-0.json,Audino,Moves,,Trick Room,32.867
2020-07_gen5ou-0.json,Audino,Moves,,Psychic,30.769
2020-07_gen5ou-0.json,Audino,Moves,,Toxic,20.979
2020-07_gen5ou-0.json,Audino,Moves,,Protect,18.881
2020-07_gen5ou-0.json,Audino,Moves,,Knock Off,16.084
2020-07_gen5ou-0.json,Audino,Moves,,Double-Edge,16.084
2020-07_gen5ou-0.json,Audino,Moves,,Fire Blast,11.888
2020-07_gen5ou-0.json,Audino,Moves,,Healing Wish,11.189
2020-07_gen5ou-0.json,Audino,Moves,,Hyper Voice,11.189
2020-07_gen5ou-0.json,Audino,Moves,,Fire Punch,9.79
2020-07_gen5ou-0.json,Audino,Moves,,Calm Mind,8.392
2020-07_gen5ou-0.json,Audino,Moves,,Reflect,8.392
2020-07_gen5ou-0.json,Audino,Moves,,Light Screen,7.692
2020-07_gen5ou-0.json,Audino,Moves,,Hidden Power Ground,7.692
2020-07_gen5ou-0.json,Audino,Moves,,Drain Punch,7.692
2020-07_gen5ou-0.json,Audino,Moves,,Flamethrower,6.294
2020-07_gen5ou-0.json,Audino,Moves,,Encore,6.294
2020-07_gen5ou-0.json,Audino,Moves,,Ice Punch,5.594
2020-07_gen5ou-0.json,Audino,Moves,,Low Kick,4.196
2020-07_gen5ou-0.json,Audino,Moves,,Work Up,3.497
2020-07_gen5ou-0.json,Audino,Moves,,Thunder Wave,3.497
2020-07_gen5ou-0.json,Audino,Moves,,Nothing,2.797
2020-07_gen5ou-0.json,Audino,Moves,,Ice Beam,2.797
2020-07_gen5ou-0.json,Audino,Moves,,Substitute,2.797
2020-07_gen5ou-0.json,Audino,Moves,,Attract,2.098
2020-07_gen5ou-0.json,Audino,Moves,,Simple Beam,2.098
2020-07_gen5ou-0.json,Audino,Moves,,Other,18.182
2020-07_gen5ou-0.json,Wobbuffet,Stats,Raw count,,134
2020-07_gen5ou-0.json,Wobbuffet,Stats,Avg. weight,,1.0
2020-07_gen5ou-0.json,Wobbuffet,Stats,Viability Ceiling,,66
2020-07_gen5ou-0.json,Wobbuffet,Stats,Calm,,11.194
2020-07_gen5ou-0.json,Wobbuffet,Stats,Sassy,,8.209
2020-07_gen5ou-0.json,Wobbuffet,Stats,Hardy,,5.224
2020-07_gen5ou-0.json,Wobbuffet,Stats,Bold,,5.224
2020-07_gen5ou-0.json,Wobbuffet,Abilities,,Telepathy,100.0
2020-07_gen5ou-0.json,Wobbuffet,Items,,Leftovers,40.299
2020-07_gen5ou-0.json,Wobbuffet,Items,,Focus Sash,22.388
2020-07_gen5ou-0.json,Wobbuffet,Items,,Custap Berry,14.179
2020-07_gen5ou-0.json,Wobbuffet,Items,,Nothing,9.701
2020-07_gen5ou-0.json,Wobbuffet,Items,,Sitrus Berry,5.224
2020-07_gen5ou-0.json,Wobbuffet,Items,,Rocky Helmet,2.239
2020-07_gen5ou-0.json,Wobbuffet,Items,,Choice Scarf,1.493
2020-07_gen5ou-0.json,Wobbuffet,Items,,Other,4.478
2020-07_gen5ou-0.json,Wobbuffet,Spreads,,Other,23.881
2020-07_gen5ou-0.json,Wobbuffet,Moves,,Counter,97.015
2020-07_gen5ou-0.json,Wobbuffet,Moves,,Mirror Coat,92.537
2020-07_gen5ou-0.json,Wobbuffet,Moves,,Destiny Bond,87.313
2020-07_gen5ou-0.json,Wobbuffet,Moves,,Encore,77.612
2020-07_gen5ou-0.json,Wobbuffet,Moves,,Safeguard,29.104
2020-07_gen5ou-0.json,Wobbuffet,Moves,,Other,16.418
2020-07_gen5ou-0.json,Shaymin,Stats,Raw count,,136
2020-07_gen5ou-0.json,Shaymin,Stats,Avg. weight,,1.0
2020-07_gen5ou-0.json,Shaymin,Stats,Viability Ceiling,,85
2020-07_gen5ou-0.json,Shaymin,Stats,Modest,,3.676
2020-07_gen5ou-0.json,Shaymin,Stats,Timid,,14.706
2020-07_gen5ou-0.json,Shaymin,Stats,Hardy,,8.088
2020-07_gen5ou-0.json,Shaymin,Abilities,,Natural Cure,100.0
2020-07_gen5ou-0.json,Shaymin,Items,,Leftovers,68.382
2020-07_gen5ou-0.json,Shaymin,Items,,Life Orb,13.971
2020-07_gen5ou-0.json,Shaymin,Items,,Rose Incense,8.824
2020-07_gen5ou-0.json,Shaymin,Items,,Nothing,2.941
2020-07_gen5ou-0.json,Shaymin,Items,,Wide Lens,2.206
2020-07_gen5ou-0.json,Shaymin,Items,,Other,3.676
2020-07_gen5ou-0.json,Shaymin,Spreads,,Other,31.618
2020-07_gen5ou-0.json,Shaymin,Moves,,Seed Flare,72.794
2020-07_gen5ou-0.json,Shaymin,Moves,,Earth Power,55.882
2020-07_gen5ou-0.json,Shaymin,Moves,,Hidden Power Fire,42.647
2020-07_gen5ou-0.json,Shaymin,Moves,,Air Slash,34.559
2020-07_gen5ou-0.json,Shaymin,Moves,,Rest,30.882
2020-07_gen5ou-0.json,Shaymin,Moves,,Giga Drain,23.529
2020-07_gen5ou-0.json,Shaymin,Moves,,Psychic,18.382
2020-07_gen5ou-0.json,Shaymin,Moves,,Aromatherapy,18.382
2020-07_gen5ou-0.json,Shaymin,Moves,,Tailwind,17.647
2020-07_gen5ou-0.json,Shaymin,Moves,,Energy Ball,10.294
2020-07_gen5ou-0.json,Shaymin,Moves,,Healing Wish,9.559
2020-07_gen5ou-0.json,Shaymin,Moves,,Hidden Power Ice,9.559
2020-07_gen5ou-0.json,Shaymin,Moves,,Leech Seed,8.824
2020-07_gen5ou-0.json,Shaymin,Moves,,Hidden Power Water,8.088
2020-07_gen5ou-0.json,Shaymin,Moves,,Bullet Seed,8.088
2020-07_gen5ou-0.json,Shaymin,Moves,,Leaf Storm,7.353
2020-07_gen5ou-0.json,Shaymin,Moves,,Protect,4.412
2020-07_gen5ou-0.json,Shaymin,Moves,,Other,19.118
2020-07_gen5ou-0.json,Nosepass,Stats,Raw count,,157
2020-07_gen5ou-0.json,Nosepass,Stats,Avg. weight,,1.0
2020-07_gen5ou-0.json,Nosepass,Stats,Viability Ceiling,,50
2020-07_gen5ou-0.json,Nosepass,Stats,Hardy,,5.732
2020-07_gen5ou-0.json,Nosepass,Stats,Naive,,6.369
2020-07_gen5ou-0.json,Nosepass,Stats,Bold,,4.459
2020-07_gen5ou-0.json,Nosepass,Abilities,,Sturdy,100.0
2020-07_gen5ou-0.json,Nosepass,Items,,Berry Juice,36.943
2020-07_gen5ou-0.json,Nosepass,Items,,Oran Berry,35.032
2020-07_gen5ou-0.json,Nosepass,Items,,Focus Sash,9.554
2020-07_gen5ou-0.json,Nosepass,Items,,Leftovers,5.732
2020-07_gen5ou-0.json,Nosepass,Items,,Nothing,5.732
2020-07_gen5ou-0.json,Nosepass,Items,,Rocky Helmet,3.185
2020-07_gen5ou-0.json,Nosepass,Items,,Other,3.822
2020-07_gen5ou-0.json,Nosepass,Spreads,,Other,19.108
2020-07_gen5ou-0.json,Nosepass,Moves,,Pain Split,99.363
2020-07_gen5ou-0.json,Nosepass,Moves,,Toxic,82.166
2020-07_gen5ou-0.json,Nosepass,Moves,,Protect,61.146
2020-07_gen5ou-0.json,Nosepass,Moves,,Stealth Rock,54.14
2020-07_gen5ou-0.json,Nosepass,Moves,,Thunder Wave,35.032
2020-07_gen5ou-0.json,Nosepass,Moves,,Magic Coat,32.484
2020-07_gen5ou-0.json,Nosepass,Moves,,Nothing,11.465
2020-07_gen5ou-0.json,Nosepass,Moves,,Hidden Power Ice,5.732
2020-07_gen5ou-0.json,Nosepass,Moves,,Other,18.471
2020-07_gen5ou-0.json,Armaldo,Stats,Raw count,,118
2020-07_gen5ou-0.json,Armaldo,Stats,Avg. weight,,1.0
2020-07_gen5ou-0.json,Armaldo,Stats,Viability Ceiling,,59
2020-07_gen5ou-0.json,Armaldo,Stats,Impish,,13.559
2020-07_gen5ou-0.json,Armaldo,Stats,Adamant,,10.169
2020-07_gen5ou-0.json,Armaldo,Stats,Relaxed,,11.017
2020-07_gen5ou-0.json,Armaldo,Stats,Brave,,6.780
2020-07_gen5ou-0.json,Armaldo,Abilities,,Battle Armor,73.729
2020-07_gen5ou-0.json,Armaldo,Abilities,,Swift Swim,26.271
2020-07_gen5ou-0.json,Armaldo,Items,,Leftovers,50.0
2020-07_gen5ou-0.json,Armaldo,Items,,Sitrus Berry,16.102
2020-07_gen5ou-0.json,Armaldo,Items,,Choice Band,13.559
2020-07_gen5ou-0.json,Armaldo,Items,,Lum Berry,5.932
2020-07_gen5ou-0.json,Armaldo,Items,,White Herb,5.085
2020-07_gen5ou-0.json,Armaldo,Items,,Liechi Berry,2.542
2020-07_gen5ou-0.json,Armaldo,Items,,Life Orb,2.542
2020-07_gen5ou-0.json,Armaldo,Items,,Other,4.237
2020-07_gen5ou-0.json,Armaldo,Spreads,,Other,33.051
2020-07_gen5ou-0.json,Armaldo,Moves,,X-Scissor,65.254
2020-07_gen5ou-0.json,Armaldo,Moves,,Earthquake,55.932
2020-07_gen5ou-0.json,Armaldo,Moves,,Stone Edge,49.153
2020-07_gen5ou-0.json,Armaldo,Moves,,Rapid Spin,42.373
2020-07_gen5ou-0.json,Armaldo,Moves,,Rock Slide,28.814
2020-07_gen5ou-0.json,Armaldo,Moves,,Stealth Rock,27.966
2020-07_gen5ou-0.json,Armaldo,Moves,,Aqua Tail,22.034
2020-07_gen5ou-0.json,Armaldo,Moves,,Knock Off,17.797
2020-07_gen5ou-0.json,Armaldo,Moves,,Curse,15.254
2020-07_gen5ou-0.json,Armaldo,Moves,,Brick Break,14.407
2020-07_gen5ou-0.json,Armaldo,Moves,,Swords Dance,11.864
2020-07_gen5ou-0.json,Armaldo,Moves,,Rest,11.017
2020-07_gen5ou-0.json,Armaldo,Moves,,Sleep Talk,11.017
2020-07_gen5ou-0.json,Armaldo,Moves,,Superpower,6.78
2020-07_gen5ou-0.json,Armaldo,Moves,,Rock Blast,6.78
2020-07_gen5ou-0.json,Armaldo,Moves,,Other,13.559
2020-07_gen5ou-0.json,Golem,Stats,Raw count,,120
2020-07_gen5ou-0.json,Golem,Stats,Avg. weight,,1.0
2020-07_gen5ou-0.json,Golem,Stats,Viability Ceiling,,68
2020-07_gen5ou-0.json,Golem,Stats,Adamant,,10.000
2020-07_gen5ou-0.json,Golem,Stats,Hardy,,5.833
2020-07_gen5ou-0.json,Golem,Stats,Impish,,5.000
2020-07_gen5ou-0.json,Golem,Abilities,,Sturdy,73.333
2020-07_gen5ou-0.json,Golem,Abilities,,Rock Head,26.667
2020-07_gen5ou-0.json,Golem,Items,,Custap Berry,31.667
2020-07_gen5ou-0.json,Golem,Items,,Rocky Helmet,17.5
2020-07_gen5ou-0.json,Golem,Items,,Dark Gem,10.833
2020-07_gen5ou-0.json,Golem,Items,,Lum Berry,9.167
2020-07_gen5ou-0.json,Golem,Items,,Focus Sash,6.667
2020-07_gen5ou-0.json,Golem,Items,,Sitrus Berry,6.667
2020-07_gen5ou-0.json,Golem,Items,,Ground Gem,3.333
2020-07_gen5ou-0.json,Golem,Items,,Leftovers,2.5
2020-07_gen5ou-0.json,Golem,Items,,Nothing,2.5
2020-07_gen5ou-0.json,Golem,Items,,Salac Berry,2.5
2020-07_gen5ou-0.json,Golem,Items,,Life Orb,1.667
2020-07_gen5ou-0.json,Golem,Items,,Other,5.0
2020-07_gen5ou-0.json,Golem,Spreads,,Other,30.0
2020-07_gen5ou-0.json,Golem,Moves,,Earthquake,90.0
2020-07_gen5ou-0.json,Golem,Moves,,Stone Edge,45.0
2020-07_gen5ou-0.json,Golem,Moves,,Explosion,40.0
2020-07_gen5ou-0.json,Golem,Moves,,Sucker Punch,36.667
2020-07_gen5ou-0.json,Golem,Moves,,Stealth Rock,36.667
2020-07_gen5ou-0.json,Golem,Moves,,Rock Slide,35.0
2020-07_gen5ou-0.json,Golem,Moves,,Fire Punch,15.833
2020-07_gen5ou-0.json,Golem,Moves,,Double-Edge,15.0
2020-07_gen5ou-0.json,Golem,Moves,,Rock Polish,11.667
2020-07_gen5ou-0.json,Golem,Moves,,Iron Defense,10.833
2020-07_gen5ou-0.json,Golem,Moves,,Iron Head,8.333
2020-07_gen5ou-0.json,Golem,Moves,,Brick Break,7.5
2020-07_gen5ou-0.json,Golem,Moves,,Thunder Punch,6.667
2020-07_gen5ou-0.json,Golem,Moves,,Protect,5.833
2020-07_gen5ou-0.json,Golem,Moves,,Curse,5.0
2020-07_gen5ou-0.json,Golem,Moves,,Focus Punch,4.167
2020-07_gen5ou-0.json,Golem,Moves,,Gyro Ball,4.167
2020-07_gen5ou-0.json,Golem,Moves,,Substitute,3.333
2020-07_gen5ou-0.json,Golem,Moves,,Other,18.333
2020-07_gen5ou-0.json,Jynx,Stats,Raw count,,114
2020-07_gen5ou-0.json,Jynx,Stats,Avg. weight,,1.0
2020-07_gen5ou-0.json,Jynx,Stats,Viability Ceiling,,61
2020-07_gen5ou-0.json,Jynx,Stats,Timid,,4.386
2020-07_gen5ou-0.json,Jynx,Stats,Modest,,8.772
2020-07_gen5ou-0.json,Jynx,Stats,Serious,,4.386
2020-07_gen5ou-0.json,Jynx,Stats,Hardy,,4.386
2020-07_gen5ou-0.json,Jynx,Abilities,,Dry Skin,73.684
2020-07_gen5ou-0.json,Jynx,Abilities,,Forewarn,19.298
2020-07_gen5ou-0.json,Jynx,Abilities,,Oblivious,7.018
2020-07_gen5ou-0.json,Jynx,Items,,Choice Scarf,49.123
2020-07_gen5ou-0.json,Jynx,Items,,Life Orb,21.053
2020-07_gen5ou-0.json,Jynx,Items,,Leftovers,11.404
2020-07_gen5ou-0.json,Jynx,Items,,Wide Lens,4.386
2020-07_gen5ou-0.json,Jynx,Items,,Psychic Gem,4.386
2020-07_gen5ou-0.json,Jynx,Items,,Black Glasses,2.632
2020-07_gen5ou-0.json,Jynx,Items,,Expert Belt,2.632
2020-07_gen5ou-0.json,Jynx,Items,,Other,4.386
2020-07_gen5ou-0.json,Jynx,Spreads,,Other,11.404
2020-07_gen5ou-0.json,Jynx,Moves,,Ice Beam,78.947
2020-07_gen5ou-0.json,Jynx,Moves,,Focus Blast,66.667
2020-07_gen5ou-0.json,Jynx,Moves,,Energy Ball,62.281
2020-07_gen5ou-0.json,Jynx,Moves,,Psyshock,58.772
2020-07_gen5ou-0.json,Jynx,Moves,,Blizzard,22.807
2020-07_gen5ou-0.json,Jynx,Moves,,Psychic,22.807
2020-07_gen5ou-0.json,Jynx,Moves,,Shadow Ball,18.421
2020-07_gen5ou-0.json,Jynx,Moves,,Protect,12.281
2020-07_gen5ou-0.json,Jynx,Moves,,Nasty Plot,9.649
2020-07_gen5ou-0.json,Jynx,Moves,,Reflect,6.14
2020-07_gen5ou-0.json,Jynx,Moves,,Light Screen,5.263
2020-07_gen5ou-0.json,Jynx,Moves,,Fake Out,4.386
2020-07_gen5ou-0.json,Jynx,Moves,,Attract,4.386
2020-07_gen5ou-0.json,Jynx,Moves,,Substitute,4.386
2020-07_gen5ou-0.json,Jynx,Moves,,Calm Mind,4.386
2020-07_gen5ou-0.json,Jynx,Moves,,Other,18.421
2020-07_gen5ou-0.json,Tangela,Stats,Raw count,,113
2020-07_gen5ou-0.json,Tangela,Stats,Avg. weight,,1.0
2020-07_gen5ou-0.json,Tangela,Stats,Viability Ceiling,,73
2020-07_gen5ou-0.json,Tangela,Stats,Bold,,3.540
2020-07_gen5ou-0.json,Tangela,Stats,Hardy,,2.655
2020-07_gen5ou-0.json,Tangela,Abilities,,Regenerator,94.69
2020-07_gen5ou-0.json,Tangela,Abilities,,Chlorophyll,4.425
2020-07_gen5ou-0.json,Tangela,Abilities,,Leaf Guard,0.885
2020-07_gen5ou-0.json,Tangela,Items,,Eviolite,97.345
2020-07_gen5ou-0.json,Tangela,Items,,Other,2.655
2020-07_gen5ou-0.json,Tangela,Spreads,,Other,5.31
2020-07_gen5ou-0.json,Tangela,Moves,,Leech Seed,93.805
2020-07_gen5ou-0.json,Tangela,Moves,,Giga Drain,78.761
2020-07_gen5ou-0.json,Tangela,Moves,,Knock Off,67.257
2020-07_gen5ou-0.json,Tangela,Moves,,Hidden Power Fire,39.823
2020-07_gen5ou-0.json,Tangela,Moves,,Hidden Power Rock,34.513
2020-07_gen5ou-0.json,Tangela,Moves,,Stun Spore,13.274
2020-07_gen5ou-0.json,Tangela,Moves,,Toxic,10.619
2020-07_gen5ou-0.json,Tangela,Moves,,Protect,9.735
2020-07_gen5ou-0.json,Tangela,Moves,,Hidden Power Ice,9.735
2020-07_gen5ou-0.json,Tangela,Moves,,Substitute,8.85
2020-07_gen5ou-0.json,Tangela,Moves,,Bind,8.85
2020-07_gen5ou-0.json,Tangela,Moves,,Leaf Storm,6.195
2020-07_gen5ou-0.json,Tangela,Moves,,Other,18.584
2020-07_gen5ou-0.json,Simipour,Stats,Raw count,,118
2020-07_gen5ou-0.json,Simipour,Stats,Avg. weight,,1.0
2020-07_gen5ou-0.json,Simipour,Stats,Viability Ceiling,,61
2020-07_gen5ou-0.json,Simipour,Stats,Hasty,,38.983
2020-07_gen5ou-0.json,Simipour,Stats,Timid,,8.475
2020-07_gen5ou-0.json,Simipour,Stats,Modest,,4.237
2020-07_gen5ou-0.json,Simipour,Stats,Jolly,,1.695
2020-07_gen5ou-0.json,Simipour,Abilities,,Gluttony,65.254
2020-07_gen5ou-0.json,Simipour,Abilities,,Torrent,34.746
2020-07_gen5ou-0.json,Simipour,Items,,Mystic Water,37.288
2020-07_gen5ou-0.json,Simipour,Items,,Choice Specs,28.814
2020-07_gen5ou-0.json,Simipour,Items,,Sitrus Berry,8.475
2020-07_gen5ou-0.json,Simipour,Items,,Leftovers,7.627
2020-07_gen5ou-0.json,Simipour,Items,,Nothing,5.932
2020-07_gen5ou-0.json,Simipour,Items,,Petaya Berry,5.085
2020-07_gen5ou-0.json,Simipour,Items,,Life Orb,2.542
2020-07_gen5ou-0.json,Simipour,Items,,Other,4.237
2020-07_gen5ou-0.json,Simipour,Spreads,,Other,9.322
2020-07_gen5ou-0.json,Simipour,Moves,,Surf,81.356
2020-07_gen5ou-0.json,Simipour,Moves,,Brick Break,46.61
2020-07_gen5ou-0.json,Simipour,Moves,,Ice Beam,44.915
2020-07_gen5ou-0.json,Simipour,Moves,,Rock Slide,41.525
2020-07_gen5ou-0.json,Simipour,Moves,,Payback,37.288
2020-07_gen5ou-0.json,Simipour,Moves,,Grass Knot,35.593
2020-07_gen5ou-0.json,Simipour,Moves,,Focus Blast,29.661
2020-07_gen5ou-0.json,Simipour,Moves,,Hydro Pump,10.169
2020-07_gen5ou-0.json,Simipour,Moves,,Nasty Plot,8.475
2020-07_gen5ou-0.json,Simipour,Moves,,Aqua Tail,6.78
2020-07_gen5ou-0.json,Simipour,Moves,,Scald,6.78
2020-07_gen5ou-0.json,Simipour,Moves,,Acrobatics,6.78
2020-07_gen5ou-0.json,Simipour,Moves,,Hidden Power Ground,5.932
2020-07_gen5ou-0.json,Simipour,Moves,,Aqua Ring,5.085
2020-07_gen5ou-0.json,Simipour,Moves,,Hidden Power Rock,5.085
2020-07_gen5ou-0.json,Simipour,Moves,,Hidden Power Fire,4.237
2020-07_gen5ou-0.json,Simipour,Moves,,Return,4.237
2020-07_gen5ou-0.json,Simipour,Moves,,Other,19.492
2020-07_gen5ou-0.json,Tropius,Stats,Raw count,,112
2020-07_gen5ou-0.json,Tropius,Stats,Avg. weight,,1.0
2020-07_gen5ou-0.json,Tropius,Stats,Viability Ceiling,,57
2020-07_gen5ou-0.json,Tropius,Stats,Calm,,8.036
2020-07_gen5ou-0.json,Tropius,Stats,Modest,,4.464
2020-07_gen5ou-0.json,Tropius,Stats,Timid,,11.607
2020-07_gen5ou-0.json,Tropius,Stats,Bold,,10.714
2020-07_gen5ou-0.json,Tropius,Abilities,,Harvest,90.179
2020-07_gen5ou-0.json,Tropius,Abilities,,Chlorophyll,5.357
2020-07_gen5ou-0.json,Tropius,Abilities,,Solar Power,4.464
2020-07_gen5ou-0.json,Tropius,Items,,Sitrus Berry,72.321
2020-07_gen5ou-0.json,Tropius,Items,,Chesto Berry,13.393
2020-07_gen5ou-0.json,Tropius,Items,,Choice Specs,4.464
2020-07_gen5ou-0.json,Tropius,Items,,Lum Berry,4.464
2020-07_gen5ou-0.json,Tropius,Items,,Leftovers,2.679
2020-07_gen5ou-0.json,Tropius,Items,,Other,2.679
2020-07_gen5ou-0.json,Tropius,Spreads,,Other,17.857
2020-07_gen5ou-0.json,Tropius,Moves,,Air Slash,66.071
2020-07_gen5ou-0.json,Tropius,Moves,,Leech Seed,59.821
2020-07_gen5ou-0.json,Tropius,Moves,,Substitute,54.464
2020-07_gen5ou-0.json,Tropius,Moves,,Roost,34.821
2020-07_gen5ou-0.json,Tropius,Moves,,Giga Drain,25.0
2020-07_gen5ou-0.json,Tropius,Moves,,Hidden Power Fire,25.0
2020-07_gen5ou-0.json,Tropius,Moves,,Solar Beam,21.429
2020-07_gen5ou-0.json,Tropius,Moves,,Dragon Pulse,20.536
2020-07_gen5ou-0.json,Tropius,Moves,,Growth,17.857
2020-07_gen5ou-0.json,Tropius,Moves,,Rest,17.857
2020-07_gen5ou-0.json,Tropius,Moves,,Sunny Day,15.179
2020-07_gen5ou-0.json,Tropius,Moves,,Body Slam,11.607
2020-07_gen5ou-0.json,Tropius,Moves,,Protect,8.929
2020-07_gen5ou-0.json,Tropius,Moves,,Toxic,5.357
2020-07_gen5ou-0.json,Tropius,Moves,,Other,16.071
2020-07_gen5ou-0.json,Regirock,Stats,Raw count,,112
2020-07_gen5ou-0.json,Regirock,Stats,Avg. weight,,1.0
2020-07_gen5ou-0.json,Regirock,Stats,Viability Ceiling,,73
2020-07_gen5ou-0.json,Regirock,Stats,Careful,,6.250
2020-07_gen5ou-0.json,Regirock,Stats,Hardy,,12.500
2020-07_gen5ou-0.json,Regirock,Stats,Impish,,11.607
2020-07_gen5ou-0.json,Regirock,Stats,Adamant,,9.821
2020-07_gen5ou-0.json,Regirock,Stats,Sassy,,4.464
2020-07_gen5ou-0.json,Regirock,Abilities,,Clear Body,100.0
2020-07_gen5ou-0.json,Regirock,Items,,Leftovers,67.857
2020-07_gen5ou-0.json,Regirock,Items,,Rock Incense,8.036
2020-07_gen5ou-0.json,Regirock,Items,,Chesto Berry,4.464
2020-07_gen5ou-0.json,Regirock,Items,,Lum Berry,4.464
2020-07_gen5ou-0.json,Regirock,Items,,Choice Scarf,2.679
2020-07_gen5ou-0.json,Regirock,Items,,Rocky Helmet,2.679
2020-07_gen5ou-0.json,Regirock,Items,,Muscle Band,2.679
2020-07_gen5ou-0.json,Regirock,Items,,Life Orb,1.786
2020-07_gen5ou-0.json,Regirock,Items,,Normal Gem,1.786
2020-07_gen5ou-0.json,Regirock,Items,,Other,3.571
2020-07_gen5ou-0.json,Regirock,Spreads,,Other,40.179
2020-07_gen5ou-0.json,Regirock,Moves,,Curse,48.214
2020-07_gen5ou-0.json,Regirock,Moves,,Drain Punch,47.321
2020-07_gen5ou-0.json,Regirock,Moves,,Stone Edge,36.607
2020-07_gen5ou-0.json,Regirock,Moves,,Earthquake,35.714
2020-07_gen5ou-0.json,Regirock,Moves,,Rock Slide,34.821
2020-07_gen5ou-0.json,Regirock,Moves,,Ice Punch,27.679
2020-07_gen5ou-0.json,Regirock,Moves,,Thunder Wave,25.893
2020-07_gen5ou-0.json,Regirock,Moves,,Rest,24.107
2020-07_gen5ou-0.json,Regirock,Moves,,Stealth Rock,21.429
2020-07_gen5ou-0.json,Regirock,Moves,,Toxic,18.75
2020-07_gen5ou-0.json,Regirock,Moves,,Hammer Arm,16.071
2020-07_gen5ou-0.json,Regirock,Moves,,Fire Punch,14.286
2020-07_gen5ou-0.json,Regirock,Moves,,Ancient Power,7.143
2020-07_gen5ou-0.json,Regirock,Moves,,Substitute,6.25
2020-07_gen5ou-0.json,Regirock,Moves,,Explosion,5.357
2020-07_gen5ou-0.json,Regirock,Moves,,Superpower,3.571
2020-07_gen5ou-0.json,Regirock,Moves,,Nothing,2.679
2020-07_gen5ou-0.json,Regirock,Moves,,Rock Polish,2.679
2020-07_gen5ou-0.json,Regirock,Moves,,Brick Break,2.679
2020-07_gen5ou-0.json,Regirock,Moves,,Other,18.75
2020-07_gen5ou-0.json,Vileplume,Stats,Raw count,,118
2020-07_gen5ou-0.json,Vileplume,Stats,Avg. weight,,1.0
2020-07_gen5ou-0.json,Vileplume,Stats,Viability Ceiling,,62
2020-07_gen5ou-0.json,Vileplume,Stats,Modest,,6.780
2020-07_gen5ou-0.json,Vileplume,Stats,Careful,,19.492
2020-07_gen5ou-0.json,Vileplume,Stats,Hardy,,19.492
2020-07_gen5ou-0.json,Vileplume,Stats,Calm,,4.237
2020-07_gen5ou-0.json,Vileplume,Abilities,,Effect Spore,55.932
2020-07_gen5ou-0.json,Vileplume,Abilities,,Chlorophyll,44.068
2020-07_gen5ou-0.json,Vileplume,Items,,Black Sludge,46.61
2020-07_gen5ou-0.json,Vileplume,Items,,Leftovers,25.424
2020-07_gen5ou-0.json,Vileplume,Items,,Heat Rock,11.017
2020-07_gen5ou-0.json,Vileplume,Items,,Focus Sash,5.085
2020-07_gen5ou-0.json,Vileplume,Items,,Twisted Spoon,2.542
2020-07_gen5ou-0.json,Vileplume,Items,,Big Root,2.542
2020-07_gen5ou-0.json,Vileplume,Items,,Choice Specs,1.695
2020-07_gen5ou-0.json,Vileplume,Items,,Grass Gem,1.695
2020-07_gen5ou-0.json,Vileplume,Items,,Other,3.39
2020-07_gen5ou-0.json,Vileplume,Spreads,,Other,23.729
2020-07_gen5ou-0.json,Vileplume,Moves,,Aromatherapy,66.102
2020-07_gen5ou-0.json,Vileplume,Moves,,Sludge Bomb,47.458
2020-07_gen5ou-0.json,Vileplume,Moves,,Toxic,46.61
2020-07_gen5ou-0.json,Vileplume,Moves,,Synthesis,42.373
2020-07_gen5ou-0.json,Vileplume,Moves,,Protect,39.831
2020-07_gen5ou-0.json,Vileplume,Moves,,Giga Drain,32.203
2020-07_gen5ou-0.json,Vileplume,Moves,,Sunny Day,19.492
2020-07_gen5ou-0.json,Vileplume,Moves,,Hidden Power Fire,18.644
2020-07_gen5ou-0.json,Vileplume,Moves,,Solar Beam,17.797
2020-07_gen5ou-0.json,Vileplume,Moves,,Hidden Power Dragon,12.712
2020-07_gen5ou-0.json,Vileplume,Moves,,Petal Dance,10.169
2020-07_gen5ou-0.json,Vileplume,Moves,,Leech Seed,5.932
2020-07_gen5ou-0.json,Vileplume,Moves,,Stun Spore,5.085
2020-07_gen5ou-0.json,Vileplume,Moves,,Venoshock,4.237
2020-07_gen5ou-0.json,Vileplume,Moves,,Hidden Power Electric,4.237
2020-07_gen5ou-0.json,Vileplume,Moves,,Energy Ball,4.237
2020-07_gen5ou-0.json,Vileplume,Moves,,Moonlight,3.39
2020-07_gen5ou-0.json,Vileplume,Moves,,Other,19.492
2020-07_gen5ou-0.json,Hitmonchan,Stats,Raw count,,119
2020-07_gen5ou-0.json,Hitmonchan,Stats,Avg. weight,,1.0
2020-07_gen5ou-0.json,Hitmonchan,Stats,Viability Ceiling,,57
2020-07_gen5ou-0.json,Hitmonchan,Stats,Adamant,,10.924
2020-07_gen5ou-0.json,Hitmonchan,Stats,Hardy,,4.202
2020-07_gen5ou-0.json,Hitmonchan,Stats,Jolly,,11.765
2020-07_gen5ou-0.json,Hitmonchan,Abilities,,Iron Fist,86.555
2020-07_gen5ou-0.json,Hitmonchan,Abilities,,Keen Eye,13.445
2020-07_gen5ou-0.json,Hitmonchan,Items,,Life Orb,43.697
2020-07_gen5ou-0.json,Hitmonchan,Items,,Leftovers,17.647
2020-07_gen5ou-0.json,Hitmonchan,Items,,Expert Belt,12.605
2020-07_gen5ou-0.json,Hitmonchan,Items,,Fighting Gem,10.924
2020-07_gen5ou-0.json,Hitmonchan,Items,,Choice Scarf,3.361
2020-07_gen5ou-0.json,Hitmonchan,Items,,Rocky Helmet,3.361
2020-07_gen5ou-0.json,Hitmonchan,Items,,Ice Gem,2.521
2020-07_gen5ou-0.json,Hitmonchan,Items,,Sitrus Berry,1.681
2020-07_gen5ou-0.json,Hitmonchan,Items,,Other,4.202
2020-07_gen5ou-0.json,Hitmonchan,Spreads,,Other,31.933
2020-07_gen5ou-0.json,Hitmonchan,Moves,,Thunder Punch,76.471
2020-07_gen5ou-0.json,Hitmonchan,Moves,,Ice Punch,74.79
2020-07_gen5ou-0.json,Hitmonchan,Moves,,Drain Punch,45.378
2020-07_gen5ou-0.json,Hitmonchan,Moves,,Fire Punch,42.017
2020-07_gen5ou-0.json,Hitmonchan,Moves,,Mach Punch,36.134
2020-07_gen5ou-0.json,Hitmonchan,Moves,,Bullet Punch,33.613
2020-07_gen5ou-0.json,Hitmonchan,Moves,,Close Combat,31.933
2020-07_gen5ou-0.json,Hitmonchan,Moves,,Attract,10.924
2020-07_gen5ou-0.json,Hitmonchan,Moves,,Brick Break,6.723
2020-07_gen5ou-0.json,Hitmonchan,Moves,,Earthquake,6.723
2020-07_gen5ou-0.json,Hitmonchan,Moves,,Stone Edge,6.723
2020-07_gen5ou-0.json,Hitmonchan,Moves,,Bulk Up,5.882
2020-07_gen5ou-0.json,Hitmonchan,Moves,,Rapid Spin,5.882
2020-07_gen5ou-0.json,Hitmonchan,Moves,,Other,16.807
2020-07_gen5ou-0.json,Lickilicky,Stats,Raw count,,106
2020-07_gen5ou-0.json,Lickilicky,Stats,Avg. weight,,1.0
2020-07_gen5ou-0.json,Lickilicky,Stats,Viability Ceiling,,64
2020-07_gen5ou-0.json,Lickilicky,Stats,Careful,,2.830
2020-07_gen5ou-0.json,Lickilicky,Stats,Modest,,11.321
2020-07_gen5ou-0.json,Lickilicky,Stats,Sassy,,4.717
2020-07_gen5ou-0.json,Lickilicky,Stats,Jolly,,3.774
2020-07_gen5ou-0.json,Lickilicky,Abilities,,Own Tempo,72.642
2020-07_gen5ou-0.json,Lickilicky,Abilities,,Cloud Nine,27.358
2020-07_gen5ou-0.json,Lickilicky,Items,,Leftovers,87.736
2020-07_gen5ou-0.json,Lickilicky,Items,,Black Belt,3.774
2020-07_gen5ou-0.json,Lickilicky,Items,,Macho Brace,2.83
2020-07_gen5ou-0.json,Lickilicky,Items,,Chesto Berry,1.887
2020-07_gen5ou-0.json,Lickilicky,Items,,Other,3.774
2020-07_gen5ou-0.json,Lickilicky,Spreads,,Other,15.094
2020-07_gen5ou-0.json,Lickilicky,Moves,,Dragon Tail,67.925
2020-07_gen5ou-0.json,Lickilicky,Moves,,Protect,66.981
2020-07_gen5ou-0.json,Lickilicky,Moves,,Heal Bell,66.038
2020-07_gen5ou-0.json,Lickilicky,Moves,,Wish,62.264
2020-07_gen5ou-0.json,Lickilicky,Moves,,Gyro Ball,14.151
2020-07_gen5ou-0.json,Lickilicky,Moves,,Toxic,14.151
2020-07_gen5ou-0.json,Lickilicky,Moves,,Explosion,14.151
2020-07_gen5ou-0.json,Lickilicky,Moves,,Body Slam,11.321
2020-07_gen5ou-0.json,Lickilicky,Moves,,Fire Blast,11.321
2020-07_gen5ou-0.json,Lickilicky,Moves,,Thunderbolt,11.321
2020-07_gen5ou-0.json,Lickilicky,Moves,,Ice Beam,9.434
2020-07_gen5ou-0.json,Lickilicky,Moves,,Hidden Power Rock,7.547
2020-07_gen5ou-0.json,Lickilicky,Moves,,Surf,6.604
2020-07_gen5ou-0.json,Lickilicky,Moves,,Power Whip,5.66
2020-07_gen5ou-0.json,Lickilicky,Moves,,Rest,4.717
2020-07_gen5ou-0.json,Lickilicky,Moves,,Counter,4.717
2020-07_gen5ou-0.json,Lickilicky,Moves,,Rock Smash,3.774
2020-07_gen5ou-0.json,Lickilicky,Moves,,Other,17.925
2020-07_gen5ou-0.json,Mantine,Stats,Raw count,,99
2020-07_gen5ou-0.json,Mantine,Stats,Avg. weight,,1.0
2020-07_gen5ou-0.json,Mantine,Stats,Viability Ceiling,,57
2020-07_gen5ou-0.json,Mantine,Stats,Calm,,9.091
2020-07_gen5ou-0.json,Mantine,Stats,Modest,,16.162
2020-07_gen5ou-0.json,Mantine,Stats,Bold,,7.071
2020-07_gen5ou-0.json,Mantine,Abilities,,Water Absorb,84.848
2020-07_gen5ou-0.json,Mantine,Abilities,,Swift Swim,12.121
2020-07_gen5ou-0.json,Mantine,Abilities,,Water Veil,3.03
2020-07_gen5ou-0.json,Mantine,Items,,Leftovers,65.657
2020-07_gen5ou-0.json,Mantine,Items,,Sea Incense,16.162
2020-07_gen5ou-0.json,Mantine,Items,,Wacan Berry,3.03
2020-07_gen5ou-0.json,Mantine,Items,,Damp Rock,3.03
2020-07_gen5ou-0.json,Mantine,Items,,Flying Gem,3.03
2020-07_gen5ou-0.json,Mantine,Items,,Lum Berry,2.02
2020-07_gen5ou-0.json,Mantine,Items,,Nothing,2.02
2020-07_gen5ou-0.json,Mantine,Items,,Lax Incense,2.02
2020-07_gen5ou-0.json,Mantine,Items,,Other,3.03
2020-07_gen5ou-0.json,Mantine,Spreads,,Other,24.242
2020-07_gen5ou-0.json,Mantine,Moves,,Scald,77.778
2020-07_gen5ou-0.json,Mantine,Moves,,Air Slash,57.576
2020-07_gen5ou-0.json,Mantine,Moves,,Surf,40.404
2020-07_gen5ou-0.json,Mantine,Moves,,Rest,35.354
2020-07_gen5ou-0.json,Mantine,Moves,,Defog,31.313
2020-07_gen5ou-0.json,Mantine,Moves,,Aqua Ring,26.263
2020-07_gen5ou-0.json,Mantine,Moves,,Toxic,25.253
2020-07_gen5ou-0.json,Mantine,Moves,,Protect,19.192
2020-07_gen5ou-0.json,Mantine,Moves,,Haze,17.172
2020-07_gen5ou-0.json,Mantine,Moves,,Supersonic,16.162
2020-07_gen5ou-0.json,Mantine,Moves,,Confuse Ray,10.101
2020-07_gen5ou-0.json,Mantine,Moves,,Ice Beam,8.081
2020-07_gen5ou-0.json,Mantine,Moves,,Sleep Talk,8.081
2020-07_gen5ou-0.json,Mantine,Moves,,Mirror Coat,7.071
2020-07_gen5ou-0.json,Mantine,Moves,,Rain Dance,6.061
2020-07_gen5ou-0.json,Mantine,Moves,,Other,14.141
2020-07_gen5ou-0.json,Garbodor,Stats,Raw count,,104
2020-07_gen5ou-0.json,Garbodor,Stats,Avg. weight,,1.0
2020-07_gen5ou-0.json,Garbodor,Stats,Viability Ceiling,,71
2020-07_gen5ou-0.json,Garbodor,Stats,Jolly,,4.808
2020-07_gen5ou-0.json,Garbodor,Stats,Careful,,9.615
2020-07_gen5ou-0.json,Garbodor,Stats,Sassy,,8.654
2020-07_gen5ou-0.json,Garbodor,Stats,Modest,,6.731
2020-07_gen5ou-0.json,Garbodor,Abilities,,Aftermath,47.115
2020-07_gen5ou-0.json,Garbodor,Abilities,,Stench,32.692
2020-07_gen5ou-0.json,Garbodor,Abilities,,Weak Armor,20.192
2020-07_gen5ou-0.json,Garbodor,Items,,Rocky Helmet,43.269
2020-07_gen5ou-0.json,Garbodor,Items,,Black Sludge,16.346
2020-07_gen5ou-0.json,Garbodor,Items,,Air Balloon,11.538
2020-07_gen5ou-0.json,Garbodor,Items,,Focus Sash,9.615
2020-07_gen5ou-0.json,Garbodor,Items,,Leftovers,4.808
2020-07_gen5ou-0.json,Garbodor,Items,,Choice Band,3.846
2020-07_gen5ou-0.json,Garbodor,Items,,Expert Belt,1.923
2020-07_gen5ou-0.json,Garbodor,Items,,Liechi Berry,1.923
2020-07_gen5ou-0.json,Garbodor,Items,,Nothing,1.923
2020-07_gen5ou-0.json,Garbodor,Items,,Other,4.808
2020-07_gen5ou-0.json,Garbodor,Spreads,,Other,48.077
2020-07_gen5ou-0.json,Garbodor,Moves,,Gunk Shot,51.923
2020-07_gen5ou-0.json,Garbodor,Moves,,Toxic Spikes,47.115
2020-07_gen5ou-0.json,Garbodor,Moves,,Spikes,42.308
2020-07_gen5ou-0.json,Garbodor,Moves,,Toxic,38.462
2020-07_gen5ou-0.json,Garbodor,Moves,,Drain Punch,32.692
2020-07_gen5ou-0.json,Garbodor,Moves,,Pain Split,26.923
2020-07_gen5ou-0.json,Garbodor,Moves,,Sludge Bomb,21.154
2020-07_gen5ou-0.json,Garbodor,Moves,,Stockpile,18.269
2020-07_gen5ou-0.json,Garbodor,Moves,,Clear Smog,16.346
2020-07_gen5ou-0.json,Garbodor,Moves,,Seed Bomb,14.423
2020-07_gen5ou-0.json,Garbodor,Moves,,Explosion,13.462
2020-07_gen5ou-0.json,Garbodor,Moves,,Psychic,11.538
2020-07_gen5ou-0.json,Garbodor,Moves,,Rock Blast,10.577
2020-07_gen5ou-0.json,Garbodor,Moves,,Dark Pulse,6.731
2020-07_gen5ou-0.json,Garbodor,Moves,,Amnesia,5.769
2020-07_gen5ou-0.json,Garbodor,Moves,,Acid Spray,5.769
2020-07_gen5ou-0.json,Garbodor,Moves,,Sludge Wave,5.769
2020-07_gen5ou-0.json,Garbodor,Moves,,Curse,4.808
2020-07_gen5ou-0.json,Garbodor,Moves,,Giga Drain,4.808
2020-07_gen5ou-0.json,Garbodor,Moves,,Body Slam,3.846
2020-07_gen5ou-0.json,Garbodor,Moves,,Other,17.308
2020-07_gen5ou-0.json,Musharna,Stats,Raw count,,107
2020-07_gen5ou-0.json,Musharna,Stats,Avg. weight,,1.0
2020-07_gen5ou-0.json,Musharna,Stats,Viability Ceiling,,65
2020-07_gen5ou-0.json,Musharna,Stats,Modest,,7.477
2020-07_gen5ou-0.json,Musharna,Stats,Quiet,,7.477
2020-07_gen5ou-0.json,Musharna,Stats,Calm,,7.477
2020-07_gen5ou-0.json,Musharna,Abilities,,Synchronize,57.944
2020-07_gen5ou-0.json,Musharna,Abilities,,Forewarn,41.121
2020-07_gen5ou-0.json,Musharna,Abilities,,Telepathy,0.935
2020-07_gen5ou-0.json,Musharna,Items,,Leftovers,29.907
2020-07_gen5ou-0.json,Musharna,Items,,Nothing,16.822
2020-07_gen5ou-0.json,Musharna,Items,,Focus Sash,8.411
2020-07_gen5ou-0.json,Musharna,Items,,Life Orb,7.477
2020-07_gen5ou-0.json,Musharna,Items,,Sitrus Berry,7.477
2020-07_gen5ou-0.json,Musharna,Items,,Colbur Berry,6.542
2020-07_gen5ou-0.json,Musharna,Items,,Mind Plate,4.673
2020-07_gen5ou-0.json,Musharna,Items,,Rocky Helmet,3.738
2020-07_gen5ou-0.json,Musharna,Items,,Quick Claw,3.738
2020-07_gen5ou-0.json,Musharna,Items,,Iapapa Berry,2.804
2020-07_gen5ou-0.json,Musharna,Items,,Zoom Lens,1.869
2020-07_gen5ou-0.json,Musharna,Items,,Aguav Berry,1.869
2020-07_gen5ou-0.json,Musharna,Items,,Other,4.673
2020-07_gen5ou-0.json,Musharna,Spreads,,Other,28.972
2020-07_gen5ou-0.json,Musharna,Moves,,Psychic,87.85
2020-07_gen5ou-0.json,Musharna,Moves,,Moonlight,49.533
2020-07_gen5ou-0.json,Musharna,Moves,,Calm Mind,28.037
2020-07_gen5ou-0.json,Musharna,Moves,,Signal Beam,28.037
2020-07_gen5ou-0.json,Musharna,Moves,,Energy Ball,27.103
2020-07_gen5ou-0.json,Musharna,Moves,,Shadow Ball,26.168
2020-07_gen5ou-0.json,Musharna,Moves,,Trick Room,20.561
2020-07_gen5ou-0.json,Musharna,Moves,,Return,15.888
2020-07_gen5ou-0.json,Musharna,Moves,,Dream Eater,14.953
2020-07_gen5ou-0.json,Musharna,Moves,,Charge Beam,12.15
2020-07_gen5ou-0.json,Musharna,Moves,,Psyshock,12.15
2020-07_gen5ou-0.json,Musharna,Moves,,Baton Pass,11.215
2020-07_gen5ou-0.json,Musharna,Moves,,Thunder Wave,11.215
2020-07_gen5ou-0.json,Musharna,Moves,,Zen Headbutt,6.542
2020-07_gen5ou-0.json,Musharna,Moves,,Rest,4.673
2020-07_gen5ou-0.json,Musharna,Moves,,Sleep Talk,4.673
2020-07_gen5ou-0.json,Musharna,Moves,,Light Screen,4.673
2020-07_gen5ou-0.json,Musharna,Moves,,Hidden Power Ghost,3.738
2020-07_gen5ou-0.json,Musharna,Moves,,Heal Bell,3.738
2020-07_gen5ou-0.json,Musharna,Moves,,Gyro Ball,3.738
2020-07_gen5ou-0.json,Musharna,Moves,,Stored Power,2.804
2020-07_gen5ou-0.json,Musharna,Moves,,Toxic,2.804
2020-07_gen5ou-0.json,Musharna,Moves,,Other,17.757
2020-07_gen5ou-0.json,Golduck,Stats,Raw count,,96
2020-07_gen5ou-0.json,Golduck,Stats,Avg. weight,,1.0
2020-07_gen5ou-0.json,Golduck,Stats,Viability Ceiling,,55
2020-07_gen5ou-0.json,Golduck,Stats,Timid,,53.125
2020-07_gen5ou-0.json,Golduck,Stats,Naive,,6.250
2020-07_gen5ou-0.json,Golduck,Stats,Hasty,,5.208
2020-07_gen5ou-0.json,Golduck,Stats,Jolly,,5.208
2020-07_gen5ou-0.json,Golduck,Stats,Modest,,5.208
2020-07_gen5ou-0.json,Golduck,Abilities,,Cloud Nine,77.083
2020-07_gen5ou-0.json,Golduck,Abilities,,Swift Swim,13.542
2020-07_gen5ou-0.json,Golduck,Abilities,,Damp,9.375
2020-07_gen5ou-0.json,Golduck,Items,,Leftovers,26.042
2020-07_gen5ou-0.json,Golduck,Items,,Nothing,16.667
2020-07_gen5ou-0.json,Golduck,Items,,Lum Berry,15.625
2020-07_gen5ou-0.json,Golduck,Items,,Water Gem,8.333
2020-07_gen5ou-0.json,Golduck,Items,,Focus Sash,8.333
2020-07_gen5ou-0.json,Golduck,Items,,Expert Belt,8.333
2020-07_gen5ou-0.json,Golduck,Items,,Choice Specs,4.167
2020-07_gen5ou-0.json,Golduck,Items,,Mental Herb,4.167
2020-07_gen5ou-0.json,Golduck,Items,,King's Rock,3.125
2020-07_gen5ou-0.json,Golduck,Items,,Aguav Berry,2.083
2020-07_gen5ou-0.json,Golduck,Items,,Other,3.125
2020-07_gen5ou-0.json,Golduck,Spreads,,Other,18.75
2020-07_gen5ou-0.json,Golduck,Moves,,Ice Beam,75.0
2020-07_gen5ou-0.json,Golduck,Moves,,Surf,45.833
2020-07_gen5ou-0.json,Golduck,Moves,,Psychic,44.792
2020-07_gen5ou-0.json,Golduck,Moves,,Calm Mind,40.625
2020-07_gen5ou-0.json,Golduck,Moves,,Focus Blast,26.042
2020-07_gen5ou-0.json,Golduck,Moves,,Scald,22.917
2020-07_gen5ou-0.json,Golduck,Moves,,Hydro Pump,17.708
2020-07_gen5ou-0.json,Golduck,Moves,,Aqua Jet,16.667
2020-07_gen5ou-0.json,Golduck,Moves,,Psyshock,15.625
2020-07_gen5ou-0.json,Golduck,Moves,,Blizzard,14.583
2020-07_gen5ou-0.json,Golduck,Moves,,Hone Claws,12.5
2020-07_gen5ou-0.json,Golduck,Moves,,Cross Chop,9.375
2020-07_gen5ou-0.json,Golduck,Moves,,Rain Dance,9.375
2020-07_gen5ou-0.json,Golduck,Moves,,Brick Break,6.25
2020-07_gen5ou-0.json,Golduck,Moves,,Aqua Tail,5.208
2020-07_gen5ou-0.json,Golduck,Moves,,Zen Headbutt,5.208
2020-07_gen5ou-0.json,Golduck,Moves,,Disable,5.208
2020-07_gen5ou-0.json,Golduck,Moves,,Refresh,5.208
2020-07_gen5ou-0.json,Golduck,Moves,,Waterfall,5.208
2020-07_gen5ou-0.json,Golduck,Moves,,Other,16.667
2020-07_gen5ou-0.json,Pidgeot,Stats,Raw count,,103
2020-07_gen5ou-0.json,Pidgeot,Stats,Avg. weight,,1.0
2020-07_gen5ou-0.json,Pidgeot,Stats,Viability Ceiling,,64
2020-07_gen5ou-0.json,Pidgeot,Stats,Naive,,24.272
2020-07_gen5ou-0.json,Pidgeot,Stats,Jolly,,14.563
2020-07_gen5ou-0.json,Pidgeot,Stats,Hardy,,12.621
2020-07_gen5ou-0.json,Pidgeot,Stats,Adamant,,9.709
2020-07_gen5ou-0.json,Pidgeot,Stats,Modest,,4.854
2020-07_gen5ou-0.json,Pidgeot,Stats,Mild,,4.854
2020-07_gen5ou-0.json,Pidgeot,Abilities,,Keen Eye,61.165
2020-07_gen5ou-0.json,Pidgeot,Abilities,,Tangled Feet,22.33
2020-07_gen5ou-0.json,Pidgeot,Abilities,,Big Pecks,16.505
2020-07_gen5ou-0.json,Pidgeot,Items,,Sitrus Berry,20.388
2020-07_gen5ou-0.json,Pidgeot,Items,,Sharp Beak,19.417
2020-07_gen5ou-0.json,Pidgeot,Items,,Leftovers,16.505
2020-07_gen5ou-0.json,Pidgeot,Items,,Life Orb,9.709
2020-07_gen5ou-0.json,Pidgeot,Items,,Choice Band,6.796
2020-07_gen5ou-0.json,Pidgeot,Items,,Flying Gem,5.825
2020-07_gen5ou-0.json,Pidgeot,Items,,Expert Belt,4.854
2020-07_gen5ou-0.json,Pidgeot,Items,,Nothing,3.883
2020-07_gen5ou-0.json,Pidgeot,Items,,Muscle Band,2.913
2020-07_gen5ou-0.json,Pidgeot,Items,,Sky Plate,1.942
2020-07_gen5ou-0.json,Pidgeot,Items,,Flame Orb,1.942
2020-07_gen5ou-0.json,Pidgeot,Items,,Wide Lens,0.971
2020-07_gen5ou-0.json,Pidgeot,Items,,Other,4.854
2020-07_gen5ou-0.json,Pidgeot,Spreads,,Other,29.126
2020-07_gen5ou-0.json,Pidgeot,Moves,,Brave Bird,60.194
2020-07_gen5ou-0.json,Pidgeot,Moves,,Hurricane,50.485
2020-07_gen5ou-0.json,Pidgeot,Moves,,U-turn,47.573
2020-07_gen5ou-0.json,Pidgeot,Moves,,Heat Wave,37.864
2020-07_gen5ou-0.json,Pidgeot,Moves,,Roost,26.214
2020-07_gen5ou-0.json,Pidgeot,Moves,,Return,21.359
2020-07_gen5ou-0.json,Pidgeot,Moves,,Steel Wing,21.359
2020-07_gen5ou-0.json,Pidgeot,Moves,,Air Slash,19.417
2020-07_gen5ou-0.json,Pidgeot,Moves,,Quick Attack,19.417
2020-07_gen5ou-0.json,Pidgeot,Moves,,Agility,19.417
2020-07_gen5ou-0.json,Pidgeot,Moves,,Aerial Ace,16.505
2020-07_gen5ou-0.json,Pidgeot,Moves,,Pursuit,9.709
2020-07_gen5ou-0.json,Pidgeot,Moves,,Facade,7.767
2020-07_gen5ou-0.json,Pidgeot,Moves,,Twister,5.825
2020-07_gen5ou-0.json,Pidgeot,Moves,,Hidden Power Fighting,4.854
2020-07_gen5ou-0.json,Pidgeot,Moves,,Hidden Power Ice,4.854
2020-07_gen5ou-0.json,Pidgeot,Moves,,Tailwind,4.854
2020-07_gen5ou-0.json,Pidgeot,Moves,,Hidden Power Grass,4.854
2020-07_gen5ou-0.json,Pidgeot,Moves,,Other,17.476
2020-07_gen5ou-0.json,Munchlax,Stats,Raw count,,89
2020-07_gen5ou-0.json,Munchlax,Stats,Avg. weight,,1.0
2020-07_gen5ou-0.json,Munchlax,Stats,Viability Ceiling,,60
2020-07_gen5ou-0.json,Munchlax,Stats,Careful,,24.719
2020-07_gen5ou-0.json,Munchlax,Stats,Impish,,8.989
2020-07_gen5ou-0.json,Munchlax,Stats,Sassy,,7.865
2020-07_gen5ou-0.json,Munchlax,Stats,Adamant,,5.618
2020-07_gen5ou-0.json,Munchlax,Abilities,,Thick Fat,100.0
2020-07_gen5ou-0.json,Munchlax,Items,,Eviolite,98.876
2020-07_gen5ou-0.json,Munchlax,Items,,Other,1.124
2020-07_gen5ou-0.json,Munchlax,Spreads,,Other,3.371
2020-07_gen5ou-0.json,Munchlax,Moves,,Rest,92.135
2020-07_gen5ou-0.json,Munchlax,Moves,,Curse,89.888
2020-07_gen5ou-0.json,Munchlax,Moves,,Return,56.18
2020-07_gen5ou-0.json,Munchlax,Moves,,Fire Punch,42.697
2020-07_gen5ou-0.json,Munchlax,Moves,,Ice Punch,37.079
2020-07_gen5ou-0.json,Munchlax,Moves,,Amnesia,24.719
2020-07_gen5ou-0.json,Munchlax,Moves,,Nothing,23.596
2020-07_gen5ou-0.json,Munchlax,Moves,,Sleep Talk,10.112
2020-07_gen5ou-0.json,Munchlax,Moves,,Body Slam,8.989
2020-07_gen5ou-0.json,Munchlax,Moves,,Other,14.607
2020-07_gen5ou-0.json,Raticate,Stats,Raw count,,89
2020-07_gen5ou-0.json,Raticate,Stats,Avg. weight,,1.0
2020-07_gen5ou-0.json,Raticate,Stats,Viability Ceiling,,46
2020-07_gen5ou-0.json,Raticate,Stats,Jolly,,11.236
2020-07_gen5ou-0.json,Raticate,Stats,Careful,,3.371
2020-07_gen5ou-0.json,Raticate,Stats,Hasty,,2.247
2020-07_gen5ou-0.json,Raticate,Abilities,,Guts,94.382
2020-07_gen5ou-0.json,Raticate,Abilities,,Hustle,3.371
2020-07_gen5ou-0.json,Raticate,Abilities,,Run Away,2.247
2020-07_gen5ou-0.json,Raticate,Items,,Flame Orb,78.652
2020-07_gen5ou-0.json,Raticate,Items,,Choice Scarf,7.865
2020-07_gen5ou-0.json,Raticate,Items,,Focus Sash,5.618
2020-07_gen5ou-0.json,Raticate,Items,,Toxic Orb,5.618
2020-07_gen5ou-0.json,Raticate,Items,,Other,2.247
2020-07_gen5ou-0.json,Raticate,Spreads,,Other,4.494
2020-07_gen5ou-0.json,Raticate,Moves,,Facade,86.517
2020-07_gen5ou-0.json,Raticate,Moves,,Sucker Punch,80.899
2020-07_gen5ou-0.json,Raticate,Moves,,Super Fang,79.775
2020-07_gen5ou-0.json,Raticate,Moves,,Crunch,52.809
2020-07_gen5ou-0.json,Raticate,Moves,,U-turn,30.337
2020-07_gen5ou-0.json,Raticate,Moves,,Nothing,19.101
2020-07_gen5ou-0.json,Raticate,Moves,,Swords Dance,5.618
2020-07_gen5ou-0.json,Raticate,Moves,,Flame Wheel,4.494
2020-07_gen5ou-0.json,Raticate,Moves,,Rest,3.371
2020-07_gen5ou-0.json,Raticate,Moves,,Endeavor,3.371
2020-07_gen5ou-0.json,Raticate,Moves,,Sleep Talk,3.371
2020-07_gen5ou-0.json,Raticate,Moves,,Iron Tail,3.371
2020-07_gen5ou-0.json,Raticate,Moves,,Protect,3.371
2020-07_gen5ou-0.json,Raticate,Moves,,Hyper Fang,3.371
2020-07_gen5ou-0.json,Raticate,Moves,,Hidden Power Fire,2.247
2020-07_gen5ou-0.json,Raticate,Moves,,Other,17.978
2020-07_gen5ou-0.json,Spinda,Stats,Raw count,,99
2020-07_gen5ou-0.json,Spinda,Stats,Avg. weight,,1.0
2020-07_gen5ou-0.json,Spinda,Stats,Viability Ceiling,,67
2020-07_gen5ou-0.json,Spinda,Stats,Adamant,,9.091
2020-07_gen5ou-0.json,Spinda,Stats,Jolly,,5.051
2020-07_gen5ou-0.json,Spinda,Stats,Brave,,8.081
2020-07_gen5ou-0.json,Spinda,Stats,Serious,,8.081
2020-07_gen5ou-0.json,Spinda,Abilities,,Contrary,94.949
2020-07_gen5ou-0.json,Spinda,Abilities,,Own Tempo,5.051
2020-07_gen5ou-0.json,Spinda,Items,,Focus Sash,28.283
2020-07_gen5ou-0.json,Spinda,Items,,Leftovers,24.242
2020-07_gen5ou-0.json,Spinda,Items,,Choice Scarf,17.172
2020-07_gen5ou-0.json,Spinda,Items,,Choice Band,16.162
2020-07_gen5ou-0.json,Spinda,Items,,Normal Gem,8.081
2020-07_gen5ou-0.json,Spinda,Items,,Salac Berry,3.03
2020-07_gen5ou-0.json,Spinda,Items,,Other,3.03
2020-07_gen5ou-0.json,Spinda,Spreads,,Other,30.303
2020-07_gen5ou-0.json,Spinda,Moves,,Nothing,69.697
2020-07_gen5ou-0.json,Spinda,Moves,,Fake Out,56.566
2020-07_gen5ou-0.json,Spinda,Moves,,Superpower,56.566
2020-07_gen5ou-0.json,Spinda,Moves,,Assist,33.333
2020-07_gen5ou-0.json,Spinda,Moves,,Sucker Punch,32.323
2020-07_gen5ou-0.json,Spinda,Moves,,Ice Punch,18.182
2020-07_gen5ou-0.json,Spinda,Moves,,Thunder Punch,13.131
2020-07_gen5ou-0.json,Spinda,Moves,,Teeter Dance,12.121
2020-07_gen5ou-0.json,Spinda,Moves,,Drain Punch,12.121
2020-07_gen5ou-0.json,Spinda,Moves,,Zen Headbutt,9.091
2020-07_gen5ou-0.json,Spinda,Moves,,Brick Break,8.081
2020-07_gen5ou-0.json,Spinda,Moves,,Substitute,8.081
2020-07_gen5ou-0.json,Spinda,Moves,,Trick Room,8.081
2020-07_gen5ou-0.json,Spinda,Moves,,Wild Charge,8.081
2020-07_gen5ou-0.json,Spinda,Moves,,Rest,7.071
2020-07_gen5ou-0.json,Spinda,Moves,,Last Resort,7.071
2020-07_gen5ou-0.json,Spinda,Moves,,Calm Mind,7.071
2020-07_gen5ou-0.json,Spinda,Moves,,Protect,6.061
2020-07_gen5ou-0.json,Spinda,Moves,,Fire Punch,3.03
2020-07_gen5ou-0.json,Spinda,Moves,,Baton Pass,3.03
2020-07_gen5ou-0.json,Spinda,Moves,,Skill Swap,3.03
2020-07_gen5ou-0.json,Spinda,Moves,,Other,18.182
2020-07_gen5ou-0.json,Rotom-Fan,Stats,Raw count,,86
2020-07_gen5ou-0.json,Rotom-Fan,Stats,Avg. weight,,1.0
2020-07_gen5ou-0.json,Rotom-Fan,Stats,Viability Ceiling,,65
2020-07_gen5ou-0.json,Rotom-Fan,Stats,Timid,,3.488
2020-07_gen5ou-0.json,Rotom-Fan,Stats,Bold,,13.953
2020-07_gen5ou-0.json,Rotom-Fan,Stats,Modest,,12.791
2020-07_gen5ou-0.json,Rotom-Fan,Stats,Calm,,4.651
2020-07_gen5ou-0.json,Rotom-Fan,Abilities,,Levitate,100.0
2020-07_gen5ou-0.json,Rotom-Fan,Items,,Choice Scarf,30.233
2020-07_gen5ou-0.json,Rotom-Fan,Items,,Choice Specs,25.581
2020-07_gen5ou-0.json,Rotom-Fan,Items,,Iapapa Berry,13.953
2020-07_gen5ou-0.json,Rotom-Fan,Items,,Expert Belt,12.791
2020-07_gen5ou-0.json,Rotom-Fan,Items,,Leftovers,9.302
2020-07_gen5ou-0.json,Rotom-Fan,Items,,Life Orb,4.651
2020-07_gen5ou-0.json,Rotom-Fan,Items,,Other,3.488
2020-07_gen5ou-0.json,Rotom-Fan,Spreads,,Other,10.465
2020-07_gen5ou-0.json,Rotom-Fan,Moves,,Air Slash,97.674
2020-07_gen5ou-0.json,Rotom-Fan,Moves,,Volt Switch,84.884
2020-07_gen5ou-0.json,Rotom-Fan,Moves,,Shadow Ball,46.512
2020-07_gen5ou-0.json,Rotom-Fan,Moves,,Will-O-Wisp,34.884
2020-07_gen5ou-0.json,Rotom-Fan,Moves,,Thunderbolt,25.581
2020-07_gen5ou-0.json,Rotom-Fan,Moves,,Pain Split,25.581
2020-07_gen5ou-0.json,Rotom-Fan,Moves,,Sucker Punch,24.419
2020-07_gen5ou-0.json,Rotom-Fan,Moves,,Discharge,17.442
2020-07_gen5ou-0.json,Rotom-Fan,Moves,,Dark Pulse,16.279
2020-07_gen5ou-0.json,Rotom-Fan,Moves,,Trick,15.116
2020-07_gen5ou-0.json,Rotom-Fan,Moves,,Other,11.628
2020-07_gen5ou-0.json,Volbeat,Stats,Raw count,,81
2020-07_gen5ou-0.json,Volbeat,Stats,Avg. weight,,1.0
2020-07_gen5ou-0.json,Volbeat,Stats,Viability Ceiling,,57
2020-07_gen5ou-0.json,Volbeat,Stats,Careful,,40.741
2020-07_gen5ou-0.json,Volbeat,Stats,Calm,,4.938
2020-07_gen5ou-0.json,Volbeat,Stats,Bold,,6.173
2020-07_gen5ou-0.json,Volbeat,Stats,Jolly,,4.938
2020-07_gen5ou-0.json,Volbeat,Abilities,,Prankster,92.593
2020-07_gen5ou-0.json,Volbeat,Abilities,,Illuminate,7.407
2020-07_gen5ou-0.json,Volbeat,Items,,Focus Sash,86.42
2020-07_gen5ou-0.json,Volbeat,Items,,Leftovers,6.173
2020-07_gen5ou-0.json,Volbeat,Items,,Iron Ball,4.938
2020-07_gen5ou-0.json,Volbeat,Items,,Other,2.469
2020-07_gen5ou-0.json,Volbeat,Spreads,,Other,2.469
2020-07_gen5ou-0.json,Volbeat,Moves,,Baton Pass,95.062
2020-07_gen5ou-0.json,Volbeat,Moves,,Tail Glow,95.062
2020-07_gen5ou-0.json,Volbeat,Moves,,Thunder Wave,83.951
2020-07_gen5ou-0.json,Volbeat,Moves,,Quick Attack,40.741
2020-07_gen5ou-0.json,Volbeat,Moves,,Roost,30.864
2020-07_gen5ou-0.json,Volbeat,Moves,,Tailwind,13.58
2020-07_gen5ou-0.json,Volbeat,Moves,,Trick,13.58
2020-07_gen5ou-0.json,Volbeat,Moves,,Encore,11.111
2020-07_gen5ou-0.json,Volbeat,Moves,,Other,16.049
2020-07_gen5ou-0.json,Vanilluxe,Stats,Raw count,,93
2020-07_gen5ou-0.json,Vanilluxe,Stats,Avg. weight,,1.0
2020-07_gen5ou-0.json,Vanilluxe,Stats,Viability Ceiling,,58
2020-07_gen5ou-0.json,Vanilluxe,Stats,Modest,,5.376
2020-07_gen5ou-0.json,Vanilluxe,Stats,Timid,,4.301
2020-07_gen5ou-0.json,Vanilluxe,Abilities,,Ice Body,67.742
2020-07_gen5ou-0.json,Vanilluxe,Abilities,,Weak Armor,32.258
2020-07_gen5ou-0.json,Vanilluxe,Items,,Nothing,20.43
2020-07_gen5ou-0.json,Vanilluxe,Items,,Focus Sash,16.129
2020-07_gen5ou-0.json,Vanilluxe,Items,,Sitrus Berry,13.978
2020-07_gen5ou-0.json,Vanilluxe,Items,,Choice Scarf,11.828
2020-07_gen5ou-0.json,Vanilluxe,Items,,Never-Melt Ice,8.602
2020-07_gen5ou-0.json,Vanilluxe,Items,,Leftovers,7.527
2020-07_gen5ou-0.json,Vanilluxe,Items,,Life Orb,5.376
2020-07_gen5ou-0.json,Vanilluxe,Items,,Light Clay,5.376
2020-07_gen5ou-0.json,Vanilluxe,Items,,Ice Gem,4.301
2020-07_gen5ou-0.json,Vanilluxe,Items,,Aguav Berry,2.151
2020-07_gen5ou-0.json,Vanilluxe,Items,,Other,4.301
2020-07_gen5ou-0.json,Vanilluxe,Spreads,,Other,33.333
2020-07_gen5ou-0.json,Vanilluxe,Moves,,Flash Cannon,56.989
2020-07_gen5ou-0.json,Vanilluxe,Moves,,Ice Beam,55.914
2020-07_gen5ou-0.json,Vanilluxe,Moves,,Blizzard,49.462
2020-07_gen5ou-0.json,Vanilluxe,Moves,,Signal Beam,32.258
2020-07_gen5ou-0.json,Vanilluxe,Moves,,Hail,21.505
2020-07_gen5ou-0.json,Vanilluxe,Moves,,Water Pulse,21.505
2020-07_gen5ou-0.json,Vanilluxe,Moves,,Light Screen,20.43
2020-07_gen5ou-0.json,Vanilluxe,Moves,,Acid Armor,19.355
2020-07_gen5ou-0.json,Vanilluxe,Moves,,Hidden Power Ground,17.204
2020-07_gen5ou-0.json,Vanilluxe,Moves,,Avalanche,12.903
2020-07_gen5ou-0.json,Vanilluxe,Moves,,Magic Coat,12.903
2020-07_gen5ou-0.json,Vanilluxe,Moves,,Autotomize,12.903
2020-07_gen5ou-0.json,Vanilluxe,Moves,,Hidden Power Water,10.753
2020-07_gen5ou-0.json,Vanilluxe,Moves,,Weather Ball,10.753
2020-07_gen5ou-0.json,Vanilluxe,Moves,,Explosion,6.452
2020-07_gen5ou-0.json,Vanilluxe,Moves,,Mirror Coat,6.452
2020-07_gen5ou-0.json,Vanilluxe,Moves,,Protect,6.452
2020-07_gen5ou-0.json,Vanilluxe,Moves,,Toxic,5.376
2020-07_gen5ou-0.json,Vanilluxe,Moves,,Icy Wind,4.301
2020-07_gen5ou-0.json,Vanilluxe,Moves,,Other,16.129
2020-07_gen5ou-0.json,Boldore,Stats,Raw count,,90
2020-07_gen5ou-0.json,Boldore,Stats,Avg. weight,,1.0
2020-07_gen5ou-0.json,Boldore,Stats,Viability Ceiling,,55
2020-07_gen5ou-0.json,Boldore,Stats,Hardy,,5.556
2020-07_gen5ou-0.json,Boldore,Stats,Modest,,11.111
2020-07_gen5ou-0.json,Boldore,Stats,Impish,,8.889
2020-07_gen5ou-0.json,Boldore,Abilities,,Sturdy,98.889
2020-07_gen5ou-0.json,Boldore,Abilities,,Sand Force,1.111
2020-07_gen5ou-0.json,Boldore,Items,,Eviolite,26.667
2020-07_gen5ou-0.json,Boldore,Items,,Nothing,25.556
2020-07_gen5ou-0.json,Boldore,Items,,Leftovers,21.111
2020-07_gen5ou-0.json,Boldore,Items,,Rocky Helmet,14.444
2020-07_gen5ou-0.json,Boldore,Items,,Chesto Berry,5.556
2020-07_gen5ou-0.json,Boldore,Items,,Rock Gem,4.444
2020-07_gen5ou-0.json,Boldore,Items,,Other,2.222
2020-07_gen5ou-0.json,Boldore,Spreads,,Other,43.333
2020-07_gen5ou-0.json,Boldore,Moves,,Flash Cannon,52.222
2020-07_gen5ou-0.json,Boldore,Moves,,Rock Blast,44.444
2020-07_gen5ou-0.json,Boldore,Moves,,Earthquake,37.778
2020-07_gen5ou-0.json,Boldore,Moves,,Stealth Rock,34.444
2020-07_gen5ou-0.json,Boldore,Moves,,Rock Smash,30.0
2020-07_gen5ou-0.json,Boldore,Moves,,Explosion,27.778
2020-07_gen5ou-0.json,Boldore,Moves,,Rock Slide,27.778
2020-07_gen5ou-0.json,Boldore,Moves,,Sandstorm,21.111
2020-07_gen5ou-0.json,Boldore,Moves,,Power Gem,16.667
2020-07_gen5ou-0.json,Boldore,Moves,,Protect,14.444
2020-07_gen5ou-0.json,Boldore,Moves,,Heavy Slam,14.444
2020-07_gen5ou-0.json,Boldore,Moves,,Curse,13.333
2020-07_gen5ou-0.json,Boldore,Moves,,Rest,13.333
2020-07_gen5ou-0.json,Boldore,Moves,,Earth Power,12.222
2020-07_gen5ou-0.json,Boldore,Moves,,Stone Edge,12.222
2020-07_gen5ou-0.json,Boldore,Moves,,Toxic,10.0
2020-07_gen5ou-0.json,Boldore,Moves,,Other,17.778
2020-07_gen5ou-0.json,Rattata,Stats,Raw count,,84
2020-07_gen5ou-0.json,Rattata,Stats,Avg. weight,,1.0
2020-07_gen5ou-0.json,Rattata,Stats,Viability Ceiling,,55
2020-07_gen5ou-0.json,Rattata,Stats,Hardy,,4.762
2020-07_gen5ou-0.json,Rattata,Stats,Lonely,,10.714
2020-07_gen5ou-0.json,Rattata,Stats,Jolly,,7.143
2020-07_gen5ou-0.json,Rattata,Abilities,,Guts,63.095
2020-07_gen5ou-0.json,Rattata,Abilities,,Run Away,25.0
2020-07_gen5ou-0.json,Rattata,Abilities,,Hustle,11.905
2020-07_gen5ou-0.json,Rattata,Items,,Focus Sash,92.857
2020-07_gen5ou-0.json,Rattata,Items,,Nothing,3.571
2020-07_gen5ou-0.json,Rattata,Items,,Other,3.571
2020-07_gen5ou-0.json,Rattata,Spreads,,Other,39.286
2020-07_gen5ou-0.json,Rattata,Moves,,Quick Attack,95.238
2020-07_gen5ou-0.json,Rattata,Moves,,Endeavor,78.571
2020-07_gen5ou-0.json,Rattata,Moves,,Nothing,59.524
2020-07_gen5ou-0.json,Rattata,Moves,,Flame Wheel,25.0
2020-07_gen5ou-0.json,Rattata,Moves,,Ice Beam,21.429
2020-07_gen5ou-0.json,Rattata,Moves,,Protect,17.857
2020-07_gen5ou-0.json,Rattata,Moves,,Toxic,14.286
2020-07_gen5ou-0.json,Rattata,Moves,,Endure,14.286
2020-07_gen5ou-0.json,Rattata,Moves,,Attract,13.095
2020-07_gen5ou-0.json,Rattata,Moves,,Crunch,9.524
2020-07_gen5ou-0.json,Rattata,Moves,,Blizzard,8.333
2020-07_gen5ou-0.json,Rattata,Moves,,Body Slam,7.143
2020-07_gen5ou-0.json,Rattata,Moves,,Super Fang,5.952
2020-07_gen5ou-0.json,Rattata,Moves,,Rest,3.571
2020-07_gen5ou-0.json,Rattata,Moves,,Iron Tail,3.571
2020-07_gen5ou-0.json,Rattata,Moves,,Reversal,3.571
2020-07_gen5ou-0.json,Rattata,Moves,,Other,19.048
2020-07_gen5ou-0.json,Kingler,Stats,Raw count,,89
2020-07_gen5ou-0.json,Kingler,Stats,Avg. weight,,1.0
2020-07_gen5ou-0.json,Kingler,Stats,Viability Ceiling,,59
2020-07_gen5ou-0.json,Kingler,Stats,Impish,,25.843
2020-07_gen5ou-0.json,Kingler,Stats,Jolly,,8.989
2020-07_gen5ou-0.json,Kingler,Stats,Adamant,,3.371
2020-07_gen5ou-0.json,Kingler,Abilities,,Hyper Cutter,71.91
2020-07_gen5ou-0.json,Kingler,Abilities,,Sheer Force,23.596
2020-07_gen5ou-0.json,Kingler,Abilities,,Shell Armor,4.494
2020-07_gen5ou-0.json,Kingler,Items,,Leftovers,42.697
2020-07_gen5ou-0.json,Kingler,Items,,Life Orb,17.978
2020-07_gen5ou-0.json,Kingler,Items,,Quick Claw,16.854
2020-07_gen5ou-0.json,Kingler,Items,,Focus Sash,11.236
2020-07_gen5ou-0.json,Kingler,Items,,Muscle Band,4.494
2020-07_gen5ou-0.json,Kingler,Items,,Wide Lens,3.371
2020-07_gen5ou-0.json,Kingler,Items,,Other,3.371
2020-07_gen5ou-0.json,Kingler,Spreads,,Other,14.607
2020-07_gen5ou-0.json,Kingler,Moves,,Crabhammer,82.022
2020-07_gen5ou-0.json,Kingler,Moves,,Rock Slide,77.528
2020-07_gen5ou-0.json,Kingler,Moves,,Swords Dance,51.685
2020-07_gen5ou-0.json,Kingler,Moves,,Brick Break,49.438
2020-07_gen5ou-0.json,Kingler,Moves,,X-Scissor,34.831
2020-07_gen5ou-0.json,Kingler,Moves,,Toxic,29.213
2020-07_gen5ou-0.json,Kingler,Moves,,Agility,25.843
2020-07_gen5ou-0.json,Kingler,Moves,,Superpower,11.236
2020-07_gen5ou-0.json,Kingler,Moves,,Haze,7.865
2020-07_gen5ou-0.json,Kingler,Moves,,Blizzard,4.494
2020-07_gen5ou-0.json,Kingler,Moves,,Ice Beam,4.494
2020-07_gen5ou-0.json,Kingler,Moves,,Metal Claw,4.494
2020-07_gen5ou-0.json,Kingler,Moves,,Other,16.854
2020-07_gen5ou-0.json,Bastiodon,Stats,Raw count,,78
2020-07_gen5ou-0.json,Bastiodon,Stats,Avg. weight,,1.0
2020-07_gen5ou-0.json,Bastiodon,Stats,Viability Ceiling,,57
2020-07_gen5ou-0.json,Bastiodon,Stats,Adamant,,15.385
2020-07_gen5ou-0.json,Bastiodon,Stats,Bold,,15.385
2020-07_gen5ou-0.json,Bastiodon,Stats,Brave,,11.538
2020-07_gen5ou-0.json,Bastiodon,Stats,Hardy,,10.256
2020-07_gen5ou-0.json,Bastiodon,Stats,Calm,,8.974
2020-07_gen5ou-0.json,Bastiodon,Stats,Careful,,7.692
2020-07_gen5ou-0.json,Bastiodon,Abilities,,Sturdy,79.487
2020-07_gen5ou-0.json,Bastiodon,Abilities,,Soundproof,20.513
2020-07_gen5ou-0.json,Bastiodon,Items,,Leftovers,65.385
2020-07_gen5ou-0.json,Bastiodon,Items,,Rocky Helmet,10.256
2020-07_gen5ou-0.json,Bastiodon,Items,,Red Card,8.974
2020-07_gen5ou-0.json,Bastiodon,Items,,Nothing,5.128
2020-07_gen5ou-0.json,Bastiodon,Items,,Air Balloon,3.846
2020-07_gen5ou-0.json,Bastiodon,Items,,Focus Sash,3.846
2020-07_gen5ou-0.json,Bastiodon,Items,,Other,2.564
2020-07_gen5ou-0.json,Bastiodon,Spreads,,Other,30.769
2020-07_gen5ou-0.json,Bastiodon,Moves,,Stealth Rock,69.231
2020-07_gen5ou-0.json,Bastiodon,Moves,,Toxic,53.846
2020-07_gen5ou-0.json,Bastiodon,Moves,,Heavy Slam,30.769
2020-07_gen5ou-0.json,Bastiodon,Moves,,Roar,25.641
2020-07_gen5ou-0.json,Bastiodon,Moves,,Stone Edge,25.641
2020-07_gen5ou-0.json,Bastiodon,Moves,,Protect,24.359
2020-07_gen5ou-0.json,Bastiodon,Moves,,Avalanche,16.667
2020-07_gen5ou-0.json,Bastiodon,Moves,,Curse,15.385
2020-07_gen5ou-0.json,Bastiodon,Moves,,Magic Coat,15.385
2020-07_gen5ou-0.json,Bastiodon,Moves,,Metal Burst,14.103
2020-07_gen5ou-0.json,Bastiodon,Moves,,Taunt,11.538
2020-07_gen5ou-0.json,Bastiodon,Moves,,Block,11.538
2020-07_gen5ou-0.json,Bastiodon,Moves,,Ancient Power,10.256
2020-07_gen5ou-0.json,Bastiodon,Moves,,Facade,7.692
2020-07_gen5ou-0.json,Bastiodon,Moves,,Earthquake,7.692
2020-07_gen5ou-0.json,Bastiodon,Moves,,Magnet Rise,6.41
2020-07_gen5ou-0.json,Bastiodon,Moves,,Flamethrower,5.128
2020-07_gen5ou-0.json,Bastiodon,Moves,,Iron Head,5.128
2020-07_gen5ou-0.json,Bastiodon,Moves,,Ice Beam,3.846
2020-07_gen5ou-0.json,Bastiodon,Moves,,Smack Down,3.846
2020-07_gen5ou-0.json,Bastiodon,Moves,,Rock Slide,3.846
2020-07_gen5ou-0.json,Bastiodon,Moves,,Fire Blast,3.846
2020-07_gen5ou-0.json,Bastiodon,Moves,,Flash Cannon,3.846
2020-07_gen5ou-0.json,Bastiodon,Moves,,Counter,3.846
2020-07_gen5ou-0.json,Bastiodon,Moves,,Hidden Power Flying,3.846
2020-07_gen5ou-0.json,Bastiodon,Moves,,Other,16.667
2020-07_gen5ou-0.json,Palpitoad,Stats,Raw count,,81
2020-07_gen5ou-0.json,Palpitoad,Stats,Avg. weight,,1.0
2020-07_gen5ou-0.json,Palpitoad,Stats,Viability Ceiling,,55
2020-07_gen5ou-0.json,Palpitoad,Stats,Modest,,30.864
2020-07_gen5ou-0.json,Palpitoad,Stats,Gentle,,12.346
2020-07_gen5ou-0.json,Palpitoad,Stats,Hardy,,4.938
2020-07_gen5ou-0.json,Palpitoad,Abilities,,Swift Swim,81.481
2020-07_gen5ou-0.json,Palpitoad,Abilities,,Water Absorb,13.58
2020-07_gen5ou-0.json,Palpitoad,Abilities,,Hydration,4.938
2020-07_gen5ou-0.json,Palpitoad,Items,,Eviolite,37.037
2020-07_gen5ou-0.json,Palpitoad,Items,,Leftovers,23.457
2020-07_gen5ou-0.json,Palpitoad,Items,,Nothing,22.222
2020-07_gen5ou-0.json,Palpitoad,Items,,Ground Gem,6.173
2020-07_gen5ou-0.json,Palpitoad,Items,,Focus Sash,4.938
2020-07_gen5ou-0.json,Palpitoad,Items,,Choice Scarf,3.704
2020-07_gen5ou-0.json,Palpitoad,Items,,Other,2.469
2020-07_gen5ou-0.json,Palpitoad,Spreads,,Other,30.864
2020-07_gen5ou-0.json,Palpitoad,Moves,,Earth Power,56.79
2020-07_gen5ou-0.json,Palpitoad,Moves,,Hydro Pump,44.444
2020-07_gen5ou-0.json,Palpitoad,Moves,,Sludge Bomb,37.037
2020-07_gen5ou-0.json,Palpitoad,Moves,,Supersonic,37.037
2020-07_gen5ou-0.json,Palpitoad,Moves,,Sludge Wave,32.099
2020-07_gen5ou-0.json,Palpitoad,Moves,,Scald,25.926
2020-07_gen5ou-0.json,Palpitoad,Moves,,Mud Shot,25.926
2020-07_gen5ou-0.json,Palpitoad,Moves,,Rain Dance,22.222
2020-07_gen5ou-0.json,Palpitoad,Moves,,Hyper Voice,19.753
2020-07_gen5ou-0.json,Palpitoad,Moves,,Stealth Rock,18.519
2020-07_gen5ou-0.json,Palpitoad,Moves,,Surf,16.049
2020-07_gen5ou-0.json,Palpitoad,Moves,,Toxic,13.58
2020-07_gen5ou-0.json,Palpitoad,Moves,,Water Pulse,9.877
2020-07_gen5ou-0.json,Palpitoad,Moves,,Aqua Ring,7.407
2020-07_gen5ou-0.json,Palpitoad,Moves,,Icy Wind,4.938
2020-07_gen5ou-0.json,Palpitoad,Moves,,Mud Bomb,4.938
2020-07_gen5ou-0.json,Palpitoad,Moves,,Bubble Beam,3.704
2020-07_gen5ou-0.json,Palpitoad,Moves,,Other,19.753
2020-07_gen5ou-0.json,Victreebel,Stats,Raw count,,73
2020-07_gen5ou-0.json,Victreebel,Stats,Avg. weight,,1.0
2020-07_gen5ou-0.json,Victreebel,Stats,Viability Ceiling,,63
2020-07_gen5ou-0.json,Victreebel,Stats,Naive,,16.438
2020-07_gen5ou-0.json,Victreebel,Stats,Modest,,16.438
2020-07_gen5ou-0.json,Victreebel,Stats,Hasty,,9.589
2020-07_gen5ou-0.json,Victreebel,Stats,Jolly,,9.589
2020-07_gen5ou-0.json,Victreebel,Stats,Adamant,,8.219
2020-07_gen5ou-0.json,Victreebel,Stats,Hardy,,8.219
2020-07_gen5ou-0.json,Victreebel,Abilities,,Chlorophyll,100.0
2020-07_gen5ou-0.json,Victreebel,Items,,Heat Rock,26.027
2020-07_gen5ou-0.json,Victreebel,Items,,Meadow Plate,16.438
2020-07_gen5ou-0.json,Victreebel,Items,,Life Orb,13.699
2020-07_gen5ou-0.json,Victreebel,Items,,Black Sludge,10.959
2020-07_gen5ou-0.json,Victreebel,Items,,Sitrus Berry,8.219
2020-07_gen5ou-0.json,Victreebel,Items,,Nothing,8.219
2020-07_gen5ou-0.json,Victreebel,Items,,Miracle Seed,5.479
2020-07_gen5ou-0.json,Victreebel,Items,,Leftovers,4.11
2020-07_gen5ou-0.json,Victreebel,Items,,Focus Sash,4.11
2020-07_gen5ou-0.json,Victreebel,Items,,Other,2.74
2020-07_gen5ou-0.json,Victreebel,Spreads,,Other,31.507
2020-07_gen5ou-0.json,Victreebel,Moves,,Leaf Blade,73.973
2020-07_gen5ou-0.json,Victreebel,Moves,,Sunny Day,61.644
2020-07_gen5ou-0.json,Victreebel,Moves,,Sludge Bomb,50.685
2020-07_gen5ou-0.json,Victreebel,Moves,,Sucker Punch,38.356
2020-07_gen5ou-0.json,Victreebel,Moves,,Weather Ball,36.986
2020-07_gen5ou-0.json,Victreebel,Moves,,Growth,34.247
2020-07_gen5ou-0.json,Victreebel,Moves,,Toxic,17.808
2020-07_gen5ou-0.json,Victreebel,Moves,,Giga Drain,8.219
2020-07_gen5ou-0.json,Victreebel,Moves,,Body Slam,8.219
2020-07_gen5ou-0.json,Victreebel,Moves,,Solar Beam,8.219
2020-07_gen5ou-0.json,Victreebel,Moves,,Double-Edge,8.219
2020-07_gen5ou-0.json,Victreebel,Moves,,Substitute,6.849
2020-07_gen5ou-0.json,Victreebel,Moves,,Power Whip,6.849
2020-07_gen5ou-0.json,Victreebel,Moves,,Energy Ball,6.849
2020-07_gen5ou-0.json,Victreebel,Moves,,Swords Dance,6.849
2020-07_gen5ou-0.json,Victreebel,Moves,,Poison Powder,5.479
2020-07_gen5ou-0.json,Victreebel,Moves,,Rest,4.11
2020-07_gen5ou-0.json,Victreebel,Moves,,Other,16.438
2020-07_gen5ou-0.json,Grotle,Stats,Raw count,,76
2020-07_gen5ou-0.json,Grotle,Stats,Avg. weight,,1.0
2020-07_gen5ou-0.json,Grotle,Stats,Viability Ceiling,,25
2020-07_gen5ou-0.json,Grotle,Stats,Brave,,98.684
2020-07_gen5ou-0.json,Grotle,Abilities,,Overgrow,100.0
2020-07_gen5ou-0.json,Grotle,Items,,Eviolite,98.684
2020-07_gen5ou-0.json,Grotle,Items,,Other,1.316
2020-07_gen5ou-0.json,Grotle,Spreads,,Other,1.316
2020-07_gen5ou-0.json,Grotle,Moves,,Razor Leaf,98.684
2020-07_gen5ou-0.json,Grotle,Moves,,Energy Ball,98.684
2020-07_gen5ou-0.json,Grotle,Moves,,Synthesis,98.684
2020-07_gen5ou-0.json,Grotle,Moves,,Bite,96.053
2020-07_gen5ou-0.json,Grotle,Moves,,Other,7.895
2020-07_gen5ou-0.json,Cottonee,Stats,Raw count,,104
2020-07_gen5ou-0.json,Cottonee,Stats,Avg. weight,,1.0
2020-07_gen5ou-0.json,Cottonee,Stats,Viability Ceiling,,50
2020-07_gen5ou-0.json,Cottonee,Stats,Hardy,,4.808
2020-07_gen5ou-0.json,Cottonee,Stats,Bold,,6.731
2020-07_gen5ou-0.json,Cottonee,Stats,Serious,,6.731
2020-07_gen5ou-0.json,Cottonee,Stats,Jolly,,1.923
2020-07_gen5ou-0.json,Cottonee,Abilities,,Prankster,93.269
2020-07_gen5ou-0.json,Cottonee,Abilities,,Chlorophyll,6.731
2020-07_gen5ou-0.json,Cottonee,Items,,Focus Sash,98.077
2020-07_gen5ou-0.json,Cottonee,Items,,Other,1.923
2020-07_gen5ou-0.json,Cottonee,Spreads,,Other,4.808
2020-07_gen5ou-0.json,Cottonee,Moves,,Leech Seed,93.269
2020-07_gen5ou-0.json,Cottonee,Moves,,Endeavor,91.346
2020-07_gen5ou-0.json,Cottonee,Moves,,Substitute,83.654
2020-07_gen5ou-0.json,Cottonee,Moves,,Protect,50.0
2020-07_gen5ou-0.json,Cottonee,Moves,,Encore,32.692
2020-07_gen5ou-0.json,Cottonee,Moves,,Nothing,21.154
2020-07_gen5ou-0.json,Cottonee,Moves,,Toxic,14.423
2020-07_gen5ou-0.json,Cottonee,Moves,,Other,13.462
2020-07_gen5ou-0.json,Mr. Mime,Stats,Raw count,,71
2020-07_gen5ou-0.json,Mr. Mime,Stats,Avg. weight,,1.0
2020-07_gen5ou-0.json,Mr. Mime,Stats,Viability Ceiling,,54
2020-07_gen5ou-0.json,Mr. Mime,Stats,Timid,,12.676
2020-07_gen5ou-0.json,Mr. Mime,Stats,Hasty,,5.634
2020-07_gen5ou-0.json,Mr. Mime,Stats,Hardy,,5.634
2020-07_gen5ou-0.json,Mr. Mime,Stats,Modest,,2.817
2020-07_gen5ou-0.json,Mr. Mime,Abilities,,Filter,66.197
2020-07_gen5ou-0.json,Mr. Mime,Abilities,,Soundproof,33.803
2020-07_gen5ou-0.json,Mr. Mime,Items,,Leftovers,56.338
2020-07_gen5ou-0.json,Mr. Mime,Items,,Light Clay,18.31
2020-07_gen5ou-0.json,Mr. Mime,Items,,Life Orb,5.634
2020-07_gen5ou-0.json,Mr. Mime,Items,,Twisted Spoon,5.634
2020-07_gen5ou-0.json,Mr. Mime,Items,,Wise Glasses,5.634
2020-07_gen5ou-0.json,Mr. Mime,Items,,Choice Band,2.817
2020-07_gen5ou-0.json,Mr. Mime,Items,,Focus Band,1.408
2020-07_gen5ou-0.json,Mr. Mime,Items,,Other,4.225
2020-07_gen5ou-0.json,Mr. Mime,Spreads,,Other,15.493
2020-07_gen5ou-0.json,Mr. Mime,Moves,,Psychic,81.69
2020-07_gen5ou-0.json,Mr. Mime,Moves,,Calm Mind,39.437
2020-07_gen5ou-0.json,Mr. Mime,Moves,,Light Screen,26.761
2020-07_gen5ou-0.json,Mr. Mime,Moves,,Reflect,25.352
2020-07_gen5ou-0.json,Mr. Mime,Moves,,Substitute,19.718
2020-07_gen5ou-0.json,Mr. Mime,Moves,,Thunderbolt,19.718
2020-07_gen5ou-0.json,Mr. Mime,Moves,,Focus Blast,19.718
2020-07_gen5ou-0.json,Mr. Mime,Moves,,Nasty Plot,19.718
2020-07_gen5ou-0.json,Mr. Mime,Moves,,Baton Pass,18.31
2020-07_gen5ou-0.json,Mr. Mime,Moves,,Future Sight,18.31
2020-07_gen5ou-0.json,Mr. Mime,Moves,,Shadow Ball,15.493
2020-07_gen5ou-0.json,Mr. Mime,Moves,,Fake Out,12.676
2020-07_gen5ou-0.json,Mr. Mime,Moves,,Psyshock,12.676
2020-07_gen5ou-0.json,Mr. Mime,Moves,,Energy Ball,11.268
2020-07_gen5ou-0.json,Mr. Mime,Moves,,Signal Beam,11.268
2020-07_gen5ou-0.json,Mr. Mime,Moves,,Magical Leaf,8.451
2020-07_gen5ou-0.json,Mr. Mime,Moves,,Trick,7.042
2020-07_gen5ou-0.json,Mr. Mime,Moves,,Ice Punch,5.634
2020-07_gen5ou-0.json,Mr. Mime,Moves,,Shock Wave,5.634
2020-07_gen5ou-0.json,Mr. Mime,Moves,,Encore,5.634
2020-07_gen5ou-0.json,Mr. Mime,Moves,,Other,15.493
2020-07_gen5ou-0.json,Simisear,Stats,Raw count,,77
2020-07_gen5ou-0.json,Simisear,Stats,Avg. weight,,1.0
2020-07_gen5ou-0.json,Simisear,Stats,Viability Ceiling,,65
2020-07_gen5ou-0.json,Simisear,Stats,Hasty,,6.494
2020-07_gen5ou-0.json,Simisear,Stats,Adamant,,16.883
2020-07_gen5ou-0.json,Simisear,Stats,Timid,,6.494
2020-07_gen5ou-0.json,Simisear,Stats,Hardy,,3.896
2020-07_gen5ou-0.json,Simisear,Abilities,,Gluttony,68.831
2020-07_gen5ou-0.json,Simisear,Abilities,,Blaze,31.169
2020-07_gen5ou-0.json,Simisear,Items,,Charcoal,46.753
2020-07_gen5ou-0.json,Simisear,Items,,Nothing,25.974
2020-07_gen5ou-0.json,Simisear,Items,,Flame Orb,6.494
2020-07_gen5ou-0.json,Simisear,Items,,Leftovers,6.494
2020-07_gen5ou-0.json,Simisear,Items,,Fire Gem,3.896
2020-07_gen5ou-0.json,Simisear,Items,,Expert Belt,3.896
2020-07_gen5ou-0.json,Simisear,Items,,Life Orb,1.299
2020-07_gen5ou-0.json,Simisear,Items,,Focus Sash,1.299
2020-07_gen5ou-0.json,Simisear,Items,,Other,3.896
2020-07_gen5ou-0.json,Simisear,Spreads,,Other,16.883
2020-07_gen5ou-0.json,Simisear,Moves,,Flamethrower,68.831
2020-07_gen5ou-0.json,Simisear,Moves,,Brick Break,51.948
2020-07_gen5ou-0.json,Simisear,Moves,,Rock Slide,48.052
2020-07_gen5ou-0.json,Simisear,Moves,,Payback,48.052
2020-07_gen5ou-0.json,Simisear,Moves,,Gunk Shot,23.377
2020-07_gen5ou-0.json,Simisear,Moves,,Acrobatics,20.779
2020-07_gen5ou-0.json,Simisear,Moves,,Superpower,18.182
2020-07_gen5ou-0.json,Simisear,Moves,,Flame Charge,18.182
2020-07_gen5ou-0.json,Simisear,Moves,,Grass Knot,11.688
2020-07_gen5ou-0.json,Simisear,Moves,,Fire Punch,10.39
2020-07_gen5ou-0.json,Simisear,Moves,,Will-O-Wisp,9.091
2020-07_gen5ou-0.json,Simisear,Moves,,Overheat,6.494
2020-07_gen5ou-0.json,Simisear,Moves,,Fire Blast,6.494
2020-07_gen5ou-0.json,Simisear,Moves,,Incinerate,6.494
2020-07_gen5ou-0.json,Simisear,Moves,,Role Play,6.494
2020-07_gen5ou-0.json,Simisear,Moves,,Nasty Plot,6.494
2020-07_gen5ou-0.json,Simisear,Moves,,Hidden Power Water,5.195
2020-07_gen5ou-0.json,Simisear,Moves,,Taunt,5.195
2020-07_gen5ou-0.json,Simisear,Moves,,Heat Wave,5.195
2020-07_gen5ou-0.json,Simisear,Moves,,Toxic,3.896
2020-07_gen5ou-0.json,Simisear,Moves,,Other,19.481
2020-07_gen5ou-0.json,Stunfisk,Stats,Raw count,,74
2020-07_gen5ou-0.json,Stunfisk,Stats,Avg. weight,,1.0
2020-07_gen5ou-0.json,Stunfisk,Stats,Viability Ceiling,,58
2020-07_gen5ou-0.json,Stunfisk,Stats,Modest,,36.486
2020-07_gen5ou-0.json,Stunfisk,Stats,Calm,,20.270
2020-07_gen5ou-0.json,Stunfisk,Stats,Bold,,5.405
2020-07_gen5ou-0.json,Stunfisk,Stats,Timid,,2.703
2020-07_gen5ou-0.json,Stunfisk,Abilities,,Static,93.243
2020-07_gen5ou-0.json,Stunfisk,Abilities,,Limber,6.757
2020-07_gen5ou-0.json,Stunfisk,Items,,Leftovers,83.784
2020-07_gen5ou-0.json,Stunfisk,Items,,Magnet,5.405
2020-07_gen5ou-0.json,Stunfisk,Items,,Nothing,4.054
2020-07_gen5ou-0.json,Stunfisk,Items,,Air Balloon,2.703
2020-07_gen5ou-0.json,Stunfisk,Items,,Other,4.054
2020-07_gen5ou-0.json,Stunfisk,Spreads,,Other,16.216
2020-07_gen5ou-0.json,Stunfisk,Moves,,Discharge,72.973
2020-07_gen5ou-0.json,Stunfisk,Moves,,Earth Power,71.622
2020-07_gen5ou-0.json,Stunfisk,Moves,,Stealth Rock,63.514
2020-07_gen5ou-0.json,Stunfisk,Moves,,Scald,47.297
2020-07_gen5ou-0.json,Stunfisk,Moves,,Pain Split,22.973
2020-07_gen5ou-0.json,Stunfisk,Moves,,Thunderbolt,16.216
2020-07_gen5ou-0.json,Stunfisk,Moves,,Thunder Wave,14.865
2020-07_gen5ou-0.json,Stunfisk,Moves,,Toxic,12.162
2020-07_gen5ou-0.json,Stunfisk,Moves,,Earthquake,12.162
2020-07_gen5ou-0.json,Stunfisk,Moves,,Sludge Wave,12.162
2020-07_gen5ou-0.json,Stunfisk,Moves,,Surf,10.811
2020-07_gen5ou-0.json,Stunfisk,Moves,,Curse,8.108
2020-07_gen5ou-0.json,Stunfisk,Moves,,Mud Bomb,8.108
2020-07_gen5ou-0.json,Stunfisk,Moves,,Muddy Water,4.054
2020-07_gen5ou-0.json,Stunfisk,Moves,,Sludge Bomb,2.703
2020-07_gen5ou-0.json,Stunfisk,Moves,,Foul Play,2.703
2020-07_gen5ou-0.json,Stunfisk,Moves,,Other,17.568
2020-07_gen5ou-0.json,Seviper,Stats,Raw count,,72
2020-07_gen5ou-0.json,Seviper,Stats,Avg. weight,,1.0
2020-07_gen5ou-0.json,Seviper,Stats,Viability Ceiling,,45
2020-07_gen5ou-0.json,Seviper,Stats,Jolly,,18.056
2020-07_gen5ou-0.json,Seviper,Stats,Adamant,,8.333
2020-07_gen5ou-0.json,Seviper,Stats,Modest,,8.333
2020-07_gen5ou-0.json,Seviper,Stats,Lax,,8.333
2020-07_gen5ou-0.json,Seviper,Stats,Hardy,,6.944
2020-07_gen5ou-0.json,Seviper,Abilities,,Shed Skin,80.556
2020-07_gen5ou-0.json,Seviper,Abilities,,Infiltrator,19.444
2020-07_gen5ou-0.json,Seviper,Items,,Leftovers,30.556
2020-07_gen5ou-0.json,Seviper,Items,,Focus Sash,20.833
2020-07_gen5ou-0.json,Seviper,Items,,Life Orb,9.722
2020-07_gen5ou-0.json,Seviper,Items,,Quick Claw,8.333
2020-07_gen5ou-0.json,Seviper,Items,,Black Sludge,6.944
2020-07_gen5ou-0.json,Seviper,Items,,Nothing,6.944
2020-07_gen5ou-0.json,Seviper,Items,,Air Balloon,4.167
2020-07_gen5ou-0.json,Seviper,Items,,Choice Scarf,4.167
2020-07_gen5ou-0.json,Seviper,Items,,Expert Belt,2.778
2020-07_gen5ou-0.json,Seviper,Items,,Choice Band,2.778
2020-07_gen5ou-0.json,Seviper,Items,,Other,2.778
2020-07_gen5ou-0.json,Seviper,Spreads,,Other,41.667
2020-07_gen5ou-0.json,Seviper,Moves,,Earthquake,55.556
2020-07_gen5ou-0.json,Seviper,Moves,,Glare,38.889
2020-07_gen5ou-0.json,Seviper,Moves,,Poison Jab,38.889
2020-07_gen5ou-0.json,Seviper,Moves,,Flamethrower,33.333
2020-07_gen5ou-0.json,Seviper,Moves,,Giga Drain,30.556
2020-07_gen5ou-0.json,Seviper,Moves,,Haze,27.778
2020-07_gen5ou-0.json,Seviper,Moves,,Coil,27.778
2020-07_gen5ou-0.json,Seviper,Moves,,Sucker Punch,25.0
2020-07_gen5ou-0.json,Seviper,Moves,,Sludge Bomb,20.833
2020-07_gen5ou-0.json,Seviper,Moves,,Body Slam,18.056
2020-07_gen5ou-0.json,Seviper,Moves,,Aqua Tail,13.889
2020-07_gen5ou-0.json,Seviper,Moves,,Crunch,12.5
2020-07_gen5ou-0.json,Seviper,Moves,,Iron Tail,11.111
2020-07_gen5ou-0.json,Seviper,Moves,,Sludge Wave,9.722
2020-07_gen5ou-0.json,Seviper,Moves,,Dark Pulse,6.944
2020-07_gen5ou-0.json,Seviper,Moves,,X-Scissor,5.556
2020-07_gen5ou-0.json,Seviper,Moves,,Taunt,5.556
2020-07_gen5ou-0.json,Seviper,Moves,,Other,18.056
2020-07_gen5ou-0.json,Monferno,Stats,Raw count,,70
2020-07_gen5ou-0.json,Monferno,Stats,Avg. weight,,1.0
2020-07_gen5ou-0.json,Monferno,Stats,Viability Ceiling,,57
2020-07_gen5ou-0.json,Monferno,Stats,Hasty,,91.429
2020-07_gen5ou-0.json,Monferno,Stats,Adamant,,4.286
2020-07_gen5ou-0.json,Monferno,Abilities,,Blaze,100.0
2020-07_gen5ou-0.json,Monferno,Items,,Eviolite,94.286
2020-07_gen5ou-0.json,Monferno,Items,,Choice Band,4.286
2020-07_gen5ou-0.json,Monferno,Items,,Other,1.429
2020-07_gen5ou-0.json,Monferno,Spreads,,Other,4.286
2020-07_gen5ou-0.json,Monferno,Moves,,Dig,94.286
2020-07_gen5ou-0.json,Monferno,Moves,,Mach Punch,91.429
2020-07_gen5ou-0.json,Monferno,Moves,,Flame Wheel,91.429
2020-07_gen5ou-0.json,Monferno,Moves,,Flamethrower,91.429
2020-07_gen5ou-0.json,Monferno,Moves,,Nothing,12.857
2020-07_gen5ou-0.json,Monferno,Moves,,Other,18.571
2020-07_gen5ou-0.json,Furret,Stats,Raw count,,66
2020-07_gen5ou-0.json,Furret,Stats,Avg. weight,,1.0
2020-07_gen5ou-0.json,Furret,Stats,Viability Ceiling,,46
2020-07_gen5ou-0.json,Furret,Stats,Jolly,,3.030
2020-07_gen5ou-0.json,Furret,Stats,Hardy,,7.576
2020-07_gen5ou-0.json,Furret,Abilities,,Frisk,93.939
2020-07_gen5ou-0.json,Furret,Abilities,,Run Away,4.545
2020-07_gen5ou-0.json,Furret,Abilities,,Keen Eye,1.515
2020-07_gen5ou-0.json,Furret,Items,,Choice Scarf,51.515
2020-07_gen5ou-0.json,Furret,Items,,Choice Band,31.818
2020-07_gen5ou-0.json,Furret,Items,,Leftovers,9.091
2020-07_gen5ou-0.json,Furret,Items,,Flame Orb,3.03
2020-07_gen5ou-0.json,Furret,Items,,Other,4.545
2020-07_gen5ou-0.json,Furret,Spreads,,Other,4.545
2020-07_gen5ou-0.json,Furret,Moves,,Trick,83.333
2020-07_gen5ou-0.json,Furret,Moves,,U-turn,83.333
2020-07_gen5ou-0.json,Furret,Moves,,Thunder Punch,53.03
2020-07_gen5ou-0.json,Furret,Moves,,Toxic,51.515
2020-07_gen5ou-0.json,Furret,Moves,,Return,34.848
2020-07_gen5ou-0.json,Furret,Moves,,Knock Off,33.333
2020-07_gen5ou-0.json,Furret,Moves,,Fire Punch,13.636
2020-07_gen5ou-0.json,Furret,Moves,,Aqua Tail,12.121
2020-07_gen5ou-0.json,Furret,Moves,,Brick Break,9.091
2020-07_gen5ou-0.json,Furret,Moves,,Quick Attack,9.091
2020-07_gen5ou-0.json,Furret,Moves,,Other,16.667
2020-07_gen5ou-0.json,Rotom,Stats,Raw count,,59
2020-07_gen5ou-0.json,Rotom,Stats,Avg. weight,,1.0
2020-07_gen5ou-0.json,Rotom,Stats,Viability Ceiling,,62
2020-07_gen5ou-0.json,Rotom,Stats,Timid,,6.780
2020-07_gen5ou-0.json,Rotom,Stats,Hardy,,18.644
2020-07_gen5ou-0.json,Rotom,Stats,Modest,,11.864
2020-07_gen5ou-0.json,Rotom,Stats,Quiet,,10.169
2020-07_gen5ou-0.json,Rotom,Abilities,,Levitate,100.0
2020-07_gen5ou-0.json,Rotom,Items,,Leftovers,28.814
2020-07_gen5ou-0.json,Rotom,Items,,Choice Specs,23.729
2020-07_gen5ou-0.json,Rotom,Items,,Mago Berry,18.644
2020-07_gen5ou-0.json,Rotom,Items,,Choice Scarf,15.254
2020-07_gen5ou-0.json,Rotom,Items,,Magnet,8.475
2020-07_gen5ou-0.json,Rotom,Items,,Focus Sash,3.39
2020-07_gen5ou-0.json,Rotom,Items,,Other,1.695
2020-07_gen5ou-0.json,Rotom,Spreads,,Other,1.695
2020-07_gen5ou-0.json,Rotom,Moves,,Shadow Ball,83.051
2020-07_gen5ou-0.json,Rotom,Moves,,Volt Switch,54.237
2020-07_gen5ou-0.json,Rotom,Moves,,Thunderbolt,52.542
2020-07_gen5ou-0.json,Rotom,Moves,,Nothing,30.508
2020-07_gen5ou-0.json,Rotom,Moves,,Signal Beam,28.814
2020-07_gen5ou-0.json,Rotom,Moves,,Will-O-Wisp,28.814
2020-07_gen5ou-0.json,Rotom,Moves,,Thunder,23.729
2020-07_gen5ou-0.json,Rotom,Moves,,Discharge,22.034
2020-07_gen5ou-0.json,Rotom,Moves,,Reflect,18.644
2020-07_gen5ou-0.json,Rotom,Moves,,Trick,13.559
2020-07_gen5ou-0.json,Rotom,Moves,,Hidden Power Fighting,13.559
2020-07_gen5ou-0.json,Rotom,Moves,,Hidden Power Fire,10.169
2020-07_gen5ou-0.json,Rotom,Moves,,Hidden Power Ice,6.78
2020-07_gen5ou-0.json,Rotom,Moves,,Other,13.559
2020-07_gen5ou-0.json,Throh,Stats,Raw count,,62
2020-07_gen5ou-0.json,Throh,Stats,Avg. weight,,1.0
2020-07_gen5ou-0.json,Throh,Stats,Viability Ceiling,,73
2020-07_gen5ou-0.json,Throh,Stats,Adamant,,4.839
2020-07_gen5ou-0.json,Throh,Stats,Hardy,,6.452
2020-07_gen5ou-0.json,Throh,Stats,Jolly,,6.452
2020-07_gen5ou-0.json,Throh,Abilities,,Guts,70.968
2020-07_gen5ou-0.json,Throh,Abilities,,Inner Focus,17.742
2020-07_gen5ou-0.json,Throh,Abilities,,Mold Breaker,11.29
2020-07_gen5ou-0.json,Throh,Items,,Leftovers,40.323
2020-07_gen5ou-0.json,Throh,Items,,Flame Orb,25.806
2020-07_gen5ou-0.json,Throh,Items,,Chesto Berry,6.452
2020-07_gen5ou-0.json,Throh,Items,,Toxic Orb,6.452
2020-07_gen5ou-0.json,Throh,Items,,Rocky Helmet,6.452
2020-07_gen5ou-0.json,Throh,Items,,Focus Sash,4.839
2020-07_gen5ou-0.json,Throh,Items,,Focus Band,4.839
2020-07_gen5ou-0.json,Throh,Items,,Other,4.839
2020-07_gen5ou-0.json,Throh,Spreads,,Other,24.194
2020-07_gen5ou-0.json,Throh,Moves,,Bulk Up,56.452
2020-07_gen5ou-0.json,Throh,Moves,,Circle Throw,48.387
2020-07_gen5ou-0.json,Throh,Moves,,Earthquake,27.419
2020-07_gen5ou-0.json,Throh,Moves,,Rest,25.806
2020-07_gen5ou-0.json,Throh,Moves,,Thunder Punch,24.194
2020-07_gen5ou-0.json,Throh,Moves,,Brick Break,17.742
2020-07_gen5ou-0.json,Throh,Moves,,Sleep Talk,17.742
2020-07_gen5ou-0.json,Throh,Moves,,Ice Punch,17.742
2020-07_gen5ou-0.json,Throh,Moves,,Rock Slide,17.742
2020-07_gen5ou-0.json,Throh,Moves,,Poison Jab,16.129
2020-07_gen5ou-0.json,Throh,Moves,,Low Kick,14.516
2020-07_gen5ou-0.json,Throh,Moves,,Storm Throw,14.516
2020-07_gen5ou-0.json,Throh,Moves,,Facade,12.903
2020-07_gen5ou-0.json,Throh,Moves,,Protect,12.903
2020-07_gen5ou-0.json,Throh,Moves,,Superpower,11.29
2020-07_gen5ou-0.json,Throh,Moves,,Payback,11.29
2020-07_gen5ou-0.json,Throh,Moves,,Knock Off,11.29
2020-07_gen5ou-0.json,Throh,Moves,,Stone Edge,9.677
2020-07_gen5ou-0.json,Throh,Moves,,Substitute,8.065
2020-07_gen5ou-0.json,Throh,Moves,,Body Slam,8.065
2020-07_gen5ou-0.json,Throh,Moves,,Other,16.129
2020-07_gen5ou-0.json,Regigigas,Stats,Raw count,,62
2020-07_gen5ou-0.json,Regigigas,Stats,Avg. weight,,1.0
2020-07_gen5ou-0.json,Regigigas,Stats,Viability Ceiling,,55
2020-07_gen5ou-0.json,Regigigas,Stats,Adamant,,12.903
2020-07_gen5ou-0.json,Regigigas,Stats,Jolly,,12.903
2020-07_gen5ou-0.json,Regigigas,Stats,Hardy,,4.839
2020-07_gen5ou-0.json,Regigigas,Abilities,,Slow Start,100.0
2020-07_gen5ou-0.json,Regigigas,Items,,Leftovers,79.032
2020-07_gen5ou-0.json,Regigigas,Items,,Choice Scarf,6.452
2020-07_gen5ou-0.json,Regigigas,Items,,Life Orb,3.226
2020-07_gen5ou-0.json,Regigigas,Items,,Nothing,3.226
2020-07_gen5ou-0.json,Regigigas,Items,,Eviolite,3.226
2020-07_gen5ou-0.json,Regigigas,Items,,Other,4.839
2020-07_gen5ou-0.json,Regigigas,Spreads,,Other,30.645
2020-07_gen5ou-0.json,Regigigas,Moves,,Earthquake,82.258
2020-07_gen5ou-0.json,Regigigas,Moves,,Drain Punch,70.968
2020-07_gen5ou-0.json,Regigigas,Moves,,Zen Headbutt,33.871
2020-07_gen5ou-0.json,Regigigas,Moves,,Return,32.258
2020-07_gen5ou-0.json,Regigigas,Moves,,Avalanche,19.355
2020-07_gen5ou-0.json,Regigigas,Moves,,Knock Off,19.355
2020-07_gen5ou-0.json,Regigigas,Moves,,Facade,17.742
2020-07_gen5ou-0.json,Regigigas,Moves,,Toxic,17.742
2020-07_gen5ou-0.json,Regigigas,Moves,,Heavy Slam,16.129
2020-07_gen5ou-0.json,Regigigas,Moves,,Thunder Wave,16.129
2020-07_gen5ou-0.json,Regigigas,Moves,,Ice Punch,9.677
2020-07_gen5ou-0.json,Regigigas,Moves,,Ancient Power,9.677
2020-07_gen5ou-0.json,Regigigas,Moves,,Brick Break,8.065
2020-07_gen5ou-0.json,Regigigas,Moves,,Focus Punch,6.452
2020-07_gen5ou-0.json,Regigigas,Moves,,Fire Punch,4.839
2020-07_gen5ou-0.json,Regigigas,Moves,,Substitute,4.839
2020-07_gen5ou-0.json,Regigigas,Moves,,Iron Head,4.839
2020-07_gen5ou-0.json,Regigigas,Moves,,Earth Power,3.226
2020-07_gen5ou-0.json,Regigigas,Moves,,Superpower,3.226
2020-07_gen5ou-0.json,Regigigas,Moves,,Other,19.355
2020-07_gen5ou-0.json,Articuno,Stats,Raw count,,57
2020-07_gen5ou-0.json,Articuno,Stats,Avg. weight,,1.0
2020-07_gen5ou-0.json,Articuno,Stats,Viability Ceiling,,55
2020-07_gen5ou-0.json,Articuno,Stats,Modest,,21.053
2020-07_gen5ou-0.json,Articuno,Stats,Hardy,,8.772
2020-07_gen5ou-0.json,Articuno,Stats,Timid,,8.772
2020-07_gen5ou-0.json,Articuno,Stats,Hasty,,7.018
2020-07_gen5ou-0.json,Articuno,Stats,Calm,,7.018
2020-07_gen5ou-0.json,Articuno,Abilities,,Pressure,100.0
2020-07_gen5ou-0.json,Articuno,Items,,Focus Sash,28.07
2020-07_gen5ou-0.json,Articuno,Items,,Leftovers,19.298
2020-07_gen5ou-0.json,Articuno,Items,,Choice Scarf,10.526
2020-07_gen5ou-0.json,Articuno,Items,,Scope Lens,8.772
2020-07_gen5ou-0.json,Articuno,Items,,Never-Melt Ice,5.263
2020-07_gen5ou-0.json,Articuno,Items,,Rocky Helmet,5.263
2020-07_gen5ou-0.json,Articuno,Items,,Wise Glasses,5.263
2020-07_gen5ou-0.json,Articuno,Items,,Flying Gem,3.509
2020-07_gen5ou-0.json,Articuno,Items,,Life Orb,3.509
2020-07_gen5ou-0.json,Articuno,Items,,Sitrus Berry,3.509
2020-07_gen5ou-0.json,Articuno,Items,,Water Gem,1.754
2020-07_gen5ou-0.json,Articuno,Items,,Choice Specs,1.754
2020-07_gen5ou-0.json,Articuno,Items,,Other,3.509
2020-07_gen5ou-0.json,Articuno,Spreads,,Other,38.596
2020-07_gen5ou-0.json,Articuno,Moves,,Ice Beam,63.158
2020-07_gen5ou-0.json,Articuno,Moves,,Blizzard,54.386
2020-07_gen5ou-0.json,Articuno,Moves,,Extrasensory,43.86
2020-07_gen5ou-0.json,Articuno,Moves,,Roost,35.088
2020-07_gen5ou-0.json,Articuno,Moves,,Hurricane,26.316
2020-07_gen5ou-0.json,Articuno,Moves,,Heal Bell,21.053
2020-07_gen5ou-0.json,Articuno,Moves,,Hail,19.298
2020-07_gen5ou-0.json,Articuno,Moves,,U-turn,15.789
2020-07_gen5ou-0.json,Articuno,Moves,,Water Pulse,14.035
2020-07_gen5ou-0.json,Articuno,Moves,,Ancient Power,12.281
2020-07_gen5ou-0.json,Articuno,Moves,,Aerial Ace,10.526
2020-07_gen5ou-0.json,Articuno,Moves,,Agility,8.772
2020-07_gen5ou-0.json,Articuno,Moves,,Air Cutter,7.018
2020-07_gen5ou-0.json,Articuno,Moves,,Icy Wind,7.018
2020-07_gen5ou-0.json,Articuno,Moves,,Signal Beam,7.018
2020-07_gen5ou-0.json,Articuno,Moves,,Fly,7.018
2020-07_gen5ou-0.json,Articuno,Moves,,Roar,7.018
2020-07_gen5ou-0.json,Articuno,Moves,,Hidden Power Water,5.263
2020-07_gen5ou-0.json,Articuno,Moves,,Hidden Power Electric,5.263
2020-07_gen5ou-0.json,Articuno,Moves,,Steel Wing,5.263
2020-07_gen5ou-0.json,Articuno,Moves,,Protect,5.263
2020-07_gen5ou-0.json,Articuno,Moves,,Other,19.298
2020-07_gen5ou-0.json,Gorebyss,Stats,Raw count,,55
2020-07_gen5ou-0.json,Gorebyss,Stats,Avg. weight,,1.0
2020-07_gen5ou-0.json,Gorebyss,Stats,Viability Ceiling,,74
2020-07_gen5ou-0.json,Gorebyss,Stats,Calm,,5.455
2020-07_gen5ou-0.json,Gorebyss,Stats,Naive,,14.545
2020-07_gen5ou-0.json,Gorebyss,Stats,Jolly,,12.727
2020-07_gen5ou-0.json,Gorebyss,Stats,Timid,,9.091
2020-07_gen5ou-0.json,Gorebyss,Stats,Bold,,7.273
2020-07_gen5ou-0.json,Gorebyss,Abilities,,Swift Swim,65.455
2020-07_gen5ou-0.json,Gorebyss,Abilities,,Hydration,34.545
2020-07_gen5ou-0.json,Gorebyss,Items,,Leftovers,40.0
2020-07_gen5ou-0.json,Gorebyss,Items,,White Herb,29.091
2020-07_gen5ou-0.json,Gorebyss,Items,,Rocky Helmet,18.182
2020-07_gen5ou-0.json,Gorebyss,Items,,Life Orb,7.273
2020-07_gen5ou-0.json,Gorebyss,Items,,Wide Lens,3.636
2020-07_gen5ou-0.json,Gorebyss,Items,,Other,1.818
2020-07_gen5ou-0.json,Gorebyss,Spreads,,Other,23.636
2020-07_gen5ou-0.json,Gorebyss,Moves,,Rest,49.091
2020-07_gen5ou-0.json,Gorebyss,Moves,,Shell Smash,40.0
2020-07_gen5ou-0.json,Gorebyss,Moves,,Ice Beam,36.364
2020-07_gen5ou-0.json,Gorebyss,Moves,,Hidden Power Electric,27.273
2020-07_gen5ou-0.json,Gorebyss,Moves,,Scald,27.273
2020-07_gen5ou-0.json,Gorebyss,Moves,,Amnesia,27.273
2020-07_gen5ou-0.json,Gorebyss,Moves,,Toxic,27.273
2020-07_gen5ou-0.json,Gorebyss,Moves,,Signal Beam,27.273
2020-07_gen5ou-0.json,Gorebyss,Moves,,Surf,23.636
2020-07_gen5ou-0.json,Gorebyss,Moves,,Hydro Pump,18.182
2020-07_gen5ou-0.json,Gorebyss,Moves,,Substitute,14.545
2020-07_gen5ou-0.json,Gorebyss,Moves,,Return,14.545
2020-07_gen5ou-0.json,Gorebyss,Moves,,Refresh,14.545
2020-07_gen5ou-0.json,Gorebyss,Moves,,Rain Dance,9.091
2020-07_gen5ou-0.json,Gorebyss,Moves,,Aqua Ring,7.273
2020-07_gen5ou-0.json,Gorebyss,Moves,,Baton Pass,7.273
2020-07_gen5ou-0.json,Gorebyss,Moves,,Blizzard,3.636
2020-07_gen5ou-0.json,Gorebyss,Moves,,Hidden Power Water,3.636
2020-07_gen5ou-0.json,Gorebyss,Moves,,Whirlpool,3.636
2020-07_gen5ou-0.json,Gorebyss,Moves,,Other,18.182
2020-07_gen5ou-0.json,Jumpluff,Stats,Raw count,,58
2020-07_gen5ou-0.json,Jumpluff,Stats,Avg. weight,,1.0
2020-07_gen5ou-0.json,Jumpluff,Stats,Viability Ceiling,,59
2020-07_gen5ou-0.json,Jumpluff,Stats,Jolly,,5.172
2020-07_gen5ou-0.json,Jumpluff,Stats,Careful,,8.621
2020-07_gen5ou-0.json,Jumpluff,Stats,Hardy,,6.897
2020-07_gen5ou-0.json,Jumpluff,Stats,Timid,,1.724
2020-07_gen5ou-0.json,Jumpluff,Abilities,,Leaf Guard,43.103
2020-07_gen5ou-0.json,Jumpluff,Abilities,,Infiltrator,43.103
2020-07_gen5ou-0.json,Jumpluff,Abilities,,Chlorophyll,13.793
2020-07_gen5ou-0.json,Jumpluff,Items,,Occa Berry,43.103
2020-07_gen5ou-0.json,Jumpluff,Items,,Flying Gem,27.586
2020-07_gen5ou-0.json,Jumpluff,Items,,Leftovers,17.241
2020-07_gen5ou-0.json,Jumpluff,Items,,Nothing,5.172
2020-07_gen5ou-0.json,Jumpluff,Items,,Choice Scarf,1.724
2020-07_gen5ou-0.json,Jumpluff,Items,,Rocky Helmet,1.724
2020-07_gen5ou-0.json,Jumpluff,Items,,Other,3.448
2020-07_gen5ou-0.json,Jumpluff,Spreads,,Other,6.897
2020-07_gen5ou-0.json,Jumpluff,Moves,,U-turn,75.862
2020-07_gen5ou-0.json,Jumpluff,Moves,,Toxic,62.069
2020-07_gen5ou-0.json,Jumpluff,Moves,,Protect,56.897
2020-07_gen5ou-0.json,Jumpluff,Moves,,Acrobatics,46.552
2020-07_gen5ou-0.json,Jumpluff,Moves,,Sunny Day,44.828
2020-07_gen5ou-0.json,Jumpluff,Moves,,Encore,31.034
2020-07_gen5ou-0.json,Jumpluff,Moves,,Leech Seed,17.241
2020-07_gen5ou-0.json,Jumpluff,Moves,,Cotton Guard,10.345
2020-07_gen5ou-0.json,Jumpluff,Moves,,Helping Hand,10.345
2020-07_gen5ou-0.json,Jumpluff,Moves,,Bullet Seed,8.621
2020-07_gen5ou-0.json,Jumpluff,Moves,,Stun Spore,6.897
2020-07_gen5ou-0.json,Jumpluff,Moves,,Endure,6.897
2020-07_gen5ou-0.json,Jumpluff,Moves,,Substitute,5.172
2020-07_gen5ou-0.json,Jumpluff,Moves,,Other,17.241
2020-07_gen5ou-0.json,Persian,Stats,Raw count,,56
2020-07_gen5ou-0.json,Persian,Stats,Avg. weight,,1.0
2020-07_gen5ou-0.json,Persian,Stats,Viability Ceiling,,48
2020-07_gen5ou-0.json,Persian,Stats,Jolly,,85.714
2020-07_gen5ou-0.json,Persian,Stats,Adamant,,1.786
2020-07_gen5ou-0.json,Persian,Stats,Hardy,,1.786
2020-07_gen5ou-0.json,Persian,Stats,Naive,,1.786
2020-07_gen5ou-0.json,Persian,Abilities,,Limber,75.0
2020-07_gen5ou-0.json,Persian,Abilities,,Technician,25.0
2020-07_gen5ou-0.json,Persian,Items,,Silk Scarf,73.214
2020-07_gen5ou-0.json,Persian,Items,,Life Orb,16.071
2020-07_gen5ou-0.json,Persian,Items,,Mental Herb,3.571
2020-07_gen5ou-0.json,Persian,Items,,Nothing,3.571
2020-07_gen5ou-0.json,Persian,Items,,Other,3.571
2020-07_gen5ou-0.json,Persian,Spreads,,Other,3.571
2020-07_gen5ou-0.json,Persian,Moves,,Fake Out,92.857
2020-07_gen5ou-0.json,Persian,Moves,,Taunt,73.214
2020-07_gen5ou-0.json,Persian,Moves,,Return,67.857
2020-07_gen5ou-0.json,Persian,Moves,,U-turn,67.857
2020-07_gen5ou-0.json,Persian,Moves,,Aerial Ace,16.071
2020-07_gen5ou-0.json,Persian,Moves,,Bite,12.5
2020-07_gen5ou-0.json,Persian,Moves,,Nothing,10.714
2020-07_gen5ou-0.json,Persian,Moves,,Iron Tail,10.714
2020-07_gen5ou-0.json,Persian,Moves,,Nasty Plot,7.143
2020-07_gen5ou-0.json,Persian,Moves,,Shock Wave,5.357
2020-07_gen5ou-0.json,Persian,Moves,,Roar,5.357
2020-07_gen5ou-0.json,Persian,Moves,,Swift,5.357
2020-07_gen5ou-0.json,Persian,Moves,,Punishment,5.357
2020-07_gen5ou-0.json,Persian,Moves,,Other,19.643
2020-07_gen5ou-0.json,Togetic,Stats,Raw count,,61
2020-07_gen5ou-0.json,Togetic,Stats,Avg. weight,,1.0
2020-07_gen5ou-0.json,Togetic,Stats,Viability Ceiling,,61
2020-07_gen5ou-0.json,Togetic,Stats,Modest,,21.311
2020-07_gen5ou-0.json,Togetic,Stats,Calm,,6.557
2020-07_gen5ou-0.json,Togetic,Stats,Sassy,,8.197
2020-07_gen5ou-0.json,Togetic,Stats,Timid,,8.197
2020-07_gen5ou-0.json,Togetic,Abilities,,Serene Grace,83.607
2020-07_gen5ou-0.json,Togetic,Abilities,,Super Luck,8.197
2020-07_gen5ou-0.json,Togetic,Abilities,,Hustle,8.197
2020-07_gen5ou-0.json,Togetic,Items,,Eviolite,90.164
2020-07_gen5ou-0.json,Togetic,Items,,Leftovers,4.918
2020-07_gen5ou-0.json,Togetic,Items,,Other,4.918
2020-07_gen5ou-0.json,Togetic,Spreads,,Other,24.59
2020-07_gen5ou-0.json,Togetic,Moves,,Tri Attack,27.869
2020-07_gen5ou-0.json,Togetic,Moves,,Flamethrower,26.23
2020-07_gen5ou-0.json,Togetic,Moves,,Defog,26.23
2020-07_gen5ou-0.json,Togetic,Moves,,Soft-Boiled,24.59
2020-07_gen5ou-0.json,Togetic,Moves,,Wish,24.59
2020-07_gen5ou-0.json,Togetic,Moves,,Heal Bell,22.951
2020-07_gen5ou-0.json,Togetic,Moves,,Shadow Ball,22.951
2020-07_gen5ou-0.json,Togetic,Moves,,Attract,21.311
2020-07_gen5ou-0.json,Togetic,Moves,,Roost,21.311
2020-07_gen5ou-0.json,Togetic,Moves,,Protect,14.754
2020-07_gen5ou-0.json,Togetic,Moves,,Sunny Day,14.754
2020-07_gen5ou-0.json,Togetic,Moves,,Nasty Plot,14.754
2020-07_gen5ou-0.json,Togetic,Moves,,Baton Pass,13.115
2020-07_gen5ou-0.json,Togetic,Moves,,Substitute,13.115
2020-07_gen5ou-0.json,Togetic,Moves,,Thunder Wave,11.475
2020-07_gen5ou-0.json,Togetic,Moves,,Toxic,9.836
2020-07_gen5ou-0.json,Togetic,Moves,,Tailwind,8.197
2020-07_gen5ou-0.json,Togetic,Moves,,Psychic,8.197
2020-07_gen5ou-0.json,Togetic,Moves,,Heat Wave,8.197
2020-07_gen5ou-0.json,Togetic,Moves,,Follow Me,8.197
2020-07_gen5ou-0.json,Togetic,Moves,,Extrasensory,8.197
2020-07_gen5ou-0.json,Togetic,Moves,,Hidden Power Flying,8.197
2020-07_gen5ou-0.json,Togetic,Moves,,Nothing,4.918
2020-07_gen5ou-0.json,Togetic,Moves,,Body Slam,4.918
2020-07_gen5ou-0.json,Togetic,Moves,,Ancient Power,4.918
2020-07_gen5ou-0.json,Togetic,Moves,,Metronome,4.918
2020-07_gen5ou-0.json,Togetic,Moves,,Encore,4.918
2020-07_gen5ou-0.json,Togetic,Moves,,Other,16.393
2020-07_gen5ou-0.json,Butterfree,Stats,Raw count,,53
2020-07_gen5ou-0.json,Butterfree,Stats,Avg. weight,,1.0
2020-07_gen5ou-0.json,Butterfree,Stats,Viability Ceiling,,28
2020-07_gen5ou-0.json,Butterfree,Stats,Timid,,9.434
2020-07_gen5ou-0.json,Butterfree,Stats,Modest,,16.981
2020-07_gen5ou-0.json,Butterfree,Stats,Calm,,16.981
2020-07_gen5ou-0.json,Butterfree,Stats,Hardy,,11.321
2020-07_gen5ou-0.json,Butterfree,Stats,Jolly,,7.547
2020-07_gen5ou-0.json,Butterfree,Abilities,,Compound Eyes,81.132
2020-07_gen5ou-0.json,Butterfree,Abilities,,Tinted Lens,18.868
2020-07_gen5ou-0.json,Butterfree,Items,,Nothing,28.302
2020-07_gen5ou-0.json,Butterfree,Items,,Focus Sash,28.302
2020-07_gen5ou-0.json,Butterfree,Items,,Bug Gem,16.981
2020-07_gen5ou-0.json,Butterfree,Items,,Expert Belt,11.321
2020-07_gen5ou-0.json,Butterfree,Items,,Flying Gem,3.774
2020-07_gen5ou-0.json,Butterfree,Items,,Twisted Spoon,1.887
2020-07_gen5ou-0.json,Butterfree,Items,,SilverPowder,1.887
2020-07_gen5ou-0.json,Butterfree,Items,,Leftovers,1.887
2020-07_gen5ou-0.json,Butterfree,Items,,Quick Claw,1.887
2020-07_gen5ou-0.json,Butterfree,Items,,Other,3.774
2020-07_gen5ou-0.json,Butterfree,Spreads,,Other,16.981
2020-07_gen5ou-0.json,Butterfree,Moves,,Bug Buzz,52.83
2020-07_gen5ou-0.json,Butterfree,Moves,,Quiver Dance,45.283
2020-07_gen5ou-0.json,Butterfree,Moves,,Stun Spore,43.396
2020-07_gen5ou-0.json,Butterfree,Moves,,Psychic,37.736
2020-07_gen5ou-0.json,Butterfree,Moves,,Toxic,30.189
2020-07_gen5ou-0.json,Butterfree,Moves,,Giga Drain,28.302
2020-07_gen5ou-0.json,Butterfree,Moves,,Poison Powder,22.642
2020-07_gen5ou-0.json,Butterfree,Moves,,Substitute,20.755
2020-07_gen5ou-0.json,Butterfree,Moves,,Attract,16.981
2020-07_gen5ou-0.json,Butterfree,Moves,,Hidden Power Ice,16.981
2020-07_gen5ou-0.json,Butterfree,Moves,,Morning Sun,11.321
2020-07_gen5ou-0.json,Butterfree,Moves,,Shadow Ball,11.321
2020-07_gen5ou-0.json,Butterfree,Moves,,Rain Dance,9.434
2020-07_gen5ou-0.json,Butterfree,Moves,,Hyper Beam,9.434
2020-07_gen5ou-0.json,Butterfree,Moves,,Protect,9.434
2020-07_gen5ou-0.json,Butterfree,Moves,,Confusion,7.547
2020-07_gen5ou-0.json,Butterfree,Moves,,Defog,7.547
2020-07_gen5ou-0.json,Butterfree,Moves,,Other,18.868
2020-07_gen5ou-0.json,Entei,Stats,Raw count,,56
2020-07_gen5ou-0.json,Entei,Stats,Avg. weight,,1.0
2020-07_gen5ou-0.json,Entei,Stats,Viability Ceiling,,55
2020-07_gen5ou-0.json,Entei,Stats,Adamant,,5.357
2020-07_gen5ou-0.json,Entei,Stats,Quiet,,8.929
2020-07_gen5ou-0.json,Entei,Stats,Hardy,,7.143
2020-07_gen5ou-0.json,Entei,Abilities,,Pressure,100.0
2020-07_gen5ou-0.json,Entei,Items,,Leftovers,16.071
2020-07_gen5ou-0.json,Entei,Items,,Nothing,16.071
2020-07_gen5ou-0.json,Entei,Items,,Choice Band,14.286
2020-07_gen5ou-0.json,Entei,Items,,Charcoal,10.714
2020-07_gen5ou-0.json,Entei,Items,,Lum Berry,8.929
2020-07_gen5ou-0.json,Entei,Items,,Choice Specs,7.143
2020-07_gen5ou-0.json,Entei,Items,,Sitrus Berry,7.143
2020-07_gen5ou-0.json,Entei,Items,,Flame Plate,7.143
2020-07_gen5ou-0.json,Entei,Items,,Expert Belt,5.357
2020-07_gen5ou-0.json,Entei,Items,,Black Glasses,3.571
2020-07_gen5ou-0.json,Entei,Items,,Other,3.571
2020-07_gen5ou-0.json,Entei,Spreads,,Other,35.714
2020-07_gen5ou-0.json,Entei,Moves,,Extreme Speed,53.571
2020-07_gen5ou-0.json,Entei,Moves,,Flare Blitz,39.286
2020-07_gen5ou-0.json,Entei,Moves,,Stone Edge,39.286
2020-07_gen5ou-0.json,Entei,Moves,,Eruption,37.5
2020-07_gen5ou-0.json,Entei,Moves,,Flamethrower,23.214
2020-07_gen5ou-0.json,Entei,Moves,,Extrasensory,21.429
2020-07_gen5ou-0.json,Entei,Moves,,Flame Charge,17.857
2020-07_gen5ou-0.json,Entei,Moves,,Iron Head,16.071
2020-07_gen5ou-0.json,Entei,Moves,,Fire Blast,14.286
2020-07_gen5ou-0.json,Entei,Moves,,Hidden Power Grass,12.5
2020-07_gen5ou-0.json,Entei,Moves,,Body Slam,12.5
2020-07_gen5ou-0.json,Entei,Moves,,Calm Mind,10.714
2020-07_gen5ou-0.json,Entei,Moves,,Overheat,8.929
2020-07_gen5ou-0.json,Entei,Moves,,Lava Plume,8.929
2020-07_gen5ou-0.json,Entei,Moves,,Roar,8.929
2020-07_gen5ou-0.json,Entei,Moves,,Double-Edge,8.929
2020-07_gen5ou-0.json,Entei,Moves,,Crush Claw,7.143
2020-07_gen5ou-0.json,Entei,Moves,,Toxic,7.143
2020-07_gen5ou-0.json,Entei,Moves,,Return,7.143
2020-07_gen5ou-0.json,Entei,Moves,,Nothing,5.357
2020-07_gen5ou-0.json,Entei,Moves,,Giga Impact,5.357
2020-07_gen5ou-0.json,Entei,Moves,,Facade,5.357
2020-07_gen5ou-0.json,Entei,Moves,,Fire Fang,5.357
2020-07_gen5ou-0.json,Entei,Moves,,Sleep Talk,3.571
2020-07_gen5ou-0.json,Entei,Moves,,Other,19.643
2020-07_gen5ou-0.json,Rapidash,Stats,Raw count,,56
2020-07_gen5ou-0.json,Rapidash,Stats,Avg. weight,,1.0
2020-07_gen5ou-0.json,Rapidash,Stats,Viability Ceiling,,58
2020-07_gen5ou-0.json,Rapidash,Stats,Jolly,,8.929
2020-07_gen5ou-0.json,Rapidash,Stats,Adamant,,1.786
2020-07_gen5ou-0.json,Rapidash,Stats,Hasty,,5.357
2020-07_gen5ou-0.json,Rapidash,Abilities,,Flash Fire,58.929
2020-07_gen5ou-0.json,Rapidash,Abilities,,Flame Body,26.786
2020-07_gen5ou-0.json,Rapidash,Abilities,,Run Away,14.286
2020-07_gen5ou-0.json,Rapidash,Items,,Sitrus Berry,19.643
2020-07_gen5ou-0.json,Rapidash,Items,,Choice Band,19.643
2020-07_gen5ou-0.json,Rapidash,Items,,Nothing,14.286
2020-07_gen5ou-0.json,Rapidash,Items,,Charcoal,12.5
2020-07_gen5ou-0.json,Rapidash,Items,,Life Orb,10.714
2020-07_gen5ou-0.json,Rapidash,Items,,Leftovers,8.929
2020-07_gen5ou-0.json,Rapidash,Items,,Wide Lens,5.357
2020-07_gen5ou-0.json,Rapidash,Items,,Expert Belt,3.571
2020-07_gen5ou-0.json,Rapidash,Items,,Choice Scarf,1.786
2020-07_gen5ou-0.json,Rapidash,Items,,Other,3.571
2020-07_gen5ou-0.json,Rapidash,Spreads,,Other,8.929
2020-07_gen5ou-0.json,Rapidash,Moves,,Flare Blitz,80.357
2020-07_gen5ou-0.json,Rapidash,Moves,,Megahorn,60.714
2020-07_gen5ou-0.json,Rapidash,Moves,,Wild Charge,50.0
2020-07_gen5ou-0.json,Rapidash,Moves,,Drill Run,50.0
2020-07_gen5ou-0.json,Rapidash,Moves,,Low Kick,25.0
2020-07_gen5ou-0.json,Rapidash,Moves,,Poison Jab,17.857
2020-07_gen5ou-0.json,Rapidash,Moves,,Will-O-Wisp,14.286
2020-07_gen5ou-0.json,Rapidash,Moves,,Morning Sun,14.286
2020-07_gen5ou-0.json,Rapidash,Moves,,Bounce,12.5
2020-07_gen5ou-0.json,Rapidash,Moves,,Facade,8.929
2020-07_gen5ou-0.json,Rapidash,Moves,,Flame Charge,8.929
2020-07_gen5ou-0.json,Rapidash,Moves,,Return,8.929
2020-07_gen5ou-0.json,Rapidash,Moves,,Quick Attack,8.929
2020-07_gen5ou-0.json,Rapidash,Moves,,Fire Blast,7.143
2020-07_gen5ou-0.json,Rapidash,Moves,,Flame Wheel,7.143
2020-07_gen5ou-0.json,Rapidash,Moves,,Strength,5.357
2020-07_gen5ou-0.json,Rapidash,Moves,,Other,19.643
2020-07_gen5ou-0.json,Dragonair,Stats,Raw count,,57
2020-07_gen5ou-0.json,Dragonair,Stats,Avg. weight,,1.0
2020-07_gen5ou-0.json,Dragonair,Stats,Viability Ceiling,,55
2020-07_gen5ou-0.json,Dragonair,Stats,Adamant,,26.316
2020-07_gen5ou-0.json,Dragonair,Stats,Hardy,,14.035
2020-07_gen5ou-0.json,Dragonair,Stats,Lonely,,8.772
2020-07_gen5ou-0.json,Dragonair,Stats,Mild,,7.018
2020-07_gen5ou-0.json,Dragonair,Abilities,,Shed Skin,59.649
2020-07_gen5ou-0.json,Dragonair,Abilities,,Marvel Scale,40.351
2020-07_gen5ou-0.json,Dragonair,Items,,Eviolite,57.895
2020-07_gen5ou-0.json,Dragonair,Items,,Leftovers,31.579
2020-07_gen5ou-0.json,Dragonair,Items,,Choice Scarf,5.263
2020-07_gen5ou-0.json,Dragonair,Items,,Focus Sash,3.509
2020-07_gen5ou-0.json,Dragonair,Items,,Other,1.754
2020-07_gen5ou-0.json,Dragonair,Spreads,,Other,17.544
2020-07_gen5ou-0.json,Dragonair,Moves,,Dragon Dance,52.632
2020-07_gen5ou-0.json,Dragonair,Moves,,Draco Meteor,52.632
2020-07_gen5ou-0.json,Dragonair,Moves,,Outrage,47.368
2020-07_gen5ou-0.json,Dragonair,Moves,,Rest,31.579
2020-07_gen5ou-0.json,Dragonair,Moves,,Sleep Talk,31.579
2020-07_gen5ou-0.json,Dragonair,Moves,,Aqua Jet,28.07
2020-07_gen5ou-0.json,Dragonair,Moves,,Blizzard,26.316
2020-07_gen5ou-0.json,Dragonair,Moves,,Thunder Wave,21.053
2020-07_gen5ou-0.json,Dragonair,Moves,,Agility,19.298
2020-07_gen5ou-0.json,Dragonair,Moves,,Haze,14.035
2020-07_gen5ou-0.json,Dragonair,Moves,,Iron Tail,12.281
2020-07_gen5ou-0.json,Dragonair,Moves,,Safeguard,10.526
2020-07_gen5ou-0.json,Dragonair,Moves,,Ice Beam,8.772
2020-07_gen5ou-0.json,Dragonair,Moves,,Dragon Rush,8.772
2020-07_gen5ou-0.json,Dragonair,Moves,,Fire Blast,7.018
2020-07_gen5ou-0.json,Dragonair,Moves,,Waterfall,7.018
2020-07_gen5ou-0.json,Dragonair,Moves,,Dragon Pulse,5.263
2020-07_gen5ou-0.json,Dragonair,Moves,,Other,15.789
2020-07_gen5ou-0.json,Kecleon,Stats,Raw count,,51
2020-07_gen5ou-0.json,Kecleon,Stats,Avg. weight,,1.0
2020-07_gen5ou-0.json,Kecleon,Stats,Viability Ceiling,,55
2020-07_gen5ou-0.json,Kecleon,Stats,Careful,,3.922
2020-07_gen5ou-0.json,Kecleon,Stats,Hardy,,7.843
2020-07_gen5ou-0.json,Kecleon,Stats,Impish,,5.882
2020-07_gen5ou-0.json,Kecleon,Abilities,,Color Change,100.0
2020-07_gen5ou-0.json,Kecleon,Items,,Choice Band,49.02
2020-07_gen5ou-0.json,Kecleon,Items,,Leftovers,39.216
2020-07_gen5ou-0.json,Kecleon,Items,,Nothing,7.843
2020-07_gen5ou-0.json,Kecleon,Items,,Other,3.922
2020-07_gen5ou-0.json,Kecleon,Spreads,,Other,9.804
2020-07_gen5ou-0.json,Kecleon,Moves,,Recover,78.431
2020-07_gen5ou-0.json,Kecleon,Moves,,Return,56.863
2020-07_gen5ou-0.json,Kecleon,Moves,,Stealth Rock,52.941
2020-07_gen5ou-0.json,Kecleon,Moves,,Trick,49.02
2020-07_gen5ou-0.json,Kecleon,Moves,,Fake Out,27.451
2020-07_gen5ou-0.json,Kecleon,Moves,,Shadow Sneak,23.529
2020-07_gen5ou-0.json,Kecleon,Moves,,Nothing,15.686
2020-07_gen5ou-0.json,Kecleon,Moves,,Sucker Punch,15.686
2020-07_gen5ou-0.json,Kecleon,Moves,,Rock Slide,11.765
2020-07_gen5ou-0.json,Kecleon,Moves,,Disable,11.765
2020-07_gen5ou-0.json,Kecleon,Moves,,Flamethrower,11.765
2020-07_gen5ou-0.json,Kecleon,Moves,,Thunderbolt,11.765
2020-07_gen5ou-0.json,Kecleon,Moves,,Protect,9.804
2020-07_gen5ou-0.json,Kecleon,Moves,,Scratch,7.843
2020-07_gen5ou-0.json,Kecleon,Moves,,Other,15.686
2020-07_gen5ou-0.json,Hippopotas,Stats,Raw count,,59
2020-07_gen5ou-0.json,Hippopotas,Stats,Avg. weight,,1.0
2020-07_gen5ou-0.json,Hippopotas,Stats,Viability Ceiling,,51
2020-07_gen5ou-0.json,Hippopotas,Stats,Hardy,,3.390
2020-07_gen5ou-0.json,Hippopotas,Stats,Serious,,8.475
2020-07_gen5ou-0.json,Hippopotas,Stats,Adamant,,1.695
2020-07_gen5ou-0.json,Hippopotas,Abilities,,Sand Stream,100.0
2020-07_gen5ou-0.json,Hippopotas,Items,,Smooth Rock,74.576
2020-07_gen5ou-0.json,Hippopotas,Items,,Nothing,15.254
2020-07_gen5ou-0.json,Hippopotas,Items,,Focus Sash,8.475
2020-07_gen5ou-0.json,Hippopotas,Items,,Other,1.695
2020-07_gen5ou-0.json,Hippopotas,Spreads,,Other,3.39
2020-07_gen5ou-0.json,Hippopotas,Moves,,Stealth Rock,83.051
2020-07_gen5ou-0.json,Hippopotas,Moves,,Toxic,69.492
2020-07_gen5ou-0.json,Hippopotas,Moves,,Slack Off,69.492
2020-07_gen5ou-0.json,Hippopotas,Moves,,Roar,61.017
2020-07_gen5ou-0.json,Hippopotas,Moves,,Nothing,13.559
2020-07_gen5ou-0.json,Hippopotas,Moves,,Earthquake,13.559
2020-07_gen5ou-0.json,Hippopotas,Moves,,Protect,10.169
2020-07_gen5ou-0.json,Hippopotas,Moves,,Earth Power,10.169
2020-07_gen5ou-0.json,Hippopotas,Moves,,Crunch,10.169
2020-07_gen5ou-0.json,Hippopotas,Moves,,Double-Edge,10.169
2020-07_gen5ou-0.json,Hippopotas,Moves,,Curse,8.475
2020-07_gen5ou-0.json,Hippopotas,Moves,,Sand Attack,8.475
2020-07_gen5ou-0.json,Hippopotas,Moves,,Whirlwind,8.475
2020-07_gen5ou-0.json,Hippopotas,Moves,,Body Slam,6.78
2020-07_gen5ou-0.json,Hippopotas,Moves,,Other,16.949
2020-07_gen5ou-0.json,Watchog,Stats,Raw count,,53
2020-07_gen5ou-0.json,Watchog,Stats,Avg. weight,,1.0
2020-07_gen5ou-0.json,Watchog,Stats,Viability Ceiling,,65
2020-07_gen5ou-0.json,Watchog,Stats,Naughty,,15.094
2020-07_gen5ou-0.json,Watchog,Stats,Timid,,13.208
2020-07_gen5ou-0.json,Watchog,Stats,Hardy,,5.660
2020-07_gen5ou-0.json,Watchog,Stats,Hasty,,5.660
2020-07_gen5ou-0.json,Watchog,Stats,Impish,,5.660
2020-07_gen5ou-0.json,Watchog,Abilities,,Keen Eye,37.736
2020-07_gen5ou-0.json,Watchog,Abilities,,Illuminate,33.962
2020-07_gen5ou-0.json,Watchog,Abilities,,Analytic,28.302
2020-07_gen5ou-0.json,Watchog,Items,,Nothing,24.528
2020-07_gen5ou-0.json,Watchog,Items,,Focus Sash,18.868
2020-07_gen5ou-0.json,Watchog,Items,,Bright Powder,11.321
2020-07_gen5ou-0.json,Watchog,Items,,Rocky Helmet,7.547
2020-07_gen5ou-0.json,Watchog,Items,,Leftovers,5.66
2020-07_gen5ou-0.json,Watchog,Items,,Red Card,5.66
2020-07_gen5ou-0.json,Watchog,Items,,Sitrus Berry,5.66
2020-07_gen5ou-0.json,Watchog,Items,,Choice Band,5.66
2020-07_gen5ou-0.json,Watchog,Items,,Choice Specs,3.774
2020-07_gen5ou-0.json,Watchog,Items,,Water Gem,1.887
2020-07_gen5ou-0.json,Watchog,Items,,Choice Scarf,1.887
2020-07_gen5ou-0.json,Watchog,Items,,Quick Claw,1.887
2020-07_gen5ou-0.json,Watchog,Items,,Razor Claw,1.887
2020-07_gen5ou-0.json,Watchog,Items,,Other,3.774
2020-07_gen5ou-0.json,Watchog,Spreads,,Other,43.396
2020-07_gen5ou-0.json,Watchog,Moves,,Crunch,33.962
2020-07_gen5ou-0.json,Watchog,Moves,,Confuse Ray,30.189
2020-07_gen5ou-0.json,Watchog,Moves,,Toxic,26.415
2020-07_gen5ou-0.json,Watchog,Moves,,Super Fang,26.415
2020-07_gen5ou-0.json,Watchog,Moves,,Shadow Ball,24.528
2020-07_gen5ou-0.json,Watchog,Moves,,Light Screen,24.528
2020-07_gen5ou-0.json,Watchog,Moves,,Grass Knot,22.642
2020-07_gen5ou-0.json,Watchog,Moves,,Flamethrower,16.981
2020-07_gen5ou-0.json,Watchog,Moves,,Focus Blast,16.981
2020-07_gen5ou-0.json,Watchog,Moves,,Thunder Wave,15.094
2020-07_gen5ou-0.json,Watchog,Moves,,Iron Tail,15.094
2020-07_gen5ou-0.json,Watchog,Moves,,Flail,15.094
2020-07_gen5ou-0.json,Watchog,Moves,,Endeavor,13.208
2020-07_gen5ou-0.json,Watchog,Moves,,Substitute,11.321
2020-07_gen5ou-0.json,Watchog,Moves,,Hyper Fang,11.321
2020-07_gen5ou-0.json,Watchog,Moves,,Swords Dance,9.434
2020-07_gen5ou-0.json,Watchog,Moves,,Zen Headbutt,9.434
2020-07_gen5ou-0.json,Watchog,Moves,,Leer,7.547
2020-07_gen5ou-0.json,Watchog,Moves,,Baton Pass,7.547
2020-07_gen5ou-0.json,Watchog,Moves,,Ice Punch,7.547
2020-07_gen5ou-0.json,Watchog,Moves,,Retaliate,7.547
2020-07_gen5ou-0.json,Watchog,Moves,,Return,5.66
2020-07_gen5ou-0.json,Watchog,Moves,,Thunder,5.66
2020-07_gen5ou-0.json,Watchog,Moves,,Low Kick,5.66
2020-07_gen5ou-0.json,Watchog,Moves,,Aqua Tail,3.774
2020-07_gen5ou-0.json,Watchog,Moves,,Detect,3.774
2020-07_gen5ou-0.json,Watchog,Moves,,Work Up,3.774
2020-07_gen5ou-0.json,Watchog,Moves,,Other,18.868
2020-07_gen5ou-0.json,Combusken,Stats,Raw count,,51
2020-07_gen5ou-0.json,Combusken,Stats,Avg. weight,,1.0
2020-07_gen5ou-0.json,Combusken,Stats,Viability Ceiling,,57
2020-07_gen5ou-0.json,Combusken,Stats,Timid,,23.529
2020-07_gen5ou-0.json,Combusken,Stats,Hardy,,21.569
2020-07_gen5ou-0.json,Combusken,Stats,Adamant,,7.843
2020-07_gen5ou-0.json,Combusken,Stats,Jolly,,9.804
2020-07_gen5ou-0.json,Combusken,Abilities,,Speed Boost,72.549
2020-07_gen5ou-0.json,Combusken,Abilities,,Blaze,27.451
2020-07_gen5ou-0.json,Combusken,Items,,Eviolite,49.02
2020-07_gen5ou-0.json,Combusken,Items,,Leftovers,25.49
2020-07_gen5ou-0.json,Combusken,Items,,Focus Sash,13.725
2020-07_gen5ou-0.json,Combusken,Items,,Ground Gem,9.804
2020-07_gen5ou-0.json,Combusken,Items,,Other,1.961
2020-07_gen5ou-0.json,Combusken,Spreads,,Other,11.765
2020-07_gen5ou-0.json,Combusken,Moves,,Hidden Power Grass,45.098
2020-07_gen5ou-0.json,Combusken,Moves,,Flare Blitz,33.333
2020-07_gen5ou-0.json,Combusken,Moves,,Swords Dance,31.373
2020-07_gen5ou-0.json,Combusken,Moves,,Flamethrower,23.529
2020-07_gen5ou-0.json,Combusken,Moves,,Protect,23.529
2020-07_gen5ou-0.json,Combusken,Moves,,Focus Blast,23.529
2020-07_gen5ou-0.json,Combusken,Moves,,Fire Blast,21.569
2020-07_gen5ou-0.json,Combusken,Moves,,Will-O-Wisp,21.569
2020-07_gen5ou-0.json,Combusken,Moves,,Seismic Toss,21.569
2020-07_gen5ou-0.json,Combusken,Moves,,Fire Punch,19.608
2020-07_gen5ou-0.json,Combusken,Moves,,Thunder Punch,19.608
2020-07_gen5ou-0.json,Combusken,Moves,,Brick Break,15.686
2020-07_gen5ou-0.json,Combusken,Moves,,Sky Uppercut,15.686
2020-07_gen5ou-0.json,Combusken,Moves,,Low Kick,13.725
2020-07_gen5ou-0.json,Combusken,Moves,,Fire Spin,11.765
2020-07_gen5ou-0.json,Combusken,Moves,,Heat Wave,11.765
2020-07_gen5ou-0.json,Combusken,Moves,,Poison Jab,9.804
2020-07_gen5ou-0.json,Combusken,Moves,,Dig,9.804
2020-07_gen5ou-0.json,Combusken,Moves,,Bulk Up,5.882
2020-07_gen5ou-0.json,Combusken,Moves,,Dual Chop,3.922
2020-07_gen5ou-0.json,Combusken,Moves,,Other,17.647
2020-07_gen5ou-0.json,Wailord,Stats,Raw count,,49
2020-07_gen5ou-0.json,Wailord,Stats,Avg. weight,,1.0
2020-07_gen5ou-0.json,Wailord,Stats,Viability Ceiling,,55
2020-07_gen5ou-0.json,Wailord,Stats,Hardy,,8.163
2020-07_gen5ou-0.json,Wailord,Stats,Calm,,8.163
2020-07_gen5ou-0.json,Wailord,Stats,Lonely,,8.163
2020-07_gen5ou-0.json,Wailord,Stats,Timid,,8.163
2020-07_gen5ou-0.json,Wailord,Abilities,,Oblivious,44.898
2020-07_gen5ou-0.json,Wailord,Abilities,,Pressure,28.571
2020-07_gen5ou-0.json,Wailord,Abilities,,Water Veil,26.531
2020-07_gen5ou-0.json,Wailord,Items,,Leftovers,48.98
2020-07_gen5ou-0.json,Wailord,Items,,Choice Scarf,10.204
2020-07_gen5ou-0.json,Wailord,Items,,Nothing,10.204
2020-07_gen5ou-0.json,Wailord,Items,,Flying Gem,6.122
2020-07_gen5ou-0.json,Wailord,Items,,Choice Specs,4.082
2020-07_gen5ou-0.json,Wailord,Items,,Life Orb,4.082
2020-07_gen5ou-0.json,Wailord,Items,,Aguav Berry,4.082
2020-07_gen5ou-0.json,Wailord,Items,,Chesto Berry,2.041
2020-07_gen5ou-0.json,Wailord,Items,,Water Gem,2.041
2020-07_gen5ou-0.json,Wailord,Items,,Quick Claw,2.041
2020-07_gen5ou-0.json,Wailord,Items,,Focus Sash,2.041
2020-07_gen5ou-0.json,Wailord,Items,,Other,4.082
2020-07_gen5ou-0.json,Wailord,Spreads,,Other,48.98
2020-07_gen5ou-0.json,Wailord,Moves,,Water Spout,34.694
2020-07_gen5ou-0.json,Wailord,Moves,,Earthquake,26.531
2020-07_gen5ou-0.json,Wailord,Moves,,Surf,24.49
2020-07_gen5ou-0.json,Wailord,Moves,,Ice Beam,24.49
2020-07_gen5ou-0.json,Wailord,Moves,,Heavy Slam,24.49
2020-07_gen5ou-0.json,Wailord,Moves,,Hydro Pump,22.449
2020-07_gen5ou-0.json,Wailord,Moves,,Protect,20.408
2020-07_gen5ou-0.json,Wailord,Moves,,Aqua Ring,18.367
2020-07_gen5ou-0.json,Wailord,Moves,,Scald,16.327
2020-07_gen5ou-0.json,Wailord,Moves,,Rest,14.286
2020-07_gen5ou-0.json,Wailord,Moves,,Roar,14.286
2020-07_gen5ou-0.json,Wailord,Moves,,Waterfall,14.286
2020-07_gen5ou-0.json,Wailord,Moves,,Blizzard,12.245
2020-07_gen5ou-0.json,Wailord,Moves,,Avalanche,12.245
2020-07_gen5ou-0.json,Wailord,Moves,,Hyper Voice,12.245
2020-07_gen5ou-0.json,Wailord,Moves,,Curse,10.204
2020-07_gen5ou-0.json,Wailord,Moves,,Self-Destruct,10.204
2020-07_gen5ou-0.json,Wailord,Moves,,Rain Dance,10.204
2020-07_gen5ou-0.json,Wailord,Moves,,Hidden Power Grass,8.163
2020-07_gen5ou-0.json,Wailord,Moves,,Toxic,8.163
2020-07_gen5ou-0.json,Wailord,Moves,,Bounce,8.163
2020-07_gen5ou-0.json,Wailord,Moves,,Block,8.163
2020-07_gen5ou-0.json,Wailord,Moves,,Hidden Power Fire,6.122
2020-07_gen5ou-0.json,Wailord,Moves,,Amnesia,6.122
2020-07_gen5ou-0.json,Wailord,Moves,,Dive,6.122
2020-07_gen5ou-0.json,Wailord,Moves,,Iron Head,6.122
2020-07_gen5ou-0.json,Wailord,Moves,,Sleep Talk,4.082
2020-07_gen5ou-0.json,Wailord,Moves,,Other,16.327
2020-07_gen5ou-0.json,Lopunny,Stats,Raw count,,54
2020-07_gen5ou-0.json,Lopunny,Stats,Avg. weight,,1.0
2020-07_gen5ou-0.json,Lopunny,Stats,Viability Ceiling,,46
2020-07_gen5ou-0.json,Lopunny,Stats,Jolly,,12.963
2020-07_gen5ou-0.json,Lopunny,Stats,Hasty,,5.556
2020-07_gen5ou-0.json,Lopunny,Stats,Hardy,,5.556
2020-07_gen5ou-0.json,Lopunny,Abilities,,Cute Charm,74.074
2020-07_gen5ou-0.json,Lopunny,Abilities,,Limber,25.926
2020-07_gen5ou-0.json,Lopunny,Items,,Life Orb,16.667
2020-07_gen5ou-0.json,Lopunny,Items,,Leftovers,12.963
2020-07_gen5ou-0.json,Lopunny,Items,,Normal Gem,12.963
2020-07_gen5ou-0.json,Lopunny,Items,,Rocky Helmet,11.111
2020-07_gen5ou-0.json,Lopunny,Items,,Silk Scarf,9.259
2020-07_gen5ou-0.json,Lopunny,Items,,Flame Orb,7.407
2020-07_gen5ou-0.json,Lopunny,Items,,Focus Sash,7.407
2020-07_gen5ou-0.json,Lopunny,Items,,Chople Berry,5.556
2020-07_gen5ou-0.json,Lopunny,Items,,Sitrus Berry,5.556
2020-07_gen5ou-0.json,Lopunny,Items,,Flying Gem,3.704
2020-07_gen5ou-0.json,Lopunny,Items,,Liechi Berry,1.852
2020-07_gen5ou-0.json,Lopunny,Items,,Choice Scarf,1.852
2020-07_gen5ou-0.json,Lopunny,Items,,Other,3.704
2020-07_gen5ou-0.json,Lopunny,Spreads,,Other,24.074
2020-07_gen5ou-0.json,Lopunny,Moves,,Circle Throw,35.185
2020-07_gen5ou-0.json,Lopunny,Moves,,Drain Punch,33.333
2020-07_gen5ou-0.json,Lopunny,Moves,,Fake Out,31.481
2020-07_gen5ou-0.json,Lopunny,Moves,,Ice Punch,29.63
2020-07_gen5ou-0.json,Lopunny,Moves,,Return,27.778
2020-07_gen5ou-0.json,Lopunny,Moves,,Encore,20.37
2020-07_gen5ou-0.json,Lopunny,Moves,,Bounce,18.519
2020-07_gen5ou-0.json,Lopunny,Moves,,Nothing,16.667
2020-07_gen5ou-0.json,Lopunny,Moves,,Shadow Ball,16.667
2020-07_gen5ou-0.json,Lopunny,Moves,,Retaliate,16.667
2020-07_gen5ou-0.json,Lopunny,Moves,,Fire Punch,14.815
2020-07_gen5ou-0.json,Lopunny,Moves,,Attract,14.815
2020-07_gen5ou-0.json,Lopunny,Moves,,Thunder Punch,14.815
2020-07_gen5ou-0.json,Lopunny,Moves,,Baton Pass,12.963
2020-07_gen5ou-0.json,Lopunny,Moves,,Healing Wish,9.259
2020-07_gen5ou-0.json,Lopunny,Moves,,Copycat,9.259
2020-07_gen5ou-0.json,Lopunny,Moves,,Jump Kick,7.407
2020-07_gen5ou-0.json,Lopunny,Moves,,Switcheroo,7.407
2020-07_gen5ou-0.json,Lopunny,Moves,,Sweet Kiss,5.556
2020-07_gen5ou-0.json,Lopunny,Moves,,Ice Beam,5.556
2020-07_gen5ou-0.json,Lopunny,Moves,,Endeavor,5.556
2020-07_gen5ou-0.json,Lopunny,Moves,,Low Kick,5.556
2020-07_gen5ou-0.json,Lopunny,Moves,,Heal Bell,5.556
2020-07_gen5ou-0.json,Lopunny,Moves,,Agility,5.556
2020-07_gen5ou-0.json,Lopunny,Moves,,Uproar,5.556
2020-07_gen5ou-0.json,Lopunny,Moves,,Entrainment,5.556
2020-07_gen5ou-0.json,Lopunny,Moves,,Other,18.519
2020-07_gen5ou-0.json,Dewott,Stats,Raw count,,55
2020-07_gen5ou-0.json,Dewott,Stats,Avg. weight,,1.0
2020-07_gen5ou-0.json,Dewott,Stats,Viability Ceiling,,53
2020-07_gen5ou-0.json,Dewott,Stats,Modest,,16.364
2020-07_gen5ou-0.json,Dewott,Stats,Timid,,12.727
2020-07_gen5ou-0.json,Dewott,Stats,Mild,,10.909
2020-07_gen5ou-0.json,Dewott,Stats,Lonely,,10.909
2020-07_gen5ou-0.json,Dewott,Stats,Hasty,,7.273
2020-07_gen5ou-0.json,Dewott,Stats,Hardy,,5.455
2020-07_gen5ou-0.json,Dewott,Abilities,,Torrent,100.0
2020-07_gen5ou-0.json,Dewott,Items,,Eviolite,20.0
2020-07_gen5ou-0.json,Dewott,Items,,Mystic Water,18.182
2020-07_gen5ou-0.json,Dewott,Items,,Leftovers,12.727
2020-07_gen5ou-0.json,Dewott,Items,,Nothing,12.727
2020-07_gen5ou-0.json,Dewott,Items,,Flame Orb,9.091
2020-07_gen5ou-0.json,Dewott,Items,,Focus Sash,7.273
2020-07_gen5ou-0.json,Dewott,Items,,Choice Scarf,5.455
2020-07_gen5ou-0.json,Dewott,Items,,Water Gem,3.636
2020-07_gen5ou-0.json,Dewott,Items,,Expert Belt,3.636
2020-07_gen5ou-0.json,Dewott,Items,,Life Orb,3.636
2020-07_gen5ou-0.json,Dewott,Items,,Other,3.636
2020-07_gen5ou-0.json,Dewott,Spreads,,Other,36.364
2020-07_gen5ou-0.json,Dewott,Moves,,Razor Shell,58.182
2020-07_gen5ou-0.json,Dewott,Moves,,Ice Beam,34.545
2020-07_gen5ou-0.json,Dewott,Moves,,Hidden Power Ground,29.091
2020-07_gen5ou-0.json,Dewott,Moves,,Aqua Jet,21.818
2020-07_gen5ou-0.json,Dewott,Moves,,Air Slash,20.0
2020-07_gen5ou-0.json,Dewott,Moves,,Toxic,18.182
2020-07_gen5ou-0.json,Dewott,Moves,,X-Scissor,16.364
2020-07_gen5ou-0.json,Dewott,Moves,,Brine,16.364
2020-07_gen5ou-0.json,Dewott,Moves,,Aerial Ace,16.364
2020-07_gen5ou-0.json,Dewott,Moves,,Water Pulse,16.364
2020-07_gen5ou-0.json,Dewott,Moves,,Scald,14.545
2020-07_gen5ou-0.json,Dewott,Moves,,Swords Dance,14.545
2020-07_gen5ou-0.json,Dewott,Moves,,Hydro Pump,10.909
2020-07_gen5ou-0.json,Dewott,Moves,,Blizzard,9.091
2020-07_gen5ou-0.json,Dewott,Moves,,Aqua Tail,9.091
2020-07_gen5ou-0.json,Dewott,Moves,,Fling,9.091
2020-07_gen5ou-0.json,Dewott,Moves,,Revenge,9.091
2020-07_gen5ou-0.json,Dewott,Moves,,Dig,9.091
2020-07_gen5ou-0.json,Dewott,Moves,,Focus Energy,7.273
2020-07_gen5ou-0.json,Dewott,Moves,,Night Slash,7.273
2020-07_gen5ou-0.json,Dewott,Moves,,Fury Cutter,7.273
2020-07_gen5ou-0.json,Dewott,Moves,,Water Pledge,5.455
2020-07_gen5ou-0.json,Dewott,Moves,,Surf,5.455
2020-07_gen5ou-0.json,Dewott,Moves,,Taunt,5.455
2020-07_gen5ou-0.json,Dewott,Moves,,Tackle,5.455
2020-07_gen5ou-0.json,Dewott,Moves,,Hidden Power Fire,3.636
2020-07_gen5ou-0.json,Dewott,Moves,,Grass Knot,3.636
2020-07_gen5ou-0.json,Dewott,Moves,,Other,16.364
2020-07_gen5ou-0.json,Girafarig,Stats,Raw count,,46
2020-07_gen5ou-0.json,Girafarig,Stats,Avg. weight,,1.0
2020-07_gen5ou-0.json,Girafarig,Stats,Viability Ceiling,,57
2020-07_gen5ou-0.json,Girafarig,Stats,Jolly,,54.348
2020-07_gen5ou-0.json,Girafarig,Stats,Timid,,28.261
2020-07_gen5ou-0.json,Girafarig,Stats,Bold,,6.522
2020-07_gen5ou-0.json,Girafarig,Stats,Modest,,4.348
2020-07_gen5ou-0.json,Girafarig,Stats,Adamant,,2.174
2020-07_gen5ou-0.json,Girafarig,Abilities,,Sap Sipper,73.913
2020-07_gen5ou-0.json,Girafarig,Abilities,,Inner Focus,15.217
2020-07_gen5ou-0.json,Girafarig,Abilities,,Early Bird,10.87
2020-07_gen5ou-0.json,Girafarig,Items,,Choice Band,54.348
2020-07_gen5ou-0.json,Girafarig,Items,,Leftovers,32.609
2020-07_gen5ou-0.json,Girafarig,Items,,Petaya Berry,4.348
2020-07_gen5ou-0.json,Girafarig,Items,,Psychic Gem,4.348
2020-07_gen5ou-0.json,Girafarig,Items,,Other,4.348
2020-07_gen5ou-0.json,Girafarig,Spreads,,Other,4.348
2020-07_gen5ou-0.json,Girafarig,Moves,,Earthquake,56.522
2020-07_gen5ou-0.json,Girafarig,Moves,,Magic Coat,54.348
2020-07_gen5ou-0.json,Girafarig,Moves,,Zen Headbutt,54.348
2020-07_gen5ou-0.json,Girafarig,Moves,,Trick,54.348
2020-07_gen5ou-0.json,Girafarig,Moves,,Calm Mind,34.783
2020-07_gen5ou-0.json,Girafarig,Moves,,Psychic,32.609
2020-07_gen5ou-0.json,Girafarig,Moves,,Signal Beam,19.565
2020-07_gen5ou-0.json,Girafarig,Moves,,Shadow Ball,15.217
2020-07_gen5ou-0.json,Girafarig,Moves,,Rest,10.87
2020-07_gen5ou-0.json,Girafarig,Moves,,Reflect,10.87
2020-07_gen5ou-0.json,Girafarig,Moves,,Baton Pass,8.696
2020-07_gen5ou-0.json,Girafarig,Moves,,Hyper Voice,6.522
2020-07_gen5ou-0.json,Girafarig,Moves,,Thunder Wave,4.348
2020-07_gen5ou-0.json,Girafarig,Moves,,Psyshock,4.348
2020-07_gen5ou-0.json,Girafarig,Moves,,Thunderbolt,4.348
2020-07_gen5ou-0.json,Girafarig,Moves,,Energy Ball,4.348
2020-07_gen5ou-0.json,Girafarig,Moves,,Light Screen,4.348
2020-07_gen5ou-0.json,Girafarig,Moves,,Other,19.565
2020-07_gen5ou-0.json,Arbok,Stats,Raw count,,52
2020-07_gen5ou-0.json,Arbok,Stats,Avg. weight,,1.0
2020-07_gen5ou-0.json,Arbok,Stats,Viability Ceiling,,49
2020-07_gen5ou-0.json,Arbok,Stats,Hardy,,11.538
2020-07_gen5ou-0.json,Arbok,Stats,Adamant,,21.154
2020-07_gen5ou-0.json,Arbok,Stats,Hasty,,11.538
2020-07_gen5ou-0.json,Arbok,Stats,Impish,,7.692
2020-07_gen5ou-0.json,Arbok,Stats,Jolly,,5.769
2020-07_gen5ou-0.json,Arbok,Abilities,,Intimidate,90.385
2020-07_gen5ou-0.json,Arbok,Abilities,,Shed Skin,9.615
2020-07_gen5ou-0.json,Arbok,Items,,Black Sludge,48.077
2020-07_gen5ou-0.json,Arbok,Items,,Nothing,17.308
2020-07_gen5ou-0.json,Arbok,Items,,Leftovers,15.385
2020-07_gen5ou-0.json,Arbok,Items,,Expert Belt,7.692
2020-07_gen5ou-0.json,Arbok,Items,,Focus Sash,7.692
2020-07_gen5ou-0.json,Arbok,Items,,Other,3.846
2020-07_gen5ou-0.json,Arbok,Spreads,,Other,15.385
2020-07_gen5ou-0.json,Arbok,Moves,,Crunch,59.615
2020-07_gen5ou-0.json,Arbok,Moves,,Glare,53.846
2020-07_gen5ou-0.json,Arbok,Moves,,Poison Jab,48.077
2020-07_gen5ou-0.json,Arbok,Moves,,Gunk Shot,46.154
2020-07_gen5ou-0.json,Arbok,Moves,,Giga Drain,36.538
2020-07_gen5ou-0.json,Arbok,Moves,,Coil,36.538
2020-07_gen5ou-0.json,Arbok,Moves,,Toxic,30.769
2020-07_gen5ou-0.json,Arbok,Moves,,Dark Pulse,17.308
2020-07_gen5ou-0.json,Arbok,Moves,,Rain Dance,15.385
2020-07_gen5ou-0.json,Arbok,Moves,,Earthquake,9.615
2020-07_gen5ou-0.json,Arbok,Moves,,Sludge Wave,7.692
2020-07_gen5ou-0.json,Arbok,Moves,,Return,7.692
2020-07_gen5ou-0.json,Arbok,Moves,,Sludge Bomb,5.769
2020-07_gen5ou-0.json,Arbok,Moves,,Haze,5.769
2020-07_gen5ou-0.json,Arbok,Moves,,Other,19.231
2020-07_gen5ou-0.json,Sunflora,Stats,Raw count,,49
2020-07_gen5ou-0.json,Sunflora,Stats,Avg. weight,,1.0
2020-07_gen5ou-0.json,Sunflora,Stats,Viability Ceiling,,37
2020-07_gen5ou-0.json,Sunflora,Stats,Modest,,6.122
2020-07_gen5ou-0.json,Sunflora,Stats,Timid,,16.327
2020-07_gen5ou-0.json,Sunflora,Stats,Quiet,,8.163
2020-07_gen5ou-0.json,Sunflora,Stats,Hasty,,2.041
2020-07_gen5ou-0.json,Sunflora,Abilities,,Solar Power,67.347
2020-07_gen5ou-0.json,Sunflora,Abilities,,Chlorophyll,32.653
2020-07_gen5ou-0.json,Sunflora,Items,,Focus Sash,28.571
2020-07_gen5ou-0.json,Sunflora,Items,,Occa Berry,26.531
2020-07_gen5ou-0.json,Sunflora,Items,,Leftovers,24.49
2020-07_gen5ou-0.json,Sunflora,Items,,Power Herb,6.122
2020-07_gen5ou-0.json,Sunflora,Items,,Sitrus Berry,6.122
2020-07_gen5ou-0.json,Sunflora,Items,,Grass Gem,6.122
2020-07_gen5ou-0.json,Sunflora,Items,,Other,2.041
2020-07_gen5ou-0.json,Sunflora,Spreads,,Other,8.163
2020-07_gen5ou-0.json,Sunflora,Moves,,Solar Beam,93.878
2020-07_gen5ou-0.json,Sunflora,Moves,,Hidden Power Fire,71.429
2020-07_gen5ou-0.json,Sunflora,Moves,,Growth,53.061
2020-07_gen5ou-0.json,Sunflora,Moves,,Morning Sun,53.061
2020-07_gen5ou-0.json,Sunflora,Moves,,Sunny Day,46.939
2020-07_gen5ou-0.json,Sunflora,Moves,,Earth Power,26.531
2020-07_gen5ou-0.json,Sunflora,Moves,,Toxic,18.367
2020-07_gen5ou-0.json,Sunflora,Moves,,Sludge Bomb,8.163
2020-07_gen5ou-0.json,Sunflora,Moves,,Energy Ball,8.163
2020-07_gen5ou-0.json,Sunflora,Moves,,Petal Dance,6.122
2020-07_gen5ou-0.json,Sunflora,Moves,,Other,14.286
2020-07_gen5ou-0.json,Haunter,Stats,Raw count,,48
2020-07_gen5ou-0.json,Haunter,Stats,Avg. weight,,1.0
2020-07_gen5ou-0.json,Haunter,Stats,Viability Ceiling,,60
2020-07_gen5ou-0.json,Haunter,Stats,Timid,,10.417
2020-07_gen5ou-0.json,Haunter,Stats,Hardy,,12.500
2020-07_gen5ou-0.json,Haunter,Abilities,,Levitate,100.0
2020-07_gen5ou-0.json,Haunter,Items,,Eviolite,54.167
2020-07_gen5ou-0.json,Haunter,Items,,Focus Sash,16.667
2020-07_gen5ou-0.json,Haunter,Items,,Black Sludge,14.583
2020-07_gen5ou-0.json,Haunter,Items,,Life Orb,12.5
2020-07_gen5ou-0.json,Haunter,Items,,Other,2.083
2020-07_gen5ou-0.json,Haunter,Spreads,,Other,2.083
2020-07_gen5ou-0.json,Haunter,Moves,,Shadow Ball,89.583
2020-07_gen5ou-0.json,Haunter,Moves,,Substitute,41.667
2020-07_gen5ou-0.json,Haunter,Moves,,Destiny Bond,37.5
2020-07_gen5ou-0.json,Haunter,Moves,,Pain Split,35.417
2020-07_gen5ou-0.json,Haunter,Moves,,Sludge Bomb,31.25
2020-07_gen5ou-0.json,Haunter,Moves,,Sludge Wave,22.917
2020-07_gen5ou-0.json,Haunter,Moves,,Disable,22.917
2020-07_gen5ou-0.json,Haunter,Moves,,Icy Wind,16.667
2020-07_gen5ou-0.json,Haunter,Moves,,Taunt,16.667
2020-07_gen5ou-0.json,Haunter,Moves,,Venoshock,14.583
2020-07_gen5ou-0.json,Haunter,Moves,,Curse,12.5
2020-07_gen5ou-0.json,Haunter,Moves,,Knock Off,12.5
2020-07_gen5ou-0.json,Haunter,Moves,,Trick Room,10.417
2020-07_gen5ou-0.json,Haunter,Moves,,Hex,10.417
2020-07_gen5ou-0.json,Haunter,Moves,,Toxic,10.417
2020-07_gen5ou-0.json,Haunter,Moves,,Other,14.583
2020-07_gen5ou-0.json,Whiscash,Stats,Raw count,,46
2020-07_gen5ou-0.json,Whiscash,Stats,Avg. weight,,1.0
2020-07_gen5ou-0.json,Whiscash,Stats,Viability Ceiling,,45
2020-07_gen5ou-0.json,Whiscash,Stats,Adamant,,4.348
2020-07_gen5ou-0.json,Whiscash,Stats,Jolly,,28.261
2020-07_gen5ou-0.json,Whiscash,Stats,Relaxed,,6.522
2020-07_gen5ou-0.json,Whiscash,Stats,Hardy,,6.522
2020-07_gen5ou-0.json,Whiscash,Abilities,,Hydration,71.739
2020-07_gen5ou-0.json,Whiscash,Abilities,,Oblivious,19.565
2020-07_gen5ou-0.json,Whiscash,Abilities,,Anticipation,8.696
2020-07_gen5ou-0.json,Whiscash,Items,,Leftovers,78.261
2020-07_gen5ou-0.json,Whiscash,Items,,Life Orb,10.87
2020-07_gen5ou-0.json,Whiscash,Items,,Focus Sash,8.696
2020-07_gen5ou-0.json,Whiscash,Items,,Other,2.174
2020-07_gen5ou-0.json,Whiscash,Spreads,,Other,13.043
2020-07_gen5ou-0.json,Whiscash,Moves,,Earthquake,95.652
2020-07_gen5ou-0.json,Whiscash,Moves,,Dragon Dance,82.609
2020-07_gen5ou-0.json,Whiscash,Moves,,Waterfall,47.826
2020-07_gen5ou-0.json,Whiscash,Moves,,Rain Dance,36.957
2020-07_gen5ou-0.json,Whiscash,Moves,,Scald,28.261
2020-07_gen5ou-0.json,Whiscash,Moves,,Substitute,28.261
2020-07_gen5ou-0.json,Whiscash,Moves,,Ice Beam,13.043
2020-07_gen5ou-0.json,Whiscash,Moves,,Surf,8.696
2020-07_gen5ou-0.json,Whiscash,Moves,,Blizzard,8.696
2020-07_gen5ou-0.json,Whiscash,Moves,,Rest,8.696
2020-07_gen5ou-0.json,Whiscash,Moves,,Stone Edge,8.696
2020-07_gen5ou-0.json,Whiscash,Moves,,Earth Power,4.348
2020-07_gen5ou-0.json,Whiscash,Moves,,Rock Slide,4.348
2020-07_gen5ou-0.json,Whiscash,Moves,,Aqua Tail,4.348
2020-07_gen5ou-0.json,Whiscash,Moves,,Other,19.565
2020-07_gen5ou-0.json,Seaking,Stats,Raw count,,44
2020-07_gen5ou-0.json,Seaking,Stats,Avg. weight,,1.0
2020-07_gen5ou-0.json,Seaking,Stats,Viability Ceiling,,59
2020-07_gen5ou-0.json,Seaking,Stats,Adamant,,36.364
2020-07_gen5ou-0.json,Seaking,Stats,Mild,,36.364
2020-07_gen5ou-0.json,Seaking,Stats,Lonely,,11.364
2020-07_gen5ou-0.json,Seaking,Stats,Modest,,4.545
2020-07_gen5ou-0.json,Seaking,Stats,Hardy,,2.273
2020-07_gen5ou-0.json,Seaking,Abilities,,Lightning Rod,77.273
2020-07_gen5ou-0.json,Seaking,Abilities,,Water Veil,20.455
2020-07_gen5ou-0.json,Seaking,Abilities,,Swift Swim,2.273
2020-07_gen5ou-0.json,Seaking,Items,,Expert Belt,40.909
2020-07_gen5ou-0.json,Seaking,Items,,King's Rock,18.182
2020-07_gen5ou-0.json,Seaking,Items,,Wacan Berry,13.636
2020-07_gen5ou-0.json,Seaking,Items,,Life Orb,11.364
2020-07_gen5ou-0.json,Seaking,Items,,Focus Sash,6.818
2020-07_gen5ou-0.json,Seaking,Items,,Quick Claw,4.545
2020-07_gen5ou-0.json,Seaking,Items,,Other,4.545
2020-07_gen5ou-0.json,Seaking,Spreads,,Other,4.545
2020-07_gen5ou-0.json,Seaking,Moves,,Megahorn,88.636
2020-07_gen5ou-0.json,Seaking,Moves,,Waterfall,45.455
2020-07_gen5ou-0.json,Seaking,Moves,,Blizzard,43.182
2020-07_gen5ou-0.json,Seaking,Moves,,Surf,40.909
2020-07_gen5ou-0.json,Seaking,Moves,,Hidden Power Fire,36.364
2020-07_gen5ou-0.json,Seaking,Moves,,Drill Run,31.818
2020-07_gen5ou-0.json,Seaking,Moves,,Agility,29.545
2020-07_gen5ou-0.json,Seaking,Moves,,Poison Jab,13.636
2020-07_gen5ou-0.json,Seaking,Moves,,Ice Beam,13.636
2020-07_gen5ou-0.json,Seaking,Moves,,Knock Off,11.364
2020-07_gen5ou-0.json,Seaking,Moves,,Hydro Pump,11.364
2020-07_gen5ou-0.json,Seaking,Moves,,Hidden Power Grass,9.091
2020-07_gen5ou-0.json,Seaking,Moves,,Bounce,9.091
2020-07_gen5ou-0.json,Seaking,Moves,,Other,15.909
2020-07_gen5ou-0.json,Mightyena,Stats,Raw count,,49
2020-07_gen5ou-0.json,Mightyena,Stats,Avg. weight,,1.0
2020-07_gen5ou-0.json,Mightyena,Stats,Viability Ceiling,,54
2020-07_gen5ou-0.json,Mightyena,Stats,Relaxed,,38.776
2020-07_gen5ou-0.json,Mightyena,Stats,Impish,,32.653
2020-07_gen5ou-0.json,Mightyena,Stats,Adamant,,2.041
2020-07_gen5ou-0.json,Mightyena,Stats,Brave,,6.122
2020-07_gen5ou-0.json,Mightyena,Stats,Hardy,,4.082
2020-07_gen5ou-0.json,Mightyena,Abilities,,Intimidate,89.796
2020-07_gen5ou-0.json,Mightyena,Abilities,,Moxie,10.204
2020-07_gen5ou-0.json,Mightyena,Items,,Rocky Helmet,38.776
2020-07_gen5ou-0.json,Mightyena,Items,,Dark Gem,32.653
2020-07_gen5ou-0.json,Mightyena,Items,,Leftovers,20.408
2020-07_gen5ou-0.json,Mightyena,Items,,Aguav Berry,4.082
2020-07_gen5ou-0.json,Mightyena,Items,,Other,4.082
2020-07_gen5ou-0.json,Mightyena,Spreads,,Other,6.122
2020-07_gen5ou-0.json,Mightyena,Moves,,Sucker Punch,95.918
2020-07_gen5ou-0.json,Mightyena,Moves,,Foul Play,81.633
2020-07_gen5ou-0.json,Mightyena,Moves,,Super Fang,73.469
2020-07_gen5ou-0.json,Mightyena,Moves,,Snarl,42.857
2020-07_gen5ou-0.json,Mightyena,Moves,,Protect,36.735
2020-07_gen5ou-0.json,Mightyena,Moves,,Retaliate,10.204
2020-07_gen5ou-0.json,Mightyena,Moves,,Ice Fang,10.204
2020-07_gen5ou-0.json,Mightyena,Moves,,Attract,10.204
2020-07_gen5ou-0.json,Mightyena,Moves,,Crunch,6.122
2020-07_gen5ou-0.json,Mightyena,Moves,,Toxic,6.122
2020-07_gen5ou-0.json,Mightyena,Moves,,Roar,6.122
2020-07_gen5ou-0.json,Mightyena,Moves,,Thunder Fang,4.082
2020-07_gen5ou-0.json,Mightyena,Moves,,Other,16.327
2020-07_gen5ou-0.json,Maractus,Stats,Raw count,,44
2020-07_gen5ou-0.json,Maractus,Stats,Avg. weight,,1.0
2020-07_gen5ou-0.json,Maractus,Stats,Viability Ceiling,,55
2020-07_gen5ou-0.json,Maractus,Stats,Naughty,,34.091
2020-07_gen5ou-0.json,Maractus,Stats,Adamant,,13.636
2020-07_gen5ou-0.json,Maractus,Stats,Hardy,,6.818
2020-07_gen5ou-0.json,Maractus,Stats,Mild,,6.818
2020-07_gen5ou-0.json,Maractus,Stats,Modest,,6.818
2020-07_gen5ou-0.json,Maractus,Abilities,,Water Absorb,52.273
2020-07_gen5ou-0.json,Maractus,Abilities,,Storm Drain,38.636
2020-07_gen5ou-0.json,Maractus,Abilities,,Chlorophyll,9.091
2020-07_gen5ou-0.json,Maractus,Items,,Leftovers,50.0
2020-07_gen5ou-0.json,Maractus,Items,,Power Herb,13.636
2020-07_gen5ou-0.json,Maractus,Items,,Miracle Seed,13.636
2020-07_gen5ou-0.json,Maractus,Items,,Life Orb,6.818
2020-07_gen5ou-0.json,Maractus,Items,,Focus Sash,6.818
2020-07_gen5ou-0.json,Maractus,Items,,Nothing,6.818
2020-07_gen5ou-0.json,Maractus,Items,,Other,2.273
2020-07_gen5ou-0.json,Maractus,Spreads,,Other,18.182
2020-07_gen5ou-0.json,Maractus,Moves,,Spikes,56.818
2020-07_gen5ou-0.json,Maractus,Moves,,Grass Knot,36.364
2020-07_gen5ou-0.json,Maractus,Moves,,Sucker Punch,36.364
2020-07_gen5ou-0.json,Maractus,Moves,,Drain Punch,29.545
2020-07_gen5ou-0.json,Maractus,Moves,,Bullet Seed,29.545
2020-07_gen5ou-0.json,Maractus,Moves,,Leech Seed,22.727
2020-07_gen5ou-0.json,Maractus,Moves,,Energy Ball,20.455
2020-07_gen5ou-0.json,Maractus,Moves,,Synthesis,20.455
2020-07_gen5ou-0.json,Maractus,Moves,,Protect,20.455
2020-07_gen5ou-0.json,Maractus,Moves,,Needle Arm,13.636
2020-07_gen5ou-0.json,Maractus,Moves,,Ingrain,13.636
2020-07_gen5ou-0.json,Maractus,Moves,,Giga Drain,13.636
2020-07_gen5ou-0.json,Maractus,Moves,,Poison Jab,13.636
2020-07_gen5ou-0.json,Maractus,Moves,,Solar Beam,13.636
2020-07_gen5ou-0.json,Maractus,Moves,,Bounce,6.818
2020-07_gen5ou-0.json,Maractus,Moves,,Toxic,6.818
2020-07_gen5ou-0.json,Maractus,Moves,,Helping Hand,6.818
2020-07_gen5ou-0.json,Maractus,Moves,,Cotton Guard,6.818
2020-07_gen5ou-0.json,Maractus,Moves,,Knock Off,6.818
2020-07_gen5ou-0.json,Maractus,Moves,,Hyper Voice,6.818
2020-07_gen5ou-0.json,Maractus,Moves,,Other,18.182
2020-07_gen5ou-0.json,Eevee,Stats,Raw count,,40
2020-07_gen5ou-0.json,Eevee,Stats,Avg. weight,,1.0
2020-07_gen5ou-0.json,Eevee,Stats,Viability Ceiling,,55
2020-07_gen5ou-0.json,Eevee,Stats,Adamant,,7.500
2020-07_gen5ou-0.json,Eevee,Stats,Hardy,,20.000
2020-07_gen5ou-0.json,Eevee,Stats,Naughty,,15.000
2020-07_gen5ou-0.json,Eevee,Stats,Impish,,7.500
2020-07_gen5ou-0.json,Eevee,Abilities,,Adaptability,42.5
2020-07_gen5ou-0.json,Eevee,Abilities,,Anticipation,30.0
2020-07_gen5ou-0.json,Eevee,Abilities,,Run Away,27.5
2020-07_gen5ou-0.json,Eevee,Items,,Eviolite,55.0
2020-07_gen5ou-0.json,Eevee,Items,,Nothing,25.0
2020-07_gen5ou-0.json,Eevee,Items,,Sitrus Berry,15.0
2020-07_gen5ou-0.json,Eevee,Items,,Other,5.0
2020-07_gen5ou-0.json,Eevee,Spreads,,Other,12.5
2020-07_gen5ou-0.json,Eevee,Moves,,Quick Attack,70.0
2020-07_gen5ou-0.json,Eevee,Moves,,Double-Edge,67.5
2020-07_gen5ou-0.json,Eevee,Moves,,Toxic,30.0
2020-07_gen5ou-0.json,Eevee,Moves,,Curse,27.5
2020-07_gen5ou-0.json,Eevee,Moves,,Take Down,20.0
2020-07_gen5ou-0.json,Eevee,Moves,,Return,20.0
2020-07_gen5ou-0.json,Eevee,Moves,,Substitute,20.0
2020-07_gen5ou-0.json,Eevee,Moves,,Iron Tail,20.0
2020-07_gen5ou-0.json,Eevee,Moves,,Swift,20.0
2020-07_gen5ou-0.json,Eevee,Moves,,Protect,20.0
2020-07_gen5ou-0.json,Eevee,Moves,,Hidden Power Fire,15.0
2020-07_gen5ou-0.json,Eevee,Moves,,Shadow Ball,15.0
2020-07_gen5ou-0.json,Eevee,Moves,,Bite,10.0
2020-07_gen5ou-0.json,Eevee,Moves,,Baton Pass,10.0
2020-07_gen5ou-0.json,Eevee,Moves,,Work Up,5.0
2020-07_gen5ou-0.json,Eevee,Moves,,Detect,5.0
2020-07_gen5ou-0.json,Eevee,Moves,,Heal Bell,5.0
2020-07_gen5ou-0.json,Eevee,Moves,,Other,20.0
2020-07_gen5ou-0.json,Basculin,Stats,Raw count,,38
2020-07_gen5ou-0.json,Basculin,Stats,Avg. weight,,1.0
2020-07_gen5ou-0.json,Basculin,Stats,Viability Ceiling,,67
2020-07_gen5ou-0.json,Basculin,Stats,Jolly,,15.789
2020-07_gen5ou-0.json,Basculin,Stats,Hardy,,7.895
2020-07_gen5ou-0.json,Basculin,Stats,Bashful,,7.895
2020-07_gen5ou-0.json,Basculin,Abilities,,Rock Head,52.632
2020-07_gen5ou-0.json,Basculin,Abilities,,Adaptability,36.842
2020-07_gen5ou-0.json,Basculin,Abilities,,Reckless,10.526
2020-07_gen5ou-0.json,Basculin,Items,,Mystic Water,26.316
2020-07_gen5ou-0.json,Basculin,Items,,Lum Berry,26.316
2020-07_gen5ou-0.json,Basculin,Items,,Life Orb,15.789
2020-07_gen5ou-0.json,Basculin,Items,,Choice Scarf,15.789
2020-07_gen5ou-0.json,Basculin,Items,,Water Gem,7.895
2020-07_gen5ou-0.json,Basculin,Items,,Choice Band,7.895
2020-07_gen5ou-0.json,Basculin,Spreads,,Other,10.526
2020-07_gen5ou-0.json,Basculin,Moves,,Crunch,44.737
2020-07_gen5ou-0.json,Basculin,Moves,,Aqua Jet,42.105
2020-07_gen5ou-0.json,Basculin,Moves,,Waterfall,36.842
2020-07_gen5ou-0.json,Basculin,Moves,,Double-Edge,34.211
2020-07_gen5ou-0.json,Basculin,Moves,,Zen Headbutt,28.947
2020-07_gen5ou-0.json,Basculin,Moves,,Superpower,28.947
2020-07_gen5ou-0.json,Basculin,Moves,,Muddy Water,23.684
2020-07_gen5ou-0.json,Basculin,Moves,,Ice Beam,23.684
2020-07_gen5ou-0.json,Basculin,Moves,,Frustration,21.053
2020-07_gen5ou-0.json,Basculin,Moves,,Facade,21.053
2020-07_gen5ou-0.json,Basculin,Moves,,Endeavor,21.053
2020-07_gen5ou-0.json,Basculin,Moves,,Final Gambit,15.789
2020-07_gen5ou-0.json,Basculin,Moves,,Dive,13.158
2020-07_gen5ou-0.json,Basculin,Moves,,Aqua Tail,13.158
2020-07_gen5ou-0.json,Basculin,Moves,,Taunt,10.526
2020-07_gen5ou-0.json,Basculin,Moves,,Chip Away,5.263
2020-07_gen5ou-0.json,Basculin,Moves,,Other,15.789
2020-07_gen5ou-0.json,Clefairy,Stats,Raw count,,39
2020-07_gen5ou-0.json,Clefairy,Stats,Avg. weight,,1.0
2020-07_gen5ou-0.json,Clefairy,Stats,Viability Ceiling,,53
2020-07_gen5ou-0.json,Clefairy,Stats,Bold,,5.128
2020-07_gen5ou-0.json,Clefairy,Stats,Hardy,,12.821
2020-07_gen5ou-0.json,Clefairy,Stats,Relaxed,,17.949
2020-07_gen5ou-0.json,Clefairy,Stats,Careful,,10.256
2020-07_gen5ou-0.json,Clefairy,Abilities,,Magic Guard,79.487
2020-07_gen5ou-0.json,Clefairy,Abilities,,Cute Charm,10.256
2020-07_gen5ou-0.json,Clefairy,Abilities,,Friend Guard,10.256
2020-07_gen5ou-0.json,Clefairy,Items,,Eviolite,82.051
2020-07_gen5ou-0.json,Clefairy,Items,,Focus Sash,17.949
2020-07_gen5ou-0.json,Clefairy,Spreads,,Other,5.128
2020-07_gen5ou-0.json,Clefairy,Moves,,Nothing,89.744
2020-07_gen5ou-0.json,Clefairy,Moves,,Cosmic Power,51.282
2020-07_gen5ou-0.json,Clefairy,Moves,,Fire Blast,43.59
2020-07_gen5ou-0.json,Clefairy,Moves,,Soft-Boiled,41.026
2020-07_gen5ou-0.json,Clefairy,Moves,,Toxic,20.513
2020-07_gen5ou-0.json,Clefairy,Moves,,Psychic,20.513
2020-07_gen5ou-0.json,Clefairy,Moves,,Metronome,17.949
2020-07_gen5ou-0.json,Clefairy,Moves,,Endeavor,17.949
2020-07_gen5ou-0.json,Clefairy,Moves,,Blizzard,12.821
2020-07_gen5ou-0.json,Clefairy,Moves,,Focus Punch,12.821
2020-07_gen5ou-0.json,Clefairy,Moves,,Meteor Mash,12.821
2020-07_gen5ou-0.json,Clefairy,Moves,,Belly Drum,10.256
2020-07_gen5ou-0.json,Clefairy,Moves,,Calm Mind,10.256
2020-07_gen5ou-0.json,Clefairy,Moves,,Fire Punch,10.256
2020-07_gen5ou-0.json,Clefairy,Moves,,Stored Power,7.692
2020-07_gen5ou-0.json,Clefairy,Moves,,Stealth Rock,7.692
2020-07_gen5ou-0.json,Clefairy,Moves,,Other,12.821
2020-07_gen5ou-0.json,Sudowoodo,Stats,Raw count,,51
2020-07_gen5ou-0.json,Sudowoodo,Stats,Avg. weight,,1.0
2020-07_gen5ou-0.json,Sudowoodo,Stats,Viability Ceiling,,55
2020-07_gen5ou-0.json,Sudowoodo,Stats,Brave,,17.647
2020-07_gen5ou-0.json,Sudowoodo,Stats,Hardy,,7.843
2020-07_gen5ou-0.json,Sudowoodo,Stats,Adamant,,9.804
2020-07_gen5ou-0.json,Sudowoodo,Stats,Careful,,9.804
2020-07_gen5ou-0.json,Sudowoodo,Abilities,,Rock Head,64.706
2020-07_gen5ou-0.json,Sudowoodo,Abilities,,Sturdy,35.294
2020-07_gen5ou-0.json,Sudowoodo,Items,,Life Orb,27.451
2020-07_gen5ou-0.json,Sudowoodo,Items,,Leftovers,19.608
2020-07_gen5ou-0.json,Sudowoodo,Items,,Eviolite,15.686
2020-07_gen5ou-0.json,Sudowoodo,Items,,Custap Berry,9.804
2020-07_gen5ou-0.json,Sudowoodo,Items,,Sitrus Berry,7.843
2020-07_gen5ou-0.json,Sudowoodo,Items,,Choice Band,7.843
2020-07_gen5ou-0.json,Sudowoodo,Items,,Quick Claw,5.882
2020-07_gen5ou-0.json,Sudowoodo,Items,,Hard Stone,3.922
2020-07_gen5ou-0.json,Sudowoodo,Items,,Other,1.961
2020-07_gen5ou-0.json,Sudowoodo,Spreads,,Other,27.451
2020-07_gen5ou-0.json,Sudowoodo,Moves,,Wood Hammer,58.824
2020-07_gen5ou-0.json,Sudowoodo,Moves,,Stone Edge,58.824
2020-07_gen5ou-0.json,Sudowoodo,Moves,,Sucker Punch,41.176
2020-07_gen5ou-0.json,Sudowoodo,Moves,,Earthquake,35.294
2020-07_gen5ou-0.json,Sudowoodo,Moves,,Explosion,29.412
2020-07_gen5ou-0.json,Sudowoodo,Moves,,Stealth Rock,21.569
2020-07_gen5ou-0.json,Sudowoodo,Moves,,Curse,19.608
2020-07_gen5ou-0.json,Sudowoodo,Moves,,Hammer Arm,15.686
2020-07_gen5ou-0.json,Sudowoodo,Moves,,Attract,15.686
2020-07_gen5ou-0.json,Sudowoodo,Moves,,Substitute,15.686
2020-07_gen5ou-0.json,Sudowoodo,Moves,,Focus Punch,15.686
2020-07_gen5ou-0.json,Sudowoodo,Moves,,Mimic,15.686
2020-07_gen5ou-0.json,Sudowoodo,Moves,,Double-Edge,13.725
2020-07_gen5ou-0.json,Sudowoodo,Moves,,Counter,7.843
2020-07_gen5ou-0.json,Sudowoodo,Moves,,Fire Punch,5.882
2020-07_gen5ou-0.json,Sudowoodo,Moves,,Rock Slide,5.882
2020-07_gen5ou-0.json,Sudowoodo,Moves,,Taunt,5.882
2020-07_gen5ou-0.json,Sudowoodo,Moves,,Other,17.647
2020-07_gen5ou-0.json,Primeape,Stats,Raw count,,40
2020-07_gen5ou-0.json,Primeape,Stats,Avg. weight,,1.0
2020-07_gen5ou-0.json,Primeape,Stats,Viability Ceiling,,59
2020-07_gen5ou-0.json,Primeape,Stats,Jolly,,5.000
2020-07_gen5ou-0.json,Primeape,Stats,Hardy,,7.500
2020-07_gen5ou-0.json,Primeape,Stats,Brave,,5.000
2020-07_gen5ou-0.json,Primeape,Abilities,,Vital Spirit,50.0
2020-07_gen5ou-0.json,Primeape,Abilities,,Defiant,32.5
2020-07_gen5ou-0.json,Primeape,Abilities,,Anger Point,17.5
2020-07_gen5ou-0.json,Primeape,Items,,Choice Scarf,27.5
2020-07_gen5ou-0.json,Primeape,Items,,Nothing,22.5
2020-07_gen5ou-0.json,Primeape,Items,,Choice Band,20.0
2020-07_gen5ou-0.json,Primeape,Items,,Liechi Berry,7.5
2020-07_gen5ou-0.json,Primeape,Items,,Draco Plate,7.5
2020-07_gen5ou-0.json,Primeape,Items,,Fist Plate,5.0
2020-07_gen5ou-0.json,Primeape,Items,,SilverPowder,2.5
2020-07_gen5ou-0.json,Primeape,Items,,Life Orb,2.5
2020-07_gen5ou-0.json,Primeape,Items,,Focus Sash,2.5
2020-07_gen5ou-0.json,Primeape,Items,,Other,2.5
2020-07_gen5ou-0.json,Primeape,Spreads,,Other,7.5
2020-07_gen5ou-0.json,Primeape,Moves,,Close Combat,87.5
2020-07_gen5ou-0.json,Primeape,Moves,,U-turn,60.0
2020-07_gen5ou-0.json,Primeape,Moves,,Ice Punch,37.5
2020-07_gen5ou-0.json,Primeape,Moves,,Stone Edge,32.5
2020-07_gen5ou-0.json,Primeape,Moves,,Acrobatics,25.0
2020-07_gen5ou-0.json,Primeape,Moves,,Thunder Punch,20.0
2020-07_gen5ou-0.json,Primeape,Moves,,Nothing,15.0
2020-07_gen5ou-0.json,Primeape,Moves,,Earthquake,15.0
2020-07_gen5ou-0.json,Primeape,Moves,,Bulk Up,12.5
2020-07_gen5ou-0.json,Primeape,Moves,,Counter,7.5
2020-07_gen5ou-0.json,Primeape,Moves,,Dual Chop,7.5
2020-07_gen5ou-0.json,Primeape,Moves,,Outrage,7.5
2020-07_gen5ou-0.json,Primeape,Moves,,Rock Slide,7.5
2020-07_gen5ou-0.json,Primeape,Moves,,Body Slam,7.5
2020-07_gen5ou-0.json,Primeape,Moves,,Seismic Toss,7.5
2020-07_gen5ou-0.json,Primeape,Moves,,Punishment,7.5
2020-07_gen5ou-0.json,Primeape,Moves,,Encore,7.5
2020-07_gen5ou-0.json,Primeape,Moves,,Thrash,7.5
2020-07_gen5ou-0.json,Primeape,Moves,,Poison Jab,5.0
2020-07_gen5ou-0.json,Primeape,Moves,,Endeavor,5.0
2020-07_gen5ou-0.json,Primeape,Moves,,Other,17.5
2020-07_gen5ou-0.json,Dunsparce,Stats,Raw count,,38
2020-07_gen5ou-0.json,Dunsparce,Stats,Avg. weight,,1.0
2020-07_gen5ou-0.json,Dunsparce,Stats,Viability Ceiling,,59
2020-07_gen5ou-0.json,Dunsparce,Stats,Adamant,,5.263
2020-07_gen5ou-0.json,Dunsparce,Stats,Careful,,10.526
2020-07_gen5ou-0.json,Dunsparce,Stats,Jolly,,10.526
2020-07_gen5ou-0.json,Dunsparce,Stats,Quiet,,5.263
2020-07_gen5ou-0.json,Dunsparce,Abilities,,Serene Grace,100.0
2020-07_gen5ou-0.json,Dunsparce,Items,,Leftovers,50.0
2020-07_gen5ou-0.json,Dunsparce,Items,,Lum Berry,15.789
2020-07_gen5ou-0.json,Dunsparce,Items,,Silk Scarf,13.158
2020-07_gen5ou-0.json,Dunsparce,Items,,Rocky Helmet,10.526
2020-07_gen5ou-0.json,Dunsparce,Items,,Chople Berry,5.263
2020-07_gen5ou-0.json,Dunsparce,Items,,Sitrus Berry,2.632
2020-07_gen5ou-0.json,Dunsparce,Items,,Other,2.632
2020-07_gen5ou-0.json,Dunsparce,Spreads,,Other,13.158
2020-07_gen5ou-0.json,Dunsparce,Moves,,Body Slam,68.421
2020-07_gen5ou-0.json,Dunsparce,Moves,,Headbutt,65.789
2020-07_gen5ou-0.json,Dunsparce,Moves,,Zen Headbutt,44.737
2020-07_gen5ou-0.json,Dunsparce,Moves,,Thunder Wave,28.947
2020-07_gen5ou-0.json,Dunsparce,Moves,,Rock Slide,26.316
2020-07_gen5ou-0.json,Dunsparce,Moves,,Coil,26.316
2020-07_gen5ou-0.json,Dunsparce,Moves,,Bite,21.053
2020-07_gen5ou-0.json,Dunsparce,Moves,,Ancient Power,21.053
2020-07_gen5ou-0.json,Dunsparce,Moves,,Earthquake,15.789
2020-07_gen5ou-0.json,Dunsparce,Moves,,Glare,13.158
2020-07_gen5ou-0.json,Dunsparce,Moves,,Roost,13.158
2020-07_gen5ou-0.json,Dunsparce,Moves,,Stealth Rock,10.526
2020-07_gen5ou-0.json,Dunsparce,Moves,,Hex,5.263
2020-07_gen5ou-0.json,Dunsparce,Moves,,Gyro Ball,5.263
2020-07_gen5ou-0.json,Dunsparce,Moves,,Agility,5.263
2020-07_gen5ou-0.json,Dunsparce,Moves,,Shadow Ball,5.263
2020-07_gen5ou-0.json,Dunsparce,Moves,,Pain Split,5.263
2020-07_gen5ou-0.json,Dunsparce,Moves,,Other,18.421
2020-07_gen5ou-0.json,Geodude,Stats,Raw count,,39
2020-07_gen5ou-0.json,Geodude,Stats,Avg. weight,,1.0
2020-07_gen5ou-0.json,Geodude,Stats,Viability Ceiling,,70
2020-07_gen5ou-0.json,Geodude,Stats,Adamant,,5.128
2020-07_gen5ou-0.json,Geodude,Stats,Hardy,,7.692
2020-07_gen5ou-0.json,Geodude,Stats,Lonely,,2.564
2020-07_gen5ou-0.json,Geodude,Abilities,,Sturdy,89.744
2020-07_gen5ou-0.json,Geodude,Abilities,,Rock Head,10.256
2020-07_gen5ou-0.json,Geodude,Items,,Custap Berry,74.359
2020-07_gen5ou-0.json,Geodude,Items,,Sticky Barb,15.385
2020-07_gen5ou-0.json,Geodude,Items,,Nothing,7.692
2020-07_gen5ou-0.json,Geodude,Items,,Other,2.564
2020-07_gen5ou-0.json,Geodude,Spreads,,Other,2.564
2020-07_gen5ou-0.json,Geodude,Moves,,Stealth Rock,79.487
2020-07_gen5ou-0.json,Geodude,Moves,,Explosion,74.359
2020-07_gen5ou-0.json,Geodude,Moves,,Earthquake,74.359
2020-07_gen5ou-0.json,Geodude,Moves,,Stone Edge,69.231
2020-07_gen5ou-0.json,Geodude,Moves,,Nothing,53.846
2020-07_gen5ou-0.json,Geodude,Moves,,Dig,15.385
2020-07_gen5ou-0.json,Geodude,Moves,,Sandstorm,7.692
2020-07_gen5ou-0.json,Geodude,Moves,,Rock Blast,5.128
2020-07_gen5ou-0.json,Geodude,Moves,,Gyro Ball,5.128
2020-07_gen5ou-0.json,Geodude,Moves,,Other,15.385
2020-07_gen5ou-0.json,Onix,Stats,Raw count,,41
2020-07_gen5ou-0.json,Onix,Stats,Avg. weight,,1.0
2020-07_gen5ou-0.json,Onix,Stats,Viability Ceiling,,59
2020-07_gen5ou-0.json,Onix,Stats,Jolly,,29.268
2020-07_gen5ou-0.json,Onix,Stats,Hardy,,12.195
2020-07_gen5ou-0.json,Onix,Stats,Adamant,,4.878
2020-07_gen5ou-0.json,Onix,Stats,Naive,,4.878
2020-07_gen5ou-0.json,Onix,Abilities,,Sturdy,68.293
2020-07_gen5ou-0.json,Onix,Abilities,,Rock Head,31.707
2020-07_gen5ou-0.json,Onix,Items,,Eviolite,41.463
2020-07_gen5ou-0.json,Onix,Items,,Salac Berry,31.707
2020-07_gen5ou-0.json,Onix,Items,,Berry Juice,12.195
2020-07_gen5ou-0.json,Onix,Items,,Nothing,9.756
2020-07_gen5ou-0.json,Onix,Items,,Other,4.878
2020-07_gen5ou-0.json,Onix,Spreads,,Other,17.073
2020-07_gen5ou-0.json,Onix,Moves,,Sandstorm,63.415
2020-07_gen5ou-0.json,Onix,Moves,,Earthquake,46.341
2020-07_gen5ou-0.json,Onix,Moves,,Stone Edge,43.902
2020-07_gen5ou-0.json,Onix,Moves,,Protect,36.585
2020-07_gen5ou-0.json,Onix,Moves,,Iron Head,34.146
2020-07_gen5ou-0.json,Onix,Moves,,Sand Tomb,31.707
2020-07_gen5ou-0.json,Onix,Moves,,Stealth Rock,31.707
2020-07_gen5ou-0.json,Onix,Moves,,Double-Edge,19.512
2020-07_gen5ou-0.json,Onix,Moves,,Body Slam,14.634
2020-07_gen5ou-0.json,Onix,Moves,,Rock Throw,12.195
2020-07_gen5ou-0.json,Onix,Moves,,Harden,12.195
2020-07_gen5ou-0.json,Onix,Moves,,Curse,9.756
2020-07_gen5ou-0.json,Onix,Moves,,Explosion,7.317
2020-07_gen5ou-0.json,Onix,Moves,,Rest,4.878
2020-07_gen5ou-0.json,Onix,Moves,,Dragon Pulse,4.878
2020-07_gen5ou-0.json,Onix,Moves,,Gyro Ball,4.878
2020-07_gen5ou-0.json,Onix,Moves,,Iron Tail,4.878
2020-07_gen5ou-0.json,Onix,Moves,,Other,17.073
2020-07_gen5ou-0.json,Skuntank,Stats,Raw count,,35
2020-07_gen5ou-0.json,Skuntank,Stats,Avg. weight,,1.0
2020-07_gen5ou-0.json,Skuntank,Stats,Viability Ceiling,,50
2020-07_gen5ou-0.json,Skuntank,Stats,Timid,,42.857
2020-07_gen5ou-0.json,Skuntank,Stats,Adamant,,2.857
2020-07_gen5ou-0.json,Skuntank,Stats,Brave,,14.286
2020-07_gen5ou-0.json,Skuntank,Stats,Naive,,5.714
2020-07_gen5ou-0.json,Skuntank,Stats,Impish,,2.857
2020-07_gen5ou-0.json,Skuntank,Abilities,,Aftermath,65.714
2020-07_gen5ou-0.json,Skuntank,Abilities,,Stench,34.286
2020-07_gen5ou-0.json,Skuntank,Items,,Air Balloon,40.0
2020-07_gen5ou-0.json,Skuntank,Items,,Life Orb,37.143
2020-07_gen5ou-0.json,Skuntank,Items,,Leftovers,8.571
2020-07_gen5ou-0.json,Skuntank,Items,,Focus Sash,5.714
2020-07_gen5ou-0.json,Skuntank,Items,,Black Sludge,2.857
2020-07_gen5ou-0.json,Skuntank,Items,,Nothing,2.857
2020-07_gen5ou-0.json,Skuntank,Items,,Other,2.857
2020-07_gen5ou-0.json,Skuntank,Spreads,,Other,2.857
2020-07_gen5ou-0.json,Skuntank,Moves,,Sucker Punch,48.571
2020-07_gen5ou-0.json,Skuntank,Moves,,Dark Pulse,42.857
2020-07_gen5ou-0.json,Skuntank,Moves,,Protect,37.143
2020-07_gen5ou-0.json,Skuntank,Moves,,Flamethrower,37.143
2020-07_gen5ou-0.json,Skuntank,Moves,,Hidden Power Ice,34.286
2020-07_gen5ou-0.json,Skuntank,Moves,,Taunt,31.429
2020-07_gen5ou-0.json,Skuntank,Moves,,Pursuit,28.571
2020-07_gen5ou-0.json,Skuntank,Moves,,Crunch,22.857
2020-07_gen5ou-0.json,Skuntank,Moves,,Poison Jab,22.857
2020-07_gen5ou-0.json,Skuntank,Moves,,Night Slash,20.0
2020-07_gen5ou-0.json,Skuntank,Moves,,Foul Play,17.143
2020-07_gen5ou-0.json,Skuntank,Moves,,Acid Spray,14.286
2020-07_gen5ou-0.json,Skuntank,Moves,,Venoshock,8.571
2020-07_gen5ou-0.json,Skuntank,Moves,,Defog,8.571
2020-07_gen5ou-0.json,Skuntank,Moves,,Torment,8.571
2020-07_gen5ou-0.json,Skuntank,Moves,,Other,17.143
2020-07_gen5ou-0.json,Noctowl,Stats,Raw count,,36
2020-07_gen5ou-0.json,Noctowl,Stats,Avg. weight,,1.0
2020-07_gen5ou-0.json,Noctowl,Stats,Viability Ceiling,,50
2020-07_gen5ou-0.json,Noctowl,Stats,Hardy,,19.444
2020-07_gen5ou-0.json,Noctowl,Stats,Bold,,8.333
2020-07_gen5ou-0.json,Noctowl,Stats,Calm,,8.333
2020-07_gen5ou-0.json,Noctowl,Stats,Modest,,8.333
2020-07_gen5ou-0.json,Noctowl,Abilities,,Insomnia,72.222
2020-07_gen5ou-0.json,Noctowl,Abilities,,Tinted Lens,27.778
2020-07_gen5ou-0.json,Noctowl,Items,,Nothing,27.778
2020-07_gen5ou-0.json,Noctowl,Items,,Leftovers,25.0
2020-07_gen5ou-0.json,Noctowl,Items,,Life Orb,25.0
2020-07_gen5ou-0.json,Noctowl,Items,,Ganlon Berry,8.333
2020-07_gen5ou-0.json,Noctowl,Items,,Focus Sash,8.333
2020-07_gen5ou-0.json,Noctowl,Items,,Quick Claw,2.778
2020-07_gen5ou-0.json,Noctowl,Items,,Other,2.778
2020-07_gen5ou-0.json,Noctowl,Spreads,,Other,22.222
2020-07_gen5ou-0.json,Noctowl,Moves,,Air Slash,80.556
2020-07_gen5ou-0.json,Noctowl,Moves,,Psychic,41.667
2020-07_gen5ou-0.json,Noctowl,Moves,,Shadow Ball,33.333
2020-07_gen5ou-0.json,Noctowl,Moves,,Facade,30.556
2020-07_gen5ou-0.json,Noctowl,Moves,,Heat Wave,30.556
2020-07_gen5ou-0.json,Noctowl,Moves,,Extrasensory,25.0
2020-07_gen5ou-0.json,Noctowl,Moves,,Roost,25.0
2020-07_gen5ou-0.json,Noctowl,Moves,,Zen Headbutt,19.444
2020-07_gen5ou-0.json,Noctowl,Moves,,Toxic,19.444
2020-07_gen5ou-0.json,Noctowl,Moves,,Defog,19.444
2020-07_gen5ou-0.json,Noctowl,Moves,,Feather Dance,8.333
2020-07_gen5ou-0.json,Noctowl,Moves,,Agility,8.333
2020-07_gen5ou-0.json,Noctowl,Moves,,Reflect,8.333
2020-07_gen5ou-0.json,Noctowl,Moves,,Wing Attack,8.333
2020-07_gen5ou-0.json,Noctowl,Moves,,Whirlwind,8.333
2020-07_gen5ou-0.json,Noctowl,Moves,,Hidden Power Electric,5.556
2020-07_gen5ou-0.json,Noctowl,Moves,,Steel Wing,5.556
2020-07_gen5ou-0.json,Noctowl,Moves,,Night Shade,5.556
2020-07_gen5ou-0.json,Noctowl,Moves,,Other,16.667
2020-07_gen5ou-0.json,Banette,Stats,Raw count,,34
2020-07_gen5ou-0.json,Banette,Stats,Avg. weight,,1.0
2020-07_gen5ou-0.json,Banette,Stats,Viability Ceiling,,60
2020-07_gen5ou-0.json,Banette,Stats,Hardy,,8.824
2020-07_gen5ou-0.json,Banette,Stats,Brave,,14.706
2020-07_gen5ou-0.json,Banette,Stats,Adamant,,8.824
2020-07_gen5ou-0.json,Banette,Stats,Relaxed,,14.706
2020-07_gen5ou-0.json,Banette,Abilities,,Insomnia,70.588
2020-07_gen5ou-0.json,Banette,Abilities,,Frisk,17.647
2020-07_gen5ou-0.json,Banette,Abilities,,Cursed Body,11.765
2020-07_gen5ou-0.json,Banette,Items,,Focus Sash,38.235
2020-07_gen5ou-0.json,Banette,Items,,Liechi Berry,20.588
2020-07_gen5ou-0.json,Banette,Items,,Choice Band,11.765
2020-07_gen5ou-0.json,Banette,Items,,Ghost Gem,8.824
2020-07_gen5ou-0.json,Banette,Items,,Life Orb,5.882
2020-07_gen5ou-0.json,Banette,Items,,Black Glasses,5.882
2020-07_gen5ou-0.json,Banette,Items,,Leftovers,2.941
2020-07_gen5ou-0.json,Banette,Items,,Rocky Helmet,2.941
2020-07_gen5ou-0.json,Banette,Items,,Other,2.941
2020-07_gen5ou-0.json,Banette,Spreads,,Other,17.647
2020-07_gen5ou-0.json,Banette,Moves,,Shadow Claw,70.588
2020-07_gen5ou-0.json,Banette,Moves,,Destiny Bond,55.882
2020-07_gen5ou-0.json,Banette,Moves,,Sucker Punch,52.941
2020-07_gen5ou-0.json,Banette,Moves,,Will-O-Wisp,50.0
2020-07_gen5ou-0.json,Banette,Moves,,Trick Room,32.353
2020-07_gen5ou-0.json,Banette,Moves,,Curse,23.529
2020-07_gen5ou-0.json,Banette,Moves,,Gunk Shot,20.588
2020-07_gen5ou-0.json,Banette,Moves,,Taunt,14.706
2020-07_gen5ou-0.json,Banette,Moves,,Shadow Sneak,14.706
2020-07_gen5ou-0.json,Banette,Moves,,Knock Off,14.706
2020-07_gen5ou-0.json,Banette,Moves,,Toxic,14.706
2020-07_gen5ou-0.json,Banette,Moves,,Trick,5.882
2020-07_gen5ou-0.json,Banette,Moves,,Screech,5.882
2020-07_gen5ou-0.json,Banette,Moves,,Grudge,2.941
2020-07_gen5ou-0.json,Banette,Moves,,Cotton Guard,2.941
2020-07_gen5ou-0.json,Banette,Moves,,Other,17.647
2020-07_gen5ou-0.json,Lunatone,Stats,Raw count,,36
2020-07_gen5ou-0.json,Lunatone,Stats,Avg. weight,,1.0
2020-07_gen5ou-0.json,Lunatone,Stats,Viability Ceiling,,59
2020-07_gen5ou-0.json,Lunatone,Stats,Hardy,,22.222
2020-07_gen5ou-0.json,Lunatone,Stats,Modest,,8.333
2020-07_gen5ou-0.json,Lunatone,Stats,Bold,,13.889
2020-07_gen5ou-0.json,Lunatone,Stats,Timid,,8.333
2020-07_gen5ou-0.json,Lunatone,Abilities,,Levitate,100.0
2020-07_gen5ou-0.json,Lunatone,Items,,Leftovers,58.333
2020-07_gen5ou-0.json,Lunatone,Items,,Eviolite,22.222
2020-07_gen5ou-0.json,Lunatone,Items,,Sitrus Berry,13.889
2020-07_gen5ou-0.json,Lunatone,Items,,Expert Belt,5.556
2020-07_gen5ou-0.json,Lunatone,Spreads,,Other,11.111
2020-07_gen5ou-0.json,Lunatone,Moves,,Psychic,75.0
2020-07_gen5ou-0.json,Lunatone,Moves,,Stealth Rock,69.444
2020-07_gen5ou-0.json,Lunatone,Moves,,Ancient Power,41.667
2020-07_gen5ou-0.json,Lunatone,Moves,,Ice Beam,38.889
2020-07_gen5ou-0.json,Lunatone,Moves,,Baton Pass,22.222
2020-07_gen5ou-0.json,Lunatone,Moves,,Stone Edge,22.222
2020-07_gen5ou-0.json,Lunatone,Moves,,Double-Edge,22.222
2020-07_gen5ou-0.json,Lunatone,Moves,,Rock Polish,22.222
2020-07_gen5ou-0.json,Lunatone,Moves,,Cosmic Power,22.222
2020-07_gen5ou-0.json,Lunatone,Moves,,Trick Room,16.667
2020-07_gen5ou-0.json,Lunatone,Moves,,Calm Mind,13.889
2020-07_gen5ou-0.json,Lunatone,Moves,,Earth Power,8.333
2020-07_gen5ou-0.json,Lunatone,Moves,,Earthquake,8.333
2020-07_gen5ou-0.json,Lunatone,Moves,,Other,16.667
2020-07_gen5ou-0.json,Magnemite,Stats,Raw count,,35
2020-07_gen5ou-0.json,Magnemite,Stats,Avg. weight,,1.0
2020-07_gen5ou-0.json,Magnemite,Stats,Viability Ceiling,,63
2020-07_gen5ou-0.json,Magnemite,Stats,Bold,,11.429
2020-07_gen5ou-0.json,Magnemite,Stats,Hardy,,5.714
2020-07_gen5ou-0.json,Magnemite,Stats,Timid,,8.571
2020-07_gen5ou-0.json,Magnemite,Abilities,,Sturdy,80.0
2020-07_gen5ou-0.json,Magnemite,Abilities,,Magnet Pull,20.0
2020-07_gen5ou-0.json,Magnemite,Items,,Berry Juice,68.571
2020-07_gen5ou-0.json,Magnemite,Items,,Oran Berry,20.0
2020-07_gen5ou-0.json,Magnemite,Items,,Sitrus Berry,8.571
2020-07_gen5ou-0.json,Magnemite,Items,,Other,2.857
2020-07_gen5ou-0.json,Magnemite,Spreads,,Other,11.429
2020-07_gen5ou-0.json,Magnemite,Moves,,Recycle,97.143
2020-07_gen5ou-0.json,Magnemite,Moves,,Protect,82.857
2020-07_gen5ou-0.json,Magnemite,Moves,,Toxic,82.857
2020-07_gen5ou-0.json,Magnemite,Moves,,Nothing,71.429
2020-07_gen5ou-0.json,Magnemite,Moves,,Magic Coat,25.714
2020-07_gen5ou-0.json,Magnemite,Moves,,Thunder,11.429
2020-07_gen5ou-0.json,Magnemite,Moves,,Thunder Wave,8.571
2020-07_gen5ou-0.json,Magnemite,Moves,,Other,20.0
2020-07_gen5ou-0.json,Bellossom,Stats,Raw count,,35
2020-07_gen5ou-0.json,Bellossom,Stats,Avg. weight,,1.0
2020-07_gen5ou-0.json,Bellossom,Stats,Viability Ceiling,,46
2020-07_gen5ou-0.json,Bellossom,Stats,Calm,,51.429
2020-07_gen5ou-0.json,Bellossom,Stats,Timid,,14.286
2020-07_gen5ou-0.json,Bellossom,Stats,Modest,,5.714
2020-07_gen5ou-0.json,Bellossom,Stats,Adamant,,5.714
2020-07_gen5ou-0.json,Bellossom,Stats,Naive,,5.714
2020-07_gen5ou-0.json,Bellossom,Abilities,,Healer,54.286
2020-07_gen5ou-0.json,Bellossom,Abilities,,Chlorophyll,45.714
2020-07_gen5ou-0.json,Bellossom,Items,,Leftovers,60.0
2020-07_gen5ou-0.json,Bellossom,Items,,Meadow Plate,14.286
2020-07_gen5ou-0.json,Bellossom,Items,,Choice Specs,8.571
2020-07_gen5ou-0.json,Bellossom,Items,,Fighting Gem,5.714
2020-07_gen5ou-0.json,Bellossom,Items,,Miracle Seed,5.714
2020-07_gen5ou-0.json,Bellossom,Items,,Quick Claw,2.857
2020-07_gen5ou-0.json,Bellossom,Items,,Other,2.857
2020-07_gen5ou-0.json,Bellossom,Spreads,,Other,8.571
2020-07_gen5ou-0.json,Bellossom,Moves,,Stun Spore,60.0
2020-07_gen5ou-0.json,Bellossom,Moves,,Synthesis,57.143
2020-07_gen5ou-0.json,Bellossom,Moves,,Hidden Power Ground,51.429
2020-07_gen5ou-0.json,Bellossom,Moves,,Leaf Storm,51.429
2020-07_gen5ou-0.json,Bellossom,Moves,,Giga Drain,28.571
2020-07_gen5ou-0.json,Bellossom,Moves,,Sunny Day,22.857
2020-07_gen5ou-0.json,Bellossom,Moves,,Toxic,20.0
2020-07_gen5ou-0.json,Bellossom,Moves,,Sludge Bomb,17.143
2020-07_gen5ou-0.json,Bellossom,Moves,,Solar Beam,14.286
2020-07_gen5ou-0.json,Bellossom,Moves,,Energy Ball,14.286
2020-07_gen5ou-0.json,Bellossom,Moves,,Substitute,14.286
2020-07_gen5ou-0.json,Bellossom,Moves,,Drain Punch,8.571
2020-07_gen5ou-0.json,Bellossom,Moves,,Leech Seed,8.571
2020-07_gen5ou-0.json,Bellossom,Moves,,Leaf Blade,8.571
2020-07_gen5ou-0.json,Bellossom,Moves,,Swords Dance,8.571
2020-07_gen5ou-0.json,Bellossom,Moves,,Other,14.286
2020-07_gen5ou-0.json,Scraggy,Stats,Raw count,,42
2020-07_gen5ou-0.json,Scraggy,Stats,Avg. weight,,1.0
2020-07_gen5ou-0.json,Scraggy,Stats,Viability Ceiling,,54
2020-07_gen5ou-0.json,Scraggy,Stats,Adamant,,23.810
2020-07_gen5ou-0.json,Scraggy,Stats,Brave,,7.143
2020-07_gen5ou-0.json,Scraggy,Stats,Sassy,,14.286
2020-07_gen5ou-0.json,Scraggy,Stats,Hardy,,4.762
2020-07_gen5ou-0.json,Scraggy,Stats,Serious,,4.762
2020-07_gen5ou-0.json,Scraggy,Abilities,,Shed Skin,64.286
2020-07_gen5ou-0.json,Scraggy,Abilities,,Moxie,33.333
2020-07_gen5ou-0.json,Scraggy,Abilities,,Intimidate,2.381
2020-07_gen5ou-0.json,Scraggy,Items,,Nothing,28.571
2020-07_gen5ou-0.json,Scraggy,Items,,Eviolite,19.048
2020-07_gen5ou-0.json,Scraggy,Items,,Focus Sash,16.667
2020-07_gen5ou-0.json,Scraggy,Items,,Expert Belt,14.286
2020-07_gen5ou-0.json,Scraggy,Items,,Leftovers,14.286
2020-07_gen5ou-0.json,Scraggy,Items,,Wide Lens,4.762
2020-07_gen5ou-0.json,Scraggy,Items,,Other,2.381
2020-07_gen5ou-0.json,Scraggy,Spreads,,Other,28.571
2020-07_gen5ou-0.json,Scraggy,Moves,,Focus Blast,69.048
2020-07_gen5ou-0.json,Scraggy,Moves,,High Jump Kick,64.286
2020-07_gen5ou-0.json,Scraggy,Moves,,Headbutt,61.905
2020-07_gen5ou-0.json,Scraggy,Moves,,Leer,54.762
2020-07_gen5ou-0.json,Scraggy,Moves,,Dark Pulse,26.19
2020-07_gen5ou-0.json,Scraggy,Moves,,Bulk Up,16.667
2020-07_gen5ou-0.json,Scraggy,Moves,,Crunch,14.286
2020-07_gen5ou-0.json,Scraggy,Moves,,Protect,14.286
2020-07_gen5ou-0.json,Scraggy,Moves,,Brick Break,11.905
2020-07_gen5ou-0.json,Scraggy,Moves,,Dragon Claw,11.905
2020-07_gen5ou-0.json,Scraggy,Moves,,Grass Knot,9.524
2020-07_gen5ou-0.json,Scraggy,Moves,,Head Smash,9.524
2020-07_gen5ou-0.json,Scraggy,Moves,,Fire Punch,7.143
2020-07_gen5ou-0.json,Scraggy,Moves,,Nothing,4.762
2020-07_gen5ou-0.json,Scraggy,Moves,,Dragon Pulse,4.762
2020-07_gen5ou-0.json,Scraggy,Moves,,Other,19.048
2020-07_gen5ou-0.json,Dwebble,Stats,Raw count,,31
2020-07_gen5ou-0.json,Dwebble,Stats,Avg. weight,,1.0
2020-07_gen5ou-0.json,Dwebble,Stats,Viability Ceiling,,53
2020-07_gen5ou-0.json,Dwebble,Stats,Adamant,,51.613
2020-07_gen5ou-0.json,Dwebble,Stats,Careful,,16.129
2020-07_gen5ou-0.json,Dwebble,Stats,Jolly,,9.677
2020-07_gen5ou-0.json,Dwebble,Stats,Hardy,,3.226
2020-07_gen5ou-0.json,Dwebble,Stats,Relaxed,,3.226
2020-07_gen5ou-0.json,Dwebble,Abilities,,Sturdy,96.774
2020-07_gen5ou-0.json,Dwebble,Abilities,,Shell Armor,3.226
2020-07_gen5ou-0.json,Dwebble,Items,,White Herb,51.613
2020-07_gen5ou-0.json,Dwebble,Items,,Eviolite,22.581
2020-07_gen5ou-0.json,Dwebble,Items,,Nothing,12.903
2020-07_gen5ou-0.json,Dwebble,Items,,Sticky Barb,9.677
2020-07_gen5ou-0.json,Dwebble,Items,,Other,3.226
2020-07_gen5ou-0.json,Dwebble,Spreads,,Other,9.677
2020-07_gen5ou-0.json,Dwebble,Moves,,Shell Smash,77.419
2020-07_gen5ou-0.json,Dwebble,Moves,,Rock Slide,70.968
2020-07_gen5ou-0.json,Dwebble,Moves,,X-Scissor,58.065
2020-07_gen5ou-0.json,Dwebble,Moves,,Aerial Ace,51.613
2020-07_gen5ou-0.json,Dwebble,Moves,,Rock Polish,19.355
2020-07_gen5ou-0.json,Dwebble,Moves,,Earthquake,16.129
2020-07_gen5ou-0.json,Dwebble,Moves,,Night Slash,12.903
2020-07_gen5ou-0.json,Dwebble,Moves,,Curse,9.677
2020-07_gen5ou-0.json,Dwebble,Moves,,Iron Defense,9.677
2020-07_gen5ou-0.json,Dwebble,Moves,,Sand Attack,9.677
2020-07_gen5ou-0.json,Dwebble,Moves,,Struggle Bug,9.677
2020-07_gen5ou-0.json,Dwebble,Moves,,Feint Attack,9.677
2020-07_gen5ou-0.json,Dwebble,Moves,,Rock Wrecker,9.677
2020-07_gen5ou-0.json,Dwebble,Moves,,Smack Down,9.677
2020-07_gen5ou-0.json,Dwebble,Moves,,Rock Blast,6.452
2020-07_gen5ou-0.json,Dwebble,Moves,,Other,19.355
2020-07_gen5ou-0.json,Bibarel,Stats,Raw count,,29
2020-07_gen5ou-0.json,Bibarel,Stats,Avg. weight,,1.0
2020-07_gen5ou-0.json,Bibarel,Stats,Viability Ceiling,,66
2020-07_gen5ou-0.json,Bibarel,Stats,Adamant,,79.310
2020-07_gen5ou-0.json,Bibarel,Stats,Hasty,,10.345
2020-07_gen5ou-0.json,Bibarel,Stats,Jolly,,3.448
2020-07_gen5ou-0.json,Bibarel,Stats,Hardy,,3.448
2020-07_gen5ou-0.json,Bibarel,Abilities,,Simple,100.0
2020-07_gen5ou-0.json,Bibarel,Items,,Leftovers,79.31
2020-07_gen5ou-0.json,Bibarel,Items,,Sitrus Berry,10.345
2020-07_gen5ou-0.json,Bibarel,Items,,Focus Sash,3.448
2020-07_gen5ou-0.json,Bibarel,Items,,Choice Band,3.448
2020-07_gen5ou-0.json,Bibarel,Items,,Other,3.448
2020-07_gen5ou-0.json,Bibarel,Spreads,,Other,3.448
2020-07_gen5ou-0.json,Bibarel,Moves,,Curse,86.207
2020-07_gen5ou-0.json,Bibarel,Moves,,Amnesia,75.862
2020-07_gen5ou-0.json,Bibarel,Moves,,Substitute,72.414
2020-07_gen5ou-0.json,Bibarel,Moves,,Last Resort,72.414
2020-07_gen5ou-0.json,Bibarel,Moves,,Return,10.345
2020-07_gen5ou-0.json,Bibarel,Moves,,Blizzard,10.345
2020-07_gen5ou-0.json,Bibarel,Moves,,Thunder,10.345
2020-07_gen5ou-0.json,Bibarel,Moves,,Iron Tail,10.345
2020-07_gen5ou-0.json,Bibarel,Moves,,Grass Knot,10.345
2020-07_gen5ou-0.json,Bibarel,Moves,,Quick Attack,10.345
2020-07_gen5ou-0.json,Bibarel,Moves,,Waterfall,6.897
2020-07_gen5ou-0.json,Bibarel,Moves,,Aqua Tail,6.897
2020-07_gen5ou-0.json,Bibarel,Moves,,Other,17.241
2020-07_gen5ou-0.json,Glalie,Stats,Raw count,,35
2020-07_gen5ou-0.json,Glalie,Stats,Avg. weight,,1.0
2020-07_gen5ou-0.json,Glalie,Stats,Viability Ceiling,,56
2020-07_gen5ou-0.json,Glalie,Stats,Hasty,,11.429
2020-07_gen5ou-0.json,Glalie,Stats,Hardy,,14.286
2020-07_gen5ou-0.json,Glalie,Stats,Modest,,8.571
2020-07_gen5ou-0.json,Glalie,Stats,Naughty,,8.571
2020-07_gen5ou-0.json,Glalie,Stats,Impish,,2.857
2020-07_gen5ou-0.json,Glalie,Abilities,,Ice Body,57.143
2020-07_gen5ou-0.json,Glalie,Abilities,,Inner Focus,42.857
2020-07_gen5ou-0.json,Glalie,Items,,Lum Berry,31.429
2020-07_gen5ou-0.json,Glalie,Items,,Leftovers,22.857
2020-07_gen5ou-0.json,Glalie,Items,,Focus Sash,14.286
2020-07_gen5ou-0.json,Glalie,Items,,Never-Melt Ice,8.571
2020-07_gen5ou-0.json,Glalie,Items,,Choice Scarf,8.571
2020-07_gen5ou-0.json,Glalie,Items,,Ice Gem,2.857
2020-07_gen5ou-0.json,Glalie,Items,,Sitrus Berry,2.857
2020-07_gen5ou-0.json,Glalie,Items,,Rock Gem,2.857
2020-07_gen5ou-0.json,Glalie,Items,,Icy Rock,2.857
2020-07_gen5ou-0.json,Glalie,Items,,Other,2.857
2020-07_gen5ou-0.json,Glalie,Spreads,,Other,17.143
2020-07_gen5ou-0.json,Glalie,Moves,,Ice Beam,54.286
2020-07_gen5ou-0.json,Glalie,Moves,,Crunch,45.714
2020-07_gen5ou-0.json,Glalie,Moves,,Avalanche,34.286
2020-07_gen5ou-0.json,Glalie,Moves,,Hex,34.286
2020-07_gen5ou-0.json,Glalie,Moves,,Earthquake,34.286
2020-07_gen5ou-0.json,Glalie,Moves,,Frost Breath,31.429
2020-07_gen5ou-0.json,Glalie,Moves,,Shadow Ball,28.571
2020-07_gen5ou-0.json,Glalie,Moves,,Blizzard,25.714
2020-07_gen5ou-0.json,Glalie,Moves,,Dark Pulse,14.286
2020-07_gen5ou-0.json,Glalie,Moves,,Double-Edge,14.286
2020-07_gen5ou-0.json,Glalie,Moves,,Iron Head,11.429
2020-07_gen5ou-0.json,Glalie,Moves,,Hidden Power Psychic,8.571
2020-07_gen5ou-0.json,Glalie,Moves,,Weather Ball,8.571
2020-07_gen5ou-0.json,Glalie,Moves,,Hail,5.714
2020-07_gen5ou-0.json,Glalie,Moves,,Hidden Power Fire,5.714
2020-07_gen5ou-0.json,Glalie,Moves,,Ice Fang,5.714
2020-07_gen5ou-0.json,Glalie,Moves,,Water Pulse,5.714
2020-07_gen5ou-0.json,Glalie,Moves,,Spikes,5.714
2020-07_gen5ou-0.json,Glalie,Moves,,Rollout,2.857
2020-07_gen5ou-0.json,Glalie,Moves,,Hidden Power Dark,2.857
2020-07_gen5ou-0.json,Glalie,Moves,,Toxic,2.857
2020-07_gen5ou-0.json,Glalie,Moves,,Other,17.143
2020-07_gen5ou-0.json,Parasect,Stats,Raw count,,30
2020-07_gen5ou-0.json,Parasect,Stats,Avg. weight,,1.0
2020-07_gen5ou-0.json,Parasect,Stats,Viability Ceiling,,60
2020-07_gen5ou-0.json,Parasect,Stats,Adamant,,6.667
2020-07_gen5ou-0.json,Parasect,Stats,Brave,,6.667
2020-07_gen5ou-0.json,Parasect,Stats,Hardy,,6.667
2020-07_gen5ou-0.json,Parasect,Abilities,,Dry Skin,90.0
2020-07_gen5ou-0.json,Parasect,Abilities,,Effect Spore,10.0
2020-07_gen5ou-0.json,Parasect,Items,,Leftovers,66.667
2020-07_gen5ou-0.json,Parasect,Items,,Focus Sash,23.333
2020-07_gen5ou-0.json,Parasect,Items,,Sitrus Berry,6.667
2020-07_gen5ou-0.json,Parasect,Items,,Other,3.333
2020-07_gen5ou-0.json,Parasect,Spreads,,Other,3.333
2020-07_gen5ou-0.json,Parasect,Moves,,Seed Bomb,90.0
2020-07_gen5ou-0.json,Parasect,Moves,,Leech Seed,60.0
2020-07_gen5ou-0.json,Parasect,Moves,,X-Scissor,60.0
2020-07_gen5ou-0.json,Parasect,Moves,,Toxic,60.0
2020-07_gen5ou-0.json,Parasect,Moves,,Leech Life,36.667
2020-07_gen5ou-0.json,Parasect,Moves,,Brick Break,30.0
2020-07_gen5ou-0.json,Parasect,Moves,,Swords Dance,26.667
2020-07_gen5ou-0.json,Parasect,Moves,,Sludge Bomb,6.667
2020-07_gen5ou-0.json,Parasect,Moves,,Energy Ball,6.667
2020-07_gen5ou-0.json,Parasect,Moves,,Aromatherapy,6.667
2020-07_gen5ou-0.json,Parasect,Moves,,Other,16.667
2020-07_gen5ou-0.json,Tepig,Stats,Raw count,,36
2020-07_gen5ou-0.json,Tepig,Stats,Avg. weight,,1.0
2020-07_gen5ou-0.json,Tepig,Stats,Viability Ceiling,,49
2020-07_gen5ou-0.json,Tepig,Stats,Hardy,,8.333
2020-07_gen5ou-0.json,Tepig,Stats,Hasty,,11.111
2020-07_gen5ou-0.json,Tepig,Abilities,,Blaze,100.0
2020-07_gen5ou-0.json,Tepig,Items,,Focus Sash,30.556
2020-07_gen5ou-0.json,Tepig,Items,,Nothing,22.222
2020-07_gen5ou-0.json,Tepig,Items,,Charcoal,16.667
2020-07_gen5ou-0.json,Tepig,Items,,Leftovers,11.111
2020-07_gen5ou-0.json,Tepig,Items,,Fire Gem,11.111
2020-07_gen5ou-0.json,Tepig,Items,,Figy Berry,5.556
2020-07_gen5ou-0.json,Tepig,Items,,Other,2.778
2020-07_gen5ou-0.json,Tepig,Spreads,,Other,33.333
2020-07_gen5ou-0.json,Tepig,Moves,,Flamethrower,77.778
2020-07_gen5ou-0.json,Tepig,Moves,,Flame Charge,66.667
2020-07_gen5ou-0.json,Tepig,Moves,,Body Slam,50.0
2020-07_gen5ou-0.json,Tepig,Moves,,Fire Blast,36.111
2020-07_gen5ou-0.json,Tepig,Moves,,Nothing,19.444
2020-07_gen5ou-0.json,Tepig,Moves,,Overheat,19.444
2020-07_gen5ou-0.json,Tepig,Moves,,Flare Blitz,16.667
2020-07_gen5ou-0.json,Tepig,Moves,,Will-O-Wisp,16.667
2020-07_gen5ou-0.json,Tepig,Moves,,Solar Beam,16.667
2020-07_gen5ou-0.json,Tepig,Moves,,Ember,13.889
2020-07_gen5ou-0.json,Tepig,Moves,,Tackle,13.889
2020-07_gen5ou-0.json,Tepig,Moves,,Head Smash,11.111
2020-07_gen5ou-0.json,Tepig,Moves,,Gyro Ball,8.333
2020-07_gen5ou-0.json,Tepig,Moves,,Curse,5.556
2020-07_gen5ou-0.json,Tepig,Moves,,Hidden Power Electric,5.556
2020-07_gen5ou-0.json,Tepig,Moves,,Defense Curl,5.556
2020-07_gen5ou-0.json,Tepig,Moves,,Other,16.667
2020-07_gen5ou-0.json,Bayleef,Stats,Raw count,,30
2020-07_gen5ou-0.json,Bayleef,Stats,Avg. weight,,1.0
2020-07_gen5ou-0.json,Bayleef,Stats,Viability Ceiling,,48
2020-07_gen5ou-0.json,Bayleef,Stats,Hardy,,6.667
2020-07_gen5ou-0.json,Bayleef,Stats,Quiet,,23.333
2020-07_gen5ou-0.json,Bayleef,Abilities,,Overgrow,100.0
2020-07_gen5ou-0.json,Bayleef,Items,,Leftovers,66.667
2020-07_gen5ou-0.json,Bayleef,Items,,Miracle Seed,23.333
2020-07_gen5ou-0.json,Bayleef,Items,,Nothing,6.667
2020-07_gen5ou-0.json,Bayleef,Items,,Other,3.333
2020-07_gen5ou-0.json,Bayleef,Spreads,,Other,3.333
2020-07_gen5ou-0.json,Bayleef,Moves,,Attract,46.667
2020-07_gen5ou-0.json,Bayleef,Moves,,Leech Seed,36.667
2020-07_gen5ou-0.json,Bayleef,Moves,,Aromatherapy,33.333
2020-07_gen5ou-0.json,Bayleef,Moves,,Body Slam,33.333
2020-07_gen5ou-0.json,Bayleef,Moves,,Leaf Storm,33.333
2020-07_gen5ou-0.json,Bayleef,Moves,,Iron Tail,23.333
2020-07_gen5ou-0.json,Bayleef,Moves,,Hidden Power Fire,23.333
2020-07_gen5ou-0.json,Bayleef,Moves,,Energy Ball,23.333
2020-07_gen5ou-0.json,Bayleef,Moves,,Sunny Day,23.333
2020-07_gen5ou-0.json,Bayleef,Moves,,Synthesis,20.0
2020-07_gen5ou-0.json,Bayleef,Moves,,Giga Drain,20.0
2020-07_gen5ou-0.json,Bayleef,Moves,,Ancient Power,20.0
2020-07_gen5ou-0.json,Bayleef,Moves,,Return,16.667
2020-07_gen5ou-0.json,Bayleef,Moves,,Safeguard,16.667
2020-07_gen5ou-0.json,Bayleef,Moves,,Seed Bomb,6.667
2020-07_gen5ou-0.json,Bayleef,Moves,,Light Screen,6.667
2020-07_gen5ou-0.json,Bayleef,Moves,,Other,16.667
2020-07_gen5ou-0.json,Murkrow,Stats,Raw count,,34
2020-07_gen5ou-0.json,Murkrow,Stats,Avg. weight,,1.0
2020-07_gen5ou-0.json,Murkrow,Stats,Viability Ceiling,,63
2020-07_gen5ou-0.json,Murkrow,Stats,Calm,,47.059
2020-07_gen5ou-0.json,Murkrow,Stats,Jolly,,8.824
2020-07_gen5ou-0.json,Murkrow,Stats,Modest,,11.765
2020-07_gen5ou-0.json,Murkrow,Stats,Quiet,,5.882
2020-07_gen5ou-0.json,Murkrow,Stats,Timid,,2.941
2020-07_gen5ou-0.json,Murkrow,Abilities,,Prankster,79.412
2020-07_gen5ou-0.json,Murkrow,Abilities,,Insomnia,17.647
2020-07_gen5ou-0.json,Murkrow,Abilities,,Super Luck,2.941
2020-07_gen5ou-0.json,Murkrow,Items,,Eviolite,61.765
2020-07_gen5ou-0.json,Murkrow,Items,,Focus Sash,29.412
2020-07_gen5ou-0.json,Murkrow,Items,,Black Glasses,5.882
2020-07_gen5ou-0.json,Murkrow,Items,,Other,2.941
2020-07_gen5ou-0.json,Murkrow,Spreads,,Other,2.941
2020-07_gen5ou-0.json,Murkrow,Moves,,Roost,67.647
2020-07_gen5ou-0.json,Murkrow,Moves,,Foul Play,47.059
2020-07_gen5ou-0.json,Murkrow,Moves,,Thunder Wave,47.059
2020-07_gen5ou-0.json,Murkrow,Moves,,Substitute,41.176
2020-07_gen5ou-0.json,Murkrow,Moves,,Protect,29.412
2020-07_gen5ou-0.json,Murkrow,Moves,,Sucker Punch,29.412
2020-07_gen5ou-0.json,Murkrow,Moves,,Whirlwind,23.529
2020-07_gen5ou-0.json,Murkrow,Moves,,Drill Peck,20.588
2020-07_gen5ou-0.json,Murkrow,Moves,,Calm Mind,20.588
2020-07_gen5ou-0.json,Murkrow,Moves,,Dark Pulse,14.706
2020-07_gen5ou-0.json,Murkrow,Moves,,Hidden Power Flying,11.765
2020-07_gen5ou-0.json,Murkrow,Moves,,Brave Bird,8.824
2020-07_gen5ou-0.json,Murkrow,Moves,,Defog,8.824
2020-07_gen5ou-0.json,Murkrow,Moves,,Tailwind,8.824
2020-07_gen5ou-0.json,Murkrow,Moves,,Air Cutter,5.882
2020-07_gen5ou-0.json,Murkrow,Moves,,Other,14.706
2020-07_gen5ou-0.json,Beedrill,Stats,Raw count,,32
2020-07_gen5ou-0.json,Beedrill,Stats,Avg. weight,,1.0
2020-07_gen5ou-0.json,Beedrill,Stats,Viability Ceiling,,43
2020-07_gen5ou-0.json,Beedrill,Stats,Jolly,,3.125
2020-07_gen5ou-0.json,Beedrill,Stats,Hardy,,3.125
2020-07_gen5ou-0.json,Beedrill,Abilities,,Swarm,68.75
2020-07_gen5ou-0.json,Beedrill,Abilities,,Sniper,31.25
2020-07_gen5ou-0.json,Beedrill,Items,,Focus Sash,75.0
2020-07_gen5ou-0.json,Beedrill,Items,,Leftovers,12.5
2020-07_gen5ou-0.json,Beedrill,Items,,Choice Scarf,6.25
2020-07_gen5ou-0.json,Beedrill,Items,,Nothing,3.125
2020-07_gen5ou-0.json,Beedrill,Items,,Other,3.125
2020-07_gen5ou-0.json,Beedrill,Spreads,,Other,3.125
2020-07_gen5ou-0.json,Beedrill,Moves,,X-Scissor,78.125
2020-07_gen5ou-0.json,Beedrill,Moves,,Poison Jab,75.0
2020-07_gen5ou-0.json,Beedrill,Moves,,Knock Off,59.375
2020-07_gen5ou-0.json,Beedrill,Moves,,Swords Dance,56.25
2020-07_gen5ou-0.json,Beedrill,Moves,,U-turn,21.875
2020-07_gen5ou-0.json,Beedrill,Moves,,Toxic Spikes,15.625
2020-07_gen5ou-0.json,Beedrill,Moves,,Drill Run,15.625
2020-07_gen5ou-0.json,Beedrill,Moves,,Nothing,12.5
2020-07_gen5ou-0.json,Beedrill,Moves,,Agility,12.5
2020-07_gen5ou-0.json,Beedrill,Moves,,Tailwind,12.5
2020-07_gen5ou-0.json,Beedrill,Moves,,Endeavor,12.5
2020-07_gen5ou-0.json,Beedrill,Moves,,Brick Break,9.375
2020-07_gen5ou-0.json,Beedrill,Moves,,Other,18.75
2020-07_gen5ou-0.json,Dewgong,Stats,Raw count,,31
2020-07_gen5ou-0.json,Dewgong,Stats,Avg. weight,,1.0
2020-07_gen5ou-0.json,Dewgong,Stats,Viability Ceiling,,52
2020-07_gen5ou-0.json,Dewgong,Stats,Timid,,32.258
2020-07_gen5ou-0.json,Dewgong,Stats,Hardy,,6.452
2020-07_gen5ou-0.json,Dewgong,Stats,Careful,,6.452
2020-07_gen5ou-0.json,Dewgong,Stats,Brave,,6.452
2020-07_gen5ou-0.json,Dewgong,Stats,Modest,,6.452
2020-07_gen5ou-0.json,Dewgong,Abilities,,Ice Body,61.29
2020-07_gen5ou-0.json,Dewgong,Abilities,,Thick Fat,25.806
2020-07_gen5ou-0.json,Dewgong,Abilities,,Hydration,12.903
2020-07_gen5ou-0.json,Dewgong,Items,,Leftovers,58.065
2020-07_gen5ou-0.json,Dewgong,Items,,Sitrus Berry,9.677
2020-07_gen5ou-0.json,Dewgong,Items,,Lum Berry,9.677
2020-07_gen5ou-0.json,Dewgong,Items,,Icy Rock,9.677
2020-07_gen5ou-0.json,Dewgong,Items,,Razor Fang,6.452
2020-07_gen5ou-0.json,Dewgong,Items,,Focus Sash,6.452
2020-07_gen5ou-0.json,Dewgong,Spreads,,Other,25.806
2020-07_gen5ou-0.json,Dewgong,Moves,,Hail,51.613
2020-07_gen5ou-0.json,Dewgong,Moves,,Toxic,45.161
2020-07_gen5ou-0.json,Dewgong,Moves,,Attract,35.484
2020-07_gen5ou-0.json,Dewgong,Moves,,Blizzard,32.258
2020-07_gen5ou-0.json,Dewgong,Moves,,Stockpile,32.258
2020-07_gen5ou-0.json,Dewgong,Moves,,Surf,22.581
2020-07_gen5ou-0.json,Dewgong,Moves,,Rest,19.355
2020-07_gen5ou-0.json,Dewgong,Moves,,Fake Out,19.355
2020-07_gen5ou-0.json,Dewgong,Moves,,Perish Song,16.129
2020-07_gen5ou-0.json,Dewgong,Moves,,Aqua Tail,12.903
2020-07_gen5ou-0.json,Dewgong,Moves,,Aqua Jet,12.903
2020-07_gen5ou-0.json,Dewgong,Moves,,Brine,12.903
2020-07_gen5ou-0.json,Dewgong,Moves,,Sleep Talk,12.903
2020-07_gen5ou-0.json,Dewgong,Moves,,Hidden Power Electric,9.677
2020-07_gen5ou-0.json,Dewgong,Moves,,Ice Shard,9.677
2020-07_gen5ou-0.json,Dewgong,Moves,,Drill Run,9.677
2020-07_gen5ou-0.json,Dewgong,Moves,,Nothing,6.452
2020-07_gen5ou-0.json,Dewgong,Moves,,Giga Impact,6.452
2020-07_gen5ou-0.json,Dewgong,Moves,,Dive,6.452
2020-07_gen5ou-0.json,Dewgong,Moves,,Avalanche,3.226
2020-07_gen5ou-0.json,Dewgong,Moves,,Ice Beam,3.226
2020-07_gen5ou-0.json,Dewgong,Moves,,Other,19.355
2020-07_gen5ou-0.json,Wigglytuff,Stats,Raw count,,27
2020-07_gen5ou-0.json,Wigglytuff,Stats,Avg. weight,,1.0
2020-07_gen5ou-0.json,Wigglytuff,Stats,Viability Ceiling,,54
2020-07_gen5ou-0.json,Wigglytuff,Stats,Hardy,,14.815
2020-07_gen5ou-0.json,Wigglytuff,Stats,Timid,,11.111
2020-07_gen5ou-0.json,Wigglytuff,Stats,Lonely,,3.704
2020-07_gen5ou-0.json,Wigglytuff,Stats,Modest,,3.704
2020-07_gen5ou-0.json,Wigglytuff,Abilities,,Cute Charm,100.0
2020-07_gen5ou-0.json,Wigglytuff,Items,,Sitrus Berry,44.444
2020-07_gen5ou-0.json,Wigglytuff,Items,,Rocky Helmet,22.222
2020-07_gen5ou-0.json,Wigglytuff,Items,,Normal Gem,14.815
2020-07_gen5ou-0.json,Wigglytuff,Items,,Life Orb,11.111
2020-07_gen5ou-0.json,Wigglytuff,Items,,Leftovers,3.704
2020-07_gen5ou-0.json,Wigglytuff,Items,,Other,3.704
2020-07_gen5ou-0.json,Wigglytuff,Spreads,,Other,3.704
2020-07_gen5ou-0.json,Wigglytuff,Moves,,Psychic,44.444
2020-07_gen5ou-0.json,Wigglytuff,Moves,,Ice Beam,40.741
2020-07_gen5ou-0.json,Wigglytuff,Moves,,Hyper Voice,29.63
2020-07_gen5ou-0.json,Wigglytuff,Moves,,Body Slam,29.63
2020-07_gen5ou-0.json,Wigglytuff,Moves,,Fire Blast,29.63
2020-07_gen5ou-0.json,Wigglytuff,Moves,,Thunder Punch,25.926
2020-07_gen5ou-0.json,Wigglytuff,Moves,,Flamethrower,25.926
2020-07_gen5ou-0.json,Wigglytuff,Moves,,Thunderbolt,22.222
2020-07_gen5ou-0.json,Wigglytuff,Moves,,Ice Punch,22.222
2020-07_gen5ou-0.json,Wigglytuff,Moves,,Brick Break,22.222
2020-07_gen5ou-0.json,Wigglytuff,Moves,,Fire Punch,22.222
2020-07_gen5ou-0.json,Wigglytuff,Moves,,Toxic,18.519
2020-07_gen5ou-0.json,Wigglytuff,Moves,,Blizzard,14.815
2020-07_gen5ou-0.json,Wigglytuff,Moves,,Perish Song,14.815
2020-07_gen5ou-0.json,Wigglytuff,Moves,,Focus Blast,11.111
2020-07_gen5ou-0.json,Wigglytuff,Moves,,Stealth Rock,11.111
2020-07_gen5ou-0.json,Wigglytuff,Moves,,Other,14.815
2020-07_gen5ou-0.json,Abra,Stats,Raw count,,27
2020-07_gen5ou-0.json,Abra,Stats,Avg. weight,,1.0
2020-07_gen5ou-0.json,Abra,Stats,Viability Ceiling,,48
2020-07_gen5ou-0.json,Abra,Stats,Timid,,92.593
2020-07_gen5ou-0.json,Abra,Stats,Bold,,3.704
2020-07_gen5ou-0.json,Abra,Abilities,,Magic Guard,92.593
2020-07_gen5ou-0.json,Abra,Abilities,,Synchronize,3.704
2020-07_gen5ou-0.json,Abra,Abilities,,Inner Focus,3.704
2020-07_gen5ou-0.json,Abra,Items,,Life Orb,92.593
2020-07_gen5ou-0.json,Abra,Items,,Focus Sash,7.407
2020-07_gen5ou-0.json,Abra,Spreads,,Other,3.704
2020-07_gen5ou-0.json,Abra,Moves,,Energy Ball,96.296
2020-07_gen5ou-0.json,Abra,Moves,,Shadow Ball,92.593
2020-07_gen5ou-0.json,Abra,Moves,,Psychic,92.593
2020-07_gen5ou-0.json,Abra,Moves,,Signal Beam,92.593
2020-07_gen5ou-0.json,Abra,Moves,,Nothing,7.407
2020-07_gen5ou-0.json,Abra,Moves,,Other,18.519
2020-07_gen5ou-0.json,Gurdurr,Stats,Raw count,,27
2020-07_gen5ou-0.json,Gurdurr,Stats,Avg. weight,,1.0
2020-07_gen5ou-0.json,Gurdurr,Stats,Viability Ceiling,,63
2020-07_gen5ou-0.json,Gurdurr,Stats,Careful,,25.926
2020-07_gen5ou-0.json,Gurdurr,Stats,Adamant,,7.407
2020-07_gen5ou-0.json,Gurdurr,Abilities,,Iron Fist,55.556
2020-07_gen5ou-0.json,Gurdurr,Abilities,,Guts,33.333
2020-07_gen5ou-0.json,Gurdurr,Abilities,,Sheer Force,11.111
2020-07_gen5ou-0.json,Gurdurr,Items,,Eviolite,96.296
2020-07_gen5ou-0.json,Gurdurr,Items,,Other,3.704
2020-07_gen5ou-0.json,Gurdurr,Spreads,,Other,11.111
2020-07_gen5ou-0.json,Gurdurr,Moves,,Drain Punch,92.593
2020-07_gen5ou-0.json,Gurdurr,Moves,,Mach Punch,85.185
2020-07_gen5ou-0.json,Gurdurr,Moves,,Bulk Up,70.37
2020-07_gen5ou-0.json,Gurdurr,Moves,,Ice Punch,33.333
2020-07_gen5ou-0.json,Gurdurr,Moves,,Thunder Punch,33.333
2020-07_gen5ou-0.json,Gurdurr,Moves,,Fire Punch,29.63
2020-07_gen5ou-0.json,Gurdurr,Moves,,Stone Edge,18.519
2020-07_gen5ou-0.json,Gurdurr,Moves,,Payback,11.111
2020-07_gen5ou-0.json,Gurdurr,Moves,,Protect,7.407
2020-07_gen5ou-0.json,Gurdurr,Moves,,Other,18.519
2020-07_gen5ou-0.json,Exploud,Stats,Raw count,,25
2020-07_gen5ou-0.json,Exploud,Stats,Avg. weight,,1.0
2020-07_gen5ou-0.json,Exploud,Stats,Viability Ceiling,,50
2020-07_gen5ou-0.json,Exploud,Stats,Modest,,32.000
2020-07_gen5ou-0.json,Exploud,Stats,Brave,,8.000
2020-07_gen5ou-0.json,Exploud,Abilities,,Scrappy,80.0
2020-07_gen5ou-0.json,Exploud,Abilities,,Soundproof,20.0
2020-07_gen5ou-0.json,Exploud,Items,,Expert Belt,56.0
2020-07_gen5ou-0.json,Exploud,Items,,Choice Specs,24.0
2020-07_gen5ou-0.json,Exploud,Items,,Muscle Band,8.0
2020-07_gen5ou-0.json,Exploud,Items,,Life Orb,8.0
2020-07_gen5ou-0.json,Exploud,Items,,Other,4.0
2020-07_gen5ou-0.json,Exploud,Spreads,,Other,4.0
2020-07_gen5ou-0.json,Exploud,Moves,,Ice Beam,84.0
2020-07_gen5ou-0.json,Exploud,Moves,,Flamethrower,84.0
2020-07_gen5ou-0.json,Exploud,Moves,,Hyper Voice,68.0
2020-07_gen5ou-0.json,Exploud,Moves,,Surf,60.0
2020-07_gen5ou-0.json,Exploud,Moves,,Uproar,32.0
2020-07_gen5ou-0.json,Exploud,Moves,,Focus Blast,16.0
2020-07_gen5ou-0.json,Exploud,Moves,,Shadow Ball,12.0
2020-07_gen5ou-0.json,Exploud,Moves,,Extrasensory,12.0
2020-07_gen5ou-0.json,Exploud,Moves,,Zen Headbutt,8.0
2020-07_gen5ou-0.json,Exploud,Moves,,Counter,8.0
2020-07_gen5ou-0.json,Exploud,Moves,,Other,16.0
2020-07_gen5ou-0.json,Relicanth,Stats,Raw count,,26
2020-07_gen5ou-0.json,Relicanth,Stats,Avg. weight,,1.0
2020-07_gen5ou-0.json,Relicanth,Stats,Viability Ceiling,,60
2020-07_gen5ou-0.json,Relicanth,Stats,Adamant,,3.846
2020-07_gen5ou-0.json,Relicanth,Stats,Hardy,,11.538
2020-07_gen5ou-0.json,Relicanth,Stats,Jolly,,7.692
2020-07_gen5ou-0.json,Relicanth,Abilities,,Rock Head,84.615
2020-07_gen5ou-0.json,Relicanth,Abilities,,Swift Swim,15.385
2020-07_gen5ou-0.json,Relicanth,Items,,Rock Gem,50.0
2020-07_gen5ou-0.json,Relicanth,Items,,Life Orb,23.077
2020-07_gen5ou-0.json,Relicanth,Items,,Rindo Berry,11.538
2020-07_gen5ou-0.json,Relicanth,Items,,Choice Band,7.692
2020-07_gen5ou-0.json,Relicanth,Items,,Leftovers,3.846
2020-07_gen5ou-0.json,Relicanth,Items,,Other,3.846
2020-07_gen5ou-0.json,Relicanth,Spreads,,Other,3.846
2020-07_gen5ou-0.json,Relicanth,Moves,,Waterfall,80.769
2020-07_gen5ou-0.json,Relicanth,Moves,,Head Smash,73.077
2020-07_gen5ou-0.json,Relicanth,Moves,,Rock Polish,57.692
2020-07_gen5ou-0.json,Relicanth,Moves,,Rock Slide,50.0
2020-07_gen5ou-0.json,Relicanth,Moves,,Nothing,34.615
2020-07_gen5ou-0.json,Relicanth,Moves,,Earthquake,30.769
2020-07_gen5ou-0.json,Relicanth,Moves,,Zen Headbutt,15.385
2020-07_gen5ou-0.json,Relicanth,Moves,,Aqua Tail,11.538
2020-07_gen5ou-0.json,Relicanth,Moves,,Stone Edge,11.538
2020-07_gen5ou-0.json,Relicanth,Moves,,Amnesia,11.538
2020-07_gen5ou-0.json,Relicanth,Moves,,Surf,3.846
2020-07_gen5ou-0.json,Relicanth,Moves,,Other,19.231
2020-07_gen5ou-0.json,Delcatty,Stats,Raw count,,25
2020-07_gen5ou-0.json,Delcatty,Stats,Avg. weight,,1.0
2020-07_gen5ou-0.json,Delcatty,Stats,Viability Ceiling,,58
2020-07_gen5ou-0.json,Delcatty,Stats,Bold,,20.000
2020-07_gen5ou-0.json,Delcatty,Stats,Modest,,16.000
2020-07_gen5ou-0.json,Delcatty,Stats,Adamant,,12.000
2020-07_gen5ou-0.json,Delcatty,Stats,Timid,,8.000
2020-07_gen5ou-0.json,Delcatty,Abilities,,Cute Charm,36.0
2020-07_gen5ou-0.json,Delcatty,Abilities,,Wonder Skin,36.0
2020-07_gen5ou-0.json,Delcatty,Abilities,,Normalize,28.0
2020-07_gen5ou-0.json,Delcatty,Items,,Leftovers,40.0
2020-07_gen5ou-0.json,Delcatty,Items,,Lax Incense,32.0
2020-07_gen5ou-0.json,Delcatty,Items,,Rocky Helmet,16.0
2020-07_gen5ou-0.json,Delcatty,Items,,Choice Band,8.0
2020-07_gen5ou-0.json,Delcatty,Items,,Other,4.0
2020-07_gen5ou-0.json,Delcatty,Spreads,,Other,20.0
2020-07_gen5ou-0.json,Delcatty,Moves,,Wish,60.0
2020-07_gen5ou-0.json,Delcatty,Moves,,Nothing,36.0
2020-07_gen5ou-0.json,Delcatty,Moves,,Calm Mind,32.0
2020-07_gen5ou-0.json,Delcatty,Moves,,Thunder Wave,32.0
2020-07_gen5ou-0.json,Delcatty,Moves,,Shadow Ball,32.0
2020-07_gen5ou-0.json,Delcatty,Moves,,Attract,32.0
2020-07_gen5ou-0.json,Delcatty,Moves,,Thunderbolt,24.0
2020-07_gen5ou-0.json,Delcatty,Moves,,Hyper Voice,20.0
2020-07_gen5ou-0.json,Delcatty,Moves,,Ice Beam,20.0
2020-07_gen5ou-0.json,Delcatty,Moves,,Icy Wind,16.0
2020-07_gen5ou-0.json,Delcatty,Moves,,Sucker Punch,16.0
2020-07_gen5ou-0.json,Delcatty,Moves,,Charm,16.0
2020-07_gen5ou-0.json,Delcatty,Moves,,Fake Out,16.0
2020-07_gen5ou-0.json,Delcatty,Moves,,Substitute,16.0
2020-07_gen5ou-0.json,Delcatty,Moves,,Assist,12.0
2020-07_gen5ou-0.json,Delcatty,Moves,,Other,20.0
2020-07_gen5ou-0.json,Castform,Stats,Raw count,,30
2020-07_gen5ou-0.json,Castform,Stats,Avg. weight,,1.0
2020-07_gen5ou-0.json,Castform,Stats,Viability Ceiling,,56
2020-07_gen5ou-0.json,Castform,Stats,Timid,,26.667
2020-07_gen5ou-0.json,Castform,Stats,Serious,,13.333
2020-07_gen5ou-0.json,Castform,Stats,Modest,,6.667
2020-07_gen5ou-0.json,Castform,Stats,Hardy,,6.667
2020-07_gen5ou-0.json,Castform,Stats,Hasty,,3.333
2020-07_gen5ou-0.json,Castform,Abilities,,Forecast,100.0
2020-07_gen5ou-0.json,Castform,Items,,Leftovers,40.0
2020-07_gen5ou-0.json,Castform,Items,,Expert Belt,13.333
2020-07_gen5ou-0.json,Castform,Items,,Aguav Berry,13.333
2020-07_gen5ou-0.json,Castform,Items,,Rocky Helmet,10.0
2020-07_gen5ou-0.json,Castform,Items,,Lum Berry,6.667
2020-07_gen5ou-0.json,Castform,Items,,Nothing,6.667
2020-07_gen5ou-0.json,Castform,Items,,Mental Herb,3.333
2020-07_gen5ou-0.json,Castform,Items,,Flame Plate,3.333
2020-07_gen5ou-0.json,Castform,Items,,Other,3.333
2020-07_gen5ou-0.json,Castform,Spreads,,Other,10.0
2020-07_gen5ou-0.json,Castform,Moves,,Weather Ball,70.0
2020-07_gen5ou-0.json,Castform,Moves,,Attract,40.0
2020-07_gen5ou-0.json,Castform,Moves,,Thunderbolt,40.0
2020-07_gen5ou-0.json,Castform,Moves,,Shadow Ball,40.0
2020-07_gen5ou-0.json,Castform,Moves,,Blizzard,23.333
2020-07_gen5ou-0.json,Castform,Moves,,Rain Dance,23.333
2020-07_gen5ou-0.json,Castform,Moves,,Thunder,20.0
2020-07_gen5ou-0.json,Castform,Moves,,Fire Blast,20.0
2020-07_gen5ou-0.json,Castform,Moves,,Ice Beam,16.667
2020-07_gen5ou-0.json,Castform,Moves,,Flamethrower,16.667
2020-07_gen5ou-0.json,Castform,Moves,,Sunny Day,16.667
2020-07_gen5ou-0.json,Castform,Moves,,Hail,13.333
2020-07_gen5ou-0.json,Castform,Moves,,Hydro Pump,13.333
2020-07_gen5ou-0.json,Castform,Moves,,Clear Smog,10.0
2020-07_gen5ou-0.json,Castform,Moves,,Solar Beam,10.0
2020-07_gen5ou-0.json,Castform,Moves,,Nothing,6.667
2020-07_gen5ou-0.json,Castform,Moves,,Other,20.0
2020-07_gen5ou-0.json,Carnivine,Stats,Raw count,,28
2020-07_gen5ou-0.json,Carnivine,Stats,Avg. weight,,1.0
2020-07_gen5ou-0.json,Carnivine,Stats,Viability Ceiling,,34
2020-07_gen5ou-0.json,Carnivine,Stats,Adamant,,64.286
2020-07_gen5ou-0.json,Carnivine,Stats,Careful,,17.857
2020-07_gen5ou-0.json,Carnivine,Stats,Hardy,,10.714
2020-07_gen5ou-0.json,Carnivine,Stats,Modest,,3.571
2020-07_gen5ou-0.json,Carnivine,Abilities,,Levitate,100.0
2020-07_gen5ou-0.json,Carnivine,Items,,Grass Gem,64.286
2020-07_gen5ou-0.json,Carnivine,Items,,Leftovers,32.143
2020-07_gen5ou-0.json,Carnivine,Items,,Other,3.571
2020-07_gen5ou-0.json,Carnivine,Spreads,,Other,3.571
2020-07_gen5ou-0.json,Carnivine,Moves,,Power Whip,85.714
2020-07_gen5ou-0.json,Carnivine,Moves,,Crunch,75.0
2020-07_gen5ou-0.json,Carnivine,Moves,,Swords Dance,67.857
2020-07_gen5ou-0.json,Carnivine,Moves,,Wring Out,64.286
2020-07_gen5ou-0.json,Carnivine,Moves,,Toxic,28.571
2020-07_gen5ou-0.json,Carnivine,Moves,,Stun Spore,21.429
2020-07_gen5ou-0.json,Carnivine,Moves,,Leech Seed,17.857
2020-07_gen5ou-0.json,Carnivine,Moves,,Seed Bomb,10.714
2020-07_gen5ou-0.json,Carnivine,Moves,,Knock Off,10.714
2020-07_gen5ou-0.json,Carnivine,Moves,,Other,17.857
2020-07_gen5ou-0.json,Magikarp,Stats,Raw count,,28
2020-07_gen5ou-0.json,Magikarp,Stats,Avg. weight,,1.0
2020-07_gen5ou-0.json,Magikarp,Stats,Viability Ceiling,,55
2020-07_gen5ou-0.json,Magikarp,Stats,Hardy,,7.143
2020-07_gen5ou-0.json,Magikarp,Stats,Modest,,14.286
2020-07_gen5ou-0.json,Magikarp,Stats,Adamant,,10.714
2020-07_gen5ou-0.json,Magikarp,Stats,Naughty,,7.143
2020-07_gen5ou-0.json,Magikarp,Abilities,,Swift Swim,100.0
2020-07_gen5ou-0.json,Magikarp,Items,,Focus Sash,50.0
2020-07_gen5ou-0.json,Magikarp,Items,,Eviolite,35.714
2020-07_gen5ou-0.json,Magikarp,Items,,Nothing,7.143
2020-07_gen5ou-0.json,Magikarp,Items,,Bright Powder,3.571
2020-07_gen5ou-0.json,Magikarp,Items,,Other,3.571
2020-07_gen5ou-0.json,Magikarp,Spreads,,Other,25.0
2020-07_gen5ou-0.json,Magikarp,Moves,,Flail,82.143
2020-07_gen5ou-0.json,Magikarp,Moves,,Bounce,78.571
2020-07_gen5ou-0.json,Magikarp,Moves,,Nothing,75.0
2020-07_gen5ou-0.json,Magikarp,Moves,,Splash,75.0
2020-07_gen5ou-0.json,Magikarp,Moves,,Tackle,64.286
2020-07_gen5ou-0.json,Magikarp,Moves,,Hydro Pump,25.0
2020-07_gen5ou-0.json,Golbat,Stats,Raw count,,23
2020-07_gen5ou-0.json,Golbat,Stats,Avg. weight,,1.0
2020-07_gen5ou-0.json,Golbat,Stats,Viability Ceiling,,64
2020-07_gen5ou-0.json,Golbat,Stats,Impish,,8.696
2020-07_gen5ou-0.json,Golbat,Stats,Hasty,,21.739
2020-07_gen5ou-0.json,Golbat,Stats,Careful,,8.696
2020-07_gen5ou-0.json,Golbat,Stats,Jolly,,4.348
2020-07_gen5ou-0.json,Golbat,Abilities,,Inner Focus,82.609
2020-07_gen5ou-0.json,Golbat,Abilities,,Infiltrator,17.391
2020-07_gen5ou-0.json,Golbat,Items,,Eviolite,86.957
2020-07_gen5ou-0.json,Golbat,Items,,Nothing,4.348
2020-07_gen5ou-0.json,Golbat,Items,,Leftovers,4.348
2020-07_gen5ou-0.json,Golbat,Items,,Other,4.348
2020-07_gen5ou-0.json,Golbat,Spreads,,Other,26.087
2020-07_gen5ou-0.json,Golbat,Moves,,Defog,60.87
2020-07_gen5ou-0.json,Golbat,Moves,,Roost,60.87
2020-07_gen5ou-0.json,Golbat,Moves,,Brave Bird,56.522
2020-07_gen5ou-0.json,Golbat,Moves,,Toxic,43.478
2020-07_gen5ou-0.json,Golbat,Moves,,Nasty Plot,26.087
2020-07_gen5ou-0.json,Golbat,Moves,,Shadow Ball,21.739
2020-07_gen5ou-0.json,Golbat,Moves,,Super Fang,21.739
2020-07_gen5ou-0.json,Golbat,Moves,,Sludge Bomb,17.391
2020-07_gen5ou-0.json,Golbat,Moves,,U-turn,17.391
2020-07_gen5ou-0.json,Golbat,Moves,,Air Slash,17.391
2020-07_gen5ou-0.json,Golbat,Moves,,Whirlwind,17.391
2020-07_gen5ou-0.json,Golbat,Moves,,Haze,8.696
2020-07_gen5ou-0.json,Golbat,Moves,,Acrobatics,8.696
2020-07_gen5ou-0.json,Golbat,Moves,,Protect,4.348
2020-07_gen5ou-0.json,Golbat,Moves,,Other,17.391
2020-07_gen5ou-0.json,Deerling,Stats,Raw count,,26
2020-07_gen5ou-0.json,Deerling,Stats,Avg. weight,,1.0
2020-07_gen5ou-0.json,Deerling,Stats,Viability Ceiling,,55
2020-07_gen5ou-0.json,Deerling,Stats,Hardy,,15.385
2020-07_gen5ou-0.json,Deerling,Stats,Adamant,,11.538
2020-07_gen5ou-0.json,Deerling,Stats,Jolly,,11.538
2020-07_gen5ou-0.json,Deerling,Stats,Gentle,,3.846
2020-07_gen5ou-0.json,Deerling,Abilities,,Sap Sipper,65.385
2020-07_gen5ou-0.json,Deerling,Abilities,,Chlorophyll,34.615
2020-07_gen5ou-0.json,Deerling,Items,,Nothing,57.692
2020-07_gen5ou-0.json,Deerling,Items,,Grass Gem,15.385
2020-07_gen5ou-0.json,Deerling,Items,,Choice Scarf,11.538
2020-07_gen5ou-0.json,Deerling,Items,,Eviolite,11.538
2020-07_gen5ou-0.json,Deerling,Items,,Other,3.846
2020-07_gen5ou-0.json,Deerling,Spreads,,Other,3.846
2020-07_gen5ou-0.json,Deerling,Moves,,Nature Power,69.231
2020-07_gen5ou-0.json,Deerling,Moves,,Jump Kick,65.385
2020-07_gen5ou-0.json,Deerling,Moves,,Leech Seed,57.692
2020-07_gen5ou-0.json,Deerling,Moves,,Double-Edge,53.846
2020-07_gen5ou-0.json,Deerling,Moves,,Aromatherapy,30.769
2020-07_gen5ou-0.json,Deerling,Moves,,Energy Ball,19.231
2020-07_gen5ou-0.json,Deerling,Moves,,Protect,15.385
2020-07_gen5ou-0.json,Deerling,Moves,,Tackle,15.385
2020-07_gen5ou-0.json,Deerling,Moves,,Seed Bomb,11.538
2020-07_gen5ou-0.json,Deerling,Moves,,Giga Drain,11.538
2020-07_gen5ou-0.json,Deerling,Moves,,Thunder Wave,11.538
2020-07_gen5ou-0.json,Deerling,Moves,,Toxic,11.538
2020-07_gen5ou-0.json,Deerling,Moves,,Substitute,11.538
2020-07_gen5ou-0.json,Deerling,Moves,,Other,15.385
2020-07_gen5ou-0.json,Lillipup,Stats,Raw count,,25
2020-07_gen5ou-0.json,Lillipup,Stats,Avg. weight,,1.0
2020-07_gen5ou-0.json,Lillipup,Stats,Viability Ceiling,,54
2020-07_gen5ou-0.json,Lillipup,Stats,Adamant,,16.000
2020-07_gen5ou-0.json,Lillipup,Stats,Hardy,,12.000
2020-07_gen5ou-0.json,Lillipup,Stats,Jolly,,8.000
2020-07_gen5ou-0.json,Lillipup,Abilities,,Vital Spirit,88.0
2020-07_gen5ou-0.json,Lillipup,Abilities,,Pickup,12.0
2020-07_gen5ou-0.json,Lillipup,Items,,Nothing,48.0
2020-07_gen5ou-0.json,Lillipup,Items,,Choice Band,20.0
2020-07_gen5ou-0.json,Lillipup,Items,,Focus Sash,16.0
2020-07_gen5ou-0.json,Lillipup,Items,,Leftovers,4.0
2020-07_gen5ou-0.json,Lillipup,Items,,Quick Claw,4.0
2020-07_gen5ou-0.json,Lillipup,Items,,Oran Berry,4.0
2020-07_gen5ou-0.json,Lillipup,Items,,Other,4.0
2020-07_gen5ou-0.json,Lillipup,Spreads,,Other,16.0
2020-07_gen5ou-0.json,Lillipup,Moves,,Bite,36.0
2020-07_gen5ou-0.json,Lillipup,Moves,,Protect,36.0
2020-07_gen5ou-0.json,Lillipup,Moves,,Nothing,32.0
2020-07_gen5ou-0.json,Lillipup,Moves,,Crunch,32.0
2020-07_gen5ou-0.json,Lillipup,Moves,,Ice Fang,28.0
2020-07_gen5ou-0.json,Lillipup,Moves,,Fire Fang,28.0
2020-07_gen5ou-0.json,Lillipup,Moves,,Take Down,24.0
2020-07_gen5ou-0.json,Lillipup,Moves,,Work Up,24.0
2020-07_gen5ou-0.json,Lillipup,Moves,,Helping Hand,24.0
2020-07_gen5ou-0.json,Lillipup,Moves,,Uproar,24.0
2020-07_gen5ou-0.json,Lillipup,Moves,,Odor Sleuth,20.0
2020-07_gen5ou-0.json,Lillipup,Moves,,Hyper Voice,16.0
2020-07_gen5ou-0.json,Lillipup,Moves,,Hidden Power Dark,12.0
2020-07_gen5ou-0.json,Lillipup,Moves,,Frustration,12.0
2020-07_gen5ou-0.json,Lillipup,Moves,,Giga Impact,8.0
2020-07_gen5ou-0.json,Lillipup,Moves,,Wild Charge,8.0
2020-07_gen5ou-0.json,Lillipup,Moves,,Rest,4.0
2020-07_gen5ou-0.json,Lillipup,Moves,,Substitute,4.0
2020-07_gen5ou-0.json,Lillipup,Moves,,Sleep Talk,4.0
2020-07_gen5ou-0.json,Lillipup,Moves,,Thunder Wave,4.0
2020-07_gen5ou-0.json,Lillipup,Moves,,Other,20.0
2020-07_gen5ou-0.json,Dodrio,Stats,Raw count,,31
2020-07_gen5ou-0.json,Dodrio,Stats,Avg. weight,,1.0
2020-07_gen5ou-0.json,Dodrio,Stats,Viability Ceiling,,52
2020-07_gen5ou-0.json,Dodrio,Stats,Jolly,,12.903
2020-07_gen5ou-0.json,Dodrio,Stats,Adamant,,6.452
2020-07_gen5ou-0.json,Dodrio,Stats,Naive,,3.226
2020-07_gen5ou-0.json,Dodrio,Abilities,,Early Bird,67.742
2020-07_gen5ou-0.json,Dodrio,Abilities,,Run Away,19.355
2020-07_gen5ou-0.json,Dodrio,Abilities,,Tangled Feet,12.903
2020-07_gen5ou-0.json,Dodrio,Items,,Life Orb,32.258
2020-07_gen5ou-0.json,Dodrio,Items,,Focus Sash,22.581
2020-07_gen5ou-0.json,Dodrio,Items,,Leftovers,12.903
2020-07_gen5ou-0.json,Dodrio,Items,,Wacan Berry,9.677
2020-07_gen5ou-0.json,Dodrio,Items,,Choice Band,9.677
2020-07_gen5ou-0.json,Dodrio,Items,,Nothing,6.452
2020-07_gen5ou-0.json,Dodrio,Items,,Chesto Berry,3.226
2020-07_gen5ou-0.json,Dodrio,Items,,Other,3.226
2020-07_gen5ou-0.json,Dodrio,Spreads,,Other,12.903
2020-07_gen5ou-0.json,Dodrio,Moves,,Brave Bird,77.419
2020-07_gen5ou-0.json,Dodrio,Moves,,Taunt,45.161
2020-07_gen5ou-0.json,Dodrio,Moves,,Rest,32.258
2020-07_gen5ou-0.json,Dodrio,Moves,,Toxic,29.032
2020-07_gen5ou-0.json,Dodrio,Moves,,Quick Attack,29.032
2020-07_gen5ou-0.json,Dodrio,Moves,,Tri Attack,22.581
2020-07_gen5ou-0.json,Dodrio,Moves,,Roost,19.355
2020-07_gen5ou-0.json,Dodrio,Moves,,Endeavor,16.129
2020-07_gen5ou-0.json,Dodrio,Moves,,Pursuit,16.129
2020-07_gen5ou-0.json,Dodrio,Moves,,Drill Peck,12.903
2020-07_gen5ou-0.json,Dodrio,Moves,,Haze,12.903
2020-07_gen5ou-0.json,Dodrio,Moves,,Return,12.903
2020-07_gen5ou-0.json,Dodrio,Moves,,Acupressure,9.677
2020-07_gen5ou-0.json,Dodrio,Moves,,Thrash,9.677
2020-07_gen5ou-0.json,Dodrio,Moves,,Facade,6.452
2020-07_gen5ou-0.json,Dodrio,Moves,,Baton Pass,6.452
2020-07_gen5ou-0.json,Dodrio,Moves,,Agility,6.452
2020-07_gen5ou-0.json,Dodrio,Moves,,Body Slam,6.452
2020-07_gen5ou-0.json,Dodrio,Moves,,Double-Edge,6.452
2020-07_gen5ou-0.json,Dodrio,Moves,,Thief,3.226
2020-07_gen5ou-0.json,Dodrio,Moves,,Other,19.355
2020-07_gen5ou-0.json,Vespiquen,Stats,Raw count,,25
2020-07_gen5ou-0.json,Vespiquen,Stats,Avg. weight,,1.0
2020-07_gen5ou-0.json,Vespiquen,Stats,Viability Ceiling,,47
2020-07_gen5ou-0.json,Vespiquen,Stats,Modest,,28.000
2020-07_gen5ou-0.json,Vespiquen,Stats,Impish,,12.000
2020-07_gen5ou-0.json,Vespiquen,Stats,Careful,,16.000
2020-07_gen5ou-0.json,Vespiquen,Stats,Sassy,,12.000
2020-07_gen5ou-0.json,Vespiquen,Stats,Hardy,,8.000
2020-07_gen5ou-0.json,Vespiquen,Abilities,,Pressure,52.0
2020-07_gen5ou-0.json,Vespiquen,Abilities,,Unnerve,48.0
2020-07_gen5ou-0.json,Vespiquen,Items,,Leftovers,92.0
2020-07_gen5ou-0.json,Vespiquen,Items,,Focus Sash,4.0
2020-07_gen5ou-0.json,Vespiquen,Items,,Other,4.0
2020-07_gen5ou-0.json,Vespiquen,Spreads,,Other,4.0
2020-07_gen5ou-0.json,Vespiquen,Moves,,Attack Order,72.0
2020-07_gen5ou-0.json,Vespiquen,Moves,,Defend Order,64.0
2020-07_gen5ou-0.json,Vespiquen,Moves,,Toxic,60.0
2020-07_gen5ou-0.json,Vespiquen,Moves,,Roost,44.0
2020-07_gen5ou-0.json,Vespiquen,Moves,,Substitute,40.0
2020-07_gen5ou-0.json,Vespiquen,Moves,,Heal Order,28.0
2020-07_gen5ou-0.json,Vespiquen,Moves,,Bug Buzz,28.0
2020-07_gen5ou-0.json,Vespiquen,Moves,,Protect,20.0
2020-07_gen5ou-0.json,Vespiquen,Moves,,Power Gem,12.0
2020-07_gen5ou-0.json,Vespiquen,Moves,,Aerial Ace,12.0
2020-07_gen5ou-0.json,Vespiquen,Moves,,Other,20.0
2020-07_gen5ou-0.json,Solrock,Stats,Raw count,,22
2020-07_gen5ou-0.json,Solrock,Stats,Avg. weight,,1.0
2020-07_gen5ou-0.json,Solrock,Stats,Viability Ceiling,,53
2020-07_gen5ou-0.json,Solrock,Stats,Calm,,27.273
2020-07_gen5ou-0.json,Solrock,Stats,Serious,,18.182
2020-07_gen5ou-0.json,Solrock,Stats,Impish,,9.091
2020-07_gen5ou-0.json,Solrock,Stats,Sassy,,9.091
2020-07_gen5ou-0.json,Solrock,Stats,Relaxed,,9.091
2020-07_gen5ou-0.json,Solrock,Abilities,,Levitate,100.0
2020-07_gen5ou-0.json,Solrock,Items,,Light Clay,31.818
2020-07_gen5ou-0.json,Solrock,Items,,Leftovers,27.273
2020-07_gen5ou-0.json,Solrock,Items,,Red Card,18.182
2020-07_gen5ou-0.json,Solrock,Items,,Focus Sash,13.636
2020-07_gen5ou-0.json,Solrock,Items,,Rocky Helmet,9.091
2020-07_gen5ou-0.json,Solrock,Spreads,,Other,9.091
2020-07_gen5ou-0.json,Solrock,Moves,,Cosmic Power,72.727
2020-07_gen5ou-0.json,Solrock,Moves,,Stealth Rock,40.909
2020-07_gen5ou-0.json,Solrock,Moves,,Trick Room,36.364
2020-07_gen5ou-0.json,Solrock,Moves,,Baton Pass,36.364
2020-07_gen5ou-0.json,Solrock,Moves,,Explosion,36.364
2020-07_gen5ou-0.json,Solrock,Moves,,Reflect,31.818
2020-07_gen5ou-0.json,Solrock,Moves,,Light Screen,31.818
2020-07_gen5ou-0.json,Solrock,Moves,,Toxic,27.273
2020-07_gen5ou-0.json,Solrock,Moves,,Will-O-Wisp,27.273
2020-07_gen5ou-0.json,Solrock,Moves,,Zen Headbutt,22.727
2020-07_gen5ou-0.json,Solrock,Moves,,Nothing,9.091
2020-07_gen5ou-0.json,Solrock,Moves,,Fire Spin,9.091
2020-07_gen5ou-0.json,Solrock,Moves,,Other,18.182
2020-07_gen5ou-0.json,Vigoroth,Stats,Raw count,,23
2020-07_gen5ou-0.json,Vigoroth,Stats,Avg. weight,,1.0
2020-07_gen5ou-0.json,Vigoroth,Stats,Viability Ceiling,,63
2020-07_gen5ou-0.json,Vigoroth,Stats,Adamant,,30.435
2020-07_gen5ou-0.json,Vigoroth,Stats,Hardy,,21.739
2020-07_gen5ou-0.json,Vigoroth,Stats,Careful,,8.696
2020-07_gen5ou-0.json,Vigoroth,Abilities,,Vital Spirit,100.0
2020-07_gen5ou-0.json,Vigoroth,Items,,Eviolite,73.913
2020-07_gen5ou-0.json,Vigoroth,Items,,Nothing,21.739
2020-07_gen5ou-0.json,Vigoroth,Items,,Other,4.348
2020-07_gen5ou-0.json,Vigoroth,Spreads,,Other,4.348
2020-07_gen5ou-0.json,Vigoroth,Moves,,Slack Off,78.261
2020-07_gen5ou-0.json,Vigoroth,Moves,,Earthquake,65.217
2020-07_gen5ou-0.json,Vigoroth,Moves,,Return,47.826
2020-07_gen5ou-0.json,Vigoroth,Moves,,Bulk Up,39.13
2020-07_gen5ou-0.json,Vigoroth,Moves,,Chip Away,34.783
2020-07_gen5ou-0.json,Vigoroth,Moves,,Low Sweep,30.435
2020-07_gen5ou-0.json,Vigoroth,Moves,,Facade,26.087
2020-07_gen5ou-0.json,Vigoroth,Moves,,Covet,21.739
2020-07_gen5ou-0.json,Vigoroth,Moves,,Double-Edge,21.739
2020-07_gen5ou-0.json,Vigoroth,Moves,,Taunt,13.043
2020-07_gen5ou-0.json,Vigoroth,Moves,,Brick Break,13.043
2020-07_gen5ou-0.json,Vigoroth,Moves,,Other,8.696
2020-07_gen5ou-0.json,Masquerain,Stats,Raw count,,24
2020-07_gen5ou-0.json,Masquerain,Stats,Avg. weight,,1.0
2020-07_gen5ou-0.json,Masquerain,Stats,Viability Ceiling,,62
2020-07_gen5ou-0.json,Masquerain,Stats,Timid,,20.833
2020-07_gen5ou-0.json,Masquerain,Stats,Hasty,,20.833
2020-07_gen5ou-0.json,Masquerain,Stats,Modest,,4.167
2020-07_gen5ou-0.json,Masquerain,Abilities,,Intimidate,100.0
2020-07_gen5ou-0.json,Masquerain,Items,,Expert Belt,25.0
2020-07_gen5ou-0.json,Masquerain,Items,,Focus Sash,20.833
2020-07_gen5ou-0.json,Masquerain,Items,,Damp Rock,12.5
2020-07_gen5ou-0.json,Masquerain,Items,,Wide Lens,8.333
2020-07_gen5ou-0.json,Masquerain,Items,,Leftovers,8.333
2020-07_gen5ou-0.json,Masquerain,Items,,Life Orb,8.333
2020-07_gen5ou-0.json,Masquerain,Items,,Charti Berry,8.333
2020-07_gen5ou-0.json,Masquerain,Items,,Flying Gem,4.167
2020-07_gen5ou-0.json,Masquerain,Items,,Other,4.167
2020-07_gen5ou-0.json,Masquerain,Spreads,,Other,4.167
2020-07_gen5ou-0.json,Masquerain,Moves,,Quiver Dance,50.0
2020-07_gen5ou-0.json,Masquerain,Moves,,Hydro Pump,50.0
2020-07_gen5ou-0.json,Masquerain,Moves,,Ice Beam,41.667
2020-07_gen5ou-0.json,Masquerain,Moves,,Bug Buzz,33.333
2020-07_gen5ou-0.json,Masquerain,Moves,,Air Slash,29.167
2020-07_gen5ou-0.json,Masquerain,Moves,,Stun Spore,29.167
2020-07_gen5ou-0.json,Masquerain,Moves,,Struggle Bug,29.167
2020-07_gen5ou-0.json,Masquerain,Moves,,Icy Wind,20.833
2020-07_gen5ou-0.json,Masquerain,Moves,,U-turn,20.833
2020-07_gen5ou-0.json,Masquerain,Moves,,Hidden Power Fighting,20.833
2020-07_gen5ou-0.json,Masquerain,Moves,,Scald,12.5
2020-07_gen5ou-0.json,Masquerain,Moves,,Rain Dance,12.5
2020-07_gen5ou-0.json,Masquerain,Moves,,Blizzard,8.333
2020-07_gen5ou-0.json,Masquerain,Moves,,Giga Drain,8.333
2020-07_gen5ou-0.json,Masquerain,Moves,,Hidden Power Fire,8.333
2020-07_gen5ou-0.json,Masquerain,Moves,,Signal Beam,4.167
2020-07_gen5ou-0.json,Masquerain,Moves,,Energy Ball,4.167
2020-07_gen5ou-0.json,Masquerain,Moves,,Other,16.667
2020-07_gen5ou-0.json,Beautifly,Stats,Raw count,,23
2020-07_gen5ou-0.json,Beautifly,Stats,Avg. weight,,1.0
2020-07_gen5ou-0.json,Beautifly,Stats,Viability Ceiling,,55
2020-07_gen5ou-0.json,Beautifly,Stats,Hardy,,17.391
2020-07_gen5ou-0.json,Beautifly,Stats,Modest,,26.087
2020-07_gen5ou-0.json,Beautifly,Stats,Calm,,8.696
2020-07_gen5ou-0.json,Beautifly,Stats,Timid,,4.348
2020-07_gen5ou-0.json,Beautifly,Abilities,,Rivalry,69.565
2020-07_gen5ou-0.json,Beautifly,Abilities,,Swarm,30.435
2020-07_gen5ou-0.json,Beautifly,Items,,Grass Gem,39.13
2020-07_gen5ou-0.json,Beautifly,Items,,Focus Sash,30.435
2020-07_gen5ou-0.json,Beautifly,Items,,Bright Powder,17.391
2020-07_gen5ou-0.json,Beautifly,Items,,Choice Scarf,4.348
2020-07_gen5ou-0.json,Beautifly,Items,,Sitrus Berry,4.348
2020-07_gen5ou-0.json,Beautifly,Items,,Other,4.348
2020-07_gen5ou-0.json,Beautifly,Spreads,,Other,4.348
2020-07_gen5ou-0.json,Beautifly,Moves,,Quiver Dance,100.0
2020-07_gen5ou-0.json,Beautifly,Moves,,Giga Drain,86.957
2020-07_gen5ou-0.json,Beautifly,Moves,,Attract,65.217
2020-07_gen5ou-0.json,Beautifly,Moves,,Hidden Power Flying,39.13
2020-07_gen5ou-0.json,Beautifly,Moves,,Psychic,34.783
2020-07_gen5ou-0.json,Beautifly,Moves,,Bug Buzz,26.087
2020-07_gen5ou-0.json,Beautifly,Moves,,Hidden Power Electric,8.696
2020-07_gen5ou-0.json,Beautifly,Moves,,Signal Beam,8.696
2020-07_gen5ou-0.json,Beautifly,Moves,,Air Cutter,8.696
2020-07_gen5ou-0.json,Beautifly,Moves,,Hyper Beam,8.696
2020-07_gen5ou-0.json,Beautifly,Moves,,Other,13.043
2020-07_gen5ou-0.json,Meowth,Stats,Raw count,,22
2020-07_gen5ou-0.json,Meowth,Stats,Avg. weight,,1.0
2020-07_gen5ou-0.json,Meowth,Stats,Viability Ceiling,,44
2020-07_gen5ou-0.json,Meowth,Stats,Adamant,,50.000
2020-07_gen5ou-0.json,Meowth,Stats,Hardy,,31.818
2020-07_gen5ou-0.json,Meowth,Stats,Jolly,,13.636
2020-07_gen5ou-0.json,Meowth,Abilities,,Technician,68.182
2020-07_gen5ou-0.json,Meowth,Abilities,,Pickup,31.818
2020-07_gen5ou-0.json,Meowth,Items,,Life Orb,50.0
2020-07_gen5ou-0.json,Meowth,Items,,Choice Band,31.818
2020-07_gen5ou-0.json,Meowth,Items,,Eviolite,13.636
2020-07_gen5ou-0.json,Meowth,Items,,Other,4.545
2020-07_gen5ou-0.json,Meowth,Spreads,,Other,4.545
2020-07_gen5ou-0.json,Meowth,Moves,,Fake Out,95.455
2020-07_gen5ou-0.json,Meowth,Moves,,U-turn,50.0
2020-07_gen5ou-0.json,Meowth,Moves,,Knock Off,50.0
2020-07_gen5ou-0.json,Meowth,Moves,,Toxic,50.0
2020-07_gen5ou-0.json,Meowth,Moves,,Dark Pulse,31.818
2020-07_gen5ou-0.json,Meowth,Moves,,Shadow Claw,31.818
2020-07_gen5ou-0.json,Meowth,Moves,,Shadow Ball,31.818
2020-07_gen5ou-0.json,Meowth,Moves,,Aerial Ace,18.182
2020-07_gen5ou-0.json,Meowth,Moves,,Hone Claws,13.636
2020-07_gen5ou-0.json,Meowth,Moves,,Feint,13.636
2020-07_gen5ou-0.json,Meowth,Moves,,Other,13.636
2020-07_gen5ou-0.json,Quilava,Stats,Raw count,,24
2020-07_gen5ou-0.json,Quilava,Stats,Avg. weight,,1.0
2020-07_gen5ou-0.json,Quilava,Stats,Viability Ceiling,,50
2020-07_gen5ou-0.json,Quilava,Stats,Hasty,,58.333
2020-07_gen5ou-0.json,Quilava,Stats,Hardy,,8.333
2020-07_gen5ou-0.json,Quilava,Abilities,,Blaze,100.0
2020-07_gen5ou-0.json,Quilava,Items,,Charcoal,41.667
2020-07_gen5ou-0.json,Quilava,Items,,Lum Berry,29.167
2020-07_gen5ou-0.json,Quilava,Items,,Leftovers,20.833
2020-07_gen5ou-0.json,Quilava,Items,,Nothing,8.333
2020-07_gen5ou-0.json,Quilava,Moves,,Brick Break,58.333
2020-07_gen5ou-0.json,Quilava,Moves,,Flamethrower,50.0
2020-07_gen5ou-0.json,Quilava,Moves,,Lava Plume,41.667
2020-07_gen5ou-0.json,Quilava,Moves,,Eruption,37.5
2020-07_gen5ou-0.json,Quilava,Moves,,Body Slam,29.167
2020-07_gen5ou-0.json,Quilava,Moves,,Fire Blast,29.167
2020-07_gen5ou-0.json,Quilava,Moves,,Inferno,29.167
2020-07_gen5ou-0.json,Quilava,Moves,,Hidden Power Dragon,20.833
2020-07_gen5ou-0.json,Quilava,Moves,,Dig,20.833
2020-07_gen5ou-0.json,Quilava,Moves,,Quick Attack,20.833
2020-07_gen5ou-0.json,Quilava,Moves,,Fury Swipes,20.833
2020-07_gen5ou-0.json,Quilava,Moves,,Focus Punch,12.5
2020-07_gen5ou-0.json,Quilava,Moves,,Wild Charge,12.5
2020-07_gen5ou-0.json,Quilava,Moves,,Other,16.667
2020-07_gen5ou-0.json,Chimecho,Stats,Raw count,,26
2020-07_gen5ou-0.json,Chimecho,Stats,Avg. weight,,1.0
2020-07_gen5ou-0.json,Chimecho,Stats,Viability Ceiling,,67
2020-07_gen5ou-0.json,Chimecho,Stats,Bold,,50.000
2020-07_gen5ou-0.json,Chimecho,Stats,Timid,,50.000
2020-07_gen5ou-0.json,Chimecho,Abilities,,Levitate,100.0
2020-07_gen5ou-0.json,Chimecho,Items,,Leftovers,50.0
2020-07_gen5ou-0.json,Chimecho,Items,,Bright Powder,50.0
2020-07_gen5ou-0.json,Chimecho,Moves,,Calm Mind,100.0
2020-07_gen5ou-0.json,Chimecho,Moves,,Psychic,50.0
2020-07_gen5ou-0.json,Chimecho,Moves,,Charge Beam,50.0
2020-07_gen5ou-0.json,Chimecho,Moves,,Wish,50.0
2020-07_gen5ou-0.json,Chimecho,Moves,,Toxic,50.0
2020-07_gen5ou-0.json,Chimecho,Moves,,Stored Power,50.0
2020-07_gen5ou-0.json,Chimecho,Moves,,Attract,50.0
2020-07_gen5ou-0.json,Tranquill,Stats,Raw count,,26
2020-07_gen5ou-0.json,Tranquill,Stats,Avg. weight,,1.0
2020-07_gen5ou-0.json,Tranquill,Stats,Viability Ceiling,,45
2020-07_gen5ou-0.json,Tranquill,Stats,Hardy,,53.846
2020-07_gen5ou-0.json,Tranquill,Stats,Adamant,,26.923
2020-07_gen5ou-0.json,Tranquill,Stats,Bold,,7.692
2020-07_gen5ou-0.json,Tranquill,Stats,Modest,,3.846
2020-07_gen5ou-0.json,Tranquill,Stats,Naughty,,3.846
2020-07_gen5ou-0.json,Tranquill,Abilities,,Super Luck,69.231
2020-07_gen5ou-0.json,Tranquill,Abilities,,Big Pecks,30.769
2020-07_gen5ou-0.json,Tranquill,Items,,Poison Gem,53.846
2020-07_gen5ou-0.json,Tranquill,Items,,Focus Sash,26.923
2020-07_gen5ou-0.json,Tranquill,Items,,Nothing,7.692
2020-07_gen5ou-0.json,Tranquill,Items,,Aguav Berry,7.692
2020-07_gen5ou-0.json,Tranquill,Items,,Other,3.846
2020-07_gen5ou-0.json,Tranquill,Spreads,,Other,3.846
2020-07_gen5ou-0.json,Tranquill,Moves,,Aerial Ace,65.385
2020-07_gen5ou-0.json,Tranquill,Moves,,Fly,57.692
2020-07_gen5ou-0.json,Tranquill,Moves,,Tailwind,53.846
2020-07_gen5ou-0.json,Tranquill,Moves,,Razor Wind,53.846
2020-07_gen5ou-0.json,Tranquill,Moves,,Quick Attack,38.462
2020-07_gen5ou-0.json,Tranquill,Moves,,Protect,30.769
2020-07_gen5ou-0.json,Tranquill,Moves,,Air Cutter,30.769
2020-07_gen5ou-0.json,Tranquill,Moves,,Morning Sun,26.923
2020-07_gen5ou-0.json,Tranquill,Moves,,Gust,7.692
2020-07_gen5ou-0.json,Tranquill,Moves,,Sky Attack,7.692
2020-07_gen5ou-0.json,Tranquill,Moves,,Air Slash,7.692
2020-07_gen5ou-0.json,Tranquill,Moves,,Other,19.231
2020-07_gen5ou-0.json,Pachirisu,Stats,Raw count,,21
2020-07_gen5ou-0.json,Pachirisu,Stats,Avg. weight,,1.0
2020-07_gen5ou-0.json,Pachirisu,Stats,Viability Ceiling,,55
2020-07_gen5ou-0.json,Pachirisu,Stats,Bold,,23.810
2020-07_gen5ou-0.json,Pachirisu,Stats,Hardy,,19.048
2020-07_gen5ou-0.json,Pachirisu,Stats,Timid,,9.524
2020-07_gen5ou-0.json,Pachirisu,Stats,Hasty,,9.524
2020-07_gen5ou-0.json,Pachirisu,Abilities,,Volt Absorb,66.667
2020-07_gen5ou-0.json,Pachirisu,Abilities,,Run Away,23.81
2020-07_gen5ou-0.json,Pachirisu,Abilities,,Pickup,9.524
2020-07_gen5ou-0.json,Pachirisu,Items,,Focus Sash,38.095
2020-07_gen5ou-0.json,Pachirisu,Items,,Leftovers,28.571
2020-07_gen5ou-0.json,Pachirisu,Items,,Zap Plate,14.286
2020-07_gen5ou-0.json,Pachirisu,Items,,Sitrus Berry,9.524
2020-07_gen5ou-0.json,Pachirisu,Items,,Wide Lens,4.762
2020-07_gen5ou-0.json,Pachirisu,Items,,Other,4.762
2020-07_gen5ou-0.json,Pachirisu,Spreads,,Other,4.762
2020-07_gen5ou-0.json,Pachirisu,Moves,,Volt Switch,42.857
2020-07_gen5ou-0.json,Pachirisu,Moves,,Thunderbolt,38.095
2020-07_gen5ou-0.json,Pachirisu,Moves,,Toxic,38.095
2020-07_gen5ou-0.json,Pachirisu,Moves,,Super Fang,38.095
2020-07_gen5ou-0.json,Pachirisu,Moves,,Quick Attack,28.571
2020-07_gen5ou-0.json,Pachirisu,Moves,,U-turn,23.81
2020-07_gen5ou-0.json,Pachirisu,Moves,,Discharge,23.81
2020-07_gen5ou-0.json,Pachirisu,Moves,,Iron Tail,19.048
2020-07_gen5ou-0.json,Pachirisu,Moves,,Thunder Wave,19.048
2020-07_gen5ou-0.json,Pachirisu,Moves,,Thunder Punch,19.048
2020-07_gen5ou-0.json,Pachirisu,Moves,,Attract,19.048
2020-07_gen5ou-0.json,Pachirisu,Moves,,Fling,14.286
2020-07_gen5ou-0.json,Pachirisu,Moves,,Covet,14.286
2020-07_gen5ou-0.json,Pachirisu,Moves,,Uproar,14.286
2020-07_gen5ou-0.json,Pachirisu,Moves,,Charge Beam,14.286
2020-07_gen5ou-0.json,Pachirisu,Moves,,Seed Bomb,9.524
2020-07_gen5ou-0.json,Pachirisu,Moves,,Hidden Power Ice,9.524
2020-07_gen5ou-0.json,Pachirisu,Moves,,Other,14.286
2020-07_gen5ou-0.json,Dustox,Stats,Raw count,,20
2020-07_gen5ou-0.json,Dustox,Stats,Avg. weight,,1.0
2020-07_gen5ou-0.json,Dustox,Stats,Viability Ceiling,,45
2020-07_gen5ou-0.json,Dustox,Stats,Calm,,55.000
2020-07_gen5ou-0.json,Dustox,Stats,Hardy,,25.000
2020-07_gen5ou-0.json,Dustox,Stats,Timid,,5.000
2020-07_gen5ou-0.json,Dustox,Stats,Modest,,5.000
2020-07_gen5ou-0.json,Dustox,Abilities,,Shield Dust,95.0
2020-07_gen5ou-0.json,Dustox,Abilities,,Compound Eyes,5.0
2020-07_gen5ou-0.json,Dustox,Items,,Life Orb,55.0
2020-07_gen5ou-0.json,Dustox,Items,,Leftovers,30.0
2020-07_gen5ou-0.json,Dustox,Items,,Black Sludge,5.0
2020-07_gen5ou-0.json,Dustox,Items,,Focus Sash,5.0
2020-07_gen5ou-0.json,Dustox,Items,,Other,5.0
2020-07_gen5ou-0.json,Dustox,Spreads,,Other,5.0
2020-07_gen5ou-0.json,Dustox,Moves,,Quiver Dance,90.0
2020-07_gen5ou-0.json,Dustox,Moves,,Bug Buzz,65.0
2020-07_gen5ou-0.json,Dustox,Moves,,Toxic,60.0
2020-07_gen5ou-0.json,Dustox,Moves,,Energy Ball,60.0
2020-07_gen5ou-0.json,Dustox,Moves,,Shadow Ball,30.0
2020-07_gen5ou-0.json,Dustox,Moves,,Iron Defense,25.0
2020-07_gen5ou-0.json,Dustox,Moves,,Sludge Bomb,20.0
2020-07_gen5ou-0.json,Dustox,Moves,,Hidden Power Ice,15.0
2020-07_gen5ou-0.json,Dustox,Moves,,U-turn,10.0
2020-07_gen5ou-0.json,Dustox,Moves,,Giga Drain,10.0
2020-07_gen5ou-0.json,Dustox,Moves,,Other,15.0
2020-07_gen5ou-0.json,Lumineon,Stats,Raw count,,24
2020-07_gen5ou-0.json,Lumineon,Stats,Avg. weight,,1.0
2020-07_gen5ou-0.json,Lumineon,Stats,Viability Ceiling,,69
2020-07_gen5ou-0.json,Lumineon,Stats,Timid,,12.500
2020-07_gen5ou-0.json,Lumineon,Stats,Bold,,29.167
2020-07_gen5ou-0.json,Lumineon,Stats,Adamant,,4.167
2020-07_gen5ou-0.json,Lumineon,Abilities,,Storm Drain,91.667
2020-07_gen5ou-0.json,Lumineon,Abilities,,Swift Swim,8.333
2020-07_gen5ou-0.json,Lumineon,Items,,Focus Sash,50.0
2020-07_gen5ou-0.json,Lumineon,Items,,Leftovers,29.167
2020-07_gen5ou-0.json,Lumineon,Items,,Choice Scarf,16.667
2020-07_gen5ou-0.json,Lumineon,Items,,Other,4.167
2020-07_gen5ou-0.json,Lumineon,Spreads,,Other,4.167
2020-07_gen5ou-0.json,Lumineon,Moves,,Scald,100.0
2020-07_gen5ou-0.json,Lumineon,Moves,,Hidden Power Grass,62.5
2020-07_gen5ou-0.json,Lumineon,Moves,,Tailwind,50.0
2020-07_gen5ou-0.json,Lumineon,Moves,,U-turn,45.833
2020-07_gen5ou-0.json,Lumineon,Moves,,Ice Beam,45.833
2020-07_gen5ou-0.json,Lumineon,Moves,,Defog,29.167
2020-07_gen5ou-0.json,Lumineon,Moves,,Toxic,29.167
2020-07_gen5ou-0.json,Lumineon,Moves,,Substitute,16.667
2020-07_gen5ou-0.json,Lumineon,Moves,,Icy Wind,4.167
2020-07_gen5ou-0.json,Lumineon,Moves,,Other,16.667
2020-07_gen5ou-0.json,Mothim,Stats,Raw count,,22
2020-07_gen5ou-0.json,Mothim,Stats,Avg. weight,,1.0
2020-07_gen5ou-0.json,Mothim,Stats,Viability Ceiling,,57
2020-07_gen5ou-0.json,Mothim,Stats,Modest,,54.545
2020-07_gen5ou-0.json,Mothim,Stats,Timid,,9.091
2020-07_gen5ou-0.json,Mothim,Stats,Bold,,13.636
2020-07_gen5ou-0.json,Mothim,Abilities,,Tinted Lens,90.909
2020-07_gen5ou-0.json,Mothim,Abilities,,Swarm,9.091
2020-07_gen5ou-0.json,Mothim,Items,,Focus Sash,63.636
2020-07_gen5ou-0.json,Mothim,Items,,Leftovers,36.364
2020-07_gen5ou-0.json,Mothim,Moves,,Air Slash,100.0
2020-07_gen5ou-0.json,Mothim,Moves,,Quiver Dance,100.0
2020-07_gen5ou-0.json,Mothim,Moves,,Bug Buzz,100.0
2020-07_gen5ou-0.json,Mothim,Moves,,Energy Ball,54.545
2020-07_gen5ou-0.json,Mothim,Moves,,Substitute,22.727
2020-07_gen5ou-0.json,Mothim,Moves,,Roost,13.636
2020-07_gen5ou-0.json,Mothim,Moves,,Other,9.091
2020-07_gen5ou-0.json,Magmar,Stats,Raw count,,23
2020-07_gen5ou-0.json,Magmar,Stats,Avg. weight,,1.0
2020-07_gen5ou-0.json,Magmar,Stats,Viability Ceiling,,54
2020-07_gen5ou-0.json,Magmar,Stats,Modest,,78.261
2020-07_gen5ou-0.json,Magmar,Stats,Hardy,,8.696
2020-07_gen5ou-0.json,Magmar,Stats,Jolly,,4.348
2020-07_gen5ou-0.json,Magmar,Stats,Bold,,4.348
2020-07_gen5ou-0.json,Magmar,Abilities,,Vital Spirit,86.957
2020-07_gen5ou-0.json,Magmar,Abilities,,Flame Body,13.043
2020-07_gen5ou-0.json,Magmar,Items,,Eviolite,86.957
2020-07_gen5ou-0.json,Magmar,Items,,Charcoal,13.043
2020-07_gen5ou-0.json,Magmar,Spreads,,Other,4.348
2020-07_gen5ou-0.json,Magmar,Moves,,Will-O-Wisp,86.957
2020-07_gen5ou-0.json,Magmar,Moves,,Focus Blast,82.609
2020-07_gen5ou-0.json,Magmar,Moves,,Flamethrower,82.609
2020-07_gen5ou-0.json,Magmar,Moves,,Hidden Power Grass,65.217
2020-07_gen5ou-0.json,Magmar,Moves,,Hidden Power Dark,17.391
2020-07_gen5ou-0.json,Magmar,Moves,,Fire Blast,8.696
2020-07_gen5ou-0.json,Magmar,Moves,,Heat Wave,8.696
2020-07_gen5ou-0.json,Magmar,Moves,,Flare Blitz,8.696
2020-07_gen5ou-0.json,Magmar,Moves,,Fire Punch,8.696
2020-07_gen5ou-0.json,Magmar,Moves,,Focus Punch,4.348
2020-07_gen5ou-0.json,Magmar,Moves,,Iron Tail,4.348
2020-07_gen5ou-0.json,Magmar,Moves,,Low Kick,4.348
2020-07_gen5ou-0.json,Magmar,Moves,,Other,17.391
2020-07_gen5ou-0.json,Cyndaquil,Stats,Raw count,,21
2020-07_gen5ou-0.json,Cyndaquil,Stats,Avg. weight,,1.0
2020-07_gen5ou-0.json,Cyndaquil,Stats,Viability Ceiling,,43
2020-07_gen5ou-0.json,Cyndaquil,Stats,Mild,,33.333
2020-07_gen5ou-0.json,Cyndaquil,Stats,Hardy,,19.048
2020-07_gen5ou-0.json,Cyndaquil,Stats,Modest,,23.810
2020-07_gen5ou-0.json,Cyndaquil,Abilities,,Blaze,100.0
2020-07_gen5ou-0.json,Cyndaquil,Items,,Leftovers,52.381
2020-07_gen5ou-0.json,Cyndaquil,Items,,Focus Sash,23.81
2020-07_gen5ou-0.json,Cyndaquil,Items,,Charcoal,19.048
2020-07_gen5ou-0.json,Cyndaquil,Items,,Other,4.762
2020-07_gen5ou-0.json,Cyndaquil,Moves,,Extrasensory,57.143
2020-07_gen5ou-0.json,Cyndaquil,Moves,,Flamethrower,47.619
2020-07_gen5ou-0.json,Cyndaquil,Moves,,Swift,42.857
2020-07_gen5ou-0.json,Cyndaquil,Moves,,Quick Attack,42.857
2020-07_gen5ou-0.json,Cyndaquil,Moves,,Protect,33.333
2020-07_gen5ou-0.json,Cyndaquil,Moves,,Heat Wave,33.333
2020-07_gen5ou-0.json,Cyndaquil,Moves,,Facade,33.333
2020-07_gen5ou-0.json,Cyndaquil,Moves,,Dig,23.81
2020-07_gen5ou-0.json,Cyndaquil,Moves,,Eruption,23.81
2020-07_gen5ou-0.json,Cyndaquil,Moves,,Toxic,23.81
2020-07_gen5ou-0.json,Cyndaquil,Moves,,Lava Plume,19.048
2020-07_gen5ou-0.json,Cyndaquil,Moves,,Other,19.048
2020-07_gen5ou-0.json,Ariados,Stats,Raw count,,19
2020-07_gen5ou-0.json,Ariados,Stats,Avg. weight,,1.0
2020-07_gen5ou-0.json,Ariados,Stats,Viability Ceiling,,45
2020-07_gen5ou-0.json,Ariados,Stats,Hardy,,42.105
2020-07_gen5ou-0.json,Ariados,Stats,Timid,,15.789
2020-07_gen5ou-0.json,Ariados,Stats,Adamant,,5.263
2020-07_gen5ou-0.json,Ariados,Stats,Brave,,5.263
2020-07_gen5ou-0.json,Ariados,Abilities,,Swarm,63.158
2020-07_gen5ou-0.json,Ariados,Abilities,,Sniper,26.316
2020-07_gen5ou-0.json,Ariados,Abilities,,Insomnia,10.526
2020-07_gen5ou-0.json,Ariados,Items,,Leftovers,42.105
2020-07_gen5ou-0.json,Ariados,Items,,Scope Lens,26.316
2020-07_gen5ou-0.json,Ariados,Items,,Black Sludge,15.789
2020-07_gen5ou-0.json,Ariados,Items,,Payapa Berry,10.526
2020-07_gen5ou-0.json,Ariados,Items,,Focus Sash,5.263
2020-07_gen5ou-0.json,Ariados,Spreads,,Other,10.526
2020-07_gen5ou-0.json,Ariados,Moves,,Bug Bite,73.684
2020-07_gen5ou-0.json,Ariados,Moves,,Foul Play,42.105
2020-07_gen5ou-0.json,Ariados,Moves,,Giga Drain,42.105
2020-07_gen5ou-0.json,Ariados,Moves,,Bounce,42.105
2020-07_gen5ou-0.json,Ariados,Moves,,Cross Poison,42.105
2020-07_gen5ou-0.json,Ariados,Moves,,Agility,31.579
2020-07_gen5ou-0.json,Ariados,Moves,,Night Slash,26.316
2020-07_gen5ou-0.json,Ariados,Moves,,Poison Jab,26.316
2020-07_gen5ou-0.json,Ariados,Moves,,X-Scissor,15.789
2020-07_gen5ou-0.json,Ariados,Moves,,Electroweb,10.526
2020-07_gen5ou-0.json,Ariados,Moves,,Sucker Punch,10.526
2020-07_gen5ou-0.json,Ariados,Moves,,Struggle Bug,10.526
2020-07_gen5ou-0.json,Ariados,Moves,,Giga Impact,10.526
2020-07_gen5ou-0.json,Ariados,Moves,,Other,15.789
2020-07_gen5ou-0.json,Heatmor,Stats,Raw count,,22
2020-07_gen5ou-0.json,Heatmor,Stats,Avg. weight,,1.0
2020-07_gen5ou-0.json,Heatmor,Stats,Viability Ceiling,,56
2020-07_gen5ou-0.json,Heatmor,Stats,Hardy,,4.545
2020-07_gen5ou-0.json,Heatmor,Stats,Brave,,18.182
2020-07_gen5ou-0.json,Heatmor,Stats,Timid,,9.091
2020-07_gen5ou-0.json,Heatmor,Stats,Naughty,,4.545
2020-07_gen5ou-0.json,Heatmor,Abilities,,Gluttony,45.455
2020-07_gen5ou-0.json,Heatmor,Abilities,,White Smoke,31.818
2020-07_gen5ou-0.json,Heatmor,Abilities,,Flash Fire,22.727
2020-07_gen5ou-0.json,Heatmor,Items,,Absorb Bulb,31.818
2020-07_gen5ou-0.json,Heatmor,Items,,Focus Sash,18.182
2020-07_gen5ou-0.json,Heatmor,Items,,Sitrus Berry,13.636
2020-07_gen5ou-0.json,Heatmor,Items,,Leftovers,9.091
2020-07_gen5ou-0.json,Heatmor,Items,,Salac Berry,9.091
2020-07_gen5ou-0.json,Heatmor,Items,,Charcoal,4.545
2020-07_gen5ou-0.json,Heatmor,Items,,Chesto Berry,4.545
2020-07_gen5ou-0.json,Heatmor,Items,,Life Orb,4.545
2020-07_gen5ou-0.json,Heatmor,Items,,Other,4.545
2020-07_gen5ou-0.json,Heatmor,Spreads,,Other,18.182
2020-07_gen5ou-0.json,Heatmor,Moves,,Giga Drain,77.273
2020-07_gen5ou-0.json,Heatmor,Moves,,Flamethrower,59.091
2020-07_gen5ou-0.json,Heatmor,Moves,,Thunder Punch,31.818
2020-07_gen5ou-0.json,Heatmor,Moves,,Sucker Punch,31.818
2020-07_gen5ou-0.json,Heatmor,Moves,,Toxic,31.818
2020-07_gen5ou-0.json,Heatmor,Moves,,Fire Blast,31.818
2020-07_gen5ou-0.json,Heatmor,Moves,,Focus Blast,27.273
2020-07_gen5ou-0.json,Heatmor,Moves,,Fire Punch,22.727
2020-07_gen5ou-0.json,Heatmor,Moves,,Substitute,22.727
2020-07_gen5ou-0.json,Heatmor,Moves,,Curse,18.182
2020-07_gen5ou-0.json,Heatmor,Moves,,Heat Wave,13.636
2020-07_gen5ou-0.json,Heatmor,Moves,,Protect,4.545
2020-07_gen5ou-0.json,Heatmor,Moves,,Night Slash,4.545
2020-07_gen5ou-0.json,Heatmor,Moves,,Fire Spin,4.545
2020-07_gen5ou-0.json,Heatmor,Moves,,Other,18.182
2020-07_gen5ou-0.json,Gible,Stats,Raw count,,22
2020-07_gen5ou-0.json,Gible,Stats,Avg. weight,,1.0
2020-07_gen5ou-0.json,Gible,Stats,Viability Ceiling,,43
2020-07_gen5ou-0.json,Gible,Stats,Hardy,,4.545
2020-07_gen5ou-0.json,Gible,Stats,Adamant,,9.091
2020-07_gen5ou-0.json,Gible,Abilities,,Rough Skin,100.0
2020-07_gen5ou-0.json,Gible,Items,,Eviolite,45.455
2020-07_gen5ou-0.json,Gible,Items,,Dragon Gem,31.818
2020-07_gen5ou-0.json,Gible,Items,,Dragon Fang,13.636
2020-07_gen5ou-0.json,Gible,Items,,Focus Sash,4.545
2020-07_gen5ou-0.json,Gible,Items,,Other,4.545
2020-07_gen5ou-0.json,Gible,Spreads,,Other,4.545
2020-07_gen5ou-0.json,Gible,Moves,,Dragon Pulse,68.182
2020-07_gen5ou-0.json,Gible,Moves,,Draco Meteor,68.182
2020-07_gen5ou-0.json,Gible,Moves,,Earth Power,59.091
2020-07_gen5ou-0.json,Gible,Moves,,Mud Shot,50.0
2020-07_gen5ou-0.json,Gible,Moves,,Nothing,40.909
2020-07_gen5ou-0.json,Gible,Moves,,Earthquake,22.727
2020-07_gen5ou-0.json,Gible,Moves,,Dig,18.182
2020-07_gen5ou-0.json,Gible,Moves,,Dragon Rush,13.636
2020-07_gen5ou-0.json,Gible,Moves,,Outrage,13.636
2020-07_gen5ou-0.json,Gible,Moves,,Iron Tail,9.091
2020-07_gen5ou-0.json,Gible,Moves,,Sand Tomb,9.091
2020-07_gen5ou-0.json,Gible,Moves,,Double-Edge,9.091
2020-07_gen5ou-0.json,Gible,Moves,,Other,18.182
2020-07_gen5ou-0.json,Delibird,Stats,Raw count,,26
2020-07_gen5ou-0.json,Delibird,Stats,Avg. weight,,1.0
2020-07_gen5ou-0.json,Delibird,Stats,Viability Ceiling,,67
2020-07_gen5ou-0.json,Delibird,Stats,Hasty,,50.000
2020-07_gen5ou-0.json,Delibird,Stats,Jolly,,11.538
2020-07_gen5ou-0.json,Delibird,Abilities,,Vital Spirit,61.538
2020-07_gen5ou-0.json,Delibird,Abilities,,Hustle,38.462
2020-07_gen5ou-0.json,Delibird,Items,,Sitrus Berry,50.0
2020-07_gen5ou-0.json,Delibird,Items,,Choice Band,26.923
2020-07_gen5ou-0.json,Delibird,Items,,Focus Sash,23.077
2020-07_gen5ou-0.json,Delibird,Spreads,,Other,3.846
2020-07_gen5ou-0.json,Delibird,Moves,,Aerial Ace,73.077
2020-07_gen5ou-0.json,Delibird,Moves,,Ice Beam,50.0
2020-07_gen5ou-0.json,Delibird,Moves,,Ice Shard,46.154
2020-07_gen5ou-0.json,Delibird,Moves,,Water Pulse,46.154
2020-07_gen5ou-0.json,Delibird,Moves,,Ice Punch,26.923
2020-07_gen5ou-0.json,Delibird,Moves,,Toxic,26.923
2020-07_gen5ou-0.json,Delibird,Moves,,Rest,23.077
2020-07_gen5ou-0.json,Delibird,Moves,,Fake Out,23.077
2020-07_gen5ou-0.json,Delibird,Moves,,Rapid Spin,19.231
2020-07_gen5ou-0.json,Delibird,Moves,,Seed Bomb,19.231
2020-07_gen5ou-0.json,Delibird,Moves,,Brick Break,19.231
2020-07_gen5ou-0.json,Delibird,Moves,,Facade,11.538
2020-07_gen5ou-0.json,Delibird,Moves,,Other,15.385
2020-07_gen5ou-0.json,Bulbasaur,Stats,Raw count,,21
2020-07_gen5ou-0.json,Bulbasaur,Stats,Avg. weight,,1.0
2020-07_gen5ou-0.json,Bulbasaur,Stats,Viability Ceiling,,49
2020-07_gen5ou-0.json,Bulbasaur,Stats,Hardy,,9.524
2020-07_gen5ou-0.json,Bulbasaur,Stats,Calm,,4.762
2020-07_gen5ou-0.json,Bulbasaur,Stats,Modest,,4.762
2020-07_gen5ou-0.json,Bulbasaur,Abilities,,Overgrow,100.0
2020-07_gen5ou-0.json,Bulbasaur,Items,,Leftovers,28.571
2020-07_gen5ou-0.json,Bulbasaur,Items,,Focus Sash,28.571
2020-07_gen5ou-0.json,Bulbasaur,Items,,Oran Berry,19.048
2020-07_gen5ou-0.json,Bulbasaur,Items,,Nothing,14.286
2020-07_gen5ou-0.json,Bulbasaur,Items,,Miracle Seed,4.762
2020-07_gen5ou-0.json,Bulbasaur,Items,,Other,4.762
2020-07_gen5ou-0.json,Bulbasaur,Spreads,,Other,19.048
2020-07_gen5ou-0.json,Bulbasaur,Moves,,Nothing,95.238
2020-07_gen5ou-0.json,Bulbasaur,Moves,,Leech Seed,42.857
2020-07_gen5ou-0.json,Bulbasaur,Moves,,Toxic,38.095
2020-07_gen5ou-0.json,Bulbasaur,Moves,,Giga Drain,33.333
2020-07_gen5ou-0.json,Bulbasaur,Moves,,Sludge Bomb,28.571
2020-07_gen5ou-0.json,Bulbasaur,Moves,,Tackle,28.571
2020-07_gen5ou-0.json,Bulbasaur,Moves,,Growl,23.81
2020-07_gen5ou-0.json,Bulbasaur,Moves,,Hidden Power Fighting,14.286
2020-07_gen5ou-0.json,Bulbasaur,Moves,,Energy Ball,14.286
2020-07_gen5ou-0.json,Bulbasaur,Moves,,Synthesis,14.286
2020-07_gen5ou-0.json,Bulbasaur,Moves,,Leaf Storm,14.286
2020-07_gen5ou-0.json,Bulbasaur,Moves,,Venoshock,4.762
2020-07_gen5ou-0.json,Bulbasaur,Moves,,Grass Knot,4.762
2020-07_gen5ou-0.json,Bulbasaur,Moves,,Curse,4.762
2020-07_gen5ou-0.json,Bulbasaur,Moves,,Weather Ball,4.762
2020-07_gen5ou-0.json,Bulbasaur,Moves,,Seed Bomb,4.762
2020-07_gen5ou-0.json,Bulbasaur,Moves,,Poison Powder,4.762
2020-07_gen5ou-0.json,Bulbasaur,Moves,,Body Slam,4.762
2020-07_gen5ou-0.json,Bulbasaur,Moves,,Other,19.048
2020-07_gen5ou-0.json,Taillow,Stats,Raw count,,23
2020-07_gen5ou-0.json,Taillow,Stats,Avg. weight,,1.0
2020-07_gen5ou-0.json,Taillow,Stats,Viability Ceiling,,51
2020-07_gen5ou-0.json,Taillow,Stats,Jolly,,30.435
2020-07_gen5ou-0.json,Taillow,Stats,Serious,,21.739
2020-07_gen5ou-0.json,Taillow,Stats,Hardy,,8.696
2020-07_gen5ou-0.json,Taillow,Stats,Relaxed,,13.043
2020-07_gen5ou-0.json,Taillow,Abilities,,Scrappy,56.522
2020-07_gen5ou-0.json,Taillow,Abilities,,Guts,43.478
2020-07_gen5ou-0.json,Taillow,Items,,Focus Sash,73.913
2020-07_gen5ou-0.json,Taillow,Items,,Bright Powder,13.043
2020-07_gen5ou-0.json,Taillow,Items,,Flying Gem,8.696
2020-07_gen5ou-0.json,Taillow,Items,,Other,4.348
2020-07_gen5ou-0.json,Taillow,Spreads,,Other,4.348
2020-07_gen5ou-0.json,Taillow,Moves,,Quick Attack,86.957
2020-07_gen5ou-0.json,Taillow,Moves,,Endeavor,73.913
2020-07_gen5ou-0.json,Taillow,Moves,,Protect,52.174
2020-07_gen5ou-0.json,Taillow,Moves,,Pursuit,52.174
2020-07_gen5ou-0.json,Taillow,Moves,,Brave Bird,47.826
2020-07_gen5ou-0.json,Taillow,Moves,,Air Slash,21.739
2020-07_gen5ou-0.json,Taillow,Moves,,Toxic,21.739
2020-07_gen5ou-0.json,Taillow,Moves,,Fly,17.391
2020-07_gen5ou-0.json,Taillow,Moves,,U-turn,8.696
2020-07_gen5ou-0.json,Taillow,Moves,,Other,17.391
2020-07_gen5ou-0.json,Cherrim,Stats,Raw count,,17
2020-07_gen5ou-0.json,Cherrim,Stats,Avg. weight,,1.0
2020-07_gen5ou-0.json,Cherrim,Stats,Viability Ceiling,,42
2020-07_gen5ou-0.json,Cherrim,Stats,Jolly,,58.824
2020-07_gen5ou-0.json,Cherrim,Stats,Timid,,35.294
2020-07_gen5ou-0.json,Cherrim,Stats,Hardy,,5.882
2020-07_gen5ou-0.json,Cherrim,Abilities,,Flower Gift,100.0
2020-07_gen5ou-0.json,Cherrim,Items,,Focus Sash,64.706
2020-07_gen5ou-0.json,Cherrim,Items,,Rocky Helmet,17.647
2020-07_gen5ou-0.json,Cherrim,Items,,Leftovers,11.765
2020-07_gen5ou-0.json,Cherrim,Items,,Choice Specs,5.882
2020-07_gen5ou-0.json,Cherrim,Moves,,Solar Beam,94.118
2020-07_gen5ou-0.json,Cherrim,Moves,,Weather Ball,88.235
2020-07_gen5ou-0.json,Cherrim,Moves,,Sunny Day,76.471
2020-07_gen5ou-0.json,Cherrim,Moves,,Protect,58.824
2020-07_gen5ou-0.json,Cherrim,Moves,,Giga Drain,23.529
2020-07_gen5ou-0.json,Cherrim,Moves,,Morning Sun,17.647
2020-07_gen5ou-0.json,Cherrim,Moves,,Attract,17.647
2020-07_gen5ou-0.json,Cherrim,Moves,,Swords Dance,5.882
2020-07_gen5ou-0.json,Cherrim,Moves,,Other,17.647
2020-07_gen5ou-0.json,Fearow,Stats,Raw count,,21
2020-07_gen5ou-0.json,Fearow,Stats,Avg. weight,,1.0
2020-07_gen5ou-0.json,Fearow,Stats,Viability Ceiling,,50
2020-07_gen5ou-0.json,Fearow,Stats,Naive,,66.667
2020-07_gen5ou-0.json,Fearow,Stats,Jolly,,4.762
2020-07_gen5ou-0.json,Fearow,Abilities,,Sniper,76.19
2020-07_gen5ou-0.json,Fearow,Abilities,,Keen Eye,23.81
2020-07_gen5ou-0.json,Fearow,Items,,Lum Berry,52.381
2020-07_gen5ou-0.json,Fearow,Items,,Liechi Berry,14.286
2020-07_gen5ou-0.json,Fearow,Items,,Nothing,14.286
2020-07_gen5ou-0.json,Fearow,Items,,Life Orb,9.524
2020-07_gen5ou-0.json,Fearow,Items,,Leftovers,4.762
2020-07_gen5ou-0.json,Fearow,Items,,Other,4.762
2020-07_gen5ou-0.json,Fearow,Spreads,,Other,4.762
2020-07_gen5ou-0.json,Fearow,Moves,,Drill Peck,100.0
2020-07_gen5ou-0.json,Fearow,Moves,,Drill Run,100.0
2020-07_gen5ou-0.json,Fearow,Moves,,U-turn,85.714
2020-07_gen5ou-0.json,Fearow,Moves,,Tri Attack,52.381
2020-07_gen5ou-0.json,Fearow,Moves,,Thief,14.286
2020-07_gen5ou-0.json,Fearow,Moves,,Heat Wave,14.286
2020-07_gen5ou-0.json,Fearow,Moves,,Facade,14.286
2020-07_gen5ou-0.json,Fearow,Moves,,Other,19.048
2020-07_gen5ou-0.json,Wartortle,Stats,Raw count,,17
2020-07_gen5ou-0.json,Wartortle,Stats,Avg. weight,,1.0
2020-07_gen5ou-0.json,Wartortle,Stats,Viability Ceiling,,47
2020-07_gen5ou-0.json,Wartortle,Stats,Relaxed,,35.294
2020-07_gen5ou-0.json,Wartortle,Stats,Bold,,11.765
2020-07_gen5ou-0.json,Wartortle,Stats,Modest,,17.647
2020-07_gen5ou-0.json,Wartortle,Stats,Hardy,,5.882
2020-07_gen5ou-0.json,Wartortle,Abilities,,Torrent,100.0
2020-07_gen5ou-0.json,Wartortle,Items,,Eviolite,41.176
2020-07_gen5ou-0.json,Wartortle,Items,,Nothing,35.294
2020-07_gen5ou-0.json,Wartortle,Items,,Lum Berry,17.647
2020-07_gen5ou-0.json,Wartortle,Items,,Oran Berry,5.882
2020-07_gen5ou-0.json,Wartortle,Moves,,Aqua Jet,58.824
2020-07_gen5ou-0.json,Wartortle,Moves,,Rapid Spin,58.824
2020-07_gen5ou-0.json,Wartortle,Moves,,Hydro Pump,58.824
2020-07_gen5ou-0.json,Wartortle,Moves,,Aqua Tail,41.176
2020-07_gen5ou-0.json,Wartortle,Moves,,Ice Beam,35.294
2020-07_gen5ou-0.json,Wartortle,Moves,,Iron Defense,29.412
2020-07_gen5ou-0.json,Wartortle,Moves,,Toxic,29.412
2020-07_gen5ou-0.json,Wartortle,Moves,,Scald,23.529
2020-07_gen5ou-0.json,Wartortle,Moves,,Rain Dance,17.647
2020-07_gen5ou-0.json,Wartortle,Moves,,Water Spout,17.647
2020-07_gen5ou-0.json,Wartortle,Moves,,Foresight,11.765
2020-07_gen5ou-0.json,Wartortle,Moves,,Other,17.647
2020-07_gen5ou-0.json,Fraxure,Stats,Raw count,,18
2020-07_gen5ou-0.json,Fraxure,Stats,Avg. weight,,1.0
2020-07_gen5ou-0.json,Fraxure,Stats,Viability Ceiling,,63
2020-07_gen5ou-0.json,Fraxure,Stats,Jolly,,38.889
2020-07_gen5ou-0.json,Fraxure,Stats,Naughty,,5.556
2020-07_gen5ou-0.json,Fraxure,Stats,Hardy,,5.556
2020-07_gen5ou-0.json,Fraxure,Stats,Adamant,,5.556
2020-07_gen5ou-0.json,Fraxure,Abilities,,Unnerve,38.889
2020-07_gen5ou-0.json,Fraxure,Abilities,,Mold Breaker,38.889
2020-07_gen5ou-0.json,Fraxure,Abilities,,Rivalry,22.222
2020-07_gen5ou-0.json,Fraxure,Items,,Eviolite,44.444
2020-07_gen5ou-0.json,Fraxure,Items,,Nothing,27.778
2020-07_gen5ou-0.json,Fraxure,Items,,Apicot Berry,16.667
2020-07_gen5ou-0.json,Fraxure,Items,,Leftovers,5.556
2020-07_gen5ou-0.json,Fraxure,Items,,Choice Band,5.556
2020-07_gen5ou-0.json,Fraxure,Spreads,,Other,5.556
2020-07_gen5ou-0.json,Fraxure,Moves,,Dragon Dance,83.333
2020-07_gen5ou-0.json,Fraxure,Moves,,Outrage,50.0
2020-07_gen5ou-0.json,Fraxure,Moves,,Dragon Tail,38.889
2020-07_gen5ou-0.json,Fraxure,Moves,,Protect,38.889
2020-07_gen5ou-0.json,Fraxure,Moves,,X-Scissor,38.889
2020-07_gen5ou-0.json,Fraxure,Moves,,Draco Meteor,27.778
2020-07_gen5ou-0.json,Fraxure,Moves,,Dragon Rage,22.222
2020-07_gen5ou-0.json,Fraxure,Moves,,Assurance,22.222
2020-07_gen5ou-0.json,Fraxure,Moves,,Dragon Claw,16.667
2020-07_gen5ou-0.json,Fraxure,Moves,,Night Slash,11.111
2020-07_gen5ou-0.json,Fraxure,Moves,,Aqua Tail,11.111
2020-07_gen5ou-0.json,Fraxure,Moves,,Nothing,5.556
2020-07_gen5ou-0.json,Fraxure,Moves,,Counter,5.556
2020-07_gen5ou-0.json,Fraxure,Moves,,Facade,5.556
2020-07_gen5ou-0.json,Fraxure,Moves,,Poison Jab,5.556
2020-07_gen5ou-0.json,Fraxure,Moves,,Other,16.667
2020-07_gen5ou-0.json,Squirtle,Stats,Raw count,,18
2020-07_gen5ou-0.json,Squirtle,Stats,Avg. weight,,1.0
2020-07_gen5ou-0.json,Squirtle,Stats,Viability Ceiling,,54
2020-07_gen5ou-0.json,Squirtle,Stats,Hardy,,16.667
2020-07_gen5ou-0.json,Squirtle,Stats,Quiet,,11.111
2020-07_gen5ou-0.json,Squirtle,Stats,Rash,,11.111
2020-07_gen5ou-0.json,Squirtle,Stats,Adamant,,5.556
2020-07_gen5ou-0.json,Squirtle,Abilities,,Torrent,94.444
2020-07_gen5ou-0.json,Squirtle,Abilities,,Rain Dish,5.556
2020-07_gen5ou-0.json,Squirtle,Items,,Eviolite,27.778
2020-07_gen5ou-0.json,Squirtle,Items,,Oran Berry,22.222
2020-07_gen5ou-0.json,Squirtle,Items,,Choice Band,16.667
2020-07_gen5ou-0.json,Squirtle,Items,,Leftovers,11.111
2020-07_gen5ou-0.json,Squirtle,Items,,Power Belt,11.111
2020-07_gen5ou-0.json,Squirtle,Items,,Mystic Water,5.556
2020-07_gen5ou-0.json,Squirtle,Items,,Nothing,5.556
2020-07_gen5ou-0.json,Squirtle,Spreads,,Other,11.111
2020-07_gen5ou-0.json,Squirtle,Moves,,Aqua Jet,38.889
2020-07_gen5ou-0.json,Squirtle,Moves,,Nothing,33.333
2020-07_gen5ou-0.json,Squirtle,Moves,,Toxic,33.333
2020-07_gen5ou-0.json,Squirtle,Moves,,Ice Beam,27.778
2020-07_gen5ou-0.json,Squirtle,Moves,,Tackle,27.778
2020-07_gen5ou-0.json,Squirtle,Moves,,Tail Whip,27.778
2020-07_gen5ou-0.json,Squirtle,Moves,,Aqua Tail,22.222
2020-07_gen5ou-0.json,Squirtle,Moves,,Water Pulse,22.222
2020-07_gen5ou-0.json,Squirtle,Moves,,Water Gun,22.222
2020-07_gen5ou-0.json,Squirtle,Moves,,Bubble,16.667
2020-07_gen5ou-0.json,Squirtle,Moves,,Body Slam,16.667
2020-07_gen5ou-0.json,Squirtle,Moves,,Waterfall,16.667
2020-07_gen5ou-0.json,Squirtle,Moves,,Fake Out,11.111
2020-07_gen5ou-0.json,Squirtle,Moves,,Whirlpool,11.111
2020-07_gen5ou-0.json,Squirtle,Moves,,Surf,11.111
2020-07_gen5ou-0.json,Squirtle,Moves,,Ice Punch,11.111
2020-07_gen5ou-0.json,Squirtle,Moves,,Hydro Pump,11.111
2020-07_gen5ou-0.json,Squirtle,Moves,,Blizzard,5.556
2020-07_gen5ou-0.json,Squirtle,Moves,,Aqua Ring,5.556
2020-07_gen5ou-0.json,Squirtle,Moves,,Water Spout,5.556
2020-07_gen5ou-0.json,Squirtle,Moves,,Sleep Talk,5.556
2020-07_gen5ou-0.json,Squirtle,Moves,,Other,16.667
2020-07_gen5ou-0.json,Minun,Stats,Raw count,,18
2020-07_gen5ou-0.json,Minun,Stats,Avg. weight,,1.0
2020-07_gen5ou-0.json,Minun,Stats,Viability Ceiling,,57
2020-07_gen5ou-0.json,Minun,Stats,Timid,,5.556
2020-07_gen5ou-0.json,Minun,Stats,Hardy,,16.667
2020-07_gen5ou-0.json,Minun,Abilities,,Minus,100.0
2020-07_gen5ou-0.json,Minun,Items,,Life Orb,33.333
2020-07_gen5ou-0.json,Minun,Items,,Leftovers,22.222
2020-07_gen5ou-0.json,Minun,Items,,Lum Berry,16.667
2020-07_gen5ou-0.json,Minun,Items,,Electric Gem,16.667
2020-07_gen5ou-0.json,Minun,Items,,Focus Sash,11.111
2020-07_gen5ou-0.json,Minun,Moves,,Thunderbolt,61.111
2020-07_gen5ou-0.json,Minun,Moves,,Nasty Plot,61.111
2020-07_gen5ou-0.json,Minun,Moves,,Hidden Power Ice,44.444
2020-07_gen5ou-0.json,Minun,Moves,,Grass Knot,44.444
2020-07_gen5ou-0.json,Minun,Moves,,Baton Pass,38.889
2020-07_gen5ou-0.json,Minun,Moves,,Thunder Wave,33.333
2020-07_gen5ou-0.json,Minun,Moves,,Discharge,22.222
2020-07_gen5ou-0.json,Minun,Moves,,Encore,22.222
2020-07_gen5ou-0.json,Minun,Moves,,Wish,16.667
2020-07_gen5ou-0.json,Minun,Moves,,Fake Tears,16.667
2020-07_gen5ou-0.json,Minun,Moves,,Charm,16.667
2020-07_gen5ou-0.json,Minun,Moves,,Volt Switch,16.667
2020-07_gen5ou-0.json,Minun,Moves,,Other,5.556
2020-07_gen5ou-0.json,Metapod,Stats,Raw count,,18
2020-07_gen5ou-0.json,Metapod,Stats,Avg. weight,,1.0
2020-07_gen5ou-0.json,Metapod,Stats,Viability Ceiling,,66
2020-07_gen5ou-0.json,Metapod,Stats,Sassy,,72.222
2020-07_gen5ou-0.json,Metapod,Stats,Bold,,16.667
2020-07_gen5ou-0.json,Metapod,Stats,Careful,,5.556
2020-07_gen5ou-0.json,Metapod,Stats,Hardy,,5.556
2020-07_gen5ou-0.json,Metapod,Abilities,,Shed Skin,100.0
2020-07_gen5ou-0.json,Metapod,Items,,Eviolite,100.0
2020-07_gen5ou-0.json,Metapod,Moves,,Bug Bite,100.0
2020-07_gen5ou-0.json,Metapod,Moves,,Iron Defense,94.444
2020-07_gen5ou-0.json,Metapod,Moves,,Electroweb,83.333
2020-07_gen5ou-0.json,Metapod,Moves,,Tackle,44.444
2020-07_gen5ou-0.json,Metapod,Moves,,Snore,38.889
2020-07_gen5ou-0.json,Metapod,Moves,,Harden,22.222
2020-07_gen5ou-0.json,Metapod,Moves,,Other,16.667
2020-07_gen5ou-0.json,Ferroseed,Stats,Raw count,,19
2020-07_gen5ou-0.json,Ferroseed,Stats,Avg. weight,,1.0
2020-07_gen5ou-0.json,Ferroseed,Stats,Viability Ceiling,,52
2020-07_gen5ou-0.json,Ferroseed,Stats,Relaxed,,47.368
2020-07_gen5ou-0.json,Ferroseed,Stats,Hardy,,15.789
2020-07_gen5ou-0.json,Ferroseed,Stats,Bold,,5.263
2020-07_gen5ou-0.json,Ferroseed,Stats,Brave,,15.789
2020-07_gen5ou-0.json,Ferroseed,Abilities,,Iron Barbs,100.0
2020-07_gen5ou-0.json,Ferroseed,Items,,Rocky Helmet,52.632
2020-07_gen5ou-0.json,Ferroseed,Items,,Air Balloon,15.789
2020-07_gen5ou-0.json,Ferroseed,Items,,Shell Bell,15.789
2020-07_gen5ou-0.json,Ferroseed,Items,,Eviolite,15.789
2020-07_gen5ou-0.json,Ferroseed,Moves,,Endeavor,68.421
2020-07_gen5ou-0.json,Ferroseed,Moves,,Explosion,63.158
2020-07_gen5ou-0.json,Ferroseed,Moves,,Toxic,57.895
2020-07_gen5ou-0.json,Ferroseed,Moves,,Nothing,47.368
2020-07_gen5ou-0.json,Ferroseed,Moves,,Gyro Ball,47.368
2020-07_gen5ou-0.json,Ferroseed,Moves,,Flash Cannon,21.053
2020-07_gen5ou-0.json,Ferroseed,Moves,,Spikes,15.789
2020-07_gen5ou-0.json,Ferroseed,Moves,,Leech Seed,15.789
2020-07_gen5ou-0.json,Ferroseed,Moves,,Energy Ball,15.789
2020-07_gen5ou-0.json,Ferroseed,Moves,,Bullet Seed,15.789
2020-07_gen5ou-0.json,Ferroseed,Moves,,Protect,10.526
2020-07_gen5ou-0.json,Ferroseed,Moves,,Stealth Rock,10.526
2020-07_gen5ou-0.json,Ferroseed,Moves,,Other,10.526
2020-07_gen5ou-0.json,Gabite,Stats,Raw count,,19
2020-07_gen5ou-0.json,Gabite,Stats,Avg. weight,,---
2020-07_gen5ou-0.json,Gabite,Stats,Viability Ceiling,,0
2020-07_gen5ou-0.json,Gabite,Stats,Naive,,36.842
2020-07_gen5ou-0.json,Gabite,Stats,Adamant,,5.263
2020-07_gen5ou-0.json,Gabite,Abilities,,Rough Skin,100.0
2020-07_gen5ou-0.json,Gabite,Items,,Choice Band,57.895
2020-07_gen5ou-0.json,Gabite,Items,,Yache Berry,31.579
2020-07_gen5ou-0.json,Gabite,Items,,Nothing,5.263
2020-07_gen5ou-0.json,Gabite,Items,,Eviolite,5.263
2020-07_gen5ou-0.json,Gabite,Moves,,Earthquake,100.0
2020-07_gen5ou-0.json,Gabite,Moves,,Body Slam,57.895
2020-07_gen5ou-0.json,Gabite,Moves,,Flamethrower,57.895
2020-07_gen5ou-0.json,Gabite,Moves,,Dragon Claw,57.895
2020-07_gen5ou-0.json,Gabite,Moves,,Draco Meteor,42.105
2020-07_gen5ou-0.json,Gabite,Moves,,Stone Edge,36.842
2020-07_gen5ou-0.json,Gabite,Moves,,Fire Blast,36.842
2020-07_gen5ou-0.json,Gabite,Moves,,Other,10.526
2020-07_gen5ou-0.json,Octillery,Stats,Raw count,,18
2020-07_gen5ou-0.json,Octillery,Stats,Avg. weight,,1.0
2020-07_gen5ou-0.json,Octillery,Stats,Viability Ceiling,,50
2020-07_gen5ou-0.json,Octillery,Stats,Hardy,,44.444
2020-07_gen5ou-0.json,Octillery,Stats,Quiet,,11.111
2020-07_gen5ou-0.json,Octillery,Abilities,,Sniper,72.222
2020-07_gen5ou-0.json,Octillery,Abilities,,Suction Cups,27.778
2020-07_gen5ou-0.json,Octillery,Items,,Leftovers,66.667
2020-07_gen5ou-0.json,Octillery,Items,,Life Orb,16.667
2020-07_gen5ou-0.json,Octillery,Items,,Scope Lens,16.667
2020-07_gen5ou-0.json,Octillery,Moves,,Energy Ball,77.778
2020-07_gen5ou-0.json,Octillery,Moves,,Thunder Wave,44.444
2020-07_gen5ou-0.json,Octillery,Moves,,Water Pulse,44.444
2020-07_gen5ou-0.json,Octillery,Moves,,Flamethrower,44.444
2020-07_gen5ou-0.json,Octillery,Moves,,Ice Beam,27.778
2020-07_gen5ou-0.json,Octillery,Moves,,Nothing,22.222
2020-07_gen5ou-0.json,Octillery,Moves,,Scald,22.222
2020-07_gen5ou-0.json,Octillery,Moves,,Gunk Shot,22.222
2020-07_gen5ou-0.json,Octillery,Moves,,Signal Beam,22.222
2020-07_gen5ou-0.json,Octillery,Moves,,Octazooka,16.667
2020-07_gen5ou-0.json,Octillery,Moves,,Charge Beam,16.667
2020-07_gen5ou-0.json,Octillery,Moves,,Sludge Wave,11.111
2020-07_gen5ou-0.json,Octillery,Moves,,Hydro Pump,11.111
2020-07_gen5ou-0.json,Octillery,Moves,,Other,16.667
2020-07_gen5ou-0.json,Mesprit,Stats,Raw count,,17
2020-07_gen5ou-0.json,Mesprit,Stats,Avg. weight,,1.0
2020-07_gen5ou-0.json,Mesprit,Stats,Viability Ceiling,,61
2020-07_gen5ou-0.json,Mesprit,Stats,Hasty,,29.412
2020-07_gen5ou-0.json,Mesprit,Stats,Hardy,,23.529
2020-07_gen5ou-0.json,Mesprit,Stats,Quiet,,11.765
2020-07_gen5ou-0.json,Mesprit,Stats,Timid,,5.882
2020-07_gen5ou-0.json,Mesprit,Stats,Bold,,5.882
2020-07_gen5ou-0.json,Mesprit,Abilities,,Levitate,100.0
2020-07_gen5ou-0.json,Mesprit,Items,,Leftovers,58.824
2020-07_gen5ou-0.json,Mesprit,Items,,Psychic Gem,17.647
2020-07_gen5ou-0.json,Mesprit,Items,,Life Orb,11.765
2020-07_gen5ou-0.json,Mesprit,Items,,Choice Scarf,5.882
2020-07_gen5ou-0.json,Mesprit,Items,,Rocky Helmet,5.882
2020-07_gen5ou-0.json,Mesprit,Spreads,,Other,11.765
2020-07_gen5ou-0.json,Mesprit,Moves,,Psychic,94.118
2020-07_gen5ou-0.json,Mesprit,Moves,,Calm Mind,52.941
2020-07_gen5ou-0.json,Mesprit,Moves,,Energy Ball,41.176
2020-07_gen5ou-0.json,Mesprit,Moves,,Thunderbolt,35.294
2020-07_gen5ou-0.json,Mesprit,Moves,,Fire Punch,29.412
2020-07_gen5ou-0.json,Mesprit,Moves,,Ice Beam,23.529
2020-07_gen5ou-0.json,Mesprit,Moves,,Acrobatics,17.647
2020-07_gen5ou-0.json,Mesprit,Moves,,U-turn,11.765
2020-07_gen5ou-0.json,Mesprit,Moves,,Light Screen,11.765
2020-07_gen5ou-0.json,Mesprit,Moves,,Healing Wish,11.765
2020-07_gen5ou-0.json,Mesprit,Moves,,Reflect,11.765
2020-07_gen5ou-0.json,Mesprit,Moves,,Trick Room,11.765
2020-07_gen5ou-0.json,Mesprit,Moves,,Protect,5.882
2020-07_gen5ou-0.json,Mesprit,Moves,,Future Sight,5.882
2020-07_gen5ou-0.json,Mesprit,Moves,,Confusion,5.882
2020-07_gen5ou-0.json,Mesprit,Moves,,Stealth Rock,5.882
2020-07_gen5ou-0.json,Mesprit,Moves,,Thunder Wave,5.882
2020-07_gen5ou-0.json,Mesprit,Moves,,Other,17.647
2020-07_gen5ou-0.json,Magcargo,Stats,Raw count,,17
2020-07_gen5ou-0.json,Magcargo,Stats,Avg. weight,,1.0
2020-07_gen5ou-0.json,Magcargo,Stats,Viability Ceiling,,48
2020-07_gen5ou-0.json,Magcargo,Stats,Modest,,5.882
2020-07_gen5ou-0.json,Magcargo,Stats,Timid,,17.647
2020-07_gen5ou-0.json,Magcargo,Stats,Quiet,,17.647
2020-07_gen5ou-0.json,Magcargo,Stats,Hardy,,17.647
2020-07_gen5ou-0.json,Magcargo,Abilities,,Flame Body,41.176
2020-07_gen5ou-0.json,Magcargo,Abilities,,Magma Armor,41.176
2020-07_gen5ou-0.json,Magcargo,Abilities,,Weak Armor,17.647
2020-07_gen5ou-0.json,Magcargo,Items,,Focus Sash,35.294
2020-07_gen5ou-0.json,Magcargo,Items,,Leftovers,23.529
2020-07_gen5ou-0.json,Magcargo,Items,,White Herb,17.647
2020-07_gen5ou-0.json,Magcargo,Items,,Expert Belt,17.647
2020-07_gen5ou-0.json,Magcargo,Items,,Passho Berry,5.882
2020-07_gen5ou-0.json,Magcargo,Spreads,,Other,5.882
2020-07_gen5ou-0.json,Magcargo,Moves,,Flamethrower,94.118
2020-07_gen5ou-0.json,Magcargo,Moves,,Earth Power,41.176
2020-07_gen5ou-0.json,Magcargo,Moves,,Shell Smash,35.294
2020-07_gen5ou-0.json,Magcargo,Moves,,Ancient Power,35.294
2020-07_gen5ou-0.json,Magcargo,Moves,,Stealth Rock,23.529
2020-07_gen5ou-0.json,Magcargo,Moves,,Hidden Power Water,17.647
2020-07_gen5ou-0.json,Magcargo,Moves,,Rock Slide,17.647
2020-07_gen5ou-0.json,Magcargo,Moves,,Solar Beam,17.647
2020-07_gen5ou-0.json,Magcargo,Moves,,Hidden Power Grass,17.647
2020-07_gen5ou-0.json,Magcargo,Moves,,Toxic,17.647
2020-07_gen5ou-0.json,Magcargo,Moves,,Explosion,17.647
2020-07_gen5ou-0.json,Magcargo,Moves,,Earthquake,17.647
2020-07_gen5ou-0.json,Magcargo,Moves,,Sunny Day,17.647
2020-07_gen5ou-0.json,Magcargo,Moves,,Lava Plume,5.882
2020-07_gen5ou-0.json,Magcargo,Moves,,Will-O-Wisp,5.882
2020-07_gen5ou-0.json,Magcargo,Moves,,Other,17.647
2020-07_gen5ou-0.json,Totodile,Stats,Raw count,,16
2020-07_gen5ou-0.json,Totodile,Stats,Avg. weight,,1.0
2020-07_gen5ou-0.json,Totodile,Stats,Viability Ceiling,,39
2020-07_gen5ou-0.json,Totodile,Stats,Hardy,,25.000
2020-07_gen5ou-0.json,Totodile,Abilities,,Torrent,100.0
2020-07_gen5ou-0.json,Totodile,Items,,Mystic Water,43.75
2020-07_gen5ou-0.json,Totodile,Items,,Leftovers,31.25
2020-07_gen5ou-0.json,Totodile,Items,,Nothing,25.0
2020-07_gen5ou-0.json,Totodile,Moves,,Dragon Claw,75.0
2020-07_gen5ou-0.json,Totodile,Moves,,Surf,68.75
2020-07_gen5ou-0.json,Totodile,Moves,,Shadow Claw,43.75
2020-07_gen5ou-0.json,Totodile,Moves,,Superpower,43.75
2020-07_gen5ou-0.json,Totodile,Moves,,Crunch,31.25
2020-07_gen5ou-0.json,Totodile,Moves,,Scald,31.25
2020-07_gen5ou-0.json,Totodile,Moves,,Brick Break,31.25
2020-07_gen5ou-0.json,Totodile,Moves,,Hydro Cannon,25.0
2020-07_gen5ou-0.json,Totodile,Moves,,Blizzard,25.0
2020-07_gen5ou-0.json,Totodile,Moves,,Dive,25.0
2020-07_gen5ou-0.json,Lairon,Stats,Raw count,,17
2020-07_gen5ou-0.json,Lairon,Stats,Avg. weight,,1.0
2020-07_gen5ou-0.json,Lairon,Stats,Viability Ceiling,,57
2020-07_gen5ou-0.json,Lairon,Stats,Adamant,,64.706
2020-07_gen5ou-0.json,Lairon,Stats,Impish,,23.529
2020-07_gen5ou-0.json,Lairon,Stats,Careful,,5.882
2020-07_gen5ou-0.json,Lairon,Stats,Hardy,,5.882
2020-07_gen5ou-0.json,Lairon,Abilities,,Rock Head,88.235
2020-07_gen5ou-0.json,Lairon,Abilities,,Sturdy,11.765
2020-07_gen5ou-0.json,Lairon,Items,,Eviolite,94.118
2020-07_gen5ou-0.json,Lairon,Items,,Shell Bell,5.882
2020-07_gen5ou-0.json,Lairon,Moves,,Head Smash,94.118
2020-07_gen5ou-0.json,Lairon,Moves,,Iron Head,70.588
2020-07_gen5ou-0.json,Lairon,Moves,,Autotomize,64.706
2020-07_gen5ou-0.json,Lairon,Moves,,Earthquake,64.706
2020-07_gen5ou-0.json,Lairon,Moves,,Rest,23.529
2020-07_gen5ou-0.json,Lairon,Moves,,Sleep Talk,23.529
2020-07_gen5ou-0.json,Lairon,Moves,,Heavy Slam,23.529
2020-07_gen5ou-0.json,Lairon,Moves,,Nothing,17.647
2020-07_gen5ou-0.json,Lairon,Moves,,Other,17.647
2020-07_gen5ou-0.json,Kricketune,Stats,Raw count,,15
2020-07_gen5ou-0.json,Kricketune,Stats,Avg. weight,,1.0
2020-07_gen5ou-0.json,Kricketune,Stats,Viability Ceiling,,45
2020-07_gen5ou-0.json,Kricketune,Stats,Hardy,,6.667
2020-07_gen5ou-0.json,Kricketune,Stats,Hasty,,20.000
2020-07_gen5ou-0.json,Kricketune,Stats,Modest,,6.667
2020-07_gen5ou-0.json,Kricketune,Stats,Jolly,,6.667
2020-07_gen5ou-0.json,Kricketune,Abilities,,Technician,66.667
2020-07_gen5ou-0.json,Kricketune,Abilities,,Swarm,33.333
2020-07_gen5ou-0.json,Kricketune,Items,,Focus Sash,73.333
2020-07_gen5ou-0.json,Kricketune,Items,,Quick Claw,13.333
2020-07_gen5ou-0.json,Kricketune,Items,,Choice Band,13.333
2020-07_gen5ou-0.json,Kricketune,Moves,,Endeavor,80.0
2020-07_gen5ou-0.json,Kricketune,Moves,,Bug Buzz,60.0
2020-07_gen5ou-0.json,Kricketune,Moves,,Brick Break,46.667
2020-07_gen5ou-0.json,Kricketune,Moves,,Hidden Power Fire,46.667
2020-07_gen5ou-0.json,Kricketune,Moves,,Perish Song,33.333
2020-07_gen5ou-0.json,Kricketune,Moves,,X-Scissor,33.333
2020-07_gen5ou-0.json,Kricketune,Moves,,Hidden Power Ice,20.0
2020-07_gen5ou-0.json,Kricketune,Moves,,Bug Bite,20.0
2020-07_gen5ou-0.json,Kricketune,Moves,,Heal Bell,20.0
2020-07_gen5ou-0.json,Kricketune,Moves,,Aerial Ace,13.333
2020-07_gen5ou-0.json,Kricketune,Moves,,Nothing,6.667
2020-07_gen5ou-0.json,Kricketune,Moves,,Other,20.0
2020-07_gen5ou-0.json,Aipom,Stats,Raw count,,16
2020-07_gen5ou-0.json,Aipom,Stats,Avg. weight,,1.0
2020-07_gen5ou-0.json,Aipom,Stats,Viability Ceiling,,34
2020-07_gen5ou-0.json,Aipom,Stats,Adamant,,50.000
2020-07_gen5ou-0.json,Aipom,Stats,Hardy,,25.000
2020-07_gen5ou-0.json,Aipom,Stats,Naughty,,18.750
2020-07_gen5ou-0.json,Aipom,Stats,Hasty,,6.250
2020-07_gen5ou-0.json,Aipom,Abilities,,Skill Link,75.0
2020-07_gen5ou-0.json,Aipom,Abilities,,Run Away,25.0
2020-07_gen5ou-0.json,Aipom,Items,,King's Rock,50.0
2020-07_gen5ou-0.json,Aipom,Items,,Normal Gem,25.0
2020-07_gen5ou-0.json,Aipom,Items,,Focus Sash,18.75
2020-07_gen5ou-0.json,Aipom,Items,,Nothing,6.25
2020-07_gen5ou-0.json,Aipom,Moves,,Fury Swipes,75.0
2020-07_gen5ou-0.json,Aipom,Moves,,Agility,50.0
2020-07_gen5ou-0.json,Aipom,Moves,,Fake Out,50.0
2020-07_gen5ou-0.json,Aipom,Moves,,Beat Up,43.75
2020-07_gen5ou-0.json,Aipom,Moves,,Return,25.0
2020-07_gen5ou-0.json,Aipom,Moves,,Hidden Power Dark,25.0
2020-07_gen5ou-0.json,Aipom,Moves,,Cut,25.0
2020-07_gen5ou-0.json,Aipom,Moves,,Focus Punch,18.75
2020-07_gen5ou-0.json,Aipom,Moves,,Protect,18.75
2020-07_gen5ou-0.json,Aipom,Moves,,Scratch,18.75
2020-07_gen5ou-0.json,Aipom,Moves,,Swift,18.75
2020-07_gen5ou-0.json,Aipom,Moves,,Seed Bomb,6.25
2020-07_gen5ou-0.json,Aipom,Moves,,Shadow Ball,6.25
2020-07_gen5ou-0.json,Aipom,Moves,,Other,18.75
2020-07_gen5ou-0.json,Shuppet,Stats,Raw count,,14
2020-07_gen5ou-0.json,Shuppet,Stats,Avg. weight,,1.0
2020-07_gen5ou-0.json,Shuppet,Stats,Viability Ceiling,,25
2020-07_gen5ou-0.json,Shuppet,Stats,Serious,,7.143
2020-07_gen5ou-0.json,Shuppet,Stats,Hardy,,21.429
2020-07_gen5ou-0.json,Shuppet,Abilities,,Frisk,78.571
2020-07_gen5ou-0.json,Shuppet,Abilities,,Insomnia,21.429
2020-07_gen5ou-0.json,Shuppet,Items,,Focus Sash,100.0
2020-07_gen5ou-0.json,Shuppet,Moves,,Trick Room,100.0
2020-07_gen5ou-0.json,Shuppet,Moves,,Destiny Bond,100.0
2020-07_gen5ou-0.json,Shuppet,Moves,,Curse,78.571
2020-07_gen5ou-0.json,Shuppet,Moves,,Pain Split,78.571
2020-07_gen5ou-0.json,Shuppet,Moves,,Protect,21.429
2020-07_gen5ou-0.json,Shuppet,Moves,,Magic Coat,21.429
2020-07_gen5ou-0.json,Joltik,Stats,Raw count,,15
2020-07_gen5ou-0.json,Joltik,Stats,Avg. weight,,1.0
2020-07_gen5ou-0.json,Joltik,Stats,Viability Ceiling,,12
2020-07_gen5ou-0.json,Joltik,Stats,Hardy,,93.333
2020-07_gen5ou-0.json,Joltik,Stats,Mild,,6.667
2020-07_gen5ou-0.json,Joltik,Abilities,,Unnerve,100.0
2020-07_gen5ou-0.json,Joltik,Items,,Nothing,100.0
2020-07_gen5ou-0.json,Joltik,Moves,,Thunderbolt,93.333
2020-07_gen5ou-0.json,Joltik,Moves,,Slash,93.333
2020-07_gen5ou-0.json,Joltik,Moves,,Sucker Punch,93.333
2020-07_gen5ou-0.json,Joltik,Moves,,Bug Buzz,93.333
2020-07_gen5ou-0.json,Joltik,Moves,,Volt Switch,6.667
2020-07_gen5ou-0.json,Joltik,Moves,,Other,20.0
2020-07_gen5ou-0.json,Bidoof,Stats,Raw count,,13
2020-07_gen5ou-0.json,Bidoof,Stats,Avg. weight,,1.0
2020-07_gen5ou-0.json,Bidoof,Stats,Viability Ceiling,,59
2020-07_gen5ou-0.json,Bidoof,Stats,Adamant,,15.385
2020-07_gen5ou-0.json,Bidoof,Stats,Hardy,,7.692
2020-07_gen5ou-0.json,Bidoof,Abilities,,Simple,100.0
2020-07_gen5ou-0.json,Bidoof,Items,,Focus Sash,76.923
2020-07_gen5ou-0.json,Bidoof,Items,,Eviolite,15.385
2020-07_gen5ou-0.json,Bidoof,Items,,Choice Band,7.692
2020-07_gen5ou-0.json,Bidoof,Moves,,Quick Attack,76.923
2020-07_gen5ou-0.json,Bidoof,Moves,,Substitute,69.231
2020-07_gen5ou-0.json,Bidoof,Moves,,Attract,69.231
2020-07_gen5ou-0.json,Bidoof,Moves,,Endure,69.231
2020-07_gen5ou-0.json,Bidoof,Moves,,Aqua Tail,30.769
2020-07_gen5ou-0.json,Bidoof,Moves,,Curse,15.385
2020-07_gen5ou-0.json,Bidoof,Moves,,Double-Edge,15.385
2020-07_gen5ou-0.json,Bidoof,Moves,,Thunder Wave,15.385
2020-07_gen5ou-0.json,Bidoof,Moves,,Grass Knot,15.385
2020-07_gen5ou-0.json,Bidoof,Moves,,Blizzard,7.692
2020-07_gen5ou-0.json,Bidoof,Moves,,Other,15.385
2020-07_gen5ou-0.json,Ledian,Stats,Raw count,,13
2020-07_gen5ou-0.json,Ledian,Stats,Avg. weight,,1.0
2020-07_gen5ou-0.json,Ledian,Stats,Viability Ceiling,,46
2020-07_gen5ou-0.json,Ledian,Stats,Hardy,,61.538
2020-07_gen5ou-0.json,Ledian,Stats,Adamant,,30.769
2020-07_gen5ou-0.json,Ledian,Stats,Calm,,7.692
2020-07_gen5ou-0.json,Ledian,Abilities,,Swarm,69.231
2020-07_gen5ou-0.json,Ledian,Abilities,,Iron Fist,30.769
2020-07_gen5ou-0.json,Ledian,Items,,Leftovers,61.538
2020-07_gen5ou-0.json,Ledian,Items,,Fighting Gem,30.769
2020-07_gen5ou-0.json,Ledian,Items,,Choice Scarf,7.692
2020-07_gen5ou-0.json,Ledian,Moves,,Drain Punch,92.308
2020-07_gen5ou-0.json,Ledian,Moves,,Bug Buzz,69.231
2020-07_gen5ou-0.json,Ledian,Moves,,Facade,61.538
2020-07_gen5ou-0.json,Ledian,Moves,,Acrobatics,61.538
2020-07_gen5ou-0.json,Ledian,Moves,,Swords Dance,30.769
2020-07_gen5ou-0.json,Ledian,Moves,,Mach Punch,30.769
2020-07_gen5ou-0.json,Ledian,Moves,,Thunder Punch,30.769
2020-07_gen5ou-0.json,Ledian,Moves,,Giga Drain,7.692
2020-07_gen5ou-0.json,Ledian,Moves,,Other,15.385
2020-07_gen5ou-0.json,Minccino,Stats,Raw count,,13
2020-07_gen5ou-0.json,Minccino,Stats,Avg. weight,,1.0
2020-07_gen5ou-0.json,Minccino,Stats,Viability Ceiling,,26
2020-07_gen5ou-0.json,Minccino,Stats,Jolly,,7.692
2020-07_gen5ou-0.json,Minccino,Stats,Hardy,,30.769
2020-07_gen5ou-0.json,Minccino,Abilities,,Skill Link,61.538
2020-07_gen5ou-0.json,Minccino,Abilities,,Technician,30.769
2020-07_gen5ou-0.json,Minccino,Abilities,,Cute Charm,7.692
2020-07_gen5ou-0.json,Minccino,Items,,King's Rock,61.538
2020-07_gen5ou-0.json,Minccino,Items,,Nothing,30.769
2020-07_gen5ou-0.json,Minccino,Items,,Focus Sash,7.692
2020-07_gen5ou-0.json,Minccino,Moves,,Nothing,92.308
2020-07_gen5ou-0.json,Minccino,Moves,,Protect,61.538
2020-07_gen5ou-0.json,Minccino,Moves,,Tail Slap,61.538
2020-07_gen5ou-0.json,Minccino,Moves,,Tickle,61.538
2020-07_gen5ou-0.json,Minccino,Moves,,Toxic,61.538
2020-07_gen5ou-0.json,Minccino,Moves,,Return,30.769
2020-07_gen5ou-0.json,Minccino,Moves,,Knock Off,7.692
2020-07_gen5ou-0.json,Minccino,Moves,,Hyper Voice,7.692
2020-07_gen5ou-0.json,Minccino,Moves,,Other,15.385
2020-07_gen5ou-0.json,Tympole,Stats,Raw count,,14
2020-07_gen5ou-0.json,Tympole,Stats,Avg. weight,,1.0
2020-07_gen5ou-0.json,Tympole,Stats,Viability Ceiling,,12
2020-07_gen5ou-0.json,Tympole,Stats,Hardy,,100.000
2020-07_gen5ou-0.json,Tympole,Abilities,,Swift Swim,100.0
2020-07_gen5ou-0.json,Tympole,Items,,Nothing,100.0
2020-07_gen5ou-0.json,Tympole,Moves,,Surf,100.0
2020-07_gen5ou-0.json,Tympole,Moves,,Hydro Pump,100.0
2020-07_gen5ou-0.json,Tympole,Moves,,Muddy Water,100.0
2020-07_gen5ou-0.json,Tympole,Moves,,Hyper Voice,100.0
2020-07_gen5ou-0.json,Charmander,Stats,Raw count,,14
2020-07_gen5ou-0.json,Charmander,Stats,Avg. weight,,1.0
2020-07_gen5ou-0.json,Charmander,Stats,Viability Ceiling,,45
2020-07_gen5ou-0.json,Charmander,Stats,Jolly,,42.857
2020-07_gen5ou-0.json,Charmander,Stats,Hardy,,7.143
2020-07_gen5ou-0.json,Charmander,Stats,Modest,,7.143
2020-07_gen5ou-0.json,Charmander,Abilities,,Blaze,92.857
2020-07_gen5ou-0.json,Charmander,Abilities,,Solar Power,7.143
2020-07_gen5ou-0.json,Charmander,Items,,Focus Sash,50.0
2020-07_gen5ou-0.json,Charmander,Items,,Oran Berry,28.571
2020-07_gen5ou-0.json,Charmander,Items,,Leftovers,7.143
2020-07_gen5ou-0.json,Charmander,Items,,Life Orb,7.143
2020-07_gen5ou-0.json,Charmander,Items,,Nothing,7.143
2020-07_gen5ou-0.json,Charmander,Moves,,Dragon Pulse,50.0
2020-07_gen5ou-0.json,Charmander,Moves,,Nothing,42.857
2020-07_gen5ou-0.json,Charmander,Moves,,Dragon Rush,42.857
2020-07_gen5ou-0.json,Charmander,Moves,,Dragon Claw,42.857
2020-07_gen5ou-0.json,Charmander,Moves,,Fire Blast,42.857
2020-07_gen5ou-0.json,Charmander,Moves,,Growl,35.714
2020-07_gen5ou-0.json,Charmander,Moves,,Ember,35.714
2020-07_gen5ou-0.json,Charmander,Moves,,Scratch,35.714
2020-07_gen5ou-0.json,Charmander,Moves,,Heat Wave,14.286
2020-07_gen5ou-0.json,Charmander,Moves,,Ancient Power,7.143
2020-07_gen5ou-0.json,Charmander,Moves,,Flame Burst,7.143
2020-07_gen5ou-0.json,Charmander,Moves,,Brick Break,7.143
2020-07_gen5ou-0.json,Charmander,Moves,,Will-O-Wisp,7.143
2020-07_gen5ou-0.json,Charmander,Moves,,Thunder Punch,7.143
2020-07_gen5ou-0.json,Charmander,Moves,,Dragon Dance,7.143
2020-07_gen5ou-0.json,Charmander,Moves,,Other,14.286
2020-07_gen5ou-0.json,Piloswine,Stats,Raw count,,11
2020-07_gen5ou-0.json,Piloswine,Stats,Avg. weight,,1.0
2020-07_gen5ou-0.json,Piloswine,Stats,Viability Ceiling,,57
2020-07_gen5ou-0.json,Piloswine,Stats,Sassy,,45.455
2020-07_gen5ou-0.json,Piloswine,Stats,Adamant,,18.182
2020-07_gen5ou-0.json,Piloswine,Abilities,,Thick Fat,100.0
2020-07_gen5ou-0.json,Piloswine,Items,,Eviolite,100.0
2020-07_gen5ou-0.json,Piloswine,Moves,,Stealth Rock,100.0
2020-07_gen5ou-0.json,Piloswine,Moves,,Ice Shard,81.818
2020-07_gen5ou-0.json,Piloswine,Moves,,Earthquake,81.818
2020-07_gen5ou-0.json,Piloswine,Moves,,Icicle Crash,63.636
2020-07_gen5ou-0.json,Piloswine,Moves,,Icicle Spear,36.364
2020-07_gen5ou-0.json,Piloswine,Moves,,Roar,18.182
2020-07_gen5ou-0.json,Piloswine,Moves,,Other,18.182
2020-07_gen5ou-0.json,Archen,Stats,Raw count,,17
2020-07_gen5ou-0.json,Archen,Stats,Avg. weight,,1.0
2020-07_gen5ou-0.json,Archen,Stats,Viability Ceiling,,55
2020-07_gen5ou-0.json,Archen,Stats,Hardy,,17.647
2020-07_gen5ou-0.json,Archen,Stats,Jolly,,29.412
2020-07_gen5ou-0.json,Archen,Stats,Lonely,,5.882
2020-07_gen5ou-0.json,Archen,Abilities,,Defeatist,100.0
2020-07_gen5ou-0.json,Archen,Items,,Focus Sash,64.706
2020-07_gen5ou-0.json,Archen,Items,,Dragon Gem,29.412
2020-07_gen5ou-0.json,Archen,Items,,Eviolite,5.882
2020-07_gen5ou-0.json,Archen,Moves,,Nothing,82.353
2020-07_gen5ou-0.json,Archen,Moves,,Quick Attack,64.706
2020-07_gen5ou-0.json,Archen,Moves,,Crunch,41.176
2020-07_gen5ou-0.json,Archen,Moves,,Ancient Power,35.294
2020-07_gen5ou-0.json,Archen,Moves,,Endeavor,35.294
2020-07_gen5ou-0.json,Archen,Moves,,Dragon Claw,29.412
2020-07_gen5ou-0.json,Archen,Moves,,U-turn,17.647
2020-07_gen5ou-0.json,Archen,Moves,,Aerial Ace,17.647
2020-07_gen5ou-0.json,Archen,Moves,,Earthquake,17.647
2020-07_gen5ou-0.json,Archen,Moves,,Toxic,11.765
2020-07_gen5ou-0.json,Archen,Moves,,Knock Off,11.765
2020-07_gen5ou-0.json,Archen,Moves,,Facade,11.765
2020-07_gen5ou-0.json,Archen,Moves,,Rock Slide,5.882
2020-07_gen5ou-0.json,Archen,Moves,,Other,17.647
2020-07_gen5ou-0.json,Ivysaur,Stats,Raw count,,12
2020-07_gen5ou-0.json,Ivysaur,Stats,Avg. weight,,1.0
2020-07_gen5ou-0.json,Ivysaur,Stats,Viability Ceiling,,52
2020-07_gen5ou-0.json,Ivysaur,Stats,Naive,,50.000
2020-07_gen5ou-0.json,Ivysaur,Stats,Modest,,8.333
2020-07_gen5ou-0.json,Ivysaur,Stats,Hardy,,8.333
2020-07_gen5ou-0.json,Ivysaur,Abilities,,Overgrow,100.0
2020-07_gen5ou-0.json,Ivysaur,Items,,Black Sludge,50.0
2020-07_gen5ou-0.json,Ivysaur,Items,,Eviolite,16.667
2020-07_gen5ou-0.json,Ivysaur,Items,,Leftovers,8.333
2020-07_gen5ou-0.json,Ivysaur,Items,,Nothing,8.333
2020-07_gen5ou-0.json,Ivysaur,Items,,Focus Sash,8.333
2020-07_gen5ou-0.json,Ivysaur,Items,,Miracle Seed,8.333
2020-07_gen5ou-0.json,Ivysaur,Moves,,Sludge Bomb,83.333
2020-07_gen5ou-0.json,Ivysaur,Moves,,Leech Seed,75.0
2020-07_gen5ou-0.json,Ivysaur,Moves,,Giga Drain,66.667
2020-07_gen5ou-0.json,Ivysaur,Moves,,Power Whip,50.0
2020-07_gen5ou-0.json,Ivysaur,Moves,,Hidden Power Psychic,16.667
2020-07_gen5ou-0.json,Ivysaur,Moves,,Synthesis,16.667
2020-07_gen5ou-0.json,Ivysaur,Moves,,Razor Leaf,8.333
2020-07_gen5ou-0.json,Ivysaur,Moves,,Body Slam,8.333
2020-07_gen5ou-0.json,Ivysaur,Moves,,Take Down,8.333
2020-07_gen5ou-0.json,Ivysaur,Moves,,Rock Smash,8.333
2020-07_gen5ou-0.json,Ivysaur,Moves,,Solar Beam,8.333
2020-07_gen5ou-0.json,Ivysaur,Moves,,Charm,8.333
2020-07_gen5ou-0.json,Ivysaur,Moves,,Toxic,8.333
2020-07_gen5ou-0.json,Ivysaur,Moves,,Energy Ball,8.333
2020-07_gen5ou-0.json,Ivysaur,Moves,,Hidden Power Rock,8.333
2020-07_gen5ou-0.json,Ivysaur,Moves,,Other,16.667
2020-07_gen5ou-0.json,Drifloon,Stats,Raw count,,11
2020-07_gen5ou-0.json,Drifloon,Stats,Avg. weight,,1.0
2020-07_gen5ou-0.json,Drifloon,Stats,Viability Ceiling,,45
2020-07_gen5ou-0.json,Drifloon,Stats,Hardy,,100.000
2020-07_gen5ou-0.json,Drifloon,Abilities,,Aftermath,100.0
2020-07_gen5ou-0.json,Drifloon,Items,,Leftovers,100.0
2020-07_gen5ou-0.json,Drifloon,Moves,,Shadow Ball,100.0
2020-07_gen5ou-0.json,Drifloon,Moves,,Destiny Bond,100.0
2020-07_gen5ou-0.json,Drifloon,Moves,,Air Cutter,100.0
2020-07_gen5ou-0.json,Drifloon,Moves,,Frustration,100.0
2020-07_gen5ou-0.json,Snover,Stats,Raw count,,13
2020-07_gen5ou-0.json,Snover,Stats,Avg. weight,,1.0
2020-07_gen5ou-0.json,Snover,Stats,Viability Ceiling,,46
2020-07_gen5ou-0.json,Snover,Stats,Hardy,,92.308
2020-07_gen5ou-0.json,Snover,Stats,Brave,,7.692
2020-07_gen5ou-0.json,Snover,Abilities,,Snow Warning,100.0
2020-07_gen5ou-0.json,Snover,Items,,Focus Sash,100.0
2020-07_gen5ou-0.json,Snover,Moves,,Facade,92.308
2020-07_gen5ou-0.json,Snover,Moves,,Protect,92.308
2020-07_gen5ou-0.json,Snover,Moves,,Blizzard,92.308
2020-07_gen5ou-0.json,Snover,Moves,,Toxic,92.308
2020-07_gen5ou-0.json,Snover,Moves,,Hidden Power Electric,7.692
2020-07_gen5ou-0.json,Snover,Moves,,Avalanche,7.692
2020-07_gen5ou-0.json,Snover,Moves,,Other,15.385
2020-07_gen5ou-0.json,Zigzagoon,Stats,Raw count,,11
2020-07_gen5ou-0.json,Zigzagoon,Stats,Avg. weight,,1.0
2020-07_gen5ou-0.json,Zigzagoon,Stats,Viability Ceiling,,33
2020-07_gen5ou-0.json,Zigzagoon,Stats,Naughty,,81.818
2020-07_gen5ou-0.json,Zigzagoon,Stats,Adamant,,9.091
2020-07_gen5ou-0.json,Zigzagoon,Stats,Hardy,,9.091
2020-07_gen5ou-0.json,Zigzagoon,Abilities,,Quick Feet,90.909
2020-07_gen5ou-0.json,Zigzagoon,Abilities,,Pickup,9.091
2020-07_gen5ou-0.json,Zigzagoon,Items,,Focus Sash,81.818
2020-07_gen5ou-0.json,Zigzagoon,Items,,Nothing,9.091
2020-07_gen5ou-0.json,Zigzagoon,Items,,Sitrus Berry,9.091
2020-07_gen5ou-0.json,Zigzagoon,Moves,,Blizzard,81.818
2020-07_gen5ou-0.json,Zigzagoon,Moves,,Toxic,81.818
2020-07_gen5ou-0.json,Zigzagoon,Moves,,Grass Knot,81.818
2020-07_gen5ou-0.json,Zigzagoon,Moves,,Attract,81.818
2020-07_gen5ou-0.json,Zigzagoon,Moves,,Belly Drum,18.182
2020-07_gen5ou-0.json,Zigzagoon,Moves,,Protect,9.091
2020-07_gen5ou-0.json,Zigzagoon,Moves,,Seed Bomb,9.091
2020-07_gen5ou-0.json,Zigzagoon,Moves,,Iron Tail,9.091
2020-07_gen5ou-0.json,Zigzagoon,Moves,,Thunder Wave,9.091
2020-07_gen5ou-0.json,Zigzagoon,Moves,,Other,18.182
2020-07_gen5ou-0.json,Swalot,Stats,Raw count,,13
2020-07_gen5ou-0.json,Swalot,Stats,Avg. weight,,1.0
2020-07_gen5ou-0.json,Swalot,Stats,Viability Ceiling,,45
2020-07_gen5ou-0.json,Swalot,Stats,Modest,,23.077
2020-07_gen5ou-0.json,Swalot,Stats,Bold,,23.077
2020-07_gen5ou-0.json,Swalot,Abilities,,Gluttony,53.846
2020-07_gen5ou-0.json,Swalot,Abilities,,Liquid Ooze,46.154
2020-07_gen5ou-0.json,Swalot,Items,,Petaya Berry,53.846
2020-07_gen5ou-0.json,Swalot,Items,,Black Sludge,23.077
2020-07_gen5ou-0.json,Swalot,Items,,Leftovers,23.077
2020-07_gen5ou-0.json,Swalot,Moves,,Toxic,76.923
2020-07_gen5ou-0.json,Swalot,Moves,,Acid Armor,53.846
2020-07_gen5ou-0.json,Swalot,Moves,,Acid Spray,53.846
2020-07_gen5ou-0.json,Swalot,Moves,,Giga Drain,30.769
2020-07_gen5ou-0.json,Swalot,Moves,,Sludge Bomb,23.077
2020-07_gen5ou-0.json,Swalot,Moves,,Venoshock,23.077
2020-07_gen5ou-0.json,Swalot,Moves,,Sludge Wave,23.077
2020-07_gen5ou-0.json,Swalot,Moves,,Stockpile,23.077
2020-07_gen5ou-0.json,Swalot,Moves,,Pain Split,23.077
2020-07_gen5ou-0.json,Swalot,Moves,,Swallow,23.077
2020-07_gen5ou-0.json,Swalot,Moves,,Spit Up,23.077
2020-07_gen5ou-0.json,Swalot,Moves,,Encore,23.077
2020-07_gen5ou-0.json,Krokorok,Stats,Raw count,,15
2020-07_gen5ou-0.json,Krokorok,Stats,Avg. weight,,1.0
2020-07_gen5ou-0.json,Krokorok,Stats,Viability Ceiling,,33
2020-07_gen5ou-0.json,Krokorok,Stats,Jolly,,40.000
2020-07_gen5ou-0.json,Krokorok,Stats,Adamant,,40.000
2020-07_gen5ou-0.json,Krokorok,Stats,Hardy,,6.667
2020-07_gen5ou-0.json,Krokorok,Abilities,,Intimidate,66.667
2020-07_gen5ou-0.json,Krokorok,Abilities,,Moxie,33.333
2020-07_gen5ou-0.json,Krokorok,Items,,Focus Sash,40.0
2020-07_gen5ou-0.json,Krokorok,Items,,Black Glasses,33.333
2020-07_gen5ou-0.json,Krokorok,Items,,Nothing,20.0
2020-07_gen5ou-0.json,Krokorok,Items,,Choice Scarf,6.667
2020-07_gen5ou-0.json,Krokorok,Moves,,Crunch,40.0
2020-07_gen5ou-0.json,Krokorok,Moves,,Foul Play,40.0
2020-07_gen5ou-0.json,Krokorok,Moves,,Dig,40.0
2020-07_gen5ou-0.json,Krokorok,Moves,,Stone Edge,40.0
2020-07_gen5ou-0.json,Krokorok,Moves,,Sand Tomb,40.0
2020-07_gen5ou-0.json,Krokorok,Moves,,Earthquake,40.0
2020-07_gen5ou-0.json,Krokorok,Moves,,Iron Tail,33.333
2020-07_gen5ou-0.json,Krokorok,Moves,,Hidden Power Ice,20.0
2020-07_gen5ou-0.json,Krokorok,Moves,,Torment,20.0
2020-07_gen5ou-0.json,Krokorok,Moves,,Bulldoze,20.0
2020-07_gen5ou-0.json,Krokorok,Moves,,Brick Break,13.333
2020-07_gen5ou-0.json,Krokorok,Moves,,Thunder Fang,13.333
2020-07_gen5ou-0.json,Krokorok,Moves,,Knock Off,6.667
2020-07_gen5ou-0.json,Krokorok,Moves,,Dark Pulse,6.667
2020-07_gen5ou-0.json,Krokorok,Moves,,Sandstorm,6.667
2020-07_gen5ou-0.json,Krokorok,Moves,,Other,20.0
2020-07_gen5ou-0.json,Porygon,Stats,Raw count,,11
2020-07_gen5ou-0.json,Porygon,Stats,Avg. weight,,1.0
2020-07_gen5ou-0.json,Porygon,Stats,Viability Ceiling,,37
2020-07_gen5ou-0.json,Porygon,Stats,Calm,,100.000
2020-07_gen5ou-0.json,Porygon,Abilities,,Analytic,100.0
2020-07_gen5ou-0.json,Porygon,Items,,Choice Specs,100.0
2020-07_gen5ou-0.json,Porygon,Moves,,Trick,100.0
2020-07_gen5ou-0.json,Porygon,Moves,,Tri Attack,100.0
2020-07_gen5ou-0.json,Porygon,Moves,,Thunderbolt,100.0
2020-07_gen5ou-0.json,Porygon,Moves,,Ice Beam,100.0
2020-07_gen5ou-0.json,Huntail,Stats,Raw count,,11
2020-07_gen5ou-0.json,Huntail,Stats,Avg. weight,,1.0
2020-07_gen5ou-0.json,Huntail,Stats,Viability Ceiling,,46
2020-07_gen5ou-0.json,Huntail,Stats,Hardy,,54.545
2020-07_gen5ou-0.json,Huntail,Stats,Naive,,45.455
2020-07_gen5ou-0.json,Huntail,Abilities,,Water Veil,100.0
2020-07_gen5ou-0.json,Huntail,Items,,Mago Berry,54.545
2020-07_gen5ou-0.json,Huntail,Items,,Mystic Water,45.455
2020-07_gen5ou-0.json,Huntail,Moves,,Aqua Tail,100.0
2020-07_gen5ou-0.json,Huntail,Moves,,Scald,54.545
2020-07_gen5ou-0.json,Huntail,Moves,,Shell Smash,54.545
2020-07_gen5ou-0.json,Huntail,Moves,,Hydro Pump,54.545
2020-07_gen5ou-0.json,Huntail,Moves,,Crunch,45.455
2020-07_gen5ou-0.json,Huntail,Moves,,Blizzard,45.455
2020-07_gen5ou-0.json,Huntail,Moves,,Iron Defense,45.455
2020-07_gen5ou-0.json,Solosis,Stats,Raw count,,12
2020-07_gen5ou-0.json,Solosis,Stats,Avg. weight,,1.0
2020-07_gen5ou-0.json,Solosis,Stats,Viability Ceiling,,46
2020-07_gen5ou-0.json,Solosis,Stats,Mild,,58.333
2020-07_gen5ou-0.json,Solosis,Stats,Hardy,,33.333
2020-07_gen5ou-0.json,Solosis,Stats,Lax,,8.333
2020-07_gen5ou-0.json,Solosis,Abilities,,Magic Guard,100.0
2020-07_gen5ou-0.json,Solosis,Items,,Focus Sash,100.0
2020-07_gen5ou-0.json,Solosis,Moves,,Trick Room,100.0
2020-07_gen5ou-0.json,Solosis,Moves,,Endeavor,100.0
2020-07_gen5ou-0.json,Solosis,Moves,,Psychic,83.333
2020-07_gen5ou-0.json,Solosis,Moves,,Recover,58.333
2020-07_gen5ou-0.json,Solosis,Moves,,Energy Ball,41.667
2020-07_gen5ou-0.json,Solosis,Moves,,Other,16.667
2020-07_gen5ou-0.json,Grumpig,Stats,Raw count,,14
2020-07_gen5ou-0.json,Grumpig,Stats,Avg. weight,,1.0
2020-07_gen5ou-0.json,Grumpig,Stats,Viability Ceiling,,33
2020-07_gen5ou-0.json,Grumpig,Stats,Modest,,57.143
2020-07_gen5ou-0.json,Grumpig,Stats,Hardy,,42.857
2020-07_gen5ou-0.json,Grumpig,Abilities,,Thick Fat,100.0
2020-07_gen5ou-0.json,Grumpig,Items,,Quick Claw,42.857
2020-07_gen5ou-0.json,Grumpig,Items,,Focus Sash,28.571
2020-07_gen5ou-0.json,Grumpig,Items,,Leftovers,28.571
2020-07_gen5ou-0.json,Grumpig,Moves,,Calm Mind,100.0
2020-07_gen5ou-0.json,Grumpig,Moves,,Psychic,100.0
2020-07_gen5ou-0.json,Grumpig,Moves,,Trick Room,57.143
2020-07_gen5ou-0.json,Grumpig,Moves,,Focus Blast,57.143
2020-07_gen5ou-0.json,Grumpig,Moves,,Light Screen,42.857
2020-07_gen5ou-0.json,Grumpig,Moves,,Drain Punch,35.714
2020-07_gen5ou-0.json,Grumpig,Moves,,Other,7.143
2020-07_gen5ou-0.json,Wurmple,Stats,Raw count,,10
2020-07_gen5ou-0.json,Wurmple,Stats,Avg. weight,,1.0
2020-07_gen5ou-0.json,Wurmple,Stats,Viability Ceiling,,33
2020-07_gen5ou-0.json,Wurmple,Stats,Hasty,,90.000
2020-07_gen5ou-0.json,Wurmple,Stats,Jolly,,10.000
2020-07_gen5ou-0.json,Wurmple,Abilities,,Shield Dust,100.0
2020-07_gen5ou-0.json,Wurmple,Items,,Focus Sash,90.0
2020-07_gen5ou-0.json,Wurmple,Items,,Nothing,10.0
2020-07_gen5ou-0.json,Wurmple,Moves,,Bug Bite,100.0
2020-07_gen5ou-0.json,Wurmple,Moves,,String Shot,100.0
2020-07_gen5ou-0.json,Wurmple,Moves,,Snore,90.0
2020-07_gen5ou-0.json,Wurmple,Moves,,Electroweb,90.0
2020-07_gen5ou-0.json,Wurmple,Moves,,Poison Sting,10.0
2020-07_gen5ou-0.json,Wurmple,Moves,,Other,10.0
2020-07_gen5ou-0.json,Wormadam-Trash,Stats,Raw count,,13
2020-07_gen5ou-0.json,Wormadam-Trash,Stats,Avg. weight,,1.0
2020-07_gen5ou-0.json,Wormadam-Trash,Stats,Viability Ceiling,,27
2020-07_gen5ou-0.json,Wormadam-Trash,Stats,Calm,,23.077
2020-07_gen5ou-0.json,Wormadam-Trash,Abilities,,Anticipation,100.0
2020-07_gen5ou-0.json,Wormadam-Trash,Items,,Rocky Helmet,76.923
2020-07_gen5ou-0.json,Wormadam-Trash,Items,,Occa Berry,23.077
2020-07_gen5ou-0.json,Wormadam-Trash,Moves,,Stealth Rock,100.0
2020-07_gen5ou-0.json,Wormadam-Trash,Moves,,Metal Sound,76.923
2020-07_gen5ou-0.json,Wormadam-Trash,Moves,,Hidden Power Ice,61.538
2020-07_gen5ou-0.json,Wormadam-Trash,Moves,,Shadow Ball,61.538
2020-07_gen5ou-0.json,Wormadam-Trash,Moves,,Iron Defense,23.077
2020-07_gen5ou-0.json,Wormadam-Trash,Moves,,Struggle Bug,23.077
2020-07_gen5ou-0.json,Wormadam-Trash,Moves,,Toxic,23.077
2020-07_gen5ou-0.json,Wormadam-Trash,Moves,,Flash Cannon,15.385
2020-07_gen5ou-0.json,Wormadam-Trash,Moves,,Other,15.385
2020-07_gen5ou-0.json,Caterpie,Stats,Raw count,,10
2020-07_gen5ou-0.json,Caterpie,Stats,Avg. weight,,1.0
2020-07_gen5ou-0.json,Caterpie,Stats,Viability Ceiling,,33
2020-07_gen5ou-0.json,Caterpie,Stats,Naive,,90.000
2020-07_gen5ou-0.json,Caterpie,Stats,Hardy,,10.000
2020-07_gen5ou-0.json,Caterpie,Abilities,,Shield Dust,100.0
2020-07_gen5ou-0.json,Caterpie,Items,,Focus Sash,90.0
2020-07_gen5ou-0.json,Caterpie,Items,,Eviolite,10.0
2020-07_gen5ou-0.json,Caterpie,Moves,,Tackle,100.0
2020-07_gen5ou-0.json,Caterpie,Moves,,Electroweb,100.0
2020-07_gen5ou-0.json,Caterpie,Moves,,Bug Bite,100.0
2020-07_gen5ou-0.json,Caterpie,Moves,,String Shot,90.0
2020-07_gen5ou-0.json,Caterpie,Moves,,Other,10.0
2020-07_gen5ou-0.json,Mawile,Stats,Raw count,,11
2020-07_gen5ou-0.json,Mawile,Stats,Avg. weight,,1.0
2020-07_gen5ou-0.json,Mawile,Stats,Viability Ceiling,,53
2020-07_gen5ou-0.json,Mawile,Stats,Jolly,,36.364
2020-07_gen5ou-0.json,Mawile,Stats,Hardy,,36.364
2020-07_gen5ou-0.json,Mawile,Stats,Bold,,18.182
2020-07_gen5ou-0.json,Mawile,Stats,Adamant,,9.091
2020-07_gen5ou-0.json,Mawile,Abilities,,Intimidate,63.636
2020-07_gen5ou-0.json,Mawile,Abilities,,Sheer Force,36.364
2020-07_gen5ou-0.json,Mawile,Items,,Life Orb,36.364
2020-07_gen5ou-0.json,Mawile,Items,,Dark Gem,36.364
2020-07_gen5ou-0.json,Mawile,Items,,Leftovers,27.273
2020-07_gen5ou-0.json,Mawile,Moves,,Swords Dance,81.818
2020-07_gen5ou-0.json,Mawile,Moves,,Iron Head,81.818
2020-07_gen5ou-0.json,Mawile,Moves,,Sucker Punch,72.727
2020-07_gen5ou-0.json,Mawile,Moves,,Super Fang,45.455
2020-07_gen5ou-0.json,Mawile,Moves,,Thunder Punch,36.364
2020-07_gen5ou-0.json,Mawile,Moves,,Taunt,18.182
2020-07_gen5ou-0.json,Mawile,Moves,,Stealth Rock,18.182
2020-07_gen5ou-0.json,Mawile,Moves,,Pain Split,18.182
2020-07_gen5ou-0.json,Mawile,Moves,,Seismic Toss,18.182
2020-07_gen5ou-0.json,Mawile,Moves,,Other,9.091
2020-07_gen5ou-0.json,Kadabra,Stats,Raw count,,10
2020-07_gen5ou-0.json,Kadabra,Stats,Avg. weight,,1.0
2020-07_gen5ou-0.json,Kadabra,Stats,Viability Ceiling,,60
2020-07_gen5ou-0.json,Kadabra,Stats,Careful,,30.000
2020-07_gen5ou-0.json,Kadabra,Stats,Modest,,10.000
2020-07_gen5ou-0.json,Kadabra,Stats,Timid,,10.000
2020-07_gen5ou-0.json,Kadabra,Abilities,,Magic Guard,70.0
2020-07_gen5ou-0.json,Kadabra,Abilities,,Inner Focus,30.0
2020-07_gen5ou-0.json,Kadabra,Items,,Focus Sash,60.0
2020-07_gen5ou-0.json,Kadabra,Items,,Sitrus Berry,30.0
2020-07_gen5ou-0.json,Kadabra,Items,,Eviolite,10.0
2020-07_gen5ou-0.json,Kadabra,Moves,,Psychic,70.0
2020-07_gen5ou-0.json,Kadabra,Moves,,Shadow Ball,70.0
2020-07_gen5ou-0.json,Kadabra,Moves,,Calm Mind,50.0
2020-07_gen5ou-0.json,Kadabra,Moves,,Drain Punch,30.0
2020-07_gen5ou-0.json,Kadabra,Moves,,Energy Ball,30.0
2020-07_gen5ou-0.json,Kadabra,Moves,,Confusion,30.0
2020-07_gen5ou-0.json,Kadabra,Moves,,Recover,30.0
2020-07_gen5ou-0.json,Kadabra,Moves,,Hidden Power Ground,20.0
2020-07_gen5ou-0.json,Kadabra,Moves,,Signal Beam,20.0
2020-07_gen5ou-0.json,Kadabra,Moves,,Grass Knot,20.0
2020-07_gen5ou-0.json,Kadabra,Moves,,Hidden Power Fighting,20.0
2020-07_gen5ou-0.json,Kadabra,Moves,,Other,10.0
2020-07_gen5ou-0.json,Pansage,Stats,Raw count,,12
2020-07_gen5ou-0.json,Pansage,Stats,Avg. weight,,1.0
2020-07_gen5ou-0.json,Pansage,Stats,Viability Ceiling,,33
2020-07_gen5ou-0.json,Pansage,Stats,Hardy,,16.667
2020-07_gen5ou-0.json,Pansage,Stats,Gentle,,25.000
2020-07_gen5ou-0.json,Pansage,Stats,Sassy,,16.667
2020-07_gen5ou-0.json,Pansage,Stats,Jolly,,8.333
2020-07_gen5ou-0.json,Pansage,Stats,Adamant,,8.333
2020-07_gen5ou-0.json,Pansage,Abilities,,Gluttony,58.333
2020-07_gen5ou-0.json,Pansage,Abilities,,Overgrow,41.667
2020-07_gen5ou-0.json,Pansage,Items,,Nothing,25.0
2020-07_gen5ou-0.json,Pansage,Items,,Leftovers,25.0
2020-07_gen5ou-0.json,Pansage,Items,,Sitrus Berry,25.0
2020-07_gen5ou-0.json,Pansage,Items,,Eviolite,16.667
2020-07_gen5ou-0.json,Pansage,Items,,Focus Sash,8.333
2020-07_gen5ou-0.json,Pansage,Moves,,Leech Seed,41.667
2020-07_gen5ou-0.json,Pansage,Moves,,Gunk Shot,33.333
2020-07_gen5ou-0.json,Pansage,Moves,,Lick,25.0
2020-07_gen5ou-0.json,Pansage,Moves,,Vine Whip,25.0
2020-07_gen5ou-0.json,Pansage,Moves,,Dig,25.0
2020-07_gen5ou-0.json,Pansage,Moves,,Solar Beam,25.0
2020-07_gen5ou-0.json,Pansage,Moves,,Rock Tomb,25.0
2020-07_gen5ou-0.json,Pansage,Moves,,Energy Ball,25.0
2020-07_gen5ou-0.json,Pansage,Moves,,Acrobatics,25.0
2020-07_gen5ou-0.json,Pansage,Moves,,Bullet Seed,25.0
2020-07_gen5ou-0.json,Pansage,Moves,,Work Up,25.0
2020-07_gen5ou-0.json,Pansage,Moves,,Fury Swipes,25.0
2020-07_gen5ou-0.json,Pansage,Moves,,Protect,16.667
2020-07_gen5ou-0.json,Pansage,Moves,,Toxic,16.667
2020-07_gen5ou-0.json,Pansage,Moves,,Crunch,8.333
2020-07_gen5ou-0.json,Pansage,Moves,,Rest,8.333
2020-07_gen5ou-0.json,Pansage,Moves,,Low Kick,8.333
2020-07_gen5ou-0.json,Pansage,Moves,,Other,16.667
2020-07_gen5ou-0.json,Whirlipede,Stats,Raw count,,9
2020-07_gen5ou-0.json,Whirlipede,Stats,Avg. weight,,1.0
2020-07_gen5ou-0.json,Whirlipede,Stats,Viability Ceiling,,25
2020-07_gen5ou-0.json,Whirlipede,Stats,Hardy,,11.111
2020-07_gen5ou-0.json,Whirlipede,Stats,Relaxed,,11.111
2020-07_gen5ou-0.json,Whirlipede,Stats,Brave,,11.111
2020-07_gen5ou-0.json,Whirlipede,Abilities,,Poison Point,77.778
2020-07_gen5ou-0.json,Whirlipede,Abilities,,Quick Feet,22.222
2020-07_gen5ou-0.json,Whirlipede,Items,,Mental Herb,44.444
2020-07_gen5ou-0.json,Whirlipede,Items,,Nothing,33.333
2020-07_gen5ou-0.json,Whirlipede,Items,,Wacan Berry,11.111
2020-07_gen5ou-0.json,Whirlipede,Items,,Sitrus Berry,11.111
2020-07_gen5ou-0.json,Whirlipede,Moves,,Agility,44.444
2020-07_gen5ou-0.json,Whirlipede,Moves,,Spikes,44.444
2020-07_gen5ou-0.json,Whirlipede,Moves,,Toxic Spikes,44.444
2020-07_gen5ou-0.json,Whirlipede,Moves,,Endeavor,44.444
2020-07_gen5ou-0.json,Whirlipede,Moves,,Screech,33.333
2020-07_gen5ou-0.json,Whirlipede,Moves,,Struggle Bug,33.333
2020-07_gen5ou-0.json,Whirlipede,Moves,,Poison Tail,33.333
2020-07_gen5ou-0.json,Whirlipede,Moves,,Pursuit,33.333
2020-07_gen5ou-0.json,Whirlipede,Moves,,Sludge Bomb,11.111
2020-07_gen5ou-0.json,Whirlipede,Moves,,Venoshock,11.111
2020-07_gen5ou-0.json,Whirlipede,Moves,,Bug Bite,11.111
2020-07_gen5ou-0.json,Whirlipede,Moves,,Poison Sting,11.111
2020-07_gen5ou-0.json,Whirlipede,Moves,,Protect,11.111
2020-07_gen5ou-0.json,Whirlipede,Moves,,Poison Jab,11.111
2020-07_gen5ou-0.json,Whirlipede,Moves,,Rollout,11.111
2020-07_gen5ou-0.json,Whirlipede,Moves,,Other,11.111
2020-07_gen5ou-0.json,Misdreavus,Stats,Raw count,,10
2020-07_gen5ou-0.json,Misdreavus,Stats,Avg. weight,,1.0
2020-07_gen5ou-0.json,Misdreavus,Stats,Viability Ceiling,,55
2020-07_gen5ou-0.json,Misdreavus,Stats,Hardy,,30.000
2020-07_gen5ou-0.json,Misdreavus,Stats,Calm,,20.000
2020-07_gen5ou-0.json,Misdreavus,Stats,Bold,,10.000
2020-07_gen5ou-0.json,Misdreavus,Abilities,,Levitate,100.0
2020-07_gen5ou-0.json,Misdreavus,Items,,Eviolite,70.0
2020-07_gen5ou-0.json,Misdreavus,Items,,Focus Sash,30.0
2020-07_gen5ou-0.json,Misdreavus,Moves,,Heal Bell,50.0
2020-07_gen5ou-0.json,Misdreavus,Moves,,Destiny Bond,50.0
2020-07_gen5ou-0.json,Misdreavus,Moves,,Protect,40.0
2020-07_gen5ou-0.json,Misdreavus,Moves,,Trick Room,30.0
2020-07_gen5ou-0.json,Misdreavus,Moves,,Magic Coat,30.0
2020-07_gen5ou-0.json,Misdreavus,Moves,,Hex,30.0
2020-07_gen5ou-0.json,Misdreavus,Moves,,Thunder Wave,30.0
2020-07_gen5ou-0.json,Misdreavus,Moves,,Pain Split,30.0
2020-07_gen5ou-0.json,Misdreavus,Moves,,Foul Play,20.0
2020-07_gen5ou-0.json,Misdreavus,Moves,,Toxic,20.0
2020-07_gen5ou-0.json,Misdreavus,Moves,,Thunderbolt,10.0
2020-07_gen5ou-0.json,Misdreavus,Moves,,Perish Song,10.0
2020-07_gen5ou-0.json,Misdreavus,Moves,,Hidden Power Fire,10.0
2020-07_gen5ou-0.json,Misdreavus,Moves,,Mean Look,10.0
2020-07_gen5ou-0.json,Misdreavus,Moves,,Will-O-Wisp,10.0
2020-07_gen5ou-0.json,Misdreavus,Moves,,Other,20.0
2020-07_gen5ou-0.json,Granbull,Stats,Raw count,,9
2020-07_gen5ou-0.json,Granbull,Stats,Avg. weight,,1.0
2020-07_gen5ou-0.json,Granbull,Stats,Viability Ceiling,,38
2020-07_gen5ou-0.json,Granbull,Stats,Adamant,,22.222
2020-07_gen5ou-0.json,Granbull,Abilities,,Intimidate,77.778
2020-07_gen5ou-0.json,Granbull,Abilities,,Quick Feet,22.222
2020-07_gen5ou-0.json,Granbull,Items,,Expert Belt,44.444
2020-07_gen5ou-0.json,Granbull,Items,,Electric Gem,33.333
2020-07_gen5ou-0.json,Granbull,Items,,Toxic Orb,22.222
2020-07_gen5ou-0.json,Granbull,Moves,,Crunch,66.667
2020-07_gen5ou-0.json,Granbull,Moves,,Fire Punch,66.667
2020-07_gen5ou-0.json,Granbull,Moves,,Brick Break,44.444
2020-07_gen5ou-0.json,Granbull,Moves,,Ice Punch,44.444
2020-07_gen5ou-0.json,Granbull,Moves,,Rage,33.333
2020-07_gen5ou-0.json,Granbull,Moves,,Iron Tail,33.333
2020-07_gen5ou-0.json,Granbull,Moves,,Defense Curl,33.333
2020-07_gen5ou-0.json,Granbull,Moves,,Thunder Punch,33.333
2020-07_gen5ou-0.json,Granbull,Moves,,Facade,22.222
2020-07_gen5ou-0.json,Granbull,Moves,,Earthquake,22.222
2020-07_gen5ou-0.json,Corsola,Stats,Raw count,,10
2020-07_gen5ou-0.json,Corsola,Stats,Avg. weight,,1.0
2020-07_gen5ou-0.json,Corsola,Stats,Viability Ceiling,,60
2020-07_gen5ou-0.json,Corsola,Stats,Timid,,40.000
2020-07_gen5ou-0.json,Corsola,Stats,Adamant,,20.000
2020-07_gen5ou-0.json,Corsola,Stats,Modest,,10.000
2020-07_gen5ou-0.json,Corsola,Stats,Hardy,,10.000
2020-07_gen5ou-0.json,Corsola,Abilities,,Regenerator,50.0
2020-07_gen5ou-0.json,Corsola,Abilities,,Hustle,40.0
2020-07_gen5ou-0.json,Corsola,Abilities,,Natural Cure,10.0
2020-07_gen5ou-0.json,Corsola,Items,,Eject Button,40.0
2020-07_gen5ou-0.json,Corsola,Items,,Leftovers,30.0
2020-07_gen5ou-0.json,Corsola,Items,,Choice Band,20.0
2020-07_gen5ou-0.json,Corsola,Items,,Rocky Helmet,10.0
2020-07_gen5ou-0.json,Corsola,Moves,,Nothing,60.0
2020-07_gen5ou-0.json,Corsola,Moves,,Calm Mind,50.0
2020-07_gen5ou-0.json,Corsola,Moves,,Blizzard,40.0
2020-07_gen5ou-0.json,Corsola,Moves,,Reflect,40.0
2020-07_gen5ou-0.json,Corsola,Moves,,Hail,40.0
2020-07_gen5ou-0.json,Corsola,Moves,,Earth Power,20.0
2020-07_gen5ou-0.json,Corsola,Moves,,Head Smash,20.0
2020-07_gen5ou-0.json,Corsola,Moves,,Recover,20.0
2020-07_gen5ou-0.json,Corsola,Moves,,Surf,10.0
2020-07_gen5ou-0.json,Corsola,Moves,,Bubble Beam,10.0
2020-07_gen5ou-0.json,Corsola,Moves,,Scald,10.0
2020-07_gen5ou-0.json,Corsola,Moves,,Ancient Power,10.0
2020-07_gen5ou-0.json,Corsola,Moves,,Spike Cannon,10.0
2020-07_gen5ou-0.json,Corsola,Moves,,Power Gem,10.0
2020-07_gen5ou-0.json,Corsola,Moves,,Mirror Coat,10.0
2020-07_gen5ou-0.json,Corsola,Moves,,Aqua Ring,10.0
2020-07_gen5ou-0.json,Corsola,Moves,,Stealth Rock,10.0
2020-07_gen5ou-0.json,Corsola,Moves,,Other,20.0
2020-07_gen5ou-0.json,Marshtomp,Stats,Raw count,,9
2020-07_gen5ou-0.json,Marshtomp,Stats,Avg. weight,,1.0
2020-07_gen5ou-0.json,Marshtomp,Stats,Viability Ceiling,,38
2020-07_gen5ou-0.json,Marshtomp,Stats,Modest,,88.889
2020-07_gen5ou-0.json,Marshtomp,Stats,Hardy,,11.111
2020-07_gen5ou-0.json,Marshtomp,Abilities,,Torrent,100.0
2020-07_gen5ou-0.json,Marshtomp,Items,,Eviolite,88.889
2020-07_gen5ou-0.json,Marshtomp,Items,,Aguav Berry,11.111
2020-07_gen5ou-0.json,Marshtomp,Moves,,Counter,100.0
2020-07_gen5ou-0.json,Marshtomp,Moves,,Scald,88.889
2020-07_gen5ou-0.json,Marshtomp,Moves,,Mirror Coat,88.889
2020-07_gen5ou-0.json,Marshtomp,Moves,,Stealth Rock,88.889
2020-07_gen5ou-0.json,Marshtomp,Moves,,Avalanche,11.111
2020-07_gen5ou-0.json,Marshtomp,Moves,,Aqua Tail,11.111
2020-07_gen5ou-0.json,Marshtomp,Moves,,Other,11.111
2020-07_gen5ou-0.json,Shelgon,Stats,Raw count,,10
2020-07_gen5ou-0.json,Shelgon,Stats,Avg. weight,,1.0
2020-07_gen5ou-0.json,Shelgon,Stats,Viability Ceiling,,57
2020-07_gen5ou-0.json,Shelgon,Stats,Hardy,,40.000
2020-07_gen5ou-0.json,Shelgon,Stats,Impish,,20.000
2020-07_gen5ou-0.json,Shelgon,Stats,Relaxed,,20.000
2020-07_gen5ou-0.json,Shelgon,Stats,Adamant,,10.000
2020-07_gen5ou-0.json,Shelgon,Stats,Bold,,10.000
2020-07_gen5ou-0.json,Shelgon,Abilities,,Rock Head,100.0
2020-07_gen5ou-0.json,Shelgon,Items,,Eviolite,50.0
2020-07_gen5ou-0.json,Shelgon,Items,,Dragon Fang,40.0
2020-07_gen5ou-0.json,Shelgon,Items,,Life Orb,10.0
2020-07_gen5ou-0.json,Shelgon,Moves,,Dragon Claw,70.0
2020-07_gen5ou-0.json,Shelgon,Moves,,Dragon Dance,60.0
2020-07_gen5ou-0.json,Shelgon,Moves,,Dragon Pulse,40.0
2020-07_gen5ou-0.json,Shelgon,Moves,,Flamethrower,40.0
2020-07_gen5ou-0.json,Shelgon,Moves,,Double-Edge,30.0
2020-07_gen5ou-0.json,Shelgon,Moves,,Toxic,30.0
2020-07_gen5ou-0.json,Shelgon,Moves,,Crunch,20.0
2020-07_gen5ou-0.json,Shelgon,Moves,,Protect,20.0
2020-07_gen5ou-0.json,Shelgon,Moves,,Wish,20.0
2020-07_gen5ou-0.json,Shelgon,Moves,,Outrage,20.0
2020-07_gen5ou-0.json,Shelgon,Moves,,Body Slam,20.0
2020-07_gen5ou-0.json,Shelgon,Moves,,Iron Defense,10.0
2020-07_gen5ou-0.json,Shelgon,Moves,,Other,20.0
2020-07_gen5ou-0.json,Hoothoot,Stats,Raw count,,9
2020-07_gen5ou-0.json,Hoothoot,Stats,Avg. weight,,---
2020-07_gen5ou-0.json,Hoothoot,Stats,Viability Ceiling,,0
2020-07_gen5ou-0.json,Hoothoot,Stats,Hardy,,11.111
2020-07_gen5ou-0.json,Hoothoot,Abilities,,Insomnia,88.889
2020-07_gen5ou-0.json,Hoothoot,Abilities,,Tinted Lens,11.111
2020-07_gen5ou-0.json,Hoothoot,Items,,Eviolite,100.0
2020-07_gen5ou-0.json,Hoothoot,Moves,,Heat Wave,100.0
2020-07_gen5ou-0.json,Hoothoot,Moves,,Air Slash,100.0
2020-07_gen5ou-0.json,Hoothoot,Moves,,Extrasensory,88.889
2020-07_gen5ou-0.json,Hoothoot,Moves,,Facade,88.889
2020-07_gen5ou-0.json,Hoothoot,Moves,,Night Shade,11.111
2020-07_gen5ou-0.json,Hoothoot,Moves,,Other,11.111
2020-07_gen5ou-0.json,Machoke,Stats,Raw count,,10
2020-07_gen5ou-0.json,Machoke,Stats,Avg. weight,,1.0
2020-07_gen5ou-0.json,Machoke,Stats,Viability Ceiling,,57
2020-07_gen5ou-0.json,Machoke,Stats,Adamant,,70.000
2020-07_gen5ou-0.json,Machoke,Stats,Hardy,,30.000
2020-07_gen5ou-0.json,Machoke,Abilities,,No Guard,70.0
2020-07_gen5ou-0.json,Machoke,Abilities,,Guts,30.0
2020-07_gen5ou-0.json,Machoke,Items,,Eviolite,70.0
2020-07_gen5ou-0.json,Machoke,Items,,Nothing,30.0
2020-07_gen5ou-0.json,Machoke,Moves,,Dynamic Punch,70.0
2020-07_gen5ou-0.json,Machoke,Moves,,Poison Jab,70.0
2020-07_gen5ou-0.json,Machoke,Moves,,Body Slam,70.0
2020-07_gen5ou-0.json,Machoke,Moves,,Fire Punch,70.0
2020-07_gen5ou-0.json,Machoke,Moves,,Protect,30.0
2020-07_gen5ou-0.json,Machoke,Moves,,Brick Break,30.0
2020-07_gen5ou-0.json,Machoke,Moves,,Bulk Up,30.0
2020-07_gen5ou-0.json,Machoke,Moves,,Seismic Toss,30.0
2020-07_gen5ou-0.json,Karrablast,Stats,Raw count,,10
2020-07_gen5ou-0.json,Karrablast,Stats,Avg. weight,,1.0
2020-07_gen5ou-0.json,Karrablast,Stats,Viability Ceiling,,43
2020-07_gen5ou-0.json,Karrablast,Stats,Serious,,70.000
2020-07_gen5ou-0.json,Karrablast,Stats,Careful,,10.000
2020-07_gen5ou-0.json,Karrablast,Stats,Adamant,,10.000
2020-07_gen5ou-0.json,Karrablast,Stats,Lonely,,10.000
2020-07_gen5ou-0.json,Karrablast,Abilities,,Swarm,70.0
2020-07_gen5ou-0.json,Karrablast,Abilities,,No Guard,20.0
2020-07_gen5ou-0.json,Karrablast,Abilities,,Shed Skin,10.0
2020-07_gen5ou-0.json,Karrablast,Items,,Focus Sash,80.0
2020-07_gen5ou-0.json,Karrablast,Items,,Nothing,10.0
2020-07_gen5ou-0.json,Karrablast,Items,,Eviolite,10.0
2020-07_gen5ou-0.json,Karrablast,Moves,,Aerial Ace,80.0
2020-07_gen5ou-0.json,Karrablast,Moves,,Swords Dance,80.0
2020-07_gen5ou-0.json,Karrablast,Moves,,Return,70.0
2020-07_gen5ou-0.json,Karrablast,Moves,,Double-Edge,70.0
2020-07_gen5ou-0.json,Karrablast,Moves,,Counter,20.0
2020-07_gen5ou-0.json,Karrablast,Moves,,Megahorn,20.0
2020-07_gen5ou-0.json,Karrablast,Moves,,Protect,10.0
2020-07_gen5ou-0.json,Karrablast,Moves,,Headbutt,10.0
2020-07_gen5ou-0.json,Karrablast,Moves,,Struggle Bug,10.0
2020-07_gen5ou-0.json,Karrablast,Moves,,Poison Jab,10.0
2020-07_gen5ou-0.json,Karrablast,Moves,,Other,20.0
2020-07_gen5ou-0.json,Swadloon,Stats,Raw count,,11
2020-07_gen5ou-0.json,Swadloon,Stats,Avg. weight,,1.0
2020-07_gen5ou-0.json,Swadloon,Stats,Viability Ceiling,,55
2020-07_gen5ou-0.json,Swadloon,Stats,Relaxed,,9.091
2020-07_gen5ou-0.json,Swadloon,Stats,Hardy,,36.364
2020-07_gen5ou-0.json,Swadloon,Stats,Sassy,,9.091
2020-07_gen5ou-0.json,Swadloon,Abilities,,Leaf Guard,45.455
2020-07_gen5ou-0.json,Swadloon,Abilities,,Overcoat,36.364
2020-07_gen5ou-0.json,Swadloon,Abilities,,Chlorophyll,18.182
2020-07_gen5ou-0.json,Swadloon,Items,,Eviolite,54.545
2020-07_gen5ou-0.json,Swadloon,Items,,Bug Gem,36.364
2020-07_gen5ou-0.json,Swadloon,Items,,Nothing,9.091
2020-07_gen5ou-0.json,Swadloon,Moves,,Protect,54.545
2020-07_gen5ou-0.json,Swadloon,Moves,,String Shot,54.545
2020-07_gen5ou-0.json,Swadloon,Moves,,Giga Drain,45.455
2020-07_gen5ou-0.json,Swadloon,Moves,,Toxic,45.455
2020-07_gen5ou-0.json,Swadloon,Moves,,Razor Leaf,45.455
2020-07_gen5ou-0.json,Swadloon,Moves,,Solar Beam,36.364
2020-07_gen5ou-0.json,Swadloon,Moves,,Bug Buzz,36.364
2020-07_gen5ou-0.json,Swadloon,Moves,,Sunny Day,27.273
2020-07_gen5ou-0.json,Swadloon,Moves,,Mind Reader,18.182
2020-07_gen5ou-0.json,Swadloon,Moves,,Electroweb,9.091
2020-07_gen5ou-0.json,Swadloon,Moves,,Iron Defense,9.091
2020-07_gen5ou-0.json,Swadloon,Moves,,Other,18.182
2020-07_gen5ou-0.json,Patrat,Stats,Raw count,,11
2020-07_gen5ou-0.json,Patrat,Stats,Avg. weight,,1.0
2020-07_gen5ou-0.json,Patrat,Stats,Viability Ceiling,,44
2020-07_gen5ou-0.json,Patrat,Stats,Hardy,,9.091
2020-07_gen5ou-0.json,Patrat,Stats,Adamant,,9.091
2020-07_gen5ou-0.json,Patrat,Abilities,,Run Away,81.818
2020-07_gen5ou-0.json,Patrat,Abilities,,Analytic,9.091
2020-07_gen5ou-0.json,Patrat,Abilities,,Keen Eye,9.091
2020-07_gen5ou-0.json,Patrat,Items,,Nothing,90.909
2020-07_gen5ou-0.json,Patrat,Items,,Rocky Helmet,9.091
2020-07_gen5ou-0.json,Patrat,Moves,,Nothing,81.818
2020-07_gen5ou-0.json,Patrat,Moves,,Aqua Tail,72.727
2020-07_gen5ou-0.json,Patrat,Moves,,Crunch,54.545
2020-07_gen5ou-0.json,Patrat,Moves,,Gunk Shot,45.455
2020-07_gen5ou-0.json,Patrat,Moves,,Low Kick,36.364
2020-07_gen5ou-0.json,Patrat,Moves,,Baton Pass,18.182
2020-07_gen5ou-0.json,Patrat,Moves,,Tackle,18.182
2020-07_gen5ou-0.json,Patrat,Moves,,Detect,9.091
2020-07_gen5ou-0.json,Patrat,Moves,,Leer,9.091
2020-07_gen5ou-0.json,Patrat,Moves,,Mean Look,9.091
2020-07_gen5ou-0.json,Patrat,Moves,,Bite,9.091
2020-07_gen5ou-0.json,Patrat,Moves,,Screech,9.091
2020-07_gen5ou-0.json,Patrat,Moves,,Sand Attack,9.091
2020-07_gen5ou-0.json,Patrat,Moves,,Other,18.182
