source,pokemon,category,type,name,usage
2016-12_gen4ou-0.json,Infernape,Stats,Raw count,,6691
2016-12_gen4ou-0.json,Infernape,Stats,Avg. weight,,1.0
2016-12_gen4ou-0.json,Infernape,Stats,Viability Ceiling,,87
2016-12_gen4ou-0.json,Infernape,Stats,Jolly,,8.041
2016-12_gen4ou-0.json,Infernape,Stats,Naive,,6.845
2016-12_gen4ou-0.json,Infernape,Stats,Hardy,,6.696
2016-12_gen4ou-0.json,Infernape,Stats,Hasty,,2.391
2016-12_gen4ou-0.json,Infernape,Abilities,,Blaze,100.0
2016-12_gen4ou-0.json,Infernape,Items,,Life Orb,31.864
2016-12_gen4ou-0.json,Infernape,Items,,Focus Sash,14.871
2016-12_gen4ou-0.json,Infernape,Items,,Leftovers,13.451
2016-12_gen4ou-0.json,Infernape,Items,,Choice Band,13.227
2016-12_gen4ou-0.json,Infernape,Items,,Choice Scarf,8.011
2016-12_gen4ou-0.json,Infernape,Items,,Nothing,3.363
2016-12_gen4ou-0.json,Infernape,Items,,Charcoal,2.167
2016-12_gen4ou-0.json,Infernape,Items,,Expert Belt,2.122
2016-12_gen4ou-0.json,Infernape,Items,,Black Belt,1.793
2016-12_gen4ou-0.json,Infernape,Items,,Sitrus Berry,1.166
2016-12_gen4ou-0.json,Infernape,Items,,Lum Berry,1.046
2016-12_gen4ou-0.json,Infernape,Items,,Flame Plate,0.942
2016-12_gen4ou-0.json,Infernape,Items,,Choice Specs,0.897
2016-12_gen4ou-0.json,Infernape,Items,,Passho Berry,0.628
2016-12_gen4ou-0.json,Infernape,Items,,Other,4.454
2016-12_gen4ou-0.json,Infernape,Spreads,,Other,48.528
2016-12_gen4ou-0.json,Infernape,Moves,,Close Combat,83.65
2016-12_gen4ou-0.json,Infernape,Moves,,Flare Blitz,38.096
2016-12_gen4ou-0.json,Infernape,Moves,,U-turn,26.573
2016-12_gen4ou-0.json,Infernape,Moves,,Fire Blast,24.899
2016-12_gen4ou-0.json,Infernape,Moves,,Earthquake,24.645
2016-12_gen4ou-0.json,Infernape,Moves,,Thunder Punch,24.197
2016-12_gen4ou-0.json,Infernape,Moves,,Mach Punch,21.088
2016-12_gen4ou-0.json,Infernape,Moves,,Blaze Kick,17.949
2016-12_gen4ou-0.json,Infernape,Moves,,Flamethrower,15.603
2016-12_gen4ou-0.json,Infernape,Moves,,Grass Knot,15.244
2016-12_gen4ou-0.json,Infernape,Moves,,Stone Edge,10.626
2016-12_gen4ou-0.json,Infernape,Moves,,Overheat,10.238
2016-12_gen4ou-0.json,Infernape,Moves,,Hidden Power Ice,8.833
2016-12_gen4ou-0.json,Infernape,Moves,,Stealth Rock,7.652
2016-12_gen4ou-0.json,Infernape,Moves,,Fake Out,7.592
2016-12_gen4ou-0.json,Infernape,Moves,,Fire Punch,6.232
2016-12_gen4ou-0.json,Infernape,Moves,,Brick Break,5.784
2016-12_gen4ou-0.json,Infernape,Moves,,Focus Blast,4.947
2016-12_gen4ou-0.json,Infernape,Moves,,Swords Dance,4.902
2016-12_gen4ou-0.json,Infernape,Moves,,Rock Slide,2.78
2016-12_gen4ou-0.json,Infernape,Moves,,Shadow Claw,2.541
2016-12_gen4ou-0.json,Infernape,Moves,,Hidden Power Grass,2.541
2016-12_gen4ou-0.json,Infernape,Moves,,Nasty Plot,2.287
2016-12_gen4ou-0.json,Infernape,Moves,,Bulk Up,2.182
2016-12_gen4ou-0.json,Infernape,Moves,,Gunk Shot,2.167
2016-12_gen4ou-0.json,Infernape,Moves,,Dig,2.167
2016-12_gen4ou-0.json,Infernape,Moves,,Vacuum Wave,2.033
2016-12_gen4ou-0.json,Infernape,Moves,,Calm Mind,1.943
2016-12_gen4ou-0.json,Infernape,Moves,,Will-O-Wisp,1.883
2016-12_gen4ou-0.json,Infernape,Moves,,Other,18.727
2016-12_gen4ou-0.json,Dragonite,Stats,Raw count,,6205
2016-12_gen4ou-0.json,Dragonite,Stats,Avg. weight,,1.0
2016-12_gen4ou-0.json,Dragonite,Stats,Viability Ceiling,,89
2016-12_gen4ou-0.json,Dragonite,Stats,Adamant,,4.658
2016-12_gen4ou-0.json,Dragonite,Stats,Jolly,,5.737
2016-12_gen4ou-0.json,Dragonite,Stats,Hardy,,4.722
2016-12_gen4ou-0.json,Dragonite,Stats,Mild,,4.561
2016-12_gen4ou-0.json,Dragonite,Abilities,,Inner Focus,100.0
2016-12_gen4ou-0.json,Dragonite,Items,,Life Orb,24.512
2016-12_gen4ou-0.json,Dragonite,Items,,Leftovers,22.353
2016-12_gen4ou-0.json,Dragonite,Items,,Lum Berry,16.068
2016-12_gen4ou-0.json,Dragonite,Items,,Choice Band,9.718
2016-12_gen4ou-0.json,Dragonite,Items,,Choice Scarf,4.077
2016-12_gen4ou-0.json,Dragonite,Items,,Focus Sash,3.787
2016-12_gen4ou-0.json,Dragonite,Items,,Yache Berry,3.691
2016-12_gen4ou-0.json,Dragonite,Items,,Sitrus Berry,3.078
2016-12_gen4ou-0.json,Dragonite,Items,,Nothing,2.127
2016-12_gen4ou-0.json,Dragonite,Items,,Dragon Fang,2.095
2016-12_gen4ou-0.json,Dragonite,Items,,Razor Fang,2.031
2016-12_gen4ou-0.json,Dragonite,Items,,Draco Plate,1.257
2016-12_gen4ou-0.json,Dragonite,Items,,Expert Belt,1.16
2016-12_gen4ou-0.json,Dragonite,Items,,Other,4.045
2016-12_gen4ou-0.json,Dragonite,Spreads,,Other,57.647
2016-12_gen4ou-0.json,Dragonite,Moves,,Earthquake,51.249
2016-12_gen4ou-0.json,Dragonite,Moves,,Extreme Speed,46.946
2016-12_gen4ou-0.json,Dragonite,Moves,,Outrage,45.302
2016-12_gen4ou-0.json,Dragonite,Moves,,Dragon Dance,43.965
2016-12_gen4ou-0.json,Dragonite,Moves,,Dragon Claw,28.574
2016-12_gen4ou-0.json,Dragonite,Moves,,Fire Punch,28.122
2016-12_gen4ou-0.json,Dragonite,Moves,,Draco Meteor,24.11
2016-12_gen4ou-0.json,Dragonite,Moves,,Fire Blast,18.936
2016-12_gen4ou-0.json,Dragonite,Moves,,Superpower,18.34
2016-12_gen4ou-0.json,Dragonite,Moves,,Roost,14.118
2016-12_gen4ou-0.json,Dragonite,Moves,,Ice Punch,7.768
2016-12_gen4ou-0.json,Dragonite,Moves,,Thunder Punch,7.22
2016-12_gen4ou-0.json,Dragonite,Moves,,Flamethrower,6.253
2016-12_gen4ou-0.json,Dragonite,Moves,,Aqua Tail,4.932
2016-12_gen4ou-0.json,Dragonite,Moves,,Thunderbolt,4.641
2016-12_gen4ou-0.json,Dragonite,Moves,,Ice Beam,4.384
2016-12_gen4ou-0.json,Dragonite,Moves,,Blizzard,4.077
2016-12_gen4ou-0.json,Dragonite,Moves,,Waterfall,3.723
2016-12_gen4ou-0.json,Dragonite,Moves,,Aerial Ace,2.788
2016-12_gen4ou-0.json,Dragonite,Moves,,Stone Edge,2.675
2016-12_gen4ou-0.json,Dragonite,Moves,,Dragon Pulse,2.546
2016-12_gen4ou-0.json,Dragonite,Moves,,Dragon Rush,2.176
2016-12_gen4ou-0.json,Dragonite,Moves,,Fling,2.16
2016-12_gen4ou-0.json,Dragonite,Moves,,Fly,2.047
2016-12_gen4ou-0.json,Dragonite,Moves,,Thunder,1.66
2016-12_gen4ou-0.json,Dragonite,Moves,,Dynamic Punch,1.612
2016-12_gen4ou-0.json,Dragonite,Moves,,Other,19.678
2016-12_gen4ou-0.json,Tyranitar,Stats,Raw count,,6038
2016-12_gen4ou-0.json,Tyranitar,Stats,Avg. weight,,1.0
2016-12_gen4ou-0.json,Tyranitar,Stats,Viability Ceiling,,89
2016-12_gen4ou-0.json,Tyranitar,Stats,Jolly,,3.014
2016-12_gen4ou-0.json,Tyranitar,Stats,Adamant,,5.681
2016-12_gen4ou-0.json,Tyranitar,Stats,Hardy,,2.882
2016-12_gen4ou-0.json,Tyranitar,Abilities,,Sand Stream,100.0
2016-12_gen4ou-0.json,Tyranitar,Items,,Leftovers,20.454
2016-12_gen4ou-0.json,Tyranitar,Items,,Choice Band,16.032
2016-12_gen4ou-0.json,Tyranitar,Items,,Choice Scarf,14.906
2016-12_gen4ou-0.json,Tyranitar,Items,,Lum Berry,11.593
2016-12_gen4ou-0.json,Tyranitar,Items,,Shuca Berry,6.012
2016-12_gen4ou-0.json,Tyranitar,Items,,Passho Berry,5.714
2016-12_gen4ou-0.json,Tyranitar,Items,,Expert Belt,4.306
2016-12_gen4ou-0.json,Tyranitar,Items,,Life Orb,4.256
2016-12_gen4ou-0.json,Tyranitar,Items,,Focus Sash,3.561
2016-12_gen4ou-0.json,Tyranitar,Items,,Chople Berry,2.898
2016-12_gen4ou-0.json,Tyranitar,Items,,Sitrus Berry,2.319
2016-12_gen4ou-0.json,Tyranitar,Items,,Nothing,1.606
2016-12_gen4ou-0.json,Tyranitar,Items,,Babiri Berry,1.01
2016-12_gen4ou-0.json,Tyranitar,Items,,Muscle Band,0.745
2016-12_gen4ou-0.json,Tyranitar,Items,,Other,4.588
2016-12_gen4ou-0.json,Tyranitar,Spreads,,Other,58.364
2016-12_gen4ou-0.json,Tyranitar,Moves,,Crunch,73.866
2016-12_gen4ou-0.json,Tyranitar,Moves,,Stone Edge,60.318
2016-12_gen4ou-0.json,Tyranitar,Moves,,Earthquake,50.845
2016-12_gen4ou-0.json,Tyranitar,Moves,,Pursuit,37.065
2016-12_gen4ou-0.json,Tyranitar,Moves,,Dragon Dance,25.687
2016-12_gen4ou-0.json,Tyranitar,Moves,,Superpower,23.683
2016-12_gen4ou-0.json,Tyranitar,Moves,,Stealth Rock,17.771
2016-12_gen4ou-0.json,Tyranitar,Moves,,Ice Punch,17.489
2016-12_gen4ou-0.json,Tyranitar,Moves,,Fire Blast,17.175
2016-12_gen4ou-0.json,Tyranitar,Moves,,Ice Beam,6.26
2016-12_gen4ou-0.json,Tyranitar,Moves,,Fire Punch,6.012
2016-12_gen4ou-0.json,Tyranitar,Moves,,Rock Slide,5.333
2016-12_gen4ou-0.json,Tyranitar,Moves,,Aqua Tail,4.919
2016-12_gen4ou-0.json,Tyranitar,Moves,,Flamethrower,4.786
2016-12_gen4ou-0.json,Tyranitar,Moves,,Dark Pulse,4.356
2016-12_gen4ou-0.json,Tyranitar,Moves,,Blizzard,3.047
2016-12_gen4ou-0.json,Tyranitar,Moves,,Rest,3.047
2016-12_gen4ou-0.json,Tyranitar,Moves,,Dragon Claw,2.716
2016-12_gen4ou-0.json,Tyranitar,Moves,,Sleep Talk,2.435
2016-12_gen4ou-0.json,Tyranitar,Moves,,Dragon Pulse,2.286
2016-12_gen4ou-0.json,Tyranitar,Moves,,Thunder Punch,2.17
2016-12_gen4ou-0.json,Tyranitar,Moves,,Ancient Power,2.12
2016-12_gen4ou-0.json,Tyranitar,Moves,,Outrage,2.021
2016-12_gen4ou-0.json,Tyranitar,Moves,,Curse,2.004
2016-12_gen4ou-0.json,Tyranitar,Moves,,Brick Break,1.838
2016-12_gen4ou-0.json,Tyranitar,Moves,,Avalanche,1.722
2016-12_gen4ou-0.json,Tyranitar,Moves,,Other,19.029
2016-12_gen4ou-0.json,Heatran,Stats,Raw count,,5915
2016-12_gen4ou-0.json,Heatran,Stats,Avg. weight,,1.0
2016-12_gen4ou-0.json,Heatran,Stats,Viability Ceiling,,89
2016-12_gen4ou-0.json,Heatran,Stats,Timid,,5.241
2016-12_gen4ou-0.json,Heatran,Stats,Naive,,8.233
2016-12_gen4ou-0.json,Heatran,Stats,Hasty,,7.523
2016-12_gen4ou-0.json,Heatran,Stats,Calm,,5.072
2016-12_gen4ou-0.json,Heatran,Abilities,,Flash Fire,100.0
2016-12_gen4ou-0.json,Heatran,Items,,Choice Scarf,32.511
2016-12_gen4ou-0.json,Heatran,Items,,Leftovers,23.787
2016-12_gen4ou-0.json,Heatran,Items,,Shuca Berry,20.811
2016-12_gen4ou-0.json,Heatran,Items,,Passho Berry,7.151
2016-12_gen4ou-0.json,Heatran,Items,,Life Orb,5.055
2016-12_gen4ou-0.json,Heatran,Items,,Choice Specs,3.702
2016-12_gen4ou-0.json,Heatran,Items,,Focus Sash,1.944
2016-12_gen4ou-0.json,Heatran,Items,,Chople Berry,0.913
2016-12_gen4ou-0.json,Heatran,Items,,Other,4.125
2016-12_gen4ou-0.json,Heatran,Spreads,,Other,55.131
2016-12_gen4ou-0.json,Heatran,Moves,,Earth Power,85.376
2016-12_gen4ou-0.json,Heatran,Moves,,Fire Blast,61.522
2016-12_gen4ou-0.json,Heatran,Moves,,Explosion,49.67
2016-12_gen4ou-0.json,Heatran,Moves,,Stealth Rock,37.65
2016-12_gen4ou-0.json,Heatran,Moves,,Hidden Power Grass,21.555
2016-12_gen4ou-0.json,Heatran,Moves,,Flamethrower,16.145
2016-12_gen4ou-0.json,Heatran,Moves,,Dragon Pulse,14.641
2016-12_gen4ou-0.json,Heatran,Moves,,Hidden Power Ice,14.167
2016-12_gen4ou-0.json,Heatran,Moves,,Lava Plume,13.711
2016-12_gen4ou-0.json,Heatran,Moves,,Substitute,8.335
2016-12_gen4ou-0.json,Heatran,Moves,,Flash Cannon,8.25
2016-12_gen4ou-0.json,Heatran,Moves,,Will-O-Wisp,8.233
2016-12_gen4ou-0.json,Heatran,Moves,,Protect,8.183
2016-12_gen4ou-0.json,Heatran,Moves,,Toxic,6.746
2016-12_gen4ou-0.json,Heatran,Moves,,Overheat,6.458
2016-12_gen4ou-0.json,Heatran,Moves,,Roar,6.052
2016-12_gen4ou-0.json,Heatran,Moves,,Hidden Power Electric,5.951
2016-12_gen4ou-0.json,Heatran,Moves,,Taunt,5.207
2016-12_gen4ou-0.json,Heatran,Moves,,Dark Pulse,4.48
2016-12_gen4ou-0.json,Heatran,Moves,,Other,17.667
2016-12_gen4ou-0.json,Gengar,Stats,Raw count,,5248
2016-12_gen4ou-0.json,Gengar,Stats,Avg. weight,,1.0
2016-12_gen4ou-0.json,Gengar,Stats,Viability Ceiling,,88
2016-12_gen4ou-0.json,Gengar,Stats,Timid,,3.411
2016-12_gen4ou-0.json,Gengar,Stats,Hasty,,6.212
2016-12_gen4ou-0.json,Gengar,Stats,Hardy,,5.431
2016-12_gen4ou-0.json,Gengar,Abilities,,Levitate,100.0
2016-12_gen4ou-0.json,Gengar,Items,,Life Orb,31.421
2016-12_gen4ou-0.json,Gengar,Items,,Leftovers,17.835
2016-12_gen4ou-0.json,Gengar,Items,,Black Sludge,10.518
2016-12_gen4ou-0.json,Gengar,Items,,Focus Sash,9.832
2016-12_gen4ou-0.json,Gengar,Items,,Choice Scarf,9.451
2016-12_gen4ou-0.json,Gengar,Items,,Choice Specs,9.432
2016-12_gen4ou-0.json,Gengar,Items,,Lum Berry,1.982
2016-12_gen4ou-0.json,Gengar,Items,,Nothing,1.715
2016-12_gen4ou-0.json,Gengar,Items,,Sitrus Berry,1.62
2016-12_gen4ou-0.json,Gengar,Items,,Choice Band,0.819
2016-12_gen4ou-0.json,Gengar,Items,,Wide Lens,0.724
2016-12_gen4ou-0.json,Gengar,Items,,Other,4.649
2016-12_gen4ou-0.json,Gengar,Spreads,,Other,33.289
2016-12_gen4ou-0.json,Gengar,Moves,,Shadow Ball,89.634
2016-12_gen4ou-0.json,Gengar,Moves,,Focus Blast,45.941
2016-12_gen4ou-0.json,Gengar,Moves,,Thunderbolt,35.861
2016-12_gen4ou-0.json,Gengar,Moves,,Substitute,22.752
2016-12_gen4ou-0.json,Gengar,Moves,,Sludge Bomb,22.58
2016-12_gen4ou-0.json,Gengar,Moves,,Destiny Bond,20.884
2016-12_gen4ou-0.json,Gengar,Moves,,Energy Ball,16.235
2016-12_gen4ou-0.json,Gengar,Moves,,Will-O-Wisp,13.11
2016-12_gen4ou-0.json,Gengar,Moves,,Psychic,13.034
2016-12_gen4ou-0.json,Gengar,Moves,,Pain Split,11.528
2016-12_gen4ou-0.json,Gengar,Moves,,Hypnosis,11.319
2016-12_gen4ou-0.json,Gengar,Moves,,Explosion,10.213
2016-12_gen4ou-0.json,Gengar,Moves,,Hidden Power Ice,9.089
2016-12_gen4ou-0.json,Gengar,Moves,,Hidden Power Fire,9.051
2016-12_gen4ou-0.json,Gengar,Moves,,Dark Pulse,7.508
2016-12_gen4ou-0.json,Gengar,Moves,,Taunt,7.012
2016-12_gen4ou-0.json,Gengar,Moves,,Trick,5.983
2016-12_gen4ou-0.json,Gengar,Moves,,Dream Eater,5.412
2016-12_gen4ou-0.json,Gengar,Moves,,Giga Drain,3.754
2016-12_gen4ou-0.json,Gengar,Moves,,Confuse Ray,3.258
2016-12_gen4ou-0.json,Gengar,Moves,,Toxic,3.182
2016-12_gen4ou-0.json,Gengar,Moves,,Poison Jab,2.82
2016-12_gen4ou-0.json,Gengar,Moves,,Protect,2.534
2016-12_gen4ou-0.json,Gengar,Moves,,Shadow Claw,1.982
2016-12_gen4ou-0.json,Gengar,Moves,,Night Shade,1.944
2016-12_gen4ou-0.json,Gengar,Moves,,Thunder,1.848
2016-12_gen4ou-0.json,Gengar,Moves,,Disable,1.81
2016-12_gen4ou-0.json,Gengar,Moves,,Other,19.722
2016-12_gen4ou-0.json,Starmie,Stats,Raw count,,5107
2016-12_gen4ou-0.json,Starmie,Stats,Avg. weight,,1.0
2016-12_gen4ou-0.json,Starmie,Stats,Viability Ceiling,,89
2016-12_gen4ou-0.json,Starmie,Stats,Timid,,3.662
2016-12_gen4ou-0.json,Starmie,Stats,Modest,,2.408
2016-12_gen4ou-0.json,Starmie,Abilities,,Natural Cure,89.818
2016-12_gen4ou-0.json,Starmie,Abilities,,Illuminate,10.182
2016-12_gen4ou-0.json,Starmie,Items,,Leftovers,47.523
2016-12_gen4ou-0.json,Starmie,Items,,Life Orb,30.683
2016-12_gen4ou-0.json,Starmie,Items,,Choice Scarf,4.954
2016-12_gen4ou-0.json,Starmie,Items,,Choice Specs,4.092
2016-12_gen4ou-0.json,Starmie,Items,,Nothing,3.603
2016-12_gen4ou-0.json,Starmie,Items,,Expert Belt,3.309
2016-12_gen4ou-0.json,Starmie,Items,,Colbur Berry,2.291
2016-12_gen4ou-0.json,Starmie,Items,,Other,3.544
2016-12_gen4ou-0.json,Starmie,Spreads,,Other,39.064
2016-12_gen4ou-0.json,Starmie,Moves,,Rapid Spin,77.56
2016-12_gen4ou-0.json,Starmie,Moves,,Thunderbolt,74.075
2016-12_gen4ou-0.json,Starmie,Moves,,Ice Beam,59.174
2016-12_gen4ou-0.json,Starmie,Moves,,Hydro Pump,51.4
2016-12_gen4ou-0.json,Starmie,Moves,,Surf,46.289
2016-12_gen4ou-0.json,Starmie,Moves,,Recover,36.479
2016-12_gen4ou-0.json,Starmie,Moves,,Psychic,25.044
2016-12_gen4ou-0.json,Starmie,Moves,,Thunder Wave,6.462
2016-12_gen4ou-0.json,Starmie,Moves,,Trick,5.248
2016-12_gen4ou-0.json,Starmie,Moves,,Other,18.269
2016-12_gen4ou-0.json,Scizor,Stats,Raw count,,4852
2016-12_gen4ou-0.json,Scizor,Stats,Avg. weight,,1.0
2016-12_gen4ou-0.json,Scizor,Stats,Viability Ceiling,,87
2016-12_gen4ou-0.json,Scizor,Stats,Adamant,,4.782
2016-12_gen4ou-0.json,Scizor,Stats,Hardy,,2.473
2016-12_gen4ou-0.json,Scizor,Stats,Jolly,,2.473
2016-12_gen4ou-0.json,Scizor,Abilities,,Technician,91.014
2016-12_gen4ou-0.json,Scizor,Abilities,,Swarm,8.986
2016-12_gen4ou-0.json,Scizor,Items,,Choice Band,39.2
2016-12_gen4ou-0.json,Scizor,Items,,Leftovers,21.517
2016-12_gen4ou-0.json,Scizor,Items,,Life Orb,16.385
2016-12_gen4ou-0.json,Scizor,Items,,Choice Scarf,7.296
2016-12_gen4ou-0.json,Scizor,Items,,Focus Sash,3.957
2016-12_gen4ou-0.json,Scizor,Items,,Occa Berry,3.772
2016-12_gen4ou-0.json,Scizor,Items,,Nothing,1.381
2016-12_gen4ou-0.json,Scizor,Items,,Lum Berry,1.319
2016-12_gen4ou-0.json,Scizor,Items,,Iron Plate,1.195
2016-12_gen4ou-0.json,Scizor,Items,,Other,3.978
2016-12_gen4ou-0.json,Scizor,Spreads,,Other,46.063
2016-12_gen4ou-0.json,Scizor,Moves,,Bullet Punch,92.457
2016-12_gen4ou-0.json,Scizor,Moves,,U-turn,59.213
2016-12_gen4ou-0.json,Scizor,Moves,,Superpower,58.759
2016-12_gen4ou-0.json,Scizor,Moves,,Swords Dance,40.396
2016-12_gen4ou-0.json,Scizor,Moves,,Pursuit,36.851
2016-12_gen4ou-0.json,Scizor,Moves,,Bug Bite,20.445
2016-12_gen4ou-0.json,Scizor,Moves,,Roost,18.425
2016-12_gen4ou-0.json,Scizor,Moves,,Brick Break,10.532
2016-12_gen4ou-0.json,Scizor,Moves,,Aerial Ace,10.223
2016-12_gen4ou-0.json,Scizor,Moves,,Toxic,7.214
2016-12_gen4ou-0.json,Scizor,Moves,,Baton Pass,6.76
2016-12_gen4ou-0.json,Scizor,Moves,,X-Scissor,6.08
2016-12_gen4ou-0.json,Scizor,Moves,,Iron Head,4.514
2016-12_gen4ou-0.json,Scizor,Moves,,Quick Attack,3.875
2016-12_gen4ou-0.json,Scizor,Moves,,Agility,3.174
2016-12_gen4ou-0.json,Scizor,Moves,,Night Slash,2.762
2016-12_gen4ou-0.json,Scizor,Moves,,Other,18.322
2016-12_gen4ou-0.json,Flygon,Stats,Raw count,,4502
2016-12_gen4ou-0.json,Flygon,Stats,Avg. weight,,1.0
2016-12_gen4ou-0.json,Flygon,Stats,Viability Ceiling,,89
2016-12_gen4ou-0.json,Flygon,Stats,Jolly,,5.620
2016-12_gen4ou-0.json,Flygon,Stats,Adamant,,3.887
2016-12_gen4ou-0.json,Flygon,Stats,Lonely,,3.954
2016-12_gen4ou-0.json,Flygon,Abilities,,Levitate,100.0
2016-12_gen4ou-0.json,Flygon,Items,,Choice Scarf,49.045
2016-12_gen4ou-0.json,Flygon,Items,,Choice Band,18.436
2016-12_gen4ou-0.json,Flygon,Items,,Life Orb,11.395
2016-12_gen4ou-0.json,Flygon,Items,,Leftovers,8.907
2016-12_gen4ou-0.json,Flygon,Items,,Expert Belt,2.976
2016-12_gen4ou-0.json,Flygon,Items,,Yache Berry,2.332
2016-12_gen4ou-0.json,Flygon,Items,,Lum Berry,2.31
2016-12_gen4ou-0.json,Flygon,Items,,Other,4.598
2016-12_gen4ou-0.json,Flygon,Spreads,,Other,40.426
2016-12_gen4ou-0.json,Flygon,Moves,,Earthquake,97.734
2016-12_gen4ou-0.json,Flygon,Moves,,Outrage,69.214
2016-12_gen4ou-0.json,Flygon,Moves,,U-turn,67.37
2016-12_gen4ou-0.json,Flygon,Moves,,Stone Edge,27.943
2016-12_gen4ou-0.json,Flygon,Moves,,Fire Blast,27.01
2016-12_gen4ou-0.json,Flygon,Moves,,Dragon Claw,21.502
2016-12_gen4ou-0.json,Flygon,Moves,,Fire Punch,16.57
2016-12_gen4ou-0.json,Flygon,Moves,,Thunder Punch,15.393
2016-12_gen4ou-0.json,Flygon,Moves,,Draco Meteor,13.972
2016-12_gen4ou-0.json,Flygon,Moves,,Roost,13.283
2016-12_gen4ou-0.json,Flygon,Moves,,Crunch,4.309
2016-12_gen4ou-0.json,Flygon,Moves,,Rock Slide,3.554
2016-12_gen4ou-0.json,Flygon,Moves,,Fly,3.065
2016-12_gen4ou-0.json,Flygon,Moves,,Other,19.08
2016-12_gen4ou-0.json,Breloom,Stats,Raw count,,4230
2016-12_gen4ou-0.json,Breloom,Stats,Avg. weight,,1.0
2016-12_gen4ou-0.json,Breloom,Stats,Viability Ceiling,,89
2016-12_gen4ou-0.json,Breloom,Stats,Jolly,,7.139
2016-12_gen4ou-0.json,Breloom,Stats,Adamant,,4.444
2016-12_gen4ou-0.json,Breloom,Abilities,,Poison Heal,89.078
2016-12_gen4ou-0.json,Breloom,Abilities,,Effect Spore,10.922
2016-12_gen4ou-0.json,Breloom,Items,,Toxic Orb,88.392
2016-12_gen4ou-0.json,Breloom,Items,,Leftovers,3.664
2016-12_gen4ou-0.json,Breloom,Items,,Focus Sash,2.293
2016-12_gen4ou-0.json,Breloom,Items,,Life Orb,1.442
2016-12_gen4ou-0.json,Breloom,Items,,Other,4.208
2016-12_gen4ou-0.json,Breloom,Spreads,,Other,62.104
2016-12_gen4ou-0.json,Breloom,Moves,,Spore,85.012
2016-12_gen4ou-0.json,Breloom,Moves,,Seed Bomb,73.215
2016-12_gen4ou-0.json,Breloom,Moves,,Focus Punch,60.402
2016-12_gen4ou-0.json,Breloom,Moves,,Substitute,52.553
2016-12_gen4ou-0.json,Breloom,Moves,,Mach Punch,26.288
2016-12_gen4ou-0.json,Breloom,Moves,,Swords Dance,15.839
2016-12_gen4ou-0.json,Breloom,Moves,,Leech Seed,13.806
2016-12_gen4ou-0.json,Breloom,Moves,,Superpower,12.388
2016-12_gen4ou-0.json,Breloom,Moves,,Stone Edge,9.905
2016-12_gen4ou-0.json,Breloom,Moves,,Drain Punch,7.92
2016-12_gen4ou-0.json,Breloom,Moves,,Brick Break,5.035
2016-12_gen4ou-0.json,Breloom,Moves,,Thunder Punch,4.303
2016-12_gen4ou-0.json,Breloom,Moves,,Giga Drain,3.735
2016-12_gen4ou-0.json,Breloom,Moves,,Facade,3.617
2016-12_gen4ou-0.json,Breloom,Moves,,Bullet Seed,2.955
2016-12_gen4ou-0.json,Breloom,Moves,,Energy Ball,2.411
2016-12_gen4ou-0.json,Breloom,Moves,,Bulk Up,2.34
2016-12_gen4ou-0.json,Breloom,Moves,,Other,18.274
2016-12_gen4ou-0.json,Gyarados,Stats,Raw count,,4201
2016-12_gen4ou-0.json,Gyarados,Stats,Avg. weight,,1.0
2016-12_gen4ou-0.json,Gyarados,Stats,Viability Ceiling,,86
2016-12_gen4ou-0.json,Gyarados,Stats,Adamant,,4.475
2016-12_gen4ou-0.json,Gyarados,Stats,Jolly,,5.142
2016-12_gen4ou-0.json,Gyarados,Abilities,,Intimidate,100.0
2016-12_gen4ou-0.json,Gyarados,Items,,Leftovers,64.08
2016-12_gen4ou-0.json,Gyarados,Items,,Life Orb,9.593
2016-12_gen4ou-0.json,Gyarados,Items,,Lum Berry,6.237
2016-12_gen4ou-0.json,Gyarados,Items,,Wacan Berry,5.118
2016-12_gen4ou-0.json,Gyarados,Items,,Choice Band,3.333
2016-12_gen4ou-0.json,Gyarados,Items,,Nothing,1.904
2016-12_gen4ou-0.json,Gyarados,Items,,Choice Scarf,1.714
2016-12_gen4ou-0.json,Gyarados,Items,,Focus Sash,1.666
2016-12_gen4ou-0.json,Gyarados,Items,,Sitrus Berry,1.333
2016-12_gen4ou-0.json,Gyarados,Items,,Mystic Water,1.119
2016-12_gen4ou-0.json,Gyarados,Items,,Other,3.904
2016-12_gen4ou-0.json,Gyarados,Spreads,,Other,45.442
2016-12_gen4ou-0.json,Gyarados,Moves,,Waterfall,88.931
2016-12_gen4ou-0.json,Gyarados,Moves,,Dragon Dance,84.837
2016-12_gen4ou-0.json,Gyarados,Moves,,Earthquake,56.058
2016-12_gen4ou-0.json,Gyarados,Moves,,Stone Edge,33.325
2016-12_gen4ou-0.json,Gyarados,Moves,,Ice Fang,28.85
2016-12_gen4ou-0.json,Gyarados,Moves,,Taunt,21.495
2016-12_gen4ou-0.json,Gyarados,Moves,,Bounce,21.447
2016-12_gen4ou-0.json,Gyarados,Moves,,Aqua Tail,7.784
2016-12_gen4ou-0.json,Gyarados,Moves,,Outrage,6.284
2016-12_gen4ou-0.json,Gyarados,Moves,,Rest,5.046
2016-12_gen4ou-0.json,Gyarados,Moves,,Sleep Talk,4.57
2016-12_gen4ou-0.json,Gyarados,Moves,,Substitute,3.618
2016-12_gen4ou-0.json,Gyarados,Moves,,Hydro Pump,3.571
2016-12_gen4ou-0.json,Gyarados,Moves,,Bite,3.237
2016-12_gen4ou-0.json,Gyarados,Moves,,Roar,2.88
2016-12_gen4ou-0.json,Gyarados,Moves,,Thunder Wave,2.452
2016-12_gen4ou-0.json,Gyarados,Moves,,Blizzard,2.428
2016-12_gen4ou-0.json,Gyarados,Moves,,Ice Beam,2.023
2016-12_gen4ou-0.json,Gyarados,Moves,,Dragon Pulse,2.023
2016-12_gen4ou-0.json,Gyarados,Moves,,Other,19.138
2016-12_gen4ou-0.json,Jirachi,Stats,Raw count,,4126
2016-12_gen4ou-0.json,Jirachi,Stats,Avg. weight,,1.0
2016-12_gen4ou-0.json,Jirachi,Stats,Viability Ceiling,,89
2016-12_gen4ou-0.json,Jirachi,Stats,Jolly,,4.072
2016-12_gen4ou-0.json,Jirachi,Stats,Timid,,4.241
2016-12_gen4ou-0.json,Jirachi,Stats,Bold,,3.781
2016-12_gen4ou-0.json,Jirachi,Stats,Modest,,3.490
2016-12_gen4ou-0.json,Jirachi,Abilities,,Serene Grace,100.0
2016-12_gen4ou-0.json,Jirachi,Items,,Leftovers,63.621
2016-12_gen4ou-0.json,Jirachi,Items,,Choice Scarf,15.948
2016-12_gen4ou-0.json,Jirachi,Items,,Shuca Berry,5.744
2016-12_gen4ou-0.json,Jirachi,Items,,Occa Berry,3.248
2016-12_gen4ou-0.json,Jirachi,Items,,Expert Belt,2.302
2016-12_gen4ou-0.json,Jirachi,Items,,Chesto Berry,2.036
2016-12_gen4ou-0.json,Jirachi,Items,,Life Orb,1.212
2016-12_gen4ou-0.json,Jirachi,Items,,Light Clay,1.139
2016-12_gen4ou-0.json,Jirachi,Items,,Other,4.75
2016-12_gen4ou-0.json,Jirachi,Spreads,,Other,69.438
2016-12_gen4ou-0.json,Jirachi,Moves,,Iron Head,55.574
2016-12_gen4ou-0.json,Jirachi,Moves,,Psychic,42.22
2016-12_gen4ou-0.json,Jirachi,Moves,,Calm Mind,32.356
2016-12_gen4ou-0.json,Jirachi,Moves,,Fire Punch,27.654
2016-12_gen4ou-0.json,Jirachi,Moves,,Wish,26.418
2016-12_gen4ou-0.json,Jirachi,Moves,,Thunderbolt,25.4
2016-12_gen4ou-0.json,Jirachi,Moves,,Body Slam,19.438
2016-12_gen4ou-0.json,Jirachi,Moves,,U-turn,18.008
2016-12_gen4ou-0.json,Jirachi,Moves,,Grass Knot,15.56
2016-12_gen4ou-0.json,Jirachi,Moves,,Hidden Power Ground,15.342
2016-12_gen4ou-0.json,Jirachi,Moves,,Stealth Rock,13.524
2016-12_gen4ou-0.json,Jirachi,Moves,,Substitute,13.039
2016-12_gen4ou-0.json,Jirachi,Moves,,Ice Punch,12.167
2016-12_gen4ou-0.json,Jirachi,Moves,,Cosmic Power,10.664
2016-12_gen4ou-0.json,Jirachi,Moves,,Zen Headbutt,10.155
2016-12_gen4ou-0.json,Jirachi,Moves,,Thunder Wave,6.932
2016-12_gen4ou-0.json,Jirachi,Moves,,Trick,5.938
2016-12_gen4ou-0.json,Jirachi,Moves,,Thunder Punch,5.696
2016-12_gen4ou-0.json,Jirachi,Moves,,Thunder,4.726
2016-12_gen4ou-0.json,Jirachi,Moves,,Dynamic Punch,4.266
2016-12_gen4ou-0.json,Jirachi,Moves,,Toxic,2.957
2016-12_gen4ou-0.json,Jirachi,Moves,,Healing Wish,2.618
2016-12_gen4ou-0.json,Jirachi,Moves,,Hidden Power Water,2.569
2016-12_gen4ou-0.json,Jirachi,Moves,,Flash Cannon,2.327
2016-12_gen4ou-0.json,Jirachi,Moves,,Hidden Power Ice,2.278
2016-12_gen4ou-0.json,Jirachi,Moves,,Rest,2.133
2016-12_gen4ou-0.json,Jirachi,Moves,,Charge Beam,2.109
2016-12_gen4ou-0.json,Jirachi,Moves,,Other,17.935
2016-12_gen4ou-0.json,Lucario,Stats,Raw count,,3767
2016-12_gen4ou-0.json,Lucario,Stats,Avg. weight,,1.0
2016-12_gen4ou-0.json,Lucario,Stats,Viability Ceiling,,89
2016-12_gen4ou-0.json,Lucario,Stats,Jolly,,4.885
2016-12_gen4ou-0.json,Lucario,Stats,Adamant,,4.938
2016-12_gen4ou-0.json,Lucario,Stats,Hardy,,4.858
2016-12_gen4ou-0.json,Lucario,Abilities,,Steadfast,55.057
2016-12_gen4ou-0.json,Lucario,Abilities,,Inner Focus,44.943
2016-12_gen4ou-0.json,Lucario,Items,,Life Orb,43.191
2016-12_gen4ou-0.json,Lucario,Items,,Leftovers,11.548
2016-12_gen4ou-0.json,Lucario,Items,,Focus Sash,9.716
2016-12_gen4ou-0.json,Lucario,Items,,Choice Specs,9.158
2016-12_gen4ou-0.json,Lucario,Items,,Choice Scarf,5.177
2016-12_gen4ou-0.json,Lucario,Items,,Nothing,4.566
2016-12_gen4ou-0.json,Lucario,Items,,Choice Band,3.318
2016-12_gen4ou-0.json,Lucario,Items,,Fist Plate,1.752
2016-12_gen4ou-0.json,Lucario,Items,,Sitrus Berry,1.752
2016-12_gen4ou-0.json,Lucario,Items,,Expert Belt,1.646
2016-12_gen4ou-0.json,Lucario,Items,,Lum Berry,1.646
2016-12_gen4ou-0.json,Lucario,Items,,Black Belt,1.327
2016-12_gen4ou-0.json,Lucario,Items,,Scope Lens,1.035
2016-12_gen4ou-0.json,Lucario,Items,,Other,4.168
2016-12_gen4ou-0.json,Lucario,Spreads,,Other,46.456
2016-12_gen4ou-0.json,Lucario,Moves,,Close Combat,64.8
2016-12_gen4ou-0.json,Lucario,Moves,,Extreme Speed,46.27
2016-12_gen4ou-0.json,Lucario,Moves,,Swords Dance,43.271
2016-12_gen4ou-0.json,Lucario,Moves,,Aura Sphere,37.218
2016-12_gen4ou-0.json,Lucario,Moves,,Crunch,32.28
2016-12_gen4ou-0.json,Lucario,Moves,,Dragon Pulse,21.582
2016-12_gen4ou-0.json,Lucario,Moves,,Bullet Punch,19.857
2016-12_gen4ou-0.json,Lucario,Moves,,Ice Punch,14.839
2016-12_gen4ou-0.json,Lucario,Moves,,Blaze Kick,13.008
2016-12_gen4ou-0.json,Lucario,Moves,,Shadow Ball,10.672
2016-12_gen4ou-0.json,Lucario,Moves,,Vacuum Wave,10.406
2016-12_gen4ou-0.json,Lucario,Moves,,Flash Cannon,9.424
2016-12_gen4ou-0.json,Lucario,Moves,,Earthquake,8.495
2016-12_gen4ou-0.json,Lucario,Moves,,Dark Pulse,5.628
2016-12_gen4ou-0.json,Lucario,Moves,,Psychic,5.548
2016-12_gen4ou-0.json,Lucario,Moves,,Stone Edge,5.336
2016-12_gen4ou-0.json,Lucario,Moves,,Thunder Punch,4.938
2016-12_gen4ou-0.json,Lucario,Moves,,Drain Punch,4.885
2016-12_gen4ou-0.json,Lucario,Moves,,Calm Mind,4.805
2016-12_gen4ou-0.json,Lucario,Moves,,Brick Break,4.221
2016-12_gen4ou-0.json,Lucario,Moves,,Cross Chop,4.141
2016-12_gen4ou-0.json,Lucario,Moves,,Agility,4.008
2016-12_gen4ou-0.json,Lucario,Moves,,Focus Blast,2.575
2016-12_gen4ou-0.json,Lucario,Moves,,Iron Tail,2.177
2016-12_gen4ou-0.json,Lucario,Moves,,Other,19.618
2016-12_gen4ou-0.json,Metagross,Stats,Raw count,,3585
2016-12_gen4ou-0.json,Metagross,Stats,Avg. weight,,1.0
2016-12_gen4ou-0.json,Metagross,Stats,Viability Ceiling,,89
2016-12_gen4ou-0.json,Metagross,Stats,Adamant,,4.045
2016-12_gen4ou-0.json,Metagross,Stats,Hardy,,5.439
2016-12_gen4ou-0.json,Metagross,Stats,Jolly,,3.961
2016-12_gen4ou-0.json,Metagross,Abilities,,Clear Body,100.0
2016-12_gen4ou-0.json,Metagross,Items,,Lum Berry,26.192
2016-12_gen4ou-0.json,Metagross,Items,,Leftovers,23.431
2016-12_gen4ou-0.json,Metagross,Items,,Life Orb,13.612
2016-12_gen4ou-0.json,Metagross,Items,,Occa Berry,7.225
2016-12_gen4ou-0.json,Metagross,Items,,Choice Band,6.304
2016-12_gen4ou-0.json,Metagross,Items,,Choice Scarf,5.384
2016-12_gen4ou-0.json,Metagross,Items,,Shuca Berry,3.096
2016-12_gen4ou-0.json,Metagross,Items,,Nothing,1.953
2016-12_gen4ou-0.json,Metagross,Items,,Metal Coat,1.785
2016-12_gen4ou-0.json,Metagross,Items,,Iron Ball,1.618
2016-12_gen4ou-0.json,Metagross,Items,,Custap Berry,1.478
2016-12_gen4ou-0.json,Metagross,Items,,Focus Sash,1.227
2016-12_gen4ou-0.json,Metagross,Items,,Mental Herb,0.837
2016-12_gen4ou-0.json,Metagross,Items,,Expert Belt,0.837
2016-12_gen4ou-0.json,Metagross,Items,,Sitrus Berry,0.809
2016-12_gen4ou-0.json,Metagross,Items,,Other,4.212
2016-12_gen4ou-0.json,Metagross,Spreads,,Other,64.463
2016-12_gen4ou-0.json,Metagross,Moves,,Meteor Mash,73.975
2016-12_gen4ou-0.json,Metagross,Moves,,Earthquake,64.77
2016-12_gen4ou-0.json,Metagross,Moves,,Explosion,48.424
2016-12_gen4ou-0.json,Metagross,Moves,,Bullet Punch,42.343
2016-12_gen4ou-0.json,Metagross,Moves,,Stealth Rock,34.84
2016-12_gen4ou-0.json,Metagross,Moves,,Zen Headbutt,30.739
2016-12_gen4ou-0.json,Metagross,Moves,,Thunder Punch,15.983
2016-12_gen4ou-0.json,Metagross,Moves,,Ice Punch,14.84
2016-12_gen4ou-0.json,Metagross,Moves,,Agility,14.31
2016-12_gen4ou-0.json,Metagross,Moves,,Psychic,9.735
2016-12_gen4ou-0.json,Metagross,Moves,,Iron Head,6.639
2016-12_gen4ou-0.json,Metagross,Moves,,Hammer Arm,5.886
2016-12_gen4ou-0.json,Metagross,Moves,,Trick,4.212
2016-12_gen4ou-0.json,Metagross,Moves,,Flash Cannon,3.989
2016-12_gen4ou-0.json,Metagross,Moves,,Rock Polish,3.096
2016-12_gen4ou-0.json,Metagross,Moves,,Shadow Ball,3.068
2016-12_gen4ou-0.json,Metagross,Moves,,Brick Break,2.65
2016-12_gen4ou-0.json,Metagross,Moves,,Pursuit,2.483
2016-12_gen4ou-0.json,Metagross,Moves,,Other,18.02
2016-12_gen4ou-0.json,Machamp,Stats,Raw count,,3027
2016-12_gen4ou-0.json,Machamp,Stats,Avg. weight,,1.0
2016-12_gen4ou-0.json,Machamp,Stats,Viability Ceiling,,89
2016-12_gen4ou-0.json,Machamp,Stats,Adamant,,3.403
2016-12_gen4ou-0.json,Machamp,Stats,Jolly,,3.568
2016-12_gen4ou-0.json,Machamp,Abilities,,No Guard,88.437
2016-12_gen4ou-0.json,Machamp,Abilities,,Guts,11.563
2016-12_gen4ou-0.json,Machamp,Items,,Lum Berry,41.989
2016-12_gen4ou-0.json,Machamp,Items,,Leftovers,21.209
2016-12_gen4ou-0.json,Machamp,Items,,Choice Scarf,11.298
2016-12_gen4ou-0.json,Machamp,Items,,Life Orb,5.286
2016-12_gen4ou-0.json,Machamp,Items,,Focus Sash,5.021
2016-12_gen4ou-0.json,Machamp,Items,,Choice Band,3.403
2016-12_gen4ou-0.json,Machamp,Items,,Custap Berry,2.114
2016-12_gen4ou-0.json,Machamp,Items,,Muscle Band,1.652
2016-12_gen4ou-0.json,Machamp,Items,,Toxic Orb,1.487
2016-12_gen4ou-0.json,Machamp,Items,,Flame Orb,1.454
2016-12_gen4ou-0.json,Machamp,Items,,Black Belt,0.727
2016-12_gen4ou-0.json,Machamp,Items,,Other,4.361
2016-12_gen4ou-0.json,Machamp,Spreads,,Other,47.308
2016-12_gen4ou-0.json,Machamp,Moves,,Dynamic Punch,88.239
2016-12_gen4ou-0.json,Machamp,Moves,,Payback,60.423
2016-12_gen4ou-0.json,Machamp,Moves,,Stone Edge,56.525
2016-12_gen4ou-0.json,Machamp,Moves,,Bullet Punch,52.527
2016-12_gen4ou-0.json,Machamp,Moves,,Ice Punch,41.691
2016-12_gen4ou-0.json,Machamp,Moves,,Earthquake,20.912
2016-12_gen4ou-0.json,Machamp,Moves,,Fire Punch,14.701
2016-12_gen4ou-0.json,Machamp,Moves,,Substitute,10.803
2016-12_gen4ou-0.json,Machamp,Moves,,Bulk Up,6.805
2016-12_gen4ou-0.json,Machamp,Moves,,Rest,5.946
2016-12_gen4ou-0.json,Machamp,Moves,,Thunder Punch,5.913
2016-12_gen4ou-0.json,Machamp,Moves,,Close Combat,5.88
2016-12_gen4ou-0.json,Machamp,Moves,,Sleep Talk,4.757
2016-12_gen4ou-0.json,Machamp,Moves,,Cross Chop,4.658
2016-12_gen4ou-0.json,Machamp,Moves,,Protect,2.544
2016-12_gen4ou-0.json,Machamp,Moves,,Other,17.674
2016-12_gen4ou-0.json,Gliscor,Stats,Raw count,,2980
2016-12_gen4ou-0.json,Gliscor,Stats,Avg. weight,,1.0
2016-12_gen4ou-0.json,Gliscor,Stats,Viability Ceiling,,88
2016-12_gen4ou-0.json,Gliscor,Stats,Adamant,,3.490
2016-12_gen4ou-0.json,Gliscor,Stats,Hardy,,5.503
2016-12_gen4ou-0.json,Gliscor,Stats,Jolly,,4.966
2016-12_gen4ou-0.json,Gliscor,Stats,Impish,,4.966
2016-12_gen4ou-0.json,Gliscor,Stats,Careful,,4.866
2016-12_gen4ou-0.json,Gliscor,Abilities,,Hyper Cutter,100.0
2016-12_gen4ou-0.json,Gliscor,Items,,Leftovers,55.101
2016-12_gen4ou-0.json,Gliscor,Items,,Life Orb,13.154
2016-12_gen4ou-0.json,Gliscor,Items,,Yache Berry,6.711
2016-12_gen4ou-0.json,Gliscor,Items,,Nothing,4.262
2016-12_gen4ou-0.json,Gliscor,Items,,Focus Sash,3.154
2016-12_gen4ou-0.json,Gliscor,Items,,Choice Scarf,3.02
2016-12_gen4ou-0.json,Gliscor,Items,,Choice Band,2.752
2016-12_gen4ou-0.json,Gliscor,Items,,Sitrus Berry,2.181
2016-12_gen4ou-0.json,Gliscor,Items,,Toxic Orb,2.013
2016-12_gen4ou-0.json,Gliscor,Items,,Lum Berry,1.275
2016-12_gen4ou-0.json,Gliscor,Items,,Razor Fang,0.973
2016-12_gen4ou-0.json,Gliscor,Items,,Power Herb,0.503
2016-12_gen4ou-0.json,Gliscor,Items,,Other,4.899
2016-12_gen4ou-0.json,Gliscor,Spreads,,Other,69.295
2016-12_gen4ou-0.json,Gliscor,Moves,,Earthquake,83.087
2016-12_gen4ou-0.json,Gliscor,Moves,,Roost,39.43
2016-12_gen4ou-0.json,Gliscor,Moves,,Stealth Rock,28.792
2016-12_gen4ou-0.json,Gliscor,Moves,,Ice Fang,24.664
2016-12_gen4ou-0.json,Gliscor,Moves,,Taunt,23.725
2016-12_gen4ou-0.json,Gliscor,Moves,,Swords Dance,18.96
2016-12_gen4ou-0.json,Gliscor,Moves,,Toxic,16.342
2016-12_gen4ou-0.json,Gliscor,Moves,,U-turn,15.034
2016-12_gen4ou-0.json,Gliscor,Moves,,Night Slash,14.933
2016-12_gen4ou-0.json,Gliscor,Moves,,Fire Fang,13.591
2016-12_gen4ou-0.json,Gliscor,Moves,,X-Scissor,12.047
2016-12_gen4ou-0.json,Gliscor,Moves,,Stone Edge,11.98
2016-12_gen4ou-0.json,Gliscor,Moves,,Baton Pass,9.597
2016-12_gen4ou-0.json,Gliscor,Moves,,Aerial Ace,8.389
2016-12_gen4ou-0.json,Gliscor,Moves,,Knock Off,6.913
2016-12_gen4ou-0.json,Gliscor,Moves,,Aqua Tail,5.604
2016-12_gen4ou-0.json,Gliscor,Moves,,Rock Polish,5.168
2016-12_gen4ou-0.json,Gliscor,Moves,,Sleep Talk,4.899
2016-12_gen4ou-0.json,Gliscor,Moves,,Agility,4.832
2016-12_gen4ou-0.json,Gliscor,Moves,,Poison Jab,4.698
2016-12_gen4ou-0.json,Gliscor,Moves,,Rock Slide,4.329
2016-12_gen4ou-0.json,Gliscor,Moves,,Thunder Fang,4.094
2016-12_gen4ou-0.json,Gliscor,Moves,,Protect,3.826
2016-12_gen4ou-0.json,Gliscor,Moves,,Sky Attack,3.624
2016-12_gen4ou-0.json,Gliscor,Moves,,Dark Pulse,3.121
2016-12_gen4ou-0.json,Gliscor,Moves,,Double-Edge,3.121
2016-12_gen4ou-0.json,Gliscor,Moves,,Substitute,2.953
2016-12_gen4ou-0.json,Gliscor,Moves,,Brick Break,2.953
2016-12_gen4ou-0.json,Gliscor,Moves,,Other,19.295
2016-12_gen4ou-0.json,Blissey,Stats,Raw count,,2922
2016-12_gen4ou-0.json,Blissey,Stats,Avg. weight,,1.0
2016-12_gen4ou-0.json,Blissey,Stats,Viability Ceiling,,89
2016-12_gen4ou-0.json,Blissey,Stats,Bold,,6.879
2016-12_gen4ou-0.json,Blissey,Stats,Calm,,3.114
2016-12_gen4ou-0.json,Blissey,Abilities,,Natural Cure,92.266
2016-12_gen4ou-0.json,Blissey,Abilities,,Serene Grace,7.734
2016-12_gen4ou-0.json,Blissey,Items,,Leftovers,93.634
2016-12_gen4ou-0.json,Blissey,Items,,Chople Berry,2.909
2016-12_gen4ou-0.json,Blissey,Items,,Other,3.457
2016-12_gen4ou-0.json,Blissey,Spreads,,Other,45.209
2016-12_gen4ou-0.json,Blissey,Moves,,Soft-Boiled,67.591
2016-12_gen4ou-0.json,Blissey,Moves,,Seismic Toss,60.472
2016-12_gen4ou-0.json,Blissey,Moves,,Toxic,40.418
2016-12_gen4ou-0.json,Blissey,Moves,,Thunder Wave,37.166
2016-12_gen4ou-0.json,Blissey,Moves,,Protect,27.892
2016-12_gen4ou-0.json,Blissey,Moves,,Wish,27.618
2016-12_gen4ou-0.json,Blissey,Moves,,Aromatherapy,20.568
2016-12_gen4ou-0.json,Blissey,Moves,,Stealth Rock,16.53
2016-12_gen4ou-0.json,Blissey,Moves,,Flamethrower,16.085
2016-12_gen4ou-0.json,Blissey,Moves,,Heal Bell,14.1
2016-12_gen4ou-0.json,Blissey,Moves,,Ice Beam,12.457
2016-12_gen4ou-0.json,Blissey,Moves,,Counter,11.362
2016-12_gen4ou-0.json,Blissey,Moves,,Calm Mind,5.613
2016-12_gen4ou-0.json,Blissey,Moves,,Thunderbolt,3.628
2016-12_gen4ou-0.json,Blissey,Moves,,Hidden Power Ground,2.943
2016-12_gen4ou-0.json,Blissey,Moves,,Thunder,2.738
2016-12_gen4ou-0.json,Blissey,Moves,,Body Slam,2.669
2016-12_gen4ou-0.json,Blissey,Moves,,Substitute,2.43
2016-12_gen4ou-0.json,Blissey,Moves,,Psychic,1.951
2016-12_gen4ou-0.json,Blissey,Moves,,Fire Blast,1.848
2016-12_gen4ou-0.json,Blissey,Moves,,Healing Wish,1.608
2016-12_gen4ou-0.json,Blissey,Moves,,Light Screen,1.506
2016-12_gen4ou-0.json,Blissey,Moves,,Blizzard,1.403
2016-12_gen4ou-0.json,Blissey,Moves,,Other,19.405
2016-12_gen4ou-0.json,Kingdra,Stats,Raw count,,2931
2016-12_gen4ou-0.json,Kingdra,Stats,Avg. weight,,1.0
2016-12_gen4ou-0.json,Kingdra,Stats,Viability Ceiling,,88
2016-12_gen4ou-0.json,Kingdra,Stats,Adamant,,4.674
2016-12_gen4ou-0.json,Kingdra,Stats,Modest,,4.060
2016-12_gen4ou-0.json,Kingdra,Abilities,,Swift Swim,75.947
2016-12_gen4ou-0.json,Kingdra,Abilities,,Sniper,24.053
2016-12_gen4ou-0.json,Kingdra,Items,,Chesto Berry,26.51
2016-12_gen4ou-0.json,Kingdra,Items,,Life Orb,24.872
2016-12_gen4ou-0.json,Kingdra,Items,,Leftovers,16.615
2016-12_gen4ou-0.json,Kingdra,Items,,Choice Specs,6.892
2016-12_gen4ou-0.json,Kingdra,Items,,Lum Berry,6.789
2016-12_gen4ou-0.json,Kingdra,Items,,Scope Lens,4.981
2016-12_gen4ou-0.json,Kingdra,Items,,Damp Rock,2.184
2016-12_gen4ou-0.json,Kingdra,Items,,Never-Melt Ice,2.115
2016-12_gen4ou-0.json,Kingdra,Items,,Nothing,1.501
2016-12_gen4ou-0.json,Kingdra,Items,,Razor Claw,1.126
2016-12_gen4ou-0.json,Kingdra,Items,,Mystic Water,1.024
2016-12_gen4ou-0.json,Kingdra,Items,,Splash Plate,1.024
2016-12_gen4ou-0.json,Kingdra,Items,,Other,4.367
2016-12_gen4ou-0.json,Kingdra,Spreads,,Other,60.252
2016-12_gen4ou-0.json,Kingdra,Moves,,Waterfall,52.815
2016-12_gen4ou-0.json,Kingdra,Moves,,Dragon Dance,50.87
2016-12_gen4ou-0.json,Kingdra,Moves,,Outrage,49.266
2016-12_gen4ou-0.json,Kingdra,Moves,,Hydro Pump,33.675
2016-12_gen4ou-0.json,Kingdra,Moves,,Rest,30.399
2016-12_gen4ou-0.json,Kingdra,Moves,,Draco Meteor,30.058
2016-12_gen4ou-0.json,Kingdra,Moves,,Ice Beam,28.659
2016-12_gen4ou-0.json,Kingdra,Moves,,Rain Dance,26.646
2016-12_gen4ou-0.json,Kingdra,Moves,,Surf,25.281
2016-12_gen4ou-0.json,Kingdra,Moves,,Dragon Pulse,24.429
2016-12_gen4ou-0.json,Kingdra,Moves,,Substitute,9.28
2016-12_gen4ou-0.json,Kingdra,Moves,,Hidden Power Electric,7.199
2016-12_gen4ou-0.json,Kingdra,Moves,,Focus Energy,4.913
2016-12_gen4ou-0.json,Kingdra,Moves,,Signal Beam,4.606
2016-12_gen4ou-0.json,Kingdra,Moves,,Blizzard,2.9
2016-12_gen4ou-0.json,Kingdra,Moves,,Other,19.004
2016-12_gen4ou-0.json,Zapdos,Stats,Raw count,,2830
2016-12_gen4ou-0.json,Zapdos,Stats,Avg. weight,,1.0
2016-12_gen4ou-0.json,Zapdos,Stats,Viability Ceiling,,89
2016-12_gen4ou-0.json,Zapdos,Stats,Bold,,3.463
2016-12_gen4ou-0.json,Zapdos,Stats,Timid,,4.417
2016-12_gen4ou-0.json,Zapdos,Stats,Calm,,5.442
2016-12_gen4ou-0.json,Zapdos,Stats,Modest,,5.088
2016-12_gen4ou-0.json,Zapdos,Abilities,,Pressure,100.0
2016-12_gen4ou-0.json,Zapdos,Items,,Leftovers,67.668
2016-12_gen4ou-0.json,Zapdos,Items,,Choice Specs,7.88
2016-12_gen4ou-0.json,Zapdos,Items,,Life Orb,7.138
2016-12_gen4ou-0.json,Zapdos,Items,,Choice Scarf,3.746
2016-12_gen4ou-0.json,Zapdos,Items,,Magnet,3.004
2016-12_gen4ou-0.json,Zapdos,Items,,Sitrus Berry,1.696
2016-12_gen4ou-0.json,Zapdos,Items,,Lum Berry,1.555
2016-12_gen4ou-0.json,Zapdos,Items,,Focus Sash,1.201
2016-12_gen4ou-0.json,Zapdos,Items,,Nothing,1.166
2016-12_gen4ou-0.json,Zapdos,Items,,Other,4.947
2016-12_gen4ou-0.json,Zapdos,Spreads,,Other,66.89
2016-12_gen4ou-0.json,Zapdos,Moves,,Thunderbolt,86.396
2016-12_gen4ou-0.json,Zapdos,Moves,,Roost,72.756
2016-12_gen4ou-0.json,Zapdos,Moves,,Heat Wave,62.049
2016-12_gen4ou-0.json,Zapdos,Moves,,Hidden Power Ice,40.424
2016-12_gen4ou-0.json,Zapdos,Moves,,U-turn,16.961
2016-12_gen4ou-0.json,Zapdos,Moves,,Toxic,15.654
2016-12_gen4ou-0.json,Zapdos,Moves,,Substitute,13.534
2016-12_gen4ou-0.json,Zapdos,Moves,,Hidden Power Grass,12.332
2016-12_gen4ou-0.json,Zapdos,Moves,,Thunder Wave,11.201
2016-12_gen4ou-0.json,Zapdos,Moves,,Discharge,8.657
2016-12_gen4ou-0.json,Zapdos,Moves,,Drill Peck,7.597
2016-12_gen4ou-0.json,Zapdos,Moves,,Agility,7.491
2016-12_gen4ou-0.json,Zapdos,Moves,,Thunder,7.42
2016-12_gen4ou-0.json,Zapdos,Moves,,Roar,6.184
2016-12_gen4ou-0.json,Zapdos,Moves,,Hidden Power Flying,5.936
2016-12_gen4ou-0.json,Zapdos,Moves,,Extrasensory,4.77
2016-12_gen4ou-0.json,Zapdos,Moves,,Baton Pass,4.134
2016-12_gen4ou-0.json,Zapdos,Moves,,Other,16.502
2016-12_gen4ou-0.json,Skarmory,Stats,Raw count,,2849
2016-12_gen4ou-0.json,Skarmory,Stats,Avg. weight,,1.0
2016-12_gen4ou-0.json,Skarmory,Stats,Viability Ceiling,,89
2016-12_gen4ou-0.json,Skarmory,Stats,Impish,,4.247
2016-12_gen4ou-0.json,Skarmory,Stats,Careful,,4.844
2016-12_gen4ou-0.json,Skarmory,Abilities,,Keen Eye,60.197
2016-12_gen4ou-0.json,Skarmory,Abilities,,Sturdy,39.803
2016-12_gen4ou-0.json,Skarmory,Items,,Leftovers,81.818
2016-12_gen4ou-0.json,Skarmory,Items,,Shed Shell,11.267
2016-12_gen4ou-0.json,Skarmory,Items,,Lum Berry,2.562
2016-12_gen4ou-0.json,Skarmory,Items,,Other,4.352
2016-12_gen4ou-0.json,Skarmory,Spreads,,Other,55.318
2016-12_gen4ou-0.json,Skarmory,Moves,,Roost,89.645
2016-12_gen4ou-0.json,Skarmory,Moves,,Spikes,79.01
2016-12_gen4ou-0.json,Skarmory,Moves,,Whirlwind,77.325
2016-12_gen4ou-0.json,Skarmory,Moves,,Brave Bird,72.657
2016-12_gen4ou-0.json,Skarmory,Moves,,Stealth Rock,19.235
2016-12_gen4ou-0.json,Skarmory,Moves,,Taunt,11.408
2016-12_gen4ou-0.json,Skarmory,Moves,,Toxic,11.021
2016-12_gen4ou-0.json,Skarmory,Moves,,Protect,6.107
2016-12_gen4ou-0.json,Skarmory,Moves,,Roar,4.493
2016-12_gen4ou-0.json,Skarmory,Moves,,Drill Peck,4.107
2016-12_gen4ou-0.json,Skarmory,Moves,,Counter,3.861
2016-12_gen4ou-0.json,Skarmory,Moves,,Defog,2.948
2016-12_gen4ou-0.json,Skarmory,Moves,,Other,18.182
2016-12_gen4ou-0.json,Rotom-Wash,Stats,Raw count,,2769
2016-12_gen4ou-0.json,Rotom-Wash,Stats,Avg. weight,,1.0
2016-12_gen4ou-0.json,Rotom-Wash,Stats,Viability Ceiling,,88
2016-12_gen4ou-0.json,Rotom-Wash,Stats,Timid,,5.417
2016-12_gen4ou-0.json,Rotom-Wash,Stats,Bold,,5.237
2016-12_gen4ou-0.json,Rotom-Wash,Stats,Calm,,4.695
2016-12_gen4ou-0.json,Rotom-Wash,Abilities,,Levitate,100.0
2016-12_gen4ou-0.json,Rotom-Wash,Items,,Leftovers,43.915
2016-12_gen4ou-0.json,Rotom-Wash,Items,,Choice Scarf,37.486
2016-12_gen4ou-0.json,Rotom-Wash,Items,,Life Orb,6.862
2016-12_gen4ou-0.json,Rotom-Wash,Items,,Choice Specs,5.959
2016-12_gen4ou-0.json,Rotom-Wash,Items,,Damp Rock,2.167
2016-12_gen4ou-0.json,Rotom-Wash,Items,,Other,3.611
2016-12_gen4ou-0.json,Rotom-Wash,Spreads,,Other,51.101
2016-12_gen4ou-0.json,Rotom-Wash,Moves,,Thunderbolt,81.365
2016-12_gen4ou-0.json,Rotom-Wash,Moves,,Shadow Ball,67.786
2016-12_gen4ou-0.json,Rotom-Wash,Moves,,Hydro Pump,61.394
2016-12_gen4ou-0.json,Rotom-Wash,Moves,,Will-O-Wisp,40.953
2016-12_gen4ou-0.json,Rotom-Wash,Moves,,Trick,40.592
2016-12_gen4ou-0.json,Rotom-Wash,Moves,,Pain Split,29.216
2016-12_gen4ou-0.json,Rotom-Wash,Moves,,Substitute,15.349
2016-12_gen4ou-0.json,Rotom-Wash,Moves,,Hidden Power Ice,12.857
2016-12_gen4ou-0.json,Rotom-Wash,Moves,,Discharge,10.618
2016-12_gen4ou-0.json,Rotom-Wash,Moves,,Rest,8.884
2016-12_gen4ou-0.json,Rotom-Wash,Moves,,Sleep Talk,7.403
2016-12_gen4ou-0.json,Rotom-Wash,Moves,,Thunder,4.298
2016-12_gen4ou-0.json,Rotom-Wash,Moves,,Other,19.285
2016-12_gen4ou-0.json,Swampert,Stats,Raw count,,2811
2016-12_gen4ou-0.json,Swampert,Stats,Avg. weight,,1.0
2016-12_gen4ou-0.json,Swampert,Stats,Viability Ceiling,,88
2016-12_gen4ou-0.json,Swampert,Stats,Relaxed,,4.198
2016-12_gen4ou-0.json,Swampert,Stats,Adamant,,8.858
2016-12_gen4ou-0.json,Swampert,Stats,Careful,,4.340
2016-12_gen4ou-0.json,Swampert,Stats,Hardy,,3.344
2016-12_gen4ou-0.json,Swampert,Abilities,,Torrent,100.0
2016-12_gen4ou-0.json,Swampert,Items,,Leftovers,79.118
2016-12_gen4ou-0.json,Swampert,Items,,Choice Band,4.554
2016-12_gen4ou-0.json,Swampert,Items,,Nothing,2.846
2016-12_gen4ou-0.json,Swampert,Items,,Custap Berry,2.775
2016-12_gen4ou-0.json,Swampert,Items,,Sitrus Berry,1.138
2016-12_gen4ou-0.json,Swampert,Items,,Rindo Berry,1.032
2016-12_gen4ou-0.json,Swampert,Items,,Life Orb,0.996
2016-12_gen4ou-0.json,Swampert,Items,,Quick Claw,0.996
2016-12_gen4ou-0.json,Swampert,Items,,Focus Sash,0.889
2016-12_gen4ou-0.json,Swampert,Items,,Mystic Water,0.854
2016-12_gen4ou-0.json,Swampert,Items,,Other,4.803
2016-12_gen4ou-0.json,Swampert,Spreads,,Other,60.299
2016-12_gen4ou-0.json,Swampert,Moves,,Earthquake,90.822
2016-12_gen4ou-0.json,Swampert,Moves,,Stealth Rock,51.441
2016-12_gen4ou-0.json,Swampert,Moves,,Ice Beam,47.172
2016-12_gen4ou-0.json,Swampert,Moves,,Roar,37.104
2016-12_gen4ou-0.json,Swampert,Moves,,Waterfall,29.064
2016-12_gen4ou-0.json,Swampert,Moves,,Ice Punch,25.187
2016-12_gen4ou-0.json,Swampert,Moves,,Surf,16.08
2016-12_gen4ou-0.json,Swampert,Moves,,Protect,13.483
2016-12_gen4ou-0.json,Swampert,Moves,,Aqua Tail,10.637
2016-12_gen4ou-0.json,Swampert,Moves,,Avalanche,9.89
2016-12_gen4ou-0.json,Swampert,Moves,,Hydro Pump,9.0
2016-12_gen4ou-0.json,Swampert,Moves,,Toxic,6.724
2016-12_gen4ou-0.json,Swampert,Moves,,Stone Edge,5.514
2016-12_gen4ou-0.json,Swampert,Moves,,Rest,4.447
2016-12_gen4ou-0.json,Swampert,Moves,,Curse,3.7
2016-12_gen4ou-0.json,Swampert,Moves,,Blizzard,3.664
2016-12_gen4ou-0.json,Swampert,Moves,,Hidden Power Electric,3.664
2016-12_gen4ou-0.json,Swampert,Moves,,Hammer Arm,3.486
2016-12_gen4ou-0.json,Swampert,Moves,,Endure,2.775
2016-12_gen4ou-0.json,Swampert,Moves,,Endeavor,2.739
2016-12_gen4ou-0.json,Swampert,Moves,,Superpower,2.348
2016-12_gen4ou-0.json,Swampert,Moves,,Brick Break,2.17
2016-12_gen4ou-0.json,Swampert,Moves,,Other,18.89
2016-12_gen4ou-0.json,Azelf,Stats,Raw count,,2581
2016-12_gen4ou-0.json,Azelf,Stats,Avg. weight,,1.0
2016-12_gen4ou-0.json,Azelf,Stats,Viability Ceiling,,89
2016-12_gen4ou-0.json,Azelf,Stats,Timid,,5.657
2016-12_gen4ou-0.json,Azelf,Stats,Jolly,,5.424
2016-12_gen4ou-0.json,Azelf,Abilities,,Levitate,100.0
2016-12_gen4ou-0.json,Azelf,Items,,Focus Sash,34.676
2016-12_gen4ou-0.json,Azelf,Items,,Life Orb,13.832
2016-12_gen4ou-0.json,Azelf,Items,,Choice Band,10.849
2016-12_gen4ou-0.json,Azelf,Items,,Leftovers,9.337
2016-12_gen4ou-0.json,Azelf,Items,,Colbur Berry,7.555
2016-12_gen4ou-0.json,Azelf,Items,,Lum Berry,7.09
2016-12_gen4ou-0.json,Azelf,Items,,Light Clay,6.199
2016-12_gen4ou-0.json,Azelf,Items,,Choice Scarf,3.758
2016-12_gen4ou-0.json,Azelf,Items,,Choice Specs,2.286
2016-12_gen4ou-0.json,Azelf,Items,,Other,4.417
2016-12_gen4ou-0.json,Azelf,Spreads,,Other,53.08
2016-12_gen4ou-0.json,Azelf,Moves,,Explosion,65.633
2016-12_gen4ou-0.json,Azelf,Moves,,Stealth Rock,57.962
2016-12_gen4ou-0.json,Azelf,Moves,,Psychic,46.804
2016-12_gen4ou-0.json,Azelf,Moves,,Taunt,37.117
2016-12_gen4ou-0.json,Azelf,Moves,,U-turn,26.114
2016-12_gen4ou-0.json,Azelf,Moves,,Zen Headbutt,20.341
2016-12_gen4ou-0.json,Azelf,Moves,,Fire Blast,16.893
2016-12_gen4ou-0.json,Azelf,Moves,,Flamethrower,15.149
2016-12_gen4ou-0.json,Azelf,Moves,,Nasty Plot,9.802
2016-12_gen4ou-0.json,Azelf,Moves,,Thunder Wave,9.57
2016-12_gen4ou-0.json,Azelf,Moves,,Trick,9.26
2016-12_gen4ou-0.json,Azelf,Moves,,Thunderbolt,8.873
2016-12_gen4ou-0.json,Azelf,Moves,,Energy Ball,7.671
2016-12_gen4ou-0.json,Azelf,Moves,,Toxic,7.555
2016-12_gen4ou-0.json,Azelf,Moves,,Light Screen,7.168
2016-12_gen4ou-0.json,Azelf,Moves,,Reflect,6.935
2016-12_gen4ou-0.json,Azelf,Moves,,Grass Knot,4.688
2016-12_gen4ou-0.json,Azelf,Moves,,Fire Punch,4.533
2016-12_gen4ou-0.json,Azelf,Moves,,Calm Mind,4.417
2016-12_gen4ou-0.json,Azelf,Moves,,Ice Punch,4.068
2016-12_gen4ou-0.json,Azelf,Moves,,Shadow Ball,3.913
2016-12_gen4ou-0.json,Azelf,Moves,,Rain Dance,3.681
2016-12_gen4ou-0.json,Azelf,Moves,,Hidden Power Fighting,3.603
2016-12_gen4ou-0.json,Azelf,Moves,,Other,18.249
2016-12_gen4ou-0.json,Electivire,Stats,Raw count,,2666
2016-12_gen4ou-0.json,Electivire,Stats,Avg. weight,,1.0
2016-12_gen4ou-0.json,Electivire,Stats,Viability Ceiling,,82
2016-12_gen4ou-0.json,Electivire,Stats,Adamant,,5.851
2016-12_gen4ou-0.json,Electivire,Stats,Jolly,,4.126
2016-12_gen4ou-0.json,Electivire,Stats,Hardy,,11.328
2016-12_gen4ou-0.json,Electivire,Stats,Lonely,,3.038
2016-12_gen4ou-0.json,Electivire,Abilities,,Motor Drive,100.0
2016-12_gen4ou-0.json,Electivire,Items,,Leftovers,21.868
2016-12_gen4ou-0.json,Electivire,Items,,Life Orb,21.418
2016-12_gen4ou-0.json,Electivire,Items,,Expert Belt,11.703
2016-12_gen4ou-0.json,Electivire,Items,,Choice Scarf,8.89
2016-12_gen4ou-0.json,Electivire,Items,,Focus Sash,8.815
2016-12_gen4ou-0.json,Electivire,Items,,Choice Band,6.639
2016-12_gen4ou-0.json,Electivire,Items,,Nothing,5.176
2016-12_gen4ou-0.json,Electivire,Items,,Sitrus Berry,3.038
2016-12_gen4ou-0.json,Electivire,Items,,Magnet,2.063
2016-12_gen4ou-0.json,Electivire,Items,,Choice Specs,1.913
2016-12_gen4ou-0.json,Electivire,Items,,Quick Claw,1.463
2016-12_gen4ou-0.json,Electivire,Items,,Lum Berry,1.163
2016-12_gen4ou-0.json,Electivire,Items,,Shuca Berry,1.013
2016-12_gen4ou-0.json,Electivire,Items,,Other,4.839
2016-12_gen4ou-0.json,Electivire,Spreads,,Other,41.073
2016-12_gen4ou-0.json,Electivire,Moves,,Thunder Punch,69.917
2016-12_gen4ou-0.json,Electivire,Moves,,Earthquake,67.854
2016-12_gen4ou-0.json,Electivire,Moves,,Ice Punch,57.764
2016-12_gen4ou-0.json,Electivire,Moves,,Cross Chop,40.21
2016-12_gen4ou-0.json,Electivire,Moves,,Fire Punch,39.985
2016-12_gen4ou-0.json,Electivire,Moves,,Thunderbolt,20.743
2016-12_gen4ou-0.json,Electivire,Moves,,Thunder,15.866
2016-12_gen4ou-0.json,Electivire,Moves,,Brick Break,13.503
2016-12_gen4ou-0.json,Electivire,Moves,,Flamethrower,12.866
2016-12_gen4ou-0.json,Electivire,Moves,,Discharge,12.828
2016-12_gen4ou-0.json,Electivire,Moves,,Focus Blast,5.064
2016-12_gen4ou-0.json,Electivire,Moves,,Thunder Wave,4.576
2016-12_gen4ou-0.json,Electivire,Moves,,Hidden Power Ice,3.788
2016-12_gen4ou-0.json,Electivire,Moves,,Psychic,3.601
2016-12_gen4ou-0.json,Electivire,Moves,,Hidden Power Grass,2.251
2016-12_gen4ou-0.json,Electivire,Moves,,Toxic,1.988
2016-12_gen4ou-0.json,Electivire,Moves,,Body Slam,1.763
2016-12_gen4ou-0.json,Electivire,Moves,,Protect,1.688
2016-12_gen4ou-0.json,Electivire,Moves,,Rock Slide,1.575
2016-12_gen4ou-0.json,Electivire,Moves,,Double-Edge,1.538
2016-12_gen4ou-0.json,Electivire,Moves,,Rest,1.5
2016-12_gen4ou-0.json,Electivire,Moves,,Other,19.13
2016-12_gen4ou-0.json,Togekiss,Stats,Raw count,,2455
2016-12_gen4ou-0.json,Togekiss,Stats,Avg. weight,,1.0
2016-12_gen4ou-0.json,Togekiss,Stats,Viability Ceiling,,85
2016-12_gen4ou-0.json,Togekiss,Stats,Modest,,4.684
2016-12_gen4ou-0.json,Togekiss,Stats,Timid,,12.301
2016-12_gen4ou-0.json,Togekiss,Stats,Calm,,7.576
2016-12_gen4ou-0.json,Togekiss,Stats,Hardy,,5.377
2016-12_gen4ou-0.json,Togekiss,Stats,Mild,,3.544
2016-12_gen4ou-0.json,Togekiss,Abilities,,Serene Grace,81.426
2016-12_gen4ou-0.json,Togekiss,Abilities,,Hustle,18.574
2016-12_gen4ou-0.json,Togekiss,Items,,Leftovers,48.269
2016-12_gen4ou-0.json,Togekiss,Items,,Focus Sash,13.768
2016-12_gen4ou-0.json,Togekiss,Items,,Choice Scarf,12.098
2016-12_gen4ou-0.json,Togekiss,Items,,King's Rock,3.87
2016-12_gen4ou-0.json,Togekiss,Items,,Lum Berry,3.381
2016-12_gen4ou-0.json,Togekiss,Items,,Life Orb,3.096
2016-12_gen4ou-0.json,Togekiss,Items,,Sitrus Berry,3.055
2016-12_gen4ou-0.json,Togekiss,Items,,Nothing,2.892
2016-12_gen4ou-0.json,Togekiss,Items,,Choice Specs,2.77
2016-12_gen4ou-0.json,Togekiss,Items,,Shell Bell,2.403
2016-12_gen4ou-0.json,Togekiss,Items,,Other,4.399
2016-12_gen4ou-0.json,Togekiss,Spreads,,Other,52.627
2016-12_gen4ou-0.json,Togekiss,Moves,,Air Slash,92.831
2016-12_gen4ou-0.json,Togekiss,Moves,,Aura Sphere,60.855
2016-12_gen4ou-0.json,Togekiss,Moves,,Roost,34.257
2016-12_gen4ou-0.json,Togekiss,Moves,,Thunder Wave,29.491
2016-12_gen4ou-0.json,Togekiss,Moves,,Nasty Plot,22.974
2016-12_gen4ou-0.json,Togekiss,Moves,,Extreme Speed,15.927
2016-12_gen4ou-0.json,Togekiss,Moves,,Flamethrower,14.42
2016-12_gen4ou-0.json,Togekiss,Moves,,Endeavor,12.179
2016-12_gen4ou-0.json,Togekiss,Moves,,Fire Blast,11.772
2016-12_gen4ou-0.json,Togekiss,Moves,,Ancient Power,10.957
2016-12_gen4ou-0.json,Togekiss,Moves,,Trick,10.224
2016-12_gen4ou-0.json,Togekiss,Moves,,Tri Attack,7.536
2016-12_gen4ou-0.json,Togekiss,Moves,,Shadow Ball,7.006
2016-12_gen4ou-0.json,Togekiss,Moves,,Baton Pass,6.64
2016-12_gen4ou-0.json,Togekiss,Moves,,Psychic,5.499
2016-12_gen4ou-0.json,Togekiss,Moves,,Heal Bell,4.603
2016-12_gen4ou-0.json,Togekiss,Moves,,Body Slam,4.236
2016-12_gen4ou-0.json,Togekiss,Moves,,Defog,4.114
2016-12_gen4ou-0.json,Togekiss,Moves,,Extrasensory,4.033
2016-12_gen4ou-0.json,Togekiss,Moves,,Grass Knot,3.992
2016-12_gen4ou-0.json,Togekiss,Moves,,Wish,3.87
2016-12_gen4ou-0.json,Togekiss,Moves,,Soft-Boiled,2.892
2016-12_gen4ou-0.json,Togekiss,Moves,,Substitute,2.892
2016-12_gen4ou-0.json,Togekiss,Moves,,Sunny Day,2.729
2016-12_gen4ou-0.json,Togekiss,Moves,,Double-Edge,1.792
2016-12_gen4ou-0.json,Togekiss,Moves,,Drain Punch,1.711
2016-12_gen4ou-0.json,Togekiss,Moves,,Water Pulse,1.548
2016-12_gen4ou-0.json,Togekiss,Moves,,Other,19.022
2016-12_gen4ou-0.json,Empoleon,Stats,Raw count,,2365
2016-12_gen4ou-0.json,Empoleon,Stats,Avg. weight,,1.0
2016-12_gen4ou-0.json,Empoleon,Stats,Viability Ceiling,,86
2016-12_gen4ou-0.json,Empoleon,Stats,Hardy,,9.810
2016-12_gen4ou-0.json,Empoleon,Stats,Modest,,4.017
2016-12_gen4ou-0.json,Empoleon,Stats,Mild,,5.877
2016-12_gen4ou-0.json,Empoleon,Abilities,,Torrent,100.0
2016-12_gen4ou-0.json,Empoleon,Items,,Leftovers,22.537
2016-12_gen4ou-0.json,Empoleon,Items,,Focus Sash,19.493
2016-12_gen4ou-0.json,Empoleon,Items,,Petaya Berry,13.235
2016-12_gen4ou-0.json,Empoleon,Items,,Life Orb,9.852
2016-12_gen4ou-0.json,Empoleon,Items,,Shuca Berry,5.877
2016-12_gen4ou-0.json,Empoleon,Items,,Nothing,4.905
2016-12_gen4ou-0.json,Empoleon,Items,,Mystic Water,4.693
2016-12_gen4ou-0.json,Empoleon,Items,,Sitrus Berry,3.51
2016-12_gen4ou-0.json,Empoleon,Items,,Chople Berry,2.918
2016-12_gen4ou-0.json,Empoleon,Items,,Choice Specs,1.903
2016-12_gen4ou-0.json,Empoleon,Items,,Lum Berry,1.649
2016-12_gen4ou-0.json,Empoleon,Items,,Choice Band,1.438
2016-12_gen4ou-0.json,Empoleon,Items,,Shell Bell,0.888
2016-12_gen4ou-0.json,Empoleon,Items,,Wave Incense,0.846
2016-12_gen4ou-0.json,Empoleon,Items,,Never-Melt Ice,0.803
2016-12_gen4ou-0.json,Empoleon,Items,,Choice Scarf,0.803
2016-12_gen4ou-0.json,Empoleon,Items,,Other,4.651
2016-12_gen4ou-0.json,Empoleon,Spreads,,Other,56.617
2016-12_gen4ou-0.json,Empoleon,Moves,,Ice Beam,59.831
2016-12_gen4ou-0.json,Empoleon,Moves,,Surf,48.499
2016-12_gen4ou-0.json,Empoleon,Moves,,Hydro Pump,45.835
2016-12_gen4ou-0.json,Empoleon,Moves,,Grass Knot,31.755
2016-12_gen4ou-0.json,Empoleon,Moves,,Flash Cannon,26.638
2016-12_gen4ou-0.json,Empoleon,Moves,,Agility,26.512
2016-12_gen4ou-0.json,Empoleon,Moves,,Stealth Rock,26.427
2016-12_gen4ou-0.json,Empoleon,Moves,,Aqua Jet,23.425
2016-12_gen4ou-0.json,Empoleon,Moves,,Blizzard,12.558
2016-12_gen4ou-0.json,Empoleon,Moves,,Substitute,12.135
2016-12_gen4ou-0.json,Empoleon,Moves,,Drill Peck,11.755
2016-12_gen4ou-0.json,Empoleon,Moves,,Earthquake,9.81
2016-12_gen4ou-0.json,Empoleon,Moves,,Hydro Cannon,8.076
2016-12_gen4ou-0.json,Empoleon,Moves,,Hidden Power Electric,6.427
2016-12_gen4ou-0.json,Empoleon,Moves,,Protect,3.932
2016-12_gen4ou-0.json,Empoleon,Moves,,Avalanche,3.805
2016-12_gen4ou-0.json,Empoleon,Moves,,Waterfall,3.805
2016-12_gen4ou-0.json,Empoleon,Moves,,Toxic,3.467
2016-12_gen4ou-0.json,Empoleon,Moves,,Defog,3.087
2016-12_gen4ou-0.json,Empoleon,Moves,,Roar,2.875
2016-12_gen4ou-0.json,Empoleon,Moves,,Signal Beam,2.368
2016-12_gen4ou-0.json,Empoleon,Moves,,Steel Wing,2.156
2016-12_gen4ou-0.json,Empoleon,Moves,,Brick Break,1.86
2016-12_gen4ou-0.json,Empoleon,Moves,,Swords Dance,1.86
2016-12_gen4ou-0.json,Empoleon,Moves,,Aqua Ring,1.691
2016-12_gen4ou-0.json,Empoleon,Moves,,Other,19.408
2016-12_gen4ou-0.json,Weavile,Stats,Raw count,,2207
2016-12_gen4ou-0.json,Weavile,Stats,Avg. weight,,1.0
2016-12_gen4ou-0.json,Weavile,Stats,Viability Ceiling,,89
2016-12_gen4ou-0.json,Weavile,Stats,Jolly,,2.447
2016-12_gen4ou-0.json,Weavile,Stats,Adamant,,4.304
2016-12_gen4ou-0.json,Weavile,Stats,Hardy,,3.670
2016-12_gen4ou-0.json,Weavile,Abilities,,Pressure,100.0
2016-12_gen4ou-0.json,Weavile,Items,,Life Orb,38.967
2016-12_gen4ou-0.json,Weavile,Items,,Focus Sash,16.765
2016-12_gen4ou-0.json,Weavile,Items,,Expert Belt,15.134
2016-12_gen4ou-0.json,Weavile,Items,,Choice Band,12.551
2016-12_gen4ou-0.json,Weavile,Items,,Leftovers,4.078
2016-12_gen4ou-0.json,Weavile,Items,,Never-Melt Ice,2.673
2016-12_gen4ou-0.json,Weavile,Items,,Choice Scarf,1.812
2016-12_gen4ou-0.json,Weavile,Items,,Nothing,1.722
2016-12_gen4ou-0.json,Weavile,Items,,Muscle Band,1.087
2016-12_gen4ou-0.json,Weavile,Items,,Razor Claw,0.77
2016-12_gen4ou-0.json,Weavile,Items,,Other,4.44
2016-12_gen4ou-0.json,Weavile,Spreads,,Other,19.257
2016-12_gen4ou-0.json,Weavile,Moves,,Night Slash,71.953
2016-12_gen4ou-0.json,Weavile,Moves,,Ice Shard,67.83
2016-12_gen4ou-0.json,Weavile,Moves,,Low Kick,58.949
2016-12_gen4ou-0.json,Weavile,Moves,,Ice Punch,49.252
2016-12_gen4ou-0.json,Weavile,Moves,,Pursuit,46.534
2016-12_gen4ou-0.json,Weavile,Moves,,Fake Out,19.891
2016-12_gen4ou-0.json,Weavile,Moves,,Brick Break,15.315
2016-12_gen4ou-0.json,Weavile,Moves,,Swords Dance,9.832
2016-12_gen4ou-0.json,Weavile,Moves,,Poison Jab,7.295
2016-12_gen4ou-0.json,Weavile,Moves,,Dark Pulse,5.981
2016-12_gen4ou-0.json,Weavile,Moves,,X-Scissor,5.392
2016-12_gen4ou-0.json,Weavile,Moves,,Taunt,4.531
2016-12_gen4ou-0.json,Weavile,Moves,,Ice Beam,4.123
2016-12_gen4ou-0.json,Weavile,Moves,,Avalanche,4.033
2016-12_gen4ou-0.json,Weavile,Moves,,Knock Off,3.625
2016-12_gen4ou-0.json,Weavile,Moves,,Blizzard,3.126
2016-12_gen4ou-0.json,Weavile,Moves,,Aerial Ace,3.081
2016-12_gen4ou-0.json,Weavile,Moves,,Other,19.257
2016-12_gen4ou-0.json,Bronzong,Stats,Raw count,,2194
2016-12_gen4ou-0.json,Bronzong,Stats,Avg. weight,,1.0
2016-12_gen4ou-0.json,Bronzong,Stats,Viability Ceiling,,85
2016-12_gen4ou-0.json,Bronzong,Stats,Brave,,3.236
2016-12_gen4ou-0.json,Bronzong,Stats,Relaxed,,8.387
2016-12_gen4ou-0.json,Bronzong,Stats,Sassy,,3.555
2016-12_gen4ou-0.json,Bronzong,Abilities,,Levitate,83.82
2016-12_gen4ou-0.json,Bronzong,Abilities,,Heatproof,16.18
2016-12_gen4ou-0.json,Bronzong,Items,,Leftovers,43.118
2016-12_gen4ou-0.json,Bronzong,Items,,Macho Brace,20.693
2016-12_gen4ou-0.json,Bronzong,Items,,Light Clay,12.033
2016-12_gen4ou-0.json,Bronzong,Items,,Damp Rock,4.33
2016-12_gen4ou-0.json,Bronzong,Items,,Focus Sash,2.826
2016-12_gen4ou-0.json,Bronzong,Items,,Life Orb,2.78
2016-12_gen4ou-0.json,Bronzong,Items,,Choice Band,2.005
2016-12_gen4ou-0.json,Bronzong,Items,,Occa Berry,1.778
2016-12_gen4ou-0.json,Bronzong,Items,,TwistedSpoon,1.595
2016-12_gen4ou-0.json,Bronzong,Items,,Sitrus Berry,1.595
2016-12_gen4ou-0.json,Bronzong,Items,,Nothing,1.504
2016-12_gen4ou-0.json,Bronzong,Items,,Lum Berry,1.231
2016-12_gen4ou-0.json,Bronzong,Items,,Other,4.512
2016-12_gen4ou-0.json,Bronzong,Spreads,,Other,48.633
2016-12_gen4ou-0.json,Bronzong,Moves,,Gyro Ball,70.191
2016-12_gen4ou-0.json,Bronzong,Moves,,Explosion,60.164
2016-12_gen4ou-0.json,Bronzong,Moves,,Earthquake,45.169
2016-12_gen4ou-0.json,Bronzong,Moves,,Stealth Rock,39.836
2016-12_gen4ou-0.json,Bronzong,Moves,,Trick Room,32.954
2016-12_gen4ou-0.json,Bronzong,Moves,,Reflect,21.65
2016-12_gen4ou-0.json,Bronzong,Moves,,Light Screen,16.5
2016-12_gen4ou-0.json,Bronzong,Moves,,Psychic,15.087
2016-12_gen4ou-0.json,Bronzong,Moves,,Toxic,14.722
2016-12_gen4ou-0.json,Bronzong,Moves,,Flash Cannon,9.891
2016-12_gen4ou-0.json,Bronzong,Moves,,Calm Mind,7.976
2016-12_gen4ou-0.json,Bronzong,Moves,,Protect,7.338
2016-12_gen4ou-0.json,Bronzong,Moves,,Payback,6.655
2016-12_gen4ou-0.json,Bronzong,Moves,,Zen Headbutt,6.29
2016-12_gen4ou-0.json,Bronzong,Moves,,Trick,5.88
2016-12_gen4ou-0.json,Bronzong,Moves,,Rain Dance,5.287
2016-12_gen4ou-0.json,Bronzong,Moves,,Grass Knot,4.33
2016-12_gen4ou-0.json,Bronzong,Moves,,Hypnosis,4.011
2016-12_gen4ou-0.json,Bronzong,Moves,,Iron Head,3.874
2016-12_gen4ou-0.json,Bronzong,Moves,,Confuse Ray,3.829
2016-12_gen4ou-0.json,Bronzong,Moves,,Other,18.368
2016-12_gen4ou-0.json,Aerodactyl,Stats,Raw count,,2142
2016-12_gen4ou-0.json,Aerodactyl,Stats,Avg. weight,,1.0
2016-12_gen4ou-0.json,Aerodactyl,Stats,Viability Ceiling,,85
2016-12_gen4ou-0.json,Aerodactyl,Stats,Jolly,,2.754
2016-12_gen4ou-0.json,Aerodactyl,Stats,Adamant,,5.742
2016-12_gen4ou-0.json,Aerodactyl,Stats,Hardy,,5.462
2016-12_gen4ou-0.json,Aerodactyl,Abilities,,Rock Head,58.17
2016-12_gen4ou-0.json,Aerodactyl,Abilities,,Pressure,41.83
2016-12_gen4ou-0.json,Aerodactyl,Items,,Focus Sash,48.039
2016-12_gen4ou-0.json,Aerodactyl,Items,,Life Orb,18.908
2016-12_gen4ou-0.json,Aerodactyl,Items,,Leftovers,13.352
2016-12_gen4ou-0.json,Aerodactyl,Items,,Choice Band,5.322
2016-12_gen4ou-0.json,Aerodactyl,Items,,Rock Incense,3.315
2016-12_gen4ou-0.json,Aerodactyl,Items,,Choice Scarf,2.334
2016-12_gen4ou-0.json,Aerodactyl,Items,,Expert Belt,1.494
2016-12_gen4ou-0.json,Aerodactyl,Items,,Nothing,1.447
2016-12_gen4ou-0.json,Aerodactyl,Items,,Sitrus Berry,1.074
2016-12_gen4ou-0.json,Aerodactyl,Items,,Other,4.715
2016-12_gen4ou-0.json,Aerodactyl,Spreads,,Other,24.23
2016-12_gen4ou-0.json,Aerodactyl,Moves,,Earthquake,73.483
2016-12_gen4ou-0.json,Aerodactyl,Moves,,Stone Edge,56.489
2016-12_gen4ou-0.json,Aerodactyl,Moves,,Taunt,55.509
2016-12_gen4ou-0.json,Aerodactyl,Moves,,Stealth Rock,52.194
2016-12_gen4ou-0.json,Aerodactyl,Moves,,Rock Slide,31.232
2016-12_gen4ou-0.json,Aerodactyl,Moves,,Crunch,12.138
2016-12_gen4ou-0.json,Aerodactyl,Moves,,Roost,11.251
2016-12_gen4ou-0.json,Aerodactyl,Moves,,Double-Edge,9.01
2016-12_gen4ou-0.json,Aerodactyl,Moves,,Aqua Tail,8.917
2016-12_gen4ou-0.json,Aerodactyl,Moves,,Aerial Ace,8.543
2016-12_gen4ou-0.json,Aerodactyl,Moves,,Ice Fang,8.403
2016-12_gen4ou-0.json,Aerodactyl,Moves,,Fire Fang,7.563
2016-12_gen4ou-0.json,Aerodactyl,Moves,,Dragon Claw,6.769
2016-12_gen4ou-0.json,Aerodactyl,Moves,,Thunder Fang,6.536
2016-12_gen4ou-0.json,Aerodactyl,Moves,,Sky Attack,5.649
2016-12_gen4ou-0.json,Aerodactyl,Moves,,Ancient Power,4.388
2016-12_gen4ou-0.json,Aerodactyl,Moves,,Dragon Pulse,3.641
2016-12_gen4ou-0.json,Aerodactyl,Moves,,Toxic,3.641
2016-12_gen4ou-0.json,Aerodactyl,Moves,,Whirlwind,3.548
2016-12_gen4ou-0.json,Aerodactyl,Moves,,Fly,2.941
2016-12_gen4ou-0.json,Aerodactyl,Moves,,Flamethrower,2.848
2016-12_gen4ou-0.json,Aerodactyl,Moves,,Iron Head,2.474
2016-12_gen4ou-0.json,Aerodactyl,Moves,,Substitute,2.101
2016-12_gen4ou-0.json,Aerodactyl,Moves,,Agility,1.401
2016-12_gen4ou-0.json,Aerodactyl,Moves,,Other,19.328
2016-12_gen4ou-0.json,Roserade,Stats,Raw count,,2134
2016-12_gen4ou-0.json,Roserade,Stats,Avg. weight,,1.0
2016-12_gen4ou-0.json,Roserade,Stats,Viability Ceiling,,84
2016-12_gen4ou-0.json,Roserade,Stats,Timid,,18.463
2016-12_gen4ou-0.json,Roserade,Stats,Calm,,3.046
2016-12_gen4ou-0.json,Roserade,Stats,Hardy,,3.936
2016-12_gen4ou-0.json,Roserade,Stats,Bold,,3.374
2016-12_gen4ou-0.json,Roserade,Abilities,,Natural Cure,84.677
2016-12_gen4ou-0.json,Roserade,Abilities,,Poison Point,15.323
2016-12_gen4ou-0.json,Roserade,Items,,Focus Sash,26.71
2016-12_gen4ou-0.json,Roserade,Items,,Leftovers,22.68
2016-12_gen4ou-0.json,Roserade,Items,,Black Sludge,19.4
2016-12_gen4ou-0.json,Roserade,Items,,Life Orb,8.95
2016-12_gen4ou-0.json,Roserade,Items,,Choice Specs,4.499
2016-12_gen4ou-0.json,Roserade,Items,,Nothing,3.796
2016-12_gen4ou-0.json,Roserade,Items,,Sitrus Berry,3.655
2016-12_gen4ou-0.json,Roserade,Items,,Choice Scarf,1.968
2016-12_gen4ou-0.json,Roserade,Items,,Big Root,1.546
2016-12_gen4ou-0.json,Roserade,Items,,Miracle Seed,1.5
2016-12_gen4ou-0.json,Roserade,Items,,Wise Glasses,1.265
2016-12_gen4ou-0.json,Roserade,Items,,Other,4.03
2016-12_gen4ou-0.json,Roserade,Spreads,,Other,40.675
2016-12_gen4ou-0.json,Roserade,Moves,,Toxic Spikes,57.216
2016-12_gen4ou-0.json,Roserade,Moves,,Sleep Powder,46.86
2016-12_gen4ou-0.json,Roserade,Moves,,Leaf Storm,39.738
2016-12_gen4ou-0.json,Roserade,Moves,,Sludge Bomb,36.598
2016-12_gen4ou-0.json,Roserade,Moves,,Energy Ball,32.662
2016-12_gen4ou-0.json,Roserade,Moves,,Hidden Power Fire,31.537
2016-12_gen4ou-0.json,Roserade,Moves,,Giga Drain,24.367
2016-12_gen4ou-0.json,Roserade,Moves,,Spikes,16.635
2016-12_gen4ou-0.json,Roserade,Moves,,Leech Seed,13.636
2016-12_gen4ou-0.json,Roserade,Moves,,Grass Knot,11.153
2016-12_gen4ou-0.json,Roserade,Moves,,Shadow Ball,10.965
2016-12_gen4ou-0.json,Roserade,Moves,,Hidden Power Ice,9.372
2016-12_gen4ou-0.json,Roserade,Moves,,Aromatherapy,8.903
2016-12_gen4ou-0.json,Roserade,Moves,,Rest,7.591
2016-12_gen4ou-0.json,Roserade,Moves,,Hidden Power Ground,6.842
2016-12_gen4ou-0.json,Roserade,Moves,,Synthesis,6.092
2016-12_gen4ou-0.json,Roserade,Moves,,Extrasensory,5.67
2016-12_gen4ou-0.json,Roserade,Moves,,Toxic,4.827
2016-12_gen4ou-0.json,Roserade,Moves,,Stun Spore,4.639
2016-12_gen4ou-0.json,Roserade,Moves,,Poison Jab,4.077
2016-12_gen4ou-0.json,Roserade,Moves,,Substitute,2.812
2016-12_gen4ou-0.json,Roserade,Moves,,Other,17.807
2016-12_gen4ou-0.json,Celebi,Stats,Raw count,,2067
2016-12_gen4ou-0.json,Celebi,Stats,Avg. weight,,1.0
2016-12_gen4ou-0.json,Celebi,Stats,Viability Ceiling,,88
2016-12_gen4ou-0.json,Celebi,Stats,Bold,,3.774
2016-12_gen4ou-0.json,Celebi,Stats,Timid,,5.273
2016-12_gen4ou-0.json,Celebi,Stats,Calm,,5.177
2016-12_gen4ou-0.json,Celebi,Abilities,,Natural Cure,100.0
2016-12_gen4ou-0.json,Celebi,Items,,Leftovers,68.65
2016-12_gen4ou-0.json,Celebi,Items,,Life Orb,15.723
2016-12_gen4ou-0.json,Celebi,Items,,Choice Scarf,3.628
2016-12_gen4ou-0.json,Celebi,Items,,Occa Berry,3.58
2016-12_gen4ou-0.json,Celebi,Items,,Sitrus Berry,1.693
2016-12_gen4ou-0.json,Celebi,Items,,Focus Sash,1.597
2016-12_gen4ou-0.json,Celebi,Items,,Choice Specs,1.016
2016-12_gen4ou-0.json,Celebi,Items,,Other,4.112
2016-12_gen4ou-0.json,Celebi,Spreads,,Other,62.361
2016-12_gen4ou-0.json,Celebi,Moves,,Recover,60.377
2016-12_gen4ou-0.json,Celebi,Moves,,Leaf Storm,33.575
2016-12_gen4ou-0.json,Celebi,Moves,,Psychic,29.995
2016-12_gen4ou-0.json,Celebi,Moves,,Thunder Wave,29.995
2016-12_gen4ou-0.json,Celebi,Moves,,Hidden Power Fire,29.076
2016-12_gen4ou-0.json,Celebi,Moves,,Grass Knot,26.27
2016-12_gen4ou-0.json,Celebi,Moves,,Earth Power,22.303
2016-12_gen4ou-0.json,Celebi,Moves,,Leech Seed,17.997
2016-12_gen4ou-0.json,Celebi,Moves,,U-turn,16.546
2016-12_gen4ou-0.json,Celebi,Moves,,Baton Pass,13.498
2016-12_gen4ou-0.json,Celebi,Moves,,Giga Drain,12.385
2016-12_gen4ou-0.json,Celebi,Moves,,Hidden Power Ice,11.611
2016-12_gen4ou-0.json,Celebi,Moves,,Energy Ball,10.934
2016-12_gen4ou-0.json,Celebi,Moves,,Heal Bell,10.643
2016-12_gen4ou-0.json,Celebi,Moves,,Calm Mind,9.966
2016-12_gen4ou-0.json,Celebi,Moves,,Stealth Rock,9.627
2016-12_gen4ou-0.json,Celebi,Moves,,Nasty Plot,9.24
2016-12_gen4ou-0.json,Celebi,Moves,,Perish Song,5.418
2016-12_gen4ou-0.json,Celebi,Moves,,Swords Dance,4.693
2016-12_gen4ou-0.json,Celebi,Moves,,Protect,4.596
2016-12_gen4ou-0.json,Celebi,Moves,,Healing Wish,3.048
2016-12_gen4ou-0.json,Celebi,Moves,,Substitute,2.951
2016-12_gen4ou-0.json,Celebi,Moves,,Toxic,2.419
2016-12_gen4ou-0.json,Celebi,Moves,,Seed Bomb,2.371
2016-12_gen4ou-0.json,Celebi,Moves,,Ancient Power,2.371
2016-12_gen4ou-0.json,Celebi,Moves,,Other,18.094
2016-12_gen4ou-0.json,Snorlax,Stats,Raw count,,2015
2016-12_gen4ou-0.json,Snorlax,Stats,Avg. weight,,1.0
2016-12_gen4ou-0.json,Snorlax,Stats,Viability Ceiling,,78
2016-12_gen4ou-0.json,Snorlax,Stats,Adamant,,14.342
2016-12_gen4ou-0.json,Snorlax,Stats,Hardy,,2.878
2016-12_gen4ou-0.json,Snorlax,Stats,Brave,,6.104
2016-12_gen4ou-0.json,Snorlax,Stats,Careful,,2.978
2016-12_gen4ou-0.json,Snorlax,Abilities,,Immunity,57.072
2016-12_gen4ou-0.json,Snorlax,Abilities,,Thick Fat,42.928
2016-12_gen4ou-0.json,Snorlax,Items,,Leftovers,63.623
2016-12_gen4ou-0.json,Snorlax,Items,,Lum Berry,6.65
2016-12_gen4ou-0.json,Snorlax,Items,,Choice Band,6.154
2016-12_gen4ou-0.json,Snorlax,Items,,Nothing,5.757
2016-12_gen4ou-0.json,Snorlax,Items,,Chesto Berry,5.658
2016-12_gen4ou-0.json,Snorlax,Items,,Focus Sash,2.481
2016-12_gen4ou-0.json,Snorlax,Items,,Sitrus Berry,2.481
2016-12_gen4ou-0.json,Snorlax,Items,,Life Orb,1.787
2016-12_gen4ou-0.json,Snorlax,Items,,Chople Berry,1.29
2016-12_gen4ou-0.json,Snorlax,Items,,Other,4.119
2016-12_gen4ou-0.json,Snorlax,Spreads,,Other,60.149
2016-12_gen4ou-0.json,Snorlax,Moves,,Body Slam,60.298
2016-12_gen4ou-0.json,Snorlax,Moves,,Crunch,44.367
2016-12_gen4ou-0.json,Snorlax,Moves,,Rest,43.424
2016-12_gen4ou-0.json,Snorlax,Moves,,Earthquake,39.95
2016-12_gen4ou-0.json,Snorlax,Moves,,Curse,23.226
2016-12_gen4ou-0.json,Snorlax,Moves,,Sleep Talk,17.916
2016-12_gen4ou-0.json,Snorlax,Moves,,Fire Punch,17.667
2016-12_gen4ou-0.json,Snorlax,Moves,,Return,10.571
2016-12_gen4ou-0.json,Snorlax,Moves,,Blizzard,8.883
2016-12_gen4ou-0.json,Snorlax,Moves,,Zen Headbutt,8.04
2016-12_gen4ou-0.json,Snorlax,Moves,,Flamethrower,7.643
2016-12_gen4ou-0.json,Snorlax,Moves,,Giga Impact,7.246
2016-12_gen4ou-0.json,Snorlax,Moves,,Substitute,6.849
2016-12_gen4ou-0.json,Snorlax,Moves,,Self-Destruct,6.501
2016-12_gen4ou-0.json,Snorlax,Moves,,Ice Punch,6.055
2016-12_gen4ou-0.json,Snorlax,Moves,,Whirlwind,5.806
2016-12_gen4ou-0.json,Snorlax,Moves,,Superpower,5.31
2016-12_gen4ou-0.json,Snorlax,Moves,,Belly Drum,5.31
2016-12_gen4ou-0.json,Snorlax,Moves,,Double-Edge,5.261
2016-12_gen4ou-0.json,Snorlax,Moves,,Shadow Ball,4.864
2016-12_gen4ou-0.json,Snorlax,Moves,,Gunk Shot,4.764
2016-12_gen4ou-0.json,Snorlax,Moves,,Pursuit,4.615
2016-12_gen4ou-0.json,Snorlax,Moves,,Outrage,4.318
2016-12_gen4ou-0.json,Snorlax,Moves,,Hyper Beam,4.069
2016-12_gen4ou-0.json,Snorlax,Moves,,Brick Break,4.02
2016-12_gen4ou-0.json,Snorlax,Moves,,Toxic,3.176
2016-12_gen4ou-0.json,Snorlax,Moves,,Fire Blast,2.63
2016-12_gen4ou-0.json,Snorlax,Moves,,Facade,2.581
2016-12_gen4ou-0.json,Snorlax,Moves,,Stockpile,2.382
2016-12_gen4ou-0.json,Snorlax,Moves,,Seed Bomb,2.184
2016-12_gen4ou-0.json,Snorlax,Moves,,Psychic,2.035
2016-12_gen4ou-0.json,Snorlax,Moves,,Yawn,1.985
2016-12_gen4ou-0.json,Snorlax,Moves,,Recycle,1.886
2016-12_gen4ou-0.json,Snorlax,Moves,,Ice Beam,1.588
2016-12_gen4ou-0.json,Snorlax,Moves,,Snore,1.538
2016-12_gen4ou-0.json,Snorlax,Moves,,Thunder Punch,1.538
2016-12_gen4ou-0.json,Snorlax,Moves,,Other,19.504
2016-12_gen4ou-0.json,Suicune,Stats,Raw count,,1978
2016-12_gen4ou-0.json,Suicune,Stats,Avg. weight,,1.0
2016-12_gen4ou-0.json,Suicune,Stats,Viability Ceiling,,89
2016-12_gen4ou-0.json,Suicune,Stats,Timid,,7.280
2016-12_gen4ou-0.json,Suicune,Stats,Bold,,4.550
2016-12_gen4ou-0.json,Suicune,Stats,Modest,,7.331
2016-12_gen4ou-0.json,Suicune,Abilities,,Pressure,100.0
2016-12_gen4ou-0.json,Suicune,Items,,Leftovers,85.187
2016-12_gen4ou-0.json,Suicune,Items,,Lum Berry,4.499
2016-12_gen4ou-0.json,Suicune,Items,,Life Orb,2.477
2016-12_gen4ou-0.json,Suicune,Items,,Chesto Berry,2.174
2016-12_gen4ou-0.json,Suicune,Items,,Sitrus Berry,2.123
2016-12_gen4ou-0.json,Suicune,Items,,Other,3.539
2016-12_gen4ou-0.json,Suicune,Spreads,,Other,44.59
2016-12_gen4ou-0.json,Suicune,Moves,,Calm Mind,80.991
2016-12_gen4ou-0.json,Suicune,Moves,,Ice Beam,75.126
2016-12_gen4ou-0.json,Suicune,Moves,,Surf,54.601
2016-12_gen4ou-0.json,Suicune,Moves,,Hidden Power Electric,49.393
2016-12_gen4ou-0.json,Suicune,Moves,,Hydro Pump,43.883
2016-12_gen4ou-0.json,Suicune,Moves,,Rest,23.256
2016-12_gen4ou-0.json,Suicune,Moves,,Sleep Talk,17.897
2016-12_gen4ou-0.json,Suicune,Moves,,Toxic,7.482
2016-12_gen4ou-0.json,Suicune,Moves,,Roar,6.926
2016-12_gen4ou-0.json,Suicune,Moves,,Shadow Ball,4.954
2016-12_gen4ou-0.json,Suicune,Moves,,Blizzard,4.803
2016-12_gen4ou-0.json,Suicune,Moves,,Extrasensory,4.803
2016-12_gen4ou-0.json,Suicune,Moves,,Substitute,3.286
2016-12_gen4ou-0.json,Suicune,Moves,,Protect,2.831
2016-12_gen4ou-0.json,Suicune,Moves,,Other,19.767
2016-12_gen4ou-0.json,Dusknoir,Stats,Raw count,,1831
2016-12_gen4ou-0.json,Dusknoir,Stats,Avg. weight,,1.0
2016-12_gen4ou-0.json,Dusknoir,Stats,Viability Ceiling,,83
2016-12_gen4ou-0.json,Dusknoir,Stats,Careful,,4.806
2016-12_gen4ou-0.json,Dusknoir,Stats,Impish,,8.684
2016-12_gen4ou-0.json,Dusknoir,Stats,Hardy,,6.936
2016-12_gen4ou-0.json,Dusknoir,Stats,Adamant,,4.642
2016-12_gen4ou-0.json,Dusknoir,Stats,Modest,,3.878
2016-12_gen4ou-0.json,Dusknoir,Abilities,,Pressure,100.0
2016-12_gen4ou-0.json,Dusknoir,Items,,Leftovers,79.356
2016-12_gen4ou-0.json,Dusknoir,Items,,Nothing,3.168
2016-12_gen4ou-0.json,Dusknoir,Items,,Sitrus Berry,2.13
2016-12_gen4ou-0.json,Dusknoir,Items,,Expert Belt,1.912
2016-12_gen4ou-0.json,Dusknoir,Items,,Choice Band,1.748
2016-12_gen4ou-0.json,Dusknoir,Items,,Lum Berry,1.693
2016-12_gen4ou-0.json,Dusknoir,Items,,Life Orb,1.638
2016-12_gen4ou-0.json,Dusknoir,Items,,Iron Ball,0.874
2016-12_gen4ou-0.json,Dusknoir,Items,,Choice Scarf,0.874
2016-12_gen4ou-0.json,Dusknoir,Items,,Charcoal,0.765
2016-12_gen4ou-0.json,Dusknoir,Items,,Quick Claw,0.601
2016-12_gen4ou-0.json,Dusknoir,Items,,Focus Sash,0.601
2016-12_gen4ou-0.json,Dusknoir,Items,,Other,4.642
2016-12_gen4ou-0.json,Dusknoir,Spreads,,Other,60.459
2016-12_gen4ou-0.json,Dusknoir,Moves,,Will-O-Wisp,60.404
2016-12_gen4ou-0.json,Dusknoir,Moves,,Pain Split,50.3
2016-12_gen4ou-0.json,Dusknoir,Moves,,Shadow Sneak,39.869
2016-12_gen4ou-0.json,Dusknoir,Moves,,Earthquake,39.377
2016-12_gen4ou-0.json,Dusknoir,Moves,,Ice Punch,16.548
2016-12_gen4ou-0.json,Dusknoir,Moves,,Destiny Bond,14.746
2016-12_gen4ou-0.json,Dusknoir,Moves,,Shadow Punch,14.691
2016-12_gen4ou-0.json,Dusknoir,Moves,,Dark Pulse,12.07
2016-12_gen4ou-0.json,Dusknoir,Moves,,Thunder Punch,12.015
2016-12_gen4ou-0.json,Dusknoir,Moves,,Fire Punch,11.305
2016-12_gen4ou-0.json,Dusknoir,Moves,,Shadow Ball,11.251
2016-12_gen4ou-0.json,Dusknoir,Moves,,Protect,9.339
2016-12_gen4ou-0.json,Dusknoir,Moves,,Night Shade,8.411
2016-12_gen4ou-0.json,Dusknoir,Moves,,Calm Mind,8.301
2016-12_gen4ou-0.json,Dusknoir,Moves,,Sucker Punch,7.919
2016-12_gen4ou-0.json,Dusknoir,Moves,,Trick Room,7.81
2016-12_gen4ou-0.json,Dusknoir,Moves,,Toxic,6.881
2016-12_gen4ou-0.json,Dusknoir,Moves,,Focus Blast,5.461
2016-12_gen4ou-0.json,Dusknoir,Moves,,Brick Break,4.642
2016-12_gen4ou-0.json,Dusknoir,Moves,,Curse,4.533
2016-12_gen4ou-0.json,Dusknoir,Moves,,Taunt,4.533
2016-12_gen4ou-0.json,Dusknoir,Moves,,Blizzard,4.151
2016-12_gen4ou-0.json,Dusknoir,Moves,,Psychic,3.878
2016-12_gen4ou-0.json,Dusknoir,Moves,,Seismic Toss,3.55
2016-12_gen4ou-0.json,Dusknoir,Moves,,Body Slam,3.332
2016-12_gen4ou-0.json,Dusknoir,Moves,,Focus Punch,3.168
2016-12_gen4ou-0.json,Dusknoir,Moves,,Rock Slide,3.004
2016-12_gen4ou-0.json,Dusknoir,Moves,,Substitute,2.567
2016-12_gen4ou-0.json,Dusknoir,Moves,,Pursuit,2.512
2016-12_gen4ou-0.json,Dusknoir,Moves,,Ice Beam,2.075
2016-12_gen4ou-0.json,Dusknoir,Moves,,Double-Edge,1.966
2016-12_gen4ou-0.json,Dusknoir,Moves,,Other,19.388
2016-12_gen4ou-0.json,Jolteon,Stats,Raw count,,1750
2016-12_gen4ou-0.json,Jolteon,Stats,Avg. weight,,1.0
2016-12_gen4ou-0.json,Jolteon,Stats,Viability Ceiling,,81
2016-12_gen4ou-0.json,Jolteon,Stats,Timid,,5.943
2016-12_gen4ou-0.json,Jolteon,Stats,Modest,,4.286
2016-12_gen4ou-0.json,Jolteon,Stats,Hardy,,3.771
2016-12_gen4ou-0.json,Jolteon,Abilities,,Volt Absorb,100.0
2016-12_gen4ou-0.json,Jolteon,Items,,Choice Specs,33.2
2016-12_gen4ou-0.json,Jolteon,Items,,Life Orb,20.914
2016-12_gen4ou-0.json,Jolteon,Items,,Leftovers,18.686
2016-12_gen4ou-0.json,Jolteon,Items,,Focus Sash,10.229
2016-12_gen4ou-0.json,Jolteon,Items,,Magnet,5.371
2016-12_gen4ou-0.json,Jolteon,Items,,Nothing,2.514
2016-12_gen4ou-0.json,Jolteon,Items,,Sitrus Berry,2.057
2016-12_gen4ou-0.json,Jolteon,Items,,Shell Bell,1.029
2016-12_gen4ou-0.json,Jolteon,Items,,Zap Plate,0.971
2016-12_gen4ou-0.json,Jolteon,Items,,BrightPowder,0.743
2016-12_gen4ou-0.json,Jolteon,Items,,Other,4.286
2016-12_gen4ou-0.json,Jolteon,Spreads,,Other,21.486
2016-12_gen4ou-0.json,Jolteon,Moves,,Thunderbolt,87.6
2016-12_gen4ou-0.json,Jolteon,Moves,,Shadow Ball,69.314
2016-12_gen4ou-0.json,Jolteon,Moves,,Hidden Power Ice,50.514
2016-12_gen4ou-0.json,Jolteon,Moves,,Signal Beam,34.514
2016-12_gen4ou-0.json,Jolteon,Moves,,Thunder Wave,17.829
2016-12_gen4ou-0.json,Jolteon,Moves,,Baton Pass,17.371
2016-12_gen4ou-0.json,Jolteon,Moves,,Thunder,16.857
2016-12_gen4ou-0.json,Jolteon,Moves,,Hidden Power Grass,15.371
2016-12_gen4ou-0.json,Jolteon,Moves,,Substitute,11.029
2016-12_gen4ou-0.json,Jolteon,Moves,,Wish,8.8
2016-12_gen4ou-0.json,Jolteon,Moves,,Discharge,8.114
2016-12_gen4ou-0.json,Jolteon,Moves,,Protect,7.371
2016-12_gen4ou-0.json,Jolteon,Moves,,Toxic,5.886
2016-12_gen4ou-0.json,Jolteon,Moves,,Heal Bell,5.2
2016-12_gen4ou-0.json,Jolteon,Moves,,Agility,4.4
2016-12_gen4ou-0.json,Jolteon,Moves,,Roar,3.6
2016-12_gen4ou-0.json,Jolteon,Moves,,Yawn,3.486
2016-12_gen4ou-0.json,Jolteon,Moves,,Quick Attack,3.314
2016-12_gen4ou-0.json,Jolteon,Moves,,Hidden Power Ground,2.971
2016-12_gen4ou-0.json,Jolteon,Moves,,Charge Beam,2.8
2016-12_gen4ou-0.json,Jolteon,Moves,,Rain Dance,2.8
2016-12_gen4ou-0.json,Jolteon,Moves,,Hidden Power Fighting,2.743
2016-12_gen4ou-0.json,Jolteon,Moves,,Other,18.114
2016-12_gen4ou-0.json,Hippowdon,Stats,Raw count,,1493
2016-12_gen4ou-0.json,Hippowdon,Stats,Avg. weight,,1.0
2016-12_gen4ou-0.json,Hippowdon,Stats,Viability Ceiling,,85
2016-12_gen4ou-0.json,Hippowdon,Stats,Impish,,3.684
2016-12_gen4ou-0.json,Hippowdon,Stats,Careful,,4.220
2016-12_gen4ou-0.json,Hippowdon,Abilities,,Sand Stream,100.0
2016-12_gen4ou-0.json,Hippowdon,Items,,Leftovers,87.944
2016-12_gen4ou-0.json,Hippowdon,Items,,Sitrus Berry,2.545
2016-12_gen4ou-0.json,Hippowdon,Items,,Focus Sash,1.608
2016-12_gen4ou-0.json,Hippowdon,Items,,Nothing,1.608
2016-12_gen4ou-0.json,Hippowdon,Items,,Life Orb,1.139
2016-12_gen4ou-0.json,Hippowdon,Items,,Choice Scarf,1.139
2016-12_gen4ou-0.json,Hippowdon,Items,,Other,4.019
2016-12_gen4ou-0.json,Hippowdon,Spreads,,Other,43.202
2016-12_gen4ou-0.json,Hippowdon,Moves,,Earthquake,93.905
2016-12_gen4ou-0.json,Hippowdon,Moves,,Slack Off,81.246
2016-12_gen4ou-0.json,Hippowdon,Moves,,Stealth Rock,73.275
2016-12_gen4ou-0.json,Hippowdon,Moves,,Roar,36.303
2016-12_gen4ou-0.json,Hippowdon,Moves,,Ice Fang,33.088
2016-12_gen4ou-0.json,Hippowdon,Moves,,Toxic,15.07
2016-12_gen4ou-0.json,Hippowdon,Moves,,Crunch,11.253
2016-12_gen4ou-0.json,Hippowdon,Moves,,Protect,10.65
2016-12_gen4ou-0.json,Hippowdon,Moves,,Stone Edge,7.703
2016-12_gen4ou-0.json,Hippowdon,Moves,,Rock Slide,5.09
2016-12_gen4ou-0.json,Hippowdon,Moves,,Fire Fang,4.823
2016-12_gen4ou-0.json,Hippowdon,Moves,,Iron Head,3.081
2016-12_gen4ou-0.json,Hippowdon,Moves,,Earth Power,3.014
2016-12_gen4ou-0.json,Hippowdon,Moves,,Superpower,2.612
2016-12_gen4ou-0.json,Hippowdon,Moves,,Other,18.888
2016-12_gen4ou-0.json,Shaymin,Stats,Raw count,,1464
2016-12_gen4ou-0.json,Shaymin,Stats,Avg. weight,,1.0
2016-12_gen4ou-0.json,Shaymin,Stats,Viability Ceiling,,88
2016-12_gen4ou-0.json,Shaymin,Stats,Timid,,5.601
2016-12_gen4ou-0.json,Shaymin,Stats,Modest,,14.686
2016-12_gen4ou-0.json,Shaymin,Stats,Calm,,4.850
2016-12_gen4ou-0.json,Shaymin,Abilities,,Natural Cure,100.0
2016-12_gen4ou-0.json,Shaymin,Items,,Leftovers,58.538
2016-12_gen4ou-0.json,Shaymin,Items,,Life Orb,33.811
2016-12_gen4ou-0.json,Shaymin,Items,,Choice Specs,3.484
2016-12_gen4ou-0.json,Shaymin,Items,,Other,4.167
2016-12_gen4ou-0.json,Shaymin,Spreads,,Other,25.888
2016-12_gen4ou-0.json,Shaymin,Moves,,Seed Flare,95.833
2016-12_gen4ou-0.json,Shaymin,Moves,,Earth Power,58.47
2016-12_gen4ou-0.json,Shaymin,Moves,,Leech Seed,58.402
2016-12_gen4ou-0.json,Shaymin,Moves,,Hidden Power Fire,40.232
2016-12_gen4ou-0.json,Shaymin,Moves,,Hidden Power Ice,40.164
2016-12_gen4ou-0.json,Shaymin,Moves,,Rest,35.519
2016-12_gen4ou-0.json,Shaymin,Moves,,Protect,34.016
2016-12_gen4ou-0.json,Shaymin,Moves,,Psychic,5.396
2016-12_gen4ou-0.json,Shaymin,Moves,,Synthesis,5.328
2016-12_gen4ou-0.json,Shaymin,Moves,,Toxic,4.167
2016-12_gen4ou-0.json,Shaymin,Moves,,Substitute,3.552
2016-12_gen4ou-0.json,Shaymin,Moves,,Other,18.921
2016-12_gen4ou-0.json,Magnezone,Stats,Raw count,,1436
2016-12_gen4ou-0.json,Magnezone,Stats,Avg. weight,,1.0
2016-12_gen4ou-0.json,Magnezone,Stats,Viability Ceiling,,89
2016-12_gen4ou-0.json,Magnezone,Stats,Naive,,3.343
2016-12_gen4ou-0.json,Magnezone,Stats,Timid,,11.699
2016-12_gen4ou-0.json,Magnezone,Stats,Modest,,10.167
2016-12_gen4ou-0.json,Magnezone,Stats,Mild,,3.760
2016-12_gen4ou-0.json,Magnezone,Stats,Hardy,,3.203
2016-12_gen4ou-0.json,Magnezone,Abilities,,Magnet Pull,85.655
2016-12_gen4ou-0.json,Magnezone,Abilities,,Sturdy,14.345
2016-12_gen4ou-0.json,Magnezone,Items,,Choice Scarf,29.387
2016-12_gen4ou-0.json,Magnezone,Items,,Leftovers,24.025
2016-12_gen4ou-0.json,Magnezone,Items,,Custap Berry,8.426
2016-12_gen4ou-0.json,Magnezone,Items,,Choice Specs,8.148
2016-12_gen4ou-0.json,Magnezone,Items,,Life Orb,7.799
2016-12_gen4ou-0.json,Magnezone,Items,,Salac Berry,3.691
2016-12_gen4ou-0.json,Magnezone,Items,,Magnet,2.716
2016-12_gen4ou-0.json,Magnezone,Items,,Focus Sash,2.368
2016-12_gen4ou-0.json,Magnezone,Items,,Chople Berry,2.159
2016-12_gen4ou-0.json,Magnezone,Items,,Nothing,2.089
2016-12_gen4ou-0.json,Magnezone,Items,,Sitrus Berry,1.741
2016-12_gen4ou-0.json,Magnezone,Items,,Zap Plate,1.671
2016-12_gen4ou-0.json,Magnezone,Items,,Shuca Berry,1.114
2016-12_gen4ou-0.json,Magnezone,Items,,Other,4.666
2016-12_gen4ou-0.json,Magnezone,Spreads,,Other,48.607
2016-12_gen4ou-0.json,Magnezone,Moves,,Thunderbolt,86.49
2016-12_gen4ou-0.json,Magnezone,Moves,,Flash Cannon,57.103
2016-12_gen4ou-0.json,Magnezone,Moves,,Hidden Power Fire,54.457
2016-12_gen4ou-0.json,Magnezone,Moves,,Explosion,46.657
2016-12_gen4ou-0.json,Magnezone,Moves,,Thunder Wave,18.802
2016-12_gen4ou-0.json,Magnezone,Moves,,Substitute,16.295
2016-12_gen4ou-0.json,Magnezone,Moves,,Signal Beam,16.156
2016-12_gen4ou-0.json,Magnezone,Moves,,Discharge,11.072
2016-12_gen4ou-0.json,Magnezone,Moves,,Thunder,10.028
2016-12_gen4ou-0.json,Magnezone,Moves,,Tri Attack,9.262
2016-12_gen4ou-0.json,Magnezone,Moves,,Hidden Power Ice,9.192
2016-12_gen4ou-0.json,Magnezone,Moves,,Endure,9.123
2016-12_gen4ou-0.json,Magnezone,Moves,,Hidden Power Grass,7.869
2016-12_gen4ou-0.json,Magnezone,Moves,,Toxic,6.964
2016-12_gen4ou-0.json,Magnezone,Moves,,Charge Beam,5.432
2016-12_gen4ou-0.json,Magnezone,Moves,,Magnet Rise,5.292
2016-12_gen4ou-0.json,Magnezone,Moves,,Iron Head,4.039
2016-12_gen4ou-0.json,Magnezone,Moves,,Zap Cannon,3.134
2016-12_gen4ou-0.json,Magnezone,Moves,,Hidden Power Ground,3.064
2016-12_gen4ou-0.json,Magnezone,Moves,,Other,19.568
2016-12_gen4ou-0.json,Forretress,Stats,Raw count,,1402
2016-12_gen4ou-0.json,Forretress,Stats,Avg. weight,,1.0
2016-12_gen4ou-0.json,Forretress,Stats,Viability Ceiling,,86
2016-12_gen4ou-0.json,Forretress,Stats,Careful,,13.338
2016-12_gen4ou-0.json,Forretress,Stats,Bold,,12.553
2016-12_gen4ou-0.json,Forretress,Stats,Impish,,3.923
2016-12_gen4ou-0.json,Forretress,Stats,Relaxed,,9.058
2016-12_gen4ou-0.json,Forretress,Abilities,,Sturdy,100.0
2016-12_gen4ou-0.json,Forretress,Items,,Leftovers,63.195
2016-12_gen4ou-0.json,Forretress,Items,,Shed Shell,15.692
2016-12_gen4ou-0.json,Forretress,Items,,Custap Berry,4.636
2016-12_gen4ou-0.json,Forretress,Items,,Focus Sash,3.709
2016-12_gen4ou-0.json,Forretress,Items,,Life Orb,2.71
2016-12_gen4ou-0.json,Forretress,Items,,Chesto Berry,2.568
2016-12_gen4ou-0.json,Forretress,Items,,Sitrus Berry,1.854
2016-12_gen4ou-0.json,Forretress,Items,,Nothing,1.641
2016-12_gen4ou-0.json,Forretress,Items,,Other,3.994
2016-12_gen4ou-0.json,Forretress,Spreads,,Other,40.585
2016-12_gen4ou-0.json,Forretress,Moves,,Rapid Spin,78.673
2016-12_gen4ou-0.json,Forretress,Moves,,Spikes,70.114
2016-12_gen4ou-0.json,Forretress,Moves,,Toxic Spikes,50.285
2016-12_gen4ou-0.json,Forretress,Moves,,Stealth Rock,48.288
2016-12_gen4ou-0.json,Forretress,Moves,,Explosion,40.228
2016-12_gen4ou-0.json,Forretress,Moves,,Gyro Ball,31.455
2016-12_gen4ou-0.json,Forretress,Moves,,Payback,18.402
2016-12_gen4ou-0.json,Forretress,Moves,,Earthquake,16.619
2016-12_gen4ou-0.json,Forretress,Moves,,Toxic,8.987
2016-12_gen4ou-0.json,Forretress,Moves,,Pain Split,8.916
2016-12_gen4ou-0.json,Forretress,Moves,,Protect,8.06
2016-12_gen4ou-0.json,Forretress,Moves,,Other,19.971
2016-12_gen4ou-0.json,Mamoswine,Stats,Raw count,,1384
2016-12_gen4ou-0.json,Mamoswine,Stats,Avg. weight,,1.0
2016-12_gen4ou-0.json,Mamoswine,Stats,Viability Ceiling,,83
2016-12_gen4ou-0.json,Mamoswine,Stats,Jolly,,4.552
2016-12_gen4ou-0.json,Mamoswine,Stats,Hardy,,12.717
2016-12_gen4ou-0.json,Mamoswine,Stats,Naughty,,6.936
2016-12_gen4ou-0.json,Mamoswine,Stats,Adamant,,6.864
2016-12_gen4ou-0.json,Mamoswine,Abilities,,Oblivious,100.0
2016-12_gen4ou-0.json,Mamoswine,Items,,Leftovers,24.639
2016-12_gen4ou-0.json,Mamoswine,Items,,Life Orb,23.988
2016-12_gen4ou-0.json,Mamoswine,Items,,Focus Sash,15.824
2016-12_gen4ou-0.json,Mamoswine,Items,,Choice Band,14.668
2016-12_gen4ou-0.json,Mamoswine,Items,,Nothing,6.503
2016-12_gen4ou-0.json,Mamoswine,Items,,Choice Scarf,6.358
2016-12_gen4ou-0.json,Mamoswine,Items,,Sitrus Berry,1.517
2016-12_gen4ou-0.json,Mamoswine,Items,,Soft Sand,1.301
2016-12_gen4ou-0.json,Mamoswine,Items,,Lum Berry,1.156
2016-12_gen4ou-0.json,Mamoswine,Items,,Other,4.046
2016-12_gen4ou-0.json,Mamoswine,Spreads,,Other,44.581
2016-12_gen4ou-0.json,Mamoswine,Moves,,Earthquake,96.46
2016-12_gen4ou-0.json,Mamoswine,Moves,,Ice Shard,68.569
2016-12_gen4ou-0.json,Mamoswine,Moves,,Stone Edge,46.676
2016-12_gen4ou-0.json,Mamoswine,Moves,,Stealth Rock,32.081
2016-12_gen4ou-0.json,Mamoswine,Moves,,Superpower,25.361
2016-12_gen4ou-0.json,Mamoswine,Moves,,Avalanche,22.543
2016-12_gen4ou-0.json,Mamoswine,Moves,,Blizzard,19.725
2016-12_gen4ou-0.json,Mamoswine,Moves,,Rock Slide,12.355
2016-12_gen4ou-0.json,Mamoswine,Moves,,Ice Beam,11.994
2016-12_gen4ou-0.json,Mamoswine,Moves,,Ice Fang,11.344
2016-12_gen4ou-0.json,Mamoswine,Moves,,Endeavor,9.899
2016-12_gen4ou-0.json,Mamoswine,Moves,,Ancient Power,5.997
2016-12_gen4ou-0.json,Mamoswine,Moves,,Protect,3.829
2016-12_gen4ou-0.json,Mamoswine,Moves,,Rest,3.613
2016-12_gen4ou-0.json,Mamoswine,Moves,,Sleep Talk,3.107
2016-12_gen4ou-0.json,Mamoswine,Moves,,Icicle Spear,2.962
2016-12_gen4ou-0.json,Mamoswine,Moves,,Body Slam,2.457
2016-12_gen4ou-0.json,Mamoswine,Moves,,Toxic,2.384
2016-12_gen4ou-0.json,Mamoswine,Moves,,Other,18.642
2016-12_gen4ou-0.json,Staraptor,Stats,Raw count,,1337
2016-12_gen4ou-0.json,Staraptor,Stats,Avg. weight,,1.0
2016-12_gen4ou-0.json,Staraptor,Stats,Viability Ceiling,,71
2016-12_gen4ou-0.json,Staraptor,Stats,Jolly,,4.338
2016-12_gen4ou-0.json,Staraptor,Stats,Hardy,,3.515
2016-12_gen4ou-0.json,Staraptor,Stats,Adamant,,6.657
2016-12_gen4ou-0.json,Staraptor,Stats,Naive,,3.740
2016-12_gen4ou-0.json,Staraptor,Abilities,,Intimidate,100.0
2016-12_gen4ou-0.json,Staraptor,Items,,Leftovers,18.998
2016-12_gen4ou-0.json,Staraptor,Items,,Choice Band,17.277
2016-12_gen4ou-0.json,Staraptor,Items,,Nothing,10.696
2016-12_gen4ou-0.json,Staraptor,Items,,Life Orb,10.022
2016-12_gen4ou-0.json,Staraptor,Items,,Choice Scarf,8.527
2016-12_gen4ou-0.json,Staraptor,Items,,Sharp Beak,7.853
2016-12_gen4ou-0.json,Staraptor,Items,,Focus Sash,6.731
2016-12_gen4ou-0.json,Staraptor,Items,,Sky Plate,3.441
2016-12_gen4ou-0.json,Staraptor,Items,,Sitrus Berry,3.141
2016-12_gen4ou-0.json,Staraptor,Items,,Shell Bell,2.842
2016-12_gen4ou-0.json,Staraptor,Items,,Quick Claw,1.421
2016-12_gen4ou-0.json,Staraptor,Items,,White Herb,1.272
2016-12_gen4ou-0.json,Staraptor,Items,,Cherish Ball,1.122
2016-12_gen4ou-0.json,Staraptor,Items,,Lum Berry,0.972
2016-12_gen4ou-0.json,Staraptor,Items,,Silk Scarf,0.748
2016-12_gen4ou-0.json,Staraptor,Items,,Other,4.936
2016-12_gen4ou-0.json,Staraptor,Spreads,,Other,39.791
2016-12_gen4ou-0.json,Staraptor,Moves,,Brave Bird,91.249
2016-12_gen4ou-0.json,Staraptor,Moves,,Close Combat,89.379
2016-12_gen4ou-0.json,Staraptor,Moves,,U-turn,40.838
2016-12_gen4ou-0.json,Staraptor,Moves,,Roost,23.411
2016-12_gen4ou-0.json,Staraptor,Moves,,Double-Edge,20.793
2016-12_gen4ou-0.json,Staraptor,Moves,,Aerial Ace,17.951
2016-12_gen4ou-0.json,Staraptor,Moves,,Fly,17.651
2016-12_gen4ou-0.json,Staraptor,Moves,,Quick Attack,13.613
2016-12_gen4ou-0.json,Staraptor,Moves,,Return,11.892
2016-12_gen4ou-0.json,Staraptor,Moves,,Sky Attack,10.097
2016-12_gen4ou-0.json,Staraptor,Moves,,Heat Wave,9.349
2016-12_gen4ou-0.json,Staraptor,Moves,,Defog,6.956
2016-12_gen4ou-0.json,Staraptor,Moves,,Giga Impact,4.712
2016-12_gen4ou-0.json,Staraptor,Moves,,Steel Wing,4.712
2016-12_gen4ou-0.json,Staraptor,Moves,,Wing Attack,3.441
2016-12_gen4ou-0.json,Staraptor,Moves,,Feather Dance,2.842
2016-12_gen4ou-0.json,Staraptor,Moves,,Air Cutter,2.842
2016-12_gen4ou-0.json,Staraptor,Moves,,Endeavor,2.842
2016-12_gen4ou-0.json,Staraptor,Moves,,Toxic,2.618
2016-12_gen4ou-0.json,Staraptor,Moves,,Frustration,1.571
2016-12_gen4ou-0.json,Staraptor,Moves,,Facade,1.496
2016-12_gen4ou-0.json,Staraptor,Moves,,Other,19.746
2016-12_gen4ou-0.json,Umbreon,Stats,Raw count,,1324
2016-12_gen4ou-0.json,Umbreon,Stats,Avg. weight,,1.0
2016-12_gen4ou-0.json,Umbreon,Stats,Viability Ceiling,,84
2016-12_gen4ou-0.json,Umbreon,Stats,Careful,,13.444
2016-12_gen4ou-0.json,Umbreon,Stats,Calm,,4.154
2016-12_gen4ou-0.json,Umbreon,Stats,Hardy,,4.456
2016-12_gen4ou-0.json,Umbreon,Abilities,,Synchronize,100.0
2016-12_gen4ou-0.json,Umbreon,Items,,Leftovers,77.568
2016-12_gen4ou-0.json,Umbreon,Items,,Sitrus Berry,5.891
2016-12_gen4ou-0.json,Umbreon,Items,,Lum Berry,4.758
2016-12_gen4ou-0.json,Umbreon,Items,,Salac Berry,2.87
2016-12_gen4ou-0.json,Umbreon,Items,,Black Glasses,2.266
2016-12_gen4ou-0.json,Umbreon,Items,,Nothing,1.888
2016-12_gen4ou-0.json,Umbreon,Items,,Other,4.758
2016-12_gen4ou-0.json,Umbreon,Spreads,,Other,55.363
2016-12_gen4ou-0.json,Umbreon,Moves,,Toxic,58.912
2016-12_gen4ou-0.json,Umbreon,Moves,,Wish,45.242
2016-12_gen4ou-0.json,Umbreon,Moves,,Protect,41.088
2016-12_gen4ou-0.json,Umbreon,Moves,,Moonlight,40.257
2016-12_gen4ou-0.json,Umbreon,Moves,,Heal Bell,25.227
2016-12_gen4ou-0.json,Umbreon,Moves,,Mean Look,23.036
2016-12_gen4ou-0.json,Umbreon,Moves,,Curse,22.432
2016-12_gen4ou-0.json,Umbreon,Moves,,Dark Pulse,21.828
2016-12_gen4ou-0.json,Umbreon,Moves,,Payback,19.789
2016-12_gen4ou-0.json,Umbreon,Moves,,Baton Pass,18.958
2016-12_gen4ou-0.json,Umbreon,Moves,,Sucker Punch,12.085
2016-12_gen4ou-0.json,Umbreon,Moves,,Psychic,8.082
2016-12_gen4ou-0.json,Umbreon,Moves,,Taunt,7.779
2016-12_gen4ou-0.json,Umbreon,Moves,,Shadow Ball,7.402
2016-12_gen4ou-0.json,Umbreon,Moves,,Confuse Ray,6.722
2016-12_gen4ou-0.json,Umbreon,Moves,,Pursuit,5.967
2016-12_gen4ou-0.json,Umbreon,Moves,,Substitute,4.758
2016-12_gen4ou-0.json,Umbreon,Moves,,Feint Attack,4.079
2016-12_gen4ou-0.json,Umbreon,Moves,,Rest,3.625
2016-12_gen4ou-0.json,Umbreon,Moves,,Bite,3.474
2016-12_gen4ou-0.json,Umbreon,Moves,,Other,19.26
2016-12_gen4ou-0.json,Charizard,Stats,Raw count,,1311
2016-12_gen4ou-0.json,Charizard,Stats,Avg. weight,,1.0
2016-12_gen4ou-0.json,Charizard,Stats,Viability Ceiling,,77
2016-12_gen4ou-0.json,Charizard,Stats,Timid,,8.314
2016-12_gen4ou-0.json,Charizard,Stats,Hardy,,12.967
2016-12_gen4ou-0.json,Charizard,Stats,Jolly,,5.797
2016-12_gen4ou-0.json,Charizard,Stats,Hasty,,3.814
2016-12_gen4ou-0.json,Charizard,Abilities,,Blaze,100.0
2016-12_gen4ou-0.json,Charizard,Items,,Life Orb,29.214
2016-12_gen4ou-0.json,Charizard,Items,,Leftovers,17.468
2016-12_gen4ou-0.json,Charizard,Items,,Nothing,14.493
2016-12_gen4ou-0.json,Charizard,Items,,Salac Berry,7.933
2016-12_gen4ou-0.json,Charizard,Items,,Focus Sash,6.789
2016-12_gen4ou-0.json,Charizard,Items,,Charcoal,5.721
2016-12_gen4ou-0.json,Charizard,Items,,Choice Specs,2.67
2016-12_gen4ou-0.json,Charizard,Items,,Lum Berry,2.212
2016-12_gen4ou-0.json,Charizard,Items,,Sitrus Berry,1.983
2016-12_gen4ou-0.json,Charizard,Items,,Flame Plate,1.907
2016-12_gen4ou-0.json,Charizard,Items,,Power Herb,1.907
2016-12_gen4ou-0.json,Charizard,Items,,Flame Orb,1.526
2016-12_gen4ou-0.json,Charizard,Items,,Choice Band,1.22
2016-12_gen4ou-0.json,Charizard,Items,,Other,4.958
2016-12_gen4ou-0.json,Charizard,Spreads,,Other,50.038
2016-12_gen4ou-0.json,Charizard,Moves,,Flamethrower,48.894
2016-12_gen4ou-0.json,Charizard,Moves,,Air Slash,43.631
2016-12_gen4ou-0.json,Charizard,Moves,,Dragon Pulse,35.088
2016-12_gen4ou-0.json,Charizard,Moves,,Fire Blast,23.646
2016-12_gen4ou-0.json,Charizard,Moves,,Flare Blitz,22.578
2016-12_gen4ou-0.json,Charizard,Moves,,Focus Blast,22.044
2016-12_gen4ou-0.json,Charizard,Moves,,Earthquake,19.527
2016-12_gen4ou-0.json,Charizard,Moves,,Dragon Dance,15.713
2016-12_gen4ou-0.json,Charizard,Moves,,Fire Punch,15.179
2016-12_gen4ou-0.json,Charizard,Moves,,Blast Burn,14.645
2016-12_gen4ou-0.json,Charizard,Moves,,Dragon Claw,14.569
2016-12_gen4ou-0.json,Charizard,Moves,,Thunder Punch,12.128
2016-12_gen4ou-0.json,Charizard,Moves,,Crunch,10.221
2016-12_gen4ou-0.json,Charizard,Moves,,Belly Drum,9.611
2016-12_gen4ou-0.json,Charizard,Moves,,Overheat,7.323
2016-12_gen4ou-0.json,Charizard,Moves,,Substitute,7.094
2016-12_gen4ou-0.json,Charizard,Moves,,Solar Beam,6.636
2016-12_gen4ou-0.json,Charizard,Moves,,Fly,5.721
2016-12_gen4ou-0.json,Charizard,Moves,,Heat Wave,5.645
2016-12_gen4ou-0.json,Charizard,Moves,,Roost,5.263
2016-12_gen4ou-0.json,Charizard,Moves,,Outrage,4.958
2016-12_gen4ou-0.json,Charizard,Moves,,Ancient Power,4.729
2016-12_gen4ou-0.json,Charizard,Moves,,Sunny Day,4.653
2016-12_gen4ou-0.json,Charizard,Moves,,Hidden Power Electric,3.585
2016-12_gen4ou-0.json,Charizard,Moves,,Brick Break,2.517
2016-12_gen4ou-0.json,Charizard,Moves,,Hidden Power Grass,2.288
2016-12_gen4ou-0.json,Charizard,Moves,,Fire Fang,2.288
2016-12_gen4ou-0.json,Charizard,Moves,,Aerial Ace,2.136
2016-12_gen4ou-0.json,Charizard,Moves,,Wing Attack,2.059
2016-12_gen4ou-0.json,Charizard,Moves,,Air Cutter,1.907
2016-12_gen4ou-0.json,Charizard,Moves,,Rock Slide,1.678
2016-12_gen4ou-0.json,Charizard,Moves,,Will-O-Wisp,1.526
2016-12_gen4ou-0.json,Charizard,Moves,,Double-Edge,1.526
2016-12_gen4ou-0.json,Charizard,Moves,,Other,18.993
2016-12_gen4ou-0.json,Alakazam,Stats,Raw count,,1245
2016-12_gen4ou-0.json,Alakazam,Stats,Avg. weight,,1.0
2016-12_gen4ou-0.json,Alakazam,Stats,Viability Ceiling,,68
2016-12_gen4ou-0.json,Alakazam,Stats,Timid,,4.177
2016-12_gen4ou-0.json,Alakazam,Stats,Modest,,4.257
2016-12_gen4ou-0.json,Alakazam,Stats,Hardy,,8.594
2016-12_gen4ou-0.json,Alakazam,Abilities,,Synchronize,93.494
2016-12_gen4ou-0.json,Alakazam,Abilities,,Inner Focus,6.506
2016-12_gen4ou-0.json,Alakazam,Items,,Focus Sash,23.534
2016-12_gen4ou-0.json,Alakazam,Items,,Choice Specs,19.438
2016-12_gen4ou-0.json,Alakazam,Items,,Life Orb,17.992
2016-12_gen4ou-0.json,Alakazam,Items,,TwistedSpoon,13.815
2016-12_gen4ou-0.json,Alakazam,Items,,Leftovers,8.193
2016-12_gen4ou-0.json,Alakazam,Items,,Nothing,7.229
2016-12_gen4ou-0.json,Alakazam,Items,,Mind Plate,2.008
2016-12_gen4ou-0.json,Alakazam,Items,,Scope Lens,1.285
2016-12_gen4ou-0.json,Alakazam,Items,,Lum Berry,1.285
2016-12_gen4ou-0.json,Alakazam,Items,,Quick Claw,1.124
2016-12_gen4ou-0.json,Alakazam,Items,,Other,4.096
2016-12_gen4ou-0.json,Alakazam,Spreads,,Other,30.281
2016-12_gen4ou-0.json,Alakazam,Moves,,Psychic,95.502
2016-12_gen4ou-0.json,Alakazam,Moves,,Energy Ball,51.004
2016-12_gen4ou-0.json,Alakazam,Moves,,Shadow Ball,48.835
2016-12_gen4ou-0.json,Alakazam,Moves,,Focus Blast,46.667
2016-12_gen4ou-0.json,Alakazam,Moves,,Calm Mind,25.141
2016-12_gen4ou-0.json,Alakazam,Moves,,Hidden Power Fire,15.181
2016-12_gen4ou-0.json,Alakazam,Moves,,Signal Beam,14.297
2016-12_gen4ou-0.json,Alakazam,Moves,,Recover,13.173
2016-12_gen4ou-0.json,Alakazam,Moves,,Trick,7.952
2016-12_gen4ou-0.json,Alakazam,Moves,,Future Sight,7.55
2016-12_gen4ou-0.json,Alakazam,Moves,,Encore,7.309
2016-12_gen4ou-0.json,Alakazam,Moves,,Thunder Wave,5.542
2016-12_gen4ou-0.json,Alakazam,Moves,,Light Screen,4.739
2016-12_gen4ou-0.json,Alakazam,Moves,,Charge Beam,4.659
2016-12_gen4ou-0.json,Alakazam,Moves,,Taunt,4.257
2016-12_gen4ou-0.json,Alakazam,Moves,,Hyper Beam,2.972
2016-12_gen4ou-0.json,Alakazam,Moves,,Substitute,2.811
2016-12_gen4ou-0.json,Alakazam,Moves,,Psycho Cut,2.731
2016-12_gen4ou-0.json,Alakazam,Moves,,Hidden Power Fighting,2.651
2016-12_gen4ou-0.json,Alakazam,Moves,,Confusion,2.41
2016-12_gen4ou-0.json,Alakazam,Moves,,Gravity,2.169
2016-12_gen4ou-0.json,Alakazam,Moves,,Drain Punch,2.008
2016-12_gen4ou-0.json,Alakazam,Moves,,Zen Headbutt,1.687
2016-12_gen4ou-0.json,Alakazam,Moves,,Double-Edge,1.687
2016-12_gen4ou-0.json,Alakazam,Moves,,Counter,1.606
2016-12_gen4ou-0.json,Alakazam,Moves,,Hidden Power Ice,1.526
2016-12_gen4ou-0.json,Alakazam,Moves,,Disable,1.526
2016-12_gen4ou-0.json,Alakazam,Moves,,Psybeam,1.526
2016-12_gen4ou-0.json,Alakazam,Moves,,Shock Wave,1.446
2016-12_gen4ou-0.json,Alakazam,Moves,,Other,19.438
2016-12_gen4ou-0.json,Venusaur,Stats,Raw count,,1255
2016-12_gen4ou-0.json,Venusaur,Stats,Avg. weight,,1.0
2016-12_gen4ou-0.json,Venusaur,Stats,Viability Ceiling,,76
2016-12_gen4ou-0.json,Venusaur,Stats,Hardy,,9.323
2016-12_gen4ou-0.json,Venusaur,Stats,Modest,,3.745
2016-12_gen4ou-0.json,Venusaur,Stats,Calm,,5.817
2016-12_gen4ou-0.json,Venusaur,Abilities,,Overgrow,100.0
2016-12_gen4ou-0.json,Venusaur,Items,,Leftovers,51.474
2016-12_gen4ou-0.json,Venusaur,Items,,Black Sludge,14.741
2016-12_gen4ou-0.json,Venusaur,Items,,Nothing,9.084
2016-12_gen4ou-0.json,Venusaur,Items,,Zoom Lens,7.729
2016-12_gen4ou-0.json,Venusaur,Items,,Life Orb,2.948
2016-12_gen4ou-0.json,Venusaur,Items,,Rose Incense,1.833
2016-12_gen4ou-0.json,Venusaur,Items,,Choice Scarf,1.434
2016-12_gen4ou-0.json,Venusaur,Items,,Focus Sash,1.355
2016-12_gen4ou-0.json,Venusaur,Items,,Miracle Seed,1.275
2016-12_gen4ou-0.json,Venusaur,Items,,Power Herb,1.275
2016-12_gen4ou-0.json,Venusaur,Items,,White Herb,1.275
2016-12_gen4ou-0.json,Venusaur,Items,,Yache Berry,1.195
2016-12_gen4ou-0.json,Venusaur,Items,,Other,4.382
2016-12_gen4ou-0.json,Venusaur,Spreads,,Other,62.231
2016-12_gen4ou-0.json,Venusaur,Moves,,Sludge Bomb,59.92
2016-12_gen4ou-0.json,Venusaur,Moves,,Sleep Powder,57.131
2016-12_gen4ou-0.json,Venusaur,Moves,,Leech Seed,51.713
2016-12_gen4ou-0.json,Venusaur,Moves,,Giga Drain,48.207
2016-12_gen4ou-0.json,Venusaur,Moves,,Synthesis,23.028
2016-12_gen4ou-0.json,Venusaur,Moves,,Leaf Storm,21.753
2016-12_gen4ou-0.json,Venusaur,Moves,,Energy Ball,18.884
2016-12_gen4ou-0.json,Venusaur,Moves,,Toxic,18.566
2016-12_gen4ou-0.json,Venusaur,Moves,,Earthquake,12.908
2016-12_gen4ou-0.json,Venusaur,Moves,,Frenzy Plant,9.801
2016-12_gen4ou-0.json,Venusaur,Moves,,Solar Beam,9.641
2016-12_gen4ou-0.json,Venusaur,Moves,,Growth,8.367
2016-12_gen4ou-0.json,Venusaur,Moves,,Protect,8.367
2016-12_gen4ou-0.json,Venusaur,Moves,,Substitute,7.092
2016-12_gen4ou-0.json,Venusaur,Moves,,Power Whip,6.534
2016-12_gen4ou-0.json,Venusaur,Moves,,Hidden Power Fire,5.179
2016-12_gen4ou-0.json,Venusaur,Moves,,Sunny Day,3.586
2016-12_gen4ou-0.json,Venusaur,Moves,,Amnesia,3.506
2016-12_gen4ou-0.json,Venusaur,Moves,,Roar,2.789
2016-12_gen4ou-0.json,Venusaur,Moves,,Hidden Power Ice,2.47
2016-12_gen4ou-0.json,Venusaur,Moves,,Double-Edge,2.39
2016-12_gen4ou-0.json,Venusaur,Moves,,Other,18.167
2016-12_gen4ou-0.json,Porygon-Z,Stats,Raw count,,1160
2016-12_gen4ou-0.json,Porygon-Z,Stats,Avg. weight,,1.0
2016-12_gen4ou-0.json,Porygon-Z,Stats,Viability Ceiling,,70
2016-12_gen4ou-0.json,Porygon-Z,Stats,Modest,,6.552
2016-12_gen4ou-0.json,Porygon-Z,Stats,Timid,,6.379
2016-12_gen4ou-0.json,Porygon-Z,Abilities,,Download,65.431
2016-12_gen4ou-0.json,Porygon-Z,Abilities,,Adaptability,34.569
2016-12_gen4ou-0.json,Porygon-Z,Items,,Life Orb,31.81
2016-12_gen4ou-0.json,Porygon-Z,Items,,Choice Scarf,28.621
2016-12_gen4ou-0.json,Porygon-Z,Items,,Choice Specs,23.19
2016-12_gen4ou-0.json,Porygon-Z,Items,,Leftovers,5.776
2016-12_gen4ou-0.json,Porygon-Z,Items,,Nothing,2.155
2016-12_gen4ou-0.json,Porygon-Z,Items,,Focus Sash,1.81
2016-12_gen4ou-0.json,Porygon-Z,Items,,Silk Scarf,1.638
2016-12_gen4ou-0.json,Porygon-Z,Items,,Sitrus Berry,0.948
2016-12_gen4ou-0.json,Porygon-Z,Items,,Other,4.052
2016-12_gen4ou-0.json,Porygon-Z,Spreads,,Other,30.431
2016-12_gen4ou-0.json,Porygon-Z,Moves,,Ice Beam,74.483
2016-12_gen4ou-0.json,Porygon-Z,Moves,,Tri Attack,61.207
2016-12_gen4ou-0.json,Porygon-Z,Moves,,Psychic,44.224
2016-12_gen4ou-0.json,Porygon-Z,Moves,,Thunderbolt,41.379
2016-12_gen4ou-0.json,Porygon-Z,Moves,,Thunder,33.017
2016-12_gen4ou-0.json,Porygon-Z,Moves,,Hidden Power Fire,32.069
2016-12_gen4ou-0.json,Porygon-Z,Moves,,Trick,22.155
2016-12_gen4ou-0.json,Porygon-Z,Moves,,Dark Pulse,21.552
2016-12_gen4ou-0.json,Porygon-Z,Moves,,Hidden Power Ground,10.69
2016-12_gen4ou-0.json,Porygon-Z,Moves,,Shadow Ball,7.759
2016-12_gen4ou-0.json,Porygon-Z,Moves,,Hidden Power Dark,6.466
2016-12_gen4ou-0.json,Porygon-Z,Moves,,Recover,6.121
2016-12_gen4ou-0.json,Porygon-Z,Moves,,Nasty Plot,5.086
2016-12_gen4ou-0.json,Porygon-Z,Moves,,Signal Beam,4.569
2016-12_gen4ou-0.json,Porygon-Z,Moves,,Hidden Power Fighting,3.879
2016-12_gen4ou-0.json,Porygon-Z,Moves,,Discharge,3.879
2016-12_gen4ou-0.json,Porygon-Z,Moves,,Agility,3.534
2016-12_gen4ou-0.json,Porygon-Z,Moves,,Other,17.931
2016-12_gen4ou-0.json,Heracross,Stats,Raw count,,1175
2016-12_gen4ou-0.json,Heracross,Stats,Avg. weight,,1.0
2016-12_gen4ou-0.json,Heracross,Stats,Viability Ceiling,,73
2016-12_gen4ou-0.json,Heracross,Stats,Jolly,,7.574
2016-12_gen4ou-0.json,Heracross,Stats,Adamant,,7.830
2016-12_gen4ou-0.json,Heracross,Abilities,,Guts,73.277
2016-12_gen4ou-0.json,Heracross,Abilities,,Swarm,26.723
2016-12_gen4ou-0.json,Heracross,Items,,Flame Orb,32.255
2016-12_gen4ou-0.json,Heracross,Items,,Choice Scarf,26.383
2016-12_gen4ou-0.json,Heracross,Items,,Leftovers,14.809
2016-12_gen4ou-0.json,Heracross,Items,,Toxic Orb,4.936
2016-12_gen4ou-0.json,Heracross,Items,,Choice Band,4.851
2016-12_gen4ou-0.json,Heracross,Items,,Life Orb,3.404
2016-12_gen4ou-0.json,Heracross,Items,,Nothing,2.383
2016-12_gen4ou-0.json,Heracross,Items,,Salac Berry,1.872
2016-12_gen4ou-0.json,Heracross,Items,,Power Herb,1.787
2016-12_gen4ou-0.json,Heracross,Items,,Focus Sash,1.191
2016-12_gen4ou-0.json,Heracross,Items,,Black Belt,1.021
2016-12_gen4ou-0.json,Heracross,Items,,Sitrus Berry,1.021
2016-12_gen4ou-0.json,Heracross,Items,,Other,4.085
2016-12_gen4ou-0.json,Heracross,Spreads,,Other,35.489
2016-12_gen4ou-0.json,Heracross,Moves,,Megahorn,96.17
2016-12_gen4ou-0.json,Heracross,Moves,,Close Combat,56.596
2016-12_gen4ou-0.json,Heracross,Moves,,Earthquake,54.468
2016-12_gen4ou-0.json,Heracross,Moves,,Stone Edge,53.447
2016-12_gen4ou-0.json,Heracross,Moves,,Brick Break,41.532
2016-12_gen4ou-0.json,Heracross,Moves,,Night Slash,23.149
2016-12_gen4ou-0.json,Heracross,Moves,,Rock Slide,13.021
2016-12_gen4ou-0.json,Heracross,Moves,,Facade,9.191
2016-12_gen4ou-0.json,Heracross,Moves,,Swords Dance,6.723
2016-12_gen4ou-0.json,Heracross,Moves,,Double-Edge,5.106
2016-12_gen4ou-0.json,Heracross,Moves,,Bulk Up,4.936
2016-12_gen4ou-0.json,Heracross,Moves,,Aerial Ace,4.511
2016-12_gen4ou-0.json,Heracross,Moves,,Sleep Talk,3.66
2016-12_gen4ou-0.json,Heracross,Moves,,Knock Off,3.489
2016-12_gen4ou-0.json,Heracross,Moves,,Reversal,2.894
2016-12_gen4ou-0.json,Heracross,Moves,,Hidden Power Ice,2.468
2016-12_gen4ou-0.json,Heracross,Moves,,Other,18.638
2016-12_gen4ou-0.json,Torterra,Stats,Raw count,,1206
2016-12_gen4ou-0.json,Torterra,Stats,Avg. weight,,1.0
2016-12_gen4ou-0.json,Torterra,Stats,Viability Ceiling,,66
2016-12_gen4ou-0.json,Torterra,Stats,Hardy,,3.814
2016-12_gen4ou-0.json,Torterra,Stats,Adamant,,11.774
2016-12_gen4ou-0.json,Torterra,Stats,Naughty,,6.633
2016-12_gen4ou-0.json,Torterra,Stats,Impish,,5.638
2016-12_gen4ou-0.json,Torterra,Stats,Careful,,2.156
2016-12_gen4ou-0.json,Torterra,Abilities,,Overgrow,100.0
2016-12_gen4ou-0.json,Torterra,Items,,Leftovers,49.585
2016-12_gen4ou-0.json,Torterra,Items,,Nothing,8.872
2016-12_gen4ou-0.json,Torterra,Items,,Focus Sash,7.463
2016-12_gen4ou-0.json,Torterra,Items,,Yache Berry,5.141
2016-12_gen4ou-0.json,Torterra,Items,,Big Root,4.975
2016-12_gen4ou-0.json,Torterra,Items,,Meadow Plate,4.643
2016-12_gen4ou-0.json,Torterra,Items,,Sitrus Berry,3.648
2016-12_gen4ou-0.json,Torterra,Items,,Miracle Seed,3.483
2016-12_gen4ou-0.json,Torterra,Items,,Life Orb,2.653
2016-12_gen4ou-0.json,Torterra,Items,,Lum Berry,2.488
2016-12_gen4ou-0.json,Torterra,Items,,Choice Band,1.658
2016-12_gen4ou-0.json,Torterra,Items,,Quick Claw,0.995
2016-12_gen4ou-0.json,Torterra,Items,,Other,4.395
2016-12_gen4ou-0.json,Torterra,Spreads,,Other,48.673
2016-12_gen4ou-0.json,Torterra,Moves,,Earthquake,82.753
2016-12_gen4ou-0.json,Torterra,Moves,,Leaf Storm,32.09
2016-12_gen4ou-0.json,Torterra,Moves,,Giga Drain,31.095
2016-12_gen4ou-0.json,Torterra,Moves,,Energy Ball,26.036
2016-12_gen4ou-0.json,Torterra,Moves,,Crunch,25.124
2016-12_gen4ou-0.json,Torterra,Moves,,Wood Hammer,23.051
2016-12_gen4ou-0.json,Torterra,Moves,,Leech Seed,22.554
2016-12_gen4ou-0.json,Torterra,Moves,,Seed Bomb,21.808
2016-12_gen4ou-0.json,Torterra,Moves,,Synthesis,19.735
2016-12_gen4ou-0.json,Torterra,Moves,,Stone Edge,17.993
2016-12_gen4ou-0.json,Torterra,Moves,,Stealth Rock,11.774
2016-12_gen4ou-0.json,Torterra,Moves,,Outrage,8.706
2016-12_gen4ou-0.json,Torterra,Moves,,Bullet Seed,7.048
2016-12_gen4ou-0.json,Torterra,Moves,,Protect,6.385
2016-12_gen4ou-0.json,Torterra,Moves,,Earth Power,5.887
2016-12_gen4ou-0.json,Torterra,Moves,,Rock Slide,5.39
2016-12_gen4ou-0.json,Torterra,Moves,,Body Slam,5.141
2016-12_gen4ou-0.json,Torterra,Moves,,Grass Knot,4.312
2016-12_gen4ou-0.json,Torterra,Moves,,Frenzy Plant,3.897
2016-12_gen4ou-0.json,Torterra,Moves,,Iron Head,3.648
2016-12_gen4ou-0.json,Torterra,Moves,,Razor Leaf,3.648
2016-12_gen4ou-0.json,Torterra,Moves,,Toxic,3.566
2016-12_gen4ou-0.json,Torterra,Moves,,Superpower,3.234
2016-12_gen4ou-0.json,Torterra,Moves,,Rock Polish,2.488
2016-12_gen4ou-0.json,Torterra,Moves,,Rock Climb,2.405
2016-12_gen4ou-0.json,Torterra,Moves,,Solar Beam,1.824
2016-12_gen4ou-0.json,Torterra,Moves,,Other,18.408
2016-12_gen4ou-0.json,Rotom-Heat,Stats,Raw count,,1108
2016-12_gen4ou-0.json,Rotom-Heat,Stats,Avg. weight,,1.0
2016-12_gen4ou-0.json,Rotom-Heat,Stats,Viability Ceiling,,89
2016-12_gen4ou-0.json,Rotom-Heat,Stats,Timid,,3.971
2016-12_gen4ou-0.json,Rotom-Heat,Stats,Modest,,4.783
2016-12_gen4ou-0.json,Rotom-Heat,Abilities,,Levitate,100.0
2016-12_gen4ou-0.json,Rotom-Heat,Items,,Leftovers,47.112
2016-12_gen4ou-0.json,Rotom-Heat,Items,,Choice Scarf,40.975
2016-12_gen4ou-0.json,Rotom-Heat,Items,,Choice Specs,7.671
2016-12_gen4ou-0.json,Rotom-Heat,Items,,Other,4.242
2016-12_gen4ou-0.json,Rotom-Heat,Spreads,,Other,55.054
2016-12_gen4ou-0.json,Rotom-Heat,Moves,,Thunderbolt,85.56
2016-12_gen4ou-0.json,Rotom-Heat,Moves,,Shadow Ball,78.791
2016-12_gen4ou-0.json,Rotom-Heat,Moves,,Overheat,63.087
2016-12_gen4ou-0.json,Rotom-Heat,Moves,,Trick,43.592
2016-12_gen4ou-0.json,Rotom-Heat,Moves,,Will-O-Wisp,35.56
2016-12_gen4ou-0.json,Rotom-Heat,Moves,,Rest,16.968
2016-12_gen4ou-0.json,Rotom-Heat,Moves,,Sleep Talk,15.614
2016-12_gen4ou-0.json,Rotom-Heat,Moves,,Pain Split,12.906
2016-12_gen4ou-0.json,Rotom-Heat,Moves,,Discharge,9.747
2016-12_gen4ou-0.json,Rotom-Heat,Moves,,Hidden Power Ice,9.386
2016-12_gen4ou-0.json,Rotom-Heat,Moves,,Thunder Wave,9.206
2016-12_gen4ou-0.json,Rotom-Heat,Moves,,Other,19.585
2016-12_gen4ou-0.json,Crobat,Stats,Raw count,,1115
2016-12_gen4ou-0.json,Crobat,Stats,Avg. weight,,1.0
2016-12_gen4ou-0.json,Crobat,Stats,Viability Ceiling,,83
2016-12_gen4ou-0.json,Crobat,Stats,Jolly,,4.933
2016-12_gen4ou-0.json,Crobat,Stats,Adamant,,4.664
2016-12_gen4ou-0.json,Crobat,Stats,Hardy,,4.484
2016-12_gen4ou-0.json,Crobat,Abilities,,Inner Focus,100.0
2016-12_gen4ou-0.json,Crobat,Items,,Leftovers,43.229
2016-12_gen4ou-0.json,Crobat,Items,,Black Sludge,16.951
2016-12_gen4ou-0.json,Crobat,Items,,Sharp Beak,7.354
2016-12_gen4ou-0.json,Crobat,Items,,Choice Band,4.933
2016-12_gen4ou-0.json,Crobat,Items,,Damp Rock,4.126
2016-12_gen4ou-0.json,Crobat,Items,,Life Orb,3.946
2016-12_gen4ou-0.json,Crobat,Items,,Choice Scarf,2.87
2016-12_gen4ou-0.json,Crobat,Items,,Focus Sash,2.78
2016-12_gen4ou-0.json,Crobat,Items,,Heat Rock,2.511
2016-12_gen4ou-0.json,Crobat,Items,,Sitrus Berry,2.511
2016-12_gen4ou-0.json,Crobat,Items,,Nothing,2.332
2016-12_gen4ou-0.json,Crobat,Items,,Toxic Plate,1.166
2016-12_gen4ou-0.json,Crobat,Items,,Wide Lens,0.897
2016-12_gen4ou-0.json,Crobat,Items,,Other,4.395
2016-12_gen4ou-0.json,Crobat,Spreads,,Other,45.83
2016-12_gen4ou-0.json,Crobat,Moves,,Brave Bird,61.076
2016-12_gen4ou-0.json,Crobat,Moves,,Roost,41.076
2016-12_gen4ou-0.json,Crobat,Moves,,U-turn,34.439
2016-12_gen4ou-0.json,Crobat,Moves,,Toxic,31.39
2016-12_gen4ou-0.json,Crobat,Moves,,Cross Poison,30.404
2016-12_gen4ou-0.json,Crobat,Moves,,Taunt,28.43
2016-12_gen4ou-0.json,Crobat,Moves,,Confuse Ray,24.126
2016-12_gen4ou-0.json,Crobat,Moves,,X-Scissor,20.807
2016-12_gen4ou-0.json,Crobat,Moves,,Super Fang,13.632
2016-12_gen4ou-0.json,Crobat,Moves,,Fly,13.184
2016-12_gen4ou-0.json,Crobat,Moves,,Air Slash,12.646
2016-12_gen4ou-0.json,Crobat,Moves,,Poison Fang,8.341
2016-12_gen4ou-0.json,Crobat,Moves,,Sludge Bomb,7.444
2016-12_gen4ou-0.json,Crobat,Moves,,Mean Look,6.996
2016-12_gen4ou-0.json,Crobat,Moves,,Heat Wave,6.368
2016-12_gen4ou-0.json,Crobat,Moves,,Bite,5.202
2016-12_gen4ou-0.json,Crobat,Moves,,Zen Headbutt,5.112
2016-12_gen4ou-0.json,Crobat,Moves,,Hypnosis,4.753
2016-12_gen4ou-0.json,Crobat,Moves,,Rain Dance,4.395
2016-12_gen4ou-0.json,Crobat,Moves,,Dark Pulse,4.305
2016-12_gen4ou-0.json,Crobat,Moves,,Giga Drain,3.318
2016-12_gen4ou-0.json,Crobat,Moves,,Pursuit,3.139
2016-12_gen4ou-0.json,Crobat,Moves,,Aerial Ace,2.87
2016-12_gen4ou-0.json,Crobat,Moves,,Defog,2.691
2016-12_gen4ou-0.json,Crobat,Moves,,Sunny Day,2.511
2016-12_gen4ou-0.json,Crobat,Moves,,Shadow Ball,2.422
2016-12_gen4ou-0.json,Crobat,Moves,,Other,18.924
2016-12_gen4ou-0.json,Gallade,Stats,Raw count,,1106
2016-12_gen4ou-0.json,Gallade,Stats,Avg. weight,,1.0
2016-12_gen4ou-0.json,Gallade,Stats,Viability Ceiling,,88
2016-12_gen4ou-0.json,Gallade,Stats,Adamant,,5.967
2016-12_gen4ou-0.json,Gallade,Stats,Jolly,,5.425
2016-12_gen4ou-0.json,Gallade,Stats,Hardy,,6.058
2016-12_gen4ou-0.json,Gallade,Abilities,,Steadfast,100.0
2016-12_gen4ou-0.json,Gallade,Items,,Leftovers,33.363
2016-12_gen4ou-0.json,Gallade,Items,,Life Orb,22.152
2016-12_gen4ou-0.json,Gallade,Items,,Choice Band,7.324
2016-12_gen4ou-0.json,Gallade,Items,,Choice Scarf,5.154
2016-12_gen4ou-0.json,Gallade,Items,,Focus Sash,4.702
2016-12_gen4ou-0.json,Gallade,Items,,Sitrus Berry,3.707
2016-12_gen4ou-0.json,Gallade,Items,,Scope Lens,3.617
2016-12_gen4ou-0.json,Gallade,Items,,Lum Berry,2.803
2016-12_gen4ou-0.json,Gallade,Items,,Black Belt,1.989
2016-12_gen4ou-0.json,Gallade,Items,,Big Root,1.989
2016-12_gen4ou-0.json,Gallade,Items,,Muscle Band,1.899
2016-12_gen4ou-0.json,Gallade,Items,,Nothing,1.899
2016-12_gen4ou-0.json,Gallade,Items,,Mental Herb,1.447
2016-12_gen4ou-0.json,Gallade,Items,,Quick Claw,1.447
2016-12_gen4ou-0.json,Gallade,Items,,White Herb,1.447
2016-12_gen4ou-0.json,Gallade,Items,,Salac Berry,0.814
2016-12_gen4ou-0.json,Gallade,Items,,Other,4.25
2016-12_gen4ou-0.json,Gallade,Spreads,,Other,48.101
2016-12_gen4ou-0.json,Gallade,Moves,,Psycho Cut,53.255
2016-12_gen4ou-0.json,Gallade,Moves,,Close Combat,49.819
2016-12_gen4ou-0.json,Gallade,Moves,,Drain Punch,40.868
2016-12_gen4ou-0.json,Gallade,Moves,,Shadow Sneak,34.177
2016-12_gen4ou-0.json,Gallade,Moves,,Ice Punch,30.922
2016-12_gen4ou-0.json,Gallade,Moves,,Leaf Blade,26.311
2016-12_gen4ou-0.json,Gallade,Moves,,Bulk Up,24.412
2016-12_gen4ou-0.json,Gallade,Moves,,Zen Headbutt,23.508
2016-12_gen4ou-0.json,Gallade,Moves,,Swords Dance,23.327
2016-12_gen4ou-0.json,Gallade,Moves,,Night Slash,20.796
2016-12_gen4ou-0.json,Gallade,Moves,,Brick Break,13.11
2016-12_gen4ou-0.json,Gallade,Moves,,Earthquake,7.143
2016-12_gen4ou-0.json,Gallade,Moves,,Stone Edge,5.967
2016-12_gen4ou-0.json,Gallade,Moves,,Fire Punch,5.154
2016-12_gen4ou-0.json,Gallade,Moves,,Psychic,4.611
2016-12_gen4ou-0.json,Gallade,Moves,,X-Scissor,4.34
2016-12_gen4ou-0.json,Gallade,Moves,,Trick,3.888
2016-12_gen4ou-0.json,Gallade,Moves,,Thunder Punch,3.255
2016-12_gen4ou-0.json,Gallade,Moves,,Knock Off,3.165
2016-12_gen4ou-0.json,Gallade,Moves,,Shadow Ball,2.803
2016-12_gen4ou-0.json,Gallade,Moves,,Other,19.168
2016-12_gen4ou-0.json,Milotic,Stats,Raw count,,1067
2016-12_gen4ou-0.json,Milotic,Stats,Avg. weight,,1.0
2016-12_gen4ou-0.json,Milotic,Stats,Viability Ceiling,,82
2016-12_gen4ou-0.json,Milotic,Stats,Calm,,4.780
2016-12_gen4ou-0.json,Milotic,Stats,Hardy,,6.748
2016-12_gen4ou-0.json,Milotic,Stats,Bold,,5.061
2016-12_gen4ou-0.json,Milotic,Abilities,,Marvel Scale,100.0
2016-12_gen4ou-0.json,Milotic,Items,,Leftovers,82.755
2016-12_gen4ou-0.json,Milotic,Items,,Flame Orb,3.561
2016-12_gen4ou-0.json,Milotic,Items,,Life Orb,2.718
2016-12_gen4ou-0.json,Milotic,Items,,Nothing,2.343
2016-12_gen4ou-0.json,Milotic,Items,,BrightPowder,1.968
2016-12_gen4ou-0.json,Milotic,Items,,Mystic Water,1.218
2016-12_gen4ou-0.json,Milotic,Items,,Lum Berry,1.218
2016-12_gen4ou-0.json,Milotic,Items,,Other,4.217
2016-12_gen4ou-0.json,Milotic,Spreads,,Other,60.45
2016-12_gen4ou-0.json,Milotic,Moves,,Recover,82.943
2016-12_gen4ou-0.json,Milotic,Moves,,Ice Beam,79.288
2016-12_gen4ou-0.json,Milotic,Moves,,Surf,71.884
2016-12_gen4ou-0.json,Milotic,Moves,,Toxic,31.115
2016-12_gen4ou-0.json,Milotic,Moves,,Hidden Power Electric,28.21
2016-12_gen4ou-0.json,Milotic,Moves,,Hydro Pump,27.179
2016-12_gen4ou-0.json,Milotic,Moves,,Haze,12.371
2016-12_gen4ou-0.json,Milotic,Moves,,Aqua Ring,9.278
2016-12_gen4ou-0.json,Milotic,Moves,,Protect,7.873
2016-12_gen4ou-0.json,Milotic,Moves,,Mirror Coat,7.779
2016-12_gen4ou-0.json,Milotic,Moves,,Dragon Pulse,6.186
2016-12_gen4ou-0.json,Milotic,Moves,,Confuse Ray,5.904
2016-12_gen4ou-0.json,Milotic,Moves,,Hypnosis,4.405
2016-12_gen4ou-0.json,Milotic,Moves,,Hidden Power Grass,4.124
2016-12_gen4ou-0.json,Milotic,Moves,,Blizzard,3.187
2016-12_gen4ou-0.json,Milotic,Moves,,Other,18.276
2016-12_gen4ou-0.json,Vaporeon,Stats,Raw count,,1016
2016-12_gen4ou-0.json,Vaporeon,Stats,Avg. weight,,1.0
2016-12_gen4ou-0.json,Vaporeon,Stats,Viability Ceiling,,84
2016-12_gen4ou-0.json,Vaporeon,Stats,Bold,,4.134
2016-12_gen4ou-0.json,Vaporeon,Stats,Hardy,,6.988
2016-12_gen4ou-0.json,Vaporeon,Stats,Calm,,3.839
2016-12_gen4ou-0.json,Vaporeon,Stats,Mild,,3.740
2016-12_gen4ou-0.json,Vaporeon,Abilities,,Water Absorb,100.0
2016-12_gen4ou-0.json,Vaporeon,Items,,Leftovers,74.311
2016-12_gen4ou-0.json,Vaporeon,Items,,Mystic Water,8.957
2016-12_gen4ou-0.json,Vaporeon,Items,,Choice Specs,4.626
2016-12_gen4ou-0.json,Vaporeon,Items,,Never-Melt Ice,4.035
2016-12_gen4ou-0.json,Vaporeon,Items,,Life Orb,1.673
2016-12_gen4ou-0.json,Vaporeon,Items,,Splash Plate,0.886
2016-12_gen4ou-0.json,Vaporeon,Items,,Focus Sash,0.886
2016-12_gen4ou-0.json,Vaporeon,Items,,Other,4.626
2016-12_gen4ou-0.json,Vaporeon,Spreads,,Other,64.567
2016-12_gen4ou-0.json,Vaporeon,Moves,,Surf,60.039
2016-12_gen4ou-0.json,Vaporeon,Moves,,Wish,51.28
2016-12_gen4ou-0.json,Vaporeon,Moves,,Protect,34.843
2016-12_gen4ou-0.json,Vaporeon,Moves,,Ice Beam,33.465
2016-12_gen4ou-0.json,Vaporeon,Moves,,Hydro Pump,27.165
2016-12_gen4ou-0.json,Vaporeon,Moves,,Acid Armor,21.358
2016-12_gen4ou-0.json,Vaporeon,Moves,,Hidden Power Electric,21.063
2016-12_gen4ou-0.json,Vaporeon,Moves,,Roar,19.488
2016-12_gen4ou-0.json,Vaporeon,Moves,,Baton Pass,18.504
2016-12_gen4ou-0.json,Vaporeon,Moves,,Heal Bell,16.535
2016-12_gen4ou-0.json,Vaporeon,Moves,,Blizzard,13.583
2016-12_gen4ou-0.json,Vaporeon,Moves,,Substitute,11.122
2016-12_gen4ou-0.json,Vaporeon,Moves,,Aqua Tail,9.449
2016-12_gen4ou-0.json,Vaporeon,Moves,,Toxic,8.76
2016-12_gen4ou-0.json,Vaporeon,Moves,,Muddy Water,7.283
2016-12_gen4ou-0.json,Vaporeon,Moves,,Aqua Ring,6.791
2016-12_gen4ou-0.json,Vaporeon,Moves,,Shadow Ball,4.429
2016-12_gen4ou-0.json,Vaporeon,Moves,,Yawn,3.642
2016-12_gen4ou-0.json,Vaporeon,Moves,,Attract,3.248
2016-12_gen4ou-0.json,Vaporeon,Moves,,Signal Beam,3.051
2016-12_gen4ou-0.json,Vaporeon,Moves,,Iron Tail,2.953
2016-12_gen4ou-0.json,Vaporeon,Moves,,Waterfall,2.461
2016-12_gen4ou-0.json,Vaporeon,Moves,,Other,19.488
2016-12_gen4ou-0.json,Tentacruel,Stats,Raw count,,997
2016-12_gen4ou-0.json,Tentacruel,Stats,Avg. weight,,1.0
2016-12_gen4ou-0.json,Tentacruel,Stats,Viability Ceiling,,84
2016-12_gen4ou-0.json,Tentacruel,Stats,Calm,,4.213
2016-12_gen4ou-0.json,Tentacruel,Stats,Timid,,13.741
2016-12_gen4ou-0.json,Tentacruel,Stats,Careful,,3.109
2016-12_gen4ou-0.json,Tentacruel,Abilities,,Liquid Ooze,82.849
2016-12_gen4ou-0.json,Tentacruel,Abilities,,Clear Body,17.151
2016-12_gen4ou-0.json,Tentacruel,Items,,Black Sludge,47.844
2016-12_gen4ou-0.json,Tentacruel,Items,,Leftovers,44.534
2016-12_gen4ou-0.json,Tentacruel,Items,,Big Root,2.608
2016-12_gen4ou-0.json,Tentacruel,Items,,Focus Sash,1.705
2016-12_gen4ou-0.json,Tentacruel,Items,,Other,3.31
2016-12_gen4ou-0.json,Tentacruel,Spreads,,Other,36.008
2016-12_gen4ou-0.json,Tentacruel,Moves,,Surf,83.149
2016-12_gen4ou-0.json,Tentacruel,Moves,,Rapid Spin,82.548
2016-12_gen4ou-0.json,Tentacruel,Moves,,Toxic Spikes,75.827
2016-12_gen4ou-0.json,Tentacruel,Moves,,Sludge Bomb,38.917
2016-12_gen4ou-0.json,Tentacruel,Moves,,Ice Beam,35.005
2016-12_gen4ou-0.json,Tentacruel,Moves,,Giga Drain,15.246
2016-12_gen4ou-0.json,Tentacruel,Moves,,Hidden Power Electric,11.635
2016-12_gen4ou-0.json,Tentacruel,Moves,,Hydro Pump,11.535
2016-12_gen4ou-0.json,Tentacruel,Moves,,Protect,10.431
2016-12_gen4ou-0.json,Tentacruel,Moves,,Knock Off,10.331
2016-12_gen4ou-0.json,Tentacruel,Moves,,Rest,4.814
2016-12_gen4ou-0.json,Tentacruel,Moves,,Toxic,4.614
2016-12_gen4ou-0.json,Tentacruel,Moves,,Other,15.948
2016-12_gen4ou-0.json,Arcanine,Stats,Raw count,,930
2016-12_gen4ou-0.json,Arcanine,Stats,Avg. weight,,1.0
2016-12_gen4ou-0.json,Arcanine,Stats,Viability Ceiling,,74
2016-12_gen4ou-0.json,Arcanine,Stats,Adamant,,3.763
2016-12_gen4ou-0.json,Arcanine,Stats,Bold,,8.172
2016-12_gen4ou-0.json,Arcanine,Stats,Hardy,,7.204
2016-12_gen4ou-0.json,Arcanine,Stats,Jolly,,6.237
2016-12_gen4ou-0.json,Arcanine,Abilities,,Intimidate,55.161
2016-12_gen4ou-0.json,Arcanine,Abilities,,Flash Fire,44.839
2016-12_gen4ou-0.json,Arcanine,Items,,Leftovers,42.903
2016-12_gen4ou-0.json,Arcanine,Items,,Life Orb,15.591
2016-12_gen4ou-0.json,Arcanine,Items,,Charcoal,6.667
2016-12_gen4ou-0.json,Arcanine,Items,,Muscle Band,5.161
2016-12_gen4ou-0.json,Arcanine,Items,,Choice Band,4.516
2016-12_gen4ou-0.json,Arcanine,Items,,Nothing,4.409
2016-12_gen4ou-0.json,Arcanine,Items,,Liechi Berry,4.086
2016-12_gen4ou-0.json,Arcanine,Items,,Sitrus Berry,3.333
2016-12_gen4ou-0.json,Arcanine,Items,,Expert Belt,1.828
2016-12_gen4ou-0.json,Arcanine,Items,,Flame Plate,1.72
2016-12_gen4ou-0.json,Arcanine,Items,,Chesto Berry,1.398
2016-12_gen4ou-0.json,Arcanine,Items,,Passho Berry,1.29
2016-12_gen4ou-0.json,Arcanine,Items,,Shuca Berry,1.075
2016-12_gen4ou-0.json,Arcanine,Items,,BrightPowder,0.968
2016-12_gen4ou-0.json,Arcanine,Items,,Black Glasses,0.86
2016-12_gen4ou-0.json,Arcanine,Items,,Other,4.194
2016-12_gen4ou-0.json,Arcanine,Spreads,,Other,52.258
2016-12_gen4ou-0.json,Arcanine,Moves,,Extreme Speed,70.968
2016-12_gen4ou-0.json,Arcanine,Moves,,Flare Blitz,58.817
2016-12_gen4ou-0.json,Arcanine,Moves,,Will-O-Wisp,41.29
2016-12_gen4ou-0.json,Arcanine,Moves,,Morning Sun,32.366
2016-12_gen4ou-0.json,Arcanine,Moves,,Crunch,24.731
2016-12_gen4ou-0.json,Arcanine,Moves,,Fire Blast,21.29
2016-12_gen4ou-0.json,Arcanine,Moves,,Roar,19.892
2016-12_gen4ou-0.json,Arcanine,Moves,,Flamethrower,17.634
2016-12_gen4ou-0.json,Arcanine,Moves,,Thunder Fang,16.022
2016-12_gen4ou-0.json,Arcanine,Moves,,Overheat,14.946
2016-12_gen4ou-0.json,Arcanine,Moves,,Iron Head,10.968
2016-12_gen4ou-0.json,Arcanine,Moves,,Sunny Day,9.032
2016-12_gen4ou-0.json,Arcanine,Moves,,Protect,7.419
2016-12_gen4ou-0.json,Arcanine,Moves,,Dragon Pulse,7.312
2016-12_gen4ou-0.json,Arcanine,Moves,,Solar Beam,5.914
2016-12_gen4ou-0.json,Arcanine,Moves,,Fire Fang,5.699
2016-12_gen4ou-0.json,Arcanine,Moves,,Dig,5.591
2016-12_gen4ou-0.json,Arcanine,Moves,,Hidden Power Grass,4.409
2016-12_gen4ou-0.json,Arcanine,Moves,,Agility,3.441
2016-12_gen4ou-0.json,Arcanine,Moves,,Heat Wave,3.441
2016-12_gen4ou-0.json,Arcanine,Moves,,Other,18.817
2016-12_gen4ou-0.json,Raikou,Stats,Raw count,,884
2016-12_gen4ou-0.json,Raikou,Stats,Avg. weight,,1.0
2016-12_gen4ou-0.json,Raikou,Stats,Viability Ceiling,,83
2016-12_gen4ou-0.json,Raikou,Stats,Timid,,16.063
2016-12_gen4ou-0.json,Raikou,Stats,Rash,,6.109
2016-12_gen4ou-0.json,Raikou,Stats,Calm,,3.959
2016-12_gen4ou-0.json,Raikou,Abilities,,Pressure,100.0
2016-12_gen4ou-0.json,Raikou,Items,,Leftovers,55.09
2016-12_gen4ou-0.json,Raikou,Items,,Choice Scarf,14.819
2016-12_gen4ou-0.json,Raikou,Items,,Choice Specs,10.52
2016-12_gen4ou-0.json,Raikou,Items,,Life Orb,6.674
2016-12_gen4ou-0.json,Raikou,Items,,Lum Berry,4.072
2016-12_gen4ou-0.json,Raikou,Items,,Shuca Berry,3.959
2016-12_gen4ou-0.json,Raikou,Items,,Other,4.864
2016-12_gen4ou-0.json,Raikou,Spreads,,Other,33.824
2016-12_gen4ou-0.json,Raikou,Moves,,Thunderbolt,88.462
2016-12_gen4ou-0.json,Raikou,Moves,,Hidden Power Ice,66.742
2016-12_gen4ou-0.json,Raikou,Moves,,Aura Sphere,35.633
2016-12_gen4ou-0.json,Raikou,Moves,,Substitute,34.842
2016-12_gen4ou-0.json,Raikou,Moves,,Calm Mind,34.615
2016-12_gen4ou-0.json,Raikou,Moves,,Shadow Ball,24.887
2016-12_gen4ou-0.json,Raikou,Moves,,Toxic,17.081
2016-12_gen4ou-0.json,Raikou,Moves,,Extrasensory,13.009
2016-12_gen4ou-0.json,Raikou,Moves,,Hidden Power Grass,11.538
2016-12_gen4ou-0.json,Raikou,Moves,,Thunder,10.068
2016-12_gen4ou-0.json,Raikou,Moves,,Discharge,9.389
2016-12_gen4ou-0.json,Raikou,Moves,,Rest,9.05
2016-12_gen4ou-0.json,Raikou,Moves,,Extreme Speed,7.127
2016-12_gen4ou-0.json,Raikou,Moves,,Protect,4.977
2016-12_gen4ou-0.json,Raikou,Moves,,Roar,4.977
2016-12_gen4ou-0.json,Raikou,Moves,,Crunch,4.751
2016-12_gen4ou-0.json,Raikou,Moves,,Thunder Wave,3.959
2016-12_gen4ou-0.json,Raikou,Moves,,Other,18.891
2016-12_gen4ou-0.json,Blastoise,Stats,Raw count,,896
2016-12_gen4ou-0.json,Blastoise,Stats,Avg. weight,,1.0
2016-12_gen4ou-0.json,Blastoise,Stats,Viability Ceiling,,66
2016-12_gen4ou-0.json,Blastoise,Stats,Hardy,,11.942
2016-12_gen4ou-0.json,Blastoise,Stats,Bold,,6.920
2016-12_gen4ou-0.json,Blastoise,Stats,Relaxed,,9.040
2016-12_gen4ou-0.json,Blastoise,Stats,Modest,,5.134
2016-12_gen4ou-0.json,Blastoise,Abilities,,Torrent,100.0
2016-12_gen4ou-0.json,Blastoise,Items,,Leftovers,52.121
2016-12_gen4ou-0.json,Blastoise,Items,,Mystic Water,13.393
2016-12_gen4ou-0.json,Blastoise,Items,,Nothing,13.393
2016-12_gen4ou-0.json,Blastoise,Items,,Life Orb,7.478
2016-12_gen4ou-0.json,Blastoise,Items,,Choice Specs,3.571
2016-12_gen4ou-0.json,Blastoise,Items,,Choice Scarf,2.679
2016-12_gen4ou-0.json,Blastoise,Items,,Mental Herb,1.897
2016-12_gen4ou-0.json,Blastoise,Items,,Choice Band,1.339
2016-12_gen4ou-0.json,Blastoise,Items,,Other,4.129
2016-12_gen4ou-0.json,Blastoise,Spreads,,Other,50.223
2016-12_gen4ou-0.json,Blastoise,Moves,,Surf,51.004
2016-12_gen4ou-0.json,Blastoise,Moves,,Ice Beam,50.112
2016-12_gen4ou-0.json,Blastoise,Moves,,Hydro Pump,37.165
2016-12_gen4ou-0.json,Blastoise,Moves,,Rapid Spin,30.357
2016-12_gen4ou-0.json,Blastoise,Moves,,Roar,25.446
2016-12_gen4ou-0.json,Blastoise,Moves,,Flash Cannon,23.996
2016-12_gen4ou-0.json,Blastoise,Moves,,Blizzard,21.429
2016-12_gen4ou-0.json,Blastoise,Moves,,Toxic,20.089
2016-12_gen4ou-0.json,Blastoise,Moves,,Hydro Cannon,17.746
2016-12_gen4ou-0.json,Blastoise,Moves,,Focus Blast,16.071
2016-12_gen4ou-0.json,Blastoise,Moves,,Aqua Tail,10.156
2016-12_gen4ou-0.json,Blastoise,Moves,,Iron Defense,9.821
2016-12_gen4ou-0.json,Blastoise,Moves,,Protect,8.482
2016-12_gen4ou-0.json,Blastoise,Moves,,Haze,7.589
2016-12_gen4ou-0.json,Blastoise,Moves,,Water Spout,7.478
2016-12_gen4ou-0.json,Blastoise,Moves,,Earthquake,6.473
2016-12_gen4ou-0.json,Blastoise,Moves,,Aqua Jet,4.911
2016-12_gen4ou-0.json,Blastoise,Moves,,Hidden Power Electric,3.795
2016-12_gen4ou-0.json,Blastoise,Moves,,Ice Punch,3.348
2016-12_gen4ou-0.json,Blastoise,Moves,,Rain Dance,2.902
2016-12_gen4ou-0.json,Blastoise,Moves,,Seismic Toss,2.455
2016-12_gen4ou-0.json,Blastoise,Moves,,Outrage,2.344
2016-12_gen4ou-0.json,Blastoise,Moves,,Strength,2.232
2016-12_gen4ou-0.json,Blastoise,Moves,,Focus Punch,2.232
2016-12_gen4ou-0.json,Blastoise,Moves,,Yawn,2.121
2016-12_gen4ou-0.json,Blastoise,Moves,,Brick Break,2.121
2016-12_gen4ou-0.json,Blastoise,Moves,,Rest,1.897
2016-12_gen4ou-0.json,Blastoise,Moves,,Zen Headbutt,1.897
2016-12_gen4ou-0.json,Blastoise,Moves,,Hidden Power Flying,1.674
2016-12_gen4ou-0.json,Blastoise,Moves,,Substitute,1.562
2016-12_gen4ou-0.json,Blastoise,Moves,,Bubble,1.339
2016-12_gen4ou-0.json,Blastoise,Moves,,Other,19.754
2016-12_gen4ou-0.json,Slowbro,Stats,Raw count,,726
2016-12_gen4ou-0.json,Slowbro,Stats,Avg. weight,,1.0
2016-12_gen4ou-0.json,Slowbro,Stats,Viability Ceiling,,83
2016-12_gen4ou-0.json,Slowbro,Stats,Quiet,,4.683
2016-12_gen4ou-0.json,Slowbro,Stats,Bold,,4.821
2016-12_gen4ou-0.json,Slowbro,Abilities,,Own Tempo,62.121
2016-12_gen4ou-0.json,Slowbro,Abilities,,Oblivious,37.879
2016-12_gen4ou-0.json,Slowbro,Items,,Leftovers,88.017
2016-12_gen4ou-0.json,Slowbro,Items,,Expert Belt,5.234
2016-12_gen4ou-0.json,Slowbro,Items,,Chesto Berry,3.306
2016-12_gen4ou-0.json,Slowbro,Items,,Other,3.444
2016-12_gen4ou-0.json,Slowbro,Spreads,,Other,28.926
2016-12_gen4ou-0.json,Slowbro,Moves,,Surf,97.107
2016-12_gen4ou-0.json,Slowbro,Moves,,Slack Off,64.463
2016-12_gen4ou-0.json,Slowbro,Moves,,Psychic,45.868
2016-12_gen4ou-0.json,Slowbro,Moves,,Calm Mind,43.388
2016-12_gen4ou-0.json,Slowbro,Moves,,Trick Room,30.303
2016-12_gen4ou-0.json,Slowbro,Moves,,Grass Knot,26.86
2016-12_gen4ou-0.json,Slowbro,Moves,,Ice Beam,26.722
2016-12_gen4ou-0.json,Slowbro,Moves,,Flamethrower,23.278
2016-12_gen4ou-0.json,Slowbro,Moves,,Thunder Wave,11.157
2016-12_gen4ou-0.json,Slowbro,Moves,,Fire Blast,7.989
2016-12_gen4ou-0.json,Slowbro,Moves,,Amnesia,6.336
2016-12_gen4ou-0.json,Slowbro,Moves,,Other,16.529
2016-12_gen4ou-0.json,Clefable,Stats,Raw count,,722
2016-12_gen4ou-0.json,Clefable,Stats,Avg. weight,,1.0
2016-12_gen4ou-0.json,Clefable,Stats,Viability Ceiling,,88
2016-12_gen4ou-0.json,Clefable,Stats,Careful,,15.235
2016-12_gen4ou-0.json,Clefable,Stats,Calm,,17.036
2016-12_gen4ou-0.json,Clefable,Stats,Bold,,4.432
2016-12_gen4ou-0.json,Clefable,Stats,Relaxed,,3.463
2016-12_gen4ou-0.json,Clefable,Abilities,,Magic Guard,96.122
2016-12_gen4ou-0.json,Clefable,Abilities,,Cute Charm,3.878
2016-12_gen4ou-0.json,Clefable,Items,,Leftovers,78.116
2016-12_gen4ou-0.json,Clefable,Items,,Custap Berry,9.834
2016-12_gen4ou-0.json,Clefable,Items,,Toxic Orb,5.125
2016-12_gen4ou-0.json,Clefable,Items,,Life Orb,4.017
2016-12_gen4ou-0.json,Clefable,Items,,Other,2.909
2016-12_gen4ou-0.json,Clefable,Spreads,,Other,32.271
2016-12_gen4ou-0.json,Clefable,Moves,,Soft-Boiled,79.363
2016-12_gen4ou-0.json,Clefable,Moves,,Seismic Toss,63.989
2016-12_gen4ou-0.json,Clefable,Moves,,Encore,38.92
2016-12_gen4ou-0.json,Clefable,Moves,,Thunder Wave,35.457
2016-12_gen4ou-0.json,Clefable,Moves,,Toxic,26.454
2016-12_gen4ou-0.json,Clefable,Moves,,Knock Off,16.343
2016-12_gen4ou-0.json,Clefable,Moves,,Calm Mind,16.066
2016-12_gen4ou-0.json,Clefable,Moves,,Flamethrower,13.573
2016-12_gen4ou-0.json,Clefable,Moves,,Double-Edge,11.08
2016-12_gen4ou-0.json,Clefable,Moves,,Endeavor,9.972
2016-12_gen4ou-0.json,Clefable,Moves,,Cosmic Power,9.695
2016-12_gen4ou-0.json,Clefable,Moves,,Counter,8.033
2016-12_gen4ou-0.json,Clefable,Moves,,Psychic,5.679
2016-12_gen4ou-0.json,Clefable,Moves,,Endure,5.679
2016-12_gen4ou-0.json,Clefable,Moves,,Thunderbolt,5.402
2016-12_gen4ou-0.json,Clefable,Moves,,Stealth Rock,5.402
2016-12_gen4ou-0.json,Clefable,Moves,,Ice Beam,5.263
2016-12_gen4ou-0.json,Clefable,Moves,,Heal Bell,5.125
2016-12_gen4ou-0.json,Clefable,Moves,,Wish,4.571
2016-12_gen4ou-0.json,Clefable,Moves,,Fire Blast,4.432
2016-12_gen4ou-0.json,Clefable,Moves,,Trick,3.74
2016-12_gen4ou-0.json,Clefable,Moves,,Focus Blast,3.463
2016-12_gen4ou-0.json,Clefable,Moves,,Return,2.355
2016-12_gen4ou-0.json,Clefable,Moves,,Other,19.945
2016-12_gen4ou-0.json,Feraligatr,Stats,Raw count,,741
2016-12_gen4ou-0.json,Feraligatr,Stats,Avg. weight,,1.0
2016-12_gen4ou-0.json,Feraligatr,Stats,Viability Ceiling,,75
2016-12_gen4ou-0.json,Feraligatr,Stats,Adamant,,5.128
2016-12_gen4ou-0.json,Feraligatr,Stats,Hardy,,9.177
2016-12_gen4ou-0.json,Feraligatr,Abilities,,Torrent,100.0
2016-12_gen4ou-0.json,Feraligatr,Items,,Leftovers,41.565
2016-12_gen4ou-0.json,Feraligatr,Items,,Mystic Water,12.551
2016-12_gen4ou-0.json,Feraligatr,Items,,Splash Plate,10.931
2016-12_gen4ou-0.json,Feraligatr,Items,,Life Orb,9.852
2016-12_gen4ou-0.json,Feraligatr,Items,,Nothing,7.152
2016-12_gen4ou-0.json,Feraligatr,Items,,Choice Band,4.049
2016-12_gen4ou-0.json,Feraligatr,Items,,Sea Incense,2.429
2016-12_gen4ou-0.json,Feraligatr,Items,,Focus Sash,2.159
2016-12_gen4ou-0.json,Feraligatr,Items,,Never-Melt Ice,1.754
2016-12_gen4ou-0.json,Feraligatr,Items,,Sitrus Berry,1.754
2016-12_gen4ou-0.json,Feraligatr,Items,,Shell Bell,1.35
2016-12_gen4ou-0.json,Feraligatr,Items,,Other,4.453
2016-12_gen4ou-0.json,Feraligatr,Spreads,,Other,41.835
2016-12_gen4ou-0.json,Feraligatr,Moves,,Waterfall,61.269
2016-12_gen4ou-0.json,Feraligatr,Moves,,Ice Punch,49.123
2016-12_gen4ou-0.json,Feraligatr,Moves,,Earthquake,45.479
2016-12_gen4ou-0.json,Feraligatr,Moves,,Dragon Dance,28.61
2016-12_gen4ou-0.json,Feraligatr,Moves,,Aqua Tail,28.475
2016-12_gen4ou-0.json,Feraligatr,Moves,,Blizzard,28.475
2016-12_gen4ou-0.json,Feraligatr,Moves,,Crunch,23.617
2016-12_gen4ou-0.json,Feraligatr,Moves,,Hydro Pump,22.537
2016-12_gen4ou-0.json,Feraligatr,Moves,,Surf,11.741
2016-12_gen4ou-0.json,Feraligatr,Moves,,Substitute,8.637
2016-12_gen4ou-0.json,Feraligatr,Moves,,Aqua Jet,8.367
2016-12_gen4ou-0.json,Feraligatr,Moves,,Ancient Power,8.232
2016-12_gen4ou-0.json,Feraligatr,Moves,,Swords Dance,7.692
2016-12_gen4ou-0.json,Feraligatr,Moves,,Ice Fang,7.018
2016-12_gen4ou-0.json,Feraligatr,Moves,,Dragon Claw,6.748
2016-12_gen4ou-0.json,Feraligatr,Moves,,Hydro Cannon,5.128
2016-12_gen4ou-0.json,Feraligatr,Moves,,Superpower,4.723
2016-12_gen4ou-0.json,Feraligatr,Moves,,Brick Break,4.723
2016-12_gen4ou-0.json,Feraligatr,Moves,,Ice Beam,4.184
2016-12_gen4ou-0.json,Feraligatr,Moves,,Agility,3.779
2016-12_gen4ou-0.json,Feraligatr,Moves,,Avalanche,2.834
2016-12_gen4ou-0.json,Feraligatr,Moves,,Toxic,2.429
2016-12_gen4ou-0.json,Feraligatr,Moves,,Shadow Claw,2.294
2016-12_gen4ou-0.json,Feraligatr,Moves,,Water Pulse,2.294
2016-12_gen4ou-0.json,Feraligatr,Moves,,Rock Slide,2.159
2016-12_gen4ou-0.json,Feraligatr,Moves,,Other,19.433
2016-12_gen4ou-0.json,Espeon,Stats,Raw count,,693
2016-12_gen4ou-0.json,Espeon,Stats,Avg. weight,,1.0
2016-12_gen4ou-0.json,Espeon,Stats,Viability Ceiling,,63
2016-12_gen4ou-0.json,Espeon,Stats,Modest,,4.762
2016-12_gen4ou-0.json,Espeon,Stats,Timid,,15.296
2016-12_gen4ou-0.json,Espeon,Stats,Hardy,,3.752
2016-12_gen4ou-0.json,Espeon,Abilities,,Synchronize,100.0
2016-12_gen4ou-0.json,Espeon,Items,,Life Orb,44.877
2016-12_gen4ou-0.json,Espeon,Items,,TwistedSpoon,11.111
2016-12_gen4ou-0.json,Espeon,Items,,Leftovers,9.668
2016-12_gen4ou-0.json,Espeon,Items,,Choice Specs,8.947
2016-12_gen4ou-0.json,Espeon,Items,,Focus Sash,8.802
2016-12_gen4ou-0.json,Espeon,Items,,Choice Scarf,3.319
2016-12_gen4ou-0.json,Espeon,Items,,Nothing,2.886
2016-12_gen4ou-0.json,Espeon,Items,,Lum Berry,2.453
2016-12_gen4ou-0.json,Espeon,Items,,Light Clay,2.165
2016-12_gen4ou-0.json,Espeon,Items,,Mind Plate,1.587
2016-12_gen4ou-0.json,Espeon,Items,,Other,4.185
2016-12_gen4ou-0.json,Espeon,Spreads,,Other,17.027
2016-12_gen4ou-0.json,Espeon,Moves,,Psychic,97.258
2016-12_gen4ou-0.json,Espeon,Moves,,Grass Knot,44.156
2016-12_gen4ou-0.json,Espeon,Moves,,Signal Beam,43.579
2016-12_gen4ou-0.json,Espeon,Moves,,Shadow Ball,38.528
2016-12_gen4ou-0.json,Espeon,Moves,,Calm Mind,36.941
2016-12_gen4ou-0.json,Espeon,Moves,,Hidden Power Electric,33.189
2016-12_gen4ou-0.json,Espeon,Moves,,Hidden Power Fire,18.903
2016-12_gen4ou-0.json,Espeon,Moves,,Quick Attack,15.152
2016-12_gen4ou-0.json,Espeon,Moves,,Morning Sun,9.235
2016-12_gen4ou-0.json,Espeon,Moves,,Hidden Power Ice,8.225
2016-12_gen4ou-0.json,Espeon,Moves,,Toxic,7.071
2016-12_gen4ou-0.json,Espeon,Moves,,Protect,5.772
2016-12_gen4ou-0.json,Espeon,Moves,,Reflect,5.483
2016-12_gen4ou-0.json,Espeon,Moves,,Hidden Power Fighting,3.175
2016-12_gen4ou-0.json,Espeon,Moves,,Baton Pass,3.175
2016-12_gen4ou-0.json,Espeon,Moves,,Rest,3.03
2016-12_gen4ou-0.json,Espeon,Moves,,Light Screen,2.886
2016-12_gen4ou-0.json,Espeon,Moves,,Trick,2.309
2016-12_gen4ou-0.json,Espeon,Moves,,Swift,1.876
2016-12_gen4ou-0.json,Espeon,Moves,,Sunny Day,1.876
2016-12_gen4ou-0.json,Espeon,Moves,,Other,18.182
2016-12_gen4ou-0.json,Ninjask,Stats,Raw count,,701
2016-12_gen4ou-0.json,Ninjask,Stats,Avg. weight,,1.0
2016-12_gen4ou-0.json,Ninjask,Stats,Viability Ceiling,,84
2016-12_gen4ou-0.json,Ninjask,Stats,Adamant,,14.551
2016-12_gen4ou-0.json,Ninjask,Stats,Jolly,,3.709
2016-12_gen4ou-0.json,Ninjask,Stats,Timid,,4.422
2016-12_gen4ou-0.json,Ninjask,Stats,Hardy,,4.280
2016-12_gen4ou-0.json,Ninjask,Abilities,,Speed Boost,100.0
2016-12_gen4ou-0.json,Ninjask,Items,,Leftovers,36.805
2016-12_gen4ou-0.json,Ninjask,Items,,Focus Sash,36.091
2016-12_gen4ou-0.json,Ninjask,Items,,Liechi Berry,6.99
2016-12_gen4ou-0.json,Ninjask,Items,,Starf Berry,6.419
2016-12_gen4ou-0.json,Ninjask,Items,,SilverPowder,6.277
2016-12_gen4ou-0.json,Ninjask,Items,,Life Orb,1.569
2016-12_gen4ou-0.json,Ninjask,Items,,Choice Specs,1.141
2016-12_gen4ou-0.json,Ninjask,Items,,Other,4.708
2016-12_gen4ou-0.json,Ninjask,Spreads,,Other,52.354
2016-12_gen4ou-0.json,Ninjask,Moves,,Baton Pass,91.013
2016-12_gen4ou-0.json,Ninjask,Moves,,Swords Dance,85.449
2016-12_gen4ou-0.json,Ninjask,Moves,,Protect,59.201
2016-12_gen4ou-0.json,Ninjask,Moves,,Substitute,53.21
2016-12_gen4ou-0.json,Ninjask,Moves,,X-Scissor,41.084
2016-12_gen4ou-0.json,Ninjask,Moves,,Aerial Ace,10.271
2016-12_gen4ou-0.json,Ninjask,Moves,,Bug Bite,7.275
2016-12_gen4ou-0.json,Ninjask,Moves,,Agility,6.847
2016-12_gen4ou-0.json,Ninjask,Moves,,Roost,6.134
2016-12_gen4ou-0.json,Ninjask,Moves,,Slash,5.278
2016-12_gen4ou-0.json,Ninjask,Moves,,Night Slash,5.136
2016-12_gen4ou-0.json,Ninjask,Moves,,U-turn,3.852
2016-12_gen4ou-0.json,Ninjask,Moves,,Bug Buzz,3.709
2016-12_gen4ou-0.json,Ninjask,Moves,,Toxic,3.424
2016-12_gen4ou-0.json,Ninjask,Moves,,Other,18.117
2016-12_gen4ou-0.json,Sceptile,Stats,Raw count,,699
2016-12_gen4ou-0.json,Sceptile,Stats,Avg. weight,,1.0
2016-12_gen4ou-0.json,Sceptile,Stats,Viability Ceiling,,62
2016-12_gen4ou-0.json,Sceptile,Stats,Timid,,12.303
2016-12_gen4ou-0.json,Sceptile,Stats,Lonely,,12.303
2016-12_gen4ou-0.json,Sceptile,Stats,Hardy,,6.152
2016-12_gen4ou-0.json,Sceptile,Stats,Hasty,,6.295
2016-12_gen4ou-0.json,Sceptile,Stats,Naughty,,4.435
2016-12_gen4ou-0.json,Sceptile,Abilities,,Overgrow,100.0
2016-12_gen4ou-0.json,Sceptile,Items,,Leftovers,31.76
2016-12_gen4ou-0.json,Sceptile,Items,,Choice Specs,11.874
2016-12_gen4ou-0.json,Sceptile,Items,,Power Herb,11.302
2016-12_gen4ou-0.json,Sceptile,Items,,Nothing,9.585
2016-12_gen4ou-0.json,Sceptile,Items,,Life Orb,6.009
2016-12_gen4ou-0.json,Sceptile,Items,,Quick Claw,5.293
2016-12_gen4ou-0.json,Sceptile,Items,,Focus Sash,4.149
2016-12_gen4ou-0.json,Sceptile,Items,,Muscle Band,3.72
2016-12_gen4ou-0.json,Sceptile,Items,,Miracle Seed,3.004
2016-12_gen4ou-0.json,Sceptile,Items,,Sitrus Berry,3.004
2016-12_gen4ou-0.json,Sceptile,Items,,Choice Band,2.289
2016-12_gen4ou-0.json,Sceptile,Items,,Meadow Plate,2.146
2016-12_gen4ou-0.json,Sceptile,Items,,Big Root,1.86
2016-12_gen4ou-0.json,Sceptile,Items,,Other,4.006
2016-12_gen4ou-0.json,Sceptile,Spreads,,Other,46.924
2016-12_gen4ou-0.json,Sceptile,Moves,,Leaf Blade,50.93
2016-12_gen4ou-0.json,Sceptile,Moves,,Dragon Pulse,32.332
2016-12_gen4ou-0.json,Sceptile,Moves,,Leaf Storm,31.474
2016-12_gen4ou-0.json,Sceptile,Moves,,Giga Drain,26.323
2016-12_gen4ou-0.json,Sceptile,Moves,,Dragon Claw,23.033
2016-12_gen4ou-0.json,Sceptile,Moves,,Energy Ball,22.318
2016-12_gen4ou-0.json,Sceptile,Moves,,Solar Beam,21.03
2016-12_gen4ou-0.json,Sceptile,Moves,,Earthquake,17.167
2016-12_gen4ou-0.json,Sceptile,Moves,,Focus Blast,17.167
2016-12_gen4ou-0.json,Sceptile,Moves,,Hidden Power Ice,13.877
2016-12_gen4ou-0.json,Sceptile,Moves,,Thunder Punch,12.16
2016-12_gen4ou-0.json,Sceptile,Moves,,Dynamic Punch,11.016
2016-12_gen4ou-0.json,Sceptile,Moves,,Leech Seed,8.727
2016-12_gen4ou-0.json,Sceptile,Moves,,Drain Punch,8.155
2016-12_gen4ou-0.json,Sceptile,Moves,,Substitute,7.725
2016-12_gen4ou-0.json,Sceptile,Moves,,Frenzy Plant,7.153
2016-12_gen4ou-0.json,Sceptile,Moves,,Hidden Power Water,6.724
2016-12_gen4ou-0.json,Sceptile,Moves,,Giga Impact,6.438
2016-12_gen4ou-0.json,Sceptile,Moves,,Crunch,5.293
2016-12_gen4ou-0.json,Sceptile,Moves,,Rock Slide,5.293
2016-12_gen4ou-0.json,Sceptile,Moves,,Swords Dance,4.864
2016-12_gen4ou-0.json,Sceptile,Moves,,Outrage,4.292
2016-12_gen4ou-0.json,Sceptile,Moves,,Bullet Seed,4.292
2016-12_gen4ou-0.json,Sceptile,Moves,,Detect,4.149
2016-12_gen4ou-0.json,Sceptile,Moves,,X-Scissor,4.006
2016-12_gen4ou-0.json,Sceptile,Moves,,Body Slam,3.72
2016-12_gen4ou-0.json,Sceptile,Moves,,Focus Punch,3.29
2016-12_gen4ou-0.json,Sceptile,Moves,,Toxic,3.004
2016-12_gen4ou-0.json,Sceptile,Moves,,Brick Break,2.861
2016-12_gen4ou-0.json,Sceptile,Moves,,Night Slash,2.718
2016-12_gen4ou-0.json,Sceptile,Moves,,Hidden Power Fire,2.146
2016-12_gen4ou-0.json,Sceptile,Moves,,Hidden Power Electric,1.86
2016-12_gen4ou-0.json,Sceptile,Moves,,Synthesis,1.86
2016-12_gen4ou-0.json,Sceptile,Moves,,Mega Punch,1.717
2016-12_gen4ou-0.json,Sceptile,Moves,,Agility,1.431
2016-12_gen4ou-0.json,Sceptile,Moves,,Other,19.456
2016-12_gen4ou-0.json,Dugtrio,Stats,Raw count,,632
2016-12_gen4ou-0.json,Dugtrio,Stats,Avg. weight,,1.0
2016-12_gen4ou-0.json,Dugtrio,Stats,Viability Ceiling,,88
2016-12_gen4ou-0.json,Dugtrio,Stats,Adamant,,4.272
2016-12_gen4ou-0.json,Dugtrio,Stats,Jolly,,4.114
2016-12_gen4ou-0.json,Dugtrio,Abilities,,Arena Trap,100.0
2016-12_gen4ou-0.json,Dugtrio,Items,,Choice Band,37.025
2016-12_gen4ou-0.json,Dugtrio,Items,,Choice Scarf,34.81
2016-12_gen4ou-0.json,Dugtrio,Items,,Life Orb,12.5
2016-12_gen4ou-0.json,Dugtrio,Items,,Focus Sash,12.184
2016-12_gen4ou-0.json,Dugtrio,Items,,Other,3.481
2016-12_gen4ou-0.json,Dugtrio,Spreads,,Other,13.766
2016-12_gen4ou-0.json,Dugtrio,Moves,,Earthquake,100.0
2016-12_gen4ou-0.json,Dugtrio,Moves,,Stone Edge,78.639
2016-12_gen4ou-0.json,Dugtrio,Moves,,Aerial Ace,67.405
2016-12_gen4ou-0.json,Dugtrio,Moves,,Sucker Punch,63.133
2016-12_gen4ou-0.json,Dugtrio,Moves,,Night Slash,17.563
2016-12_gen4ou-0.json,Dugtrio,Moves,,Reversal,14.082
2016-12_gen4ou-0.json,Dugtrio,Moves,,Pursuit,13.766
2016-12_gen4ou-0.json,Dugtrio,Moves,,Protect,12.025
2016-12_gen4ou-0.json,Dugtrio,Moves,,Toxic,7.911
2016-12_gen4ou-0.json,Dugtrio,Moves,,Rock Slide,7.753
2016-12_gen4ou-0.json,Dugtrio,Moves,,Other,17.722
2016-12_gen4ou-0.json,Houndoom,Stats,Raw count,,661
2016-12_gen4ou-0.json,Houndoom,Stats,Avg. weight,,1.0
2016-12_gen4ou-0.json,Houndoom,Stats,Viability Ceiling,,71
2016-12_gen4ou-0.json,Houndoom,Stats,Timid,,23.752
2016-12_gen4ou-0.json,Houndoom,Stats,Hardy,,19.970
2016-12_gen4ou-0.json,Houndoom,Stats,Lax,,7.110
2016-12_gen4ou-0.json,Houndoom,Stats,Lonely,,4.690
2016-12_gen4ou-0.json,Houndoom,Stats,Hasty,,3.177
2016-12_gen4ou-0.json,Houndoom,Abilities,,Flash Fire,67.625
2016-12_gen4ou-0.json,Houndoom,Abilities,,Early Bird,32.375
2016-12_gen4ou-0.json,Houndoom,Items,,Power Herb,26.021
2016-12_gen4ou-0.json,Houndoom,Items,,Leftovers,20.575
2016-12_gen4ou-0.json,Houndoom,Items,,Life Orb,16.036
2016-12_gen4ou-0.json,Houndoom,Items,,Choice Scarf,6.959
2016-12_gen4ou-0.json,Houndoom,Items,,Focus Sash,6.505
2016-12_gen4ou-0.json,Houndoom,Items,,Nothing,5.446
2016-12_gen4ou-0.json,Houndoom,Items,,Charcoal,4.085
2016-12_gen4ou-0.json,Houndoom,Items,,Flame Plate,4.085
2016-12_gen4ou-0.json,Houndoom,Items,,Quick Claw,3.631
2016-12_gen4ou-0.json,Houndoom,Items,,Choice Specs,2.723
2016-12_gen4ou-0.json,Houndoom,Items,,Other,3.933
2016-12_gen4ou-0.json,Houndoom,Spreads,,Other,28.139
2016-12_gen4ou-0.json,Houndoom,Moves,,Dark Pulse,71.71
2016-12_gen4ou-0.json,Houndoom,Moves,,Flamethrower,55.976
2016-12_gen4ou-0.json,Houndoom,Moves,,Fire Blast,41.301
2016-12_gen4ou-0.json,Houndoom,Moves,,Solar Beam,35.855
2016-12_gen4ou-0.json,Houndoom,Moves,,Nasty Plot,29.198
2016-12_gen4ou-0.json,Houndoom,Moves,,Crunch,24.66
2016-12_gen4ou-0.json,Houndoom,Moves,,Hidden Power Fighting,17.549
2016-12_gen4ou-0.json,Houndoom,Moves,,Thunder Fang,12.557
2016-12_gen4ou-0.json,Houndoom,Moves,,Roar,10.439
2016-12_gen4ou-0.json,Houndoom,Moves,,Shadow Ball,10.136
2016-12_gen4ou-0.json,Houndoom,Moves,,Sludge Bomb,9.682
2016-12_gen4ou-0.json,Houndoom,Moves,,Heat Wave,9.077
2016-12_gen4ou-0.json,Houndoom,Moves,,Pursuit,8.321
2016-12_gen4ou-0.json,Houndoom,Moves,,Substitute,7.413
2016-12_gen4ou-0.json,Houndoom,Moves,,Sunny Day,6.959
2016-12_gen4ou-0.json,Houndoom,Moves,,Overheat,5.598
2016-12_gen4ou-0.json,Houndoom,Moves,,Hidden Power Ice,5.446
2016-12_gen4ou-0.json,Houndoom,Moves,,Sucker Punch,4.841
2016-12_gen4ou-0.json,Houndoom,Moves,,Rest,3.48
2016-12_gen4ou-0.json,Houndoom,Moves,,Taunt,3.328
2016-12_gen4ou-0.json,Houndoom,Moves,,Hidden Power Ground,2.421
2016-12_gen4ou-0.json,Houndoom,Moves,,Fire Fang,2.269
2016-12_gen4ou-0.json,Houndoom,Moves,,Hidden Power Water,1.967
2016-12_gen4ou-0.json,Houndoom,Moves,,Other,19.818
2016-12_gen4ou-0.json,Rhyperior,Stats,Raw count,,637
2016-12_gen4ou-0.json,Rhyperior,Stats,Avg. weight,,1.0
2016-12_gen4ou-0.json,Rhyperior,Stats,Viability Ceiling,,80
2016-12_gen4ou-0.json,Rhyperior,Stats,Adamant,,3.297
2016-12_gen4ou-0.json,Rhyperior,Stats,Impish,,9.890
2016-12_gen4ou-0.json,Rhyperior,Stats,Hardy,,9.733
2016-12_gen4ou-0.json,Rhyperior,Abilities,,Solid Rock,67.19
2016-12_gen4ou-0.json,Rhyperior,Abilities,,Lightning Rod,32.81
2016-12_gen4ou-0.json,Rhyperior,Items,,Leftovers,54.788
2016-12_gen4ou-0.json,Rhyperior,Items,,Life Orb,14.757
2016-12_gen4ou-0.json,Rhyperior,Items,,Passho Berry,8.006
2016-12_gen4ou-0.json,Rhyperior,Items,,Choice Band,7.221
2016-12_gen4ou-0.json,Rhyperior,Items,,Nothing,3.14
2016-12_gen4ou-0.json,Rhyperior,Items,,Expert Belt,1.727
2016-12_gen4ou-0.json,Rhyperior,Items,,Sitrus Berry,1.727
2016-12_gen4ou-0.json,Rhyperior,Items,,Earth Plate,1.256
2016-12_gen4ou-0.json,Rhyperior,Items,,Custap Berry,1.256
2016-12_gen4ou-0.json,Rhyperior,Items,,Muscle Band,1.099
2016-12_gen4ou-0.json,Rhyperior,Items,,Focus Sash,0.942
2016-12_gen4ou-0.json,Rhyperior,Items,,Other,4.082
2016-12_gen4ou-0.json,Rhyperior,Spreads,,Other,44.27
2016-12_gen4ou-0.json,Rhyperior,Moves,,Earthquake,88.226
2016-12_gen4ou-0.json,Rhyperior,Moves,,Stone Edge,46.939
2016-12_gen4ou-0.json,Rhyperior,Moves,,Megahorn,32.339
2016-12_gen4ou-0.json,Rhyperior,Moves,,Stealth Rock,29.042
2016-12_gen4ou-0.json,Rhyperior,Moves,,Hammer Arm,18.524
2016-12_gen4ou-0.json,Rhyperior,Moves,,Ice Punch,13.658
2016-12_gen4ou-0.json,Rhyperior,Moves,,Fire Punch,13.344
2016-12_gen4ou-0.json,Rhyperior,Moves,,Ancient Power,12.873
2016-12_gen4ou-0.json,Rhyperior,Moves,,Aqua Tail,11.774
2016-12_gen4ou-0.json,Rhyperior,Moves,,Roar,10.675
2016-12_gen4ou-0.json,Rhyperior,Moves,,Avalanche,10.047
2016-12_gen4ou-0.json,Rhyperior,Moves,,Thunder Punch,10.047
2016-12_gen4ou-0.json,Rhyperior,Moves,,Crunch,9.576
2016-12_gen4ou-0.json,Rhyperior,Moves,,Earth Power,9.419
2016-12_gen4ou-0.json,Rhyperior,Moves,,Protect,6.907
2016-12_gen4ou-0.json,Rhyperior,Moves,,Swords Dance,6.279
2016-12_gen4ou-0.json,Rhyperior,Moves,,Substitute,6.122
2016-12_gen4ou-0.json,Rhyperior,Moves,,Rock Wrecker,4.239
2016-12_gen4ou-0.json,Rhyperior,Moves,,Toxic,4.239
2016-12_gen4ou-0.json,Rhyperior,Moves,,Rock Polish,4.239
2016-12_gen4ou-0.json,Rhyperior,Moves,,Dragon Pulse,4.082
2016-12_gen4ou-0.json,Rhyperior,Moves,,Rock Blast,3.925
2016-12_gen4ou-0.json,Rhyperior,Moves,,Dig,3.925
2016-12_gen4ou-0.json,Rhyperior,Moves,,Superpower,3.611
2016-12_gen4ou-0.json,Rhyperior,Moves,,Flash Cannon,3.611
2016-12_gen4ou-0.json,Rhyperior,Moves,,Rock Slide,3.297
2016-12_gen4ou-0.json,Rhyperior,Moves,,Rollout,3.14
2016-12_gen4ou-0.json,Rhyperior,Moves,,Brick Break,2.198
2016-12_gen4ou-0.json,Rhyperior,Moves,,Thunderbolt,2.198
2016-12_gen4ou-0.json,Rhyperior,Moves,,Blizzard,1.884
2016-12_gen4ou-0.json,Rhyperior,Moves,,Other,19.623
2016-12_gen4ou-0.json,Abomasnow,Stats,Raw count,,632
2016-12_gen4ou-0.json,Abomasnow,Stats,Avg. weight,,1.0
2016-12_gen4ou-0.json,Abomasnow,Stats,Viability Ceiling,,81
2016-12_gen4ou-0.json,Abomasnow,Stats,Lonely,,12.816
2016-12_gen4ou-0.json,Abomasnow,Stats,Adamant,,8.703
2016-12_gen4ou-0.json,Abomasnow,Stats,Gentle,,6.962
2016-12_gen4ou-0.json,Abomasnow,Stats,Sassy,,5.380
2016-12_gen4ou-0.json,Abomasnow,Abilities,,Snow Warning,100.0
2016-12_gen4ou-0.json,Abomasnow,Items,,Leftovers,64.082
2016-12_gen4ou-0.json,Abomasnow,Items,,Never-Melt Ice,12.975
2016-12_gen4ou-0.json,Abomasnow,Items,,Focus Sash,5.696
2016-12_gen4ou-0.json,Abomasnow,Items,,Big Root,5.696
2016-12_gen4ou-0.json,Abomasnow,Items,,Nothing,2.69
2016-12_gen4ou-0.json,Abomasnow,Items,,Life Orb,2.215
2016-12_gen4ou-0.json,Abomasnow,Items,,Occa Berry,1.741
2016-12_gen4ou-0.json,Abomasnow,Items,,Other,4.905
2016-12_gen4ou-0.json,Abomasnow,Spreads,,Other,49.209
2016-12_gen4ou-0.json,Abomasnow,Moves,,Blizzard,61.551
2016-12_gen4ou-0.json,Abomasnow,Moves,,Leech Seed,59.652
2016-12_gen4ou-0.json,Abomasnow,Moves,,Wood Hammer,45.253
2016-12_gen4ou-0.json,Abomasnow,Moves,,Ice Shard,39.082
2016-12_gen4ou-0.json,Abomasnow,Moves,,Protect,32.278
2016-12_gen4ou-0.json,Abomasnow,Moves,,Substitute,23.259
2016-12_gen4ou-0.json,Abomasnow,Moves,,Earthquake,15.981
2016-12_gen4ou-0.json,Abomasnow,Moves,,Seed Bomb,15.19
2016-12_gen4ou-0.json,Abomasnow,Moves,,Energy Ball,14.715
2016-12_gen4ou-0.json,Abomasnow,Moves,,Swagger,12.975
2016-12_gen4ou-0.json,Abomasnow,Moves,,Focus Punch,11.709
2016-12_gen4ou-0.json,Abomasnow,Moves,,Grass Knot,10.443
2016-12_gen4ou-0.json,Abomasnow,Moves,,Ice Beam,8.861
2016-12_gen4ou-0.json,Abomasnow,Moves,,Giga Drain,6.962
2016-12_gen4ou-0.json,Abomasnow,Moves,,Shadow Ball,5.538
2016-12_gen4ou-0.json,Abomasnow,Moves,,Brick Break,5.38
2016-12_gen4ou-0.json,Abomasnow,Moves,,Ice Punch,5.38
2016-12_gen4ou-0.json,Abomasnow,Moves,,Avalanche,3.481
2016-12_gen4ou-0.json,Abomasnow,Moves,,Toxic,3.165
2016-12_gen4ou-0.json,Abomasnow,Moves,,Other,19.146
2016-12_gen4ou-0.json,Honchkrow,Stats,Raw count,,622
2016-12_gen4ou-0.json,Honchkrow,Stats,Avg. weight,,1.0
2016-12_gen4ou-0.json,Honchkrow,Stats,Viability Ceiling,,74
2016-12_gen4ou-0.json,Honchkrow,Stats,Hasty,,14.309
2016-12_gen4ou-0.json,Honchkrow,Stats,Naughty,,7.074
2016-12_gen4ou-0.json,Honchkrow,Stats,Naive,,11.415
2016-12_gen4ou-0.json,Honchkrow,Stats,Jolly,,7.717
2016-12_gen4ou-0.json,Honchkrow,Stats,Adamant,,5.949
2016-12_gen4ou-0.json,Honchkrow,Abilities,,Insomnia,70.9
2016-12_gen4ou-0.json,Honchkrow,Abilities,,Super Luck,29.1
2016-12_gen4ou-0.json,Honchkrow,Items,,Life Orb,57.235
2016-12_gen4ou-0.json,Honchkrow,Items,,Leftovers,15.273
2016-12_gen4ou-0.json,Honchkrow,Items,,Black Glasses,6.752
2016-12_gen4ou-0.json,Honchkrow,Items,,Focus Sash,4.984
2016-12_gen4ou-0.json,Honchkrow,Items,,Choice Band,4.823
2016-12_gen4ou-0.json,Honchkrow,Items,,Razor Claw,2.251
2016-12_gen4ou-0.json,Honchkrow,Items,,Sitrus Berry,2.09
2016-12_gen4ou-0.json,Honchkrow,Items,,Lum Berry,1.608
2016-12_gen4ou-0.json,Honchkrow,Items,,Other,4.984
2016-12_gen4ou-0.json,Honchkrow,Spreads,,Other,40.032
2016-12_gen4ou-0.json,Honchkrow,Moves,,Brave Bird,82.797
2016-12_gen4ou-0.json,Honchkrow,Moves,,Sucker Punch,66.559
2016-12_gen4ou-0.json,Honchkrow,Moves,,Superpower,62.701
2016-12_gen4ou-0.json,Honchkrow,Moves,,Heat Wave,60.772
2016-12_gen4ou-0.json,Honchkrow,Moves,,Dark Pulse,22.026
2016-12_gen4ou-0.json,Honchkrow,Moves,,Night Slash,13.826
2016-12_gen4ou-0.json,Honchkrow,Moves,,Roost,13.344
2016-12_gen4ou-0.json,Honchkrow,Moves,,Pursuit,12.219
2016-12_gen4ou-0.json,Honchkrow,Moves,,Drill Peck,9.968
2016-12_gen4ou-0.json,Honchkrow,Moves,,Hidden Power Ground,5.466
2016-12_gen4ou-0.json,Honchkrow,Moves,,Air Cutter,5.305
2016-12_gen4ou-0.json,Honchkrow,Moves,,Nasty Plot,4.18
2016-12_gen4ou-0.json,Honchkrow,Moves,,Shadow Ball,3.859
2016-12_gen4ou-0.json,Honchkrow,Moves,,Psychic,3.537
2016-12_gen4ou-0.json,Honchkrow,Moves,,Hidden Power Ice,2.894
2016-12_gen4ou-0.json,Honchkrow,Moves,,Thunder Wave,2.572
2016-12_gen4ou-0.json,Honchkrow,Moves,,Whirlwind,2.572
2016-12_gen4ou-0.json,Honchkrow,Moves,,Ominous Wind,2.251
2016-12_gen4ou-0.json,Honchkrow,Moves,,Protect,2.251
2016-12_gen4ou-0.json,Honchkrow,Moves,,Calm Mind,2.09
2016-12_gen4ou-0.json,Honchkrow,Moves,,Other,18.81
2016-12_gen4ou-0.json,Drapion,Stats,Raw count,,616
2016-12_gen4ou-0.json,Drapion,Stats,Avg. weight,,1.0
2016-12_gen4ou-0.json,Drapion,Stats,Viability Ceiling,,64
2016-12_gen4ou-0.json,Drapion,Stats,Impish,,12.662
2016-12_gen4ou-0.json,Drapion,Stats,Adamant,,5.519
2016-12_gen4ou-0.json,Drapion,Stats,Hardy,,7.955
2016-12_gen4ou-0.json,Drapion,Abilities,,Battle Armor,61.039
2016-12_gen4ou-0.json,Drapion,Abilities,,Sniper,38.961
2016-12_gen4ou-0.json,Drapion,Items,,Leftovers,27.597
2016-12_gen4ou-0.json,Drapion,Items,,Black Sludge,20.942
2016-12_gen4ou-0.json,Drapion,Items,,Scope Lens,15.097
2016-12_gen4ou-0.json,Drapion,Items,,Razor Claw,8.117
2016-12_gen4ou-0.json,Drapion,Items,,Life Orb,6.494
2016-12_gen4ou-0.json,Drapion,Items,,Nothing,6.006
2016-12_gen4ou-0.json,Drapion,Items,,Poison Barb,2.76
2016-12_gen4ou-0.json,Drapion,Items,,Lum Berry,2.273
2016-12_gen4ou-0.json,Drapion,Items,,Sitrus Berry,1.948
2016-12_gen4ou-0.json,Drapion,Items,,Light Ball,1.623
2016-12_gen4ou-0.json,Drapion,Items,,Focus Sash,1.299
2016-12_gen4ou-0.json,Drapion,Items,,SilverPowder,1.136
2016-12_gen4ou-0.json,Drapion,Items,,Other,4.708
2016-12_gen4ou-0.json,Drapion,Spreads,,Other,50.0
2016-12_gen4ou-0.json,Drapion,Moves,,Toxic Spikes,54.221
2016-12_gen4ou-0.json,Drapion,Moves,,Cross Poison,45.617
2016-12_gen4ou-0.json,Drapion,Moves,,Night Slash,40.26
2016-12_gen4ou-0.json,Drapion,Moves,,Crunch,39.123
2016-12_gen4ou-0.json,Drapion,Moves,,Ice Fang,32.955
2016-12_gen4ou-0.json,Drapion,Moves,,Poison Jab,31.656
2016-12_gen4ou-0.json,Drapion,Moves,,Earthquake,22.89
2016-12_gen4ou-0.json,Drapion,Moves,,Swords Dance,17.532
2016-12_gen4ou-0.json,Drapion,Moves,,Toxic,13.636
2016-12_gen4ou-0.json,Drapion,Moves,,X-Scissor,13.312
2016-12_gen4ou-0.json,Drapion,Moves,,Fire Fang,13.312
2016-12_gen4ou-0.json,Drapion,Moves,,Knock Off,9.74
2016-12_gen4ou-0.json,Drapion,Moves,,Aqua Tail,9.253
2016-12_gen4ou-0.json,Drapion,Moves,,Sludge Bomb,8.604
2016-12_gen4ou-0.json,Drapion,Moves,,Dark Pulse,7.63
2016-12_gen4ou-0.json,Drapion,Moves,,Shadow Ball,7.305
2016-12_gen4ou-0.json,Drapion,Moves,,Brick Break,5.682
2016-12_gen4ou-0.json,Drapion,Moves,,Roar,3.896
2016-12_gen4ou-0.json,Drapion,Moves,,Protect,3.084
2016-12_gen4ou-0.json,Drapion,Moves,,Taunt,2.435
2016-12_gen4ou-0.json,Drapion,Moves,,Other,17.857
2016-12_gen4ou-0.json,Cresselia,Stats,Raw count,,583
2016-12_gen4ou-0.json,Cresselia,Stats,Avg. weight,,1.0
2016-12_gen4ou-0.json,Cresselia,Stats,Viability Ceiling,,84
2016-12_gen4ou-0.json,Cresselia,Stats,Bold,,4.631
2016-12_gen4ou-0.json,Cresselia,Stats,Calm,,4.117
2016-12_gen4ou-0.json,Cresselia,Stats,Modest,,7.204
2016-12_gen4ou-0.json,Cresselia,Abilities,,Levitate,100.0
2016-12_gen4ou-0.json,Cresselia,Items,,Leftovers,79.588
2016-12_gen4ou-0.json,Cresselia,Items,,Light Clay,6.861
2016-12_gen4ou-0.json,Cresselia,Items,,Flame Orb,5.489
2016-12_gen4ou-0.json,Cresselia,Items,,Sitrus Berry,2.916
2016-12_gen4ou-0.json,Cresselia,Items,,Nothing,1.544
2016-12_gen4ou-0.json,Cresselia,Items,,Other,3.602
2016-12_gen4ou-0.json,Cresselia,Spreads,,Other,40.652
2016-12_gen4ou-0.json,Cresselia,Moves,,Psychic,73.928
2016-12_gen4ou-0.json,Cresselia,Moves,,Moonlight,67.581
2016-12_gen4ou-0.json,Cresselia,Moves,,Calm Mind,45.626
2016-12_gen4ou-0.json,Cresselia,Moves,,Ice Beam,32.419
2016-12_gen4ou-0.json,Cresselia,Moves,,Toxic,26.93
2016-12_gen4ou-0.json,Cresselia,Moves,,Reflect,20.069
2016-12_gen4ou-0.json,Cresselia,Moves,,Hidden Power Fire,13.551
2016-12_gen4ou-0.json,Cresselia,Moves,,Shadow Ball,12.007
2016-12_gen4ou-0.json,Cresselia,Moves,,Light Screen,11.321
2016-12_gen4ou-0.json,Cresselia,Moves,,Rest,11.149
2016-12_gen4ou-0.json,Cresselia,Moves,,Lunar Dance,11.149
2016-12_gen4ou-0.json,Cresselia,Moves,,Hidden Power Ground,10.12
2016-12_gen4ou-0.json,Cresselia,Moves,,Sleep Talk,9.949
2016-12_gen4ou-0.json,Cresselia,Moves,,Thunder Wave,7.204
2016-12_gen4ou-0.json,Cresselia,Moves,,Energy Ball,6.518
2016-12_gen4ou-0.json,Cresselia,Moves,,Psycho Shift,6.175
2016-12_gen4ou-0.json,Cresselia,Moves,,Signal Beam,5.489
2016-12_gen4ou-0.json,Cresselia,Moves,,Solar Beam,4.803
2016-12_gen4ou-0.json,Cresselia,Moves,,Protect,4.46
2016-12_gen4ou-0.json,Cresselia,Moves,,Other,19.554
2016-12_gen4ou-0.json,Luxray,Stats,Raw count,,613
2016-12_gen4ou-0.json,Luxray,Stats,Avg. weight,,1.0
2016-12_gen4ou-0.json,Luxray,Stats,Viability Ceiling,,62
2016-12_gen4ou-0.json,Luxray,Stats,Hardy,,17.618
2016-12_gen4ou-0.json,Luxray,Stats,Adamant,,3.589
2016-12_gen4ou-0.json,Luxray,Stats,Lonely,,4.405
2016-12_gen4ou-0.json,Luxray,Stats,Mild,,3.100
2016-12_gen4ou-0.json,Luxray,Abilities,,Rivalry,55.465
2016-12_gen4ou-0.json,Luxray,Abilities,,Intimidate,44.535
2016-12_gen4ou-0.json,Luxray,Items,,Leftovers,33.768
2016-12_gen4ou-0.json,Luxray,Items,,Nothing,12.724
2016-12_gen4ou-0.json,Luxray,Items,,Life Orb,10.93
2016-12_gen4ou-0.json,Luxray,Items,,Magnet,9.299
2016-12_gen4ou-0.json,Luxray,Items,,Zap Plate,6.852
2016-12_gen4ou-0.json,Luxray,Items,,Choice Band,6.852
2016-12_gen4ou-0.json,Luxray,Items,,Sitrus Berry,4.568
2016-12_gen4ou-0.json,Luxray,Items,,Quick Claw,2.121
2016-12_gen4ou-0.json,Luxray,Items,,Focus Sash,1.958
2016-12_gen4ou-0.json,Luxray,Items,,Choice Scarf,1.794
2016-12_gen4ou-0.json,Luxray,Items,,Shuca Berry,1.794
2016-12_gen4ou-0.json,Luxray,Items,,Black Glasses,1.305
2016-12_gen4ou-0.json,Luxray,Items,,Muscle Band,1.142
2016-12_gen4ou-0.json,Luxray,Items,,Other,4.894
2016-12_gen4ou-0.json,Luxray,Spreads,,Other,52.365
2016-12_gen4ou-0.json,Luxray,Moves,,Crunch,72.104
2016-12_gen4ou-0.json,Luxray,Moves,,Thunderbolt,42.414
2016-12_gen4ou-0.json,Luxray,Moves,,Ice Fang,33.931
2016-12_gen4ou-0.json,Luxray,Moves,,Thunder,30.995
2016-12_gen4ou-0.json,Luxray,Moves,,Superpower,25.449
2016-12_gen4ou-0.json,Luxray,Moves,,Thunder Fang,23.817
2016-12_gen4ou-0.json,Luxray,Moves,,Spark,23.328
2016-12_gen4ou-0.json,Luxray,Moves,,Discharge,21.37
2016-12_gen4ou-0.json,Luxray,Moves,,Fire Fang,21.044
2016-12_gen4ou-0.json,Luxray,Moves,,Thunder Wave,16.966
2016-12_gen4ou-0.json,Luxray,Moves,,Charge,11.093
2016-12_gen4ou-0.json,Luxray,Moves,,Iron Tail,10.277
2016-12_gen4ou-0.json,Luxray,Moves,,Roar,8.646
2016-12_gen4ou-0.json,Luxray,Moves,,Night Slash,7.993
2016-12_gen4ou-0.json,Luxray,Moves,,Toxic,5.71
2016-12_gen4ou-0.json,Luxray,Moves,,Hidden Power Grass,5.383
2016-12_gen4ou-0.json,Luxray,Moves,,Return,4.568
2016-12_gen4ou-0.json,Luxray,Moves,,Facade,3.1
2016-12_gen4ou-0.json,Luxray,Moves,,Charge Beam,2.936
2016-12_gen4ou-0.json,Luxray,Moves,,Giga Impact,2.936
2016-12_gen4ou-0.json,Luxray,Moves,,Signal Beam,2.773
2016-12_gen4ou-0.json,Luxray,Moves,,Hidden Power Dark,2.284
2016-12_gen4ou-0.json,Luxray,Moves,,Swift,1.794
2016-12_gen4ou-0.json,Luxray,Moves,,Other,19.086
2016-12_gen4ou-0.json,Magmortar,Stats,Raw count,,543
2016-12_gen4ou-0.json,Magmortar,Stats,Avg. weight,,1.0
2016-12_gen4ou-0.json,Magmortar,Stats,Viability Ceiling,,67
2016-12_gen4ou-0.json,Magmortar,Stats,Modest,,4.236
2016-12_gen4ou-0.json,Magmortar,Stats,Timid,,4.420
2016-12_gen4ou-0.json,Magmortar,Stats,Mild,,7.182
2016-12_gen4ou-0.json,Magmortar,Stats,Hardy,,4.788
2016-12_gen4ou-0.json,Magmortar,Abilities,,Flame Body,100.0
2016-12_gen4ou-0.json,Magmortar,Items,,Choice Specs,21.179
2016-12_gen4ou-0.json,Magmortar,Items,,Leftovers,19.153
2016-12_gen4ou-0.json,Magmortar,Items,,Life Orb,18.048
2016-12_gen4ou-0.json,Magmortar,Items,,Nothing,7.551
2016-12_gen4ou-0.json,Magmortar,Items,,Focus Sash,5.157
2016-12_gen4ou-0.json,Magmortar,Items,,Expert Belt,4.42
2016-12_gen4ou-0.json,Magmortar,Items,,Flame Plate,4.236
2016-12_gen4ou-0.json,Magmortar,Items,,Sitrus Berry,3.499
2016-12_gen4ou-0.json,Magmortar,Items,,Charcoal,3.315
2016-12_gen4ou-0.json,Magmortar,Items,,Choice Scarf,2.394
2016-12_gen4ou-0.json,Magmortar,Items,,Flame Orb,2.026
2016-12_gen4ou-0.json,Magmortar,Items,,King's Rock,1.657
2016-12_gen4ou-0.json,Magmortar,Items,,Lum Berry,1.473
2016-12_gen4ou-0.json,Magmortar,Items,,Fist Plate,1.289
2016-12_gen4ou-0.json,Magmortar,Items,,Other,4.604
2016-12_gen4ou-0.json,Magmortar,Spreads,,Other,38.49
2016-12_gen4ou-0.json,Magmortar,Moves,,Thunderbolt,71.455
2016-12_gen4ou-0.json,Magmortar,Moves,,Flamethrower,44.936
2016-12_gen4ou-0.json,Magmortar,Moves,,Fire Blast,40.884
2016-12_gen4ou-0.json,Magmortar,Moves,,Focus Blast,37.753
2016-12_gen4ou-0.json,Magmortar,Moves,,Psychic,28.361
2016-12_gen4ou-0.json,Magmortar,Moves,,Heat Wave,25.046
2016-12_gen4ou-0.json,Magmortar,Moves,,Solar Beam,18.6
2016-12_gen4ou-0.json,Magmortar,Moves,,Earthquake,17.68
2016-12_gen4ou-0.json,Magmortar,Moves,,Hidden Power Ice,16.943
2016-12_gen4ou-0.json,Magmortar,Moves,,Hidden Power Grass,16.575
2016-12_gen4ou-0.json,Magmortar,Moves,,Brick Break,7.366
2016-12_gen4ou-0.json,Magmortar,Moves,,Hyper Beam,7.182
2016-12_gen4ou-0.json,Magmortar,Moves,,Fire Punch,5.893
2016-12_gen4ou-0.json,Magmortar,Moves,,Overheat,5.893
2016-12_gen4ou-0.json,Magmortar,Moves,,Cross Chop,5.893
2016-12_gen4ou-0.json,Magmortar,Moves,,Will-O-Wisp,5.893
2016-12_gen4ou-0.json,Magmortar,Moves,,Lava Plume,5.525
2016-12_gen4ou-0.json,Magmortar,Moves,,Flare Blitz,5.341
2016-12_gen4ou-0.json,Magmortar,Moves,,Rock Slide,4.972
2016-12_gen4ou-0.json,Magmortar,Moves,,Toxic,4.42
2016-12_gen4ou-0.json,Magmortar,Moves,,Sunny Day,4.42
2016-12_gen4ou-0.json,Magmortar,Moves,,Other,18.969
2016-12_gen4ou-0.json,Typhlosion,Stats,Raw count,,542
2016-12_gen4ou-0.json,Typhlosion,Stats,Avg. weight,,1.0
2016-12_gen4ou-0.json,Typhlosion,Stats,Viability Ceiling,,75
2016-12_gen4ou-0.json,Typhlosion,Stats,Hardy,,16.052
2016-12_gen4ou-0.json,Typhlosion,Stats,Timid,,13.469
2016-12_gen4ou-0.json,Typhlosion,Stats,Modest,,7.934
2016-12_gen4ou-0.json,Typhlosion,Stats,Hasty,,7.934
2016-12_gen4ou-0.json,Typhlosion,Abilities,,Blaze,100.0
2016-12_gen4ou-0.json,Typhlosion,Items,,Choice Scarf,22.14
2016-12_gen4ou-0.json,Typhlosion,Items,,Charcoal,17.528
2016-12_gen4ou-0.json,Typhlosion,Items,,Choice Specs,14.391
2016-12_gen4ou-0.json,Typhlosion,Items,,Nothing,11.808
2016-12_gen4ou-0.json,Typhlosion,Items,,Leftovers,6.089
2016-12_gen4ou-0.json,Typhlosion,Items,,Flame Plate,5.904
2016-12_gen4ou-0.json,Typhlosion,Items,,Life Orb,5.904
2016-12_gen4ou-0.json,Typhlosion,Items,,Focus Sash,4.982
2016-12_gen4ou-0.json,Typhlosion,Items,,Heat Rock,4.059
2016-12_gen4ou-0.json,Typhlosion,Items,,King's Rock,1.292
2016-12_gen4ou-0.json,Typhlosion,Items,,Choice Band,1.107
2016-12_gen4ou-0.json,Typhlosion,Items,,Other,4.797
2016-12_gen4ou-0.json,Typhlosion,Spreads,,Other,35.055
2016-12_gen4ou-0.json,Typhlosion,Moves,,Eruption,64.76
2016-12_gen4ou-0.json,Typhlosion,Moves,,Flamethrower,64.391
2016-12_gen4ou-0.json,Typhlosion,Moves,,Focus Blast,39.114
2016-12_gen4ou-0.json,Typhlosion,Moves,,Fire Blast,30.627
2016-12_gen4ou-0.json,Typhlosion,Moves,,Earthquake,26.015
2016-12_gen4ou-0.json,Typhlosion,Moves,,Extrasensory,19.926
2016-12_gen4ou-0.json,Typhlosion,Moves,,Hidden Power Grass,16.236
2016-12_gen4ou-0.json,Typhlosion,Moves,,Hidden Power Electric,14.945
2016-12_gen4ou-0.json,Typhlosion,Moves,,Solar Beam,13.838
2016-12_gen4ou-0.json,Typhlosion,Moves,,Sunny Day,12.362
2016-12_gen4ou-0.json,Typhlosion,Moves,,Thunder Punch,9.779
2016-12_gen4ou-0.json,Typhlosion,Moves,,Hyper Beam,8.303
2016-12_gen4ou-0.json,Typhlosion,Moves,,Flare Blitz,7.565
2016-12_gen4ou-0.json,Typhlosion,Moves,,Overheat,7.011
2016-12_gen4ou-0.json,Typhlosion,Moves,,Double-Edge,6.273
2016-12_gen4ou-0.json,Typhlosion,Moves,,Protect,6.089
2016-12_gen4ou-0.json,Typhlosion,Moves,,Toxic,5.904
2016-12_gen4ou-0.json,Typhlosion,Moves,,Fire Punch,5.72
2016-12_gen4ou-0.json,Typhlosion,Moves,,Shadow Claw,4.613
2016-12_gen4ou-0.json,Typhlosion,Moves,,Blast Burn,4.244
2016-12_gen4ou-0.json,Typhlosion,Moves,,Rock Slide,3.321
2016-12_gen4ou-0.json,Typhlosion,Moves,,Will-O-Wisp,2.583
2016-12_gen4ou-0.json,Typhlosion,Moves,,Quick Attack,2.399
2016-12_gen4ou-0.json,Typhlosion,Moves,,Brick Break,2.214
2016-12_gen4ou-0.json,Typhlosion,Moves,,Nothing,2.214
2016-12_gen4ou-0.json,Typhlosion,Moves,,Other,19.557
2016-12_gen4ou-0.json,Spiritomb,Stats,Raw count,,531
2016-12_gen4ou-0.json,Spiritomb,Stats,Avg. weight,,1.0
2016-12_gen4ou-0.json,Spiritomb,Stats,Viability Ceiling,,83
2016-12_gen4ou-0.json,Spiritomb,Stats,Calm,,12.429
2016-12_gen4ou-0.json,Spiritomb,Stats,Careful,,7.156
2016-12_gen4ou-0.json,Spiritomb,Stats,Modest,,6.215
2016-12_gen4ou-0.json,Spiritomb,Stats,Adamant,,4.520
2016-12_gen4ou-0.json,Spiritomb,Stats,Bold,,3.766
2016-12_gen4ou-0.json,Spiritomb,Stats,Hardy,,3.578
2016-12_gen4ou-0.json,Spiritomb,Abilities,,Pressure,100.0
2016-12_gen4ou-0.json,Spiritomb,Items,,Leftovers,70.998
2016-12_gen4ou-0.json,Spiritomb,Items,,Chesto Berry,8.098
2016-12_gen4ou-0.json,Spiritomb,Items,,Sitrus Berry,5.838
2016-12_gen4ou-0.json,Spiritomb,Items,,Nothing,3.578
2016-12_gen4ou-0.json,Spiritomb,Items,,Lum Berry,3.39
2016-12_gen4ou-0.json,Spiritomb,Items,,Choice Specs,2.26
2016-12_gen4ou-0.json,Spiritomb,Items,,Choice Band,1.318
2016-12_gen4ou-0.json,Spiritomb,Items,,Other,4.52
2016-12_gen4ou-0.json,Spiritomb,Spreads,,Other,62.335
2016-12_gen4ou-0.json,Spiritomb,Moves,,Rest,48.776
2016-12_gen4ou-0.json,Spiritomb,Moves,,Shadow Ball,43.691
2016-12_gen4ou-0.json,Spiritomb,Moves,,Dark Pulse,43.126
2016-12_gen4ou-0.json,Spiritomb,Moves,,Will-O-Wisp,41.243
2016-12_gen4ou-0.json,Spiritomb,Moves,,Sleep Talk,28.437
2016-12_gen4ou-0.json,Spiritomb,Moves,,Calm Mind,25.235
2016-12_gen4ou-0.json,Spiritomb,Moves,,Hidden Power Fighting,19.021
2016-12_gen4ou-0.json,Spiritomb,Moves,,Psychic,16.196
2016-12_gen4ou-0.json,Spiritomb,Moves,,Sucker Punch,15.254
2016-12_gen4ou-0.json,Spiritomb,Moves,,Pain Split,14.124
2016-12_gen4ou-0.json,Spiritomb,Moves,,Pursuit,12.806
2016-12_gen4ou-0.json,Spiritomb,Moves,,Shadow Sneak,12.618
2016-12_gen4ou-0.json,Spiritomb,Moves,,Destiny Bond,9.228
2016-12_gen4ou-0.json,Spiritomb,Moves,,Toxic,5.65
2016-12_gen4ou-0.json,Spiritomb,Moves,,Substitute,5.273
2016-12_gen4ou-0.json,Spiritomb,Moves,,Ominous Wind,5.273
2016-12_gen4ou-0.json,Spiritomb,Moves,,Hypnosis,4.896
2016-12_gen4ou-0.json,Spiritomb,Moves,,Hidden Power Ground,4.708
2016-12_gen4ou-0.json,Spiritomb,Moves,,Nasty Plot,4.708
2016-12_gen4ou-0.json,Spiritomb,Moves,,Hidden Power Fire,4.52
2016-12_gen4ou-0.json,Spiritomb,Moves,,Trick,4.52
2016-12_gen4ou-0.json,Spiritomb,Moves,,Protect,4.143
2016-12_gen4ou-0.json,Spiritomb,Moves,,Dream Eater,3.955
2016-12_gen4ou-0.json,Spiritomb,Moves,,Secret Power,2.825
2016-12_gen4ou-0.json,Spiritomb,Moves,,Other,19.774
2016-12_gen4ou-0.json,Pikachu,Stats,Raw count,,524
2016-12_gen4ou-0.json,Pikachu,Stats,Avg. weight,,1.0
2016-12_gen4ou-0.json,Pikachu,Stats,Viability Ceiling,,66
2016-12_gen4ou-0.json,Pikachu,Stats,Hardy,,9.542
2016-12_gen4ou-0.json,Pikachu,Stats,Hasty,,12.786
2016-12_gen4ou-0.json,Pikachu,Stats,Timid,,4.198
2016-12_gen4ou-0.json,Pikachu,Stats,Adamant,,4.008
2016-12_gen4ou-0.json,Pikachu,Stats,Jolly,,3.435
2016-12_gen4ou-0.json,Pikachu,Abilities,,Static,100.0
2016-12_gen4ou-0.json,Pikachu,Items,,Light Ball,53.817
2016-12_gen4ou-0.json,Pikachu,Items,,Focus Sash,14.122
2016-12_gen4ou-0.json,Pikachu,Items,,Nothing,11.45
2016-12_gen4ou-0.json,Pikachu,Items,,Leftovers,9.924
2016-12_gen4ou-0.json,Pikachu,Items,,Choice Scarf,4.198
2016-12_gen4ou-0.json,Pikachu,Items,,Lum Berry,1.718
2016-12_gen4ou-0.json,Pikachu,Items,,Other,4.771
2016-12_gen4ou-0.json,Pikachu,Spreads,,Other,45.611
2016-12_gen4ou-0.json,Pikachu,Moves,,Thunderbolt,68.13
2016-12_gen4ou-0.json,Pikachu,Moves,,Volt Tackle,59.351
2016-12_gen4ou-0.json,Pikachu,Moves,,Quick Attack,48.855
2016-12_gen4ou-0.json,Pikachu,Moves,,Iron Tail,41.031
2016-12_gen4ou-0.json,Pikachu,Moves,,Thunder,33.397
2016-12_gen4ou-0.json,Pikachu,Moves,,Discharge,13.359
2016-12_gen4ou-0.json,Pikachu,Moves,,Thunder Wave,12.977
2016-12_gen4ou-0.json,Pikachu,Moves,,Thunder Punch,11.26
2016-12_gen4ou-0.json,Pikachu,Moves,,Brick Break,10.305
2016-12_gen4ou-0.json,Pikachu,Moves,,Focus Punch,9.924
2016-12_gen4ou-0.json,Pikachu,Moves,,Body Slam,9.924
2016-12_gen4ou-0.json,Pikachu,Moves,,Agility,9.542
2016-12_gen4ou-0.json,Pikachu,Moves,,Grass Knot,9.351
2016-12_gen4ou-0.json,Pikachu,Moves,,Substitute,8.779
2016-12_gen4ou-0.json,Pikachu,Moves,,Hidden Power Ice,8.015
2016-12_gen4ou-0.json,Pikachu,Moves,,Fake Out,7.252
2016-12_gen4ou-0.json,Pikachu,Moves,,Surf,6.679
2016-12_gen4ou-0.json,Pikachu,Moves,,Double-Edge,3.435
2016-12_gen4ou-0.json,Pikachu,Moves,,Thunder Shock,3.244
2016-12_gen4ou-0.json,Pikachu,Moves,,Signal Beam,2.481
2016-12_gen4ou-0.json,Pikachu,Moves,,Encore,2.29
2016-12_gen4ou-0.json,Pikachu,Moves,,Seismic Toss,2.099
2016-12_gen4ou-0.json,Pikachu,Moves,,Other,18.321
2016-12_gen4ou-0.json,Blaziken,Stats,Raw count,,510
2016-12_gen4ou-0.json,Blaziken,Stats,Avg. weight,,1.0
2016-12_gen4ou-0.json,Blaziken,Stats,Viability Ceiling,,75
2016-12_gen4ou-0.json,Blaziken,Stats,Hardy,,6.667
2016-12_gen4ou-0.json,Blaziken,Stats,Lonely,,3.529
2016-12_gen4ou-0.json,Blaziken,Stats,Hasty,,5.686
2016-12_gen4ou-0.json,Blaziken,Stats,Adamant,,3.529
2016-12_gen4ou-0.json,Blaziken,Abilities,,Blaze,100.0
2016-12_gen4ou-0.json,Blaziken,Items,,Life Orb,20.392
2016-12_gen4ou-0.json,Blaziken,Items,,Leftovers,17.059
2016-12_gen4ou-0.json,Blaziken,Items,,Nothing,11.569
2016-12_gen4ou-0.json,Blaziken,Items,,Choice Scarf,8.235
2016-12_gen4ou-0.json,Blaziken,Items,,Choice Band,8.235
2016-12_gen4ou-0.json,Blaziken,Items,,Focus Sash,8.039
2016-12_gen4ou-0.json,Blaziken,Items,,Flame Plate,7.843
2016-12_gen4ou-0.json,Blaziken,Items,,Charcoal,4.314
2016-12_gen4ou-0.json,Blaziken,Items,,Sitrus Berry,4.118
2016-12_gen4ou-0.json,Blaziken,Items,,Muscle Band,3.333
2016-12_gen4ou-0.json,Blaziken,Items,,Black Belt,1.373
2016-12_gen4ou-0.json,Blaziken,Items,,Salac Berry,1.176
2016-12_gen4ou-0.json,Blaziken,Items,,Other,4.314
2016-12_gen4ou-0.json,Blaziken,Spreads,,Other,62.157
2016-12_gen4ou-0.json,Blaziken,Moves,,Blaze Kick,56.078
2016-12_gen4ou-0.json,Blaziken,Moves,,Superpower,31.373
2016-12_gen4ou-0.json,Blaziken,Moves,,Thunder Punch,26.471
2016-12_gen4ou-0.json,Blaziken,Moves,,Earthquake,23.333
2016-12_gen4ou-0.json,Blaziken,Moves,,Fire Blast,22.941
2016-12_gen4ou-0.json,Blaziken,Moves,,Flare Blitz,21.176
2016-12_gen4ou-0.json,Blaziken,Moves,,Flamethrower,17.059
2016-12_gen4ou-0.json,Blaziken,Moves,,Brave Bird,16.863
2016-12_gen4ou-0.json,Blaziken,Moves,,Overheat,14.902
2016-12_gen4ou-0.json,Blaziken,Moves,,Sky Uppercut,14.51
2016-12_gen4ou-0.json,Blaziken,Moves,,Brick Break,14.118
2016-12_gen4ou-0.json,Blaziken,Moves,,Agility,11.961
2016-12_gen4ou-0.json,Blaziken,Moves,,Hidden Power Grass,10.392
2016-12_gen4ou-0.json,Blaziken,Moves,,Swords Dance,10.392
2016-12_gen4ou-0.json,Blaziken,Moves,,Stone Edge,9.804
2016-12_gen4ou-0.json,Blaziken,Moves,,Focus Blast,8.235
2016-12_gen4ou-0.json,Blaziken,Moves,,Substitute,8.039
2016-12_gen4ou-0.json,Blaziken,Moves,,Fire Punch,6.863
2016-12_gen4ou-0.json,Blaziken,Moves,,Low Kick,5.294
2016-12_gen4ou-0.json,Blaziken,Moves,,Will-O-Wisp,4.706
2016-12_gen4ou-0.json,Blaziken,Moves,,Bulk Up,4.51
2016-12_gen4ou-0.json,Blaziken,Moves,,Baton Pass,4.118
2016-12_gen4ou-0.json,Blaziken,Moves,,Heat Wave,4.118
2016-12_gen4ou-0.json,Blaziken,Moves,,Rock Slide,3.922
2016-12_gen4ou-0.json,Blaziken,Moves,,Blast Burn,3.333
2016-12_gen4ou-0.json,Blaziken,Moves,,Quick Attack,2.941
2016-12_gen4ou-0.json,Blaziken,Moves,,Body Slam,2.745
2016-12_gen4ou-0.json,Blaziken,Moves,,Focus Punch,2.745
2016-12_gen4ou-0.json,Blaziken,Moves,,Night Slash,2.745
2016-12_gen4ou-0.json,Blaziken,Moves,,Hidden Power Electric,2.549
2016-12_gen4ou-0.json,Blaziken,Moves,,Hidden Power Ice,2.549
2016-12_gen4ou-0.json,Blaziken,Moves,,Solar Beam,2.549
2016-12_gen4ou-0.json,Blaziken,Moves,,Vacuum Wave,2.353
2016-12_gen4ou-0.json,Blaziken,Moves,,Toxic,2.353
2016-12_gen4ou-0.json,Blaziken,Moves,,Aerial Ace,2.157
2016-12_gen4ou-0.json,Blaziken,Moves,,Other,19.804
2016-12_gen4ou-0.json,Smeargle,Stats,Raw count,,503
2016-12_gen4ou-0.json,Smeargle,Stats,Avg. weight,,1.0
2016-12_gen4ou-0.json,Smeargle,Stats,Viability Ceiling,,84
2016-12_gen4ou-0.json,Smeargle,Stats,Jolly,,8.350
2016-12_gen4ou-0.json,Smeargle,Stats,Timid,,8.151
2016-12_gen4ou-0.json,Smeargle,Abilities,,Own Tempo,87.873
2016-12_gen4ou-0.json,Smeargle,Abilities,,Technician,12.127
2016-12_gen4ou-0.json,Smeargle,Items,,Focus Sash,66.004
2016-12_gen4ou-0.json,Smeargle,Items,,Leftovers,12.525
2016-12_gen4ou-0.json,Smeargle,Items,,Lum Berry,7.356
2016-12_gen4ou-0.json,Smeargle,Items,,Shed Shell,5.169
2016-12_gen4ou-0.json,Smeargle,Items,,Choice Scarf,3.777
2016-12_gen4ou-0.json,Smeargle,Items,,Sitrus Berry,2.386
2016-12_gen4ou-0.json,Smeargle,Items,,Other,2.783
2016-12_gen4ou-0.json,Smeargle,Spreads,,Other,40.557
2016-12_gen4ou-0.json,Smeargle,Moves,,Spore,86.282
2016-12_gen4ou-0.json,Smeargle,Moves,,Baton Pass,62.425
2016-12_gen4ou-0.json,Smeargle,Moves,,Ingrain,26.044
2016-12_gen4ou-0.json,Smeargle,Moves,,Stealth Rock,25.447
2016-12_gen4ou-0.json,Smeargle,Moves,,Spikes,21.471
2016-12_gen4ou-0.json,Smeargle,Moves,,Agility,16.103
2016-12_gen4ou-0.json,Smeargle,Moves,,U-turn,15.507
2016-12_gen4ou-0.json,Smeargle,Moves,,Substitute,15.109
2016-12_gen4ou-0.json,Smeargle,Moves,,Belly Drum,11.332
2016-12_gen4ou-0.json,Smeargle,Moves,,Swords Dance,11.133
2016-12_gen4ou-0.json,Smeargle,Moves,,Mean Look,10.934
2016-12_gen4ou-0.json,Smeargle,Moves,,Toxic Spikes,8.35
2016-12_gen4ou-0.json,Smeargle,Moves,,Cosmic Power,8.151
2016-12_gen4ou-0.json,Smeargle,Moves,,Destiny Bond,6.561
2016-12_gen4ou-0.json,Smeargle,Moves,,Fake Out,4.573
2016-12_gen4ou-0.json,Smeargle,Moves,,Dragon Dance,4.175
2016-12_gen4ou-0.json,Smeargle,Moves,,Dark Void,3.777
2016-12_gen4ou-0.json,Smeargle,Moves,,Protect,3.579
2016-12_gen4ou-0.json,Smeargle,Moves,,Block,3.579
2016-12_gen4ou-0.json,Smeargle,Moves,,Acid Armor,2.982
2016-12_gen4ou-0.json,Smeargle,Moves,,Aeroblast,2.584
2016-12_gen4ou-0.json,Smeargle,Moves,,Taunt,2.584
2016-12_gen4ou-0.json,Smeargle,Moves,,Counter,2.584
2016-12_gen4ou-0.json,Smeargle,Moves,,Aura Sphere,2.386
2016-12_gen4ou-0.json,Smeargle,Moves,,Toxic,2.386
2016-12_gen4ou-0.json,Smeargle,Moves,,Rapid Spin,2.386
2016-12_gen4ou-0.json,Smeargle,Moves,,Recover,2.187
2016-12_gen4ou-0.json,Smeargle,Moves,,Explosion,1.988
2016-12_gen4ou-0.json,Smeargle,Moves,,Trick,1.988
2016-12_gen4ou-0.json,Smeargle,Moves,,Encore,1.789
2016-12_gen4ou-0.json,Smeargle,Moves,,Blizzard,1.392
2016-12_gen4ou-0.json,Smeargle,Moves,,Transform,1.392
2016-12_gen4ou-0.json,Smeargle,Moves,,Bulk Up,1.392
2016-12_gen4ou-0.json,Smeargle,Moves,,Endeavor,1.392
2016-12_gen4ou-0.json,Smeargle,Moves,,Psychic,1.392
2016-12_gen4ou-0.json,Smeargle,Moves,,Crunch,1.193
2016-12_gen4ou-0.json,Smeargle,Moves,,Hypnosis,0.994
2016-12_gen4ou-0.json,Smeargle,Moves,,Energy Ball,0.994
2016-12_gen4ou-0.json,Smeargle,Moves,,Other,19.483
2016-12_gen4ou-0.json,Gardevoir,Stats,Raw count,,481
2016-12_gen4ou-0.json,Gardevoir,Stats,Avg. weight,,1.0
2016-12_gen4ou-0.json,Gardevoir,Stats,Viability Ceiling,,64
2016-12_gen4ou-0.json,Gardevoir,Stats,Timid,,6.029
2016-12_gen4ou-0.json,Gardevoir,Stats,Modest,,11.850
2016-12_gen4ou-0.json,Gardevoir,Stats,Hardy,,7.900
2016-12_gen4ou-0.json,Gardevoir,Stats,Calm,,5.613
2016-12_gen4ou-0.json,Gardevoir,Abilities,,Synchronize,59.459
2016-12_gen4ou-0.json,Gardevoir,Abilities,,Trace,40.541
2016-12_gen4ou-0.json,Gardevoir,Items,,Leftovers,40.541
2016-12_gen4ou-0.json,Gardevoir,Items,,Life Orb,21.622
2016-12_gen4ou-0.json,Gardevoir,Items,,Choice Scarf,9.148
2016-12_gen4ou-0.json,Gardevoir,Items,,Choice Specs,8.94
2016-12_gen4ou-0.json,Gardevoir,Items,,Nothing,4.158
2016-12_gen4ou-0.json,Gardevoir,Items,,Sitrus Berry,3.119
2016-12_gen4ou-0.json,Gardevoir,Items,,Wise Glasses,1.455
2016-12_gen4ou-0.json,Gardevoir,Items,,Mind Plate,1.247
2016-12_gen4ou-0.json,Gardevoir,Items,,Focus Sash,1.247
2016-12_gen4ou-0.json,Gardevoir,Items,,TwistedSpoon,1.247
2016-12_gen4ou-0.json,Gardevoir,Items,,Lum Berry,1.247
2016-12_gen4ou-0.json,Gardevoir,Items,,Choice Band,1.247
2016-12_gen4ou-0.json,Gardevoir,Items,,Other,4.782
2016-12_gen4ou-0.json,Gardevoir,Spreads,,Other,38.462
2016-12_gen4ou-0.json,Gardevoir,Moves,,Psychic,87.526
2016-12_gen4ou-0.json,Gardevoir,Moves,,Thunderbolt,47.193
2016-12_gen4ou-0.json,Gardevoir,Moves,,Shadow Ball,35.135
2016-12_gen4ou-0.json,Gardevoir,Moves,,Focus Blast,34.927
2016-12_gen4ou-0.json,Gardevoir,Moves,,Calm Mind,30.146
2016-12_gen4ou-0.json,Gardevoir,Moves,,Destiny Bond,15.385
2016-12_gen4ou-0.json,Gardevoir,Moves,,Wish,13.306
2016-12_gen4ou-0.json,Gardevoir,Moves,,Trick,11.85
2016-12_gen4ou-0.json,Gardevoir,Moves,,Signal Beam,11.642
2016-12_gen4ou-0.json,Gardevoir,Moves,,Encore,11.435
2016-12_gen4ou-0.json,Gardevoir,Moves,,Energy Ball,9.356
2016-12_gen4ou-0.json,Gardevoir,Moves,,Protect,9.356
2016-12_gen4ou-0.json,Gardevoir,Moves,,Taunt,6.861
2016-12_gen4ou-0.json,Gardevoir,Moves,,Thunder Wave,6.237
2016-12_gen4ou-0.json,Gardevoir,Moves,,Magical Leaf,5.613
2016-12_gen4ou-0.json,Gardevoir,Moves,,Will-O-Wisp,5.405
2016-12_gen4ou-0.json,Gardevoir,Moves,,Toxic,5.198
2016-12_gen4ou-0.json,Gardevoir,Moves,,Confuse Ray,4.782
2016-12_gen4ou-0.json,Gardevoir,Moves,,Fire Punch,4.366
2016-12_gen4ou-0.json,Gardevoir,Moves,,Hypnosis,4.366
2016-12_gen4ou-0.json,Gardevoir,Moves,,Ice Punch,3.742
2016-12_gen4ou-0.json,Gardevoir,Moves,,Healing Wish,2.911
2016-12_gen4ou-0.json,Gardevoir,Moves,,Zen Headbutt,2.911
2016-12_gen4ou-0.json,Gardevoir,Moves,,Dream Eater,2.703
2016-12_gen4ou-0.json,Gardevoir,Moves,,Future Sight,2.703
2016-12_gen4ou-0.json,Gardevoir,Moves,,Heal Bell,2.287
2016-12_gen4ou-0.json,Gardevoir,Moves,,Hidden Power Ice,2.287
2016-12_gen4ou-0.json,Gardevoir,Moves,,Giga Impact,2.079
2016-12_gen4ou-0.json,Gardevoir,Moves,,Other,18.295
2016-12_gen4ou-0.json,Yanmega,Stats,Raw count,,466
2016-12_gen4ou-0.json,Yanmega,Stats,Avg. weight,,1.0
2016-12_gen4ou-0.json,Yanmega,Stats,Viability Ceiling,,80
2016-12_gen4ou-0.json,Yanmega,Stats,Modest,,10.515
2016-12_gen4ou-0.json,Yanmega,Stats,Timid,,4.077
2016-12_gen4ou-0.json,Yanmega,Stats,Rash,,3.433
2016-12_gen4ou-0.json,Yanmega,Abilities,,Speed Boost,59.227
2016-12_gen4ou-0.json,Yanmega,Abilities,,Tinted Lens,40.773
2016-12_gen4ou-0.json,Yanmega,Items,,Choice Specs,33.691
2016-12_gen4ou-0.json,Yanmega,Items,,Focus Sash,23.391
2016-12_gen4ou-0.json,Yanmega,Items,,Life Orb,22.532
2016-12_gen4ou-0.json,Yanmega,Items,,Petaya Berry,4.506
2016-12_gen4ou-0.json,Yanmega,Items,,Leftovers,4.506
2016-12_gen4ou-0.json,Yanmega,Items,,Black Glasses,3.433
2016-12_gen4ou-0.json,Yanmega,Items,,Nothing,2.79
2016-12_gen4ou-0.json,Yanmega,Items,,Wide Lens,1.073
2016-12_gen4ou-0.json,Yanmega,Items,,Other,4.077
2016-12_gen4ou-0.json,Yanmega,Spreads,,Other,29.399
2016-12_gen4ou-0.json,Yanmega,Moves,,Bug Buzz,95.923
2016-12_gen4ou-0.json,Yanmega,Moves,,Air Slash,93.777
2016-12_gen4ou-0.json,Yanmega,Moves,,U-turn,33.262
2016-12_gen4ou-0.json,Yanmega,Moves,,Protect,27.897
2016-12_gen4ou-0.json,Yanmega,Moves,,Hidden Power Ground,24.249
2016-12_gen4ou-0.json,Yanmega,Moves,,Hidden Power Ice,21.674
2016-12_gen4ou-0.json,Yanmega,Moves,,Ancient Power,13.948
2016-12_gen4ou-0.json,Yanmega,Moves,,Giga Drain,12.876
2016-12_gen4ou-0.json,Yanmega,Moves,,Hidden Power Fire,12.232
2016-12_gen4ou-0.json,Yanmega,Moves,,Hypnosis,12.232
2016-12_gen4ou-0.json,Yanmega,Moves,,Shadow Ball,10.3
2016-12_gen4ou-0.json,Yanmega,Moves,,Detect,8.798
2016-12_gen4ou-0.json,Yanmega,Moves,,Roost,7.511
2016-12_gen4ou-0.json,Yanmega,Moves,,Night Slash,3.648
2016-12_gen4ou-0.json,Yanmega,Moves,,Screech,3.433
2016-12_gen4ou-0.json,Yanmega,Moves,,Other,18.24
2016-12_gen4ou-0.json,Uxie,Stats,Raw count,,454
2016-12_gen4ou-0.json,Uxie,Stats,Avg. weight,,1.0
2016-12_gen4ou-0.json,Uxie,Stats,Viability Ceiling,,88
2016-12_gen4ou-0.json,Uxie,Stats,Impish,,15.419
2016-12_gen4ou-0.json,Uxie,Stats,Modest,,13.656
2016-12_gen4ou-0.json,Uxie,Stats,Jolly,,5.727
2016-12_gen4ou-0.json,Uxie,Stats,Hardy,,7.269
2016-12_gen4ou-0.json,Uxie,Stats,Relaxed,,7.269
2016-12_gen4ou-0.json,Uxie,Abilities,,Levitate,100.0
2016-12_gen4ou-0.json,Uxie,Items,,Leftovers,51.762
2016-12_gen4ou-0.json,Uxie,Items,,Choice Scarf,18.282
2016-12_gen4ou-0.json,Uxie,Items,,Light Clay,11.454
2016-12_gen4ou-0.json,Uxie,Items,,Chesto Berry,5.947
2016-12_gen4ou-0.json,Uxie,Items,,Heat Rock,4.185
2016-12_gen4ou-0.json,Uxie,Items,,Damp Rock,2.203
2016-12_gen4ou-0.json,Uxie,Items,,Power Herb,1.982
2016-12_gen4ou-0.json,Uxie,Items,,Other,4.185
2016-12_gen4ou-0.json,Uxie,Spreads,,Other,42.07
2016-12_gen4ou-0.json,Uxie,Moves,,Stealth Rock,62.555
2016-12_gen4ou-0.json,Uxie,Moves,,U-turn,57.269
2016-12_gen4ou-0.json,Uxie,Moves,,Thunder Wave,55.286
2016-12_gen4ou-0.json,Uxie,Moves,,Psychic,46.476
2016-12_gen4ou-0.json,Uxie,Moves,,Heal Bell,25.771
2016-12_gen4ou-0.json,Uxie,Moves,,Knock Off,20.705
2016-12_gen4ou-0.json,Uxie,Moves,,Trick,18.062
2016-12_gen4ou-0.json,Uxie,Moves,,Memento,13.216
2016-12_gen4ou-0.json,Uxie,Moves,,Reflect,12.335
2016-12_gen4ou-0.json,Uxie,Moves,,Light Screen,11.013
2016-12_gen4ou-0.json,Uxie,Moves,,Rest,7.048
2016-12_gen4ou-0.json,Uxie,Moves,,Calm Mind,6.828
2016-12_gen4ou-0.json,Uxie,Moves,,Magic Coat,6.828
2016-12_gen4ou-0.json,Uxie,Moves,,Yawn,6.828
2016-12_gen4ou-0.json,Uxie,Moves,,Recycle,5.947
2016-12_gen4ou-0.json,Uxie,Moves,,Protect,4.626
2016-12_gen4ou-0.json,Uxie,Moves,,Zen Headbutt,4.405
2016-12_gen4ou-0.json,Uxie,Moves,,Sunny Day,4.185
2016-12_gen4ou-0.json,Uxie,Moves,,Thunderbolt,3.524
2016-12_gen4ou-0.json,Uxie,Moves,,Shadow Ball,3.304
2016-12_gen4ou-0.json,Uxie,Moves,,Giga Drain,2.863
2016-12_gen4ou-0.json,Uxie,Moves,,Energy Ball,2.643
2016-12_gen4ou-0.json,Uxie,Moves,,Other,18.282
2016-12_gen4ou-0.json,Cloyster,Stats,Raw count,,450
2016-12_gen4ou-0.json,Cloyster,Stats,Avg. weight,,1.0
2016-12_gen4ou-0.json,Cloyster,Stats,Viability Ceiling,,68
2016-12_gen4ou-0.json,Cloyster,Stats,Modest,,6.222
2016-12_gen4ou-0.json,Cloyster,Stats,Bold,,6.889
2016-12_gen4ou-0.json,Cloyster,Abilities,,Shell Armor,68.222
2016-12_gen4ou-0.json,Cloyster,Abilities,,Skill Link,31.778
2016-12_gen4ou-0.json,Cloyster,Items,,Leftovers,58.444
2016-12_gen4ou-0.json,Cloyster,Items,,Life Orb,10.0
2016-12_gen4ou-0.json,Cloyster,Items,,Icy Rock,8.444
2016-12_gen4ou-0.json,Cloyster,Items,,Choice Band,6.667
2016-12_gen4ou-0.json,Cloyster,Items,,King's Rock,3.333
2016-12_gen4ou-0.json,Cloyster,Items,,Custap Berry,2.889
2016-12_gen4ou-0.json,Cloyster,Items,,Razor Claw,2.667
2016-12_gen4ou-0.json,Cloyster,Items,,Focus Sash,2.0
2016-12_gen4ou-0.json,Cloyster,Items,,Icicle Plate,1.333
2016-12_gen4ou-0.json,Cloyster,Items,,Other,4.222
2016-12_gen4ou-0.json,Cloyster,Spreads,,Other,50.667
2016-12_gen4ou-0.json,Cloyster,Moves,,Spikes,64.889
2016-12_gen4ou-0.json,Cloyster,Moves,,Surf,58.889
2016-12_gen4ou-0.json,Cloyster,Moves,,Rapid Spin,46.444
2016-12_gen4ou-0.json,Cloyster,Moves,,Ice Beam,42.444
2016-12_gen4ou-0.json,Cloyster,Moves,,Explosion,25.333
2016-12_gen4ou-0.json,Cloyster,Moves,,Ice Shard,22.222
2016-12_gen4ou-0.json,Cloyster,Moves,,Blizzard,20.667
2016-12_gen4ou-0.json,Cloyster,Moves,,Rock Blast,20.0
2016-12_gen4ou-0.json,Cloyster,Moves,,Icicle Spear,18.222
2016-12_gen4ou-0.json,Cloyster,Moves,,Toxic Spikes,14.667
2016-12_gen4ou-0.json,Cloyster,Moves,,Protect,13.333
2016-12_gen4ou-0.json,Cloyster,Moves,,Rest,9.333
2016-12_gen4ou-0.json,Cloyster,Moves,,Hail,8.444
2016-12_gen4ou-0.json,Cloyster,Moves,,Water Pulse,6.0
2016-12_gen4ou-0.json,Cloyster,Moves,,Toxic,6.0
2016-12_gen4ou-0.json,Cloyster,Moves,,Poison Jab,4.444
2016-12_gen4ou-0.json,Cloyster,Moves,,Other,18.667
2016-12_gen4ou-0.json,Lapras,Stats,Raw count,,459
2016-12_gen4ou-0.json,Lapras,Stats,Avg. weight,,1.0
2016-12_gen4ou-0.json,Lapras,Stats,Viability Ceiling,,66
2016-12_gen4ou-0.json,Lapras,Stats,Hardy,,23.094
2016-12_gen4ou-0.json,Lapras,Stats,Mild,,10.458
2016-12_gen4ou-0.json,Lapras,Stats,Modest,,2.832
2016-12_gen4ou-0.json,Lapras,Abilities,,Water Absorb,80.828
2016-12_gen4ou-0.json,Lapras,Abilities,,Shell Armor,19.172
2016-12_gen4ou-0.json,Lapras,Items,,Leftovers,45.752
2016-12_gen4ou-0.json,Lapras,Items,,Nothing,20.261
2016-12_gen4ou-0.json,Lapras,Items,,Never-Melt Ice,9.368
2016-12_gen4ou-0.json,Lapras,Items,,Sitrus Berry,4.575
2016-12_gen4ou-0.json,Lapras,Items,,Focus Sash,3.268
2016-12_gen4ou-0.json,Lapras,Items,,Quick Claw,2.614
2016-12_gen4ou-0.json,Lapras,Items,,Life Orb,1.961
2016-12_gen4ou-0.json,Lapras,Items,,Chesto Berry,1.743
2016-12_gen4ou-0.json,Lapras,Items,,Choice Scarf,1.743
2016-12_gen4ou-0.json,Lapras,Items,,Icicle Plate,1.525
2016-12_gen4ou-0.json,Lapras,Items,,Mystic Water,1.307
2016-12_gen4ou-0.json,Lapras,Items,,Wave Incense,0.871
2016-12_gen4ou-0.json,Lapras,Items,,BrightPowder,0.871
2016-12_gen4ou-0.json,Lapras,Items,,Other,4.139
2016-12_gen4ou-0.json,Lapras,Spreads,,Other,47.495
2016-12_gen4ou-0.json,Lapras,Moves,,Ice Beam,53.159
2016-12_gen4ou-0.json,Lapras,Moves,,Blizzard,43.791
2016-12_gen4ou-0.json,Lapras,Moves,,Hydro Pump,35.512
2016-12_gen4ou-0.json,Lapras,Moves,,Psychic,30.065
2016-12_gen4ou-0.json,Lapras,Moves,,Surf,29.63
2016-12_gen4ou-0.json,Lapras,Moves,,Thunderbolt,23.529
2016-12_gen4ou-0.json,Lapras,Moves,,Body Slam,22.876
2016-12_gen4ou-0.json,Lapras,Moves,,Brine,16.776
2016-12_gen4ou-0.json,Lapras,Moves,,Perish Song,16.776
2016-12_gen4ou-0.json,Lapras,Moves,,Toxic,11.111
2016-12_gen4ou-0.json,Lapras,Moves,,Thunder,10.24
2016-12_gen4ou-0.json,Lapras,Moves,,Ice Shard,7.843
2016-12_gen4ou-0.json,Lapras,Moves,,Aqua Tail,7.407
2016-12_gen4ou-0.json,Lapras,Moves,,Dragon Pulse,7.407
2016-12_gen4ou-0.json,Lapras,Moves,,Protect,7.19
2016-12_gen4ou-0.json,Lapras,Moves,,Sing,6.536
2016-12_gen4ou-0.json,Lapras,Moves,,Dragon Dance,6.536
2016-12_gen4ou-0.json,Lapras,Moves,,Heal Bell,6.1
2016-12_gen4ou-0.json,Lapras,Moves,,Zen Headbutt,6.1
2016-12_gen4ou-0.json,Lapras,Moves,,Waterfall,5.447
2016-12_gen4ou-0.json,Lapras,Moves,,Rest,4.793
2016-12_gen4ou-0.json,Lapras,Moves,,Avalanche,3.922
2016-12_gen4ou-0.json,Lapras,Moves,,Confuse Ray,3.922
2016-12_gen4ou-0.json,Lapras,Moves,,Ancient Power,3.486
2016-12_gen4ou-0.json,Lapras,Moves,,Hidden Power Ground,3.268
2016-12_gen4ou-0.json,Lapras,Moves,,Curse,2.832
2016-12_gen4ou-0.json,Lapras,Moves,,Return,2.614
2016-12_gen4ou-0.json,Lapras,Moves,,Substitute,2.397
2016-12_gen4ou-0.json,Lapras,Moves,,Other,18.736
2016-12_gen4ou-0.json,Ambipom,Stats,Raw count,,444
2016-12_gen4ou-0.json,Ambipom,Stats,Avg. weight,,1.0
2016-12_gen4ou-0.json,Ambipom,Stats,Viability Ceiling,,74
2016-12_gen4ou-0.json,Ambipom,Stats,Jolly,,6.757
2016-12_gen4ou-0.json,Ambipom,Stats,Adamant,,5.405
2016-12_gen4ou-0.json,Ambipom,Stats,Hardy,,4.955
2016-12_gen4ou-0.json,Ambipom,Abilities,,Technician,94.82
2016-12_gen4ou-0.json,Ambipom,Abilities,,Pickup,5.18
2016-12_gen4ou-0.json,Ambipom,Items,,Silk Scarf,44.82
2016-12_gen4ou-0.json,Ambipom,Items,,Life Orb,25.225
2016-12_gen4ou-0.json,Ambipom,Items,,Focus Sash,15.315
2016-12_gen4ou-0.json,Ambipom,Items,,Leftovers,4.279
2016-12_gen4ou-0.json,Ambipom,Items,,Sitrus Berry,3.829
2016-12_gen4ou-0.json,Ambipom,Items,,Chople Berry,3.378
2016-12_gen4ou-0.json,Ambipom,Items,,Other,3.153
2016-12_gen4ou-0.json,Ambipom,Spreads,,Other,22.523
2016-12_gen4ou-0.json,Ambipom,Moves,,Fake Out,84.685
2016-12_gen4ou-0.json,Ambipom,Moves,,Low Kick,42.342
2016-12_gen4ou-0.json,Ambipom,Moves,,U-turn,42.117
2016-12_gen4ou-0.json,Ambipom,Moves,,Return,37.387
2016-12_gen4ou-0.json,Ambipom,Moves,,Taunt,35.36
2016-12_gen4ou-0.json,Ambipom,Moves,,Pursuit,26.802
2016-12_gen4ou-0.json,Ambipom,Moves,,Aerial Ace,23.874
2016-12_gen4ou-0.json,Ambipom,Moves,,Knock Off,14.189
2016-12_gen4ou-0.json,Ambipom,Moves,,Fire Punch,9.009
2016-12_gen4ou-0.json,Ambipom,Moves,,Nothing,8.784
2016-12_gen4ou-0.json,Ambipom,Moves,,Thunder Wave,8.559
2016-12_gen4ou-0.json,Ambipom,Moves,,Baton Pass,6.757
2016-12_gen4ou-0.json,Ambipom,Moves,,Double-Edge,6.532
2016-12_gen4ou-0.json,Ambipom,Moves,,Brick Break,5.856
2016-12_gen4ou-0.json,Ambipom,Moves,,Nasty Plot,5.405
2016-12_gen4ou-0.json,Ambipom,Moves,,Last Resort,5.18
2016-12_gen4ou-0.json,Ambipom,Moves,,Agility,4.73
2016-12_gen4ou-0.json,Ambipom,Moves,,Double Hit,3.604
2016-12_gen4ou-0.json,Ambipom,Moves,,Shadow Ball,2.928
2016-12_gen4ou-0.json,Ambipom,Moves,,Ice Punch,2.252
2016-12_gen4ou-0.json,Ambipom,Moves,,Water Pulse,1.802
2016-12_gen4ou-0.json,Ambipom,Moves,,Fury Swipes,1.802
2016-12_gen4ou-0.json,Ambipom,Moves,,Seed Bomb,1.802
2016-12_gen4ou-0.json,Ambipom,Moves,,Other,18.243
2016-12_gen4ou-0.json,Mismagius,Stats,Raw count,,413
2016-12_gen4ou-0.json,Mismagius,Stats,Avg. weight,,1.0
2016-12_gen4ou-0.json,Mismagius,Stats,Viability Ceiling,,67
2016-12_gen4ou-0.json,Mismagius,Stats,Timid,,3.632
2016-12_gen4ou-0.json,Mismagius,Stats,Modest,,3.148
2016-12_gen4ou-0.json,Mismagius,Abilities,,Levitate,100.0
2016-12_gen4ou-0.json,Mismagius,Items,,Leftovers,31.477
2016-12_gen4ou-0.json,Mismagius,Items,,Choice Scarf,23.002
2016-12_gen4ou-0.json,Mismagius,Items,,Life Orb,19.128
2016-12_gen4ou-0.json,Mismagius,Items,,Wise Glasses,5.327
2016-12_gen4ou-0.json,Mismagius,Items,,Focus Sash,5.327
2016-12_gen4ou-0.json,Mismagius,Items,,Spell Tag,3.148
2016-12_gen4ou-0.json,Mismagius,Items,,Custap Berry,2.663
2016-12_gen4ou-0.json,Mismagius,Items,,TwistedSpoon,1.695
2016-12_gen4ou-0.json,Mismagius,Items,,Hard Stone,1.453
2016-12_gen4ou-0.json,Mismagius,Items,,Nothing,1.211
2016-12_gen4ou-0.json,Mismagius,Items,,Lax Incense,0.969
2016-12_gen4ou-0.json,Mismagius,Items,,Other,4.6
2016-12_gen4ou-0.json,Mismagius,Spreads,,Other,19.37
2016-12_gen4ou-0.json,Mismagius,Moves,,Shadow Ball,91.525
2016-12_gen4ou-0.json,Mismagius,Moves,,Thunderbolt,73.608
2016-12_gen4ou-0.json,Mismagius,Moves,,Hidden Power Ground,33.656
2016-12_gen4ou-0.json,Mismagius,Moves,,Destiny Bond,29.298
2016-12_gen4ou-0.json,Mismagius,Moves,,Nasty Plot,27.603
2016-12_gen4ou-0.json,Mismagius,Moves,,Trick,24.697
2016-12_gen4ou-0.json,Mismagius,Moves,,Substitute,21.308
2016-12_gen4ou-0.json,Mismagius,Moves,,Energy Ball,10.896
2016-12_gen4ou-0.json,Mismagius,Moves,,Calm Mind,8.232
2016-12_gen4ou-0.json,Mismagius,Moves,,Dark Pulse,8.232
2016-12_gen4ou-0.json,Mismagius,Moves,,Mean Look,7.264
2016-12_gen4ou-0.json,Mismagius,Moves,,Psychic,7.022
2016-12_gen4ou-0.json,Mismagius,Moves,,Hidden Power Fighting,5.569
2016-12_gen4ou-0.json,Mismagius,Moves,,Thunder Wave,5.327
2016-12_gen4ou-0.json,Mismagius,Moves,,Icy Wind,5.327
2016-12_gen4ou-0.json,Mismagius,Moves,,Confuse Ray,4.843
2016-12_gen4ou-0.json,Mismagius,Moves,,Perish Song,4.6
2016-12_gen4ou-0.json,Mismagius,Moves,,Heal Bell,4.6
2016-12_gen4ou-0.json,Mismagius,Moves,,Will-O-Wisp,4.116
2016-12_gen4ou-0.json,Mismagius,Moves,,Protect,3.148
2016-12_gen4ou-0.json,Mismagius,Moves,,Other,19.128
2016-12_gen4ou-0.json,Weezing,Stats,Raw count,,418
2016-12_gen4ou-0.json,Weezing,Stats,Avg. weight,,1.0
2016-12_gen4ou-0.json,Weezing,Stats,Viability Ceiling,,73
2016-12_gen4ou-0.json,Weezing,Stats,Lax,,24.163
2016-12_gen4ou-0.json,Weezing,Stats,Impish,,11.483
2016-12_gen4ou-0.json,Weezing,Stats,Bold,,8.373
2016-12_gen4ou-0.json,Weezing,Stats,Calm,,7.177
2016-12_gen4ou-0.json,Weezing,Stats,Modest,,6.459
2016-12_gen4ou-0.json,Weezing,Abilities,,Levitate,100.0
2016-12_gen4ou-0.json,Weezing,Items,,Leftovers,81.579
2016-12_gen4ou-0.json,Weezing,Items,,Life Orb,6.459
2016-12_gen4ou-0.json,Weezing,Items,,Black Sludge,5.502
2016-12_gen4ou-0.json,Weezing,Items,,Charcoal,4.306
2016-12_gen4ou-0.json,Weezing,Items,,Other,2.153
2016-12_gen4ou-0.json,Weezing,Spreads,,Other,33.493
2016-12_gen4ou-0.json,Weezing,Moves,,Sludge Bomb,60.048
2016-12_gen4ou-0.json,Weezing,Moves,,Flamethrower,53.589
2016-12_gen4ou-0.json,Weezing,Moves,,Thunderbolt,46.89
2016-12_gen4ou-0.json,Weezing,Moves,,Will-O-Wisp,44.976
2016-12_gen4ou-0.json,Weezing,Moves,,Pain Split,35.167
2016-12_gen4ou-0.json,Weezing,Moves,,Taunt,28.708
2016-12_gen4ou-0.json,Weezing,Moves,,Toxic,24.641
2016-12_gen4ou-0.json,Weezing,Moves,,Fire Blast,19.617
2016-12_gen4ou-0.json,Weezing,Moves,,Thunder,15.072
2016-12_gen4ou-0.json,Weezing,Moves,,Explosion,13.397
2016-12_gen4ou-0.json,Weezing,Moves,,Protect,12.679
2016-12_gen4ou-0.json,Weezing,Moves,,Hidden Power Ice,11.244
2016-12_gen4ou-0.json,Weezing,Moves,,Haze,8.134
2016-12_gen4ou-0.json,Weezing,Moves,,Hidden Power Ground,6.459
2016-12_gen4ou-0.json,Weezing,Moves,,Other,19.378
2016-12_gen4ou-0.json,Donphan,Stats,Raw count,,401
2016-12_gen4ou-0.json,Donphan,Stats,Avg. weight,,1.0
2016-12_gen4ou-0.json,Donphan,Stats,Viability Ceiling,,82
2016-12_gen4ou-0.json,Donphan,Stats,Adamant,,5.486
2016-12_gen4ou-0.json,Donphan,Stats,Impish,,6.234
2016-12_gen4ou-0.json,Donphan,Stats,Careful,,6.733
2016-12_gen4ou-0.json,Donphan,Abilities,,Sturdy,100.0
2016-12_gen4ou-0.json,Donphan,Items,,Leftovers,74.813
2016-12_gen4ou-0.json,Donphan,Items,,Apicot Berry,12.469
2016-12_gen4ou-0.json,Donphan,Items,,Choice Band,7.98
2016-12_gen4ou-0.json,Donphan,Items,,Other,4.738
2016-12_gen4ou-0.json,Donphan,Spreads,,Other,37.905
2016-12_gen4ou-0.json,Donphan,Moves,,Earthquake,99.002
2016-12_gen4ou-0.json,Donphan,Moves,,Rapid Spin,86.534
2016-12_gen4ou-0.json,Donphan,Moves,,Stealth Rock,50.873
2016-12_gen4ou-0.json,Donphan,Moves,,Ice Shard,47.88
2016-12_gen4ou-0.json,Donphan,Moves,,Assurance,41.397
2016-12_gen4ou-0.json,Donphan,Moves,,Stone Edge,16.708
2016-12_gen4ou-0.json,Donphan,Moves,,Fire Fang,15.461
2016-12_gen4ou-0.json,Donphan,Moves,,Roar,10.474
2016-12_gen4ou-0.json,Donphan,Moves,,Seed Bomb,7.98
2016-12_gen4ou-0.json,Donphan,Moves,,Toxic,4.738
2016-12_gen4ou-0.json,Donphan,Moves,,Other,18.953
2016-12_gen4ou-0.json,Marowak,Stats,Raw count,,404
2016-12_gen4ou-0.json,Marowak,Stats,Avg. weight,,1.0
2016-12_gen4ou-0.json,Marowak,Stats,Viability Ceiling,,66
2016-12_gen4ou-0.json,Marowak,Stats,Adamant,,4.703
2016-12_gen4ou-0.json,Marowak,Stats,Brave,,6.931
2016-12_gen4ou-0.json,Marowak,Stats,Hardy,,3.713
2016-12_gen4ou-0.json,Marowak,Abilities,,Rock Head,93.069
2016-12_gen4ou-0.json,Marowak,Abilities,,Lightning Rod,6.931
2016-12_gen4ou-0.json,Marowak,Items,,Thick Club,71.04
2016-12_gen4ou-0.json,Marowak,Items,,Leftovers,21.535
2016-12_gen4ou-0.json,Marowak,Items,,Black Belt,2.475
2016-12_gen4ou-0.json,Marowak,Items,,Other,4.95
2016-12_gen4ou-0.json,Marowak,Spreads,,Other,25.495
2016-12_gen4ou-0.json,Marowak,Moves,,Bonemerang,62.129
2016-12_gen4ou-0.json,Marowak,Moves,,Fire Punch,58.663
2016-12_gen4ou-0.json,Marowak,Moves,,Earthquake,43.069
2016-12_gen4ou-0.json,Marowak,Moves,,Double-Edge,42.822
2016-12_gen4ou-0.json,Marowak,Moves,,Thunder Punch,38.861
2016-12_gen4ou-0.json,Marowak,Moves,,Swords Dance,37.376
2016-12_gen4ou-0.json,Marowak,Moves,,Stone Edge,36.139
2016-12_gen4ou-0.json,Marowak,Moves,,Brick Break,20.297
2016-12_gen4ou-0.json,Marowak,Moves,,Low Kick,18.564
2016-12_gen4ou-0.json,Marowak,Moves,,Body Slam,6.931
2016-12_gen4ou-0.json,Marowak,Moves,,Substitute,4.703
2016-12_gen4ou-0.json,Marowak,Moves,,Iron Head,4.455
2016-12_gen4ou-0.json,Marowak,Moves,,Rock Slide,4.208
2016-12_gen4ou-0.json,Marowak,Moves,,Ancient Power,3.218
2016-12_gen4ou-0.json,Marowak,Moves,,Other,18.564
2016-12_gen4ou-0.json,Hitmontop,Stats,Raw count,,378
2016-12_gen4ou-0.json,Hitmontop,Stats,Avg. weight,,1.0
2016-12_gen4ou-0.json,Hitmontop,Stats,Viability Ceiling,,65
2016-12_gen4ou-0.json,Hitmontop,Stats,Adamant,,1.587
2016-12_gen4ou-0.json,Hitmontop,Stats,Impish,,5.820
2016-12_gen4ou-0.json,Hitmontop,Abilities,,Intimidate,82.275
2016-12_gen4ou-0.json,Hitmontop,Abilities,,Technician,17.725
2016-12_gen4ou-0.json,Hitmontop,Items,,Leftovers,71.164
2016-12_gen4ou-0.json,Hitmontop,Items,,Life Orb,20.635
2016-12_gen4ou-0.json,Hitmontop,Items,,Sitrus Berry,2.646
2016-12_gen4ou-0.json,Hitmontop,Items,,Focus Sash,2.646
2016-12_gen4ou-0.json,Hitmontop,Items,,Other,2.91
2016-12_gen4ou-0.json,Hitmontop,Spreads,,Other,8.995
2016-12_gen4ou-0.json,Hitmontop,Moves,,Close Combat,78.571
2016-12_gen4ou-0.json,Hitmontop,Moves,,Sucker Punch,64.55
2016-12_gen4ou-0.json,Hitmontop,Moves,,Rapid Spin,62.434
2016-12_gen4ou-0.json,Hitmontop,Moves,,Foresight,29.365
2016-12_gen4ou-0.json,Hitmontop,Moves,,Mach Punch,27.249
2016-12_gen4ou-0.json,Hitmontop,Moves,,Bulk Up,26.72
2016-12_gen4ou-0.json,Hitmontop,Moves,,Stone Edge,23.28
2016-12_gen4ou-0.json,Hitmontop,Moves,,Detect,17.725
2016-12_gen4ou-0.json,Hitmontop,Moves,,Fake Out,14.286
2016-12_gen4ou-0.json,Hitmontop,Moves,,Low Kick,11.905
2016-12_gen4ou-0.json,Hitmontop,Moves,,Pursuit,11.64
2016-12_gen4ou-0.json,Hitmontop,Moves,,Earthquake,4.497
2016-12_gen4ou-0.json,Hitmontop,Moves,,Bullet Punch,3.968
2016-12_gen4ou-0.json,Hitmontop,Moves,,Toxic,3.439
2016-12_gen4ou-0.json,Hitmontop,Moves,,Aerial Ace,2.91
2016-12_gen4ou-0.json,Hitmontop,Moves,,Other,17.46
2016-12_gen4ou-0.json,Steelix,Stats,Raw count,,338
2016-12_gen4ou-0.json,Steelix,Stats,Avg. weight,,1.0
2016-12_gen4ou-0.json,Steelix,Stats,Viability Ceiling,,63
2016-12_gen4ou-0.json,Steelix,Stats,Impish,,4.734
2016-12_gen4ou-0.json,Steelix,Stats,Adamant,,13.018
2016-12_gen4ou-0.json,Steelix,Stats,Brave,,5.621
2016-12_gen4ou-0.json,Steelix,Stats,Hardy,,3.846
2016-12_gen4ou-0.json,Steelix,Abilities,,Rock Head,54.438
2016-12_gen4ou-0.json,Steelix,Abilities,,Sturdy,45.562
2016-12_gen4ou-0.json,Steelix,Items,,Leftovers,58.284
2016-12_gen4ou-0.json,Steelix,Items,,Sitrus Berry,10.355
2016-12_gen4ou-0.json,Steelix,Items,,Life Orb,7.101
2016-12_gen4ou-0.json,Steelix,Items,,Hard Stone,4.734
2016-12_gen4ou-0.json,Steelix,Items,,Custap Berry,4.734
2016-12_gen4ou-0.json,Steelix,Items,,Nothing,4.142
2016-12_gen4ou-0.json,Steelix,Items,,Focus Sash,2.071
2016-12_gen4ou-0.json,Steelix,Items,,Soft Sand,1.775
2016-12_gen4ou-0.json,Steelix,Items,,Lum Berry,1.479
2016-12_gen4ou-0.json,Steelix,Items,,Iron Plate,1.183
2016-12_gen4ou-0.json,Steelix,Items,,Other,4.142
2016-12_gen4ou-0.json,Steelix,Spreads,,Other,40.533
2016-12_gen4ou-0.json,Steelix,Moves,,Earthquake,77.219
2016-12_gen4ou-0.json,Steelix,Moves,,Explosion,47.041
2016-12_gen4ou-0.json,Steelix,Moves,,Stealth Rock,41.716
2016-12_gen4ou-0.json,Steelix,Moves,,Iron Head,24.852
2016-12_gen4ou-0.json,Steelix,Moves,,Gyro Ball,21.598
2016-12_gen4ou-0.json,Steelix,Moves,,Stone Edge,19.527
2016-12_gen4ou-0.json,Steelix,Moves,,Double-Edge,19.231
2016-12_gen4ou-0.json,Steelix,Moves,,Crunch,18.343
2016-12_gen4ou-0.json,Steelix,Moves,,Iron Tail,16.272
2016-12_gen4ou-0.json,Steelix,Moves,,Roar,15.68
2016-12_gen4ou-0.json,Steelix,Moves,,Fire Fang,13.905
2016-12_gen4ou-0.json,Steelix,Moves,,Toxic,10.947
2016-12_gen4ou-0.json,Steelix,Moves,,Aqua Tail,9.467
2016-12_gen4ou-0.json,Steelix,Moves,,Bind,7.692
2016-12_gen4ou-0.json,Steelix,Moves,,Ice Fang,7.101
2016-12_gen4ou-0.json,Steelix,Moves,,Rock Slide,6.805
2016-12_gen4ou-0.json,Steelix,Moves,,Taunt,5.621
2016-12_gen4ou-0.json,Steelix,Moves,,Ancient Power,4.438
2016-12_gen4ou-0.json,Steelix,Moves,,Protect,3.846
2016-12_gen4ou-0.json,Steelix,Moves,,Dig,3.254
2016-12_gen4ou-0.json,Steelix,Moves,,Dark Pulse,2.959
2016-12_gen4ou-0.json,Steelix,Moves,,Endure,2.959
2016-12_gen4ou-0.json,Steelix,Moves,,Other,19.527
2016-12_gen4ou-0.json,Ludicolo,Stats,Raw count,,319
2016-12_gen4ou-0.json,Ludicolo,Stats,Avg. weight,,1.0
2016-12_gen4ou-0.json,Ludicolo,Stats,Viability Ceiling,,77
2016-12_gen4ou-0.json,Ludicolo,Stats,Hardy,,5.329
2016-12_gen4ou-0.json,Ludicolo,Stats,Modest,,5.016
2016-12_gen4ou-0.json,Ludicolo,Abilities,,Swift Swim,57.367
2016-12_gen4ou-0.json,Ludicolo,Abilities,,Rain Dish,42.633
2016-12_gen4ou-0.json,Ludicolo,Items,,Leftovers,44.201
2016-12_gen4ou-0.json,Ludicolo,Items,,Life Orb,39.812
2016-12_gen4ou-0.json,Ludicolo,Items,,Damp Rock,5.956
2016-12_gen4ou-0.json,Ludicolo,Items,,Sitrus Berry,4.075
2016-12_gen4ou-0.json,Ludicolo,Items,,Lum Berry,2.194
2016-12_gen4ou-0.json,Ludicolo,Items,,Other,3.762
2016-12_gen4ou-0.json,Ludicolo,Spreads,,Other,47.022
2016-12_gen4ou-0.json,Ludicolo,Moves,,Surf,70.533
2016-12_gen4ou-0.json,Ludicolo,Moves,,Rain Dance,66.771
2016-12_gen4ou-0.json,Ludicolo,Moves,,Ice Beam,63.323
2016-12_gen4ou-0.json,Ludicolo,Moves,,Leech Seed,40.752
2016-12_gen4ou-0.json,Ludicolo,Moves,,Energy Ball,32.915
2016-12_gen4ou-0.json,Ludicolo,Moves,,Grass Knot,26.332
2016-12_gen4ou-0.json,Ludicolo,Moves,,Protect,24.451
2016-12_gen4ou-0.json,Ludicolo,Moves,,Giga Drain,22.571
2016-12_gen4ou-0.json,Ludicolo,Moves,,Hydro Pump,9.718
2016-12_gen4ou-0.json,Ludicolo,Moves,,Seismic Toss,6.27
2016-12_gen4ou-0.json,Ludicolo,Moves,,Endure,5.016
2016-12_gen4ou-0.json,Ludicolo,Moves,,Hidden Power Electric,4.702
2016-12_gen4ou-0.json,Ludicolo,Moves,,Toxic,4.075
2016-12_gen4ou-0.json,Ludicolo,Moves,,Swords Dance,2.508
2016-12_gen4ou-0.json,Ludicolo,Moves,,Ice Punch,2.508
2016-12_gen4ou-0.json,Ludicolo,Moves,,Other,17.555
2016-12_gen4ou-0.json,Azumarill,Stats,Raw count,,313
2016-12_gen4ou-0.json,Azumarill,Stats,Avg. weight,,1.0
2016-12_gen4ou-0.json,Azumarill,Stats,Viability Ceiling,,66
2016-12_gen4ou-0.json,Azumarill,Stats,Adamant,,2.236
2016-12_gen4ou-0.json,Azumarill,Stats,Impish,,7.668
2016-12_gen4ou-0.json,Azumarill,Stats,Jolly,,5.112
2016-12_gen4ou-0.json,Azumarill,Stats,Hardy,,3.195
2016-12_gen4ou-0.json,Azumarill,Abilities,,Huge Power,97.764
2016-12_gen4ou-0.json,Azumarill,Abilities,,Thick Fat,2.236
2016-12_gen4ou-0.json,Azumarill,Items,,Choice Band,68.69
2016-12_gen4ou-0.json,Azumarill,Items,,Leftovers,12.46
2016-12_gen4ou-0.json,Azumarill,Items,,Zoom Lens,7.987
2016-12_gen4ou-0.json,Azumarill,Items,,Sitrus Berry,3.514
2016-12_gen4ou-0.json,Azumarill,Items,,Muscle Band,2.236
2016-12_gen4ou-0.json,Azumarill,Items,,Life Orb,1.597
2016-12_gen4ou-0.json,Azumarill,Items,,Other,3.514
2016-12_gen4ou-0.json,Azumarill,Spreads,,Other,10.543
2016-12_gen4ou-0.json,Azumarill,Moves,,Waterfall,85.623
2016-12_gen4ou-0.json,Azumarill,Moves,,Aqua Jet,71.565
2016-12_gen4ou-0.json,Azumarill,Moves,,Superpower,67.732
2016-12_gen4ou-0.json,Azumarill,Moves,,Ice Punch,66.134
2016-12_gen4ou-0.json,Azumarill,Moves,,Return,30.671
2016-12_gen4ou-0.json,Azumarill,Moves,,Belly Drum,8.626
2016-12_gen4ou-0.json,Azumarill,Moves,,Dynamic Punch,7.348
2016-12_gen4ou-0.json,Azumarill,Moves,,Surf,6.709
2016-12_gen4ou-0.json,Azumarill,Moves,,Body Slam,6.39
2016-12_gen4ou-0.json,Azumarill,Moves,,Sing,5.751
2016-12_gen4ou-0.json,Azumarill,Moves,,Ice Beam,5.431
2016-12_gen4ou-0.json,Azumarill,Moves,,Aqua Tail,5.112
2016-12_gen4ou-0.json,Azumarill,Moves,,Grass Knot,4.153
2016-12_gen4ou-0.json,Azumarill,Moves,,Double-Edge,3.834
2016-12_gen4ou-0.json,Azumarill,Moves,,Brick Break,3.195
2016-12_gen4ou-0.json,Azumarill,Moves,,Protect,3.195
2016-12_gen4ou-0.json,Azumarill,Moves,,Other,18.53
2016-12_gen4ou-0.json,Floatzel,Stats,Raw count,,338
2016-12_gen4ou-0.json,Floatzel,Stats,Avg. weight,,1.0
2016-12_gen4ou-0.json,Floatzel,Stats,Viability Ceiling,,64
2016-12_gen4ou-0.json,Floatzel,Stats,Adamant,,8.876
2016-12_gen4ou-0.json,Floatzel,Stats,Hardy,,15.385
2016-12_gen4ou-0.json,Floatzel,Stats,Relaxed,,8.580
2016-12_gen4ou-0.json,Floatzel,Stats,Naughty,,7.101
2016-12_gen4ou-0.json,Floatzel,Stats,Naive,,3.846
2016-12_gen4ou-0.json,Floatzel,Abilities,,Swift Swim,100.0
2016-12_gen4ou-0.json,Floatzel,Items,,Leftovers,29.882
2016-12_gen4ou-0.json,Floatzel,Items,,Mystic Water,14.497
2016-12_gen4ou-0.json,Floatzel,Items,,Sitrus Berry,13.314
2016-12_gen4ou-0.json,Floatzel,Items,,Nothing,9.172
2016-12_gen4ou-0.json,Floatzel,Items,,Life Orb,7.692
2016-12_gen4ou-0.json,Floatzel,Items,,Choice Band,5.917
2016-12_gen4ou-0.json,Floatzel,Items,,Damp Rock,4.734
2016-12_gen4ou-0.json,Floatzel,Items,,Choice Scarf,4.142
2016-12_gen4ou-0.json,Floatzel,Items,,Splash Plate,2.367
2016-12_gen4ou-0.json,Floatzel,Items,,Focus Sash,1.775
2016-12_gen4ou-0.json,Floatzel,Items,,Choice Specs,1.479
2016-12_gen4ou-0.json,Floatzel,Items,,Ganlon Berry,1.183
2016-12_gen4ou-0.json,Floatzel,Items,,Other,3.846
2016-12_gen4ou-0.json,Floatzel,Spreads,,Other,39.645
2016-12_gen4ou-0.json,Floatzel,Moves,,Ice Punch,52.959
2016-12_gen4ou-0.json,Floatzel,Moves,,Surf,47.633
2016-12_gen4ou-0.json,Floatzel,Moves,,Crunch,40.828
2016-12_gen4ou-0.json,Floatzel,Moves,,Aqua Jet,38.462
2016-12_gen4ou-0.json,Floatzel,Moves,,Waterfall,31.361
2016-12_gen4ou-0.json,Floatzel,Moves,,Aqua Tail,27.811
2016-12_gen4ou-0.json,Floatzel,Moves,,Brick Break,27.515
2016-12_gen4ou-0.json,Floatzel,Moves,,Ice Beam,23.077
2016-12_gen4ou-0.json,Floatzel,Moves,,Rain Dance,23.077
2016-12_gen4ou-0.json,Floatzel,Moves,,Blizzard,13.609
2016-12_gen4ou-0.json,Floatzel,Moves,,Slash,10.059
2016-12_gen4ou-0.json,Floatzel,Moves,,Focus Punch,7.988
2016-12_gen4ou-0.json,Floatzel,Moves,,Hyper Beam,5.03
2016-12_gen4ou-0.json,Floatzel,Moves,,Ice Fang,4.734
2016-12_gen4ou-0.json,Floatzel,Moves,,Bulk Up,4.734
2016-12_gen4ou-0.json,Floatzel,Moves,,Dig,4.438
2016-12_gen4ou-0.json,Floatzel,Moves,,Water Gun,4.142
2016-12_gen4ou-0.json,Floatzel,Moves,,Quick Attack,3.254
2016-12_gen4ou-0.json,Floatzel,Moves,,Agility,3.254
2016-12_gen4ou-0.json,Floatzel,Moves,,Water Pulse,2.959
2016-12_gen4ou-0.json,Floatzel,Moves,,Water Sport,2.959
2016-12_gen4ou-0.json,Floatzel,Moves,,Focus Blast,2.663
2016-12_gen4ou-0.json,Floatzel,Moves,,Other,17.456
2016-12_gen4ou-0.json,Gastrodon,Stats,Raw count,,298
2016-12_gen4ou-0.json,Gastrodon,Stats,Avg. weight,,1.0
2016-12_gen4ou-0.json,Gastrodon,Stats,Viability Ceiling,,72
2016-12_gen4ou-0.json,Gastrodon,Stats,Hardy,,9.396
2016-12_gen4ou-0.json,Gastrodon,Stats,Modest,,9.060
2016-12_gen4ou-0.json,Gastrodon,Stats,Mild,,8.389
2016-12_gen4ou-0.json,Gastrodon,Stats,Relaxed,,7.718
2016-12_gen4ou-0.json,Gastrodon,Stats,Calm,,7.718
2016-12_gen4ou-0.json,Gastrodon,Abilities,,Storm Drain,50.671
2016-12_gen4ou-0.json,Gastrodon,Abilities,,Sticky Hold,49.329
2016-12_gen4ou-0.json,Gastrodon,Items,,Leftovers,59.396
2016-12_gen4ou-0.json,Gastrodon,Items,,Zoom Lens,7.047
2016-12_gen4ou-0.json,Gastrodon,Items,,Life Orb,6.711
2016-12_gen4ou-0.json,Gastrodon,Items,,Sitrus Berry,6.711
2016-12_gen4ou-0.json,Gastrodon,Items,,Nothing,4.362
2016-12_gen4ou-0.json,Gastrodon,Items,,Lum Berry,3.691
2016-12_gen4ou-0.json,Gastrodon,Items,,Focus Sash,3.356
2016-12_gen4ou-0.json,Gastrodon,Items,,Earth Plate,2.685
2016-12_gen4ou-0.json,Gastrodon,Items,,Mystic Water,1.678
2016-12_gen4ou-0.json,Gastrodon,Items,,Other,4.362
2016-12_gen4ou-0.json,Gastrodon,Spreads,,Other,50.0
2016-12_gen4ou-0.json,Gastrodon,Moves,,Surf,73.49
2016-12_gen4ou-0.json,Gastrodon,Moves,,Recover,64.43
2016-12_gen4ou-0.json,Gastrodon,Moves,,Toxic,52.685
2016-12_gen4ou-0.json,Gastrodon,Moves,,Ice Beam,52.349
2016-12_gen4ou-0.json,Gastrodon,Moves,,Earthquake,39.597
2016-12_gen4ou-0.json,Gastrodon,Moves,,Earth Power,37.919
2016-12_gen4ou-0.json,Gastrodon,Moves,,Sludge Bomb,10.067
2016-12_gen4ou-0.json,Gastrodon,Moves,,Blizzard,6.711
2016-12_gen4ou-0.json,Gastrodon,Moves,,Brine,6.376
2016-12_gen4ou-0.json,Gastrodon,Moves,,Water Pulse,6.376
2016-12_gen4ou-0.json,Gastrodon,Moves,,Body Slam,5.705
2016-12_gen4ou-0.json,Gastrodon,Moves,,Muddy Water,5.705
2016-12_gen4ou-0.json,Gastrodon,Moves,,Rock Slide,5.369
2016-12_gen4ou-0.json,Gastrodon,Moves,,Protect,5.369
2016-12_gen4ou-0.json,Gastrodon,Moves,,Pain Split,4.698
2016-12_gen4ou-0.json,Gastrodon,Moves,,Waterfall,2.349
2016-12_gen4ou-0.json,Gastrodon,Moves,,Stone Edge,2.349
2016-12_gen4ou-0.json,Gastrodon,Moves,,Other,18.456
2016-12_gen4ou-0.json,Exeggutor,Stats,Raw count,,291
2016-12_gen4ou-0.json,Exeggutor,Stats,Avg. weight,,1.0
2016-12_gen4ou-0.json,Exeggutor,Stats,Viability Ceiling,,60
2016-12_gen4ou-0.json,Exeggutor,Stats,Hardy,,4.467
2016-12_gen4ou-0.json,Exeggutor,Stats,Relaxed,,10.653
2016-12_gen4ou-0.json,Exeggutor,Stats,Modest,,7.904
2016-12_gen4ou-0.json,Exeggutor,Abilities,,Chlorophyll,100.0
2016-12_gen4ou-0.json,Exeggutor,Items,,Leftovers,29.553
2016-12_gen4ou-0.json,Exeggutor,Items,,Big Root,16.495
2016-12_gen4ou-0.json,Exeggutor,Items,,Focus Sash,13.058
2016-12_gen4ou-0.json,Exeggutor,Items,,Life Orb,11.34
2016-12_gen4ou-0.json,Exeggutor,Items,,Nothing,9.278
2016-12_gen4ou-0.json,Exeggutor,Items,,Miracle Seed,8.247
2016-12_gen4ou-0.json,Exeggutor,Items,,Sitrus Berry,5.155
2016-12_gen4ou-0.json,Exeggutor,Items,,Wise Glasses,2.405
2016-12_gen4ou-0.json,Exeggutor,Items,,Other,4.467
2016-12_gen4ou-0.json,Exeggutor,Spreads,,Other,35.739
2016-12_gen4ou-0.json,Exeggutor,Moves,,Psychic,89.003
2016-12_gen4ou-0.json,Exeggutor,Moves,,Solar Beam,30.928
2016-12_gen4ou-0.json,Exeggutor,Moves,,Sunny Day,26.804
2016-12_gen4ou-0.json,Exeggutor,Moves,,Leech Seed,25.773
2016-12_gen4ou-0.json,Exeggutor,Moves,,Giga Drain,23.368
2016-12_gen4ou-0.json,Exeggutor,Moves,,Energy Ball,23.024
2016-12_gen4ou-0.json,Exeggutor,Moves,,Hidden Power Fire,22.68
2016-12_gen4ou-0.json,Exeggutor,Moves,,Sleep Powder,21.993
2016-12_gen4ou-0.json,Exeggutor,Moves,,Trick Room,19.244
2016-12_gen4ou-0.json,Exeggutor,Moves,,Leaf Storm,14.777
2016-12_gen4ou-0.json,Exeggutor,Moves,,Seed Bomb,11.34
2016-12_gen4ou-0.json,Exeggutor,Moves,,Sludge Bomb,7.904
2016-12_gen4ou-0.json,Exeggutor,Moves,,Toxic,7.904
2016-12_gen4ou-0.json,Exeggutor,Moves,,Explosion,7.904
2016-12_gen4ou-0.json,Exeggutor,Moves,,Substitute,7.56
2016-12_gen4ou-0.json,Exeggutor,Moves,,Light Screen,7.216
2016-12_gen4ou-0.json,Exeggutor,Moves,,Moonlight,5.498
2016-12_gen4ou-0.json,Exeggutor,Moves,,Ingrain,4.124
2016-12_gen4ou-0.json,Exeggutor,Moves,,Synthesis,4.124
2016-12_gen4ou-0.json,Exeggutor,Moves,,Wood Hammer,3.78
2016-12_gen4ou-0.json,Exeggutor,Moves,,Egg Bomb,3.78
2016-12_gen4ou-0.json,Exeggutor,Moves,,Hypnosis,3.78
2016-12_gen4ou-0.json,Exeggutor,Moves,,Hyper Beam,3.436
2016-12_gen4ou-0.json,Exeggutor,Moves,,Protect,3.436
2016-12_gen4ou-0.json,Exeggutor,Moves,,Ancient Power,2.749
2016-12_gen4ou-0.json,Exeggutor,Moves,,Other,17.869
2016-12_gen4ou-0.json,Absol,Stats,Raw count,,282
2016-12_gen4ou-0.json,Absol,Stats,Avg. weight,,1.0
2016-12_gen4ou-0.json,Absol,Stats,Viability Ceiling,,66
2016-12_gen4ou-0.json,Absol,Stats,Jolly,,19.149
2016-12_gen4ou-0.json,Absol,Stats,Adamant,,6.738
2016-12_gen4ou-0.json,Absol,Stats,Naughty,,12.057
2016-12_gen4ou-0.json,Absol,Stats,Hardy,,4.610
2016-12_gen4ou-0.json,Absol,Abilities,,Super Luck,50.709
2016-12_gen4ou-0.json,Absol,Abilities,,Pressure,49.291
2016-12_gen4ou-0.json,Absol,Items,,Dread Plate,15.957
2016-12_gen4ou-0.json,Absol,Items,,Quick Claw,14.894
2016-12_gen4ou-0.json,Absol,Items,,Leftovers,14.184
2016-12_gen4ou-0.json,Absol,Items,,Razor Claw,11.348
2016-12_gen4ou-0.json,Absol,Items,,Scope Lens,8.865
2016-12_gen4ou-0.json,Absol,Items,,Life Orb,8.511
2016-12_gen4ou-0.json,Absol,Items,,Choice Scarf,6.738
2016-12_gen4ou-0.json,Absol,Items,,Apicot Berry,3.191
2016-12_gen4ou-0.json,Absol,Items,,Choice Band,3.191
2016-12_gen4ou-0.json,Absol,Items,,Focus Sash,2.482
2016-12_gen4ou-0.json,Absol,Items,,Black Glasses,2.128
2016-12_gen4ou-0.json,Absol,Items,,Choice Specs,1.773
2016-12_gen4ou-0.json,Absol,Items,,Wise Glasses,1.418
2016-12_gen4ou-0.json,Absol,Items,,Sitrus Berry,1.418
2016-12_gen4ou-0.json,Absol,Items,,Other,3.901
2016-12_gen4ou-0.json,Absol,Spreads,,Other,34.397
2016-12_gen4ou-0.json,Absol,Moves,,Night Slash,50.0
2016-12_gen4ou-0.json,Absol,Moves,,Psycho Cut,43.617
2016-12_gen4ou-0.json,Absol,Moves,,Sucker Punch,43.262
2016-12_gen4ou-0.json,Absol,Moves,,Swords Dance,36.879
2016-12_gen4ou-0.json,Absol,Moves,,Pursuit,25.887
2016-12_gen4ou-0.json,Absol,Moves,,Superpower,23.404
2016-12_gen4ou-0.json,Absol,Moves,,Megahorn,15.957
2016-12_gen4ou-0.json,Absol,Moves,,Stone Edge,15.248
2016-12_gen4ou-0.json,Absol,Moves,,Blizzard,14.539
2016-12_gen4ou-0.json,Absol,Moves,,Protect,12.766
2016-12_gen4ou-0.json,Absol,Moves,,Wish,12.411
2016-12_gen4ou-0.json,Absol,Moves,,Will-O-Wisp,12.057
2016-12_gen4ou-0.json,Absol,Moves,,Ice Beam,10.638
2016-12_gen4ou-0.json,Absol,Moves,,Shadow Claw,9.929
2016-12_gen4ou-0.json,Absol,Moves,,Dark Pulse,9.929
2016-12_gen4ou-0.json,Absol,Moves,,Slash,6.028
2016-12_gen4ou-0.json,Absol,Moves,,Detect,5.319
2016-12_gen4ou-0.json,Absol,Moves,,Aerial Ace,5.319
2016-12_gen4ou-0.json,Absol,Moves,,Flamethrower,4.255
2016-12_gen4ou-0.json,Absol,Moves,,Baton Pass,3.901
2016-12_gen4ou-0.json,Absol,Moves,,Body Slam,3.901
2016-12_gen4ou-0.json,Absol,Moves,,Calm Mind,3.191
2016-12_gen4ou-0.json,Absol,Moves,,Feint Attack,2.837
2016-12_gen4ou-0.json,Absol,Moves,,Zen Headbutt,2.837
2016-12_gen4ou-0.json,Absol,Moves,,Fire Blast,2.837
2016-12_gen4ou-0.json,Absol,Moves,,Hidden Power Dark,1.773
2016-12_gen4ou-0.json,Absol,Moves,,Dream Eater,1.773
2016-12_gen4ou-0.json,Absol,Moves,,Other,19.504
2016-12_gen4ou-0.json,Slowking,Stats,Raw count,,282
2016-12_gen4ou-0.json,Slowking,Stats,Avg. weight,,1.0
2016-12_gen4ou-0.json,Slowking,Stats,Viability Ceiling,,67
2016-12_gen4ou-0.json,Slowking,Stats,Calm,,3.546
2016-12_gen4ou-0.json,Slowking,Stats,Bold,,9.929
2016-12_gen4ou-0.json,Slowking,Stats,Modest,,8.156
2016-12_gen4ou-0.json,Slowking,Stats,Hardy,,5.319
2016-12_gen4ou-0.json,Slowking,Abilities,,Own Tempo,76.241
2016-12_gen4ou-0.json,Slowking,Abilities,,Oblivious,23.759
2016-12_gen4ou-0.json,Slowking,Items,,Leftovers,84.752
2016-12_gen4ou-0.json,Slowking,Items,,Choice Specs,6.028
2016-12_gen4ou-0.json,Slowking,Items,,Sitrus Berry,5.319
2016-12_gen4ou-0.json,Slowking,Items,,Other,3.901
2016-12_gen4ou-0.json,Slowking,Spreads,,Other,12.411
2016-12_gen4ou-0.json,Slowking,Moves,,Psychic,84.397
2016-12_gen4ou-0.json,Slowking,Moves,,Calm Mind,77.305
2016-12_gen4ou-0.json,Slowking,Moves,,Slack Off,54.61
2016-12_gen4ou-0.json,Slowking,Moves,,Flamethrower,50.355
2016-12_gen4ou-0.json,Slowking,Moves,,Substitute,24.113
2016-12_gen4ou-0.json,Slowking,Moves,,Surf,23.759
2016-12_gen4ou-0.json,Slowking,Moves,,Toxic,19.504
2016-12_gen4ou-0.json,Slowking,Moves,,Trick Room,13.83
2016-12_gen4ou-0.json,Slowking,Moves,,Aqua Tail,8.156
2016-12_gen4ou-0.json,Slowking,Moves,,Belly Drum,4.61
2016-12_gen4ou-0.json,Slowking,Moves,,Future Sight,4.61
2016-12_gen4ou-0.json,Slowking,Moves,,Ice Beam,4.255
2016-12_gen4ou-0.json,Slowking,Moves,,Iron Defense,3.901
2016-12_gen4ou-0.json,Slowking,Moves,,Drain Punch,3.546
2016-12_gen4ou-0.json,Slowking,Moves,,Focus Blast,3.191
2016-12_gen4ou-0.json,Slowking,Moves,,Other,19.858
2016-12_gen4ou-0.json,Ampharos,Stats,Raw count,,289
2016-12_gen4ou-0.json,Ampharos,Stats,Avg. weight,,1.0
2016-12_gen4ou-0.json,Ampharos,Stats,Viability Ceiling,,58
2016-12_gen4ou-0.json,Ampharos,Stats,Hardy,,23.529
2016-12_gen4ou-0.json,Ampharos,Stats,Modest,,6.574
2016-12_gen4ou-0.json,Ampharos,Stats,Mild,,5.190
2016-12_gen4ou-0.json,Ampharos,Stats,Calm,,4.844
2016-12_gen4ou-0.json,Ampharos,Abilities,,Static,100.0
2016-12_gen4ou-0.json,Ampharos,Items,,Nothing,26.298
2016-12_gen4ou-0.json,Ampharos,Items,,Leftovers,24.913
2016-12_gen4ou-0.json,Ampharos,Items,,Magnet,15.225
2016-12_gen4ou-0.json,Ampharos,Items,,Sitrus Berry,8.997
2016-12_gen4ou-0.json,Ampharos,Items,,Light Clay,7.266
2016-12_gen4ou-0.json,Ampharos,Items,,Choice Specs,3.46
2016-12_gen4ou-0.json,Ampharos,Items,,Focus Sash,2.768
2016-12_gen4ou-0.json,Ampharos,Items,,Zap Plate,2.422
2016-12_gen4ou-0.json,Ampharos,Items,,Shuca Berry,2.076
2016-12_gen4ou-0.json,Ampharos,Items,,SilverPowder,1.73
2016-12_gen4ou-0.json,Ampharos,Items,,Other,4.844
2016-12_gen4ou-0.json,Ampharos,Spreads,,Other,34.256
2016-12_gen4ou-0.json,Ampharos,Moves,,Thunderbolt,56.401
2016-12_gen4ou-0.json,Ampharos,Moves,,Thunder,49.827
2016-12_gen4ou-0.json,Ampharos,Moves,,Discharge,36.678
2016-12_gen4ou-0.json,Ampharos,Moves,,Signal Beam,33.218
2016-12_gen4ou-0.json,Ampharos,Moves,,Power Gem,23.183
2016-12_gen4ou-0.json,Ampharos,Moves,,Thunder Wave,21.799
2016-12_gen4ou-0.json,Ampharos,Moves,,Focus Blast,21.799
2016-12_gen4ou-0.json,Ampharos,Moves,,Toxic,21.453
2016-12_gen4ou-0.json,Ampharos,Moves,,Hidden Power Ice,20.415
2016-12_gen4ou-0.json,Ampharos,Moves,,Heal Bell,18.685
2016-12_gen4ou-0.json,Ampharos,Moves,,Thunder Punch,14.533
2016-12_gen4ou-0.json,Ampharos,Moves,,Body Slam,12.111
2016-12_gen4ou-0.json,Ampharos,Moves,,Reflect,11.419
2016-12_gen4ou-0.json,Ampharos,Moves,,Rain Dance,5.882
2016-12_gen4ou-0.json,Ampharos,Moves,,Fire Punch,5.536
2016-12_gen4ou-0.json,Ampharos,Moves,,Outrage,5.19
2016-12_gen4ou-0.json,Ampharos,Moves,,Light Screen,5.19
2016-12_gen4ou-0.json,Ampharos,Moves,,Brick Break,3.806
2016-12_gen4ou-0.json,Ampharos,Moves,,Charge,3.46
2016-12_gen4ou-0.json,Ampharos,Moves,,Thunder Shock,3.46
2016-12_gen4ou-0.json,Ampharos,Moves,,Protect,2.422
2016-12_gen4ou-0.json,Ampharos,Moves,,Iron Tail,2.422
2016-12_gen4ou-0.json,Ampharos,Moves,,Charge Beam,1.73
2016-12_gen4ou-0.json,Ampharos,Moves,,Other,19.377
2016-12_gen4ou-0.json,Claydol,Stats,Raw count,,264
2016-12_gen4ou-0.json,Claydol,Stats,Avg. weight,,1.0
2016-12_gen4ou-0.json,Claydol,Stats,Viability Ceiling,,74
2016-12_gen4ou-0.json,Claydol,Stats,Jolly,,28.788
2016-12_gen4ou-0.json,Claydol,Stats,Bold,,14.773
2016-12_gen4ou-0.json,Claydol,Stats,Careful,,11.742
2016-12_gen4ou-0.json,Claydol,Stats,Relaxed,,4.167
2016-12_gen4ou-0.json,Claydol,Stats,Gentle,,4.167
2016-12_gen4ou-0.json,Claydol,Stats,Sassy,,4.167
2016-12_gen4ou-0.json,Claydol,Abilities,,Levitate,100.0
2016-12_gen4ou-0.json,Claydol,Items,,Leftovers,42.424
2016-12_gen4ou-0.json,Claydol,Items,,Choice Scarf,29.167
2016-12_gen4ou-0.json,Claydol,Items,,Light Clay,18.939
2016-12_gen4ou-0.json,Claydol,Items,,Lum Berry,3.409
2016-12_gen4ou-0.json,Claydol,Items,,Sitrus Berry,3.03
2016-12_gen4ou-0.json,Claydol,Items,,Other,3.03
2016-12_gen4ou-0.json,Claydol,Spreads,,Other,32.197
2016-12_gen4ou-0.json,Claydol,Moves,,Rapid Spin,89.015
2016-12_gen4ou-0.json,Claydol,Moves,,Stealth Rock,57.576
2016-12_gen4ou-0.json,Claydol,Moves,,Explosion,49.621
2016-12_gen4ou-0.json,Claydol,Moves,,Reflect,34.091
2016-12_gen4ou-0.json,Claydol,Moves,,Light Screen,32.576
2016-12_gen4ou-0.json,Claydol,Moves,,Trick,29.924
2016-12_gen4ou-0.json,Claydol,Moves,,Earth Power,28.788
2016-12_gen4ou-0.json,Claydol,Moves,,Earthquake,16.667
2016-12_gen4ou-0.json,Claydol,Moves,,Ice Beam,15.909
2016-12_gen4ou-0.json,Claydol,Moves,,Psychic,12.121
2016-12_gen4ou-0.json,Claydol,Moves,,Calm Mind,7.197
2016-12_gen4ou-0.json,Claydol,Moves,,Trick Room,6.818
2016-12_gen4ou-0.json,Claydol,Moves,,Other,19.697
2016-12_gen4ou-0.json,Ninetales,Stats,Raw count,,271
2016-12_gen4ou-0.json,Ninetales,Stats,Avg. weight,,1.0
2016-12_gen4ou-0.json,Ninetales,Stats,Viability Ceiling,,61
2016-12_gen4ou-0.json,Ninetales,Stats,Mild,,47.970
2016-12_gen4ou-0.json,Ninetales,Stats,Timid,,3.690
2016-12_gen4ou-0.json,Ninetales,Stats,Hardy,,4.797
2016-12_gen4ou-0.json,Ninetales,Stats,Modest,,2.214
2016-12_gen4ou-0.json,Ninetales,Stats,Bold,,2.214
2016-12_gen4ou-0.json,Ninetales,Abilities,,Flash Fire,100.0
2016-12_gen4ou-0.json,Ninetales,Items,,Life Orb,69.742
2016-12_gen4ou-0.json,Ninetales,Items,,Leftovers,18.45
2016-12_gen4ou-0.json,Ninetales,Items,,Sitrus Berry,2.952
2016-12_gen4ou-0.json,Ninetales,Items,,Heat Rock,2.952
2016-12_gen4ou-0.json,Ninetales,Items,,Charcoal,1.845
2016-12_gen4ou-0.json,Ninetales,Items,,Other,4.059
2016-12_gen4ou-0.json,Ninetales,Spreads,,Other,11.808
2016-12_gen4ou-0.json,Ninetales,Moves,,Nasty Plot,76.753
2016-12_gen4ou-0.json,Ninetales,Moves,,Hypnosis,69.742
2016-12_gen4ou-0.json,Ninetales,Moves,,Energy Ball,61.993
2016-12_gen4ou-0.json,Ninetales,Moves,,Flamethrower,50.554
2016-12_gen4ou-0.json,Ninetales,Moves,,Fire Blast,47.601
2016-12_gen4ou-0.json,Ninetales,Moves,,Will-O-Wisp,27.675
2016-12_gen4ou-0.json,Ninetales,Moves,,Calm Mind,7.749
2016-12_gen4ou-0.json,Ninetales,Moves,,Dark Pulse,7.011
2016-12_gen4ou-0.json,Ninetales,Moves,,Sunny Day,5.904
2016-12_gen4ou-0.json,Ninetales,Moves,,Overheat,5.166
2016-12_gen4ou-0.json,Ninetales,Moves,,Grudge,4.059
2016-12_gen4ou-0.json,Ninetales,Moves,,Hidden Power Grass,3.69
2016-12_gen4ou-0.json,Ninetales,Moves,,Pain Split,3.69
2016-12_gen4ou-0.json,Ninetales,Moves,,Solar Beam,3.321
2016-12_gen4ou-0.json,Ninetales,Moves,,Extrasensory,2.952
2016-12_gen4ou-0.json,Ninetales,Moves,,Substitute,2.583
2016-12_gen4ou-0.json,Ninetales,Moves,,Other,19.557
2016-12_gen4ou-0.json,Cradily,Stats,Raw count,,220
2016-12_gen4ou-0.json,Cradily,Stats,Avg. weight,,1.0
2016-12_gen4ou-0.json,Cradily,Stats,Viability Ceiling,,84
2016-12_gen4ou-0.json,Cradily,Stats,Quiet,,6.364
2016-12_gen4ou-0.json,Cradily,Stats,Careful,,5.909
2016-12_gen4ou-0.json,Cradily,Stats,Impish,,7.273
2016-12_gen4ou-0.json,Cradily,Stats,Bold,,5.909
2016-12_gen4ou-0.json,Cradily,Abilities,,Suction Cups,100.0
2016-12_gen4ou-0.json,Cradily,Items,,Leftovers,55.0
2016-12_gen4ou-0.json,Cradily,Items,,Big Root,35.909
2016-12_gen4ou-0.json,Cradily,Items,,Wise Glasses,3.636
2016-12_gen4ou-0.json,Cradily,Items,,Nothing,2.727
2016-12_gen4ou-0.json,Cradily,Items,,Other,2.727
2016-12_gen4ou-0.json,Cradily,Spreads,,Other,32.273
2016-12_gen4ou-0.json,Cradily,Moves,,Giga Drain,46.818
2016-12_gen4ou-0.json,Cradily,Moves,,Ancient Power,42.727
2016-12_gen4ou-0.json,Cradily,Moves,,Energy Ball,41.364
2016-12_gen4ou-0.json,Cradily,Moves,,Stockpile,36.364
2016-12_gen4ou-0.json,Cradily,Moves,,Recover,32.273
2016-12_gen4ou-0.json,Cradily,Moves,,Rock Slide,29.091
2016-12_gen4ou-0.json,Cradily,Moves,,Curse,27.727
2016-12_gen4ou-0.json,Cradily,Moves,,Seed Bomb,21.818
2016-12_gen4ou-0.json,Cradily,Moves,,Toxic,20.455
2016-12_gen4ou-0.json,Cradily,Moves,,Stealth Rock,20.455
2016-12_gen4ou-0.json,Cradily,Moves,,Earthquake,13.182
2016-12_gen4ou-0.json,Cradily,Moves,,Ingrain,8.636
2016-12_gen4ou-0.json,Cradily,Moves,,Earth Power,8.182
2016-12_gen4ou-0.json,Cradily,Moves,,Protect,7.727
2016-12_gen4ou-0.json,Cradily,Moves,,Rest,6.364
2016-12_gen4ou-0.json,Cradily,Moves,,Swallow,5.909
2016-12_gen4ou-0.json,Cradily,Moves,,Stone Edge,4.545
2016-12_gen4ou-0.json,Cradily,Moves,,Mirror Coat,4.091
2016-12_gen4ou-0.json,Cradily,Moves,,Solar Beam,3.636
2016-12_gen4ou-0.json,Cradily,Moves,,Other,18.636
2016-12_gen4ou-0.json,Slaking,Stats,Raw count,,229
2016-12_gen4ou-0.json,Slaking,Stats,Avg. weight,,1.0
2016-12_gen4ou-0.json,Slaking,Stats,Viability Ceiling,,59
2016-12_gen4ou-0.json,Slaking,Stats,Adamant,,21.397
2016-12_gen4ou-0.json,Slaking,Stats,Modest,,18.777
2016-12_gen4ou-0.json,Slaking,Stats,Brave,,7.860
2016-12_gen4ou-0.json,Slaking,Stats,Hasty,,6.114
2016-12_gen4ou-0.json,Slaking,Stats,Careful,,6.114
2016-12_gen4ou-0.json,Slaking,Stats,Jolly,,3.493
2016-12_gen4ou-0.json,Slaking,Abilities,,Truant,100.0
2016-12_gen4ou-0.json,Slaking,Items,,Leftovers,39.301
2016-12_gen4ou-0.json,Slaking,Items,,Choice Band,35.371
2016-12_gen4ou-0.json,Slaking,Items,,Wise Glasses,9.17
2016-12_gen4ou-0.json,Slaking,Items,,Life Orb,4.367
2016-12_gen4ou-0.json,Slaking,Items,,Lum Berry,3.493
2016-12_gen4ou-0.json,Slaking,Items,,Choice Scarf,3.057
2016-12_gen4ou-0.json,Slaking,Items,,Nothing,1.747
2016-12_gen4ou-0.json,Slaking,Items,,Other,3.493
2016-12_gen4ou-0.json,Slaking,Spreads,,Other,36.245
2016-12_gen4ou-0.json,Slaking,Moves,,Earthquake,65.502
2016-12_gen4ou-0.json,Slaking,Moves,,Return,42.358
2016-12_gen4ou-0.json,Slaking,Moves,,Rest,30.568
2016-12_gen4ou-0.json,Slaking,Moves,,Ice Punch,26.638
2016-12_gen4ou-0.json,Slaking,Moves,,Fire Punch,24.891
2016-12_gen4ou-0.json,Slaking,Moves,,Shadow Claw,21.397
2016-12_gen4ou-0.json,Slaking,Moves,,Thunderbolt,20.961
2016-12_gen4ou-0.json,Slaking,Moves,,Flamethrower,20.524
2016-12_gen4ou-0.json,Slaking,Moves,,Giga Impact,16.594
2016-12_gen4ou-0.json,Slaking,Moves,,Blizzard,12.664
2016-12_gen4ou-0.json,Slaking,Moves,,Slack Off,11.79
2016-12_gen4ou-0.json,Slaking,Moves,,Sleep Talk,9.607
2016-12_gen4ou-0.json,Slaking,Moves,,Thunder Punch,8.734
2016-12_gen4ou-0.json,Slaking,Moves,,Pursuit,7.86
2016-12_gen4ou-0.json,Slaking,Moves,,Ice Beam,6.987
2016-12_gen4ou-0.json,Slaking,Moves,,Brick Break,6.987
2016-12_gen4ou-0.json,Slaking,Moves,,Bulk Up,5.677
2016-12_gen4ou-0.json,Slaking,Moves,,Toxic,5.677
2016-12_gen4ou-0.json,Slaking,Moves,,Gunk Shot,4.803
2016-12_gen4ou-0.json,Slaking,Moves,,Sucker Punch,4.367
2016-12_gen4ou-0.json,Slaking,Moves,,Dynamic Punch,4.367
2016-12_gen4ou-0.json,Slaking,Moves,,Fire Blast,3.93
2016-12_gen4ou-0.json,Slaking,Moves,,Hammer Arm,3.93
2016-12_gen4ou-0.json,Slaking,Moves,,Facade,3.493
2016-12_gen4ou-0.json,Slaking,Moves,,Swagger,3.493
2016-12_gen4ou-0.json,Slaking,Moves,,Hyper Beam,3.057
2016-12_gen4ou-0.json,Slaking,Moves,,Yawn,3.057
2016-12_gen4ou-0.json,Slaking,Moves,,Shadow Ball,2.62
2016-12_gen4ou-0.json,Slaking,Moves,,Other,17.467
2016-12_gen4ou-0.json,Aggron,Stats,Raw count,,230
2016-12_gen4ou-0.json,Aggron,Stats,Avg. weight,,1.0
2016-12_gen4ou-0.json,Aggron,Stats,Viability Ceiling,,70
2016-12_gen4ou-0.json,Aggron,Stats,Hardy,,4.783
2016-12_gen4ou-0.json,Aggron,Stats,Adamant,,5.652
2016-12_gen4ou-0.json,Aggron,Stats,Gentle,,3.478
2016-12_gen4ou-0.json,Aggron,Abilities,,Sturdy,50.87
2016-12_gen4ou-0.json,Aggron,Abilities,,Rock Head,49.13
2016-12_gen4ou-0.json,Aggron,Items,,Leftovers,41.739
2016-12_gen4ou-0.json,Aggron,Items,,Choice Band,18.261
2016-12_gen4ou-0.json,Aggron,Items,,Life Orb,8.261
2016-12_gen4ou-0.json,Aggron,Items,,BrightPowder,4.783
2016-12_gen4ou-0.json,Aggron,Items,,Choice Scarf,4.348
2016-12_gen4ou-0.json,Aggron,Items,,Nothing,3.913
2016-12_gen4ou-0.json,Aggron,Items,,Focus Sash,3.478
2016-12_gen4ou-0.json,Aggron,Items,,Metal Coat,3.043
2016-12_gen4ou-0.json,Aggron,Items,,Sitrus Berry,2.609
2016-12_gen4ou-0.json,Aggron,Items,,Shuca Berry,2.609
2016-12_gen4ou-0.json,Aggron,Items,,Rock Incense,1.739
2016-12_gen4ou-0.json,Aggron,Items,,Iron Plate,1.304
2016-12_gen4ou-0.json,Aggron,Items,,Other,3.913
2016-12_gen4ou-0.json,Aggron,Spreads,,Other,57.391
2016-12_gen4ou-0.json,Aggron,Moves,,Earthquake,58.696
2016-12_gen4ou-0.json,Aggron,Moves,,Head Smash,40.0
2016-12_gen4ou-0.json,Aggron,Moves,,Ice Punch,23.043
2016-12_gen4ou-0.json,Aggron,Moves,,Double-Edge,18.261
2016-12_gen4ou-0.json,Aggron,Moves,,Iron Head,17.826
2016-12_gen4ou-0.json,Aggron,Moves,,Flash Cannon,16.087
2016-12_gen4ou-0.json,Aggron,Moves,,Aqua Tail,15.217
2016-12_gen4ou-0.json,Aggron,Moves,,Protect,13.913
2016-12_gen4ou-0.json,Aggron,Moves,,Rock Slide,11.304
2016-12_gen4ou-0.json,Aggron,Moves,,Dragon Claw,9.565
2016-12_gen4ou-0.json,Aggron,Moves,,Toxic,9.565
2016-12_gen4ou-0.json,Aggron,Moves,,Surf,9.13
2016-12_gen4ou-0.json,Aggron,Moves,,Flamethrower,8.696
2016-12_gen4ou-0.json,Aggron,Moves,,Stone Edge,8.696
2016-12_gen4ou-0.json,Aggron,Moves,,Dragon Pulse,8.261
2016-12_gen4ou-0.json,Aggron,Moves,,Fire Punch,7.391
2016-12_gen4ou-0.json,Aggron,Moves,,Rock Polish,7.391
2016-12_gen4ou-0.json,Aggron,Moves,,Avalanche,6.522
2016-12_gen4ou-0.json,Aggron,Moves,,Ice Beam,6.522
2016-12_gen4ou-0.json,Aggron,Moves,,Low Kick,6.522
2016-12_gen4ou-0.json,Aggron,Moves,,Fire Blast,6.522
2016-12_gen4ou-0.json,Aggron,Moves,,Brick Break,5.652
2016-12_gen4ou-0.json,Aggron,Moves,,Iron Tail,5.652
2016-12_gen4ou-0.json,Aggron,Moves,,Outrage,5.652
2016-12_gen4ou-0.json,Aggron,Moves,,Stealth Rock,5.652
2016-12_gen4ou-0.json,Aggron,Moves,,Blizzard,4.783
2016-12_gen4ou-0.json,Aggron,Moves,,Ancient Power,4.783
2016-12_gen4ou-0.json,Aggron,Moves,,Thunderbolt,4.348
2016-12_gen4ou-0.json,Aggron,Moves,,Focus Punch,3.913
2016-12_gen4ou-0.json,Aggron,Moves,,Metal Claw,3.913
2016-12_gen4ou-0.json,Aggron,Moves,,Earth Power,3.913
2016-12_gen4ou-0.json,Aggron,Moves,,Superpower,3.913
2016-12_gen4ou-0.json,Aggron,Moves,,Substitute,3.478
2016-12_gen4ou-0.json,Aggron,Moves,,Thunder Punch,3.478
2016-12_gen4ou-0.json,Aggron,Moves,,Sleep Talk,3.043
2016-12_gen4ou-0.json,Aggron,Moves,,Dragon Rush,3.043
2016-12_gen4ou-0.json,Aggron,Moves,,Dynamic Punch,3.043
2016-12_gen4ou-0.json,Aggron,Moves,,Focus Blast,3.043
2016-12_gen4ou-0.json,Aggron,Moves,,Other,19.565
2016-12_gen4ou-0.json,Raichu,Stats,Raw count,,233
2016-12_gen4ou-0.json,Raichu,Stats,Avg. weight,,1.0
2016-12_gen4ou-0.json,Raichu,Stats,Viability Ceiling,,63
2016-12_gen4ou-0.json,Raichu,Stats,Timid,,6.009
2016-12_gen4ou-0.json,Raichu,Stats,Hardy,,6.867
2016-12_gen4ou-0.json,Raichu,Stats,Hasty,,3.433
2016-12_gen4ou-0.json,Raichu,Abilities,,Static,100.0
2016-12_gen4ou-0.json,Raichu,Items,,Leftovers,24.034
2016-12_gen4ou-0.json,Raichu,Items,,Life Orb,18.026
2016-12_gen4ou-0.json,Raichu,Items,,Wise Glasses,14.592
2016-12_gen4ou-0.json,Raichu,Items,,Nothing,14.163
2016-12_gen4ou-0.json,Raichu,Items,,Sitrus Berry,8.584
2016-12_gen4ou-0.json,Raichu,Items,,Focus Sash,5.15
2016-12_gen4ou-0.json,Raichu,Items,,Expert Belt,2.575
2016-12_gen4ou-0.json,Raichu,Items,,Choice Band,2.575
2016-12_gen4ou-0.json,Raichu,Items,,Magnet,1.717
2016-12_gen4ou-0.json,Raichu,Items,,Damp Rock,1.288
2016-12_gen4ou-0.json,Raichu,Items,,Choice Scarf,1.288
2016-12_gen4ou-0.json,Raichu,Items,,Zap Plate,1.288
2016-12_gen4ou-0.json,Raichu,Items,,Other,4.721
2016-12_gen4ou-0.json,Raichu,Spreads,,Other,34.335
2016-12_gen4ou-0.json,Raichu,Moves,,Thunderbolt,81.974
2016-12_gen4ou-0.json,Raichu,Moves,,Thunder,44.206
2016-12_gen4ou-0.json,Raichu,Moves,,Thunder Wave,31.33
2016-12_gen4ou-0.json,Raichu,Moves,,Focus Blast,30.043
2016-12_gen4ou-0.json,Raichu,Moves,,Quick Attack,22.318
2016-12_gen4ou-0.json,Raichu,Moves,,Discharge,21.459
2016-12_gen4ou-0.json,Raichu,Moves,,Thunder Punch,21.459
2016-12_gen4ou-0.json,Raichu,Moves,,Grass Knot,20.601
2016-12_gen4ou-0.json,Raichu,Moves,,Surf,18.026
2016-12_gen4ou-0.json,Raichu,Moves,,Volt Tackle,15.451
2016-12_gen4ou-0.json,Raichu,Moves,,Toxic,10.3
2016-12_gen4ou-0.json,Raichu,Moves,,Nasty Plot,9.442
2016-12_gen4ou-0.json,Raichu,Moves,,Brick Break,8.584
2016-12_gen4ou-0.json,Raichu,Moves,,Iron Tail,6.867
2016-12_gen4ou-0.json,Raichu,Moves,,Double-Edge,5.579
2016-12_gen4ou-0.json,Raichu,Moves,,Body Slam,3.863
2016-12_gen4ou-0.json,Raichu,Moves,,Dig,3.433
2016-12_gen4ou-0.json,Raichu,Moves,,Substitute,3.004
2016-12_gen4ou-0.json,Raichu,Moves,,Thunder Shock,3.004
2016-12_gen4ou-0.json,Raichu,Moves,,Protect,3.004
2016-12_gen4ou-0.json,Raichu,Moves,,Charge Beam,2.575
2016-12_gen4ou-0.json,Raichu,Moves,,Agility,2.575
2016-12_gen4ou-0.json,Raichu,Moves,,Seismic Toss,2.575
2016-12_gen4ou-0.json,Raichu,Moves,,Focus Punch,2.146
2016-12_gen4ou-0.json,Raichu,Moves,,Giga Impact,1.717
2016-12_gen4ou-0.json,Raichu,Moves,,Hidden Power Ice,1.717
2016-12_gen4ou-0.json,Raichu,Moves,,Flash,1.717
2016-12_gen4ou-0.json,Raichu,Moves,,Signal Beam,1.717
2016-12_gen4ou-0.json,Raichu,Moves,,Other,19.313
2016-12_gen4ou-0.json,Kangaskhan,Stats,Raw count,,223
2016-12_gen4ou-0.json,Kangaskhan,Stats,Avg. weight,,1.0
2016-12_gen4ou-0.json,Kangaskhan,Stats,Viability Ceiling,,60
2016-12_gen4ou-0.json,Kangaskhan,Stats,Adamant,,2.242
2016-12_gen4ou-0.json,Kangaskhan,Stats,Hardy,,2.242
2016-12_gen4ou-0.json,Kangaskhan,Abilities,,Scrappy,78.924
2016-12_gen4ou-0.json,Kangaskhan,Abilities,,Early Bird,21.076
2016-12_gen4ou-0.json,Kangaskhan,Items,,Leftovers,96.861
2016-12_gen4ou-0.json,Kangaskhan,Items,,Other,3.139
2016-12_gen4ou-0.json,Kangaskhan,Spreads,,Other,3.587
2016-12_gen4ou-0.json,Kangaskhan,Moves,,Fake Out,88.341
2016-12_gen4ou-0.json,Kangaskhan,Moves,,Earthquake,73.991
2016-12_gen4ou-0.json,Kangaskhan,Moves,,Brick Break,54.709
2016-12_gen4ou-0.json,Kangaskhan,Moves,,Rock Slide,53.812
2016-12_gen4ou-0.json,Kangaskhan,Moves,,Sucker Punch,26.906
2016-12_gen4ou-0.json,Kangaskhan,Moves,,Return,21.973
2016-12_gen4ou-0.json,Kangaskhan,Moves,,Thunder Punch,20.628
2016-12_gen4ou-0.json,Kangaskhan,Moves,,Dizzy Punch,14.798
2016-12_gen4ou-0.json,Kangaskhan,Moves,,Wish,12.556
2016-12_gen4ou-0.json,Kangaskhan,Moves,,Rest,4.036
2016-12_gen4ou-0.json,Kangaskhan,Moves,,Fire Punch,4.036
2016-12_gen4ou-0.json,Kangaskhan,Moves,,Aqua Tail,3.139
2016-12_gen4ou-0.json,Kangaskhan,Moves,,Crunch,3.139
2016-12_gen4ou-0.json,Kangaskhan,Moves,,Other,17.937
2016-12_gen4ou-0.json,Kabutops,Stats,Raw count,,201
2016-12_gen4ou-0.json,Kabutops,Stats,Avg. weight,,1.0
2016-12_gen4ou-0.json,Kabutops,Stats,Viability Ceiling,,77
2016-12_gen4ou-0.json,Kabutops,Stats,Adamant,,8.458
2016-12_gen4ou-0.json,Kabutops,Stats,Jolly,,10.945
2016-12_gen4ou-0.json,Kabutops,Abilities,,Swift Swim,76.119
2016-12_gen4ou-0.json,Kabutops,Abilities,,Battle Armor,23.881
2016-12_gen4ou-0.json,Kabutops,Items,,Life Orb,53.731
2016-12_gen4ou-0.json,Kabutops,Items,,Leftovers,13.93
2016-12_gen4ou-0.json,Kabutops,Items,,Focus Sash,11.443
2016-12_gen4ou-0.json,Kabutops,Items,,Salac Berry,9.95
2016-12_gen4ou-0.json,Kabutops,Items,,Choice Scarf,4.478
2016-12_gen4ou-0.json,Kabutops,Items,,Choice Band,3.483
2016-12_gen4ou-0.json,Kabutops,Items,,Other,2.985
2016-12_gen4ou-0.json,Kabutops,Spreads,,Other,26.368
2016-12_gen4ou-0.json,Kabutops,Moves,,Waterfall,81.095
2016-12_gen4ou-0.json,Kabutops,Moves,,Stone Edge,78.607
2016-12_gen4ou-0.json,Kabutops,Moves,,Swords Dance,76.119
2016-12_gen4ou-0.json,Kabutops,Moves,,Aqua Jet,65.174
2016-12_gen4ou-0.json,Kabutops,Moves,,Rapid Spin,21.891
2016-12_gen4ou-0.json,Kabutops,Moves,,X-Scissor,13.433
2016-12_gen4ou-0.json,Kabutops,Moves,,Endure,10.448
2016-12_gen4ou-0.json,Kabutops,Moves,,Flail,9.95
2016-12_gen4ou-0.json,Kabutops,Moves,,Brick Break,8.955
2016-12_gen4ou-0.json,Kabutops,Moves,,Giga Drain,6.468
2016-12_gen4ou-0.json,Kabutops,Moves,,Aqua Tail,4.478
2016-12_gen4ou-0.json,Kabutops,Moves,,Rock Slide,3.98
2016-12_gen4ou-0.json,Kabutops,Moves,,Other,19.403
2016-12_gen4ou-0.json,Rotom-Frost,Stats,Raw count,,199
2016-12_gen4ou-0.json,Rotom-Frost,Stats,Avg. weight,,1.0
2016-12_gen4ou-0.json,Rotom-Frost,Stats,Viability Ceiling,,77
2016-12_gen4ou-0.json,Rotom-Frost,Stats,Bold,,9.045
2016-12_gen4ou-0.json,Rotom-Frost,Stats,Timid,,10.050
2016-12_gen4ou-0.json,Rotom-Frost,Stats,Modest,,5.025
2016-12_gen4ou-0.json,Rotom-Frost,Stats,Hardy,,6.030
2016-12_gen4ou-0.json,Rotom-Frost,Abilities,,Levitate,100.0
2016-12_gen4ou-0.json,Rotom-Frost,Items,,Leftovers,58.291
2016-12_gen4ou-0.json,Rotom-Frost,Items,,Choice Scarf,16.08
2016-12_gen4ou-0.json,Rotom-Frost,Items,,Choice Specs,12.563
2016-12_gen4ou-0.json,Rotom-Frost,Items,,Icicle Plate,3.015
2016-12_gen4ou-0.json,Rotom-Frost,Items,,Choice Band,2.513
2016-12_gen4ou-0.json,Rotom-Frost,Items,,Iron Ball,2.01
2016-12_gen4ou-0.json,Rotom-Frost,Items,,Magnet,1.508
2016-12_gen4ou-0.json,Rotom-Frost,Items,,Other,4.02
2016-12_gen4ou-0.json,Rotom-Frost,Spreads,,Other,45.226
2016-12_gen4ou-0.json,Rotom-Frost,Moves,,Blizzard,64.322
2016-12_gen4ou-0.json,Rotom-Frost,Moves,,Discharge,50.251
2016-12_gen4ou-0.json,Rotom-Frost,Moves,,Shadow Ball,49.246
2016-12_gen4ou-0.json,Rotom-Frost,Moves,,Will-O-Wisp,43.719
2016-12_gen4ou-0.json,Rotom-Frost,Moves,,Thunderbolt,40.201
2016-12_gen4ou-0.json,Rotom-Frost,Moves,,Pain Split,33.166
2016-12_gen4ou-0.json,Rotom-Frost,Moves,,Trick,24.121
2016-12_gen4ou-0.json,Rotom-Frost,Moves,,Rest,13.568
2016-12_gen4ou-0.json,Rotom-Frost,Moves,,Hidden Power Fire,13.568
2016-12_gen4ou-0.json,Rotom-Frost,Moves,,Substitute,13.065
2016-12_gen4ou-0.json,Rotom-Frost,Moves,,Sleep Talk,11.055
2016-12_gen4ou-0.json,Rotom-Frost,Moves,,Hidden Power Ice,7.035
2016-12_gen4ou-0.json,Rotom-Frost,Moves,,Thunder Wave,6.03
2016-12_gen4ou-0.json,Rotom-Frost,Moves,,Hidden Power Fighting,3.518
2016-12_gen4ou-0.json,Rotom-Frost,Moves,,Toxic,3.518
2016-12_gen4ou-0.json,Rotom-Frost,Moves,,Signal Beam,3.518
2016-12_gen4ou-0.json,Rotom-Frost,Moves,,Reflect,3.015
2016-12_gen4ou-0.json,Rotom-Frost,Moves,,Other,17.085
2016-12_gen4ou-0.json,Nidoqueen,Stats,Raw count,,197
2016-12_gen4ou-0.json,Nidoqueen,Stats,Avg. weight,,1.0
2016-12_gen4ou-0.json,Nidoqueen,Stats,Viability Ceiling,,88
2016-12_gen4ou-0.json,Nidoqueen,Stats,Relaxed,,5.584
2016-12_gen4ou-0.json,Nidoqueen,Stats,Impish,,14.213
2016-12_gen4ou-0.json,Nidoqueen,Stats,Lax,,9.645
2016-12_gen4ou-0.json,Nidoqueen,Stats,Jolly,,5.076
2016-12_gen4ou-0.json,Nidoqueen,Abilities,,Poison Point,99.492
2016-12_gen4ou-0.json,Nidoqueen,Abilities,,Rivalry,0.508
2016-12_gen4ou-0.json,Nidoqueen,Items,,Leftovers,53.807
2016-12_gen4ou-0.json,Nidoqueen,Items,,Black Sludge,30.457
2016-12_gen4ou-0.json,Nidoqueen,Items,,Damp Rock,3.553
2016-12_gen4ou-0.json,Nidoqueen,Items,,Shuca Berry,3.553
2016-12_gen4ou-0.json,Nidoqueen,Items,,Quick Claw,3.046
2016-12_gen4ou-0.json,Nidoqueen,Items,,Lum Berry,2.538
2016-12_gen4ou-0.json,Nidoqueen,Items,,Other,3.046
2016-12_gen4ou-0.json,Nidoqueen,Spreads,,Other,36.548
2016-12_gen4ou-0.json,Nidoqueen,Moves,,Toxic Spikes,87.817
2016-12_gen4ou-0.json,Nidoqueen,Moves,,Earthquake,76.142
2016-12_gen4ou-0.json,Nidoqueen,Moves,,Stealth Rock,74.619
2016-12_gen4ou-0.json,Nidoqueen,Moves,,Fire Blast,38.579
2016-12_gen4ou-0.json,Nidoqueen,Moves,,Roar,18.274
2016-12_gen4ou-0.json,Nidoqueen,Moves,,Ice Beam,17.766
2016-12_gen4ou-0.json,Nidoqueen,Moves,,Flamethrower,17.766
2016-12_gen4ou-0.json,Nidoqueen,Moves,,Crunch,12.183
2016-12_gen4ou-0.json,Nidoqueen,Moves,,Super Fang,11.675
2016-12_gen4ou-0.json,Nidoqueen,Moves,,Protect,6.599
2016-12_gen4ou-0.json,Nidoqueen,Moves,,Poison Jab,3.553
2016-12_gen4ou-0.json,Nidoqueen,Moves,,Taunt,3.553
2016-12_gen4ou-0.json,Nidoqueen,Moves,,Rain Dance,3.553
2016-12_gen4ou-0.json,Nidoqueen,Moves,,Counter,3.553
2016-12_gen4ou-0.json,Nidoqueen,Moves,,Blizzard,3.046
2016-12_gen4ou-0.json,Nidoqueen,Moves,,Shadow Claw,3.046
2016-12_gen4ou-0.json,Nidoqueen,Moves,,Other,18.274
2016-12_gen4ou-0.json,Leafeon,Stats,Raw count,,212
2016-12_gen4ou-0.json,Leafeon,Stats,Avg. weight,,1.0
2016-12_gen4ou-0.json,Leafeon,Stats,Viability Ceiling,,63
2016-12_gen4ou-0.json,Leafeon,Stats,Careful,,13.679
2016-12_gen4ou-0.json,Leafeon,Stats,Adamant,,5.189
2016-12_gen4ou-0.json,Leafeon,Stats,Jolly,,7.075
2016-12_gen4ou-0.json,Leafeon,Stats,Hardy,,6.132
2016-12_gen4ou-0.json,Leafeon,Abilities,,Leaf Guard,100.0
2016-12_gen4ou-0.json,Leafeon,Items,,Leftovers,41.509
2016-12_gen4ou-0.json,Leafeon,Items,,Nothing,9.434
2016-12_gen4ou-0.json,Leafeon,Items,,Muscle Band,9.434
2016-12_gen4ou-0.json,Leafeon,Items,,Life Orb,7.547
2016-12_gen4ou-0.json,Leafeon,Items,,Sitrus Berry,4.717
2016-12_gen4ou-0.json,Leafeon,Items,,Lum Berry,4.245
2016-12_gen4ou-0.json,Leafeon,Items,,King's Rock,4.245
2016-12_gen4ou-0.json,Leafeon,Items,,Focus Sash,3.774
2016-12_gen4ou-0.json,Leafeon,Items,,Choice Band,3.774
2016-12_gen4ou-0.json,Leafeon,Items,,Miracle Seed,2.83
2016-12_gen4ou-0.json,Leafeon,Items,,Meadow Plate,1.887
2016-12_gen4ou-0.json,Leafeon,Items,,Yache Berry,1.415
2016-12_gen4ou-0.json,Leafeon,Items,,SilverPowder,0.943
2016-12_gen4ou-0.json,Leafeon,Items,,Other,4.245
2016-12_gen4ou-0.json,Leafeon,Spreads,,Other,50.0
2016-12_gen4ou-0.json,Leafeon,Moves,,Leaf Blade,89.151
2016-12_gen4ou-0.json,Leafeon,Moves,,X-Scissor,55.66
2016-12_gen4ou-0.json,Leafeon,Moves,,Swords Dance,40.094
2016-12_gen4ou-0.json,Leafeon,Moves,,Sunny Day,21.698
2016-12_gen4ou-0.json,Leafeon,Moves,,Seed Bomb,18.396
2016-12_gen4ou-0.json,Leafeon,Moves,,Toxic,17.453
2016-12_gen4ou-0.json,Leafeon,Moves,,Aerial Ace,16.509
2016-12_gen4ou-0.json,Leafeon,Moves,,Energy Ball,16.509
2016-12_gen4ou-0.json,Leafeon,Moves,,Quick Attack,13.679
2016-12_gen4ou-0.json,Leafeon,Moves,,Giga Drain,12.264
2016-12_gen4ou-0.json,Leafeon,Moves,,Synthesis,11.792
2016-12_gen4ou-0.json,Leafeon,Moves,,Shadow Ball,8.491
2016-12_gen4ou-0.json,Leafeon,Moves,,Solar Beam,8.019
2016-12_gen4ou-0.json,Leafeon,Moves,,Bullet Seed,7.547
2016-12_gen4ou-0.json,Leafeon,Moves,,Knock Off,7.075
2016-12_gen4ou-0.json,Leafeon,Moves,,Wish,5.66
2016-12_gen4ou-0.json,Leafeon,Moves,,Baton Pass,4.717
2016-12_gen4ou-0.json,Leafeon,Moves,,Heal Bell,4.245
2016-12_gen4ou-0.json,Leafeon,Moves,,Return,4.245
2016-12_gen4ou-0.json,Leafeon,Moves,,Double-Edge,4.245
2016-12_gen4ou-0.json,Leafeon,Moves,,Roar,3.774
2016-12_gen4ou-0.json,Leafeon,Moves,,Grass Knot,3.302
2016-12_gen4ou-0.json,Leafeon,Moves,,Substitute,3.302
2016-12_gen4ou-0.json,Leafeon,Moves,,Detect,2.83
2016-12_gen4ou-0.json,Leafeon,Moves,,Other,19.34
2016-12_gen4ou-0.json,Shuckle,Stats,Raw count,,186
2016-12_gen4ou-0.json,Shuckle,Stats,Avg. weight,,1.0
2016-12_gen4ou-0.json,Shuckle,Stats,Viability Ceiling,,59
2016-12_gen4ou-0.json,Shuckle,Stats,Hardy,,15.054
2016-12_gen4ou-0.json,Shuckle,Stats,Brave,,12.366
2016-12_gen4ou-0.json,Shuckle,Stats,Bold,,11.828
2016-12_gen4ou-0.json,Shuckle,Stats,Impish,,6.452
2016-12_gen4ou-0.json,Shuckle,Stats,Careful,,4.301
2016-12_gen4ou-0.json,Shuckle,Abilities,,Sturdy,98.925
2016-12_gen4ou-0.json,Shuckle,Abilities,,Gluttony,1.075
2016-12_gen4ou-0.json,Shuckle,Items,,Leftovers,86.559
2016-12_gen4ou-0.json,Shuckle,Items,,Nothing,5.376
2016-12_gen4ou-0.json,Shuckle,Items,,Choice Band,2.688
2016-12_gen4ou-0.json,Shuckle,Items,,BrightPowder,1.613
2016-12_gen4ou-0.json,Shuckle,Items,,Other,3.763
2016-12_gen4ou-0.json,Shuckle,Spreads,,Other,30.645
2016-12_gen4ou-0.json,Shuckle,Moves,,Toxic,89.247
2016-12_gen4ou-0.json,Shuckle,Moves,,Rest,45.161
2016-12_gen4ou-0.json,Shuckle,Moves,,Protect,39.247
2016-12_gen4ou-0.json,Shuckle,Moves,,Stealth Rock,33.333
2016-12_gen4ou-0.json,Shuckle,Moves,,Acupressure,26.344
2016-12_gen4ou-0.json,Shuckle,Moves,,Wrap,21.505
2016-12_gen4ou-0.json,Shuckle,Moves,,Sandstorm,21.505
2016-12_gen4ou-0.json,Shuckle,Moves,,Gyro Ball,17.742
2016-12_gen4ou-0.json,Shuckle,Moves,,Swagger,16.667
2016-12_gen4ou-0.json,Shuckle,Moves,,Body Slam,13.978
2016-12_gen4ou-0.json,Shuckle,Moves,,Earthquake,9.677
2016-12_gen4ou-0.json,Shuckle,Moves,,Defense Curl,7.527
2016-12_gen4ou-0.json,Shuckle,Moves,,Substitute,6.989
2016-12_gen4ou-0.json,Shuckle,Moves,,Encore,6.452
2016-12_gen4ou-0.json,Shuckle,Moves,,Knock Off,5.376
2016-12_gen4ou-0.json,Shuckle,Moves,,Rock Slide,4.839
2016-12_gen4ou-0.json,Shuckle,Moves,,Power Trick,4.839
2016-12_gen4ou-0.json,Shuckle,Moves,,Double-Edge,4.839
2016-12_gen4ou-0.json,Shuckle,Moves,,Sludge Bomb,4.301
2016-12_gen4ou-0.json,Shuckle,Moves,,Stone Edge,3.226
2016-12_gen4ou-0.json,Shuckle,Moves,,Other,17.204
2016-12_gen4ou-0.json,Electrode,Stats,Raw count,,179
2016-12_gen4ou-0.json,Electrode,Stats,Avg. weight,,1.0
2016-12_gen4ou-0.json,Electrode,Stats,Viability Ceiling,,84
2016-12_gen4ou-0.json,Electrode,Stats,Jolly,,8.939
2016-12_gen4ou-0.json,Electrode,Stats,Hardy,,17.318
2016-12_gen4ou-0.json,Electrode,Stats,Timid,,6.145
2016-12_gen4ou-0.json,Electrode,Stats,Modest,,5.587
2016-12_gen4ou-0.json,Electrode,Abilities,,Soundproof,68.156
2016-12_gen4ou-0.json,Electrode,Abilities,,Static,31.844
2016-12_gen4ou-0.json,Electrode,Items,,Light Clay,30.168
2016-12_gen4ou-0.json,Electrode,Items,,Damp Rock,19.553
2016-12_gen4ou-0.json,Electrode,Items,,Focus Sash,14.525
2016-12_gen4ou-0.json,Electrode,Items,,Life Orb,13.408
2016-12_gen4ou-0.json,Electrode,Items,,Leftovers,6.145
2016-12_gen4ou-0.json,Electrode,Items,,Petaya Berry,5.587
2016-12_gen4ou-0.json,Electrode,Items,,Metronome,3.911
2016-12_gen4ou-0.json,Electrode,Items,,Choice Band,3.352
2016-12_gen4ou-0.json,Electrode,Items,,Other,3.352
2016-12_gen4ou-0.json,Electrode,Spreads,,Other,26.816
2016-12_gen4ou-0.json,Electrode,Moves,,Explosion,81.564
2016-12_gen4ou-0.json,Electrode,Moves,,Taunt,68.715
2016-12_gen4ou-0.json,Electrode,Moves,,Thunder Wave,55.866
2016-12_gen4ou-0.json,Electrode,Moves,,Light Screen,42.458
2016-12_gen4ou-0.json,Electrode,Moves,,Rain Dance,30.168
2016-12_gen4ou-0.json,Electrode,Moves,,Thunder,23.464
2016-12_gen4ou-0.json,Electrode,Moves,,Charge Beam,16.76
2016-12_gen4ou-0.json,Electrode,Moves,,Thunderbolt,11.732
2016-12_gen4ou-0.json,Electrode,Moves,,Spark,11.732
2016-12_gen4ou-0.json,Electrode,Moves,,Hidden Power Ice,8.939
2016-12_gen4ou-0.json,Electrode,Moves,,Magnet Rise,7.821
2016-12_gen4ou-0.json,Electrode,Moves,,Signal Beam,7.821
2016-12_gen4ou-0.json,Electrode,Moves,,Substitute,6.704
2016-12_gen4ou-0.json,Electrode,Moves,,Hidden Power Water,4.469
2016-12_gen4ou-0.json,Electrode,Moves,,Protect,3.352
2016-12_gen4ou-0.json,Electrode,Moves,,Other,18.436
2016-12_gen4ou-0.json,Hariyama,Stats,Raw count,,175
2016-12_gen4ou-0.json,Hariyama,Stats,Avg. weight,,1.0
2016-12_gen4ou-0.json,Hariyama,Stats,Viability Ceiling,,77
2016-12_gen4ou-0.json,Hariyama,Stats,Adamant,,3.429
2016-12_gen4ou-0.json,Hariyama,Stats,Hardy,,8.571
2016-12_gen4ou-0.json,Hariyama,Stats,Impish,,2.857
2016-12_gen4ou-0.json,Hariyama,Abilities,,Guts,81.714
2016-12_gen4ou-0.json,Hariyama,Abilities,,Thick Fat,18.286
2016-12_gen4ou-0.json,Hariyama,Items,,Flame Orb,60.0
2016-12_gen4ou-0.json,Hariyama,Items,,Toxic Orb,18.286
2016-12_gen4ou-0.json,Hariyama,Items,,Leftovers,9.714
2016-12_gen4ou-0.json,Hariyama,Items,,Damp Rock,2.857
2016-12_gen4ou-0.json,Hariyama,Items,,Sitrus Berry,2.857
2016-12_gen4ou-0.json,Hariyama,Items,,Expert Belt,2.286
2016-12_gen4ou-0.json,Hariyama,Items,,Other,4.0
2016-12_gen4ou-0.json,Hariyama,Spreads,,Other,8.571
2016-12_gen4ou-0.json,Hariyama,Moves,,Close Combat,81.714
2016-12_gen4ou-0.json,Hariyama,Moves,,Fake Out,78.286
2016-12_gen4ou-0.json,Hariyama,Moves,,Bullet Punch,71.429
2016-12_gen4ou-0.json,Hariyama,Moves,,Earthquake,42.857
2016-12_gen4ou-0.json,Hariyama,Moves,,Ice Punch,34.286
2016-12_gen4ou-0.json,Hariyama,Moves,,Stone Edge,14.286
2016-12_gen4ou-0.json,Hariyama,Moves,,Payback,12.571
2016-12_gen4ou-0.json,Hariyama,Moves,,Detect,8.0
2016-12_gen4ou-0.json,Hariyama,Moves,,Revenge,6.286
2016-12_gen4ou-0.json,Hariyama,Moves,,Whirlwind,5.714
2016-12_gen4ou-0.json,Hariyama,Moves,,Rest,4.0
2016-12_gen4ou-0.json,Hariyama,Moves,,Sleep Talk,4.0
2016-12_gen4ou-0.json,Hariyama,Moves,,Toxic,4.0
2016-12_gen4ou-0.json,Hariyama,Moves,,Belly Drum,4.0
2016-12_gen4ou-0.json,Hariyama,Moves,,Knock Off,4.0
2016-12_gen4ou-0.json,Hariyama,Moves,,Thunder Punch,4.0
2016-12_gen4ou-0.json,Hariyama,Moves,,Brick Break,3.429
2016-12_gen4ou-0.json,Hariyama,Moves,,Other,17.143
2016-12_gen4ou-0.json,Bastiodon,Stats,Raw count,,171
2016-12_gen4ou-0.json,Bastiodon,Stats,Avg. weight,,1.0
2016-12_gen4ou-0.json,Bastiodon,Stats,Viability Ceiling,,65
2016-12_gen4ou-0.json,Bastiodon,Stats,Relaxed,,8.187
2016-12_gen4ou-0.json,Bastiodon,Stats,Careful,,21.637
2016-12_gen4ou-0.json,Bastiodon,Stats,Impish,,4.678
2016-12_gen4ou-0.json,Bastiodon,Stats,Hardy,,4.094
2016-12_gen4ou-0.json,Bastiodon,Abilities,,Sturdy,100.0
2016-12_gen4ou-0.json,Bastiodon,Items,,Leftovers,64.327
2016-12_gen4ou-0.json,Bastiodon,Items,,Focus Sash,19.883
2016-12_gen4ou-0.json,Bastiodon,Items,,Chesto Berry,7.018
2016-12_gen4ou-0.json,Bastiodon,Items,,BrightPowder,2.924
2016-12_gen4ou-0.json,Bastiodon,Items,,Zoom Lens,1.754
2016-12_gen4ou-0.json,Bastiodon,Items,,Other,4.094
2016-12_gen4ou-0.json,Bastiodon,Spreads,,Other,15.789
2016-12_gen4ou-0.json,Bastiodon,Moves,,Metal Burst,76.023
2016-12_gen4ou-0.json,Bastiodon,Moves,,Ancient Power,47.368
2016-12_gen4ou-0.json,Bastiodon,Moves,,Avalanche,46.784
2016-12_gen4ou-0.json,Bastiodon,Moves,,Iron Defense,33.918
2016-12_gen4ou-0.json,Bastiodon,Moves,,Earthquake,28.07
2016-12_gen4ou-0.json,Bastiodon,Moves,,Curse,25.146
2016-12_gen4ou-0.json,Bastiodon,Moves,,Rock Blast,23.977
2016-12_gen4ou-0.json,Bastiodon,Moves,,Taunt,22.222
2016-12_gen4ou-0.json,Bastiodon,Moves,,Iron Head,16.959
2016-12_gen4ou-0.json,Bastiodon,Moves,,Stealth Rock,15.205
2016-12_gen4ou-0.json,Bastiodon,Moves,,Toxic,11.696
2016-12_gen4ou-0.json,Bastiodon,Moves,,Roar,9.357
2016-12_gen4ou-0.json,Bastiodon,Moves,,Rest,7.018
2016-12_gen4ou-0.json,Bastiodon,Moves,,Substitute,5.848
2016-12_gen4ou-0.json,Bastiodon,Moves,,Earth Power,4.678
2016-12_gen4ou-0.json,Bastiodon,Moves,,Protect,4.678
2016-12_gen4ou-0.json,Bastiodon,Moves,,Stone Edge,4.678
2016-12_gen4ou-0.json,Bastiodon,Moves,,Other,16.374
2016-12_gen4ou-0.json,Tangrowth,Stats,Raw count,,177
2016-12_gen4ou-0.json,Tangrowth,Stats,Avg. weight,,1.0
2016-12_gen4ou-0.json,Tangrowth,Stats,Viability Ceiling,,65
2016-12_gen4ou-0.json,Tangrowth,Stats,Adamant,,13.559
2016-12_gen4ou-0.json,Tangrowth,Stats,Modest,,10.169
2016-12_gen4ou-0.json,Tangrowth,Stats,Bold,,11.299
2016-12_gen4ou-0.json,Tangrowth,Stats,Hardy,,7.910
2016-12_gen4ou-0.json,Tangrowth,Stats,Sassy,,5.085
2016-12_gen4ou-0.json,Tangrowth,Abilities,,Chlorophyll,81.356
2016-12_gen4ou-0.json,Tangrowth,Abilities,,Leaf Guard,18.644
2016-12_gen4ou-0.json,Tangrowth,Items,,Leftovers,70.056
2016-12_gen4ou-0.json,Tangrowth,Items,,Nothing,6.215
2016-12_gen4ou-0.json,Tangrowth,Items,,Life Orb,5.65
2016-12_gen4ou-0.json,Tangrowth,Items,,Chesto Berry,3.955
2016-12_gen4ou-0.json,Tangrowth,Items,,Lum Berry,3.39
2016-12_gen4ou-0.json,Tangrowth,Items,,Sitrus Berry,2.26
2016-12_gen4ou-0.json,Tangrowth,Items,,Choice Band,2.26
2016-12_gen4ou-0.json,Tangrowth,Items,,Meadow Plate,1.695
2016-12_gen4ou-0.json,Tangrowth,Items,,Other,4.52
2016-12_gen4ou-0.json,Tangrowth,Spreads,,Other,40.113
2016-12_gen4ou-0.json,Tangrowth,Moves,,Sunny Day,37.853
2016-12_gen4ou-0.json,Tangrowth,Moves,,Sleep Powder,34.463
2016-12_gen4ou-0.json,Tangrowth,Moves,,Earthquake,34.463
2016-12_gen4ou-0.json,Tangrowth,Moves,,Focus Blast,30.508
2016-12_gen4ou-0.json,Tangrowth,Moves,,Leech Seed,27.684
2016-12_gen4ou-0.json,Tangrowth,Moves,,Leaf Storm,27.684
2016-12_gen4ou-0.json,Tangrowth,Moves,,Solar Beam,23.729
2016-12_gen4ou-0.json,Tangrowth,Moves,,Power Whip,22.599
2016-12_gen4ou-0.json,Tangrowth,Moves,,Ancient Power,19.774
2016-12_gen4ou-0.json,Tangrowth,Moves,,Stun Spore,16.949
2016-12_gen4ou-0.json,Tangrowth,Moves,,Sludge Bomb,15.819
2016-12_gen4ou-0.json,Tangrowth,Moves,,Seed Bomb,15.254
2016-12_gen4ou-0.json,Tangrowth,Moves,,Protect,11.299
2016-12_gen4ou-0.json,Tangrowth,Moves,,Giga Drain,9.605
2016-12_gen4ou-0.json,Tangrowth,Moves,,Knock Off,8.475
2016-12_gen4ou-0.json,Tangrowth,Moves,,Hidden Power Fire,5.65
2016-12_gen4ou-0.json,Tangrowth,Moves,,Toxic,5.085
2016-12_gen4ou-0.json,Tangrowth,Moves,,Energy Ball,5.085
2016-12_gen4ou-0.json,Tangrowth,Moves,,Synthesis,5.085
2016-12_gen4ou-0.json,Tangrowth,Moves,,Rock Slide,5.085
2016-12_gen4ou-0.json,Tangrowth,Moves,,Body Slam,4.52
2016-12_gen4ou-0.json,Tangrowth,Moves,,Rest,3.955
2016-12_gen4ou-0.json,Tangrowth,Moves,,Poison Jab,3.955
2016-12_gen4ou-0.json,Tangrowth,Moves,,Substitute,3.39
2016-12_gen4ou-0.json,Tangrowth,Moves,,Hidden Power Ice,3.39
2016-12_gen4ou-0.json,Tangrowth,Moves,,Other,18.644
2016-12_gen4ou-0.json,Nidoking,Stats,Raw count,,168
2016-12_gen4ou-0.json,Nidoking,Stats,Avg. weight,,1.0
2016-12_gen4ou-0.json,Nidoking,Stats,Viability Ceiling,,56
2016-12_gen4ou-0.json,Nidoking,Stats,Jolly,,32.738
2016-12_gen4ou-0.json,Nidoking,Stats,Naughty,,7.143
2016-12_gen4ou-0.json,Nidoking,Stats,Adamant,,5.952
2016-12_gen4ou-0.json,Nidoking,Stats,Hardy,,5.952
2016-12_gen4ou-0.json,Nidoking,Abilities,,Poison Point,98.214
2016-12_gen4ou-0.json,Nidoking,Abilities,,Rivalry,1.786
2016-12_gen4ou-0.json,Nidoking,Items,,Life Orb,37.5
2016-12_gen4ou-0.json,Nidoking,Items,,Leftovers,20.833
2016-12_gen4ou-0.json,Nidoking,Items,,Nothing,8.333
2016-12_gen4ou-0.json,Nidoking,Items,,Black Sludge,7.143
2016-12_gen4ou-0.json,Nidoking,Items,,Earth Plate,7.143
2016-12_gen4ou-0.json,Nidoking,Items,,Poison Barb,4.167
2016-12_gen4ou-0.json,Nidoking,Items,,Choice Scarf,3.571
2016-12_gen4ou-0.json,Nidoking,Items,,Focus Sash,2.381
2016-12_gen4ou-0.json,Nidoking,Items,,Shell Bell,2.381
2016-12_gen4ou-0.json,Nidoking,Items,,Lum Berry,1.786
2016-12_gen4ou-0.json,Nidoking,Items,,Other,4.762
2016-12_gen4ou-0.json,Nidoking,Spreads,,Other,35.119
2016-12_gen4ou-0.json,Nidoking,Moves,,Earthquake,77.976
2016-12_gen4ou-0.json,Nidoking,Moves,,Ice Punch,35.714
2016-12_gen4ou-0.json,Nidoking,Moves,,Fire Punch,34.524
2016-12_gen4ou-0.json,Nidoking,Moves,,Thunder Punch,31.548
2016-12_gen4ou-0.json,Nidoking,Moves,,Poison Jab,30.952
2016-12_gen4ou-0.json,Nidoking,Moves,,Sludge Bomb,14.881
2016-12_gen4ou-0.json,Nidoking,Moves,,Earth Power,14.881
2016-12_gen4ou-0.json,Nidoking,Moves,,Toxic Spikes,14.286
2016-12_gen4ou-0.json,Nidoking,Moves,,Ice Beam,12.5
2016-12_gen4ou-0.json,Nidoking,Moves,,Sucker Punch,10.714
2016-12_gen4ou-0.json,Nidoking,Moves,,Megahorn,9.524
2016-12_gen4ou-0.json,Nidoking,Moves,,Protect,8.929
2016-12_gen4ou-0.json,Nidoking,Moves,,Flamethrower,8.333
2016-12_gen4ou-0.json,Nidoking,Moves,,Aqua Tail,7.143
2016-12_gen4ou-0.json,Nidoking,Moves,,Dragon Pulse,7.143
2016-12_gen4ou-0.json,Nidoking,Moves,,Stealth Rock,7.143
2016-12_gen4ou-0.json,Nidoking,Moves,,Facade,6.548
2016-12_gen4ou-0.json,Nidoking,Moves,,Fire Blast,6.548
2016-12_gen4ou-0.json,Nidoking,Moves,,Thunderbolt,5.357
2016-12_gen4ou-0.json,Nidoking,Moves,,Brick Break,4.167
2016-12_gen4ou-0.json,Nidoking,Moves,,Blizzard,3.571
2016-12_gen4ou-0.json,Nidoking,Moves,,Avalanche,3.571
2016-12_gen4ou-0.json,Nidoking,Moves,,Cut,2.976
2016-12_gen4ou-0.json,Nidoking,Moves,,Surf,2.976
2016-12_gen4ou-0.json,Nidoking,Moves,,Disable,2.976
2016-12_gen4ou-0.json,Nidoking,Moves,,Head Smash,2.976
2016-12_gen4ou-0.json,Nidoking,Moves,,Roar,2.976
2016-12_gen4ou-0.json,Nidoking,Moves,,Focus Punch,2.381
2016-12_gen4ou-0.json,Nidoking,Moves,,Substitute,2.381
2016-12_gen4ou-0.json,Nidoking,Moves,,Shadow Ball,2.381
2016-12_gen4ou-0.json,Nidoking,Moves,,Body Slam,2.381
2016-12_gen4ou-0.json,Nidoking,Moves,,Other,19.643
2016-12_gen4ou-0.json,Rotom-Mow,Stats,Raw count,,161
2016-12_gen4ou-0.json,Rotom-Mow,Stats,Avg. weight,,1.0
2016-12_gen4ou-0.json,Rotom-Mow,Stats,Viability Ceiling,,88
2016-12_gen4ou-0.json,Rotom-Mow,Stats,Timid,,7.453
2016-12_gen4ou-0.json,Rotom-Mow,Stats,Bold,,9.938
2016-12_gen4ou-0.json,Rotom-Mow,Stats,Hardy,,9.317
2016-12_gen4ou-0.json,Rotom-Mow,Stats,Modest,,8.696
2016-12_gen4ou-0.json,Rotom-Mow,Abilities,,Levitate,100.0
2016-12_gen4ou-0.json,Rotom-Mow,Items,,Leftovers,39.13
2016-12_gen4ou-0.json,Rotom-Mow,Items,,Choice Scarf,25.466
2016-12_gen4ou-0.json,Rotom-Mow,Items,,Life Orb,24.224
2016-12_gen4ou-0.json,Rotom-Mow,Items,,White Herb,3.727
2016-12_gen4ou-0.json,Rotom-Mow,Items,,Nothing,3.106
2016-12_gen4ou-0.json,Rotom-Mow,Items,,Other,4.348
2016-12_gen4ou-0.json,Rotom-Mow,Spreads,,Other,25.466
2016-12_gen4ou-0.json,Rotom-Mow,Moves,,Shadow Ball,88.199
2016-12_gen4ou-0.json,Rotom-Mow,Moves,,Thunderbolt,80.124
2016-12_gen4ou-0.json,Rotom-Mow,Moves,,Leaf Storm,64.596
2016-12_gen4ou-0.json,Rotom-Mow,Moves,,Will-O-Wisp,34.161
2016-12_gen4ou-0.json,Rotom-Mow,Moves,,Trick,26.087
2016-12_gen4ou-0.json,Rotom-Mow,Moves,,Substitute,23.602
2016-12_gen4ou-0.json,Rotom-Mow,Moves,,Pain Split,22.981
2016-12_gen4ou-0.json,Rotom-Mow,Moves,,Discharge,17.391
2016-12_gen4ou-0.json,Rotom-Mow,Moves,,Thunder,8.696
2016-12_gen4ou-0.json,Rotom-Mow,Moves,,Ominous Wind,6.832
2016-12_gen4ou-0.json,Rotom-Mow,Moves,,Hidden Power Ice,6.211
2016-12_gen4ou-0.json,Rotom-Mow,Moves,,Thunder Wave,5.59
2016-12_gen4ou-0.json,Rotom-Mow,Moves,,Other,15.528
2016-12_gen4ou-0.json,Meganium,Stats,Raw count,,161
2016-12_gen4ou-0.json,Meganium,Stats,Avg. weight,,1.0
2016-12_gen4ou-0.json,Meganium,Stats,Viability Ceiling,,75
2016-12_gen4ou-0.json,Meganium,Stats,Modest,,32.298
2016-12_gen4ou-0.json,Meganium,Stats,Bold,,14.907
2016-12_gen4ou-0.json,Meganium,Stats,Calm,,3.106
2016-12_gen4ou-0.json,Meganium,Stats,Hardy,,5.590
2016-12_gen4ou-0.json,Meganium,Abilities,,Overgrow,100.0
2016-12_gen4ou-0.json,Meganium,Items,,Leftovers,78.261
2016-12_gen4ou-0.json,Meganium,Items,,Miracle Seed,6.832
2016-12_gen4ou-0.json,Meganium,Items,,Light Clay,4.969
2016-12_gen4ou-0.json,Meganium,Items,,Nothing,4.969
2016-12_gen4ou-0.json,Meganium,Items,,Other,4.969
2016-12_gen4ou-0.json,Meganium,Spreads,,Other,28.571
2016-12_gen4ou-0.json,Meganium,Moves,,Leech Seed,60.87
2016-12_gen4ou-0.json,Meganium,Moves,,Aromatherapy,44.72
2016-12_gen4ou-0.json,Meganium,Moves,,Giga Drain,42.857
2016-12_gen4ou-0.json,Meganium,Moves,,Ancient Power,37.267
2016-12_gen4ou-0.json,Meganium,Moves,,Frenzy Plant,35.404
2016-12_gen4ou-0.json,Meganium,Moves,,Energy Ball,28.571
2016-12_gen4ou-0.json,Meganium,Moves,,Poison Powder,24.224
2016-12_gen4ou-0.json,Meganium,Moves,,Synthesis,23.602
2016-12_gen4ou-0.json,Meganium,Moves,,Light Screen,19.876
2016-12_gen4ou-0.json,Meganium,Moves,,Reflect,9.317
2016-12_gen4ou-0.json,Meganium,Moves,,Earthquake,8.075
2016-12_gen4ou-0.json,Meganium,Moves,,Toxic,6.211
2016-12_gen4ou-0.json,Meganium,Moves,,Leaf Storm,6.211
2016-12_gen4ou-0.json,Meganium,Moves,,Grass Knot,4.348
2016-12_gen4ou-0.json,Meganium,Moves,,Seed Bomb,4.348
2016-12_gen4ou-0.json,Meganium,Moves,,Body Slam,4.348
2016-12_gen4ou-0.json,Meganium,Moves,,Protect,4.348
2016-12_gen4ou-0.json,Meganium,Moves,,Bullet Seed,4.348
2016-12_gen4ou-0.json,Meganium,Moves,,Petal Dance,3.727
2016-12_gen4ou-0.json,Meganium,Moves,,Rest,3.106
2016-12_gen4ou-0.json,Meganium,Moves,,Substitute,2.484
2016-12_gen4ou-0.json,Meganium,Moves,,Grass Whistle,2.484
2016-12_gen4ou-0.json,Meganium,Moves,,Other,19.255
2016-12_gen4ou-0.json,Vespiquen,Stats,Raw count,,164
2016-12_gen4ou-0.json,Vespiquen,Stats,Avg. weight,,1.0
2016-12_gen4ou-0.json,Vespiquen,Stats,Viability Ceiling,,61
2016-12_gen4ou-0.json,Vespiquen,Stats,Relaxed,,47.561
2016-12_gen4ou-0.json,Vespiquen,Stats,Modest,,20.122
2016-12_gen4ou-0.json,Vespiquen,Stats,Hardy,,4.878
2016-12_gen4ou-0.json,Vespiquen,Stats,Careful,,3.049
2016-12_gen4ou-0.json,Vespiquen,Stats,Adamant,,3.659
2016-12_gen4ou-0.json,Vespiquen,Abilities,,Pressure,100.0
2016-12_gen4ou-0.json,Vespiquen,Items,,Quick Claw,47.561
2016-12_gen4ou-0.json,Vespiquen,Items,,Leftovers,18.293
2016-12_gen4ou-0.json,Vespiquen,Items,,Life Orb,17.683
2016-12_gen4ou-0.json,Vespiquen,Items,,Sitrus Berry,6.707
2016-12_gen4ou-0.json,Vespiquen,Items,,Nothing,4.878
2016-12_gen4ou-0.json,Vespiquen,Items,,Other,4.878
2016-12_gen4ou-0.json,Vespiquen,Spreads,,Other,16.463
2016-12_gen4ou-0.json,Vespiquen,Moves,,Defend Order,92.073
2016-12_gen4ou-0.json,Vespiquen,Moves,,Heal Order,89.024
2016-12_gen4ou-0.json,Vespiquen,Moves,,Attack Order,76.22
2016-12_gen4ou-0.json,Vespiquen,Moves,,Protect,53.659
2016-12_gen4ou-0.json,Vespiquen,Moves,,Substitute,20.732
2016-12_gen4ou-0.json,Vespiquen,Moves,,Signal Beam,20.732
2016-12_gen4ou-0.json,Vespiquen,Moves,,Toxic,15.854
2016-12_gen4ou-0.json,Vespiquen,Moves,,Nothing,5.488
2016-12_gen4ou-0.json,Vespiquen,Moves,,Hidden Power Electric,4.878
2016-12_gen4ou-0.json,Vespiquen,Moves,,Facade,4.878
2016-12_gen4ou-0.json,Vespiquen,Moves,,Other,16.463
2016-12_gen4ou-0.json,Hitmonlee,Stats,Raw count,,158
2016-12_gen4ou-0.json,Hitmonlee,Stats,Avg. weight,,1.0
2016-12_gen4ou-0.json,Hitmonlee,Stats,Viability Ceiling,,61
2016-12_gen4ou-0.json,Hitmonlee,Stats,Jolly,,3.797
2016-12_gen4ou-0.json,Hitmonlee,Stats,Adamant,,6.329
2016-12_gen4ou-0.json,Hitmonlee,Stats,Hasty,,3.797
2016-12_gen4ou-0.json,Hitmonlee,Stats,Careful,,2.532
2016-12_gen4ou-0.json,Hitmonlee,Abilities,,Limber,84.177
2016-12_gen4ou-0.json,Hitmonlee,Abilities,,Reckless,15.823
2016-12_gen4ou-0.json,Hitmonlee,Items,,Focus Sash,61.392
2016-12_gen4ou-0.json,Hitmonlee,Items,,Black Belt,13.291
2016-12_gen4ou-0.json,Hitmonlee,Items,,Leftovers,6.329
2016-12_gen4ou-0.json,Hitmonlee,Items,,Choice Band,4.43
2016-12_gen4ou-0.json,Hitmonlee,Items,,Life Orb,3.797
2016-12_gen4ou-0.json,Hitmonlee,Items,,Choice Scarf,3.165
2016-12_gen4ou-0.json,Hitmonlee,Items,,Chesto Berry,1.266
2016-12_gen4ou-0.json,Hitmonlee,Items,,Expert Belt,1.266
2016-12_gen4ou-0.json,Hitmonlee,Items,,Sitrus Berry,1.266
2016-12_gen4ou-0.json,Hitmonlee,Items,,Other,3.797
2016-12_gen4ou-0.json,Hitmonlee,Spreads,,Other,13.291
2016-12_gen4ou-0.json,Hitmonlee,Moves,,Close Combat,81.646
2016-12_gen4ou-0.json,Hitmonlee,Moves,,Blaze Kick,74.051
2016-12_gen4ou-0.json,Hitmonlee,Moves,,Brick Break,63.291
2016-12_gen4ou-0.json,Hitmonlee,Moves,,Rock Slide,53.797
2016-12_gen4ou-0.json,Hitmonlee,Moves,,High Jump Kick,24.684
2016-12_gen4ou-0.json,Hitmonlee,Moves,,Earthquake,18.354
2016-12_gen4ou-0.json,Hitmonlee,Moves,,Fake Out,12.025
2016-12_gen4ou-0.json,Hitmonlee,Moves,,Double-Edge,10.759
2016-12_gen4ou-0.json,Hitmonlee,Moves,,Bulk Up,8.228
2016-12_gen4ou-0.json,Hitmonlee,Moves,,Mach Punch,8.228
2016-12_gen4ou-0.json,Hitmonlee,Moves,,Mega Kick,6.329
2016-12_gen4ou-0.json,Hitmonlee,Moves,,Nothing,6.329
2016-12_gen4ou-0.json,Hitmonlee,Moves,,Rapid Spin,5.063
2016-12_gen4ou-0.json,Hitmonlee,Moves,,Knock Off,3.797
2016-12_gen4ou-0.json,Hitmonlee,Moves,,Focus Blast,2.532
2016-12_gen4ou-0.json,Hitmonlee,Moves,,Stone Edge,2.532
2016-12_gen4ou-0.json,Hitmonlee,Moves,,Other,18.354
2016-12_gen4ou-0.json,Chansey,Stats,Raw count,,167
2016-12_gen4ou-0.json,Chansey,Stats,Avg. weight,,1.0
2016-12_gen4ou-0.json,Chansey,Stats,Viability Ceiling,,61
2016-12_gen4ou-0.json,Chansey,Stats,Impish,,7.186
2016-12_gen4ou-0.json,Chansey,Stats,Bold,,10.180
2016-12_gen4ou-0.json,Chansey,Stats,Calm,,7.784
2016-12_gen4ou-0.json,Chansey,Stats,Hardy,,6.587
2016-12_gen4ou-0.json,Chansey,Abilities,,Natural Cure,91.018
2016-12_gen4ou-0.json,Chansey,Abilities,,Serene Grace,8.982
2016-12_gen4ou-0.json,Chansey,Items,,Leftovers,89.222
2016-12_gen4ou-0.json,Chansey,Items,,Chople Berry,3.593
2016-12_gen4ou-0.json,Chansey,Items,,Focus Sash,1.796
2016-12_gen4ou-0.json,Chansey,Items,,Nothing,1.796
2016-12_gen4ou-0.json,Chansey,Items,,Other,3.593
2016-12_gen4ou-0.json,Chansey,Spreads,,Other,44.311
2016-12_gen4ou-0.json,Chansey,Moves,,Toxic,68.263
2016-12_gen4ou-0.json,Chansey,Moves,,Seismic Toss,64.671
2016-12_gen4ou-0.json,Chansey,Moves,,Soft-Boiled,57.485
2016-12_gen4ou-0.json,Chansey,Moves,,Thunder Wave,38.922
2016-12_gen4ou-0.json,Chansey,Moves,,Wish,31.138
2016-12_gen4ou-0.json,Chansey,Moves,,Aromatherapy,17.365
2016-12_gen4ou-0.json,Chansey,Moves,,Protect,17.365
2016-12_gen4ou-0.json,Chansey,Moves,,Heal Bell,15.569
2016-12_gen4ou-0.json,Chansey,Moves,,Rain Dance,14.371
2016-12_gen4ou-0.json,Chansey,Moves,,Swagger,13.174
2016-12_gen4ou-0.json,Chansey,Moves,,Nothing,8.982
2016-12_gen4ou-0.json,Chansey,Moves,,Body Slam,7.784
2016-12_gen4ou-0.json,Chansey,Moves,,Counter,4.79
2016-12_gen4ou-0.json,Chansey,Moves,,Blizzard,4.192
2016-12_gen4ou-0.json,Chansey,Moves,,Dream Eater,3.593
2016-12_gen4ou-0.json,Chansey,Moves,,Flamethrower,3.593
2016-12_gen4ou-0.json,Chansey,Moves,,Shadow Ball,2.994
2016-12_gen4ou-0.json,Chansey,Moves,,Refresh,2.994
2016-12_gen4ou-0.json,Chansey,Moves,,Psychic,2.395
2016-12_gen4ou-0.json,Chansey,Moves,,Double Slap,2.395
2016-12_gen4ou-0.json,Chansey,Moves,,Other,17.964
2016-12_gen4ou-0.json,Flareon,Stats,Raw count,,153
2016-12_gen4ou-0.json,Flareon,Stats,Avg. weight,,1.0
2016-12_gen4ou-0.json,Flareon,Stats,Viability Ceiling,,55
2016-12_gen4ou-0.json,Flareon,Stats,Docile,,33.987
2016-12_gen4ou-0.json,Flareon,Stats,Adamant,,13.725
2016-12_gen4ou-0.json,Flareon,Stats,Hardy,,9.150
2016-12_gen4ou-0.json,Flareon,Stats,Careful,,7.190
2016-12_gen4ou-0.json,Flareon,Stats,Gentle,,6.536
2016-12_gen4ou-0.json,Flareon,Stats,Hasty,,3.922
2016-12_gen4ou-0.json,Flareon,Abilities,,Flash Fire,100.0
2016-12_gen4ou-0.json,Flareon,Items,,Charcoal,36.601
2016-12_gen4ou-0.json,Flareon,Items,,Leftovers,21.569
2016-12_gen4ou-0.json,Flareon,Items,,Quick Claw,16.34
2016-12_gen4ou-0.json,Flareon,Items,,Life Orb,9.15
2016-12_gen4ou-0.json,Flareon,Items,,Choice Specs,3.922
2016-12_gen4ou-0.json,Flareon,Items,,Nothing,3.922
2016-12_gen4ou-0.json,Flareon,Items,,Focus Sash,3.268
2016-12_gen4ou-0.json,Flareon,Items,,Choice Band,3.268
2016-12_gen4ou-0.json,Flareon,Items,,Other,1.961
2016-12_gen4ou-0.json,Flareon,Spreads,,Other,25.49
2016-12_gen4ou-0.json,Flareon,Moves,,Superpower,69.935
2016-12_gen4ou-0.json,Flareon,Moves,,Fire Fang,45.098
2016-12_gen4ou-0.json,Flareon,Moves,,Overheat,41.83
2016-12_gen4ou-0.json,Flareon,Moves,,Body Slam,34.641
2016-12_gen4ou-0.json,Flareon,Moves,,Protect,28.105
2016-12_gen4ou-0.json,Flareon,Moves,,Flamethrower,21.569
2016-12_gen4ou-0.json,Flareon,Moves,,Quick Attack,18.954
2016-12_gen4ou-0.json,Flareon,Moves,,Fire Blast,17.647
2016-12_gen4ou-0.json,Flareon,Moves,,Dig,13.072
2016-12_gen4ou-0.json,Flareon,Moves,,Detect,11.111
2016-12_gen4ou-0.json,Flareon,Moves,,Heat Wave,11.111
2016-12_gen4ou-0.json,Flareon,Moves,,Wish,10.458
2016-12_gen4ou-0.json,Flareon,Moves,,Baton Pass,8.497
2016-12_gen4ou-0.json,Flareon,Moves,,Iron Tail,7.843
2016-12_gen4ou-0.json,Flareon,Moves,,Nothing,7.843
2016-12_gen4ou-0.json,Flareon,Moves,,Curse,7.19
2016-12_gen4ou-0.json,Flareon,Moves,,Shadow Ball,7.19
2016-12_gen4ou-0.json,Flareon,Moves,,Double-Edge,6.536
2016-12_gen4ou-0.json,Flareon,Moves,,Heal Bell,5.882
2016-12_gen4ou-0.json,Flareon,Moves,,Return,4.575
2016-12_gen4ou-0.json,Flareon,Moves,,Hidden Power Grass,3.922
2016-12_gen4ou-0.json,Flareon,Moves,,Other,16.993
2016-12_gen4ou-0.json,Drifblim,Stats,Raw count,,155
2016-12_gen4ou-0.json,Drifblim,Stats,Avg. weight,,1.0
2016-12_gen4ou-0.json,Drifblim,Stats,Viability Ceiling,,66
2016-12_gen4ou-0.json,Drifblim,Stats,Hardy,,19.355
2016-12_gen4ou-0.json,Drifblim,Stats,Modest,,5.806
2016-12_gen4ou-0.json,Drifblim,Stats,Calm,,5.806
2016-12_gen4ou-0.json,Drifblim,Stats,Timid,,5.806
2016-12_gen4ou-0.json,Drifblim,Stats,Mild,,4.516
2016-12_gen4ou-0.json,Drifblim,Abilities,,Aftermath,67.742
2016-12_gen4ou-0.json,Drifblim,Abilities,,Unburden,32.258
2016-12_gen4ou-0.json,Drifblim,Items,,Leftovers,45.161
2016-12_gen4ou-0.json,Drifblim,Items,,Nothing,11.613
2016-12_gen4ou-0.json,Drifblim,Items,,Sitrus Berry,9.032
2016-12_gen4ou-0.json,Drifblim,Items,,Focus Sash,5.806
2016-12_gen4ou-0.json,Drifblim,Items,,Liechi Berry,5.806
2016-12_gen4ou-0.json,Drifblim,Items,,Spell Tag,3.871
2016-12_gen4ou-0.json,Drifblim,Items,,Dread Plate,3.226
2016-12_gen4ou-0.json,Drifblim,Items,,Wise Glasses,3.226
2016-12_gen4ou-0.json,Drifblim,Items,,Chesto Berry,1.935
2016-12_gen4ou-0.json,Drifblim,Items,,Expert Belt,1.935
2016-12_gen4ou-0.json,Drifblim,Items,,Razor Fang,1.935
2016-12_gen4ou-0.json,Drifblim,Items,,Choice Band,1.935
2016-12_gen4ou-0.json,Drifblim,Items,,Other,4.516
2016-12_gen4ou-0.json,Drifblim,Spreads,,Other,46.452
2016-12_gen4ou-0.json,Drifblim,Moves,,Shadow Ball,69.032
2016-12_gen4ou-0.json,Drifblim,Moves,,Thunderbolt,32.258
2016-12_gen4ou-0.json,Drifblim,Moves,,Baton Pass,27.742
2016-12_gen4ou-0.json,Drifblim,Moves,,Destiny Bond,27.742
2016-12_gen4ou-0.json,Drifblim,Moves,,Psychic,21.935
2016-12_gen4ou-0.json,Drifblim,Moves,,Fly,21.935
2016-12_gen4ou-0.json,Drifblim,Moves,,Stockpile,20.645
2016-12_gen4ou-0.json,Drifblim,Moves,,Substitute,19.355
2016-12_gen4ou-0.json,Drifblim,Moves,,Calm Mind,13.548
2016-12_gen4ou-0.json,Drifblim,Moves,,Will-O-Wisp,12.258
2016-12_gen4ou-0.json,Drifblim,Moves,,Thunder Wave,11.613
2016-12_gen4ou-0.json,Drifblim,Moves,,Hypnosis,10.323
2016-12_gen4ou-0.json,Drifblim,Moves,,Explosion,9.032
2016-12_gen4ou-0.json,Drifblim,Moves,,Hidden Power Ice,9.032
2016-12_gen4ou-0.json,Drifblim,Moves,,Toxic,9.032
2016-12_gen4ou-0.json,Drifblim,Moves,,Ominous Wind,8.387
2016-12_gen4ou-0.json,Drifblim,Moves,,Body Slam,5.806
2016-12_gen4ou-0.json,Drifblim,Moves,,Sucker Punch,5.806
2016-12_gen4ou-0.json,Drifblim,Moves,,Air Cutter,5.161
2016-12_gen4ou-0.json,Drifblim,Moves,,Thunder,5.161
2016-12_gen4ou-0.json,Drifblim,Moves,,Tailwind,4.516
2016-12_gen4ou-0.json,Drifblim,Moves,,Gyro Ball,3.871
2016-12_gen4ou-0.json,Drifblim,Moves,,Disable,3.871
2016-12_gen4ou-0.json,Drifblim,Moves,,Payback,3.871
2016-12_gen4ou-0.json,Drifblim,Moves,,Protect,3.871
2016-12_gen4ou-0.json,Drifblim,Moves,,Silver Wind,3.871
2016-12_gen4ou-0.json,Drifblim,Moves,,Magic Coat,3.226
2016-12_gen4ou-0.json,Drifblim,Moves,,Hidden Power Flying,2.581
2016-12_gen4ou-0.json,Drifblim,Moves,,Pain Split,2.581
2016-12_gen4ou-0.json,Drifblim,Moves,,Nothing,2.581
2016-12_gen4ou-0.json,Drifblim,Moves,,Other,19.355
2016-12_gen4ou-0.json,Tauros,Stats,Raw count,,148
2016-12_gen4ou-0.json,Tauros,Stats,Avg. weight,,1.0
2016-12_gen4ou-0.json,Tauros,Stats,Viability Ceiling,,69
2016-12_gen4ou-0.json,Tauros,Stats,Adamant,,15.541
2016-12_gen4ou-0.json,Tauros,Stats,Jolly,,8.108
2016-12_gen4ou-0.json,Tauros,Stats,Hardy,,9.459
2016-12_gen4ou-0.json,Tauros,Abilities,,Intimidate,100.0
2016-12_gen4ou-0.json,Tauros,Items,,Life Orb,20.946
2016-12_gen4ou-0.json,Tauros,Items,,Lum Berry,17.568
2016-12_gen4ou-0.json,Tauros,Items,,Choice Band,16.216
2016-12_gen4ou-0.json,Tauros,Items,,Choice Scarf,12.162
2016-12_gen4ou-0.json,Tauros,Items,,Wide Lens,8.784
2016-12_gen4ou-0.json,Tauros,Items,,Leftovers,6.757
2016-12_gen4ou-0.json,Tauros,Items,,Focus Sash,6.757
2016-12_gen4ou-0.json,Tauros,Items,,Nothing,3.378
2016-12_gen4ou-0.json,Tauros,Items,,Chople Berry,2.703
2016-12_gen4ou-0.json,Tauros,Items,,Other,4.73
2016-12_gen4ou-0.json,Tauros,Spreads,,Other,19.595
2016-12_gen4ou-0.json,Tauros,Moves,,Earthquake,89.865
2016-12_gen4ou-0.json,Tauros,Moves,,Pursuit,43.919
2016-12_gen4ou-0.json,Tauros,Moves,,Double-Edge,41.892
2016-12_gen4ou-0.json,Tauros,Moves,,Zen Headbutt,35.811
2016-12_gen4ou-0.json,Tauros,Moves,,Return,25.676
2016-12_gen4ou-0.json,Tauros,Moves,,Outrage,25.0
2016-12_gen4ou-0.json,Tauros,Moves,,Stone Edge,22.973
2016-12_gen4ou-0.json,Tauros,Moves,,Facade,20.946
2016-12_gen4ou-0.json,Tauros,Moves,,Body Slam,17.568
2016-12_gen4ou-0.json,Tauros,Moves,,Rock Slide,16.892
2016-12_gen4ou-0.json,Tauros,Moves,,Giga Impact,12.838
2016-12_gen4ou-0.json,Tauros,Moves,,Iron Head,12.162
2016-12_gen4ou-0.json,Tauros,Moves,,Blizzard,8.784
2016-12_gen4ou-0.json,Tauros,Moves,,Ice Beam,4.73
2016-12_gen4ou-0.json,Tauros,Moves,,Thunder,4.73
2016-12_gen4ou-0.json,Tauros,Moves,,Other,16.216
2016-12_gen4ou-0.json,Ursaring,Stats,Raw count,,151
2016-12_gen4ou-0.json,Ursaring,Stats,Avg. weight,,1.0
2016-12_gen4ou-0.json,Ursaring,Stats,Viability Ceiling,,67
2016-12_gen4ou-0.json,Ursaring,Stats,Jolly,,3.974
2016-12_gen4ou-0.json,Ursaring,Stats,Adamant,,5.298
2016-12_gen4ou-0.json,Ursaring,Stats,Hardy,,5.298
2016-12_gen4ou-0.json,Ursaring,Abilities,,Quick Feet,55.629
2016-12_gen4ou-0.json,Ursaring,Abilities,,Guts,44.371
2016-12_gen4ou-0.json,Ursaring,Items,,Toxic Orb,55.629
2016-12_gen4ou-0.json,Ursaring,Items,,Flame Orb,21.854
2016-12_gen4ou-0.json,Ursaring,Items,,Leftovers,13.907
2016-12_gen4ou-0.json,Ursaring,Items,,Choice Band,3.311
2016-12_gen4ou-0.json,Ursaring,Items,,Lum Berry,1.987
2016-12_gen4ou-0.json,Ursaring,Items,,Other,3.311
2016-12_gen4ou-0.json,Ursaring,Spreads,,Other,26.49
2016-12_gen4ou-0.json,Ursaring,Moves,,Facade,77.483
2016-12_gen4ou-0.json,Ursaring,Moves,,Swords Dance,57.616
2016-12_gen4ou-0.json,Ursaring,Moves,,Close Combat,49.007
2016-12_gen4ou-0.json,Ursaring,Moves,,Earthquake,45.695
2016-12_gen4ou-0.json,Ursaring,Moves,,Crunch,43.046
2016-12_gen4ou-0.json,Ursaring,Moves,,Fire Punch,27.815
2016-12_gen4ou-0.json,Ursaring,Moves,,Brick Break,10.596
2016-12_gen4ou-0.json,Ursaring,Moves,,Body Slam,8.609
2016-12_gen4ou-0.json,Ursaring,Moves,,Thunder Punch,8.609
2016-12_gen4ou-0.json,Ursaring,Moves,,Bulk Up,6.623
2016-12_gen4ou-0.json,Ursaring,Moves,,Protect,5.96
2016-12_gen4ou-0.json,Ursaring,Moves,,Avalanche,5.298
2016-12_gen4ou-0.json,Ursaring,Moves,,Substitute,5.298
2016-12_gen4ou-0.json,Ursaring,Moves,,Ice Punch,5.298
2016-12_gen4ou-0.json,Ursaring,Moves,,Hammer Arm,4.636
2016-12_gen4ou-0.json,Ursaring,Moves,,Sleep Talk,3.974
2016-12_gen4ou-0.json,Ursaring,Moves,,Rest,3.311
2016-12_gen4ou-0.json,Ursaring,Moves,,Seed Bomb,3.311
2016-12_gen4ou-0.json,Ursaring,Moves,,Cross Chop,3.311
2016-12_gen4ou-0.json,Ursaring,Moves,,Double-Edge,3.311
2016-12_gen4ou-0.json,Ursaring,Moves,,Mega Kick,2.649
2016-12_gen4ou-0.json,Ursaring,Moves,,Other,18.543
2016-12_gen4ou-0.json,Medicham,Stats,Raw count,,150
2016-12_gen4ou-0.json,Medicham,Stats,Avg. weight,,1.0
2016-12_gen4ou-0.json,Medicham,Stats,Viability Ceiling,,61
2016-12_gen4ou-0.json,Medicham,Stats,Adamant,,6.000
2016-12_gen4ou-0.json,Medicham,Stats,Jolly,,5.333
2016-12_gen4ou-0.json,Medicham,Stats,Hardy,,6.000
2016-12_gen4ou-0.json,Medicham,Abilities,,Pure Power,100.0
2016-12_gen4ou-0.json,Medicham,Items,,Choice Scarf,62.0
2016-12_gen4ou-0.json,Medicham,Items,,Leftovers,14.0
2016-12_gen4ou-0.json,Medicham,Items,,Life Orb,6.667
2016-12_gen4ou-0.json,Medicham,Items,,Wide Lens,3.333
2016-12_gen4ou-0.json,Medicham,Items,,Salac Berry,3.333
2016-12_gen4ou-0.json,Medicham,Items,,Lum Berry,2.667
2016-12_gen4ou-0.json,Medicham,Items,,Black Belt,2.667
2016-12_gen4ou-0.json,Medicham,Items,,Pecha Berry,1.333
2016-12_gen4ou-0.json,Medicham,Items,,Other,4.0
2016-12_gen4ou-0.json,Medicham,Spreads,,Other,22.0
2016-12_gen4ou-0.json,Medicham,Moves,,High Jump Kick,82.0
2016-12_gen4ou-0.json,Medicham,Moves,,Ice Punch,73.333
2016-12_gen4ou-0.json,Medicham,Moves,,Thunder Punch,50.0
2016-12_gen4ou-0.json,Medicham,Moves,,Zen Headbutt,42.0
2016-12_gen4ou-0.json,Medicham,Moves,,Fire Punch,23.333
2016-12_gen4ou-0.json,Medicham,Moves,,Bullet Punch,22.0
2016-12_gen4ou-0.json,Medicham,Moves,,Psycho Cut,20.0
2016-12_gen4ou-0.json,Medicham,Moves,,Fake Out,10.667
2016-12_gen4ou-0.json,Medicham,Moves,,Drain Punch,9.333
2016-12_gen4ou-0.json,Medicham,Moves,,Brick Break,8.0
2016-12_gen4ou-0.json,Medicham,Moves,,Force Palm,6.667
2016-12_gen4ou-0.json,Medicham,Moves,,Body Slam,6.0
2016-12_gen4ou-0.json,Medicham,Moves,,Confusion,5.333
2016-12_gen4ou-0.json,Medicham,Moves,,Psychic,5.333
2016-12_gen4ou-0.json,Medicham,Moves,,Baton Pass,4.667
2016-12_gen4ou-0.json,Medicham,Moves,,Recover,3.333
2016-12_gen4ou-0.json,Medicham,Moves,,Bulk Up,3.333
2016-12_gen4ou-0.json,Medicham,Moves,,Shadow Ball,3.333
2016-12_gen4ou-0.json,Medicham,Moves,,Focus Blast,3.333
2016-12_gen4ou-0.json,Medicham,Moves,,Other,18.0
2016-12_gen4ou-0.json,Buizel,Stats,Raw count,,152
2016-12_gen4ou-0.json,Buizel,Stats,Avg. weight,,1.0
2016-12_gen4ou-0.json,Buizel,Stats,Viability Ceiling,,55
2016-12_gen4ou-0.json,Buizel,Stats,Hardy,,3.947
2016-12_gen4ou-0.json,Buizel,Stats,Rash,,8.553
2016-12_gen4ou-0.json,Buizel,Stats,Naughty,,7.895
2016-12_gen4ou-0.json,Buizel,Abilities,,Swift Swim,100.0
2016-12_gen4ou-0.json,Buizel,Items,,Focus Sash,39.474
2016-12_gen4ou-0.json,Buizel,Items,,Nothing,20.395
2016-12_gen4ou-0.json,Buizel,Items,,Leftovers,17.763
2016-12_gen4ou-0.json,Buizel,Items,,Choice Specs,7.895
2016-12_gen4ou-0.json,Buizel,Items,,Sitrus Berry,5.263
2016-12_gen4ou-0.json,Buizel,Items,,Life Orb,3.947
2016-12_gen4ou-0.json,Buizel,Items,,Babiri Berry,1.316
2016-12_gen4ou-0.json,Buizel,Items,,Other,3.947
2016-12_gen4ou-0.json,Buizel,Spreads,,Other,22.368
2016-12_gen4ou-0.json,Buizel,Moves,,Aqua Jet,89.474
2016-12_gen4ou-0.json,Buizel,Moves,,Ice Punch,53.289
2016-12_gen4ou-0.json,Buizel,Moves,,Surf,34.868
2016-12_gen4ou-0.json,Buizel,Moves,,Brick Break,31.579
2016-12_gen4ou-0.json,Buizel,Moves,,Water Pulse,27.632
2016-12_gen4ou-0.json,Buizel,Moves,,Blizzard,21.711
2016-12_gen4ou-0.json,Buizel,Moves,,Water Gun,19.737
2016-12_gen4ou-0.json,Buizel,Moves,,Ice Beam,18.421
2016-12_gen4ou-0.json,Buizel,Moves,,Sonic Boom,15.789
2016-12_gen4ou-0.json,Buizel,Moves,,Iron Tail,13.158
2016-12_gen4ou-0.json,Buizel,Moves,,Focus Punch,12.5
2016-12_gen4ou-0.json,Buizel,Moves,,Waterfall,11.842
2016-12_gen4ou-0.json,Buizel,Moves,,Icy Wind,7.895
2016-12_gen4ou-0.json,Buizel,Moves,,Bulk Up,7.895
2016-12_gen4ou-0.json,Buizel,Moves,,Quick Attack,6.579
2016-12_gen4ou-0.json,Buizel,Moves,,Brine,3.947
2016-12_gen4ou-0.json,Buizel,Moves,,Nothing,3.947
2016-12_gen4ou-0.json,Buizel,Moves,,Other,19.737
2016-12_gen4ou-0.json,Golem,Stats,Raw count,,141
2016-12_gen4ou-0.json,Golem,Stats,Avg. weight,,1.0
2016-12_gen4ou-0.json,Golem,Stats,Viability Ceiling,,62
2016-12_gen4ou-0.json,Golem,Stats,Jolly,,39.007
2016-12_gen4ou-0.json,Golem,Stats,Adamant,,12.057
2016-12_gen4ou-0.json,Golem,Stats,Hardy,,6.383
2016-12_gen4ou-0.json,Golem,Stats,Lonely,,4.965
2016-12_gen4ou-0.json,Golem,Stats,Naughty,,4.255
2016-12_gen4ou-0.json,Golem,Abilities,,Sturdy,78.723
2016-12_gen4ou-0.json,Golem,Abilities,,Rock Head,21.277
2016-12_gen4ou-0.json,Golem,Items,,Focus Sash,53.191
2016-12_gen4ou-0.json,Golem,Items,,Custap Berry,18.44
2016-12_gen4ou-0.json,Golem,Items,,Leftovers,9.929
2016-12_gen4ou-0.json,Golem,Items,,Nothing,4.965
2016-12_gen4ou-0.json,Golem,Items,,Life Orb,4.255
2016-12_gen4ou-0.json,Golem,Items,,Salac Berry,4.255
2016-12_gen4ou-0.json,Golem,Items,,Other,4.965
2016-12_gen4ou-0.json,Golem,Spreads,,Other,19.858
2016-12_gen4ou-0.json,Golem,Moves,,Earthquake,94.326
2016-12_gen4ou-0.json,Golem,Moves,,Explosion,84.397
2016-12_gen4ou-0.json,Golem,Moves,,Stealth Rock,61.702
2016-12_gen4ou-0.json,Golem,Moves,,Rock Polish,39.716
2016-12_gen4ou-0.json,Golem,Moves,,Sucker Punch,25.532
2016-12_gen4ou-0.json,Golem,Moves,,Stone Edge,24.113
2016-12_gen4ou-0.json,Golem,Moves,,Thunder Punch,10.638
2016-12_gen4ou-0.json,Golem,Moves,,Double-Edge,6.383
2016-12_gen4ou-0.json,Golem,Moves,,Earth Power,5.674
2016-12_gen4ou-0.json,Golem,Moves,,Rock Slide,4.255
2016-12_gen4ou-0.json,Golem,Moves,,Ancient Power,4.255
2016-12_gen4ou-0.json,Golem,Moves,,Nothing,4.255
2016-12_gen4ou-0.json,Golem,Moves,,Rest,3.546
2016-12_gen4ou-0.json,Golem,Moves,,Brick Break,3.546
2016-12_gen4ou-0.json,Golem,Moves,,Flamethrower,3.546
2016-12_gen4ou-0.json,Golem,Moves,,Body Slam,3.546
2016-12_gen4ou-0.json,Golem,Moves,,Fire Blast,2.837
2016-12_gen4ou-0.json,Golem,Moves,,Other,17.73
2016-12_gen4ou-0.json,Rampardos,Stats,Raw count,,144
2016-12_gen4ou-0.json,Rampardos,Stats,Avg. weight,,1.0
2016-12_gen4ou-0.json,Rampardos,Stats,Viability Ceiling,,63
2016-12_gen4ou-0.json,Rampardos,Stats,Adamant,,8.333
2016-12_gen4ou-0.json,Rampardos,Stats,Naughty,,11.111
2016-12_gen4ou-0.json,Rampardos,Stats,Hardy,,9.722
2016-12_gen4ou-0.json,Rampardos,Stats,Lonely,,5.556
2016-12_gen4ou-0.json,Rampardos,Stats,Naive,,4.167
2016-12_gen4ou-0.json,Rampardos,Abilities,,Mold Breaker,100.0
2016-12_gen4ou-0.json,Rampardos,Items,,Life Orb,17.361
2016-12_gen4ou-0.json,Rampardos,Items,,Focus Sash,11.806
2016-12_gen4ou-0.json,Rampardos,Items,,Wide Lens,11.111
2016-12_gen4ou-0.json,Rampardos,Items,,Stone Plate,10.417
2016-12_gen4ou-0.json,Rampardos,Items,,Nothing,10.417
2016-12_gen4ou-0.json,Rampardos,Items,,Choice Scarf,6.944
2016-12_gen4ou-0.json,Rampardos,Items,,Custap Berry,6.25
2016-12_gen4ou-0.json,Rampardos,Items,,Hard Stone,5.556
2016-12_gen4ou-0.json,Rampardos,Items,,Leftovers,4.861
2016-12_gen4ou-0.json,Rampardos,Items,,Lum Berry,4.167
2016-12_gen4ou-0.json,Rampardos,Items,,Choice Band,4.167
2016-12_gen4ou-0.json,Rampardos,Items,,Mental Herb,2.083
2016-12_gen4ou-0.json,Rampardos,Items,,Other,4.861
2016-12_gen4ou-0.json,Rampardos,Spreads,,Other,45.833
2016-12_gen4ou-0.json,Rampardos,Moves,,Earthquake,47.917
2016-12_gen4ou-0.json,Rampardos,Moves,,Head Smash,43.75
2016-12_gen4ou-0.json,Rampardos,Moves,,Stone Edge,32.639
2016-12_gen4ou-0.json,Rampardos,Moves,,Zen Headbutt,27.083
2016-12_gen4ou-0.json,Rampardos,Moves,,Fire Punch,24.306
2016-12_gen4ou-0.json,Rampardos,Moves,,Crunch,19.444
2016-12_gen4ou-0.json,Rampardos,Moves,,Dragon Pulse,18.75
2016-12_gen4ou-0.json,Rampardos,Moves,,Thunder Punch,18.056
2016-12_gen4ou-0.json,Rampardos,Moves,,Rock Polish,16.667
2016-12_gen4ou-0.json,Rampardos,Moves,,Outrage,15.972
2016-12_gen4ou-0.json,Rampardos,Moves,,Rock Slide,11.111
2016-12_gen4ou-0.json,Rampardos,Moves,,Superpower,10.417
2016-12_gen4ou-0.json,Rampardos,Moves,,Ice Beam,9.028
2016-12_gen4ou-0.json,Rampardos,Moves,,Ancient Power,9.028
2016-12_gen4ou-0.json,Rampardos,Moves,,Protect,9.028
2016-12_gen4ou-0.json,Rampardos,Moves,,Brick Break,7.639
2016-12_gen4ou-0.json,Rampardos,Moves,,Iron Head,7.639
2016-12_gen4ou-0.json,Rampardos,Moves,,Blizzard,6.25
2016-12_gen4ou-0.json,Rampardos,Moves,,Hammer Arm,6.25
2016-12_gen4ou-0.json,Rampardos,Moves,,Flamethrower,6.25
2016-12_gen4ou-0.json,Rampardos,Moves,,Endure,6.25
2016-12_gen4ou-0.json,Rampardos,Moves,,Double-Edge,6.25
2016-12_gen4ou-0.json,Rampardos,Moves,,Focus Blast,4.167
2016-12_gen4ou-0.json,Rampardos,Moves,,Rock Climb,3.472
2016-12_gen4ou-0.json,Rampardos,Moves,,Take Down,2.778
2016-12_gen4ou-0.json,Rampardos,Moves,,Toxic,2.778
2016-12_gen4ou-0.json,Rampardos,Moves,,Hidden Power Flying,2.778
2016-12_gen4ou-0.json,Rampardos,Moves,,Shock Wave,2.778
2016-12_gen4ou-0.json,Rampardos,Moves,,Nothing,2.778
2016-12_gen4ou-0.json,Rampardos,Moves,,Other,18.75
2016-12_gen4ou-0.json,Toxicroak,Stats,Raw count,,133
2016-12_gen4ou-0.json,Toxicroak,Stats,Avg. weight,,1.0
2016-12_gen4ou-0.json,Toxicroak,Stats,Viability Ceiling,,73
2016-12_gen4ou-0.json,Toxicroak,Stats,Jolly,,5.263
2016-12_gen4ou-0.json,Toxicroak,Stats,Adamant,,8.271
2016-12_gen4ou-0.json,Toxicroak,Abilities,,Dry Skin,74.436
2016-12_gen4ou-0.json,Toxicroak,Abilities,,Anticipation,25.564
2016-12_gen4ou-0.json,Toxicroak,Items,,Black Sludge,34.586
2016-12_gen4ou-0.json,Toxicroak,Items,,Life Orb,24.06
2016-12_gen4ou-0.json,Toxicroak,Items,,Leftovers,8.271
2016-12_gen4ou-0.json,Toxicroak,Items,,Focus Sash,6.767
2016-12_gen4ou-0.json,Toxicroak,Items,,Payapa Berry,5.263
2016-12_gen4ou-0.json,Toxicroak,Items,,Sitrus Berry,5.263
2016-12_gen4ou-0.json,Toxicroak,Items,,Choice Band,5.263
2016-12_gen4ou-0.json,Toxicroak,Items,,Lum Berry,3.759
2016-12_gen4ou-0.json,Toxicroak,Items,,Black Belt,2.256
2016-12_gen4ou-0.json,Toxicroak,Items,,Other,4.511
2016-12_gen4ou-0.json,Toxicroak,Spreads,,Other,35.338
2016-12_gen4ou-0.json,Toxicroak,Moves,,Sucker Punch,67.669
2016-12_gen4ou-0.json,Toxicroak,Moves,,Cross Chop,35.338
2016-12_gen4ou-0.json,Toxicroak,Moves,,Focus Punch,33.083
2016-12_gen4ou-0.json,Toxicroak,Moves,,Poison Jab,33.083
2016-12_gen4ou-0.json,Toxicroak,Moves,,Substitute,31.579
2016-12_gen4ou-0.json,Toxicroak,Moves,,Swords Dance,30.075
2016-12_gen4ou-0.json,Toxicroak,Moves,,Gunk Shot,28.571
2016-12_gen4ou-0.json,Toxicroak,Moves,,Earthquake,21.053
2016-12_gen4ou-0.json,Toxicroak,Moves,,Brick Break,18.797
2016-12_gen4ou-0.json,Toxicroak,Moves,,Stone Edge,16.541
2016-12_gen4ou-0.json,Toxicroak,Moves,,Thunder Punch,15.038
2016-12_gen4ou-0.json,Toxicroak,Moves,,Ice Punch,14.286
2016-12_gen4ou-0.json,Toxicroak,Moves,,Bulk Up,6.767
2016-12_gen4ou-0.json,Toxicroak,Moves,,X-Scissor,5.263
2016-12_gen4ou-0.json,Toxicroak,Moves,,Focus Blast,5.263
2016-12_gen4ou-0.json,Toxicroak,Moves,,Sludge Bomb,4.511
2016-12_gen4ou-0.json,Toxicroak,Moves,,Bullet Punch,4.511
2016-12_gen4ou-0.json,Toxicroak,Moves,,Fake Out,3.008
2016-12_gen4ou-0.json,Toxicroak,Moves,,Toxic,3.008
2016-12_gen4ou-0.json,Toxicroak,Moves,,Rain Dance,3.008
2016-12_gen4ou-0.json,Toxicroak,Moves,,Other,19.549
2016-12_gen4ou-0.json,Primeape,Stats,Raw count,,138
2016-12_gen4ou-0.json,Primeape,Stats,Avg. weight,,1.0
2016-12_gen4ou-0.json,Primeape,Stats,Viability Ceiling,,71
2016-12_gen4ou-0.json,Primeape,Stats,Adamant,,58.696
2016-12_gen4ou-0.json,Primeape,Stats,Jolly,,3.623
2016-12_gen4ou-0.json,Primeape,Stats,Quiet,,4.348
2016-12_gen4ou-0.json,Primeape,Stats,Hardy,,4.348
2016-12_gen4ou-0.json,Primeape,Abilities,,Vital Spirit,97.101
2016-12_gen4ou-0.json,Primeape,Abilities,,Anger Point,2.899
2016-12_gen4ou-0.json,Primeape,Items,,Black Belt,60.145
2016-12_gen4ou-0.json,Primeape,Items,,Choice Band,13.043
2016-12_gen4ou-0.json,Primeape,Items,,Leftovers,7.971
2016-12_gen4ou-0.json,Primeape,Items,,Muscle Band,5.797
2016-12_gen4ou-0.json,Primeape,Items,,Nothing,3.623
2016-12_gen4ou-0.json,Primeape,Items,,Focus Sash,2.899
2016-12_gen4ou-0.json,Primeape,Items,,Life Orb,1.449
2016-12_gen4ou-0.json,Primeape,Items,,Sitrus Berry,1.449
2016-12_gen4ou-0.json,Primeape,Items,,Other,3.623
2016-12_gen4ou-0.json,Primeape,Spreads,,Other,15.217
2016-12_gen4ou-0.json,Primeape,Moves,,Close Combat,85.507
2016-12_gen4ou-0.json,Primeape,Moves,,Cross Chop,76.812
2016-12_gen4ou-0.json,Primeape,Moves,,Low Kick,62.319
2016-12_gen4ou-0.json,Primeape,Moves,,Screech,58.696
2016-12_gen4ou-0.json,Primeape,Moves,,Brick Break,18.841
2016-12_gen4ou-0.json,Primeape,Moves,,Fire Punch,15.942
2016-12_gen4ou-0.json,Primeape,Moves,,U-turn,14.493
2016-12_gen4ou-0.json,Primeape,Moves,,Thunder Punch,10.87
2016-12_gen4ou-0.json,Primeape,Moves,,Earthquake,9.42
2016-12_gen4ou-0.json,Primeape,Moves,,Body Slam,6.522
2016-12_gen4ou-0.json,Primeape,Moves,,Seismic Toss,5.072
2016-12_gen4ou-0.json,Primeape,Moves,,Bulk Up,5.072
2016-12_gen4ou-0.json,Primeape,Moves,,Stone Edge,4.348
2016-12_gen4ou-0.json,Primeape,Moves,,Giga Impact,2.899
2016-12_gen4ou-0.json,Primeape,Moves,,Counter,2.174
2016-12_gen4ou-0.json,Primeape,Moves,,Focus Blast,2.174
2016-12_gen4ou-0.json,Primeape,Moves,,Other,18.841
2016-12_gen4ou-0.json,Registeel,Stats,Raw count,,132
2016-12_gen4ou-0.json,Registeel,Stats,Avg. weight,,1.0
2016-12_gen4ou-0.json,Registeel,Stats,Viability Ceiling,,73
2016-12_gen4ou-0.json,Registeel,Stats,Impish,,8.333
2016-12_gen4ou-0.json,Registeel,Stats,Hardy,,9.848
2016-12_gen4ou-0.json,Registeel,Stats,Modest,,9.091
2016-12_gen4ou-0.json,Registeel,Stats,Adamant,,9.091
2016-12_gen4ou-0.json,Registeel,Stats,Brave,,5.303
2016-12_gen4ou-0.json,Registeel,Abilities,,Clear Body,100.0
2016-12_gen4ou-0.json,Registeel,Items,,Leftovers,74.242
2016-12_gen4ou-0.json,Registeel,Items,,Nothing,8.333
2016-12_gen4ou-0.json,Registeel,Items,,Choice Band,5.303
2016-12_gen4ou-0.json,Registeel,Items,,Chesto Berry,3.03
2016-12_gen4ou-0.json,Registeel,Items,,Expert Belt,3.03
2016-12_gen4ou-0.json,Registeel,Items,,Focus Sash,3.03
2016-12_gen4ou-0.json,Registeel,Items,,Other,3.03
2016-12_gen4ou-0.json,Registeel,Spreads,,Other,24.242
2016-12_gen4ou-0.json,Registeel,Moves,,Stealth Rock,56.818
2016-12_gen4ou-0.json,Registeel,Moves,,Iron Head,43.182
2016-12_gen4ou-0.json,Registeel,Moves,,Explosion,42.424
2016-12_gen4ou-0.json,Registeel,Moves,,Earthquake,40.152
2016-12_gen4ou-0.json,Registeel,Moves,,Ice Punch,34.848
2016-12_gen4ou-0.json,Registeel,Moves,,Thunder Wave,24.242
2016-12_gen4ou-0.json,Registeel,Moves,,Toxic,23.485
2016-12_gen4ou-0.json,Registeel,Moves,,Rock Polish,21.212
2016-12_gen4ou-0.json,Registeel,Moves,,Curse,20.455
2016-12_gen4ou-0.json,Registeel,Moves,,Flash Cannon,16.667
2016-12_gen4ou-0.json,Registeel,Moves,,Ancient Power,15.152
2016-12_gen4ou-0.json,Registeel,Moves,,Seismic Toss,11.364
2016-12_gen4ou-0.json,Registeel,Moves,,Rest,6.818
2016-12_gen4ou-0.json,Registeel,Moves,,Iron Defense,6.061
2016-12_gen4ou-0.json,Registeel,Moves,,Hidden Power Fire,3.788
2016-12_gen4ou-0.json,Registeel,Moves,,Hidden Power Steel,3.03
2016-12_gen4ou-0.json,Registeel,Moves,,Swagger,3.03
2016-12_gen4ou-0.json,Registeel,Moves,,Rock Slide,3.03
2016-12_gen4ou-0.json,Registeel,Moves,,Focus Blast,3.03
2016-12_gen4ou-0.json,Registeel,Moves,,Metal Claw,2.273
2016-12_gen4ou-0.json,Registeel,Moves,,Other,18.939
2016-12_gen4ou-0.json,Rapidash,Stats,Raw count,,142
2016-12_gen4ou-0.json,Rapidash,Stats,Avg. weight,,1.0
2016-12_gen4ou-0.json,Rapidash,Stats,Viability Ceiling,,58
2016-12_gen4ou-0.json,Rapidash,Stats,Jolly,,14.789
2016-12_gen4ou-0.json,Rapidash,Stats,Adamant,,6.338
2016-12_gen4ou-0.json,Rapidash,Stats,Hardy,,7.746
2016-12_gen4ou-0.json,Rapidash,Stats,Impish,,3.521
2016-12_gen4ou-0.json,Rapidash,Abilities,,Flash Fire,88.732
2016-12_gen4ou-0.json,Rapidash,Abilities,,Run Away,11.268
2016-12_gen4ou-0.json,Rapidash,Items,,Leftovers,29.577
2016-12_gen4ou-0.json,Rapidash,Items,,Choice Scarf,19.718
2016-12_gen4ou-0.json,Rapidash,Items,,Focus Sash,14.789
2016-12_gen4ou-0.json,Rapidash,Items,,Expert Belt,11.972
2016-12_gen4ou-0.json,Rapidash,Items,,Nothing,11.268
2016-12_gen4ou-0.json,Rapidash,Items,,Charcoal,4.93
2016-12_gen4ou-0.json,Rapidash,Items,,SilverPowder,2.817
2016-12_gen4ou-0.json,Rapidash,Items,,Other,4.93
2016-12_gen4ou-0.json,Rapidash,Spreads,,Other,19.014
2016-12_gen4ou-0.json,Rapidash,Moves,,Flare Blitz,88.028
2016-12_gen4ou-0.json,Rapidash,Moves,,Megahorn,46.479
2016-12_gen4ou-0.json,Rapidash,Moves,,Will-O-Wisp,34.507
2016-12_gen4ou-0.json,Rapidash,Moves,,Bounce,23.944
2016-12_gen4ou-0.json,Rapidash,Moves,,Body Slam,19.014
2016-12_gen4ou-0.json,Rapidash,Moves,,Double-Edge,19.014
2016-12_gen4ou-0.json,Rapidash,Moves,,Iron Tail,18.31
2016-12_gen4ou-0.json,Rapidash,Moves,,Flamethrower,17.606
2016-12_gen4ou-0.json,Rapidash,Moves,,Agility,14.789
2016-12_gen4ou-0.json,Rapidash,Moves,,Hypnosis,14.085
2016-12_gen4ou-0.json,Rapidash,Moves,,Poison Jab,13.38
2016-12_gen4ou-0.json,Rapidash,Moves,,Morning Sun,12.676
2016-12_gen4ou-0.json,Rapidash,Moves,,Frustration,11.972
2016-12_gen4ou-0.json,Rapidash,Moves,,Fire Blast,11.268
2016-12_gen4ou-0.json,Rapidash,Moves,,Heat Wave,10.563
2016-12_gen4ou-0.json,Rapidash,Moves,,Double Kick,10.563
2016-12_gen4ou-0.json,Rapidash,Moves,,Quick Attack,9.859
2016-12_gen4ou-0.json,Rapidash,Moves,,Sunny Day,5.634
2016-12_gen4ou-0.json,Rapidash,Moves,,Other,18.31
2016-12_gen4ou-0.json,Regice,Stats,Raw count,,132
2016-12_gen4ou-0.json,Regice,Stats,Avg. weight,,1.0
2016-12_gen4ou-0.json,Regice,Stats,Viability Ceiling,,61
2016-12_gen4ou-0.json,Regice,Stats,Quiet,,27.273
2016-12_gen4ou-0.json,Regice,Stats,Hardy,,6.818
2016-12_gen4ou-0.json,Regice,Stats,Modest,,6.061
2016-12_gen4ou-0.json,Regice,Stats,Calm,,4.545
2016-12_gen4ou-0.json,Regice,Abilities,,Clear Body,100.0
2016-12_gen4ou-0.json,Regice,Items,,Leftovers,72.727
2016-12_gen4ou-0.json,Regice,Items,,Life Orb,9.848
2016-12_gen4ou-0.json,Regice,Items,,Nothing,7.576
2016-12_gen4ou-0.json,Regice,Items,,Never-Melt Ice,3.03
2016-12_gen4ou-0.json,Regice,Items,,Damp Rock,2.273
2016-12_gen4ou-0.json,Regice,Items,,Other,4.545
2016-12_gen4ou-0.json,Regice,Spreads,,Other,25.0
2016-12_gen4ou-0.json,Regice,Moves,,Ice Beam,78.03
2016-12_gen4ou-0.json,Regice,Moves,,Thunderbolt,48.485
2016-12_gen4ou-0.json,Regice,Moves,,Focus Blast,40.909
2016-12_gen4ou-0.json,Regice,Moves,,Ancient Power,39.394
2016-12_gen4ou-0.json,Regice,Moves,,Blizzard,38.636
2016-12_gen4ou-0.json,Regice,Moves,,Earthquake,20.455
2016-12_gen4ou-0.json,Regice,Moves,,Ice Punch,14.394
2016-12_gen4ou-0.json,Regice,Moves,,Avalanche,12.879
2016-12_gen4ou-0.json,Regice,Moves,,Thunder,12.121
2016-12_gen4ou-0.json,Regice,Moves,,Flash Cannon,12.121
2016-12_gen4ou-0.json,Regice,Moves,,Amnesia,10.606
2016-12_gen4ou-0.json,Regice,Moves,,Toxic,9.848
2016-12_gen4ou-0.json,Regice,Moves,,Charge Beam,6.061
2016-12_gen4ou-0.json,Regice,Moves,,Brick Break,6.061
2016-12_gen4ou-0.json,Regice,Moves,,Substitute,4.545
2016-12_gen4ou-0.json,Regice,Moves,,Dynamic Punch,3.788
2016-12_gen4ou-0.json,Regice,Moves,,Defense Curl,3.788
2016-12_gen4ou-0.json,Regice,Moves,,Explosion,3.788
2016-12_gen4ou-0.json,Regice,Moves,,Rest,3.03
2016-12_gen4ou-0.json,Regice,Moves,,Superpower,3.03
2016-12_gen4ou-0.json,Regice,Moves,,Thunder Wave,3.03
2016-12_gen4ou-0.json,Regice,Moves,,Nothing,3.03
2016-12_gen4ou-0.json,Regice,Moves,,Giga Impact,2.273
2016-12_gen4ou-0.json,Regice,Moves,,Other,19.697
2016-12_gen4ou-0.json,Articuno,Stats,Raw count,,127
2016-12_gen4ou-0.json,Articuno,Stats,Avg. weight,,1.0
2016-12_gen4ou-0.json,Articuno,Stats,Viability Ceiling,,55
2016-12_gen4ou-0.json,Articuno,Stats,Calm,,6.299
2016-12_gen4ou-0.json,Articuno,Stats,Hardy,,6.299
2016-12_gen4ou-0.json,Articuno,Stats,Rash,,4.724
2016-12_gen4ou-0.json,Articuno,Abilities,,Pressure,100.0
2016-12_gen4ou-0.json,Articuno,Items,,Leftovers,57.48
2016-12_gen4ou-0.json,Articuno,Items,,Nothing,19.685
2016-12_gen4ou-0.json,Articuno,Items,,Choice Scarf,4.724
2016-12_gen4ou-0.json,Articuno,Items,,Never-Melt Ice,3.15
2016-12_gen4ou-0.json,Articuno,Items,,Life Orb,3.15
2016-12_gen4ou-0.json,Articuno,Items,,Choice Specs,2.362
2016-12_gen4ou-0.json,Articuno,Items,,Sitrus Berry,1.575
2016-12_gen4ou-0.json,Articuno,Items,,Lum Berry,1.575
2016-12_gen4ou-0.json,Articuno,Items,,Focus Sash,1.575
2016-12_gen4ou-0.json,Articuno,Items,,Other,4.724
2016-12_gen4ou-0.json,Articuno,Spreads,,Other,38.583
2016-12_gen4ou-0.json,Articuno,Moves,,Ice Beam,81.89
2016-12_gen4ou-0.json,Articuno,Moves,,Roost,47.244
2016-12_gen4ou-0.json,Articuno,Moves,,Blizzard,37.795
2016-12_gen4ou-0.json,Articuno,Moves,,Air Cutter,29.921
2016-12_gen4ou-0.json,Articuno,Moves,,Rain Dance,25.984
2016-12_gen4ou-0.json,Articuno,Moves,,Ancient Power,17.323
2016-12_gen4ou-0.json,Articuno,Moves,,Avalanche,16.535
2016-12_gen4ou-0.json,Articuno,Moves,,Double-Edge,14.173
2016-12_gen4ou-0.json,Articuno,Moves,,Tailwind,13.386
2016-12_gen4ou-0.json,Articuno,Moves,,Extrasensory,11.811
2016-12_gen4ou-0.json,Articuno,Moves,,Agility,11.024
2016-12_gen4ou-0.json,Articuno,Moves,,Toxic,8.661
2016-12_gen4ou-0.json,Articuno,Moves,,Reflect,8.661
2016-12_gen4ou-0.json,Articuno,Moves,,Hyper Beam,7.087
2016-12_gen4ou-0.json,Articuno,Moves,,Sky Attack,6.299
2016-12_gen4ou-0.json,Articuno,Moves,,Giga Impact,4.724
2016-12_gen4ou-0.json,Articuno,Moves,,Aerial Ace,4.724
2016-12_gen4ou-0.json,Articuno,Moves,,Twister,4.724
2016-12_gen4ou-0.json,Articuno,Moves,,Sunny Day,4.724
2016-12_gen4ou-0.json,Articuno,Moves,,Hidden Power Electric,3.937
2016-12_gen4ou-0.json,Articuno,Moves,,Ice Shard,3.937
2016-12_gen4ou-0.json,Articuno,Moves,,Fly,3.937
2016-12_gen4ou-0.json,Articuno,Moves,,Protect,3.937
2016-12_gen4ou-0.json,Articuno,Moves,,Hidden Power Ice,3.15
2016-12_gen4ou-0.json,Articuno,Moves,,U-turn,3.15
2016-12_gen4ou-0.json,Articuno,Moves,,Substitute,2.362
2016-12_gen4ou-0.json,Articuno,Moves,,Other,18.898
2016-12_gen4ou-0.json,Lanturn,Stats,Raw count,,121
2016-12_gen4ou-0.json,Lanturn,Stats,Avg. weight,,1.0
2016-12_gen4ou-0.json,Lanturn,Stats,Viability Ceiling,,73
2016-12_gen4ou-0.json,Lanturn,Stats,Hardy,,36.364
2016-12_gen4ou-0.json,Lanturn,Stats,Modest,,19.008
2016-12_gen4ou-0.json,Lanturn,Stats,Calm,,4.959
2016-12_gen4ou-0.json,Lanturn,Abilities,,Volt Absorb,100.0
2016-12_gen4ou-0.json,Lanturn,Items,,Leftovers,52.893
2016-12_gen4ou-0.json,Lanturn,Items,,Mystic Water,17.355
2016-12_gen4ou-0.json,Lanturn,Items,,Focus Sash,13.223
2016-12_gen4ou-0.json,Lanturn,Items,,Lax Incense,5.785
2016-12_gen4ou-0.json,Lanturn,Items,,Damp Rock,2.479
2016-12_gen4ou-0.json,Lanturn,Items,,Quick Claw,1.653
2016-12_gen4ou-0.json,Lanturn,Items,,Sea Incense,1.653
2016-12_gen4ou-0.json,Lanturn,Items,,Other,4.959
2016-12_gen4ou-0.json,Lanturn,Spreads,,Other,19.835
2016-12_gen4ou-0.json,Lanturn,Moves,,Surf,72.727
2016-12_gen4ou-0.json,Lanturn,Moves,,Ice Beam,57.025
2016-12_gen4ou-0.json,Lanturn,Moves,,Thunder Wave,52.066
2016-12_gen4ou-0.json,Lanturn,Moves,,Thunder,41.322
2016-12_gen4ou-0.json,Lanturn,Moves,,Thunderbolt,38.843
2016-12_gen4ou-0.json,Lanturn,Moves,,Amnesia,19.835
2016-12_gen4ou-0.json,Lanturn,Moves,,Confuse Ray,19.835
2016-12_gen4ou-0.json,Lanturn,Moves,,Captivate,12.397
2016-12_gen4ou-0.json,Lanturn,Moves,,Hydro Pump,11.57
2016-12_gen4ou-0.json,Lanturn,Moves,,Blizzard,8.264
2016-12_gen4ou-0.json,Lanturn,Moves,,Hyper Beam,7.438
2016-12_gen4ou-0.json,Lanturn,Moves,,Rain Dance,7.438
2016-12_gen4ou-0.json,Lanturn,Moves,,Attract,6.612
2016-12_gen4ou-0.json,Lanturn,Moves,,Rest,5.785
2016-12_gen4ou-0.json,Lanturn,Moves,,Signal Beam,4.959
2016-12_gen4ou-0.json,Lanturn,Moves,,Protect,4.959
2016-12_gen4ou-0.json,Lanturn,Moves,,Aqua Ring,4.132
2016-12_gen4ou-0.json,Lanturn,Moves,,Heal Bell,3.306
2016-12_gen4ou-0.json,Lanturn,Moves,,Discharge,3.306
2016-12_gen4ou-0.json,Lanturn,Moves,,Other,18.182
2016-12_gen4ou-0.json,Shedinja,Stats,Raw count,,119
2016-12_gen4ou-0.json,Shedinja,Stats,Avg. weight,,1.0
2016-12_gen4ou-0.json,Shedinja,Stats,Viability Ceiling,,60
2016-12_gen4ou-0.json,Shedinja,Stats,Naive,,31.933
2016-12_gen4ou-0.json,Shedinja,Stats,Adamant,,20.168
2016-12_gen4ou-0.json,Shedinja,Stats,Hardy,,3.361
2016-12_gen4ou-0.json,Shedinja,Stats,Jolly,,8.403
2016-12_gen4ou-0.json,Shedinja,Stats,Brave,,4.202
2016-12_gen4ou-0.json,Shedinja,Abilities,,Wonder Guard,100.0
2016-12_gen4ou-0.json,Shedinja,Items,,Focus Sash,65.546
2016-12_gen4ou-0.json,Shedinja,Items,,Nothing,10.924
2016-12_gen4ou-0.json,Shedinja,Items,,Quick Claw,8.403
2016-12_gen4ou-0.json,Shedinja,Items,,Leftovers,3.361
2016-12_gen4ou-0.json,Shedinja,Items,,Spell Tag,2.521
2016-12_gen4ou-0.json,Shedinja,Items,,Sitrus Berry,2.521
2016-12_gen4ou-0.json,Shedinja,Items,,White Herb,2.521
2016-12_gen4ou-0.json,Shedinja,Items,,Other,4.202
2016-12_gen4ou-0.json,Shedinja,Spreads,,Other,23.529
2016-12_gen4ou-0.json,Shedinja,Moves,,X-Scissor,42.857
2016-12_gen4ou-0.json,Shedinja,Moves,,Will-O-Wisp,42.857
2016-12_gen4ou-0.json,Shedinja,Moves,,Shadow Claw,32.773
2016-12_gen4ou-0.json,Shedinja,Moves,,Swords Dance,32.773
2016-12_gen4ou-0.json,Shedinja,Moves,,Shadow Sneak,31.092
2016-12_gen4ou-0.json,Shedinja,Moves,,Sucker Punch,31.092
2016-12_gen4ou-0.json,Shedinja,Moves,,Bug Buzz,28.571
2016-12_gen4ou-0.json,Shedinja,Moves,,Shadow Ball,24.37
2016-12_gen4ou-0.json,Shedinja,Moves,,Night Slash,22.689
2016-12_gen4ou-0.json,Shedinja,Moves,,Protect,18.487
2016-12_gen4ou-0.json,Shedinja,Moves,,Confuse Ray,18.487
2016-12_gen4ou-0.json,Shedinja,Moves,,Toxic,13.445
2016-12_gen4ou-0.json,Shedinja,Moves,,Giga Drain,9.244
2016-12_gen4ou-0.json,Shedinja,Moves,,Hidden Power Water,8.403
2016-12_gen4ou-0.json,Shedinja,Moves,,Dig,8.403
2016-12_gen4ou-0.json,Shedinja,Moves,,Hidden Power Fire,4.202
2016-12_gen4ou-0.json,Shedinja,Moves,,Aerial Ace,4.202
2016-12_gen4ou-0.json,Shedinja,Moves,,Spite,3.361
2016-12_gen4ou-0.json,Shedinja,Moves,,Grudge,3.361
2016-12_gen4ou-0.json,Shedinja,Moves,,Other,19.328
2016-12_gen4ou-0.json,Rhydon,Stats,Raw count,,117
2016-12_gen4ou-0.json,Rhydon,Stats,Avg. weight,,1.0
2016-12_gen4ou-0.json,Rhydon,Stats,Viability Ceiling,,57
2016-12_gen4ou-0.json,Rhydon,Stats,Jolly,,14.530
2016-12_gen4ou-0.json,Rhydon,Stats,Adamant,,6.838
2016-12_gen4ou-0.json,Rhydon,Stats,Hardy,,5.983
2016-12_gen4ou-0.json,Rhydon,Abilities,,Lightning Rod,57.265
2016-12_gen4ou-0.json,Rhydon,Abilities,,Rock Head,42.735
2016-12_gen4ou-0.json,Rhydon,Items,,Leftovers,42.735
2016-12_gen4ou-0.json,Rhydon,Items,,Choice Band,16.239
2016-12_gen4ou-0.json,Rhydon,Items,,Choice Scarf,8.547
2016-12_gen4ou-0.json,Rhydon,Items,,Life Orb,7.692
2016-12_gen4ou-0.json,Rhydon,Items,,Nothing,7.692
2016-12_gen4ou-0.json,Rhydon,Items,,Lum Berry,5.983
2016-12_gen4ou-0.json,Rhydon,Items,,Focus Sash,5.128
2016-12_gen4ou-0.json,Rhydon,Items,,Stone Plate,2.564
2016-12_gen4ou-0.json,Rhydon,Items,,Other,3.419
2016-12_gen4ou-0.json,Rhydon,Spreads,,Other,41.026
2016-12_gen4ou-0.json,Rhydon,Moves,,Earthquake,95.726
2016-12_gen4ou-0.json,Rhydon,Moves,,Rock Blast,38.462
2016-12_gen4ou-0.json,Rhydon,Moves,,Megahorn,32.479
2016-12_gen4ou-0.json,Rhydon,Moves,,Substitute,30.769
2016-12_gen4ou-0.json,Rhydon,Moves,,Stone Edge,29.915
2016-12_gen4ou-0.json,Rhydon,Moves,,Swords Dance,24.786
2016-12_gen4ou-0.json,Rhydon,Moves,,Rock Slide,20.513
2016-12_gen4ou-0.json,Rhydon,Moves,,Double-Edge,17.094
2016-12_gen4ou-0.json,Rhydon,Moves,,Rock Polish,15.385
2016-12_gen4ou-0.json,Rhydon,Moves,,Stealth Rock,11.966
2016-12_gen4ou-0.json,Rhydon,Moves,,Horn Attack,10.256
2016-12_gen4ou-0.json,Rhydon,Moves,,Roar,10.256
2016-12_gen4ou-0.json,Rhydon,Moves,,Focus Punch,5.983
2016-12_gen4ou-0.json,Rhydon,Moves,,Hammer Arm,5.128
2016-12_gen4ou-0.json,Rhydon,Moves,,Thunder,5.128
2016-12_gen4ou-0.json,Rhydon,Moves,,Blizzard,4.274
2016-12_gen4ou-0.json,Rhydon,Moves,,Scary Face,4.274
2016-12_gen4ou-0.json,Rhydon,Moves,,Ancient Power,2.564
2016-12_gen4ou-0.json,Rhydon,Moves,,Rock Climb,2.564
2016-12_gen4ou-0.json,Rhydon,Moves,,Iron Tail,2.564
2016-12_gen4ou-0.json,Rhydon,Moves,,Payback,2.564
2016-12_gen4ou-0.json,Rhydon,Moves,,Fire Blast,2.564
2016-12_gen4ou-0.json,Rhydon,Moves,,Dig,2.564
2016-12_gen4ou-0.json,Rhydon,Moves,,Fire Fang,2.564
2016-12_gen4ou-0.json,Rhydon,Moves,,Other,19.658
2016-12_gen4ou-0.json,Poliwrath,Stats,Raw count,,122
2016-12_gen4ou-0.json,Poliwrath,Stats,Avg. weight,,1.0
2016-12_gen4ou-0.json,Poliwrath,Stats,Viability Ceiling,,63
2016-12_gen4ou-0.json,Poliwrath,Stats,Lax,,31.148
2016-12_gen4ou-0.json,Poliwrath,Stats,Modest,,4.918
2016-12_gen4ou-0.json,Poliwrath,Stats,Hardy,,6.557
2016-12_gen4ou-0.json,Poliwrath,Stats,Adamant,,5.738
2016-12_gen4ou-0.json,Poliwrath,Stats,Jolly,,5.738
2016-12_gen4ou-0.json,Poliwrath,Abilities,,Water Absorb,96.721
2016-12_gen4ou-0.json,Poliwrath,Abilities,,Damp,3.279
2016-12_gen4ou-0.json,Poliwrath,Items,,Leftovers,40.164
2016-12_gen4ou-0.json,Poliwrath,Items,,Lum Berry,31.148
2016-12_gen4ou-0.json,Poliwrath,Items,,Nothing,5.738
2016-12_gen4ou-0.json,Poliwrath,Items,,King's Rock,4.918
2016-12_gen4ou-0.json,Poliwrath,Items,,Never-Melt Ice,3.279
2016-12_gen4ou-0.json,Poliwrath,Items,,Mystic Water,3.279
2016-12_gen4ou-0.json,Poliwrath,Items,,Choice Specs,2.459
2016-12_gen4ou-0.json,Poliwrath,Items,,Choice Scarf,2.459
2016-12_gen4ou-0.json,Poliwrath,Items,,Sitrus Berry,2.459
2016-12_gen4ou-0.json,Poliwrath,Items,,Other,4.098
2016-12_gen4ou-0.json,Poliwrath,Spreads,,Other,36.885
2016-12_gen4ou-0.json,Poliwrath,Moves,,Hydro Pump,46.721
2016-12_gen4ou-0.json,Poliwrath,Moves,,Ice Beam,43.443
2016-12_gen4ou-0.json,Poliwrath,Moves,,Dynamic Punch,37.705
2016-12_gen4ou-0.json,Poliwrath,Moves,,Toxic,31.148
2016-12_gen4ou-0.json,Poliwrath,Moves,,Waterfall,28.689
2016-12_gen4ou-0.json,Poliwrath,Moves,,Focus Blast,25.41
2016-12_gen4ou-0.json,Poliwrath,Moves,,Bulk Up,20.492
2016-12_gen4ou-0.json,Poliwrath,Moves,,Vacuum Wave,13.934
2016-12_gen4ou-0.json,Poliwrath,Moves,,Surf,13.934
2016-12_gen4ou-0.json,Poliwrath,Moves,,Brick Break,13.934
2016-12_gen4ou-0.json,Poliwrath,Moves,,Seismic Toss,12.295
2016-12_gen4ou-0.json,Poliwrath,Moves,,Icy Wind,12.295
2016-12_gen4ou-0.json,Poliwrath,Moves,,Earthquake,12.295
2016-12_gen4ou-0.json,Poliwrath,Moves,,Substitute,9.836
2016-12_gen4ou-0.json,Poliwrath,Moves,,Blizzard,9.016
2016-12_gen4ou-0.json,Poliwrath,Moves,,Ice Punch,9.016
2016-12_gen4ou-0.json,Poliwrath,Moves,,Hypnosis,9.016
2016-12_gen4ou-0.json,Poliwrath,Moves,,Nothing,7.377
2016-12_gen4ou-0.json,Poliwrath,Moves,,Focus Punch,6.557
2016-12_gen4ou-0.json,Poliwrath,Moves,,Psychic,5.738
2016-12_gen4ou-0.json,Poliwrath,Moves,,Rain Dance,5.738
2016-12_gen4ou-0.json,Poliwrath,Moves,,Body Slam,5.738
2016-12_gen4ou-0.json,Poliwrath,Moves,,Other,19.672
2016-12_gen4ou-0.json,Entei,Stats,Raw count,,122
2016-12_gen4ou-0.json,Entei,Stats,Avg. weight,,1.0
2016-12_gen4ou-0.json,Entei,Stats,Viability Ceiling,,80
2016-12_gen4ou-0.json,Entei,Stats,Hardy,,5.738
2016-12_gen4ou-0.json,Entei,Stats,Adamant,,4.918
2016-12_gen4ou-0.json,Entei,Stats,Timid,,5.738
2016-12_gen4ou-0.json,Entei,Abilities,,Pressure,100.0
2016-12_gen4ou-0.json,Entei,Items,,Leftovers,42.623
2016-12_gen4ou-0.json,Entei,Items,,Life Orb,14.754
2016-12_gen4ou-0.json,Entei,Items,,Nothing,9.016
2016-12_gen4ou-0.json,Entei,Items,,Chesto Berry,8.197
2016-12_gen4ou-0.json,Entei,Items,,Lum Berry,5.738
2016-12_gen4ou-0.json,Entei,Items,,Heat Rock,4.918
2016-12_gen4ou-0.json,Entei,Items,,Choice Band,4.918
2016-12_gen4ou-0.json,Entei,Items,,Focus Sash,4.098
2016-12_gen4ou-0.json,Entei,Items,,White Herb,2.459
2016-12_gen4ou-0.json,Entei,Items,,Other,3.279
2016-12_gen4ou-0.json,Entei,Spreads,,Other,43.443
2016-12_gen4ou-0.json,Entei,Moves,,Flamethrower,36.885
2016-12_gen4ou-0.json,Entei,Moves,,Eruption,31.967
2016-12_gen4ou-0.json,Entei,Moves,,Flare Blitz,31.148
2016-12_gen4ou-0.json,Entei,Moves,,Stone Edge,24.59
2016-12_gen4ou-0.json,Entei,Moves,,Fire Blast,23.77
2016-12_gen4ou-0.json,Entei,Moves,,Overheat,22.131
2016-12_gen4ou-0.json,Entei,Moves,,Calm Mind,18.852
2016-12_gen4ou-0.json,Entei,Moves,,Extreme Speed,17.213
2016-12_gen4ou-0.json,Entei,Moves,,Rest,16.393
2016-12_gen4ou-0.json,Entei,Moves,,Will-O-Wisp,15.574
2016-12_gen4ou-0.json,Entei,Moves,,Lava Plume,12.295
2016-12_gen4ou-0.json,Entei,Moves,,Extrasensory,10.656
2016-12_gen4ou-0.json,Entei,Moves,,Iron Head,10.656
2016-12_gen4ou-0.json,Entei,Moves,,Bite,9.836
2016-12_gen4ou-0.json,Entei,Moves,,Fire Fang,9.836
2016-12_gen4ou-0.json,Entei,Moves,,Nothing,9.016
2016-12_gen4ou-0.json,Entei,Moves,,Hidden Power Grass,8.197
2016-12_gen4ou-0.json,Entei,Moves,,Solar Beam,8.197
2016-12_gen4ou-0.json,Entei,Moves,,Substitute,7.377
2016-12_gen4ou-0.json,Entei,Moves,,Heat Wave,7.377
2016-12_gen4ou-0.json,Entei,Moves,,Hyper Beam,7.377
2016-12_gen4ou-0.json,Entei,Moves,,Sunny Day,7.377
2016-12_gen4ou-0.json,Entei,Moves,,Sleep Talk,6.557
2016-12_gen4ou-0.json,Entei,Moves,,Ember,6.557
2016-12_gen4ou-0.json,Entei,Moves,,Shadow Ball,6.557
2016-12_gen4ou-0.json,Entei,Moves,,Body Slam,5.738
2016-12_gen4ou-0.json,Entei,Moves,,Roar,4.918
2016-12_gen4ou-0.json,Entei,Moves,,Hidden Power Fighting,4.098
2016-12_gen4ou-0.json,Entei,Moves,,Other,18.852
2016-12_gen4ou-0.json,Altaria,Stats,Raw count,,118
2016-12_gen4ou-0.json,Altaria,Stats,Avg. weight,,1.0
2016-12_gen4ou-0.json,Altaria,Stats,Viability Ceiling,,60
2016-12_gen4ou-0.json,Altaria,Stats,Timid,,21.186
2016-12_gen4ou-0.json,Altaria,Stats,Hardy,,17.797
2016-12_gen4ou-0.json,Altaria,Stats,Lonely,,11.864
2016-12_gen4ou-0.json,Altaria,Stats,Modest,,5.932
2016-12_gen4ou-0.json,Altaria,Stats,Calm,,5.932
2016-12_gen4ou-0.json,Altaria,Abilities,,Natural Cure,100.0
2016-12_gen4ou-0.json,Altaria,Items,,Leftovers,54.237
2016-12_gen4ou-0.json,Altaria,Items,,Heat Rock,10.169
2016-12_gen4ou-0.json,Altaria,Items,,Nothing,7.627
2016-12_gen4ou-0.json,Altaria,Items,,Lum Berry,6.78
2016-12_gen4ou-0.json,Altaria,Items,,Life Orb,5.932
2016-12_gen4ou-0.json,Altaria,Items,,Dragon Fang,5.085
2016-12_gen4ou-0.json,Altaria,Items,,Power Herb,4.237
2016-12_gen4ou-0.json,Altaria,Items,,Focus Sash,2.542
2016-12_gen4ou-0.json,Altaria,Items,,Other,3.39
2016-12_gen4ou-0.json,Altaria,Spreads,,Other,30.508
2016-12_gen4ou-0.json,Altaria,Moves,,Dragon Pulse,44.915
2016-12_gen4ou-0.json,Altaria,Moves,,Roost,44.068
2016-12_gen4ou-0.json,Altaria,Moves,,Fire Blast,38.983
2016-12_gen4ou-0.json,Altaria,Moves,,Dragon Dance,31.356
2016-12_gen4ou-0.json,Altaria,Moves,,Flamethrower,27.119
2016-12_gen4ou-0.json,Altaria,Moves,,Roar,22.034
2016-12_gen4ou-0.json,Altaria,Moves,,Draco Meteor,21.186
2016-12_gen4ou-0.json,Altaria,Moves,,Earthquake,17.797
2016-12_gen4ou-0.json,Altaria,Moves,,Ice Beam,16.949
2016-12_gen4ou-0.json,Altaria,Moves,,Sunny Day,13.559
2016-12_gen4ou-0.json,Altaria,Moves,,Sky Attack,13.559
2016-12_gen4ou-0.json,Altaria,Moves,,Dragon Claw,11.017
2016-12_gen4ou-0.json,Altaria,Moves,,Heal Bell,9.322
2016-12_gen4ou-0.json,Altaria,Moves,,Aerial Ace,7.627
2016-12_gen4ou-0.json,Altaria,Moves,,Heat Wave,7.627
2016-12_gen4ou-0.json,Altaria,Moves,,Outrage,7.627
2016-12_gen4ou-0.json,Altaria,Moves,,Fly,5.932
2016-12_gen4ou-0.json,Altaria,Moves,,Haze,5.085
2016-12_gen4ou-0.json,Altaria,Moves,,Hidden Power Ice,4.237
2016-12_gen4ou-0.json,Altaria,Moves,,Tailwind,4.237
2016-12_gen4ou-0.json,Altaria,Moves,,Hidden Power Grass,4.237
2016-12_gen4ou-0.json,Altaria,Moves,,Rest,3.39
2016-12_gen4ou-0.json,Altaria,Moves,,Feather Dance,3.39
2016-12_gen4ou-0.json,Altaria,Moves,,Air Cutter,3.39
2016-12_gen4ou-0.json,Altaria,Moves,,Toxic,3.39
2016-12_gen4ou-0.json,Altaria,Moves,,Solar Beam,3.39
2016-12_gen4ou-0.json,Altaria,Moves,,Substitute,2.542
2016-12_gen4ou-0.json,Altaria,Moves,,Dream Eater,2.542
2016-12_gen4ou-0.json,Altaria,Moves,,Other,19.492
2016-12_gen4ou-0.json,Walrein,Stats,Raw count,,107
2016-12_gen4ou-0.json,Walrein,Stats,Avg. weight,,1.0
2016-12_gen4ou-0.json,Walrein,Stats,Viability Ceiling,,74
2016-12_gen4ou-0.json,Walrein,Stats,Calm,,19.626
2016-12_gen4ou-0.json,Walrein,Stats,Adamant,,10.280
2016-12_gen4ou-0.json,Walrein,Stats,Modest,,5.607
2016-12_gen4ou-0.json,Walrein,Stats,Serious,,8.411
2016-12_gen4ou-0.json,Walrein,Stats,Bold,,6.542
2016-12_gen4ou-0.json,Walrein,Abilities,,Ice Body,51.402
2016-12_gen4ou-0.json,Walrein,Abilities,,Thick Fat,48.598
2016-12_gen4ou-0.json,Walrein,Items,,Leftovers,90.654
2016-12_gen4ou-0.json,Walrein,Items,,Icicle Plate,4.673
2016-12_gen4ou-0.json,Walrein,Items,,Other,4.673
2016-12_gen4ou-0.json,Walrein,Spreads,,Other,40.187
2016-12_gen4ou-0.json,Walrein,Moves,,Surf,63.551
2016-12_gen4ou-0.json,Walrein,Moves,,Toxic,58.879
2016-12_gen4ou-0.json,Walrein,Moves,,Protect,40.187
2016-12_gen4ou-0.json,Walrein,Moves,,Blizzard,39.252
2016-12_gen4ou-0.json,Walrein,Moves,,Substitute,39.252
2016-12_gen4ou-0.json,Walrein,Moves,,Super Fang,26.168
2016-12_gen4ou-0.json,Walrein,Moves,,Ice Beam,25.234
2016-12_gen4ou-0.json,Walrein,Moves,,Waterfall,18.692
2016-12_gen4ou-0.json,Walrein,Moves,,Avalanche,17.757
2016-12_gen4ou-0.json,Walrein,Moves,,Earthquake,17.757
2016-12_gen4ou-0.json,Walrein,Moves,,Aqua Ring,8.411
2016-12_gen4ou-0.json,Walrein,Moves,,Aqua Tail,7.477
2016-12_gen4ou-0.json,Walrein,Moves,,Hail,6.542
2016-12_gen4ou-0.json,Walrein,Moves,,Hidden Power Electric,4.673
2016-12_gen4ou-0.json,Walrein,Moves,,Brine,3.738
2016-12_gen4ou-0.json,Walrein,Moves,,Crunch,3.738
2016-12_gen4ou-0.json,Walrein,Moves,,Other,18.692
2016-12_gen4ou-0.json,Jynx,Stats,Raw count,,111
2016-12_gen4ou-0.json,Jynx,Stats,Avg. weight,,1.0
2016-12_gen4ou-0.json,Jynx,Stats,Viability Ceiling,,58
2016-12_gen4ou-0.json,Jynx,Stats,Timid,,15.315
2016-12_gen4ou-0.json,Jynx,Stats,Modest,,18.919
2016-12_gen4ou-0.json,Jynx,Stats,Naughty,,6.306
2016-12_gen4ou-0.json,Jynx,Stats,Hardy,,3.604
2016-12_gen4ou-0.json,Jynx,Abilities,,Forewarn,69.369
2016-12_gen4ou-0.json,Jynx,Abilities,,Oblivious,30.631
2016-12_gen4ou-0.json,Jynx,Items,,Focus Sash,44.144
2016-12_gen4ou-0.json,Jynx,Items,,Leftovers,38.739
2016-12_gen4ou-0.json,Jynx,Items,,Never-Melt Ice,7.207
2016-12_gen4ou-0.json,Jynx,Items,,Wide Lens,2.703
2016-12_gen4ou-0.json,Jynx,Items,,Nothing,2.703
2016-12_gen4ou-0.json,Jynx,Items,,Other,4.505
2016-12_gen4ou-0.json,Jynx,Spreads,,Other,4.505
2016-12_gen4ou-0.json,Jynx,Moves,,Ice Beam,95.495
2016-12_gen4ou-0.json,Jynx,Moves,,Lovely Kiss,66.667
2016-12_gen4ou-0.json,Jynx,Moves,,Psychic,55.856
2016-12_gen4ou-0.json,Jynx,Moves,,Focus Blast,43.243
2016-12_gen4ou-0.json,Jynx,Moves,,Nasty Plot,32.432
2016-12_gen4ou-0.json,Jynx,Moves,,Substitute,29.73
2016-12_gen4ou-0.json,Jynx,Moves,,Fake Out,21.622
2016-12_gen4ou-0.json,Jynx,Moves,,Sweet Kiss,18.919
2016-12_gen4ou-0.json,Jynx,Moves,,Blizzard,9.009
2016-12_gen4ou-0.json,Jynx,Moves,,Calm Mind,6.306
2016-12_gen4ou-0.json,Jynx,Moves,,Nothing,5.405
2016-12_gen4ou-0.json,Jynx,Moves,,Other,15.315
2016-12_gen4ou-0.json,Moltres,Stats,Raw count,,108
2016-12_gen4ou-0.json,Moltres,Stats,Avg. weight,,1.0
2016-12_gen4ou-0.json,Moltres,Stats,Viability Ceiling,,82
2016-12_gen4ou-0.json,Moltres,Stats,Hardy,,4.630
2016-12_gen4ou-0.json,Moltres,Stats,Timid,,4.630
2016-12_gen4ou-0.json,Moltres,Stats,Modest,,4.630
2016-12_gen4ou-0.json,Moltres,Abilities,,Pressure,100.0
2016-12_gen4ou-0.json,Moltres,Items,,Charcoal,28.704
2016-12_gen4ou-0.json,Moltres,Items,,Leftovers,13.889
2016-12_gen4ou-0.json,Moltres,Items,,Nothing,11.111
2016-12_gen4ou-0.json,Moltres,Items,,Choice Specs,7.407
2016-12_gen4ou-0.json,Moltres,Items,,Life Orb,7.407
2016-12_gen4ou-0.json,Moltres,Items,,Choice Scarf,5.556
2016-12_gen4ou-0.json,Moltres,Items,,Old Amber,4.63
2016-12_gen4ou-0.json,Moltres,Items,,Focus Sash,3.704
2016-12_gen4ou-0.json,Moltres,Items,,Lum Berry,3.704
2016-12_gen4ou-0.json,Moltres,Items,,Choice Band,3.704
2016-12_gen4ou-0.json,Moltres,Items,,Power Herb,2.778
2016-12_gen4ou-0.json,Moltres,Items,,Flame Plate,2.778
2016-12_gen4ou-0.json,Moltres,Items,,Other,4.63
2016-12_gen4ou-0.json,Moltres,Spreads,,Other,26.852
2016-12_gen4ou-0.json,Moltres,Moves,,Fire Blast,43.519
2016-12_gen4ou-0.json,Moltres,Moves,,Flamethrower,41.667
2016-12_gen4ou-0.json,Moltres,Moves,,Air Slash,41.667
2016-12_gen4ou-0.json,Moltres,Moves,,Overheat,34.259
2016-12_gen4ou-0.json,Moltres,Moves,,U-turn,23.148
2016-12_gen4ou-0.json,Moltres,Moves,,Morning Sun,22.222
2016-12_gen4ou-0.json,Moltres,Moves,,Sunny Day,17.593
2016-12_gen4ou-0.json,Moltres,Moves,,Will-O-Wisp,16.667
2016-12_gen4ou-0.json,Moltres,Moves,,Heat Wave,15.741
2016-12_gen4ou-0.json,Moltres,Moves,,Solar Beam,14.815
2016-12_gen4ou-0.json,Moltres,Moves,,Roost,12.963
2016-12_gen4ou-0.json,Moltres,Moves,,Toxic,12.037
2016-12_gen4ou-0.json,Moltres,Moves,,Hidden Power Fighting,11.111
2016-12_gen4ou-0.json,Moltres,Moves,,Ancient Power,11.111
2016-12_gen4ou-0.json,Moltres,Moves,,Hyper Beam,10.185
2016-12_gen4ou-0.json,Moltres,Moves,,Sky Attack,8.333
2016-12_gen4ou-0.json,Moltres,Moves,,Extrasensory,7.407
2016-12_gen4ou-0.json,Moltres,Moves,,Sleep Talk,6.481
2016-12_gen4ou-0.json,Moltres,Moves,,Giga Impact,5.556
2016-12_gen4ou-0.json,Moltres,Moves,,Ember,5.556
2016-12_gen4ou-0.json,Moltres,Moves,,Safeguard,4.63
2016-12_gen4ou-0.json,Moltres,Moves,,Substitute,3.704
2016-12_gen4ou-0.json,Moltres,Moves,,Hidden Power Ice,3.704
2016-12_gen4ou-0.json,Moltres,Moves,,Fly,3.704
2016-12_gen4ou-0.json,Moltres,Moves,,Double-Edge,3.704
2016-12_gen4ou-0.json,Moltres,Moves,,Other,18.519
2016-12_gen4ou-0.json,Sharpedo,Stats,Raw count,,104
2016-12_gen4ou-0.json,Sharpedo,Stats,Avg. weight,,1.0
2016-12_gen4ou-0.json,Sharpedo,Stats,Viability Ceiling,,55
2016-12_gen4ou-0.json,Sharpedo,Stats,Jolly,,4.808
2016-12_gen4ou-0.json,Sharpedo,Stats,Hardy,,1.923
2016-12_gen4ou-0.json,Sharpedo,Stats,Naive,,3.846
2016-12_gen4ou-0.json,Sharpedo,Abilities,,Rough Skin,100.0
2016-12_gen4ou-0.json,Sharpedo,Items,,Life Orb,74.038
2016-12_gen4ou-0.json,Sharpedo,Items,,Leftovers,14.423
2016-12_gen4ou-0.json,Sharpedo,Items,,Black Glasses,2.885
2016-12_gen4ou-0.json,Sharpedo,Items,,Lum Berry,2.885
2016-12_gen4ou-0.json,Sharpedo,Items,,King's Rock,2.885
2016-12_gen4ou-0.json,Sharpedo,Items,,Other,2.885
2016-12_gen4ou-0.json,Sharpedo,Spreads,,Other,8.654
2016-12_gen4ou-0.json,Sharpedo,Moves,,Crunch,92.308
2016-12_gen4ou-0.json,Sharpedo,Moves,,Waterfall,85.577
2016-12_gen4ou-0.json,Sharpedo,Moves,,Earthquake,77.885
2016-12_gen4ou-0.json,Sharpedo,Moves,,Aqua Jet,74.038
2016-12_gen4ou-0.json,Sharpedo,Moves,,Hydro Pump,11.538
2016-12_gen4ou-0.json,Sharpedo,Moves,,Hidden Power Dark,10.577
2016-12_gen4ou-0.json,Sharpedo,Moves,,Nothing,10.577
2016-12_gen4ou-0.json,Sharpedo,Moves,,Ice Beam,6.731
2016-12_gen4ou-0.json,Sharpedo,Moves,,Dark Pulse,5.769
2016-12_gen4ou-0.json,Sharpedo,Moves,,Bite,4.808
2016-12_gen4ou-0.json,Sharpedo,Moves,,Zen Headbutt,3.846
2016-12_gen4ou-0.json,Sharpedo,Moves,,Other,16.346
2016-12_gen4ou-0.json,Probopass,Stats,Raw count,,105
2016-12_gen4ou-0.json,Probopass,Stats,Avg. weight,,1.0
2016-12_gen4ou-0.json,Probopass,Stats,Viability Ceiling,,58
2016-12_gen4ou-0.json,Probopass,Stats,Modest,,4.762
2016-12_gen4ou-0.json,Probopass,Stats,Hardy,,2.857
2016-12_gen4ou-0.json,Probopass,Stats,Calm,,7.619
2016-12_gen4ou-0.json,Probopass,Abilities,,Magnet Pull,51.429
2016-12_gen4ou-0.json,Probopass,Abilities,,Sturdy,48.571
2016-12_gen4ou-0.json,Probopass,Items,,Leftovers,91.429
2016-12_gen4ou-0.json,Probopass,Items,,Stone Plate,2.857
2016-12_gen4ou-0.json,Probopass,Items,,Focus Sash,1.905
2016-12_gen4ou-0.json,Probopass,Items,,Other,3.81
2016-12_gen4ou-0.json,Probopass,Spreads,,Other,13.333
2016-12_gen4ou-0.json,Probopass,Moves,,Earth Power,84.762
2016-12_gen4ou-0.json,Probopass,Moves,,Power Gem,83.81
2016-12_gen4ou-0.json,Probopass,Moves,,Stealth Rock,45.714
2016-12_gen4ou-0.json,Probopass,Moves,,Flash Cannon,40.952
2016-12_gen4ou-0.json,Probopass,Moves,,Thunderbolt,40.0
2016-12_gen4ou-0.json,Probopass,Moves,,Thunder Wave,33.333
2016-12_gen4ou-0.json,Probopass,Moves,,Pain Split,15.238
2016-12_gen4ou-0.json,Probopass,Moves,,Earthquake,7.619
2016-12_gen4ou-0.json,Probopass,Moves,,Rock Slide,4.762
2016-12_gen4ou-0.json,Probopass,Moves,,Magnet Rise,4.762
2016-12_gen4ou-0.json,Probopass,Moves,,Taunt,4.762
2016-12_gen4ou-0.json,Probopass,Moves,,Stone Edge,4.762
2016-12_gen4ou-0.json,Probopass,Moves,,Magic Coat,3.81
2016-12_gen4ou-0.json,Probopass,Moves,,Ancient Power,3.81
2016-12_gen4ou-0.json,Probopass,Moves,,Explosion,2.857
2016-12_gen4ou-0.json,Probopass,Moves,,Other,19.048
2016-12_gen4ou-0.json,Regigigas,Stats,Raw count,,104
2016-12_gen4ou-0.json,Regigigas,Stats,Avg. weight,,1.0
2016-12_gen4ou-0.json,Regigigas,Stats,Viability Ceiling,,59
2016-12_gen4ou-0.json,Regigigas,Stats,Hardy,,5.769
2016-12_gen4ou-0.json,Regigigas,Stats,Lonely,,7.692
2016-12_gen4ou-0.json,Regigigas,Stats,Adamant,,5.769
2016-12_gen4ou-0.json,Regigigas,Stats,Jolly,,5.769
2016-12_gen4ou-0.json,Regigigas,Abilities,,Slow Start,100.0
2016-12_gen4ou-0.json,Regigigas,Items,,Leftovers,42.308
2016-12_gen4ou-0.json,Regigigas,Items,,Nothing,18.269
2016-12_gen4ou-0.json,Regigigas,Items,,Choice Scarf,13.462
2016-12_gen4ou-0.json,Regigigas,Items,,Life Orb,12.5
2016-12_gen4ou-0.json,Regigigas,Items,,Choice Band,6.731
2016-12_gen4ou-0.json,Regigigas,Items,,Lum Berry,2.885
2016-12_gen4ou-0.json,Regigigas,Items,,Other,3.846
2016-12_gen4ou-0.json,Regigigas,Spreads,,Other,52.885
2016-12_gen4ou-0.json,Regigigas,Moves,,Earthquake,45.192
2016-12_gen4ou-0.json,Regigigas,Moves,,Ice Punch,24.038
2016-12_gen4ou-0.json,Regigigas,Moves,,Focus Blast,23.077
2016-12_gen4ou-0.json,Regigigas,Moves,,Thunder Punch,21.154
2016-12_gen4ou-0.json,Regigigas,Moves,,Thunder,20.192
2016-12_gen4ou-0.json,Regigigas,Moves,,Superpower,20.192
2016-12_gen4ou-0.json,Regigigas,Moves,,Drain Punch,19.231
2016-12_gen4ou-0.json,Regigigas,Moves,,Fire Punch,18.269
2016-12_gen4ou-0.json,Regigigas,Moves,,Stone Edge,17.308
2016-12_gen4ou-0.json,Regigigas,Moves,,Substitute,16.346
2016-12_gen4ou-0.json,Regigigas,Moves,,Giga Impact,13.462
2016-12_gen4ou-0.json,Regigigas,Moves,,Return,12.5
2016-12_gen4ou-0.json,Regigigas,Moves,,Thunder Wave,12.5
2016-12_gen4ou-0.json,Regigigas,Moves,,Dizzy Punch,12.5
2016-12_gen4ou-0.json,Regigigas,Moves,,Iron Head,11.538
2016-12_gen4ou-0.json,Regigigas,Moves,,Hyper Beam,11.538
2016-12_gen4ou-0.json,Regigigas,Moves,,Zen Headbutt,9.615
2016-12_gen4ou-0.json,Regigigas,Moves,,Brick Break,7.692
2016-12_gen4ou-0.json,Regigigas,Moves,,Ancient Power,7.692
2016-12_gen4ou-0.json,Regigigas,Moves,,Focus Punch,6.731
2016-12_gen4ou-0.json,Regigigas,Moves,,Avalanche,5.769
2016-12_gen4ou-0.json,Regigigas,Moves,,Rock Slide,5.769
2016-12_gen4ou-0.json,Regigigas,Moves,,Frustration,4.808
2016-12_gen4ou-0.json,Regigigas,Moves,,Toxic,4.808
2016-12_gen4ou-0.json,Regigigas,Moves,,Thunderbolt,4.808
2016-12_gen4ou-0.json,Regigigas,Moves,,Earth Power,3.846
2016-12_gen4ou-0.json,Regigigas,Moves,,Hidden Power Ice,3.846
2016-12_gen4ou-0.json,Regigigas,Moves,,Stomp,3.846
2016-12_gen4ou-0.json,Regigigas,Moves,,Facade,2.885
2016-12_gen4ou-0.json,Regigigas,Moves,,Aerial Ace,2.885
2016-12_gen4ou-0.json,Regigigas,Moves,,Hidden Power Grass,2.885
2016-12_gen4ou-0.json,Regigigas,Moves,,Rock Polish,2.885
2016-12_gen4ou-0.json,Regigigas,Moves,,Nothing,2.885
2016-12_gen4ou-0.json,Regigigas,Moves,,Other,17.308
2016-12_gen4ou-0.json,Noctowl,Stats,Raw count,,104
2016-12_gen4ou-0.json,Noctowl,Stats,Avg. weight,,1.0
2016-12_gen4ou-0.json,Noctowl,Stats,Viability Ceiling,,59
2016-12_gen4ou-0.json,Noctowl,Stats,Calm,,30.769
2016-12_gen4ou-0.json,Noctowl,Stats,Modest,,8.654
2016-12_gen4ou-0.json,Noctowl,Stats,Hardy,,6.731
2016-12_gen4ou-0.json,Noctowl,Stats,Hasty,,4.808
2016-12_gen4ou-0.json,Noctowl,Abilities,,Insomnia,90.385
2016-12_gen4ou-0.json,Noctowl,Abilities,,Keen Eye,9.615
2016-12_gen4ou-0.json,Noctowl,Items,,Leftovers,37.5
2016-12_gen4ou-0.json,Noctowl,Items,,Sitrus Berry,32.692
2016-12_gen4ou-0.json,Noctowl,Items,,Nothing,12.5
2016-12_gen4ou-0.json,Noctowl,Items,,Life Orb,3.846
2016-12_gen4ou-0.json,Noctowl,Items,,Wacan Berry,1.923
2016-12_gen4ou-0.json,Noctowl,Items,,Sky Plate,1.923
2016-12_gen4ou-0.json,Noctowl,Items,,Power Herb,1.923
2016-12_gen4ou-0.json,Noctowl,Items,,Choice Specs,1.923
2016-12_gen4ou-0.json,Noctowl,Items,,Flame Orb,1.923
2016-12_gen4ou-0.json,Noctowl,Items,,Other,3.846
2016-12_gen4ou-0.json,Noctowl,Spreads,,Other,25.962
2016-12_gen4ou-0.json,Noctowl,Moves,,Air Slash,87.5
2016-12_gen4ou-0.json,Noctowl,Moves,,Roost,32.692
2016-12_gen4ou-0.json,Noctowl,Moves,,Psycho Shift,32.692
2016-12_gen4ou-0.json,Noctowl,Moves,,Hypnosis,29.808
2016-12_gen4ou-0.json,Noctowl,Moves,,Hidden Power Ice,26.923
2016-12_gen4ou-0.json,Noctowl,Moves,,Psychic,25.0
2016-12_gen4ou-0.json,Noctowl,Moves,,Dream Eater,21.154
2016-12_gen4ou-0.json,Noctowl,Moves,,Heat Wave,19.231
2016-12_gen4ou-0.json,Noctowl,Moves,,Extrasensory,17.308
2016-12_gen4ou-0.json,Noctowl,Moves,,Uproar,16.346
2016-12_gen4ou-0.json,Noctowl,Moves,,Shadow Ball,16.346
2016-12_gen4ou-0.json,Noctowl,Moves,,Double-Edge,10.577
2016-12_gen4ou-0.json,Noctowl,Moves,,Fly,9.615
2016-12_gen4ou-0.json,Noctowl,Moves,,Steel Wing,8.654
2016-12_gen4ou-0.json,Noctowl,Moves,,Zen Headbutt,5.769
2016-12_gen4ou-0.json,Noctowl,Moves,,Night Shade,5.769
2016-12_gen4ou-0.json,Noctowl,Moves,,Hyper Beam,4.808
2016-12_gen4ou-0.json,Noctowl,Moves,,Defog,4.808
2016-12_gen4ou-0.json,Noctowl,Moves,,Sky Attack,3.846
2016-12_gen4ou-0.json,Noctowl,Moves,,Giga Impact,2.885
2016-12_gen4ou-0.json,Noctowl,Moves,,Other,18.269
2016-12_gen4ou-0.json,Hitmonchan,Stats,Raw count,,97
2016-12_gen4ou-0.json,Hitmonchan,Stats,Avg. weight,,1.0
2016-12_gen4ou-0.json,Hitmonchan,Stats,Viability Ceiling,,60
2016-12_gen4ou-0.json,Hitmonchan,Stats,Jolly,,9.278
2016-12_gen4ou-0.json,Hitmonchan,Stats,Hardy,,13.402
2016-12_gen4ou-0.json,Hitmonchan,Stats,Adamant,,5.155
2016-12_gen4ou-0.json,Hitmonchan,Abilities,,Iron Fist,78.351
2016-12_gen4ou-0.json,Hitmonchan,Abilities,,Keen Eye,21.649
2016-12_gen4ou-0.json,Hitmonchan,Items,,Focus Sash,22.68
2016-12_gen4ou-0.json,Hitmonchan,Items,,Sitrus Berry,21.649
2016-12_gen4ou-0.json,Hitmonchan,Items,,Leftovers,15.464
2016-12_gen4ou-0.json,Hitmonchan,Items,,Life Orb,15.464
2016-12_gen4ou-0.json,Hitmonchan,Items,,Choice Band,15.464
2016-12_gen4ou-0.json,Hitmonchan,Items,,Fist Plate,7.216
2016-12_gen4ou-0.json,Hitmonchan,Items,,Other,2.062
2016-12_gen4ou-0.json,Hitmonchan,Spreads,,Other,13.402
2016-12_gen4ou-0.json,Hitmonchan,Moves,,Mach Punch,64.948
2016-12_gen4ou-0.json,Hitmonchan,Moves,,Thunder Punch,63.918
2016-12_gen4ou-0.json,Hitmonchan,Moves,,Ice Punch,62.887
2016-12_gen4ou-0.json,Hitmonchan,Moves,,Substitute,55.67
2016-12_gen4ou-0.json,Hitmonchan,Moves,,Focus Punch,53.608
2016-12_gen4ou-0.json,Hitmonchan,Moves,,Fire Punch,40.206
2016-12_gen4ou-0.json,Hitmonchan,Moves,,Close Combat,27.835
2016-12_gen4ou-0.json,Hitmonchan,Moves,,Bullet Punch,8.247
2016-12_gen4ou-0.json,Hitmonchan,Moves,,Earthquake,6.186
2016-12_gen4ou-0.json,Hitmonchan,Moves,,Other,16.495
2016-12_gen4ou-0.json,Butterfree,Stats,Raw count,,94
2016-12_gen4ou-0.json,Butterfree,Stats,Avg. weight,,1.0
2016-12_gen4ou-0.json,Butterfree,Stats,Viability Ceiling,,81
2016-12_gen4ou-0.json,Butterfree,Stats,Timid,,27.660
2016-12_gen4ou-0.json,Butterfree,Stats,Modest,,7.447
2016-12_gen4ou-0.json,Butterfree,Stats,Hardy,,3.191
2016-12_gen4ou-0.json,Butterfree,Stats,Relaxed,,2.128
2016-12_gen4ou-0.json,Butterfree,Stats,Hasty,,1.064
2016-12_gen4ou-0.json,Butterfree,Abilities,,Compound Eyes,100.0
2016-12_gen4ou-0.json,Butterfree,Items,,Focus Sash,85.106
2016-12_gen4ou-0.json,Butterfree,Items,,Leftovers,6.383
2016-12_gen4ou-0.json,Butterfree,Items,,Life Orb,4.255
2016-12_gen4ou-0.json,Butterfree,Items,,Other,4.255
2016-12_gen4ou-0.json,Butterfree,Spreads,,Other,5.319
2016-12_gen4ou-0.json,Butterfree,Moves,,Sleep Powder,95.745
2016-12_gen4ou-0.json,Butterfree,Moves,,Bug Buzz,91.489
2016-12_gen4ou-0.json,Butterfree,Moves,,Stun Spore,86.17
2016-12_gen4ou-0.json,Butterfree,Moves,,Hidden Power Fighting,46.809
2016-12_gen4ou-0.json,Butterfree,Moves,,Psychic,17.021
2016-12_gen4ou-0.json,Butterfree,Moves,,Hidden Power Fire,12.766
2016-12_gen4ou-0.json,Butterfree,Moves,,Hidden Power Ice,12.766
2016-12_gen4ou-0.json,Butterfree,Moves,,Poison Powder,6.383
2016-12_gen4ou-0.json,Butterfree,Moves,,Giga Drain,4.255
2016-12_gen4ou-0.json,Butterfree,Moves,,Hidden Power Electric,3.191
2016-12_gen4ou-0.json,Butterfree,Moves,,Toxic,2.128
2016-12_gen4ou-0.json,Butterfree,Moves,,Energy Ball,2.128
2016-12_gen4ou-0.json,Butterfree,Moves,,Other,19.149
2016-12_gen4ou-0.json,Whiscash,Stats,Raw count,,101
2016-12_gen4ou-0.json,Whiscash,Stats,Avg. weight,,1.0
2016-12_gen4ou-0.json,Whiscash,Stats,Viability Ceiling,,48
2016-12_gen4ou-0.json,Whiscash,Stats,Hardy,,33.663
2016-12_gen4ou-0.json,Whiscash,Stats,Adamant,,11.881
2016-12_gen4ou-0.json,Whiscash,Stats,Impish,,11.881
2016-12_gen4ou-0.json,Whiscash,Stats,Gentle,,7.921
2016-12_gen4ou-0.json,Whiscash,Stats,Bold,,3.960
2016-12_gen4ou-0.json,Whiscash,Abilities,,Oblivious,88.119
2016-12_gen4ou-0.json,Whiscash,Abilities,,Anticipation,11.881
2016-12_gen4ou-0.json,Whiscash,Items,,Leftovers,52.475
2016-12_gen4ou-0.json,Whiscash,Items,,Chesto Berry,21.782
2016-12_gen4ou-0.json,Whiscash,Items,,Focus Sash,11.881
2016-12_gen4ou-0.json,Whiscash,Items,,Sitrus Berry,8.911
2016-12_gen4ou-0.json,Whiscash,Items,,Other,4.95
2016-12_gen4ou-0.json,Whiscash,Spreads,,Other,9.901
2016-12_gen4ou-0.json,Whiscash,Moves,,Earthquake,88.119
2016-12_gen4ou-0.json,Whiscash,Moves,,Dragon Dance,48.515
2016-12_gen4ou-0.json,Whiscash,Moves,,Substitute,45.545
2016-12_gen4ou-0.json,Whiscash,Moves,,Waterfall,38.614
2016-12_gen4ou-0.json,Whiscash,Moves,,Surf,36.634
2016-12_gen4ou-0.json,Whiscash,Moves,,Ice Beam,34.653
2016-12_gen4ou-0.json,Whiscash,Moves,,Rest,27.723
2016-12_gen4ou-0.json,Whiscash,Moves,,Aqua Tail,18.812
2016-12_gen4ou-0.json,Whiscash,Moves,,Tickle,11.881
2016-12_gen4ou-0.json,Whiscash,Moves,,Frustration,7.921
2016-12_gen4ou-0.json,Whiscash,Moves,,Amnesia,7.921
2016-12_gen4ou-0.json,Whiscash,Moves,,Protect,6.931
2016-12_gen4ou-0.json,Whiscash,Moves,,Earth Power,6.931
2016-12_gen4ou-0.json,Whiscash,Moves,,Other,19.802
2016-12_gen4ou-0.json,Sableye,Stats,Raw count,,96
2016-12_gen4ou-0.json,Sableye,Stats,Avg. weight,,1.0
2016-12_gen4ou-0.json,Sableye,Stats,Viability Ceiling,,54
2016-12_gen4ou-0.json,Sableye,Stats,Jolly,,22.917
2016-12_gen4ou-0.json,Sableye,Stats,Adamant,,6.250
2016-12_gen4ou-0.json,Sableye,Stats,Bold,,9.375
2016-12_gen4ou-0.json,Sableye,Stats,Sassy,,6.250
2016-12_gen4ou-0.json,Sableye,Abilities,,Keen Eye,73.958
2016-12_gen4ou-0.json,Sableye,Abilities,,Stall,26.042
2016-12_gen4ou-0.json,Sableye,Items,,Leftovers,41.667
2016-12_gen4ou-0.json,Sableye,Items,,King's Rock,22.917
2016-12_gen4ou-0.json,Sableye,Items,,Focus Sash,8.333
2016-12_gen4ou-0.json,Sableye,Items,,Sitrus Berry,7.292
2016-12_gen4ou-0.json,Sableye,Items,,Nothing,6.25
2016-12_gen4ou-0.json,Sableye,Items,,Choice Scarf,4.167
2016-12_gen4ou-0.json,Sableye,Items,,Choice Band,3.125
2016-12_gen4ou-0.json,Sableye,Items,,Lum Berry,2.083
2016-12_gen4ou-0.json,Sableye,Items,,Other,4.167
2016-12_gen4ou-0.json,Sableye,Spreads,,Other,37.5
2016-12_gen4ou-0.json,Sableye,Moves,,Will-O-Wisp,41.667
2016-12_gen4ou-0.json,Sableye,Moves,,Shadow Sneak,33.333
2016-12_gen4ou-0.json,Sableye,Moves,,Toxic,33.333
2016-12_gen4ou-0.json,Sableye,Moves,,Fake Out,32.292
2016-12_gen4ou-0.json,Sableye,Moves,,Recover,32.292
2016-12_gen4ou-0.json,Sableye,Moves,,Knock Off,28.125
2016-12_gen4ou-0.json,Sableye,Moves,,Night Shade,17.708
2016-12_gen4ou-0.json,Sableye,Moves,,Swagger,13.542
2016-12_gen4ou-0.json,Sableye,Moves,,Sucker Punch,13.542
2016-12_gen4ou-0.json,Sableye,Moves,,Punishment,13.542
2016-12_gen4ou-0.json,Sableye,Moves,,Shadow Ball,12.5
2016-12_gen4ou-0.json,Sableye,Moves,,Protect,10.417
2016-12_gen4ou-0.json,Sableye,Moves,,Dark Pulse,10.417
2016-12_gen4ou-0.json,Sableye,Moves,,Pain Split,10.417
2016-12_gen4ou-0.json,Sableye,Moves,,Taunt,9.375
2016-12_gen4ou-0.json,Sableye,Moves,,Mean Look,9.375
2016-12_gen4ou-0.json,Sableye,Moves,,Confuse Ray,7.292
2016-12_gen4ou-0.json,Sableye,Moves,,Double-Edge,7.292
2016-12_gen4ou-0.json,Sableye,Moves,,Psychic,7.292
2016-12_gen4ou-0.json,Sableye,Moves,,Focus Punch,4.167
2016-12_gen4ou-0.json,Sableye,Moves,,Shadow Claw,4.167
2016-12_gen4ou-0.json,Sableye,Moves,,Low Kick,4.167
2016-12_gen4ou-0.json,Sableye,Moves,,Magic Coat,4.167
2016-12_gen4ou-0.json,Sableye,Moves,,Mega Kick,4.167
2016-12_gen4ou-0.json,Sableye,Moves,,Trick,4.167
2016-12_gen4ou-0.json,Sableye,Moves,,Fire Punch,4.167
2016-12_gen4ou-0.json,Sableye,Moves,,Hidden Power Electric,3.125
2016-12_gen4ou-0.json,Sableye,Moves,,Feint Attack,3.125
2016-12_gen4ou-0.json,Sableye,Moves,,Ice Punch,3.125
2016-12_gen4ou-0.json,Sableye,Moves,,Other,17.708
2016-12_gen4ou-0.json,Dusclops,Stats,Raw count,,105
2016-12_gen4ou-0.json,Dusclops,Stats,Avg. weight,,1.0
2016-12_gen4ou-0.json,Dusclops,Stats,Viability Ceiling,,65
2016-12_gen4ou-0.json,Dusclops,Stats,Bold,,27.619
2016-12_gen4ou-0.json,Dusclops,Stats,Impish,,25.714
2016-12_gen4ou-0.json,Dusclops,Stats,Sassy,,12.381
2016-12_gen4ou-0.json,Dusclops,Stats,Careful,,8.571
2016-12_gen4ou-0.json,Dusclops,Stats,Calm,,4.762
2016-12_gen4ou-0.json,Dusclops,Abilities,,Pressure,100.0
2016-12_gen4ou-0.json,Dusclops,Items,,Leftovers,97.143
2016-12_gen4ou-0.json,Dusclops,Items,,Other,2.857
2016-12_gen4ou-0.json,Dusclops,Spreads,,Other,15.238
2016-12_gen4ou-0.json,Dusclops,Moves,,Pain Split,80.0
2016-12_gen4ou-0.json,Dusclops,Moves,,Will-O-Wisp,63.81
2016-12_gen4ou-0.json,Dusclops,Moves,,Shadow Ball,38.095
2016-12_gen4ou-0.json,Dusclops,Moves,,Night Shade,35.238
2016-12_gen4ou-0.json,Dusclops,Moves,,Protect,28.571
2016-12_gen4ou-0.json,Dusclops,Moves,,Hidden Power Fighting,27.619
2016-12_gen4ou-0.json,Dusclops,Moves,,Shadow Sneak,25.714
2016-12_gen4ou-0.json,Dusclops,Moves,,Rest,24.762
2016-12_gen4ou-0.json,Dusclops,Moves,,Toxic,21.905
2016-12_gen4ou-0.json,Dusclops,Moves,,Seismic Toss,18.095
2016-12_gen4ou-0.json,Dusclops,Moves,,Confuse Ray,12.381
2016-12_gen4ou-0.json,Dusclops,Moves,,Rain Dance,3.81
2016-12_gen4ou-0.json,Dusclops,Moves,,Ice Beam,2.857
2016-12_gen4ou-0.json,Dusclops,Moves,,Other,17.143
2016-12_gen4ou-0.json,Mesprit,Stats,Raw count,,93
2016-12_gen4ou-0.json,Mesprit,Stats,Avg. weight,,1.0
2016-12_gen4ou-0.json,Mesprit,Stats,Viability Ceiling,,60
2016-12_gen4ou-0.json,Mesprit,Stats,Brave,,20.430
2016-12_gen4ou-0.json,Mesprit,Stats,Hardy,,5.376
2016-12_gen4ou-0.json,Mesprit,Stats,Adamant,,9.677
2016-12_gen4ou-0.json,Mesprit,Stats,Bold,,8.602
2016-12_gen4ou-0.json,Mesprit,Stats,Modest,,5.376
2016-12_gen4ou-0.json,Mesprit,Abilities,,Levitate,100.0
2016-12_gen4ou-0.json,Mesprit,Items,,Leftovers,53.763
2016-12_gen4ou-0.json,Mesprit,Items,,Chesto Berry,16.129
2016-12_gen4ou-0.json,Mesprit,Items,,Sitrus Berry,9.677
2016-12_gen4ou-0.json,Mesprit,Items,,Nothing,9.677
2016-12_gen4ou-0.json,Mesprit,Items,,Choice Band,5.376
2016-12_gen4ou-0.json,Mesprit,Items,,Mind Plate,1.075
2016-12_gen4ou-0.json,Mesprit,Items,,Other,4.301
2016-12_gen4ou-0.json,Mesprit,Spreads,,Other,37.634
2016-12_gen4ou-0.json,Mesprit,Moves,,Psychic,38.71
2016-12_gen4ou-0.json,Mesprit,Moves,,U-turn,37.634
2016-12_gen4ou-0.json,Mesprit,Moves,,Trick Room,36.559
2016-12_gen4ou-0.json,Mesprit,Moves,,Healing Wish,33.333
2016-12_gen4ou-0.json,Mesprit,Moves,,Fire Punch,27.957
2016-12_gen4ou-0.json,Mesprit,Moves,,Ice Beam,24.731
2016-12_gen4ou-0.json,Mesprit,Moves,,Calm Mind,21.505
2016-12_gen4ou-0.json,Mesprit,Moves,,Thunderbolt,20.43
2016-12_gen4ou-0.json,Mesprit,Moves,,Stealth Rock,18.28
2016-12_gen4ou-0.json,Mesprit,Moves,,Hidden Power Fire,15.054
2016-12_gen4ou-0.json,Mesprit,Moves,,Thunder Wave,15.054
2016-12_gen4ou-0.json,Mesprit,Moves,,Zen Headbutt,13.978
2016-12_gen4ou-0.json,Mesprit,Moves,,Ice Punch,11.828
2016-12_gen4ou-0.json,Mesprit,Moves,,Return,9.677
2016-12_gen4ou-0.json,Mesprit,Moves,,Extrasensory,9.677
2016-12_gen4ou-0.json,Mesprit,Moves,,Shadow Ball,9.677
2016-12_gen4ou-0.json,Mesprit,Moves,,Knock Off,9.677
2016-12_gen4ou-0.json,Mesprit,Moves,,Blizzard,7.527
2016-12_gen4ou-0.json,Mesprit,Moves,,Energy Ball,6.452
2016-12_gen4ou-0.json,Mesprit,Moves,,Rain Dance,5.376
2016-12_gen4ou-0.json,Mesprit,Moves,,Protect,5.376
2016-12_gen4ou-0.json,Mesprit,Moves,,Grass Knot,5.376
2016-12_gen4ou-0.json,Mesprit,Moves,,Other,16.129
2016-12_gen4ou-0.json,Omastar,Stats,Raw count,,89
2016-12_gen4ou-0.json,Omastar,Stats,Avg. weight,,1.0
2016-12_gen4ou-0.json,Omastar,Stats,Viability Ceiling,,67
2016-12_gen4ou-0.json,Omastar,Stats,Bold,,40.449
2016-12_gen4ou-0.json,Omastar,Stats,Modest,,17.978
2016-12_gen4ou-0.json,Omastar,Stats,Hardy,,10.112
2016-12_gen4ou-0.json,Omastar,Stats,Relaxed,,8.989
2016-12_gen4ou-0.json,Omastar,Stats,Calm,,3.371
2016-12_gen4ou-0.json,Omastar,Abilities,,Shell Armor,67.416
2016-12_gen4ou-0.json,Omastar,Abilities,,Swift Swim,32.584
2016-12_gen4ou-0.json,Omastar,Items,,Leftovers,62.921
2016-12_gen4ou-0.json,Omastar,Items,,Life Orb,17.978
2016-12_gen4ou-0.json,Omastar,Items,,Damp Rock,13.483
2016-12_gen4ou-0.json,Omastar,Items,,Focus Sash,3.371
2016-12_gen4ou-0.json,Omastar,Items,,Other,2.247
2016-12_gen4ou-0.json,Omastar,Spreads,,Other,6.742
2016-12_gen4ou-0.json,Omastar,Moves,,Surf,76.404
2016-12_gen4ou-0.json,Omastar,Moves,,Ice Beam,69.663
2016-12_gen4ou-0.json,Omastar,Moves,,Earth Power,57.303
2016-12_gen4ou-0.json,Omastar,Moves,,Spikes,47.191
2016-12_gen4ou-0.json,Omastar,Moves,,Rain Dance,31.461
2016-12_gen4ou-0.json,Omastar,Moves,,Toxic Spikes,25.843
2016-12_gen4ou-0.json,Omastar,Moves,,Stealth Rock,24.719
2016-12_gen4ou-0.json,Omastar,Moves,,Hydro Pump,22.472
2016-12_gen4ou-0.json,Omastar,Moves,,Hidden Power Grass,11.236
2016-12_gen4ou-0.json,Omastar,Moves,,Toxic,11.236
2016-12_gen4ou-0.json,Omastar,Moves,,Hidden Power Fire,10.112
2016-12_gen4ou-0.json,Omastar,Moves,,Other,12.36
2016-12_gen4ou-0.json,Hypno,Stats,Raw count,,89
2016-12_gen4ou-0.json,Hypno,Stats,Avg. weight,,1.0
2016-12_gen4ou-0.json,Hypno,Stats,Viability Ceiling,,84
2016-12_gen4ou-0.json,Hypno,Stats,Calm,,58.427
2016-12_gen4ou-0.json,Hypno,Stats,Hardy,,3.371
2016-12_gen4ou-0.json,Hypno,Stats,Modest,,8.989
2016-12_gen4ou-0.json,Hypno,Stats,Bold,,5.618
2016-12_gen4ou-0.json,Hypno,Stats,Brave,,3.371
2016-12_gen4ou-0.json,Hypno,Abilities,,Insomnia,97.753
2016-12_gen4ou-0.json,Hypno,Abilities,,Forewarn,2.247
2016-12_gen4ou-0.json,Hypno,Items,,Leftovers,82.022
2016-12_gen4ou-0.json,Hypno,Items,,Odd Incense,8.989
2016-12_gen4ou-0.json,Hypno,Items,,Iron Ball,3.371
2016-12_gen4ou-0.json,Hypno,Items,,Wide Lens,3.371
2016-12_gen4ou-0.json,Hypno,Items,,Other,2.247
2016-12_gen4ou-0.json,Hypno,Spreads,,Other,5.618
2016-12_gen4ou-0.json,Hypno,Moves,,Substitute,69.663
2016-12_gen4ou-0.json,Hypno,Moves,,Calm Mind,69.663
2016-12_gen4ou-0.json,Hypno,Moves,,Baton Pass,69.663
2016-12_gen4ou-0.json,Hypno,Moves,,Taunt,58.427
2016-12_gen4ou-0.json,Hypno,Moves,,Psychic,19.101
2016-12_gen4ou-0.json,Hypno,Moves,,Dream Eater,16.854
2016-12_gen4ou-0.json,Hypno,Moves,,Hypnosis,16.854
2016-12_gen4ou-0.json,Hypno,Moves,,Nasty Plot,11.236
2016-12_gen4ou-0.json,Hypno,Moves,,Nightmare,8.989
2016-12_gen4ou-0.json,Hypno,Moves,,Signal Beam,6.742
2016-12_gen4ou-0.json,Hypno,Moves,,Toxic,5.618
2016-12_gen4ou-0.json,Hypno,Moves,,Shadow Ball,4.494
2016-12_gen4ou-0.json,Hypno,Moves,,Ice Punch,4.494
2016-12_gen4ou-0.json,Hypno,Moves,,Barrier,4.494
2016-12_gen4ou-0.json,Hypno,Moves,,Light Screen,4.494
2016-12_gen4ou-0.json,Hypno,Moves,,Wish,4.494
2016-12_gen4ou-0.json,Hypno,Moves,,Fire Punch,3.371
2016-12_gen4ou-0.json,Hypno,Moves,,Trick Room,3.371
2016-12_gen4ou-0.json,Hypno,Moves,,Other,17.978
2016-12_gen4ou-0.json,Regirock,Stats,Raw count,,88
2016-12_gen4ou-0.json,Regirock,Stats,Avg. weight,,1.0
2016-12_gen4ou-0.json,Regirock,Stats,Viability Ceiling,,55
2016-12_gen4ou-0.json,Regirock,Stats,Hardy,,35.227
2016-12_gen4ou-0.json,Regirock,Stats,Impish,,35.227
2016-12_gen4ou-0.json,Regirock,Stats,Adamant,,3.409
2016-12_gen4ou-0.json,Regirock,Stats,Careful,,4.545
2016-12_gen4ou-0.json,Regirock,Abilities,,Clear Body,100.0
2016-12_gen4ou-0.json,Regirock,Items,,Chesto Berry,39.773
2016-12_gen4ou-0.json,Regirock,Items,,Heat Rock,21.591
2016-12_gen4ou-0.json,Regirock,Items,,Leftovers,17.045
2016-12_gen4ou-0.json,Regirock,Items,,Nothing,7.955
2016-12_gen4ou-0.json,Regirock,Items,,Rock Incense,3.409
2016-12_gen4ou-0.json,Regirock,Items,,Choice Band,3.409
2016-12_gen4ou-0.json,Regirock,Items,,Stone Plate,2.273
2016-12_gen4ou-0.json,Regirock,Items,,Other,4.545
2016-12_gen4ou-0.json,Regirock,Spreads,,Other,10.227
2016-12_gen4ou-0.json,Regirock,Moves,,Stealth Rock,56.818
2016-12_gen4ou-0.json,Regirock,Moves,,Rock Slide,47.727
2016-12_gen4ou-0.json,Regirock,Moves,,Rest,44.318
2016-12_gen4ou-0.json,Regirock,Moves,,Curse,42.045
2016-12_gen4ou-0.json,Regirock,Moves,,Stone Edge,39.773
2016-12_gen4ou-0.json,Regirock,Moves,,Explosion,28.409
2016-12_gen4ou-0.json,Regirock,Moves,,Earthquake,26.136
2016-12_gen4ou-0.json,Regirock,Moves,,Sunny Day,21.591
2016-12_gen4ou-0.json,Regirock,Moves,,Hammer Arm,9.091
2016-12_gen4ou-0.json,Regirock,Moves,,Self-Destruct,7.955
2016-12_gen4ou-0.json,Regirock,Moves,,Thunder Punch,7.955
2016-12_gen4ou-0.json,Regirock,Moves,,Ancient Power,6.818
2016-12_gen4ou-0.json,Regirock,Moves,,Hyper Beam,6.818
2016-12_gen4ou-0.json,Regirock,Moves,,Rock Throw,4.545
2016-12_gen4ou-0.json,Regirock,Moves,,Rock Tomb,4.545
2016-12_gen4ou-0.json,Regirock,Moves,,Rock Polish,3.409
2016-12_gen4ou-0.json,Regirock,Moves,,Substitute,3.409
2016-12_gen4ou-0.json,Regirock,Moves,,Lock-On,3.409
2016-12_gen4ou-0.json,Regirock,Moves,,Earth Power,3.409
2016-12_gen4ou-0.json,Regirock,Moves,,Toxic,3.409
2016-12_gen4ou-0.json,Regirock,Moves,,Rollout,2.273
2016-12_gen4ou-0.json,Regirock,Moves,,Fire Punch,2.273
2016-12_gen4ou-0.json,Regirock,Moves,,Sleep Talk,2.273
2016-12_gen4ou-0.json,Regirock,Moves,,Superpower,2.273
2016-12_gen4ou-0.json,Regirock,Moves,,Other,19.318
2016-12_gen4ou-0.json,Zangoose,Stats,Raw count,,84
2016-12_gen4ou-0.json,Zangoose,Stats,Avg. weight,,1.0
2016-12_gen4ou-0.json,Zangoose,Stats,Viability Ceiling,,67
2016-12_gen4ou-0.json,Zangoose,Stats,Jolly,,20.238
2016-12_gen4ou-0.json,Zangoose,Stats,Lonely,,7.143
2016-12_gen4ou-0.json,Zangoose,Abilities,,Immunity,100.0
2016-12_gen4ou-0.json,Zangoose,Items,,Silk Scarf,78.571
2016-12_gen4ou-0.json,Zangoose,Items,,Choice Band,19.048
2016-12_gen4ou-0.json,Zangoose,Items,,Other,2.381
2016-12_gen4ou-0.json,Zangoose,Moves,,Fire Punch,79.762
2016-12_gen4ou-0.json,Zangoose,Moves,,Crush Claw,78.571
2016-12_gen4ou-0.json,Zangoose,Moves,,Brick Break,78.571
2016-12_gen4ou-0.json,Zangoose,Moves,,Swords Dance,78.571
2016-12_gen4ou-0.json,Zangoose,Moves,,Thunder Punch,20.238
2016-12_gen4ou-0.json,Zangoose,Moves,,Close Combat,19.048
2016-12_gen4ou-0.json,Zangoose,Moves,,Double-Edge,19.048
2016-12_gen4ou-0.json,Zangoose,Moves,,Pursuit,19.048
2016-12_gen4ou-0.json,Zangoose,Moves,,Other,7.143
2016-12_gen4ou-0.json,Rattata,Stats,Raw count,,92
2016-12_gen4ou-0.json,Rattata,Stats,Avg. weight,,1.0
2016-12_gen4ou-0.json,Rattata,Stats,Viability Ceiling,,55
2016-12_gen4ou-0.json,Rattata,Stats,Hardy,,2.174
2016-12_gen4ou-0.json,Rattata,Stats,Lonely,,9.783
2016-12_gen4ou-0.json,Rattata,Stats,Adamant,,8.696
2016-12_gen4ou-0.json,Rattata,Stats,Jolly,,7.609
2016-12_gen4ou-0.json,Rattata,Stats,Naive,,3.261
2016-12_gen4ou-0.json,Rattata,Abilities,,Run Away,59.783
2016-12_gen4ou-0.json,Rattata,Abilities,,Guts,40.217
2016-12_gen4ou-0.json,Rattata,Items,,Focus Sash,95.652
2016-12_gen4ou-0.json,Rattata,Items,,Other,4.348
2016-12_gen4ou-0.json,Rattata,Spreads,,Other,28.261
2016-12_gen4ou-0.json,Rattata,Moves,,Quick Attack,94.565
2016-12_gen4ou-0.json,Rattata,Moves,,Endeavor,93.478
2016-12_gen4ou-0.json,Rattata,Moves,,Nothing,64.13
2016-12_gen4ou-0.json,Rattata,Moves,,Protect,20.652
2016-12_gen4ou-0.json,Rattata,Moves,,Blizzard,16.304
2016-12_gen4ou-0.json,Rattata,Moves,,Crunch,16.304
2016-12_gen4ou-0.json,Rattata,Moves,,Counter,11.957
2016-12_gen4ou-0.json,Rattata,Moves,,Body Slam,9.783
2016-12_gen4ou-0.json,Rattata,Moves,,Tackle,9.783
2016-12_gen4ou-0.json,Rattata,Moves,,Hyper Fang,9.783
2016-12_gen4ou-0.json,Rattata,Moves,,Sucker Punch,8.696
2016-12_gen4ou-0.json,Rattata,Moves,,Shadow Ball,6.522
2016-12_gen4ou-0.json,Rattata,Moves,,Bite,6.522
2016-12_gen4ou-0.json,Rattata,Moves,,Focus Energy,4.348
2016-12_gen4ou-0.json,Rattata,Moves,,Toxic,4.348
2016-12_gen4ou-0.json,Rattata,Moves,,Endure,3.261
2016-12_gen4ou-0.json,Rattata,Moves,,Other,19.565
2016-12_gen4ou-0.json,Miltank,Stats,Raw count,,93
2016-12_gen4ou-0.json,Miltank,Stats,Avg. weight,,1.0
2016-12_gen4ou-0.json,Miltank,Stats,Viability Ceiling,,65
2016-12_gen4ou-0.json,Miltank,Stats,Careful,,7.527
2016-12_gen4ou-0.json,Miltank,Stats,Impish,,8.602
2016-12_gen4ou-0.json,Miltank,Stats,Hardy,,11.828
2016-12_gen4ou-0.json,Miltank,Stats,Adamant,,8.602
2016-12_gen4ou-0.json,Miltank,Abilities,,Thick Fat,62.366
2016-12_gen4ou-0.json,Miltank,Abilities,,Scrappy,37.634
2016-12_gen4ou-0.json,Miltank,Items,,Leftovers,81.72
2016-12_gen4ou-0.json,Miltank,Items,,Nothing,8.602
2016-12_gen4ou-0.json,Miltank,Items,,Life Orb,4.301
2016-12_gen4ou-0.json,Miltank,Items,,Lum Berry,3.226
2016-12_gen4ou-0.json,Miltank,Items,,Other,2.151
2016-12_gen4ou-0.json,Miltank,Spreads,,Other,26.882
2016-12_gen4ou-0.json,Miltank,Moves,,Milk Drink,96.774
2016-12_gen4ou-0.json,Miltank,Moves,,Heal Bell,39.785
2016-12_gen4ou-0.json,Miltank,Moves,,Curse,37.634
2016-12_gen4ou-0.json,Miltank,Moves,,Body Slam,36.559
2016-12_gen4ou-0.json,Miltank,Moves,,Toxic,23.656
2016-12_gen4ou-0.json,Miltank,Moves,,Rollout,19.355
2016-12_gen4ou-0.json,Miltank,Moves,,Return,18.28
2016-12_gen4ou-0.json,Miltank,Moves,,Seismic Toss,17.204
2016-12_gen4ou-0.json,Miltank,Moves,,Earthquake,12.903
2016-12_gen4ou-0.json,Miltank,Moves,,Brick Break,10.753
2016-12_gen4ou-0.json,Miltank,Moves,,Thunder Wave,10.753
2016-12_gen4ou-0.json,Miltank,Moves,,Attract,9.677
2016-12_gen4ou-0.json,Miltank,Moves,,Rain Dance,9.677
2016-12_gen4ou-0.json,Miltank,Moves,,Stomp,8.602
2016-12_gen4ou-0.json,Miltank,Moves,,Thunder Punch,8.602
2016-12_gen4ou-0.json,Miltank,Moves,,Iron Head,7.527
2016-12_gen4ou-0.json,Miltank,Moves,,Stealth Rock,7.527
2016-12_gen4ou-0.json,Miltank,Moves,,Protect,6.452
2016-12_gen4ou-0.json,Miltank,Moves,,Other,18.28
2016-12_gen4ou-0.json,Mr. Mime,Stats,Raw count,,83
2016-12_gen4ou-0.json,Mr. Mime,Stats,Avg. weight,,1.0
2016-12_gen4ou-0.json,Mr. Mime,Stats,Viability Ceiling,,84
2016-12_gen4ou-0.json,Mr. Mime,Stats,Calm,,4.819
2016-12_gen4ou-0.json,Mr. Mime,Stats,Timid,,13.253
2016-12_gen4ou-0.json,Mr. Mime,Stats,Modest,,10.843
2016-12_gen4ou-0.json,Mr. Mime,Stats,Bold,,4.819
2016-12_gen4ou-0.json,Mr. Mime,Abilities,,Soundproof,78.313
2016-12_gen4ou-0.json,Mr. Mime,Abilities,,Filter,21.687
2016-12_gen4ou-0.json,Mr. Mime,Items,,Leftovers,69.88
2016-12_gen4ou-0.json,Mr. Mime,Items,,Choice Scarf,13.253
2016-12_gen4ou-0.json,Mr. Mime,Items,,Focus Sash,4.819
2016-12_gen4ou-0.json,Mr. Mime,Items,,Toxic Orb,3.614
2016-12_gen4ou-0.json,Mr. Mime,Items,,Black Sludge,2.41
2016-12_gen4ou-0.json,Mr. Mime,Items,,Nothing,2.41
2016-12_gen4ou-0.json,Mr. Mime,Items,,Other,3.614
2016-12_gen4ou-0.json,Mr. Mime,Spreads,,Other,24.096
2016-12_gen4ou-0.json,Mr. Mime,Moves,,Baton Pass,74.699
2016-12_gen4ou-0.json,Mr. Mime,Moves,,Psychic,51.807
2016-12_gen4ou-0.json,Mr. Mime,Moves,,Calm Mind,46.988
2016-12_gen4ou-0.json,Mr. Mime,Moves,,Taunt,46.988
2016-12_gen4ou-0.json,Mr. Mime,Moves,,Reflect,27.711
2016-12_gen4ou-0.json,Mr. Mime,Moves,,Light Screen,26.506
2016-12_gen4ou-0.json,Mr. Mime,Moves,,Substitute,25.301
2016-12_gen4ou-0.json,Mr. Mime,Moves,,Healing Wish,15.663
2016-12_gen4ou-0.json,Mr. Mime,Moves,,Shadow Ball,15.663
2016-12_gen4ou-0.json,Mr. Mime,Moves,,Focus Blast,15.663
2016-12_gen4ou-0.json,Mr. Mime,Moves,,Encore,13.253
2016-12_gen4ou-0.json,Mr. Mime,Moves,,Trick,6.024
2016-12_gen4ou-0.json,Mr. Mime,Moves,,Protect,4.819
2016-12_gen4ou-0.json,Mr. Mime,Moves,,Nasty Plot,4.819
2016-12_gen4ou-0.json,Mr. Mime,Moves,,Fire Punch,3.614
2016-12_gen4ou-0.json,Mr. Mime,Moves,,Zen Headbutt,3.614
2016-12_gen4ou-0.json,Mr. Mime,Moves,,Other,16.867
2016-12_gen4ou-0.json,Muk,Stats,Raw count,,87
2016-12_gen4ou-0.json,Muk,Stats,Avg. weight,,1.0
2016-12_gen4ou-0.json,Muk,Stats,Viability Ceiling,,69
2016-12_gen4ou-0.json,Muk,Stats,Careful,,4.598
2016-12_gen4ou-0.json,Muk,Stats,Adamant,,21.839
2016-12_gen4ou-0.json,Muk,Stats,Hardy,,5.747
2016-12_gen4ou-0.json,Muk,Abilities,,Stench,56.322
2016-12_gen4ou-0.json,Muk,Abilities,,Sticky Hold,43.678
2016-12_gen4ou-0.json,Muk,Items,,Black Sludge,50.575
2016-12_gen4ou-0.json,Muk,Items,,Custap Berry,20.69
2016-12_gen4ou-0.json,Muk,Items,,Leftovers,11.494
2016-12_gen4ou-0.json,Muk,Items,,Life Orb,4.598
2016-12_gen4ou-0.json,Muk,Items,,Poison Barb,3.448
2016-12_gen4ou-0.json,Muk,Items,,Never-Melt Ice,2.299
2016-12_gen4ou-0.json,Muk,Items,,Toxic Orb,2.299
2016-12_gen4ou-0.json,Muk,Items,,Other,4.598
2016-12_gen4ou-0.json,Muk,Spreads,,Other,19.54
2016-12_gen4ou-0.json,Muk,Moves,,Poison Jab,51.724
2016-12_gen4ou-0.json,Muk,Moves,,Shadow Sneak,39.08
2016-12_gen4ou-0.json,Muk,Moves,,Explosion,39.08
2016-12_gen4ou-0.json,Muk,Moves,,Ice Punch,39.08
2016-12_gen4ou-0.json,Muk,Moves,,Brick Break,37.931
2016-12_gen4ou-0.json,Muk,Moves,,Curse,35.632
2016-12_gen4ou-0.json,Muk,Moves,,Fire Punch,25.287
2016-12_gen4ou-0.json,Muk,Moves,,Gunk Shot,20.69
2016-12_gen4ou-0.json,Muk,Moves,,Dark Pulse,14.943
2016-12_gen4ou-0.json,Muk,Moves,,Pain Split,12.644
2016-12_gen4ou-0.json,Muk,Moves,,Shadow Punch,11.494
2016-12_gen4ou-0.json,Muk,Moves,,Body Slam,11.494
2016-12_gen4ou-0.json,Muk,Moves,,Rest,10.345
2016-12_gen4ou-0.json,Muk,Moves,,Sleep Talk,9.195
2016-12_gen4ou-0.json,Muk,Moves,,Shadow Ball,8.046
2016-12_gen4ou-0.json,Muk,Moves,,Protect,6.897
2016-12_gen4ou-0.json,Muk,Moves,,Sludge Bomb,3.448
2016-12_gen4ou-0.json,Muk,Moves,,Flamethrower,3.448
2016-12_gen4ou-0.json,Muk,Moves,,Other,19.54
2016-12_gen4ou-0.json,Pidgeot,Stats,Raw count,,99
2016-12_gen4ou-0.json,Pidgeot,Stats,Avg. weight,,1.0
2016-12_gen4ou-0.json,Pidgeot,Stats,Viability Ceiling,,53
2016-12_gen4ou-0.json,Pidgeot,Stats,Hardy,,4.040
2016-12_gen4ou-0.json,Pidgeot,Stats,Jolly,,7.071
2016-12_gen4ou-0.json,Pidgeot,Stats,Quiet,,6.061
2016-12_gen4ou-0.json,Pidgeot,Stats,Adamant,,5.051
2016-12_gen4ou-0.json,Pidgeot,Abilities,,Keen Eye,87.879
2016-12_gen4ou-0.json,Pidgeot,Abilities,,Tangled Feet,12.121
2016-12_gen4ou-0.json,Pidgeot,Items,,Choice Scarf,25.253
2016-12_gen4ou-0.json,Pidgeot,Items,,Nothing,24.242
2016-12_gen4ou-0.json,Pidgeot,Items,,Leftovers,16.162
2016-12_gen4ou-0.json,Pidgeot,Items,,Expert Belt,7.071
2016-12_gen4ou-0.json,Pidgeot,Items,,Macho Brace,6.061
2016-12_gen4ou-0.json,Pidgeot,Items,,Sitrus Berry,5.051
2016-12_gen4ou-0.json,Pidgeot,Items,,Iapapa Berry,5.051
2016-12_gen4ou-0.json,Pidgeot,Items,,Sharp Beak,2.02
2016-12_gen4ou-0.json,Pidgeot,Items,,Lax Incense,2.02
2016-12_gen4ou-0.json,Pidgeot,Items,,Black Belt,2.02
2016-12_gen4ou-0.json,Pidgeot,Items,,Razor Claw,2.02
2016-12_gen4ou-0.json,Pidgeot,Items,,Other,3.03
2016-12_gen4ou-0.json,Pidgeot,Spreads,,Other,30.303
2016-12_gen4ou-0.json,Pidgeot,Moves,,Brave Bird,60.606
2016-12_gen4ou-0.json,Pidgeot,Moves,,Heat Wave,38.384
2016-12_gen4ou-0.json,Pidgeot,Moves,,U-turn,38.384
2016-12_gen4ou-0.json,Pidgeot,Moves,,Fly,35.354
2016-12_gen4ou-0.json,Pidgeot,Moves,,Defog,31.313
2016-12_gen4ou-0.json,Pidgeot,Moves,,Air Slash,30.303
2016-12_gen4ou-0.json,Pidgeot,Moves,,Agility,22.222
2016-12_gen4ou-0.json,Pidgeot,Moves,,Sky Attack,18.182
2016-12_gen4ou-0.json,Pidgeot,Moves,,Wing Attack,16.162
2016-12_gen4ou-0.json,Pidgeot,Moves,,Aerial Ace,14.141
2016-12_gen4ou-0.json,Pidgeot,Moves,,Roost,13.131
2016-12_gen4ou-0.json,Pidgeot,Moves,,Steel Wing,13.131
2016-12_gen4ou-0.json,Pidgeot,Moves,,Quick Attack,11.111
2016-12_gen4ou-0.json,Pidgeot,Moves,,Return,9.091
2016-12_gen4ou-0.json,Pidgeot,Moves,,Gust,8.081
2016-12_gen4ou-0.json,Pidgeot,Moves,,Mirror Move,7.071
2016-12_gen4ou-0.json,Pidgeot,Moves,,Giga Impact,6.061
2016-12_gen4ou-0.json,Pidgeot,Moves,,Sand Attack,3.03
2016-12_gen4ou-0.json,Pidgeot,Moves,,Hidden Power Fighting,2.02
2016-12_gen4ou-0.json,Pidgeot,Moves,,Facade,2.02
2016-12_gen4ou-0.json,Pidgeot,Moves,,Hidden Power Dark,2.02
2016-12_gen4ou-0.json,Pidgeot,Moves,,Other,18.182
2016-12_gen4ou-0.json,Rotom,Stats,Raw count,,77
2016-12_gen4ou-0.json,Rotom,Stats,Avg. weight,,1.0
2016-12_gen4ou-0.json,Rotom,Stats,Viability Ceiling,,59
2016-12_gen4ou-0.json,Rotom,Stats,Timid,,7.792
2016-12_gen4ou-0.json,Rotom,Stats,Hardy,,11.688
2016-12_gen4ou-0.json,Rotom,Stats,Calm,,5.195
2016-12_gen4ou-0.json,Rotom,Stats,Modest,,5.195
2016-12_gen4ou-0.json,Rotom,Abilities,,Levitate,100.0
2016-12_gen4ou-0.json,Rotom,Items,,Leftovers,84.416
2016-12_gen4ou-0.json,Rotom,Items,,Life Orb,3.896
2016-12_gen4ou-0.json,Rotom,Items,,Choice Scarf,3.896
2016-12_gen4ou-0.json,Rotom,Items,,Leppa Berry,3.896
2016-12_gen4ou-0.json,Rotom,Items,,Other,3.896
2016-12_gen4ou-0.json,Rotom,Spreads,,Other,18.182
2016-12_gen4ou-0.json,Rotom,Moves,,Dark Pulse,53.247
2016-12_gen4ou-0.json,Rotom,Moves,,Shadow Ball,36.364
2016-12_gen4ou-0.json,Rotom,Moves,,Ominous Wind,32.468
2016-12_gen4ou-0.json,Rotom,Moves,,Charge Beam,29.87
2016-12_gen4ou-0.json,Rotom,Moves,,Hidden Power Fighting,28.571
2016-12_gen4ou-0.json,Rotom,Moves,,Signal Beam,28.571
2016-12_gen4ou-0.json,Rotom,Moves,,Toxic,27.273
2016-12_gen4ou-0.json,Rotom,Moves,,Thunderbolt,27.273
2016-12_gen4ou-0.json,Rotom,Moves,,Protect,25.974
2016-12_gen4ou-0.json,Rotom,Moves,,Pain Split,24.675
2016-12_gen4ou-0.json,Rotom,Moves,,Confuse Ray,20.779
2016-12_gen4ou-0.json,Rotom,Moves,,Thunder Wave,14.286
2016-12_gen4ou-0.json,Rotom,Moves,,Discharge,14.286
2016-12_gen4ou-0.json,Rotom,Moves,,Will-O-Wisp,11.688
2016-12_gen4ou-0.json,Rotom,Moves,,Thunder,6.494
2016-12_gen4ou-0.json,Rotom,Moves,,Other,18.182
2016-12_gen4ou-0.json,Rotom-Fan,Stats,Raw count,,77
2016-12_gen4ou-0.json,Rotom-Fan,Stats,Avg. weight,,1.0
2016-12_gen4ou-0.json,Rotom-Fan,Stats,Viability Ceiling,,67
2016-12_gen4ou-0.json,Rotom-Fan,Stats,Timid,,7.792
2016-12_gen4ou-0.json,Rotom-Fan,Stats,Bold,,20.779
2016-12_gen4ou-0.json,Rotom-Fan,Stats,Mild,,10.390
2016-12_gen4ou-0.json,Rotom-Fan,Stats,Modest,,6.494
2016-12_gen4ou-0.json,Rotom-Fan,Stats,Hardy,,6.494
2016-12_gen4ou-0.json,Rotom-Fan,Abilities,,Levitate,100.0
2016-12_gen4ou-0.json,Rotom-Fan,Items,,Leftovers,40.26
2016-12_gen4ou-0.json,Rotom-Fan,Items,,Life Orb,27.273
2016-12_gen4ou-0.json,Rotom-Fan,Items,,Focus Sash,10.39
2016-12_gen4ou-0.json,Rotom-Fan,Items,,Nothing,6.494
2016-12_gen4ou-0.json,Rotom-Fan,Items,,Choice Specs,5.195
2016-12_gen4ou-0.json,Rotom-Fan,Items,,Magnet,2.597
2016-12_gen4ou-0.json,Rotom-Fan,Items,,Wise Glasses,2.597
2016-12_gen4ou-0.json,Rotom-Fan,Items,,Choice Band,2.597
2016-12_gen4ou-0.json,Rotom-Fan,Items,,Other,2.597
2016-12_gen4ou-0.json,Rotom-Fan,Spreads,,Other,16.883
2016-12_gen4ou-0.json,Rotom-Fan,Moves,,Shadow Ball,63.636
2016-12_gen4ou-0.json,Rotom-Fan,Moves,,Discharge,54.545
2016-12_gen4ou-0.json,Rotom-Fan,Moves,,Thunderbolt,42.857
2016-12_gen4ou-0.json,Rotom-Fan,Moves,,Air Slash,41.558
2016-12_gen4ou-0.json,Rotom-Fan,Moves,,Will-O-Wisp,32.468
2016-12_gen4ou-0.json,Rotom-Fan,Moves,,Substitute,24.675
2016-12_gen4ou-0.json,Rotom-Fan,Moves,,Pain Split,24.675
2016-12_gen4ou-0.json,Rotom-Fan,Moves,,Rest,20.779
2016-12_gen4ou-0.json,Rotom-Fan,Moves,,Sleep Talk,20.779
2016-12_gen4ou-0.json,Rotom-Fan,Moves,,Thunder Wave,15.584
2016-12_gen4ou-0.json,Rotom-Fan,Moves,,Hidden Power Fighting,10.39
2016-12_gen4ou-0.json,Rotom-Fan,Moves,,Psych Up,10.39
2016-12_gen4ou-0.json,Rotom-Fan,Moves,,Dark Pulse,10.39
2016-12_gen4ou-0.json,Rotom-Fan,Moves,,Hidden Power Psychic,9.091
2016-12_gen4ou-0.json,Rotom-Fan,Moves,,Other,18.182
2016-12_gen4ou-0.json,Scyther,Stats,Raw count,,74
2016-12_gen4ou-0.json,Scyther,Stats,Avg. weight,,1.0
2016-12_gen4ou-0.json,Scyther,Stats,Viability Ceiling,,62
2016-12_gen4ou-0.json,Scyther,Stats,Jolly,,17.568
2016-12_gen4ou-0.json,Scyther,Stats,Hardy,,5.405
2016-12_gen4ou-0.json,Scyther,Stats,Hasty,,6.757
2016-12_gen4ou-0.json,Scyther,Stats,Rash,,5.405
2016-12_gen4ou-0.json,Scyther,Abilities,,Technician,59.459
2016-12_gen4ou-0.json,Scyther,Abilities,,Swarm,40.541
2016-12_gen4ou-0.json,Scyther,Items,,Choice Band,22.973
2016-12_gen4ou-0.json,Scyther,Items,,Leftovers,18.919
2016-12_gen4ou-0.json,Scyther,Items,,Sharp Beak,17.568
2016-12_gen4ou-0.json,Scyther,Items,,Focus Sash,9.459
2016-12_gen4ou-0.json,Scyther,Items,,Choice Scarf,8.108
2016-12_gen4ou-0.json,Scyther,Items,,Nothing,6.757
2016-12_gen4ou-0.json,Scyther,Items,,SilverPowder,5.405
2016-12_gen4ou-0.json,Scyther,Items,,Life Orb,4.054
2016-12_gen4ou-0.json,Scyther,Items,,Lum Berry,4.054
2016-12_gen4ou-0.json,Scyther,Items,,Other,2.703
2016-12_gen4ou-0.json,Scyther,Spreads,,Other,28.378
2016-12_gen4ou-0.json,Scyther,Moves,,Wing Attack,48.649
2016-12_gen4ou-0.json,Scyther,Moves,,Aerial Ace,45.946
2016-12_gen4ou-0.json,Scyther,Moves,,Swords Dance,45.946
2016-12_gen4ou-0.json,Scyther,Moves,,Quick Attack,29.73
2016-12_gen4ou-0.json,Scyther,Moves,,Bug Bite,24.324
2016-12_gen4ou-0.json,Scyther,Moves,,Baton Pass,17.568
2016-12_gen4ou-0.json,Scyther,Moves,,Toxic,17.568
2016-12_gen4ou-0.json,Scyther,Moves,,Swagger,17.568
2016-12_gen4ou-0.json,Scyther,Moves,,Agility,16.216
2016-12_gen4ou-0.json,Scyther,Moves,,Steel Wing,16.216
2016-12_gen4ou-0.json,Scyther,Moves,,X-Scissor,14.865
2016-12_gen4ou-0.json,Scyther,Moves,,Brick Break,14.865
2016-12_gen4ou-0.json,Scyther,Moves,,U-turn,14.865
2016-12_gen4ou-0.json,Scyther,Moves,,Roost,10.811
2016-12_gen4ou-0.json,Scyther,Moves,,Air Slash,9.459
2016-12_gen4ou-0.json,Scyther,Moves,,Night Slash,8.108
2016-12_gen4ou-0.json,Scyther,Moves,,Protect,8.108
2016-12_gen4ou-0.json,Scyther,Moves,,Bug Buzz,8.108
2016-12_gen4ou-0.json,Scyther,Moves,,Slash,5.405
2016-12_gen4ou-0.json,Scyther,Moves,,Thief,4.054
2016-12_gen4ou-0.json,Scyther,Moves,,Silver Wind,4.054
2016-12_gen4ou-0.json,Scyther,Moves,,Other,17.568
2016-12_gen4ou-0.json,Lopunny,Stats,Raw count,,72
2016-12_gen4ou-0.json,Lopunny,Stats,Avg. weight,,1.0
2016-12_gen4ou-0.json,Lopunny,Stats,Viability Ceiling,,61
2016-12_gen4ou-0.json,Lopunny,Stats,Jolly,,34.722
2016-12_gen4ou-0.json,Lopunny,Stats,Hardy,,6.944
2016-12_gen4ou-0.json,Lopunny,Stats,Timid,,5.556
2016-12_gen4ou-0.json,Lopunny,Stats,Adamant,,5.556
2016-12_gen4ou-0.json,Lopunny,Abilities,,Cute Charm,97.222
2016-12_gen4ou-0.json,Lopunny,Abilities,,Klutz,2.778
2016-12_gen4ou-0.json,Lopunny,Items,,Leftovers,36.111
2016-12_gen4ou-0.json,Lopunny,Items,,Focus Sash,29.167
2016-12_gen4ou-0.json,Lopunny,Items,,Liechi Berry,9.722
2016-12_gen4ou-0.json,Lopunny,Items,,Life Orb,8.333
2016-12_gen4ou-0.json,Lopunny,Items,,Choice Scarf,8.333
2016-12_gen4ou-0.json,Lopunny,Items,,Chople Berry,2.778
2016-12_gen4ou-0.json,Lopunny,Items,,Expert Belt,2.778
2016-12_gen4ou-0.json,Lopunny,Items,,Other,2.778
2016-12_gen4ou-0.json,Lopunny,Spreads,,Other,27.778
2016-12_gen4ou-0.json,Lopunny,Moves,,Drain Punch,47.222
2016-12_gen4ou-0.json,Lopunny,Moves,,Fake Out,45.833
2016-12_gen4ou-0.json,Lopunny,Moves,,Jump Kick,29.167
2016-12_gen4ou-0.json,Lopunny,Moves,,Return,26.389
2016-12_gen4ou-0.json,Lopunny,Moves,,Thunder Punch,20.833
2016-12_gen4ou-0.json,Lopunny,Moves,,Substitute,19.444
2016-12_gen4ou-0.json,Lopunny,Moves,,Baton Pass,19.444
2016-12_gen4ou-0.json,Lopunny,Moves,,Agility,19.444
2016-12_gen4ou-0.json,Lopunny,Moves,,Ice Punch,19.444
2016-12_gen4ou-0.json,Lopunny,Moves,,Fire Punch,13.889
2016-12_gen4ou-0.json,Lopunny,Moves,,Focus Blast,13.889
2016-12_gen4ou-0.json,Lopunny,Moves,,Encore,13.889
2016-12_gen4ou-0.json,Lopunny,Moves,,Thunder Wave,12.5
2016-12_gen4ou-0.json,Lopunny,Moves,,Quick Attack,12.5
2016-12_gen4ou-0.json,Lopunny,Moves,,Blizzard,11.111
2016-12_gen4ou-0.json,Lopunny,Moves,,Dizzy Punch,11.111
2016-12_gen4ou-0.json,Lopunny,Moves,,Thunder,6.944
2016-12_gen4ou-0.json,Lopunny,Moves,,Low Kick,6.944
2016-12_gen4ou-0.json,Lopunny,Moves,,Bounce,5.556
2016-12_gen4ou-0.json,Lopunny,Moves,,Ice Beam,5.556
2016-12_gen4ou-0.json,Lopunny,Moves,,Attract,5.556
2016-12_gen4ou-0.json,Lopunny,Moves,,Toxic,5.556
2016-12_gen4ou-0.json,Lopunny,Moves,,Shadow Ball,5.556
2016-12_gen4ou-0.json,Lopunny,Moves,,Facade,4.167
2016-12_gen4ou-0.json,Lopunny,Moves,,Other,18.056
2016-12_gen4ou-0.json,Swellow,Stats,Raw count,,72
2016-12_gen4ou-0.json,Swellow,Stats,Avg. weight,,1.0
2016-12_gen4ou-0.json,Swellow,Stats,Viability Ceiling,,53
2016-12_gen4ou-0.json,Swellow,Stats,Jolly,,34.722
2016-12_gen4ou-0.json,Swellow,Stats,Adamant,,5.556
2016-12_gen4ou-0.json,Swellow,Stats,Hardy,,5.556
2016-12_gen4ou-0.json,Swellow,Abilities,,Guts,100.0
2016-12_gen4ou-0.json,Swellow,Items,,Flame Orb,34.722
2016-12_gen4ou-0.json,Swellow,Items,,Toxic Orb,29.167
2016-12_gen4ou-0.json,Swellow,Items,,Leftovers,15.278
2016-12_gen4ou-0.json,Swellow,Items,,Nothing,8.333
2016-12_gen4ou-0.json,Swellow,Items,,Choice Scarf,5.556
2016-12_gen4ou-0.json,Swellow,Items,,Sitrus Berry,2.778
2016-12_gen4ou-0.json,Swellow,Items,,Other,4.167
2016-12_gen4ou-0.json,Swellow,Spreads,,Other,26.389
2016-12_gen4ou-0.json,Swellow,Moves,,Brave Bird,83.333
2016-12_gen4ou-0.json,Swellow,Moves,,Facade,69.444
2016-12_gen4ou-0.json,Swellow,Moves,,U-turn,55.556
2016-12_gen4ou-0.json,Swellow,Moves,,Aerial Ace,26.389
2016-12_gen4ou-0.json,Swellow,Moves,,Quick Attack,25.0
2016-12_gen4ou-0.json,Swellow,Moves,,Fly,19.444
2016-12_gen4ou-0.json,Swellow,Moves,,Air Slash,18.056
2016-12_gen4ou-0.json,Swellow,Moves,,Roost,16.667
2016-12_gen4ou-0.json,Swellow,Moves,,Protect,12.5
2016-12_gen4ou-0.json,Swellow,Moves,,Agility,11.111
2016-12_gen4ou-0.json,Swellow,Moves,,Sky Attack,11.111
2016-12_gen4ou-0.json,Swellow,Moves,,Heat Wave,9.722
2016-12_gen4ou-0.json,Swellow,Moves,,Double-Edge,9.722
2016-12_gen4ou-0.json,Swellow,Moves,,Return,8.333
2016-12_gen4ou-0.json,Swellow,Moves,,Pursuit,6.944
2016-12_gen4ou-0.json,Swellow,Moves,,Other,16.667
2016-12_gen4ou-0.json,Manectric,Stats,Raw count,,72
2016-12_gen4ou-0.json,Manectric,Stats,Avg. weight,,1.0
2016-12_gen4ou-0.json,Manectric,Stats,Viability Ceiling,,53
2016-12_gen4ou-0.json,Manectric,Stats,Timid,,12.500
2016-12_gen4ou-0.json,Manectric,Stats,Modest,,11.111
2016-12_gen4ou-0.json,Manectric,Stats,Mild,,6.944
2016-12_gen4ou-0.json,Manectric,Stats,Hardy,,5.556
2016-12_gen4ou-0.json,Manectric,Abilities,,Static,66.667
2016-12_gen4ou-0.json,Manectric,Abilities,,Lightning Rod,33.333
2016-12_gen4ou-0.json,Manectric,Items,,Choice Specs,25.0
2016-12_gen4ou-0.json,Manectric,Items,,Expert Belt,19.444
2016-12_gen4ou-0.json,Manectric,Items,,Magnet,12.5
2016-12_gen4ou-0.json,Manectric,Items,,Life Orb,9.722
2016-12_gen4ou-0.json,Manectric,Items,,Lum Berry,8.333
2016-12_gen4ou-0.json,Manectric,Items,,Chesto Berry,6.944
2016-12_gen4ou-0.json,Manectric,Items,,Leftovers,6.944
2016-12_gen4ou-0.json,Manectric,Items,,Petaya Berry,2.778
2016-12_gen4ou-0.json,Manectric,Items,,Choice Scarf,2.778
2016-12_gen4ou-0.json,Manectric,Items,,Sitrus Berry,2.778
2016-12_gen4ou-0.json,Manectric,Items,,Other,2.778
2016-12_gen4ou-0.json,Manectric,Spreads,,Other,30.556
2016-12_gen4ou-0.json,Manectric,Moves,,Thunderbolt,73.611
2016-12_gen4ou-0.json,Manectric,Moves,,Thunder,44.444
2016-12_gen4ou-0.json,Manectric,Moves,,Flamethrower,37.5
2016-12_gen4ou-0.json,Manectric,Moves,,Signal Beam,34.722
2016-12_gen4ou-0.json,Manectric,Moves,,Hidden Power Ice,29.167
2016-12_gen4ou-0.json,Manectric,Moves,,Overheat,23.611
2016-12_gen4ou-0.json,Manectric,Moves,,Crunch,19.444
2016-12_gen4ou-0.json,Manectric,Moves,,Thunder Wave,13.889
2016-12_gen4ou-0.json,Manectric,Moves,,Discharge,12.5
2016-12_gen4ou-0.json,Manectric,Moves,,Roar,12.5
2016-12_gen4ou-0.json,Manectric,Moves,,Hidden Power Grass,11.111
2016-12_gen4ou-0.json,Manectric,Moves,,Shock Wave,11.111
2016-12_gen4ou-0.json,Manectric,Moves,,Ice Fang,9.722
2016-12_gen4ou-0.json,Manectric,Moves,,Rest,6.944
2016-12_gen4ou-0.json,Manectric,Moves,,Hidden Power Fighting,6.944
2016-12_gen4ou-0.json,Manectric,Moves,,Hidden Power Dragon,5.556
2016-12_gen4ou-0.json,Manectric,Moves,,Substitute,5.556
2016-12_gen4ou-0.json,Manectric,Moves,,Switcheroo,5.556
2016-12_gen4ou-0.json,Manectric,Moves,,Spark,5.556
2016-12_gen4ou-0.json,Manectric,Moves,,Nothing,5.556
2016-12_gen4ou-0.json,Manectric,Moves,,Mud-Slap,2.778
2016-12_gen4ou-0.json,Manectric,Moves,,Charge Beam,2.778
2016-12_gen4ou-0.json,Manectric,Moves,,Other,19.444
2016-12_gen4ou-0.json,Raticate,Stats,Raw count,,77
2016-12_gen4ou-0.json,Raticate,Stats,Avg. weight,,1.0
2016-12_gen4ou-0.json,Raticate,Stats,Viability Ceiling,,55
2016-12_gen4ou-0.json,Raticate,Stats,Jolly,,5.195
2016-12_gen4ou-0.json,Raticate,Stats,Hardy,,19.481
2016-12_gen4ou-0.json,Raticate,Stats,Naive,,3.896
2016-12_gen4ou-0.json,Raticate,Abilities,,Guts,79.221
2016-12_gen4ou-0.json,Raticate,Abilities,,Run Away,20.779
2016-12_gen4ou-0.json,Raticate,Items,,Flame Orb,68.831
2016-12_gen4ou-0.json,Raticate,Items,,Nothing,14.286
2016-12_gen4ou-0.json,Raticate,Items,,Focus Sash,11.688
2016-12_gen4ou-0.json,Raticate,Items,,Lax Incense,3.896
2016-12_gen4ou-0.json,Raticate,Items,,Other,1.299
2016-12_gen4ou-0.json,Raticate,Spreads,,Other,1.299
2016-12_gen4ou-0.json,Raticate,Moves,,Crunch,89.61
2016-12_gen4ou-0.json,Raticate,Moves,,Super Fang,71.429
2016-12_gen4ou-0.json,Raticate,Moves,,Facade,70.13
2016-12_gen4ou-0.json,Raticate,Moves,,Thunder Wave,57.143
2016-12_gen4ou-0.json,Raticate,Moves,,Blizzard,15.584
2016-12_gen4ou-0.json,Raticate,Moves,,Body Slam,15.584
2016-12_gen4ou-0.json,Raticate,Moves,,Double-Edge,15.584
2016-12_gen4ou-0.json,Raticate,Moves,,U-turn,11.688
2016-12_gen4ou-0.json,Raticate,Moves,,Endeavor,10.39
2016-12_gen4ou-0.json,Raticate,Moves,,Quick Attack,10.39
2016-12_gen4ou-0.json,Raticate,Moves,,Taunt,5.195
2016-12_gen4ou-0.json,Raticate,Moves,,Swagger,3.896
2016-12_gen4ou-0.json,Raticate,Moves,,Sucker Punch,3.896
2016-12_gen4ou-0.json,Raticate,Moves,,Other,19.481
2016-12_gen4ou-0.json,Qwilfish,Stats,Raw count,,66
2016-12_gen4ou-0.json,Qwilfish,Stats,Avg. weight,,1.0
2016-12_gen4ou-0.json,Qwilfish,Stats,Viability Ceiling,,70
2016-12_gen4ou-0.json,Qwilfish,Stats,Adamant,,6.061
2016-12_gen4ou-0.json,Qwilfish,Stats,Jolly,,4.545
2016-12_gen4ou-0.json,Qwilfish,Abilities,,Swift Swim,63.636
2016-12_gen4ou-0.json,Qwilfish,Abilities,,Poison Point,36.364
2016-12_gen4ou-0.json,Qwilfish,Items,,Life Orb,53.03
2016-12_gen4ou-0.json,Qwilfish,Items,,Choice Scarf,27.273
2016-12_gen4ou-0.json,Qwilfish,Items,,Focus Sash,19.697
2016-12_gen4ou-0.json,Qwilfish,Spreads,,Other,12.121
2016-12_gen4ou-0.json,Qwilfish,Moves,,Waterfall,89.394
2016-12_gen4ou-0.json,Qwilfish,Moves,,Poison Jab,84.848
2016-12_gen4ou-0.json,Qwilfish,Moves,,Explosion,78.788
2016-12_gen4ou-0.json,Qwilfish,Moves,,Rain Dance,34.848
2016-12_gen4ou-0.json,Qwilfish,Moves,,Swords Dance,34.848
2016-12_gen4ou-0.json,Qwilfish,Moves,,Destiny Bond,34.848
2016-12_gen4ou-0.json,Qwilfish,Moves,,Pain Split,9.091
2016-12_gen4ou-0.json,Qwilfish,Moves,,Taunt,6.061
2016-12_gen4ou-0.json,Qwilfish,Moves,,Spikes,4.545
2016-12_gen4ou-0.json,Qwilfish,Moves,,Aqua Jet,4.545
2016-12_gen4ou-0.json,Qwilfish,Moves,,Other,18.182
2016-12_gen4ou-0.json,Quagsire,Stats,Raw count,,67
2016-12_gen4ou-0.json,Quagsire,Stats,Avg. weight,,1.0
2016-12_gen4ou-0.json,Quagsire,Stats,Viability Ceiling,,83
2016-12_gen4ou-0.json,Quagsire,Stats,Adamant,,19.403
2016-12_gen4ou-0.json,Quagsire,Stats,Hardy,,17.910
2016-12_gen4ou-0.json,Quagsire,Stats,Impish,,13.433
2016-12_gen4ou-0.json,Quagsire,Stats,Jolly,,8.955
2016-12_gen4ou-0.json,Quagsire,Stats,Careful,,7.463
2016-12_gen4ou-0.json,Quagsire,Stats,Naughty,,7.463
2016-12_gen4ou-0.json,Quagsire,Abilities,,Water Absorb,80.597
2016-12_gen4ou-0.json,Quagsire,Abilities,,Damp,19.403
2016-12_gen4ou-0.json,Quagsire,Items,,Leftovers,50.746
2016-12_gen4ou-0.json,Quagsire,Items,,Quick Claw,19.403
2016-12_gen4ou-0.json,Quagsire,Items,,Nothing,16.418
2016-12_gen4ou-0.json,Quagsire,Items,,Never-Melt Ice,4.478
2016-12_gen4ou-0.json,Quagsire,Items,,Mystic Water,4.478
2016-12_gen4ou-0.json,Quagsire,Items,,Other,4.478
2016-12_gen4ou-0.json,Quagsire,Spreads,,Other,25.373
2016-12_gen4ou-0.json,Quagsire,Moves,,Earthquake,89.552
2016-12_gen4ou-0.json,Quagsire,Moves,,Waterfall,40.299
2016-12_gen4ou-0.json,Quagsire,Moves,,Ice Punch,38.806
2016-12_gen4ou-0.json,Quagsire,Moves,,Recover,34.328
2016-12_gen4ou-0.json,Quagsire,Moves,,Aqua Tail,23.881
2016-12_gen4ou-0.json,Quagsire,Moves,,Surf,23.881
2016-12_gen4ou-0.json,Quagsire,Moves,,Yawn,23.881
2016-12_gen4ou-0.json,Quagsire,Moves,,Toxic,22.388
2016-12_gen4ou-0.json,Quagsire,Moves,,Stone Edge,22.388
2016-12_gen4ou-0.json,Quagsire,Moves,,Ice Beam,13.433
2016-12_gen4ou-0.json,Quagsire,Moves,,Encore,13.433
2016-12_gen4ou-0.json,Quagsire,Moves,,Curse,8.955
2016-12_gen4ou-0.json,Quagsire,Moves,,Amnesia,8.955
2016-12_gen4ou-0.json,Quagsire,Moves,,Sludge Bomb,5.97
2016-12_gen4ou-0.json,Quagsire,Moves,,Focus Punch,4.478
2016-12_gen4ou-0.json,Quagsire,Moves,,Rain Dance,4.478
2016-12_gen4ou-0.json,Quagsire,Moves,,Brick Break,2.985
2016-12_gen4ou-0.json,Quagsire,Moves,,Other,17.91
2016-12_gen4ou-0.json,Ditto,Stats,Raw count,,68
2016-12_gen4ou-0.json,Ditto,Stats,Avg. weight,,1.0
2016-12_gen4ou-0.json,Ditto,Stats,Viability Ceiling,,55
2016-12_gen4ou-0.json,Ditto,Stats,Hardy,,32.353
2016-12_gen4ou-0.json,Ditto,Stats,Timid,,5.882
2016-12_gen4ou-0.json,Ditto,Stats,Relaxed,,4.412
2016-12_gen4ou-0.json,Ditto,Stats,Serious,,2.941
2016-12_gen4ou-0.json,Ditto,Abilities,,Limber,100.0
2016-12_gen4ou-0.json,Ditto,Items,,Quick Powder,29.412
2016-12_gen4ou-0.json,Ditto,Items,,Leftovers,25.0
2016-12_gen4ou-0.json,Ditto,Items,,Nothing,22.059
2016-12_gen4ou-0.json,Ditto,Items,,Life Orb,10.294
2016-12_gen4ou-0.json,Ditto,Items,,Choice Band,5.882
2016-12_gen4ou-0.json,Ditto,Items,,Focus Sash,4.412
2016-12_gen4ou-0.json,Ditto,Items,,Other,2.941
2016-12_gen4ou-0.json,Ditto,Spreads,,Other,16.176
2016-12_gen4ou-0.json,Ditto,Moves,,Nothing,300.0
2016-12_gen4ou-0.json,Ditto,Moves,,Transform,100.0
2016-12_gen4ou-0.json,Crawdaunt,Stats,Raw count,,67
2016-12_gen4ou-0.json,Crawdaunt,Stats,Avg. weight,,1.0
2016-12_gen4ou-0.json,Crawdaunt,Stats,Viability Ceiling,,68
2016-12_gen4ou-0.json,Crawdaunt,Stats,Adamant,,1.493
2016-12_gen4ou-0.json,Crawdaunt,Stats,Naughty,,1.493
2016-12_gen4ou-0.json,Crawdaunt,Stats,Hardy,,1.493
2016-12_gen4ou-0.json,Crawdaunt,Abilities,,Hyper Cutter,97.015
2016-12_gen4ou-0.json,Crawdaunt,Abilities,,Shell Armor,2.985
2016-12_gen4ou-0.json,Crawdaunt,Items,,Sitrus Berry,40.299
2016-12_gen4ou-0.json,Crawdaunt,Items,,Razor Claw,17.91
2016-12_gen4ou-0.json,Crawdaunt,Items,,Life Orb,14.925
2016-12_gen4ou-0.json,Crawdaunt,Items,,Choice Band,14.925
2016-12_gen4ou-0.json,Crawdaunt,Items,,Leftovers,2.985
2016-12_gen4ou-0.json,Crawdaunt,Items,,Nothing,2.985
2016-12_gen4ou-0.json,Crawdaunt,Items,,Custap Berry,2.985
2016-12_gen4ou-0.json,Crawdaunt,Items,,Other,2.985
2016-12_gen4ou-0.json,Crawdaunt,Spreads,,Other,5.97
2016-12_gen4ou-0.json,Crawdaunt,Moves,,Crabhammer,97.015
2016-12_gen4ou-0.json,Crawdaunt,Moves,,Dragon Dance,76.119
2016-12_gen4ou-0.json,Crawdaunt,Moves,,Aerial Ace,55.224
2016-12_gen4ou-0.json,Crawdaunt,Moves,,Avalanche,35.821
2016-12_gen4ou-0.json,Crawdaunt,Moves,,Crunch,29.851
2016-12_gen4ou-0.json,Crawdaunt,Moves,,Night Slash,28.358
2016-12_gen4ou-0.json,Crawdaunt,Moves,,X-Scissor,25.373
2016-12_gen4ou-0.json,Crawdaunt,Moves,,Superpower,16.418
2016-12_gen4ou-0.json,Crawdaunt,Moves,,Brick Break,10.448
2016-12_gen4ou-0.json,Crawdaunt,Moves,,Dark Pulse,4.478
2016-12_gen4ou-0.json,Crawdaunt,Moves,,Swords Dance,4.478
2016-12_gen4ou-0.json,Crawdaunt,Moves,,Other,16.418
2016-12_gen4ou-0.json,Victreebel,Stats,Raw count,,72
2016-12_gen4ou-0.json,Victreebel,Stats,Avg. weight,,1.0
2016-12_gen4ou-0.json,Victreebel,Stats,Viability Ceiling,,56
2016-12_gen4ou-0.json,Victreebel,Stats,Hardy,,26.389
2016-12_gen4ou-0.json,Victreebel,Stats,Rash,,26.389
2016-12_gen4ou-0.json,Victreebel,Stats,Naughty,,9.722
2016-12_gen4ou-0.json,Victreebel,Stats,Adamant,,5.556
2016-12_gen4ou-0.json,Victreebel,Stats,Naive,,5.556
2016-12_gen4ou-0.json,Victreebel,Stats,Modest,,5.556
2016-12_gen4ou-0.json,Victreebel,Abilities,,Chlorophyll,100.0
2016-12_gen4ou-0.json,Victreebel,Items,,Miracle Seed,33.333
2016-12_gen4ou-0.json,Victreebel,Items,,Life Orb,19.444
2016-12_gen4ou-0.json,Victreebel,Items,,Choice Specs,12.5
2016-12_gen4ou-0.json,Victreebel,Items,,Nothing,12.5
2016-12_gen4ou-0.json,Victreebel,Items,,Leftovers,6.944
2016-12_gen4ou-0.json,Victreebel,Items,,Black Sludge,5.556
2016-12_gen4ou-0.json,Victreebel,Items,,Choice Band,4.167
2016-12_gen4ou-0.json,Victreebel,Items,,Focus Sash,1.389
2016-12_gen4ou-0.json,Victreebel,Items,,Other,4.167
2016-12_gen4ou-0.json,Victreebel,Spreads,,Other,20.833
2016-12_gen4ou-0.json,Victreebel,Moves,,Sludge Bomb,77.778
2016-12_gen4ou-0.json,Victreebel,Moves,,Leaf Blade,43.056
2016-12_gen4ou-0.json,Victreebel,Moves,,Leaf Storm,36.111
2016-12_gen4ou-0.json,Victreebel,Moves,,Giga Drain,34.722
2016-12_gen4ou-0.json,Victreebel,Moves,,Sucker Punch,27.778
2016-12_gen4ou-0.json,Victreebel,Moves,,Solar Beam,20.833
2016-12_gen4ou-0.json,Victreebel,Moves,,Synthesis,19.444
2016-12_gen4ou-0.json,Victreebel,Moves,,Growth,15.278
2016-12_gen4ou-0.json,Victreebel,Moves,,Hidden Power Ice,12.5
2016-12_gen4ou-0.json,Victreebel,Moves,,Swords Dance,12.5
2016-12_gen4ou-0.json,Victreebel,Moves,,Bullet Seed,12.5
2016-12_gen4ou-0.json,Victreebel,Moves,,Sleep Powder,12.5
2016-12_gen4ou-0.json,Victreebel,Moves,,Energy Ball,9.722
2016-12_gen4ou-0.json,Victreebel,Moves,,Grass Knot,6.944
2016-12_gen4ou-0.json,Victreebel,Moves,,Hyper Beam,6.944
2016-12_gen4ou-0.json,Victreebel,Moves,,Knock Off,6.944
2016-12_gen4ou-0.json,Victreebel,Moves,,Substitute,5.556
2016-12_gen4ou-0.json,Victreebel,Moves,,Return,5.556
2016-12_gen4ou-0.json,Victreebel,Moves,,Cut,4.167
2016-12_gen4ou-0.json,Victreebel,Moves,,Razor Leaf,4.167
2016-12_gen4ou-0.json,Victreebel,Moves,,Poison Powder,4.167
2016-12_gen4ou-0.json,Victreebel,Moves,,Sunny Day,4.167
2016-12_gen4ou-0.json,Victreebel,Moves,,Other,16.667
2016-12_gen4ou-0.json,Shiftry,Stats,Raw count,,59
2016-12_gen4ou-0.json,Shiftry,Stats,Avg. weight,,1.0
2016-12_gen4ou-0.json,Shiftry,Stats,Viability Ceiling,,69
2016-12_gen4ou-0.json,Shiftry,Stats,Adamant,,33.898
2016-12_gen4ou-0.json,Shiftry,Stats,Rash,,15.254
2016-12_gen4ou-0.json,Shiftry,Stats,Lonely,,11.864
2016-12_gen4ou-0.json,Shiftry,Stats,Hardy,,6.780
2016-12_gen4ou-0.json,Shiftry,Stats,Serious,,5.085
2016-12_gen4ou-0.json,Shiftry,Stats,Mild,,3.390
2016-12_gen4ou-0.json,Shiftry,Abilities,,Chlorophyll,81.356
2016-12_gen4ou-0.json,Shiftry,Abilities,,Early Bird,18.644
2016-12_gen4ou-0.json,Shiftry,Items,,Custap Berry,30.508
2016-12_gen4ou-0.json,Shiftry,Items,,Leftovers,16.949
2016-12_gen4ou-0.json,Shiftry,Items,,Choice Scarf,15.254
2016-12_gen4ou-0.json,Shiftry,Items,,Lum Berry,10.169
2016-12_gen4ou-0.json,Shiftry,Items,,Focus Sash,8.475
2016-12_gen4ou-0.json,Shiftry,Items,,Life Orb,3.39
2016-12_gen4ou-0.json,Shiftry,Items,,Nothing,3.39
2016-12_gen4ou-0.json,Shiftry,Items,,Sitrus Berry,3.39
2016-12_gen4ou-0.json,Shiftry,Items,,Heat Rock,3.39
2016-12_gen4ou-0.json,Shiftry,Items,,White Herb,3.39
2016-12_gen4ou-0.json,Shiftry,Items,,Other,1.695
2016-12_gen4ou-0.json,Shiftry,Spreads,,Other,23.729
2016-12_gen4ou-0.json,Shiftry,Moves,,Explosion,55.932
2016-12_gen4ou-0.json,Shiftry,Moves,,Seed Bomb,47.458
2016-12_gen4ou-0.json,Shiftry,Moves,,Sucker Punch,42.373
2016-12_gen4ou-0.json,Shiftry,Moves,,Fake Out,32.203
2016-12_gen4ou-0.json,Shiftry,Moves,,Leaf Storm,27.119
2016-12_gen4ou-0.json,Shiftry,Moves,,Dark Pulse,23.729
2016-12_gen4ou-0.json,Shiftry,Moves,,Sunny Day,16.949
2016-12_gen4ou-0.json,Shiftry,Moves,,Focus Blast,15.254
2016-12_gen4ou-0.json,Shiftry,Moves,,X-Scissor,13.559
2016-12_gen4ou-0.json,Shiftry,Moves,,Swords Dance,13.559
2016-12_gen4ou-0.json,Shiftry,Moves,,Giga Drain,13.559
2016-12_gen4ou-0.json,Shiftry,Moves,,Synthesis,11.864
2016-12_gen4ou-0.json,Shiftry,Moves,,Extrasensory,10.169
2016-12_gen4ou-0.json,Shiftry,Moves,,Brick Break,8.475
2016-12_gen4ou-0.json,Shiftry,Moves,,Hidden Power Water,6.78
2016-12_gen4ou-0.json,Shiftry,Moves,,Low Kick,6.78
2016-12_gen4ou-0.json,Shiftry,Moves,,Energy Ball,6.78
2016-12_gen4ou-0.json,Shiftry,Moves,,Toxic,6.78
2016-12_gen4ou-0.json,Shiftry,Moves,,Solar Beam,6.78
2016-12_gen4ou-0.json,Shiftry,Moves,,Feint Attack,5.085
2016-12_gen4ou-0.json,Shiftry,Moves,,Leech Seed,5.085
2016-12_gen4ou-0.json,Shiftry,Moves,,Substitute,3.39
2016-12_gen4ou-0.json,Shiftry,Moves,,Shadow Ball,3.39
2016-12_gen4ou-0.json,Shiftry,Moves,,Other,16.949
2016-12_gen4ou-0.json,Linoone,Stats,Raw count,,62
2016-12_gen4ou-0.json,Linoone,Stats,Avg. weight,,1.0
2016-12_gen4ou-0.json,Linoone,Stats,Viability Ceiling,,63
2016-12_gen4ou-0.json,Linoone,Stats,Jolly,,6.452
2016-12_gen4ou-0.json,Linoone,Stats,Adamant,,3.226
2016-12_gen4ou-0.json,Linoone,Stats,Hardy,,4.839
2016-12_gen4ou-0.json,Linoone,Abilities,,Gluttony,59.677
2016-12_gen4ou-0.json,Linoone,Abilities,,Pickup,40.323
2016-12_gen4ou-0.json,Linoone,Items,,Sitrus Berry,79.032
2016-12_gen4ou-0.json,Linoone,Items,,Salac Berry,16.129
2016-12_gen4ou-0.json,Linoone,Items,,Other,4.839
2016-12_gen4ou-0.json,Linoone,Spreads,,Other,4.839
2016-12_gen4ou-0.json,Linoone,Moves,,Belly Drum,95.161
2016-12_gen4ou-0.json,Linoone,Moves,,Extreme Speed,90.323
2016-12_gen4ou-0.json,Linoone,Moves,,Shadow Claw,80.645
2016-12_gen4ou-0.json,Linoone,Moves,,Seed Bomb,38.71
2016-12_gen4ou-0.json,Linoone,Moves,,Substitute,37.097
2016-12_gen4ou-0.json,Linoone,Moves,,Gunk Shot,14.516
2016-12_gen4ou-0.json,Linoone,Moves,,Flail,9.677
2016-12_gen4ou-0.json,Linoone,Moves,,Endure,9.677
2016-12_gen4ou-0.json,Linoone,Moves,,Return,8.065
2016-12_gen4ou-0.json,Linoone,Moves,,Other,16.129
2016-12_gen4ou-0.json,Arbok,Stats,Raw count,,59
2016-12_gen4ou-0.json,Arbok,Stats,Avg. weight,,1.0
2016-12_gen4ou-0.json,Arbok,Stats,Viability Ceiling,,42
2016-12_gen4ou-0.json,Arbok,Stats,Impish,,22.034
2016-12_gen4ou-0.json,Arbok,Stats,Adamant,,10.169
2016-12_gen4ou-0.json,Arbok,Stats,Bold,,15.254
2016-12_gen4ou-0.json,Arbok,Stats,Hardy,,5.085
2016-12_gen4ou-0.json,Arbok,Abilities,,Shed Skin,64.407
2016-12_gen4ou-0.json,Arbok,Abilities,,Intimidate,35.593
2016-12_gen4ou-0.json,Arbok,Items,,Leftovers,71.186
2016-12_gen4ou-0.json,Arbok,Items,,Life Orb,11.864
2016-12_gen4ou-0.json,Arbok,Items,,Choice Scarf,10.169
2016-12_gen4ou-0.json,Arbok,Items,,Focus Sash,3.39
2016-12_gen4ou-0.json,Arbok,Items,,Other,3.39
2016-12_gen4ou-0.json,Arbok,Spreads,,Other,16.949
2016-12_gen4ou-0.json,Arbok,Moves,,Protect,71.186
2016-12_gen4ou-0.json,Arbok,Moves,,Glare,67.797
2016-12_gen4ou-0.json,Arbok,Moves,,Swagger,64.407
2016-12_gen4ou-0.json,Arbok,Moves,,Headbutt,42.373
2016-12_gen4ou-0.json,Arbok,Moves,,Stockpile,23.729
2016-12_gen4ou-0.json,Arbok,Moves,,Crunch,16.949
2016-12_gen4ou-0.json,Arbok,Moves,,Earthquake,16.949
2016-12_gen4ou-0.json,Arbok,Moves,,Gunk Shot,15.254
2016-12_gen4ou-0.json,Arbok,Moves,,Fire Fang,15.254
2016-12_gen4ou-0.json,Arbok,Moves,,Seed Bomb,11.864
2016-12_gen4ou-0.json,Arbok,Moves,,Switcheroo,10.169
2016-12_gen4ou-0.json,Arbok,Moves,,Poison Jab,10.169
2016-12_gen4ou-0.json,Arbok,Moves,,Sludge Bomb,8.475
2016-12_gen4ou-0.json,Arbok,Moves,,Dark Pulse,6.78
2016-12_gen4ou-0.json,Arbok,Moves,,Other,18.644
2016-12_gen4ou-0.json,Magneton,Stats,Raw count,,63
2016-12_gen4ou-0.json,Magneton,Stats,Avg. weight,,1.0
2016-12_gen4ou-0.json,Magneton,Stats,Viability Ceiling,,59
2016-12_gen4ou-0.json,Magneton,Stats,Hardy,,20.635
2016-12_gen4ou-0.json,Magneton,Stats,Timid,,6.349
2016-12_gen4ou-0.json,Magneton,Stats,Naive,,4.762
2016-12_gen4ou-0.json,Magneton,Abilities,,Magnet Pull,92.063
2016-12_gen4ou-0.json,Magneton,Abilities,,Sturdy,7.937
2016-12_gen4ou-0.json,Magneton,Items,,Choice Scarf,36.508
2016-12_gen4ou-0.json,Magneton,Items,,Leftovers,22.222
2016-12_gen4ou-0.json,Magneton,Items,,Magnet,20.635
2016-12_gen4ou-0.json,Magneton,Items,,Salac Berry,7.937
2016-12_gen4ou-0.json,Magneton,Items,,Choice Band,6.349
2016-12_gen4ou-0.json,Magneton,Items,,Mental Herb,1.587
2016-12_gen4ou-0.json,Magneton,Items,,Other,4.762
2016-12_gen4ou-0.json,Magneton,Spreads,,Other,20.635
2016-12_gen4ou-0.json,Magneton,Moves,,Thunderbolt,79.365
2016-12_gen4ou-0.json,Magneton,Moves,,Flash Cannon,65.079
2016-12_gen4ou-0.json,Magneton,Moves,,Hidden Power Fire,46.032
2016-12_gen4ou-0.json,Magneton,Moves,,Explosion,39.683
2016-12_gen4ou-0.json,Magneton,Moves,,Hidden Power Electric,23.81
2016-12_gen4ou-0.json,Magneton,Moves,,Metal Sound,23.81
2016-12_gen4ou-0.json,Magneton,Moves,,Thunder,22.222
2016-12_gen4ou-0.json,Magneton,Moves,,Thunder Shock,19.048
2016-12_gen4ou-0.json,Magneton,Moves,,Hidden Power Ice,12.698
2016-12_gen4ou-0.json,Magneton,Moves,,Thunder Wave,7.937
2016-12_gen4ou-0.json,Magneton,Moves,,Discharge,7.937
2016-12_gen4ou-0.json,Magneton,Moves,,Charge Beam,6.349
2016-12_gen4ou-0.json,Magneton,Moves,,Toxic,6.349
2016-12_gen4ou-0.json,Magneton,Moves,,Reflect,6.349
2016-12_gen4ou-0.json,Magneton,Moves,,Zap Cannon,4.762
2016-12_gen4ou-0.json,Magneton,Moves,,Protect,3.175
2016-12_gen4ou-0.json,Magneton,Moves,,Hidden Power Steel,1.587
2016-12_gen4ou-0.json,Magneton,Moves,,Giga Impact,1.587
2016-12_gen4ou-0.json,Magneton,Moves,,Hidden Power Fighting,1.587
2016-12_gen4ou-0.json,Magneton,Moves,,Facade,1.587
2016-12_gen4ou-0.json,Magneton,Moves,,Other,19.048
2016-12_gen4ou-0.json,Skuntank,Stats,Raw count,,56
2016-12_gen4ou-0.json,Skuntank,Stats,Avg. weight,,1.0
2016-12_gen4ou-0.json,Skuntank,Stats,Viability Ceiling,,83
2016-12_gen4ou-0.json,Skuntank,Stats,Hasty,,33.929
2016-12_gen4ou-0.json,Skuntank,Stats,Modest,,3.571
2016-12_gen4ou-0.json,Skuntank,Stats,Hardy,,8.929
2016-12_gen4ou-0.json,Skuntank,Stats,Adamant,,8.929
2016-12_gen4ou-0.json,Skuntank,Abilities,,Aftermath,51.786
2016-12_gen4ou-0.json,Skuntank,Abilities,,Stench,48.214
2016-12_gen4ou-0.json,Skuntank,Items,,Life Orb,41.071
2016-12_gen4ou-0.json,Skuntank,Items,,Black Sludge,32.143
2016-12_gen4ou-0.json,Skuntank,Items,,Leftovers,8.929
2016-12_gen4ou-0.json,Skuntank,Items,,Poison Barb,8.929
2016-12_gen4ou-0.json,Skuntank,Items,,Nothing,5.357
2016-12_gen4ou-0.json,Skuntank,Items,,Other,3.571
2016-12_gen4ou-0.json,Skuntank,Spreads,,Other,8.929
2016-12_gen4ou-0.json,Skuntank,Moves,,Explosion,69.643
2016-12_gen4ou-0.json,Skuntank,Moves,,Sucker Punch,44.643
2016-12_gen4ou-0.json,Skuntank,Moves,,Fire Blast,35.714
2016-12_gen4ou-0.json,Skuntank,Moves,,Pursuit,35.714
2016-12_gen4ou-0.json,Skuntank,Moves,,Poison Jab,32.143
2016-12_gen4ou-0.json,Skuntank,Moves,,Dark Pulse,30.357
2016-12_gen4ou-0.json,Skuntank,Moves,,Flamethrower,30.357
2016-12_gen4ou-0.json,Skuntank,Moves,,Sludge Bomb,25.0
2016-12_gen4ou-0.json,Skuntank,Moves,,Crunch,21.429
2016-12_gen4ou-0.json,Skuntank,Moves,,Defog,12.5
2016-12_gen4ou-0.json,Skuntank,Moves,,Toxic,12.5
2016-12_gen4ou-0.json,Skuntank,Moves,,Night Slash,10.714
2016-12_gen4ou-0.json,Skuntank,Moves,,Shadow Ball,10.714
2016-12_gen4ou-0.json,Skuntank,Moves,,Rock Smash,8.929
2016-12_gen4ou-0.json,Skuntank,Moves,,Other,19.643
2016-12_gen4ou-0.json,Exploud,Stats,Raw count,,56
2016-12_gen4ou-0.json,Exploud,Stats,Avg. weight,,1.0
2016-12_gen4ou-0.json,Exploud,Stats,Viability Ceiling,,46
2016-12_gen4ou-0.json,Exploud,Stats,Modest,,5.357
2016-12_gen4ou-0.json,Exploud,Stats,Hardy,,3.571
2016-12_gen4ou-0.json,Exploud,Stats,Lax,,3.571
2016-12_gen4ou-0.json,Exploud,Abilities,,Soundproof,100.0
2016-12_gen4ou-0.json,Exploud,Items,,Leftovers,78.571
2016-12_gen4ou-0.json,Exploud,Items,,Nothing,7.143
2016-12_gen4ou-0.json,Exploud,Items,,Choice Scarf,5.357
2016-12_gen4ou-0.json,Exploud,Items,,Focus Sash,3.571
2016-12_gen4ou-0.json,Exploud,Items,,Choice Band,3.571
2016-12_gen4ou-0.json,Exploud,Items,,Other,1.786
2016-12_gen4ou-0.json,Exploud,Spreads,,Other,1.786
2016-12_gen4ou-0.json,Exploud,Moves,,Hyper Voice,91.071
2016-12_gen4ou-0.json,Exploud,Moves,,Rest,80.357
2016-12_gen4ou-0.json,Exploud,Moves,,Sleep Talk,80.357
2016-12_gen4ou-0.json,Exploud,Moves,,Hyper Beam,80.357
2016-12_gen4ou-0.json,Exploud,Moves,,Fire Blast,12.5
2016-12_gen4ou-0.json,Exploud,Moves,,Crunch,8.929
2016-12_gen4ou-0.json,Exploud,Moves,,Earthquake,8.929
2016-12_gen4ou-0.json,Exploud,Moves,,Surf,7.143
2016-12_gen4ou-0.json,Exploud,Moves,,Shadow Ball,5.357
2016-12_gen4ou-0.json,Exploud,Moves,,Brick Break,5.357
2016-12_gen4ou-0.json,Exploud,Moves,,Other,19.643
2016-12_gen4ou-0.json,Bibarel,Stats,Raw count,,43
2016-12_gen4ou-0.json,Bibarel,Stats,Avg. weight,,1.0
2016-12_gen4ou-0.json,Bibarel,Stats,Viability Ceiling,,52
2016-12_gen4ou-0.json,Bibarel,Stats,Lonely,,55.814
2016-12_gen4ou-0.json,Bibarel,Stats,Adamant,,9.302
2016-12_gen4ou-0.json,Bibarel,Stats,Hardy,,2.326
2016-12_gen4ou-0.json,Bibarel,Stats,Calm,,6.977
2016-12_gen4ou-0.json,Bibarel,Stats,Jolly,,6.977
2016-12_gen4ou-0.json,Bibarel,Abilities,,Unaware,69.767
2016-12_gen4ou-0.json,Bibarel,Abilities,,Simple,30.233
2016-12_gen4ou-0.json,Bibarel,Items,,Leftovers,83.721
2016-12_gen4ou-0.json,Bibarel,Items,,Lum Berry,6.977
2016-12_gen4ou-0.json,Bibarel,Items,,Razor Fang,4.651
2016-12_gen4ou-0.json,Bibarel,Items,,Other,4.651
2016-12_gen4ou-0.json,Bibarel,Spreads,,Other,9.302
2016-12_gen4ou-0.json,Bibarel,Moves,,Aqua Tail,83.721
2016-12_gen4ou-0.json,Bibarel,Moves,,Superpower,76.744
2016-12_gen4ou-0.json,Bibarel,Moves,,Super Fang,62.791
2016-12_gen4ou-0.json,Bibarel,Moves,,Ice Beam,58.14
2016-12_gen4ou-0.json,Bibarel,Moves,,Quick Attack,13.953
2016-12_gen4ou-0.json,Bibarel,Moves,,Waterfall,11.628
2016-12_gen4ou-0.json,Bibarel,Moves,,Surf,9.302
2016-12_gen4ou-0.json,Bibarel,Moves,,Curse,9.302
2016-12_gen4ou-0.json,Bibarel,Moves,,Blizzard,9.302
2016-12_gen4ou-0.json,Bibarel,Moves,,Stealth Rock,9.302
2016-12_gen4ou-0.json,Bibarel,Moves,,Return,9.302
2016-12_gen4ou-0.json,Bibarel,Moves,,Double-Edge,6.977
2016-12_gen4ou-0.json,Bibarel,Moves,,Amnesia,6.977
2016-12_gen4ou-0.json,Bibarel,Moves,,Toxic,6.977
2016-12_gen4ou-0.json,Bibarel,Moves,,Charge Beam,6.977
2016-12_gen4ou-0.json,Bibarel,Moves,,Other,18.605
2016-12_gen4ou-0.json,Lickilicky,Stats,Raw count,,42
2016-12_gen4ou-0.json,Lickilicky,Stats,Avg. weight,,1.0
2016-12_gen4ou-0.json,Lickilicky,Stats,Viability Ceiling,,69
2016-12_gen4ou-0.json,Lickilicky,Stats,Adamant,,2.381
2016-12_gen4ou-0.json,Lickilicky,Stats,Careful,,16.667
2016-12_gen4ou-0.json,Lickilicky,Stats,Jolly,,9.524
2016-12_gen4ou-0.json,Lickilicky,Stats,Brave,,4.762
2016-12_gen4ou-0.json,Lickilicky,Abilities,,Own Tempo,66.667
2016-12_gen4ou-0.json,Lickilicky,Abilities,,Oblivious,33.333
2016-12_gen4ou-0.json,Lickilicky,Items,,Custap Berry,47.619
2016-12_gen4ou-0.json,Lickilicky,Items,,Damp Rock,16.667
2016-12_gen4ou-0.json,Lickilicky,Items,,Choice Band,14.286
2016-12_gen4ou-0.json,Lickilicky,Items,,Leftovers,9.524
2016-12_gen4ou-0.json,Lickilicky,Items,,Salac Berry,9.524
2016-12_gen4ou-0.json,Lickilicky,Items,,Other,2.381
2016-12_gen4ou-0.json,Lickilicky,Spreads,,Other,4.762
2016-12_gen4ou-0.json,Lickilicky,Moves,,Earthquake,64.286
2016-12_gen4ou-0.json,Lickilicky,Moves,,Return,61.905
2016-12_gen4ou-0.json,Lickilicky,Moves,,Explosion,50.0
2016-12_gen4ou-0.json,Lickilicky,Moves,,Refresh,42.857
2016-12_gen4ou-0.json,Lickilicky,Moves,,Heal Bell,23.81
2016-12_gen4ou-0.json,Lickilicky,Moves,,Knock Off,21.429
2016-12_gen4ou-0.json,Lickilicky,Moves,,Wish,16.667
2016-12_gen4ou-0.json,Lickilicky,Moves,,Rain Dance,16.667
2016-12_gen4ou-0.json,Lickilicky,Moves,,Body Slam,16.667
2016-12_gen4ou-0.json,Lickilicky,Moves,,Ice Punch,14.286
2016-12_gen4ou-0.json,Lickilicky,Moves,,Zen Headbutt,14.286
2016-12_gen4ou-0.json,Lickilicky,Moves,,Aqua Tail,11.905
2016-12_gen4ou-0.json,Lickilicky,Moves,,Belly Drum,9.524
2016-12_gen4ou-0.json,Lickilicky,Moves,,Endure,9.524
2016-12_gen4ou-0.json,Lickilicky,Moves,,Swords Dance,7.143
2016-12_gen4ou-0.json,Lickilicky,Moves,,Other,19.048
2016-12_gen4ou-0.json,Wailord,Stats,Raw count,,45
2016-12_gen4ou-0.json,Wailord,Stats,Avg. weight,,1.0
2016-12_gen4ou-0.json,Wailord,Stats,Viability Ceiling,,58
2016-12_gen4ou-0.json,Wailord,Stats,Gentle,,22.222
2016-12_gen4ou-0.json,Wailord,Stats,Hardy,,4.444
2016-12_gen4ou-0.json,Wailord,Stats,Mild,,8.889
2016-12_gen4ou-0.json,Wailord,Stats,Timid,,4.444
2016-12_gen4ou-0.json,Wailord,Abilities,,Water Veil,86.667
2016-12_gen4ou-0.json,Wailord,Abilities,,Oblivious,13.333
2016-12_gen4ou-0.json,Wailord,Items,,Leftovers,73.333
2016-12_gen4ou-0.json,Wailord,Items,,Nothing,11.111
2016-12_gen4ou-0.json,Wailord,Items,,Mystic Water,6.667
2016-12_gen4ou-0.json,Wailord,Items,,Choice Scarf,4.444
2016-12_gen4ou-0.json,Wailord,Items,,Other,4.444
2016-12_gen4ou-0.json,Wailord,Spreads,,Other,26.667
2016-12_gen4ou-0.json,Wailord,Moves,,Earthquake,44.444
2016-12_gen4ou-0.json,Wailord,Moves,,Surf,42.222
2016-12_gen4ou-0.json,Wailord,Moves,,Water Spout,42.222
2016-12_gen4ou-0.json,Wailord,Moves,,Blizzard,40.0
2016-12_gen4ou-0.json,Wailord,Moves,,Ice Beam,35.556
2016-12_gen4ou-0.json,Wailord,Moves,,Waterfall,33.333
2016-12_gen4ou-0.json,Wailord,Moves,,Hydro Pump,31.111
2016-12_gen4ou-0.json,Wailord,Moves,,Toxic,24.444
2016-12_gen4ou-0.json,Wailord,Moves,,Rest,22.222
2016-12_gen4ou-0.json,Wailord,Moves,,Iron Head,17.778
2016-12_gen4ou-0.json,Wailord,Moves,,Double-Edge,17.778
2016-12_gen4ou-0.json,Wailord,Moves,,Avalanche,8.889
2016-12_gen4ou-0.json,Wailord,Moves,,Body Slam,8.889
2016-12_gen4ou-0.json,Wailord,Moves,,Sleep Talk,6.667
2016-12_gen4ou-0.json,Wailord,Moves,,Substitute,6.667
2016-12_gen4ou-0.json,Wailord,Moves,,Other,17.778
2016-12_gen4ou-0.json,Piloswine,Stats,Raw count,,44
2016-12_gen4ou-0.json,Piloswine,Stats,Avg. weight,,1.0
2016-12_gen4ou-0.json,Piloswine,Stats,Viability Ceiling,,55
2016-12_gen4ou-0.json,Piloswine,Stats,Adamant,,6.818
2016-12_gen4ou-0.json,Piloswine,Stats,Jolly,,29.545
2016-12_gen4ou-0.json,Piloswine,Abilities,,Oblivious,100.0
2016-12_gen4ou-0.json,Piloswine,Items,,Nothing,59.091
2016-12_gen4ou-0.json,Piloswine,Items,,Life Orb,34.091
2016-12_gen4ou-0.json,Piloswine,Items,,Scope Lens,2.273
2016-12_gen4ou-0.json,Piloswine,Items,,Other,4.545
2016-12_gen4ou-0.json,Piloswine,Spreads,,Other,2.273
2016-12_gen4ou-0.json,Piloswine,Moves,,Earthquake,97.727
2016-12_gen4ou-0.json,Piloswine,Moves,,Ice Fang,93.182
2016-12_gen4ou-0.json,Piloswine,Moves,,Ice Shard,61.364
2016-12_gen4ou-0.json,Piloswine,Moves,,Substitute,61.364
2016-12_gen4ou-0.json,Piloswine,Moves,,Stone Edge,34.091
2016-12_gen4ou-0.json,Piloswine,Moves,,Avalanche,29.545
2016-12_gen4ou-0.json,Piloswine,Moves,,Superpower,4.545
2016-12_gen4ou-0.json,Piloswine,Moves,,Other,18.182
2016-12_gen4ou-0.json,Kecleon,Stats,Raw count,,42
2016-12_gen4ou-0.json,Kecleon,Stats,Avg. weight,,1.0
2016-12_gen4ou-0.json,Kecleon,Stats,Viability Ceiling,,67
2016-12_gen4ou-0.json,Kecleon,Stats,Careful,,14.286
2016-12_gen4ou-0.json,Kecleon,Stats,Impish,,16.667
2016-12_gen4ou-0.json,Kecleon,Abilities,,Color Change,100.0
2016-12_gen4ou-0.json,Kecleon,Items,,Leftovers,69.048
2016-12_gen4ou-0.json,Kecleon,Items,,Choice Band,16.667
2016-12_gen4ou-0.json,Kecleon,Items,,Focus Sash,9.524
2016-12_gen4ou-0.json,Kecleon,Items,,Other,4.762
2016-12_gen4ou-0.json,Kecleon,Spreads,,Other,4.762
2016-12_gen4ou-0.json,Kecleon,Moves,,Stealth Rock,95.238
2016-12_gen4ou-0.json,Kecleon,Moves,,Recover,78.571
2016-12_gen4ou-0.json,Kecleon,Moves,,Return,64.286
2016-12_gen4ou-0.json,Kecleon,Moves,,Aqua Tail,64.286
2016-12_gen4ou-0.json,Kecleon,Moves,,Trick,19.048
2016-12_gen4ou-0.json,Kecleon,Moves,,Skill Swap,16.667
2016-12_gen4ou-0.json,Kecleon,Moves,,Shadow Claw,16.667
2016-12_gen4ou-0.json,Kecleon,Moves,,Toxic,16.667
2016-12_gen4ou-0.json,Kecleon,Moves,,Frustration,14.286
2016-12_gen4ou-0.json,Kecleon,Moves,,Other,14.286
2016-12_gen4ou-0.json,Sneasel,Stats,Raw count,,43
2016-12_gen4ou-0.json,Sneasel,Stats,Avg. weight,,1.0
2016-12_gen4ou-0.json,Sneasel,Stats,Viability Ceiling,,31
2016-12_gen4ou-0.json,Sneasel,Stats,Jolly,,67.442
2016-12_gen4ou-0.json,Sneasel,Stats,Hardy,,30.233
2016-12_gen4ou-0.json,Sneasel,Abilities,,Inner Focus,97.674
2016-12_gen4ou-0.json,Sneasel,Abilities,,Keen Eye,2.326
2016-12_gen4ou-0.json,Sneasel,Items,,Life Orb,67.442
2016-12_gen4ou-0.json,Sneasel,Items,,Black Glasses,30.233
2016-12_gen4ou-0.json,Sneasel,Items,,Other,2.326
2016-12_gen4ou-0.json,Sneasel,Spreads,,Other,2.326
2016-12_gen4ou-0.json,Sneasel,Moves,,Ice Punch,100.0
2016-12_gen4ou-0.json,Sneasel,Moves,,Swords Dance,100.0
2016-12_gen4ou-0.json,Sneasel,Moves,,Pursuit,95.349
2016-12_gen4ou-0.json,Sneasel,Moves,,Low Kick,93.023
2016-12_gen4ou-0.json,Sneasel,Moves,,Other,11.628
2016-12_gen4ou-0.json,Politoed,Stats,Raw count,,40
2016-12_gen4ou-0.json,Politoed,Stats,Avg. weight,,1.0
2016-12_gen4ou-0.json,Politoed,Stats,Viability Ceiling,,60
2016-12_gen4ou-0.json,Politoed,Stats,Modest,,5.000
2016-12_gen4ou-0.json,Politoed,Stats,Bold,,20.000
2016-12_gen4ou-0.json,Politoed,Stats,Hardy,,7.500
2016-12_gen4ou-0.json,Politoed,Abilities,,Water Absorb,97.5
2016-12_gen4ou-0.json,Politoed,Abilities,,Damp,2.5
2016-12_gen4ou-0.json,Politoed,Items,,Lum Berry,27.5
2016-12_gen4ou-0.json,Politoed,Items,,Damp Rock,25.0
2016-12_gen4ou-0.json,Politoed,Items,,Leftovers,22.5
2016-12_gen4ou-0.json,Politoed,Items,,Wide Lens,10.0
2016-12_gen4ou-0.json,Politoed,Items,,Salac Berry,5.0
2016-12_gen4ou-0.json,Politoed,Items,,Choice Specs,2.5
2016-12_gen4ou-0.json,Politoed,Items,,Life Orb,2.5
2016-12_gen4ou-0.json,Politoed,Items,,Other,5.0
2016-12_gen4ou-0.json,Politoed,Spreads,,Other,15.0
2016-12_gen4ou-0.json,Politoed,Moves,,Ice Beam,70.0
2016-12_gen4ou-0.json,Politoed,Moves,,Hydro Pump,62.5
2016-12_gen4ou-0.json,Politoed,Moves,,Rain Dance,42.5
2016-12_gen4ou-0.json,Politoed,Moves,,Psychic,37.5
2016-12_gen4ou-0.json,Politoed,Moves,,Surf,32.5
2016-12_gen4ou-0.json,Politoed,Moves,,Hypnosis,27.5
2016-12_gen4ou-0.json,Politoed,Moves,,Hidden Power Fire,27.5
2016-12_gen4ou-0.json,Politoed,Moves,,Encore,20.0
2016-12_gen4ou-0.json,Politoed,Moves,,Rest,17.5
2016-12_gen4ou-0.json,Politoed,Moves,,Toxic,15.0
2016-12_gen4ou-0.json,Politoed,Moves,,Hyper Voice,7.5
2016-12_gen4ou-0.json,Politoed,Moves,,Focus Blast,7.5
2016-12_gen4ou-0.json,Politoed,Moves,,Earthquake,5.0
2016-12_gen4ou-0.json,Politoed,Moves,,Waterfall,5.0
2016-12_gen4ou-0.json,Politoed,Moves,,Endure,5.0
2016-12_gen4ou-0.json,Politoed,Moves,,Other,17.5
2016-12_gen4ou-0.json,Camerupt,Stats,Raw count,,40
2016-12_gen4ou-0.json,Camerupt,Stats,Avg. weight,,1.0
2016-12_gen4ou-0.json,Camerupt,Stats,Viability Ceiling,,56
2016-12_gen4ou-0.json,Camerupt,Stats,Brave,,32.500
2016-12_gen4ou-0.json,Camerupt,Stats,Relaxed,,15.000
2016-12_gen4ou-0.json,Camerupt,Stats,Quiet,,5.000
2016-12_gen4ou-0.json,Camerupt,Stats,Modest,,10.000
2016-12_gen4ou-0.json,Camerupt,Stats,Calm,,7.500
2016-12_gen4ou-0.json,Camerupt,Abilities,,Solid Rock,75.0
2016-12_gen4ou-0.json,Camerupt,Abilities,,Magma Armor,25.0
2016-12_gen4ou-0.json,Camerupt,Items,,Life Orb,47.5
2016-12_gen4ou-0.json,Camerupt,Items,,Leftovers,42.5
2016-12_gen4ou-0.json,Camerupt,Items,,Charcoal,5.0
2016-12_gen4ou-0.json,Camerupt,Items,,Focus Sash,2.5
2016-12_gen4ou-0.json,Camerupt,Items,,Other,2.5
2016-12_gen4ou-0.json,Camerupt,Spreads,,Other,15.0
2016-12_gen4ou-0.json,Camerupt,Moves,,Earthquake,67.5
2016-12_gen4ou-0.json,Camerupt,Moves,,Earth Power,47.5
2016-12_gen4ou-0.json,Camerupt,Moves,,Flamethrower,47.5
2016-12_gen4ou-0.json,Camerupt,Moves,,Fire Blast,45.0
2016-12_gen4ou-0.json,Camerupt,Moves,,Explosion,35.0
2016-12_gen4ou-0.json,Camerupt,Moves,,Stone Edge,35.0
2016-12_gen4ou-0.json,Camerupt,Moves,,Rock Polish,15.0
2016-12_gen4ou-0.json,Camerupt,Moves,,Rest,15.0
2016-12_gen4ou-0.json,Camerupt,Moves,,Will-O-Wisp,15.0
2016-12_gen4ou-0.json,Camerupt,Moves,,Toxic,15.0
2016-12_gen4ou-0.json,Camerupt,Moves,,Sleep Talk,7.5
2016-12_gen4ou-0.json,Camerupt,Moves,,Eruption,7.5
2016-12_gen4ou-0.json,Camerupt,Moves,,Ancient Power,7.5
2016-12_gen4ou-0.json,Camerupt,Moves,,Sunny Day,7.5
2016-12_gen4ou-0.json,Camerupt,Moves,,Roar,7.5
2016-12_gen4ou-0.json,Camerupt,Moves,,Hidden Power Dark,5.0
2016-12_gen4ou-0.json,Camerupt,Moves,,Other,20.0
2016-12_gen4ou-0.json,Persian,Stats,Raw count,,39
2016-12_gen4ou-0.json,Persian,Stats,Avg. weight,,1.0
2016-12_gen4ou-0.json,Persian,Stats,Viability Ceiling,,54
2016-12_gen4ou-0.json,Persian,Stats,Naughty,,33.333
2016-12_gen4ou-0.json,Persian,Stats,Hasty,,10.256
2016-12_gen4ou-0.json,Persian,Stats,Hardy,,7.692
2016-12_gen4ou-0.json,Persian,Abilities,,Limber,64.103
2016-12_gen4ou-0.json,Persian,Abilities,,Technician,35.897
2016-12_gen4ou-0.json,Persian,Items,,Silk Scarf,33.333
2016-12_gen4ou-0.json,Persian,Items,,Leftovers,30.769
2016-12_gen4ou-0.json,Persian,Items,,Focus Sash,23.077
2016-12_gen4ou-0.json,Persian,Items,,Nothing,10.256
2016-12_gen4ou-0.json,Persian,Items,,Other,2.564
2016-12_gen4ou-0.json,Persian,Spreads,,Other,2.564
2016-12_gen4ou-0.json,Persian,Moves,,Fake Out,58.974
2016-12_gen4ou-0.json,Persian,Moves,,Taunt,43.59
2016-12_gen4ou-0.json,Persian,Moves,,Swagger,33.333
2016-12_gen4ou-0.json,Persian,Moves,,Screech,33.333
2016-12_gen4ou-0.json,Persian,Moves,,Bite,28.205
2016-12_gen4ou-0.json,Persian,Moves,,Gunk Shot,23.077
2016-12_gen4ou-0.json,Persian,Moves,,Return,23.077
2016-12_gen4ou-0.json,Persian,Moves,,Knock Off,23.077
2016-12_gen4ou-0.json,Persian,Moves,,Shadow Claw,20.513
2016-12_gen4ou-0.json,Persian,Moves,,Dark Pulse,20.513
2016-12_gen4ou-0.json,Persian,Moves,,Aerial Ace,12.821
2016-12_gen4ou-0.json,Persian,Moves,,Roar,12.821
2016-12_gen4ou-0.json,Persian,Moves,,Swift,10.256
2016-12_gen4ou-0.json,Persian,Moves,,Hypnosis,10.256
2016-12_gen4ou-0.json,Persian,Moves,,Nasty Plot,10.256
2016-12_gen4ou-0.json,Persian,Moves,,Nothing,7.692
2016-12_gen4ou-0.json,Persian,Moves,,Scratch,2.564
2016-12_gen4ou-0.json,Persian,Moves,,Rest,2.564
2016-12_gen4ou-0.json,Persian,Moves,,Mud-Slap,2.564
2016-12_gen4ou-0.json,Persian,Moves,,Thunderbolt,2.564
2016-12_gen4ou-0.json,Persian,Moves,,Other,17.949
2016-12_gen4ou-0.json,Golduck,Stats,Raw count,,42
2016-12_gen4ou-0.json,Golduck,Stats,Avg. weight,,1.0
2016-12_gen4ou-0.json,Golduck,Stats,Viability Ceiling,,49
2016-12_gen4ou-0.json,Golduck,Stats,Modest,,33.333
2016-12_gen4ou-0.json,Golduck,Stats,Hardy,,4.762
2016-12_gen4ou-0.json,Golduck,Stats,Bashful,,9.524
2016-12_gen4ou-0.json,Golduck,Stats,Timid,,2.381
2016-12_gen4ou-0.json,Golduck,Abilities,,Damp,90.476
2016-12_gen4ou-0.json,Golduck,Abilities,,Cloud Nine,9.524
2016-12_gen4ou-0.json,Golduck,Items,,Wacan Berry,33.333
2016-12_gen4ou-0.json,Golduck,Items,,Leftovers,21.429
2016-12_gen4ou-0.json,Golduck,Items,,Nothing,11.905
2016-12_gen4ou-0.json,Golduck,Items,,Berry Juice,9.524
2016-12_gen4ou-0.json,Golduck,Items,,Mystic Water,7.143
2016-12_gen4ou-0.json,Golduck,Items,,Sitrus Berry,7.143
2016-12_gen4ou-0.json,Golduck,Items,,Choice Specs,4.762
2016-12_gen4ou-0.json,Golduck,Items,,Other,4.762
2016-12_gen4ou-0.json,Golduck,Spreads,,Other,7.143
2016-12_gen4ou-0.json,Golduck,Moves,,Surf,78.571
2016-12_gen4ou-0.json,Golduck,Moves,,Psychic,73.81
2016-12_gen4ou-0.json,Golduck,Moves,,Ice Beam,38.095
2016-12_gen4ou-0.json,Golduck,Moves,,Calm Mind,33.333
2016-12_gen4ou-0.json,Golduck,Moves,,Focus Blast,33.333
2016-12_gen4ou-0.json,Golduck,Moves,,Hydro Pump,30.952
2016-12_gen4ou-0.json,Golduck,Moves,,Blizzard,23.81
2016-12_gen4ou-0.json,Golduck,Moves,,Brick Break,11.905
2016-12_gen4ou-0.json,Golduck,Moves,,Rest,9.524
2016-12_gen4ou-0.json,Golduck,Moves,,Aqua Tail,9.524
2016-12_gen4ou-0.json,Golduck,Moves,,Zen Headbutt,9.524
2016-12_gen4ou-0.json,Golduck,Moves,,Aqua Jet,7.143
2016-12_gen4ou-0.json,Golduck,Moves,,Future Sight,7.143
2016-12_gen4ou-0.json,Golduck,Moves,,Shadow Claw,7.143
2016-12_gen4ou-0.json,Golduck,Moves,,Cross Chop,4.762
2016-12_gen4ou-0.json,Golduck,Moves,,Mega Kick,4.762
2016-12_gen4ou-0.json,Golduck,Moves,,Other,16.667
2016-12_gen4ou-0.json,Porygon,Stats,Raw count,,38
2016-12_gen4ou-0.json,Porygon,Stats,Avg. weight,,1.0
2016-12_gen4ou-0.json,Porygon,Stats,Viability Ceiling,,58
2016-12_gen4ou-0.json,Porygon,Stats,Calm,,13.158
2016-12_gen4ou-0.json,Porygon,Stats,Bold,,23.684
2016-12_gen4ou-0.json,Porygon,Stats,Hardy,,13.158
2016-12_gen4ou-0.json,Porygon,Abilities,,Trace,86.842
2016-12_gen4ou-0.json,Porygon,Abilities,,Download,13.158
2016-12_gen4ou-0.json,Porygon,Items,,Wide Lens,86.842
2016-12_gen4ou-0.json,Porygon,Items,,Focus Sash,13.158
2016-12_gen4ou-0.json,Porygon,Moves,,Recover,100.0
2016-12_gen4ou-0.json,Porygon,Moves,,Tri Attack,86.842
2016-12_gen4ou-0.json,Porygon,Moves,,Charge Beam,86.842
2016-12_gen4ou-0.json,Porygon,Moves,,Toxic,63.158
2016-12_gen4ou-0.json,Porygon,Moves,,Agility,23.684
2016-12_gen4ou-0.json,Porygon,Moves,,Blizzard,13.158
2016-12_gen4ou-0.json,Porygon,Moves,,Thunder,13.158
2016-12_gen4ou-0.json,Porygon,Moves,,Other,13.158
2016-12_gen4ou-0.json,Electabuzz,Stats,Raw count,,34
2016-12_gen4ou-0.json,Electabuzz,Stats,Avg. weight,,1.0
2016-12_gen4ou-0.json,Electabuzz,Stats,Viability Ceiling,,59
2016-12_gen4ou-0.json,Electabuzz,Stats,Hasty,,64.706
2016-12_gen4ou-0.json,Electabuzz,Stats,Timid,,5.882
2016-12_gen4ou-0.json,Electabuzz,Stats,Lax,,5.882
2016-12_gen4ou-0.json,Electabuzz,Stats,Hardy,,5.882
2016-12_gen4ou-0.json,Electabuzz,Stats,Relaxed,,5.882
2016-12_gen4ou-0.json,Electabuzz,Abilities,,Static,100.0
2016-12_gen4ou-0.json,Electabuzz,Items,,Leftovers,52.941
2016-12_gen4ou-0.json,Electabuzz,Items,,Lum Berry,14.706
2016-12_gen4ou-0.json,Electabuzz,Items,,Sitrus Berry,8.824
2016-12_gen4ou-0.json,Electabuzz,Items,,Nothing,8.824
2016-12_gen4ou-0.json,Electabuzz,Items,,Choice Specs,5.882
2016-12_gen4ou-0.json,Electabuzz,Items,,Choice Band,5.882
2016-12_gen4ou-0.json,Electabuzz,Items,,Other,2.941
2016-12_gen4ou-0.json,Electabuzz,Spreads,,Other,5.882
2016-12_gen4ou-0.json,Electabuzz,Moves,,Thunder Punch,85.294
2016-12_gen4ou-0.json,Electabuzz,Moves,,Cross Chop,76.471
2016-12_gen4ou-0.json,Electabuzz,Moves,,Thunder,70.588
2016-12_gen4ou-0.json,Electabuzz,Moves,,Thunder Wave,70.588
2016-12_gen4ou-0.json,Electabuzz,Moves,,Thunderbolt,20.588
2016-12_gen4ou-0.json,Electabuzz,Moves,,Focus Blast,11.765
2016-12_gen4ou-0.json,Electabuzz,Moves,,Ice Punch,8.824
2016-12_gen4ou-0.json,Electabuzz,Moves,,Discharge,8.824
2016-12_gen4ou-0.json,Electabuzz,Moves,,Light Screen,8.824
2016-12_gen4ou-0.json,Electabuzz,Moves,,Hidden Power Ice,5.882
2016-12_gen4ou-0.json,Electabuzz,Moves,,Psychic,5.882
2016-12_gen4ou-0.json,Electabuzz,Moves,,Signal Beam,5.882
2016-12_gen4ou-0.json,Electabuzz,Moves,,Shock Wave,5.882
2016-12_gen4ou-0.json,Electabuzz,Moves,,Other,14.706
2016-12_gen4ou-0.json,Pachirisu,Stats,Raw count,,37
2016-12_gen4ou-0.json,Pachirisu,Stats,Avg. weight,,1.0
2016-12_gen4ou-0.json,Pachirisu,Stats,Viability Ceiling,,46
2016-12_gen4ou-0.json,Pachirisu,Stats,Hardy,,67.568
2016-12_gen4ou-0.json,Pachirisu,Stats,Adamant,,18.919
2016-12_gen4ou-0.json,Pachirisu,Stats,Rash,,8.108
2016-12_gen4ou-0.json,Pachirisu,Stats,Modest,,2.703
2016-12_gen4ou-0.json,Pachirisu,Abilities,,Run Away,91.892
2016-12_gen4ou-0.json,Pachirisu,Abilities,,Pickup,8.108
2016-12_gen4ou-0.json,Pachirisu,Items,,Nothing,59.459
2016-12_gen4ou-0.json,Pachirisu,Items,,Muscle Band,18.919
2016-12_gen4ou-0.json,Pachirisu,Items,,Sitrus Berry,10.811
2016-12_gen4ou-0.json,Pachirisu,Items,,Leftovers,2.703
2016-12_gen4ou-0.json,Pachirisu,Items,,Focus Sash,2.703
2016-12_gen4ou-0.json,Pachirisu,Items,,Lum Berry,2.703
2016-12_gen4ou-0.json,Pachirisu,Items,,Other,2.703
2016-12_gen4ou-0.json,Pachirisu,Spreads,,Other,2.703
2016-12_gen4ou-0.json,Pachirisu,Moves,,Thunderbolt,64.865
2016-12_gen4ou-0.json,Pachirisu,Moves,,Discharge,64.865
2016-12_gen4ou-0.json,Pachirisu,Moves,,Super Fang,59.459
2016-12_gen4ou-0.json,Pachirisu,Moves,,Toxic,43.243
2016-12_gen4ou-0.json,Pachirisu,Moves,,Thunder,27.027
2016-12_gen4ou-0.json,Pachirisu,Moves,,Gunk Shot,21.622
2016-12_gen4ou-0.json,Pachirisu,Moves,,U-turn,18.919
2016-12_gen4ou-0.json,Pachirisu,Moves,,Iron Tail,18.919
2016-12_gen4ou-0.json,Pachirisu,Moves,,Rollout,18.919
2016-12_gen4ou-0.json,Pachirisu,Moves,,Thunder Punch,18.919
2016-12_gen4ou-0.json,Pachirisu,Moves,,Sweet Kiss,8.108
2016-12_gen4ou-0.json,Pachirisu,Moves,,Thunder Wave,8.108
2016-12_gen4ou-0.json,Pachirisu,Moves,,Protect,5.405
2016-12_gen4ou-0.json,Pachirisu,Moves,,Spark,5.405
2016-12_gen4ou-0.json,Pachirisu,Moves,,Other,16.216
2016-12_gen4ou-0.json,Granbull,Stats,Raw count,,36
2016-12_gen4ou-0.json,Granbull,Stats,Avg. weight,,1.0
2016-12_gen4ou-0.json,Granbull,Stats,Viability Ceiling,,54
2016-12_gen4ou-0.json,Granbull,Stats,Jolly,,72.222
2016-12_gen4ou-0.json,Granbull,Stats,Careful,,19.444
2016-12_gen4ou-0.json,Granbull,Stats,Hardy,,5.556
2016-12_gen4ou-0.json,Granbull,Abilities,,Quick Feet,80.556
2016-12_gen4ou-0.json,Granbull,Abilities,,Intimidate,19.444
2016-12_gen4ou-0.json,Granbull,Items,,Toxic Orb,75.0
2016-12_gen4ou-0.json,Granbull,Items,,Choice Band,19.444
2016-12_gen4ou-0.json,Granbull,Items,,Leftovers,5.556
2016-12_gen4ou-0.json,Granbull,Spreads,,Other,2.778
2016-12_gen4ou-0.json,Granbull,Moves,,Earthquake,100.0
2016-12_gen4ou-0.json,Granbull,Moves,,Crunch,94.444
2016-12_gen4ou-0.json,Granbull,Moves,,Facade,72.222
2016-12_gen4ou-0.json,Granbull,Moves,,Protect,69.444
2016-12_gen4ou-0.json,Granbull,Moves,,Return,19.444
2016-12_gen4ou-0.json,Granbull,Moves,,Fire Punch,19.444
2016-12_gen4ou-0.json,Granbull,Moves,,Close Combat,8.333
2016-12_gen4ou-0.json,Granbull,Moves,,Other,16.667
2016-12_gen4ou-0.json,Armaldo,Stats,Raw count,,36
2016-12_gen4ou-0.json,Armaldo,Stats,Avg. weight,,1.0
2016-12_gen4ou-0.json,Armaldo,Stats,Viability Ceiling,,52
2016-12_gen4ou-0.json,Armaldo,Stats,Adamant,,8.333
2016-12_gen4ou-0.json,Armaldo,Stats,Impish,,19.444
2016-12_gen4ou-0.json,Armaldo,Stats,Timid,,11.111
2016-12_gen4ou-0.json,Armaldo,Stats,Lax,,5.556
2016-12_gen4ou-0.json,Armaldo,Abilities,,Battle Armor,100.0
2016-12_gen4ou-0.json,Armaldo,Items,,Leftovers,61.111
2016-12_gen4ou-0.json,Armaldo,Items,,Choice Band,27.778
2016-12_gen4ou-0.json,Armaldo,Items,,Life Orb,8.333
2016-12_gen4ou-0.json,Armaldo,Items,,Other,2.778
2016-12_gen4ou-0.json,Armaldo,Spreads,,Other,22.222
2016-12_gen4ou-0.json,Armaldo,Moves,,Earthquake,61.111
2016-12_gen4ou-0.json,Armaldo,Moves,,X-Scissor,36.111
2016-12_gen4ou-0.json,Armaldo,Moves,,Rapid Spin,36.111
2016-12_gen4ou-0.json,Armaldo,Moves,,Stone Edge,36.111
2016-12_gen4ou-0.json,Armaldo,Moves,,Aqua Tail,30.556
2016-12_gen4ou-0.json,Armaldo,Moves,,Rock Blast,27.778
2016-12_gen4ou-0.json,Armaldo,Moves,,Knock Off,19.444
2016-12_gen4ou-0.json,Armaldo,Moves,,Stealth Rock,19.444
2016-12_gen4ou-0.json,Armaldo,Moves,,Rest,13.889
2016-12_gen4ou-0.json,Armaldo,Moves,,Hidden Power Bug,13.889
2016-12_gen4ou-0.json,Armaldo,Moves,,Hidden Power Poison,11.111
2016-12_gen4ou-0.json,Armaldo,Moves,,Ancient Power,11.111
2016-12_gen4ou-0.json,Armaldo,Moves,,Superpower,8.333
2016-12_gen4ou-0.json,Armaldo,Moves,,Swords Dance,8.333
2016-12_gen4ou-0.json,Armaldo,Moves,,Return,8.333
2016-12_gen4ou-0.json,Armaldo,Moves,,Rock Slide,8.333
2016-12_gen4ou-0.json,Armaldo,Moves,,Dig,8.333
2016-12_gen4ou-0.json,Armaldo,Moves,,False Swipe,5.556
2016-12_gen4ou-0.json,Armaldo,Moves,,Curse,5.556
2016-12_gen4ou-0.json,Armaldo,Moves,,Substitute,5.556
2016-12_gen4ou-0.json,Armaldo,Moves,,Hyper Beam,5.556
2016-12_gen4ou-0.json,Armaldo,Moves,,Other,19.444
2016-12_gen4ou-0.json,Chatot,Stats,Raw count,,36
2016-12_gen4ou-0.json,Chatot,Stats,Avg. weight,,1.0
2016-12_gen4ou-0.json,Chatot,Stats,Viability Ceiling,,60
2016-12_gen4ou-0.json,Chatot,Stats,Timid,,69.444
2016-12_gen4ou-0.json,Chatot,Stats,Jolly,,11.111
2016-12_gen4ou-0.json,Chatot,Stats,Lax,,11.111
2016-12_gen4ou-0.json,Chatot,Stats,Hardy,,5.556
2016-12_gen4ou-0.json,Chatot,Abilities,,Keen Eye,97.222
2016-12_gen4ou-0.json,Chatot,Abilities,,Tangled Feet,2.778
2016-12_gen4ou-0.json,Chatot,Items,,Focus Sash,72.222
2016-12_gen4ou-0.json,Chatot,Items,,Sitrus Berry,11.111
2016-12_gen4ou-0.json,Chatot,Items,,Life Orb,8.333
2016-12_gen4ou-0.json,Chatot,Items,,Nothing,5.556
2016-12_gen4ou-0.json,Chatot,Items,,Other,2.778
2016-12_gen4ou-0.json,Chatot,Spreads,,Other,2.778
2016-12_gen4ou-0.json,Chatot,Moves,,Hyper Voice,91.667
2016-12_gen4ou-0.json,Chatot,Moves,,Nasty Plot,75.0
2016-12_gen4ou-0.json,Chatot,Moves,,Heat Wave,72.222
2016-12_gen4ou-0.json,Chatot,Moves,,Chatter,69.444
2016-12_gen4ou-0.json,Chatot,Moves,,Roost,30.556
2016-12_gen4ou-0.json,Chatot,Moves,,Nothing,16.667
2016-12_gen4ou-0.json,Chatot,Moves,,Hidden Power Flying,13.889
2016-12_gen4ou-0.json,Chatot,Moves,,Protect,11.111
2016-12_gen4ou-0.json,Chatot,Moves,,Other,19.444
2016-12_gen4ou-0.json,Sudowoodo,Stats,Raw count,,39
2016-12_gen4ou-0.json,Sudowoodo,Stats,Avg. weight,,1.0
2016-12_gen4ou-0.json,Sudowoodo,Stats,Viability Ceiling,,55
2016-12_gen4ou-0.json,Sudowoodo,Stats,Hardy,,5.128
2016-12_gen4ou-0.json,Sudowoodo,Stats,Adamant,,5.128
2016-12_gen4ou-0.json,Sudowoodo,Abilities,,Sturdy,97.436
2016-12_gen4ou-0.json,Sudowoodo,Abilities,,Rock Head,2.564
2016-12_gen4ou-0.json,Sudowoodo,Items,,Focus Sash,58.974
2016-12_gen4ou-0.json,Sudowoodo,Items,,Rock Incense,10.256
2016-12_gen4ou-0.json,Sudowoodo,Items,,Nothing,10.256
2016-12_gen4ou-0.json,Sudowoodo,Items,,Stone Plate,7.692
2016-12_gen4ou-0.json,Sudowoodo,Items,,Choice Band,5.128
2016-12_gen4ou-0.json,Sudowoodo,Items,,Leftovers,2.564
2016-12_gen4ou-0.json,Sudowoodo,Items,,Hard Stone,2.564
2016-12_gen4ou-0.json,Sudowoodo,Items,,Other,2.564
2016-12_gen4ou-0.json,Sudowoodo,Spreads,,Other,7.692
2016-12_gen4ou-0.json,Sudowoodo,Moves,,Rock Slide,69.231
2016-12_gen4ou-0.json,Sudowoodo,Moves,,Low Kick,66.667
2016-12_gen4ou-0.json,Sudowoodo,Moves,,Brick Break,58.974
2016-12_gen4ou-0.json,Sudowoodo,Moves,,Ice Punch,58.974
2016-12_gen4ou-0.json,Sudowoodo,Moves,,Nothing,20.513
2016-12_gen4ou-0.json,Sudowoodo,Moves,,Rock Tomb,17.949
2016-12_gen4ou-0.json,Sudowoodo,Moves,,Earthquake,17.949
2016-12_gen4ou-0.json,Sudowoodo,Moves,,Body Slam,10.256
2016-12_gen4ou-0.json,Sudowoodo,Moves,,Rollout,10.256
2016-12_gen4ou-0.json,Sudowoodo,Moves,,Defense Curl,10.256
2016-12_gen4ou-0.json,Sudowoodo,Moves,,Wood Hammer,7.692
2016-12_gen4ou-0.json,Sudowoodo,Moves,,Hidden Power Rock,7.692
2016-12_gen4ou-0.json,Sudowoodo,Moves,,Block,7.692
2016-12_gen4ou-0.json,Sudowoodo,Moves,,Fire Punch,5.128
2016-12_gen4ou-0.json,Sudowoodo,Moves,,Hammer Arm,5.128
2016-12_gen4ou-0.json,Sudowoodo,Moves,,Explosion,5.128
2016-12_gen4ou-0.json,Sudowoodo,Moves,,Rest,2.564
2016-12_gen4ou-0.json,Sudowoodo,Moves,,Other,17.949
2016-12_gen4ou-0.json,Porygon2,Stats,Raw count,,32
2016-12_gen4ou-0.json,Porygon2,Stats,Avg. weight,,1.0
2016-12_gen4ou-0.json,Porygon2,Stats,Viability Ceiling,,69
2016-12_gen4ou-0.json,Porygon2,Stats,Hardy,,6.250
2016-12_gen4ou-0.json,Porygon2,Stats,Modest,,12.500
2016-12_gen4ou-0.json,Porygon2,Stats,Bold,,9.375
2016-12_gen4ou-0.json,Porygon2,Abilities,,Trace,87.5
2016-12_gen4ou-0.json,Porygon2,Abilities,,Download,12.5
2016-12_gen4ou-0.json,Porygon2,Items,,Leftovers,68.75
2016-12_gen4ou-0.json,Porygon2,Items,,Nothing,18.75
2016-12_gen4ou-0.json,Porygon2,Items,,Power Herb,6.25
2016-12_gen4ou-0.json,Porygon2,Items,,Life Orb,3.125
2016-12_gen4ou-0.json,Porygon2,Items,,Other,3.125
2016-12_gen4ou-0.json,Porygon2,Spreads,,Other,31.25
2016-12_gen4ou-0.json,Porygon2,Moves,,Recover,78.125
2016-12_gen4ou-0.json,Porygon2,Moves,,Thunderbolt,62.5
2016-12_gen4ou-0.json,Porygon2,Moves,,Ice Beam,53.125
2016-12_gen4ou-0.json,Porygon2,Moves,,Thunder Wave,31.25
2016-12_gen4ou-0.json,Porygon2,Moves,,Tri Attack,25.0
2016-12_gen4ou-0.json,Porygon2,Moves,,Toxic,25.0
2016-12_gen4ou-0.json,Porygon2,Moves,,Hidden Power Grass,18.75
2016-12_gen4ou-0.json,Porygon2,Moves,,Solar Beam,18.75
2016-12_gen4ou-0.json,Porygon2,Moves,,Shadow Ball,12.5
2016-12_gen4ou-0.json,Porygon2,Moves,,Sunny Day,12.5
2016-12_gen4ou-0.json,Porygon2,Moves,,Giga Impact,6.25
2016-12_gen4ou-0.json,Porygon2,Moves,,Hidden Power Fighting,6.25
2016-12_gen4ou-0.json,Porygon2,Moves,,Facade,6.25
2016-12_gen4ou-0.json,Porygon2,Moves,,Last Resort,6.25
2016-12_gen4ou-0.json,Porygon2,Moves,,Discharge,6.25
2016-12_gen4ou-0.json,Porygon2,Moves,,Protect,6.25
2016-12_gen4ou-0.json,Porygon2,Moves,,Double-Edge,6.25
2016-12_gen4ou-0.json,Porygon2,Moves,,Other,18.75
2016-12_gen4ou-0.json,Magcargo,Stats,Raw count,,32
2016-12_gen4ou-0.json,Magcargo,Stats,Avg. weight,,1.0
2016-12_gen4ou-0.json,Magcargo,Stats,Viability Ceiling,,54
2016-12_gen4ou-0.json,Magcargo,Stats,Careful,,40.625
2016-12_gen4ou-0.json,Magcargo,Stats,Modest,,9.375
2016-12_gen4ou-0.json,Magcargo,Stats,Calm,,9.375
2016-12_gen4ou-0.json,Magcargo,Stats,Hardy,,9.375
2016-12_gen4ou-0.json,Magcargo,Stats,Naughty,,6.250
2016-12_gen4ou-0.json,Magcargo,Abilities,,Magma Armor,65.625
2016-12_gen4ou-0.json,Magcargo,Abilities,,Flame Body,34.375
2016-12_gen4ou-0.json,Magcargo,Items,,Leftovers,53.125
2016-12_gen4ou-0.json,Magcargo,Items,,Nothing,18.75
2016-12_gen4ou-0.json,Magcargo,Items,,Focus Sash,12.5
2016-12_gen4ou-0.json,Magcargo,Items,,Mental Herb,6.25
2016-12_gen4ou-0.json,Magcargo,Items,,Passho Berry,3.125
2016-12_gen4ou-0.json,Magcargo,Items,,Flame Plate,3.125
2016-12_gen4ou-0.json,Magcargo,Items,,Other,3.125
2016-12_gen4ou-0.json,Magcargo,Spreads,,Other,15.625
2016-12_gen4ou-0.json,Magcargo,Moves,,Recover,68.75
2016-12_gen4ou-0.json,Magcargo,Moves,,Earthquake,62.5
2016-12_gen4ou-0.json,Magcargo,Moves,,Explosion,43.75
2016-12_gen4ou-0.json,Magcargo,Moves,,Will-O-Wisp,40.625
2016-12_gen4ou-0.json,Magcargo,Moves,,Flamethrower,37.5
2016-12_gen4ou-0.json,Magcargo,Moves,,Ancient Power,34.375
2016-12_gen4ou-0.json,Magcargo,Moves,,Earth Power,21.875
2016-12_gen4ou-0.json,Magcargo,Moves,,Stealth Rock,21.875
2016-12_gen4ou-0.json,Magcargo,Moves,,Fire Blast,18.75
2016-12_gen4ou-0.json,Magcargo,Moves,,Overheat,15.625
2016-12_gen4ou-0.json,Magcargo,Moves,,Reflect,9.375
2016-12_gen4ou-0.json,Magcargo,Moves,,Toxic,9.375
2016-12_gen4ou-0.json,Magcargo,Moves,,Other,15.625
2016-12_gen4ou-0.json,Xatu,Stats,Raw count,,33
2016-12_gen4ou-0.json,Xatu,Stats,Avg. weight,,1.0
2016-12_gen4ou-0.json,Xatu,Stats,Viability Ceiling,,54
2016-12_gen4ou-0.json,Xatu,Stats,Modest,,66.667
2016-12_gen4ou-0.json,Xatu,Stats,Timid,,3.030
2016-12_gen4ou-0.json,Xatu,Stats,Hardy,,3.030
2016-12_gen4ou-0.json,Xatu,Stats,Calm,,3.030
2016-12_gen4ou-0.json,Xatu,Abilities,,Synchronize,90.909
2016-12_gen4ou-0.json,Xatu,Abilities,,Early Bird,9.091
2016-12_gen4ou-0.json,Xatu,Items,,Leftovers,75.758
2016-12_gen4ou-0.json,Xatu,Items,,Sharp Beak,12.121
2016-12_gen4ou-0.json,Xatu,Items,,Life Orb,6.061
2016-12_gen4ou-0.json,Xatu,Items,,Focus Sash,3.03
2016-12_gen4ou-0.json,Xatu,Items,,Other,3.03
2016-12_gen4ou-0.json,Xatu,Spreads,,Other,6.061
2016-12_gen4ou-0.json,Xatu,Moves,,Psychic,100.0
2016-12_gen4ou-0.json,Xatu,Moves,,Shadow Ball,84.848
2016-12_gen4ou-0.json,Xatu,Moves,,Calm Mind,75.758
2016-12_gen4ou-0.json,Xatu,Moves,,Giga Drain,39.394
2016-12_gen4ou-0.json,Xatu,Moves,,Roost,36.364
2016-12_gen4ou-0.json,Xatu,Moves,,Fly,18.182
2016-12_gen4ou-0.json,Xatu,Moves,,U-turn,12.121
2016-12_gen4ou-0.json,Xatu,Moves,,Dream Eater,6.061
2016-12_gen4ou-0.json,Xatu,Moves,,Peck,6.061
2016-12_gen4ou-0.json,Xatu,Moves,,Double-Edge,3.03
2016-12_gen4ou-0.json,Xatu,Moves,,Other,18.182
2016-12_gen4ou-0.json,Purugly,Stats,Raw count,,33
2016-12_gen4ou-0.json,Purugly,Stats,Avg. weight,,1.0
2016-12_gen4ou-0.json,Purugly,Stats,Viability Ceiling,,80
2016-12_gen4ou-0.json,Purugly,Stats,Jolly,,12.121
2016-12_gen4ou-0.json,Purugly,Stats,Hardy,,18.182
2016-12_gen4ou-0.json,Purugly,Abilities,,Thick Fat,100.0
2016-12_gen4ou-0.json,Purugly,Items,,Life Orb,45.455
2016-12_gen4ou-0.json,Purugly,Items,,Leftovers,30.303
2016-12_gen4ou-0.json,Purugly,Items,,Damp Rock,21.212
2016-12_gen4ou-0.json,Purugly,Items,,Other,3.03
2016-12_gen4ou-0.json,Purugly,Spreads,,Other,3.03
2016-12_gen4ou-0.json,Purugly,Moves,,Fake Out,84.848
2016-12_gen4ou-0.json,Purugly,Moves,,U-turn,78.788
2016-12_gen4ou-0.json,Purugly,Moves,,Sucker Punch,57.576
2016-12_gen4ou-0.json,Purugly,Moves,,Return,39.394
2016-12_gen4ou-0.json,Purugly,Moves,,Toxic,21.212
2016-12_gen4ou-0.json,Purugly,Moves,,Frustration,21.212
2016-12_gen4ou-0.json,Purugly,Moves,,Shadow Claw,15.152
2016-12_gen4ou-0.json,Purugly,Moves,,Rain Dance,12.121
2016-12_gen4ou-0.json,Purugly,Moves,,Hypnosis,12.121
2016-12_gen4ou-0.json,Purugly,Moves,,Thunderbolt,12.121
2016-12_gen4ou-0.json,Purugly,Moves,,Super Fang,12.121
2016-12_gen4ou-0.json,Purugly,Moves,,Nothing,9.091
2016-12_gen4ou-0.json,Purugly,Moves,,Sunny Day,9.091
2016-12_gen4ou-0.json,Purugly,Moves,,Other,15.152
2016-12_gen4ou-0.json,Kingler,Stats,Raw count,,37
2016-12_gen4ou-0.json,Kingler,Stats,Avg. weight,,1.0
2016-12_gen4ou-0.json,Kingler,Stats,Viability Ceiling,,45
2016-12_gen4ou-0.json,Kingler,Stats,Adamant,,2.703
2016-12_gen4ou-0.json,Kingler,Stats,Rash,,8.108
2016-12_gen4ou-0.json,Kingler,Stats,Jolly,,8.108
2016-12_gen4ou-0.json,Kingler,Stats,Hardy,,5.405
2016-12_gen4ou-0.json,Kingler,Abilities,,Hyper Cutter,89.189
2016-12_gen4ou-0.json,Kingler,Abilities,,Shell Armor,10.811
2016-12_gen4ou-0.json,Kingler,Items,,Scope Lens,43.243
2016-12_gen4ou-0.json,Kingler,Items,,Leftovers,35.135
2016-12_gen4ou-0.json,Kingler,Items,,Choice Scarf,10.811
2016-12_gen4ou-0.json,Kingler,Items,,Life Orb,5.405
2016-12_gen4ou-0.json,Kingler,Items,,Sitrus Berry,2.703
2016-12_gen4ou-0.json,Kingler,Items,,Other,2.703
2016-12_gen4ou-0.json,Kingler,Spreads,,Other,8.108
2016-12_gen4ou-0.json,Kingler,Moves,,Crabhammer,91.892
2016-12_gen4ou-0.json,Kingler,Moves,,Brick Break,56.757
2016-12_gen4ou-0.json,Kingler,Moves,,Body Slam,48.649
2016-12_gen4ou-0.json,Kingler,Moves,,Dig,45.946
2016-12_gen4ou-0.json,Kingler,Moves,,X-Scissor,35.135
2016-12_gen4ou-0.json,Kingler,Moves,,Superpower,29.73
2016-12_gen4ou-0.json,Kingler,Moves,,Double-Edge,21.622
2016-12_gen4ou-0.json,Kingler,Moves,,Rock Slide,10.811
2016-12_gen4ou-0.json,Kingler,Moves,,Bubble Beam,8.108
2016-12_gen4ou-0.json,Kingler,Moves,,Ancient Power,8.108
2016-12_gen4ou-0.json,Kingler,Moves,,Haze,8.108
2016-12_gen4ou-0.json,Kingler,Moves,,Protect,5.405
2016-12_gen4ou-0.json,Kingler,Moves,,Swords Dance,5.405
2016-12_gen4ou-0.json,Kingler,Moves,,Hyper Beam,5.405
2016-12_gen4ou-0.json,Kingler,Moves,,Other,18.919
2016-12_gen4ou-0.json,Banette,Stats,Raw count,,29
2016-12_gen4ou-0.json,Banette,Stats,Avg. weight,,1.0
2016-12_gen4ou-0.json,Banette,Stats,Viability Ceiling,,65
2016-12_gen4ou-0.json,Banette,Stats,Adamant,,3.448
2016-12_gen4ou-0.json,Banette,Stats,Jolly,,20.690
2016-12_gen4ou-0.json,Banette,Stats,Hardy,,3.448
2016-12_gen4ou-0.json,Banette,Abilities,,Insomnia,93.103
2016-12_gen4ou-0.json,Banette,Abilities,,Frisk,6.897
2016-12_gen4ou-0.json,Banette,Items,,Life Orb,51.724
2016-12_gen4ou-0.json,Banette,Items,,Choice Scarf,34.483
2016-12_gen4ou-0.json,Banette,Items,,Leftovers,6.897
2016-12_gen4ou-0.json,Banette,Items,,Focus Sash,3.448
2016-12_gen4ou-0.json,Banette,Items,,Other,3.448
2016-12_gen4ou-0.json,Banette,Spreads,,Other,10.345
2016-12_gen4ou-0.json,Banette,Moves,,Destiny Bond,89.655
2016-12_gen4ou-0.json,Banette,Moves,,Shadow Claw,72.414
2016-12_gen4ou-0.json,Banette,Moves,,Will-O-Wisp,62.069
2016-12_gen4ou-0.json,Banette,Moves,,Sucker Punch,51.724
2016-12_gen4ou-0.json,Banette,Moves,,Trick,20.69
2016-12_gen4ou-0.json,Banette,Moves,,Toxic,20.69
2016-12_gen4ou-0.json,Banette,Moves,,Taunt,17.241
2016-12_gen4ou-0.json,Banette,Moves,,Hidden Power Flying,13.793
2016-12_gen4ou-0.json,Banette,Moves,,Knock Off,10.345
2016-12_gen4ou-0.json,Banette,Moves,,Dark Pulse,6.897
2016-12_gen4ou-0.json,Banette,Moves,,Shadow Ball,6.897
2016-12_gen4ou-0.json,Banette,Moves,,Shadow Sneak,6.897
2016-12_gen4ou-0.json,Banette,Moves,,Night Shade,3.448
2016-12_gen4ou-0.json,Banette,Moves,,Other,17.241
2016-12_gen4ou-0.json,Magikarp,Stats,Raw count,,32
2016-12_gen4ou-0.json,Magikarp,Stats,Avg. weight,,1.0
2016-12_gen4ou-0.json,Magikarp,Stats,Viability Ceiling,,45
2016-12_gen4ou-0.json,Magikarp,Stats,Adamant,,21.875
2016-12_gen4ou-0.json,Magikarp,Stats,Jolly,,21.875
2016-12_gen4ou-0.json,Magikarp,Stats,Hardy,,6.250
2016-12_gen4ou-0.json,Magikarp,Stats,Lonely,,15.625
2016-12_gen4ou-0.json,Magikarp,Stats,Sassy,,6.250
2016-12_gen4ou-0.json,Magikarp,Abilities,,Swift Swim,100.0
2016-12_gen4ou-0.json,Magikarp,Items,,Focus Sash,87.5
2016-12_gen4ou-0.json,Magikarp,Items,,Choice Band,6.25
2016-12_gen4ou-0.json,Magikarp,Items,,Nothing,3.125
2016-12_gen4ou-0.json,Magikarp,Items,,Other,3.125
2016-12_gen4ou-0.json,Magikarp,Spreads,,Other,9.375
2016-12_gen4ou-0.json,Magikarp,Moves,,Splash,96.875
2016-12_gen4ou-0.json,Magikarp,Moves,,Flail,93.75
2016-12_gen4ou-0.json,Magikarp,Moves,,Tackle,78.125
2016-12_gen4ou-0.json,Magikarp,Moves,,Bounce,68.75
2016-12_gen4ou-0.json,Magikarp,Moves,,Nothing,62.5
2016-12_gen4ou-0.json,Misdreavus,Stats,Raw count,,29
2016-12_gen4ou-0.json,Misdreavus,Stats,Avg. weight,,1.0
2016-12_gen4ou-0.json,Misdreavus,Stats,Viability Ceiling,,59
2016-12_gen4ou-0.json,Misdreavus,Stats,Bold,,20.690
2016-12_gen4ou-0.json,Misdreavus,Stats,Calm,,24.138
2016-12_gen4ou-0.json,Misdreavus,Stats,Naive,,6.897
2016-12_gen4ou-0.json,Misdreavus,Stats,Hardy,,6.897
2016-12_gen4ou-0.json,Misdreavus,Abilities,,Levitate,100.0
2016-12_gen4ou-0.json,Misdreavus,Items,,Leftovers,65.517
2016-12_gen4ou-0.json,Misdreavus,Items,,Focus Band,17.241
2016-12_gen4ou-0.json,Misdreavus,Items,,Choice Scarf,6.897
2016-12_gen4ou-0.json,Misdreavus,Items,,Choice Band,6.897
2016-12_gen4ou-0.json,Misdreavus,Items,,Other,3.448
2016-12_gen4ou-0.json,Misdreavus,Spreads,,Other,3.448
2016-12_gen4ou-0.json,Misdreavus,Moves,,Pain Split,82.759
2016-12_gen4ou-0.json,Misdreavus,Moves,,Shadow Ball,72.414
2016-12_gen4ou-0.json,Misdreavus,Moves,,Will-O-Wisp,58.621
2016-12_gen4ou-0.json,Misdreavus,Moves,,Memento,37.931
2016-12_gen4ou-0.json,Misdreavus,Moves,,Perish Song,31.034
2016-12_gen4ou-0.json,Misdreavus,Moves,,Nasty Plot,20.69
2016-12_gen4ou-0.json,Misdreavus,Moves,,Protect,17.241
2016-12_gen4ou-0.json,Misdreavus,Moves,,Thunder Wave,17.241
2016-12_gen4ou-0.json,Misdreavus,Moves,,Destiny Bond,17.241
2016-12_gen4ou-0.json,Misdreavus,Moves,,Confuse Ray,17.241
2016-12_gen4ou-0.json,Misdreavus,Moves,,Mean Look,10.345
2016-12_gen4ou-0.json,Misdreavus,Moves,,Other,17.241
2016-12_gen4ou-0.json,Torkoal,Stats,Raw count,,29
2016-12_gen4ou-0.json,Torkoal,Stats,Avg. weight,,1.0
2016-12_gen4ou-0.json,Torkoal,Stats,Viability Ceiling,,62
2016-12_gen4ou-0.json,Torkoal,Stats,Lax,,27.586
2016-12_gen4ou-0.json,Torkoal,Stats,Relaxed,,17.241
2016-12_gen4ou-0.json,Torkoal,Stats,Hardy,,10.345
2016-12_gen4ou-0.json,Torkoal,Stats,Brave,,10.345
2016-12_gen4ou-0.json,Torkoal,Stats,Calm,,6.897
2016-12_gen4ou-0.json,Torkoal,Stats,Modest,,6.897
2016-12_gen4ou-0.json,Torkoal,Abilities,,White Smoke,100.0
2016-12_gen4ou-0.json,Torkoal,Items,,Leftovers,55.172
2016-12_gen4ou-0.json,Torkoal,Items,,Charcoal,37.931
2016-12_gen4ou-0.json,Torkoal,Items,,Focus Sash,3.448
2016-12_gen4ou-0.json,Torkoal,Items,,Other,3.448
2016-12_gen4ou-0.json,Torkoal,Spreads,,Other,20.69
2016-12_gen4ou-0.json,Torkoal,Moves,,Flamethrower,68.966
2016-12_gen4ou-0.json,Torkoal,Moves,,Explosion,68.966
2016-12_gen4ou-0.json,Torkoal,Moves,,Stealth Rock,62.069
2016-12_gen4ou-0.json,Torkoal,Moves,,Eruption,31.034
2016-12_gen4ou-0.json,Torkoal,Moves,,Rapid Spin,24.138
2016-12_gen4ou-0.json,Torkoal,Moves,,Overheat,20.69
2016-12_gen4ou-0.json,Torkoal,Moves,,Smokescreen,10.345
2016-12_gen4ou-0.json,Torkoal,Moves,,Attract,10.345
2016-12_gen4ou-0.json,Torkoal,Moves,,Substitute,10.345
2016-12_gen4ou-0.json,Torkoal,Moves,,Toxic,10.345
2016-12_gen4ou-0.json,Torkoal,Moves,,Body Slam,10.345
2016-12_gen4ou-0.json,Torkoal,Moves,,Fire Blast,10.345
2016-12_gen4ou-0.json,Torkoal,Moves,,Sludge Bomb,6.897
2016-12_gen4ou-0.json,Torkoal,Moves,,Hidden Power Electric,6.897
2016-12_gen4ou-0.json,Torkoal,Moves,,Earth Power,6.897
2016-12_gen4ou-0.json,Torkoal,Moves,,Earthquake,6.897
2016-12_gen4ou-0.json,Torkoal,Moves,,Hyper Beam,6.897
2016-12_gen4ou-0.json,Torkoal,Moves,,Protect,6.897
2016-12_gen4ou-0.json,Torkoal,Moves,,Stone Edge,6.897
2016-12_gen4ou-0.json,Torkoal,Moves,,Other,13.793
2016-12_gen4ou-0.json,Dodrio,Stats,Raw count,,25
2016-12_gen4ou-0.json,Dodrio,Stats,Avg. weight,,1.0
2016-12_gen4ou-0.json,Dodrio,Stats,Viability Ceiling,,43
2016-12_gen4ou-0.json,Dodrio,Stats,Jolly,,52.000
2016-12_gen4ou-0.json,Dodrio,Stats,Adamant,,16.000
2016-12_gen4ou-0.json,Dodrio,Stats,Naive,,12.000
2016-12_gen4ou-0.json,Dodrio,Stats,Hardy,,12.000
2016-12_gen4ou-0.json,Dodrio,Stats,Naughty,,4.000
2016-12_gen4ou-0.json,Dodrio,Abilities,,Early Bird,88.0
2016-12_gen4ou-0.json,Dodrio,Abilities,,Run Away,12.0
2016-12_gen4ou-0.json,Dodrio,Items,,Choice Band,56.0
2016-12_gen4ou-0.json,Dodrio,Items,,Leftovers,28.0
2016-12_gen4ou-0.json,Dodrio,Items,,Nothing,8.0
2016-12_gen4ou-0.json,Dodrio,Items,,Focus Sash,8.0
2016-12_gen4ou-0.json,Dodrio,Spreads,,Other,4.0
2016-12_gen4ou-0.json,Dodrio,Moves,,Feint Attack,52.0
2016-12_gen4ou-0.json,Dodrio,Moves,,Steel Wing,44.0
2016-12_gen4ou-0.json,Dodrio,Moves,,Brave Bird,44.0
2016-12_gen4ou-0.json,Dodrio,Moves,,Drill Peck,32.0
2016-12_gen4ou-0.json,Dodrio,Moves,,Facade,32.0
2016-12_gen4ou-0.json,Dodrio,Moves,,Sky Attack,24.0
2016-12_gen4ou-0.json,Dodrio,Moves,,Giga Impact,20.0
2016-12_gen4ou-0.json,Dodrio,Moves,,Tri Attack,20.0
2016-12_gen4ou-0.json,Dodrio,Moves,,Rest,16.0
2016-12_gen4ou-0.json,Dodrio,Moves,,Sleep Talk,16.0
2016-12_gen4ou-0.json,Dodrio,Moves,,Roost,16.0
2016-12_gen4ou-0.json,Dodrio,Moves,,Double-Edge,16.0
2016-12_gen4ou-0.json,Dodrio,Moves,,Endeavor,8.0
2016-12_gen4ou-0.json,Dodrio,Moves,,Quick Attack,8.0
2016-12_gen4ou-0.json,Dodrio,Moves,,Agility,8.0
2016-12_gen4ou-0.json,Dodrio,Moves,,Body Slam,8.0
2016-12_gen4ou-0.json,Dodrio,Moves,,Knock Off,8.0
2016-12_gen4ou-0.json,Dodrio,Moves,,Nothing,8.0
2016-12_gen4ou-0.json,Dodrio,Moves,,Other,20.0
2016-12_gen4ou-0.json,Chimecho,Stats,Raw count,,25
2016-12_gen4ou-0.json,Chimecho,Stats,Avg. weight,,1.0
2016-12_gen4ou-0.json,Chimecho,Stats,Viability Ceiling,,44
2016-12_gen4ou-0.json,Chimecho,Stats,Modest,,20.000
2016-12_gen4ou-0.json,Chimecho,Stats,Hardy,,12.000
2016-12_gen4ou-0.json,Chimecho,Stats,Calm,,12.000
2016-12_gen4ou-0.json,Chimecho,Abilities,,Levitate,100.0
2016-12_gen4ou-0.json,Chimecho,Items,,Life Orb,52.0
2016-12_gen4ou-0.json,Chimecho,Items,,Wise Glasses,20.0
2016-12_gen4ou-0.json,Chimecho,Items,,Nothing,12.0
2016-12_gen4ou-0.json,Chimecho,Items,,Zoom Lens,8.0
2016-12_gen4ou-0.json,Chimecho,Items,,Leftovers,4.0
2016-12_gen4ou-0.json,Chimecho,Items,,Other,4.0
2016-12_gen4ou-0.json,Chimecho,Spreads,,Other,4.0
2016-12_gen4ou-0.json,Chimecho,Moves,,Psychic,68.0
2016-12_gen4ou-0.json,Chimecho,Moves,,Energy Ball,64.0
2016-12_gen4ou-0.json,Chimecho,Moves,,Hidden Power Dragon,52.0
2016-12_gen4ou-0.json,Chimecho,Moves,,Shadow Ball,52.0
2016-12_gen4ou-0.json,Chimecho,Moves,,Heal Bell,44.0
2016-12_gen4ou-0.json,Chimecho,Moves,,Calm Mind,24.0
2016-12_gen4ou-0.json,Chimecho,Moves,,Extrasensory,20.0
2016-12_gen4ou-0.json,Chimecho,Moves,,Nothing,20.0
2016-12_gen4ou-0.json,Chimecho,Moves,,Grass Knot,12.0
2016-12_gen4ou-0.json,Chimecho,Moves,,Frustration,12.0
2016-12_gen4ou-0.json,Chimecho,Moves,,Hypnosis,8.0
2016-12_gen4ou-0.json,Chimecho,Moves,,Wish,8.0
2016-12_gen4ou-0.json,Chimecho,Moves,,Other,16.0
2016-12_gen4ou-0.json,Sunflora,Stats,Raw count,,26
2016-12_gen4ou-0.json,Sunflora,Stats,Avg. weight,,1.0
2016-12_gen4ou-0.json,Sunflora,Stats,Viability Ceiling,,46
2016-12_gen4ou-0.json,Sunflora,Stats,Hardy,,3.846
2016-12_gen4ou-0.json,Sunflora,Stats,Modest,,3.846
2016-12_gen4ou-0.json,Sunflora,Abilities,,Chlorophyll,96.154
2016-12_gen4ou-0.json,Sunflora,Abilities,,Solar Power,3.846
2016-12_gen4ou-0.json,Sunflora,Items,,Leftovers,84.615
2016-12_gen4ou-0.json,Sunflora,Items,,Nothing,3.846
2016-12_gen4ou-0.json,Sunflora,Items,,Miracle Seed,3.846
2016-12_gen4ou-0.json,Sunflora,Items,,Power Herb,3.846
2016-12_gen4ou-0.json,Sunflora,Items,,Other,3.846
2016-12_gen4ou-0.json,Sunflora,Spreads,,Other,3.846
2016-12_gen4ou-0.json,Sunflora,Moves,,Earth Power,92.308
2016-12_gen4ou-0.json,Sunflora,Moves,,Grass Knot,84.615
2016-12_gen4ou-0.json,Sunflora,Moves,,Double-Edge,84.615
2016-12_gen4ou-0.json,Sunflora,Moves,,Hyper Beam,84.615
2016-12_gen4ou-0.json,Sunflora,Moves,,Sunny Day,11.538
2016-12_gen4ou-0.json,Sunflora,Moves,,Solar Beam,11.538
2016-12_gen4ou-0.json,Sunflora,Moves,,Energy Ball,7.692
2016-12_gen4ou-0.json,Sunflora,Moves,,Synthesis,7.692
2016-12_gen4ou-0.json,Sunflora,Moves,,Other,15.385
2016-12_gen4ou-0.json,Haunter,Stats,Raw count,,24
2016-12_gen4ou-0.json,Haunter,Stats,Avg. weight,,1.0
2016-12_gen4ou-0.json,Haunter,Stats,Viability Ceiling,,50
2016-12_gen4ou-0.json,Haunter,Stats,Modest,,41.667
2016-12_gen4ou-0.json,Haunter,Stats,Timid,,8.333
2016-12_gen4ou-0.json,Haunter,Stats,Hardy,,12.500
2016-12_gen4ou-0.json,Haunter,Stats,Naive,,8.333
2016-12_gen4ou-0.json,Haunter,Stats,Mild,,8.333
2016-12_gen4ou-0.json,Haunter,Abilities,,Levitate,100.0
2016-12_gen4ou-0.json,Haunter,Items,,Leftovers,45.833
2016-12_gen4ou-0.json,Haunter,Items,,Life Orb,12.5
2016-12_gen4ou-0.json,Haunter,Items,,Spell Tag,12.5
2016-12_gen4ou-0.json,Haunter,Items,,Choice Specs,8.333
2016-12_gen4ou-0.json,Haunter,Items,,Choice Scarf,8.333
2016-12_gen4ou-0.json,Haunter,Items,,King's Rock,8.333
2016-12_gen4ou-0.json,Haunter,Items,,Other,4.167
2016-12_gen4ou-0.json,Haunter,Spreads,,Other,8.333
2016-12_gen4ou-0.json,Haunter,Moves,,Shadow Ball,87.5
2016-12_gen4ou-0.json,Haunter,Moves,,Energy Ball,58.333
2016-12_gen4ou-0.json,Haunter,Moves,,Dark Pulse,50.0
2016-12_gen4ou-0.json,Haunter,Moves,,Pain Split,41.667
2016-12_gen4ou-0.json,Haunter,Moves,,Psychic,20.833
2016-12_gen4ou-0.json,Haunter,Moves,,Destiny Bond,16.667
2016-12_gen4ou-0.json,Haunter,Moves,,Substitute,16.667
2016-12_gen4ou-0.json,Haunter,Moves,,Explosion,12.5
2016-12_gen4ou-0.json,Haunter,Moves,,Hidden Power Ice,12.5
2016-12_gen4ou-0.json,Haunter,Moves,,Thunderbolt,12.5
2016-12_gen4ou-0.json,Haunter,Moves,,Shadow Claw,12.5
2016-12_gen4ou-0.json,Haunter,Moves,,Protect,8.333
2016-12_gen4ou-0.json,Haunter,Moves,,Shadow Punch,8.333
2016-12_gen4ou-0.json,Haunter,Moves,,Hypnosis,8.333
2016-12_gen4ou-0.json,Haunter,Moves,,Dream Eater,8.333
2016-12_gen4ou-0.json,Haunter,Moves,,Perish Song,8.333
2016-12_gen4ou-0.json,Haunter,Moves,,Other,16.667
2016-12_gen4ou-0.json,Kricketune,Stats,Raw count,,23
2016-12_gen4ou-0.json,Kricketune,Stats,Avg. weight,,1.0
2016-12_gen4ou-0.json,Kricketune,Stats,Viability Ceiling,,56
2016-12_gen4ou-0.json,Kricketune,Stats,Hardy,,8.696
2016-12_gen4ou-0.json,Kricketune,Stats,Jolly,,26.087
2016-12_gen4ou-0.json,Kricketune,Stats,Adamant,,4.348
2016-12_gen4ou-0.json,Kricketune,Stats,Gentle,,4.348
2016-12_gen4ou-0.json,Kricketune,Abilities,,Swarm,100.0
2016-12_gen4ou-0.json,Kricketune,Items,,Nothing,43.478
2016-12_gen4ou-0.json,Kricketune,Items,,Focus Band,26.087
2016-12_gen4ou-0.json,Kricketune,Items,,SilverPowder,21.739
2016-12_gen4ou-0.json,Kricketune,Items,,Focus Sash,4.348
2016-12_gen4ou-0.json,Kricketune,Items,,Other,4.348
2016-12_gen4ou-0.json,Kricketune,Spreads,,Other,4.348
2016-12_gen4ou-0.json,Kricketune,Moves,,Bug Buzz,56.522
2016-12_gen4ou-0.json,Kricketune,Moves,,X-Scissor,43.478
2016-12_gen4ou-0.json,Kricketune,Moves,,Facade,43.478
2016-12_gen4ou-0.json,Kricketune,Moves,,Brick Break,43.478
2016-12_gen4ou-0.json,Kricketune,Moves,,Perish Song,39.13
2016-12_gen4ou-0.json,Kricketune,Moves,,Hidden Power Electric,34.783
2016-12_gen4ou-0.json,Kricketune,Moves,,Protect,26.087
2016-12_gen4ou-0.json,Kricketune,Moves,,Night Slash,26.087
2016-12_gen4ou-0.json,Kricketune,Moves,,Rock Smash,26.087
2016-12_gen4ou-0.json,Kricketune,Moves,,Swords Dance,21.739
2016-12_gen4ou-0.json,Kricketune,Moves,,Toxic,17.391
2016-12_gen4ou-0.json,Kricketune,Moves,,Sing,8.696
2016-12_gen4ou-0.json,Kricketune,Moves,,Other,13.043
2016-12_gen4ou-0.json,Parasect,Stats,Raw count,,24
2016-12_gen4ou-0.json,Parasect,Stats,Avg. weight,,1.0
2016-12_gen4ou-0.json,Parasect,Stats,Viability Ceiling,,47
2016-12_gen4ou-0.json,Parasect,Stats,Adamant,,4.167
2016-12_gen4ou-0.json,Parasect,Abilities,,Effect Spore,75.0
2016-12_gen4ou-0.json,Parasect,Abilities,,Dry Skin,25.0
2016-12_gen4ou-0.json,Parasect,Items,,Poison Barb,37.5
2016-12_gen4ou-0.json,Parasect,Items,,Miracle Seed,20.833
2016-12_gen4ou-0.json,Parasect,Items,,Leftovers,20.833
2016-12_gen4ou-0.json,Parasect,Items,,Muscle Band,16.667
2016-12_gen4ou-0.json,Parasect,Items,,Other,4.167
2016-12_gen4ou-0.json,Parasect,Spreads,,Other,4.167
2016-12_gen4ou-0.json,Parasect,Moves,,Spore,83.333
2016-12_gen4ou-0.json,Parasect,Moves,,Seed Bomb,79.167
2016-12_gen4ou-0.json,Parasect,Moves,,X-Scissor,79.167
2016-12_gen4ou-0.json,Parasect,Moves,,Swords Dance,58.333
2016-12_gen4ou-0.json,Parasect,Moves,,Brick Break,45.833
2016-12_gen4ou-0.json,Parasect,Moves,,Substitute,20.833
2016-12_gen4ou-0.json,Parasect,Moves,,Cross Poison,16.667
2016-12_gen4ou-0.json,Parasect,Moves,,Other,16.667
2016-12_gen4ou-0.json,Jumpluff,Stats,Raw count,,25
2016-12_gen4ou-0.json,Jumpluff,Stats,Avg. weight,,1.0
2016-12_gen4ou-0.json,Jumpluff,Stats,Viability Ceiling,,55
2016-12_gen4ou-0.json,Jumpluff,Stats,Timid,,32.000
2016-12_gen4ou-0.json,Jumpluff,Stats,Jolly,,12.000
2016-12_gen4ou-0.json,Jumpluff,Stats,Modest,,4.000
2016-12_gen4ou-0.json,Jumpluff,Stats,Hasty,,4.000
2016-12_gen4ou-0.json,Jumpluff,Abilities,,Chlorophyll,96.0
2016-12_gen4ou-0.json,Jumpluff,Abilities,,Leaf Guard,4.0
2016-12_gen4ou-0.json,Jumpluff,Items,,Leftovers,96.0
2016-12_gen4ou-0.json,Jumpluff,Items,,Other,4.0
2016-12_gen4ou-0.json,Jumpluff,Spreads,,Other,4.0
2016-12_gen4ou-0.json,Jumpluff,Moves,,Leech Seed,80.0
2016-12_gen4ou-0.json,Jumpluff,Moves,,Sleep Powder,52.0
2016-12_gen4ou-0.json,Jumpluff,Moves,,Substitute,48.0
2016-12_gen4ou-0.json,Jumpluff,Moves,,Secret Power,40.0
2016-12_gen4ou-0.json,Jumpluff,Moves,,Bounce,40.0
2016-12_gen4ou-0.json,Jumpluff,Moves,,Synthesis,40.0
2016-12_gen4ou-0.json,Jumpluff,Moves,,Encore,32.0
2016-12_gen4ou-0.json,Jumpluff,Moves,,Seed Bomb,12.0
2016-12_gen4ou-0.json,Jumpluff,Moves,,Swords Dance,12.0
2016-12_gen4ou-0.json,Jumpluff,Moves,,Sunny Day,8.0
2016-12_gen4ou-0.json,Jumpluff,Moves,,Energy Ball,8.0
2016-12_gen4ou-0.json,Jumpluff,Moves,,Giga Drain,4.0
2016-12_gen4ou-0.json,Jumpluff,Moves,,Stun Spore,4.0
2016-12_gen4ou-0.json,Jumpluff,Moves,,Other,20.0
2016-12_gen4ou-0.json,Clamperl,Stats,Raw count,,24
2016-12_gen4ou-0.json,Clamperl,Stats,Avg. weight,,1.0
2016-12_gen4ou-0.json,Clamperl,Stats,Viability Ceiling,,59
2016-12_gen4ou-0.json,Clamperl,Stats,Jolly,,41.667
2016-12_gen4ou-0.json,Clamperl,Stats,Modest,,41.667
2016-12_gen4ou-0.json,Clamperl,Stats,Hardy,,12.500
2016-12_gen4ou-0.json,Clamperl,Abilities,,Shell Armor,100.0
2016-12_gen4ou-0.json,Clamperl,Items,,DeepSeaTooth,83.333
2016-12_gen4ou-0.json,Clamperl,Items,,Nothing,12.5
2016-12_gen4ou-0.json,Clamperl,Items,,Other,4.167
2016-12_gen4ou-0.json,Clamperl,Spreads,,Other,4.167
2016-12_gen4ou-0.json,Clamperl,Moves,,Surf,100.0
2016-12_gen4ou-0.json,Clamperl,Moves,,Protect,100.0
2016-12_gen4ou-0.json,Clamperl,Moves,,Ice Beam,87.5
2016-12_gen4ou-0.json,Clamperl,Moves,,Substitute,83.333
2016-12_gen4ou-0.json,Clamperl,Moves,,Blizzard,12.5
2016-12_gen4ou-0.json,Clamperl,Moves,,Other,16.667
2016-12_gen4ou-0.json,Mightyena,Stats,Raw count,,19
2016-12_gen4ou-0.json,Mightyena,Stats,Avg. weight,,1.0
2016-12_gen4ou-0.json,Mightyena,Stats,Viability Ceiling,,57
2016-12_gen4ou-0.json,Mightyena,Stats,Naughty,,5.263
2016-12_gen4ou-0.json,Mightyena,Stats,Hardy,,15.789
2016-12_gen4ou-0.json,Mightyena,Stats,Naive,,5.263
2016-12_gen4ou-0.json,Mightyena,Abilities,,Intimidate,94.737
2016-12_gen4ou-0.json,Mightyena,Abilities,,Quick Feet,5.263
2016-12_gen4ou-0.json,Mightyena,Items,,Leftovers,73.684
2016-12_gen4ou-0.json,Mightyena,Items,,Black Glasses,15.789
2016-12_gen4ou-0.json,Mightyena,Items,,Nothing,5.263
2016-12_gen4ou-0.json,Mightyena,Items,,Metronome,5.263
2016-12_gen4ou-0.json,Mightyena,Moves,,Crunch,100.0
2016-12_gen4ou-0.json,Mightyena,Moves,,Protect,52.632
2016-12_gen4ou-0.json,Mightyena,Moves,,Shadow Ball,52.632
2016-12_gen4ou-0.json,Mightyena,Moves,,Fire Fang,52.632
2016-12_gen4ou-0.json,Mightyena,Moves,,Dark Pulse,31.579
2016-12_gen4ou-0.json,Mightyena,Moves,,Sucker Punch,26.316
2016-12_gen4ou-0.json,Mightyena,Moves,,Thief,15.789
2016-12_gen4ou-0.json,Mightyena,Moves,,Poison Fang,15.789
2016-12_gen4ou-0.json,Mightyena,Moves,,Torment,15.789
2016-12_gen4ou-0.json,Mightyena,Moves,,Assurance,15.789
2016-12_gen4ou-0.json,Mightyena,Moves,,Body Slam,10.526
2016-12_gen4ou-0.json,Mightyena,Moves,,Other,10.526
2016-12_gen4ou-0.json,Vileplume,Stats,Raw count,,19
2016-12_gen4ou-0.json,Vileplume,Stats,Avg. weight,,1.0
2016-12_gen4ou-0.json,Vileplume,Stats,Viability Ceiling,,45
2016-12_gen4ou-0.json,Vileplume,Stats,Hardy,,5.263
2016-12_gen4ou-0.json,Vileplume,Stats,Calm,,15.789
2016-12_gen4ou-0.json,Vileplume,Stats,Bold,,10.526
2016-12_gen4ou-0.json,Vileplume,Stats,Modest,,5.263
2016-12_gen4ou-0.json,Vileplume,Abilities,,Chlorophyll,100.0
2016-12_gen4ou-0.json,Vileplume,Items,,Leftovers,52.632
2016-12_gen4ou-0.json,Vileplume,Items,,Nothing,15.789
2016-12_gen4ou-0.json,Vileplume,Items,,Life Orb,10.526
2016-12_gen4ou-0.json,Vileplume,Items,,Black Sludge,5.263
2016-12_gen4ou-0.json,Vileplume,Items,,Payapa Berry,5.263
2016-12_gen4ou-0.json,Vileplume,Items,,Energy Powder,5.263
2016-12_gen4ou-0.json,Vileplume,Items,,Miracle Seed,5.263
2016-12_gen4ou-0.json,Vileplume,Spreads,,Other,10.526
2016-12_gen4ou-0.json,Vileplume,Moves,,Sleep Powder,42.105
2016-12_gen4ou-0.json,Vileplume,Moves,,Giga Drain,42.105
2016-12_gen4ou-0.json,Vileplume,Moves,,Energy Ball,31.579
2016-12_gen4ou-0.json,Vileplume,Moves,,Sludge Bomb,26.316
2016-12_gen4ou-0.json,Vileplume,Moves,,Toxic,26.316
2016-12_gen4ou-0.json,Vileplume,Moves,,Leech Seed,26.316
2016-12_gen4ou-0.json,Vileplume,Moves,,Body Slam,26.316
2016-12_gen4ou-0.json,Vileplume,Moves,,Aromatherapy,21.053
2016-12_gen4ou-0.json,Vileplume,Moves,,Razor Leaf,21.053
2016-12_gen4ou-0.json,Vileplume,Moves,,Frustration,15.789
2016-12_gen4ou-0.json,Vileplume,Moves,,Solar Beam,15.789
2016-12_gen4ou-0.json,Vileplume,Moves,,Hidden Power Fire,10.526
2016-12_gen4ou-0.json,Vileplume,Moves,,Petal Dance,10.526
2016-12_gen4ou-0.json,Vileplume,Moves,,Absorb,10.526
2016-12_gen4ou-0.json,Vileplume,Moves,,Synthesis,10.526
2016-12_gen4ou-0.json,Vileplume,Moves,,Cut,10.526
2016-12_gen4ou-0.json,Vileplume,Moves,,Secret Power,10.526
2016-12_gen4ou-0.json,Vileplume,Moves,,Double-Edge,10.526
2016-12_gen4ou-0.json,Vileplume,Moves,,Grass Knot,10.526
2016-12_gen4ou-0.json,Vileplume,Moves,,Hidden Power Electric,5.263
2016-12_gen4ou-0.json,Vileplume,Moves,,Other,15.789
2016-12_gen4ou-0.json,Gorebyss,Stats,Raw count,,19
2016-12_gen4ou-0.json,Gorebyss,Stats,Avg. weight,,1.0
2016-12_gen4ou-0.json,Gorebyss,Stats,Viability Ceiling,,50
2016-12_gen4ou-0.json,Gorebyss,Stats,Timid,,36.842
2016-12_gen4ou-0.json,Gorebyss,Stats,Jolly,,31.579
2016-12_gen4ou-0.json,Gorebyss,Stats,Hardy,,21.053
2016-12_gen4ou-0.json,Gorebyss,Stats,Impish,,10.526
2016-12_gen4ou-0.json,Gorebyss,Abilities,,Swift Swim,100.0
2016-12_gen4ou-0.json,Gorebyss,Items,,Leftovers,63.158
2016-12_gen4ou-0.json,Gorebyss,Items,,Life Orb,36.842
2016-12_gen4ou-0.json,Gorebyss,Moves,,Baton Pass,63.158
2016-12_gen4ou-0.json,Gorebyss,Moves,,Amnesia,63.158
2016-12_gen4ou-0.json,Gorebyss,Moves,,Surf,36.842
2016-12_gen4ou-0.json,Gorebyss,Moves,,Hidden Power Electric,36.842
2016-12_gen4ou-0.json,Gorebyss,Moves,,Ice Beam,36.842
2016-12_gen4ou-0.json,Gorebyss,Moves,,Hydro Pump,36.842
2016-12_gen4ou-0.json,Gorebyss,Moves,,Supersonic,31.579
2016-12_gen4ou-0.json,Gorebyss,Moves,,Aqua Ring,31.579
2016-12_gen4ou-0.json,Gorebyss,Moves,,Body Slam,31.579
2016-12_gen4ou-0.json,Gorebyss,Moves,,Iron Defense,21.053
2016-12_gen4ou-0.json,Gorebyss,Moves,,Other,10.526
2016-12_gen4ou-0.json,Mantine,Stats,Raw count,,20
2016-12_gen4ou-0.json,Mantine,Stats,Avg. weight,,1.0
2016-12_gen4ou-0.json,Mantine,Stats,Viability Ceiling,,48
2016-12_gen4ou-0.json,Mantine,Stats,Modest,,5.000
2016-12_gen4ou-0.json,Mantine,Stats,Calm,,15.000
2016-12_gen4ou-0.json,Mantine,Stats,Timid,,5.000
2016-12_gen4ou-0.json,Mantine,Stats,Adamant,,5.000
2016-12_gen4ou-0.json,Mantine,Abilities,,Water Absorb,75.0
2016-12_gen4ou-0.json,Mantine,Abilities,,Swift Swim,25.0
2016-12_gen4ou-0.json,Mantine,Items,,Mystic Water,50.0
2016-12_gen4ou-0.json,Mantine,Items,,Leftovers,30.0
2016-12_gen4ou-0.json,Mantine,Items,,Wacan Berry,10.0
2016-12_gen4ou-0.json,Mantine,Items,,Choice Specs,5.0
2016-12_gen4ou-0.json,Mantine,Items,,Other,5.0
2016-12_gen4ou-0.json,Mantine,Spreads,,Other,15.0
2016-12_gen4ou-0.json,Mantine,Moves,,Surf,75.0
2016-12_gen4ou-0.json,Mantine,Moves,,Ice Beam,55.0
2016-12_gen4ou-0.json,Mantine,Moves,,Hidden Power Flying,55.0
2016-12_gen4ou-0.json,Mantine,Moves,,Agility,50.0
2016-12_gen4ou-0.json,Mantine,Moves,,Toxic,30.0
2016-12_gen4ou-0.json,Mantine,Moves,,Aqua Ring,20.0
2016-12_gen4ou-0.json,Mantine,Moves,,Haze,20.0
2016-12_gen4ou-0.json,Mantine,Moves,,Protect,15.0
2016-12_gen4ou-0.json,Mantine,Moves,,Defog,15.0
2016-12_gen4ou-0.json,Mantine,Moves,,Substitute,10.0
2016-12_gen4ou-0.json,Mantine,Moves,,Bubble Beam,5.0
2016-12_gen4ou-0.json,Mantine,Moves,,Blizzard,5.0
2016-12_gen4ou-0.json,Mantine,Moves,,Hidden Power Water,5.0
2016-12_gen4ou-0.json,Mantine,Moves,,Waterfall,5.0
2016-12_gen4ou-0.json,Mantine,Moves,,Air Cutter,5.0
2016-12_gen4ou-0.json,Mantine,Moves,,Body Slam,5.0
2016-12_gen4ou-0.json,Mantine,Moves,,Rest,5.0
2016-12_gen4ou-0.json,Mantine,Moves,,Aqua Tail,5.0
2016-12_gen4ou-0.json,Mantine,Moves,,Other,15.0
2016-12_gen4ou-0.json,Bellossom,Stats,Raw count,,16
2016-12_gen4ou-0.json,Bellossom,Stats,Avg. weight,,1.0
2016-12_gen4ou-0.json,Bellossom,Stats,Viability Ceiling,,45
2016-12_gen4ou-0.json,Bellossom,Stats,Mild,,31.250
2016-12_gen4ou-0.json,Bellossom,Stats,Adamant,,25.000
2016-12_gen4ou-0.json,Bellossom,Stats,Timid,,18.750
2016-12_gen4ou-0.json,Bellossom,Stats,Modest,,12.500
2016-12_gen4ou-0.json,Bellossom,Stats,Hardy,,12.500
2016-12_gen4ou-0.json,Bellossom,Abilities,,Chlorophyll,100.0
2016-12_gen4ou-0.json,Bellossom,Items,,Lum Berry,31.25
2016-12_gen4ou-0.json,Bellossom,Items,,Miracle Seed,18.75
2016-12_gen4ou-0.json,Bellossom,Items,,Choice Specs,12.5
2016-12_gen4ou-0.json,Bellossom,Items,,Choice Scarf,12.5
2016-12_gen4ou-0.json,Bellossom,Items,,Sitrus Berry,12.5
2016-12_gen4ou-0.json,Bellossom,Items,,Nothing,12.5
2016-12_gen4ou-0.json,Bellossom,Moves,,Toxic,37.5
2016-12_gen4ou-0.json,Bellossom,Moves,,Sunny Day,31.25
2016-12_gen4ou-0.json,Bellossom,Moves,,Solar Beam,31.25
2016-12_gen4ou-0.json,Bellossom,Moves,,Bullet Seed,31.25
2016-12_gen4ou-0.json,Bellossom,Moves,,Swords Dance,25.0
2016-12_gen4ou-0.json,Bellossom,Moves,,Giga Drain,25.0
2016-12_gen4ou-0.json,Bellossom,Moves,,Leaf Blade,25.0
2016-12_gen4ou-0.json,Bellossom,Moves,,Stun Spore,25.0
2016-12_gen4ou-0.json,Bellossom,Moves,,Drain Punch,25.0
2016-12_gen4ou-0.json,Bellossom,Moves,,Energy Ball,25.0
2016-12_gen4ou-0.json,Bellossom,Moves,,Protect,18.75
2016-12_gen4ou-0.json,Bellossom,Moves,,Absorb,18.75
2016-12_gen4ou-0.json,Bellossom,Moves,,Sludge Bomb,12.5
2016-12_gen4ou-0.json,Bellossom,Moves,,Petal Dance,12.5
2016-12_gen4ou-0.json,Bellossom,Moves,,Hidden Power Ground,12.5
2016-12_gen4ou-0.json,Bellossom,Moves,,Sleep Powder,12.5
2016-12_gen4ou-0.json,Bellossom,Moves,,Facade,12.5
2016-12_gen4ou-0.json,Bellossom,Moves,,Other,18.75
2016-12_gen4ou-0.json,Dewgong,Stats,Raw count,,22
2016-12_gen4ou-0.json,Dewgong,Stats,Avg. weight,,1.0
2016-12_gen4ou-0.json,Dewgong,Stats,Viability Ceiling,,47
2016-12_gen4ou-0.json,Dewgong,Stats,Hardy,,4.545
2016-12_gen4ou-0.json,Dewgong,Stats,Naughty,,22.727
2016-12_gen4ou-0.json,Dewgong,Stats,Modest,,4.545
2016-12_gen4ou-0.json,Dewgong,Abilities,,Thick Fat,95.455
2016-12_gen4ou-0.json,Dewgong,Abilities,,Hydration,4.545
2016-12_gen4ou-0.json,Dewgong,Items,,Nothing,40.909
2016-12_gen4ou-0.json,Dewgong,Items,,Leftovers,27.273
2016-12_gen4ou-0.json,Dewgong,Items,,Icy Rock,22.727
2016-12_gen4ou-0.json,Dewgong,Items,,Focus Sash,4.545
2016-12_gen4ou-0.json,Dewgong,Items,,Other,4.545
2016-12_gen4ou-0.json,Dewgong,Spreads,,Other,4.545
2016-12_gen4ou-0.json,Dewgong,Moves,,Ice Beam,77.273
2016-12_gen4ou-0.json,Dewgong,Moves,,Blizzard,45.455
2016-12_gen4ou-0.json,Dewgong,Moves,,Avalanche,40.909
2016-12_gen4ou-0.json,Dewgong,Moves,,Rest,40.909
2016-12_gen4ou-0.json,Dewgong,Moves,,Surf,36.364
2016-12_gen4ou-0.json,Dewgong,Moves,,Aqua Jet,36.364
2016-12_gen4ou-0.json,Dewgong,Moves,,Aqua Ring,22.727
2016-12_gen4ou-0.json,Dewgong,Moves,,Aurora Beam,22.727
2016-12_gen4ou-0.json,Dewgong,Moves,,Hail,22.727
2016-12_gen4ou-0.json,Dewgong,Moves,,Water Pulse,18.182
2016-12_gen4ou-0.json,Dewgong,Moves,,Waterfall,4.545
2016-12_gen4ou-0.json,Dewgong,Moves,,Sleep Talk,4.545
2016-12_gen4ou-0.json,Dewgong,Moves,,Body Slam,4.545
2016-12_gen4ou-0.json,Dewgong,Moves,,Double-Edge,4.545
2016-12_gen4ou-0.json,Dewgong,Moves,,Other,18.182
2016-12_gen4ou-0.json,Octillery,Stats,Raw count,,15
2016-12_gen4ou-0.json,Octillery,Stats,Avg. weight,,1.0
2016-12_gen4ou-0.json,Octillery,Stats,Viability Ceiling,,59
2016-12_gen4ou-0.json,Octillery,Stats,Modest,,33.333
2016-12_gen4ou-0.json,Octillery,Stats,Brave,,6.667
2016-12_gen4ou-0.json,Octillery,Stats,Mild,,6.667
2016-12_gen4ou-0.json,Octillery,Abilities,,Suction Cups,53.333
2016-12_gen4ou-0.json,Octillery,Abilities,,Sniper,46.667
2016-12_gen4ou-0.json,Octillery,Items,,Choice Specs,33.333
2016-12_gen4ou-0.json,Octillery,Items,,Life Orb,26.667
2016-12_gen4ou-0.json,Octillery,Items,,Leftovers,26.667
2016-12_gen4ou-0.json,Octillery,Items,,Scope Lens,13.333
2016-12_gen4ou-0.json,Octillery,Moves,,Charge Beam,66.667
2016-12_gen4ou-0.json,Octillery,Moves,,Water Spout,60.0
2016-12_gen4ou-0.json,Octillery,Moves,,Ice Beam,53.333
2016-12_gen4ou-0.json,Octillery,Moves,,Energy Ball,53.333
2016-12_gen4ou-0.json,Octillery,Moves,,Surf,33.333
2016-12_gen4ou-0.json,Octillery,Moves,,Blizzard,33.333
2016-12_gen4ou-0.json,Octillery,Moves,,Fire Blast,33.333
2016-12_gen4ou-0.json,Octillery,Moves,,Flamethrower,33.333
2016-12_gen4ou-0.json,Octillery,Moves,,Psychic,6.667
2016-12_gen4ou-0.json,Octillery,Moves,,Dive,6.667
2016-12_gen4ou-0.json,Octillery,Moves,,Other,20.0
2016-12_gen4ou-0.json,Lumineon,Stats,Raw count,,14
2016-12_gen4ou-0.json,Lumineon,Stats,Avg. weight,,1.0
2016-12_gen4ou-0.json,Lumineon,Stats,Viability Ceiling,,46
2016-12_gen4ou-0.json,Lumineon,Stats,Hardy,,7.143
2016-12_gen4ou-0.json,Lumineon,Stats,Adamant,,14.286
2016-12_gen4ou-0.json,Lumineon,Stats,Mild,,7.143
2016-12_gen4ou-0.json,Lumineon,Abilities,,Storm Drain,57.143
2016-12_gen4ou-0.json,Lumineon,Abilities,,Swift Swim,42.857
2016-12_gen4ou-0.json,Lumineon,Items,,Life Orb,28.571
2016-12_gen4ou-0.json,Lumineon,Items,,Nothing,21.429
2016-12_gen4ou-0.json,Lumineon,Items,,Damp Rock,14.286
2016-12_gen4ou-0.json,Lumineon,Items,,Splash Plate,14.286
2016-12_gen4ou-0.json,Lumineon,Items,,Leftovers,7.143
2016-12_gen4ou-0.json,Lumineon,Items,,Mystic Water,7.143
2016-12_gen4ou-0.json,Lumineon,Items,,Sitrus Berry,7.143
2016-12_gen4ou-0.json,Lumineon,Moves,,Surf,85.714
2016-12_gen4ou-0.json,Lumineon,Moves,,Ice Beam,57.143
2016-12_gen4ou-0.json,Lumineon,Moves,,Blizzard,42.857
2016-12_gen4ou-0.json,Lumineon,Moves,,Hyper Beam,35.714
2016-12_gen4ou-0.json,Lumineon,Moves,,Hidden Power Ground,28.571
2016-12_gen4ou-0.json,Lumineon,Moves,,Waterfall,28.571
2016-12_gen4ou-0.json,Lumineon,Moves,,Psybeam,21.429
2016-12_gen4ou-0.json,Lumineon,Moves,,Giga Impact,21.429
2016-12_gen4ou-0.json,Lumineon,Moves,,Hidden Power Grass,14.286
2016-12_gen4ou-0.json,Lumineon,Moves,,Air Cutter,14.286
2016-12_gen4ou-0.json,Lumineon,Moves,,Rain Dance,14.286
2016-12_gen4ou-0.json,Lumineon,Moves,,Defog,7.143
2016-12_gen4ou-0.json,Lumineon,Moves,,Protect,7.143
2016-12_gen4ou-0.json,Lumineon,Moves,,Aqua Ring,7.143
2016-12_gen4ou-0.json,Lumineon,Moves,,Other,14.286
2016-12_gen4ou-0.json,Pichu,Stats,Raw count,,16
2016-12_gen4ou-0.json,Pichu,Stats,Avg. weight,,1.0
2016-12_gen4ou-0.json,Pichu,Stats,Viability Ceiling,,47
2016-12_gen4ou-0.json,Pichu,Stats,Jolly,,25.000
2016-12_gen4ou-0.json,Pichu,Stats,Timid,,18.750
2016-12_gen4ou-0.json,Pichu,Stats,Naughty,,6.250
2016-12_gen4ou-0.json,Pichu,Stats,Hardy,,6.250
2016-12_gen4ou-0.json,Pichu,Abilities,,Static,100.0
2016-12_gen4ou-0.json,Pichu,Items,,Focus Sash,37.5
2016-12_gen4ou-0.json,Pichu,Items,,Leftovers,37.5
2016-12_gen4ou-0.json,Pichu,Items,,Sitrus Berry,12.5
2016-12_gen4ou-0.json,Pichu,Items,,Zap Plate,6.25
2016-12_gen4ou-0.json,Pichu,Items,,Choice Specs,6.25
2016-12_gen4ou-0.json,Pichu,Spreads,,Other,25.0
2016-12_gen4ou-0.json,Pichu,Moves,,Thunderbolt,81.25
2016-12_gen4ou-0.json,Pichu,Moves,,Thunder,75.0
2016-12_gen4ou-0.json,Pichu,Moves,,Protect,37.5
2016-12_gen4ou-0.json,Pichu,Moves,,Nasty Plot,37.5
2016-12_gen4ou-0.json,Pichu,Moves,,Thunder Wave,31.25
2016-12_gen4ou-0.json,Pichu,Moves,,Endeavor,31.25
2016-12_gen4ou-0.json,Pichu,Moves,,Volt Tackle,25.0
2016-12_gen4ou-0.json,Pichu,Moves,,Swagger,18.75
2016-12_gen4ou-0.json,Pichu,Moves,,Thunder Punch,18.75
2016-12_gen4ou-0.json,Pichu,Moves,,Signal Beam,12.5
2016-12_gen4ou-0.json,Pichu,Moves,,Endure,12.5
2016-12_gen4ou-0.json,Pichu,Moves,,Other,18.75
2016-12_gen4ou-0.json,Dunsparce,Stats,Raw count,,16
2016-12_gen4ou-0.json,Dunsparce,Stats,Avg. weight,,1.0
2016-12_gen4ou-0.json,Dunsparce,Stats,Viability Ceiling,,58
2016-12_gen4ou-0.json,Dunsparce,Stats,Adamant,,37.500
2016-12_gen4ou-0.json,Dunsparce,Stats,Hardy,,12.500
2016-12_gen4ou-0.json,Dunsparce,Stats,Modest,,6.250
2016-12_gen4ou-0.json,Dunsparce,Abilities,,Serene Grace,100.0
2016-12_gen4ou-0.json,Dunsparce,Items,,Leftovers,87.5
2016-12_gen4ou-0.json,Dunsparce,Items,,Silk Scarf,12.5
2016-12_gen4ou-0.json,Dunsparce,Moves,,Body Slam,62.5
2016-12_gen4ou-0.json,Dunsparce,Moves,,Headbutt,50.0
2016-12_gen4ou-0.json,Dunsparce,Moves,,Ancient Power,50.0
2016-12_gen4ou-0.json,Dunsparce,Moves,,Aqua Tail,43.75
2016-12_gen4ou-0.json,Dunsparce,Moves,,Glare,37.5
2016-12_gen4ou-0.json,Dunsparce,Moves,,Bite,37.5
2016-12_gen4ou-0.json,Dunsparce,Moves,,Water Pulse,37.5
2016-12_gen4ou-0.json,Dunsparce,Moves,,Blizzard,25.0
2016-12_gen4ou-0.json,Dunsparce,Moves,,Calm Mind,18.75
2016-12_gen4ou-0.json,Dunsparce,Moves,,Rock Slide,12.5
2016-12_gen4ou-0.json,Dunsparce,Moves,,Roost,12.5
2016-12_gen4ou-0.json,Dunsparce,Moves,,Other,12.5
2016-12_gen4ou-0.json,Pinsir,Stats,Raw count,,13
2016-12_gen4ou-0.json,Pinsir,Stats,Avg. weight,,1.0
2016-12_gen4ou-0.json,Pinsir,Stats,Viability Ceiling,,65
2016-12_gen4ou-0.json,Pinsir,Stats,Adamant,,7.692
2016-12_gen4ou-0.json,Pinsir,Stats,Jolly,,7.692
2016-12_gen4ou-0.json,Pinsir,Abilities,,Mold Breaker,84.615
2016-12_gen4ou-0.json,Pinsir,Abilities,,Hyper Cutter,15.385
2016-12_gen4ou-0.json,Pinsir,Items,,Damp Rock,30.769
2016-12_gen4ou-0.json,Pinsir,Items,,Lum Berry,23.077
2016-12_gen4ou-0.json,Pinsir,Items,,Choice Scarf,15.385
2016-12_gen4ou-0.json,Pinsir,Items,,Hard Stone,7.692
2016-12_gen4ou-0.json,Pinsir,Items,,Muscle Band,7.692
2016-12_gen4ou-0.json,Pinsir,Items,,Nothing,7.692
2016-12_gen4ou-0.json,Pinsir,Items,,Choice Band,7.692
2016-12_gen4ou-0.json,Pinsir,Spreads,,Other,7.692
2016-12_gen4ou-0.json,Pinsir,Moves,,Earthquake,100.0
2016-12_gen4ou-0.json,Pinsir,Moves,,Stone Edge,84.615
2016-12_gen4ou-0.json,Pinsir,Moves,,X-Scissor,76.923
2016-12_gen4ou-0.json,Pinsir,Moves,,Close Combat,46.154
2016-12_gen4ou-0.json,Pinsir,Moves,,Rain Dance,30.769
2016-12_gen4ou-0.json,Pinsir,Moves,,Swords Dance,23.077
2016-12_gen4ou-0.json,Pinsir,Moves,,Rock Slide,7.692
2016-12_gen4ou-0.json,Pinsir,Moves,,Bulk Up,7.692
2016-12_gen4ou-0.json,Pinsir,Moves,,Body Slam,7.692
2016-12_gen4ou-0.json,Pinsir,Moves,,Other,15.385
2016-12_gen4ou-0.json,Seviper,Stats,Raw count,,14
2016-12_gen4ou-0.json,Seviper,Stats,Avg. weight,,1.0
2016-12_gen4ou-0.json,Seviper,Stats,Viability Ceiling,,34
2016-12_gen4ou-0.json,Seviper,Stats,Adamant,,7.143
2016-12_gen4ou-0.json,Seviper,Abilities,,Shed Skin,100.0
2016-12_gen4ou-0.json,Seviper,Items,,Poison Barb,92.857
2016-12_gen4ou-0.json,Seviper,Items,,Life Orb,7.143
2016-12_gen4ou-0.json,Seviper,Moves,,Poison Jab,100.0
2016-12_gen4ou-0.json,Seviper,Moves,,Protect,92.857
2016-12_gen4ou-0.json,Seviper,Moves,,Toxic,92.857
2016-12_gen4ou-0.json,Seviper,Moves,,Swagger,92.857
2016-12_gen4ou-0.json,Seviper,Moves,,Sludge Bomb,7.143
2016-12_gen4ou-0.json,Seviper,Moves,,Other,14.286
2016-12_gen4ou-0.json,Onix,Stats,Raw count,,15
2016-12_gen4ou-0.json,Onix,Stats,Avg. weight,,1.0
2016-12_gen4ou-0.json,Onix,Stats,Viability Ceiling,,45
2016-12_gen4ou-0.json,Onix,Stats,Hardy,,6.667
2016-12_gen4ou-0.json,Onix,Abilities,,Rock Head,93.333
2016-12_gen4ou-0.json,Onix,Abilities,,Sturdy,6.667
2016-12_gen4ou-0.json,Onix,Items,,Power Herb,33.333
2016-12_gen4ou-0.json,Onix,Items,,Nothing,26.667
2016-12_gen4ou-0.json,Onix,Items,,Leftovers,20.0
2016-12_gen4ou-0.json,Onix,Items,,Sitrus Berry,13.333
2016-12_gen4ou-0.json,Onix,Items,,Focus Sash,6.667
2016-12_gen4ou-0.json,Onix,Moves,,Rock Climb,33.333
2016-12_gen4ou-0.json,Onix,Moves,,Rollout,33.333
2016-12_gen4ou-0.json,Onix,Moves,,Earthquake,33.333
2016-12_gen4ou-0.json,Onix,Moves,,Hidden Power Rock,33.333
2016-12_gen4ou-0.json,Onix,Moves,,Stone Edge,33.333
2016-12_gen4ou-0.json,Onix,Moves,,Rock Slide,26.667
2016-12_gen4ou-0.json,Onix,Moves,,Hidden Power Electric,20.0
2016-12_gen4ou-0.json,Onix,Moves,,Earth Power,20.0
2016-12_gen4ou-0.json,Onix,Moves,,Double-Edge,20.0
2016-12_gen4ou-0.json,Onix,Moves,,Nothing,20.0
2016-12_gen4ou-0.json,Onix,Moves,,Facade,13.333
2016-12_gen4ou-0.json,Onix,Moves,,Explosion,13.333
2016-12_gen4ou-0.json,Onix,Moves,,Iron Tail,13.333
2016-12_gen4ou-0.json,Onix,Moves,,Ancient Power,13.333
2016-12_gen4ou-0.json,Onix,Moves,,Flash Cannon,13.333
2016-12_gen4ou-0.json,Onix,Moves,,Rest,6.667
2016-12_gen4ou-0.json,Onix,Moves,,Dragon Pulse,6.667
2016-12_gen4ou-0.json,Onix,Moves,,Toxic,6.667
2016-12_gen4ou-0.json,Onix,Moves,,Rock Blast,6.667
2016-12_gen4ou-0.json,Onix,Moves,,Body Slam,6.667
2016-12_gen4ou-0.json,Onix,Moves,,Rock Tomb,6.667
2016-12_gen4ou-0.json,Onix,Moves,,Other,20.0
2016-12_gen4ou-0.json,Lickitung,Stats,Raw count,,13
2016-12_gen4ou-0.json,Lickitung,Stats,Avg. weight,,1.0
2016-12_gen4ou-0.json,Lickitung,Stats,Viability Ceiling,,34
2016-12_gen4ou-0.json,Lickitung,Stats,Modest,,100.000
2016-12_gen4ou-0.json,Lickitung,Abilities,,Own Tempo,100.0
2016-12_gen4ou-0.json,Lickitung,Items,,Life Orb,100.0
2016-12_gen4ou-0.json,Lickitung,Moves,,Surf,100.0
2016-12_gen4ou-0.json,Lickitung,Moves,,Thunderbolt,100.0
2016-12_gen4ou-0.json,Lickitung,Moves,,Flamethrower,100.0
2016-12_gen4ou-0.json,Lickitung,Moves,,Ice Beam,100.0
2016-12_gen4ou-0.json,Ariados,Stats,Raw count,,13
2016-12_gen4ou-0.json,Ariados,Stats,Avg. weight,,1.0
2016-12_gen4ou-0.json,Ariados,Stats,Viability Ceiling,,45
2016-12_gen4ou-0.json,Ariados,Stats,Rash,,30.769
2016-12_gen4ou-0.json,Ariados,Stats,Adamant,,7.692
2016-12_gen4ou-0.json,Ariados,Stats,Hardy,,7.692
2016-12_gen4ou-0.json,Ariados,Stats,Hasty,,7.692
2016-12_gen4ou-0.json,Ariados,Abilities,,Swarm,84.615
2016-12_gen4ou-0.json,Ariados,Abilities,,Insomnia,15.385
2016-12_gen4ou-0.json,Ariados,Items,,Life Orb,30.769
2016-12_gen4ou-0.json,Ariados,Items,,Leftovers,23.077
2016-12_gen4ou-0.json,Ariados,Items,,Focus Sash,15.385
2016-12_gen4ou-0.json,Ariados,Items,,Wide Lens,7.692
2016-12_gen4ou-0.json,Ariados,Items,,Occa Berry,7.692
2016-12_gen4ou-0.json,Ariados,Items,,BrightPowder,7.692
2016-12_gen4ou-0.json,Ariados,Items,,Choice Band,7.692
2016-12_gen4ou-0.json,Ariados,Spreads,,Other,30.769
2016-12_gen4ou-0.json,Ariados,Moves,,Poison Jab,84.615
2016-12_gen4ou-0.json,Ariados,Moves,,Sludge Bomb,46.154
2016-12_gen4ou-0.json,Ariados,Moves,,Bug Bite,46.154
2016-12_gen4ou-0.json,Ariados,Moves,,Leech Life,30.769
2016-12_gen4ou-0.json,Ariados,Moves,,Sucker Punch,30.769
2016-12_gen4ou-0.json,Ariados,Moves,,Toxic Spikes,23.077
2016-12_gen4ou-0.json,Ariados,Moves,,Protect,15.385
2016-12_gen4ou-0.json,Ariados,Moves,,Psychic,15.385
2016-12_gen4ou-0.json,Ariados,Moves,,Dig,15.385
2016-12_gen4ou-0.json,Ariados,Moves,,Shadow Sneak,15.385
2016-12_gen4ou-0.json,Ariados,Moves,,Toxic,15.385
2016-12_gen4ou-0.json,Ariados,Moves,,Spider Web,15.385
2016-12_gen4ou-0.json,Ariados,Moves,,Pursuit,15.385
2016-12_gen4ou-0.json,Ariados,Moves,,Facade,7.692
2016-12_gen4ou-0.json,Ariados,Moves,,Agility,7.692
2016-12_gen4ou-0.json,Ariados,Moves,,Other,15.385
2016-12_gen4ou-0.json,Castform,Stats,Raw count,,17
2016-12_gen4ou-0.json,Castform,Stats,Avg. weight,,1.0
2016-12_gen4ou-0.json,Castform,Stats,Viability Ceiling,,41
2016-12_gen4ou-0.json,Castform,Stats,Modest,,82.353
2016-12_gen4ou-0.json,Castform,Stats,Hardy,,17.647
2016-12_gen4ou-0.json,Castform,Abilities,,Forecast,100.0
2016-12_gen4ou-0.json,Castform,Items,,Sitrus Berry,100.0
2016-12_gen4ou-0.json,Castform,Moves,,Weather Ball,100.0
2016-12_gen4ou-0.json,Castform,Moves,,Sunny Day,100.0
2016-12_gen4ou-0.json,Castform,Moves,,Hail,100.0
2016-12_gen4ou-0.json,Castform,Moves,,Body Slam,82.353
2016-12_gen4ou-0.json,Castform,Moves,,Other,17.647
2016-12_gen4ou-0.json,Seaking,Stats,Raw count,,12
2016-12_gen4ou-0.json,Seaking,Stats,Avg. weight,,1.0
2016-12_gen4ou-0.json,Seaking,Stats,Viability Ceiling,,47
2016-12_gen4ou-0.json,Seaking,Stats,Adamant,,58.333
2016-12_gen4ou-0.json,Seaking,Stats,Lonely,,25.000
2016-12_gen4ou-0.json,Seaking,Stats,Hardy,,8.333
2016-12_gen4ou-0.json,Seaking,Abilities,,Swift Swim,100.0
2016-12_gen4ou-0.json,Seaking,Items,,Choice Band,58.333
2016-12_gen4ou-0.json,Seaking,Items,,Nothing,33.333
2016-12_gen4ou-0.json,Seaking,Items,,Focus Sash,8.333
2016-12_gen4ou-0.json,Seaking,Moves,,Waterfall,91.667
2016-12_gen4ou-0.json,Seaking,Moves,,Megahorn,83.333
2016-12_gen4ou-0.json,Seaking,Moves,,Knock Off,58.333
2016-12_gen4ou-0.json,Seaking,Moves,,Double-Edge,58.333
2016-12_gen4ou-0.json,Seaking,Moves,,Surf,25.0
2016-12_gen4ou-0.json,Seaking,Moves,,Rest,16.667
2016-12_gen4ou-0.json,Seaking,Moves,,Flail,8.333
2016-12_gen4ou-0.json,Seaking,Moves,,Blizzard,8.333
2016-12_gen4ou-0.json,Seaking,Moves,,Aqua Ring,8.333
2016-12_gen4ou-0.json,Seaking,Moves,,Frustration,8.333
2016-12_gen4ou-0.json,Seaking,Moves,,Ice Beam,8.333
2016-12_gen4ou-0.json,Seaking,Moves,,Hydro Pump,8.333
2016-12_gen4ou-0.json,Seaking,Moves,,Other,16.667
2016-12_gen4ou-0.json,Eevee,Stats,Raw count,,15
2016-12_gen4ou-0.json,Eevee,Stats,Avg. weight,,1.0
2016-12_gen4ou-0.json,Eevee,Stats,Viability Ceiling,,45
2016-12_gen4ou-0.json,Eevee,Stats,Adamant,,6.667
2016-12_gen4ou-0.json,Eevee,Stats,Hardy,,6.667
2016-12_gen4ou-0.json,Eevee,Stats,Naughty,,6.667
2016-12_gen4ou-0.json,Eevee,Abilities,,Run Away,53.333
2016-12_gen4ou-0.json,Eevee,Abilities,,Adaptability,46.667
2016-12_gen4ou-0.json,Eevee,Items,,Silk Scarf,40.0
2016-12_gen4ou-0.json,Eevee,Items,,Life Orb,20.0
2016-12_gen4ou-0.json,Eevee,Items,,Choice Scarf,13.333
2016-12_gen4ou-0.json,Eevee,Items,,Leftovers,6.667
2016-12_gen4ou-0.json,Eevee,Items,,Nothing,6.667
2016-12_gen4ou-0.json,Eevee,Items,,Focus Sash,6.667
2016-12_gen4ou-0.json,Eevee,Items,,Choice Band,6.667
2016-12_gen4ou-0.json,Eevee,Spreads,,Other,6.667
2016-12_gen4ou-0.json,Eevee,Moves,,Nothing,86.667
2016-12_gen4ou-0.json,Eevee,Moves,,Last Resort,40.0
2016-12_gen4ou-0.json,Eevee,Moves,,Double-Edge,40.0
2016-12_gen4ou-0.json,Eevee,Moves,,Body Slam,33.333
2016-12_gen4ou-0.json,Eevee,Moves,,Protect,33.333
2016-12_gen4ou-0.json,Eevee,Moves,,Frustration,20.0
2016-12_gen4ou-0.json,Eevee,Moves,,Quick Attack,20.0
2016-12_gen4ou-0.json,Eevee,Moves,,Facade,13.333
2016-12_gen4ou-0.json,Eevee,Moves,,Bite,13.333
2016-12_gen4ou-0.json,Eevee,Moves,,Baton Pass,13.333
2016-12_gen4ou-0.json,Eevee,Moves,,Shadow Ball,13.333
2016-12_gen4ou-0.json,Eevee,Moves,,Hidden Power Electric,6.667
2016-12_gen4ou-0.json,Eevee,Moves,,Hidden Power Fire,6.667
2016-12_gen4ou-0.json,Eevee,Moves,,Hidden Power Fighting,6.667
2016-12_gen4ou-0.json,Eevee,Moves,,Substitute,6.667
2016-12_gen4ou-0.json,Eevee,Moves,,Hidden Power Ice,6.667
2016-12_gen4ou-0.json,Eevee,Moves,,Heal Bell,6.667
2016-12_gen4ou-0.json,Eevee,Moves,,Hidden Power Grass,6.667
2016-12_gen4ou-0.json,Eevee,Moves,,Return,6.667
2016-12_gen4ou-0.json,Eevee,Moves,,Other,20.0
2016-12_gen4ou-0.json,Sealeo,Stats,Raw count,,13
2016-12_gen4ou-0.json,Sealeo,Stats,Avg. weight,,1.0
2016-12_gen4ou-0.json,Sealeo,Stats,Viability Ceiling,,28
2016-12_gen4ou-0.json,Sealeo,Stats,Hardy,,7.692
2016-12_gen4ou-0.json,Sealeo,Abilities,,Thick Fat,100.0
2016-12_gen4ou-0.json,Sealeo,Items,,Leftovers,61.538
2016-12_gen4ou-0.json,Sealeo,Items,,Black Glasses,30.769
2016-12_gen4ou-0.json,Sealeo,Items,,Nothing,7.692
2016-12_gen4ou-0.json,Sealeo,Moves,,Blizzard,100.0
2016-12_gen4ou-0.json,Sealeo,Moves,,Ice Beam,92.308
2016-12_gen4ou-0.json,Sealeo,Moves,,Hidden Power Grass,92.308
2016-12_gen4ou-0.json,Sealeo,Moves,,Encore,92.308
2016-12_gen4ou-0.json,Sealeo,Moves,,Signal Beam,7.692
2016-12_gen4ou-0.json,Sealeo,Moves,,Other,15.385
2016-12_gen4ou-0.json,Gligar,Stats,Raw count,,12
2016-12_gen4ou-0.json,Gligar,Stats,Avg. weight,,1.0
2016-12_gen4ou-0.json,Gligar,Stats,Viability Ceiling,,46
2016-12_gen4ou-0.json,Gligar,Stats,Jolly,,33.333
2016-12_gen4ou-0.json,Gligar,Stats,Hardy,,25.000
2016-12_gen4ou-0.json,Gligar,Stats,Adamant,,8.333
2016-12_gen4ou-0.json,Gligar,Abilities,,Hyper Cutter,100.0
2016-12_gen4ou-0.json,Gligar,Items,,SilverPowder,33.333
2016-12_gen4ou-0.json,Gligar,Items,,Nothing,25.0
2016-12_gen4ou-0.json,Gligar,Items,,Salac Berry,25.0
2016-12_gen4ou-0.json,Gligar,Items,,Sharp Beak,8.333
2016-12_gen4ou-0.json,Gligar,Items,,Scope Lens,8.333
2016-12_gen4ou-0.json,Gligar,Moves,,Earthquake,58.333
2016-12_gen4ou-0.json,Gligar,Moves,,Nothing,58.333
2016-12_gen4ou-0.json,Gligar,Moves,,Aerial Ace,41.667
2016-12_gen4ou-0.json,Gligar,Moves,,Rock Polish,33.333
2016-12_gen4ou-0.json,Gligar,Moves,,Swords Dance,33.333
2016-12_gen4ou-0.json,Gligar,Moves,,X-Scissor,33.333
2016-12_gen4ou-0.json,Gligar,Moves,,Agility,25.0
2016-12_gen4ou-0.json,Gligar,Moves,,Baton Pass,25.0
2016-12_gen4ou-0.json,Gligar,Moves,,Substitute,25.0
2016-12_gen4ou-0.json,Gligar,Moves,,Taunt,16.667
2016-12_gen4ou-0.json,Gligar,Moves,,Sludge Bomb,8.333
2016-12_gen4ou-0.json,Gligar,Moves,,Earth Power,8.333
2016-12_gen4ou-0.json,Gligar,Moves,,Roost,8.333
2016-12_gen4ou-0.json,Gligar,Moves,,Hidden Power Flying,8.333
2016-12_gen4ou-0.json,Gligar,Moves,,Other,16.667
2016-12_gen4ou-0.json,Bayleef,Stats,Raw count,,20
2016-12_gen4ou-0.json,Bayleef,Stats,Avg. weight,,1.0
2016-12_gen4ou-0.json,Bayleef,Stats,Viability Ceiling,,45
2016-12_gen4ou-0.json,Bayleef,Stats,Hardy,,5.000
2016-12_gen4ou-0.json,Bayleef,Stats,Naughty,,25.000
2016-12_gen4ou-0.json,Bayleef,Stats,Modest,,15.000
2016-12_gen4ou-0.json,Bayleef,Abilities,,Overgrow,100.0
2016-12_gen4ou-0.json,Bayleef,Items,,Nothing,45.0
2016-12_gen4ou-0.json,Bayleef,Items,,Leftovers,30.0
2016-12_gen4ou-0.json,Bayleef,Items,,Grepa Berry,15.0
2016-12_gen4ou-0.json,Bayleef,Items,,Meadow Plate,10.0
2016-12_gen4ou-0.json,Bayleef,Spreads,,Other,5.0
2016-12_gen4ou-0.json,Bayleef,Moves,,Giga Drain,85.0
2016-12_gen4ou-0.json,Bayleef,Moves,,Body Slam,55.0
2016-12_gen4ou-0.json,Bayleef,Moves,,Leaf Storm,50.0
2016-12_gen4ou-0.json,Bayleef,Moves,,Ancient Power,50.0
2016-12_gen4ou-0.json,Bayleef,Moves,,Razor Leaf,40.0
2016-12_gen4ou-0.json,Bayleef,Moves,,Vine Whip,25.0
2016-12_gen4ou-0.json,Bayleef,Moves,,Bullet Seed,25.0
2016-12_gen4ou-0.json,Bayleef,Moves,,Solar Beam,20.0
2016-12_gen4ou-0.json,Bayleef,Moves,,Energy Ball,20.0
2016-12_gen4ou-0.json,Bayleef,Moves,,Magical Leaf,15.0
2016-12_gen4ou-0.json,Bayleef,Moves,,Other,15.0
2016-12_gen4ou-0.json,Staravia,Stats,Raw count,,10
2016-12_gen4ou-0.json,Staravia,Stats,Avg. weight,,1.0
2016-12_gen4ou-0.json,Staravia,Stats,Viability Ceiling,,45
2016-12_gen4ou-0.json,Staravia,Stats,Hardy,,10.000
2016-12_gen4ou-0.json,Staravia,Stats,Naughty,,10.000
2016-12_gen4ou-0.json,Staravia,Abilities,,Intimidate,100.0
2016-12_gen4ou-0.json,Staravia,Items,,Focus Sash,30.0
2016-12_gen4ou-0.json,Staravia,Items,,Nothing,30.0
2016-12_gen4ou-0.json,Staravia,Items,,Leftovers,20.0
2016-12_gen4ou-0.json,Staravia,Items,,Pecha Berry,20.0
2016-12_gen4ou-0.json,Staravia,Moves,,Brave Bird,90.0
2016-12_gen4ou-0.json,Staravia,Moves,,Quick Attack,40.0
2016-12_gen4ou-0.json,Staravia,Moves,,Double-Edge,30.0
2016-12_gen4ou-0.json,Staravia,Moves,,Endeavor,30.0
2016-12_gen4ou-0.json,Staravia,Moves,,Fly,20.0
2016-12_gen4ou-0.json,Staravia,Moves,,Toxic,20.0
2016-12_gen4ou-0.json,Staravia,Moves,,Return,20.0
2016-12_gen4ou-0.json,Staravia,Moves,,Heat Wave,20.0
2016-12_gen4ou-0.json,Staravia,Moves,,Defog,20.0
2016-12_gen4ou-0.json,Staravia,Moves,,Pursuit,20.0
2016-12_gen4ou-0.json,Staravia,Moves,,Nothing,20.0
2016-12_gen4ou-0.json,Staravia,Moves,,Agility,10.0
2016-12_gen4ou-0.json,Staravia,Moves,,Secret Power,10.0
2016-12_gen4ou-0.json,Staravia,Moves,,Aerial Ace,10.0
2016-12_gen4ou-0.json,Staravia,Moves,,Hidden Power Electric,10.0
2016-12_gen4ou-0.json,Staravia,Moves,,Tackle,10.0
2016-12_gen4ou-0.json,Staravia,Moves,,Other,20.0
2016-12_gen4ou-0.json,Relicanth,Stats,Raw count,,12
2016-12_gen4ou-0.json,Relicanth,Stats,Avg. weight,,1.0
2016-12_gen4ou-0.json,Relicanth,Stats,Viability Ceiling,,43
2016-12_gen4ou-0.json,Relicanth,Stats,Adamant,,8.333
2016-12_gen4ou-0.json,Relicanth,Stats,Hardy,,8.333
2016-12_gen4ou-0.json,Relicanth,Stats,Jolly,,8.333
2016-12_gen4ou-0.json,Relicanth,Abilities,,Swift Swim,83.333
2016-12_gen4ou-0.json,Relicanth,Abilities,,Rock Head,16.667
2016-12_gen4ou-0.json,Relicanth,Items,,Nothing,33.333
2016-12_gen4ou-0.json,Relicanth,Items,,Choice Band,33.333
2016-12_gen4ou-0.json,Relicanth,Items,,Life Orb,16.667
2016-12_gen4ou-0.json,Relicanth,Items,,Leftovers,8.333
2016-12_gen4ou-0.json,Relicanth,Items,,Choice Specs,8.333
2016-12_gen4ou-0.json,Relicanth,Moves,,Earthquake,66.667
2016-12_gen4ou-0.json,Relicanth,Moves,,Waterfall,58.333
2016-12_gen4ou-0.json,Relicanth,Moves,,Head Smash,58.333
2016-12_gen4ou-0.json,Relicanth,Moves,,Aqua Tail,41.667
2016-12_gen4ou-0.json,Relicanth,Moves,,Ice Beam,33.333
2016-12_gen4ou-0.json,Relicanth,Moves,,Stone Edge,33.333
2016-12_gen4ou-0.json,Relicanth,Moves,,Stealth Rock,33.333
2016-12_gen4ou-0.json,Relicanth,Moves,,Hydro Pump,33.333
2016-12_gen4ou-0.json,Relicanth,Moves,,Rock Polish,25.0
2016-12_gen4ou-0.json,Relicanth,Moves,,Other,16.667
2016-12_gen4ou-0.json,Diglett,Stats,Raw count,,14
2016-12_gen4ou-0.json,Diglett,Stats,Avg. weight,,1.0
2016-12_gen4ou-0.json,Diglett,Stats,Viability Ceiling,,52
2016-12_gen4ou-0.json,Diglett,Stats,Hardy,,7.143
2016-12_gen4ou-0.json,Diglett,Stats,Hasty,,7.143
2016-12_gen4ou-0.json,Diglett,Abilities,,Arena Trap,100.0
2016-12_gen4ou-0.json,Diglett,Items,,Focus Sash,85.714
2016-12_gen4ou-0.json,Diglett,Items,,Leftovers,7.143
2016-12_gen4ou-0.json,Diglett,Items,,Nothing,7.143
2016-12_gen4ou-0.json,Diglett,Moves,,Earthquake,100.0
2016-12_gen4ou-0.json,Diglett,Moves,,Rock Slide,92.857
2016-12_gen4ou-0.json,Diglett,Moves,,Return,85.714
2016-12_gen4ou-0.json,Diglett,Moves,,Shadow Claw,85.714
2016-12_gen4ou-0.json,Diglett,Moves,,Earth Power,14.286
2016-12_gen4ou-0.json,Diglett,Moves,,Sludge Bomb,7.143
2016-12_gen4ou-0.json,Diglett,Moves,,Other,14.286
2016-12_gen4ou-0.json,Charmander,Stats,Raw count,,11
2016-12_gen4ou-0.json,Charmander,Stats,Avg. weight,,1.0
2016-12_gen4ou-0.json,Charmander,Stats,Viability Ceiling,,47
2016-12_gen4ou-0.json,Charmander,Stats,Quirky,,45.455
2016-12_gen4ou-0.json,Charmander,Stats,Hardy,,9.091
2016-12_gen4ou-0.json,Charmander,Stats,Mild,,18.182
2016-12_gen4ou-0.json,Charmander,Abilities,,Blaze,100.0
2016-12_gen4ou-0.json,Charmander,Items,,Poke Ball,45.455
2016-12_gen4ou-0.json,Charmander,Items,,Nothing,18.182
2016-12_gen4ou-0.json,Charmander,Items,,Leftovers,18.182
2016-12_gen4ou-0.json,Charmander,Items,,Power Herb,18.182
2016-12_gen4ou-0.json,Charmander,Moves,,Growl,45.455
2016-12_gen4ou-0.json,Charmander,Moves,,Cut,45.455
2016-12_gen4ou-0.json,Charmander,Moves,,Ember,45.455
2016-12_gen4ou-0.json,Charmander,Moves,,Fire Blast,45.455
2016-12_gen4ou-0.json,Charmander,Moves,,Swift,45.455
2016-12_gen4ou-0.json,Charmander,Moves,,Flamethrower,36.364
2016-12_gen4ou-0.json,Charmander,Moves,,Flare Blitz,27.273
2016-12_gen4ou-0.json,Charmander,Moves,,Overheat,18.182
2016-12_gen4ou-0.json,Charmander,Moves,,Heat Wave,18.182
2016-12_gen4ou-0.json,Charmander,Moves,,Fire Fang,9.091
2016-12_gen4ou-0.json,Charmander,Moves,,Body Slam,9.091
2016-12_gen4ou-0.json,Charmander,Moves,,Dragon Rage,9.091
2016-12_gen4ou-0.json,Charmander,Moves,,Substitute,9.091
2016-12_gen4ou-0.json,Charmander,Moves,,Hidden Power Grass,9.091
2016-12_gen4ou-0.json,Charmander,Moves,,Metal Claw,9.091
2016-12_gen4ou-0.json,Charmander,Moves,,Other,18.182
2016-12_gen4ou-0.json,Magmar,Stats,Raw count,,10
2016-12_gen4ou-0.json,Magmar,Stats,Avg. weight,,1.0
2016-12_gen4ou-0.json,Magmar,Stats,Viability Ceiling,,44
2016-12_gen4ou-0.json,Magmar,Stats,Hardy,,10.000
2016-12_gen4ou-0.json,Magmar,Stats,Lonely,,10.000
2016-12_gen4ou-0.json,Magmar,Abilities,,Flame Body,100.0
2016-12_gen4ou-0.json,Magmar,Items,,Sitrus Berry,40.0
2016-12_gen4ou-0.json,Magmar,Items,,Leftovers,30.0
2016-12_gen4ou-0.json,Magmar,Items,,Nothing,10.0
2016-12_gen4ou-0.json,Magmar,Items,,Life Orb,10.0
2016-12_gen4ou-0.json,Magmar,Items,,Charcoal,10.0
2016-12_gen4ou-0.json,Magmar,Moves,,Fire Punch,70.0
2016-12_gen4ou-0.json,Magmar,Moves,,Fire Blast,70.0
2016-12_gen4ou-0.json,Magmar,Moves,,Heat Wave,50.0
2016-12_gen4ou-0.json,Magmar,Moves,,Flamethrower,40.0
2016-12_gen4ou-0.json,Magmar,Moves,,Double-Edge,30.0
2016-12_gen4ou-0.json,Magmar,Moves,,Sunny Day,20.0
2016-12_gen4ou-0.json,Magmar,Moves,,Psychic,20.0
2016-12_gen4ou-0.json,Magmar,Moves,,Brick Break,20.0
2016-12_gen4ou-0.json,Magmar,Moves,,Thunder Punch,20.0
2016-12_gen4ou-0.json,Magmar,Moves,,Cross Chop,20.0
2016-12_gen4ou-0.json,Magmar,Moves,,Focus Blast,10.0
2016-12_gen4ou-0.json,Magmar,Moves,,Body Slam,10.0
2016-12_gen4ou-0.json,Magmar,Moves,,Other,20.0
2016-12_gen4ou-0.json,Croconaw,Stats,Raw count,,11
2016-12_gen4ou-0.json,Croconaw,Stats,Avg. weight,,1.0
2016-12_gen4ou-0.json,Croconaw,Stats,Viability Ceiling,,50
2016-12_gen4ou-0.json,Croconaw,Stats,Adamant,,90.909
2016-12_gen4ou-0.json,Croconaw,Stats,Hardy,,9.091
2016-12_gen4ou-0.json,Croconaw,Abilities,,Torrent,100.0
2016-12_gen4ou-0.json,Croconaw,Items,,Choice Band,90.909
2016-12_gen4ou-0.json,Croconaw,Items,,Nothing,9.091
2016-12_gen4ou-0.json,Croconaw,Moves,,Shadow Claw,90.909
2016-12_gen4ou-0.json,Croconaw,Moves,,Waterfall,90.909
2016-12_gen4ou-0.json,Croconaw,Moves,,Ice Fang,90.909
2016-12_gen4ou-0.json,Croconaw,Moves,,Dragon Claw,90.909
2016-12_gen4ou-0.json,Croconaw,Moves,,Surf,9.091
2016-12_gen4ou-0.json,Croconaw,Moves,,Hidden Power Water,9.091
2016-12_gen4ou-0.json,Croconaw,Moves,,Other,18.182
2016-12_gen4ou-0.json,Solrock,Stats,Raw count,,10
2016-12_gen4ou-0.json,Solrock,Stats,Avg. weight,,1.0
2016-12_gen4ou-0.json,Solrock,Stats,Viability Ceiling,,58
2016-12_gen4ou-0.json,Solrock,Stats,Sassy,,70.000
2016-12_gen4ou-0.json,Solrock,Stats,Hardy,,30.000
2016-12_gen4ou-0.json,Solrock,Abilities,,Levitate,100.0
2016-12_gen4ou-0.json,Solrock,Items,,Leftovers,100.0
2016-12_gen4ou-0.json,Solrock,Moves,,Trick Room,70.0
2016-12_gen4ou-0.json,Solrock,Moves,,Explosion,70.0
2016-12_gen4ou-0.json,Solrock,Moves,,Rock Slide,70.0
2016-12_gen4ou-0.json,Solrock,Moves,,Will-O-Wisp,70.0
2016-12_gen4ou-0.json,Solrock,Moves,,Nothing,40.0
2016-12_gen4ou-0.json,Solrock,Moves,,Baton Pass,30.0
2016-12_gen4ou-0.json,Solrock,Moves,,Cosmic Power,30.0
2016-12_gen4ou-0.json,Solrock,Moves,,Rest,10.0
2016-12_gen4ou-0.json,Solrock,Moves,,Other,10.0
2016-12_gen4ou-0.json,Furret,Stats,Raw count,,9
2016-12_gen4ou-0.json,Furret,Stats,Avg. weight,,1.0
2016-12_gen4ou-0.json,Furret,Stats,Viability Ceiling,,47
2016-12_gen4ou-0.json,Furret,Stats,Hardy,,33.333
2016-12_gen4ou-0.json,Furret,Stats,Naughty,,22.222
2016-12_gen4ou-0.json,Furret,Stats,Bold,,22.222
2016-12_gen4ou-0.json,Furret,Stats,Adamant,,11.111
2016-12_gen4ou-0.json,Furret,Abilities,,Keen Eye,55.556
2016-12_gen4ou-0.json,Furret,Abilities,,Run Away,44.444
2016-12_gen4ou-0.json,Furret,Items,,Nothing,22.222
2016-12_gen4ou-0.json,Furret,Items,,Focus Sash,22.222
2016-12_gen4ou-0.json,Furret,Items,,Silk Scarf,22.222
2016-12_gen4ou-0.json,Furret,Items,,BrightPowder,11.111
2016-12_gen4ou-0.json,Furret,Items,,SilverPowder,11.111
2016-12_gen4ou-0.json,Furret,Items,,Leftovers,11.111
2016-12_gen4ou-0.json,Furret,Moves,,Hyper Voice,44.444
2016-12_gen4ou-0.json,Furret,Moves,,Blizzard,22.222
2016-12_gen4ou-0.json,Furret,Moves,,Rest,22.222
2016-12_gen4ou-0.json,Furret,Moves,,Fire Punch,22.222
2016-12_gen4ou-0.json,Furret,Moves,,Thunderbolt,22.222
2016-12_gen4ou-0.json,Furret,Moves,,Sleep Talk,22.222
2016-12_gen4ou-0.json,Furret,Moves,,Return,22.222
2016-12_gen4ou-0.json,Furret,Moves,,Body Slam,22.222
2016-12_gen4ou-0.json,Furret,Moves,,U-turn,22.222
2016-12_gen4ou-0.json,Furret,Moves,,Snore,22.222
2016-12_gen4ou-0.json,Furret,Moves,,Focus Blast,22.222
2016-12_gen4ou-0.json,Furret,Moves,,Shadow Claw,11.111
2016-12_gen4ou-0.json,Furret,Moves,,Attract,11.111
2016-12_gen4ou-0.json,Furret,Moves,,Brick Break,11.111
2016-12_gen4ou-0.json,Furret,Moves,,Amnesia,11.111
2016-12_gen4ou-0.json,Furret,Moves,,Flamethrower,11.111
2016-12_gen4ou-0.json,Furret,Moves,,Whirlpool,11.111
2016-12_gen4ou-0.json,Furret,Moves,,Ice Punch,11.111
2016-12_gen4ou-0.json,Furret,Moves,,Protect,11.111
2016-12_gen4ou-0.json,Furret,Moves,,Dig,11.111
2016-12_gen4ou-0.json,Furret,Moves,,Headbutt,11.111
2016-12_gen4ou-0.json,Furret,Moves,,Quick Attack,11.111
2016-12_gen4ou-0.json,Furret,Moves,,Other,11.111
2016-12_gen4ou-0.json,Beedrill,Stats,Raw count,,10
2016-12_gen4ou-0.json,Beedrill,Stats,Avg. weight,,1.0
2016-12_gen4ou-0.json,Beedrill,Stats,Viability Ceiling,,43
2016-12_gen4ou-0.json,Beedrill,Stats,Hardy,,20.000
2016-12_gen4ou-0.json,Beedrill,Stats,Jolly,,10.000
2016-12_gen4ou-0.json,Beedrill,Stats,Adamant,,10.000
2016-12_gen4ou-0.json,Beedrill,Abilities,,Swarm,100.0
2016-12_gen4ou-0.json,Beedrill,Items,,Focus Sash,30.0
2016-12_gen4ou-0.json,Beedrill,Items,,Nothing,20.0
2016-12_gen4ou-0.json,Beedrill,Items,,Leftovers,20.0
2016-12_gen4ou-0.json,Beedrill,Items,,Apicot Berry,20.0
2016-12_gen4ou-0.json,Beedrill,Items,,Lum Berry,10.0
2016-12_gen4ou-0.json,Beedrill,Moves,,Brick Break,50.0
2016-12_gen4ou-0.json,Beedrill,Moves,,Sludge Bomb,40.0
2016-12_gen4ou-0.json,Beedrill,Moves,,Defog,30.0
2016-12_gen4ou-0.json,Beedrill,Moves,,Baton Pass,30.0
2016-12_gen4ou-0.json,Beedrill,Moves,,Poison Jab,30.0
2016-12_gen4ou-0.json,Beedrill,Moves,,X-Scissor,30.0
2016-12_gen4ou-0.json,Beedrill,Moves,,U-turn,20.0
2016-12_gen4ou-0.json,Beedrill,Moves,,Knock Off,20.0
2016-12_gen4ou-0.json,Beedrill,Moves,,Double-Edge,20.0
2016-12_gen4ou-0.json,Beedrill,Moves,,Agility,20.0
2016-12_gen4ou-0.json,Beedrill,Moves,,Facade,20.0
2016-12_gen4ou-0.json,Beedrill,Moves,,Toxic,20.0
2016-12_gen4ou-0.json,Beedrill,Moves,,Protect,10.0
2016-12_gen4ou-0.json,Beedrill,Moves,,Frustration,10.0
2016-12_gen4ou-0.json,Beedrill,Moves,,Giga Drain,10.0
2016-12_gen4ou-0.json,Beedrill,Moves,,Swords Dance,10.0
2016-12_gen4ou-0.json,Beedrill,Moves,,Silver Wind,10.0
2016-12_gen4ou-0.json,Beedrill,Moves,,Other,20.0
2016-12_gen4ou-0.json,Farfetch'd,Stats,Raw count,,11
2016-12_gen4ou-0.json,Farfetch'd,Stats,Avg. weight,,1.0
2016-12_gen4ou-0.json,Farfetch'd,Stats,Viability Ceiling,,59
2016-12_gen4ou-0.json,Farfetch'd,Stats,Adamant,,9.091
2016-12_gen4ou-0.json,Farfetch'd,Stats,Docile,,9.091
2016-12_gen4ou-0.json,Farfetch'd,Abilities,,Keen Eye,90.909
2016-12_gen4ou-0.json,Farfetch'd,Abilities,,Inner Focus,9.091
2016-12_gen4ou-0.json,Farfetch'd,Items,,Stick,81.818
2016-12_gen4ou-0.json,Farfetch'd,Items,,Leftovers,9.091
2016-12_gen4ou-0.json,Farfetch'd,Items,,Power Herb,9.091
2016-12_gen4ou-0.json,Farfetch'd,Moves,,Agility,100.0
2016-12_gen4ou-0.json,Farfetch'd,Moves,,Night Slash,81.818
2016-12_gen4ou-0.json,Farfetch'd,Moves,,Leaf Blade,81.818
2016-12_gen4ou-0.json,Farfetch'd,Moves,,Air Cutter,81.818
2016-12_gen4ou-0.json,Farfetch'd,Moves,,Defog,9.091
2016-12_gen4ou-0.json,Farfetch'd,Moves,,Baton Pass,9.091
2016-12_gen4ou-0.json,Farfetch'd,Moves,,Poison Jab,9.091
2016-12_gen4ou-0.json,Farfetch'd,Moves,,Heat Wave,9.091
2016-12_gen4ou-0.json,Farfetch'd,Moves,,Other,18.182
2016-12_gen4ou-0.json,Starly,Stats,Raw count,,9
2016-12_gen4ou-0.json,Starly,Stats,Avg. weight,,1.0
2016-12_gen4ou-0.json,Starly,Stats,Viability Ceiling,,50
2016-12_gen4ou-0.json,Starly,Stats,Hardy,,11.111
2016-12_gen4ou-0.json,Starly,Stats,Naive,,11.111
2016-12_gen4ou-0.json,Starly,Stats,Careful,,11.111
2016-12_gen4ou-0.json,Starly,Abilities,,Keen Eye,100.0
2016-12_gen4ou-0.json,Starly,Items,,Focus Sash,88.889
2016-12_gen4ou-0.json,Starly,Items,,Nothing,11.111
2016-12_gen4ou-0.json,Starly,Moves,,Quick Attack,100.0
2016-12_gen4ou-0.json,Starly,Moves,,Endeavor,88.889
2016-12_gen4ou-0.json,Starly,Moves,,Nothing,44.444
2016-12_gen4ou-0.json,Starly,Moves,,Brave Bird,33.333
2016-12_gen4ou-0.json,Starly,Moves,,Double-Edge,22.222
2016-12_gen4ou-0.json,Starly,Moves,,Protect,11.111
2016-12_gen4ou-0.json,Starly,Moves,,Defog,11.111
2016-12_gen4ou-0.json,Starly,Moves,,Roost,11.111
2016-12_gen4ou-0.json,Starly,Moves,,Growl,11.111
2016-12_gen4ou-0.json,Starly,Moves,,Aerial Ace,11.111
2016-12_gen4ou-0.json,Starly,Moves,,Hidden Power Electric,11.111
2016-12_gen4ou-0.json,Starly,Moves,,Pursuit,11.111
2016-12_gen4ou-0.json,Starly,Moves,,Endure,11.111
2016-12_gen4ou-0.json,Starly,Moves,,Tackle,11.111
2016-12_gen4ou-0.json,Starly,Moves,,Other,11.111
2016-12_gen4ou-0.json,Geodude,Stats,Raw count,,9
2016-12_gen4ou-0.json,Geodude,Stats,Avg. weight,,1.0
2016-12_gen4ou-0.json,Geodude,Stats,Viability Ceiling,,48
2016-12_gen4ou-0.json,Geodude,Stats,Adamant,,22.222
2016-12_gen4ou-0.json,Geodude,Stats,Hardy,,11.111
2016-12_gen4ou-0.json,Geodude,Stats,Gentle,,11.111
2016-12_gen4ou-0.json,Geodude,Abilities,,Rock Head,55.556
2016-12_gen4ou-0.json,Geodude,Abilities,,Sturdy,44.444
2016-12_gen4ou-0.json,Geodude,Items,,Passho Berry,22.222
2016-12_gen4ou-0.json,Geodude,Items,,Charti Berry,22.222
2016-12_gen4ou-0.json,Geodude,Items,,Choice Band,22.222
2016-12_gen4ou-0.json,Geodude,Items,,Nothing,11.111
2016-12_gen4ou-0.json,Geodude,Items,,Focus Sash,11.111
2016-12_gen4ou-0.json,Geodude,Items,,Shell Bell,11.111
2016-12_gen4ou-0.json,Geodude,Moves,,Earthquake,66.667
2016-12_gen4ou-0.json,Geodude,Moves,,Rock Blast,44.444
2016-12_gen4ou-0.json,Geodude,Moves,,Explosion,33.333
2016-12_gen4ou-0.json,Geodude,Moves,,Protect,22.222
2016-12_gen4ou-0.json,Geodude,Moves,,Rock Slide,22.222
2016-12_gen4ou-0.json,Geodude,Moves,,Toxic,22.222
2016-12_gen4ou-0.json,Geodude,Moves,,Body Slam,22.222
2016-12_gen4ou-0.json,Geodude,Moves,,Stealth Rock,22.222
2016-12_gen4ou-0.json,Geodude,Moves,,Fire Blast,11.111
2016-12_gen4ou-0.json,Geodude,Moves,,Double-Edge,11.111
2016-12_gen4ou-0.json,Geodude,Moves,,Rock Throw,11.111
2016-12_gen4ou-0.json,Geodude,Moves,,Brick Break,11.111
2016-12_gen4ou-0.json,Geodude,Moves,,Dig,11.111
2016-12_gen4ou-0.json,Geodude,Moves,,Stone Edge,11.111
2016-12_gen4ou-0.json,Geodude,Moves,,Rock Tomb,11.111
2016-12_gen4ou-0.json,Geodude,Moves,,Gyro Ball,11.111
2016-12_gen4ou-0.json,Geodude,Moves,,Facade,11.111
2016-12_gen4ou-0.json,Geodude,Moves,,Defense Curl,11.111
2016-12_gen4ou-0.json,Geodude,Moves,,Ancient Power,11.111
2016-12_gen4ou-0.json,Geodude,Moves,,Magnitude,11.111
2016-12_gen4ou-0.json,Geodude,Moves,,Other,11.111
2016-12_gen4ou-0.json,Swalot,Stats,Raw count,,9
2016-12_gen4ou-0.json,Swalot,Stats,Avg. weight,,1.0
2016-12_gen4ou-0.json,Swalot,Stats,Viability Ceiling,,45
2016-12_gen4ou-0.json,Swalot,Stats,Adamant,,11.111
2016-12_gen4ou-0.json,Swalot,Stats,Hardy,,22.222
2016-12_gen4ou-0.json,Swalot,Abilities,,Liquid Ooze,66.667
2016-12_gen4ou-0.json,Swalot,Abilities,,Sticky Hold,33.333
2016-12_gen4ou-0.json,Swalot,Items,,Leftovers,77.778
2016-12_gen4ou-0.json,Swalot,Items,,Focus Sash,22.222
2016-12_gen4ou-0.json,Swalot,Moves,,Gunk Shot,77.778
2016-12_gen4ou-0.json,Swalot,Moves,,Seed Bomb,66.667
2016-12_gen4ou-0.json,Swalot,Moves,,Curse,66.667
2016-12_gen4ou-0.json,Swalot,Moves,,Earthquake,66.667
2016-12_gen4ou-0.json,Swalot,Moves,,Bullet Seed,33.333
2016-12_gen4ou-0.json,Swalot,Moves,,Giga Drain,22.222
2016-12_gen4ou-0.json,Swalot,Moves,,Fire Punch,22.222
2016-12_gen4ou-0.json,Swalot,Moves,,Toxic,22.222
2016-12_gen4ou-0.json,Swalot,Moves,,Explosion,11.111
2016-12_gen4ou-0.json,Swalot,Moves,,Other,11.111
2016-12_gen4ou-0.json,Lunatone,Stats,Raw count,,9
2016-12_gen4ou-0.json,Lunatone,Stats,Avg. weight,,1.0
2016-12_gen4ou-0.json,Lunatone,Stats,Viability Ceiling,,58
2016-12_gen4ou-0.json,Lunatone,Stats,Quiet,,77.778
2016-12_gen4ou-0.json,Lunatone,Stats,Calm,,22.222
2016-12_gen4ou-0.json,Lunatone,Abilities,,Levitate,100.0
2016-12_gen4ou-0.json,Lunatone,Items,,Leftovers,100.0
2016-12_gen4ou-0.json,Lunatone,Moves,,Trick Room,77.778
2016-12_gen4ou-0.json,Lunatone,Moves,,Shadow Ball,77.778
2016-12_gen4ou-0.json,Lunatone,Moves,,Psychic,77.778
2016-12_gen4ou-0.json,Lunatone,Moves,,Hidden Power Fighting,77.778
2016-12_gen4ou-0.json,Lunatone,Moves,,Reflect,22.222
2016-12_gen4ou-0.json,Lunatone,Moves,,Toxic,22.222
2016-12_gen4ou-0.json,Lunatone,Moves,,Light Screen,22.222
2016-12_gen4ou-0.json,Lunatone,Moves,,Earthquake,22.222
2016-12_gen4ou-0.json,Wormadam-Trash,Stats,Raw count,,10
2016-12_gen4ou-0.json,Wormadam-Trash,Stats,Avg. weight,,1.0
2016-12_gen4ou-0.json,Wormadam-Trash,Stats,Viability Ceiling,,50
2016-12_gen4ou-0.json,Wormadam-Trash,Stats,Calm,,100.000
2016-12_gen4ou-0.json,Wormadam-Trash,Abilities,,Anticipation,100.0
2016-12_gen4ou-0.json,Wormadam-Trash,Items,,Leftovers,100.0
2016-12_gen4ou-0.json,Wormadam-Trash,Moves,,Toxic,100.0
2016-12_gen4ou-0.json,Wormadam-Trash,Moves,,Flash Cannon,100.0
2016-12_gen4ou-0.json,Wormadam-Trash,Moves,,Sleep Talk,100.0
2016-12_gen4ou-0.json,Wormadam-Trash,Moves,,Rest,100.0
2016-12_gen4ou-0.json,Ledian,Stats,Raw count,,8
2016-12_gen4ou-0.json,Ledian,Stats,Avg. weight,,1.0
2016-12_gen4ou-0.json,Ledian,Stats,Viability Ceiling,,48
2016-12_gen4ou-0.json,Ledian,Stats,Calm,,100.000
2016-12_gen4ou-0.json,Ledian,Abilities,,Early Bird,100.0
2016-12_gen4ou-0.json,Ledian,Items,,Leftovers,100.0
2016-12_gen4ou-0.json,Ledian,Moves,,Roost,100.0
2016-12_gen4ou-0.json,Ledian,Moves,,Bug Buzz,100.0
2016-12_gen4ou-0.json,Ledian,Moves,,Focus Blast,100.0
2016-12_gen4ou-0.json,Ledian,Moves,,Giga Drain,100.0
2016-12_gen4ou-0.json,Squirtle,Stats,Raw count,,10
2016-12_gen4ou-0.json,Squirtle,Stats,Avg. weight,,1.0
2016-12_gen4ou-0.json,Squirtle,Stats,Viability Ceiling,,45
2016-12_gen4ou-0.json,Squirtle,Stats,Hasty,,30.000
2016-12_gen4ou-0.json,Squirtle,Stats,Rash,,20.000
2016-12_gen4ou-0.json,Squirtle,Stats,Hardy,,10.000
2016-12_gen4ou-0.json,Squirtle,Stats,Naive,,20.000
2016-12_gen4ou-0.json,Squirtle,Abilities,,Torrent,100.0
2016-12_gen4ou-0.json,Squirtle,Items,,Nothing,40.0
2016-12_gen4ou-0.json,Squirtle,Items,,Choice Scarf,20.0
2016-12_gen4ou-0.json,Squirtle,Items,,Leftovers,10.0
2016-12_gen4ou-0.json,Squirtle,Items,,Black Glasses,10.0
2016-12_gen4ou-0.json,Squirtle,Items,,Focus Sash,10.0
2016-12_gen4ou-0.json,Squirtle,Items,,Sitrus Berry,10.0
2016-12_gen4ou-0.json,Squirtle,Moves,,Hydro Pump,80.0
2016-12_gen4ou-0.json,Squirtle,Moves,,Water Gun,70.0
2016-12_gen4ou-0.json,Squirtle,Moves,,Surf,40.0
2016-12_gen4ou-0.json,Squirtle,Moves,,Skull Bash,40.0
2016-12_gen4ou-0.json,Squirtle,Moves,,Aqua Tail,30.0
2016-12_gen4ou-0.json,Squirtle,Moves,,Water Spout,30.0
2016-12_gen4ou-0.json,Squirtle,Moves,,Bite,30.0
2016-12_gen4ou-0.json,Squirtle,Moves,,Aqua Jet,20.0
2016-12_gen4ou-0.json,Squirtle,Moves,,Withdraw,10.0
2016-12_gen4ou-0.json,Squirtle,Moves,,Headbutt,10.0
2016-12_gen4ou-0.json,Squirtle,Moves,,Water Pulse,10.0
2016-12_gen4ou-0.json,Squirtle,Moves,,Tackle,10.0
2016-12_gen4ou-0.json,Squirtle,Moves,,Rapid Spin,10.0
2016-12_gen4ou-0.json,Squirtle,Moves,,Other,10.0
2016-12_gen4ou-0.json,Yanma,Stats,Raw count,,9
2016-12_gen4ou-0.json,Yanma,Stats,Avg. weight,,---
2016-12_gen4ou-0.json,Yanma,Stats,Viability Ceiling,,0
2016-12_gen4ou-0.json,Yanma,Stats,Timid,,66.667
2016-12_gen4ou-0.json,Yanma,Stats,Hardy,,33.333
2016-12_gen4ou-0.json,Yanma,Abilities,,Speed Boost,100.0
2016-12_gen4ou-0.json,Yanma,Items,,Wide Lens,66.667
2016-12_gen4ou-0.json,Yanma,Items,,Leftovers,33.333
2016-12_gen4ou-0.json,Yanma,Moves,,Detect,100.0
2016-12_gen4ou-0.json,Yanma,Moves,,Protect,66.667
2016-12_gen4ou-0.json,Yanma,Moves,,Toxic,66.667
2016-12_gen4ou-0.json,Yanma,Moves,,Attract,66.667
2016-12_gen4ou-0.json,Yanma,Moves,,Defog,33.333
2016-12_gen4ou-0.json,Yanma,Moves,,Facade,33.333
2016-12_gen4ou-0.json,Yanma,Moves,,Double-Edge,33.333
2016-12_gen4ou-0.json,Glalie,Stats,Raw count,,10
2016-12_gen4ou-0.json,Glalie,Stats,Avg. weight,,1.0
2016-12_gen4ou-0.json,Glalie,Stats,Viability Ceiling,,55
2016-12_gen4ou-0.json,Glalie,Stats,Modest,,10.000
2016-12_gen4ou-0.json,Glalie,Stats,Brave,,10.000
2016-12_gen4ou-0.json,Glalie,Stats,Rash,,10.000
2016-12_gen4ou-0.json,Glalie,Stats,Hardy,,10.000
2016-12_gen4ou-0.json,Glalie,Abilities,,Inner Focus,50.0
2016-12_gen4ou-0.json,Glalie,Abilities,,Ice Body,50.0
2016-12_gen4ou-0.json,Glalie,Items,,Leftovers,50.0
2016-12_gen4ou-0.json,Glalie,Items,,Black Glasses,30.0
2016-12_gen4ou-0.json,Glalie,Items,,Sitrus Berry,10.0
2016-12_gen4ou-0.json,Glalie,Items,,Never-Melt Ice,10.0
2016-12_gen4ou-0.json,Glalie,Spreads,,Other,20.0
2016-12_gen4ou-0.json,Glalie,Moves,,Ice Beam,90.0
2016-12_gen4ou-0.json,Glalie,Moves,,Crunch,50.0
2016-12_gen4ou-0.json,Glalie,Moves,,Blizzard,30.0
2016-12_gen4ou-0.json,Glalie,Moves,,Bite,30.0
2016-12_gen4ou-0.json,Glalie,Moves,,Avalanche,30.0
2016-12_gen4ou-0.json,Glalie,Moves,,Toxic,30.0
2016-12_gen4ou-0.json,Glalie,Moves,,Dark Pulse,20.0
2016-12_gen4ou-0.json,Glalie,Moves,,Gyro Ball,20.0
2016-12_gen4ou-0.json,Glalie,Moves,,Light Screen,20.0
2016-12_gen4ou-0.json,Glalie,Moves,,Earthquake,20.0
2016-12_gen4ou-0.json,Glalie,Moves,,Protect,10.0
2016-12_gen4ou-0.json,Glalie,Moves,,Spikes,10.0
2016-12_gen4ou-0.json,Glalie,Moves,,Explosion,10.0
2016-12_gen4ou-0.json,Glalie,Moves,,Hail,10.0
2016-12_gen4ou-0.json,Glalie,Moves,,Other,20.0
2016-12_gen4ou-0.json,Aron,Stats,Raw count,,10
2016-12_gen4ou-0.json,Aron,Stats,Avg. weight,,1.0
2016-12_gen4ou-0.json,Aron,Stats,Viability Ceiling,,45
2016-12_gen4ou-0.json,Aron,Stats,Hardy,,80.000
2016-12_gen4ou-0.json,Aron,Stats,Relaxed,,10.000
2016-12_gen4ou-0.json,Aron,Stats,Bashful,,10.000
2016-12_gen4ou-0.json,Aron,Abilities,,Sturdy,100.0
2016-12_gen4ou-0.json,Aron,Items,,Shell Bell,80.0
2016-12_gen4ou-0.json,Aron,Items,,Nothing,10.0
2016-12_gen4ou-0.json,Aron,Items,,Life Orb,10.0
2016-12_gen4ou-0.json,Aron,Moves,,Nothing,230.0
2016-12_gen4ou-0.json,Aron,Moves,,Endeavor,80.0
2016-12_gen4ou-0.json,Aron,Moves,,Protect,10.0
2016-12_gen4ou-0.json,Aron,Moves,,Roar,10.0
2016-12_gen4ou-0.json,Aron,Moves,,Stomp,10.0
2016-12_gen4ou-0.json,Aron,Moves,,Sandstorm,10.0
2016-12_gen4ou-0.json,Aron,Moves,,Toxic,10.0
2016-12_gen4ou-0.json,Aron,Moves,,Body Slam,10.0
2016-12_gen4ou-0.json,Aron,Moves,,Endure,10.0
2016-12_gen4ou-0.json,Aron,Moves,,Other,20.0
2016-12_gen4ou-0.json,Delibird,Stats,Raw count,,9
2016-12_gen4ou-0.json,Delibird,Stats,Avg. weight,,1.0
2016-12_gen4ou-0.json,Delibird,Stats,Viability Ceiling,,69
2016-12_gen4ou-0.json,Delibird,Stats,Jolly,,33.333
2016-12_gen4ou-0.json,Delibird,Stats,Timid,,33.333
2016-12_gen4ou-0.json,Delibird,Stats,Hardy,,11.111
2016-12_gen4ou-0.json,Delibird,Abilities,,Vital Spirit,66.667
2016-12_gen4ou-0.json,Delibird,Abilities,,Hustle,33.333
2016-12_gen4ou-0.json,Delibird,Items,,Nothing,33.333
2016-12_gen4ou-0.json,Delibird,Items,,Choice Scarf,33.333
2016-12_gen4ou-0.json,Delibird,Items,,Choice Band,33.333
2016-12_gen4ou-0.json,Delibird,Moves,,Aerial Ace,33.333
2016-12_gen4ou-0.json,Delibird,Moves,,Blizzard,33.333
2016-12_gen4ou-0.json,Delibird,Moves,,Ice Shard,33.333
2016-12_gen4ou-0.json,Delibird,Moves,,Focus Punch,33.333
2016-12_gen4ou-0.json,Delibird,Moves,,Signal Beam,33.333
2016-12_gen4ou-0.json,Delibird,Moves,,Hidden Power Flying,33.333
2016-12_gen4ou-0.json,Delibird,Moves,,Seed Bomb,33.333
2016-12_gen4ou-0.json,Delibird,Moves,,Toxic,33.333
2016-12_gen4ou-0.json,Delibird,Moves,,Ice Beam,22.222
2016-12_gen4ou-0.json,Delibird,Moves,,Present,22.222
2016-12_gen4ou-0.json,Delibird,Moves,,Icy Wind,11.111
2016-12_gen4ou-0.json,Delibird,Moves,,Thief,11.111
2016-12_gen4ou-0.json,Delibird,Moves,,Sky Attack,11.111
2016-12_gen4ou-0.json,Delibird,Moves,,Natural Gift,11.111
2016-12_gen4ou-0.json,Delibird,Moves,,Hail,11.111
2016-12_gen4ou-0.json,Delibird,Moves,,Ice Ball,11.111
2016-12_gen4ou-0.json,Delibird,Moves,,Seismic Toss,11.111
2016-12_gen4ou-0.json,Delibird,Moves,,Other,11.111
2016-12_gen4ou-0.json,Piplup,Stats,Raw count,,10
2016-12_gen4ou-0.json,Piplup,Stats,Avg. weight,,1.0
2016-12_gen4ou-0.json,Piplup,Stats,Viability Ceiling,,46
2016-12_gen4ou-0.json,Piplup,Stats,Hardy,,10.000
2016-12_gen4ou-0.json,Piplup,Stats,Adamant,,20.000
2016-12_gen4ou-0.json,Piplup,Abilities,,Torrent,100.0
2016-12_gen4ou-0.json,Piplup,Items,,Leftovers,30.0
2016-12_gen4ou-0.json,Piplup,Items,,Mystic Water,20.0
2016-12_gen4ou-0.json,Piplup,Items,,Nothing,20.0
2016-12_gen4ou-0.json,Piplup,Items,,Choice Specs,10.0
2016-12_gen4ou-0.json,Piplup,Items,,Splash Plate,10.0
2016-12_gen4ou-0.json,Piplup,Items,,Sitrus Berry,10.0
2016-12_gen4ou-0.json,Piplup,Moves,,Hydro Pump,70.0
2016-12_gen4ou-0.json,Piplup,Moves,,Bubble Beam,60.0
2016-12_gen4ou-0.json,Piplup,Moves,,Drill Peck,40.0
2016-12_gen4ou-0.json,Piplup,Moves,,Bubble,30.0
2016-12_gen4ou-0.json,Piplup,Moves,,Brine,30.0
2016-12_gen4ou-0.json,Piplup,Moves,,Waterfall,20.0
2016-12_gen4ou-0.json,Piplup,Moves,,Double Hit,20.0
2016-12_gen4ou-0.json,Piplup,Moves,,Ice Beam,20.0
2016-12_gen4ou-0.json,Piplup,Moves,,Water Sport,20.0
2016-12_gen4ou-0.json,Piplup,Moves,,Fury Attack,20.0
2016-12_gen4ou-0.json,Piplup,Moves,,Surf,10.0
2016-12_gen4ou-0.json,Piplup,Moves,,Protect,10.0
2016-12_gen4ou-0.json,Piplup,Moves,,Brick Break,10.0
2016-12_gen4ou-0.json,Piplup,Moves,,Dig,10.0
2016-12_gen4ou-0.json,Piplup,Moves,,Bide,10.0
2016-12_gen4ou-0.json,Piplup,Moves,,Other,20.0
2016-12_gen4ou-0.json,Venomoth,Stats,Raw count,,8
2016-12_gen4ou-0.json,Venomoth,Stats,Avg. weight,,1.0
2016-12_gen4ou-0.json,Venomoth,Stats,Viability Ceiling,,54
2016-12_gen4ou-0.json,Venomoth,Stats,Timid,,12.500
2016-12_gen4ou-0.json,Venomoth,Stats,Bold,,25.000
2016-12_gen4ou-0.json,Venomoth,Stats,Quirky,,12.500
2016-12_gen4ou-0.json,Venomoth,Stats,Sassy,,12.500
2016-12_gen4ou-0.json,Venomoth,Stats,Calm,,12.500
2016-12_gen4ou-0.json,Venomoth,Abilities,,Shield Dust,62.5
2016-12_gen4ou-0.json,Venomoth,Abilities,,Tinted Lens,37.5
2016-12_gen4ou-0.json,Venomoth,Items,,Leftovers,25.0
2016-12_gen4ou-0.json,Venomoth,Items,,Focus Sash,25.0
2016-12_gen4ou-0.json,Venomoth,Items,,Choice Specs,12.5
2016-12_gen4ou-0.json,Venomoth,Items,,Black Sludge,12.5
2016-12_gen4ou-0.json,Venomoth,Items,,Life Orb,12.5
2016-12_gen4ou-0.json,Venomoth,Items,,Nothing,12.5
2016-12_gen4ou-0.json,Venomoth,Moves,,Toxic Spikes,50.0
2016-12_gen4ou-0.json,Venomoth,Moves,,Sleep Powder,50.0
2016-12_gen4ou-0.json,Venomoth,Moves,,Sludge Bomb,37.5
2016-12_gen4ou-0.json,Venomoth,Moves,,Bug Buzz,37.5
2016-12_gen4ou-0.json,Venomoth,Moves,,U-turn,25.0
2016-12_gen4ou-0.json,Venomoth,Moves,,Hidden Power Poison,25.0
2016-12_gen4ou-0.json,Venomoth,Moves,,Psychic,25.0
2016-12_gen4ou-0.json,Venomoth,Moves,,Agility,25.0
2016-12_gen4ou-0.json,Venomoth,Moves,,Poison Fang,25.0
2016-12_gen4ou-0.json,Venomoth,Moves,,Leech Life,25.0
2016-12_gen4ou-0.json,Venomoth,Moves,,Poison Powder,12.5
2016-12_gen4ou-0.json,Venomoth,Moves,,Baton Pass,12.5
2016-12_gen4ou-0.json,Venomoth,Moves,,Energy Ball,12.5
2016-12_gen4ou-0.json,Venomoth,Moves,,Twister,12.5
2016-12_gen4ou-0.json,Venomoth,Moves,,Defog,12.5
2016-12_gen4ou-0.json,Venomoth,Moves,,Other,12.5
2016-12_gen4ou-0.json,Mothim,Stats,Raw count,,9
2016-12_gen4ou-0.json,Mothim,Stats,Avg. weight,,1.0
2016-12_gen4ou-0.json,Mothim,Stats,Viability Ceiling,,55
2016-12_gen4ou-0.json,Mothim,Stats,Hardy,,88.889
2016-12_gen4ou-0.json,Mothim,Stats,Modest,,11.111
2016-12_gen4ou-0.json,Mothim,Abilities,,Swarm,100.0
2016-12_gen4ou-0.json,Mothim,Items,,Nothing,88.889
2016-12_gen4ou-0.json,Mothim,Items,,Insect Plate,11.111
2016-12_gen4ou-0.json,Mothim,Moves,,Air Slash,100.0
2016-12_gen4ou-0.json,Mothim,Moves,,Bug Buzz,100.0
2016-12_gen4ou-0.json,Mothim,Moves,,Facade,88.889
2016-12_gen4ou-0.json,Mothim,Moves,,Energy Ball,88.889
2016-12_gen4ou-0.json,Mothim,Moves,,Poison Powder,11.111
2016-12_gen4ou-0.json,Mothim,Moves,,Other,11.111
2016-12_gen4ou-0.json,Magnemite,Stats,Raw count,,11
2016-12_gen4ou-0.json,Magnemite,Stats,Avg. weight,,1.0
2016-12_gen4ou-0.json,Magnemite,Stats,Viability Ceiling,,59
2016-12_gen4ou-0.json,Magnemite,Stats,Hardy,,63.636
2016-12_gen4ou-0.json,Magnemite,Stats,Bold,,36.364
2016-12_gen4ou-0.json,Magnemite,Abilities,,Sturdy,81.818
2016-12_gen4ou-0.json,Magnemite,Abilities,,Magnet Pull,18.182
2016-12_gen4ou-0.json,Magnemite,Items,,Berry Juice,72.727
2016-12_gen4ou-0.json,Magnemite,Items,,Nothing,18.182
2016-12_gen4ou-0.json,Magnemite,Items,,Sitrus Berry,9.091
2016-12_gen4ou-0.json,Magnemite,Moves,,Nothing,109.091
2016-12_gen4ou-0.json,Magnemite,Moves,,Recycle,81.818
2016-12_gen4ou-0.json,Magnemite,Moves,,Toxic,72.727
2016-12_gen4ou-0.json,Magnemite,Moves,,Protect,45.455
2016-12_gen4ou-0.json,Magnemite,Moves,,Flash,36.364
2016-12_gen4ou-0.json,Magnemite,Moves,,Discharge,18.182
2016-12_gen4ou-0.json,Magnemite,Moves,,Supersonic,9.091
2016-12_gen4ou-0.json,Magnemite,Moves,,Thunder Wave,9.091
2016-12_gen4ou-0.json,Magnemite,Moves,,Other,18.182
2016-12_gen4ou-0.json,Aipom,Stats,Raw count,,7
2016-12_gen4ou-0.json,Aipom,Stats,Avg. weight,,1.0
2016-12_gen4ou-0.json,Aipom,Stats,Viability Ceiling,,46
2016-12_gen4ou-0.json,Aipom,Stats,Hardy,,14.286
2016-12_gen4ou-0.json,Aipom,Abilities,,Run Away,71.429
2016-12_gen4ou-0.json,Aipom,Abilities,,Pickup,28.571
2016-12_gen4ou-0.json,Aipom,Items,,Nothing,71.429
2016-12_gen4ou-0.json,Aipom,Items,,Leftovers,14.286
2016-12_gen4ou-0.json,Aipom,Items,,Choice Band,14.286
2016-12_gen4ou-0.json,Aipom,Moves,,Nothing,71.429
2016-12_gen4ou-0.json,Aipom,Moves,,Swift,42.857
2016-12_gen4ou-0.json,Aipom,Moves,,Focus Punch,42.857
2016-12_gen4ou-0.json,Aipom,Moves,,Brick Break,28.571
2016-12_gen4ou-0.json,Aipom,Moves,,Double Hit,28.571
2016-12_gen4ou-0.json,Aipom,Moves,,Agility,14.286
2016-12_gen4ou-0.json,Aipom,Moves,,Hidden Power Ground,14.286
2016-12_gen4ou-0.json,Aipom,Moves,,Hidden Power Fighting,14.286
2016-12_gen4ou-0.json,Aipom,Moves,,Last Resort,14.286
2016-12_gen4ou-0.json,Aipom,Moves,,Grass Knot,14.286
2016-12_gen4ou-0.json,Aipom,Moves,,Headbutt,14.286
2016-12_gen4ou-0.json,Aipom,Moves,,Body Slam,14.286
2016-12_gen4ou-0.json,Aipom,Moves,,Knock Off,14.286
2016-12_gen4ou-0.json,Aipom,Moves,,Double Slap,14.286
2016-12_gen4ou-0.json,Aipom,Moves,,Double-Edge,14.286
2016-12_gen4ou-0.json,Aipom,Moves,,Metronome,14.286
2016-12_gen4ou-0.json,Aipom,Moves,,Facade,14.286
2016-12_gen4ou-0.json,Aipom,Moves,,Other,14.286
2016-12_gen4ou-0.json,Wormadam-Sandy,Stats,Raw count,,8
2016-12_gen4ou-0.json,Wormadam-Sandy,Stats,Avg. weight,,1.0
2016-12_gen4ou-0.json,Wormadam-Sandy,Stats,Viability Ceiling,,55
2016-12_gen4ou-0.json,Wormadam-Sandy,Stats,Hardy,,100.000
2016-12_gen4ou-0.json,Wormadam-Sandy,Abilities,,Anticipation,100.0
2016-12_gen4ou-0.json,Wormadam-Sandy,Items,,Nothing,100.0
2016-12_gen4ou-0.json,Wormadam-Sandy,Moves,,Facade,100.0
2016-12_gen4ou-0.json,Wormadam-Sandy,Moves,,Hidden Power Electric,100.0
2016-12_gen4ou-0.json,Wormadam-Sandy,Moves,,Earthquake,100.0
2016-12_gen4ou-0.json,Wormadam-Sandy,Moves,,Earth Power,100.0
2016-12_gen4ou-0.json,Jigglypuff,Stats,Raw count,,7
2016-12_gen4ou-0.json,Jigglypuff,Stats,Avg. weight,,1.0
2016-12_gen4ou-0.json,Jigglypuff,Stats,Viability Ceiling,,47
2016-12_gen4ou-0.json,Jigglypuff,Stats,Docile,,71.429
2016-12_gen4ou-0.json,Jigglypuff,Stats,Calm,,28.571
2016-12_gen4ou-0.json,Jigglypuff,Abilities,,Cute Charm,100.0
2016-12_gen4ou-0.json,Jigglypuff,Items,,Poke Ball,71.429
2016-12_gen4ou-0.json,Jigglypuff,Items,,Sitrus Berry,28.571
2016-12_gen4ou-0.json,Jigglypuff,Moves,,Rest,71.429
2016-12_gen4ou-0.json,Jigglypuff,Moves,,Tickle,71.429
2016-12_gen4ou-0.json,Jigglypuff,Moves,,Toxic,71.429
2016-12_gen4ou-0.json,Jigglypuff,Moves,,Swagger,71.429
2016-12_gen4ou-0.json,Jigglypuff,Moves,,Hyper Voice,28.571
2016-12_gen4ou-0.json,Jigglypuff,Moves,,Sweet Kiss,28.571
2016-12_gen4ou-0.json,Jigglypuff,Moves,,Charm,28.571
2016-12_gen4ou-0.json,Jigglypuff,Moves,,Heal Bell,28.571
2016-12_gen4ou-0.json,Ivysaur,Stats,Raw count,,8
2016-12_gen4ou-0.json,Ivysaur,Stats,Avg. weight,,---
2016-12_gen4ou-0.json,Ivysaur,Stats,Viability Ceiling,,0
2016-12_gen4ou-0.json,Ivysaur,Stats,Hardy,,12.500
2016-12_gen4ou-0.json,Ivysaur,Abilities,,Overgrow,100.0
2016-12_gen4ou-0.json,Ivysaur,Items,,Black Belt,50.0
2016-12_gen4ou-0.json,Ivysaur,Items,,Nothing,37.5
2016-12_gen4ou-0.json,Ivysaur,Items,,Leftovers,12.5
2016-12_gen4ou-0.json,Ivysaur,Moves,,Giga Drain,87.5
2016-12_gen4ou-0.json,Ivysaur,Moves,,Sludge Bomb,50.0
2016-12_gen4ou-0.json,Ivysaur,Moves,,Petal Dance,50.0
2016-12_gen4ou-0.json,Ivysaur,Moves,,Leaf Storm,50.0
2016-12_gen4ou-0.json,Ivysaur,Moves,,Solar Beam,37.5
2016-12_gen4ou-0.json,Ivysaur,Moves,,Body Slam,37.5
2016-12_gen4ou-0.json,Ivysaur,Moves,,Energy Ball,37.5
2016-12_gen4ou-0.json,Ivysaur,Moves,,Magical Leaf,12.5
2016-12_gen4ou-0.json,Ivysaur,Moves,,Poison Powder,12.5
2016-12_gen4ou-0.json,Ivysaur,Moves,,Hidden Power Grass,12.5
2016-12_gen4ou-0.json,Ivysaur,Moves,,Other,12.5
2016-12_gen4ou-0.json,Skorupi,Stats,Raw count,,8
2016-12_gen4ou-0.json,Skorupi,Stats,Avg. weight,,1.0
2016-12_gen4ou-0.json,Skorupi,Stats,Viability Ceiling,,55
2016-12_gen4ou-0.json,Skorupi,Stats,Hardy,,100.000
2016-12_gen4ou-0.json,Skorupi,Abilities,,Sniper,75.0
2016-12_gen4ou-0.json,Skorupi,Abilities,,Battle Armor,25.0
2016-12_gen4ou-0.json,Skorupi,Items,,Nothing,100.0
2016-12_gen4ou-0.json,Skorupi,Moves,,Facade,100.0
2016-12_gen4ou-0.json,Skorupi,Moves,,Crunch,100.0
2016-12_gen4ou-0.json,Skorupi,Moves,,Brick Break,100.0
2016-12_gen4ou-0.json,Skorupi,Moves,,Aqua Tail,100.0
2016-12_gen4ou-0.json,Machoke,Stats,Raw count,,10
2016-12_gen4ou-0.json,Machoke,Stats,Avg. weight,,1.0
2016-12_gen4ou-0.json,Machoke,Stats,Viability Ceiling,,52
2016-12_gen4ou-0.json,Machoke,Stats,Adamant,,40.000
2016-12_gen4ou-0.json,Machoke,Stats,Hardy,,10.000
2016-12_gen4ou-0.json,Machoke,Stats,Quiet,,10.000
2016-12_gen4ou-0.json,Machoke,Stats,Naive,,10.000
2016-12_gen4ou-0.json,Machoke,Stats,Jolly,,10.000
2016-12_gen4ou-0.json,Machoke,Abilities,,Guts,60.0
2016-12_gen4ou-0.json,Machoke,Abilities,,No Guard,40.0
2016-12_gen4ou-0.json,Machoke,Items,,Leftovers,40.0
2016-12_gen4ou-0.json,Machoke,Items,,Razor Claw,20.0
2016-12_gen4ou-0.json,Machoke,Items,,Power Herb,10.0
2016-12_gen4ou-0.json,Machoke,Items,,Choice Scarf,10.0
2016-12_gen4ou-0.json,Machoke,Items,,Sitrus Berry,10.0
2016-12_gen4ou-0.json,Machoke,Items,,Nothing,10.0
2016-12_gen4ou-0.json,Machoke,Spreads,,Other,10.0
2016-12_gen4ou-0.json,Machoke,Moves,,Brick Break,50.0
2016-12_gen4ou-0.json,Machoke,Moves,,Bulk Up,50.0
2016-12_gen4ou-0.json,Machoke,Moves,,Body Slam,40.0
2016-12_gen4ou-0.json,Machoke,Moves,,Earthquake,40.0
2016-12_gen4ou-0.json,Machoke,Moves,,Cross Chop,30.0
2016-12_gen4ou-0.json,Machoke,Moves,,Dynamic Punch,20.0
2016-12_gen4ou-0.json,Machoke,Moves,,Rock Smash,20.0
2016-12_gen4ou-0.json,Machoke,Moves,,Seismic Toss,20.0
2016-12_gen4ou-0.json,Machoke,Moves,,Focus Punch,10.0
2016-12_gen4ou-0.json,Machoke,Moves,,Ice Punch,10.0
2016-12_gen4ou-0.json,Machoke,Moves,,Close Combat,10.0
2016-12_gen4ou-0.json,Machoke,Moves,,Submission,10.0
2016-12_gen4ou-0.json,Machoke,Moves,,Dig,10.0
2016-12_gen4ou-0.json,Machoke,Moves,,Revenge,10.0
2016-12_gen4ou-0.json,Machoke,Moves,,Superpower,10.0
2016-12_gen4ou-0.json,Machoke,Moves,,Hidden Power Dragon,10.0
2016-12_gen4ou-0.json,Machoke,Moves,,Rock Tomb,10.0
2016-12_gen4ou-0.json,Machoke,Moves,,Double-Edge,10.0
2016-12_gen4ou-0.json,Machoke,Moves,,Nothing,10.0
2016-12_gen4ou-0.json,Machoke,Moves,,Other,20.0
2016-12_gen4ou-0.json,Stantler,Stats,Raw count,,8
2016-12_gen4ou-0.json,Stantler,Stats,Avg. weight,,1.0
2016-12_gen4ou-0.json,Stantler,Stats,Viability Ceiling,,45
2016-12_gen4ou-0.json,Stantler,Stats,Timid,,12.500
2016-12_gen4ou-0.json,Stantler,Stats,Adamant,,25.000
2016-12_gen4ou-0.json,Stantler,Stats,Hardy,,25.000
2016-12_gen4ou-0.json,Stantler,Abilities,,Intimidate,100.0
2016-12_gen4ou-0.json,Stantler,Items,,Choice Scarf,37.5
2016-12_gen4ou-0.json,Stantler,Items,,Leftovers,25.0
2016-12_gen4ou-0.json,Stantler,Items,,Sitrus Berry,25.0
2016-12_gen4ou-0.json,Stantler,Items,,Nothing,12.5
2016-12_gen4ou-0.json,Stantler,Moves,,Psychic,50.0
2016-12_gen4ou-0.json,Stantler,Moves,,Thunderbolt,37.5
2016-12_gen4ou-0.json,Stantler,Moves,,Hypnosis,37.5
2016-12_gen4ou-0.json,Stantler,Moves,,Signal Beam,37.5
2016-12_gen4ou-0.json,Stantler,Moves,,Uproar,37.5
2016-12_gen4ou-0.json,Stantler,Moves,,Calm Mind,25.0
2016-12_gen4ou-0.json,Stantler,Moves,,Gravity,25.0
2016-12_gen4ou-0.json,Stantler,Moves,,Return,25.0
2016-12_gen4ou-0.json,Stantler,Moves,,Earthquake,25.0
2016-12_gen4ou-0.json,Stantler,Moves,,Extrasensory,12.5
2016-12_gen4ou-0.json,Stantler,Moves,,Spite,12.5
2016-12_gen4ou-0.json,Stantler,Moves,,Body Slam,12.5
2016-12_gen4ou-0.json,Stantler,Moves,,Hidden Power Fire,12.5
2016-12_gen4ou-0.json,Stantler,Moves,,Double-Edge,12.5
2016-12_gen4ou-0.json,Stantler,Moves,,Facade,12.5
2016-12_gen4ou-0.json,Stantler,Moves,,Leer,12.5
2016-12_gen4ou-0.json,Stantler,Moves,,Other,12.5
2016-12_gen4ou-0.json,Mawile,Stats,Raw count,,6
2016-12_gen4ou-0.json,Mawile,Stats,Avg. weight,,1.0
2016-12_gen4ou-0.json,Mawile,Stats,Viability Ceiling,,47
2016-12_gen4ou-0.json,Mawile,Stats,Quiet,,66.667
2016-12_gen4ou-0.json,Mawile,Stats,Hardy,,16.667
2016-12_gen4ou-0.json,Mawile,Abilities,,Intimidate,83.333
2016-12_gen4ou-0.json,Mawile,Abilities,,Hyper Cutter,16.667
2016-12_gen4ou-0.json,Mawile,Items,,Quick Claw,66.667
2016-12_gen4ou-0.json,Mawile,Items,,Nothing,16.667
2016-12_gen4ou-0.json,Mawile,Items,,Focus Sash,16.667
2016-12_gen4ou-0.json,Mawile,Moves,,Iron Head,83.333
2016-12_gen4ou-0.json,Mawile,Moves,,Fire Blast,66.667
2016-12_gen4ou-0.json,Mawile,Moves,,Rock Slide,66.667
2016-12_gen4ou-0.json,Mawile,Moves,,Ice Punch,66.667
2016-12_gen4ou-0.json,Mawile,Moves,,Crunch,33.333
2016-12_gen4ou-0.json,Mawile,Moves,,Protect,16.667
2016-12_gen4ou-0.json,Mawile,Moves,,Brick Break,16.667
2016-12_gen4ou-0.json,Mawile,Moves,,Body Slam,16.667
2016-12_gen4ou-0.json,Mawile,Moves,,Ancient Power,16.667
2016-12_gen4ou-0.json,Mawile,Moves,,Other,16.667
2016-12_gen4ou-0.json,Cherrim,Stats,Raw count,,8
2016-12_gen4ou-0.json,Cherrim,Stats,Avg. weight,,1.0
2016-12_gen4ou-0.json,Cherrim,Stats,Viability Ceiling,,43
2016-12_gen4ou-0.json,Cherrim,Stats,Modest,,25.000
2016-12_gen4ou-0.json,Cherrim,Stats,Hardy,,25.000
2016-12_gen4ou-0.json,Cherrim,Stats,Adamant,,12.500
2016-12_gen4ou-0.json,Cherrim,Stats,Timid,,12.500
2016-12_gen4ou-0.json,Cherrim,Stats,Calm,,12.500
2016-12_gen4ou-0.json,Cherrim,Abilities,,Flower Gift,100.0
2016-12_gen4ou-0.json,Cherrim,Items,,Life Orb,25.0
2016-12_gen4ou-0.json,Cherrim,Items,,Choice Band,25.0
2016-12_gen4ou-0.json,Cherrim,Items,,Leftovers,12.5
2016-12_gen4ou-0.json,Cherrim,Items,,Miracle Seed,12.5
2016-12_gen4ou-0.json,Cherrim,Items,,Focus Sash,12.5
2016-12_gen4ou-0.json,Cherrim,Items,,Heat Rock,12.5
2016-12_gen4ou-0.json,Cherrim,Moves,,Giga Drain,75.0
2016-12_gen4ou-0.json,Cherrim,Moves,,Sunny Day,50.0
2016-12_gen4ou-0.json,Cherrim,Moves,,Solar Beam,37.5
2016-12_gen4ou-0.json,Cherrim,Moves,,Bullet Seed,25.0
2016-12_gen4ou-0.json,Cherrim,Moves,,Weather Ball,25.0
2016-12_gen4ou-0.json,Cherrim,Moves,,Frustration,25.0
2016-12_gen4ou-0.json,Cherrim,Moves,,Toxic,25.0
2016-12_gen4ou-0.json,Cherrim,Moves,,Synthesis,25.0
2016-12_gen4ou-0.json,Cherrim,Moves,,Protect,12.5
2016-12_gen4ou-0.json,Cherrim,Moves,,Seed Bomb,12.5
2016-12_gen4ou-0.json,Cherrim,Moves,,Leech Seed,12.5
2016-12_gen4ou-0.json,Cherrim,Moves,,Hidden Power Electric,12.5
2016-12_gen4ou-0.json,Cherrim,Moves,,Growth,12.5
2016-12_gen4ou-0.json,Cherrim,Moves,,Energy Ball,12.5
2016-12_gen4ou-0.json,Cherrim,Moves,,Aromatherapy,12.5
2016-12_gen4ou-0.json,Cherrim,Moves,,Substitute,12.5
2016-12_gen4ou-0.json,Cherrim,Moves,,Other,12.5
2016-12_gen4ou-0.json,Metang,Stats,Raw count,,7
2016-12_gen4ou-0.json,Metang,Stats,Avg. weight,,1.0
2016-12_gen4ou-0.json,Metang,Stats,Viability Ceiling,,33
2016-12_gen4ou-0.json,Metang,Stats,Hardy,,14.286
2016-12_gen4ou-0.json,Metang,Stats,Adamant,,14.286
2016-12_gen4ou-0.json,Metang,Abilities,,Clear Body,100.0
2016-12_gen4ou-0.json,Metang,Items,,Nothing,71.429
2016-12_gen4ou-0.json,Metang,Items,,Sitrus Berry,14.286
2016-12_gen4ou-0.json,Metang,Items,,Choice Band,14.286
2016-12_gen4ou-0.json,Metang,Moves,,Body Slam,71.429
2016-12_gen4ou-0.json,Metang,Moves,,Meteor Mash,57.143
2016-12_gen4ou-0.json,Metang,Moves,,Earthquake,57.143
2016-12_gen4ou-0.json,Metang,Moves,,Psychic,42.857
2016-12_gen4ou-0.json,Metang,Moves,,Brick Break,42.857
2016-12_gen4ou-0.json,Metang,Moves,,Bullet Punch,28.571
2016-12_gen4ou-0.json,Metang,Moves,,Double-Edge,28.571
2016-12_gen4ou-0.json,Metang,Moves,,Grass Knot,28.571
2016-12_gen4ou-0.json,Metang,Moves,,Pursuit,14.286
2016-12_gen4ou-0.json,Metang,Moves,,Metal Claw,14.286
2016-12_gen4ou-0.json,Metang,Moves,,Other,14.286
2016-12_gen4ou-0.json,Bulbasaur,Stats,Raw count,,8
2016-12_gen4ou-0.json,Bulbasaur,Stats,Avg. weight,,1.0
2016-12_gen4ou-0.json,Bulbasaur,Stats,Viability Ceiling,,45
2016-12_gen4ou-0.json,Bulbasaur,Stats,Modest,,37.500
2016-12_gen4ou-0.json,Bulbasaur,Stats,Hardy,,12.500
2016-12_gen4ou-0.json,Bulbasaur,Stats,Lonely,,12.500
2016-12_gen4ou-0.json,Bulbasaur,Abilities,,Overgrow,100.0
2016-12_gen4ou-0.json,Bulbasaur,Items,,Nothing,25.0
2016-12_gen4ou-0.json,Bulbasaur,Items,,Leftovers,25.0
2016-12_gen4ou-0.json,Bulbasaur,Items,,Lum Berry,25.0
2016-12_gen4ou-0.json,Bulbasaur,Items,,Black Sludge,12.5
2016-12_gen4ou-0.json,Bulbasaur,Items,,Sitrus Berry,12.5
2016-12_gen4ou-0.json,Bulbasaur,Moves,,Solar Beam,37.5
2016-12_gen4ou-0.json,Bulbasaur,Moves,,Grass Knot,37.5
2016-12_gen4ou-0.json,Bulbasaur,Moves,,Leaf Storm,37.5
2016-12_gen4ou-0.json,Bulbasaur,Moves,,Bullet Seed,37.5
2016-12_gen4ou-0.json,Bulbasaur,Moves,,Razor Leaf,37.5
2016-12_gen4ou-0.json,Bulbasaur,Moves,,Sludge Bomb,25.0
2016-12_gen4ou-0.json,Bulbasaur,Moves,,Hidden Power Poison,25.0
2016-12_gen4ou-0.json,Bulbasaur,Moves,,Magical Leaf,25.0
2016-12_gen4ou-0.json,Bulbasaur,Moves,,Giga Drain,25.0
2016-12_gen4ou-0.json,Bulbasaur,Moves,,Leech Seed,25.0
2016-12_gen4ou-0.json,Bulbasaur,Moves,,Energy Ball,25.0
2016-12_gen4ou-0.json,Bulbasaur,Moves,,Vine Whip,12.5
2016-12_gen4ou-0.json,Bulbasaur,Moves,,Take Down,12.5
2016-12_gen4ou-0.json,Bulbasaur,Moves,,Swords Dance,12.5
2016-12_gen4ou-0.json,Bulbasaur,Moves,,Double-Edge,12.5
2016-12_gen4ou-0.json,Bulbasaur,Moves,,Other,12.5
2016-12_gen4ou-0.json,Ralts,Stats,Raw count,,7
2016-12_gen4ou-0.json,Ralts,Stats,Avg. weight,,1.0
2016-12_gen4ou-0.json,Ralts,Stats,Viability Ceiling,,51
2016-12_gen4ou-0.json,Ralts,Stats,Sassy,,57.143
2016-12_gen4ou-0.json,Ralts,Stats,Hardy,,42.857
2016-12_gen4ou-0.json,Ralts,Abilities,,Synchronize,100.0
2016-12_gen4ou-0.json,Ralts,Items,,Focus Sash,57.143
2016-12_gen4ou-0.json,Ralts,Items,,Sitrus Berry,42.857
2016-12_gen4ou-0.json,Ralts,Moves,,Destiny Bond,100.0
2016-12_gen4ou-0.json,Ralts,Moves,,Trick Room,57.143
2016-12_gen4ou-0.json,Ralts,Moves,,Light Screen,57.143
2016-12_gen4ou-0.json,Ralts,Moves,,Encore,57.143
2016-12_gen4ou-0.json,Ralts,Moves,,Calm Mind,42.857
2016-12_gen4ou-0.json,Ralts,Moves,,Disable,42.857
2016-12_gen4ou-0.json,Ralts,Moves,,Double-Edge,42.857
2016-12_gen4ou-0.json,Turtwig,Stats,Raw count,,7
2016-12_gen4ou-0.json,Turtwig,Stats,Avg. weight,,---
2016-12_gen4ou-0.json,Turtwig,Stats,Viability Ceiling,,0
2016-12_gen4ou-0.json,Turtwig,Stats,Hardy,,14.286
2016-12_gen4ou-0.json,Turtwig,Abilities,,Overgrow,100.0
2016-12_gen4ou-0.json,Turtwig,Items,,Leftovers,71.429
2016-12_gen4ou-0.json,Turtwig,Items,,Nothing,28.571
2016-12_gen4ou-0.json,Turtwig,Moves,,Energy Ball,100.0
2016-12_gen4ou-0.json,Turtwig,Moves,,Giga Drain,71.429
2016-12_gen4ou-0.json,Turtwig,Moves,,Leaf Storm,71.429
2016-12_gen4ou-0.json,Turtwig,Moves,,Bullet Seed,42.857
2016-12_gen4ou-0.json,Turtwig,Moves,,Earth Power,28.571
2016-12_gen4ou-0.json,Turtwig,Moves,,Razor Leaf,28.571
2016-12_gen4ou-0.json,Turtwig,Moves,,Crunch,14.286
2016-12_gen4ou-0.json,Turtwig,Moves,,Seed Bomb,14.286
2016-12_gen4ou-0.json,Turtwig,Moves,,Solar Beam,14.286
2016-12_gen4ou-0.json,Turtwig,Moves,,Other,14.286
2016-12_gen4ou-0.json,Glameow,Stats,Raw count,,6
2016-12_gen4ou-0.json,Glameow,Stats,Avg. weight,,1.0
2016-12_gen4ou-0.json,Glameow,Stats,Viability Ceiling,,45
2016-12_gen4ou-0.json,Glameow,Stats,Jolly,,83.333
2016-12_gen4ou-0.json,Glameow,Stats,Timid,,16.667
2016-12_gen4ou-0.json,Glameow,Abilities,,Own Tempo,83.333
2016-12_gen4ou-0.json,Glameow,Abilities,,Limber,16.667
2016-12_gen4ou-0.json,Glameow,Items,,Focus Sash,83.333
2016-12_gen4ou-0.json,Glameow,Items,,Black Glasses,16.667
2016-12_gen4ou-0.json,Glameow,Moves,,U-turn,83.333
2016-12_gen4ou-0.json,Glameow,Moves,,Fake Out,83.333
2016-12_gen4ou-0.json,Glameow,Moves,,Sucker Punch,83.333
2016-12_gen4ou-0.json,Glameow,Moves,,Super Fang,83.333
2016-12_gen4ou-0.json,Glameow,Moves,,Nothing,33.333
2016-12_gen4ou-0.json,Glameow,Moves,,Protect,16.667
2016-12_gen4ou-0.json,Glameow,Moves,,Other,16.667
2016-12_gen4ou-0.json,Charmeleon,Stats,Raw count,,8
2016-12_gen4ou-0.json,Charmeleon,Stats,Avg. weight,,1.0
2016-12_gen4ou-0.json,Charmeleon,Stats,Viability Ceiling,,40
2016-12_gen4ou-0.json,Charmeleon,Stats,Hardy,,12.500
2016-12_gen4ou-0.json,Charmeleon,Stats,Hasty,,25.000
2016-12_gen4ou-0.json,Charmeleon,Stats,Brave,,12.500
2016-12_gen4ou-0.json,Charmeleon,Abilities,,Blaze,100.0
2016-12_gen4ou-0.json,Charmeleon,Items,,Leftovers,37.5
2016-12_gen4ou-0.json,Charmeleon,Items,,Choice Scarf,25.0
2016-12_gen4ou-0.json,Charmeleon,Items,,Flame Plate,25.0
2016-12_gen4ou-0.json,Charmeleon,Items,,Nothing,12.5
2016-12_gen4ou-0.json,Charmeleon,Moves,,Fire Blast,75.0
2016-12_gen4ou-0.json,Charmeleon,Moves,,Scratch,37.5
2016-12_gen4ou-0.json,Charmeleon,Moves,,Fire Punch,37.5
2016-12_gen4ou-0.json,Charmeleon,Moves,,Double-Edge,25.0
2016-12_gen4ou-0.json,Charmeleon,Moves,,Rage,25.0
2016-12_gen4ou-0.json,Charmeleon,Moves,,Bite,25.0
2016-12_gen4ou-0.json,Charmeleon,Moves,,Scary Face,25.0
2016-12_gen4ou-0.json,Charmeleon,Moves,,Dragon Dance,25.0
2016-12_gen4ou-0.json,Charmeleon,Moves,,Facade,25.0
2016-12_gen4ou-0.json,Charmeleon,Moves,,Dragon Claw,25.0
2016-12_gen4ou-0.json,Charmeleon,Moves,,Brick Break,25.0
2016-12_gen4ou-0.json,Charmeleon,Moves,,Overheat,12.5
2016-12_gen4ou-0.json,Charmeleon,Moves,,Ember,12.5
2016-12_gen4ou-0.json,Charmeleon,Moves,,Iron Tail,12.5
2016-12_gen4ou-0.json,Charmeleon,Moves,,Other,12.5
2016-12_gen4ou-0.json,Pelipper,Stats,Raw count,,7
2016-12_gen4ou-0.json,Pelipper,Stats,Avg. weight,,---
2016-12_gen4ou-0.json,Pelipper,Stats,Viability Ceiling,,0
2016-12_gen4ou-0.json,Pelipper,Stats,Timid,,100.000
2016-12_gen4ou-0.json,Pelipper,Abilities,,Keen Eye,100.0
2016-12_gen4ou-0.json,Pelipper,Items,,Mystic Water,100.0
2016-12_gen4ou-0.json,Pelipper,Moves,,Surf,100.0
2016-12_gen4ou-0.json,Pelipper,Moves,,Air Slash,100.0
2016-12_gen4ou-0.json,Pelipper,Moves,,Roost,100.0
2016-12_gen4ou-0.json,Pelipper,Moves,,Ice Beam,100.0
2016-12_gen4ou-0.json,Quilava,Stats,Raw count,,7
2016-12_gen4ou-0.json,Quilava,Stats,Avg. weight,,1.0
2016-12_gen4ou-0.json,Quilava,Stats,Viability Ceiling,,46
2016-12_gen4ou-0.json,Quilava,Stats,Hardy,,14.286
2016-12_gen4ou-0.json,Quilava,Stats,Timid,,28.571
2016-12_gen4ou-0.json,Quilava,Stats,Rash,,14.286
2016-12_gen4ou-0.json,Quilava,Abilities,,Blaze,100.0
2016-12_gen4ou-0.json,Quilava,Items,,Nothing,71.429
2016-12_gen4ou-0.json,Quilava,Items,,Choice Specs,28.571
2016-12_gen4ou-0.json,Quilava,Moves,,Eruption,71.429
2016-12_gen4ou-0.json,Quilava,Moves,,Flamethrower,57.143
2016-12_gen4ou-0.json,Quilava,Moves,,Fire Blast,42.857
2016-12_gen4ou-0.json,Quilava,Moves,,Blast Burn,28.571
2016-12_gen4ou-0.json,Quilava,Moves,,Flame Wheel,28.571
2016-12_gen4ou-0.json,Quilava,Moves,,Hidden Power Electric,28.571
2016-12_gen4ou-0.json,Quilava,Moves,,Heat Wave,28.571
2016-12_gen4ou-0.json,Quilava,Moves,,Flare Blitz,28.571
2016-12_gen4ou-0.json,Quilava,Moves,,Ember,14.286
2016-12_gen4ou-0.json,Quilava,Moves,,Leer,14.286
2016-12_gen4ou-0.json,Quilava,Moves,,Smokescreen,14.286
2016-12_gen4ou-0.json,Quilava,Moves,,Quick Attack,14.286
2016-12_gen4ou-0.json,Quilava,Moves,,Hidden Power Fire,14.286
2016-12_gen4ou-0.json,Quilava,Moves,,Other,14.286
2016-12_gen4ou-0.json,Masquerain,Stats,Raw count,,5
2016-12_gen4ou-0.json,Masquerain,Stats,Avg. weight,,1.0
2016-12_gen4ou-0.json,Masquerain,Stats,Viability Ceiling,,59
2016-12_gen4ou-0.json,Masquerain,Stats,Modest,,100.000
2016-12_gen4ou-0.json,Masquerain,Abilities,,Intimidate,100.0
2016-12_gen4ou-0.json,Masquerain,Items,,Life Orb,100.0
2016-12_gen4ou-0.json,Masquerain,Moves,,Hydro Pump,100.0
2016-12_gen4ou-0.json,Masquerain,Moves,,Bug Buzz,100.0
2016-12_gen4ou-0.json,Masquerain,Moves,,Agility,100.0
2016-12_gen4ou-0.json,Masquerain,Moves,,Blizzard,100.0
2016-12_gen4ou-0.json,Roselia,Stats,Raw count,,6
2016-12_gen4ou-0.json,Roselia,Stats,Avg. weight,,1.0
2016-12_gen4ou-0.json,Roselia,Stats,Viability Ceiling,,50
2016-12_gen4ou-0.json,Roselia,Stats,Adamant,,50.000
2016-12_gen4ou-0.json,Roselia,Stats,Hardy,,50.000
2016-12_gen4ou-0.json,Roselia,Abilities,,Poison Point,50.0
2016-12_gen4ou-0.json,Roselia,Abilities,,Natural Cure,50.0
2016-12_gen4ou-0.json,Roselia,Items,,Nothing,50.0
2016-12_gen4ou-0.json,Roselia,Items,,Meadow Plate,50.0
2016-12_gen4ou-0.json,Roselia,Moves,,Sludge Bomb,100.0
2016-12_gen4ou-0.json,Roselia,Moves,,Petal Dance,50.0
2016-12_gen4ou-0.json,Roselia,Moves,,Absorb,50.0
2016-12_gen4ou-0.json,Roselia,Moves,,Toxic Spikes,50.0
2016-12_gen4ou-0.json,Roselia,Moves,,Grass Knot,50.0
2016-12_gen4ou-0.json,Roselia,Moves,,Energy Ball,50.0
2016-12_gen4ou-0.json,Roselia,Moves,,Leaf Storm,50.0
2016-12_gen4ou-0.json,Voltorb,Stats,Raw count,,5
2016-12_gen4ou-0.json,Voltorb,Stats,Avg. weight,,1.0
2016-12_gen4ou-0.json,Voltorb,Stats,Viability Ceiling,,55
2016-12_gen4ou-0.json,Voltorb,Stats,Timid,,60.000
2016-12_gen4ou-0.json,Voltorb,Stats,Naughty,,20.000
2016-12_gen4ou-0.json,Voltorb,Stats,Hardy,,20.000
2016-12_gen4ou-0.json,Voltorb,Abilities,,Soundproof,80.0
2016-12_gen4ou-0.json,Voltorb,Abilities,,Static,20.0
2016-12_gen4ou-0.json,Voltorb,Items,,Leftovers,60.0
2016-12_gen4ou-0.json,Voltorb,Items,,Focus Sash,20.0
2016-12_gen4ou-0.json,Voltorb,Items,,Choice Band,20.0
2016-12_gen4ou-0.json,Voltorb,Moves,,Thunder,80.0
2016-12_gen4ou-0.json,Voltorb,Moves,,Thunderbolt,60.0
2016-12_gen4ou-0.json,Voltorb,Moves,,Thunder Wave,60.0
2016-12_gen4ou-0.json,Voltorb,Moves,,Charge Beam,60.0
2016-12_gen4ou-0.json,Voltorb,Moves,,Protect,20.0
2016-12_gen4ou-0.json,Voltorb,Moves,,Self-Destruct,20.0
2016-12_gen4ou-0.json,Voltorb,Moves,,Hidden Power Fighting,20.0
2016-12_gen4ou-0.json,Voltorb,Moves,,Facade,20.0
2016-12_gen4ou-0.json,Voltorb,Moves,,Explosion,20.0
2016-12_gen4ou-0.json,Voltorb,Moves,,Light Screen,20.0
2016-12_gen4ou-0.json,Voltorb,Moves,,Other,20.0
2016-12_gen4ou-0.json,Dragonair,Stats,Raw count,,6
2016-12_gen4ou-0.json,Dragonair,Stats,Avg. weight,,---
2016-12_gen4ou-0.json,Dragonair,Stats,Viability Ceiling,,0
2016-12_gen4ou-0.json,Dragonair,Stats,Hardy,,16.667
2016-12_gen4ou-0.json,Dragonair,Stats,Modest,,16.667
2016-12_gen4ou-0.json,Dragonair,Stats,Lonely,,16.667
2016-12_gen4ou-0.json,Dragonair,Stats,Hasty,,16.667
2016-12_gen4ou-0.json,Dragonair,Abilities,,Shed Skin,100.0
2016-12_gen4ou-0.json,Dragonair,Items,,Choice Band,33.333
2016-12_gen4ou-0.json,Dragonair,Items,,Expert Belt,16.667
2016-12_gen4ou-0.json,Dragonair,Items,,Muscle Band,16.667
2016-12_gen4ou-0.json,Dragonair,Items,,Choice Scarf,16.667
2016-12_gen4ou-0.json,Dragonair,Items,,Never-Melt Ice,16.667
2016-12_gen4ou-0.json,Dragonair,Moves,,Dragon Pulse,66.667
2016-12_gen4ou-0.json,Dragonair,Moves,,Draco Meteor,66.667
2016-12_gen4ou-0.json,Dragonair,Moves,,Aqua Tail,50.0
2016-12_gen4ou-0.json,Dragonair,Moves,,Blizzard,33.333
2016-12_gen4ou-0.json,Dragonair,Moves,,Extreme Speed,33.333
2016-12_gen4ou-0.json,Dragonair,Moves,,Dragon Dance,33.333
2016-12_gen4ou-0.json,Dragonair,Moves,,Fire Blast,33.333
2016-12_gen4ou-0.json,Dragonair,Moves,,Thunder,16.667
2016-12_gen4ou-0.json,Dragonair,Moves,,Dragon Rush,16.667
2016-12_gen4ou-0.json,Dragonair,Moves,,Hyper Beam,16.667
2016-12_gen4ou-0.json,Dragonair,Moves,,Ice Beam,16.667
2016-12_gen4ou-0.json,Dragonair,Moves,,Other,16.667
2016-12_gen4ou-0.json,Graveler,Stats,Raw count,,12
2016-12_gen4ou-0.json,Graveler,Stats,Avg. weight,,1.0
2016-12_gen4ou-0.json,Graveler,Stats,Viability Ceiling,,45
2016-12_gen4ou-0.json,Graveler,Stats,Hardy,,8.333
2016-12_gen4ou-0.json,Graveler,Stats,Gentle,,16.667
2016-12_gen4ou-0.json,Graveler,Abilities,,Rock Head,75.0
2016-12_gen4ou-0.json,Graveler,Abilities,,Sturdy,25.0
2016-12_gen4ou-0.json,Graveler,Items,,Quick Claw,66.667
2016-12_gen4ou-0.json,Graveler,Items,,Leftovers,16.667
2016-12_gen4ou-0.json,Graveler,Items,,Nothing,8.333
2016-12_gen4ou-0.json,Graveler,Items,,Choice Band,8.333
2016-12_gen4ou-0.json,Graveler,Moves,,Earthquake,91.667
2016-12_gen4ou-0.json,Graveler,Moves,,Return,75.0
2016-12_gen4ou-0.json,Graveler,Moves,,Ancient Power,66.667
2016-12_gen4ou-0.json,Graveler,Moves,,Body Slam,66.667
2016-12_gen4ou-0.json,Graveler,Moves,,Rollout,25.0
2016-12_gen4ou-0.json,Graveler,Moves,,Metronome,16.667
2016-12_gen4ou-0.json,Graveler,Moves,,Rock Throw,16.667
2016-12_gen4ou-0.json,Graveler,Moves,,Rock Slide,8.333
2016-12_gen4ou-0.json,Graveler,Moves,,Double-Edge,8.333
2016-12_gen4ou-0.json,Graveler,Moves,,Defense Curl,8.333
2016-12_gen4ou-0.json,Graveler,Moves,,Other,16.667
2016-12_gen4ou-0.json,Meowth,Stats,Raw count,,6
2016-12_gen4ou-0.json,Meowth,Stats,Avg. weight,,1.0
2016-12_gen4ou-0.json,Meowth,Stats,Viability Ceiling,,45
2016-12_gen4ou-0.json,Meowth,Stats,Jolly,,33.333
2016-12_gen4ou-0.json,Meowth,Stats,Hardy,,16.667
2016-12_gen4ou-0.json,Meowth,Stats,Hasty,,16.667
2016-12_gen4ou-0.json,Meowth,Abilities,,Pickup,100.0
2016-12_gen4ou-0.json,Meowth,Items,,Nothing,33.333
2016-12_gen4ou-0.json,Meowth,Items,,Chople Berry,33.333
2016-12_gen4ou-0.json,Meowth,Items,,Leftovers,16.667
2016-12_gen4ou-0.json,Meowth,Items,,Metronome,16.667
2016-12_gen4ou-0.json,Meowth,Moves,,Fury Swipes,66.667
2016-12_gen4ou-0.json,Meowth,Moves,,Thunderbolt,33.333
2016-12_gen4ou-0.json,Meowth,Moves,,Hidden Power Fighting,33.333
2016-12_gen4ou-0.json,Meowth,Moves,,Assist,33.333
2016-12_gen4ou-0.json,Meowth,Moves,,Headbutt,33.333
2016-12_gen4ou-0.json,Meowth,Moves,,Fake Out,33.333
2016-12_gen4ou-0.json,Meowth,Moves,,Iron Tail,33.333
2016-12_gen4ou-0.json,Meowth,Moves,,Knock Off,16.667
2016-12_gen4ou-0.json,Meowth,Moves,,Scratch,16.667
2016-12_gen4ou-0.json,Meowth,Moves,,Bite,16.667
2016-12_gen4ou-0.json,Meowth,Moves,,Mud-Slap,16.667
2016-12_gen4ou-0.json,Meowth,Moves,,Mimic,16.667
2016-12_gen4ou-0.json,Meowth,Moves,,Double-Edge,16.667
2016-12_gen4ou-0.json,Meowth,Moves,,Slash,16.667
2016-12_gen4ou-0.json,Meowth,Moves,,Other,16.667
2016-12_gen4ou-0.json,Huntail,Stats,Raw count,,4
2016-12_gen4ou-0.json,Huntail,Stats,Avg. weight,,1.0
2016-12_gen4ou-0.json,Huntail,Stats,Viability Ceiling,,67
2016-12_gen4ou-0.json,Huntail,Stats,Adamant,,100.000
2016-12_gen4ou-0.json,Huntail,Abilities,,Swift Swim,100.0
2016-12_gen4ou-0.json,Huntail,Items,,Life Orb,100.0
2016-12_gen4ou-0.json,Huntail,Moves,,Rain Dance,100.0
2016-12_gen4ou-0.json,Huntail,Moves,,Double-Edge,100.0
2016-12_gen4ou-0.json,Huntail,Moves,,Crunch,50.0
2016-12_gen4ou-0.json,Huntail,Moves,,Aqua Tail,50.0
2016-12_gen4ou-0.json,Huntail,Moves,,Waterfall,50.0
2016-12_gen4ou-0.json,Huntail,Moves,,Toxic,50.0
2016-12_gen4ou-0.json,Swinub,Stats,Raw count,,4
2016-12_gen4ou-0.json,Swinub,Stats,Avg. weight,,1.0
2016-12_gen4ou-0.json,Swinub,Stats,Viability Ceiling,,72
2016-12_gen4ou-0.json,Swinub,Stats,Lonely,,50.000
2016-12_gen4ou-0.json,Swinub,Stats,Hardy,,25.000
2016-12_gen4ou-0.json,Swinub,Stats,Adamant,,25.000
2016-12_gen4ou-0.json,Swinub,Abilities,,Oblivious,100.0
2016-12_gen4ou-0.json,Swinub,Items,,Focus Sash,75.0
2016-12_gen4ou-0.json,Swinub,Items,,Never-Melt Ice,25.0
2016-12_gen4ou-0.json,Swinub,Moves,,Protect,75.0
2016-12_gen4ou-0.json,Swinub,Moves,,Ice Shard,75.0
2016-12_gen4ou-0.json,Swinub,Moves,,Stealth Rock,75.0
2016-12_gen4ou-0.json,Swinub,Moves,,Endeavor,75.0
2016-12_gen4ou-0.json,Swinub,Moves,,Blizzard,25.0
2016-12_gen4ou-0.json,Swinub,Moves,,Rock Slide,25.0
2016-12_gen4ou-0.json,Swinub,Moves,,Dig,25.0
2016-12_gen4ou-0.json,Swinub,Moves,,Body Slam,25.0
2016-12_gen4ou-0.json,Totodile,Stats,Raw count,,5
2016-12_gen4ou-0.json,Totodile,Stats,Avg. weight,,1.0
2016-12_gen4ou-0.json,Totodile,Stats,Viability Ceiling,,45
2016-12_gen4ou-0.json,Totodile,Stats,Naive,,40.000
2016-12_gen4ou-0.json,Totodile,Stats,Hardy,,20.000
2016-12_gen4ou-0.json,Totodile,Abilities,,Torrent,100.0
2016-12_gen4ou-0.json,Totodile,Items,,Focus Sash,40.0
2016-12_gen4ou-0.json,Totodile,Items,,Choice Scarf,40.0
2016-12_gen4ou-0.json,Totodile,Items,,Nothing,20.0
2016-12_gen4ou-0.json,Totodile,Moves,,Nothing,80.0
2016-12_gen4ou-0.json,Totodile,Moves,,Aqua Jet,60.0
2016-12_gen4ou-0.json,Totodile,Moves,,Hydro Pump,60.0
2016-12_gen4ou-0.json,Totodile,Moves,,Surf,40.0
2016-12_gen4ou-0.json,Totodile,Moves,,Aqua Tail,40.0
2016-12_gen4ou-0.json,Totodile,Moves,,Hydro Cannon,40.0
2016-12_gen4ou-0.json,Totodile,Moves,,Rain Dance,40.0
2016-12_gen4ou-0.json,Totodile,Moves,,Frustration,20.0
2016-12_gen4ou-0.json,Totodile,Moves,,Facade,20.0
2016-12_gen4ou-0.json,Grotle,Stats,Raw count,,9
2016-12_gen4ou-0.json,Grotle,Stats,Avg. weight,,1.0
2016-12_gen4ou-0.json,Grotle,Stats,Viability Ceiling,,45
2016-12_gen4ou-0.json,Grotle,Stats,Hardy,,66.667
2016-12_gen4ou-0.json,Grotle,Stats,Bold,,22.222
2016-12_gen4ou-0.json,Grotle,Stats,Lax,,11.111
2016-12_gen4ou-0.json,Grotle,Abilities,,Overgrow,100.0
2016-12_gen4ou-0.json,Grotle,Items,,Choice Band,55.556
2016-12_gen4ou-0.json,Grotle,Items,,Leftovers,22.222
2016-12_gen4ou-0.json,Grotle,Items,,Nothing,11.111
2016-12_gen4ou-0.json,Grotle,Items,,Sitrus Berry,11.111
2016-12_gen4ou-0.json,Grotle,Moves,,Crunch,66.667
2016-12_gen4ou-0.json,Grotle,Moves,,Body Slam,55.556
2016-12_gen4ou-0.json,Grotle,Moves,,Double-Edge,55.556
2016-12_gen4ou-0.json,Grotle,Moves,,Bullet Seed,55.556
2016-12_gen4ou-0.json,Grotle,Moves,,Giga Drain,33.333
2016-12_gen4ou-0.json,Grotle,Moves,,Leech Seed,33.333
2016-12_gen4ou-0.json,Grotle,Moves,,Reflect,22.222
2016-12_gen4ou-0.json,Grotle,Moves,,Leaf Storm,22.222
2016-12_gen4ou-0.json,Grotle,Moves,,Light Screen,22.222
2016-12_gen4ou-0.json,Grotle,Moves,,Energy Ball,11.111
2016-12_gen4ou-0.json,Grotle,Moves,,Superpower,11.111
2016-12_gen4ou-0.json,Grotle,Moves,,Other,11.111
2016-12_gen4ou-0.json,Togetic,Stats,Raw count,,5
2016-12_gen4ou-0.json,Togetic,Stats,Avg. weight,,1.0
2016-12_gen4ou-0.json,Togetic,Stats,Viability Ceiling,,47
2016-12_gen4ou-0.json,Togetic,Stats,Mild,,20.000
2016-12_gen4ou-0.json,Togetic,Stats,Hardy,,20.000
2016-12_gen4ou-0.json,Togetic,Stats,Calm,,20.000
2016-12_gen4ou-0.json,Togetic,Stats,Lonely,,20.000
2016-12_gen4ou-0.json,Togetic,Abilities,,Serene Grace,60.0
2016-12_gen4ou-0.json,Togetic,Abilities,,Hustle,40.0
2016-12_gen4ou-0.json,Togetic,Items,,Leftovers,60.0
2016-12_gen4ou-0.json,Togetic,Items,,Nothing,40.0
2016-12_gen4ou-0.json,Togetic,Moves,,Fly,60.0
2016-12_gen4ou-0.json,Togetic,Moves,,Double-Edge,40.0
2016-12_gen4ou-0.json,Togetic,Moves,,Protect,20.0
2016-12_gen4ou-0.json,Togetic,Moves,,Ancient Power,20.0
2016-12_gen4ou-0.json,Togetic,Moves,,Return,20.0
2016-12_gen4ou-0.json,Togetic,Moves,,Metronome,20.0
2016-12_gen4ou-0.json,Togetic,Moves,,Hidden Power Ice,20.0
2016-12_gen4ou-0.json,Togetic,Moves,,Shadow Ball,20.0
2016-12_gen4ou-0.json,Togetic,Moves,,Steel Wing,20.0
2016-12_gen4ou-0.json,Togetic,Moves,,Air Cutter,20.0
2016-12_gen4ou-0.json,Togetic,Moves,,Rest,20.0
2016-12_gen4ou-0.json,Togetic,Moves,,Drain Punch,20.0
2016-12_gen4ou-0.json,Togetic,Moves,,Heal Bell,20.0
2016-12_gen4ou-0.json,Togetic,Moves,,Wish,20.0
2016-12_gen4ou-0.json,Togetic,Moves,,Fire Blast,20.0
2016-12_gen4ou-0.json,Togetic,Moves,,Flamethrower,20.0
2016-12_gen4ou-0.json,Togetic,Moves,,Other,20.0
2016-12_gen4ou-0.json,Golbat,Stats,Raw count,,4
2016-12_gen4ou-0.json,Golbat,Stats,Avg. weight,,---
2016-12_gen4ou-0.json,Golbat,Stats,Viability Ceiling,,0
2016-12_gen4ou-0.json,Golbat,Stats,Naive,,50.000
2016-12_gen4ou-0.json,Golbat,Stats,Timid,,25.000
2016-12_gen4ou-0.json,Golbat,Stats,Hardy,,25.000
2016-12_gen4ou-0.json,Golbat,Abilities,,Inner Focus,100.0
2016-12_gen4ou-0.json,Golbat,Items,,Choice Scarf,50.0
2016-12_gen4ou-0.json,Golbat,Items,,Leftovers,25.0
2016-12_gen4ou-0.json,Golbat,Items,,Sitrus Berry,25.0
2016-12_gen4ou-0.json,Golbat,Moves,,Giga Drain,75.0
2016-12_gen4ou-0.json,Golbat,Moves,,Shadow Ball,75.0
2016-12_gen4ou-0.json,Golbat,Moves,,Air Slash,75.0
2016-12_gen4ou-0.json,Golbat,Moves,,Sludge Bomb,50.0
2016-12_gen4ou-0.json,Golbat,Moves,,Protect,25.0
2016-12_gen4ou-0.json,Golbat,Moves,,Endure,25.0
2016-12_gen4ou-0.json,Golbat,Moves,,Double-Edge,25.0
2016-12_gen4ou-0.json,Golbat,Moves,,Toxic,25.0
2016-12_gen4ou-0.json,Golbat,Moves,,Confuse Ray,25.0
2016-12_gen4ou-0.json,Gastly,Stats,Raw count,,4
2016-12_gen4ou-0.json,Gastly,Stats,Avg. weight,,---
2016-12_gen4ou-0.json,Gastly,Stats,Viability Ceiling,,0
2016-12_gen4ou-0.json,Gastly,Stats,Naive,,50.000
2016-12_gen4ou-0.json,Gastly,Stats,Hardy,,25.000
2016-12_gen4ou-0.json,Gastly,Stats,Mild,,25.000
2016-12_gen4ou-0.json,Gastly,Abilities,,Levitate,100.0
2016-12_gen4ou-0.json,Gastly,Items,,Choice Scarf,50.0
2016-12_gen4ou-0.json,Gastly,Items,,Nothing,25.0
2016-12_gen4ou-0.json,Gastly,Items,,Oran Berry,25.0
2016-12_gen4ou-0.json,Gastly,Moves,,Explosion,100.0
2016-12_gen4ou-0.json,Gastly,Moves,,Protect,50.0
2016-12_gen4ou-0.json,Gastly,Moves,,Destiny Bond,50.0
2016-12_gen4ou-0.json,Gastly,Moves,,Perish Song,50.0
2016-12_gen4ou-0.json,Gastly,Moves,,Sludge Bomb,25.0
2016-12_gen4ou-0.json,Gastly,Moves,,Night Shade,25.0
2016-12_gen4ou-0.json,Gastly,Moves,,Psychic,25.0
2016-12_gen4ou-0.json,Gastly,Moves,,Rest,25.0
2016-12_gen4ou-0.json,Gastly,Moves,,Hypnosis,25.0
2016-12_gen4ou-0.json,Gastly,Moves,,Substitute,25.0
2016-12_gen4ou-0.json,Grumpig,Stats,Raw count,,4
2016-12_gen4ou-0.json,Grumpig,Stats,Avg. weight,,---
2016-12_gen4ou-0.json,Grumpig,Stats,Viability Ceiling,,0
2016-12_gen4ou-0.json,Grumpig,Stats,Modest,,50.000
2016-12_gen4ou-0.json,Grumpig,Stats,Calm,,25.000
2016-12_gen4ou-0.json,Grumpig,Stats,Sassy,,25.000
2016-12_gen4ou-0.json,Grumpig,Abilities,,Thick Fat,75.0
2016-12_gen4ou-0.json,Grumpig,Abilities,,Own Tempo,25.0
2016-12_gen4ou-0.json,Grumpig,Items,,Leftovers,50.0
2016-12_gen4ou-0.json,Grumpig,Items,,Choice Specs,50.0
2016-12_gen4ou-0.json,Grumpig,Moves,,Extrasensory,50.0
2016-12_gen4ou-0.json,Grumpig,Moves,,Power Gem,50.0
2016-12_gen4ou-0.json,Grumpig,Moves,,Psychic,50.0
2016-12_gen4ou-0.json,Grumpig,Moves,,Focus Blast,50.0
2016-12_gen4ou-0.json,Grumpig,Moves,,Shadow Ball,50.0
2016-12_gen4ou-0.json,Grumpig,Moves,,Signal Beam,25.0
2016-12_gen4ou-0.json,Grumpig,Moves,,Hidden Power Ice,25.0
2016-12_gen4ou-0.json,Grumpig,Moves,,Taunt,25.0
2016-12_gen4ou-0.json,Grumpig,Moves,,Counter,25.0
2016-12_gen4ou-0.json,Grumpig,Moves,,Calm Mind,25.0
2016-12_gen4ou-0.json,Grumpig,Moves,,Substitute,25.0
2016-12_gen4ou-0.json,Tropius,Stats,Raw count,,4
2016-12_gen4ou-0.json,Tropius,Stats,Avg. weight,,---
2016-12_gen4ou-0.json,Tropius,Stats,Viability Ceiling,,0
2016-12_gen4ou-0.json,Tropius,Stats,Lonely,,25.000
2016-12_gen4ou-0.json,Tropius,Stats,Modest,,25.000
2016-12_gen4ou-0.json,Tropius,Abilities,,Chlorophyll,75.0
2016-12_gen4ou-0.json,Tropius,Abilities,,Solar Power,25.0
2016-12_gen4ou-0.json,Tropius,Items,,Nothing,50.0
2016-12_gen4ou-0.json,Tropius,Items,,Power Herb,25.0
2016-12_gen4ou-0.json,Tropius,Items,,Sitrus Berry,25.0
2016-12_gen4ou-0.json,Tropius,Moves,,Fly,75.0
2016-12_gen4ou-0.json,Tropius,Moves,,Razor Leaf,50.0
2016-12_gen4ou-0.json,Tropius,Moves,,Solar Beam,50.0
2016-12_gen4ou-0.json,Tropius,Moves,,Nothing,50.0
2016-12_gen4ou-0.json,Tropius,Moves,,Sunny Day,50.0
2016-12_gen4ou-0.json,Tropius,Moves,,Giga Drain,25.0
2016-12_gen4ou-0.json,Tropius,Moves,,Dragon Dance,25.0
2016-12_gen4ou-0.json,Tropius,Moves,,Hidden Power Electric,25.0
2016-12_gen4ou-0.json,Tropius,Moves,,Air Slash,25.0
2016-12_gen4ou-0.json,Tropius,Moves,,Energy Ball,25.0
2016-12_gen4ou-0.json,Feebas,Stats,Raw count,,5
2016-12_gen4ou-0.json,Feebas,Stats,Avg. weight,,---
2016-12_gen4ou-0.json,Feebas,Stats,Viability Ceiling,,0
2016-12_gen4ou-0.json,Feebas,Stats,Hardy,,20.000
2016-12_gen4ou-0.json,Feebas,Abilities,,Swift Swim,100.0
2016-12_gen4ou-0.json,Feebas,Items,,Focus Sash,80.0
2016-12_gen4ou-0.json,Feebas,Items,,Nothing,20.0
2016-12_gen4ou-0.json,Feebas,Moves,,Nothing,140.0
2016-12_gen4ou-0.json,Feebas,Moves,,Flail,80.0
2016-12_gen4ou-0.json,Feebas,Moves,,Double-Edge,60.0
2016-12_gen4ou-0.json,Feebas,Moves,,Hidden Power Fire,40.0
2016-12_gen4ou-0.json,Feebas,Moves,,Endure,40.0
2016-12_gen4ou-0.json,Feebas,Moves,,Blizzard,20.0
2016-12_gen4ou-0.json,Feebas,Moves,,Other,20.0
2016-12_gen4ou-0.json,Elekid,Stats,Raw count,,3
2016-12_gen4ou-0.json,Elekid,Stats,Avg. weight,,---
2016-12_gen4ou-0.json,Elekid,Stats,Viability Ceiling,,0
2016-12_gen4ou-0.json,Elekid,Stats,Hardy,,66.667
2016-12_gen4ou-0.json,Elekid,Stats,Hasty,,33.333
2016-12_gen4ou-0.json,Elekid,Abilities,,Static,100.0
2016-12_gen4ou-0.json,Elekid,Items,,Leftovers,66.667
2016-12_gen4ou-0.json,Elekid,Items,,Nothing,33.333
2016-12_gen4ou-0.json,Elekid,Moves,,Brick Break,100.0
2016-12_gen4ou-0.json,Elekid,Moves,,Cross Chop,100.0
2016-12_gen4ou-0.json,Elekid,Moves,,Thunderbolt,66.667
2016-12_gen4ou-0.json,Elekid,Moves,,Thunder,66.667
2016-12_gen4ou-0.json,Elekid,Moves,,Thunder Wave,33.333
2016-12_gen4ou-0.json,Elekid,Moves,,Discharge,33.333
2016-12_gen4ou-0.json,Treecko,Stats,Raw count,,3
2016-12_gen4ou-0.json,Treecko,Stats,Avg. weight,,---
2016-12_gen4ou-0.json,Treecko,Stats,Viability Ceiling,,0
2016-12_gen4ou-0.json,Treecko,Stats,Adamant,,66.667
2016-12_gen4ou-0.json,Treecko,Stats,Hardy,,33.333
2016-12_gen4ou-0.json,Treecko,Abilities,,Overgrow,100.0
2016-12_gen4ou-0.json,Treecko,Items,,Focus Sash,66.667
2016-12_gen4ou-0.json,Treecko,Items,,Power Herb,33.333
2016-12_gen4ou-0.json,Treecko,Moves,,Leaf Storm,100.0
2016-12_gen4ou-0.json,Treecko,Moves,,Leech Seed,66.667
2016-12_gen4ou-0.json,Treecko,Moves,,Endeavor,66.667
2016-12_gen4ou-0.json,Treecko,Moves,,Quick Attack,66.667
2016-12_gen4ou-0.json,Treecko,Moves,,Giga Drain,33.333
2016-12_gen4ou-0.json,Treecko,Moves,,Grass Knot,33.333
2016-12_gen4ou-0.json,Treecko,Moves,,Energy Ball,33.333
2016-12_gen4ou-0.json,Prinplup,Stats,Raw count,,4
2016-12_gen4ou-0.json,Prinplup,Stats,Avg. weight,,1.0
2016-12_gen4ou-0.json,Prinplup,Stats,Viability Ceiling,,45
2016-12_gen4ou-0.json,Prinplup,Stats,Hardy,,25.000
2016-12_gen4ou-0.json,Prinplup,Abilities,,Torrent,100.0
2016-12_gen4ou-0.json,Prinplup,Items,,Leftovers,75.0
2016-12_gen4ou-0.json,Prinplup,Items,,Nothing,25.0
2016-12_gen4ou-0.json,Prinplup,Moves,,Hydro Pump,100.0
2016-12_gen4ou-0.json,Prinplup,Moves,,Surf,75.0
2016-12_gen4ou-0.json,Prinplup,Moves,,Blizzard,75.0
2016-12_gen4ou-0.json,Prinplup,Moves,,Ice Beam,75.0
2016-12_gen4ou-0.json,Prinplup,Moves,,Metal Claw,25.0
2016-12_gen4ou-0.json,Prinplup,Moves,,Peck,25.0
2016-12_gen4ou-0.json,Prinplup,Moves,,Bubble,25.0
2016-12_gen4ou-0.json,Minun,Stats,Raw count,,3
2016-12_gen4ou-0.json,Minun,Stats,Avg. weight,,---
2016-12_gen4ou-0.json,Minun,Stats,Viability Ceiling,,0
2016-12_gen4ou-0.json,Minun,Stats,Hardy,,66.667
2016-12_gen4ou-0.json,Minun,Stats,Careful,,33.333
2016-12_gen4ou-0.json,Minun,Abilities,,Minus,100.0
2016-12_gen4ou-0.json,Minun,Items,,Sitrus Berry,66.667
2016-12_gen4ou-0.json,Minun,Items,,Focus Sash,33.333
2016-12_gen4ou-0.json,Minun,Moves,,Thunderbolt,66.667
2016-12_gen4ou-0.json,Minun,Moves,,Return,66.667
2016-12_gen4ou-0.json,Minun,Moves,,Facade,66.667
2016-12_gen4ou-0.json,Minun,Moves,,Discharge,66.667
2016-12_gen4ou-0.json,Minun,Moves,,Agility,33.333
2016-12_gen4ou-0.json,Minun,Moves,,Hidden Power Ice,33.333
2016-12_gen4ou-0.json,Minun,Moves,,Frustration,33.333
2016-12_gen4ou-0.json,Minun,Moves,,Seismic Toss,33.333
2016-12_gen4ou-0.json,Girafarig,Stats,Raw count,,3
2016-12_gen4ou-0.json,Girafarig,Stats,Avg. weight,,1.0
2016-12_gen4ou-0.json,Girafarig,Stats,Viability Ceiling,,80
2016-12_gen4ou-0.json,Girafarig,Stats,Timid,,33.333
2016-12_gen4ou-0.json,Girafarig,Stats,Modest,,33.333
2016-12_gen4ou-0.json,Girafarig,Stats,Bold,,33.333
2016-12_gen4ou-0.json,Girafarig,Abilities,,Inner Focus,66.667
2016-12_gen4ou-0.json,Girafarig,Abilities,,Early Bird,33.333
2016-12_gen4ou-0.json,Girafarig,Items,,Life Orb,33.333
2016-12_gen4ou-0.json,Girafarig,Items,,Salac Berry,33.333
2016-12_gen4ou-0.json,Girafarig,Items,,Odd Incense,33.333
2016-12_gen4ou-0.json,Girafarig,Moves,,Psychic,100.0
2016-12_gen4ou-0.json,Girafarig,Moves,,Thunderbolt,66.667
2016-12_gen4ou-0.json,Girafarig,Moves,,Calm Mind,66.667
2016-12_gen4ou-0.json,Girafarig,Moves,,Shadow Ball,33.333
2016-12_gen4ou-0.json,Girafarig,Moves,,Baton Pass,33.333
2016-12_gen4ou-0.json,Girafarig,Moves,,Amnesia,33.333
2016-12_gen4ou-0.json,Girafarig,Moves,,Hidden Power Fighting,33.333
2016-12_gen4ou-0.json,Girafarig,Moves,,Substitute,33.333
2016-12_gen4ou-0.json,Spheal,Stats,Raw count,,3
2016-12_gen4ou-0.json,Spheal,Stats,Avg. weight,,---
2016-12_gen4ou-0.json,Spheal,Stats,Viability Ceiling,,0
2016-12_gen4ou-0.json,Spheal,Stats,Modest,,33.333
2016-12_gen4ou-0.json,Spheal,Stats,Adamant,,33.333
2016-12_gen4ou-0.json,Spheal,Abilities,,Thick Fat,100.0
2016-12_gen4ou-0.json,Spheal,Items,,Leftovers,66.667
2016-12_gen4ou-0.json,Spheal,Items,,Never-Melt Ice,33.333
2016-12_gen4ou-0.json,Spheal,Moves,,Ice Beam,66.667
2016-12_gen4ou-0.json,Spheal,Moves,,Earthquake,66.667
2016-12_gen4ou-0.json,Spheal,Moves,,Blizzard,33.333
2016-12_gen4ou-0.json,Spheal,Moves,,Defense Curl,33.333
2016-12_gen4ou-0.json,Spheal,Moves,,Aqua Ring,33.333
2016-12_gen4ou-0.json,Spheal,Moves,,Water Gun,33.333
2016-12_gen4ou-0.json,Spheal,Moves,,Water Pulse,33.333
2016-12_gen4ou-0.json,Spheal,Moves,,Waterfall,33.333
2016-12_gen4ou-0.json,Spheal,Moves,,Aqua Tail,33.333
2016-12_gen4ou-0.json,Spheal,Moves,,Ice Ball,33.333
2016-12_gen4ou-0.json,Ponyta,Stats,Raw count,,4
2016-12_gen4ou-0.json,Ponyta,Stats,Avg. weight,,1.0
2016-12_gen4ou-0.json,Ponyta,Stats,Viability Ceiling,,35
2016-12_gen4ou-0.json,Ponyta,Stats,Bold,,75.000
2016-12_gen4ou-0.json,Ponyta,Stats,Hardy,,25.000
2016-12_gen4ou-0.json,Ponyta,Abilities,,Flash Fire,75.0
2016-12_gen4ou-0.json,Ponyta,Abilities,,Run Away,25.0
2016-12_gen4ou-0.json,Ponyta,Items,,Leftovers,75.0
2016-12_gen4ou-0.json,Ponyta,Items,,Sitrus Berry,25.0
2016-12_gen4ou-0.json,Ponyta,Moves,,Flamethrower,100.0
2016-12_gen4ou-0.json,Ponyta,Moves,,Hidden Power Electric,75.0
2016-12_gen4ou-0.json,Ponyta,Moves,,Quick Attack,75.0
2016-12_gen4ou-0.json,Ponyta,Moves,,Nothing,75.0
2016-12_gen4ou-0.json,Ponyta,Moves,,Frustration,25.0
2016-12_gen4ou-0.json,Ponyta,Moves,,Flare Blitz,25.0
2016-12_gen4ou-0.json,Ponyta,Moves,,Fire Blast,25.0
2016-12_gen4ou-0.json,Cyndaquil,Stats,Raw count,,3
2016-12_gen4ou-0.json,Cyndaquil,Stats,Avg. weight,,1.0
2016-12_gen4ou-0.json,Cyndaquil,Stats,Viability Ceiling,,45
2016-12_gen4ou-0.json,Cyndaquil,Stats,Modest,,100.000
2016-12_gen4ou-0.json,Cyndaquil,Abilities,,Blaze,100.0
2016-12_gen4ou-0.json,Cyndaquil,Items,,Power Herb,66.667
2016-12_gen4ou-0.json,Cyndaquil,Items,,Choice Specs,33.333
2016-12_gen4ou-0.json,Cyndaquil,Moves,,Eruption,100.0
2016-12_gen4ou-0.json,Cyndaquil,Moves,,Blast Burn,66.667
2016-12_gen4ou-0.json,Cyndaquil,Moves,,Overheat,66.667
2016-12_gen4ou-0.json,Cyndaquil,Moves,,Fire Blast,66.667
2016-12_gen4ou-0.json,Cyndaquil,Moves,,Lava Plume,33.333
2016-12_gen4ou-0.json,Cyndaquil,Moves,,Will-O-Wisp,33.333
2016-12_gen4ou-0.json,Cyndaquil,Moves,,Hidden Power Grass,33.333
2016-12_gen4ou-0.json,Drowzee,Stats,Raw count,,3
2016-12_gen4ou-0.json,Drowzee,Stats,Avg. weight,,1.0
2016-12_gen4ou-0.json,Drowzee,Stats,Viability Ceiling,,55
2016-12_gen4ou-0.json,Drowzee,Stats,Hardy,,66.667
2016-12_gen4ou-0.json,Drowzee,Stats,Jolly,,33.333
2016-12_gen4ou-0.json,Drowzee,Abilities,,Insomnia,100.0
2016-12_gen4ou-0.json,Drowzee,Items,,Choice Scarf,66.667
2016-12_gen4ou-0.json,Drowzee,Items,,Babiri Berry,33.333
2016-12_gen4ou-0.json,Drowzee,Moves,,Rest,66.667
2016-12_gen4ou-0.json,Drowzee,Moves,,Drain Punch,66.667
2016-12_gen4ou-0.json,Drowzee,Moves,,Disable,66.667
2016-12_gen4ou-0.json,Drowzee,Moves,,Hidden Power Fighting,66.667
2016-12_gen4ou-0.json,Drowzee,Moves,,Hidden Power Psychic,33.333
2016-12_gen4ou-0.json,Drowzee,Moves,,Confusion,33.333
2016-12_gen4ou-0.json,Drowzee,Moves,,Psychic,33.333
2016-12_gen4ou-0.json,Drowzee,Moves,,Low Kick,33.333
2016-12_gen4ou-0.json,Marshtomp,Stats,Raw count,,3
2016-12_gen4ou-0.json,Marshtomp,Stats,Avg. weight,,---
2016-12_gen4ou-0.json,Marshtomp,Stats,Viability Ceiling,,0
2016-12_gen4ou-0.json,Marshtomp,Stats,Mild,,33.333
2016-12_gen4ou-0.json,Marshtomp,Stats,Hardy,,33.333
2016-12_gen4ou-0.json,Marshtomp,Abilities,,Torrent,100.0
2016-12_gen4ou-0.json,Marshtomp,Items,,Nothing,33.333
2016-12_gen4ou-0.json,Marshtomp,Items,,Focus Sash,33.333
2016-12_gen4ou-0.json,Marshtomp,Items,,Choice Specs,33.333
2016-12_gen4ou-0.json,Marshtomp,Moves,,Aqua Tail,66.667
2016-12_gen4ou-0.json,Marshtomp,Moves,,Earthquake,66.667
2016-12_gen4ou-0.json,Marshtomp,Moves,,Earth Power,33.333
2016-12_gen4ou-0.json,Marshtomp,Moves,,Blizzard,33.333
2016-12_gen4ou-0.json,Marshtomp,Moves,,Mega Punch,33.333
2016-12_gen4ou-0.json,Marshtomp,Moves,,Dive,33.333
2016-12_gen4ou-0.json,Marshtomp,Moves,,Dig,33.333
2016-12_gen4ou-0.json,Marshtomp,Moves,,Body Slam,33.333
2016-12_gen4ou-0.json,Marshtomp,Moves,,Hidden Power Fire,33.333
2016-12_gen4ou-0.json,Marshtomp,Moves,,Hydro Pump,33.333
2016-12_gen4ou-0.json,Shelgon,Stats,Raw count,,3
2016-12_gen4ou-0.json,Shelgon,Stats,Avg. weight,,---
2016-12_gen4ou-0.json,Shelgon,Stats,Viability Ceiling,,0
2016-12_gen4ou-0.json,Shelgon,Stats,Sassy,,66.667
2016-12_gen4ou-0.json,Shelgon,Stats,Adamant,,33.333
2016-12_gen4ou-0.json,Shelgon,Abilities,,Rock Head,100.0
2016-12_gen4ou-0.json,Shelgon,Items,,Life Orb,66.667
2016-12_gen4ou-0.json,Shelgon,Items,,Leftovers,33.333
2016-12_gen4ou-0.json,Shelgon,Moves,,Outrage,66.667
2016-12_gen4ou-0.json,Shelgon,Moves,,Rollout,66.667
2016-12_gen4ou-0.json,Shelgon,Moves,,Dragon Dance,66.667
2016-12_gen4ou-0.json,Shelgon,Moves,,Fire Fang,66.667
2016-12_gen4ou-0.json,Shelgon,Moves,,Rock Slide,33.333
2016-12_gen4ou-0.json,Shelgon,Moves,,Dragon Rush,33.333
2016-12_gen4ou-0.json,Shelgon,Moves,,Mud-Slap,33.333
2016-12_gen4ou-0.json,Shelgon,Moves,,Hidden Power Ghost,33.333
2016-12_gen4ou-0.json,Snover,Stats,Raw count,,3
2016-12_gen4ou-0.json,Snover,Stats,Avg. weight,,1.0
2016-12_gen4ou-0.json,Snover,Stats,Viability Ceiling,,45
2016-12_gen4ou-0.json,Snover,Stats,Hardy,,33.333
2016-12_gen4ou-0.json,Snover,Stats,Gentle,,33.333
2016-12_gen4ou-0.json,Snover,Abilities,,Snow Warning,100.0
2016-12_gen4ou-0.json,Snover,Items,,Focus Sash,33.333
2016-12_gen4ou-0.json,Snover,Items,,Nothing,33.333
2016-12_gen4ou-0.json,Snover,Items,,Life Orb,33.333
2016-12_gen4ou-0.json,Snover,Moves,,Leech Seed,66.667
2016-12_gen4ou-0.json,Snover,Moves,,Ice Shard,33.333
2016-12_gen4ou-0.json,Snover,Moves,,Ingrain,33.333
2016-12_gen4ou-0.json,Snover,Moves,,Blizzard,33.333
2016-12_gen4ou-0.json,Snover,Moves,,Giga Drain,33.333
2016-12_gen4ou-0.json,Snover,Moves,,Magical Leaf,33.333
2016-12_gen4ou-0.json,Snover,Moves,,Grass Knot,33.333
2016-12_gen4ou-0.json,Snover,Moves,,Toxic,33.333
2016-12_gen4ou-0.json,Snover,Moves,,Mist,33.333
2016-12_gen4ou-0.json,Snover,Moves,,Bullet Seed,33.333
2016-12_gen4ou-0.json,Snover,Moves,,Synthesis,33.333
2016-12_gen4ou-0.json,Delcatty,Stats,Raw count,,3
2016-12_gen4ou-0.json,Delcatty,Stats,Avg. weight,,1.0
2016-12_gen4ou-0.json,Delcatty,Stats,Viability Ceiling,,46
2016-12_gen4ou-0.json,Delcatty,Stats,Hardy,,33.333
2016-12_gen4ou-0.json,Delcatty,Stats,Bashful,,33.333
2016-12_gen4ou-0.json,Delcatty,Abilities,,Normalize,66.667
2016-12_gen4ou-0.json,Delcatty,Abilities,,Cute Charm,33.333
2016-12_gen4ou-0.json,Delcatty,Items,,Leftovers,66.667
2016-12_gen4ou-0.json,Delcatty,Items,,Focus Sash,33.333
2016-12_gen4ou-0.json,Delcatty,Moves,,Protect,33.333
2016-12_gen4ou-0.json,Delcatty,Moves,,Fake Out,33.333
2016-12_gen4ou-0.json,Delcatty,Moves,,Blizzard,33.333
2016-12_gen4ou-0.json,Delcatty,Moves,,Wish,33.333
2016-12_gen4ou-0.json,Delcatty,Moves,,Thunder Wave,33.333
2016-12_gen4ou-0.json,Delcatty,Moves,,Body Slam,33.333
2016-12_gen4ou-0.json,Delcatty,Moves,,Giga Impact,33.333
2016-12_gen4ou-0.json,Delcatty,Moves,,Heal Bell,33.333
2016-12_gen4ou-0.json,Delcatty,Moves,,Double-Edge,33.333
2016-12_gen4ou-0.json,Delcatty,Moves,,Thunder,33.333
2016-12_gen4ou-0.json,Delcatty,Moves,,Last Resort,33.333
2016-12_gen4ou-0.json,Delcatty,Moves,,Hyper Beam,33.333
2016-12_gen4ou-0.json,Growlithe,Stats,Raw count,,4
2016-12_gen4ou-0.json,Growlithe,Stats,Avg. weight,,1.0
2016-12_gen4ou-0.json,Growlithe,Stats,Viability Ceiling,,35
2016-12_gen4ou-0.json,Growlithe,Stats,Hardy,,25.000
2016-12_gen4ou-0.json,Growlithe,Abilities,,Intimidate,100.0
2016-12_gen4ou-0.json,Growlithe,Items,,Nothing,75.0
2016-12_gen4ou-0.json,Growlithe,Items,,Choice Specs,25.0
2016-12_gen4ou-0.json,Growlithe,Moves,,Fire Blast,100.0
2016-12_gen4ou-0.json,Growlithe,Moves,,Fire Fang,75.0
2016-12_gen4ou-0.json,Growlithe,Moves,,Flare Blitz,75.0
2016-12_gen4ou-0.json,Growlithe,Moves,,Flamethrower,75.0
2016-12_gen4ou-0.json,Growlithe,Moves,,Agility,25.0
2016-12_gen4ou-0.json,Growlithe,Moves,,Heat Wave,25.0
2016-12_gen4ou-0.json,Growlithe,Moves,,Body Slam,25.0
2016-12_gen4ou-0.json,Phione,Stats,Raw count,,4
2016-12_gen4ou-0.json,Phione,Stats,Avg. weight,,---
2016-12_gen4ou-0.json,Phione,Stats,Viability Ceiling,,0
2016-12_gen4ou-0.json,Phione,Stats,Hardy,,25.000
2016-12_gen4ou-0.json,Phione,Abilities,,Hydration,100.0
2016-12_gen4ou-0.json,Phione,Items,,Choice Specs,50.0
2016-12_gen4ou-0.json,Phione,Items,,Nothing,25.0
2016-12_gen4ou-0.json,Phione,Items,,Leftovers,25.0
2016-12_gen4ou-0.json,Phione,Moves,,Blizzard,100.0
2016-12_gen4ou-0.json,Phione,Moves,,Ice Beam,100.0
2016-12_gen4ou-0.json,Phione,Moves,,Hidden Power Fire,50.0
2016-12_gen4ou-0.json,Phione,Moves,,Grass Knot,50.0
2016-12_gen4ou-0.json,Phione,Moves,,Surf,25.0
2016-12_gen4ou-0.json,Phione,Moves,,Hidden Power Psychic,25.0
2016-12_gen4ou-0.json,Phione,Moves,,Dive,25.0
2016-12_gen4ou-0.json,Phione,Moves,,Hail,25.0
2016-12_gen4ou-0.json,Monferno,Stats,Raw count,,4
2016-12_gen4ou-0.json,Monferno,Stats,Avg. weight,,1.0
2016-12_gen4ou-0.json,Monferno,Stats,Viability Ceiling,,45
2016-12_gen4ou-0.json,Monferno,Stats,Adamant,,50.000
2016-12_gen4ou-0.json,Monferno,Stats,Hardy,,25.000
2016-12_gen4ou-0.json,Monferno,Abilities,,Blaze,100.0
2016-12_gen4ou-0.json,Monferno,Items,,Focus Sash,50.0
2016-12_gen4ou-0.json,Monferno,Items,,Nothing,25.0
2016-12_gen4ou-0.json,Monferno,Items,,Leftovers,25.0
2016-12_gen4ou-0.json,Monferno,Moves,,Mach Punch,75.0
2016-12_gen4ou-0.json,Monferno,Moves,,Ember,50.0
2016-12_gen4ou-0.json,Monferno,Moves,,Swords Dance,50.0
2016-12_gen4ou-0.json,Monferno,Moves,,Flamethrower,50.0
2016-12_gen4ou-0.json,Monferno,Moves,,Fake Out,50.0
2016-12_gen4ou-0.json,Monferno,Moves,,Thunder Punch,50.0
2016-12_gen4ou-0.json,Monferno,Moves,,Vacuum Wave,25.0
2016-12_gen4ou-0.json,Monferno,Moves,,Fire Blast,25.0
2016-12_gen4ou-0.json,Monferno,Moves,,Flame Wheel,25.0
2016-12_gen4ou-0.json,Combusken,Stats,Raw count,,3
2016-12_gen4ou-0.json,Combusken,Stats,Avg. weight,,---
2016-12_gen4ou-0.json,Combusken,Stats,Viability Ceiling,,0
2016-12_gen4ou-0.json,Combusken,Stats,Hardy,,100.000
2016-12_gen4ou-0.json,Combusken,Abilities,,Blaze,100.0
2016-12_gen4ou-0.json,Combusken,Items,,Nothing,100.0
2016-12_gen4ou-0.json,Combusken,Moves,,Brick Break,100.0
2016-12_gen4ou-0.json,Combusken,Moves,,Fire Blast,100.0
2016-12_gen4ou-0.json,Combusken,Moves,,Fire Punch,100.0
2016-12_gen4ou-0.json,Combusken,Moves,,Aerial Ace,100.0
2016-12_gen4ou-0.json,Carnivine,Stats,Raw count,,3
2016-12_gen4ou-0.json,Carnivine,Stats,Avg. weight,,1.0
2016-12_gen4ou-0.json,Carnivine,Stats,Viability Ceiling,,44
2016-12_gen4ou-0.json,Carnivine,Stats,Adamant,,33.333
2016-12_gen4ou-0.json,Carnivine,Stats,Careful,,33.333
2016-12_gen4ou-0.json,Carnivine,Stats,Hardy,,33.333
2016-12_gen4ou-0.json,Carnivine,Abilities,,Levitate,100.0
2016-12_gen4ou-0.json,Carnivine,Items,,Leftovers,100.0
2016-12_gen4ou-0.json,Carnivine,Moves,,Crunch,100.0
2016-12_gen4ou-0.json,Carnivine,Moves,,Power Whip,66.667
2016-12_gen4ou-0.json,Carnivine,Moves,,Magical Leaf,33.333
2016-12_gen4ou-0.json,Carnivine,Moves,,Giga Drain,33.333
2016-12_gen4ou-0.json,Carnivine,Moves,,Leech Seed,33.333
2016-12_gen4ou-0.json,Carnivine,Moves,,Swords Dance,33.333
2016-12_gen4ou-0.json,Carnivine,Moves,,Sleep Powder,33.333
2016-12_gen4ou-0.json,Carnivine,Moves,,Toxic,33.333
2016-12_gen4ou-0.json,Carnivine,Moves,,Synthesis,33.333
2016-12_gen4ou-0.json,Bidoof,Stats,Raw count,,3
2016-12_gen4ou-0.json,Bidoof,Stats,Avg. weight,,1.0
2016-12_gen4ou-0.json,Bidoof,Stats,Viability Ceiling,,45
2016-12_gen4ou-0.json,Bidoof,Stats,Hardy,,33.333
2016-12_gen4ou-0.json,Bidoof,Abilities,,Simple,100.0
2016-12_gen4ou-0.json,Bidoof,Items,,Leftovers,66.667
2016-12_gen4ou-0.json,Bidoof,Items,,Focus Sash,33.333
2016-12_gen4ou-0.json,Bidoof,Moves,,Snore,66.667
2016-12_gen4ou-0.json,Bidoof,Moves,,Blizzard,66.667
2016-12_gen4ou-0.json,Bidoof,Moves,,Sleep Talk,66.667
2016-12_gen4ou-0.json,Bidoof,Moves,,Substitute,66.667
2016-12_gen4ou-0.json,Bidoof,Moves,,Protect,33.333
2016-12_gen4ou-0.json,Bidoof,Moves,,Thunder Wave,33.333
2016-12_gen4ou-0.json,Bidoof,Moves,,Super Fang,33.333
2016-12_gen4ou-0.json,Bidoof,Moves,,Swagger,33.333
