source,pokemon,category,type,name,usage
2019-12_gen2ou-0.json,Snorlax,Stats,Raw count,,5232
2019-12_gen2ou-0.json,Snorlax,Stats,Avg. weight,,1.0
2019-12_gen2ou-0.json,Snorlax,Stats,Viability Ceiling,,93
2019-12_gen2ou-0.json,Snorlax,Stats,Serious,,96.120
2019-12_gen2ou-0.json,Snorlax,Abilities,,No Ability,100.0
2019-12_gen2ou-0.json,Snorlax,Items,,Leftovers,93.005
2019-12_gen2ou-0.json,Snorlax,Items,,Mint Berry,1.682
2019-12_gen2ou-0.json,Snorlax,Items,,Nothing,1.395
2019-12_gen2ou-0.json,Snorlax,Items,,Other,3.918
2019-12_gen2ou-0.json,Snorlax,Spreads,,Other,3.88
2019-12_gen2ou-0.json,Snorlax,Moves,,Rest,69.476
2019-12_gen2ou-0.json,Snorlax,Moves,,Curse,60.933
2019-12_gen2ou-0.json,Snorlax,Moves,,Earthquake,58.008
2019-12_gen2ou-0.json,Snorlax,Moves,,Double-Edge,46.254
2019-12_gen2ou-0.json,Snorlax,Moves,,Body Slam,36.755
2019-12_gen2ou-0.json,Snorlax,Moves,,Sleep Talk,18.616
2019-12_gen2ou-0.json,Snorlax,Moves,,Fire Blast,18.272
2019-12_gen2ou-0.json,Snorlax,Moves,,Self-Destruct,16.915
2019-12_gen2ou-0.json,Snorlax,Moves,,Flamethrower,16.476
2019-12_gen2ou-0.json,Snorlax,Moves,,Return,13.054
2019-12_gen2ou-0.json,Snorlax,Moves,,Lovely Kiss,12.5
2019-12_gen2ou-0.json,Snorlax,Moves,,Belly Drum,8.849
2019-12_gen2ou-0.json,Snorlax,Moves,,Thunder,4.358
2019-12_gen2ou-0.json,Snorlax,Moves,,Other,19.534
2019-12_gen2ou-0.json,Zapdos,Stats,Raw count,,3159
2019-12_gen2ou-0.json,Zapdos,Stats,Avg. weight,,1.0
2019-12_gen2ou-0.json,Zapdos,Stats,Viability Ceiling,,93
2019-12_gen2ou-0.json,Zapdos,Stats,Serious,,21.209
2019-12_gen2ou-0.json,Zapdos,Abilities,,No Ability,100.0
2019-12_gen2ou-0.json,Zapdos,Items,,Leftovers,93.479
2019-12_gen2ou-0.json,Zapdos,Items,,Magnet,4.337
2019-12_gen2ou-0.json,Zapdos,Items,,Other,2.184
2019-12_gen2ou-0.json,Zapdos,Spreads,,Other,0.253
2019-12_gen2ou-0.json,Zapdos,Moves,,Rest,78.253
2019-12_gen2ou-0.json,Zapdos,Moves,,Hidden Power Ice,76.037
2019-12_gen2ou-0.json,Zapdos,Moves,,Sleep Talk,66.255
2019-12_gen2ou-0.json,Zapdos,Moves,,Thunder,51.25
2019-12_gen2ou-0.json,Zapdos,Moves,,Thunderbolt,50.142
2019-12_gen2ou-0.json,Zapdos,Moves,,Thunder Wave,25.768
2019-12_gen2ou-0.json,Zapdos,Moves,,Drill Peck,16.081
2019-12_gen2ou-0.json,Zapdos,Moves,,Hidden Power Water,7.091
2019-12_gen2ou-0.json,Zapdos,Moves,,Whirlwind,6.996
2019-12_gen2ou-0.json,Zapdos,Moves,,Toxic,3.767
2019-12_gen2ou-0.json,Zapdos,Moves,,Other,18.36
2019-12_gen2ou-0.json,Cloyster,Stats,Raw count,,3102
2019-12_gen2ou-0.json,Cloyster,Stats,Avg. weight,,1.0
2019-12_gen2ou-0.json,Cloyster,Stats,Viability Ceiling,,93
2019-12_gen2ou-0.json,Cloyster,Stats,Serious,,6.351
2019-12_gen2ou-0.json,Cloyster,Abilities,,No Ability,100.0
2019-12_gen2ou-0.json,Cloyster,Items,,Leftovers,94.842
2019-12_gen2ou-0.json,Cloyster,Items,,Miracle Berry,1.902
2019-12_gen2ou-0.json,Cloyster,Items,,Other,3.256
2019-12_gen2ou-0.json,Cloyster,Spreads,,Other,2.095
2019-12_gen2ou-0.json,Cloyster,Moves,,Spikes,95.874
2019-12_gen2ou-0.json,Cloyster,Moves,,Surf,87.266
2019-12_gen2ou-0.json,Cloyster,Moves,,Explosion,68.536
2019-12_gen2ou-0.json,Cloyster,Moves,,Toxic,58.93
2019-12_gen2ou-0.json,Cloyster,Moves,,Rapid Spin,26.144
2019-12_gen2ou-0.json,Cloyster,Moves,,Ice Beam,19.471
2019-12_gen2ou-0.json,Cloyster,Moves,,Hidden Power Electric,12.895
2019-12_gen2ou-0.json,Cloyster,Moves,,Reflect,8.285
2019-12_gen2ou-0.json,Cloyster,Moves,,Clamp,6.093
2019-12_gen2ou-0.json,Cloyster,Moves,,Other,16.505
2019-12_gen2ou-0.json,Gengar,Stats,Raw count,,2492
2019-12_gen2ou-0.json,Gengar,Stats,Avg. weight,,1.0
2019-12_gen2ou-0.json,Gengar,Stats,Viability Ceiling,,92
2019-12_gen2ou-0.json,Gengar,Stats,Serious,,96.910
2019-12_gen2ou-0.json,Gengar,Abilities,,No Ability,100.0
2019-12_gen2ou-0.json,Gengar,Items,,Leftovers,67.215
2019-12_gen2ou-0.json,Gengar,Items,,Miracle Berry,11.396
2019-12_gen2ou-0.json,Gengar,Items,,Nothing,7.905
2019-12_gen2ou-0.json,Gengar,Items,,Spell Tag,4.053
2019-12_gen2ou-0.json,Gengar,Items,,Black Glasses,1.685
2019-12_gen2ou-0.json,Gengar,Items,,Bright Powder,1.164
2019-12_gen2ou-0.json,Gengar,Items,,Focus Band,1.083
2019-12_gen2ou-0.json,Gengar,Items,,King's Rock,0.762
2019-12_gen2ou-0.json,Gengar,Items,,Other,4.735
2019-12_gen2ou-0.json,Gengar,Spreads,,Other,3.09
2019-12_gen2ou-0.json,Gengar,Moves,,Thunderbolt,68.459
2019-12_gen2ou-0.json,Gengar,Moves,,Ice Punch,55.979
2019-12_gen2ou-0.json,Gengar,Moves,,Explosion,53.772
2019-12_gen2ou-0.json,Gengar,Moves,,Hypnosis,32.223
2019-12_gen2ou-0.json,Gengar,Moves,,Destiny Bond,30.618
2019-12_gen2ou-0.json,Gengar,Moves,,Psychic,28.331
2019-12_gen2ou-0.json,Gengar,Moves,,Shadow Ball,15.008
2019-12_gen2ou-0.json,Gengar,Moves,,Confuse Ray,14.406
2019-12_gen2ou-0.json,Gengar,Moves,,Fire Punch,14.246
2019-12_gen2ou-0.json,Gengar,Moves,,Dynamic Punch,13.644
2019-12_gen2ou-0.json,Gengar,Moves,,Giga Drain,13.082
2019-12_gen2ou-0.json,Gengar,Moves,,Thunder,9.029
2019-12_gen2ou-0.json,Gengar,Moves,,Mean Look,6.581
2019-12_gen2ou-0.json,Gengar,Moves,,Thief,6.019
2019-12_gen2ou-0.json,Gengar,Moves,,Perish Song,5.377
2019-12_gen2ou-0.json,Gengar,Moves,,Dream Eater,5.136
2019-12_gen2ou-0.json,Gengar,Moves,,Protect,4.254
2019-12_gen2ou-0.json,Gengar,Moves,,Toxic,4.173
2019-12_gen2ou-0.json,Gengar,Moves,,Other,19.663
2019-12_gen2ou-0.json,Exeggutor,Stats,Raw count,,2161
2019-12_gen2ou-0.json,Exeggutor,Stats,Avg. weight,,1.0
2019-12_gen2ou-0.json,Exeggutor,Stats,Viability Ceiling,,93
2019-12_gen2ou-0.json,Exeggutor,Stats,Serious,,97.085
2019-12_gen2ou-0.json,Exeggutor,Abilities,,No Ability,100.0
2019-12_gen2ou-0.json,Exeggutor,Items,,Leftovers,90.884
2019-12_gen2ou-0.json,Exeggutor,Items,,Nothing,2.499
2019-12_gen2ou-0.json,Exeggutor,Items,,Miracle Berry,2.453
2019-12_gen2ou-0.json,Exeggutor,Items,,Other,4.165
2019-12_gen2ou-0.json,Exeggutor,Spreads,,Other,2.915
2019-12_gen2ou-0.json,Exeggutor,Moves,,Psychic,93.429
2019-12_gen2ou-0.json,Exeggutor,Moves,,Explosion,78.066
2019-12_gen2ou-0.json,Exeggutor,Moves,,Giga Drain,62.193
2019-12_gen2ou-0.json,Exeggutor,Moves,,Sleep Powder,50.301
2019-12_gen2ou-0.json,Exeggutor,Moves,,Leech Seed,31.559
2019-12_gen2ou-0.json,Exeggutor,Moves,,Stun Spore,22.166
2019-12_gen2ou-0.json,Exeggutor,Moves,,Substitute,19.25
2019-12_gen2ou-0.json,Exeggutor,Moves,,Hidden Power Fire,12.772
2019-12_gen2ou-0.json,Exeggutor,Moves,,Sludge Bomb,6.432
2019-12_gen2ou-0.json,Exeggutor,Moves,,Synthesis,4.072
2019-12_gen2ou-0.json,Exeggutor,Moves,,Other,19.759
2019-12_gen2ou-0.json,Tyranitar,Stats,Raw count,,2099
2019-12_gen2ou-0.json,Tyranitar,Stats,Avg. weight,,1.0
2019-12_gen2ou-0.json,Tyranitar,Stats,Viability Ceiling,,90
2019-12_gen2ou-0.json,Tyranitar,Stats,Serious,,96.951
2019-12_gen2ou-0.json,Tyranitar,Abilities,,No Ability,100.0
2019-12_gen2ou-0.json,Tyranitar,Items,,Leftovers,83.468
2019-12_gen2ou-0.json,Tyranitar,Items,,Nothing,2.668
2019-12_gen2ou-0.json,Tyranitar,Items,,Black Glasses,2.62
2019-12_gen2ou-0.json,Tyranitar,Items,,Hard Stone,2.049
2019-12_gen2ou-0.json,Tyranitar,Items,,Scope Lens,1.715
2019-12_gen2ou-0.json,Tyranitar,Items,,Mint Berry,1.239
2019-12_gen2ou-0.json,Tyranitar,Items,,Quick Claw,1.191
2019-12_gen2ou-0.json,Tyranitar,Items,,Berserk Gene,1.0
2019-12_gen2ou-0.json,Tyranitar,Items,,Other,4.05
2019-12_gen2ou-0.json,Tyranitar,Spreads,,Other,3.049
2019-12_gen2ou-0.json,Tyranitar,Moves,,Rock Slide,84.802
2019-12_gen2ou-0.json,Tyranitar,Moves,,Earthquake,48.404
2019-12_gen2ou-0.json,Tyranitar,Moves,,Pursuit,40.4
2019-12_gen2ou-0.json,Tyranitar,Moves,,Fire Blast,38.447
2019-12_gen2ou-0.json,Tyranitar,Moves,,Roar,35.112
2019-12_gen2ou-0.json,Tyranitar,Moves,,Crunch,33.254
2019-12_gen2ou-0.json,Tyranitar,Moves,,Rest,21.105
2019-12_gen2ou-0.json,Tyranitar,Moves,,Dynamic Punch,20.057
2019-12_gen2ou-0.json,Tyranitar,Moves,,Curse,13.483
2019-12_gen2ou-0.json,Tyranitar,Moves,,Ice Beam,9.814
2019-12_gen2ou-0.json,Tyranitar,Moves,,Thunderbolt,8.29
2019-12_gen2ou-0.json,Tyranitar,Moves,,Flamethrower,8.194
2019-12_gen2ou-0.json,Tyranitar,Moves,,Surf,7.575
2019-12_gen2ou-0.json,Tyranitar,Moves,,Outrage,5.241
2019-12_gen2ou-0.json,Tyranitar,Moves,,Fire Punch,4.05
2019-12_gen2ou-0.json,Tyranitar,Moves,,Hyper Beam,2.573
2019-12_gen2ou-0.json,Tyranitar,Moves,,Other,19.2
2019-12_gen2ou-0.json,Skarmory,Stats,Raw count,,1982
2019-12_gen2ou-0.json,Skarmory,Stats,Avg. weight,,1.0
2019-12_gen2ou-0.json,Skarmory,Stats,Viability Ceiling,,88
2019-12_gen2ou-0.json,Skarmory,Stats,Serious,,6.509
2019-12_gen2ou-0.json,Skarmory,Abilities,,No Ability,100.0
2019-12_gen2ou-0.json,Skarmory,Items,,Leftovers,87.992
2019-12_gen2ou-0.json,Skarmory,Items,,Nothing,8.123
2019-12_gen2ou-0.json,Skarmory,Items,,Other,3.885
2019-12_gen2ou-0.json,Skarmory,Spreads,,Other,1.009
2019-12_gen2ou-0.json,Skarmory,Moves,,Drill Peck,94.299
2019-12_gen2ou-0.json,Skarmory,Moves,,Whirlwind,82.745
2019-12_gen2ou-0.json,Skarmory,Moves,,Rest,79.717
2019-12_gen2ou-0.json,Skarmory,Moves,,Curse,46.367
2019-12_gen2ou-0.json,Skarmory,Moves,,Toxic,44.904
2019-12_gen2ou-0.json,Skarmory,Moves,,Sleep Talk,11.806
2019-12_gen2ou-0.json,Skarmory,Moves,,Thief,8.375
2019-12_gen2ou-0.json,Skarmory,Moves,,Protect,7.114
2019-12_gen2ou-0.json,Skarmory,Moves,,Steel Wing,6.206
2019-12_gen2ou-0.json,Skarmory,Moves,,Other,18.466
2019-12_gen2ou-0.json,Raikou,Stats,Raw count,,1934
2019-12_gen2ou-0.json,Raikou,Stats,Avg. weight,,1.0
2019-12_gen2ou-0.json,Raikou,Stats,Viability Ceiling,,88
2019-12_gen2ou-0.json,Raikou,Stats,Serious,,5.171
2019-12_gen2ou-0.json,Raikou,Abilities,,No Ability,100.0
2019-12_gen2ou-0.json,Raikou,Items,,Leftovers,91.52
2019-12_gen2ou-0.json,Raikou,Items,,Magnet,3.723
2019-12_gen2ou-0.json,Raikou,Items,,Other,4.757
2019-12_gen2ou-0.json,Raikou,Spreads,,Other,3.878
2019-12_gen2ou-0.json,Raikou,Moves,,Rest,79.421
2019-12_gen2ou-0.json,Raikou,Moves,,Thunderbolt,60.445
2019-12_gen2ou-0.json,Raikou,Moves,,Roar,58.221
2019-12_gen2ou-0.json,Raikou,Moves,,Hidden Power Ice,45.191
2019-12_gen2ou-0.json,Raikou,Moves,,Thunder,40.641
2019-12_gen2ou-0.json,Raikou,Moves,,Sleep Talk,28.335
2019-12_gen2ou-0.json,Raikou,Moves,,Crunch,26.68
2019-12_gen2ou-0.json,Raikou,Moves,,Reflect,16.184
2019-12_gen2ou-0.json,Raikou,Moves,,Hidden Power Water,13.34
2019-12_gen2ou-0.json,Raikou,Moves,,Toxic,7.342
2019-12_gen2ou-0.json,Raikou,Moves,,Quick Attack,4.188
2019-12_gen2ou-0.json,Raikou,Moves,,Hidden Power Fire,3.619
2019-12_gen2ou-0.json,Raikou,Moves,,Other,16.391
2019-12_gen2ou-0.json,Machamp,Stats,Raw count,,1929
2019-12_gen2ou-0.json,Machamp,Stats,Avg. weight,,1.0
2019-12_gen2ou-0.json,Machamp,Stats,Viability Ceiling,,88
2019-12_gen2ou-0.json,Machamp,Stats,Serious,,12.545
2019-12_gen2ou-0.json,Machamp,Abilities,,No Ability,100.0
2019-12_gen2ou-0.json,Machamp,Items,,Leftovers,71.799
2019-12_gen2ou-0.json,Machamp,Items,,Black Belt,10.99
2019-12_gen2ou-0.json,Machamp,Items,,Miracle Berry,8.657
2019-12_gen2ou-0.json,Machamp,Items,,Scope Lens,2.748
2019-12_gen2ou-0.json,Machamp,Items,,Nothing,2.385
2019-12_gen2ou-0.json,Machamp,Items,,Other,3.421
2019-12_gen2ou-0.json,Machamp,Spreads,,Other,0.311
2019-12_gen2ou-0.json,Machamp,Moves,,Cross Chop,98.237
2019-12_gen2ou-0.json,Machamp,Moves,,Rock Slide,75.946
2019-12_gen2ou-0.json,Machamp,Moves,,Curse,49.974
2019-12_gen2ou-0.json,Machamp,Moves,,Earthquake,43.235
2019-12_gen2ou-0.json,Machamp,Moves,,Fire Blast,28.823
2019-12_gen2ou-0.json,Machamp,Moves,,Rest,21.877
2019-12_gen2ou-0.json,Machamp,Moves,,Hidden Power Bug,18.351
2019-12_gen2ou-0.json,Machamp,Moves,,Hidden Power Ghost,13.582
2019-12_gen2ou-0.json,Machamp,Moves,,Body Slam,7.258
2019-12_gen2ou-0.json,Machamp,Moves,,Sleep Talk,4.873
2019-12_gen2ou-0.json,Machamp,Moves,,Flamethrower,3.836
2019-12_gen2ou-0.json,Machamp,Moves,,Ice Punch,3.681
2019-12_gen2ou-0.json,Machamp,Moves,,Fire Punch,3.11
2019-12_gen2ou-0.json,Machamp,Moves,,Light Screen,2.903
2019-12_gen2ou-0.json,Machamp,Moves,,Thunder Punch,2.281
2019-12_gen2ou-0.json,Machamp,Moves,,Substitute,2.125
2019-12_gen2ou-0.json,Machamp,Moves,,Other,19.907
2019-12_gen2ou-0.json,Blissey,Stats,Raw count,,1783
2019-12_gen2ou-0.json,Blissey,Stats,Avg. weight,,1.0
2019-12_gen2ou-0.json,Blissey,Stats,Viability Ceiling,,90
2019-12_gen2ou-0.json,Blissey,Stats,Serious,,16.265
2019-12_gen2ou-0.json,Blissey,Abilities,,No Ability,100.0
2019-12_gen2ou-0.json,Blissey,Items,,Leftovers,73.079
2019-12_gen2ou-0.json,Blissey,Items,,Miracle Berry,21.817
2019-12_gen2ou-0.json,Blissey,Items,,Nothing,2.973
2019-12_gen2ou-0.json,Blissey,Items,,Other,2.131
2019-12_gen2ou-0.json,Blissey,Spreads,,Other,3.702
2019-12_gen2ou-0.json,Blissey,Moves,,Soft-Boiled,88.11
2019-12_gen2ou-0.json,Blissey,Moves,,Heal Bell,56.366
2019-12_gen2ou-0.json,Blissey,Moves,,Toxic,38.811
2019-12_gen2ou-0.json,Blissey,Moves,,Light Screen,28.996
2019-12_gen2ou-0.json,Blissey,Moves,,Seismic Toss,27.426
2019-12_gen2ou-0.json,Blissey,Moves,,Thunder Wave,23.388
2019-12_gen2ou-0.json,Blissey,Moves,,Reflect,23.275
2019-12_gen2ou-0.json,Blissey,Moves,,Fire Blast,21.032
2019-12_gen2ou-0.json,Blissey,Moves,,Ice Beam,19.462
2019-12_gen2ou-0.json,Blissey,Moves,,Flamethrower,14.19
2019-12_gen2ou-0.json,Blissey,Moves,,Thunderbolt,8.861
2019-12_gen2ou-0.json,Blissey,Moves,,Psychic,6.169
2019-12_gen2ou-0.json,Blissey,Moves,,Sing,4.992
2019-12_gen2ou-0.json,Blissey,Moves,,Protect,4.879
2019-12_gen2ou-0.json,Blissey,Moves,,Counter,4.487
2019-12_gen2ou-0.json,Blissey,Moves,,Rest,3.477
2019-12_gen2ou-0.json,Blissey,Moves,,Double-Edge,3.085
2019-12_gen2ou-0.json,Blissey,Moves,,Present,2.019
2019-12_gen2ou-0.json,Blissey,Moves,,Substitute,1.963
2019-12_gen2ou-0.json,Blissey,Moves,,Other,19.013
2019-12_gen2ou-0.json,Umbreon,Stats,Raw count,,1343
2019-12_gen2ou-0.json,Umbreon,Stats,Avg. weight,,1.0
2019-12_gen2ou-0.json,Umbreon,Stats,Viability Ceiling,,88
2019-12_gen2ou-0.json,Umbreon,Stats,Serious,,6.776
2019-12_gen2ou-0.json,Umbreon,Abilities,,No Ability,100.0
2019-12_gen2ou-0.json,Umbreon,Items,,Leftovers,85.108
2019-12_gen2ou-0.json,Umbreon,Items,,Black Glasses,5.957
2019-12_gen2ou-0.json,Umbreon,Items,,Miracle Berry,4.542
2019-12_gen2ou-0.json,Umbreon,Items,,Other,4.393
2019-12_gen2ou-0.json,Umbreon,Spreads,,Other,3.872
2019-12_gen2ou-0.json,Umbreon,Moves,,Rest,49.516
2019-12_gen2ou-0.json,Umbreon,Moves,,Toxic,46.538
2019-12_gen2ou-0.json,Umbreon,Moves,,Baton Pass,43.634
2019-12_gen2ou-0.json,Umbreon,Moves,,Charm,40.506
2019-12_gen2ou-0.json,Umbreon,Moves,,Pursuit,37.156
2019-12_gen2ou-0.json,Umbreon,Moves,,Mean Look,34.996
2019-12_gen2ou-0.json,Umbreon,Moves,,Moonlight,30.454
2019-12_gen2ou-0.json,Umbreon,Moves,,Curse,21.221
2019-12_gen2ou-0.json,Umbreon,Moves,,Confuse Ray,20.402
2019-12_gen2ou-0.json,Umbreon,Moves,,Shadow Ball,10.797
2019-12_gen2ou-0.json,Umbreon,Moves,,Psychic,7.595
2019-12_gen2ou-0.json,Umbreon,Moves,,Protect,6.18
2019-12_gen2ou-0.json,Umbreon,Moves,,Sleep Talk,5.733
2019-12_gen2ou-0.json,Umbreon,Moves,,Body Slam,5.659
2019-12_gen2ou-0.json,Umbreon,Moves,,Substitute,5.138
2019-12_gen2ou-0.json,Umbreon,Moves,,Bite,4.542
2019-12_gen2ou-0.json,Umbreon,Moves,,Hidden Power Dark,3.425
2019-12_gen2ou-0.json,Umbreon,Moves,,Zap Cannon,3.351
2019-12_gen2ou-0.json,Umbreon,Moves,,Feint Attack,3.053
2019-12_gen2ou-0.json,Umbreon,Moves,,Reflect,2.457
2019-12_gen2ou-0.json,Umbreon,Moves,,Other,17.647
2019-12_gen2ou-0.json,Starmie,Stats,Raw count,,1280
2019-12_gen2ou-0.json,Starmie,Stats,Avg. weight,,1.0
2019-12_gen2ou-0.json,Starmie,Stats,Viability Ceiling,,88
2019-12_gen2ou-0.json,Starmie,Stats,Serious,,6.484
2019-12_gen2ou-0.json,Starmie,Abilities,,No Ability,100.0
2019-12_gen2ou-0.json,Starmie,Items,,Leftovers,81.016
2019-12_gen2ou-0.json,Starmie,Items,,Miracle Berry,9.297
2019-12_gen2ou-0.json,Starmie,Items,,PRZ Cure Berry,2.578
2019-12_gen2ou-0.json,Starmie,Items,,Mystic Water,2.109
2019-12_gen2ou-0.json,Starmie,Items,,Other,5.0
2019-12_gen2ou-0.json,Starmie,Spreads,,Other,0.078
2019-12_gen2ou-0.json,Starmie,Moves,,Surf,76.719
2019-12_gen2ou-0.json,Starmie,Moves,,Recover,75.859
2019-12_gen2ou-0.json,Starmie,Moves,,Psychic,62.031
2019-12_gen2ou-0.json,Starmie,Moves,,Rapid Spin,58.594
2019-12_gen2ou-0.json,Starmie,Moves,,Thunder Wave,37.734
2019-12_gen2ou-0.json,Starmie,Moves,,Ice Beam,28.047
2019-12_gen2ou-0.json,Starmie,Moves,,Thunderbolt,27.109
2019-12_gen2ou-0.json,Starmie,Moves,,Hydro Pump,14.062
2019-12_gen2ou-0.json,Starmie,Moves,,Other,19.844
2019-12_gen2ou-0.json,Steelix,Stats,Raw count,,1249
2019-12_gen2ou-0.json,Steelix,Stats,Avg. weight,,1.0
2019-12_gen2ou-0.json,Steelix,Stats,Viability Ceiling,,93
2019-12_gen2ou-0.json,Steelix,Stats,Serious,,95.036
2019-12_gen2ou-0.json,Steelix,Abilities,,No Ability,100.0
2019-12_gen2ou-0.json,Steelix,Items,,Leftovers,93.755
2019-12_gen2ou-0.json,Steelix,Items,,Nothing,1.601
2019-12_gen2ou-0.json,Steelix,Items,,Other,4.644
2019-12_gen2ou-0.json,Steelix,Spreads,,Other,4.964
2019-12_gen2ou-0.json,Steelix,Moves,,Earthquake,96.717
2019-12_gen2ou-0.json,Steelix,Moves,,Roar,75.741
2019-12_gen2ou-0.json,Steelix,Moves,,Explosion,65.813
2019-12_gen2ou-0.json,Steelix,Moves,,Curse,59.968
2019-12_gen2ou-0.json,Steelix,Moves,,Rock Slide,33.066
2019-12_gen2ou-0.json,Steelix,Moves,,Body Slam,20.096
2019-12_gen2ou-0.json,Steelix,Moves,,Iron Tail,9.528
2019-12_gen2ou-0.json,Steelix,Moves,,Crunch,4.964
2019-12_gen2ou-0.json,Steelix,Moves,,Toxic,4.804
2019-12_gen2ou-0.json,Steelix,Moves,,Dragon Breath,3.843
2019-12_gen2ou-0.json,Steelix,Moves,,Substitute,3.283
2019-12_gen2ou-0.json,Steelix,Moves,,Protect,2.722
2019-12_gen2ou-0.json,Steelix,Moves,,Other,19.456
2019-12_gen2ou-0.json,Forretress,Stats,Raw count,,1196
2019-12_gen2ou-0.json,Forretress,Stats,Avg. weight,,1.0
2019-12_gen2ou-0.json,Forretress,Stats,Viability Ceiling,,90
2019-12_gen2ou-0.json,Forretress,Stats,Serious,,6.856
2019-12_gen2ou-0.json,Forretress,Abilities,,No Ability,100.0
2019-12_gen2ou-0.json,Forretress,Items,,Leftovers,93.896
2019-12_gen2ou-0.json,Forretress,Items,,Bright Powder,1.338
2019-12_gen2ou-0.json,Forretress,Items,,Other,4.766
2019-12_gen2ou-0.json,Forretress,Spreads,,Other,1.923
2019-12_gen2ou-0.json,Forretress,Moves,,Spikes,95.067
2019-12_gen2ou-0.json,Forretress,Moves,,Rapid Spin,82.358
2019-12_gen2ou-0.json,Forretress,Moves,,Explosion,70.987
2019-12_gen2ou-0.json,Forretress,Moves,,Toxic,47.575
2019-12_gen2ou-0.json,Forretress,Moves,,Giga Drain,38.545
2019-12_gen2ou-0.json,Forretress,Moves,,Hidden Power Fire,18.144
2019-12_gen2ou-0.json,Forretress,Moves,,Protect,9.365
2019-12_gen2ou-0.json,Forretress,Moves,,Hidden Power Bug,5.518
2019-12_gen2ou-0.json,Forretress,Moves,,Hidden Power Ghost,4.682
2019-12_gen2ou-0.json,Forretress,Moves,,Reflect,4.515
2019-12_gen2ou-0.json,Forretress,Moves,,Rest,2.843
2019-12_gen2ou-0.json,Forretress,Moves,,Hidden Power Steel,2.425
2019-12_gen2ou-0.json,Forretress,Moves,,Other,17.977
2019-12_gen2ou-0.json,Nidoking,Stats,Raw count,,1201
2019-12_gen2ou-0.json,Nidoking,Stats,Avg. weight,,1.0
2019-12_gen2ou-0.json,Nidoking,Stats,Viability Ceiling,,92
2019-12_gen2ou-0.json,Nidoking,Stats,Serious,,95.420
2019-12_gen2ou-0.json,Nidoking,Abilities,,No Ability,100.0
2019-12_gen2ou-0.json,Nidoking,Items,,Leftovers,65.695
2019-12_gen2ou-0.json,Nidoking,Items,,Nothing,14.988
2019-12_gen2ou-0.json,Nidoking,Items,,Miracle Berry,10.241
2019-12_gen2ou-0.json,Nidoking,Items,,Never-Melt Ice,2.664
2019-12_gen2ou-0.json,Nidoking,Items,,Quick Claw,1.582
2019-12_gen2ou-0.json,Nidoking,Items,,Other,4.829
2019-12_gen2ou-0.json,Nidoking,Spreads,,Other,4.58
2019-12_gen2ou-0.json,Nidoking,Moves,,Earthquake,97.752
2019-12_gen2ou-0.json,Nidoking,Moves,,Ice Beam,74.355
2019-12_gen2ou-0.json,Nidoking,Moves,,Lovely Kiss,56.703
2019-12_gen2ou-0.json,Nidoking,Moves,,Thunderbolt,37.552
2019-12_gen2ou-0.json,Nidoking,Moves,,Thunder,34.138
2019-12_gen2ou-0.json,Nidoking,Moves,,Thief,13.572
2019-12_gen2ou-0.json,Nidoking,Moves,,Fire Blast,12.906
2019-12_gen2ou-0.json,Nidoking,Moves,,Flamethrower,12.24
2019-12_gen2ou-0.json,Nidoking,Moves,,Body Slam,6.828
2019-12_gen2ou-0.json,Nidoking,Moves,,Shadow Ball,6.162
2019-12_gen2ou-0.json,Nidoking,Moves,,Roar,5.995
2019-12_gen2ou-0.json,Nidoking,Moves,,Counter,5.329
2019-12_gen2ou-0.json,Nidoking,Moves,,Toxic,5.162
2019-12_gen2ou-0.json,Nidoking,Moves,,Rock Slide,3.997
2019-12_gen2ou-0.json,Nidoking,Moves,,Blizzard,3.414
2019-12_gen2ou-0.json,Nidoking,Moves,,Surf,2.831
2019-12_gen2ou-0.json,Nidoking,Moves,,Hidden Power Poison,1.832
2019-12_gen2ou-0.json,Nidoking,Moves,,Other,19.234
2019-12_gen2ou-0.json,Heracross,Stats,Raw count,,1098
2019-12_gen2ou-0.json,Heracross,Stats,Avg. weight,,1.0
2019-12_gen2ou-0.json,Heracross,Stats,Viability Ceiling,,88
2019-12_gen2ou-0.json,Heracross,Stats,Serious,,8.288
2019-12_gen2ou-0.json,Heracross,Abilities,,No Ability,100.0
2019-12_gen2ou-0.json,Heracross,Items,,Leftovers,68.852
2019-12_gen2ou-0.json,Heracross,Items,,Black Belt,9.016
2019-12_gen2ou-0.json,Heracross,Items,,Nothing,3.825
2019-12_gen2ou-0.json,Heracross,Items,,Berserk Gene,3.461
2019-12_gen2ou-0.json,Heracross,Items,,SilverPowder,3.005
2019-12_gen2ou-0.json,Heracross,Items,,Focus Band,2.459
2019-12_gen2ou-0.json,Heracross,Items,,Quick Claw,2.277
2019-12_gen2ou-0.json,Heracross,Items,,King's Rock,2.004
2019-12_gen2ou-0.json,Heracross,Items,,Scope Lens,1.093
2019-12_gen2ou-0.json,Heracross,Items,,Other,4.007
2019-12_gen2ou-0.json,Heracross,Spreads,,Other,1.913
2019-12_gen2ou-0.json,Heracross,Moves,,Megahorn,96.995
2019-12_gen2ou-0.json,Heracross,Moves,,Earthquake,62.204
2019-12_gen2ou-0.json,Heracross,Moves,,Rest,48.27
2019-12_gen2ou-0.json,Heracross,Moves,,Sleep Talk,45.537
2019-12_gen2ou-0.json,Heracross,Moves,,Seismic Toss,31.33
2019-12_gen2ou-0.json,Heracross,Moves,,Hidden Power Fighting,21.858
2019-12_gen2ou-0.json,Heracross,Moves,,Curse,18.033
2019-12_gen2ou-0.json,Heracross,Moves,,Return,9.927
2019-12_gen2ou-0.json,Heracross,Moves,,Toxic,8.47
2019-12_gen2ou-0.json,Heracross,Moves,,Reversal,7.559
2019-12_gen2ou-0.json,Heracross,Moves,,Detect,7.377
2019-12_gen2ou-0.json,Heracross,Moves,,Protect,7.377
2019-12_gen2ou-0.json,Heracross,Moves,,Counter,5.829
2019-12_gen2ou-0.json,Heracross,Moves,,Hidden Power Rock,5.009
2019-12_gen2ou-0.json,Heracross,Moves,,Endure,2.732
2019-12_gen2ou-0.json,Heracross,Moves,,Horn Attack,2.186
2019-12_gen2ou-0.json,Heracross,Moves,,Other,19.308
2019-12_gen2ou-0.json,Marowak,Stats,Raw count,,1048
2019-12_gen2ou-0.json,Marowak,Stats,Avg. weight,,1.0
2019-12_gen2ou-0.json,Marowak,Stats,Viability Ceiling,,88
2019-12_gen2ou-0.json,Marowak,Stats,Serious,,1.813
2019-12_gen2ou-0.json,Marowak,Abilities,,No Ability,100.0
2019-12_gen2ou-0.json,Marowak,Items,,Thick Club,95.897
2019-12_gen2ou-0.json,Marowak,Items,,Other,4.103
2019-12_gen2ou-0.json,Marowak,Spreads,,Other,3.721
2019-12_gen2ou-0.json,Marowak,Moves,,Earthquake,96.374
2019-12_gen2ou-0.json,Marowak,Moves,,Rock Slide,87.023
2019-12_gen2ou-0.json,Marowak,Moves,,Swords Dance,76.145
2019-12_gen2ou-0.json,Marowak,Moves,,Rest,31.202
2019-12_gen2ou-0.json,Marowak,Moves,,Hidden Power Bug,31.011
2019-12_gen2ou-0.json,Marowak,Moves,,Fire Blast,14.027
2019-12_gen2ou-0.json,Marowak,Moves,,Submission,8.302
2019-12_gen2ou-0.json,Marowak,Moves,,Body Slam,8.111
2019-12_gen2ou-0.json,Marowak,Moves,,Double-Edge,5.439
2019-12_gen2ou-0.json,Marowak,Moves,,Bonemerang,4.866
2019-12_gen2ou-0.json,Marowak,Moves,,Sleep Talk,4.389
2019-12_gen2ou-0.json,Marowak,Moves,,Hidden Power Fighting,4.008
2019-12_gen2ou-0.json,Marowak,Moves,,Thunder Punch,2.29
2019-12_gen2ou-0.json,Marowak,Moves,,Ice Beam,2.099
2019-12_gen2ou-0.json,Marowak,Moves,,Seismic Toss,1.908
2019-12_gen2ou-0.json,Marowak,Moves,,Return,1.813
2019-12_gen2ou-0.json,Marowak,Moves,,Ancient Power,1.718
2019-12_gen2ou-0.json,Marowak,Moves,,Other,19.275
2019-12_gen2ou-0.json,Charizard,Stats,Raw count,,1031
2019-12_gen2ou-0.json,Charizard,Stats,Avg. weight,,1.0
2019-12_gen2ou-0.json,Charizard,Stats,Viability Ceiling,,88
2019-12_gen2ou-0.json,Charizard,Stats,Serious,,98.254
2019-12_gen2ou-0.json,Charizard,Abilities,,No Ability,100.0
2019-12_gen2ou-0.json,Charizard,Items,,Leftovers,66.44
2019-12_gen2ou-0.json,Charizard,Items,,Charcoal,9.505
2019-12_gen2ou-0.json,Charizard,Items,,Nothing,7.177
2019-12_gen2ou-0.json,Charizard,Items,,Miracle Berry,6.208
2019-12_gen2ou-0.json,Charizard,Items,,Scope Lens,2.328
2019-12_gen2ou-0.json,Charizard,Items,,Quick Claw,1.552
2019-12_gen2ou-0.json,Charizard,Items,,Gold Berry,1.164
2019-12_gen2ou-0.json,Charizard,Items,,King's Rock,1.067
2019-12_gen2ou-0.json,Charizard,Items,,Other,4.559
2019-12_gen2ou-0.json,Charizard,Spreads,,Other,1.746
2019-12_gen2ou-0.json,Charizard,Moves,,Earthquake,79.243
2019-12_gen2ou-0.json,Charizard,Moves,,Fire Blast,73.812
2019-12_gen2ou-0.json,Charizard,Moves,,Belly Drum,63.434
2019-12_gen2ou-0.json,Charizard,Moves,,Return,35.5
2019-12_gen2ou-0.json,Charizard,Moves,,Flamethrower,33.075
2019-12_gen2ou-0.json,Charizard,Moves,,Rock Slide,28.322
2019-12_gen2ou-0.json,Charizard,Moves,,Wing Attack,8.438
2019-12_gen2ou-0.json,Charizard,Moves,,Crunch,6.984
2019-12_gen2ou-0.json,Charizard,Moves,,Fire Spin,6.208
2019-12_gen2ou-0.json,Charizard,Moves,,Slash,5.626
2019-12_gen2ou-0.json,Charizard,Moves,,Dragon Breath,5.335
2019-12_gen2ou-0.json,Charizard,Moves,,Seismic Toss,5.238
2019-12_gen2ou-0.json,Charizard,Moves,,Swords Dance,4.753
2019-12_gen2ou-0.json,Charizard,Moves,,Fly,3.88
2019-12_gen2ou-0.json,Charizard,Moves,,Hidden Power Grass,3.492
2019-12_gen2ou-0.json,Charizard,Moves,,Fire Punch,3.298
2019-12_gen2ou-0.json,Charizard,Moves,,Hidden Power Flying,2.425
2019-12_gen2ou-0.json,Charizard,Moves,,Sleep Talk,2.328
2019-12_gen2ou-0.json,Charizard,Moves,,Outrage,2.328
2019-12_gen2ou-0.json,Charizard,Moves,,Roar,2.231
2019-12_gen2ou-0.json,Charizard,Moves,,Dynamic Punch,2.134
2019-12_gen2ou-0.json,Charizard,Moves,,Rest,2.134
2019-12_gen2ou-0.json,Charizard,Moves,,Other,19.787
2019-12_gen2ou-0.json,Golem,Stats,Raw count,,915
2019-12_gen2ou-0.json,Golem,Stats,Avg. weight,,1.0
2019-12_gen2ou-0.json,Golem,Stats,Viability Ceiling,,88
2019-12_gen2ou-0.json,Golem,Stats,Serious,,23.060
2019-12_gen2ou-0.json,Golem,Abilities,,No Ability,100.0
2019-12_gen2ou-0.json,Golem,Items,,Leftovers,90.601
2019-12_gen2ou-0.json,Golem,Items,,Quick Claw,1.967
2019-12_gen2ou-0.json,Golem,Items,,Pink Bow,1.421
2019-12_gen2ou-0.json,Golem,Items,,Hard Stone,1.093
2019-12_gen2ou-0.json,Golem,Items,,Other,4.918
2019-12_gen2ou-0.json,Golem,Spreads,,Other,0.219
2019-12_gen2ou-0.json,Golem,Moves,,Earthquake,99.016
2019-12_gen2ou-0.json,Golem,Moves,,Explosion,88.634
2019-12_gen2ou-0.json,Golem,Moves,,Roar,71.038
2019-12_gen2ou-0.json,Golem,Moves,,Rapid Spin,56.175
2019-12_gen2ou-0.json,Golem,Moves,,Rock Slide,37.158
2019-12_gen2ou-0.json,Golem,Moves,,Fire Blast,9.727
2019-12_gen2ou-0.json,Golem,Moves,,Curse,7.213
2019-12_gen2ou-0.json,Golem,Moves,,Fire Punch,3.06
2019-12_gen2ou-0.json,Golem,Moves,,Hidden Power Rock,2.842
2019-12_gen2ou-0.json,Golem,Moves,,Toxic,2.732
2019-12_gen2ou-0.json,Golem,Moves,,Flamethrower,2.623
2019-12_gen2ou-0.json,Golem,Moves,,Other,19.781
2019-12_gen2ou-0.json,Jynx,Stats,Raw count,,867
2019-12_gen2ou-0.json,Jynx,Stats,Avg. weight,,1.0
2019-12_gen2ou-0.json,Jynx,Stats,Viability Ceiling,,92
2019-12_gen2ou-0.json,Jynx,Stats,Serious,,37.716
2019-12_gen2ou-0.json,Jynx,Abilities,,No Ability,100.0
2019-12_gen2ou-0.json,Jynx,Items,,Leftovers,70.473
2019-12_gen2ou-0.json,Jynx,Items,,Nothing,11.649
2019-12_gen2ou-0.json,Jynx,Items,,Never-Melt Ice,9.343
2019-12_gen2ou-0.json,Jynx,Items,,Miracle Berry,2.537
2019-12_gen2ou-0.json,Jynx,Items,,PRZ Cure Berry,0.923
2019-12_gen2ou-0.json,Jynx,Items,,Focus Band,0.807
2019-12_gen2ou-0.json,Jynx,Items,,Other,4.268
2019-12_gen2ou-0.json,Jynx,Moves,,Ice Beam,96.54
2019-12_gen2ou-0.json,Jynx,Moves,,Psychic,94.348
2019-12_gen2ou-0.json,Jynx,Moves,,Lovely Kiss,90.311
2019-12_gen2ou-0.json,Jynx,Moves,,Substitute,68.973
2019-12_gen2ou-0.json,Jynx,Moves,,Thief,11.88
2019-12_gen2ou-0.json,Jynx,Moves,,Nightmare,11.419
2019-12_gen2ou-0.json,Jynx,Moves,,Perish Song,5.075
2019-12_gen2ou-0.json,Jynx,Moves,,Ice Punch,2.999
2019-12_gen2ou-0.json,Jynx,Moves,,Other,18.454
2019-12_gen2ou-0.json,Suicune,Stats,Raw count,,833
2019-12_gen2ou-0.json,Suicune,Stats,Avg. weight,,1.0
2019-12_gen2ou-0.json,Suicune,Stats,Viability Ceiling,,84
2019-12_gen2ou-0.json,Suicune,Stats,Serious,,16.687
2019-12_gen2ou-0.json,Suicune,Abilities,,No Ability,100.0
2019-12_gen2ou-0.json,Suicune,Items,,Leftovers,86.315
2019-12_gen2ou-0.json,Suicune,Items,,Nothing,3.962
2019-12_gen2ou-0.json,Suicune,Items,,Mystic Water,3.721
2019-12_gen2ou-0.json,Suicune,Items,,Never-Melt Ice,1.921
2019-12_gen2ou-0.json,Suicune,Items,,Other,4.082
2019-12_gen2ou-0.json,Suicune,Spreads,,Other,0.12
2019-12_gen2ou-0.json,Suicune,Moves,,Surf,82.353
2019-12_gen2ou-0.json,Suicune,Moves,,Rest,68.067
2019-12_gen2ou-0.json,Suicune,Moves,,Ice Beam,52.821
2019-12_gen2ou-0.json,Suicune,Moves,,Toxic,43.577
2019-12_gen2ou-0.json,Suicune,Moves,,Sleep Talk,42.857
2019-12_gen2ou-0.json,Suicune,Moves,,Roar,40.696
2019-12_gen2ou-0.json,Suicune,Moves,,Hydro Pump,16.447
2019-12_gen2ou-0.json,Suicune,Moves,,Hidden Power Electric,10.324
2019-12_gen2ou-0.json,Suicune,Moves,,Protect,5.762
2019-12_gen2ou-0.json,Suicune,Moves,,Blizzard,5.402
2019-12_gen2ou-0.json,Suicune,Moves,,Waterfall,4.682
2019-12_gen2ou-0.json,Suicune,Moves,,Mirror Coat,3.962
2019-12_gen2ou-0.json,Suicune,Moves,,Hidden Power Fire,3.361
2019-12_gen2ou-0.json,Suicune,Moves,,Other,19.688
2019-12_gen2ou-0.json,Misdreavus,Stats,Raw count,,820
2019-12_gen2ou-0.json,Misdreavus,Stats,Avg. weight,,1.0
2019-12_gen2ou-0.json,Misdreavus,Stats,Viability Ceiling,,90
2019-12_gen2ou-0.json,Misdreavus,Stats,Serious,,6.707
2019-12_gen2ou-0.json,Misdreavus,Abilities,,No Ability,100.0
2019-12_gen2ou-0.json,Misdreavus,Items,,Leftovers,85.244
2019-12_gen2ou-0.json,Misdreavus,Items,,Nothing,8.537
2019-12_gen2ou-0.json,Misdreavus,Items,,Bright Powder,1.707
2019-12_gen2ou-0.json,Misdreavus,Items,,Other,4.512
2019-12_gen2ou-0.json,Misdreavus,Spreads,,Other,1.098
2019-12_gen2ou-0.json,Misdreavus,Moves,,Perish Song,77.439
2019-12_gen2ou-0.json,Misdreavus,Moves,,Mean Look,71.829
2019-12_gen2ou-0.json,Misdreavus,Moves,,Protect,68.659
2019-12_gen2ou-0.json,Misdreavus,Moves,,Pain Split,34.512
2019-12_gen2ou-0.json,Misdreavus,Moves,,Confuse Ray,29.146
2019-12_gen2ou-0.json,Misdreavus,Moves,,Toxic,22.805
2019-12_gen2ou-0.json,Misdreavus,Moves,,Destiny Bond,17.683
2019-12_gen2ou-0.json,Misdreavus,Moves,,Rest,14.756
2019-12_gen2ou-0.json,Misdreavus,Moves,,Thunderbolt,13.171
2019-12_gen2ou-0.json,Misdreavus,Moves,,Thunder,12.439
2019-12_gen2ou-0.json,Misdreavus,Moves,,Psychic,10.244
2019-12_gen2ou-0.json,Misdreavus,Moves,,Thief,8.659
2019-12_gen2ou-0.json,Misdreavus,Moves,,Other,18.659
2019-12_gen2ou-0.json,Miltank,Stats,Raw count,,759
2019-12_gen2ou-0.json,Miltank,Stats,Avg. weight,,1.0
2019-12_gen2ou-0.json,Miltank,Stats,Viability Ceiling,,87
2019-12_gen2ou-0.json,Miltank,Stats,Serious,,6.324
2019-12_gen2ou-0.json,Miltank,Abilities,,No Ability,100.0
2019-12_gen2ou-0.json,Miltank,Items,,Leftovers,87.615
2019-12_gen2ou-0.json,Miltank,Items,,Miracle Berry,7.773
2019-12_gen2ou-0.json,Miltank,Items,,Other,4.611
2019-12_gen2ou-0.json,Miltank,Spreads,,Other,0.395
2019-12_gen2ou-0.json,Miltank,Moves,,Milk Drink,91.963
2019-12_gen2ou-0.json,Miltank,Moves,,Body Slam,84.321
2019-12_gen2ou-0.json,Miltank,Moves,,Heal Bell,76.153
2019-12_gen2ou-0.json,Miltank,Moves,,Growl,52.042
2019-12_gen2ou-0.json,Miltank,Moves,,Earthquake,18.445
2019-12_gen2ou-0.json,Miltank,Moves,,Toxic,8.696
2019-12_gen2ou-0.json,Miltank,Moves,,Curse,8.037
2019-12_gen2ou-0.json,Miltank,Moves,,Rollout,8.037
2019-12_gen2ou-0.json,Miltank,Moves,,Ice Beam,5.665
2019-12_gen2ou-0.json,Miltank,Moves,,Protect,5.138
2019-12_gen2ou-0.json,Miltank,Moves,,Attract,4.743
2019-12_gen2ou-0.json,Miltank,Moves,,Seismic Toss,3.821
2019-12_gen2ou-0.json,Miltank,Moves,,Fire Punch,3.689
2019-12_gen2ou-0.json,Miltank,Moves,,Return,3.689
2019-12_gen2ou-0.json,Miltank,Moves,,Thunderbolt,3.689
2019-12_gen2ou-0.json,Miltank,Moves,,Shadow Ball,3.689
2019-12_gen2ou-0.json,Miltank,Moves,,Other,18.182
2019-12_gen2ou-0.json,Dragonite,Stats,Raw count,,680
2019-12_gen2ou-0.json,Dragonite,Stats,Avg. weight,,1.0
2019-12_gen2ou-0.json,Dragonite,Stats,Viability Ceiling,,88
2019-12_gen2ou-0.json,Dragonite,Stats,Serious,,98.529
2019-12_gen2ou-0.json,Dragonite,Abilities,,No Ability,100.0
2019-12_gen2ou-0.json,Dragonite,Items,,Leftovers,86.471
2019-12_gen2ou-0.json,Dragonite,Items,,Nothing,2.941
2019-12_gen2ou-0.json,Dragonite,Items,,Gold Berry,2.5
2019-12_gen2ou-0.json,Dragonite,Items,,Dragon Scale,1.912
2019-12_gen2ou-0.json,Dragonite,Items,,Bright Powder,0.882
2019-12_gen2ou-0.json,Dragonite,Items,,Bitter Berry,0.882
2019-12_gen2ou-0.json,Dragonite,Items,,Other,4.412
2019-12_gen2ou-0.json,Dragonite,Spreads,,Other,1.471
2019-12_gen2ou-0.json,Dragonite,Moves,,Ice Beam,47.353
2019-12_gen2ou-0.json,Dragonite,Moves,,Thunderbolt,37.353
2019-12_gen2ou-0.json,Dragonite,Moves,,Dynamic Punch,31.471
2019-12_gen2ou-0.json,Dragonite,Moves,,Thunder Wave,26.765
2019-12_gen2ou-0.json,Dragonite,Moves,,Fire Blast,22.647
2019-12_gen2ou-0.json,Dragonite,Moves,,Thunder,22.5
2019-12_gen2ou-0.json,Dragonite,Moves,,Flamethrower,22.353
2019-12_gen2ou-0.json,Dragonite,Moves,,Outrage,19.559
2019-12_gen2ou-0.json,Dragonite,Moves,,Haze,14.706
2019-12_gen2ou-0.json,Dragonite,Moves,,Extreme Speed,14.265
2019-12_gen2ou-0.json,Dragonite,Moves,,Hydro Pump,14.118
2019-12_gen2ou-0.json,Dragonite,Moves,,Surf,12.647
2019-12_gen2ou-0.json,Dragonite,Moves,,Agility,11.029
2019-12_gen2ou-0.json,Dragonite,Moves,,Body Slam,10.588
2019-12_gen2ou-0.json,Dragonite,Moves,,Double-Edge,9.706
2019-12_gen2ou-0.json,Dragonite,Moves,,Fly,8.088
2019-12_gen2ou-0.json,Dragonite,Moves,,Wing Attack,7.941
2019-12_gen2ou-0.json,Dragonite,Moves,,Dragon Breath,7.5
2019-12_gen2ou-0.json,Dragonite,Moves,,Hidden Power Fighting,7.353
2019-12_gen2ou-0.json,Dragonite,Moves,,Blizzard,6.324
2019-12_gen2ou-0.json,Dragonite,Moves,,Light Screen,5.882
2019-12_gen2ou-0.json,Dragonite,Moves,,Rest,4.412
2019-12_gen2ou-0.json,Dragonite,Moves,,Reflect,3.676
2019-12_gen2ou-0.json,Dragonite,Moves,,Hyper Beam,3.382
2019-12_gen2ou-0.json,Dragonite,Moves,,Hidden Power Flying,2.941
2019-12_gen2ou-0.json,Dragonite,Moves,,Curse,2.941
2019-12_gen2ou-0.json,Dragonite,Moves,,Waterfall,2.794
2019-12_gen2ou-0.json,Dragonite,Moves,,Other,19.706
2019-12_gen2ou-0.json,Houndoom,Stats,Raw count,,574
2019-12_gen2ou-0.json,Houndoom,Stats,Avg. weight,,1.0
2019-12_gen2ou-0.json,Houndoom,Stats,Viability Ceiling,,88
2019-12_gen2ou-0.json,Houndoom,Stats,Serious,,95.470
2019-12_gen2ou-0.json,Houndoom,Abilities,,No Ability,100.0
2019-12_gen2ou-0.json,Houndoom,Items,,Leftovers,55.226
2019-12_gen2ou-0.json,Houndoom,Items,,Charcoal,21.951
2019-12_gen2ou-0.json,Houndoom,Items,,Nothing,8.711
2019-12_gen2ou-0.json,Houndoom,Items,,Black Glasses,8.014
2019-12_gen2ou-0.json,Houndoom,Items,,Miracle Berry,1.568
2019-12_gen2ou-0.json,Houndoom,Items,,Other,4.53
2019-12_gen2ou-0.json,Houndoom,Spreads,,Other,4.53
2019-12_gen2ou-0.json,Houndoom,Moves,,Crunch,84.669
2019-12_gen2ou-0.json,Houndoom,Moves,,Fire Blast,80.488
2019-12_gen2ou-0.json,Houndoom,Moves,,Pursuit,75.261
2019-12_gen2ou-0.json,Houndoom,Moves,,Hidden Power Grass,27.7
2019-12_gen2ou-0.json,Houndoom,Moves,,Counter,25.436
2019-12_gen2ou-0.json,Houndoom,Moves,,Flamethrower,21.951
2019-12_gen2ou-0.json,Houndoom,Moves,,Sunny Day,16.899
2019-12_gen2ou-0.json,Houndoom,Moves,,Solar Beam,13.937
2019-12_gen2ou-0.json,Houndoom,Moves,,Shadow Ball,9.059
2019-12_gen2ou-0.json,Houndoom,Moves,,Sludge Bomb,7.666
2019-12_gen2ou-0.json,Houndoom,Moves,,Roar,6.969
2019-12_gen2ou-0.json,Houndoom,Moves,,Rest,6.098
2019-12_gen2ou-0.json,Houndoom,Moves,,Thief,4.878
2019-12_gen2ou-0.json,Houndoom,Moves,,Other,18.99
2019-12_gen2ou-0.json,Typhlosion,Stats,Raw count,,564
2019-12_gen2ou-0.json,Typhlosion,Stats,Avg. weight,,1.0
2019-12_gen2ou-0.json,Typhlosion,Stats,Viability Ceiling,,73
2019-12_gen2ou-0.json,Typhlosion,Stats,Serious,,97.518
2019-12_gen2ou-0.json,Typhlosion,Abilities,,No Ability,100.0
2019-12_gen2ou-0.json,Typhlosion,Items,,Leftovers,61.525
2019-12_gen2ou-0.json,Typhlosion,Items,,Charcoal,17.908
2019-12_gen2ou-0.json,Typhlosion,Items,,Nothing,7.092
2019-12_gen2ou-0.json,Typhlosion,Items,,Scope Lens,4.787
2019-12_gen2ou-0.json,Typhlosion,Items,,Miracle Berry,2.66
2019-12_gen2ou-0.json,Typhlosion,Items,,King's Rock,1.064
2019-12_gen2ou-0.json,Typhlosion,Items,,Other,4.965
2019-12_gen2ou-0.json,Typhlosion,Spreads,,Other,2.482
2019-12_gen2ou-0.json,Typhlosion,Moves,,Thunder Punch,78.191
2019-12_gen2ou-0.json,Typhlosion,Moves,,Flamethrower,67.908
2019-12_gen2ou-0.json,Typhlosion,Moves,,Earthquake,65.248
2019-12_gen2ou-0.json,Typhlosion,Moves,,Fire Blast,43.972
2019-12_gen2ou-0.json,Typhlosion,Moves,,Dynamic Punch,31.738
2019-12_gen2ou-0.json,Typhlosion,Moves,,Fire Punch,13.121
2019-12_gen2ou-0.json,Typhlosion,Moves,,Hidden Power Grass,12.943
2019-12_gen2ou-0.json,Typhlosion,Moves,,Double-Edge,9.929
2019-12_gen2ou-0.json,Typhlosion,Moves,,Toxic,9.574
2019-12_gen2ou-0.json,Typhlosion,Moves,,Roar,9.043
2019-12_gen2ou-0.json,Typhlosion,Moves,,Sunny Day,7.092
2019-12_gen2ou-0.json,Typhlosion,Moves,,Return,6.915
2019-12_gen2ou-0.json,Typhlosion,Moves,,Protect,5.319
2019-12_gen2ou-0.json,Typhlosion,Moves,,Flame Wheel,5.142
2019-12_gen2ou-0.json,Typhlosion,Moves,,Detect,4.078
2019-12_gen2ou-0.json,Typhlosion,Moves,,Quick Attack,3.723
2019-12_gen2ou-0.json,Typhlosion,Moves,,Hidden Power Ice,2.305
2019-12_gen2ou-0.json,Typhlosion,Moves,,Attract,2.128
2019-12_gen2ou-0.json,Typhlosion,Moves,,Headbutt,2.128
2019-12_gen2ou-0.json,Typhlosion,Moves,,Other,19.504
2019-12_gen2ou-0.json,Espeon,Stats,Raw count,,458
2019-12_gen2ou-0.json,Espeon,Stats,Avg. weight,,1.0
2019-12_gen2ou-0.json,Espeon,Stats,Viability Ceiling,,87
2019-12_gen2ou-0.json,Espeon,Stats,Serious,,20.524
2019-12_gen2ou-0.json,Espeon,Abilities,,No Ability,100.0
2019-12_gen2ou-0.json,Espeon,Items,,Leftovers,59.17
2019-12_gen2ou-0.json,Espeon,Items,,Twisted Spoon,10.917
2019-12_gen2ou-0.json,Espeon,Items,,Nothing,8.297
2019-12_gen2ou-0.json,Espeon,Items,,PRZ Cure Berry,4.367
2019-12_gen2ou-0.json,Espeon,Items,,Scope Lens,3.493
2019-12_gen2ou-0.json,Espeon,Items,,Berry,3.057
2019-12_gen2ou-0.json,Espeon,Items,,Miracle Berry,2.183
2019-12_gen2ou-0.json,Espeon,Items,,Mint Berry,2.183
2019-12_gen2ou-0.json,Espeon,Items,,Gold Berry,1.747
2019-12_gen2ou-0.json,Espeon,Items,,Other,4.585
2019-12_gen2ou-0.json,Espeon,Spreads,,Other,0.873
2019-12_gen2ou-0.json,Espeon,Moves,,Psychic,99.782
2019-12_gen2ou-0.json,Espeon,Moves,,Growth,38.21
2019-12_gen2ou-0.json,Espeon,Moves,,Morning Sun,36.463
2019-12_gen2ou-0.json,Espeon,Moves,,Baton Pass,31.223
2019-12_gen2ou-0.json,Espeon,Moves,,Reflect,25.983
2019-12_gen2ou-0.json,Espeon,Moves,,Shadow Ball,24.236
2019-12_gen2ou-0.json,Espeon,Moves,,Substitute,18.996
2019-12_gen2ou-0.json,Espeon,Moves,,Swift,16.594
2019-12_gen2ou-0.json,Espeon,Moves,,Mud-Slap,11.79
2019-12_gen2ou-0.json,Espeon,Moves,,Bite,10.917
2019-12_gen2ou-0.json,Espeon,Moves,,Hidden Power Water,10.262
2019-12_gen2ou-0.json,Espeon,Moves,,Protect,9.17
2019-12_gen2ou-0.json,Espeon,Moves,,Hidden Power Fighting,6.987
2019-12_gen2ou-0.json,Espeon,Moves,,Rest,6.332
2019-12_gen2ou-0.json,Espeon,Moves,,Hidden Power Fire,5.677
2019-12_gen2ou-0.json,Espeon,Moves,,Sleep Talk,5.677
2019-12_gen2ou-0.json,Espeon,Moves,,Toxic,5.24
2019-12_gen2ou-0.json,Espeon,Moves,,Zap Cannon,4.585
2019-12_gen2ou-0.json,Espeon,Moves,,Hidden Power Ice,4.367
2019-12_gen2ou-0.json,Espeon,Moves,,Body Slam,3.493
2019-12_gen2ou-0.json,Espeon,Moves,,Sand Attack,3.493
2019-12_gen2ou-0.json,Espeon,Moves,,Psybeam,2.838
2019-12_gen2ou-0.json,Espeon,Moves,,Other,17.686
2019-12_gen2ou-0.json,Alakazam,Stats,Raw count,,472
2019-12_gen2ou-0.json,Alakazam,Stats,Avg. weight,,1.0
2019-12_gen2ou-0.json,Alakazam,Stats,Viability Ceiling,,90
2019-12_gen2ou-0.json,Alakazam,Stats,Serious,,4.025
2019-12_gen2ou-0.json,Alakazam,Abilities,,No Ability,100.0
2019-12_gen2ou-0.json,Alakazam,Items,,Leftovers,51.695
2019-12_gen2ou-0.json,Alakazam,Items,,Twisted Spoon,13.771
2019-12_gen2ou-0.json,Alakazam,Items,,Nothing,10.805
2019-12_gen2ou-0.json,Alakazam,Items,,Miracle Berry,8.475
2019-12_gen2ou-0.json,Alakazam,Items,,Bright Powder,3.178
2019-12_gen2ou-0.json,Alakazam,Items,,Focus Band,2.966
2019-12_gen2ou-0.json,Alakazam,Items,,Gold Berry,2.542
2019-12_gen2ou-0.json,Alakazam,Items,,Mint Berry,1.695
2019-12_gen2ou-0.json,Alakazam,Items,,Other,4.873
2019-12_gen2ou-0.json,Alakazam,Spreads,,Other,3.178
2019-12_gen2ou-0.json,Alakazam,Moves,,Psychic,97.669
2019-12_gen2ou-0.json,Alakazam,Moves,,Recover,64.407
2019-12_gen2ou-0.json,Alakazam,Moves,,Fire Punch,39.407
2019-12_gen2ou-0.json,Alakazam,Moves,,Thunder Wave,26.059
2019-12_gen2ou-0.json,Alakazam,Moves,,Ice Punch,20.975
2019-12_gen2ou-0.json,Alakazam,Moves,,Thunder Punch,18.432
2019-12_gen2ou-0.json,Alakazam,Moves,,Reflect,11.864
2019-12_gen2ou-0.json,Alakazam,Moves,,Shadow Ball,11.229
2019-12_gen2ou-0.json,Alakazam,Moves,,Toxic,9.746
2019-12_gen2ou-0.json,Alakazam,Moves,,Encore,8.898
2019-12_gen2ou-0.json,Alakazam,Moves,,Light Screen,6.992
2019-12_gen2ou-0.json,Alakazam,Moves,,Counter,6.992
2019-12_gen2ou-0.json,Alakazam,Moves,,Disable,6.78
2019-12_gen2ou-0.json,Alakazam,Moves,,Thief,5.932
2019-12_gen2ou-0.json,Alakazam,Moves,,Protect,5.72
2019-12_gen2ou-0.json,Alakazam,Moves,,Dynamic Punch,5.72
2019-12_gen2ou-0.json,Alakazam,Moves,,Substitute,5.508
2019-12_gen2ou-0.json,Alakazam,Moves,,Attract,4.449
2019-12_gen2ou-0.json,Alakazam,Moves,,Tri Attack,4.237
2019-12_gen2ou-0.json,Alakazam,Moves,,Zap Cannon,4.237
2019-12_gen2ou-0.json,Alakazam,Moves,,Hidden Power Dark,3.39
2019-12_gen2ou-0.json,Alakazam,Moves,,Hidden Power Water,2.542
2019-12_gen2ou-0.json,Alakazam,Moves,,Swagger,2.542
2019-12_gen2ou-0.json,Alakazam,Moves,,Submission,2.331
2019-12_gen2ou-0.json,Alakazam,Moves,,Curse,1.907
2019-12_gen2ou-0.json,Alakazam,Moves,,Seismic Toss,1.907
2019-12_gen2ou-0.json,Alakazam,Moves,,Body Slam,1.907
2019-12_gen2ou-0.json,Alakazam,Moves,,Other,18.22
2019-12_gen2ou-0.json,Scizor,Stats,Raw count,,466
2019-12_gen2ou-0.json,Scizor,Stats,Avg. weight,,1.0
2019-12_gen2ou-0.json,Scizor,Stats,Viability Ceiling,,88
2019-12_gen2ou-0.json,Scizor,Stats,Serious,,96.137
2019-12_gen2ou-0.json,Scizor,Abilities,,No Ability,100.0
2019-12_gen2ou-0.json,Scizor,Items,,Leftovers,40.987
2019-12_gen2ou-0.json,Scizor,Items,,Miracle Berry,31.974
2019-12_gen2ou-0.json,Scizor,Items,,Metal Coat,6.867
2019-12_gen2ou-0.json,Scizor,Items,,Pink Bow,4.292
2019-12_gen2ou-0.json,Scizor,Items,,Bright Powder,4.077
2019-12_gen2ou-0.json,Scizor,Items,,Nothing,3.004
2019-12_gen2ou-0.json,Scizor,Items,,Focus Band,2.146
2019-12_gen2ou-0.json,Scizor,Items,,Quick Claw,1.502
2019-12_gen2ou-0.json,Scizor,Items,,Mint Berry,1.073
2019-12_gen2ou-0.json,Scizor,Items,,Other,4.077
2019-12_gen2ou-0.json,Scizor,Spreads,,Other,3.863
2019-12_gen2ou-0.json,Scizor,Moves,,Swords Dance,85.408
2019-12_gen2ou-0.json,Scizor,Moves,,Baton Pass,48.927
2019-12_gen2ou-0.json,Scizor,Moves,,Hidden Power Bug,46.996
2019-12_gen2ou-0.json,Scizor,Moves,,Agility,45.923
2019-12_gen2ou-0.json,Scizor,Moves,,Steel Wing,33.047
2019-12_gen2ou-0.json,Scizor,Moves,,Double-Edge,17.597
2019-12_gen2ou-0.json,Scizor,Moves,,Quick Attack,14.163
2019-12_gen2ou-0.json,Scizor,Moves,,Metal Claw,12.876
2019-12_gen2ou-0.json,Scizor,Moves,,Hidden Power Fighting,10.944
2019-12_gen2ou-0.json,Scizor,Moves,,Light Screen,8.584
2019-12_gen2ou-0.json,Scizor,Moves,,Fury Cutter,8.155
2019-12_gen2ou-0.json,Scizor,Moves,,Slash,5.579
2019-12_gen2ou-0.json,Scizor,Moves,,Substitute,4.936
2019-12_gen2ou-0.json,Scizor,Moves,,Hidden Power Steel,4.506
2019-12_gen2ou-0.json,Scizor,Moves,,Rest,4.506
2019-12_gen2ou-0.json,Scizor,Moves,,Pursuit,4.077
2019-12_gen2ou-0.json,Scizor,Moves,,Sleep Talk,3.863
2019-12_gen2ou-0.json,Scizor,Moves,,Wing Attack,3.863
2019-12_gen2ou-0.json,Scizor,Moves,,Hidden Power Rock,3.863
2019-12_gen2ou-0.json,Scizor,Moves,,Strength,3.219
2019-12_gen2ou-0.json,Scizor,Moves,,Return,2.79
2019-12_gen2ou-0.json,Scizor,Moves,,Bide,2.575
2019-12_gen2ou-0.json,Scizor,Moves,,Protect,2.361
2019-12_gen2ou-0.json,Scizor,Moves,,Curse,2.361
2019-12_gen2ou-0.json,Scizor,Moves,,Other,18.884
2019-12_gen2ou-0.json,Venusaur,Stats,Raw count,,455
2019-12_gen2ou-0.json,Venusaur,Stats,Avg. weight,,1.0
2019-12_gen2ou-0.json,Venusaur,Stats,Viability Ceiling,,72
2019-12_gen2ou-0.json,Venusaur,Stats,Serious,,10.769
2019-12_gen2ou-0.json,Venusaur,Abilities,,No Ability,100.0
2019-12_gen2ou-0.json,Venusaur,Items,,Leftovers,72.747
2019-12_gen2ou-0.json,Venusaur,Items,,Nothing,11.209
2019-12_gen2ou-0.json,Venusaur,Items,,Miracle Seed,6.813
2019-12_gen2ou-0.json,Venusaur,Items,,Mystery Berry,4.396
2019-12_gen2ou-0.json,Venusaur,Items,,Other,4.835
2019-12_gen2ou-0.json,Venusaur,Spreads,,Other,2.418
2019-12_gen2ou-0.json,Venusaur,Moves,,Giga Drain,63.516
2019-12_gen2ou-0.json,Venusaur,Moves,,Sleep Powder,55.385
2019-12_gen2ou-0.json,Venusaur,Moves,,Leech Seed,51.209
2019-12_gen2ou-0.json,Venusaur,Moves,,Synthesis,39.78
2019-12_gen2ou-0.json,Venusaur,Moves,,Solar Beam,30.33
2019-12_gen2ou-0.json,Venusaur,Moves,,Toxic,30.11
2019-12_gen2ou-0.json,Venusaur,Moves,,Sunny Day,18.901
2019-12_gen2ou-0.json,Venusaur,Moves,,Body Slam,18.462
2019-12_gen2ou-0.json,Venusaur,Moves,,Razor Leaf,14.505
2019-12_gen2ou-0.json,Venusaur,Moves,,Growth,14.286
2019-12_gen2ou-0.json,Venusaur,Moves,,Hidden Power Fire,13.846
2019-12_gen2ou-0.json,Venusaur,Moves,,Protect,7.473
2019-12_gen2ou-0.json,Venusaur,Moves,,Double-Edge,3.516
2019-12_gen2ou-0.json,Venusaur,Moves,,Swords Dance,3.297
2019-12_gen2ou-0.json,Venusaur,Moves,,Light Screen,3.077
2019-12_gen2ou-0.json,Venusaur,Moves,,Reflect,2.857
2019-12_gen2ou-0.json,Venusaur,Moves,,Roar,2.637
2019-12_gen2ou-0.json,Venusaur,Moves,,Hidden Power Electric,2.418
2019-12_gen2ou-0.json,Venusaur,Moves,,Petal Dance,2.418
2019-12_gen2ou-0.json,Venusaur,Moves,,Substitute,2.198
2019-12_gen2ou-0.json,Venusaur,Moves,,Other,19.78
2019-12_gen2ou-0.json,Vaporeon,Stats,Raw count,,438
2019-12_gen2ou-0.json,Vaporeon,Stats,Avg. weight,,1.0
2019-12_gen2ou-0.json,Vaporeon,Stats,Viability Ceiling,,88
2019-12_gen2ou-0.json,Vaporeon,Stats,Serious,,24.658
2019-12_gen2ou-0.json,Vaporeon,Abilities,,No Ability,100.0
2019-12_gen2ou-0.json,Vaporeon,Items,,Leftovers,86.986
2019-12_gen2ou-0.json,Vaporeon,Items,,Mystic Water,9.361
2019-12_gen2ou-0.json,Vaporeon,Items,,Other,3.653
2019-12_gen2ou-0.json,Vaporeon,Spreads,,Other,0.228
2019-12_gen2ou-0.json,Vaporeon,Moves,,Surf,74.658
2019-12_gen2ou-0.json,Vaporeon,Moves,,Rest,72.374
2019-12_gen2ou-0.json,Vaporeon,Moves,,Growth,65.982
2019-12_gen2ou-0.json,Vaporeon,Moves,,Sleep Talk,48.63
2019-12_gen2ou-0.json,Vaporeon,Moves,,Hydro Pump,30.137
2019-12_gen2ou-0.json,Vaporeon,Moves,,Ice Beam,27.169
2019-12_gen2ou-0.json,Vaporeon,Moves,,Acid Armor,13.927
2019-12_gen2ou-0.json,Vaporeon,Moves,,Baton Pass,13.242
2019-12_gen2ou-0.json,Vaporeon,Moves,,Curse,5.708
2019-12_gen2ou-0.json,Vaporeon,Moves,,Reflect,5.251
2019-12_gen2ou-0.json,Vaporeon,Moves,,Roar,5.251
2019-12_gen2ou-0.json,Vaporeon,Moves,,Double-Edge,5.251
2019-12_gen2ou-0.json,Vaporeon,Moves,,Toxic,5.023
2019-12_gen2ou-0.json,Vaporeon,Moves,,Body Slam,4.566
2019-12_gen2ou-0.json,Vaporeon,Moves,,Substitute,4.11
2019-12_gen2ou-0.json,Vaporeon,Moves,,Other,18.721
2019-12_gen2ou-0.json,Jolteon,Stats,Raw count,,430
2019-12_gen2ou-0.json,Jolteon,Stats,Avg. weight,,1.0
2019-12_gen2ou-0.json,Jolteon,Stats,Viability Ceiling,,78
2019-12_gen2ou-0.json,Jolteon,Stats,Serious,,10.000
2019-12_gen2ou-0.json,Jolteon,Abilities,,No Ability,100.0
2019-12_gen2ou-0.json,Jolteon,Items,,Leftovers,57.674
2019-12_gen2ou-0.json,Jolteon,Items,,Miracle Berry,13.256
2019-12_gen2ou-0.json,Jolteon,Items,,Magnet,11.86
2019-12_gen2ou-0.json,Jolteon,Items,,Nothing,10.0
2019-12_gen2ou-0.json,Jolteon,Items,,Scope Lens,2.093
2019-12_gen2ou-0.json,Jolteon,Items,,PRZ Cure Berry,1.628
2019-12_gen2ou-0.json,Jolteon,Items,,Other,3.488
2019-12_gen2ou-0.json,Jolteon,Spreads,,Other,1.628
2019-12_gen2ou-0.json,Jolteon,Moves,,Thunderbolt,73.488
2019-12_gen2ou-0.json,Jolteon,Moves,,Baton Pass,55.116
2019-12_gen2ou-0.json,Jolteon,Moves,,Agility,45.581
2019-12_gen2ou-0.json,Jolteon,Moves,,Thunder Wave,37.907
2019-12_gen2ou-0.json,Jolteon,Moves,,Thunder,26.977
2019-12_gen2ou-0.json,Jolteon,Moves,,Hidden Power Water,19.535
2019-12_gen2ou-0.json,Jolteon,Moves,,Substitute,14.884
2019-12_gen2ou-0.json,Jolteon,Moves,,Growth,14.186
2019-12_gen2ou-0.json,Jolteon,Moves,,Hidden Power Ice,11.163
2019-12_gen2ou-0.json,Jolteon,Moves,,Hidden Power Grass,9.767
2019-12_gen2ou-0.json,Jolteon,Moves,,Roar,9.07
2019-12_gen2ou-0.json,Jolteon,Moves,,Shadow Ball,8.372
2019-12_gen2ou-0.json,Jolteon,Moves,,Body Slam,8.372
2019-12_gen2ou-0.json,Jolteon,Moves,,Double Kick,8.372
2019-12_gen2ou-0.json,Jolteon,Moves,,Rain Dance,6.977
2019-12_gen2ou-0.json,Jolteon,Moves,,Bite,6.512
2019-12_gen2ou-0.json,Jolteon,Moves,,Toxic,5.814
2019-12_gen2ou-0.json,Jolteon,Moves,,Pin Missile,4.186
2019-12_gen2ou-0.json,Jolteon,Moves,,Reflect,3.721
2019-12_gen2ou-0.json,Jolteon,Moves,,Charm,3.721
2019-12_gen2ou-0.json,Jolteon,Moves,,Thunder Shock,2.791
2019-12_gen2ou-0.json,Jolteon,Moves,,Rest,2.326
2019-12_gen2ou-0.json,Jolteon,Moves,,Hidden Power Fire,2.093
2019-12_gen2ou-0.json,Jolteon,Moves,,Other,19.07
2019-12_gen2ou-0.json,Ampharos,Stats,Raw count,,402
2019-12_gen2ou-0.json,Ampharos,Stats,Avg. weight,,1.0
2019-12_gen2ou-0.json,Ampharos,Stats,Viability Ceiling,,77
2019-12_gen2ou-0.json,Ampharos,Stats,Serious,,98.259
2019-12_gen2ou-0.json,Ampharos,Abilities,,No Ability,100.0
2019-12_gen2ou-0.json,Ampharos,Items,,Leftovers,70.647
2019-12_gen2ou-0.json,Ampharos,Items,,Magnet,11.94
2019-12_gen2ou-0.json,Ampharos,Items,,Nothing,7.96
2019-12_gen2ou-0.json,Ampharos,Items,,Quick Claw,3.731
2019-12_gen2ou-0.json,Ampharos,Items,,Gold Berry,1.493
2019-12_gen2ou-0.json,Ampharos,Items,,Other,4.229
2019-12_gen2ou-0.json,Ampharos,Spreads,,Other,1.741
2019-12_gen2ou-0.json,Ampharos,Moves,,Thunderbolt,79.602
2019-12_gen2ou-0.json,Ampharos,Moves,,Fire Punch,67.164
2019-12_gen2ou-0.json,Ampharos,Moves,,Thunder Wave,63.93
2019-12_gen2ou-0.json,Ampharos,Moves,,Dynamic Punch,49.751
2019-12_gen2ou-0.json,Ampharos,Moves,,Thunder,25.622
2019-12_gen2ou-0.json,Ampharos,Moves,,Thunder Punch,16.169
2019-12_gen2ou-0.json,Ampharos,Moves,,Sleep Talk,11.194
2019-12_gen2ou-0.json,Ampharos,Moves,,Rest,10.697
2019-12_gen2ou-0.json,Ampharos,Moves,,Hidden Power Ice,9.204
2019-12_gen2ou-0.json,Ampharos,Moves,,Toxic,8.706
2019-12_gen2ou-0.json,Ampharos,Moves,,Light Screen,8.458
2019-12_gen2ou-0.json,Ampharos,Moves,,Hidden Power Grass,8.209
2019-12_gen2ou-0.json,Ampharos,Moves,,Body Slam,7.711
2019-12_gen2ou-0.json,Ampharos,Moves,,Iron Tail,6.219
2019-12_gen2ou-0.json,Ampharos,Moves,,Protect,4.229
2019-12_gen2ou-0.json,Ampharos,Moves,,Flash,2.985
2019-12_gen2ou-0.json,Ampharos,Moves,,Zap Cannon,2.985
2019-12_gen2ou-0.json,Ampharos,Moves,,Other,17.164
2019-12_gen2ou-0.json,Meganium,Stats,Raw count,,351
2019-12_gen2ou-0.json,Meganium,Stats,Avg. weight,,1.0
2019-12_gen2ou-0.json,Meganium,Stats,Viability Ceiling,,81
2019-12_gen2ou-0.json,Meganium,Stats,Serious,,95.726
2019-12_gen2ou-0.json,Meganium,Abilities,,No Ability,100.0
2019-12_gen2ou-0.json,Meganium,Items,,Leftovers,74.359
2019-12_gen2ou-0.json,Meganium,Items,,PRZ Cure Berry,5.413
2019-12_gen2ou-0.json,Meganium,Items,,Miracle Seed,5.128
2019-12_gen2ou-0.json,Meganium,Items,,Nothing,4.274
2019-12_gen2ou-0.json,Meganium,Items,,Scope Lens,2.849
2019-12_gen2ou-0.json,Meganium,Items,,Gold Berry,2.564
2019-12_gen2ou-0.json,Meganium,Items,,Miracle Berry,2.564
2019-12_gen2ou-0.json,Meganium,Items,,Other,2.849
2019-12_gen2ou-0.json,Meganium,Spreads,,Other,4.274
2019-12_gen2ou-0.json,Meganium,Moves,,Giga Drain,62.678
2019-12_gen2ou-0.json,Meganium,Moves,,Leech Seed,59.829
2019-12_gen2ou-0.json,Meganium,Moves,,Synthesis,38.746
2019-12_gen2ou-0.json,Meganium,Moves,,Body Slam,34.188
2019-12_gen2ou-0.json,Meganium,Moves,,Earthquake,34.188
2019-12_gen2ou-0.json,Meganium,Moves,,Toxic,28.205
2019-12_gen2ou-0.json,Meganium,Moves,,Reflect,22.792
2019-12_gen2ou-0.json,Meganium,Moves,,Razor Leaf,20.513
2019-12_gen2ou-0.json,Meganium,Moves,,Protect,15.954
2019-12_gen2ou-0.json,Meganium,Moves,,Solar Beam,12.536
2019-12_gen2ou-0.json,Meganium,Moves,,Light Screen,11.396
2019-12_gen2ou-0.json,Meganium,Moves,,Rest,9.402
2019-12_gen2ou-0.json,Meganium,Moves,,Sunny Day,7.977
2019-12_gen2ou-0.json,Meganium,Moves,,Safeguard,4.843
2019-12_gen2ou-0.json,Meganium,Moves,,Ancient Power,4.843
2019-12_gen2ou-0.json,Meganium,Moves,,Swords Dance,4.274
2019-12_gen2ou-0.json,Meganium,Moves,,Attract,3.989
2019-12_gen2ou-0.json,Meganium,Moves,,Hidden Power Fire,2.564
2019-12_gen2ou-0.json,Meganium,Moves,,Petal Dance,2.564
2019-12_gen2ou-0.json,Meganium,Moves,,Other,18.519
2019-12_gen2ou-0.json,Rhydon,Stats,Raw count,,367
2019-12_gen2ou-0.json,Rhydon,Stats,Avg. weight,,1.0
2019-12_gen2ou-0.json,Rhydon,Stats,Viability Ceiling,,90
2019-12_gen2ou-0.json,Rhydon,Stats,Serious,,95.095
2019-12_gen2ou-0.json,Rhydon,Abilities,,No Ability,100.0
2019-12_gen2ou-0.json,Rhydon,Items,,Leftovers,86.376
2019-12_gen2ou-0.json,Rhydon,Items,,Nothing,3.542
2019-12_gen2ou-0.json,Rhydon,Items,,Hard Stone,2.18
2019-12_gen2ou-0.json,Rhydon,Items,,Soft Sand,1.635
2019-12_gen2ou-0.json,Rhydon,Items,,King's Rock,1.09
2019-12_gen2ou-0.json,Rhydon,Items,,Mint Berry,0.817
2019-12_gen2ou-0.json,Rhydon,Items,,Other,4.36
2019-12_gen2ou-0.json,Rhydon,Spreads,,Other,4.905
2019-12_gen2ou-0.json,Rhydon,Moves,,Earthquake,97.82
2019-12_gen2ou-0.json,Rhydon,Moves,,Rock Slide,81.744
2019-12_gen2ou-0.json,Rhydon,Moves,,Roar,55.858
2019-12_gen2ou-0.json,Rhydon,Moves,,Curse,46.049
2019-12_gen2ou-0.json,Rhydon,Moves,,Zap Cannon,10.354
2019-12_gen2ou-0.json,Rhydon,Moves,,Body Slam,9.809
2019-12_gen2ou-0.json,Rhydon,Moves,,Surf,9.537
2019-12_gen2ou-0.json,Rhydon,Moves,,Substitute,8.992
2019-12_gen2ou-0.json,Rhydon,Moves,,Ice Beam,7.629
2019-12_gen2ou-0.json,Rhydon,Moves,,Rest,6.267
2019-12_gen2ou-0.json,Rhydon,Moves,,Thunderbolt,6.267
2019-12_gen2ou-0.json,Rhydon,Moves,,Thunder Punch,5.177
2019-12_gen2ou-0.json,Rhydon,Moves,,Fire Blast,4.632
2019-12_gen2ou-0.json,Rhydon,Moves,,Dynamic Punch,4.632
2019-12_gen2ou-0.json,Rhydon,Moves,,Protect,4.632
2019-12_gen2ou-0.json,Rhydon,Moves,,Iron Tail,4.087
2019-12_gen2ou-0.json,Rhydon,Moves,,Double-Edge,4.087
2019-12_gen2ou-0.json,Rhydon,Moves,,Scary Face,3.27
2019-12_gen2ou-0.json,Rhydon,Moves,,Crunch,2.997
2019-12_gen2ou-0.json,Rhydon,Moves,,Hidden Power Fighting,2.452
2019-12_gen2ou-0.json,Rhydon,Moves,,Seismic Toss,2.18
2019-12_gen2ou-0.json,Rhydon,Moves,,Counter,1.907
2019-12_gen2ou-0.json,Rhydon,Moves,,Other,19.619
2019-12_gen2ou-0.json,Kingdra,Stats,Raw count,,324
2019-12_gen2ou-0.json,Kingdra,Stats,Avg. weight,,1.0
2019-12_gen2ou-0.json,Kingdra,Stats,Viability Ceiling,,90
2019-12_gen2ou-0.json,Kingdra,Stats,Serious,,95.988
2019-12_gen2ou-0.json,Kingdra,Abilities,,No Ability,100.0
2019-12_gen2ou-0.json,Kingdra,Items,,Leftovers,61.728
2019-12_gen2ou-0.json,Kingdra,Items,,Mystic Water,11.42
2019-12_gen2ou-0.json,Kingdra,Items,,Nothing,6.173
2019-12_gen2ou-0.json,Kingdra,Items,,Dragon Scale,6.173
2019-12_gen2ou-0.json,Kingdra,Items,,Quick Claw,4.938
2019-12_gen2ou-0.json,Kingdra,Items,,Mint Berry,2.469
2019-12_gen2ou-0.json,Kingdra,Items,,Dragon Fang,1.543
2019-12_gen2ou-0.json,Kingdra,Items,,Berry,1.235
2019-12_gen2ou-0.json,Kingdra,Items,,Other,4.321
2019-12_gen2ou-0.json,Kingdra,Spreads,,Other,4.012
2019-12_gen2ou-0.json,Kingdra,Moves,,Ice Beam,62.654
2019-12_gen2ou-0.json,Kingdra,Moves,,Surf,56.481
2019-12_gen2ou-0.json,Kingdra,Moves,,Dragon Breath,50.0
2019-12_gen2ou-0.json,Kingdra,Moves,,Hydro Pump,36.42
2019-12_gen2ou-0.json,Kingdra,Moves,,Rest,33.642
2019-12_gen2ou-0.json,Kingdra,Moves,,Toxic,29.938
2019-12_gen2ou-0.json,Kingdra,Moves,,Sleep Talk,26.852
2019-12_gen2ou-0.json,Kingdra,Moves,,Double-Edge,18.519
2019-12_gen2ou-0.json,Kingdra,Moves,,Hidden Power Dragon,12.037
2019-12_gen2ou-0.json,Kingdra,Moves,,Blizzard,9.877
2019-12_gen2ou-0.json,Kingdra,Moves,,Hidden Power Electric,5.864
2019-12_gen2ou-0.json,Kingdra,Moves,,Hyper Beam,5.864
2019-12_gen2ou-0.json,Kingdra,Moves,,Haze,5.556
2019-12_gen2ou-0.json,Kingdra,Moves,,Waterfall,5.556
2019-12_gen2ou-0.json,Kingdra,Moves,,Smokescreen,5.247
2019-12_gen2ou-0.json,Kingdra,Moves,,Rain Dance,4.63
2019-12_gen2ou-0.json,Kingdra,Moves,,Agility,4.321
2019-12_gen2ou-0.json,Kingdra,Moves,,Dragon Rage,3.086
2019-12_gen2ou-0.json,Kingdra,Moves,,Aurora Beam,2.778
2019-12_gen2ou-0.json,Kingdra,Moves,,Disable,2.778
2019-12_gen2ou-0.json,Kingdra,Moves,,Other,17.901
2019-12_gen2ou-0.json,Blastoise,Stats,Raw count,,330
2019-12_gen2ou-0.json,Blastoise,Stats,Avg. weight,,1.0
2019-12_gen2ou-0.json,Blastoise,Stats,Viability Ceiling,,86
2019-12_gen2ou-0.json,Blastoise,Stats,Serious,,11.212
2019-12_gen2ou-0.json,Blastoise,Abilities,,No Ability,100.0
2019-12_gen2ou-0.json,Blastoise,Items,,Leftovers,70.606
2019-12_gen2ou-0.json,Blastoise,Items,,Nothing,13.636
2019-12_gen2ou-0.json,Blastoise,Items,,Mystic Water,12.121
2019-12_gen2ou-0.json,Blastoise,Items,,Other,3.636
2019-12_gen2ou-0.json,Blastoise,Spreads,,Other,4.242
2019-12_gen2ou-0.json,Blastoise,Moves,,Surf,88.182
2019-12_gen2ou-0.json,Blastoise,Moves,,Earthquake,54.545
2019-12_gen2ou-0.json,Blastoise,Moves,,Rapid Spin,48.485
2019-12_gen2ou-0.json,Blastoise,Moves,,Haze,40.606
2019-12_gen2ou-0.json,Blastoise,Moves,,Ice Beam,26.364
2019-12_gen2ou-0.json,Blastoise,Moves,,Blizzard,22.121
2019-12_gen2ou-0.json,Blastoise,Moves,,Hydro Pump,21.818
2019-12_gen2ou-0.json,Blastoise,Moves,,Rain Dance,20.606
2019-12_gen2ou-0.json,Blastoise,Moves,,Whirlpool,16.667
2019-12_gen2ou-0.json,Blastoise,Moves,,Protect,8.485
2019-12_gen2ou-0.json,Blastoise,Moves,,Rest,6.364
2019-12_gen2ou-0.json,Blastoise,Moves,,Zap Cannon,6.364
2019-12_gen2ou-0.json,Blastoise,Moves,,Toxic,4.242
2019-12_gen2ou-0.json,Blastoise,Moves,,Reflect,3.939
2019-12_gen2ou-0.json,Blastoise,Moves,,Waterfall,3.333
2019-12_gen2ou-0.json,Blastoise,Moves,,Body Slam,3.333
2019-12_gen2ou-0.json,Blastoise,Moves,,Double-Edge,3.333
2019-12_gen2ou-0.json,Blastoise,Moves,,Sleep Talk,2.424
2019-12_gen2ou-0.json,Blastoise,Moves,,Other,18.788
2019-12_gen2ou-0.json,Quagsire,Stats,Raw count,,302
2019-12_gen2ou-0.json,Quagsire,Stats,Avg. weight,,1.0
2019-12_gen2ou-0.json,Quagsire,Stats,Viability Ceiling,,88
2019-12_gen2ou-0.json,Quagsire,Stats,Serious,,99.007
2019-12_gen2ou-0.json,Quagsire,Abilities,,No Ability,100.0
2019-12_gen2ou-0.json,Quagsire,Items,,Leftovers,89.073
2019-12_gen2ou-0.json,Quagsire,Items,,Nothing,3.642
2019-12_gen2ou-0.json,Quagsire,Items,,Mint Berry,2.98
2019-12_gen2ou-0.json,Quagsire,Items,,Other,4.305
2019-12_gen2ou-0.json,Quagsire,Spreads,,Other,0.993
2019-12_gen2ou-0.json,Quagsire,Moves,,Earthquake,98.344
2019-12_gen2ou-0.json,Quagsire,Moves,,Rest,77.152
2019-12_gen2ou-0.json,Quagsire,Moves,,Curse,40.728
2019-12_gen2ou-0.json,Quagsire,Moves,,Belly Drum,38.742
2019-12_gen2ou-0.json,Quagsire,Moves,,Sludge Bomb,35.43
2019-12_gen2ou-0.json,Quagsire,Moves,,Hidden Power Rock,34.437
2019-12_gen2ou-0.json,Quagsire,Moves,,Surf,20.861
2019-12_gen2ou-0.json,Quagsire,Moves,,Ice Beam,13.907
2019-12_gen2ou-0.json,Quagsire,Moves,,Ancient Power,8.278
2019-12_gen2ou-0.json,Quagsire,Moves,,Return,4.305
2019-12_gen2ou-0.json,Quagsire,Moves,,Ice Punch,4.305
2019-12_gen2ou-0.json,Quagsire,Moves,,Protect,3.311
2019-12_gen2ou-0.json,Quagsire,Moves,,Body Slam,2.98
2019-12_gen2ou-0.json,Quagsire,Moves,,Other,17.219
2019-12_gen2ou-0.json,Pikachu,Stats,Raw count,,290
2019-12_gen2ou-0.json,Pikachu,Stats,Avg. weight,,1.0
2019-12_gen2ou-0.json,Pikachu,Stats,Viability Ceiling,,66
2019-12_gen2ou-0.json,Pikachu,Stats,Serious,,3.448
2019-12_gen2ou-0.json,Pikachu,Abilities,,No Ability,100.0
2019-12_gen2ou-0.json,Pikachu,Items,,Light Ball,63.103
2019-12_gen2ou-0.json,Pikachu,Items,,Leftovers,17.241
2019-12_gen2ou-0.json,Pikachu,Items,,Nothing,14.828
2019-12_gen2ou-0.json,Pikachu,Items,,Other,4.828
2019-12_gen2ou-0.json,Pikachu,Spreads,,Other,3.103
2019-12_gen2ou-0.json,Pikachu,Moves,,Thunderbolt,82.414
2019-12_gen2ou-0.json,Pikachu,Moves,,Thunder,44.828
2019-12_gen2ou-0.json,Pikachu,Moves,,Surf,41.724
2019-12_gen2ou-0.json,Pikachu,Moves,,Quick Attack,41.379
2019-12_gen2ou-0.json,Pikachu,Moves,,Agility,20.69
2019-12_gen2ou-0.json,Pikachu,Moves,,Thunder Wave,20.345
2019-12_gen2ou-0.json,Pikachu,Moves,,Charm,18.621
2019-12_gen2ou-0.json,Pikachu,Moves,,Hidden Power Fire,17.241
2019-12_gen2ou-0.json,Pikachu,Moves,,Iron Tail,13.793
2019-12_gen2ou-0.json,Pikachu,Moves,,Body Slam,11.379
2019-12_gen2ou-0.json,Pikachu,Moves,,Seismic Toss,9.655
2019-12_gen2ou-0.json,Pikachu,Moves,,Substitute,8.966
2019-12_gen2ou-0.json,Pikachu,Moves,,Double-Edge,7.586
2019-12_gen2ou-0.json,Pikachu,Moves,,Hidden Power Ice,6.897
2019-12_gen2ou-0.json,Pikachu,Moves,,Thunder Punch,6.207
2019-12_gen2ou-0.json,Pikachu,Moves,,Hidden Power Grass,4.828
2019-12_gen2ou-0.json,Pikachu,Moves,,Fly,4.828
2019-12_gen2ou-0.json,Pikachu,Moves,,Return,4.483
2019-12_gen2ou-0.json,Pikachu,Moves,,Protect,3.793
2019-12_gen2ou-0.json,Pikachu,Moves,,Toxic,3.448
2019-12_gen2ou-0.json,Pikachu,Moves,,Thunder Shock,3.448
2019-12_gen2ou-0.json,Pikachu,Moves,,Nothing,3.103
2019-12_gen2ou-0.json,Pikachu,Moves,,Flash,1.724
2019-12_gen2ou-0.json,Pikachu,Moves,,Other,18.621
2019-12_gen2ou-0.json,Smeargle,Stats,Raw count,,262
2019-12_gen2ou-0.json,Smeargle,Stats,Avg. weight,,1.0
2019-12_gen2ou-0.json,Smeargle,Stats,Viability Ceiling,,85
2019-12_gen2ou-0.json,Smeargle,Stats,Serious,,98.473
2019-12_gen2ou-0.json,Smeargle,Abilities,,No Ability,100.0
2019-12_gen2ou-0.json,Smeargle,Items,,Miracle Berry,56.87
2019-12_gen2ou-0.json,Smeargle,Items,,Leftovers,17.176
2019-12_gen2ou-0.json,Smeargle,Items,,Quick Claw,14.504
2019-12_gen2ou-0.json,Smeargle,Items,,Bright Powder,7.252
2019-12_gen2ou-0.json,Smeargle,Items,,Other,4.198
2019-12_gen2ou-0.json,Smeargle,Spreads,,Other,1.527
2019-12_gen2ou-0.json,Smeargle,Moves,,Spore,83.588
2019-12_gen2ou-0.json,Smeargle,Moves,,Spikes,75.954
2019-12_gen2ou-0.json,Smeargle,Moves,,Seismic Toss,33.588
2019-12_gen2ou-0.json,Smeargle,Moves,,Heal Bell,32.061
2019-12_gen2ou-0.json,Smeargle,Moves,,Baton Pass,22.519
2019-12_gen2ou-0.json,Smeargle,Moves,,Whirlwind,14.504
2019-12_gen2ou-0.json,Smeargle,Moves,,Encore,13.74
2019-12_gen2ou-0.json,Smeargle,Moves,,Agility,12.214
2019-12_gen2ou-0.json,Smeargle,Moves,,Belly Drum,10.687
2019-12_gen2ou-0.json,Smeargle,Moves,,Thunder Wave,10.305
2019-12_gen2ou-0.json,Smeargle,Moves,,Mirror Coat,9.542
2019-12_gen2ou-0.json,Smeargle,Moves,,Toxic,8.779
2019-12_gen2ou-0.json,Smeargle,Moves,,Super Fang,8.779
2019-12_gen2ou-0.json,Smeargle,Moves,,Sleep Powder,7.252
2019-12_gen2ou-0.json,Smeargle,Moves,,Recover,4.198
2019-12_gen2ou-0.json,Smeargle,Moves,,Swords Dance,4.198
2019-12_gen2ou-0.json,Smeargle,Moves,,Destiny Bond,3.817
2019-12_gen2ou-0.json,Smeargle,Moves,,Sacred Fire,3.435
2019-12_gen2ou-0.json,Smeargle,Moves,,Mean Look,3.435
2019-12_gen2ou-0.json,Smeargle,Moves,,Amnesia,3.053
2019-12_gen2ou-0.json,Smeargle,Moves,,Light Screen,3.053
2019-12_gen2ou-0.json,Smeargle,Moves,,Stun Spore,2.672
2019-12_gen2ou-0.json,Smeargle,Moves,,Megahorn,2.29
2019-12_gen2ou-0.json,Smeargle,Moves,,Protect,2.29
2019-12_gen2ou-0.json,Smeargle,Moves,,Nothing,1.908
2019-12_gen2ou-0.json,Smeargle,Moves,,Drill Peck,1.908
2019-12_gen2ou-0.json,Smeargle,Moves,,Acid Armor,1.908
2019-12_gen2ou-0.json,Smeargle,Moves,,Other,18.321
2019-12_gen2ou-0.json,Muk,Stats,Raw count,,233
2019-12_gen2ou-0.json,Muk,Stats,Avg. weight,,1.0
2019-12_gen2ou-0.json,Muk,Stats,Viability Ceiling,,85
2019-12_gen2ou-0.json,Muk,Stats,Serious,,99.142
2019-12_gen2ou-0.json,Muk,Abilities,,No Ability,100.0
2019-12_gen2ou-0.json,Muk,Items,,Leftovers,86.266
2019-12_gen2ou-0.json,Muk,Items,,Pink Bow,5.15
2019-12_gen2ou-0.json,Muk,Items,,Poison Barb,3.433
2019-12_gen2ou-0.json,Muk,Items,,Scope Lens,2.146
2019-12_gen2ou-0.json,Muk,Items,,Other,3.004
2019-12_gen2ou-0.json,Muk,Spreads,,Other,0.858
2019-12_gen2ou-0.json,Muk,Moves,,Explosion,87.554
2019-12_gen2ou-0.json,Muk,Moves,,Sludge Bomb,87.124
2019-12_gen2ou-0.json,Muk,Moves,,Fire Blast,65.665
2019-12_gen2ou-0.json,Muk,Moves,,Curse,50.644
2019-12_gen2ou-0.json,Muk,Moves,,Giga Drain,18.884
2019-12_gen2ou-0.json,Muk,Moves,,Screech,15.88
2019-12_gen2ou-0.json,Muk,Moves,,Body Slam,14.592
2019-12_gen2ou-0.json,Muk,Moves,,Return,12.876
2019-12_gen2ou-0.json,Muk,Moves,,Toxic,7.725
2019-12_gen2ou-0.json,Muk,Moves,,Dynamic Punch,7.296
2019-12_gen2ou-0.json,Muk,Moves,,Hidden Power Ghost,5.15
2019-12_gen2ou-0.json,Muk,Moves,,Thunderbolt,4.721
2019-12_gen2ou-0.json,Muk,Moves,,Flamethrower,3.863
2019-12_gen2ou-0.json,Muk,Moves,,Other,18.026
2019-12_gen2ou-0.json,Feraligatr,Stats,Raw count,,220
2019-12_gen2ou-0.json,Feraligatr,Stats,Avg. weight,,1.0
2019-12_gen2ou-0.json,Feraligatr,Stats,Viability Ceiling,,62
2019-12_gen2ou-0.json,Feraligatr,Stats,Serious,,1.818
2019-12_gen2ou-0.json,Feraligatr,Abilities,,No Ability,100.0
2019-12_gen2ou-0.json,Feraligatr,Items,,Leftovers,54.091
2019-12_gen2ou-0.json,Feraligatr,Items,,Mystic Water,16.818
2019-12_gen2ou-0.json,Feraligatr,Items,,Nothing,12.273
2019-12_gen2ou-0.json,Feraligatr,Items,,Focus Band,5.455
2019-12_gen2ou-0.json,Feraligatr,Items,,Scope Lens,2.273
2019-12_gen2ou-0.json,Feraligatr,Items,,Mint Berry,1.818
2019-12_gen2ou-0.json,Feraligatr,Items,,PSN Cure Berry,1.818
2019-12_gen2ou-0.json,Feraligatr,Items,,Gold Berry,1.364
2019-12_gen2ou-0.json,Feraligatr,Items,,Other,4.091
2019-12_gen2ou-0.json,Feraligatr,Spreads,,Other,3.182
2019-12_gen2ou-0.json,Feraligatr,Moves,,Hydro Pump,57.273
2019-12_gen2ou-0.json,Feraligatr,Moves,,Surf,56.364
2019-12_gen2ou-0.json,Feraligatr,Moves,,Crunch,50.909
2019-12_gen2ou-0.json,Feraligatr,Moves,,Earthquake,43.182
2019-12_gen2ou-0.json,Feraligatr,Moves,,Ice Beam,42.727
2019-12_gen2ou-0.json,Feraligatr,Moves,,Ice Punch,20.909
2019-12_gen2ou-0.json,Feraligatr,Moves,,Rock Slide,16.364
2019-12_gen2ou-0.json,Feraligatr,Moves,,Slash,9.545
2019-12_gen2ou-0.json,Feraligatr,Moves,,Blizzard,9.091
2019-12_gen2ou-0.json,Feraligatr,Moves,,Bite,7.727
2019-12_gen2ou-0.json,Feraligatr,Moves,,Toxic,7.273
2019-12_gen2ou-0.json,Feraligatr,Moves,,Rain Dance,6.818
2019-12_gen2ou-0.json,Feraligatr,Moves,,Rest,5.909
2019-12_gen2ou-0.json,Feraligatr,Moves,,Roar,5.909
2019-12_gen2ou-0.json,Feraligatr,Moves,,Icy Wind,5.455
2019-12_gen2ou-0.json,Feraligatr,Moves,,Detect,5.0
2019-12_gen2ou-0.json,Feraligatr,Moves,,Hidden Power Fighting,4.545
2019-12_gen2ou-0.json,Feraligatr,Moves,,Hidden Power Electric,4.091
2019-12_gen2ou-0.json,Feraligatr,Moves,,Hyper Beam,4.091
2019-12_gen2ou-0.json,Feraligatr,Moves,,Frustration,3.636
2019-12_gen2ou-0.json,Feraligatr,Moves,,Hidden Power Fire,3.182
2019-12_gen2ou-0.json,Feraligatr,Moves,,Strength,3.182
2019-12_gen2ou-0.json,Feraligatr,Moves,,Water Gun,3.182
2019-12_gen2ou-0.json,Feraligatr,Moves,,Rage,2.727
2019-12_gen2ou-0.json,Feraligatr,Moves,,Scary Face,1.818
2019-12_gen2ou-0.json,Feraligatr,Moves,,Other,19.091
2019-12_gen2ou-0.json,Aerodactyl,Stats,Raw count,,214
2019-12_gen2ou-0.json,Aerodactyl,Stats,Avg. weight,,1.0
2019-12_gen2ou-0.json,Aerodactyl,Stats,Viability Ceiling,,90
2019-12_gen2ou-0.json,Aerodactyl,Stats,Serious,,97.196
2019-12_gen2ou-0.json,Aerodactyl,Abilities,,No Ability,100.0
2019-12_gen2ou-0.json,Aerodactyl,Items,,Leftovers,69.626
2019-12_gen2ou-0.json,Aerodactyl,Items,,Mint Berry,14.486
2019-12_gen2ou-0.json,Aerodactyl,Items,,Hard Stone,5.14
2019-12_gen2ou-0.json,Aerodactyl,Items,,Berserk Gene,2.336
2019-12_gen2ou-0.json,Aerodactyl,Items,,King's Rock,2.336
2019-12_gen2ou-0.json,Aerodactyl,Items,,Scope Lens,1.869
2019-12_gen2ou-0.json,Aerodactyl,Items,,Other,4.206
2019-12_gen2ou-0.json,Aerodactyl,Spreads,,Other,2.804
2019-12_gen2ou-0.json,Aerodactyl,Moves,,Earthquake,89.72
2019-12_gen2ou-0.json,Aerodactyl,Moves,,Whirlwind,48.598
2019-12_gen2ou-0.json,Aerodactyl,Moves,,Hidden Power Rock,32.243
2019-12_gen2ou-0.json,Aerodactyl,Moves,,Flamethrower,30.841
2019-12_gen2ou-0.json,Aerodactyl,Moves,,Rest,27.57
2019-12_gen2ou-0.json,Aerodactyl,Moves,,Ancient Power,26.636
2019-12_gen2ou-0.json,Aerodactyl,Moves,,Fire Blast,26.168
2019-12_gen2ou-0.json,Aerodactyl,Moves,,Substitute,13.551
2019-12_gen2ou-0.json,Aerodactyl,Moves,,Bite,10.748
2019-12_gen2ou-0.json,Aerodactyl,Moves,,Wing Attack,10.748
2019-12_gen2ou-0.json,Aerodactyl,Moves,,Reflect,9.346
2019-12_gen2ou-0.json,Aerodactyl,Moves,,Double-Edge,8.879
2019-12_gen2ou-0.json,Aerodactyl,Moves,,Return,8.411
2019-12_gen2ou-0.json,Aerodactyl,Moves,,Fly,8.411
2019-12_gen2ou-0.json,Aerodactyl,Moves,,Hidden Power Flying,7.477
2019-12_gen2ou-0.json,Aerodactyl,Moves,,Hyper Beam,5.14
2019-12_gen2ou-0.json,Aerodactyl,Moves,,Dragon Breath,4.673
2019-12_gen2ou-0.json,Aerodactyl,Moves,,Sky Attack,4.206
2019-12_gen2ou-0.json,Aerodactyl,Moves,,Steel Wing,3.271
2019-12_gen2ou-0.json,Aerodactyl,Moves,,Iron Tail,3.271
2019-12_gen2ou-0.json,Aerodactyl,Moves,,Rock Throw,2.804
2019-12_gen2ou-0.json,Aerodactyl,Moves,,Other,17.29
2019-12_gen2ou-0.json,Arcanine,Stats,Raw count,,208
2019-12_gen2ou-0.json,Arcanine,Stats,Avg. weight,,1.0
2019-12_gen2ou-0.json,Arcanine,Stats,Viability Ceiling,,65
2019-12_gen2ou-0.json,Arcanine,Stats,Serious,,99.038
2019-12_gen2ou-0.json,Arcanine,Abilities,,No Ability,100.0
2019-12_gen2ou-0.json,Arcanine,Items,,Leftovers,62.019
2019-12_gen2ou-0.json,Arcanine,Items,,Charcoal,25.962
2019-12_gen2ou-0.json,Arcanine,Items,,Nothing,5.769
2019-12_gen2ou-0.json,Arcanine,Items,,Berry,2.404
2019-12_gen2ou-0.json,Arcanine,Items,,Other,3.846
2019-12_gen2ou-0.json,Arcanine,Spreads,,Other,0.962
2019-12_gen2ou-0.json,Arcanine,Moves,,Fire Blast,67.788
2019-12_gen2ou-0.json,Arcanine,Moves,,Extreme Speed,59.615
2019-12_gen2ou-0.json,Arcanine,Moves,,Flamethrower,53.365
2019-12_gen2ou-0.json,Arcanine,Moves,,Crunch,26.923
2019-12_gen2ou-0.json,Arcanine,Moves,,Curse,24.038
2019-12_gen2ou-0.json,Arcanine,Moves,,Roar,19.712
2019-12_gen2ou-0.json,Arcanine,Moves,,Rest,16.827
2019-12_gen2ou-0.json,Arcanine,Moves,,Iron Tail,16.346
2019-12_gen2ou-0.json,Arcanine,Moves,,Sleep Talk,14.904
2019-12_gen2ou-0.json,Arcanine,Moves,,Hidden Power Fighting,13.942
2019-12_gen2ou-0.json,Arcanine,Moves,,Body Slam,13.462
2019-12_gen2ou-0.json,Arcanine,Moves,,Attract,8.173
2019-12_gen2ou-0.json,Arcanine,Moves,,Hidden Power Electric,7.212
2019-12_gen2ou-0.json,Arcanine,Moves,,Dragon Breath,5.769
2019-12_gen2ou-0.json,Arcanine,Moves,,Hidden Power Grass,5.769
2019-12_gen2ou-0.json,Arcanine,Moves,,Protect,5.769
2019-12_gen2ou-0.json,Arcanine,Moves,,Frustration,4.808
2019-12_gen2ou-0.json,Arcanine,Moves,,Toxic,4.808
2019-12_gen2ou-0.json,Arcanine,Moves,,Agility,4.808
2019-12_gen2ou-0.json,Arcanine,Moves,,Hidden Power Rock,3.846
2019-12_gen2ou-0.json,Arcanine,Moves,,Return,3.365
2019-12_gen2ou-0.json,Arcanine,Moves,,Other,18.75
2019-12_gen2ou-0.json,Donphan,Stats,Raw count,,203
2019-12_gen2ou-0.json,Donphan,Stats,Avg. weight,,1.0
2019-12_gen2ou-0.json,Donphan,Stats,Viability Ceiling,,76
2019-12_gen2ou-0.json,Donphan,Stats,Serious,,98.030
2019-12_gen2ou-0.json,Donphan,Abilities,,No Ability,100.0
2019-12_gen2ou-0.json,Donphan,Items,,Leftovers,71.921
2019-12_gen2ou-0.json,Donphan,Items,,Nothing,10.345
2019-12_gen2ou-0.json,Donphan,Items,,Soft Sand,5.911
2019-12_gen2ou-0.json,Donphan,Items,,Berserk Gene,4.926
2019-12_gen2ou-0.json,Donphan,Items,,Gold Berry,2.956
2019-12_gen2ou-0.json,Donphan,Items,,Other,3.941
2019-12_gen2ou-0.json,Donphan,Spreads,,Other,1.97
2019-12_gen2ou-0.json,Donphan,Moves,,Earthquake,96.059
2019-12_gen2ou-0.json,Donphan,Moves,,Body Slam,60.591
2019-12_gen2ou-0.json,Donphan,Moves,,Rest,49.261
2019-12_gen2ou-0.json,Donphan,Moves,,Roar,40.887
2019-12_gen2ou-0.json,Donphan,Moves,,Rapid Spin,26.108
2019-12_gen2ou-0.json,Donphan,Moves,,Rollout,15.271
2019-12_gen2ou-0.json,Donphan,Moves,,Double-Edge,13.3
2019-12_gen2ou-0.json,Donphan,Moves,,Ancient Power,11.823
2019-12_gen2ou-0.json,Donphan,Moves,,Protect,10.837
2019-12_gen2ou-0.json,Donphan,Moves,,Curse,8.374
2019-12_gen2ou-0.json,Donphan,Moves,,Return,8.374
2019-12_gen2ou-0.json,Donphan,Moves,,Sleep Talk,7.389
2019-12_gen2ou-0.json,Donphan,Moves,,Hidden Power Fighting,6.404
2019-12_gen2ou-0.json,Donphan,Moves,,Take Down,5.419
2019-12_gen2ou-0.json,Donphan,Moves,,Defense Curl,5.419
2019-12_gen2ou-0.json,Donphan,Moves,,Hidden Power Fire,4.926
2019-12_gen2ou-0.json,Donphan,Moves,,Hyper Beam,4.433
2019-12_gen2ou-0.json,Donphan,Moves,,Sandstorm,4.433
2019-12_gen2ou-0.json,Donphan,Moves,,Headbutt,3.941
2019-12_gen2ou-0.json,Donphan,Moves,,Other,16.749
2019-12_gen2ou-0.json,Lapras,Stats,Raw count,,179
2019-12_gen2ou-0.json,Lapras,Stats,Avg. weight,,1.0
2019-12_gen2ou-0.json,Lapras,Stats,Viability Ceiling,,85
2019-12_gen2ou-0.json,Lapras,Stats,Serious,,9.497
2019-12_gen2ou-0.json,Lapras,Abilities,,No Ability,100.0
2019-12_gen2ou-0.json,Lapras,Items,,Leftovers,68.715
2019-12_gen2ou-0.json,Lapras,Items,,Nothing,13.408
2019-12_gen2ou-0.json,Lapras,Items,,Quick Claw,4.469
2019-12_gen2ou-0.json,Lapras,Items,,Gold Berry,3.911
2019-12_gen2ou-0.json,Lapras,Items,,King's Rock,3.352
2019-12_gen2ou-0.json,Lapras,Items,,Mystic Water,2.793
2019-12_gen2ou-0.json,Lapras,Items,,Other,3.352
2019-12_gen2ou-0.json,Lapras,Spreads,,Other,0.559
2019-12_gen2ou-0.json,Lapras,Moves,,Ice Beam,82.682
2019-12_gen2ou-0.json,Lapras,Moves,,Surf,43.017
2019-12_gen2ou-0.json,Lapras,Moves,,Hydro Pump,36.872
2019-12_gen2ou-0.json,Lapras,Moves,,Thunderbolt,28.492
2019-12_gen2ou-0.json,Lapras,Moves,,Thunder,24.581
2019-12_gen2ou-0.json,Lapras,Moves,,Rest,23.464
2019-12_gen2ou-0.json,Lapras,Moves,,Sleep Talk,21.788
2019-12_gen2ou-0.json,Lapras,Moves,,Psychic,17.877
2019-12_gen2ou-0.json,Lapras,Moves,,Protect,17.877
2019-12_gen2ou-0.json,Lapras,Moves,,Blizzard,15.642
2019-12_gen2ou-0.json,Lapras,Moves,,Body Slam,13.966
2019-12_gen2ou-0.json,Lapras,Moves,,Confuse Ray,13.408
2019-12_gen2ou-0.json,Lapras,Moves,,Perish Song,13.408
2019-12_gen2ou-0.json,Lapras,Moves,,Reflect,9.497
2019-12_gen2ou-0.json,Lapras,Moves,,Sing,7.263
2019-12_gen2ou-0.json,Lapras,Moves,,Whirlpool,6.704
2019-12_gen2ou-0.json,Lapras,Moves,,Double-Edge,6.145
2019-12_gen2ou-0.json,Lapras,Moves,,Other,17.318
2019-12_gen2ou-0.json,Moltres,Stats,Raw count,,153
2019-12_gen2ou-0.json,Moltres,Stats,Avg. weight,,1.0
2019-12_gen2ou-0.json,Moltres,Stats,Viability Ceiling,,77
2019-12_gen2ou-0.json,Moltres,Stats,Serious,,11.111
2019-12_gen2ou-0.json,Moltres,Abilities,,No Ability,100.0
2019-12_gen2ou-0.json,Moltres,Items,,Leftovers,56.209
2019-12_gen2ou-0.json,Moltres,Items,,Charcoal,35.294
2019-12_gen2ou-0.json,Moltres,Items,,Nothing,4.575
2019-12_gen2ou-0.json,Moltres,Items,,Other,3.922
2019-12_gen2ou-0.json,Moltres,Moves,,Fire Blast,90.85
2019-12_gen2ou-0.json,Moltres,Moves,,Hidden Power Grass,56.209
2019-12_gen2ou-0.json,Moltres,Moves,,Flamethrower,47.712
2019-12_gen2ou-0.json,Moltres,Moves,,Rest,39.869
2019-12_gen2ou-0.json,Moltres,Moves,,Sunny Day,31.373
2019-12_gen2ou-0.json,Moltres,Moves,,Toxic,24.837
2019-12_gen2ou-0.json,Moltres,Moves,,Sleep Talk,19.608
2019-12_gen2ou-0.json,Moltres,Moves,,Double-Edge,18.954
2019-12_gen2ou-0.json,Moltres,Moves,,Agility,18.301
2019-12_gen2ou-0.json,Moltres,Moves,,Substitute,11.765
2019-12_gen2ou-0.json,Moltres,Moves,,Fire Spin,5.882
2019-12_gen2ou-0.json,Moltres,Moves,,Fly,5.882
2019-12_gen2ou-0.json,Moltres,Moves,,Sky Attack,5.229
2019-12_gen2ou-0.json,Moltres,Moves,,Reflect,4.575
2019-12_gen2ou-0.json,Moltres,Moves,,Other,18.954
2019-12_gen2ou-0.json,Tauros,Stats,Raw count,,152
2019-12_gen2ou-0.json,Tauros,Stats,Avg. weight,,1.0
2019-12_gen2ou-0.json,Tauros,Stats,Viability Ceiling,,70
2019-12_gen2ou-0.json,Tauros,Stats,Serious,,9.211
2019-12_gen2ou-0.json,Tauros,Abilities,,No Ability,100.0
2019-12_gen2ou-0.json,Tauros,Items,,Leftovers,53.947
2019-12_gen2ou-0.json,Tauros,Items,,Polkadot Bow,10.526
2019-12_gen2ou-0.json,Tauros,Items,,Berserk Gene,9.868
2019-12_gen2ou-0.json,Tauros,Items,,Focus Band,9.211
2019-12_gen2ou-0.json,Tauros,Items,,Nothing,5.263
2019-12_gen2ou-0.json,Tauros,Items,,Miracle Berry,4.605
2019-12_gen2ou-0.json,Tauros,Items,,Gold Berry,1.974
2019-12_gen2ou-0.json,Tauros,Items,,Other,4.605
2019-12_gen2ou-0.json,Tauros,Spreads,,Other,1.316
2019-12_gen2ou-0.json,Tauros,Moves,,Earthquake,91.447
2019-12_gen2ou-0.json,Tauros,Moves,,Double-Edge,55.921
2019-12_gen2ou-0.json,Tauros,Moves,,Rest,38.158
2019-12_gen2ou-0.json,Tauros,Moves,,Body Slam,34.868
2019-12_gen2ou-0.json,Tauros,Moves,,Sleep Talk,24.342
2019-12_gen2ou-0.json,Tauros,Moves,,Fire Blast,21.711
2019-12_gen2ou-0.json,Tauros,Moves,,Surf,17.763
2019-12_gen2ou-0.json,Tauros,Moves,,Hyper Beam,12.5
2019-12_gen2ou-0.json,Tauros,Moves,,Substitute,11.842
2019-12_gen2ou-0.json,Tauros,Moves,,Toxic,10.526
2019-12_gen2ou-0.json,Tauros,Moves,,Thunderbolt,9.868
2019-12_gen2ou-0.json,Tauros,Moves,,Pursuit,9.868
2019-12_gen2ou-0.json,Tauros,Moves,,Return,8.553
2019-12_gen2ou-0.json,Tauros,Moves,,Blizzard,7.237
2019-12_gen2ou-0.json,Tauros,Moves,,Hidden Power Dark,6.579
2019-12_gen2ou-0.json,Tauros,Moves,,Protect,4.605
2019-12_gen2ou-0.json,Tauros,Moves,,Ice Beam,3.947
2019-12_gen2ou-0.json,Tauros,Moves,,Thunder,3.289
2019-12_gen2ou-0.json,Tauros,Moves,,Headbutt,3.289
2019-12_gen2ou-0.json,Tauros,Moves,,Hidden Power Ghost,2.632
2019-12_gen2ou-0.json,Tauros,Moves,,Take Down,2.632
2019-12_gen2ou-0.json,Tauros,Moves,,Other,18.421
2019-12_gen2ou-0.json,Tentacruel,Stats,Raw count,,139
2019-12_gen2ou-0.json,Tentacruel,Stats,Avg. weight,,1.0
2019-12_gen2ou-0.json,Tentacruel,Stats,Viability Ceiling,,93
2019-12_gen2ou-0.json,Tentacruel,Stats,Serious,,8.633
2019-12_gen2ou-0.json,Tentacruel,Abilities,,No Ability,100.0
2019-12_gen2ou-0.json,Tentacruel,Items,,Leftovers,85.612
2019-12_gen2ou-0.json,Tentacruel,Items,,Mint Berry,7.194
2019-12_gen2ou-0.json,Tentacruel,Items,,Nothing,2.878
2019-12_gen2ou-0.json,Tentacruel,Items,,Other,4.317
2019-12_gen2ou-0.json,Tentacruel,Spreads,,Other,0.719
2019-12_gen2ou-0.json,Tentacruel,Moves,,Sludge Bomb,81.295
2019-12_gen2ou-0.json,Tentacruel,Moves,,Swords Dance,56.115
2019-12_gen2ou-0.json,Tentacruel,Moves,,Surf,56.115
2019-12_gen2ou-0.json,Tentacruel,Moves,,Substitute,46.043
2019-12_gen2ou-0.json,Tentacruel,Moves,,Hydro Pump,32.374
2019-12_gen2ou-0.json,Tentacruel,Moves,,Ice Beam,23.741
2019-12_gen2ou-0.json,Tentacruel,Moves,,Toxic,18.705
2019-12_gen2ou-0.json,Tentacruel,Moves,,Rest,17.986
2019-12_gen2ou-0.json,Tentacruel,Moves,,Rapid Spin,14.388
2019-12_gen2ou-0.json,Tentacruel,Moves,,Giga Drain,13.669
2019-12_gen2ou-0.json,Tentacruel,Moves,,Haze,6.475
2019-12_gen2ou-0.json,Tentacruel,Moves,,Double-Edge,6.475
2019-12_gen2ou-0.json,Tentacruel,Moves,,Reflect,5.036
2019-12_gen2ou-0.json,Tentacruel,Moves,,Protect,4.317
2019-12_gen2ou-0.json,Tentacruel,Moves,,Other,17.266
2019-12_gen2ou-0.json,Crobat,Stats,Raw count,,145
2019-12_gen2ou-0.json,Crobat,Stats,Avg. weight,,1.0
2019-12_gen2ou-0.json,Crobat,Stats,Viability Ceiling,,62
2019-12_gen2ou-0.json,Crobat,Stats,Serious,,4.138
2019-12_gen2ou-0.json,Crobat,Abilities,,No Ability,100.0
2019-12_gen2ou-0.json,Crobat,Items,,Leftovers,54.483
2019-12_gen2ou-0.json,Crobat,Items,,Focus Band,10.345
2019-12_gen2ou-0.json,Crobat,Items,,Poison Barb,8.966
2019-12_gen2ou-0.json,Crobat,Items,,Scope Lens,7.586
2019-12_gen2ou-0.json,Crobat,Items,,Nothing,4.828
2019-12_gen2ou-0.json,Crobat,Items,,Quick Claw,2.069
2019-12_gen2ou-0.json,Crobat,Items,,King's Rock,2.069
2019-12_gen2ou-0.json,Crobat,Items,,Sharp Beak,1.379
2019-12_gen2ou-0.json,Crobat,Items,,Black Glasses,1.379
2019-12_gen2ou-0.json,Crobat,Items,,Berserk Gene,1.379
2019-12_gen2ou-0.json,Crobat,Items,,Miracle Seed,1.379
2019-12_gen2ou-0.json,Crobat,Items,,Other,4.138
2019-12_gen2ou-0.json,Crobat,Spreads,,Other,3.448
2019-12_gen2ou-0.json,Crobat,Moves,,Toxic,84.138
2019-12_gen2ou-0.json,Crobat,Moves,,Wing Attack,38.621
2019-12_gen2ou-0.json,Crobat,Moves,,Giga Drain,28.966
2019-12_gen2ou-0.json,Crobat,Moves,,Confuse Ray,28.966
2019-12_gen2ou-0.json,Crobat,Moves,,Fly,22.069
2019-12_gen2ou-0.json,Crobat,Moves,,Bite,20.69
2019-12_gen2ou-0.json,Crobat,Moves,,Double-Edge,20.0
2019-12_gen2ou-0.json,Crobat,Moves,,Return,14.483
2019-12_gen2ou-0.json,Crobat,Moves,,Detect,13.103
2019-12_gen2ou-0.json,Crobat,Moves,,Pursuit,11.034
2019-12_gen2ou-0.json,Crobat,Moves,,Hidden Power Poison,10.345
2019-12_gen2ou-0.json,Crobat,Moves,,Mean Look,9.655
2019-12_gen2ou-0.json,Crobat,Moves,,Feint Attack,8.966
2019-12_gen2ou-0.json,Crobat,Moves,,Hidden Power Fighting,8.966
2019-12_gen2ou-0.json,Crobat,Moves,,Steel Wing,8.966
2019-12_gen2ou-0.json,Crobat,Moves,,Protect,7.586
2019-12_gen2ou-0.json,Crobat,Moves,,Sleep Talk,5.517
2019-12_gen2ou-0.json,Crobat,Moves,,Attract,4.828
2019-12_gen2ou-0.json,Crobat,Moves,,Hidden Power Ground,4.828
2019-12_gen2ou-0.json,Crobat,Moves,,Rest,4.138
2019-12_gen2ou-0.json,Crobat,Moves,,Leech Life,4.138
2019-12_gen2ou-0.json,Crobat,Moves,,Quick Attack,4.138
2019-12_gen2ou-0.json,Crobat,Moves,,Screech,4.138
2019-12_gen2ou-0.json,Crobat,Moves,,Whirlwind,4.138
2019-12_gen2ou-0.json,Crobat,Moves,,Hidden Power Fire,3.448
2019-12_gen2ou-0.json,Crobat,Moves,,Hyper Beam,3.448
2019-12_gen2ou-0.json,Crobat,Moves,,Hidden Power Electric,2.759
2019-12_gen2ou-0.json,Crobat,Moves,,Other,17.931
2019-12_gen2ou-0.json,Raichu,Stats,Raw count,,145
2019-12_gen2ou-0.json,Raichu,Stats,Avg. weight,,1.0
2019-12_gen2ou-0.json,Raichu,Stats,Viability Ceiling,,90
2019-12_gen2ou-0.json,Raichu,Stats,Serious,,95.172
2019-12_gen2ou-0.json,Raichu,Abilities,,No Ability,100.0
2019-12_gen2ou-0.json,Raichu,Items,,Leftovers,61.379
2019-12_gen2ou-0.json,Raichu,Items,,Focus Band,22.069
2019-12_gen2ou-0.json,Raichu,Items,,Gold Berry,4.138
2019-12_gen2ou-0.json,Raichu,Items,,Magnet,3.448
2019-12_gen2ou-0.json,Raichu,Items,,Quick Claw,2.759
2019-12_gen2ou-0.json,Raichu,Items,,PSN Cure Berry,2.759
2019-12_gen2ou-0.json,Raichu,Items,,Other,3.448
2019-12_gen2ou-0.json,Raichu,Spreads,,Other,4.828
2019-12_gen2ou-0.json,Raichu,Moves,,Thunderbolt,65.517
2019-12_gen2ou-0.json,Raichu,Moves,,Encore,41.379
2019-12_gen2ou-0.json,Raichu,Moves,,Charm,40.69
2019-12_gen2ou-0.json,Raichu,Moves,,Thunder,40.0
2019-12_gen2ou-0.json,Raichu,Moves,,Surf,39.31
2019-12_gen2ou-0.json,Raichu,Moves,,Thunder Wave,32.414
2019-12_gen2ou-0.json,Raichu,Moves,,Dynamic Punch,22.069
2019-12_gen2ou-0.json,Raichu,Moves,,Reversal,20.69
2019-12_gen2ou-0.json,Raichu,Moves,,Light Screen,15.862
2019-12_gen2ou-0.json,Raichu,Moves,,Quick Attack,9.655
2019-12_gen2ou-0.json,Raichu,Moves,,Body Slam,8.276
2019-12_gen2ou-0.json,Raichu,Moves,,Seismic Toss,6.207
2019-12_gen2ou-0.json,Raichu,Moves,,Rain Dance,4.828
2019-12_gen2ou-0.json,Raichu,Moves,,Thunder Punch,4.828
2019-12_gen2ou-0.json,Raichu,Moves,,Iron Tail,4.828
2019-12_gen2ou-0.json,Raichu,Moves,,Hyper Beam,4.138
2019-12_gen2ou-0.json,Raichu,Moves,,Zap Cannon,4.138
2019-12_gen2ou-0.json,Raichu,Moves,,Hidden Power Water,3.448
2019-12_gen2ou-0.json,Raichu,Moves,,Rest,2.759
2019-12_gen2ou-0.json,Raichu,Moves,,Slam,2.759
2019-12_gen2ou-0.json,Raichu,Moves,,Attract,2.759
2019-12_gen2ou-0.json,Raichu,Moves,,Toxic,2.759
2019-12_gen2ou-0.json,Raichu,Moves,,Reflect,2.069
2019-12_gen2ou-0.json,Raichu,Moves,,Other,18.621
2019-12_gen2ou-0.json,Shuckle,Stats,Raw count,,131
2019-12_gen2ou-0.json,Shuckle,Stats,Avg. weight,,1.0
2019-12_gen2ou-0.json,Shuckle,Stats,Viability Ceiling,,85
2019-12_gen2ou-0.json,Shuckle,Stats,Serious,,5.344
2019-12_gen2ou-0.json,Shuckle,Abilities,,No Ability,100.0
2019-12_gen2ou-0.json,Shuckle,Items,,Leftovers,87.786
2019-12_gen2ou-0.json,Shuckle,Items,,Nothing,7.634
2019-12_gen2ou-0.json,Shuckle,Items,,Other,4.58
2019-12_gen2ou-0.json,Shuckle,Spreads,,Other,1.527
2019-12_gen2ou-0.json,Shuckle,Moves,,Toxic,77.099
2019-12_gen2ou-0.json,Shuckle,Moves,,Rest,70.229
2019-12_gen2ou-0.json,Shuckle,Moves,,Defense Curl,53.435
2019-12_gen2ou-0.json,Shuckle,Moves,,Wrap,51.908
2019-12_gen2ou-0.json,Shuckle,Moves,,Protect,29.008
2019-12_gen2ou-0.json,Shuckle,Moves,,Rollout,24.427
2019-12_gen2ou-0.json,Shuckle,Moves,,Encore,13.74
2019-12_gen2ou-0.json,Shuckle,Moves,,Sleep Talk,11.45
2019-12_gen2ou-0.json,Shuckle,Moves,,Endure,11.45
2019-12_gen2ou-0.json,Shuckle,Moves,,Flash,9.16
2019-12_gen2ou-0.json,Shuckle,Moves,,Withdraw,7.634
2019-12_gen2ou-0.json,Shuckle,Moves,,Mud-Slap,5.344
2019-12_gen2ou-0.json,Shuckle,Moves,,Hidden Power Bug,4.58
2019-12_gen2ou-0.json,Shuckle,Moves,,Bide,4.58
2019-12_gen2ou-0.json,Shuckle,Moves,,Sandstorm,3.817
2019-12_gen2ou-0.json,Shuckle,Moves,,Nothing,3.053
2019-12_gen2ou-0.json,Shuckle,Moves,,Other,19.084
2019-12_gen2ou-0.json,Entei,Stats,Raw count,,122
2019-12_gen2ou-0.json,Entei,Stats,Avg. weight,,1.0
2019-12_gen2ou-0.json,Entei,Stats,Viability Ceiling,,65
2019-12_gen2ou-0.json,Entei,Stats,Serious,,96.721
2019-12_gen2ou-0.json,Entei,Abilities,,No Ability,100.0
2019-12_gen2ou-0.json,Entei,Items,,Leftovers,73.77
2019-12_gen2ou-0.json,Entei,Items,,Charcoal,13.115
2019-12_gen2ou-0.json,Entei,Items,,Gold Berry,3.279
2019-12_gen2ou-0.json,Entei,Items,,Berserk Gene,3.279
2019-12_gen2ou-0.json,Entei,Items,,Scope Lens,2.459
2019-12_gen2ou-0.json,Entei,Items,,Other,4.098
2019-12_gen2ou-0.json,Entei,Spreads,,Other,3.279
2019-12_gen2ou-0.json,Entei,Moves,,Fire Blast,69.672
2019-12_gen2ou-0.json,Entei,Moves,,Flamethrower,52.459
2019-12_gen2ou-0.json,Entei,Moves,,Solar Beam,37.705
2019-12_gen2ou-0.json,Entei,Moves,,Toxic,30.328
2019-12_gen2ou-0.json,Entei,Moves,,Sunny Day,25.41
2019-12_gen2ou-0.json,Entei,Moves,,Roar,24.59
2019-12_gen2ou-0.json,Entei,Moves,,Rest,20.492
2019-12_gen2ou-0.json,Entei,Moves,,Hidden Power Fighting,20.492
2019-12_gen2ou-0.json,Entei,Moves,,Hyper Beam,18.033
2019-12_gen2ou-0.json,Entei,Moves,,Protect,13.115
2019-12_gen2ou-0.json,Entei,Moves,,Curse,12.295
2019-12_gen2ou-0.json,Entei,Moves,,Dig,9.016
2019-12_gen2ou-0.json,Entei,Moves,,Iron Tail,7.377
2019-12_gen2ou-0.json,Entei,Moves,,Fire Spin,6.557
2019-12_gen2ou-0.json,Entei,Moves,,Bite,5.738
2019-12_gen2ou-0.json,Entei,Moves,,Frustration,5.738
2019-12_gen2ou-0.json,Entei,Moves,,Return,5.738
2019-12_gen2ou-0.json,Entei,Moves,,Mud-Slap,4.098
2019-12_gen2ou-0.json,Entei,Moves,,Hidden Power Ice,4.098
2019-12_gen2ou-0.json,Entei,Moves,,Hidden Power Grass,4.098
2019-12_gen2ou-0.json,Entei,Moves,,Strength,3.279
2019-12_gen2ou-0.json,Entei,Moves,,Other,19.672
2019-12_gen2ou-0.json,Lanturn,Stats,Raw count,,120
2019-12_gen2ou-0.json,Lanturn,Stats,Avg. weight,,1.0
2019-12_gen2ou-0.json,Lanturn,Stats,Viability Ceiling,,76
2019-12_gen2ou-0.json,Lanturn,Stats,Serious,,96.667
2019-12_gen2ou-0.json,Lanturn,Abilities,,No Ability,100.0
2019-12_gen2ou-0.json,Lanturn,Items,,Leftovers,77.5
2019-12_gen2ou-0.json,Lanturn,Items,,Mystic Water,11.667
2019-12_gen2ou-0.json,Lanturn,Items,,Magnet,5.833
2019-12_gen2ou-0.json,Lanturn,Items,,Other,5.0
2019-12_gen2ou-0.json,Lanturn,Spreads,,Other,3.333
2019-12_gen2ou-0.json,Lanturn,Moves,,Thunderbolt,73.333
2019-12_gen2ou-0.json,Lanturn,Moves,,Surf,46.667
2019-12_gen2ou-0.json,Lanturn,Moves,,Thunder Wave,46.667
2019-12_gen2ou-0.json,Lanturn,Moves,,Confuse Ray,40.0
2019-12_gen2ou-0.json,Lanturn,Moves,,Sleep Talk,38.333
2019-12_gen2ou-0.json,Lanturn,Moves,,Rest,38.333
2019-12_gen2ou-0.json,Lanturn,Moves,,Hydro Pump,25.833
2019-12_gen2ou-0.json,Lanturn,Moves,,Ice Beam,23.333
2019-12_gen2ou-0.json,Lanturn,Moves,,Attract,18.333
2019-12_gen2ou-0.json,Lanturn,Moves,,Thunder,15.0
2019-12_gen2ou-0.json,Lanturn,Moves,,Light Screen,7.5
2019-12_gen2ou-0.json,Lanturn,Moves,,Hidden Power Grass,5.833
2019-12_gen2ou-0.json,Lanturn,Moves,,Toxic,5.833
2019-12_gen2ou-0.json,Lanturn,Moves,,Other,15.0
2019-12_gen2ou-0.json,Electabuzz,Stats,Raw count,,105
2019-12_gen2ou-0.json,Electabuzz,Stats,Avg. weight,,1.0
2019-12_gen2ou-0.json,Electabuzz,Stats,Viability Ceiling,,86
2019-12_gen2ou-0.json,Electabuzz,Stats,Serious,,95.238
2019-12_gen2ou-0.json,Electabuzz,Abilities,,No Ability,100.0
2019-12_gen2ou-0.json,Electabuzz,Items,,Leftovers,85.714
2019-12_gen2ou-0.json,Electabuzz,Items,,Focus Band,2.857
2019-12_gen2ou-0.json,Electabuzz,Items,,PRZ Cure Berry,1.905
2019-12_gen2ou-0.json,Electabuzz,Items,,Magnet,1.905
2019-12_gen2ou-0.json,Electabuzz,Items,,Black Belt,1.905
2019-12_gen2ou-0.json,Electabuzz,Items,,Nothing,1.905
2019-12_gen2ou-0.json,Electabuzz,Items,,Other,3.81
2019-12_gen2ou-0.json,Electabuzz,Spreads,,Other,4.762
2019-12_gen2ou-0.json,Electabuzz,Moves,,Thunderbolt,79.048
2019-12_gen2ou-0.json,Electabuzz,Moves,,Ice Punch,72.381
2019-12_gen2ou-0.json,Electabuzz,Moves,,Cross Chop,60.0
2019-12_gen2ou-0.json,Electabuzz,Moves,,Fire Punch,54.286
2019-12_gen2ou-0.json,Electabuzz,Moves,,Thunder Wave,23.81
2019-12_gen2ou-0.json,Electabuzz,Moves,,Dynamic Punch,21.905
2019-12_gen2ou-0.json,Electabuzz,Moves,,Thunder,14.286
2019-12_gen2ou-0.json,Electabuzz,Moves,,Thunder Punch,10.476
2019-12_gen2ou-0.json,Electabuzz,Moves,,Light Screen,9.524
2019-12_gen2ou-0.json,Electabuzz,Moves,,Body Slam,9.524
2019-12_gen2ou-0.json,Electabuzz,Moves,,Reflect,5.714
2019-12_gen2ou-0.json,Electabuzz,Moves,,Thunder Shock,5.714
2019-12_gen2ou-0.json,Electabuzz,Moves,,Rest,4.762
2019-12_gen2ou-0.json,Electabuzz,Moves,,Sleep Talk,4.762
2019-12_gen2ou-0.json,Electabuzz,Moves,,Iron Tail,4.762
2019-12_gen2ou-0.json,Electabuzz,Moves,,Other,19.048
2019-12_gen2ou-0.json,Gyarados,Stats,Raw count,,99
2019-12_gen2ou-0.json,Gyarados,Stats,Avg. weight,,1.0
2019-12_gen2ou-0.json,Gyarados,Stats,Viability Ceiling,,83
2019-12_gen2ou-0.json,Gyarados,Stats,Serious,,4.040
2019-12_gen2ou-0.json,Gyarados,Abilities,,No Ability,100.0
2019-12_gen2ou-0.json,Gyarados,Items,,Leftovers,65.657
2019-12_gen2ou-0.json,Gyarados,Items,,Nothing,18.182
2019-12_gen2ou-0.json,Gyarados,Items,,Mystic Water,9.091
2019-12_gen2ou-0.json,Gyarados,Items,,Bright Powder,3.03
2019-12_gen2ou-0.json,Gyarados,Items,,Other,4.04
2019-12_gen2ou-0.json,Gyarados,Spreads,,Other,4.04
2019-12_gen2ou-0.json,Gyarados,Moves,,Hydro Pump,63.636
2019-12_gen2ou-0.json,Gyarados,Moves,,Ice Beam,38.384
2019-12_gen2ou-0.json,Gyarados,Moves,,Thunderbolt,30.303
2019-12_gen2ou-0.json,Gyarados,Moves,,Surf,27.273
2019-12_gen2ou-0.json,Gyarados,Moves,,Fire Blast,27.273
2019-12_gen2ou-0.json,Gyarados,Moves,,Hyper Beam,20.202
2019-12_gen2ou-0.json,Gyarados,Moves,,Double-Edge,20.202
2019-12_gen2ou-0.json,Gyarados,Moves,,Body Slam,18.182
2019-12_gen2ou-0.json,Gyarados,Moves,,Waterfall,15.152
2019-12_gen2ou-0.json,Gyarados,Moves,,Flamethrower,14.141
2019-12_gen2ou-0.json,Gyarados,Moves,,Zap Cannon,12.121
2019-12_gen2ou-0.json,Gyarados,Moves,,Sleep Talk,11.111
2019-12_gen2ou-0.json,Gyarados,Moves,,Dragon Breath,10.101
2019-12_gen2ou-0.json,Gyarados,Moves,,Hidden Power Fighting,9.091
2019-12_gen2ou-0.json,Gyarados,Moves,,Bite,8.081
2019-12_gen2ou-0.json,Gyarados,Moves,,Icy Wind,8.081
2019-12_gen2ou-0.json,Gyarados,Moves,,Rain Dance,8.081
2019-12_gen2ou-0.json,Gyarados,Moves,,Thunder,7.071
2019-12_gen2ou-0.json,Gyarados,Moves,,Blizzard,6.061
2019-12_gen2ou-0.json,Gyarados,Moves,,Return,6.061
2019-12_gen2ou-0.json,Gyarados,Moves,,Protect,6.061
2019-12_gen2ou-0.json,Gyarados,Moves,,Dragon Rage,6.061
2019-12_gen2ou-0.json,Gyarados,Moves,,Hidden Power Grass,4.04
2019-12_gen2ou-0.json,Gyarados,Moves,,Whirlpool,4.04
2019-12_gen2ou-0.json,Gyarados,Moves,,Other,19.192
2019-12_gen2ou-0.json,Piloswine,Stats,Raw count,,88
2019-12_gen2ou-0.json,Piloswine,Stats,Avg. weight,,1.0
2019-12_gen2ou-0.json,Piloswine,Stats,Viability Ceiling,,80
2019-12_gen2ou-0.json,Piloswine,Stats,Serious,,100.000
2019-12_gen2ou-0.json,Piloswine,Abilities,,No Ability,100.0
2019-12_gen2ou-0.json,Piloswine,Items,,Leftovers,93.182
2019-12_gen2ou-0.json,Piloswine,Items,,Nothing,3.409
2019-12_gen2ou-0.json,Piloswine,Items,,Other,3.409
2019-12_gen2ou-0.json,Piloswine,Moves,,Earthquake,97.727
2019-12_gen2ou-0.json,Piloswine,Moves,,Ice Beam,71.591
2019-12_gen2ou-0.json,Piloswine,Moves,,Curse,56.818
2019-12_gen2ou-0.json,Piloswine,Moves,,Ancient Power,44.318
2019-12_gen2ou-0.json,Piloswine,Moves,,Rest,29.545
2019-12_gen2ou-0.json,Piloswine,Moves,,Blizzard,26.136
2019-12_gen2ou-0.json,Piloswine,Moves,,Roar,25.0
2019-12_gen2ou-0.json,Piloswine,Moves,,Sleep Talk,19.318
2019-12_gen2ou-0.json,Piloswine,Moves,,Rock Slide,11.364
2019-12_gen2ou-0.json,Piloswine,Moves,,Other,18.182
2019-12_gen2ou-0.json,Sandslash,Stats,Raw count,,77
2019-12_gen2ou-0.json,Sandslash,Stats,Avg. weight,,1.0
2019-12_gen2ou-0.json,Sandslash,Stats,Viability Ceiling,,77
2019-12_gen2ou-0.json,Sandslash,Stats,Serious,,9.091
2019-12_gen2ou-0.json,Sandslash,Abilities,,No Ability,100.0
2019-12_gen2ou-0.json,Sandslash,Items,,Leftovers,79.221
2019-12_gen2ou-0.json,Sandslash,Items,,Nothing,10.39
2019-12_gen2ou-0.json,Sandslash,Items,,Berserk Gene,5.195
2019-12_gen2ou-0.json,Sandslash,Items,,Gold Berry,2.597
2019-12_gen2ou-0.json,Sandslash,Items,,Other,2.597
2019-12_gen2ou-0.json,Sandslash,Spreads,,Other,3.896
2019-12_gen2ou-0.json,Sandslash,Moves,,Earthquake,98.701
2019-12_gen2ou-0.json,Sandslash,Moves,,Rock Slide,88.312
2019-12_gen2ou-0.json,Sandslash,Moves,,Swords Dance,51.948
2019-12_gen2ou-0.json,Sandslash,Moves,,Hidden Power Bug,33.766
2019-12_gen2ou-0.json,Sandslash,Moves,,Counter,19.481
2019-12_gen2ou-0.json,Sandslash,Moves,,Body Slam,18.182
2019-12_gen2ou-0.json,Sandslash,Moves,,Dynamic Punch,14.286
2019-12_gen2ou-0.json,Sandslash,Moves,,Protect,12.987
2019-12_gen2ou-0.json,Sandslash,Moves,,Double-Edge,11.688
2019-12_gen2ou-0.json,Sandslash,Moves,,Seismic Toss,7.792
2019-12_gen2ou-0.json,Sandslash,Moves,,Dig,6.494
2019-12_gen2ou-0.json,Sandslash,Moves,,Toxic,6.494
2019-12_gen2ou-0.json,Sandslash,Moves,,Curse,5.195
2019-12_gen2ou-0.json,Sandslash,Moves,,Rapid Spin,5.195
2019-12_gen2ou-0.json,Sandslash,Moves,,Other,19.481
2019-12_gen2ou-0.json,Flareon,Stats,Raw count,,77
2019-12_gen2ou-0.json,Flareon,Stats,Avg. weight,,1.0
2019-12_gen2ou-0.json,Flareon,Stats,Viability Ceiling,,68
2019-12_gen2ou-0.json,Flareon,Stats,Serious,,16.883
2019-12_gen2ou-0.json,Flareon,Abilities,,No Ability,100.0
2019-12_gen2ou-0.json,Flareon,Items,,Charcoal,42.857
2019-12_gen2ou-0.json,Flareon,Items,,Leftovers,41.558
2019-12_gen2ou-0.json,Flareon,Items,,Nothing,10.39
2019-12_gen2ou-0.json,Flareon,Items,,Gold Berry,2.597
2019-12_gen2ou-0.json,Flareon,Items,,Other,2.597
2019-12_gen2ou-0.json,Flareon,Spreads,,Other,1.299
2019-12_gen2ou-0.json,Flareon,Moves,,Fire Blast,90.909
2019-12_gen2ou-0.json,Flareon,Moves,,Body Slam,44.156
2019-12_gen2ou-0.json,Flareon,Moves,,Iron Tail,33.766
2019-12_gen2ou-0.json,Flareon,Moves,,Flamethrower,32.468
2019-12_gen2ou-0.json,Flareon,Moves,,Substitute,31.169
2019-12_gen2ou-0.json,Flareon,Moves,,Sand Attack,31.169
2019-12_gen2ou-0.json,Flareon,Moves,,Baton Pass,25.974
2019-12_gen2ou-0.json,Flareon,Moves,,Growth,24.675
2019-12_gen2ou-0.json,Flareon,Moves,,Shadow Ball,18.182
2019-12_gen2ou-0.json,Flareon,Moves,,Toxic,9.091
2019-12_gen2ou-0.json,Flareon,Moves,,Return,9.091
2019-12_gen2ou-0.json,Flareon,Moves,,Protect,9.091
2019-12_gen2ou-0.json,Flareon,Moves,,Hidden Power Fighting,6.494
2019-12_gen2ou-0.json,Flareon,Moves,,Detect,6.494
2019-12_gen2ou-0.json,Flareon,Moves,,Hidden Power Grass,6.494
2019-12_gen2ou-0.json,Flareon,Moves,,Fire Spin,5.195
2019-12_gen2ou-0.json,Flareon,Moves,,Other,15.584
2019-12_gen2ou-0.json,Porygon2,Stats,Raw count,,77
2019-12_gen2ou-0.json,Porygon2,Stats,Avg. weight,,1.0
2019-12_gen2ou-0.json,Porygon2,Stats,Viability Ceiling,,77
2019-12_gen2ou-0.json,Porygon2,Stats,Serious,,2.597
2019-12_gen2ou-0.json,Porygon2,Abilities,,No Ability,100.0
2019-12_gen2ou-0.json,Porygon2,Items,,Leftovers,74.026
2019-12_gen2ou-0.json,Porygon2,Items,,Nothing,9.091
2019-12_gen2ou-0.json,Porygon2,Items,,Miracle Berry,5.195
2019-12_gen2ou-0.json,Porygon2,Items,,Scope Lens,2.597
2019-12_gen2ou-0.json,Porygon2,Items,,Up-Grade,2.597
2019-12_gen2ou-0.json,Porygon2,Items,,Pink Bow,2.597
2019-12_gen2ou-0.json,Porygon2,Items,,Other,3.896
2019-12_gen2ou-0.json,Porygon2,Spreads,,Other,2.597
2019-12_gen2ou-0.json,Porygon2,Moves,,Ice Beam,68.831
2019-12_gen2ou-0.json,Porygon2,Moves,,Recover,67.532
2019-12_gen2ou-0.json,Porygon2,Moves,,Thunderbolt,36.364
2019-12_gen2ou-0.json,Porygon2,Moves,,Double-Edge,36.364
2019-12_gen2ou-0.json,Porygon2,Moves,,Thunder Wave,35.065
2019-12_gen2ou-0.json,Porygon2,Moves,,Curse,29.87
2019-12_gen2ou-0.json,Porygon2,Moves,,Toxic,24.675
2019-12_gen2ou-0.json,Porygon2,Moves,,Tri Attack,16.883
2019-12_gen2ou-0.json,Porygon2,Moves,,Psychic,14.286
2019-12_gen2ou-0.json,Porygon2,Moves,,Return,14.286
2019-12_gen2ou-0.json,Porygon2,Moves,,Hidden Power Grass,7.792
2019-12_gen2ou-0.json,Porygon2,Moves,,Conversion 2,7.792
2019-12_gen2ou-0.json,Porygon2,Moves,,Barrier,7.792
2019-12_gen2ou-0.json,Porygon2,Moves,,Hidden Power Fire,6.494
2019-12_gen2ou-0.json,Porygon2,Moves,,Substitute,6.494
2019-12_gen2ou-0.json,Porygon2,Moves,,Other,19.481
2019-12_gen2ou-0.json,Magneton,Stats,Raw count,,71
2019-12_gen2ou-0.json,Magneton,Stats,Avg. weight,,1.0
2019-12_gen2ou-0.json,Magneton,Stats,Viability Ceiling,,76
2019-12_gen2ou-0.json,Magneton,Stats,Serious,,2.817
2019-12_gen2ou-0.json,Magneton,Abilities,,No Ability,100.0
2019-12_gen2ou-0.json,Magneton,Items,,Leftovers,50.704
2019-12_gen2ou-0.json,Magneton,Items,,Magnet,18.31
2019-12_gen2ou-0.json,Magneton,Items,,Metal Coat,11.268
2019-12_gen2ou-0.json,Magneton,Items,,Nothing,11.268
2019-12_gen2ou-0.json,Magneton,Items,,Gold Berry,5.634
2019-12_gen2ou-0.json,Magneton,Items,,Other,2.817
2019-12_gen2ou-0.json,Magneton,Spreads,,Other,2.817
2019-12_gen2ou-0.json,Magneton,Moves,,Thunderbolt,77.465
2019-12_gen2ou-0.json,Magneton,Moves,,Thunder Wave,54.93
2019-12_gen2ou-0.json,Magneton,Moves,,Tri Attack,38.028
2019-12_gen2ou-0.json,Magneton,Moves,,Hidden Power Water,32.394
2019-12_gen2ou-0.json,Magneton,Moves,,Substitute,30.986
2019-12_gen2ou-0.json,Magneton,Moves,,Thunder,30.986
2019-12_gen2ou-0.json,Magneton,Moves,,Zap Cannon,25.352
2019-12_gen2ou-0.json,Magneton,Moves,,Toxic,18.31
2019-12_gen2ou-0.json,Magneton,Moves,,Protect,14.085
2019-12_gen2ou-0.json,Magneton,Moves,,Hidden Power Ice,8.451
2019-12_gen2ou-0.json,Magneton,Moves,,Swagger,8.451
2019-12_gen2ou-0.json,Magneton,Moves,,Reflect,8.451
2019-12_gen2ou-0.json,Magneton,Moves,,Lock-On,5.634
2019-12_gen2ou-0.json,Magneton,Moves,,Double-Edge,5.634
2019-12_gen2ou-0.json,Magneton,Moves,,Rain Dance,4.225
2019-12_gen2ou-0.json,Magneton,Moves,,Thunder Shock,4.225
2019-12_gen2ou-0.json,Magneton,Moves,,Swift,4.225
2019-12_gen2ou-0.json,Magneton,Moves,,Sonic Boom,4.225
2019-12_gen2ou-0.json,Magneton,Moves,,Nothing,2.817
2019-12_gen2ou-0.json,Magneton,Moves,,Hidden Power Steel,2.817
2019-12_gen2ou-0.json,Magneton,Moves,,Other,18.31
2019-12_gen2ou-0.json,Victreebel,Stats,Raw count,,72
2019-12_gen2ou-0.json,Victreebel,Stats,Avg. weight,,1.0
2019-12_gen2ou-0.json,Victreebel,Stats,Viability Ceiling,,83
2019-12_gen2ou-0.json,Victreebel,Stats,Serious,,95.833
2019-12_gen2ou-0.json,Victreebel,Abilities,,No Ability,100.0
2019-12_gen2ou-0.json,Victreebel,Items,,Leftovers,66.667
2019-12_gen2ou-0.json,Victreebel,Items,,Miracle Seed,12.5
2019-12_gen2ou-0.json,Victreebel,Items,,Miracle Berry,6.944
2019-12_gen2ou-0.json,Victreebel,Items,,Quick Claw,4.167
2019-12_gen2ou-0.json,Victreebel,Items,,Nothing,4.167
2019-12_gen2ou-0.json,Victreebel,Items,,Bright Powder,2.778
2019-12_gen2ou-0.json,Victreebel,Items,,Other,2.778
2019-12_gen2ou-0.json,Victreebel,Spreads,,Other,4.167
2019-12_gen2ou-0.json,Victreebel,Moves,,Sludge Bomb,72.222
2019-12_gen2ou-0.json,Victreebel,Moves,,Giga Drain,70.833
2019-12_gen2ou-0.json,Victreebel,Moves,,Sleep Powder,65.278
2019-12_gen2ou-0.json,Victreebel,Moves,,Toxic,37.5
2019-12_gen2ou-0.json,Victreebel,Moves,,Swords Dance,34.722
2019-12_gen2ou-0.json,Victreebel,Moves,,Razor Leaf,18.056
2019-12_gen2ou-0.json,Victreebel,Moves,,Acid,11.111
2019-12_gen2ou-0.json,Victreebel,Moves,,Synthesis,11.111
2019-12_gen2ou-0.json,Victreebel,Moves,,Body Slam,9.722
2019-12_gen2ou-0.json,Victreebel,Moves,,Rest,6.944
2019-12_gen2ou-0.json,Victreebel,Moves,,Slam,6.944
2019-12_gen2ou-0.json,Victreebel,Moves,,Sleep Talk,6.944
2019-12_gen2ou-0.json,Victreebel,Moves,,Double-Edge,6.944
2019-12_gen2ou-0.json,Victreebel,Moves,,Stun Spore,5.556
2019-12_gen2ou-0.json,Victreebel,Moves,,Encore,5.556
2019-12_gen2ou-0.json,Victreebel,Moves,,Hyper Beam,4.167
2019-12_gen2ou-0.json,Victreebel,Moves,,Vine Whip,4.167
2019-12_gen2ou-0.json,Victreebel,Moves,,Hidden Power Ice,2.778
2019-12_gen2ou-0.json,Victreebel,Moves,,Other,19.444
2019-12_gen2ou-0.json,Scyther,Stats,Raw count,,77
2019-12_gen2ou-0.json,Scyther,Stats,Avg. weight,,1.0
2019-12_gen2ou-0.json,Scyther,Stats,Viability Ceiling,,62
2019-12_gen2ou-0.json,Scyther,Stats,Serious,,96.104
2019-12_gen2ou-0.json,Scyther,Abilities,,No Ability,100.0
2019-12_gen2ou-0.json,Scyther,Items,,Leftovers,61.039
2019-12_gen2ou-0.json,Scyther,Items,,Focus Band,9.091
2019-12_gen2ou-0.json,Scyther,Items,,Nothing,9.091
2019-12_gen2ou-0.json,Scyther,Items,,SilverPowder,6.494
2019-12_gen2ou-0.json,Scyther,Items,,Quick Claw,6.494
2019-12_gen2ou-0.json,Scyther,Items,,Miracle Berry,3.896
2019-12_gen2ou-0.json,Scyther,Items,,Other,3.896
2019-12_gen2ou-0.json,Scyther,Spreads,,Other,3.896
2019-12_gen2ou-0.json,Scyther,Moves,,Swords Dance,71.429
2019-12_gen2ou-0.json,Scyther,Moves,,Baton Pass,55.844
2019-12_gen2ou-0.json,Scyther,Moves,,Hidden Power Bug,35.065
2019-12_gen2ou-0.json,Scyther,Moves,,Agility,33.766
2019-12_gen2ou-0.json,Scyther,Moves,,Wing Attack,23.377
2019-12_gen2ou-0.json,Scyther,Moves,,Hidden Power Rock,19.481
2019-12_gen2ou-0.json,Scyther,Moves,,Protect,18.182
2019-12_gen2ou-0.json,Scyther,Moves,,Quick Attack,14.286
2019-12_gen2ou-0.json,Scyther,Moves,,Slash,11.688
2019-12_gen2ou-0.json,Scyther,Moves,,Fury Cutter,11.688
2019-12_gen2ou-0.json,Scyther,Moves,,Pursuit,9.091
2019-12_gen2ou-0.json,Scyther,Moves,,Nothing,7.792
2019-12_gen2ou-0.json,Scyther,Moves,,False Swipe,6.494
2019-12_gen2ou-0.json,Scyther,Moves,,Return,6.494
2019-12_gen2ou-0.json,Scyther,Moves,,Hyper Beam,6.494
2019-12_gen2ou-0.json,Scyther,Moves,,Headbutt,6.494
2019-12_gen2ou-0.json,Scyther,Moves,,Detect,5.195
2019-12_gen2ou-0.json,Scyther,Moves,,Attract,5.195
2019-12_gen2ou-0.json,Scyther,Moves,,Double-Edge,5.195
2019-12_gen2ou-0.json,Scyther,Moves,,Rest,3.896
2019-12_gen2ou-0.json,Scyther,Moves,,Substitute,3.896
2019-12_gen2ou-0.json,Scyther,Moves,,Toxic,3.896
2019-12_gen2ou-0.json,Scyther,Moves,,Rock Smash,3.896
2019-12_gen2ou-0.json,Scyther,Moves,,Cut,3.896
2019-12_gen2ou-0.json,Scyther,Moves,,Reversal,3.896
2019-12_gen2ou-0.json,Scyther,Moves,,Endure,3.896
2019-12_gen2ou-0.json,Scyther,Moves,,Other,19.481
2019-12_gen2ou-0.json,Pidgeot,Stats,Raw count,,70
2019-12_gen2ou-0.json,Pidgeot,Stats,Avg. weight,,1.0
2019-12_gen2ou-0.json,Pidgeot,Stats,Viability Ceiling,,59
2019-12_gen2ou-0.json,Pidgeot,Stats,Serious,,4.286
2019-12_gen2ou-0.json,Pidgeot,Abilities,,No Ability,100.0
2019-12_gen2ou-0.json,Pidgeot,Items,,Leftovers,72.857
2019-12_gen2ou-0.json,Pidgeot,Items,,Nothing,10.0
2019-12_gen2ou-0.json,Pidgeot,Items,,Sharp Beak,8.571
2019-12_gen2ou-0.json,Pidgeot,Items,,Gold Berry,4.286
2019-12_gen2ou-0.json,Pidgeot,Items,,Other,4.286
2019-12_gen2ou-0.json,Pidgeot,Spreads,,Other,4.286
2019-12_gen2ou-0.json,Pidgeot,Moves,,Fly,47.143
2019-12_gen2ou-0.json,Pidgeot,Moves,,Toxic,42.857
2019-12_gen2ou-0.json,Pidgeot,Moves,,Whirlwind,30.0
2019-12_gen2ou-0.json,Pidgeot,Moves,,Double-Edge,28.571
2019-12_gen2ou-0.json,Pidgeot,Moves,,Quick Attack,25.714
2019-12_gen2ou-0.json,Pidgeot,Moves,,Wing Attack,21.429
2019-12_gen2ou-0.json,Pidgeot,Moves,,Pursuit,20.0
2019-12_gen2ou-0.json,Pidgeot,Moves,,Hyper Beam,17.143
2019-12_gen2ou-0.json,Pidgeot,Moves,,Bide,17.143
2019-12_gen2ou-0.json,Pidgeot,Moves,,Agility,15.714
2019-12_gen2ou-0.json,Pidgeot,Moves,,Steel Wing,14.286
2019-12_gen2ou-0.json,Pidgeot,Moves,,Substitute,12.857
2019-12_gen2ou-0.json,Pidgeot,Moves,,Thief,10.0
2019-12_gen2ou-0.json,Pidgeot,Moves,,Return,10.0
2019-12_gen2ou-0.json,Pidgeot,Moves,,Mirror Move,10.0
2019-12_gen2ou-0.json,Pidgeot,Moves,,Sky Attack,10.0
2019-12_gen2ou-0.json,Pidgeot,Moves,,Frustration,8.571
2019-12_gen2ou-0.json,Pidgeot,Moves,,Hidden Power Flying,8.571
2019-12_gen2ou-0.json,Pidgeot,Moves,,Detect,7.143
2019-12_gen2ou-0.json,Pidgeot,Moves,,Gust,7.143
2019-12_gen2ou-0.json,Pidgeot,Moves,,Feint Attack,5.714
2019-12_gen2ou-0.json,Pidgeot,Moves,,Hidden Power Fighting,5.714
2019-12_gen2ou-0.json,Pidgeot,Moves,,Sand Attack,5.714
2019-12_gen2ou-0.json,Pidgeot,Moves,,Other,18.571
2019-12_gen2ou-0.json,Hitmonlee,Stats,Raw count,,67
2019-12_gen2ou-0.json,Hitmonlee,Stats,Avg. weight,,1.0
2019-12_gen2ou-0.json,Hitmonlee,Stats,Viability Ceiling,,56
2019-12_gen2ou-0.json,Hitmonlee,Stats,Serious,,4.478
2019-12_gen2ou-0.json,Hitmonlee,Abilities,,No Ability,100.0
2019-12_gen2ou-0.json,Hitmonlee,Items,,Leftovers,76.119
2019-12_gen2ou-0.json,Hitmonlee,Items,,Focus Band,7.463
2019-12_gen2ou-0.json,Hitmonlee,Items,,Black Belt,7.463
2019-12_gen2ou-0.json,Hitmonlee,Items,,Nothing,4.478
2019-12_gen2ou-0.json,Hitmonlee,Items,,Other,4.478
2019-12_gen2ou-0.json,Hitmonlee,Spreads,,Other,1.493
2019-12_gen2ou-0.json,Hitmonlee,Moves,,High Jump Kick,98.507
2019-12_gen2ou-0.json,Hitmonlee,Moves,,Body Slam,59.701
2019-12_gen2ou-0.json,Hitmonlee,Moves,,Substitute,41.791
2019-12_gen2ou-0.json,Hitmonlee,Moves,,Counter,40.299
2019-12_gen2ou-0.json,Hitmonlee,Moves,,Detect,19.403
2019-12_gen2ou-0.json,Hitmonlee,Moves,,Double-Edge,16.418
2019-12_gen2ou-0.json,Hitmonlee,Moves,,Rest,14.925
2019-12_gen2ou-0.json,Hitmonlee,Moves,,Sleep Talk,14.925
2019-12_gen2ou-0.json,Hitmonlee,Moves,,Seismic Toss,11.94
2019-12_gen2ou-0.json,Hitmonlee,Moves,,Mega Kick,10.448
2019-12_gen2ou-0.json,Hitmonlee,Moves,,Meditate,10.448
2019-12_gen2ou-0.json,Hitmonlee,Moves,,Hidden Power Rock,10.448
2019-12_gen2ou-0.json,Hitmonlee,Moves,,Toxic,8.955
2019-12_gen2ou-0.json,Hitmonlee,Moves,,Hidden Power Fire,5.97
2019-12_gen2ou-0.json,Hitmonlee,Moves,,Mach Punch,5.97
2019-12_gen2ou-0.json,Hitmonlee,Moves,,Hidden Power Ghost,4.478
2019-12_gen2ou-0.json,Hitmonlee,Moves,,Double Kick,4.478
2019-12_gen2ou-0.json,Hitmonlee,Moves,,Rapid Spin,4.478
2019-12_gen2ou-0.json,Hitmonlee,Moves,,Other,16.418
2019-12_gen2ou-0.json,Jumpluff,Stats,Raw count,,67
2019-12_gen2ou-0.json,Jumpluff,Stats,Avg. weight,,1.0
2019-12_gen2ou-0.json,Jumpluff,Stats,Viability Ceiling,,73
2019-12_gen2ou-0.json,Jumpluff,Stats,Serious,,13.433
2019-12_gen2ou-0.json,Jumpluff,Abilities,,No Ability,100.0
2019-12_gen2ou-0.json,Jumpluff,Items,,Leftovers,53.731
2019-12_gen2ou-0.json,Jumpluff,Items,,Miracle Berry,16.418
2019-12_gen2ou-0.json,Jumpluff,Items,,Focus Band,14.925
2019-12_gen2ou-0.json,Jumpluff,Items,,Miracle Seed,7.463
2019-12_gen2ou-0.json,Jumpluff,Items,,Quick Claw,1.493
2019-12_gen2ou-0.json,Jumpluff,Items,,PRZ Cure Berry,1.493
2019-12_gen2ou-0.json,Jumpluff,Items,,Other,4.478
2019-12_gen2ou-0.json,Jumpluff,Moves,,Leech Seed,86.567
2019-12_gen2ou-0.json,Jumpluff,Moves,,Sleep Powder,79.104
2019-12_gen2ou-0.json,Jumpluff,Moves,,Encore,67.164
2019-12_gen2ou-0.json,Jumpluff,Moves,,Giga Drain,41.791
2019-12_gen2ou-0.json,Jumpluff,Moves,,Stun Spore,34.328
2019-12_gen2ou-0.json,Jumpluff,Moves,,Reflect,23.881
2019-12_gen2ou-0.json,Jumpluff,Moves,,Solar Beam,16.418
2019-12_gen2ou-0.json,Jumpluff,Moves,,Hidden Power Flying,11.94
2019-12_gen2ou-0.json,Jumpluff,Moves,,Toxic,11.94
2019-12_gen2ou-0.json,Jumpluff,Moves,,Protect,8.955
2019-12_gen2ou-0.json,Jumpluff,Moves,,Other,17.91
2019-12_gen2ou-0.json,Primeape,Stats,Raw count,,61
2019-12_gen2ou-0.json,Primeape,Stats,Avg. weight,,1.0
2019-12_gen2ou-0.json,Primeape,Stats,Viability Ceiling,,79
2019-12_gen2ou-0.json,Primeape,Stats,Serious,,95.082
2019-12_gen2ou-0.json,Primeape,Abilities,,No Ability,100.0
2019-12_gen2ou-0.json,Primeape,Items,,Leftovers,55.738
2019-12_gen2ou-0.json,Primeape,Items,,Scope Lens,14.754
2019-12_gen2ou-0.json,Primeape,Items,,Black Belt,14.754
2019-12_gen2ou-0.json,Primeape,Items,,Nothing,6.557
2019-12_gen2ou-0.json,Primeape,Items,,Bitter Berry,3.279
2019-12_gen2ou-0.json,Primeape,Items,,Other,4.918
2019-12_gen2ou-0.json,Primeape,Spreads,,Other,4.918
2019-12_gen2ou-0.json,Primeape,Moves,,Cross Chop,100.0
2019-12_gen2ou-0.json,Primeape,Moves,,Rock Slide,83.607
2019-12_gen2ou-0.json,Primeape,Moves,,Hidden Power Ghost,47.541
2019-12_gen2ou-0.json,Primeape,Moves,,Counter,37.705
2019-12_gen2ou-0.json,Primeape,Moves,,Meditate,29.508
2019-12_gen2ou-0.json,Primeape,Moves,,Hidden Power Bug,24.59
2019-12_gen2ou-0.json,Primeape,Moves,,Ice Punch,13.115
2019-12_gen2ou-0.json,Primeape,Moves,,Thunder,9.836
2019-12_gen2ou-0.json,Primeape,Moves,,Body Slam,9.836
2019-12_gen2ou-0.json,Primeape,Moves,,Substitute,6.557
2019-12_gen2ou-0.json,Primeape,Moves,,Seismic Toss,6.557
2019-12_gen2ou-0.json,Primeape,Moves,,Fire Punch,4.918
2019-12_gen2ou-0.json,Primeape,Moves,,Thunderbolt,3.279
2019-12_gen2ou-0.json,Primeape,Moves,,Protect,3.279
2019-12_gen2ou-0.json,Primeape,Moves,,Other,19.672
2019-12_gen2ou-0.json,Bellossom,Stats,Raw count,,64
2019-12_gen2ou-0.json,Bellossom,Stats,Avg. weight,,1.0
2019-12_gen2ou-0.json,Bellossom,Stats,Viability Ceiling,,77
2019-12_gen2ou-0.json,Bellossom,Stats,Serious,,46.875
2019-12_gen2ou-0.json,Bellossom,Abilities,,No Ability,100.0
2019-12_gen2ou-0.json,Bellossom,Items,,Leftovers,93.75
2019-12_gen2ou-0.json,Bellossom,Items,,Gold Berry,3.125
2019-12_gen2ou-0.json,Bellossom,Items,,Other,3.125
2019-12_gen2ou-0.json,Bellossom,Spreads,,Other,3.125
2019-12_gen2ou-0.json,Bellossom,Moves,,Sleep Powder,78.125
2019-12_gen2ou-0.json,Bellossom,Moves,,Leech Seed,70.312
2019-12_gen2ou-0.json,Bellossom,Moves,,Giga Drain,50.0
2019-12_gen2ou-0.json,Bellossom,Moves,,Moonlight,50.0
2019-12_gen2ou-0.json,Bellossom,Moves,,Stun Spore,42.188
2019-12_gen2ou-0.json,Bellossom,Moves,,Sludge Bomb,18.75
2019-12_gen2ou-0.json,Bellossom,Moves,,Petal Dance,15.625
2019-12_gen2ou-0.json,Bellossom,Moves,,Hidden Power Ice,12.5
2019-12_gen2ou-0.json,Bellossom,Moves,,Synthesis,7.812
2019-12_gen2ou-0.json,Bellossom,Moves,,Substitute,6.25
2019-12_gen2ou-0.json,Bellossom,Moves,,Toxic,6.25
2019-12_gen2ou-0.json,Bellossom,Moves,,Hidden Power Psychic,6.25
2019-12_gen2ou-0.json,Bellossom,Moves,,Razor Leaf,4.688
2019-12_gen2ou-0.json,Bellossom,Moves,,Attract,3.125
2019-12_gen2ou-0.json,Bellossom,Moves,,Swords Dance,3.125
2019-12_gen2ou-0.json,Bellossom,Moves,,Hidden Power Dark,3.125
2019-12_gen2ou-0.json,Bellossom,Moves,,Hidden Power Grass,3.125
2019-12_gen2ou-0.json,Bellossom,Moves,,Other,18.75
2019-12_gen2ou-0.json,Politoed,Stats,Raw count,,64
2019-12_gen2ou-0.json,Politoed,Stats,Avg. weight,,1.0
2019-12_gen2ou-0.json,Politoed,Stats,Viability Ceiling,,61
2019-12_gen2ou-0.json,Politoed,Stats,Serious,,95.312
2019-12_gen2ou-0.json,Politoed,Abilities,,No Ability,100.0
2019-12_gen2ou-0.json,Politoed,Items,,Leftovers,57.812
2019-12_gen2ou-0.json,Politoed,Items,,Mystic Water,29.688
2019-12_gen2ou-0.json,Politoed,Items,,Gold Berry,6.25
2019-12_gen2ou-0.json,Politoed,Items,,Nothing,3.125
2019-12_gen2ou-0.json,Politoed,Items,,Other,3.125
2019-12_gen2ou-0.json,Politoed,Spreads,,Other,4.688
2019-12_gen2ou-0.json,Politoed,Moves,,Ice Beam,68.75
2019-12_gen2ou-0.json,Politoed,Moves,,Surf,57.812
2019-12_gen2ou-0.json,Politoed,Moves,,Hydro Pump,57.812
2019-12_gen2ou-0.json,Politoed,Moves,,Hypnosis,37.5
2019-12_gen2ou-0.json,Politoed,Moves,,Psychic,37.5
2019-12_gen2ou-0.json,Politoed,Moves,,Rain Dance,28.125
2019-12_gen2ou-0.json,Politoed,Moves,,Body Slam,20.312
2019-12_gen2ou-0.json,Politoed,Moves,,Lovely Kiss,17.188
2019-12_gen2ou-0.json,Politoed,Moves,,Belly Drum,15.625
2019-12_gen2ou-0.json,Politoed,Moves,,Haze,9.375
2019-12_gen2ou-0.json,Politoed,Moves,,Toxic,7.812
2019-12_gen2ou-0.json,Politoed,Moves,,Earthquake,7.812
2019-12_gen2ou-0.json,Politoed,Moves,,Hidden Power Ground,6.25
2019-12_gen2ou-0.json,Politoed,Moves,,Ice Punch,4.688
2019-12_gen2ou-0.json,Politoed,Moves,,Protect,4.688
2019-12_gen2ou-0.json,Politoed,Moves,,Other,18.75
2019-12_gen2ou-0.json,Ursaring,Stats,Raw count,,66
2019-12_gen2ou-0.json,Ursaring,Stats,Avg. weight,,1.0
2019-12_gen2ou-0.json,Ursaring,Stats,Viability Ceiling,,62
2019-12_gen2ou-0.json,Ursaring,Stats,Serious,,16.667
2019-12_gen2ou-0.json,Ursaring,Abilities,,No Ability,100.0
2019-12_gen2ou-0.json,Ursaring,Items,,Leftovers,78.788
2019-12_gen2ou-0.json,Ursaring,Items,,Mint Berry,4.545
2019-12_gen2ou-0.json,Ursaring,Items,,Nothing,4.545
2019-12_gen2ou-0.json,Ursaring,Items,,Charcoal,3.03
2019-12_gen2ou-0.json,Ursaring,Items,,Black Glasses,3.03
2019-12_gen2ou-0.json,Ursaring,Items,,Miracle Berry,3.03
2019-12_gen2ou-0.json,Ursaring,Items,,Other,3.03
2019-12_gen2ou-0.json,Ursaring,Moves,,Earthquake,90.909
2019-12_gen2ou-0.json,Ursaring,Moves,,Crunch,71.212
2019-12_gen2ou-0.json,Ursaring,Moves,,Ice Punch,63.636
2019-12_gen2ou-0.json,Ursaring,Moves,,Dynamic Punch,37.879
2019-12_gen2ou-0.json,Ursaring,Moves,,Return,18.182
2019-12_gen2ou-0.json,Ursaring,Moves,,Seismic Toss,18.182
2019-12_gen2ou-0.json,Ursaring,Moves,,Fire Punch,16.667
2019-12_gen2ou-0.json,Ursaring,Moves,,Curse,10.606
2019-12_gen2ou-0.json,Ursaring,Moves,,Roar,10.606
2019-12_gen2ou-0.json,Ursaring,Moves,,Toxic,10.606
2019-12_gen2ou-0.json,Ursaring,Moves,,Thunder Punch,10.606
2019-12_gen2ou-0.json,Ursaring,Moves,,Rest,7.576
2019-12_gen2ou-0.json,Ursaring,Moves,,Hidden Power Fire,6.061
2019-12_gen2ou-0.json,Ursaring,Moves,,Thrash,6.061
2019-12_gen2ou-0.json,Ursaring,Moves,,Slash,4.545
2019-12_gen2ou-0.json,Ursaring,Moves,,Other,16.667
2019-12_gen2ou-0.json,Weezing,Stats,Raw count,,65
2019-12_gen2ou-0.json,Weezing,Stats,Avg. weight,,1.0
2019-12_gen2ou-0.json,Weezing,Stats,Viability Ceiling,,69
2019-12_gen2ou-0.json,Weezing,Stats,Serious,,98.462
2019-12_gen2ou-0.json,Weezing,Abilities,,No Ability,100.0
2019-12_gen2ou-0.json,Weezing,Items,,Leftovers,86.154
2019-12_gen2ou-0.json,Weezing,Items,,Pink Bow,7.692
2019-12_gen2ou-0.json,Weezing,Items,,Mint Berry,1.538
2019-12_gen2ou-0.json,Weezing,Items,,Other,4.615
2019-12_gen2ou-0.json,Weezing,Spreads,,Other,1.538
2019-12_gen2ou-0.json,Weezing,Moves,,Explosion,83.077
2019-12_gen2ou-0.json,Weezing,Moves,,Sludge Bomb,70.769
2019-12_gen2ou-0.json,Weezing,Moves,,Thunder,49.231
2019-12_gen2ou-0.json,Weezing,Moves,,Fire Blast,49.231
2019-12_gen2ou-0.json,Weezing,Moves,,Destiny Bond,47.692
2019-12_gen2ou-0.json,Weezing,Moves,,Curse,18.462
2019-12_gen2ou-0.json,Weezing,Moves,,Hidden Power Fighting,18.462
2019-12_gen2ou-0.json,Weezing,Moves,,Toxic,18.462
2019-12_gen2ou-0.json,Weezing,Moves,,Pain Split,13.846
2019-12_gen2ou-0.json,Weezing,Moves,,Nothing,12.308
2019-12_gen2ou-0.json,Weezing,Moves,,Other,18.462
2019-12_gen2ou-0.json,Clefable,Stats,Raw count,,58
2019-12_gen2ou-0.json,Clefable,Stats,Avg. weight,,1.0
2019-12_gen2ou-0.json,Clefable,Stats,Viability Ceiling,,80
2019-12_gen2ou-0.json,Clefable,Stats,Serious,,100.000
2019-12_gen2ou-0.json,Clefable,Abilities,,No Ability,100.0
2019-12_gen2ou-0.json,Clefable,Items,,Leftovers,98.276
2019-12_gen2ou-0.json,Clefable,Items,,Other,1.724
2019-12_gen2ou-0.json,Clefable,Moves,,Moonlight,82.759
2019-12_gen2ou-0.json,Clefable,Moves,,Fire Blast,63.793
2019-12_gen2ou-0.json,Clefable,Moves,,Return,46.552
2019-12_gen2ou-0.json,Clefable,Moves,,Belly Drum,43.103
2019-12_gen2ou-0.json,Clefable,Moves,,Ice Beam,24.138
2019-12_gen2ou-0.json,Clefable,Moves,,Psychic,24.138
2019-12_gen2ou-0.json,Clefable,Moves,,Body Slam,24.138
2019-12_gen2ou-0.json,Clefable,Moves,,Counter,18.966
2019-12_gen2ou-0.json,Clefable,Moves,,Shadow Ball,17.241
2019-12_gen2ou-0.json,Clefable,Moves,,Detect,6.897
2019-12_gen2ou-0.json,Clefable,Moves,,Thunderbolt,5.172
2019-12_gen2ou-0.json,Clefable,Moves,,Double-Edge,5.172
2019-12_gen2ou-0.json,Clefable,Moves,,Nothing,3.448
2019-12_gen2ou-0.json,Clefable,Moves,,Fire Punch,3.448
2019-12_gen2ou-0.json,Clefable,Moves,,Toxic,3.448
2019-12_gen2ou-0.json,Clefable,Moves,,Metronome,3.448
2019-12_gen2ou-0.json,Clefable,Moves,,Light Screen,3.448
2019-12_gen2ou-0.json,Clefable,Moves,,Rest,1.724
2019-12_gen2ou-0.json,Clefable,Moves,,Other,18.966
2019-12_gen2ou-0.json,Poliwrath,Stats,Raw count,,58
2019-12_gen2ou-0.json,Poliwrath,Stats,Avg. weight,,1.0
2019-12_gen2ou-0.json,Poliwrath,Stats,Viability Ceiling,,58
2019-12_gen2ou-0.json,Poliwrath,Stats,Serious,,5.172
2019-12_gen2ou-0.json,Poliwrath,Abilities,,No Ability,100.0
2019-12_gen2ou-0.json,Poliwrath,Items,,Leftovers,63.793
2019-12_gen2ou-0.json,Poliwrath,Items,,Nothing,13.793
2019-12_gen2ou-0.json,Poliwrath,Items,,Mint Berry,6.897
2019-12_gen2ou-0.json,Poliwrath,Items,,Gold Berry,6.897
2019-12_gen2ou-0.json,Poliwrath,Items,,Black Belt,5.172
2019-12_gen2ou-0.json,Poliwrath,Items,,Other,3.448
2019-12_gen2ou-0.json,Poliwrath,Spreads,,Other,1.724
2019-12_gen2ou-0.json,Poliwrath,Moves,,Belly Drum,70.69
2019-12_gen2ou-0.json,Poliwrath,Moves,,Lovely Kiss,37.931
2019-12_gen2ou-0.json,Poliwrath,Moves,,Surf,36.207
2019-12_gen2ou-0.json,Poliwrath,Moves,,Body Slam,31.034
2019-12_gen2ou-0.json,Poliwrath,Moves,,Hydro Pump,25.862
2019-12_gen2ou-0.json,Poliwrath,Moves,,Submission,22.414
2019-12_gen2ou-0.json,Poliwrath,Moves,,Earthquake,20.69
2019-12_gen2ou-0.json,Poliwrath,Moves,,Rest,18.966
2019-12_gen2ou-0.json,Poliwrath,Moves,,Hidden Power Fighting,18.966
2019-12_gen2ou-0.json,Poliwrath,Moves,,Ice Beam,12.069
2019-12_gen2ou-0.json,Poliwrath,Moves,,Dynamic Punch,12.069
2019-12_gen2ou-0.json,Poliwrath,Moves,,Ice Punch,10.345
2019-12_gen2ou-0.json,Poliwrath,Moves,,Substitute,8.621
2019-12_gen2ou-0.json,Poliwrath,Moves,,Return,8.621
2019-12_gen2ou-0.json,Poliwrath,Moves,,Waterfall,6.897
2019-12_gen2ou-0.json,Poliwrath,Moves,,Hypnosis,6.897
2019-12_gen2ou-0.json,Poliwrath,Moves,,Mega Punch,5.172
2019-12_gen2ou-0.json,Poliwrath,Moves,,Psychic,5.172
2019-12_gen2ou-0.json,Poliwrath,Moves,,Thief,3.448
2019-12_gen2ou-0.json,Poliwrath,Moves,,Mist,3.448
2019-12_gen2ou-0.json,Poliwrath,Moves,,Detect,3.448
2019-12_gen2ou-0.json,Poliwrath,Moves,,Frustration,3.448
2019-12_gen2ou-0.json,Poliwrath,Moves,,Swagger,3.448
2019-12_gen2ou-0.json,Poliwrath,Moves,,Seismic Toss,3.448
2019-12_gen2ou-0.json,Poliwrath,Moves,,Hyper Beam,3.448
2019-12_gen2ou-0.json,Poliwrath,Moves,,Other,17.241
2019-12_gen2ou-0.json,Noctowl,Stats,Raw count,,55
2019-12_gen2ou-0.json,Noctowl,Stats,Avg. weight,,1.0
2019-12_gen2ou-0.json,Noctowl,Stats,Viability Ceiling,,51
2019-12_gen2ou-0.json,Noctowl,Stats,Serious,,3.636
2019-12_gen2ou-0.json,Noctowl,Abilities,,No Ability,100.0
2019-12_gen2ou-0.json,Noctowl,Items,,Leftovers,40.0
2019-12_gen2ou-0.json,Noctowl,Items,,Nothing,18.182
2019-12_gen2ou-0.json,Noctowl,Items,,Gold Berry,10.909
2019-12_gen2ou-0.json,Noctowl,Items,,Twisted Spoon,7.273
2019-12_gen2ou-0.json,Noctowl,Items,,Quick Claw,7.273
2019-12_gen2ou-0.json,Noctowl,Items,,Bitter Berry,7.273
2019-12_gen2ou-0.json,Noctowl,Items,,Focus Band,5.455
2019-12_gen2ou-0.json,Noctowl,Items,,Other,3.636
2019-12_gen2ou-0.json,Noctowl,Spreads,,Other,1.818
2019-12_gen2ou-0.json,Noctowl,Moves,,Hypnosis,67.273
2019-12_gen2ou-0.json,Noctowl,Moves,,Confusion,52.727
2019-12_gen2ou-0.json,Noctowl,Moves,,Fly,40.0
2019-12_gen2ou-0.json,Noctowl,Moves,,Dream Eater,23.636
2019-12_gen2ou-0.json,Noctowl,Moves,,Wing Attack,21.818
2019-12_gen2ou-0.json,Noctowl,Moves,,Toxic,18.182
2019-12_gen2ou-0.json,Noctowl,Moves,,Night Shade,16.364
2019-12_gen2ou-0.json,Noctowl,Moves,,Steel Wing,16.364
2019-12_gen2ou-0.json,Noctowl,Moves,,Sky Attack,16.364
2019-12_gen2ou-0.json,Noctowl,Moves,,Tackle,12.727
2019-12_gen2ou-0.json,Noctowl,Moves,,Whirlwind,12.727
2019-12_gen2ou-0.json,Noctowl,Moves,,Foresight,10.909
2019-12_gen2ou-0.json,Noctowl,Moves,,Feint Attack,9.091
2019-12_gen2ou-0.json,Noctowl,Moves,,Hidden Power Flying,9.091
2019-12_gen2ou-0.json,Noctowl,Moves,,Nothing,7.273
2019-12_gen2ou-0.json,Noctowl,Moves,,Return,7.273
2019-12_gen2ou-0.json,Noctowl,Moves,,Swift,7.273
2019-12_gen2ou-0.json,Noctowl,Moves,,Hidden Power Ground,7.273
2019-12_gen2ou-0.json,Noctowl,Moves,,Frustration,5.455
2019-12_gen2ou-0.json,Noctowl,Moves,,Peck,5.455
2019-12_gen2ou-0.json,Noctowl,Moves,,Protect,5.455
2019-12_gen2ou-0.json,Noctowl,Moves,,Hidden Power Ice,5.455
2019-12_gen2ou-0.json,Noctowl,Moves,,Hidden Power Electric,3.636
2019-12_gen2ou-0.json,Noctowl,Moves,,Other,18.182
2019-12_gen2ou-0.json,Togetic,Stats,Raw count,,53
2019-12_gen2ou-0.json,Togetic,Stats,Avg. weight,,1.0
2019-12_gen2ou-0.json,Togetic,Stats,Viability Ceiling,,59
2019-12_gen2ou-0.json,Togetic,Stats,Serious,,3.774
2019-12_gen2ou-0.json,Togetic,Abilities,,No Ability,100.0
2019-12_gen2ou-0.json,Togetic,Items,,Leftovers,52.83
2019-12_gen2ou-0.json,Togetic,Items,,Nothing,33.962
2019-12_gen2ou-0.json,Togetic,Items,,Miracle Berry,5.66
2019-12_gen2ou-0.json,Togetic,Items,,Quick Claw,3.774
2019-12_gen2ou-0.json,Togetic,Items,,Other,3.774
2019-12_gen2ou-0.json,Togetic,Spreads,,Other,1.887
2019-12_gen2ou-0.json,Togetic,Moves,,Psychic,67.925
2019-12_gen2ou-0.json,Togetic,Moves,,Metronome,43.396
2019-12_gen2ou-0.json,Togetic,Moves,,Encore,33.962
2019-12_gen2ou-0.json,Togetic,Moves,,Fire Blast,30.189
2019-12_gen2ou-0.json,Togetic,Moves,,Shadow Ball,24.528
2019-12_gen2ou-0.json,Togetic,Moves,,Safeguard,22.642
2019-12_gen2ou-0.json,Togetic,Moves,,Flamethrower,20.755
2019-12_gen2ou-0.json,Togetic,Moves,,Fly,18.868
2019-12_gen2ou-0.json,Togetic,Moves,,Double-Edge,18.868
2019-12_gen2ou-0.json,Togetic,Moves,,Charm,15.094
2019-12_gen2ou-0.json,Togetic,Moves,,Return,11.321
2019-12_gen2ou-0.json,Togetic,Moves,,Hidden Power Flying,9.434
2019-12_gen2ou-0.json,Togetic,Moves,,Sweet Kiss,7.547
2019-12_gen2ou-0.json,Togetic,Moves,,Rest,7.547
2019-12_gen2ou-0.json,Togetic,Moves,,Toxic,7.547
2019-12_gen2ou-0.json,Togetic,Moves,,Zap Cannon,7.547
2019-12_gen2ou-0.json,Togetic,Moves,,Headbutt,7.547
2019-12_gen2ou-0.json,Togetic,Moves,,Detect,5.66
2019-12_gen2ou-0.json,Togetic,Moves,,Hidden Power Ice,5.66
2019-12_gen2ou-0.json,Togetic,Moves,,Sleep Talk,5.66
2019-12_gen2ou-0.json,Togetic,Moves,,Hidden Power Electric,3.774
2019-12_gen2ou-0.json,Togetic,Moves,,Swift,3.774
2019-12_gen2ou-0.json,Togetic,Moves,,Nothing,1.887
2019-12_gen2ou-0.json,Togetic,Moves,,Other,18.868
2019-12_gen2ou-0.json,Hypno,Stats,Raw count,,55
2019-12_gen2ou-0.json,Hypno,Stats,Avg. weight,,1.0
2019-12_gen2ou-0.json,Hypno,Stats,Viability Ceiling,,71
2019-12_gen2ou-0.json,Hypno,Stats,Serious,,3.636
2019-12_gen2ou-0.json,Hypno,Abilities,,No Ability,100.0
2019-12_gen2ou-0.json,Hypno,Items,,Leftovers,92.727
2019-12_gen2ou-0.json,Hypno,Items,,Nothing,3.636
2019-12_gen2ou-0.json,Hypno,Items,,Other,3.636
2019-12_gen2ou-0.json,Hypno,Spreads,,Other,1.818
2019-12_gen2ou-0.json,Hypno,Moves,,Psychic,63.636
2019-12_gen2ou-0.json,Hypno,Moves,,Thunder Wave,45.455
2019-12_gen2ou-0.json,Hypno,Moves,,Rest,38.182
2019-12_gen2ou-0.json,Hypno,Moves,,Fire Punch,30.909
2019-12_gen2ou-0.json,Hypno,Moves,,Reflect,30.909
2019-12_gen2ou-0.json,Hypno,Moves,,Hypnosis,27.273
2019-12_gen2ou-0.json,Hypno,Moves,,Submission,25.455
2019-12_gen2ou-0.json,Hypno,Moves,,Dream Eater,23.636
2019-12_gen2ou-0.json,Hypno,Moves,,Light Screen,21.818
2019-12_gen2ou-0.json,Hypno,Moves,,Thunder Punch,21.818
2019-12_gen2ou-0.json,Hypno,Moves,,Ice Punch,16.364
2019-12_gen2ou-0.json,Hypno,Moves,,Toxic,10.909
2019-12_gen2ou-0.json,Hypno,Moves,,Poison Gas,7.273
2019-12_gen2ou-0.json,Hypno,Moves,,Confusion,7.273
2019-12_gen2ou-0.json,Hypno,Moves,,Sleep Talk,5.455
2019-12_gen2ou-0.json,Hypno,Moves,,Seismic Toss,5.455
2019-12_gen2ou-0.json,Hypno,Moves,,Other,18.182
2019-12_gen2ou-0.json,Kingler,Stats,Raw count,,48
2019-12_gen2ou-0.json,Kingler,Stats,Avg. weight,,1.0
2019-12_gen2ou-0.json,Kingler,Stats,Viability Ceiling,,56
2019-12_gen2ou-0.json,Kingler,Stats,Serious,,12.500
2019-12_gen2ou-0.json,Kingler,Abilities,,No Ability,100.0
2019-12_gen2ou-0.json,Kingler,Items,,Leftovers,75.0
2019-12_gen2ou-0.json,Kingler,Items,,Mystic Water,8.333
2019-12_gen2ou-0.json,Kingler,Items,,Gold Berry,6.25
2019-12_gen2ou-0.json,Kingler,Items,,Focus Band,4.167
2019-12_gen2ou-0.json,Kingler,Items,,Quick Claw,2.083
2019-12_gen2ou-0.json,Kingler,Items,,Other,4.167
2019-12_gen2ou-0.json,Kingler,Spreads,,Other,2.083
2019-12_gen2ou-0.json,Kingler,Moves,,Crabhammer,70.833
2019-12_gen2ou-0.json,Kingler,Moves,,Swords Dance,56.25
2019-12_gen2ou-0.json,Kingler,Moves,,Ice Beam,43.75
2019-12_gen2ou-0.json,Kingler,Moves,,Body Slam,35.417
2019-12_gen2ou-0.json,Kingler,Moves,,Surf,33.333
2019-12_gen2ou-0.json,Kingler,Moves,,Hyper Beam,29.167
2019-12_gen2ou-0.json,Kingler,Moves,,Substitute,20.833
2019-12_gen2ou-0.json,Kingler,Moves,,Double-Edge,20.833
2019-12_gen2ou-0.json,Kingler,Moves,,Return,12.5
2019-12_gen2ou-0.json,Kingler,Moves,,Dig,12.5
2019-12_gen2ou-0.json,Kingler,Moves,,Protect,8.333
2019-12_gen2ou-0.json,Kingler,Moves,,Rest,6.25
2019-12_gen2ou-0.json,Kingler,Moves,,Leer,6.25
2019-12_gen2ou-0.json,Kingler,Moves,,Toxic,6.25
2019-12_gen2ou-0.json,Kingler,Moves,,Whirlpool,6.25
2019-12_gen2ou-0.json,Kingler,Moves,,Stomp,6.25
2019-12_gen2ou-0.json,Kingler,Moves,,Blizzard,4.167
2019-12_gen2ou-0.json,Kingler,Moves,,Metal Claw,4.167
2019-12_gen2ou-0.json,Kingler,Moves,,Other,16.667
2019-12_gen2ou-0.json,Electrode,Stats,Raw count,,47
2019-12_gen2ou-0.json,Electrode,Stats,Avg. weight,,1.0
2019-12_gen2ou-0.json,Electrode,Stats,Viability Ceiling,,65
2019-12_gen2ou-0.json,Electrode,Stats,Serious,,95.745
2019-12_gen2ou-0.json,Electrode,Abilities,,No Ability,100.0
2019-12_gen2ou-0.json,Electrode,Items,,Leftovers,38.298
2019-12_gen2ou-0.json,Electrode,Items,,Pink Bow,29.787
2019-12_gen2ou-0.json,Electrode,Items,,Miracle Berry,12.766
2019-12_gen2ou-0.json,Electrode,Items,,Gold Berry,8.511
2019-12_gen2ou-0.json,Electrode,Items,,Quick Claw,4.255
2019-12_gen2ou-0.json,Electrode,Items,,Focus Band,2.128
2019-12_gen2ou-0.json,Electrode,Items,,Other,4.255
2019-12_gen2ou-0.json,Electrode,Spreads,,Other,4.255
2019-12_gen2ou-0.json,Electrode,Moves,,Thunderbolt,89.362
2019-12_gen2ou-0.json,Electrode,Moves,,Explosion,85.106
2019-12_gen2ou-0.json,Electrode,Moves,,Light Screen,51.064
2019-12_gen2ou-0.json,Electrode,Moves,,Thunder Wave,48.936
2019-12_gen2ou-0.json,Electrode,Moves,,Reflect,38.298
2019-12_gen2ou-0.json,Electrode,Moves,,Substitute,21.277
2019-12_gen2ou-0.json,Electrode,Moves,,Mirror Coat,8.511
2019-12_gen2ou-0.json,Electrode,Moves,,Thunder,6.383
2019-12_gen2ou-0.json,Electrode,Moves,,Hidden Power Grass,6.383
2019-12_gen2ou-0.json,Electrode,Moves,,Rollout,6.383
2019-12_gen2ou-0.json,Electrode,Moves,,Swift,6.383
2019-12_gen2ou-0.json,Electrode,Moves,,Return,4.255
2019-12_gen2ou-0.json,Electrode,Moves,,Hidden Power Ice,4.255
2019-12_gen2ou-0.json,Electrode,Moves,,Toxic,4.255
2019-12_gen2ou-0.json,Electrode,Moves,,Other,19.149
2019-12_gen2ou-0.json,Kangaskhan,Stats,Raw count,,43
2019-12_gen2ou-0.json,Kangaskhan,Stats,Avg. weight,,1.0
2019-12_gen2ou-0.json,Kangaskhan,Stats,Viability Ceiling,,76
2019-12_gen2ou-0.json,Kangaskhan,Stats,Serious,,95.349
2019-12_gen2ou-0.json,Kangaskhan,Abilities,,No Ability,100.0
2019-12_gen2ou-0.json,Kangaskhan,Items,,Leftovers,95.349
2019-12_gen2ou-0.json,Kangaskhan,Items,,Other,4.651
2019-12_gen2ou-0.json,Kangaskhan,Spreads,,Other,4.651
2019-12_gen2ou-0.json,Kangaskhan,Moves,,Curse,88.372
2019-12_gen2ou-0.json,Kangaskhan,Moves,,Rest,53.488
2019-12_gen2ou-0.json,Kangaskhan,Moves,,Roar,51.163
2019-12_gen2ou-0.json,Kangaskhan,Moves,,Body Slam,46.512
2019-12_gen2ou-0.json,Kangaskhan,Moves,,Earthquake,44.186
2019-12_gen2ou-0.json,Kangaskhan,Moves,,Attract,32.558
2019-12_gen2ou-0.json,Kangaskhan,Moves,,Return,30.233
2019-12_gen2ou-0.json,Kangaskhan,Moves,,Double-Edge,20.93
2019-12_gen2ou-0.json,Kangaskhan,Moves,,Substitute,6.977
2019-12_gen2ou-0.json,Kangaskhan,Moves,,Rock Slide,4.651
2019-12_gen2ou-0.json,Kangaskhan,Moves,,Shadow Ball,4.651
2019-12_gen2ou-0.json,Kangaskhan,Moves,,Other,16.279
2019-12_gen2ou-0.json,Slowbro,Stats,Raw count,,44
2019-12_gen2ou-0.json,Slowbro,Stats,Avg. weight,,1.0
2019-12_gen2ou-0.json,Slowbro,Stats,Viability Ceiling,,65
2019-12_gen2ou-0.json,Slowbro,Stats,Serious,,4.545
2019-12_gen2ou-0.json,Slowbro,Abilities,,No Ability,100.0
2019-12_gen2ou-0.json,Slowbro,Items,,Leftovers,77.273
2019-12_gen2ou-0.json,Slowbro,Items,,Nothing,11.364
2019-12_gen2ou-0.json,Slowbro,Items,,Miracle Berry,4.545
2019-12_gen2ou-0.json,Slowbro,Items,,Gold Berry,4.545
2019-12_gen2ou-0.json,Slowbro,Items,,Other,2.273
2019-12_gen2ou-0.json,Slowbro,Spreads,,Other,4.545
2019-12_gen2ou-0.json,Slowbro,Moves,,Surf,88.636
2019-12_gen2ou-0.json,Slowbro,Moves,,Rest,56.818
2019-12_gen2ou-0.json,Slowbro,Moves,,Psychic,54.545
2019-12_gen2ou-0.json,Slowbro,Moves,,Toxic,43.182
2019-12_gen2ou-0.json,Slowbro,Moves,,Growl,40.909
2019-12_gen2ou-0.json,Slowbro,Moves,,Ice Beam,25.0
2019-12_gen2ou-0.json,Slowbro,Moves,,Flamethrower,20.455
2019-12_gen2ou-0.json,Slowbro,Moves,,Amnesia,15.909
2019-12_gen2ou-0.json,Slowbro,Moves,,Earthquake,11.364
2019-12_gen2ou-0.json,Slowbro,Moves,,Thunder Wave,9.091
2019-12_gen2ou-0.json,Slowbro,Moves,,Blizzard,4.545
2019-12_gen2ou-0.json,Slowbro,Moves,,Shadow Ball,4.545
2019-12_gen2ou-0.json,Slowbro,Moves,,Reflect,4.545
2019-12_gen2ou-0.json,Slowbro,Moves,,Nothing,4.545
2019-12_gen2ou-0.json,Slowbro,Moves,,Other,15.909
2019-12_gen2ou-0.json,Xatu,Stats,Raw count,,46
2019-12_gen2ou-0.json,Xatu,Stats,Avg. weight,,1.0
2019-12_gen2ou-0.json,Xatu,Stats,Viability Ceiling,,63
2019-12_gen2ou-0.json,Xatu,Stats,Serious,,4.348
2019-12_gen2ou-0.json,Xatu,Abilities,,No Ability,100.0
2019-12_gen2ou-0.json,Xatu,Items,,Leftovers,54.348
2019-12_gen2ou-0.json,Xatu,Items,,Twisted Spoon,13.043
2019-12_gen2ou-0.json,Xatu,Items,,Nothing,13.043
2019-12_gen2ou-0.json,Xatu,Items,,Focus Band,10.87
2019-12_gen2ou-0.json,Xatu,Items,,Gold Berry,4.348
2019-12_gen2ou-0.json,Xatu,Items,,Other,4.348
2019-12_gen2ou-0.json,Xatu,Spreads,,Other,2.174
2019-12_gen2ou-0.json,Xatu,Moves,,Psychic,100.0
2019-12_gen2ou-0.json,Xatu,Moves,,Drill Peck,60.87
2019-12_gen2ou-0.json,Xatu,Moves,,Confuse Ray,56.522
2019-12_gen2ou-0.json,Xatu,Moves,,Night Shade,45.652
2019-12_gen2ou-0.json,Xatu,Moves,,Giga Drain,39.13
2019-12_gen2ou-0.json,Xatu,Moves,,Haze,19.565
2019-12_gen2ou-0.json,Xatu,Moves,,Toxic,19.565
2019-12_gen2ou-0.json,Xatu,Moves,,Future Sight,13.043
2019-12_gen2ou-0.json,Xatu,Moves,,Fly,8.696
2019-12_gen2ou-0.json,Xatu,Moves,,Hidden Power Dark,6.522
2019-12_gen2ou-0.json,Xatu,Moves,,Return,4.348
2019-12_gen2ou-0.json,Xatu,Moves,,Detect,4.348
2019-12_gen2ou-0.json,Xatu,Moves,,Dream Eater,4.348
2019-12_gen2ou-0.json,Xatu,Moves,,Other,17.391
2019-12_gen2ou-0.json,Articuno,Stats,Raw count,,41
2019-12_gen2ou-0.json,Articuno,Stats,Avg. weight,,1.0
2019-12_gen2ou-0.json,Articuno,Stats,Viability Ceiling,,67
2019-12_gen2ou-0.json,Articuno,Stats,Serious,,7.317
2019-12_gen2ou-0.json,Articuno,Abilities,,No Ability,100.0
2019-12_gen2ou-0.json,Articuno,Items,,Leftovers,68.293
2019-12_gen2ou-0.json,Articuno,Items,,Never-Melt Ice,14.634
2019-12_gen2ou-0.json,Articuno,Items,,Nothing,12.195
2019-12_gen2ou-0.json,Articuno,Items,,Other,4.878
2019-12_gen2ou-0.json,Articuno,Spreads,,Other,2.439
2019-12_gen2ou-0.json,Articuno,Moves,,Ice Beam,92.683
2019-12_gen2ou-0.json,Articuno,Moves,,Whirlwind,46.341
2019-12_gen2ou-0.json,Articuno,Moves,,Rest,36.585
2019-12_gen2ou-0.json,Articuno,Moves,,Fly,34.146
2019-12_gen2ou-0.json,Articuno,Moves,,Blizzard,24.39
2019-12_gen2ou-0.json,Articuno,Moves,,Toxic,21.951
2019-12_gen2ou-0.json,Articuno,Moves,,Hidden Power Electric,14.634
2019-12_gen2ou-0.json,Articuno,Moves,,Reflect,14.634
2019-12_gen2ou-0.json,Articuno,Moves,,Bubble Beam,12.195
2019-12_gen2ou-0.json,Articuno,Moves,,Hidden Power Ground,12.195
2019-12_gen2ou-0.json,Articuno,Moves,,Return,9.756
2019-12_gen2ou-0.json,Articuno,Moves,,Sky Attack,9.756
2019-12_gen2ou-0.json,Articuno,Moves,,Mist,7.317
2019-12_gen2ou-0.json,Articuno,Moves,,Hyper Beam,7.317
2019-12_gen2ou-0.json,Articuno,Moves,,Double-Edge,7.317
2019-12_gen2ou-0.json,Articuno,Moves,,Nothing,4.878
2019-12_gen2ou-0.json,Articuno,Moves,,Hidden Power Ghost,4.878
2019-12_gen2ou-0.json,Articuno,Moves,,Substitute,4.878
2019-12_gen2ou-0.json,Articuno,Moves,,Sleep Talk,4.878
2019-12_gen2ou-0.json,Articuno,Moves,,Icy Wind,4.878
2019-12_gen2ou-0.json,Articuno,Moves,,Steel Wing,4.878
2019-12_gen2ou-0.json,Articuno,Moves,,Other,19.512
2019-12_gen2ou-0.json,Sudowoodo,Stats,Raw count,,35
2019-12_gen2ou-0.json,Sudowoodo,Stats,Avg. weight,,1.0
2019-12_gen2ou-0.json,Sudowoodo,Stats,Viability Ceiling,,59
2019-12_gen2ou-0.json,Sudowoodo,Stats,Serious,,25.714
2019-12_gen2ou-0.json,Sudowoodo,Abilities,,No Ability,100.0
2019-12_gen2ou-0.json,Sudowoodo,Items,,Leftovers,40.0
2019-12_gen2ou-0.json,Sudowoodo,Items,,Berry Juice,11.429
2019-12_gen2ou-0.json,Sudowoodo,Items,,Hard Stone,11.429
2019-12_gen2ou-0.json,Sudowoodo,Items,,Nothing,11.429
2019-12_gen2ou-0.json,Sudowoodo,Items,,Bright Powder,8.571
2019-12_gen2ou-0.json,Sudowoodo,Items,,Berry,5.714
2019-12_gen2ou-0.json,Sudowoodo,Items,,Gold Berry,2.857
2019-12_gen2ou-0.json,Sudowoodo,Items,,Bitter Berry,2.857
2019-12_gen2ou-0.json,Sudowoodo,Items,,Black Belt,2.857
2019-12_gen2ou-0.json,Sudowoodo,Items,,Other,2.857
2019-12_gen2ou-0.json,Sudowoodo,Spreads,,Other,2.857
2019-12_gen2ou-0.json,Sudowoodo,Moves,,Rock Slide,80.0
2019-12_gen2ou-0.json,Sudowoodo,Moves,,Earthquake,62.857
2019-12_gen2ou-0.json,Sudowoodo,Moves,,Low Kick,42.857
2019-12_gen2ou-0.json,Sudowoodo,Moves,,Self-Destruct,28.571
2019-12_gen2ou-0.json,Sudowoodo,Moves,,Ice Punch,25.714
2019-12_gen2ou-0.json,Sudowoodo,Moves,,Dynamic Punch,20.0
2019-12_gen2ou-0.json,Sudowoodo,Moves,,Fire Punch,17.143
2019-12_gen2ou-0.json,Sudowoodo,Moves,,Slam,11.429
2019-12_gen2ou-0.json,Sudowoodo,Moves,,Curse,11.429
2019-12_gen2ou-0.json,Sudowoodo,Moves,,Psych Up,11.429
2019-12_gen2ou-0.json,Sudowoodo,Moves,,Hidden Power Fighting,8.571
2019-12_gen2ou-0.json,Sudowoodo,Moves,,Substitute,8.571
2019-12_gen2ou-0.json,Sudowoodo,Moves,,Toxic,8.571
2019-12_gen2ou-0.json,Sudowoodo,Moves,,Swagger,8.571
2019-12_gen2ou-0.json,Sudowoodo,Moves,,Rock Throw,5.714
2019-12_gen2ou-0.json,Sudowoodo,Moves,,Flail,5.714
2019-12_gen2ou-0.json,Sudowoodo,Moves,,Strength,5.714
2019-12_gen2ou-0.json,Sudowoodo,Moves,,Hidden Power Flying,5.714
2019-12_gen2ou-0.json,Sudowoodo,Moves,,Protect,5.714
2019-12_gen2ou-0.json,Sudowoodo,Moves,,Mimic,5.714
2019-12_gen2ou-0.json,Sudowoodo,Moves,,Thunder Punch,5.714
2019-12_gen2ou-0.json,Sudowoodo,Moves,,Other,14.286
2019-12_gen2ou-0.json,Eevee,Stats,Raw count,,34
2019-12_gen2ou-0.json,Eevee,Stats,Avg. weight,,1.0
2019-12_gen2ou-0.json,Eevee,Stats,Viability Ceiling,,55
2019-12_gen2ou-0.json,Eevee,Stats,Serious,,5.882
2019-12_gen2ou-0.json,Eevee,Abilities,,No Ability,100.0
2019-12_gen2ou-0.json,Eevee,Items,,Pink Bow,67.647
2019-12_gen2ou-0.json,Eevee,Items,,Nothing,17.647
2019-12_gen2ou-0.json,Eevee,Items,,Magnet,11.765
2019-12_gen2ou-0.json,Eevee,Items,,Other,2.941
2019-12_gen2ou-0.json,Eevee,Spreads,,Other,2.941
2019-12_gen2ou-0.json,Eevee,Moves,,Body Slam,94.118
2019-12_gen2ou-0.json,Eevee,Moves,,Quick Attack,91.176
2019-12_gen2ou-0.json,Eevee,Moves,,Hidden Power Psychic,67.647
2019-12_gen2ou-0.json,Eevee,Moves,,Skull Bash,67.647
2019-12_gen2ou-0.json,Eevee,Moves,,Double-Edge,17.647
2019-12_gen2ou-0.json,Eevee,Moves,,Shadow Ball,11.765
2019-12_gen2ou-0.json,Eevee,Moves,,Toxic,11.765
2019-12_gen2ou-0.json,Eevee,Moves,,Bite,8.824
2019-12_gen2ou-0.json,Eevee,Moves,,Sand Attack,5.882
2019-12_gen2ou-0.json,Eevee,Moves,,Hidden Power Fire,5.882
2019-12_gen2ou-0.json,Eevee,Moves,,Other,17.647
2019-12_gen2ou-0.json,Magcargo,Stats,Raw count,,35
2019-12_gen2ou-0.json,Magcargo,Stats,Avg. weight,,1.0
2019-12_gen2ou-0.json,Magcargo,Stats,Viability Ceiling,,55
2019-12_gen2ou-0.json,Magcargo,Stats,Serious,,20.000
2019-12_gen2ou-0.json,Magcargo,Abilities,,No Ability,100.0
2019-12_gen2ou-0.json,Magcargo,Items,,Leftovers,80.0
2019-12_gen2ou-0.json,Magcargo,Items,,Charcoal,8.571
2019-12_gen2ou-0.json,Magcargo,Items,,Nothing,5.714
2019-12_gen2ou-0.json,Magcargo,Items,,Mail,2.857
2019-12_gen2ou-0.json,Magcargo,Items,,Other,2.857
2019-12_gen2ou-0.json,Magcargo,Moves,,Fire Blast,85.714
2019-12_gen2ou-0.json,Magcargo,Moves,,Earthquake,71.429
2019-12_gen2ou-0.json,Magcargo,Moves,,Flamethrower,51.429
2019-12_gen2ou-0.json,Magcargo,Moves,,Rock Slide,40.0
2019-12_gen2ou-0.json,Magcargo,Moves,,Rest,34.286
2019-12_gen2ou-0.json,Magcargo,Moves,,Curse,31.429
2019-12_gen2ou-0.json,Magcargo,Moves,,Acid Armor,20.0
2019-12_gen2ou-0.json,Magcargo,Moves,,Toxic,20.0
2019-12_gen2ou-0.json,Magcargo,Moves,,Protect,17.143
2019-12_gen2ou-0.json,Magcargo,Moves,,Rock Throw,11.429
2019-12_gen2ou-0.json,Magcargo,Moves,,Other,17.143
2019-12_gen2ou-0.json,Slowking,Stats,Raw count,,36
2019-12_gen2ou-0.json,Slowking,Stats,Avg. weight,,1.0
2019-12_gen2ou-0.json,Slowking,Stats,Viability Ceiling,,63
2019-12_gen2ou-0.json,Slowking,Stats,Serious,,5.556
2019-12_gen2ou-0.json,Slowking,Abilities,,No Ability,100.0
2019-12_gen2ou-0.json,Slowking,Items,,Leftovers,61.111
2019-12_gen2ou-0.json,Slowking,Items,,King's Rock,13.889
2019-12_gen2ou-0.json,Slowking,Items,,Mint Berry,11.111
2019-12_gen2ou-0.json,Slowking,Items,,Gold Berry,8.333
2019-12_gen2ou-0.json,Slowking,Items,,Scope Lens,2.778
2019-12_gen2ou-0.json,Slowking,Items,,Other,2.778
2019-12_gen2ou-0.json,Slowking,Moves,,Psychic,77.778
2019-12_gen2ou-0.json,Slowking,Moves,,Surf,77.778
2019-12_gen2ou-0.json,Slowking,Moves,,Ice Beam,41.667
2019-12_gen2ou-0.json,Slowking,Moves,,Shadow Ball,27.778
2019-12_gen2ou-0.json,Slowking,Moves,,Rest,19.444
2019-12_gen2ou-0.json,Slowking,Moves,,Thunder Wave,19.444
2019-12_gen2ou-0.json,Slowking,Moves,,Fire Blast,19.444
2019-12_gen2ou-0.json,Slowking,Moves,,Amnesia,13.889
2019-12_gen2ou-0.json,Slowking,Moves,,Disable,13.889
2019-12_gen2ou-0.json,Slowking,Moves,,Earthquake,11.111
2019-12_gen2ou-0.json,Slowking,Moves,,Body Slam,11.111
2019-12_gen2ou-0.json,Slowking,Moves,,Hidden Power Dark,8.333
2019-12_gen2ou-0.json,Slowking,Moves,,Tri Attack,8.333
2019-12_gen2ou-0.json,Slowking,Moves,,Dream Eater,8.333
2019-12_gen2ou-0.json,Slowking,Moves,,Dynamic Punch,8.333
2019-12_gen2ou-0.json,Slowking,Moves,,Hidden Power Fire,5.556
2019-12_gen2ou-0.json,Slowking,Moves,,Swagger,5.556
2019-12_gen2ou-0.json,Slowking,Moves,,Flamethrower,5.556
2019-12_gen2ou-0.json,Slowking,Moves,,Other,16.667
2019-12_gen2ou-0.json,Hitmontop,Stats,Raw count,,36
2019-12_gen2ou-0.json,Hitmontop,Stats,Avg. weight,,1.0
2019-12_gen2ou-0.json,Hitmontop,Stats,Viability Ceiling,,56
2019-12_gen2ou-0.json,Hitmontop,Stats,Serious,,5.556
2019-12_gen2ou-0.json,Hitmontop,Abilities,,No Ability,100.0
2019-12_gen2ou-0.json,Hitmontop,Items,,Leftovers,63.889
2019-12_gen2ou-0.json,Hitmontop,Items,,Nothing,16.667
2019-12_gen2ou-0.json,Hitmontop,Items,,Black Belt,8.333
2019-12_gen2ou-0.json,Hitmontop,Items,,Focus Band,5.556
2019-12_gen2ou-0.json,Hitmontop,Items,,Quick Claw,2.778
2019-12_gen2ou-0.json,Hitmontop,Items,,Other,2.778
2019-12_gen2ou-0.json,Hitmontop,Moves,,High Jump Kick,72.222
2019-12_gen2ou-0.json,Hitmontop,Moves,,Rapid Spin,63.889
2019-12_gen2ou-0.json,Hitmontop,Moves,,Counter,55.556
2019-12_gen2ou-0.json,Hitmontop,Moves,,Detect,47.222
2019-12_gen2ou-0.json,Hitmontop,Moves,,Mach Punch,30.556
2019-12_gen2ou-0.json,Hitmontop,Moves,,Toxic,19.444
2019-12_gen2ou-0.json,Hitmontop,Moves,,Agility,16.667
2019-12_gen2ou-0.json,Hitmontop,Moves,,Triple Kick,13.889
2019-12_gen2ou-0.json,Hitmontop,Moves,,Hidden Power Bug,13.889
2019-12_gen2ou-0.json,Hitmontop,Moves,,Rest,11.111
2019-12_gen2ou-0.json,Hitmontop,Moves,,Pursuit,11.111
2019-12_gen2ou-0.json,Hitmontop,Moves,,Quick Attack,8.333
2019-12_gen2ou-0.json,Hitmontop,Moves,,Return,5.556
2019-12_gen2ou-0.json,Hitmontop,Moves,,Rolling Kick,5.556
2019-12_gen2ou-0.json,Hitmontop,Moves,,Nothing,5.556
2019-12_gen2ou-0.json,Hitmontop,Moves,,Other,19.444
2019-12_gen2ou-0.json,Chansey,Stats,Raw count,,37
2019-12_gen2ou-0.json,Chansey,Stats,Avg. weight,,1.0
2019-12_gen2ou-0.json,Chansey,Stats,Viability Ceiling,,88
2019-12_gen2ou-0.json,Chansey,Stats,Serious,,97.297
2019-12_gen2ou-0.json,Chansey,Abilities,,No Ability,100.0
2019-12_gen2ou-0.json,Chansey,Items,,Lucky Punch,48.649
2019-12_gen2ou-0.json,Chansey,Items,,Leftovers,29.73
2019-12_gen2ou-0.json,Chansey,Items,,Nothing,21.622
2019-12_gen2ou-0.json,Chansey,Spreads,,Other,2.703
2019-12_gen2ou-0.json,Chansey,Moves,,Soft-Boiled,70.27
2019-12_gen2ou-0.json,Chansey,Moves,,Toxic,37.838
2019-12_gen2ou-0.json,Chansey,Moves,,Body Slam,32.432
2019-12_gen2ou-0.json,Chansey,Moves,,Ice Beam,27.027
2019-12_gen2ou-0.json,Chansey,Moves,,Psychic,24.324
2019-12_gen2ou-0.json,Chansey,Moves,,Seismic Toss,21.622
2019-12_gen2ou-0.json,Chansey,Moves,,Bide,21.622
2019-12_gen2ou-0.json,Chansey,Moves,,Protect,18.919
2019-12_gen2ou-0.json,Chansey,Moves,,Metronome,16.216
2019-12_gen2ou-0.json,Chansey,Moves,,Double-Edge,16.216
2019-12_gen2ou-0.json,Chansey,Moves,,Heal Bell,13.514
2019-12_gen2ou-0.json,Chansey,Moves,,Attract,10.811
2019-12_gen2ou-0.json,Chansey,Moves,,Present,10.811
2019-12_gen2ou-0.json,Chansey,Moves,,Counter,10.811
2019-12_gen2ou-0.json,Chansey,Moves,,Thunderbolt,8.108
2019-12_gen2ou-0.json,Chansey,Moves,,Reflect,8.108
2019-12_gen2ou-0.json,Chansey,Moves,,Light Screen,8.108
2019-12_gen2ou-0.json,Chansey,Moves,,Blizzard,5.405
2019-12_gen2ou-0.json,Chansey,Moves,,Rest,5.405
2019-12_gen2ou-0.json,Chansey,Moves,,Thunder Wave,5.405
2019-12_gen2ou-0.json,Chansey,Moves,,Fire Blast,5.405
2019-12_gen2ou-0.json,Chansey,Moves,,Substitute,2.703
2019-12_gen2ou-0.json,Chansey,Moves,,Other,18.919
2019-12_gen2ou-0.json,Granbull,Stats,Raw count,,35
2019-12_gen2ou-0.json,Granbull,Stats,Avg. weight,,1.0
2019-12_gen2ou-0.json,Granbull,Stats,Viability Ceiling,,55
2019-12_gen2ou-0.json,Granbull,Stats,Serious,,5.714
2019-12_gen2ou-0.json,Granbull,Abilities,,No Ability,100.0
2019-12_gen2ou-0.json,Granbull,Items,,Leftovers,82.857
2019-12_gen2ou-0.json,Granbull,Items,,Pink Bow,14.286
2019-12_gen2ou-0.json,Granbull,Items,,Other,2.857
2019-12_gen2ou-0.json,Granbull,Moves,,Return,71.429
2019-12_gen2ou-0.json,Granbull,Moves,,Shadow Ball,65.714
2019-12_gen2ou-0.json,Granbull,Moves,,Heal Bell,65.714
2019-12_gen2ou-0.json,Granbull,Moves,,Roar,37.143
2019-12_gen2ou-0.json,Granbull,Moves,,Fire Punch,34.286
2019-12_gen2ou-0.json,Granbull,Moves,,Crunch,28.571
2019-12_gen2ou-0.json,Granbull,Moves,,Hidden Power Fighting,17.143
2019-12_gen2ou-0.json,Granbull,Moves,,Sludge Bomb,14.286
2019-12_gen2ou-0.json,Granbull,Moves,,Hyper Beam,14.286
2019-12_gen2ou-0.json,Granbull,Moves,,Ice Punch,11.429
2019-12_gen2ou-0.json,Granbull,Moves,,Metronome,8.571
2019-12_gen2ou-0.json,Granbull,Moves,,Reflect,8.571
2019-12_gen2ou-0.json,Granbull,Moves,,Curse,5.714
2019-12_gen2ou-0.json,Granbull,Moves,,Other,17.143
2019-12_gen2ou-0.json,Gligar,Stats,Raw count,,33
2019-12_gen2ou-0.json,Gligar,Stats,Avg. weight,,1.0
2019-12_gen2ou-0.json,Gligar,Stats,Viability Ceiling,,55
2019-12_gen2ou-0.json,Gligar,Stats,Serious,,6.061
2019-12_gen2ou-0.json,Gligar,Abilities,,No Ability,100.0
2019-12_gen2ou-0.json,Gligar,Items,,Leftovers,93.939
2019-12_gen2ou-0.json,Gligar,Items,,Berserk Gene,6.061
2019-12_gen2ou-0.json,Gligar,Moves,,Earthquake,84.848
2019-12_gen2ou-0.json,Gligar,Moves,,Wing Attack,36.364
2019-12_gen2ou-0.json,Gligar,Moves,,Protect,33.333
2019-12_gen2ou-0.json,Gligar,Moves,,Toxic,33.333
2019-12_gen2ou-0.json,Gligar,Moves,,Sludge Bomb,30.303
2019-12_gen2ou-0.json,Gligar,Moves,,Slash,30.303
2019-12_gen2ou-0.json,Gligar,Moves,,Hidden Power Flying,27.273
2019-12_gen2ou-0.json,Gligar,Moves,,Rest,24.242
2019-12_gen2ou-0.json,Gligar,Moves,,Curse,15.152
2019-12_gen2ou-0.json,Gligar,Moves,,Screech,15.152
2019-12_gen2ou-0.json,Gligar,Moves,,Quick Attack,15.152
2019-12_gen2ou-0.json,Gligar,Moves,,Swift,12.121
2019-12_gen2ou-0.json,Gligar,Moves,,Iron Tail,9.091
2019-12_gen2ou-0.json,Gligar,Moves,,Detect,9.091
2019-12_gen2ou-0.json,Gligar,Moves,,Poison Sting,6.061
2019-12_gen2ou-0.json,Gligar,Moves,,Other,18.182
2019-12_gen2ou-0.json,Dodrio,Stats,Raw count,,30
2019-12_gen2ou-0.json,Dodrio,Stats,Avg. weight,,1.0
2019-12_gen2ou-0.json,Dodrio,Stats,Viability Ceiling,,88
2019-12_gen2ou-0.json,Dodrio,Stats,Serious,,96.667
2019-12_gen2ou-0.json,Dodrio,Abilities,,No Ability,100.0
2019-12_gen2ou-0.json,Dodrio,Items,,Leftovers,46.667
2019-12_gen2ou-0.json,Dodrio,Items,,Nothing,20.0
2019-12_gen2ou-0.json,Dodrio,Items,,Gold Berry,13.333
2019-12_gen2ou-0.json,Dodrio,Items,,Miracle Berry,13.333
2019-12_gen2ou-0.json,Dodrio,Items,,Poke Ball,3.333
2019-12_gen2ou-0.json,Dodrio,Items,,Other,3.333
2019-12_gen2ou-0.json,Dodrio,Spreads,,Other,3.333
2019-12_gen2ou-0.json,Dodrio,Moves,,Drill Peck,83.333
2019-12_gen2ou-0.json,Dodrio,Moves,,Tri Attack,66.667
2019-12_gen2ou-0.json,Dodrio,Moves,,Double-Edge,43.333
2019-12_gen2ou-0.json,Dodrio,Moves,,Reflect,23.333
2019-12_gen2ou-0.json,Dodrio,Moves,,Quick Attack,20.0
2019-12_gen2ou-0.json,Dodrio,Moves,,Substitute,16.667
2019-12_gen2ou-0.json,Dodrio,Moves,,Low Kick,16.667
2019-12_gen2ou-0.json,Dodrio,Moves,,Haze,13.333
2019-12_gen2ou-0.json,Dodrio,Moves,,Body Slam,13.333
2019-12_gen2ou-0.json,Dodrio,Moves,,Pursuit,13.333
2019-12_gen2ou-0.json,Dodrio,Moves,,Hyper Beam,13.333
2019-12_gen2ou-0.json,Dodrio,Moves,,Rest,6.667
2019-12_gen2ou-0.json,Dodrio,Moves,,Hidden Power Fighting,6.667
2019-12_gen2ou-0.json,Dodrio,Moves,,Growl,6.667
2019-12_gen2ou-0.json,Dodrio,Moves,,Frustration,6.667
2019-12_gen2ou-0.json,Dodrio,Moves,,Hidden Power Grass,6.667
2019-12_gen2ou-0.json,Dodrio,Moves,,Sleep Talk,6.667
2019-12_gen2ou-0.json,Dodrio,Moves,,Return,6.667
2019-12_gen2ou-0.json,Dodrio,Moves,,Steel Wing,6.667
2019-12_gen2ou-0.json,Dodrio,Moves,,Whirlwind,6.667
2019-12_gen2ou-0.json,Dodrio,Moves,,Other,16.667
2019-12_gen2ou-0.json,Nidoqueen,Stats,Raw count,,31
2019-12_gen2ou-0.json,Nidoqueen,Stats,Avg. weight,,1.0
2019-12_gen2ou-0.json,Nidoqueen,Stats,Viability Ceiling,,60
2019-12_gen2ou-0.json,Nidoqueen,Stats,Serious,,96.774
2019-12_gen2ou-0.json,Nidoqueen,Abilities,,No Ability,100.0
2019-12_gen2ou-0.json,Nidoqueen,Items,,Leftovers,87.097
2019-12_gen2ou-0.json,Nidoqueen,Items,,Never-Melt Ice,9.677
2019-12_gen2ou-0.json,Nidoqueen,Items,,Other,3.226
2019-12_gen2ou-0.json,Nidoqueen,Spreads,,Other,3.226
2019-12_gen2ou-0.json,Nidoqueen,Moves,,Earthquake,74.194
2019-12_gen2ou-0.json,Nidoqueen,Moves,,Attract,38.71
2019-12_gen2ou-0.json,Nidoqueen,Moves,,Toxic,32.258
2019-12_gen2ou-0.json,Nidoqueen,Moves,,Lovely Kiss,32.258
2019-12_gen2ou-0.json,Nidoqueen,Moves,,Ice Beam,29.032
2019-12_gen2ou-0.json,Nidoqueen,Moves,,Body Slam,25.806
2019-12_gen2ou-0.json,Nidoqueen,Moves,,Thunderbolt,22.581
2019-12_gen2ou-0.json,Nidoqueen,Moves,,Shadow Ball,22.581
2019-12_gen2ou-0.json,Nidoqueen,Moves,,Flamethrower,22.581
2019-12_gen2ou-0.json,Nidoqueen,Moves,,Dynamic Punch,19.355
2019-12_gen2ou-0.json,Nidoqueen,Moves,,Rock Slide,16.129
2019-12_gen2ou-0.json,Nidoqueen,Moves,,Bite,16.129
2019-12_gen2ou-0.json,Nidoqueen,Moves,,Protect,9.677
2019-12_gen2ou-0.json,Nidoqueen,Moves,,Hidden Power Flying,9.677
2019-12_gen2ou-0.json,Nidoqueen,Moves,,Surf,6.452
2019-12_gen2ou-0.json,Nidoqueen,Moves,,Hidden Power Poison,6.452
2019-12_gen2ou-0.json,Nidoqueen,Moves,,Other,16.129
2019-12_gen2ou-0.json,Bayleef,Stats,Raw count,,32
2019-12_gen2ou-0.json,Bayleef,Stats,Avg. weight,,1.0
2019-12_gen2ou-0.json,Bayleef,Stats,Viability Ceiling,,45
2019-12_gen2ou-0.json,Bayleef,Stats,Serious,,6.250
2019-12_gen2ou-0.json,Bayleef,Abilities,,No Ability,100.0
2019-12_gen2ou-0.json,Bayleef,Items,,Leftovers,37.5
2019-12_gen2ou-0.json,Bayleef,Items,,Nothing,25.0
2019-12_gen2ou-0.json,Bayleef,Items,,Miracle Seed,15.625
2019-12_gen2ou-0.json,Bayleef,Items,,King's Rock,12.5
2019-12_gen2ou-0.json,Bayleef,Items,,Mystery Berry,6.25
2019-12_gen2ou-0.json,Bayleef,Items,,Other,3.125
2019-12_gen2ou-0.json,Bayleef,Spreads,,Other,3.125
2019-12_gen2ou-0.json,Bayleef,Moves,,Razor Leaf,59.375
2019-12_gen2ou-0.json,Bayleef,Moves,,Body Slam,59.375
2019-12_gen2ou-0.json,Bayleef,Moves,,Giga Drain,40.625
2019-12_gen2ou-0.json,Bayleef,Moves,,Vine Whip,31.25
2019-12_gen2ou-0.json,Bayleef,Moves,,Ancient Power,28.125
2019-12_gen2ou-0.json,Bayleef,Moves,,Leech Seed,28.125
2019-12_gen2ou-0.json,Bayleef,Moves,,Solar Beam,28.125
2019-12_gen2ou-0.json,Bayleef,Moves,,Headbutt,21.875
2019-12_gen2ou-0.json,Bayleef,Moves,,Synthesis,21.875
2019-12_gen2ou-0.json,Bayleef,Moves,,Return,18.75
2019-12_gen2ou-0.json,Bayleef,Moves,,Swords Dance,15.625
2019-12_gen2ou-0.json,Bayleef,Moves,,Tackle,9.375
2019-12_gen2ou-0.json,Bayleef,Moves,,Poison Powder,6.25
2019-12_gen2ou-0.json,Bayleef,Moves,,Hidden Power Water,6.25
2019-12_gen2ou-0.json,Bayleef,Moves,,Sunny Day,6.25
2019-12_gen2ou-0.json,Bayleef,Moves,,Other,18.75
2019-12_gen2ou-0.json,Ariados,Stats,Raw count,,29
2019-12_gen2ou-0.json,Ariados,Stats,Avg. weight,,1.0
2019-12_gen2ou-0.json,Ariados,Stats,Viability Ceiling,,71
2019-12_gen2ou-0.json,Ariados,Stats,Serious,,13.793
2019-12_gen2ou-0.json,Ariados,Abilities,,No Ability,100.0
2019-12_gen2ou-0.json,Ariados,Items,,Leftovers,62.069
2019-12_gen2ou-0.json,Ariados,Items,,Focus Band,17.241
2019-12_gen2ou-0.json,Ariados,Items,,Poison Barb,17.241
2019-12_gen2ou-0.json,Ariados,Items,,Other,3.448
2019-12_gen2ou-0.json,Ariados,Spreads,,Other,3.448
2019-12_gen2ou-0.json,Ariados,Moves,,Sludge Bomb,58.621
2019-12_gen2ou-0.json,Ariados,Moves,,Giga Drain,51.724
2019-12_gen2ou-0.json,Ariados,Moves,,Psychic,48.276
2019-12_gen2ou-0.json,Ariados,Moves,,Agility,41.379
2019-12_gen2ou-0.json,Ariados,Moves,,Spider Web,34.483
2019-12_gen2ou-0.json,Ariados,Moves,,Baton Pass,31.034
2019-12_gen2ou-0.json,Ariados,Moves,,Leech Life,20.69
2019-12_gen2ou-0.json,Ariados,Moves,,Curse,17.241
2019-12_gen2ou-0.json,Ariados,Moves,,Rest,17.241
2019-12_gen2ou-0.json,Ariados,Moves,,Hidden Power Ground,17.241
2019-12_gen2ou-0.json,Ariados,Moves,,Scary Face,13.793
2019-12_gen2ou-0.json,Ariados,Moves,,Hidden Power Bug,10.345
2019-12_gen2ou-0.json,Ariados,Moves,,Disable,10.345
2019-12_gen2ou-0.json,Ariados,Moves,,Night Shade,10.345
2019-12_gen2ou-0.json,Ariados,Moves,,Other,17.241
2019-12_gen2ou-0.json,Dewgong,Stats,Raw count,,29
2019-12_gen2ou-0.json,Dewgong,Stats,Avg. weight,,1.0
2019-12_gen2ou-0.json,Dewgong,Stats,Viability Ceiling,,50
2019-12_gen2ou-0.json,Dewgong,Stats,Serious,,6.897
2019-12_gen2ou-0.json,Dewgong,Abilities,,No Ability,100.0
2019-12_gen2ou-0.json,Dewgong,Items,,Leftovers,75.862
2019-12_gen2ou-0.json,Dewgong,Items,,Mint Berry,10.345
2019-12_gen2ou-0.json,Dewgong,Items,,Never-Melt Ice,6.897
2019-12_gen2ou-0.json,Dewgong,Items,,Miracle Berry,3.448
2019-12_gen2ou-0.json,Dewgong,Items,,Other,3.448
2019-12_gen2ou-0.json,Dewgong,Moves,,Surf,86.207
2019-12_gen2ou-0.json,Dewgong,Moves,,Ice Beam,82.759
2019-12_gen2ou-0.json,Dewgong,Moves,,Rest,48.276
2019-12_gen2ou-0.json,Dewgong,Moves,,Sleep Talk,31.034
2019-12_gen2ou-0.json,Dewgong,Moves,,Protect,24.138
2019-12_gen2ou-0.json,Dewgong,Moves,,Perish Song,24.138
2019-12_gen2ou-0.json,Dewgong,Moves,,Waterfall,24.138
2019-12_gen2ou-0.json,Dewgong,Moves,,Whirlpool,17.241
2019-12_gen2ou-0.json,Dewgong,Moves,,Headbutt,13.793
2019-12_gen2ou-0.json,Dewgong,Moves,,Double-Edge,13.793
2019-12_gen2ou-0.json,Dewgong,Moves,,Blizzard,10.345
2019-12_gen2ou-0.json,Dewgong,Moves,,Return,6.897
2019-12_gen2ou-0.json,Dewgong,Moves,,Other,17.241
2019-12_gen2ou-0.json,Vileplume,Stats,Raw count,,28
2019-12_gen2ou-0.json,Vileplume,Stats,Avg. weight,,1.0
2019-12_gen2ou-0.json,Vileplume,Stats,Viability Ceiling,,62
2019-12_gen2ou-0.json,Vileplume,Stats,Serious,,100.000
2019-12_gen2ou-0.json,Vileplume,Abilities,,No Ability,100.0
2019-12_gen2ou-0.json,Vileplume,Items,,Leftovers,42.857
2019-12_gen2ou-0.json,Vileplume,Items,,Nothing,32.143
2019-12_gen2ou-0.json,Vileplume,Items,,Miracle Seed,21.429
2019-12_gen2ou-0.json,Vileplume,Items,,Other,3.571
2019-12_gen2ou-0.json,Vileplume,Moves,,Giga Drain,89.286
2019-12_gen2ou-0.json,Vileplume,Moves,,Sludge Bomb,82.143
2019-12_gen2ou-0.json,Vileplume,Moves,,Sleep Powder,64.286
2019-12_gen2ou-0.json,Vileplume,Moves,,Leech Seed,46.429
2019-12_gen2ou-0.json,Vileplume,Moves,,Moonlight,28.571
2019-12_gen2ou-0.json,Vileplume,Moves,,Stun Spore,21.429
2019-12_gen2ou-0.json,Vileplume,Moves,,Toxic,21.429
2019-12_gen2ou-0.json,Vileplume,Moves,,Poison Powder,10.714
2019-12_gen2ou-0.json,Vileplume,Moves,,Protect,3.571
2019-12_gen2ou-0.json,Vileplume,Moves,,Petal Dance,3.571
2019-12_gen2ou-0.json,Vileplume,Moves,,Sunny Day,3.571
2019-12_gen2ou-0.json,Vileplume,Moves,,Hidden Power Ice,3.571
2019-12_gen2ou-0.json,Vileplume,Moves,,Cut,3.571
2019-12_gen2ou-0.json,Vileplume,Moves,,Other,17.857
2019-12_gen2ou-0.json,Sunflora,Stats,Raw count,,30
2019-12_gen2ou-0.json,Sunflora,Stats,Avg. weight,,1.0
2019-12_gen2ou-0.json,Sunflora,Stats,Viability Ceiling,,47
2019-12_gen2ou-0.json,Sunflora,Stats,Serious,,100.000
2019-12_gen2ou-0.json,Sunflora,Abilities,,No Ability,100.0
2019-12_gen2ou-0.json,Sunflora,Items,,Leftovers,50.0
2019-12_gen2ou-0.json,Sunflora,Items,,Nothing,20.0
2019-12_gen2ou-0.json,Sunflora,Items,,Miracle Seed,13.333
2019-12_gen2ou-0.json,Sunflora,Items,,Poison Barb,10.0
2019-12_gen2ou-0.json,Sunflora,Items,,Scope Lens,6.667
2019-12_gen2ou-0.json,Sunflora,Moves,,Giga Drain,86.667
2019-12_gen2ou-0.json,Sunflora,Moves,,Synthesis,53.333
2019-12_gen2ou-0.json,Sunflora,Moves,,Sunny Day,40.0
2019-12_gen2ou-0.json,Sunflora,Moves,,Hidden Power Rock,40.0
2019-12_gen2ou-0.json,Sunflora,Moves,,Sludge Bomb,33.333
2019-12_gen2ou-0.json,Sunflora,Moves,,Solar Beam,26.667
2019-12_gen2ou-0.json,Sunflora,Moves,,Protect,16.667
2019-12_gen2ou-0.json,Sunflora,Moves,,Hidden Power Water,10.0
2019-12_gen2ou-0.json,Sunflora,Moves,,Rest,10.0
2019-12_gen2ou-0.json,Sunflora,Moves,,Growth,10.0
2019-12_gen2ou-0.json,Sunflora,Moves,,Toxic,10.0
2019-12_gen2ou-0.json,Sunflora,Moves,,Razor Leaf,10.0
2019-12_gen2ou-0.json,Sunflora,Moves,,Hidden Power Ice,6.667
2019-12_gen2ou-0.json,Sunflora,Moves,,Sleep Talk,6.667
2019-12_gen2ou-0.json,Sunflora,Moves,,Return,6.667
2019-12_gen2ou-0.json,Sunflora,Moves,,Absorb,6.667
2019-12_gen2ou-0.json,Sunflora,Moves,,Nothing,3.333
2019-12_gen2ou-0.json,Sunflora,Moves,,Hidden Power Electric,3.333
2019-12_gen2ou-0.json,Sunflora,Moves,,Other,20.0
2019-12_gen2ou-0.json,Totodile,Stats,Raw count,,35
2019-12_gen2ou-0.json,Totodile,Stats,Avg. weight,,1.0
2019-12_gen2ou-0.json,Totodile,Stats,Viability Ceiling,,45
2019-12_gen2ou-0.json,Totodile,Stats,Serious,,2.857
2019-12_gen2ou-0.json,Totodile,Abilities,,No Ability,100.0
2019-12_gen2ou-0.json,Totodile,Items,,Leftovers,54.286
2019-12_gen2ou-0.json,Totodile,Items,,Nothing,22.857
2019-12_gen2ou-0.json,Totodile,Items,,Mystic Water,17.143
2019-12_gen2ou-0.json,Totodile,Items,,Black Glasses,5.714
2019-12_gen2ou-0.json,Totodile,Spreads,,Other,2.857
2019-12_gen2ou-0.json,Totodile,Moves,,Ice Beam,65.714
2019-12_gen2ou-0.json,Totodile,Moves,,Hydro Pump,60.0
2019-12_gen2ou-0.json,Totodile,Moves,,Bite,48.571
2019-12_gen2ou-0.json,Totodile,Moves,,Surf,45.714
2019-12_gen2ou-0.json,Totodile,Moves,,Crunch,40.0
2019-12_gen2ou-0.json,Totodile,Moves,,Water Gun,31.429
2019-12_gen2ou-0.json,Totodile,Moves,,Nothing,20.0
2019-12_gen2ou-0.json,Totodile,Moves,,Scary Face,20.0
2019-12_gen2ou-0.json,Totodile,Moves,,Headbutt,17.143
2019-12_gen2ou-0.json,Totodile,Moves,,Scratch,8.571
2019-12_gen2ou-0.json,Totodile,Moves,,Rock Slide,5.714
2019-12_gen2ou-0.json,Totodile,Moves,,Leer,5.714
2019-12_gen2ou-0.json,Totodile,Moves,,Hidden Power Electric,5.714
2019-12_gen2ou-0.json,Totodile,Moves,,Rage,5.714
2019-12_gen2ou-0.json,Totodile,Moves,,Slash,2.857
2019-12_gen2ou-0.json,Totodile,Moves,,Other,17.143
2019-12_gen2ou-0.json,Quilava,Stats,Raw count,,32
2019-12_gen2ou-0.json,Quilava,Stats,Avg. weight,,1.0
2019-12_gen2ou-0.json,Quilava,Stats,Viability Ceiling,,48
2019-12_gen2ou-0.json,Quilava,Stats,Serious,,100.000
2019-12_gen2ou-0.json,Quilava,Abilities,,No Ability,100.0
2019-12_gen2ou-0.json,Quilava,Items,,Leftovers,50.0
2019-12_gen2ou-0.json,Quilava,Items,,Nothing,25.0
2019-12_gen2ou-0.json,Quilava,Items,,Charcoal,6.25
2019-12_gen2ou-0.json,Quilava,Items,,Black Glasses,6.25
2019-12_gen2ou-0.json,Quilava,Items,,Fast Ball,6.25
2019-12_gen2ou-0.json,Quilava,Items,,Focus Band,3.125
2019-12_gen2ou-0.json,Quilava,Items,,Other,3.125
2019-12_gen2ou-0.json,Quilava,Moves,,Quick Attack,62.5
2019-12_gen2ou-0.json,Quilava,Moves,,Flamethrower,59.375
2019-12_gen2ou-0.json,Quilava,Moves,,Swift,46.875
2019-12_gen2ou-0.json,Quilava,Moves,,Fire Blast,31.25
2019-12_gen2ou-0.json,Quilava,Moves,,Submission,28.125
2019-12_gen2ou-0.json,Quilava,Moves,,Dig,28.125
2019-12_gen2ou-0.json,Quilava,Moves,,Smokescreen,18.75
2019-12_gen2ou-0.json,Quilava,Moves,,Flame Wheel,18.75
2019-12_gen2ou-0.json,Quilava,Moves,,Detect,12.5
2019-12_gen2ou-0.json,Quilava,Moves,,Ember,12.5
2019-12_gen2ou-0.json,Quilava,Moves,,Double-Edge,9.375
2019-12_gen2ou-0.json,Quilava,Moves,,Nothing,6.25
2019-12_gen2ou-0.json,Quilava,Moves,,Hidden Power Fighting,6.25
2019-12_gen2ou-0.json,Quilava,Moves,,Frustration,6.25
2019-12_gen2ou-0.json,Quilava,Moves,,Toxic,6.25
2019-12_gen2ou-0.json,Quilava,Moves,,Return,6.25
2019-12_gen2ou-0.json,Quilava,Moves,,Iron Tail,6.25
2019-12_gen2ou-0.json,Quilava,Moves,,Tackle,6.25
2019-12_gen2ou-0.json,Quilava,Moves,,Defense Curl,6.25
2019-12_gen2ou-0.json,Quilava,Moves,,Hidden Power Water,3.125
2019-12_gen2ou-0.json,Quilava,Moves,,Other,18.75
2019-12_gen2ou-0.json,Omastar,Stats,Raw count,,25
2019-12_gen2ou-0.json,Omastar,Stats,Avg. weight,,1.0
2019-12_gen2ou-0.json,Omastar,Stats,Viability Ceiling,,78
2019-12_gen2ou-0.json,Omastar,Stats,Serious,,96.000
2019-12_gen2ou-0.json,Omastar,Abilities,,No Ability,100.0
2019-12_gen2ou-0.json,Omastar,Items,,Leftovers,88.0
2019-12_gen2ou-0.json,Omastar,Items,,Nothing,12.0
2019-12_gen2ou-0.json,Omastar,Spreads,,Other,4.0
2019-12_gen2ou-0.json,Omastar,Moves,,Surf,64.0
2019-12_gen2ou-0.json,Omastar,Moves,,Sandstorm,48.0
2019-12_gen2ou-0.json,Omastar,Moves,,Ice Beam,44.0
2019-12_gen2ou-0.json,Omastar,Moves,,Haze,36.0
2019-12_gen2ou-0.json,Omastar,Moves,,Toxic,32.0
2019-12_gen2ou-0.json,Omastar,Moves,,Hydro Pump,32.0
2019-12_gen2ou-0.json,Omastar,Moves,,Rest,28.0
2019-12_gen2ou-0.json,Omastar,Moves,,Protect,24.0
2019-12_gen2ou-0.json,Omastar,Moves,,Hidden Power Fire,16.0
2019-12_gen2ou-0.json,Omastar,Moves,,Rock Throw,16.0
2019-12_gen2ou-0.json,Omastar,Moves,,Ancient Power,12.0
2019-12_gen2ou-0.json,Omastar,Moves,,Supersonic,8.0
2019-12_gen2ou-0.json,Omastar,Moves,,Bite,8.0
2019-12_gen2ou-0.json,Omastar,Moves,,Body Slam,8.0
2019-12_gen2ou-0.json,Omastar,Moves,,Hidden Power Psychic,4.0
2019-12_gen2ou-0.json,Omastar,Moves,,Other,20.0
2019-12_gen2ou-0.json,Fearow,Stats,Raw count,,24
2019-12_gen2ou-0.json,Fearow,Stats,Avg. weight,,1.0
2019-12_gen2ou-0.json,Fearow,Stats,Viability Ceiling,,47
2019-12_gen2ou-0.json,Fearow,Stats,Serious,,16.667
2019-12_gen2ou-0.json,Fearow,Abilities,,No Ability,100.0
2019-12_gen2ou-0.json,Fearow,Items,,Mint Berry,29.167
2019-12_gen2ou-0.json,Fearow,Items,,Gold Berry,29.167
2019-12_gen2ou-0.json,Fearow,Items,,Leftovers,16.667
2019-12_gen2ou-0.json,Fearow,Items,,Nothing,16.667
2019-12_gen2ou-0.json,Fearow,Items,,Quick Claw,4.167
2019-12_gen2ou-0.json,Fearow,Items,,Other,4.167
2019-12_gen2ou-0.json,Fearow,Moves,,Drill Peck,91.667
2019-12_gen2ou-0.json,Fearow,Moves,,Double-Edge,62.5
2019-12_gen2ou-0.json,Fearow,Moves,,Rest,33.333
2019-12_gen2ou-0.json,Fearow,Moves,,Sleep Talk,33.333
2019-12_gen2ou-0.json,Fearow,Moves,,Pursuit,33.333
2019-12_gen2ou-0.json,Fearow,Moves,,Tri Attack,25.0
2019-12_gen2ou-0.json,Fearow,Moves,,Toxic,25.0
2019-12_gen2ou-0.json,Fearow,Moves,,Agility,20.833
2019-12_gen2ou-0.json,Fearow,Moves,,Fly,16.667
2019-12_gen2ou-0.json,Fearow,Moves,,Return,16.667
2019-12_gen2ou-0.json,Fearow,Moves,,Hyper Beam,12.5
2019-12_gen2ou-0.json,Fearow,Moves,,Hidden Power Electric,8.333
2019-12_gen2ou-0.json,Fearow,Moves,,Steel Wing,8.333
2019-12_gen2ou-0.json,Fearow,Moves,,Other,12.5
2019-12_gen2ou-0.json,Sneasel,Stats,Raw count,,24
2019-12_gen2ou-0.json,Sneasel,Stats,Avg. weight,,1.0
2019-12_gen2ou-0.json,Sneasel,Stats,Viability Ceiling,,45
2019-12_gen2ou-0.json,Sneasel,Stats,Serious,,12.500
2019-12_gen2ou-0.json,Sneasel,Abilities,,No Ability,100.0
2019-12_gen2ou-0.json,Sneasel,Items,,Leftovers,66.667
2019-12_gen2ou-0.json,Sneasel,Items,,Nothing,12.5
2019-12_gen2ou-0.json,Sneasel,Items,,Never-Melt Ice,8.333
2019-12_gen2ou-0.json,Sneasel,Items,,Gold Berry,4.167
2019-12_gen2ou-0.json,Sneasel,Items,,Focus Band,4.167
2019-12_gen2ou-0.json,Sneasel,Items,,Other,4.167
2019-12_gen2ou-0.json,Sneasel,Moves,,Ice Beam,54.167
2019-12_gen2ou-0.json,Sneasel,Moves,,Shadow Ball,50.0
2019-12_gen2ou-0.json,Sneasel,Moves,,Reflect,29.167
2019-12_gen2ou-0.json,Sneasel,Moves,,Feint Attack,25.0
2019-12_gen2ou-0.json,Sneasel,Moves,,Bite,25.0
2019-12_gen2ou-0.json,Sneasel,Moves,,Quick Attack,25.0
2019-12_gen2ou-0.json,Sneasel,Moves,,Return,25.0
2019-12_gen2ou-0.json,Sneasel,Moves,,Fury Cutter,25.0
2019-12_gen2ou-0.json,Sneasel,Moves,,Toxic,16.667
2019-12_gen2ou-0.json,Sneasel,Moves,,Ice Punch,16.667
2019-12_gen2ou-0.json,Sneasel,Moves,,Dynamic Punch,16.667
2019-12_gen2ou-0.json,Sneasel,Moves,,Screech,16.667
2019-12_gen2ou-0.json,Sneasel,Moves,,Blizzard,12.5
2019-12_gen2ou-0.json,Sneasel,Moves,,Hidden Power Dark,8.333
2019-12_gen2ou-0.json,Sneasel,Moves,,Slash,8.333
2019-12_gen2ou-0.json,Sneasel,Moves,,Agility,8.333
2019-12_gen2ou-0.json,Sneasel,Moves,,Dig,8.333
2019-12_gen2ou-0.json,Sneasel,Moves,,Beat Up,4.167
2019-12_gen2ou-0.json,Sneasel,Moves,,Mud-Slap,4.167
2019-12_gen2ou-0.json,Sneasel,Moves,,Hidden Power Electric,4.167
2019-12_gen2ou-0.json,Sneasel,Moves,,Other,16.667
2019-12_gen2ou-0.json,Wobbuffet,Stats,Raw count,,24
2019-12_gen2ou-0.json,Wobbuffet,Stats,Avg. weight,,1.0
2019-12_gen2ou-0.json,Wobbuffet,Stats,Viability Ceiling,,63
2019-12_gen2ou-0.json,Wobbuffet,Stats,Serious,,29.167
2019-12_gen2ou-0.json,Wobbuffet,Abilities,,No Ability,100.0
2019-12_gen2ou-0.json,Wobbuffet,Items,,Leftovers,83.333
2019-12_gen2ou-0.json,Wobbuffet,Items,,Nothing,8.333
2019-12_gen2ou-0.json,Wobbuffet,Items,,Miracle Berry,4.167
2019-12_gen2ou-0.json,Wobbuffet,Items,,Other,4.167
2019-12_gen2ou-0.json,Wobbuffet,Spreads,,Other,4.167
2019-12_gen2ou-0.json,Wobbuffet,Moves,,Mirror Coat,100.0
2019-12_gen2ou-0.json,Wobbuffet,Moves,,Counter,87.5
2019-12_gen2ou-0.json,Wobbuffet,Moves,,Mimic,66.667
2019-12_gen2ou-0.json,Wobbuffet,Moves,,Destiny Bond,62.5
2019-12_gen2ou-0.json,Wobbuffet,Moves,,Safeguard,58.333
2019-12_gen2ou-0.json,Wobbuffet,Moves,,Nothing,25.0
2019-12_gen2ou-0.json,Dragonair,Stats,Raw count,,22
2019-12_gen2ou-0.json,Dragonair,Stats,Avg. weight,,1.0
2019-12_gen2ou-0.json,Dragonair,Stats,Viability Ceiling,,54
2019-12_gen2ou-0.json,Dragonair,Stats,Serious,,95.455
2019-12_gen2ou-0.json,Dragonair,Abilities,,No Ability,100.0
2019-12_gen2ou-0.json,Dragonair,Items,,Leftovers,54.545
2019-12_gen2ou-0.json,Dragonair,Items,,Gold Berry,27.273
2019-12_gen2ou-0.json,Dragonair,Items,,Nothing,9.091
2019-12_gen2ou-0.json,Dragonair,Items,,Dragon Scale,4.545
2019-12_gen2ou-0.json,Dragonair,Items,,Other,4.545
2019-12_gen2ou-0.json,Dragonair,Spreads,,Other,4.545
2019-12_gen2ou-0.json,Dragonair,Moves,,Outrage,59.091
2019-12_gen2ou-0.json,Dragonair,Moves,,Ice Beam,54.545
2019-12_gen2ou-0.json,Dragonair,Moves,,Hydro Pump,36.364
2019-12_gen2ou-0.json,Dragonair,Moves,,Extreme Speed,31.818
2019-12_gen2ou-0.json,Dragonair,Moves,,Body Slam,31.818
2019-12_gen2ou-0.json,Dragonair,Moves,,Flamethrower,27.273
2019-12_gen2ou-0.json,Dragonair,Moves,,Thunderbolt,22.727
2019-12_gen2ou-0.json,Dragonair,Moves,,Waterfall,22.727
2019-12_gen2ou-0.json,Dragonair,Moves,,Nothing,13.636
2019-12_gen2ou-0.json,Dragonair,Moves,,Thunder Wave,13.636
2019-12_gen2ou-0.json,Dragonair,Moves,,Surf,13.636
2019-12_gen2ou-0.json,Dragonair,Moves,,Dragon Rage,13.636
2019-12_gen2ou-0.json,Dragonair,Moves,,Twister,9.091
2019-12_gen2ou-0.json,Dragonair,Moves,,Agility,9.091
2019-12_gen2ou-0.json,Dragonair,Moves,,Haze,9.091
2019-12_gen2ou-0.json,Dragonair,Moves,,Slam,4.545
2019-12_gen2ou-0.json,Dragonair,Moves,,Wrap,4.545
2019-12_gen2ou-0.json,Dragonair,Moves,,Toxic,4.545
2019-12_gen2ou-0.json,Dragonair,Moves,,Other,18.182
2019-12_gen2ou-0.json,Haunter,Stats,Raw count,,22
2019-12_gen2ou-0.json,Haunter,Stats,Avg. weight,,1.0
2019-12_gen2ou-0.json,Haunter,Stats,Viability Ceiling,,56
2019-12_gen2ou-0.json,Haunter,Stats,Serious,,13.636
2019-12_gen2ou-0.json,Haunter,Abilities,,No Ability,100.0
2019-12_gen2ou-0.json,Haunter,Items,,Leftovers,45.455
2019-12_gen2ou-0.json,Haunter,Items,,Miracle Berry,22.727
2019-12_gen2ou-0.json,Haunter,Items,,Black Glasses,13.636
2019-12_gen2ou-0.json,Haunter,Items,,Bright Powder,13.636
2019-12_gen2ou-0.json,Haunter,Items,,Other,4.545
2019-12_gen2ou-0.json,Haunter,Spreads,,Other,4.545
2019-12_gen2ou-0.json,Haunter,Moves,,Destiny Bond,50.0
2019-12_gen2ou-0.json,Haunter,Moves,,Psychic,50.0
2019-12_gen2ou-0.json,Haunter,Moves,,Shadow Ball,36.364
2019-12_gen2ou-0.json,Haunter,Moves,,Hypnosis,31.818
2019-12_gen2ou-0.json,Haunter,Moves,,Mean Look,31.818
2019-12_gen2ou-0.json,Haunter,Moves,,Protect,27.273
2019-12_gen2ou-0.json,Haunter,Moves,,Perish Song,27.273
2019-12_gen2ou-0.json,Haunter,Moves,,Curse,27.273
2019-12_gen2ou-0.json,Haunter,Moves,,Thunder,22.727
2019-12_gen2ou-0.json,Haunter,Moves,,Night Shade,18.182
2019-12_gen2ou-0.json,Haunter,Moves,,Giga Drain,18.182
2019-12_gen2ou-0.json,Haunter,Moves,,Lick,13.636
2019-12_gen2ou-0.json,Haunter,Moves,,Toxic,13.636
2019-12_gen2ou-0.json,Haunter,Moves,,Dream Eater,9.091
2019-12_gen2ou-0.json,Haunter,Moves,,Explosion,4.545
2019-12_gen2ou-0.json,Haunter,Moves,,Other,18.182
2019-12_gen2ou-0.json,Magmar,Stats,Raw count,,23
2019-12_gen2ou-0.json,Magmar,Stats,Avg. weight,,1.0
2019-12_gen2ou-0.json,Magmar,Stats,Viability Ceiling,,56
2019-12_gen2ou-0.json,Magmar,Stats,Serious,,4.348
2019-12_gen2ou-0.json,Magmar,Abilities,,No Ability,100.0
2019-12_gen2ou-0.json,Magmar,Items,,Leftovers,78.261
2019-12_gen2ou-0.json,Magmar,Items,,Focus Band,17.391
2019-12_gen2ou-0.json,Magmar,Items,,Other,4.348
2019-12_gen2ou-0.json,Magmar,Spreads,,Other,4.348
2019-12_gen2ou-0.json,Magmar,Moves,,Thunder Punch,91.304
2019-12_gen2ou-0.json,Magmar,Moves,,Sunny Day,65.217
2019-12_gen2ou-0.json,Magmar,Moves,,Cross Chop,60.87
2019-12_gen2ou-0.json,Magmar,Moves,,Fire Blast,60.87
2019-12_gen2ou-0.json,Magmar,Moves,,Flamethrower,39.13
2019-12_gen2ou-0.json,Magmar,Moves,,Confuse Ray,21.739
2019-12_gen2ou-0.json,Magmar,Moves,,Dynamic Punch,17.391
2019-12_gen2ou-0.json,Magmar,Moves,,Psychic,8.696
2019-12_gen2ou-0.json,Magmar,Moves,,Headbutt,8.696
2019-12_gen2ou-0.json,Magmar,Moves,,Smokescreen,8.696
2019-12_gen2ou-0.json,Magmar,Moves,,Other,17.391
2019-12_gen2ou-0.json,Ditto,Stats,Raw count,,24
2019-12_gen2ou-0.json,Ditto,Stats,Avg. weight,,1.0
2019-12_gen2ou-0.json,Ditto,Stats,Viability Ceiling,,62
2019-12_gen2ou-0.json,Ditto,Stats,Serious,,4.167
2019-12_gen2ou-0.json,Ditto,Abilities,,No Ability,100.0
2019-12_gen2ou-0.json,Ditto,Items,,Leftovers,45.833
2019-12_gen2ou-0.json,Ditto,Items,,Metal Powder,33.333
2019-12_gen2ou-0.json,Ditto,Items,,Miracle Berry,12.5
2019-12_gen2ou-0.json,Ditto,Items,,Nothing,4.167
2019-12_gen2ou-0.json,Ditto,Items,,Other,4.167
2019-12_gen2ou-0.json,Ditto,Spreads,,Other,4.167
2019-12_gen2ou-0.json,Ditto,Moves,,Nothing,300.0
2019-12_gen2ou-0.json,Ditto,Moves,,Transform,100.0
2019-12_gen2ou-0.json,Mr. Mime,Stats,Raw count,,23
2019-12_gen2ou-0.json,Mr. Mime,Stats,Avg. weight,,1.0
2019-12_gen2ou-0.json,Mr. Mime,Stats,Viability Ceiling,,68
2019-12_gen2ou-0.json,Mr. Mime,Stats,Serious,,8.696
2019-12_gen2ou-0.json,Mr. Mime,Abilities,,No Ability,100.0
2019-12_gen2ou-0.json,Mr. Mime,Items,,Leftovers,78.261
2019-12_gen2ou-0.json,Mr. Mime,Items,,Nothing,17.391
2019-12_gen2ou-0.json,Mr. Mime,Items,,Other,4.348
2019-12_gen2ou-0.json,Mr. Mime,Moves,,Psychic,86.957
2019-12_gen2ou-0.json,Mr. Mime,Moves,,Reflect,43.478
2019-12_gen2ou-0.json,Mr. Mime,Moves,,Barrier,34.783
2019-12_gen2ou-0.json,Mr. Mime,Moves,,Light Screen,30.435
2019-12_gen2ou-0.json,Mr. Mime,Moves,,Thunder Wave,26.087
2019-12_gen2ou-0.json,Mr. Mime,Moves,,Hypnosis,26.087
2019-12_gen2ou-0.json,Mr. Mime,Moves,,Baton Pass,17.391
2019-12_gen2ou-0.json,Mr. Mime,Moves,,Body Slam,17.391
2019-12_gen2ou-0.json,Mr. Mime,Moves,,Hidden Power Fighting,13.043
2019-12_gen2ou-0.json,Mr. Mime,Moves,,Thunderbolt,13.043
2019-12_gen2ou-0.json,Mr. Mime,Moves,,Curse,8.696
2019-12_gen2ou-0.json,Mr. Mime,Moves,,Shadow Ball,8.696
2019-12_gen2ou-0.json,Mr. Mime,Moves,,Ice Punch,8.696
2019-12_gen2ou-0.json,Mr. Mime,Moves,,Double Slap,8.696
2019-12_gen2ou-0.json,Mr. Mime,Moves,,Psybeam,8.696
2019-12_gen2ou-0.json,Mr. Mime,Moves,,Submission,8.696
2019-12_gen2ou-0.json,Mr. Mime,Moves,,Safeguard,8.696
2019-12_gen2ou-0.json,Mr. Mime,Moves,,Double-Edge,8.696
2019-12_gen2ou-0.json,Mr. Mime,Moves,,Seismic Toss,8.696
2019-12_gen2ou-0.json,Mr. Mime,Moves,,Other,13.043
2019-12_gen2ou-0.json,Pinsir,Stats,Raw count,,20
2019-12_gen2ou-0.json,Pinsir,Stats,Avg. weight,,1.0
2019-12_gen2ou-0.json,Pinsir,Stats,Viability Ceiling,,55
2019-12_gen2ou-0.json,Pinsir,Stats,Serious,,20.000
2019-12_gen2ou-0.json,Pinsir,Abilities,,No Ability,100.0
2019-12_gen2ou-0.json,Pinsir,Items,,Leftovers,65.0
2019-12_gen2ou-0.json,Pinsir,Items,,Black Belt,10.0
2019-12_gen2ou-0.json,Pinsir,Items,,Miracle Berry,10.0
2019-12_gen2ou-0.json,Pinsir,Items,,Charcoal,5.0
2019-12_gen2ou-0.json,Pinsir,Items,,Quick Claw,5.0
2019-12_gen2ou-0.json,Pinsir,Items,,Other,5.0
2019-12_gen2ou-0.json,Pinsir,Moves,,Submission,80.0
2019-12_gen2ou-0.json,Pinsir,Moves,,Hidden Power Bug,60.0
2019-12_gen2ou-0.json,Pinsir,Moves,,Rest,55.0
2019-12_gen2ou-0.json,Pinsir,Moves,,Sleep Talk,55.0
2019-12_gen2ou-0.json,Pinsir,Moves,,Swords Dance,25.0
2019-12_gen2ou-0.json,Pinsir,Moves,,Body Slam,25.0
2019-12_gen2ou-0.json,Pinsir,Moves,,Double-Edge,15.0
2019-12_gen2ou-0.json,Pinsir,Moves,,Slash,15.0
2019-12_gen2ou-0.json,Pinsir,Moves,,Focus Energy,15.0
2019-12_gen2ou-0.json,Pinsir,Moves,,Rock Throw,10.0
2019-12_gen2ou-0.json,Pinsir,Moves,,Hidden Power Ground,10.0
2019-12_gen2ou-0.json,Pinsir,Moves,,Toxic,10.0
2019-12_gen2ou-0.json,Pinsir,Moves,,Seismic Toss,10.0
2019-12_gen2ou-0.json,Pinsir,Moves,,Other,15.0
2019-12_gen2ou-0.json,Venomoth,Stats,Raw count,,20
2019-12_gen2ou-0.json,Venomoth,Stats,Avg. weight,,1.0
2019-12_gen2ou-0.json,Venomoth,Stats,Viability Ceiling,,54
2019-12_gen2ou-0.json,Venomoth,Stats,Serious,,5.000
2019-12_gen2ou-0.json,Venomoth,Abilities,,No Ability,100.0
2019-12_gen2ou-0.json,Venomoth,Items,,Leftovers,90.0
2019-12_gen2ou-0.json,Venomoth,Items,,Nothing,5.0
2019-12_gen2ou-0.json,Venomoth,Items,,Other,5.0
2019-12_gen2ou-0.json,Venomoth,Spreads,,Other,5.0
2019-12_gen2ou-0.json,Venomoth,Moves,,Sludge Bomb,90.0
2019-12_gen2ou-0.json,Venomoth,Moves,,Double-Edge,65.0
2019-12_gen2ou-0.json,Venomoth,Moves,,Confusion,60.0
2019-12_gen2ou-0.json,Venomoth,Moves,,Toxic,60.0
2019-12_gen2ou-0.json,Venomoth,Moves,,Sleep Powder,35.0
2019-12_gen2ou-0.json,Venomoth,Moves,,Psychic,30.0
2019-12_gen2ou-0.json,Venomoth,Moves,,Stun Spore,30.0
2019-12_gen2ou-0.json,Venomoth,Moves,,Hidden Power Bug,5.0
2019-12_gen2ou-0.json,Venomoth,Moves,,Curse,5.0
2019-12_gen2ou-0.json,Venomoth,Moves,,Giga Drain,5.0
2019-12_gen2ou-0.json,Venomoth,Moves,,Other,15.0
2019-12_gen2ou-0.json,Kadabra,Stats,Raw count,,21
2019-12_gen2ou-0.json,Kadabra,Stats,Avg. weight,,1.0
2019-12_gen2ou-0.json,Kadabra,Stats,Viability Ceiling,,47
2019-12_gen2ou-0.json,Kadabra,Stats,Serious,,9.524
2019-12_gen2ou-0.json,Kadabra,Abilities,,No Ability,100.0
2019-12_gen2ou-0.json,Kadabra,Items,,Leftovers,61.905
2019-12_gen2ou-0.json,Kadabra,Items,,King's Rock,19.048
2019-12_gen2ou-0.json,Kadabra,Items,,Berry Juice,4.762
2019-12_gen2ou-0.json,Kadabra,Items,,Twisted Spoon,4.762
2019-12_gen2ou-0.json,Kadabra,Items,,Berry,4.762
2019-12_gen2ou-0.json,Kadabra,Items,,Other,4.762
2019-12_gen2ou-0.json,Kadabra,Moves,,Psychic,90.476
2019-12_gen2ou-0.json,Kadabra,Moves,,Disable,61.905
2019-12_gen2ou-0.json,Kadabra,Moves,,Protect,57.143
2019-12_gen2ou-0.json,Kadabra,Moves,,Encore,57.143
2019-12_gen2ou-0.json,Kadabra,Moves,,Fire Punch,28.571
2019-12_gen2ou-0.json,Kadabra,Moves,,Recover,23.81
2019-12_gen2ou-0.json,Kadabra,Moves,,Seismic Toss,19.048
2019-12_gen2ou-0.json,Kadabra,Moves,,Ice Punch,9.524
2019-12_gen2ou-0.json,Kadabra,Moves,,Toxic,9.524
2019-12_gen2ou-0.json,Kadabra,Moves,,Thunder Punch,4.762
2019-12_gen2ou-0.json,Kadabra,Moves,,Hidden Power Dragon,4.762
2019-12_gen2ou-0.json,Kadabra,Moves,,Psybeam,4.762
2019-12_gen2ou-0.json,Kadabra,Moves,,Future Sight,4.762
2019-12_gen2ou-0.json,Kadabra,Moves,,Teleport,4.762
2019-12_gen2ou-0.json,Kadabra,Moves,,Other,19.048
2019-12_gen2ou-0.json,Mantine,Stats,Raw count,,21
2019-12_gen2ou-0.json,Mantine,Stats,Avg. weight,,1.0
2019-12_gen2ou-0.json,Mantine,Stats,Viability Ceiling,,56
2019-12_gen2ou-0.json,Mantine,Stats,Serious,,47.619
2019-12_gen2ou-0.json,Mantine,Abilities,,No Ability,100.0
2019-12_gen2ou-0.json,Mantine,Items,,Leftovers,76.19
2019-12_gen2ou-0.json,Mantine,Items,,Mystic Water,14.286
2019-12_gen2ou-0.json,Mantine,Items,,Black Belt,9.524
2019-12_gen2ou-0.json,Mantine,Moves,,Surf,76.19
2019-12_gen2ou-0.json,Mantine,Moves,,Toxic,57.143
2019-12_gen2ou-0.json,Mantine,Moves,,Sleep Talk,47.619
2019-12_gen2ou-0.json,Mantine,Moves,,Rest,47.619
2019-12_gen2ou-0.json,Mantine,Moves,,Hydro Pump,38.095
2019-12_gen2ou-0.json,Mantine,Moves,,Ice Beam,33.333
2019-12_gen2ou-0.json,Mantine,Moves,,Waterfall,28.571
2019-12_gen2ou-0.json,Mantine,Moves,,Agility,14.286
2019-12_gen2ou-0.json,Mantine,Moves,,Confuse Ray,14.286
2019-12_gen2ou-0.json,Mantine,Moves,,Twister,9.524
2019-12_gen2ou-0.json,Mantine,Moves,,Rain Dance,9.524
2019-12_gen2ou-0.json,Mantine,Moves,,Hidden Power Flying,4.762
2019-12_gen2ou-0.json,Mantine,Moves,,Other,19.048
2019-12_gen2ou-0.json,Wigglytuff,Stats,Raw count,,20
2019-12_gen2ou-0.json,Wigglytuff,Stats,Avg. weight,,1.0
2019-12_gen2ou-0.json,Wigglytuff,Stats,Viability Ceiling,,51
2019-12_gen2ou-0.json,Wigglytuff,Stats,Serious,,100.000
2019-12_gen2ou-0.json,Wigglytuff,Abilities,,No Ability,100.0
2019-12_gen2ou-0.json,Wigglytuff,Items,,Leftovers,65.0
2019-12_gen2ou-0.json,Wigglytuff,Items,,PRZ Cure Berry,20.0
2019-12_gen2ou-0.json,Wigglytuff,Items,,Mint Berry,10.0
2019-12_gen2ou-0.json,Wigglytuff,Items,,Other,5.0
2019-12_gen2ou-0.json,Wigglytuff,Moves,,Psychic,65.0
2019-12_gen2ou-0.json,Wigglytuff,Moves,,Body Slam,60.0
2019-12_gen2ou-0.json,Wigglytuff,Moves,,Sing,50.0
2019-12_gen2ou-0.json,Wigglytuff,Moves,,Rest,40.0
2019-12_gen2ou-0.json,Wigglytuff,Moves,,Sweet Kiss,35.0
2019-12_gen2ou-0.json,Wigglytuff,Moves,,Sleep Talk,20.0
2019-12_gen2ou-0.json,Wigglytuff,Moves,,Attract,20.0
2019-12_gen2ou-0.json,Wigglytuff,Moves,,Disable,15.0
2019-12_gen2ou-0.json,Wigglytuff,Moves,,Double Slap,15.0
2019-12_gen2ou-0.json,Wigglytuff,Moves,,Protect,10.0
2019-12_gen2ou-0.json,Wigglytuff,Moves,,Return,10.0
2019-12_gen2ou-0.json,Wigglytuff,Moves,,Perish Song,10.0
2019-12_gen2ou-0.json,Wigglytuff,Moves,,Counter,10.0
2019-12_gen2ou-0.json,Wigglytuff,Moves,,Detect,5.0
2019-12_gen2ou-0.json,Wigglytuff,Moves,,Thunderbolt,5.0
2019-12_gen2ou-0.json,Wigglytuff,Moves,,Shadow Ball,5.0
2019-12_gen2ou-0.json,Wigglytuff,Moves,,Ice Punch,5.0
2019-12_gen2ou-0.json,Wigglytuff,Moves,,Double-Edge,5.0
2019-12_gen2ou-0.json,Wigglytuff,Moves,,Other,15.0
2019-12_gen2ou-0.json,Stantler,Stats,Raw count,,19
2019-12_gen2ou-0.json,Stantler,Stats,Avg. weight,,1.0
2019-12_gen2ou-0.json,Stantler,Stats,Viability Ceiling,,62
2019-12_gen2ou-0.json,Stantler,Stats,Serious,,5.263
2019-12_gen2ou-0.json,Stantler,Abilities,,No Ability,100.0
2019-12_gen2ou-0.json,Stantler,Items,,Leftovers,84.211
2019-12_gen2ou-0.json,Stantler,Items,,Pink Bow,15.789
2019-12_gen2ou-0.json,Stantler,Moves,,Psychic,94.737
2019-12_gen2ou-0.json,Stantler,Moves,,Hypnosis,84.211
2019-12_gen2ou-0.json,Stantler,Moves,,Take Down,36.842
2019-12_gen2ou-0.json,Stantler,Moves,,Dream Eater,36.842
2019-12_gen2ou-0.json,Stantler,Moves,,Confuse Ray,31.579
2019-12_gen2ou-0.json,Stantler,Moves,,Stomp,31.579
2019-12_gen2ou-0.json,Stantler,Moves,,Toxic,26.316
2019-12_gen2ou-0.json,Stantler,Moves,,Rest,15.789
2019-12_gen2ou-0.json,Stantler,Moves,,Sleep Talk,15.789
2019-12_gen2ou-0.json,Stantler,Moves,,Frustration,10.526
2019-12_gen2ou-0.json,Stantler,Moves,,Other,15.789
2019-12_gen2ou-0.json,Dugtrio,Stats,Raw count,,17
2019-12_gen2ou-0.json,Dugtrio,Stats,Avg. weight,,1.0
2019-12_gen2ou-0.json,Dugtrio,Stats,Viability Ceiling,,44
2019-12_gen2ou-0.json,Dugtrio,Stats,Serious,,100.000
2019-12_gen2ou-0.json,Dugtrio,Abilities,,No Ability,100.0
2019-12_gen2ou-0.json,Dugtrio,Items,,Leftovers,52.941
2019-12_gen2ou-0.json,Dugtrio,Items,,Nothing,17.647
2019-12_gen2ou-0.json,Dugtrio,Items,,Miracle Berry,17.647
2019-12_gen2ou-0.json,Dugtrio,Items,,Scope Lens,11.765
2019-12_gen2ou-0.json,Dugtrio,Moves,,Earthquake,76.471
2019-12_gen2ou-0.json,Dugtrio,Moves,,Sludge Bomb,41.176
2019-12_gen2ou-0.json,Dugtrio,Moves,,Substitute,41.176
2019-12_gen2ou-0.json,Dugtrio,Moves,,Rock Slide,35.294
2019-12_gen2ou-0.json,Dugtrio,Moves,,Ancient Power,23.529
2019-12_gen2ou-0.json,Dugtrio,Moves,,Hidden Power Rock,17.647
2019-12_gen2ou-0.json,Dugtrio,Moves,,Return,17.647
2019-12_gen2ou-0.json,Dugtrio,Moves,,Thief,17.647
2019-12_gen2ou-0.json,Dugtrio,Moves,,Slash,17.647
2019-12_gen2ou-0.json,Dugtrio,Moves,,Hidden Power Dark,17.647
2019-12_gen2ou-0.json,Dugtrio,Moves,,Tri Attack,17.647
2019-12_gen2ou-0.json,Dugtrio,Moves,,Magnitude,17.647
2019-12_gen2ou-0.json,Dugtrio,Moves,,Sand Attack,11.765
2019-12_gen2ou-0.json,Dugtrio,Moves,,Dig,11.765
2019-12_gen2ou-0.json,Dugtrio,Moves,,Screech,11.765
2019-12_gen2ou-0.json,Dugtrio,Moves,,Hidden Power Bug,11.765
2019-12_gen2ou-0.json,Dugtrio,Moves,,Other,11.765
2019-12_gen2ou-0.json,Raticate,Stats,Raw count,,15
2019-12_gen2ou-0.json,Raticate,Stats,Avg. weight,,1.0
2019-12_gen2ou-0.json,Raticate,Stats,Viability Ceiling,,56
2019-12_gen2ou-0.json,Raticate,Stats,Serious,,26.667
2019-12_gen2ou-0.json,Raticate,Abilities,,No Ability,100.0
2019-12_gen2ou-0.json,Raticate,Items,,Leftovers,66.667
2019-12_gen2ou-0.json,Raticate,Items,,Mystery Berry,20.0
2019-12_gen2ou-0.json,Raticate,Items,,Nothing,6.667
2019-12_gen2ou-0.json,Raticate,Items,,Polkadot Bow,6.667
2019-12_gen2ou-0.json,Raticate,Moves,,Super Fang,80.0
2019-12_gen2ou-0.json,Raticate,Moves,,Body Slam,53.333
2019-12_gen2ou-0.json,Raticate,Moves,,Substitute,46.667
2019-12_gen2ou-0.json,Raticate,Moves,,Shadow Ball,33.333
2019-12_gen2ou-0.json,Raticate,Moves,,Toxic,26.667
2019-12_gen2ou-0.json,Raticate,Moves,,Protect,20.0
2019-12_gen2ou-0.json,Raticate,Moves,,Mimic,20.0
2019-12_gen2ou-0.json,Raticate,Moves,,Pursuit,20.0
2019-12_gen2ou-0.json,Raticate,Moves,,Hidden Power Ground,13.333
2019-12_gen2ou-0.json,Raticate,Moves,,Hyper Fang,13.333
2019-12_gen2ou-0.json,Raticate,Moves,,Screech,13.333
2019-12_gen2ou-0.json,Raticate,Moves,,Double-Edge,13.333
2019-12_gen2ou-0.json,Raticate,Moves,,Quick Attack,6.667
2019-12_gen2ou-0.json,Raticate,Moves,,Return,6.667
2019-12_gen2ou-0.json,Raticate,Moves,,Hidden Power Psychic,6.667
2019-12_gen2ou-0.json,Raticate,Moves,,Bubble Beam,6.667
2019-12_gen2ou-0.json,Raticate,Moves,,Other,20.0
2019-12_gen2ou-0.json,Arbok,Stats,Raw count,,16
2019-12_gen2ou-0.json,Arbok,Stats,Avg. weight,,1.0
2019-12_gen2ou-0.json,Arbok,Stats,Viability Ceiling,,55
2019-12_gen2ou-0.json,Arbok,Stats,Serious,,18.750
2019-12_gen2ou-0.json,Arbok,Abilities,,No Ability,100.0
2019-12_gen2ou-0.json,Arbok,Items,,Leftovers,43.75
2019-12_gen2ou-0.json,Arbok,Items,,Nothing,25.0
2019-12_gen2ou-0.json,Arbok,Items,,Bright Powder,18.75
2019-12_gen2ou-0.json,Arbok,Items,,Black Glasses,6.25
2019-12_gen2ou-0.json,Arbok,Items,,Mint Berry,6.25
2019-12_gen2ou-0.json,Arbok,Moves,,Sludge Bomb,87.5
2019-12_gen2ou-0.json,Arbok,Moves,,Glare,56.25
2019-12_gen2ou-0.json,Arbok,Moves,,Earthquake,43.75
2019-12_gen2ou-0.json,Arbok,Moves,,Rest,31.25
2019-12_gen2ou-0.json,Arbok,Moves,,Toxic,31.25
2019-12_gen2ou-0.json,Arbok,Moves,,Crunch,25.0
2019-12_gen2ou-0.json,Arbok,Moves,,Giga Drain,25.0
2019-12_gen2ou-0.json,Arbok,Moves,,Poison Sting,18.75
2019-12_gen2ou-0.json,Arbok,Moves,,Rock Slide,18.75
2019-12_gen2ou-0.json,Arbok,Moves,,Wrap,18.75
2019-12_gen2ou-0.json,Arbok,Moves,,Body Slam,18.75
2019-12_gen2ou-0.json,Arbok,Moves,,Hyper Beam,12.5
2019-12_gen2ou-0.json,Arbok,Moves,,Other,12.5
2019-12_gen2ou-0.json,Furret,Stats,Raw count,,17
2019-12_gen2ou-0.json,Furret,Stats,Avg. weight,,1.0
2019-12_gen2ou-0.json,Furret,Stats,Viability Ceiling,,55
2019-12_gen2ou-0.json,Furret,Stats,Serious,,5.882
2019-12_gen2ou-0.json,Furret,Abilities,,No Ability,100.0
2019-12_gen2ou-0.json,Furret,Items,,Leftovers,70.588
2019-12_gen2ou-0.json,Furret,Items,,King's Rock,17.647
2019-12_gen2ou-0.json,Furret,Items,,Nothing,5.882
2019-12_gen2ou-0.json,Furret,Items,,Never-Melt Ice,5.882
2019-12_gen2ou-0.json,Furret,Moves,,Shadow Ball,76.471
2019-12_gen2ou-0.json,Furret,Moves,,Dig,35.294
2019-12_gen2ou-0.json,Furret,Moves,,Detect,35.294
2019-12_gen2ou-0.json,Furret,Moves,,Surf,29.412
2019-12_gen2ou-0.json,Furret,Moves,,Quick Attack,29.412
2019-12_gen2ou-0.json,Furret,Moves,,Frustration,29.412
2019-12_gen2ou-0.json,Furret,Moves,,Ice Punch,29.412
2019-12_gen2ou-0.json,Furret,Moves,,Fire Punch,29.412
2019-12_gen2ou-0.json,Furret,Moves,,Double-Edge,29.412
2019-12_gen2ou-0.json,Furret,Moves,,Pursuit,17.647
2019-12_gen2ou-0.json,Furret,Moves,,Strength,11.765
2019-12_gen2ou-0.json,Furret,Moves,,Thunder Punch,11.765
2019-12_gen2ou-0.json,Furret,Moves,,Nothing,5.882
2019-12_gen2ou-0.json,Furret,Moves,,Protect,5.882
2019-12_gen2ou-0.json,Furret,Moves,,Return,5.882
2019-12_gen2ou-0.json,Furret,Moves,,Other,17.647
2019-12_gen2ou-0.json,Golduck,Stats,Raw count,,14
2019-12_gen2ou-0.json,Golduck,Stats,Avg. weight,,1.0
2019-12_gen2ou-0.json,Golduck,Stats,Viability Ceiling,,48
2019-12_gen2ou-0.json,Golduck,Stats,Serious,,100.000
2019-12_gen2ou-0.json,Golduck,Abilities,,No Ability,100.0
2019-12_gen2ou-0.json,Golduck,Items,,Leftovers,85.714
2019-12_gen2ou-0.json,Golduck,Items,,Nothing,14.286
2019-12_gen2ou-0.json,Golduck,Moves,,Psychic,78.571
2019-12_gen2ou-0.json,Golduck,Moves,,Cross Chop,78.571
2019-12_gen2ou-0.json,Golduck,Moves,,Surf,64.286
2019-12_gen2ou-0.json,Golduck,Moves,,Hypnosis,64.286
2019-12_gen2ou-0.json,Golduck,Moves,,Waterfall,28.571
2019-12_gen2ou-0.json,Golduck,Moves,,Headbutt,14.286
2019-12_gen2ou-0.json,Golduck,Moves,,Ice Beam,14.286
2019-12_gen2ou-0.json,Golduck,Moves,,Hydro Pump,14.286
2019-12_gen2ou-0.json,Golduck,Moves,,Bide,14.286
2019-12_gen2ou-0.json,Golduck,Moves,,Protect,7.143
2019-12_gen2ou-0.json,Golduck,Moves,,Seismic Toss,7.143
2019-12_gen2ou-0.json,Golduck,Moves,,Other,14.286
2019-12_gen2ou-0.json,Seaking,Stats,Raw count,,13
2019-12_gen2ou-0.json,Seaking,Stats,Avg. weight,,1.0
2019-12_gen2ou-0.json,Seaking,Stats,Viability Ceiling,,41
2019-12_gen2ou-0.json,Seaking,Stats,Serious,,38.462
2019-12_gen2ou-0.json,Seaking,Abilities,,No Ability,100.0
2019-12_gen2ou-0.json,Seaking,Items,,Leftovers,92.308
2019-12_gen2ou-0.json,Seaking,Items,,Mystic Water,7.692
2019-12_gen2ou-0.json,Seaking,Moves,,Hyper Beam,100.0
2019-12_gen2ou-0.json,Seaking,Moves,,Ice Beam,69.231
2019-12_gen2ou-0.json,Seaking,Moves,,Hydro Pump,69.231
2019-12_gen2ou-0.json,Seaking,Moves,,Agility,61.538
2019-12_gen2ou-0.json,Seaking,Moves,,Surf,30.769
2019-12_gen2ou-0.json,Seaking,Moves,,Swords Dance,30.769
2019-12_gen2ou-0.json,Seaking,Moves,,Rain Dance,30.769
2019-12_gen2ou-0.json,Seaking,Moves,,Other,7.692
2019-12_gen2ou-0.json,Cyndaquil,Stats,Raw count,,12
2019-12_gen2ou-0.json,Cyndaquil,Stats,Avg. weight,,1.0
2019-12_gen2ou-0.json,Cyndaquil,Stats,Viability Ceiling,,55
2019-12_gen2ou-0.json,Cyndaquil,Stats,Serious,,8.333
2019-12_gen2ou-0.json,Cyndaquil,Abilities,,No Ability,100.0
2019-12_gen2ou-0.json,Cyndaquil,Items,,Scope Lens,33.333
2019-12_gen2ou-0.json,Cyndaquil,Items,,Charcoal,25.0
2019-12_gen2ou-0.json,Cyndaquil,Items,,Leftovers,25.0
2019-12_gen2ou-0.json,Cyndaquil,Items,,Nothing,16.667
2019-12_gen2ou-0.json,Cyndaquil,Moves,,Fire Blast,66.667
2019-12_gen2ou-0.json,Cyndaquil,Moves,,Flamethrower,58.333
2019-12_gen2ou-0.json,Cyndaquil,Moves,,Double-Edge,50.0
2019-12_gen2ou-0.json,Cyndaquil,Moves,,Flame Wheel,50.0
2019-12_gen2ou-0.json,Cyndaquil,Moves,,Hidden Power Grass,33.333
2019-12_gen2ou-0.json,Cyndaquil,Moves,,Quick Attack,25.0
2019-12_gen2ou-0.json,Cyndaquil,Moves,,Hidden Power Ice,16.667
2019-12_gen2ou-0.json,Cyndaquil,Moves,,Attract,16.667
2019-12_gen2ou-0.json,Cyndaquil,Moves,,Tackle,16.667
2019-12_gen2ou-0.json,Cyndaquil,Moves,,Snore,16.667
2019-12_gen2ou-0.json,Cyndaquil,Moves,,Nothing,8.333
2019-12_gen2ou-0.json,Cyndaquil,Moves,,Swift,8.333
2019-12_gen2ou-0.json,Cyndaquil,Moves,,Leer,8.333
2019-12_gen2ou-0.json,Cyndaquil,Moves,,Ember,8.333
2019-12_gen2ou-0.json,Cyndaquil,Moves,,Other,16.667
2019-12_gen2ou-0.json,Farfetch'd,Stats,Raw count,,11
2019-12_gen2ou-0.json,Farfetch'd,Stats,Avg. weight,,1.0
2019-12_gen2ou-0.json,Farfetch'd,Stats,Viability Ceiling,,55
2019-12_gen2ou-0.json,Farfetch'd,Stats,Serious,,9.091
2019-12_gen2ou-0.json,Farfetch'd,Abilities,,No Ability,100.0
2019-12_gen2ou-0.json,Farfetch'd,Items,,Stick,63.636
2019-12_gen2ou-0.json,Farfetch'd,Items,,Berserk Gene,18.182
2019-12_gen2ou-0.json,Farfetch'd,Items,,Leftovers,9.091
2019-12_gen2ou-0.json,Farfetch'd,Items,,King's Rock,9.091
2019-12_gen2ou-0.json,Farfetch'd,Moves,,Agility,45.455
2019-12_gen2ou-0.json,Farfetch'd,Moves,,Swords Dance,45.455
2019-12_gen2ou-0.json,Farfetch'd,Moves,,Double-Edge,45.455
2019-12_gen2ou-0.json,Farfetch'd,Moves,,Return,36.364
2019-12_gen2ou-0.json,Farfetch'd,Moves,,Baton Pass,36.364
2019-12_gen2ou-0.json,Farfetch'd,Moves,,Hidden Power Flying,36.364
2019-12_gen2ou-0.json,Farfetch'd,Moves,,Mirror Move,36.364
2019-12_gen2ou-0.json,Farfetch'd,Moves,,Skull Bash,27.273
2019-12_gen2ou-0.json,Farfetch'd,Moves,,Fly,18.182
2019-12_gen2ou-0.json,Farfetch'd,Moves,,Nothing,9.091
2019-12_gen2ou-0.json,Farfetch'd,Moves,,Hidden Power Ground,9.091
2019-12_gen2ou-0.json,Farfetch'd,Moves,,Detect,9.091
2019-12_gen2ou-0.json,Farfetch'd,Moves,,Hidden Power Fighting,9.091
2019-12_gen2ou-0.json,Farfetch'd,Moves,,Protect,9.091
2019-12_gen2ou-0.json,Farfetch'd,Moves,,Body Slam,9.091
2019-12_gen2ou-0.json,Farfetch'd,Moves,,Other,18.182
2019-12_gen2ou-0.json,Aipom,Stats,Raw count,,11
2019-12_gen2ou-0.json,Aipom,Stats,Avg. weight,,1.0
2019-12_gen2ou-0.json,Aipom,Stats,Viability Ceiling,,61
2019-12_gen2ou-0.json,Aipom,Stats,Serious,,100.000
2019-12_gen2ou-0.json,Aipom,Abilities,,No Ability,100.0
2019-12_gen2ou-0.json,Aipom,Items,,Nothing,36.364
2019-12_gen2ou-0.json,Aipom,Items,,Leftovers,36.364
2019-12_gen2ou-0.json,Aipom,Items,,Berry,27.273
2019-12_gen2ou-0.json,Aipom,Moves,,Shadow Ball,72.727
2019-12_gen2ou-0.json,Aipom,Moves,,Fire Punch,63.636
2019-12_gen2ou-0.json,Aipom,Moves,,Agility,36.364
2019-12_gen2ou-0.json,Aipom,Moves,,Thunderbolt,36.364
2019-12_gen2ou-0.json,Aipom,Moves,,Return,27.273
2019-12_gen2ou-0.json,Aipom,Moves,,Baton Pass,27.273
2019-12_gen2ou-0.json,Aipom,Moves,,Mud-Slap,27.273
2019-12_gen2ou-0.json,Aipom,Moves,,Ice Punch,18.182
2019-12_gen2ou-0.json,Aipom,Moves,,Counter,18.182
2019-12_gen2ou-0.json,Aipom,Moves,,Thunder Punch,18.182
2019-12_gen2ou-0.json,Aipom,Moves,,Dynamic Punch,9.091
2019-12_gen2ou-0.json,Aipom,Moves,,Scratch,9.091
2019-12_gen2ou-0.json,Aipom,Moves,,Protect,9.091
2019-12_gen2ou-0.json,Aipom,Moves,,Thunder,9.091
2019-12_gen2ou-0.json,Aipom,Moves,,Other,18.182
2019-12_gen2ou-0.json,Kabutops,Stats,Raw count,,11
2019-12_gen2ou-0.json,Kabutops,Stats,Avg. weight,,1.0
2019-12_gen2ou-0.json,Kabutops,Stats,Viability Ceiling,,47
2019-12_gen2ou-0.json,Kabutops,Stats,Serious,,9.091
2019-12_gen2ou-0.json,Kabutops,Abilities,,No Ability,100.0
2019-12_gen2ou-0.json,Kabutops,Items,,Leftovers,63.636
2019-12_gen2ou-0.json,Kabutops,Items,,Hard Stone,18.182
2019-12_gen2ou-0.json,Kabutops,Items,,Nothing,9.091
2019-12_gen2ou-0.json,Kabutops,Items,,Scope Lens,9.091
2019-12_gen2ou-0.json,Kabutops,Moves,,Giga Drain,72.727
2019-12_gen2ou-0.json,Kabutops,Moves,,Swords Dance,72.727
2019-12_gen2ou-0.json,Kabutops,Moves,,Surf,63.636
2019-12_gen2ou-0.json,Kabutops,Moves,,Hidden Power Rock,36.364
2019-12_gen2ou-0.json,Kabutops,Moves,,Ice Beam,27.273
2019-12_gen2ou-0.json,Kabutops,Moves,,Ancient Power,18.182
2019-12_gen2ou-0.json,Kabutops,Moves,,Rollout,18.182
2019-12_gen2ou-0.json,Kabutops,Moves,,Hydro Pump,18.182
2019-12_gen2ou-0.json,Kabutops,Moves,,Reflect,9.091
2019-12_gen2ou-0.json,Kabutops,Moves,,Double-Edge,9.091
2019-12_gen2ou-0.json,Kabutops,Moves,,Aurora Beam,9.091
2019-12_gen2ou-0.json,Kabutops,Moves,,Thief,9.091
2019-12_gen2ou-0.json,Kabutops,Moves,,Hidden Power Electric,9.091
2019-12_gen2ou-0.json,Kabutops,Moves,,Endure,9.091
2019-12_gen2ou-0.json,Kabutops,Moves,,Other,18.182
2019-12_gen2ou-0.json,Ninetales,Stats,Raw count,,11
2019-12_gen2ou-0.json,Ninetales,Stats,Avg. weight,,1.0
2019-12_gen2ou-0.json,Ninetales,Stats,Viability Ceiling,,54
2019-12_gen2ou-0.json,Ninetales,Stats,Serious,,9.091
2019-12_gen2ou-0.json,Ninetales,Abilities,,No Ability,100.0
2019-12_gen2ou-0.json,Ninetales,Items,,Nothing,27.273
2019-12_gen2ou-0.json,Ninetales,Items,,Charcoal,27.273
2019-12_gen2ou-0.json,Ninetales,Items,,Leftovers,18.182
2019-12_gen2ou-0.json,Ninetales,Items,,Gold Berry,18.182
2019-12_gen2ou-0.json,Ninetales,Items,,Quick Claw,9.091
2019-12_gen2ou-0.json,Ninetales,Moves,,Flamethrower,81.818
2019-12_gen2ou-0.json,Ninetales,Moves,,Fire Blast,72.727
2019-12_gen2ou-0.json,Ninetales,Moves,,Confuse Ray,27.273
2019-12_gen2ou-0.json,Ninetales,Moves,,Fire Spin,27.273
2019-12_gen2ou-0.json,Ninetales,Moves,,Hypnosis,27.273
2019-12_gen2ou-0.json,Ninetales,Moves,,Toxic,27.273
2019-12_gen2ou-0.json,Ninetales,Moves,,Sunny Day,18.182
2019-12_gen2ou-0.json,Ninetales,Moves,,Roar,18.182
2019-12_gen2ou-0.json,Ninetales,Moves,,Body Slam,18.182
2019-12_gen2ou-0.json,Ninetales,Moves,,Quick Attack,18.182
2019-12_gen2ou-0.json,Ninetales,Moves,,Flail,9.091
2019-12_gen2ou-0.json,Ninetales,Moves,,Protect,9.091
2019-12_gen2ou-0.json,Ninetales,Moves,,Rage,9.091
2019-12_gen2ou-0.json,Ninetales,Moves,,Hyper Beam,9.091
2019-12_gen2ou-0.json,Ninetales,Moves,,Rest,9.091
2019-12_gen2ou-0.json,Ninetales,Moves,,Other,18.182
2019-12_gen2ou-0.json,Corsola,Stats,Raw count,,11
2019-12_gen2ou-0.json,Corsola,Stats,Avg. weight,,1.0
2019-12_gen2ou-0.json,Corsola,Stats,Viability Ceiling,,45
2019-12_gen2ou-0.json,Corsola,Stats,Serious,,100.000
2019-12_gen2ou-0.json,Corsola,Abilities,,No Ability,100.0
2019-12_gen2ou-0.json,Corsola,Items,,Leftovers,90.909
2019-12_gen2ou-0.json,Corsola,Items,,Focus Band,9.091
2019-12_gen2ou-0.json,Corsola,Moves,,Recover,90.909
2019-12_gen2ou-0.json,Corsola,Moves,,Surf,72.727
2019-12_gen2ou-0.json,Corsola,Moves,,Ice Beam,63.636
2019-12_gen2ou-0.json,Corsola,Moves,,Ancient Power,54.545
2019-12_gen2ou-0.json,Corsola,Moves,,Earthquake,27.273
2019-12_gen2ou-0.json,Corsola,Moves,,Rock Slide,18.182
2019-12_gen2ou-0.json,Corsola,Moves,,Toxic,18.182
2019-12_gen2ou-0.json,Corsola,Moves,,Nothing,9.091
2019-12_gen2ou-0.json,Corsola,Moves,,Bubble Beam,9.091
2019-12_gen2ou-0.json,Corsola,Moves,,Mirror Coat,9.091
2019-12_gen2ou-0.json,Corsola,Moves,,Sandstorm,9.091
2019-12_gen2ou-0.json,Corsola,Moves,,Other,18.182
2019-12_gen2ou-0.json,Beedrill,Stats,Raw count,,11
2019-12_gen2ou-0.json,Beedrill,Stats,Avg. weight,,1.0
2019-12_gen2ou-0.json,Beedrill,Stats,Viability Ceiling,,45
2019-12_gen2ou-0.json,Beedrill,Stats,Serious,,100.000
2019-12_gen2ou-0.json,Beedrill,Abilities,,No Ability,100.0
2019-12_gen2ou-0.json,Beedrill,Items,,Leftovers,54.545
2019-12_gen2ou-0.json,Beedrill,Items,,Bright Powder,18.182
2019-12_gen2ou-0.json,Beedrill,Items,,SilverPowder,9.091
2019-12_gen2ou-0.json,Beedrill,Items,,Nothing,9.091
2019-12_gen2ou-0.json,Beedrill,Items,,Poison Barb,9.091
2019-12_gen2ou-0.json,Beedrill,Moves,,Giga Drain,45.455
2019-12_gen2ou-0.json,Beedrill,Moves,,Toxic,45.455
2019-12_gen2ou-0.json,Beedrill,Moves,,Sludge Bomb,36.364
2019-12_gen2ou-0.json,Beedrill,Moves,,Cut,36.364
2019-12_gen2ou-0.json,Beedrill,Moves,,Swords Dance,36.364
2019-12_gen2ou-0.json,Beedrill,Moves,,Hidden Power Fire,36.364
2019-12_gen2ou-0.json,Beedrill,Moves,,Twineedle,27.273
2019-12_gen2ou-0.json,Beedrill,Moves,,Agility,18.182
2019-12_gen2ou-0.json,Beedrill,Moves,,Protect,18.182
2019-12_gen2ou-0.json,Beedrill,Moves,,Double-Edge,18.182
2019-12_gen2ou-0.json,Beedrill,Moves,,Focus Energy,18.182
2019-12_gen2ou-0.json,Beedrill,Moves,,Hidden Power Bug,9.091
2019-12_gen2ou-0.json,Beedrill,Moves,,Return,9.091
2019-12_gen2ou-0.json,Beedrill,Moves,,Poison Sting,9.091
2019-12_gen2ou-0.json,Beedrill,Moves,,Hidden Power Dark,9.091
2019-12_gen2ou-0.json,Beedrill,Moves,,Sleep Talk,9.091
2019-12_gen2ou-0.json,Beedrill,Moves,,Other,18.182
2019-12_gen2ou-0.json,Tangela,Stats,Raw count,,13
2019-12_gen2ou-0.json,Tangela,Stats,Avg. weight,,1.0
2019-12_gen2ou-0.json,Tangela,Stats,Viability Ceiling,,43
2019-12_gen2ou-0.json,Tangela,Stats,Serious,,100.000
2019-12_gen2ou-0.json,Tangela,Abilities,,No Ability,100.0
2019-12_gen2ou-0.json,Tangela,Items,,Leftovers,69.231
2019-12_gen2ou-0.json,Tangela,Items,,Nothing,7.692
2019-12_gen2ou-0.json,Tangela,Items,,Bright Powder,7.692
2019-12_gen2ou-0.json,Tangela,Items,,Great Ball,7.692
2019-12_gen2ou-0.json,Tangela,Items,,King's Rock,7.692
2019-12_gen2ou-0.json,Tangela,Moves,,Giga Drain,84.615
2019-12_gen2ou-0.json,Tangela,Moves,,Protect,69.231
2019-12_gen2ou-0.json,Tangela,Moves,,Rest,69.231
2019-12_gen2ou-0.json,Tangela,Moves,,Sleep Powder,69.231
2019-12_gen2ou-0.json,Tangela,Moves,,Mega Drain,15.385
2019-12_gen2ou-0.json,Tangela,Moves,,Hidden Power Ice,7.692
2019-12_gen2ou-0.json,Tangela,Moves,,Absorb,7.692
2019-12_gen2ou-0.json,Tangela,Moves,,Vine Whip,7.692
2019-12_gen2ou-0.json,Tangela,Moves,,Headbutt,7.692
2019-12_gen2ou-0.json,Tangela,Moves,,Solar Beam,7.692
2019-12_gen2ou-0.json,Tangela,Moves,,Body Slam,7.692
2019-12_gen2ou-0.json,Tangela,Moves,,Growth,7.692
2019-12_gen2ou-0.json,Tangela,Moves,,Bind,7.692
2019-12_gen2ou-0.json,Tangela,Moves,,Toxic,7.692
2019-12_gen2ou-0.json,Tangela,Moves,,Hidden Power Fire,7.692
2019-12_gen2ou-0.json,Tangela,Moves,,Other,15.385
2019-12_gen2ou-0.json,Azumarill,Stats,Raw count,,12
2019-12_gen2ou-0.json,Azumarill,Stats,Avg. weight,,1.0
2019-12_gen2ou-0.json,Azumarill,Stats,Viability Ceiling,,49
2019-12_gen2ou-0.json,Azumarill,Stats,Serious,,100.000
2019-12_gen2ou-0.json,Azumarill,Abilities,,No Ability,100.0
2019-12_gen2ou-0.json,Azumarill,Items,,Gold Berry,41.667
2019-12_gen2ou-0.json,Azumarill,Items,,Leftovers,33.333
2019-12_gen2ou-0.json,Azumarill,Items,,Nothing,16.667
2019-12_gen2ou-0.json,Azumarill,Items,,Mystic Water,8.333
2019-12_gen2ou-0.json,Azumarill,Moves,,Surf,58.333
2019-12_gen2ou-0.json,Azumarill,Moves,,Ice Beam,50.0
2019-12_gen2ou-0.json,Azumarill,Moves,,Belly Drum,50.0
2019-12_gen2ou-0.json,Azumarill,Moves,,Ice Punch,41.667
2019-12_gen2ou-0.json,Azumarill,Moves,,Headbutt,33.333
2019-12_gen2ou-0.json,Azumarill,Moves,,Double-Edge,33.333
2019-12_gen2ou-0.json,Azumarill,Moves,,Hydro Pump,33.333
2019-12_gen2ou-0.json,Azumarill,Moves,,Return,25.0
2019-12_gen2ou-0.json,Azumarill,Moves,,Waterfall,16.667
2019-12_gen2ou-0.json,Azumarill,Moves,,Bubble Beam,8.333
2019-12_gen2ou-0.json,Azumarill,Moves,,Protect,8.333
2019-12_gen2ou-0.json,Azumarill,Moves,,Toxic,8.333
2019-12_gen2ou-0.json,Azumarill,Moves,,Water Gun,8.333
2019-12_gen2ou-0.json,Azumarill,Moves,,Hidden Power Electric,8.333
2019-12_gen2ou-0.json,Azumarill,Moves,,Other,16.667
2019-12_gen2ou-0.json,Persian,Stats,Raw count,,10
2019-12_gen2ou-0.json,Persian,Stats,Avg. weight,,1.0
2019-12_gen2ou-0.json,Persian,Stats,Viability Ceiling,,53
2019-12_gen2ou-0.json,Persian,Stats,Serious,,100.000
2019-12_gen2ou-0.json,Persian,Abilities,,No Ability,100.0
2019-12_gen2ou-0.json,Persian,Items,,Leftovers,40.0
2019-12_gen2ou-0.json,Persian,Items,,Nothing,30.0
2019-12_gen2ou-0.json,Persian,Items,,Pink Bow,10.0
2019-12_gen2ou-0.json,Persian,Items,,Poke Ball,10.0
2019-12_gen2ou-0.json,Persian,Items,,Scope Lens,10.0
2019-12_gen2ou-0.json,Persian,Moves,,Thunderbolt,50.0
2019-12_gen2ou-0.json,Persian,Moves,,Slash,50.0
2019-12_gen2ou-0.json,Persian,Moves,,Shadow Ball,40.0
2019-12_gen2ou-0.json,Persian,Moves,,Hyper Beam,40.0
2019-12_gen2ou-0.json,Persian,Moves,,Bubble Beam,30.0
2019-12_gen2ou-0.json,Persian,Moves,,Protect,20.0
2019-12_gen2ou-0.json,Persian,Moves,,Bite,20.0
2019-12_gen2ou-0.json,Persian,Moves,,Screech,20.0
2019-12_gen2ou-0.json,Persian,Moves,,Hypnosis,20.0
2019-12_gen2ou-0.json,Persian,Moves,,Body Slam,20.0
2019-12_gen2ou-0.json,Persian,Moves,,Fury Swipes,20.0
2019-12_gen2ou-0.json,Persian,Moves,,Hidden Power Ice,10.0
2019-12_gen2ou-0.json,Persian,Moves,,Frustration,10.0
2019-12_gen2ou-0.json,Persian,Moves,,Roar,10.0
2019-12_gen2ou-0.json,Persian,Moves,,Amnesia,10.0
2019-12_gen2ou-0.json,Persian,Moves,,Double-Edge,10.0
2019-12_gen2ou-0.json,Persian,Moves,,Other,20.0
2019-12_gen2ou-0.json,Delibird,Stats,Raw count,,10
2019-12_gen2ou-0.json,Delibird,Stats,Avg. weight,,1.0
2019-12_gen2ou-0.json,Delibird,Stats,Viability Ceiling,,55
2019-12_gen2ou-0.json,Delibird,Stats,Serious,,10.000
2019-12_gen2ou-0.json,Delibird,Abilities,,No Ability,100.0
2019-12_gen2ou-0.json,Delibird,Items,,Leftovers,80.0
2019-12_gen2ou-0.json,Delibird,Items,,Quick Claw,10.0
2019-12_gen2ou-0.json,Delibird,Items,,Never-Melt Ice,10.0
2019-12_gen2ou-0.json,Delibird,Moves,,Ice Beam,100.0
2019-12_gen2ou-0.json,Delibird,Moves,,Present,50.0
2019-12_gen2ou-0.json,Delibird,Moves,,Quick Attack,50.0
2019-12_gen2ou-0.json,Delibird,Moves,,Fly,40.0
2019-12_gen2ou-0.json,Delibird,Moves,,Spikes,40.0
2019-12_gen2ou-0.json,Delibird,Moves,,Toxic,40.0
2019-12_gen2ou-0.json,Delibird,Moves,,Icy Wind,20.0
2019-12_gen2ou-0.json,Delibird,Moves,,Detect,20.0
2019-12_gen2ou-0.json,Delibird,Moves,,Hidden Power Flying,20.0
2019-12_gen2ou-0.json,Delibird,Moves,,Other,20.0
2019-12_gen2ou-0.json,Butterfree,Stats,Raw count,,9
2019-12_gen2ou-0.json,Butterfree,Stats,Avg. weight,,1.0
2019-12_gen2ou-0.json,Butterfree,Stats,Viability Ceiling,,45
2019-12_gen2ou-0.json,Butterfree,Stats,Serious,,100.000
2019-12_gen2ou-0.json,Butterfree,Abilities,,No Ability,100.0
2019-12_gen2ou-0.json,Butterfree,Items,,Leftovers,33.333
2019-12_gen2ou-0.json,Butterfree,Items,,Bright Powder,33.333
2019-12_gen2ou-0.json,Butterfree,Items,,Gold Berry,22.222
2019-12_gen2ou-0.json,Butterfree,Items,,Nothing,11.111
2019-12_gen2ou-0.json,Butterfree,Moves,,Giga Drain,88.889
2019-12_gen2ou-0.json,Butterfree,Moves,,Psychic,77.778
2019-12_gen2ou-0.json,Butterfree,Moves,,Double-Edge,55.556
2019-12_gen2ou-0.json,Butterfree,Moves,,Sleep Powder,44.444
2019-12_gen2ou-0.json,Butterfree,Moves,,Hidden Power Bug,33.333
2019-12_gen2ou-0.json,Butterfree,Moves,,Toxic,22.222
2019-12_gen2ou-0.json,Butterfree,Moves,,Snore,11.111
2019-12_gen2ou-0.json,Butterfree,Moves,,Hidden Power Ice,11.111
2019-12_gen2ou-0.json,Butterfree,Moves,,Flash,11.111
2019-12_gen2ou-0.json,Butterfree,Moves,,Reflect,11.111
2019-12_gen2ou-0.json,Butterfree,Moves,,Sleep Talk,11.111
2019-12_gen2ou-0.json,Butterfree,Moves,,Hidden Power Fighting,11.111
2019-12_gen2ou-0.json,Butterfree,Moves,,Other,11.111
2019-12_gen2ou-0.json,Girafarig,Stats,Raw count,,10
2019-12_gen2ou-0.json,Girafarig,Stats,Avg. weight,,1.0
2019-12_gen2ou-0.json,Girafarig,Stats,Viability Ceiling,,64
2019-12_gen2ou-0.json,Girafarig,Stats,Serious,,10.000
2019-12_gen2ou-0.json,Girafarig,Abilities,,No Ability,100.0
2019-12_gen2ou-0.json,Girafarig,Items,,Leftovers,40.0
2019-12_gen2ou-0.json,Girafarig,Items,,King's Rock,20.0
2019-12_gen2ou-0.json,Girafarig,Items,,Bright Powder,20.0
2019-12_gen2ou-0.json,Girafarig,Items,,Nothing,10.0
2019-12_gen2ou-0.json,Girafarig,Items,,Gold Berry,10.0
2019-12_gen2ou-0.json,Girafarig,Moves,,Psychic,80.0
2019-12_gen2ou-0.json,Girafarig,Moves,,Agility,70.0
2019-12_gen2ou-0.json,Girafarig,Moves,,Baton Pass,50.0
2019-12_gen2ou-0.json,Girafarig,Moves,,Hidden Power Fire,50.0
2019-12_gen2ou-0.json,Girafarig,Moves,,Crunch,40.0
2019-12_gen2ou-0.json,Girafarig,Moves,,Return,30.0
2019-12_gen2ou-0.json,Girafarig,Moves,,Thunderbolt,20.0
2019-12_gen2ou-0.json,Girafarig,Moves,,Frustration,20.0
2019-12_gen2ou-0.json,Girafarig,Moves,,Stomp,20.0
2019-12_gen2ou-0.json,Girafarig,Moves,,Other,20.0
2019-12_gen2ou-0.json,Graveler,Stats,Raw count,,10
2019-12_gen2ou-0.json,Graveler,Stats,Avg. weight,,1.0
2019-12_gen2ou-0.json,Graveler,Stats,Viability Ceiling,,59
2019-12_gen2ou-0.json,Graveler,Stats,Serious,,50.000
2019-12_gen2ou-0.json,Graveler,Abilities,,No Ability,100.0
2019-12_gen2ou-0.json,Graveler,Items,,Berserk Gene,40.0
2019-12_gen2ou-0.json,Graveler,Items,,Leftovers,30.0
2019-12_gen2ou-0.json,Graveler,Items,,Nothing,20.0
2019-12_gen2ou-0.json,Graveler,Items,,Polkadot Bow,10.0
2019-12_gen2ou-0.json,Graveler,Moves,,Earthquake,80.0
2019-12_gen2ou-0.json,Graveler,Moves,,Dynamic Punch,50.0
2019-12_gen2ou-0.json,Graveler,Moves,,Defense Curl,50.0
2019-12_gen2ou-0.json,Graveler,Moves,,Rock Slide,40.0
2019-12_gen2ou-0.json,Graveler,Moves,,Body Slam,40.0
2019-12_gen2ou-0.json,Graveler,Moves,,Nothing,30.0
2019-12_gen2ou-0.json,Graveler,Moves,,Explosion,30.0
2019-12_gen2ou-0.json,Graveler,Moves,,Curse,20.0
2019-12_gen2ou-0.json,Graveler,Moves,,Seismic Toss,10.0
2019-12_gen2ou-0.json,Graveler,Moves,,Double-Edge,10.0
2019-12_gen2ou-0.json,Graveler,Moves,,Rapid Spin,10.0
2019-12_gen2ou-0.json,Graveler,Moves,,Rollout,10.0
2019-12_gen2ou-0.json,Graveler,Moves,,Other,20.0
2019-12_gen2ou-0.json,Rapidash,Stats,Raw count,,11
2019-12_gen2ou-0.json,Rapidash,Stats,Avg. weight,,1.0
2019-12_gen2ou-0.json,Rapidash,Stats,Viability Ceiling,,54
2019-12_gen2ou-0.json,Rapidash,Stats,Serious,,9.091
2019-12_gen2ou-0.json,Rapidash,Abilities,,No Ability,100.0
2019-12_gen2ou-0.json,Rapidash,Items,,Nothing,36.364
2019-12_gen2ou-0.json,Rapidash,Items,,King's Rock,27.273
2019-12_gen2ou-0.json,Rapidash,Items,,Leftovers,18.182
2019-12_gen2ou-0.json,Rapidash,Items,,Quick Claw,9.091
2019-12_gen2ou-0.json,Rapidash,Items,,Black Belt,9.091
2019-12_gen2ou-0.json,Rapidash,Moves,,Fire Blast,90.909
2019-12_gen2ou-0.json,Rapidash,Moves,,Fire Spin,54.545
2019-12_gen2ou-0.json,Rapidash,Moves,,Body Slam,36.364
2019-12_gen2ou-0.json,Rapidash,Moves,,Agility,27.273
2019-12_gen2ou-0.json,Rapidash,Moves,,Sunny Day,27.273
2019-12_gen2ou-0.json,Rapidash,Moves,,Stomp,27.273
2019-12_gen2ou-0.json,Rapidash,Moves,,Flamethrower,27.273
2019-12_gen2ou-0.json,Rapidash,Moves,,Growl,18.182
2019-12_gen2ou-0.json,Rapidash,Moves,,Mimic,18.182
2019-12_gen2ou-0.json,Rapidash,Moves,,Quick Attack,18.182
2019-12_gen2ou-0.json,Rapidash,Moves,,Nothing,9.091
2019-12_gen2ou-0.json,Rapidash,Moves,,Substitute,9.091
2019-12_gen2ou-0.json,Rapidash,Moves,,Headbutt,9.091
2019-12_gen2ou-0.json,Rapidash,Moves,,Hypnosis,9.091
2019-12_gen2ou-0.json,Rapidash,Moves,,Other,18.182
2019-12_gen2ou-0.json,Octillery,Stats,Raw count,,10
2019-12_gen2ou-0.json,Octillery,Stats,Avg. weight,,1.0
2019-12_gen2ou-0.json,Octillery,Stats,Viability Ceiling,,55
2019-12_gen2ou-0.json,Octillery,Stats,Serious,,20.000
2019-12_gen2ou-0.json,Octillery,Abilities,,No Ability,100.0
2019-12_gen2ou-0.json,Octillery,Items,,Leftovers,50.0
2019-12_gen2ou-0.json,Octillery,Items,,Mystic Water,30.0
2019-12_gen2ou-0.json,Octillery,Items,,Nothing,10.0
2019-12_gen2ou-0.json,Octillery,Items,,Scope Lens,10.0
2019-12_gen2ou-0.json,Octillery,Moves,,Flamethrower,80.0
2019-12_gen2ou-0.json,Octillery,Moves,,Surf,70.0
2019-12_gen2ou-0.json,Octillery,Moves,,Ice Beam,50.0
2019-12_gen2ou-0.json,Octillery,Moves,,Curse,30.0
2019-12_gen2ou-0.json,Octillery,Moves,,Octazooka,30.0
2019-12_gen2ou-0.json,Octillery,Moves,,Amnesia,30.0
2019-12_gen2ou-0.json,Octillery,Moves,,Aurora Beam,20.0
2019-12_gen2ou-0.json,Octillery,Moves,,Return,20.0
2019-12_gen2ou-0.json,Octillery,Moves,,Water Gun,10.0
2019-12_gen2ou-0.json,Octillery,Moves,,Sleep Talk,10.0
2019-12_gen2ou-0.json,Octillery,Moves,,Rest,10.0
2019-12_gen2ou-0.json,Octillery,Moves,,Hidden Power Electric,10.0
2019-12_gen2ou-0.json,Octillery,Moves,,Haze,10.0
2019-12_gen2ou-0.json,Octillery,Moves,,Other,20.0
2019-12_gen2ou-0.json,Hitmonchan,Stats,Raw count,,9
2019-12_gen2ou-0.json,Hitmonchan,Stats,Avg. weight,,1.0
2019-12_gen2ou-0.json,Hitmonchan,Stats,Viability Ceiling,,48
2019-12_gen2ou-0.json,Hitmonchan,Stats,Serious,,22.222
2019-12_gen2ou-0.json,Hitmonchan,Abilities,,No Ability,100.0
2019-12_gen2ou-0.json,Hitmonchan,Items,,Leftovers,44.444
2019-12_gen2ou-0.json,Hitmonchan,Items,,Nothing,22.222
2019-12_gen2ou-0.json,Hitmonchan,Items,,Black Belt,22.222
2019-12_gen2ou-0.json,Hitmonchan,Items,,Focus Band,11.111
2019-12_gen2ou-0.json,Hitmonchan,Moves,,Mach Punch,66.667
2019-12_gen2ou-0.json,Hitmonchan,Moves,,Thunder Punch,66.667
2019-12_gen2ou-0.json,Hitmonchan,Moves,,Ice Punch,55.556
2019-12_gen2ou-0.json,Hitmonchan,Moves,,Fire Punch,55.556
2019-12_gen2ou-0.json,Hitmonchan,Moves,,Body Slam,33.333
2019-12_gen2ou-0.json,Hitmonchan,Moves,,Agility,22.222
2019-12_gen2ou-0.json,Hitmonchan,Moves,,Hidden Power Fighting,22.222
2019-12_gen2ou-0.json,Hitmonchan,Moves,,Protect,11.111
2019-12_gen2ou-0.json,Hitmonchan,Moves,,Counter,11.111
2019-12_gen2ou-0.json,Hitmonchan,Moves,,Rest,11.111
2019-12_gen2ou-0.json,Hitmonchan,Moves,,High Jump Kick,11.111
2019-12_gen2ou-0.json,Hitmonchan,Moves,,Skull Bash,11.111
2019-12_gen2ou-0.json,Hitmonchan,Moves,,Toxic,11.111
2019-12_gen2ou-0.json,Hitmonchan,Moves,,Other,11.111
2019-12_gen2ou-0.json,Qwilfish,Stats,Raw count,,9
2019-12_gen2ou-0.json,Qwilfish,Stats,Avg. weight,,1.0
2019-12_gen2ou-0.json,Qwilfish,Stats,Viability Ceiling,,59
2019-12_gen2ou-0.json,Qwilfish,Stats,Serious,,100.000
2019-12_gen2ou-0.json,Qwilfish,Abilities,,No Ability,100.0
2019-12_gen2ou-0.json,Qwilfish,Items,,Leftovers,44.444
2019-12_gen2ou-0.json,Qwilfish,Items,,Bright Powder,44.444
2019-12_gen2ou-0.json,Qwilfish,Items,,Nothing,11.111
2019-12_gen2ou-0.json,Qwilfish,Moves,,Sludge Bomb,88.889
2019-12_gen2ou-0.json,Qwilfish,Moves,,Spikes,88.889
2019-12_gen2ou-0.json,Qwilfish,Moves,,Hydro Pump,55.556
2019-12_gen2ou-0.json,Qwilfish,Moves,,Waterfall,44.444
2019-12_gen2ou-0.json,Qwilfish,Moves,,Hidden Power Ground,33.333
2019-12_gen2ou-0.json,Qwilfish,Moves,,Curse,22.222
2019-12_gen2ou-0.json,Qwilfish,Moves,,Haze,22.222
2019-12_gen2ou-0.json,Qwilfish,Moves,,Hidden Power Bug,11.111
2019-12_gen2ou-0.json,Qwilfish,Moves,,Frustration,11.111
2019-12_gen2ou-0.json,Qwilfish,Moves,,Double-Edge,11.111
2019-12_gen2ou-0.json,Qwilfish,Moves,,Other,11.111
2019-12_gen2ou-0.json,Ledian,Stats,Raw count,,9
2019-12_gen2ou-0.json,Ledian,Stats,Avg. weight,,1.0
2019-12_gen2ou-0.json,Ledian,Stats,Viability Ceiling,,55
2019-12_gen2ou-0.json,Ledian,Stats,Serious,,11.111
2019-12_gen2ou-0.json,Ledian,Abilities,,No Ability,100.0
2019-12_gen2ou-0.json,Ledian,Items,,Leftovers,66.667
2019-12_gen2ou-0.json,Ledian,Items,,SilverPowder,22.222
2019-12_gen2ou-0.json,Ledian,Items,,Scope Lens,11.111
2019-12_gen2ou-0.json,Ledian,Moves,,Giga Drain,77.778
2019-12_gen2ou-0.json,Ledian,Moves,,Thunder Punch,66.667
2019-12_gen2ou-0.json,Ledian,Moves,,Psybeam,44.444
2019-12_gen2ou-0.json,Ledian,Moves,,Supersonic,33.333
2019-12_gen2ou-0.json,Ledian,Moves,,Ice Punch,22.222
2019-12_gen2ou-0.json,Ledian,Moves,,Agility,22.222
2019-12_gen2ou-0.json,Ledian,Moves,,Headbutt,22.222
2019-12_gen2ou-0.json,Ledian,Moves,,Hidden Power Flying,22.222
2019-12_gen2ou-0.json,Ledian,Moves,,Hidden Power Bug,22.222
2019-12_gen2ou-0.json,Ledian,Moves,,Curse,11.111
2019-12_gen2ou-0.json,Ledian,Moves,,Double-Edge,11.111
2019-12_gen2ou-0.json,Ledian,Moves,,Comet Punch,11.111
2019-12_gen2ou-0.json,Ledian,Moves,,Baton Pass,11.111
2019-12_gen2ou-0.json,Ledian,Moves,,Solar Beam,11.111
2019-12_gen2ou-0.json,Ledian,Moves,,Other,11.111
2019-12_gen2ou-0.json,Lickitung,Stats,Raw count,,9
2019-12_gen2ou-0.json,Lickitung,Stats,Avg. weight,,1.0
2019-12_gen2ou-0.json,Lickitung,Stats,Viability Ceiling,,62
2019-12_gen2ou-0.json,Lickitung,Stats,Serious,,11.111
2019-12_gen2ou-0.json,Lickitung,Abilities,,No Ability,100.0
2019-12_gen2ou-0.json,Lickitung,Items,,Leftovers,77.778
2019-12_gen2ou-0.json,Lickitung,Items,,Nothing,11.111
2019-12_gen2ou-0.json,Lickitung,Items,,Berry Juice,11.111
2019-12_gen2ou-0.json,Lickitung,Moves,,Swords Dance,44.444
2019-12_gen2ou-0.json,Lickitung,Moves,,Ice Beam,44.444
2019-12_gen2ou-0.json,Lickitung,Moves,,Rest,33.333
2019-12_gen2ou-0.json,Lickitung,Moves,,Sleep Talk,33.333
2019-12_gen2ou-0.json,Lickitung,Moves,,Body Slam,33.333
2019-12_gen2ou-0.json,Lickitung,Moves,,Earthquake,33.333
2019-12_gen2ou-0.json,Lickitung,Moves,,Thunderbolt,22.222
2019-12_gen2ou-0.json,Lickitung,Moves,,Shadow Ball,22.222
2019-12_gen2ou-0.json,Lickitung,Moves,,Double-Edge,22.222
2019-12_gen2ou-0.json,Lickitung,Moves,,Fire Blast,22.222
2019-12_gen2ou-0.json,Lickitung,Moves,,Supersonic,11.111
2019-12_gen2ou-0.json,Lickitung,Moves,,Lick,11.111
2019-12_gen2ou-0.json,Lickitung,Moves,,Nightmare,11.111
2019-12_gen2ou-0.json,Lickitung,Moves,,Thief,11.111
2019-12_gen2ou-0.json,Lickitung,Moves,,Stomp,11.111
2019-12_gen2ou-0.json,Lickitung,Moves,,Wrap,11.111
2019-12_gen2ou-0.json,Lickitung,Moves,,Return,11.111
2019-12_gen2ou-0.json,Lickitung,Moves,,Other,11.111
2019-12_gen2ou-0.json,Larvitar,Stats,Raw count,,10
2019-12_gen2ou-0.json,Larvitar,Stats,Avg. weight,,1.0
2019-12_gen2ou-0.json,Larvitar,Stats,Viability Ceiling,,55
2019-12_gen2ou-0.json,Larvitar,Stats,Serious,,20.000
2019-12_gen2ou-0.json,Larvitar,Abilities,,No Ability,100.0
2019-12_gen2ou-0.json,Larvitar,Items,,Leftovers,50.0
2019-12_gen2ou-0.json,Larvitar,Items,,Focus Band,30.0
2019-12_gen2ou-0.json,Larvitar,Items,,Berserk Gene,20.0
2019-12_gen2ou-0.json,Larvitar,Moves,,Rock Slide,80.0
2019-12_gen2ou-0.json,Larvitar,Moves,,Earthquake,80.0
2019-12_gen2ou-0.json,Larvitar,Moves,,Crunch,50.0
2019-12_gen2ou-0.json,Larvitar,Moves,,Outrage,50.0
2019-12_gen2ou-0.json,Larvitar,Moves,,Protect,30.0
2019-12_gen2ou-0.json,Larvitar,Moves,,Ancient Power,30.0
2019-12_gen2ou-0.json,Larvitar,Moves,,Leer,20.0
2019-12_gen2ou-0.json,Larvitar,Moves,,Bite,20.0
2019-12_gen2ou-0.json,Larvitar,Moves,,Screech,20.0
2019-12_gen2ou-0.json,Larvitar,Moves,,Other,20.0
2019-12_gen2ou-0.json,Unown,Stats,Raw count,,7
2019-12_gen2ou-0.json,Unown,Stats,Avg. weight,,1.0
2019-12_gen2ou-0.json,Unown,Stats,Viability Ceiling,,35
2019-12_gen2ou-0.json,Unown,Stats,Serious,,100.000
2019-12_gen2ou-0.json,Unown,Abilities,,No Ability,100.0
2019-12_gen2ou-0.json,Unown,Items,,Twisted Spoon,57.143
2019-12_gen2ou-0.json,Unown,Items,,Leftovers,28.571
2019-12_gen2ou-0.json,Unown,Items,,Berserk Gene,14.286
2019-12_gen2ou-0.json,Unown,Moves,,Nothing,300.0
2019-12_gen2ou-0.json,Unown,Moves,,Hidden Power Psychic,85.714
2019-12_gen2ou-0.json,Unown,Moves,,Other,14.286
2019-12_gen2ou-0.json,Rattata,Stats,Raw count,,8
2019-12_gen2ou-0.json,Rattata,Stats,Avg. weight,,1.0
2019-12_gen2ou-0.json,Rattata,Stats,Viability Ceiling,,46
2019-12_gen2ou-0.json,Rattata,Stats,Serious,,100.000
2019-12_gen2ou-0.json,Rattata,Abilities,,No Ability,100.0
2019-12_gen2ou-0.json,Rattata,Items,,King's Rock,62.5
2019-12_gen2ou-0.json,Rattata,Items,,Nothing,25.0
2019-12_gen2ou-0.json,Rattata,Items,,Quick Claw,12.5
2019-12_gen2ou-0.json,Rattata,Moves,,Tail Whip,100.0
2019-12_gen2ou-0.json,Rattata,Moves,,Return,62.5
2019-12_gen2ou-0.json,Rattata,Moves,,Iron Tail,62.5
2019-12_gen2ou-0.json,Rattata,Moves,,Attract,62.5
2019-12_gen2ou-0.json,Rattata,Moves,,Tackle,37.5
2019-12_gen2ou-0.json,Rattata,Moves,,Hyper Fang,25.0
2019-12_gen2ou-0.json,Rattata,Moves,,Quick Attack,25.0
2019-12_gen2ou-0.json,Rattata,Moves,,Nothing,12.5
2019-12_gen2ou-0.json,Rattata,Moves,,Other,12.5
2019-12_gen2ou-0.json,Bulbasaur,Stats,Raw count,,8
2019-12_gen2ou-0.json,Bulbasaur,Stats,Avg. weight,,1.0
2019-12_gen2ou-0.json,Bulbasaur,Stats,Viability Ceiling,,47
2019-12_gen2ou-0.json,Bulbasaur,Stats,Serious,,12.500
2019-12_gen2ou-0.json,Bulbasaur,Abilities,,No Ability,100.0
2019-12_gen2ou-0.json,Bulbasaur,Items,,Miracle Seed,37.5
2019-12_gen2ou-0.json,Bulbasaur,Items,,Gold Berry,25.0
2019-12_gen2ou-0.json,Bulbasaur,Items,,Leftovers,25.0
2019-12_gen2ou-0.json,Bulbasaur,Items,,Nothing,12.5
2019-12_gen2ou-0.json,Bulbasaur,Moves,,Giga Drain,50.0
2019-12_gen2ou-0.json,Bulbasaur,Moves,,Body Slam,50.0
2019-12_gen2ou-0.json,Bulbasaur,Moves,,Toxic,50.0
2019-12_gen2ou-0.json,Bulbasaur,Moves,,Leech Seed,37.5
2019-12_gen2ou-0.json,Bulbasaur,Moves,,Nothing,25.0
2019-12_gen2ou-0.json,Bulbasaur,Moves,,Hidden Power Poison,25.0
2019-12_gen2ou-0.json,Bulbasaur,Moves,,Sleep Powder,25.0
2019-12_gen2ou-0.json,Bulbasaur,Moves,,Hidden Power Fighting,25.0
2019-12_gen2ou-0.json,Bulbasaur,Moves,,Mega Drain,25.0
2019-12_gen2ou-0.json,Bulbasaur,Moves,,Return,12.5
2019-12_gen2ou-0.json,Bulbasaur,Moves,,Razor Leaf,12.5
2019-12_gen2ou-0.json,Bulbasaur,Moves,,Vine Whip,12.5
2019-12_gen2ou-0.json,Bulbasaur,Moves,,Protect,12.5
2019-12_gen2ou-0.json,Bulbasaur,Moves,,Growl,12.5
2019-12_gen2ou-0.json,Bulbasaur,Moves,,Tackle,12.5
2019-12_gen2ou-0.json,Bulbasaur,Moves,,Other,12.5
2019-12_gen2ou-0.json,Wartortle,Stats,Raw count,,8
2019-12_gen2ou-0.json,Wartortle,Stats,Avg. weight,,1.0
2019-12_gen2ou-0.json,Wartortle,Stats,Viability Ceiling,,54
2019-12_gen2ou-0.json,Wartortle,Stats,Serious,,25.000
2019-12_gen2ou-0.json,Wartortle,Abilities,,No Ability,100.0
2019-12_gen2ou-0.json,Wartortle,Items,,Leftovers,75.0
2019-12_gen2ou-0.json,Wartortle,Items,,Nothing,25.0
2019-12_gen2ou-0.json,Wartortle,Moves,,Hydro Pump,100.0
2019-12_gen2ou-0.json,Wartortle,Moves,,Ice Beam,87.5
2019-12_gen2ou-0.json,Wartortle,Moves,,Rapid Spin,75.0
2019-12_gen2ou-0.json,Wartortle,Moves,,Rest,75.0
2019-12_gen2ou-0.json,Wartortle,Moves,,Surf,12.5
2019-12_gen2ou-0.json,Wartortle,Moves,,Bubble Beam,12.5
2019-12_gen2ou-0.json,Wartortle,Moves,,Body Slam,12.5
2019-12_gen2ou-0.json,Wartortle,Moves,,Double-Edge,12.5
2019-12_gen2ou-0.json,Wartortle,Moves,,Other,12.5
2019-12_gen2ou-0.json,Croconaw,Stats,Raw count,,8
2019-12_gen2ou-0.json,Croconaw,Stats,Avg. weight,,1.0
2019-12_gen2ou-0.json,Croconaw,Stats,Viability Ceiling,,45
2019-12_gen2ou-0.json,Croconaw,Stats,Serious,,100.000
2019-12_gen2ou-0.json,Croconaw,Abilities,,No Ability,100.0
2019-12_gen2ou-0.json,Croconaw,Items,,Leftovers,62.5
2019-12_gen2ou-0.json,Croconaw,Items,,Nothing,37.5
2019-12_gen2ou-0.json,Croconaw,Moves,,Water Gun,87.5
2019-12_gen2ou-0.json,Croconaw,Moves,,Hydro Pump,75.0
2019-12_gen2ou-0.json,Croconaw,Moves,,Crunch,50.0
2019-12_gen2ou-0.json,Croconaw,Moves,,Scratch,37.5
2019-12_gen2ou-0.json,Croconaw,Moves,,Surf,25.0
2019-12_gen2ou-0.json,Croconaw,Moves,,Leer,25.0
2019-12_gen2ou-0.json,Croconaw,Moves,,Rage,25.0
2019-12_gen2ou-0.json,Croconaw,Moves,,Blizzard,12.5
2019-12_gen2ou-0.json,Croconaw,Moves,,Bite,12.5
2019-12_gen2ou-0.json,Croconaw,Moves,,Dig,12.5
2019-12_gen2ou-0.json,Croconaw,Moves,,Iron Tail,12.5
2019-12_gen2ou-0.json,Croconaw,Moves,,Rain Dance,12.5
2019-12_gen2ou-0.json,Croconaw,Moves,,Other,12.5
2019-12_gen2ou-0.json,Jigglypuff,Stats,Raw count,,8
2019-12_gen2ou-0.json,Jigglypuff,Stats,Avg. weight,,---
2019-12_gen2ou-0.json,Jigglypuff,Stats,Viability Ceiling,,0
2019-12_gen2ou-0.json,Jigglypuff,Stats,Serious,,100.000
2019-12_gen2ou-0.json,Jigglypuff,Abilities,,No Ability,100.0
2019-12_gen2ou-0.json,Jigglypuff,Items,,Berserk Gene,100.0
2019-12_gen2ou-0.json,Jigglypuff,Moves,,Shadow Ball,100.0
2019-12_gen2ou-0.json,Jigglypuff,Moves,,Disable,100.0
2019-12_gen2ou-0.json,Jigglypuff,Moves,,Hidden Power Fighting,100.0
2019-12_gen2ou-0.json,Jigglypuff,Moves,,Double-Edge,100.0
2019-12_gen2ou-0.json,Machoke,Stats,Raw count,,8
2019-12_gen2ou-0.json,Machoke,Stats,Avg. weight,,1.0
2019-12_gen2ou-0.json,Machoke,Stats,Viability Ceiling,,47
2019-12_gen2ou-0.json,Machoke,Stats,Serious,,100.000
2019-12_gen2ou-0.json,Machoke,Abilities,,No Ability,100.0
2019-12_gen2ou-0.json,Machoke,Items,,Black Belt,75.0
2019-12_gen2ou-0.json,Machoke,Items,,Leftovers,25.0
2019-12_gen2ou-0.json,Machoke,Moves,,Cross Chop,100.0
2019-12_gen2ou-0.json,Machoke,Moves,,Low Kick,75.0
2019-12_gen2ou-0.json,Machoke,Moves,,Counter,62.5
2019-12_gen2ou-0.json,Machoke,Moves,,Rock Smash,50.0
2019-12_gen2ou-0.json,Machoke,Moves,,Ice Punch,37.5
2019-12_gen2ou-0.json,Machoke,Moves,,Fire Punch,25.0
2019-12_gen2ou-0.json,Machoke,Moves,,Body Slam,12.5
2019-12_gen2ou-0.json,Machoke,Moves,,Light Screen,12.5
2019-12_gen2ou-0.json,Machoke,Moves,,Earthquake,12.5
2019-12_gen2ou-0.json,Machoke,Moves,,Other,12.5
2019-12_gen2ou-0.json,Nidorino,Stats,Raw count,,7
2019-12_gen2ou-0.json,Nidorino,Stats,Avg. weight,,1.0
2019-12_gen2ou-0.json,Nidorino,Stats,Viability Ceiling,,48
2019-12_gen2ou-0.json,Nidorino,Stats,Serious,,14.286
2019-12_gen2ou-0.json,Nidorino,Abilities,,No Ability,100.0
2019-12_gen2ou-0.json,Nidorino,Items,,Leftovers,57.143
2019-12_gen2ou-0.json,Nidorino,Items,,Nothing,14.286
2019-12_gen2ou-0.json,Nidorino,Items,,Gold Berry,14.286
2019-12_gen2ou-0.json,Nidorino,Items,,Dragon Fang,14.286
2019-12_gen2ou-0.json,Nidorino,Moves,,Thunderbolt,71.429
2019-12_gen2ou-0.json,Nidorino,Moves,,Body Slam,71.429
2019-12_gen2ou-0.json,Nidorino,Moves,,Hidden Power Bug,57.143
2019-12_gen2ou-0.json,Nidorino,Moves,,Ice Beam,57.143
2019-12_gen2ou-0.json,Nidorino,Moves,,Double Kick,42.857
2019-12_gen2ou-0.json,Nidorino,Moves,,Toxic,28.571
2019-12_gen2ou-0.json,Nidorino,Moves,,Horn Attack,28.571
2019-12_gen2ou-0.json,Nidorino,Moves,,Nothing,14.286
2019-12_gen2ou-0.json,Nidorino,Moves,,Fury Attack,14.286
2019-12_gen2ou-0.json,Nidorino,Moves,,Other,14.286
2019-12_gen2ou-0.json,Pupitar,Stats,Raw count,,7
2019-12_gen2ou-0.json,Pupitar,Stats,Avg. weight,,1.0
2019-12_gen2ou-0.json,Pupitar,Stats,Viability Ceiling,,54
2019-12_gen2ou-0.json,Pupitar,Stats,Serious,,100.000
2019-12_gen2ou-0.json,Pupitar,Abilities,,No Ability,100.0
2019-12_gen2ou-0.json,Pupitar,Items,,Hard Stone,57.143
2019-12_gen2ou-0.json,Pupitar,Items,,Leftovers,42.857
2019-12_gen2ou-0.json,Pupitar,Moves,,Rock Slide,100.0
2019-12_gen2ou-0.json,Pupitar,Moves,,Earthquake,100.0
2019-12_gen2ou-0.json,Pupitar,Moves,,Curse,57.143
2019-12_gen2ou-0.json,Pupitar,Moves,,Hidden Power Psychic,57.143
2019-12_gen2ou-0.json,Pupitar,Moves,,Crunch,42.857
2019-12_gen2ou-0.json,Pupitar,Moves,,Outrage,42.857
2019-12_gen2ou-0.json,Togepi,Stats,Raw count,,7
2019-12_gen2ou-0.json,Togepi,Stats,Avg. weight,,1.0
2019-12_gen2ou-0.json,Togepi,Stats,Viability Ceiling,,60
2019-12_gen2ou-0.json,Togepi,Stats,Serious,,100.000
2019-12_gen2ou-0.json,Togepi,Abilities,,No Ability,100.0
2019-12_gen2ou-0.json,Togepi,Items,,Mail,57.143
2019-12_gen2ou-0.json,Togepi,Items,,Leftovers,42.857
2019-12_gen2ou-0.json,Togepi,Moves,,Double-Edge,100.0
2019-12_gen2ou-0.json,Togepi,Moves,,Fire Blast,85.714
2019-12_gen2ou-0.json,Togepi,Moves,,Flamethrower,85.714
2019-12_gen2ou-0.json,Togepi,Moves,,Metronome,57.143
2019-12_gen2ou-0.json,Togepi,Moves,,Psychic,42.857
2019-12_gen2ou-0.json,Togepi,Moves,,Shadow Ball,14.286
2019-12_gen2ou-0.json,Togepi,Moves,,Other,14.286
2019-12_gen2ou-0.json,Squirtle,Stats,Raw count,,7
2019-12_gen2ou-0.json,Squirtle,Stats,Avg. weight,,1.0
2019-12_gen2ou-0.json,Squirtle,Stats,Viability Ceiling,,45
2019-12_gen2ou-0.json,Squirtle,Stats,Serious,,100.000
2019-12_gen2ou-0.json,Squirtle,Abilities,,No Ability,100.0
2019-12_gen2ou-0.json,Squirtle,Items,,Leftovers,42.857
2019-12_gen2ou-0.json,Squirtle,Items,,Black Belt,42.857
2019-12_gen2ou-0.json,Squirtle,Items,,Mystic Water,14.286
2019-12_gen2ou-0.json,Squirtle,Moves,,Ice Beam,85.714
2019-12_gen2ou-0.json,Squirtle,Moves,,Bubble Beam,42.857
2019-12_gen2ou-0.json,Squirtle,Moves,,Nothing,42.857
2019-12_gen2ou-0.json,Squirtle,Moves,,Iron Tail,42.857
2019-12_gen2ou-0.json,Squirtle,Moves,,Hydro Pump,42.857
2019-12_gen2ou-0.json,Squirtle,Moves,,Surf,28.571
2019-12_gen2ou-0.json,Squirtle,Moves,,Hidden Power Dragon,28.571
2019-12_gen2ou-0.json,Squirtle,Moves,,Rapid Spin,14.286
2019-12_gen2ou-0.json,Squirtle,Moves,,Body Slam,14.286
2019-12_gen2ou-0.json,Squirtle,Moves,,Water Gun,14.286
2019-12_gen2ou-0.json,Squirtle,Moves,,Waterfall,14.286
2019-12_gen2ou-0.json,Squirtle,Moves,,Double-Edge,14.286
2019-12_gen2ou-0.json,Squirtle,Moves,,Other,14.286
2019-12_gen2ou-0.json,Gastly,Stats,Raw count,,7
2019-12_gen2ou-0.json,Gastly,Stats,Avg. weight,,1.0
2019-12_gen2ou-0.json,Gastly,Stats,Viability Ceiling,,56
2019-12_gen2ou-0.json,Gastly,Stats,Serious,,14.286
2019-12_gen2ou-0.json,Gastly,Abilities,,No Ability,100.0
2019-12_gen2ou-0.json,Gastly,Items,,Leftovers,100.0
2019-12_gen2ou-0.json,Gastly,Moves,,Protect,57.143
2019-12_gen2ou-0.json,Gastly,Moves,,Mean Look,57.143
2019-12_gen2ou-0.json,Gastly,Moves,,Destiny Bond,57.143
2019-12_gen2ou-0.json,Gastly,Moves,,Perish Song,57.143
2019-12_gen2ou-0.json,Gastly,Moves,,Explosion,28.571
2019-12_gen2ou-0.json,Gastly,Moves,,Psychic,28.571
2019-12_gen2ou-0.json,Gastly,Moves,,Hypnosis,28.571
2019-12_gen2ou-0.json,Gastly,Moves,,Nothing,14.286
2019-12_gen2ou-0.json,Gastly,Moves,,Lick,14.286
2019-12_gen2ou-0.json,Gastly,Moves,,Spite,14.286
2019-12_gen2ou-0.json,Gastly,Moves,,Giga Drain,14.286
2019-12_gen2ou-0.json,Gastly,Moves,,Thunder,14.286
2019-12_gen2ou-0.json,Gastly,Moves,,Other,14.286
2019-12_gen2ou-0.json,Ivysaur,Stats,Raw count,,7
2019-12_gen2ou-0.json,Ivysaur,Stats,Avg. weight,,1.0
2019-12_gen2ou-0.json,Ivysaur,Stats,Viability Ceiling,,52
2019-12_gen2ou-0.json,Ivysaur,Stats,Serious,,100.000
2019-12_gen2ou-0.json,Ivysaur,Abilities,,No Ability,100.0
2019-12_gen2ou-0.json,Ivysaur,Items,,Leftovers,57.143
2019-12_gen2ou-0.json,Ivysaur,Items,,Bright Powder,42.857
2019-12_gen2ou-0.json,Ivysaur,Moves,,Giga Drain,57.143
2019-12_gen2ou-0.json,Ivysaur,Moves,,Hidden Power Ice,42.857
2019-12_gen2ou-0.json,Ivysaur,Moves,,Reflect,42.857
2019-12_gen2ou-0.json,Ivysaur,Moves,,Double-Edge,42.857
2019-12_gen2ou-0.json,Ivysaur,Moves,,Toxic,42.857
2019-12_gen2ou-0.json,Ivysaur,Moves,,Bide,42.857
2019-12_gen2ou-0.json,Ivysaur,Moves,,Light Screen,42.857
2019-12_gen2ou-0.json,Ivysaur,Moves,,Synthesis,42.857
2019-12_gen2ou-0.json,Ivysaur,Moves,,Protect,14.286
2019-12_gen2ou-0.json,Ivysaur,Moves,,Body Slam,14.286
2019-12_gen2ou-0.json,Ivysaur,Moves,,Other,14.286
2019-12_gen2ou-0.json,Pidgey,Stats,Raw count,,7
2019-12_gen2ou-0.json,Pidgey,Stats,Avg. weight,,1.0
2019-12_gen2ou-0.json,Pidgey,Stats,Viability Ceiling,,47
2019-12_gen2ou-0.json,Pidgey,Stats,Serious,,14.286
2019-12_gen2ou-0.json,Pidgey,Abilities,,No Ability,100.0
2019-12_gen2ou-0.json,Pidgey,Items,,Nothing,85.714
2019-12_gen2ou-0.json,Pidgey,Items,,Quick Claw,14.286
2019-12_gen2ou-0.json,Pidgey,Moves,,Nothing,142.857
2019-12_gen2ou-0.json,Pidgey,Moves,,Tackle,71.429
2019-12_gen2ou-0.json,Pidgey,Moves,,Mud-Slap,42.857
2019-12_gen2ou-0.json,Pidgey,Moves,,Fly,28.571
2019-12_gen2ou-0.json,Pidgey,Moves,,Gust,28.571
2019-12_gen2ou-0.json,Pidgey,Moves,,Sand Attack,28.571
2019-12_gen2ou-0.json,Pidgey,Moves,,Sky Attack,14.286
2019-12_gen2ou-0.json,Pidgey,Moves,,Whirlwind,14.286
2019-12_gen2ou-0.json,Pidgey,Moves,,Quick Attack,14.286
2019-12_gen2ou-0.json,Pidgey,Moves,,Other,14.286
2019-12_gen2ou-0.json,Yanma,Stats,Raw count,,6
2019-12_gen2ou-0.json,Yanma,Stats,Avg. weight,,1.0
2019-12_gen2ou-0.json,Yanma,Stats,Viability Ceiling,,49
2019-12_gen2ou-0.json,Yanma,Stats,Serious,,100.000
2019-12_gen2ou-0.json,Yanma,Abilities,,No Ability,100.0
2019-12_gen2ou-0.json,Yanma,Items,,Leftovers,33.333
2019-12_gen2ou-0.json,Yanma,Items,,Nothing,16.667
2019-12_gen2ou-0.json,Yanma,Items,,Scope Lens,16.667
2019-12_gen2ou-0.json,Yanma,Items,,Berserk Gene,16.667
2019-12_gen2ou-0.json,Yanma,Items,,SilverPowder,16.667
2019-12_gen2ou-0.json,Yanma,Moves,,Giga Drain,66.667
2019-12_gen2ou-0.json,Yanma,Moves,,Wing Attack,66.667
2019-12_gen2ou-0.json,Yanma,Moves,,Detect,33.333
2019-12_gen2ou-0.json,Yanma,Moves,,Steel Wing,33.333
2019-12_gen2ou-0.json,Yanma,Moves,,Quick Attack,33.333
2019-12_gen2ou-0.json,Yanma,Moves,,Nothing,16.667
2019-12_gen2ou-0.json,Yanma,Moves,,Supersonic,16.667
2019-12_gen2ou-0.json,Yanma,Moves,,Hidden Power Fighting,16.667
2019-12_gen2ou-0.json,Yanma,Moves,,Sweet Kiss,16.667
2019-12_gen2ou-0.json,Yanma,Moves,,Flash,16.667
2019-12_gen2ou-0.json,Yanma,Moves,,Hidden Power Electric,16.667
2019-12_gen2ou-0.json,Yanma,Moves,,Hidden Power Bug,16.667
2019-12_gen2ou-0.json,Yanma,Moves,,Frustration,16.667
2019-12_gen2ou-0.json,Yanma,Moves,,Toxic,16.667
2019-12_gen2ou-0.json,Yanma,Moves,,Other,16.667
2019-12_gen2ou-0.json,Parasect,Stats,Raw count,,6
2019-12_gen2ou-0.json,Parasect,Stats,Avg. weight,,1.0
2019-12_gen2ou-0.json,Parasect,Stats,Viability Ceiling,,48
2019-12_gen2ou-0.json,Parasect,Stats,Serious,,16.667
2019-12_gen2ou-0.json,Parasect,Abilities,,No Ability,100.0
2019-12_gen2ou-0.json,Parasect,Items,,Leftovers,50.0
2019-12_gen2ou-0.json,Parasect,Items,,Nothing,16.667
2019-12_gen2ou-0.json,Parasect,Items,,Quick Claw,16.667
2019-12_gen2ou-0.json,Parasect,Items,,King's Rock,16.667
2019-12_gen2ou-0.json,Parasect,Moves,,Spore,83.333
2019-12_gen2ou-0.json,Parasect,Moves,,Swords Dance,66.667
2019-12_gen2ou-0.json,Parasect,Moves,,Leech Life,50.0
2019-12_gen2ou-0.json,Parasect,Moves,,Mega Drain,50.0
2019-12_gen2ou-0.json,Parasect,Moves,,Return,33.333
2019-12_gen2ou-0.json,Parasect,Moves,,Sludge Bomb,16.667
2019-12_gen2ou-0.json,Parasect,Moves,,Slash,16.667
2019-12_gen2ou-0.json,Parasect,Moves,,Giga Drain,16.667
2019-12_gen2ou-0.json,Parasect,Moves,,Stun Spore,16.667
2019-12_gen2ou-0.json,Parasect,Moves,,Skull Bash,16.667
2019-12_gen2ou-0.json,Parasect,Moves,,Body Slam,16.667
2019-12_gen2ou-0.json,Parasect,Moves,,Other,16.667
2019-12_gen2ou-0.json,Dunsparce,Stats,Raw count,,6
2019-12_gen2ou-0.json,Dunsparce,Stats,Avg. weight,,1.0
2019-12_gen2ou-0.json,Dunsparce,Stats,Viability Ceiling,,44
2019-12_gen2ou-0.json,Dunsparce,Stats,Serious,,33.333
2019-12_gen2ou-0.json,Dunsparce,Abilities,,No Ability,100.0
2019-12_gen2ou-0.json,Dunsparce,Items,,Leftovers,66.667
2019-12_gen2ou-0.json,Dunsparce,Items,,PSN Cure Berry,33.333
2019-12_gen2ou-0.json,Dunsparce,Moves,,Glare,83.333
2019-12_gen2ou-0.json,Dunsparce,Moves,,Flamethrower,50.0
2019-12_gen2ou-0.json,Dunsparce,Moves,,Spite,33.333
2019-12_gen2ou-0.json,Dunsparce,Moves,,Rage,33.333
2019-12_gen2ou-0.json,Dunsparce,Moves,,Thunderbolt,33.333
2019-12_gen2ou-0.json,Dunsparce,Moves,,Pursuit,33.333
2019-12_gen2ou-0.json,Dunsparce,Moves,,Defense Curl,33.333
2019-12_gen2ou-0.json,Dunsparce,Moves,,Rock Slide,16.667
2019-12_gen2ou-0.json,Dunsparce,Moves,,Strength,16.667
2019-12_gen2ou-0.json,Dunsparce,Moves,,Dig,16.667
2019-12_gen2ou-0.json,Dunsparce,Moves,,Return,16.667
2019-12_gen2ou-0.json,Dunsparce,Moves,,Toxic,16.667
2019-12_gen2ou-0.json,Dunsparce,Moves,,Other,16.667
2019-12_gen2ou-0.json,Rhyhorn,Stats,Raw count,,5
2019-12_gen2ou-0.json,Rhyhorn,Stats,Avg. weight,,1.0
2019-12_gen2ou-0.json,Rhyhorn,Stats,Viability Ceiling,,45
2019-12_gen2ou-0.json,Rhyhorn,Stats,Serious,,20.000
2019-12_gen2ou-0.json,Rhyhorn,Abilities,,No Ability,100.0
2019-12_gen2ou-0.json,Rhyhorn,Items,,Leftovers,60.0
2019-12_gen2ou-0.json,Rhyhorn,Items,,Nothing,20.0
2019-12_gen2ou-0.json,Rhyhorn,Items,,Lucky Punch,20.0
2019-12_gen2ou-0.json,Rhyhorn,Moves,,Earthquake,100.0
2019-12_gen2ou-0.json,Rhyhorn,Moves,,Crunch,80.0
2019-12_gen2ou-0.json,Rhyhorn,Moves,,Curse,60.0
2019-12_gen2ou-0.json,Rhyhorn,Moves,,Reversal,60.0
2019-12_gen2ou-0.json,Rhyhorn,Moves,,Thunderbolt,20.0
2019-12_gen2ou-0.json,Rhyhorn,Moves,,Hidden Power Fighting,20.0
2019-12_gen2ou-0.json,Rhyhorn,Moves,,Scary Face,20.0
2019-12_gen2ou-0.json,Rhyhorn,Moves,,Horn Attack,20.0
2019-12_gen2ou-0.json,Rhyhorn,Moves,,Other,20.0
2019-12_gen2ou-0.json,Cubone,Stats,Raw count,,5
2019-12_gen2ou-0.json,Cubone,Stats,Avg. weight,,1.0
2019-12_gen2ou-0.json,Cubone,Stats,Viability Ceiling,,45
2019-12_gen2ou-0.json,Cubone,Stats,Serious,,100.000
2019-12_gen2ou-0.json,Cubone,Abilities,,No Ability,100.0
2019-12_gen2ou-0.json,Cubone,Items,,Thick Club,80.0
2019-12_gen2ou-0.json,Cubone,Items,,Leftovers,20.0
2019-12_gen2ou-0.json,Cubone,Moves,,Earthquake,100.0
2019-12_gen2ou-0.json,Cubone,Moves,,Detect,60.0
2019-12_gen2ou-0.json,Cubone,Moves,,Fire Punch,60.0
2019-12_gen2ou-0.json,Cubone,Moves,,Double-Edge,60.0
2019-12_gen2ou-0.json,Cubone,Moves,,Rock Slide,20.0
2019-12_gen2ou-0.json,Cubone,Moves,,Dig,20.0
2019-12_gen2ou-0.json,Cubone,Moves,,Body Slam,20.0
2019-12_gen2ou-0.json,Cubone,Moves,,Ice Beam,20.0
2019-12_gen2ou-0.json,Cubone,Moves,,Fire Blast,20.0
2019-12_gen2ou-0.json,Cubone,Moves,,Other,20.0
2019-12_gen2ou-0.json,Phanpy,Stats,Raw count,,5
2019-12_gen2ou-0.json,Phanpy,Stats,Avg. weight,,1.0
2019-12_gen2ou-0.json,Phanpy,Stats,Viability Ceiling,,55
2019-12_gen2ou-0.json,Phanpy,Stats,Serious,,20.000
2019-12_gen2ou-0.json,Phanpy,Abilities,,No Ability,100.0
2019-12_gen2ou-0.json,Phanpy,Items,,Black Glasses,60.0
2019-12_gen2ou-0.json,Phanpy,Items,,Leftovers,20.0
2019-12_gen2ou-0.json,Phanpy,Items,,Hard Stone,20.0
2019-12_gen2ou-0.json,Phanpy,Moves,,Earthquake,100.0
2019-12_gen2ou-0.json,Phanpy,Moves,,Body Slam,80.0
2019-12_gen2ou-0.json,Phanpy,Moves,,Hidden Power Fire,60.0
2019-12_gen2ou-0.json,Phanpy,Moves,,Defense Curl,60.0
2019-12_gen2ou-0.json,Phanpy,Moves,,Headbutt,20.0
2019-12_gen2ou-0.json,Phanpy,Moves,,Sandstorm,20.0
2019-12_gen2ou-0.json,Phanpy,Moves,,Double-Edge,20.0
2019-12_gen2ou-0.json,Phanpy,Moves,,Hidden Power Ghost,20.0
2019-12_gen2ou-0.json,Phanpy,Moves,,Other,20.0
2019-12_gen2ou-0.json,Houndour,Stats,Raw count,,5
2019-12_gen2ou-0.json,Houndour,Stats,Avg. weight,,1.0
2019-12_gen2ou-0.json,Houndour,Stats,Viability Ceiling,,45
2019-12_gen2ou-0.json,Houndour,Stats,Serious,,100.000
2019-12_gen2ou-0.json,Houndour,Abilities,,No Ability,100.0
2019-12_gen2ou-0.json,Houndour,Items,,Black Glasses,60.0
2019-12_gen2ou-0.json,Houndour,Items,,Leftovers,40.0
2019-12_gen2ou-0.json,Houndour,Moves,,Fire Blast,100.0
2019-12_gen2ou-0.json,Houndour,Moves,,Sludge Bomb,80.0
2019-12_gen2ou-0.json,Houndour,Moves,,Crunch,80.0
2019-12_gen2ou-0.json,Houndour,Moves,,Shadow Ball,60.0
2019-12_gen2ou-0.json,Houndour,Moves,,Hidden Power Electric,40.0
2019-12_gen2ou-0.json,Houndour,Moves,,Toxic,20.0
2019-12_gen2ou-0.json,Houndour,Moves,,Other,20.0
2019-12_gen2ou-0.json,Bellsprout,Stats,Raw count,,5
2019-12_gen2ou-0.json,Bellsprout,Stats,Avg. weight,,1.0
2019-12_gen2ou-0.json,Bellsprout,Stats,Viability Ceiling,,44
2019-12_gen2ou-0.json,Bellsprout,Stats,Serious,,40.000
2019-12_gen2ou-0.json,Bellsprout,Abilities,,No Ability,100.0
2019-12_gen2ou-0.json,Bellsprout,Items,,Miracle Seed,40.0
2019-12_gen2ou-0.json,Bellsprout,Items,,Berry Juice,40.0
2019-12_gen2ou-0.json,Bellsprout,Items,,Bright Powder,20.0
2019-12_gen2ou-0.json,Bellsprout,Moves,,Nothing,80.0
2019-12_gen2ou-0.json,Bellsprout,Moves,,Vine Whip,60.0
2019-12_gen2ou-0.json,Bellsprout,Moves,,Wrap,60.0
2019-12_gen2ou-0.json,Bellsprout,Moves,,Sludge Bomb,40.0
2019-12_gen2ou-0.json,Bellsprout,Moves,,Giga Drain,40.0
2019-12_gen2ou-0.json,Bellsprout,Moves,,Growth,40.0
2019-12_gen2ou-0.json,Bellsprout,Moves,,Sleep Powder,40.0
2019-12_gen2ou-0.json,Bellsprout,Moves,,Synthesis,40.0
2019-12_gen2ou-0.json,Meowth,Stats,Raw count,,5
2019-12_gen2ou-0.json,Meowth,Stats,Avg. weight,,1.0
2019-12_gen2ou-0.json,Meowth,Stats,Viability Ceiling,,60
2019-12_gen2ou-0.json,Meowth,Stats,Serious,,40.000
2019-12_gen2ou-0.json,Meowth,Abilities,,No Ability,100.0
2019-12_gen2ou-0.json,Meowth,Items,,Nothing,60.0
2019-12_gen2ou-0.json,Meowth,Items,,Leftovers,40.0
2019-12_gen2ou-0.json,Meowth,Moves,,Scratch,60.0
2019-12_gen2ou-0.json,Meowth,Moves,,Bite,60.0
2019-12_gen2ou-0.json,Meowth,Moves,,Thunderbolt,40.0
2019-12_gen2ou-0.json,Meowth,Moves,,Pay Day,40.0
2019-12_gen2ou-0.json,Meowth,Moves,,Body Slam,40.0
2019-12_gen2ou-0.json,Meowth,Moves,,Feint Attack,40.0
2019-12_gen2ou-0.json,Meowth,Moves,,Double-Edge,40.0
2019-12_gen2ou-0.json,Meowth,Moves,,Shadow Ball,40.0
2019-12_gen2ou-0.json,Meowth,Moves,,Nothing,20.0
2019-12_gen2ou-0.json,Meowth,Moves,,Fury Swipes,20.0
2019-12_gen2ou-0.json,Nidorina,Stats,Raw count,,4
2019-12_gen2ou-0.json,Nidorina,Stats,Avg. weight,,1.0
2019-12_gen2ou-0.json,Nidorina,Stats,Viability Ceiling,,48
2019-12_gen2ou-0.json,Nidorina,Stats,Serious,,100.000
2019-12_gen2ou-0.json,Nidorina,Abilities,,No Ability,100.0
2019-12_gen2ou-0.json,Nidorina,Items,,Leftovers,100.0
2019-12_gen2ou-0.json,Nidorina,Moves,,Sleep Talk,100.0
2019-12_gen2ou-0.json,Nidorina,Moves,,Body Slam,100.0
2019-12_gen2ou-0.json,Nidorina,Moves,,Hidden Power Fire,100.0
2019-12_gen2ou-0.json,Nidorina,Moves,,Rest,100.0
2019-12_gen2ou-0.json,Golbat,Stats,Raw count,,5
2019-12_gen2ou-0.json,Golbat,Stats,Avg. weight,,1.0
2019-12_gen2ou-0.json,Golbat,Stats,Viability Ceiling,,16
2019-12_gen2ou-0.json,Golbat,Stats,Serious,,40.000
2019-12_gen2ou-0.json,Golbat,Abilities,,No Ability,100.0
2019-12_gen2ou-0.json,Golbat,Items,,Leftovers,60.0
2019-12_gen2ou-0.json,Golbat,Items,,Nothing,40.0
2019-12_gen2ou-0.json,Golbat,Moves,,Confuse Ray,100.0
2019-12_gen2ou-0.json,Golbat,Moves,,Wing Attack,60.0
2019-12_gen2ou-0.json,Golbat,Moves,,Bite,60.0
2019-12_gen2ou-0.json,Golbat,Moves,,Leech Life,60.0
2019-12_gen2ou-0.json,Golbat,Moves,,Haze,40.0
2019-12_gen2ou-0.json,Golbat,Moves,,Double-Edge,40.0
2019-12_gen2ou-0.json,Golbat,Moves,,Hyper Beam,40.0
2019-12_gen2ou-0.json,Magnemite,Stats,Raw count,,3
2019-12_gen2ou-0.json,Magnemite,Stats,Avg. weight,,1.0
2019-12_gen2ou-0.json,Magnemite,Stats,Viability Ceiling,,17
2019-12_gen2ou-0.json,Magnemite,Stats,Serious,,100.000
2019-12_gen2ou-0.json,Magnemite,Abilities,,No Ability,100.0
2019-12_gen2ou-0.json,Magnemite,Items,,Leftovers,66.667
2019-12_gen2ou-0.json,Magnemite,Items,,Nothing,33.333
2019-12_gen2ou-0.json,Magnemite,Moves,,Tackle,100.0
2019-12_gen2ou-0.json,Magnemite,Moves,,Sonic Boom,66.667
2019-12_gen2ou-0.json,Magnemite,Moves,,Thunder Shock,66.667
2019-12_gen2ou-0.json,Magnemite,Moves,,Supersonic,33.333
2019-12_gen2ou-0.json,Magnemite,Moves,,Protect,33.333
2019-12_gen2ou-0.json,Magnemite,Moves,,Rage,33.333
2019-12_gen2ou-0.json,Magnemite,Moves,,Thunder Wave,33.333
2019-12_gen2ou-0.json,Magnemite,Moves,,Endure,33.333
2019-12_gen2ou-0.json,Pidgeotto,Stats,Raw count,,3
2019-12_gen2ou-0.json,Pidgeotto,Stats,Avg. weight,,1.0
2019-12_gen2ou-0.json,Pidgeotto,Stats,Viability Ceiling,,44
2019-12_gen2ou-0.json,Pidgeotto,Stats,Serious,,100.000
2019-12_gen2ou-0.json,Pidgeotto,Abilities,,No Ability,100.0
2019-12_gen2ou-0.json,Pidgeotto,Items,,Nothing,100.0
2019-12_gen2ou-0.json,Pidgeotto,Moves,,Tackle,100.0
2019-12_gen2ou-0.json,Pidgeotto,Moves,,Gust,100.0
2019-12_gen2ou-0.json,Pidgeotto,Moves,,Nothing,100.0
2019-12_gen2ou-0.json,Pidgeotto,Moves,,Mud-Slap,100.0
2019-12_gen2ou-0.json,Geodude,Stats,Raw count,,3
2019-12_gen2ou-0.json,Geodude,Stats,Avg. weight,,1.0
2019-12_gen2ou-0.json,Geodude,Stats,Viability Ceiling,,44
2019-12_gen2ou-0.json,Geodude,Stats,Serious,,33.333
2019-12_gen2ou-0.json,Geodude,Abilities,,No Ability,100.0
2019-12_gen2ou-0.json,Geodude,Items,,PSN Cure Berry,66.667
2019-12_gen2ou-0.json,Geodude,Items,,Berserk Gene,33.333
2019-12_gen2ou-0.json,Geodude,Moves,,Magnitude,100.0
2019-12_gen2ou-0.json,Geodude,Moves,,Mud-Slap,66.667
2019-12_gen2ou-0.json,Geodude,Moves,,Tackle,66.667
2019-12_gen2ou-0.json,Geodude,Moves,,Defense Curl,66.667
2019-12_gen2ou-0.json,Geodude,Moves,,Rock Slide,33.333
2019-12_gen2ou-0.json,Geodude,Moves,,Rock Throw,33.333
2019-12_gen2ou-0.json,Geodude,Moves,,Earthquake,33.333
2019-12_gen2ou-0.json,Metapod,Stats,Raw count,,3
2019-12_gen2ou-0.json,Metapod,Stats,Avg. weight,,1.0
2019-12_gen2ou-0.json,Metapod,Stats,Viability Ceiling,,46
2019-12_gen2ou-0.json,Metapod,Stats,Serious,,100.000
2019-12_gen2ou-0.json,Metapod,Abilities,,No Ability,100.0
2019-12_gen2ou-0.json,Metapod,Items,,Nothing,66.667
2019-12_gen2ou-0.json,Metapod,Items,,Leftovers,33.333
2019-12_gen2ou-0.json,Metapod,Moves,,Nothing,166.667
2019-12_gen2ou-0.json,Metapod,Moves,,Harden,100.0
2019-12_gen2ou-0.json,Metapod,Moves,,String Shot,66.667
2019-12_gen2ou-0.json,Metapod,Moves,,Tackle,66.667
2019-12_gen2ou-0.json,Teddiursa,Stats,Raw count,,3
2019-12_gen2ou-0.json,Teddiursa,Stats,Avg. weight,,---
2019-12_gen2ou-0.json,Teddiursa,Stats,Viability Ceiling,,0
2019-12_gen2ou-0.json,Teddiursa,Stats,Serious,,100.000
2019-12_gen2ou-0.json,Teddiursa,Abilities,,No Ability,100.0
2019-12_gen2ou-0.json,Teddiursa,Items,,Nothing,100.0
2019-12_gen2ou-0.json,Teddiursa,Moves,,Rollout,100.0
2019-12_gen2ou-0.json,Teddiursa,Moves,,Ice Punch,100.0
2019-12_gen2ou-0.json,Teddiursa,Moves,,Counter,100.0
2019-12_gen2ou-0.json,Teddiursa,Moves,,Take Down,100.0
2019-12_gen2ou-0.json,Onix,Stats,Raw count,,3
2019-12_gen2ou-0.json,Onix,Stats,Avg. weight,,1.0
2019-12_gen2ou-0.json,Onix,Stats,Viability Ceiling,,54
2019-12_gen2ou-0.json,Onix,Stats,Serious,,33.333
2019-12_gen2ou-0.json,Onix,Abilities,,No Ability,100.0
2019-12_gen2ou-0.json,Onix,Items,,Nothing,100.0
2019-12_gen2ou-0.json,Onix,Moves,,Rock Slide,66.667
2019-12_gen2ou-0.json,Onix,Moves,,Bind,66.667
2019-12_gen2ou-0.json,Onix,Moves,,Sandstorm,66.667
2019-12_gen2ou-0.json,Onix,Moves,,Earthquake,66.667
2019-12_gen2ou-0.json,Onix,Moves,,Nothing,33.333
2019-12_gen2ou-0.json,Onix,Moves,,Body Slam,33.333
2019-12_gen2ou-0.json,Onix,Moves,,Double-Edge,33.333
2019-12_gen2ou-0.json,Onix,Moves,,Bide,33.333
2019-12_gen2ou-0.json,Zubat,Stats,Raw count,,3
2019-12_gen2ou-0.json,Zubat,Stats,Avg. weight,,1.0
2019-12_gen2ou-0.json,Zubat,Stats,Viability Ceiling,,18
2019-12_gen2ou-0.json,Zubat,Stats,Serious,,33.333
2019-12_gen2ou-0.json,Zubat,Abilities,,No Ability,100.0
2019-12_gen2ou-0.json,Zubat,Items,,Leftovers,66.667
2019-12_gen2ou-0.json,Zubat,Items,,Quick Claw,33.333
2019-12_gen2ou-0.json,Zubat,Moves,,Leech Life,100.0
2019-12_gen2ou-0.json,Zubat,Moves,,Supersonic,100.0
2019-12_gen2ou-0.json,Zubat,Moves,,Bite,100.0
2019-12_gen2ou-0.json,Zubat,Moves,,Nothing,66.667
2019-12_gen2ou-0.json,Zubat,Moves,,Confuse Ray,33.333
2019-12_gen2ou-0.json,Charmander,Stats,Raw count,,3
2019-12_gen2ou-0.json,Charmander,Stats,Avg. weight,,1.0
2019-12_gen2ou-0.json,Charmander,Stats,Viability Ceiling,,45
2019-12_gen2ou-0.json,Charmander,Stats,Serious,,100.000
2019-12_gen2ou-0.json,Charmander,Abilities,,No Ability,100.0
2019-12_gen2ou-0.json,Charmander,Items,,Charcoal,100.0
2019-12_gen2ou-0.json,Charmander,Moves,,Hidden Power Electric,100.0
2019-12_gen2ou-0.json,Charmander,Moves,,Fire Punch,100.0
2019-12_gen2ou-0.json,Charmander,Moves,,Substitute,100.0
2019-12_gen2ou-0.json,Charmander,Moves,,Rock Slide,100.0
2019-12_gen2ou-0.json,Pichu,Stats,Raw count,,3
2019-12_gen2ou-0.json,Pichu,Stats,Avg. weight,,1.0
2019-12_gen2ou-0.json,Pichu,Stats,Viability Ceiling,,36
2019-12_gen2ou-0.json,Pichu,Stats,Serious,,100.000
2019-12_gen2ou-0.json,Pichu,Abilities,,No Ability,100.0
2019-12_gen2ou-0.json,Pichu,Items,,Magnet,33.333
2019-12_gen2ou-0.json,Pichu,Items,,Nothing,33.333
2019-12_gen2ou-0.json,Pichu,Items,,Leftovers,33.333
2019-12_gen2ou-0.json,Pichu,Moves,,Nothing,100.0
2019-12_gen2ou-0.json,Pichu,Moves,,Thunderbolt,66.667
2019-12_gen2ou-0.json,Pichu,Moves,,Thunder,66.667
2019-12_gen2ou-0.json,Pichu,Moves,,Thunder Wave,66.667
2019-12_gen2ou-0.json,Pichu,Moves,,Detect,33.333
2019-12_gen2ou-0.json,Pichu,Moves,,Hidden Power Grass,33.333
2019-12_gen2ou-0.json,Pichu,Moves,,Rollout,33.333
2019-12_gen2ou-0.json,Magikarp,Stats,Raw count,,2
2019-12_gen2ou-0.json,Magikarp,Stats,Avg. weight,,---
2019-12_gen2ou-0.json,Magikarp,Stats,Viability Ceiling,,0
2019-12_gen2ou-0.json,Magikarp,Stats,Serious,,100.000
2019-12_gen2ou-0.json,Magikarp,Abilities,,No Ability,100.0
2019-12_gen2ou-0.json,Magikarp,Items,,Leftovers,100.0
2019-12_gen2ou-0.json,Magikarp,Moves,,Tackle,100.0
2019-12_gen2ou-0.json,Magikarp,Moves,,Flail,100.0
2019-12_gen2ou-0.json,Magikarp,Moves,,Splash,100.0
2019-12_gen2ou-0.json,Magikarp,Moves,,Nothing,100.0
2019-12_gen2ou-0.json,Tyrogue,Stats,Raw count,,2
2019-12_gen2ou-0.json,Tyrogue,Stats,Avg. weight,,1.0
2019-12_gen2ou-0.json,Tyrogue,Stats,Viability Ceiling,,36
2019-12_gen2ou-0.json,Tyrogue,Stats,Serious,,100.000
2019-12_gen2ou-0.json,Tyrogue,Abilities,,No Ability,100.0
2019-12_gen2ou-0.json,Tyrogue,Items,,Nothing,50.0
2019-12_gen2ou-0.json,Tyrogue,Items,,Berserk Gene,50.0
2019-12_gen2ou-0.json,Tyrogue,Moves,,Detect,100.0
2019-12_gen2ou-0.json,Tyrogue,Moves,,Protect,50.0
2019-12_gen2ou-0.json,Tyrogue,Moves,,Rage,50.0
2019-12_gen2ou-0.json,Tyrogue,Moves,,Curse,50.0
2019-12_gen2ou-0.json,Tyrogue,Moves,,Mach Punch,50.0
2019-12_gen2ou-0.json,Tyrogue,Moves,,Frustration,50.0
2019-12_gen2ou-0.json,Tyrogue,Moves,,High Jump Kick,50.0
2019-12_gen2ou-0.json,Weepinbell,Stats,Raw count,,2
2019-12_gen2ou-0.json,Weepinbell,Stats,Avg. weight,,1.0
2019-12_gen2ou-0.json,Weepinbell,Stats,Viability Ceiling,,38
2019-12_gen2ou-0.json,Weepinbell,Stats,Serious,,100.000
2019-12_gen2ou-0.json,Weepinbell,Abilities,,No Ability,100.0
2019-12_gen2ou-0.json,Weepinbell,Items,,Nothing,100.0
2019-12_gen2ou-0.json,Weepinbell,Moves,,Toxic,100.0
2019-12_gen2ou-0.json,Weepinbell,Moves,,Solar Beam,100.0
2019-12_gen2ou-0.json,Weepinbell,Moves,,Razor Leaf,100.0
2019-12_gen2ou-0.json,Weepinbell,Moves,,Giga Drain,100.0
2019-12_gen2ou-0.json,Seadra,Stats,Raw count,,2
2019-12_gen2ou-0.json,Seadra,Stats,Avg. weight,,1.0
2019-12_gen2ou-0.json,Seadra,Stats,Viability Ceiling,,34
2019-12_gen2ou-0.json,Seadra,Stats,Serious,,50.000
2019-12_gen2ou-0.json,Seadra,Abilities,,No Ability,100.0
2019-12_gen2ou-0.json,Seadra,Items,,Gold Berry,100.0
2019-12_gen2ou-0.json,Seadra,Moves,,Surf,100.0
2019-12_gen2ou-0.json,Seadra,Moves,,Hydro Pump,100.0
2019-12_gen2ou-0.json,Seadra,Moves,,Dragon Breath,100.0
2019-12_gen2ou-0.json,Seadra,Moves,,Waterfall,100.0
2019-12_gen2ou-0.json,Natu,Stats,Raw count,,2
2019-12_gen2ou-0.json,Natu,Stats,Avg. weight,,---
2019-12_gen2ou-0.json,Natu,Stats,Viability Ceiling,,0
2019-12_gen2ou-0.json,Natu,Stats,Serious,,100.000
2019-12_gen2ou-0.json,Natu,Abilities,,No Ability,100.0
2019-12_gen2ou-0.json,Natu,Items,,Leftovers,100.0
2019-12_gen2ou-0.json,Natu,Moves,,Nothing,100.0
2019-12_gen2ou-0.json,Natu,Moves,,Drill Peck,100.0
2019-12_gen2ou-0.json,Natu,Moves,,Haze,100.0
2019-12_gen2ou-0.json,Natu,Moves,,Giga Drain,100.0
2019-12_gen2ou-0.json,Murkrow,Stats,Raw count,,2
2019-12_gen2ou-0.json,Murkrow,Stats,Avg. weight,,1.0
2019-12_gen2ou-0.json,Murkrow,Stats,Viability Ceiling,,45
2019-12_gen2ou-0.json,Murkrow,Stats,Serious,,100.000
2019-12_gen2ou-0.json,Murkrow,Abilities,,No Ability,100.0
2019-12_gen2ou-0.json,Murkrow,Items,,Leftovers,100.0
2019-12_gen2ou-0.json,Murkrow,Moves,,Feint Attack,100.0
2019-12_gen2ou-0.json,Murkrow,Moves,,Protect,50.0
2019-12_gen2ou-0.json,Murkrow,Moves,,Night Shade,50.0
2019-12_gen2ou-0.json,Murkrow,Moves,,Drill Peck,50.0
2019-12_gen2ou-0.json,Murkrow,Moves,,Thief,50.0
2019-12_gen2ou-0.json,Murkrow,Moves,,Sky Attack,50.0
2019-12_gen2ou-0.json,Murkrow,Moves,,Pursuit,50.0
2019-12_gen2ou-0.json,Elekid,Stats,Raw count,,2
2019-12_gen2ou-0.json,Elekid,Stats,Avg. weight,,1.0
2019-12_gen2ou-0.json,Elekid,Stats,Viability Ceiling,,44
2019-12_gen2ou-0.json,Elekid,Stats,Serious,,100.000
2019-12_gen2ou-0.json,Elekid,Abilities,,No Ability,100.0
2019-12_gen2ou-0.json,Elekid,Items,,Leftovers,50.0
2019-12_gen2ou-0.json,Elekid,Items,,Gold Berry,50.0
2019-12_gen2ou-0.json,Elekid,Moves,,Cross Chop,100.0
2019-12_gen2ou-0.json,Elekid,Moves,,Thunder Punch,50.0
2019-12_gen2ou-0.json,Elekid,Moves,,Return,50.0
2019-12_gen2ou-0.json,Elekid,Moves,,Thunder,50.0
2019-12_gen2ou-0.json,Elekid,Moves,,Psychic,50.0
2019-12_gen2ou-0.json,Elekid,Moves,,Thunderbolt,50.0
2019-12_gen2ou-0.json,Elekid,Moves,,Quick Attack,50.0
2019-12_gen2ou-0.json,Grimer,Stats,Raw count,,1
2019-12_gen2ou-0.json,Grimer,Stats,Avg. weight,,---
2019-12_gen2ou-0.json,Grimer,Stats,Viability Ceiling,,0
2019-12_gen2ou-0.json,Grimer,Stats,Serious,,100.000
2019-12_gen2ou-0.json,Grimer,Abilities,,No Ability,100.0
2019-12_gen2ou-0.json,Grimer,Items,,Quick Claw,100.0
2019-12_gen2ou-0.json,Grimer,Moves,,Sludge Bomb,100.0
2019-12_gen2ou-0.json,Grimer,Moves,,Thunderbolt,100.0
2019-12_gen2ou-0.json,Grimer,Moves,,Protect,100.0
2019-12_gen2ou-0.json,Grimer,Moves,,Explosion,100.0
2019-12_gen2ou-0.json,Growlithe,Stats,Raw count,,1
2019-12_gen2ou-0.json,Growlithe,Stats,Avg. weight,,---
2019-12_gen2ou-0.json,Growlithe,Stats,Viability Ceiling,,0
2019-12_gen2ou-0.json,Growlithe,Stats,Serious,,100.000
2019-12_gen2ou-0.json,Growlithe,Abilities,,No Ability,100.0
2019-12_gen2ou-0.json,Growlithe,Items,,Leftovers,100.0
2019-12_gen2ou-0.json,Growlithe,Moves,,Toxic,100.0
2019-12_gen2ou-0.json,Growlithe,Moves,,Rest,100.0
2019-12_gen2ou-0.json,Growlithe,Moves,,Double-Edge,100.0
2019-12_gen2ou-0.json,Growlithe,Moves,,Flamethrower,100.0
2019-12_gen2ou-0.json,Omanyte,Stats,Raw count,,1
2019-12_gen2ou-0.json,Omanyte,Stats,Avg. weight,,1.0
2019-12_gen2ou-0.json,Omanyte,Stats,Viability Ceiling,,47
2019-12_gen2ou-0.json,Omanyte,Stats,Serious,,100.000
2019-12_gen2ou-0.json,Omanyte,Abilities,,No Ability,100.0
2019-12_gen2ou-0.json,Omanyte,Items,,Nothing,100.0
2019-12_gen2ou-0.json,Omanyte,Moves,,Surf,100.0
2019-12_gen2ou-0.json,Omanyte,Moves,,Water Gun,100.0
2019-12_gen2ou-0.json,Omanyte,Moves,,Withdraw,100.0
2019-12_gen2ou-0.json,Omanyte,Moves,,Horn Attack,100.0
2019-12_gen2ou-0.json,Koffing,Stats,Raw count,,1
2019-12_gen2ou-0.json,Koffing,Stats,Avg. weight,,---
2019-12_gen2ou-0.json,Koffing,Stats,Viability Ceiling,,0
2019-12_gen2ou-0.json,Koffing,Stats,Serious,,100.000
2019-12_gen2ou-0.json,Koffing,Abilities,,No Ability,100.0
2019-12_gen2ou-0.json,Koffing,Items,,Nothing,100.0
2019-12_gen2ou-0.json,Koffing,Moves,,Haze,100.0
2019-12_gen2ou-0.json,Koffing,Moves,,Fire Blast,100.0
2019-12_gen2ou-0.json,Koffing,Moves,,Curse,100.0
2019-12_gen2ou-0.json,Koffing,Moves,,Endure,100.0
2019-12_gen2ou-0.json,Psyduck,Stats,Raw count,,1
2019-12_gen2ou-0.json,Psyduck,Stats,Avg. weight,,1.0
2019-12_gen2ou-0.json,Psyduck,Stats,Viability Ceiling,,48
2019-12_gen2ou-0.json,Psyduck,Stats,Serious,,100.000
2019-12_gen2ou-0.json,Psyduck,Abilities,,No Ability,100.0
2019-12_gen2ou-0.json,Psyduck,Items,,Nothing,100.0
2019-12_gen2ou-0.json,Psyduck,Moves,,Mega Kick,100.0
2019-12_gen2ou-0.json,Psyduck,Moves,,Hydro Pump,100.0
2019-12_gen2ou-0.json,Psyduck,Moves,,Amnesia,100.0
2019-12_gen2ou-0.json,Psyduck,Moves,,Blizzard,100.0
2019-12_gen2ou-0.json,Charmeleon,Stats,Raw count,,1
2019-12_gen2ou-0.json,Charmeleon,Stats,Avg. weight,,---
2019-12_gen2ou-0.json,Charmeleon,Stats,Viability Ceiling,,0
2019-12_gen2ou-0.json,Charmeleon,Stats,Serious,,100.000
2019-12_gen2ou-0.json,Charmeleon,Abilities,,No Ability,100.0
2019-12_gen2ou-0.json,Charmeleon,Items,,Leftovers,100.0
2019-12_gen2ou-0.json,Charmeleon,Moves,,Reflect,100.0
2019-12_gen2ou-0.json,Charmeleon,Moves,,Protect,100.0
2019-12_gen2ou-0.json,Charmeleon,Moves,,Seismic Toss,100.0
2019-12_gen2ou-0.json,Charmeleon,Moves,,Fire Punch,100.0
2019-12_gen2ou-0.json,Marill,Stats,Raw count,,2
2019-12_gen2ou-0.json,Marill,Stats,Avg. weight,,---
2019-12_gen2ou-0.json,Marill,Stats,Viability Ceiling,,0
2019-12_gen2ou-0.json,Marill,Stats,Serious,,100.000
2019-12_gen2ou-0.json,Marill,Abilities,,No Ability,100.0
2019-12_gen2ou-0.json,Marill,Items,,Nothing,100.0
2019-12_gen2ou-0.json,Marill,Moves,,Surf,100.0
2019-12_gen2ou-0.json,Marill,Moves,,Water Gun,100.0
2019-12_gen2ou-0.json,Marill,Moves,,Ice Beam,100.0
2019-12_gen2ou-0.json,Marill,Moves,,Hydro Pump,100.0
2019-12_gen2ou-0.json,Abra,Stats,Raw count,,1
2019-12_gen2ou-0.json,Abra,Stats,Avg. weight,,---
2019-12_gen2ou-0.json,Abra,Stats,Viability Ceiling,,0
2019-12_gen2ou-0.json,Abra,Stats,Serious,,100.000
2019-12_gen2ou-0.json,Abra,Abilities,,No Ability,100.0
2019-12_gen2ou-0.json,Abra,Items,,Leftovers,100.0
2019-12_gen2ou-0.json,Abra,Moves,,Toxic,100.0
2019-12_gen2ou-0.json,Abra,Moves,,Shadow Ball,100.0
2019-12_gen2ou-0.json,Abra,Moves,,Psychic,100.0
2019-12_gen2ou-0.json,Abra,Moves,,Sleep Talk,100.0
2019-12_gen2ou-0.json,Skiploom,Stats,Raw count,,1
2019-12_gen2ou-0.json,Skiploom,Stats,Avg. weight,,1.0
2019-12_gen2ou-0.json,Skiploom,Stats,Viability Ceiling,,55
2019-12_gen2ou-0.json,Skiploom,Stats,Serious,,100.000
2019-12_gen2ou-0.json,Skiploom,Abilities,,No Ability,100.0
2019-12_gen2ou-0.json,Skiploom,Items,,Leftovers,100.0
2019-12_gen2ou-0.json,Skiploom,Moves,,Toxic,100.0
2019-12_gen2ou-0.json,Skiploom,Moves,,Synthesis,100.0
2019-12_gen2ou-0.json,Skiploom,Moves,,Sleep Powder,100.0
2019-12_gen2ou-0.json,Skiploom,Moves,,Giga Drain,100.0
2019-12_gen2ou-0.json,Spearow,Stats,Raw count,,1
2019-12_gen2ou-0.json,Spearow,Stats,Avg. weight,,1.0
2019-12_gen2ou-0.json,Spearow,Stats,Viability Ceiling,,45
2019-12_gen2ou-0.json,Spearow,Stats,Serious,,100.000
2019-12_gen2ou-0.json,Spearow,Abilities,,No Ability,100.0
2019-12_gen2ou-0.json,Spearow,Items,,Nothing,100.0
2019-12_gen2ou-0.json,Spearow,Moves,,Drill Peck,100.0
2019-12_gen2ou-0.json,Spearow,Moves,,Rest,100.0
2019-12_gen2ou-0.json,Spearow,Moves,,Double-Edge,100.0
2019-12_gen2ou-0.json,Spearow,Moves,,Sky Attack,100.0
2019-12_gen2ou-0.json,Smoochum,Stats,Raw count,,1
2019-12_gen2ou-0.json,Smoochum,Stats,Avg. weight,,1.0
2019-12_gen2ou-0.json,Smoochum,Stats,Viability Ceiling,,36
2019-12_gen2ou-0.json,Smoochum,Stats,Serious,,100.000
2019-12_gen2ou-0.json,Smoochum,Abilities,,No Ability,100.0
2019-12_gen2ou-0.json,Smoochum,Items,,Leftovers,100.0
2019-12_gen2ou-0.json,Smoochum,Moves,,Psychic,100.0
2019-12_gen2ou-0.json,Smoochum,Moves,,Ice Punch,100.0
2019-12_gen2ou-0.json,Smoochum,Moves,,Hidden Power Fire,100.0
2019-12_gen2ou-0.json,Smoochum,Moves,,Ice Beam,100.0
2019-12_gen2ou-0.json,Sandshrew,Stats,Raw count,,1
2019-12_gen2ou-0.json,Sandshrew,Stats,Avg. weight,,1.0
2019-12_gen2ou-0.json,Sandshrew,Stats,Viability Ceiling,,47
2019-12_gen2ou-0.json,Sandshrew,Stats,Serious,,100.000
2019-12_gen2ou-0.json,Sandshrew,Abilities,,No Ability,100.0
2019-12_gen2ou-0.json,Sandshrew,Items,,Leftovers,100.0
2019-12_gen2ou-0.json,Sandshrew,Moves,,Swords Dance,100.0
2019-12_gen2ou-0.json,Sandshrew,Moves,,Seismic Toss,100.0
2019-12_gen2ou-0.json,Sandshrew,Moves,,Earthquake,100.0
2019-12_gen2ou-0.json,Sandshrew,Moves,,Substitute,100.0
2019-12_gen2ou-0.json,Porygon,Stats,Raw count,,1
2019-12_gen2ou-0.json,Porygon,Stats,Avg. weight,,1.0
2019-12_gen2ou-0.json,Porygon,Stats,Viability Ceiling,,45
2019-12_gen2ou-0.json,Porygon,Stats,Serious,,100.000
2019-12_gen2ou-0.json,Porygon,Abilities,,No Ability,100.0
2019-12_gen2ou-0.json,Porygon,Items,,Up-Grade,100.0
2019-12_gen2ou-0.json,Porygon,Moves,,Psychic,100.0
2019-12_gen2ou-0.json,Porygon,Moves,,Ice Beam,100.0
2019-12_gen2ou-0.json,Porygon,Moves,,Recover,100.0
2019-12_gen2ou-0.json,Porygon,Moves,,Hidden Power Grass,100.0
2019-12_gen2ou-0.json,Magby,Stats,Raw count,,1
2019-12_gen2ou-0.json,Magby,Stats,Avg. weight,,1.0
2019-12_gen2ou-0.json,Magby,Stats,Viability Ceiling,,36
2019-12_gen2ou-0.json,Magby,Stats,Serious,,100.000
2019-12_gen2ou-0.json,Magby,Abilities,,No Ability,100.0
2019-12_gen2ou-0.json,Magby,Items,,Charcoal,100.0
2019-12_gen2ou-0.json,Magby,Moves,,Fire Blast,100.0
2019-12_gen2ou-0.json,Magby,Moves,,Fire Punch,100.0
2019-12_gen2ou-0.json,Magby,Moves,,Flamethrower,100.0
2019-12_gen2ou-0.json,Magby,Moves,,Hidden Power Grass,100.0
2019-12_gen2ou-0.json,Weedle,Stats,Raw count,,1
2019-12_gen2ou-0.json,Weedle,Stats,Avg. weight,,1.0
2019-12_gen2ou-0.json,Weedle,Stats,Viability Ceiling,,42
2019-12_gen2ou-0.json,Weedle,Stats,Serious,,100.000
2019-12_gen2ou-0.json,Weedle,Abilities,,No Ability,100.0
2019-12_gen2ou-0.json,Weedle,Items,,Leftovers,100.0
2019-12_gen2ou-0.json,Weedle,Moves,,Nothing,200.0
2019-12_gen2ou-0.json,Weedle,Moves,,Poison Sting,100.0
2019-12_gen2ou-0.json,Weedle,Moves,,String Shot,100.0
2019-12_gen2ou-0.json,Machop,Stats,Raw count,,1
2019-12_gen2ou-0.json,Machop,Stats,Avg. weight,,---
2019-12_gen2ou-0.json,Machop,Stats,Viability Ceiling,,0
2019-12_gen2ou-0.json,Machop,Stats,Serious,,100.000
2019-12_gen2ou-0.json,Machop,Abilities,,No Ability,100.0
2019-12_gen2ou-0.json,Machop,Items,,Leftovers,100.0
2019-12_gen2ou-0.json,Machop,Moves,,Seismic Toss,100.0
2019-12_gen2ou-0.json,Machop,Moves,,Low Kick,100.0
2019-12_gen2ou-0.json,Machop,Moves,,Cross Chop,100.0
2019-12_gen2ou-0.json,Machop,Moves,,Hidden Power Fighting,100.0
2019-12_gen2ou-0.json,Kakuna,Stats,Raw count,,1
2019-12_gen2ou-0.json,Kakuna,Stats,Avg. weight,,1.0
2019-12_gen2ou-0.json,Kakuna,Stats,Viability Ceiling,,46
2019-12_gen2ou-0.json,Kakuna,Stats,Serious,,100.000
2019-12_gen2ou-0.json,Kakuna,Abilities,,No Ability,100.0
2019-12_gen2ou-0.json,Kakuna,Items,,Nothing,100.0
2019-12_gen2ou-0.json,Kakuna,Moves,,Nothing,200.0
2019-12_gen2ou-0.json,Kakuna,Moves,,Poison Sting,100.0
2019-12_gen2ou-0.json,Kakuna,Moves,,String Shot,100.0
2019-12_gen2ou-0.json,Sentret,Stats,Raw count,,1
2019-12_gen2ou-0.json,Sentret,Stats,Avg. weight,,---
2019-12_gen2ou-0.json,Sentret,Stats,Viability Ceiling,,0
2019-12_gen2ou-0.json,Sentret,Stats,Serious,,100.000
2019-12_gen2ou-0.json,Sentret,Abilities,,No Ability,100.0
2019-12_gen2ou-0.json,Sentret,Items,,Nothing,100.0
2019-12_gen2ou-0.json,Sentret,Moves,,Nothing,200.0
2019-12_gen2ou-0.json,Sentret,Moves,,Tackle,100.0
2019-12_gen2ou-0.json,Sentret,Moves,,Defense Curl,100.0
2019-12_gen2ou-0.json,Flaaffy,Stats,Raw count,,2
2019-12_gen2ou-0.json,Flaaffy,Stats,Avg. weight,,1.0
2019-12_gen2ou-0.json,Flaaffy,Stats,Viability Ceiling,,55
2019-12_gen2ou-0.json,Flaaffy,Stats,Serious,,100.000
2019-12_gen2ou-0.json,Flaaffy,Abilities,,No Ability,100.0
2019-12_gen2ou-0.json,Flaaffy,Items,,Magnet,100.0
2019-12_gen2ou-0.json,Flaaffy,Moves,,Toxic,100.0
2019-12_gen2ou-0.json,Flaaffy,Moves,,Light Screen,100.0
2019-12_gen2ou-0.json,Flaaffy,Moves,,Thunderbolt,100.0
2019-12_gen2ou-0.json,Flaaffy,Moves,,Fire Punch,100.0
2019-12_gen2ou-0.json,Staryu,Stats,Raw count,,1
2019-12_gen2ou-0.json,Staryu,Stats,Avg. weight,,1.0
2019-12_gen2ou-0.json,Staryu,Stats,Viability Ceiling,,47
2019-12_gen2ou-0.json,Staryu,Stats,Serious,,100.000
2019-12_gen2ou-0.json,Staryu,Abilities,,No Ability,100.0
2019-12_gen2ou-0.json,Staryu,Items,,Water Stone,100.0
2019-12_gen2ou-0.json,Staryu,Moves,,Surf,100.0
2019-12_gen2ou-0.json,Staryu,Moves,,Hydro Pump,100.0
2019-12_gen2ou-0.json,Staryu,Moves,,Psychic,100.0
2019-12_gen2ou-0.json,Staryu,Moves,,Hidden Power Fighting,100.0
2019-12_gen2ou-0.json,Clefairy,Stats,Raw count,,1
2019-12_gen2ou-0.json,Clefairy,Stats,Avg. weight,,1.0
2019-12_gen2ou-0.json,Clefairy,Stats,Viability Ceiling,,45
2019-12_gen2ou-0.json,Clefairy,Stats,Serious,,100.000
2019-12_gen2ou-0.json,Clefairy,Abilities,,No Ability,100.0
2019-12_gen2ou-0.json,Clefairy,Items,,Leftovers,100.0
2019-12_gen2ou-0.json,Clefairy,Moves,,Protect,100.0
2019-12_gen2ou-0.json,Clefairy,Moves,,Body Slam,100.0
2019-12_gen2ou-0.json,Clefairy,Moves,,Metronome,100.0
2019-12_gen2ou-0.json,Clefairy,Moves,,Mega Punch,100.0
2019-12_gen2ou-0.json,Ponyta,Stats,Raw count,,1
2019-12_gen2ou-0.json,Ponyta,Stats,Avg. weight,,1.0
2019-12_gen2ou-0.json,Ponyta,Stats,Viability Ceiling,,45
2019-12_gen2ou-0.json,Ponyta,Stats,Serious,,100.000
2019-12_gen2ou-0.json,Ponyta,Abilities,,No Ability,100.0
2019-12_gen2ou-0.json,Ponyta,Items,,Magnet,100.0
2019-12_gen2ou-0.json,Ponyta,Moves,,Hidden Power Electric,100.0
2019-12_gen2ou-0.json,Ponyta,Moves,,Fire Blast,100.0
2019-12_gen2ou-0.json,Ponyta,Moves,,Headbutt,100.0
2019-12_gen2ou-0.json,Ponyta,Moves,,Double Kick,100.0
2019-12_gen2ou-0.json,Ledyba,Stats,Raw count,,2
2019-12_gen2ou-0.json,Ledyba,Stats,Avg. weight,,1.0
2019-12_gen2ou-0.json,Ledyba,Stats,Viability Ceiling,,60
2019-12_gen2ou-0.json,Ledyba,Stats,Serious,,100.000
2019-12_gen2ou-0.json,Ledyba,Abilities,,No Ability,100.0
2019-12_gen2ou-0.json,Ledyba,Items,,Leftovers,100.0
2019-12_gen2ou-0.json,Ledyba,Moves,,Ice Punch,100.0
2019-12_gen2ou-0.json,Ledyba,Moves,,Hidden Power Fire,100.0
2019-12_gen2ou-0.json,Ledyba,Moves,,Thunder Punch,100.0
2019-12_gen2ou-0.json,Ledyba,Moves,,Double-Edge,100.0
